ISO-10303-21;
HEADER;
FILE_DESCRIPTION((''),'2;1');
FILE_NAME('RYZ0010A_ASM','2021-06-03T15:40:38',('a0414801'),(''),
'CREO PARAMETRIC BY PTC INC, 2018500','CREO PARAMETRIC BY PTC INC, 2018500','');
FILE_SCHEMA(('AUTOMOTIVE_DESIGN { 1 0 10303 214 1 1 1 1 }'));
ENDSEC;
DATA;
#29=DIRECTION('',(1.E0,0.E0,0.E0));
#30=VECTOR('',#29,2.5E-1);
#31=CARTESIAN_POINT('',(-1.25E-1,0.E0,-1.E0));
#32=LINE('',#31,#30);
#33=DRAUGHTING_PRE_DEFINED_CURVE_FONT('continuous');
#34=CURVE_STYLE('',#33,POSITIVE_LENGTH_MEASURE(2.E-2),#22);
#35=PRESENTATION_STYLE_ASSIGNMENT((#34));
#36=STYLED_ITEM('',(#35),#32);
#37=DIRECTION('',(0.E0,0.E0,1.E0));
#38=VECTOR('',#37,3.75E-1);
#39=CARTESIAN_POINT('',(-1.25E-1,0.E0,-1.E0));
#40=LINE('',#39,#38);
#41=CURVE_STYLE('',#33,POSITIVE_LENGTH_MEASURE(2.E-2),#22);
#42=PRESENTATION_STYLE_ASSIGNMENT((#41));
#43=STYLED_ITEM('',(#42),#40);
#44=DIRECTION('',(1.E0,0.E0,0.E0));
#45=VECTOR('',#44,2.5E-1);
#46=CARTESIAN_POINT('',(-1.25E-1,0.E0,-6.25E-1));
#47=LINE('',#46,#45);
#48=CURVE_STYLE('',#33,POSITIVE_LENGTH_MEASURE(2.E-2),#22);
#49=PRESENTATION_STYLE_ASSIGNMENT((#48));
#50=STYLED_ITEM('',(#49),#47);
#51=DIRECTION('',(0.E0,0.E0,-1.E0));
#52=VECTOR('',#51,3.75E-1);
#53=CARTESIAN_POINT('',(1.25E-1,0.E0,-6.25E-1));
#54=LINE('',#53,#52);
#55=CURVE_STYLE('',#33,POSITIVE_LENGTH_MEASURE(2.E-2),#22);
#56=PRESENTATION_STYLE_ASSIGNMENT((#55));
#57=STYLED_ITEM('',(#56),#54);
#58=DIRECTION('',(0.E0,1.E0,0.E0));
#59=VECTOR('',#58,1.2E-1);
#60=CARTESIAN_POINT('',(1.25E-1,0.E0,-1.E0));
#61=LINE('',#60,#59);
#62=CURVE_STYLE('',#33,POSITIVE_LENGTH_MEASURE(2.E-2),#22);
#63=PRESENTATION_STYLE_ASSIGNMENT((#62));
#64=STYLED_ITEM('',(#63),#61);
#65=DIRECTION('',(0.E0,1.E0,0.E0));
#66=VECTOR('',#65,1.2E-1);
#67=CARTESIAN_POINT('',(1.25E-1,0.E0,-6.25E-1));
#68=LINE('',#67,#66);
#69=CURVE_STYLE('',#33,POSITIVE_LENGTH_MEASURE(2.E-2),#22);
#70=PRESENTATION_STYLE_ASSIGNMENT((#69));
#71=STYLED_ITEM('',(#70),#68);
#72=DIRECTION('',(0.E0,1.E0,0.E0));
#73=VECTOR('',#72,1.2E-1);
#74=CARTESIAN_POINT('',(-1.25E-1,0.E0,-6.25E-1));
#75=LINE('',#74,#73);
#76=CURVE_STYLE('',#33,POSITIVE_LENGTH_MEASURE(2.E-2),#22);
#77=PRESENTATION_STYLE_ASSIGNMENT((#76));
#78=STYLED_ITEM('',(#77),#75);
#79=DIRECTION('',(0.E0,1.E0,0.E0));
#80=VECTOR('',#79,1.2E-1);
#81=CARTESIAN_POINT('',(-1.25E-1,0.E0,-1.E0));
#82=LINE('',#81,#80);
#83=CURVE_STYLE('',#33,POSITIVE_LENGTH_MEASURE(2.E-2),#22);
#84=PRESENTATION_STYLE_ASSIGNMENT((#83));
#85=STYLED_ITEM('',(#84),#82);
#86=DIRECTION('',(1.E0,0.E0,0.E0));
#87=VECTOR('',#86,2.5E-1);
#88=CARTESIAN_POINT('',(-1.25E-1,1.2E-1,-1.E0));
#89=LINE('',#88,#87);
#90=CURVE_STYLE('',#33,POSITIVE_LENGTH_MEASURE(2.E-2),#22);
#91=PRESENTATION_STYLE_ASSIGNMENT((#90));
#92=STYLED_ITEM('',(#91),#89);
#93=DIRECTION('',(0.E0,0.E0,-1.E0));
#94=VECTOR('',#93,3.75E-1);
#95=CARTESIAN_POINT('',(1.25E-1,1.2E-1,-6.25E-1));
#96=LINE('',#95,#94);
#97=CURVE_STYLE('',#33,POSITIVE_LENGTH_MEASURE(2.E-2),#22);
#98=PRESENTATION_STYLE_ASSIGNMENT((#97));
#99=STYLED_ITEM('',(#98),#96);
#100=DIRECTION('',(1.E0,0.E0,0.E0));
#101=VECTOR('',#100,2.5E-1);
#102=CARTESIAN_POINT('',(-1.25E-1,1.2E-1,-6.25E-1));
#103=LINE('',#102,#101);
#104=CURVE_STYLE('',#33,POSITIVE_LENGTH_MEASURE(2.E-2),#22);
#105=PRESENTATION_STYLE_ASSIGNMENT((#104));
#106=STYLED_ITEM('',(#105),#103);
#107=DIRECTION('',(0.E0,0.E0,1.E0));
#108=VECTOR('',#107,3.75E-1);
#109=CARTESIAN_POINT('',(-1.25E-1,1.2E-1,-1.E0));
#110=LINE('',#109,#108);
#111=CURVE_STYLE('',#33,POSITIVE_LENGTH_MEASURE(2.E-2),#22);
#112=PRESENTATION_STYLE_ASSIGNMENT((#111));
#113=STYLED_ITEM('',(#112),#110);
#114=CARTESIAN_POINT('',(-1.25E-1,0.E0,-6.25E-1));
#115=CARTESIAN_POINT('',(1.25E-1,0.E0,-6.25E-1));
#116=VERTEX_POINT('',#114);
#117=VERTEX_POINT('',#115);
#118=CARTESIAN_POINT('',(-1.25E-1,1.2E-1,-6.25E-1));
#119=CARTESIAN_POINT('',(1.25E-1,1.2E-1,-6.25E-1));
#120=VERTEX_POINT('',#118);
#121=VERTEX_POINT('',#119);
#122=CARTESIAN_POINT('',(-1.25E-1,0.E0,-1.E0));
#123=CARTESIAN_POINT('',(1.25E-1,0.E0,-1.E0));
#124=VERTEX_POINT('',#122);
#125=VERTEX_POINT('',#123);
#126=CARTESIAN_POINT('',(-1.25E-1,1.2E-1,-1.E0));
#127=CARTESIAN_POINT('',(1.25E-1,1.2E-1,-1.E0));
#128=VERTEX_POINT('',#126);
#129=VERTEX_POINT('',#127);
#130=CARTESIAN_POINT('',(0.E0,0.E0,0.E0));
#131=DIRECTION('',(0.E0,1.E0,0.E0));
#132=DIRECTION('',(1.E0,0.E0,0.E0));
#133=AXIS2_PLACEMENT_3D('',#130,#131,#132);
#134=PLANE('',#133);
#136=ORIENTED_EDGE('',*,*,#135,.F.);
#138=ORIENTED_EDGE('',*,*,#137,.T.);
#140=ORIENTED_EDGE('',*,*,#139,.T.);
#142=ORIENTED_EDGE('',*,*,#141,.T.);
#143=EDGE_LOOP('',(#136,#138,#140,#142));
#144=FACE_OUTER_BOUND('',#143,.F.);
#146=CARTESIAN_POINT('',(-7.5E-1,0.E0,-1.E0));
#147=DIRECTION('',(0.E0,0.E0,1.E0));
#148=DIRECTION('',(1.E0,0.E0,0.E0));
#149=AXIS2_PLACEMENT_3D('',#146,#147,#148);
#150=PLANE('',#149);
#152=ORIENTED_EDGE('',*,*,#151,.T.);
#154=ORIENTED_EDGE('',*,*,#153,.F.);
#156=ORIENTED_EDGE('',*,*,#155,.F.);
#157=ORIENTED_EDGE('',*,*,#135,.T.);
#158=EDGE_LOOP('',(#152,#154,#156,#157));
#159=FACE_OUTER_BOUND('',#158,.F.);
#161=FILL_AREA_STYLE_COLOUR('',#20);
#162=FILL_AREA_STYLE('',(#161));
#163=SURFACE_STYLE_FILL_AREA(#162);
#164=SURFACE_SIDE_STYLE('',(#163));
#165=SURFACE_STYLE_USAGE(.POSITIVE.,#164);
#166=FILL_AREA_STYLE_COLOUR('',#22);
#167=FILL_AREA_STYLE('',(#166));
#168=SURFACE_STYLE_FILL_AREA(#167);
#169=SURFACE_SIDE_STYLE('',(#168));
#170=SURFACE_STYLE_USAGE(.NEGATIVE.,#169);
#171=PRESENTATION_STYLE_ASSIGNMENT((#165,#170));
#172=OVER_RIDING_STYLED_ITEM('',(#171),#160,#28);
#173=CARTESIAN_POINT('',(1.25E-1,0.E0,-6.25E-1));
#174=DIRECTION('',(1.E0,0.E0,0.E0));
#175=DIRECTION('',(0.E0,0.E0,-1.E0));
#176=AXIS2_PLACEMENT_3D('',#173,#174,#175);
#177=PLANE('',#176);
#178=ORIENTED_EDGE('',*,*,#151,.F.);
#179=ORIENTED_EDGE('',*,*,#141,.F.);
#181=ORIENTED_EDGE('',*,*,#180,.T.);
#183=ORIENTED_EDGE('',*,*,#182,.T.);
#184=EDGE_LOOP('',(#178,#179,#181,#183));
#185=FACE_OUTER_BOUND('',#184,.F.);
#187=CARTESIAN_POINT('',(-1.25E-1,0.E0,-6.25E-1));
#188=DIRECTION('',(0.E0,0.E0,1.E0));
#189=DIRECTION('',(1.E0,0.E0,0.E0));
#190=AXIS2_PLACEMENT_3D('',#187,#188,#189);
#191=PLANE('',#190);
#192=ORIENTED_EDGE('',*,*,#139,.F.);
#194=ORIENTED_EDGE('',*,*,#193,.T.);
#196=ORIENTED_EDGE('',*,*,#195,.T.);
#197=ORIENTED_EDGE('',*,*,#180,.F.);
#198=EDGE_LOOP('',(#192,#194,#196,#197));
#199=FACE_OUTER_BOUND('',#198,.F.);
#201=CARTESIAN_POINT('',(-1.25E-1,0.E0,-1.06E0));
#202=DIRECTION('',(-1.E0,0.E0,0.E0));
#203=DIRECTION('',(0.E0,0.E0,1.E0));
#204=AXIS2_PLACEMENT_3D('',#201,#202,#203);
#205=PLANE('',#204);
#206=ORIENTED_EDGE('',*,*,#155,.T.);
#208=ORIENTED_EDGE('',*,*,#207,.T.);
#209=ORIENTED_EDGE('',*,*,#193,.F.);
#210=ORIENTED_EDGE('',*,*,#137,.F.);
#211=EDGE_LOOP('',(#206,#208,#209,#210));
#212=FACE_OUTER_BOUND('',#211,.F.);
#214=CARTESIAN_POINT('',(0.E0,1.2E-1,0.E0));
#215=DIRECTION('',(0.E0,1.E0,0.E0));
#216=DIRECTION('',(1.E0,0.E0,0.E0));
#217=AXIS2_PLACEMENT_3D('',#214,#215,#216);
#218=PLANE('',#217);
#219=ORIENTED_EDGE('',*,*,#153,.T.);
#220=ORIENTED_EDGE('',*,*,#182,.F.);
#221=ORIENTED_EDGE('',*,*,#195,.F.);
#222=ORIENTED_EDGE('',*,*,#207,.F.);
#223=EDGE_LOOP('',(#219,#220,#221,#222));
#224=FACE_OUTER_BOUND('',#223,.F.);
#226=CLOSED_SHELL('',(#145,#160,#186,#200,#213,#225));
#227=MANIFOLD_SOLID_BREP('',#226);
#228=FILL_AREA_STYLE_COLOUR('',#22);
#229=FILL_AREA_STYLE('',(#228));
#230=SURFACE_STYLE_FILL_AREA(#229);
#231=SURFACE_SIDE_STYLE('',(#230));
#232=SURFACE_STYLE_USAGE(.BOTH.,#231);
#233=PRESENTATION_STYLE_ASSIGNMENT((#232));
#28=STYLED_ITEM('',(#233),#227);
#235=DIRECTION('',(0.E0,0.E0,1.E0));
#236=VECTOR('',#235,2.5E-1);
#237=CARTESIAN_POINT('',(7.5E-1,0.E0,-8.75E-1));
#238=LINE('',#237,#236);
#239=CURVE_STYLE('',#33,POSITIVE_LENGTH_MEASURE(2.E-2),#22);
#240=PRESENTATION_STYLE_ASSIGNMENT((#239));
#241=STYLED_ITEM('',(#240),#238);
#242=DIRECTION('',(1.E0,0.E0,0.E0));
#243=VECTOR('',#242,3.75E-1);
#244=CARTESIAN_POINT('',(3.75E-1,0.E0,-8.75E-1));
#245=LINE('',#244,#243);
#246=CURVE_STYLE('',#33,POSITIVE_LENGTH_MEASURE(2.E-2),#22);
#247=PRESENTATION_STYLE_ASSIGNMENT((#246));
#248=STYLED_ITEM('',(#247),#245);
#249=DIRECTION('',(0.E0,0.E0,-1.E0));
#250=VECTOR('',#249,2.5E-1);
#251=CARTESIAN_POINT('',(3.75E-1,0.E0,-6.25E-1));
#252=LINE('',#251,#250);
#253=CURVE_STYLE('',#33,POSITIVE_LENGTH_MEASURE(2.E-2),#22);
#254=PRESENTATION_STYLE_ASSIGNMENT((#253));
#255=STYLED_ITEM('',(#254),#252);
#256=DIRECTION('',(-1.E0,0.E0,0.E0));
#257=VECTOR('',#256,3.75E-1);
#258=CARTESIAN_POINT('',(7.5E-1,0.E0,-6.25E-1));
#259=LINE('',#258,#257);
#260=CURVE_STYLE('',#33,POSITIVE_LENGTH_MEASURE(2.E-2),#22);
#261=PRESENTATION_STYLE_ASSIGNMENT((#260));
#262=STYLED_ITEM('',(#261),#259);
#263=DIRECTION('',(0.E0,1.E0,0.E0));
#264=VECTOR('',#263,1.2E-1);
#265=CARTESIAN_POINT('',(7.5E-1,0.E0,-6.25E-1));
#266=LINE('',#265,#264);
#267=CURVE_STYLE('',#33,POSITIVE_LENGTH_MEASURE(2.E-2),#22);
#268=PRESENTATION_STYLE_ASSIGNMENT((#267));
#269=STYLED_ITEM('',(#268),#266);
#270=DIRECTION('',(0.E0,1.E0,0.E0));
#271=VECTOR('',#270,1.2E-1);
#272=CARTESIAN_POINT('',(3.75E-1,0.E0,-6.25E-1));
#273=LINE('',#272,#271);
#274=CURVE_STYLE('',#33,POSITIVE_LENGTH_MEASURE(2.E-2),#22);
#275=PRESENTATION_STYLE_ASSIGNMENT((#274));
#276=STYLED_ITEM('',(#275),#273);
#277=DIRECTION('',(0.E0,1.E0,0.E0));
#278=VECTOR('',#277,1.2E-1);
#279=CARTESIAN_POINT('',(7.5E-1,0.E0,-8.75E-1));
#280=LINE('',#279,#278);
#281=CURVE_STYLE('',#33,POSITIVE_LENGTH_MEASURE(2.E-2),#22);
#282=PRESENTATION_STYLE_ASSIGNMENT((#281));
#283=STYLED_ITEM('',(#282),#280);
#284=DIRECTION('',(0.E0,1.E0,0.E0));
#285=VECTOR('',#284,1.2E-1);
#286=CARTESIAN_POINT('',(3.75E-1,0.E0,-8.75E-1));
#287=LINE('',#286,#285);
#288=CURVE_STYLE('',#33,POSITIVE_LENGTH_MEASURE(2.E-2),#22);
#289=PRESENTATION_STYLE_ASSIGNMENT((#288));
#290=STYLED_ITEM('',(#289),#287);
#291=DIRECTION('',(0.E0,0.E0,1.E0));
#292=VECTOR('',#291,2.5E-1);
#293=CARTESIAN_POINT('',(7.5E-1,1.2E-1,-8.75E-1));
#294=LINE('',#293,#292);
#295=CURVE_STYLE('',#33,POSITIVE_LENGTH_MEASURE(2.E-2),#22);
#296=PRESENTATION_STYLE_ASSIGNMENT((#295));
#297=STYLED_ITEM('',(#296),#294);
#298=DIRECTION('',(-1.E0,0.E0,0.E0));
#299=VECTOR('',#298,3.75E-1);
#300=CARTESIAN_POINT('',(7.5E-1,1.2E-1,-6.25E-1));
#301=LINE('',#300,#299);
#302=CURVE_STYLE('',#33,POSITIVE_LENGTH_MEASURE(2.E-2),#22);
#303=PRESENTATION_STYLE_ASSIGNMENT((#302));
#304=STYLED_ITEM('',(#303),#301);
#305=DIRECTION('',(0.E0,0.E0,-1.E0));
#306=VECTOR('',#305,2.5E-1);
#307=CARTESIAN_POINT('',(3.75E-1,1.2E-1,-6.25E-1));
#308=LINE('',#307,#306);
#309=CURVE_STYLE('',#33,POSITIVE_LENGTH_MEASURE(2.E-2),#22);
#310=PRESENTATION_STYLE_ASSIGNMENT((#309));
#311=STYLED_ITEM('',(#310),#308);
#312=DIRECTION('',(1.E0,0.E0,0.E0));
#313=VECTOR('',#312,3.75E-1);
#314=CARTESIAN_POINT('',(3.75E-1,1.2E-1,-8.75E-1));
#315=LINE('',#314,#313);
#316=CURVE_STYLE('',#33,POSITIVE_LENGTH_MEASURE(2.E-2),#22);
#317=PRESENTATION_STYLE_ASSIGNMENT((#316));
#318=STYLED_ITEM('',(#317),#315);
#319=CARTESIAN_POINT('',(7.5E-1,0.E0,-8.75E-1));
#320=CARTESIAN_POINT('',(7.5E-1,0.E0,-6.25E-1));
#321=VERTEX_POINT('',#319);
#322=VERTEX_POINT('',#320);
#323=CARTESIAN_POINT('',(7.5E-1,1.2E-1,-8.75E-1));
#324=CARTESIAN_POINT('',(7.5E-1,1.2E-1,-6.25E-1));
#325=VERTEX_POINT('',#323);
#326=VERTEX_POINT('',#324);
#327=CARTESIAN_POINT('',(3.75E-1,0.E0,-6.25E-1));
#328=CARTESIAN_POINT('',(3.75E-1,0.E0,-8.75E-1));
#329=VERTEX_POINT('',#327);
#330=VERTEX_POINT('',#328);
#331=CARTESIAN_POINT('',(3.75E-1,1.2E-1,-6.25E-1));
#332=CARTESIAN_POINT('',(3.75E-1,1.2E-1,-8.75E-1));
#333=VERTEX_POINT('',#331);
#334=VERTEX_POINT('',#332);
#335=CARTESIAN_POINT('',(0.E0,0.E0,0.E0));
#336=DIRECTION('',(0.E0,1.E0,0.E0));
#337=DIRECTION('',(1.E0,0.E0,0.E0));
#338=AXIS2_PLACEMENT_3D('',#335,#336,#337);
#339=PLANE('',#338);
#341=ORIENTED_EDGE('',*,*,#340,.F.);
#343=ORIENTED_EDGE('',*,*,#342,.F.);
#345=ORIENTED_EDGE('',*,*,#344,.F.);
#347=ORIENTED_EDGE('',*,*,#346,.F.);
#348=EDGE_LOOP('',(#341,#343,#345,#347));
#349=FACE_OUTER_BOUND('',#348,.F.);
#351=CARTESIAN_POINT('',(7.5E-1,0.E0,-1.E0));
#352=DIRECTION('',(-1.E0,0.E0,0.E0));
#353=DIRECTION('',(0.E0,0.E0,1.E0));
#354=AXIS2_PLACEMENT_3D('',#351,#352,#353);
#355=PLANE('',#354);
#357=ORIENTED_EDGE('',*,*,#356,.T.);
#359=ORIENTED_EDGE('',*,*,#358,.F.);
#361=ORIENTED_EDGE('',*,*,#360,.F.);
#362=ORIENTED_EDGE('',*,*,#340,.T.);
#363=EDGE_LOOP('',(#357,#359,#361,#362));
#364=FACE_OUTER_BOUND('',#363,.F.);
#366=FILL_AREA_STYLE_COLOUR('',#20);
#367=FILL_AREA_STYLE('',(#366));
#368=SURFACE_STYLE_FILL_AREA(#367);
#369=SURFACE_SIDE_STYLE('',(#368));
#370=SURFACE_STYLE_USAGE(.POSITIVE.,#369);
#371=PRESENTATION_STYLE_ASSIGNMENT((#370));
#372=OVER_RIDING_STYLED_ITEM('',(#371),#365,#234);
#373=CARTESIAN_POINT('',(8.1E-1,0.E0,-6.25E-1));
#374=DIRECTION('',(0.E0,0.E0,-1.E0));
#375=DIRECTION('',(-1.E0,0.E0,0.E0));
#376=AXIS2_PLACEMENT_3D('',#373,#374,#375);
#377=PLANE('',#376);
#378=ORIENTED_EDGE('',*,*,#356,.F.);
#379=ORIENTED_EDGE('',*,*,#346,.T.);
#381=ORIENTED_EDGE('',*,*,#380,.T.);
#383=ORIENTED_EDGE('',*,*,#382,.F.);
#384=EDGE_LOOP('',(#378,#379,#381,#383));
#385=FACE_OUTER_BOUND('',#384,.F.);
#387=CARTESIAN_POINT('',(3.75E-1,0.E0,-6.25E-1));
#388=DIRECTION('',(1.E0,0.E0,0.E0));
#389=DIRECTION('',(0.E0,0.E0,-1.E0));
#390=AXIS2_PLACEMENT_3D('',#387,#388,#389);
#391=PLANE('',#390);
#392=ORIENTED_EDGE('',*,*,#344,.T.);
#394=ORIENTED_EDGE('',*,*,#393,.T.);
#396=ORIENTED_EDGE('',*,*,#395,.F.);
#397=ORIENTED_EDGE('',*,*,#380,.F.);
#398=EDGE_LOOP('',(#392,#394,#396,#397));
#399=FACE_OUTER_BOUND('',#398,.F.);
#401=CARTESIAN_POINT('',(3.75E-1,0.E0,-8.75E-1));
#402=DIRECTION('',(0.E0,0.E0,1.E0));
#403=DIRECTION('',(1.E0,0.E0,0.E0));
#404=AXIS2_PLACEMENT_3D('',#401,#402,#403);
#405=PLANE('',#404);
#406=ORIENTED_EDGE('',*,*,#360,.T.);
#408=ORIENTED_EDGE('',*,*,#407,.F.);
#409=ORIENTED_EDGE('',*,*,#393,.F.);
#410=ORIENTED_EDGE('',*,*,#342,.T.);
#411=EDGE_LOOP('',(#406,#408,#409,#410));
#412=FACE_OUTER_BOUND('',#411,.F.);
#414=CARTESIAN_POINT('',(0.E0,1.2E-1,0.E0));
#415=DIRECTION('',(0.E0,1.E0,0.E0));
#416=DIRECTION('',(1.E0,0.E0,0.E0));
#417=AXIS2_PLACEMENT_3D('',#414,#415,#416);
#418=PLANE('',#417);
#419=ORIENTED_EDGE('',*,*,#358,.T.);
#420=ORIENTED_EDGE('',*,*,#382,.T.);
#421=ORIENTED_EDGE('',*,*,#395,.T.);
#422=ORIENTED_EDGE('',*,*,#407,.T.);
#423=EDGE_LOOP('',(#419,#420,#421,#422));
#424=FACE_OUTER_BOUND('',#423,.F.);
#426=CLOSED_SHELL('',(#350,#365,#386,#400,#413,#425));
#427=MANIFOLD_SOLID_BREP('',#426);
#428=FILL_AREA_STYLE_COLOUR('',#22);
#429=FILL_AREA_STYLE('',(#428));
#430=SURFACE_STYLE_FILL_AREA(#429);
#431=SURFACE_SIDE_STYLE('',(#430));
#432=SURFACE_STYLE_USAGE(.POSITIVE.,#431);
#433=PRESENTATION_STYLE_ASSIGNMENT((#432));
#234=STYLED_ITEM('',(#433),#427);
#435=DIRECTION('',(1.E0,0.E0,0.E0));
#436=VECTOR('',#435,6.25E-1);
#437=CARTESIAN_POINT('',(1.25E-1,0.E0,-3.75E-1));
#438=LINE('',#437,#436);
#439=CURVE_STYLE('',#33,POSITIVE_LENGTH_MEASURE(2.E-2),#22);
#440=PRESENTATION_STYLE_ASSIGNMENT((#439));
#441=STYLED_ITEM('',(#440),#438);
#442=DIRECTION('',(0.E0,1.E0,0.E0));
#443=VECTOR('',#442,1.2E-1);
#444=CARTESIAN_POINT('',(7.5E-1,0.E0,-3.75E-1));
#445=LINE('',#444,#443);
#446=CURVE_STYLE('',#33,POSITIVE_LENGTH_MEASURE(2.E-2),#22);
#447=PRESENTATION_STYLE_ASSIGNMENT((#446));
#448=STYLED_ITEM('',(#447),#445);
#449=DIRECTION('',(-1.E0,0.E0,0.E0));
#450=VECTOR('',#449,6.25E-1);
#451=CARTESIAN_POINT('',(7.5E-1,1.2E-1,-1.25E-1));
#452=LINE('',#451,#450);
#453=CURVE_STYLE('',#33,POSITIVE_LENGTH_MEASURE(2.E-2),#22);
#454=PRESENTATION_STYLE_ASSIGNMENT((#453));
#455=STYLED_ITEM('',(#454),#452);
#456=DIRECTION('',(0.E0,0.E0,1.E0));
#457=VECTOR('',#456,2.5E-1);
#458=CARTESIAN_POINT('',(1.25E-1,1.2E-1,-3.75E-1));
#459=LINE('',#458,#457);
#460=CURVE_STYLE('',#33,POSITIVE_LENGTH_MEASURE(2.E-2),#22);
#461=PRESENTATION_STYLE_ASSIGNMENT((#460));
#462=STYLED_ITEM('',(#461),#459);
#463=DIRECTION('',(1.E0,0.E0,0.E0));
#464=VECTOR('',#463,6.25E-1);
#465=CARTESIAN_POINT('',(1.25E-1,1.2E-1,-3.75E-1));
#466=LINE('',#465,#464);
#467=CURVE_STYLE('',#33,POSITIVE_LENGTH_MEASURE(2.E-2),#22);
#468=PRESENTATION_STYLE_ASSIGNMENT((#467));
#469=STYLED_ITEM('',(#468),#466);
#470=DIRECTION('',(0.E0,0.E0,1.E0));
#471=VECTOR('',#470,2.5E-1);
#472=CARTESIAN_POINT('',(7.5E-1,1.2E-1,-3.75E-1));
#473=LINE('',#472,#471);
#474=CURVE_STYLE('',#33,POSITIVE_LENGTH_MEASURE(2.E-2),#22);
#475=PRESENTATION_STYLE_ASSIGNMENT((#474));
#476=STYLED_ITEM('',(#475),#473);
#477=DIRECTION('',(-1.E0,0.E0,0.E0));
#478=VECTOR('',#477,6.25E-1);
#479=CARTESIAN_POINT('',(7.5E-1,0.E0,-1.25E-1));
#480=LINE('',#479,#478);
#481=CURVE_STYLE('',#33,POSITIVE_LENGTH_MEASURE(2.E-2),#22);
#482=PRESENTATION_STYLE_ASSIGNMENT((#481));
#483=STYLED_ITEM('',(#482),#480);
#484=DIRECTION('',(0.E0,1.E0,0.E0));
#485=VECTOR('',#484,1.2E-1);
#486=CARTESIAN_POINT('',(1.25E-1,0.E0,-1.25E-1));
#487=LINE('',#486,#485);
#488=CURVE_STYLE('',#33,POSITIVE_LENGTH_MEASURE(2.E-2),#22);
#489=PRESENTATION_STYLE_ASSIGNMENT((#488));
#490=STYLED_ITEM('',(#489),#487);
#491=DIRECTION('',(0.E0,1.E0,0.E0));
#492=VECTOR('',#491,1.2E-1);
#493=CARTESIAN_POINT('',(7.5E-1,0.E0,-1.25E-1));
#494=LINE('',#493,#492);
#495=CURVE_STYLE('',#33,POSITIVE_LENGTH_MEASURE(2.E-2),#22);
#496=PRESENTATION_STYLE_ASSIGNMENT((#495));
#497=STYLED_ITEM('',(#496),#494);
#498=DIRECTION('',(0.E0,0.E0,1.E0));
#499=VECTOR('',#498,2.5E-1);
#500=CARTESIAN_POINT('',(1.25E-1,0.E0,-3.75E-1));
#501=LINE('',#500,#499);
#502=CURVE_STYLE('',#33,POSITIVE_LENGTH_MEASURE(2.E-2),#22);
#503=PRESENTATION_STYLE_ASSIGNMENT((#502));
#504=STYLED_ITEM('',(#503),#501);
#505=DIRECTION('',(0.E0,0.E0,1.E0));
#506=VECTOR('',#505,2.5E-1);
#507=CARTESIAN_POINT('',(7.5E-1,0.E0,-3.75E-1));
#508=LINE('',#507,#506);
#509=CURVE_STYLE('',#33,POSITIVE_LENGTH_MEASURE(2.E-2),#22);
#510=PRESENTATION_STYLE_ASSIGNMENT((#509));
#511=STYLED_ITEM('',(#510),#508);
#512=DIRECTION('',(0.E0,1.E0,0.E0));
#513=VECTOR('',#512,1.2E-1);
#514=CARTESIAN_POINT('',(1.25E-1,0.E0,-3.75E-1));
#515=LINE('',#514,#513);
#516=CURVE_STYLE('',#33,POSITIVE_LENGTH_MEASURE(2.E-2),#22);
#517=PRESENTATION_STYLE_ASSIGNMENT((#516));
#518=STYLED_ITEM('',(#517),#515);
#519=CARTESIAN_POINT('',(7.5E-1,0.E0,-3.75E-1));
#520=CARTESIAN_POINT('',(7.5E-1,0.E0,-1.25E-1));
#521=VERTEX_POINT('',#519);
#522=VERTEX_POINT('',#520);
#523=CARTESIAN_POINT('',(7.5E-1,1.2E-1,-3.75E-1));
#524=CARTESIAN_POINT('',(7.5E-1,1.2E-1,-1.25E-1));
#525=VERTEX_POINT('',#523);
#526=VERTEX_POINT('',#524);
#527=CARTESIAN_POINT('',(1.25E-1,0.E0,-3.75E-1));
#528=CARTESIAN_POINT('',(1.25E-1,0.E0,-1.25E-1));
#529=VERTEX_POINT('',#527);
#530=VERTEX_POINT('',#528);
#531=CARTESIAN_POINT('',(1.25E-1,1.2E-1,-3.75E-1));
#532=CARTESIAN_POINT('',(1.25E-1,1.2E-1,-1.25E-1));
#533=VERTEX_POINT('',#531);
#534=VERTEX_POINT('',#532);
#535=CARTESIAN_POINT('',(3.75E-1,0.E0,-3.75E-1));
#536=DIRECTION('',(0.E0,0.E0,1.E0));
#537=DIRECTION('',(1.E0,0.E0,0.E0));
#538=AXIS2_PLACEMENT_3D('',#535,#536,#537);
#539=PLANE('',#538);
#541=ORIENTED_EDGE('',*,*,#540,.F.);
#543=ORIENTED_EDGE('',*,*,#542,.F.);
#545=ORIENTED_EDGE('',*,*,#544,.T.);
#547=ORIENTED_EDGE('',*,*,#546,.T.);
#548=EDGE_LOOP('',(#541,#543,#545,#547));
#549=FACE_OUTER_BOUND('',#548,.F.);
#551=CARTESIAN_POINT('',(0.E0,1.2E-1,0.E0));
#552=DIRECTION('',(0.E0,1.E0,0.E0));
#553=DIRECTION('',(1.E0,0.E0,0.E0));
#554=AXIS2_PLACEMENT_3D('',#551,#552,#553);
#555=PLANE('',#554);
#557=ORIENTED_EDGE('',*,*,#556,.T.);
#559=ORIENTED_EDGE('',*,*,#558,.F.);
#560=ORIENTED_EDGE('',*,*,#540,.T.);
#562=ORIENTED_EDGE('',*,*,#561,.T.);
#563=EDGE_LOOP('',(#557,#559,#560,#562));
#564=FACE_OUTER_BOUND('',#563,.F.);
#566=CARTESIAN_POINT('',(8.1E-1,0.E0,-1.25E-1));
#567=DIRECTION('',(0.E0,0.E0,-1.E0));
#568=DIRECTION('',(-1.E0,0.E0,0.E0));
#569=AXIS2_PLACEMENT_3D('',#566,#567,#568);
#570=PLANE('',#569);
#572=ORIENTED_EDGE('',*,*,#571,.T.);
#574=ORIENTED_EDGE('',*,*,#573,.T.);
#575=ORIENTED_EDGE('',*,*,#556,.F.);
#577=ORIENTED_EDGE('',*,*,#576,.F.);
#578=EDGE_LOOP('',(#572,#574,#575,#577));
#579=FACE_OUTER_BOUND('',#578,.F.);
#581=CARTESIAN_POINT('',(0.E0,0.E0,0.E0));
#582=DIRECTION('',(0.E0,1.E0,0.E0));
#583=DIRECTION('',(1.E0,0.E0,0.E0));
#584=AXIS2_PLACEMENT_3D('',#581,#582,#583);
#585=PLANE('',#584);
#586=ORIENTED_EDGE('',*,*,#544,.F.);
#588=ORIENTED_EDGE('',*,*,#587,.T.);
#589=ORIENTED_EDGE('',*,*,#571,.F.);
#591=ORIENTED_EDGE('',*,*,#590,.F.);
#592=EDGE_LOOP('',(#586,#588,#589,#591));
#593=FACE_OUTER_BOUND('',#592,.F.);
#595=CARTESIAN_POINT('',(1.25E-1,0.E0,-3.75E-1));
#596=DIRECTION('',(-1.E0,0.E0,0.E0));
#597=DIRECTION('',(0.E0,0.E0,1.E0));
#598=AXIS2_PLACEMENT_3D('',#595,#596,#597);
#599=PLANE('',#598);
#600=ORIENTED_EDGE('',*,*,#587,.F.);
#601=ORIENTED_EDGE('',*,*,#542,.T.);
#602=ORIENTED_EDGE('',*,*,#558,.T.);
#603=ORIENTED_EDGE('',*,*,#573,.F.);
#604=EDGE_LOOP('',(#600,#601,#602,#603));
#605=FACE_OUTER_BOUND('',#604,.F.);
#607=CARTESIAN_POINT('',(7.5E-1,0.E0,-1.E0));
#608=DIRECTION('',(-1.E0,0.E0,0.E0));
#609=DIRECTION('',(0.E0,0.E0,1.E0));
#610=AXIS2_PLACEMENT_3D('',#607,#608,#609);
#611=PLANE('',#610);
#612=ORIENTED_EDGE('',*,*,#576,.T.);
#613=ORIENTED_EDGE('',*,*,#561,.F.);
#614=ORIENTED_EDGE('',*,*,#546,.F.);
#615=ORIENTED_EDGE('',*,*,#590,.T.);
#616=EDGE_LOOP('',(#612,#613,#614,#615));
#617=FACE_OUTER_BOUND('',#616,.F.);
#619=FILL_AREA_STYLE_COLOUR('',#20);
#620=FILL_AREA_STYLE('',(#619));
#621=SURFACE_STYLE_FILL_AREA(#620);
#622=SURFACE_SIDE_STYLE('',(#621));
#623=SURFACE_STYLE_USAGE(.POSITIVE.,#622);
#624=PRESENTATION_STYLE_ASSIGNMENT((#623));
#625=OVER_RIDING_STYLED_ITEM('',(#624),#618,#434);
#626=CLOSED_SHELL('',(#550,#565,#580,#594,#606,#618));
#627=MANIFOLD_SOLID_BREP('',#626);
#628=FILL_AREA_STYLE_COLOUR('',#22);
#629=FILL_AREA_STYLE('',(#628));
#630=SURFACE_STYLE_FILL_AREA(#629);
#631=SURFACE_SIDE_STYLE('',(#630));
#632=SURFACE_STYLE_USAGE(.POSITIVE.,#631);
#633=PRESENTATION_STYLE_ASSIGNMENT((#632));
#434=STYLED_ITEM('',(#633),#627);
#635=DIRECTION('',(1.E0,0.E0,0.E0));
#636=VECTOR('',#635,6.25E-1);
#637=CARTESIAN_POINT('',(1.25E-1,0.E0,1.25E-1));
#638=LINE('',#637,#636);
#639=CURVE_STYLE('',#33,POSITIVE_LENGTH_MEASURE(2.E-2),#22);
#640=PRESENTATION_STYLE_ASSIGNMENT((#639));
#641=STYLED_ITEM('',(#640),#638);
#642=DIRECTION('',(0.E0,1.E0,0.E0));
#643=VECTOR('',#642,1.2E-1);
#644=CARTESIAN_POINT('',(7.5E-1,0.E0,1.25E-1));
#645=LINE('',#644,#643);
#646=CURVE_STYLE('',#33,POSITIVE_LENGTH_MEASURE(2.E-2),#22);
#647=PRESENTATION_STYLE_ASSIGNMENT((#646));
#648=STYLED_ITEM('',(#647),#645);
#649=DIRECTION('',(-1.E0,0.E0,0.E0));
#650=VECTOR('',#649,6.25E-1);
#651=CARTESIAN_POINT('',(7.5E-1,1.2E-1,3.75E-1));
#652=LINE('',#651,#650);
#653=CURVE_STYLE('',#33,POSITIVE_LENGTH_MEASURE(2.E-2),#22);
#654=PRESENTATION_STYLE_ASSIGNMENT((#653));
#655=STYLED_ITEM('',(#654),#652);
#656=DIRECTION('',(0.E0,0.E0,1.E0));
#657=VECTOR('',#656,2.5E-1);
#658=CARTESIAN_POINT('',(1.25E-1,1.2E-1,1.25E-1));
#659=LINE('',#658,#657);
#660=CURVE_STYLE('',#33,POSITIVE_LENGTH_MEASURE(2.E-2),#22);
#661=PRESENTATION_STYLE_ASSIGNMENT((#660));
#662=STYLED_ITEM('',(#661),#659);
#663=DIRECTION('',(1.E0,0.E0,0.E0));
#664=VECTOR('',#663,6.25E-1);
#665=CARTESIAN_POINT('',(1.25E-1,1.2E-1,1.25E-1));
#666=LINE('',#665,#664);
#667=CURVE_STYLE('',#33,POSITIVE_LENGTH_MEASURE(2.E-2),#22);
#668=PRESENTATION_STYLE_ASSIGNMENT((#667));
#669=STYLED_ITEM('',(#668),#666);
#670=DIRECTION('',(0.E0,0.E0,1.E0));
#671=VECTOR('',#670,2.5E-1);
#672=CARTESIAN_POINT('',(7.5E-1,1.2E-1,1.25E-1));
#673=LINE('',#672,#671);
#674=CURVE_STYLE('',#33,POSITIVE_LENGTH_MEASURE(2.E-2),#22);
#675=PRESENTATION_STYLE_ASSIGNMENT((#674));
#676=STYLED_ITEM('',(#675),#673);
#677=DIRECTION('',(-1.E0,0.E0,0.E0));
#678=VECTOR('',#677,6.25E-1);
#679=CARTESIAN_POINT('',(7.5E-1,0.E0,3.75E-1));
#680=LINE('',#679,#678);
#681=CURVE_STYLE('',#33,POSITIVE_LENGTH_MEASURE(2.E-2),#22);
#682=PRESENTATION_STYLE_ASSIGNMENT((#681));
#683=STYLED_ITEM('',(#682),#680);
#684=DIRECTION('',(0.E0,1.E0,0.E0));
#685=VECTOR('',#684,1.2E-1);
#686=CARTESIAN_POINT('',(1.25E-1,0.E0,3.75E-1));
#687=LINE('',#686,#685);
#688=CURVE_STYLE('',#33,POSITIVE_LENGTH_MEASURE(2.E-2),#22);
#689=PRESENTATION_STYLE_ASSIGNMENT((#688));
#690=STYLED_ITEM('',(#689),#687);
#691=DIRECTION('',(0.E0,1.E0,0.E0));
#692=VECTOR('',#691,1.2E-1);
#693=CARTESIAN_POINT('',(7.5E-1,0.E0,3.75E-1));
#694=LINE('',#693,#692);
#695=CURVE_STYLE('',#33,POSITIVE_LENGTH_MEASURE(2.E-2),#22);
#696=PRESENTATION_STYLE_ASSIGNMENT((#695));
#697=STYLED_ITEM('',(#696),#694);
#698=DIRECTION('',(0.E0,0.E0,1.E0));
#699=VECTOR('',#698,2.5E-1);
#700=CARTESIAN_POINT('',(1.25E-1,0.E0,1.25E-1));
#701=LINE('',#700,#699);
#702=CURVE_STYLE('',#33,POSITIVE_LENGTH_MEASURE(2.E-2),#22);
#703=PRESENTATION_STYLE_ASSIGNMENT((#702));
#704=STYLED_ITEM('',(#703),#701);
#705=DIRECTION('',(0.E0,0.E0,1.E0));
#706=VECTOR('',#705,2.5E-1);
#707=CARTESIAN_POINT('',(7.5E-1,0.E0,1.25E-1));
#708=LINE('',#707,#706);
#709=CURVE_STYLE('',#33,POSITIVE_LENGTH_MEASURE(2.E-2),#22);
#710=PRESENTATION_STYLE_ASSIGNMENT((#709));
#711=STYLED_ITEM('',(#710),#708);
#712=DIRECTION('',(0.E0,1.E0,0.E0));
#713=VECTOR('',#712,1.2E-1);
#714=CARTESIAN_POINT('',(1.25E-1,0.E0,1.25E-1));
#715=LINE('',#714,#713);
#716=CURVE_STYLE('',#33,POSITIVE_LENGTH_MEASURE(2.E-2),#22);
#717=PRESENTATION_STYLE_ASSIGNMENT((#716));
#718=STYLED_ITEM('',(#717),#715);
#719=CARTESIAN_POINT('',(7.5E-1,0.E0,1.25E-1));
#720=CARTESIAN_POINT('',(7.5E-1,0.E0,3.75E-1));
#721=VERTEX_POINT('',#719);
#722=VERTEX_POINT('',#720);
#723=CARTESIAN_POINT('',(7.5E-1,1.2E-1,1.25E-1));
#724=CARTESIAN_POINT('',(7.5E-1,1.2E-1,3.75E-1));
#725=VERTEX_POINT('',#723);
#726=VERTEX_POINT('',#724);
#727=CARTESIAN_POINT('',(1.25E-1,0.E0,1.25E-1));
#728=CARTESIAN_POINT('',(1.25E-1,0.E0,3.75E-1));
#729=VERTEX_POINT('',#727);
#730=VERTEX_POINT('',#728);
#731=CARTESIAN_POINT('',(1.25E-1,1.2E-1,1.25E-1));
#732=CARTESIAN_POINT('',(1.25E-1,1.2E-1,3.75E-1));
#733=VERTEX_POINT('',#731);
#734=VERTEX_POINT('',#732);
#735=CARTESIAN_POINT('',(3.75E-1,0.E0,1.25E-1));
#736=DIRECTION('',(0.E0,0.E0,1.E0));
#737=DIRECTION('',(1.E0,0.E0,0.E0));
#738=AXIS2_PLACEMENT_3D('',#735,#736,#737);
#739=PLANE('',#738);
#741=ORIENTED_EDGE('',*,*,#740,.F.);
#743=ORIENTED_EDGE('',*,*,#742,.F.);
#745=ORIENTED_EDGE('',*,*,#744,.T.);
#747=ORIENTED_EDGE('',*,*,#746,.T.);
#748=EDGE_LOOP('',(#741,#743,#745,#747));
#749=FACE_OUTER_BOUND('',#748,.F.);
#751=CARTESIAN_POINT('',(0.E0,1.2E-1,0.E0));
#752=DIRECTION('',(0.E0,1.E0,0.E0));
#753=DIRECTION('',(1.E0,0.E0,0.E0));
#754=AXIS2_PLACEMENT_3D('',#751,#752,#753);
#755=PLANE('',#754);
#757=ORIENTED_EDGE('',*,*,#756,.T.);
#759=ORIENTED_EDGE('',*,*,#758,.F.);
#760=ORIENTED_EDGE('',*,*,#740,.T.);
#762=ORIENTED_EDGE('',*,*,#761,.T.);
#763=EDGE_LOOP('',(#757,#759,#760,#762));
#764=FACE_OUTER_BOUND('',#763,.F.);
#766=CARTESIAN_POINT('',(8.1E-1,0.E0,3.75E-1));
#767=DIRECTION('',(0.E0,0.E0,-1.E0));
#768=DIRECTION('',(-1.E0,0.E0,0.E0));
#769=AXIS2_PLACEMENT_3D('',#766,#767,#768);
#770=PLANE('',#769);
#772=ORIENTED_EDGE('',*,*,#771,.T.);
#774=ORIENTED_EDGE('',*,*,#773,.T.);
#775=ORIENTED_EDGE('',*,*,#756,.F.);
#777=ORIENTED_EDGE('',*,*,#776,.F.);
#778=EDGE_LOOP('',(#772,#774,#775,#777));
#779=FACE_OUTER_BOUND('',#778,.F.);
#781=CARTESIAN_POINT('',(0.E0,0.E0,0.E0));
#782=DIRECTION('',(0.E0,1.E0,0.E0));
#783=DIRECTION('',(1.E0,0.E0,0.E0));
#784=AXIS2_PLACEMENT_3D('',#781,#782,#783);
#785=PLANE('',#784);
#786=ORIENTED_EDGE('',*,*,#744,.F.);
#788=ORIENTED_EDGE('',*,*,#787,.T.);
#789=ORIENTED_EDGE('',*,*,#771,.F.);
#791=ORIENTED_EDGE('',*,*,#790,.F.);
#792=EDGE_LOOP('',(#786,#788,#789,#791));
#793=FACE_OUTER_BOUND('',#792,.F.);
#795=CARTESIAN_POINT('',(1.25E-1,0.E0,1.25E-1));
#796=DIRECTION('',(-1.E0,0.E0,0.E0));
#797=DIRECTION('',(0.E0,0.E0,1.E0));
#798=AXIS2_PLACEMENT_3D('',#795,#796,#797);
#799=PLANE('',#798);
#800=ORIENTED_EDGE('',*,*,#787,.F.);
#801=ORIENTED_EDGE('',*,*,#742,.T.);
#802=ORIENTED_EDGE('',*,*,#758,.T.);
#803=ORIENTED_EDGE('',*,*,#773,.F.);
#804=EDGE_LOOP('',(#800,#801,#802,#803));
#805=FACE_OUTER_BOUND('',#804,.F.);
#807=CARTESIAN_POINT('',(7.5E-1,0.E0,-1.E0));
#808=DIRECTION('',(-1.E0,0.E0,0.E0));
#809=DIRECTION('',(0.E0,0.E0,1.E0));
#810=AXIS2_PLACEMENT_3D('',#807,#808,#809);
#811=PLANE('',#810);
#812=ORIENTED_EDGE('',*,*,#776,.T.);
#813=ORIENTED_EDGE('',*,*,#761,.F.);
#814=ORIENTED_EDGE('',*,*,#746,.F.);
#815=ORIENTED_EDGE('',*,*,#790,.T.);
#816=EDGE_LOOP('',(#812,#813,#814,#815));
#817=FACE_OUTER_BOUND('',#816,.F.);
#819=FILL_AREA_STYLE_COLOUR('',#20);
#820=FILL_AREA_STYLE('',(#819));
#821=SURFACE_STYLE_FILL_AREA(#820);
#822=SURFACE_SIDE_STYLE('',(#821));
#823=SURFACE_STYLE_USAGE(.POSITIVE.,#822);
#824=PRESENTATION_STYLE_ASSIGNMENT((#823));
#825=OVER_RIDING_STYLED_ITEM('',(#824),#818,#634);
#826=CLOSED_SHELL('',(#750,#765,#780,#794,#806,#818));
#827=MANIFOLD_SOLID_BREP('',#826);
#828=FILL_AREA_STYLE_COLOUR('',#22);
#829=FILL_AREA_STYLE('',(#828));
#830=SURFACE_STYLE_FILL_AREA(#829);
#831=SURFACE_SIDE_STYLE('',(#830));
#832=SURFACE_STYLE_USAGE(.POSITIVE.,#831);
#833=PRESENTATION_STYLE_ASSIGNMENT((#832));
#634=STYLED_ITEM('',(#833),#827);
#835=DIRECTION('',(-1.E0,0.E0,0.E0));
#836=VECTOR('',#835,2.5E-1);
#837=CARTESIAN_POINT('',(1.25E-1,0.E0,1.E0));
#838=LINE('',#837,#836);
#839=CURVE_STYLE('',#33,POSITIVE_LENGTH_MEASURE(2.E-2),#22);
#840=PRESENTATION_STYLE_ASSIGNMENT((#839));
#841=STYLED_ITEM('',(#840),#838);
#842=DIRECTION('',(0.E0,0.E0,1.E0));
#843=VECTOR('',#842,3.75E-1);
#844=CARTESIAN_POINT('',(1.25E-1,0.E0,6.25E-1));
#845=LINE('',#844,#843);
#846=CURVE_STYLE('',#33,POSITIVE_LENGTH_MEASURE(2.E-2),#22);
#847=PRESENTATION_STYLE_ASSIGNMENT((#846));
#848=STYLED_ITEM('',(#847),#845);
#849=DIRECTION('',(1.E0,0.E0,0.E0));
#850=VECTOR('',#849,2.5E-1);
#851=CARTESIAN_POINT('',(-1.25E-1,0.E0,6.25E-1));
#852=LINE('',#851,#850);
#853=CURVE_STYLE('',#33,POSITIVE_LENGTH_MEASURE(2.E-2),#22);
#854=PRESENTATION_STYLE_ASSIGNMENT((#853));
#855=STYLED_ITEM('',(#854),#852);
#856=DIRECTION('',(0.E0,0.E0,-1.E0));
#857=VECTOR('',#856,3.75E-1);
#858=CARTESIAN_POINT('',(-1.25E-1,0.E0,1.E0));
#859=LINE('',#858,#857);
#860=CURVE_STYLE('',#33,POSITIVE_LENGTH_MEASURE(2.E-2),#22);
#861=PRESENTATION_STYLE_ASSIGNMENT((#860));
#862=STYLED_ITEM('',(#861),#859);
#863=DIRECTION('',(0.E0,1.E0,0.E0));
#864=VECTOR('',#863,1.2E-1);
#865=CARTESIAN_POINT('',(-1.25E-1,0.E0,1.E0));
#866=LINE('',#865,#864);
#867=CURVE_STYLE('',#33,POSITIVE_LENGTH_MEASURE(2.E-2),#22);
#868=PRESENTATION_STYLE_ASSIGNMENT((#867));
#869=STYLED_ITEM('',(#868),#866);
#870=DIRECTION('',(0.E0,1.E0,0.E0));
#871=VECTOR('',#870,1.2E-1);
#872=CARTESIAN_POINT('',(-1.25E-1,0.E0,6.25E-1));
#873=LINE('',#872,#871);
#874=CURVE_STYLE('',#33,POSITIVE_LENGTH_MEASURE(2.E-2),#22);
#875=PRESENTATION_STYLE_ASSIGNMENT((#874));
#876=STYLED_ITEM('',(#875),#873);
#877=DIRECTION('',(0.E0,1.E0,0.E0));
#878=VECTOR('',#877,1.2E-1);
#879=CARTESIAN_POINT('',(1.25E-1,0.E0,1.E0));
#880=LINE('',#879,#878);
#881=CURVE_STYLE('',#33,POSITIVE_LENGTH_MEASURE(2.E-2),#22);
#882=PRESENTATION_STYLE_ASSIGNMENT((#881));
#883=STYLED_ITEM('',(#882),#880);
#884=DIRECTION('',(0.E0,1.E0,0.E0));
#885=VECTOR('',#884,1.2E-1);
#886=CARTESIAN_POINT('',(1.25E-1,0.E0,6.25E-1));
#887=LINE('',#886,#885);
#888=CURVE_STYLE('',#33,POSITIVE_LENGTH_MEASURE(2.E-2),#22);
#889=PRESENTATION_STYLE_ASSIGNMENT((#888));
#890=STYLED_ITEM('',(#889),#887);
#891=DIRECTION('',(-1.E0,0.E0,0.E0));
#892=VECTOR('',#891,2.5E-1);
#893=CARTESIAN_POINT('',(1.25E-1,1.2E-1,1.E0));
#894=LINE('',#893,#892);
#895=CURVE_STYLE('',#33,POSITIVE_LENGTH_MEASURE(2.E-2),#22);
#896=PRESENTATION_STYLE_ASSIGNMENT((#895));
#897=STYLED_ITEM('',(#896),#894);
#898=DIRECTION('',(0.E0,0.E0,-1.E0));
#899=VECTOR('',#898,3.75E-1);
#900=CARTESIAN_POINT('',(-1.25E-1,1.2E-1,1.E0));
#901=LINE('',#900,#899);
#902=CURVE_STYLE('',#33,POSITIVE_LENGTH_MEASURE(2.E-2),#22);
#903=PRESENTATION_STYLE_ASSIGNMENT((#902));
#904=STYLED_ITEM('',(#903),#901);
#905=DIRECTION('',(1.E0,0.E0,0.E0));
#906=VECTOR('',#905,2.5E-1);
#907=CARTESIAN_POINT('',(-1.25E-1,1.2E-1,6.25E-1));
#908=LINE('',#907,#906);
#909=CURVE_STYLE('',#33,POSITIVE_LENGTH_MEASURE(2.E-2),#22);
#910=PRESENTATION_STYLE_ASSIGNMENT((#909));
#911=STYLED_ITEM('',(#910),#908);
#912=DIRECTION('',(0.E0,0.E0,1.E0));
#913=VECTOR('',#912,3.75E-1);
#914=CARTESIAN_POINT('',(1.25E-1,1.2E-1,6.25E-1));
#915=LINE('',#914,#913);
#916=CURVE_STYLE('',#33,POSITIVE_LENGTH_MEASURE(2.E-2),#22);
#917=PRESENTATION_STYLE_ASSIGNMENT((#916));
#918=STYLED_ITEM('',(#917),#915);
#919=CARTESIAN_POINT('',(1.25E-1,0.E0,1.E0));
#920=CARTESIAN_POINT('',(-1.25E-1,0.E0,1.E0));
#921=VERTEX_POINT('',#919);
#922=VERTEX_POINT('',#920);
#923=CARTESIAN_POINT('',(1.25E-1,1.2E-1,1.E0));
#924=CARTESIAN_POINT('',(-1.25E-1,1.2E-1,1.E0));
#925=VERTEX_POINT('',#923);
#926=VERTEX_POINT('',#924);
#927=CARTESIAN_POINT('',(-1.25E-1,0.E0,6.25E-1));
#928=CARTESIAN_POINT('',(1.25E-1,0.E0,6.25E-1));
#929=VERTEX_POINT('',#927);
#930=VERTEX_POINT('',#928);
#931=CARTESIAN_POINT('',(-1.25E-1,1.2E-1,6.25E-1));
#932=CARTESIAN_POINT('',(1.25E-1,1.2E-1,6.25E-1));
#933=VERTEX_POINT('',#931);
#934=VERTEX_POINT('',#932);
#935=CARTESIAN_POINT('',(0.E0,0.E0,0.E0));
#936=DIRECTION('',(0.E0,1.E0,0.E0));
#937=DIRECTION('',(1.E0,0.E0,0.E0));
#938=AXIS2_PLACEMENT_3D('',#935,#936,#937);
#939=PLANE('',#938);
#941=ORIENTED_EDGE('',*,*,#940,.F.);
#943=ORIENTED_EDGE('',*,*,#942,.F.);
#945=ORIENTED_EDGE('',*,*,#944,.F.);
#947=ORIENTED_EDGE('',*,*,#946,.F.);
#948=EDGE_LOOP('',(#941,#943,#945,#947));
#949=FACE_OUTER_BOUND('',#948,.F.);
#951=CARTESIAN_POINT('',(7.5E-1,0.E0,1.E0));
#952=DIRECTION('',(0.E0,0.E0,-1.E0));
#953=DIRECTION('',(-1.E0,0.E0,0.E0));
#954=AXIS2_PLACEMENT_3D('',#951,#952,#953);
#955=PLANE('',#954);
#957=ORIENTED_EDGE('',*,*,#956,.T.);
#959=ORIENTED_EDGE('',*,*,#958,.F.);
#961=ORIENTED_EDGE('',*,*,#960,.F.);
#962=ORIENTED_EDGE('',*,*,#940,.T.);
#963=EDGE_LOOP('',(#957,#959,#961,#962));
#964=FACE_OUTER_BOUND('',#963,.F.);
#966=FILL_AREA_STYLE_COLOUR('',#20);
#967=FILL_AREA_STYLE('',(#966));
#968=SURFACE_STYLE_FILL_AREA(#967);
#969=SURFACE_SIDE_STYLE('',(#968));
#970=SURFACE_STYLE_USAGE(.POSITIVE.,#969);
#971=PRESENTATION_STYLE_ASSIGNMENT((#970));
#972=OVER_RIDING_STYLED_ITEM('',(#971),#965,#834);
#973=CARTESIAN_POINT('',(-1.25E-1,0.E0,1.06E0));
#974=DIRECTION('',(1.E0,0.E0,0.E0));
#975=DIRECTION('',(0.E0,0.E0,-1.E0));
#976=AXIS2_PLACEMENT_3D('',#973,#974,#975);
#977=PLANE('',#976);
#978=ORIENTED_EDGE('',*,*,#956,.F.);
#979=ORIENTED_EDGE('',*,*,#946,.T.);
#981=ORIENTED_EDGE('',*,*,#980,.T.);
#983=ORIENTED_EDGE('',*,*,#982,.F.);
#984=EDGE_LOOP('',(#978,#979,#981,#983));
#985=FACE_OUTER_BOUND('',#984,.F.);
#987=CARTESIAN_POINT('',(-1.25E-1,0.E0,6.25E-1));
#988=DIRECTION('',(0.E0,0.E0,1.E0));
#989=DIRECTION('',(1.E0,0.E0,0.E0));
#990=AXIS2_PLACEMENT_3D('',#987,#988,#989);
#991=PLANE('',#990);
#992=ORIENTED_EDGE('',*,*,#944,.T.);
#994=ORIENTED_EDGE('',*,*,#993,.T.);
#996=ORIENTED_EDGE('',*,*,#995,.F.);
#997=ORIENTED_EDGE('',*,*,#980,.F.);
#998=EDGE_LOOP('',(#992,#994,#996,#997));
#999=FACE_OUTER_BOUND('',#998,.F.);
#1001=CARTESIAN_POINT('',(1.25E-1,0.E0,6.25E-1));
#1002=DIRECTION('',(-1.E0,0.E0,0.E0));
#1003=DIRECTION('',(0.E0,0.E0,1.E0));
#1004=AXIS2_PLACEMENT_3D('',#1001,#1002,#1003);
#1005=PLANE('',#1004);
#1006=ORIENTED_EDGE('',*,*,#960,.T.);
#1008=ORIENTED_EDGE('',*,*,#1007,.F.);
#1009=ORIENTED_EDGE('',*,*,#993,.F.);
#1010=ORIENTED_EDGE('',*,*,#942,.T.);
#1011=EDGE_LOOP('',(#1006,#1008,#1009,#1010));
#1012=FACE_OUTER_BOUND('',#1011,.F.);
#1014=CARTESIAN_POINT('',(0.E0,1.2E-1,0.E0));
#1015=DIRECTION('',(0.E0,1.E0,0.E0));
#1016=DIRECTION('',(1.E0,0.E0,0.E0));
#1017=AXIS2_PLACEMENT_3D('',#1014,#1015,#1016);
#1018=PLANE('',#1017);
#1019=ORIENTED_EDGE('',*,*,#958,.T.);
#1020=ORIENTED_EDGE('',*,*,#982,.T.);
#1021=ORIENTED_EDGE('',*,*,#995,.T.);
#1022=ORIENTED_EDGE('',*,*,#1007,.T.);
#1023=EDGE_LOOP('',(#1019,#1020,#1021,#1022));
#1024=FACE_OUTER_BOUND('',#1023,.F.);
#1026=CLOSED_SHELL('',(#950,#965,#986,#1000,#1013,#1025));
#1027=MANIFOLD_SOLID_BREP('',#1026);
#1028=FILL_AREA_STYLE_COLOUR('',#22);
#1029=FILL_AREA_STYLE('',(#1028));
#1030=SURFACE_STYLE_FILL_AREA(#1029);
#1031=SURFACE_SIDE_STYLE('',(#1030));
#1032=SURFACE_STYLE_USAGE(.POSITIVE.,#1031);
#1033=PRESENTATION_STYLE_ASSIGNMENT((#1032));
#834=STYLED_ITEM('',(#1033),#1027);
#1035=DIRECTION('',(0.E0,0.E0,-1.E0));
#1036=VECTOR('',#1035,2.5E-1);
#1037=CARTESIAN_POINT('',(-7.5E-1,0.E0,8.75E-1));
#1038=LINE('',#1037,#1036);
#1039=CURVE_STYLE('',#33,POSITIVE_LENGTH_MEASURE(2.E-2),#22);
#1040=PRESENTATION_STYLE_ASSIGNMENT((#1039));
#1041=STYLED_ITEM('',(#1040),#1038);
#1042=DIRECTION('',(1.E0,0.E0,0.E0));
#1043=VECTOR('',#1042,3.75E-1);
#1044=CARTESIAN_POINT('',(-7.5E-1,0.E0,8.75E-1));
#1045=LINE('',#1044,#1043);
#1046=CURVE_STYLE('',#33,POSITIVE_LENGTH_MEASURE(2.E-2),#22);
#1047=PRESENTATION_STYLE_ASSIGNMENT((#1046));
#1048=STYLED_ITEM('',(#1047),#1045);
#1049=DIRECTION('',(0.E0,0.E0,-1.E0));
#1050=VECTOR('',#1049,2.5E-1);
#1051=CARTESIAN_POINT('',(-3.75E-1,0.E0,8.75E-1));
#1052=LINE('',#1051,#1050);
#1053=CURVE_STYLE('',#33,POSITIVE_LENGTH_MEASURE(2.E-2),#22);
#1054=PRESENTATION_STYLE_ASSIGNMENT((#1053));
#1055=STYLED_ITEM('',(#1054),#1052);
#1056=DIRECTION('',(-1.E0,0.E0,0.E0));
#1057=VECTOR('',#1056,3.75E-1);
#1058=CARTESIAN_POINT('',(-3.75E-1,0.E0,6.25E-1));
#1059=LINE('',#1058,#1057);
#1060=CURVE_STYLE('',#33,POSITIVE_LENGTH_MEASURE(2.E-2),#22);
#1061=PRESENTATION_STYLE_ASSIGNMENT((#1060));
#1062=STYLED_ITEM('',(#1061),#1059);
#1063=DIRECTION('',(0.E0,1.E0,0.E0));
#1064=VECTOR('',#1063,1.2E-1);
#1065=CARTESIAN_POINT('',(-7.5E-1,0.E0,6.25E-1));
#1066=LINE('',#1065,#1064);
#1067=CURVE_STYLE('',#33,POSITIVE_LENGTH_MEASURE(2.E-2),#22);
#1068=PRESENTATION_STYLE_ASSIGNMENT((#1067));
#1069=STYLED_ITEM('',(#1068),#1066);
#1070=DIRECTION('',(0.E0,1.E0,0.E0));
#1071=VECTOR('',#1070,1.2E-1);
#1072=CARTESIAN_POINT('',(-3.75E-1,0.E0,6.25E-1));
#1073=LINE('',#1072,#1071);
#1074=CURVE_STYLE('',#33,POSITIVE_LENGTH_MEASURE(2.E-2),#22);
#1075=PRESENTATION_STYLE_ASSIGNMENT((#1074));
#1076=STYLED_ITEM('',(#1075),#1073);
#1077=DIRECTION('',(0.E0,1.E0,0.E0));
#1078=VECTOR('',#1077,1.2E-1);
#1079=CARTESIAN_POINT('',(-3.75E-1,0.E0,8.75E-1));
#1080=LINE('',#1079,#1078);
#1081=CURVE_STYLE('',#33,POSITIVE_LENGTH_MEASURE(2.E-2),#22);
#1082=PRESENTATION_STYLE_ASSIGNMENT((#1081));
#1083=STYLED_ITEM('',(#1082),#1080);
#1084=DIRECTION('',(0.E0,1.E0,0.E0));
#1085=VECTOR('',#1084,1.2E-1);
#1086=CARTESIAN_POINT('',(-7.5E-1,0.E0,8.75E-1));
#1087=LINE('',#1086,#1085);
#1088=CURVE_STYLE('',#33,POSITIVE_LENGTH_MEASURE(2.E-2),#22);
#1089=PRESENTATION_STYLE_ASSIGNMENT((#1088));
#1090=STYLED_ITEM('',(#1089),#1087);
#1091=DIRECTION('',(0.E0,0.E0,-1.E0));
#1092=VECTOR('',#1091,2.5E-1);
#1093=CARTESIAN_POINT('',(-7.5E-1,1.2E-1,8.75E-1));
#1094=LINE('',#1093,#1092);
#1095=CURVE_STYLE('',#33,POSITIVE_LENGTH_MEASURE(2.E-2),#22);
#1096=PRESENTATION_STYLE_ASSIGNMENT((#1095));
#1097=STYLED_ITEM('',(#1096),#1094);
#1098=DIRECTION('',(-1.E0,0.E0,0.E0));
#1099=VECTOR('',#1098,3.75E-1);
#1100=CARTESIAN_POINT('',(-3.75E-1,1.2E-1,6.25E-1));
#1101=LINE('',#1100,#1099);
#1102=CURVE_STYLE('',#33,POSITIVE_LENGTH_MEASURE(2.E-2),#22);
#1103=PRESENTATION_STYLE_ASSIGNMENT((#1102));
#1104=STYLED_ITEM('',(#1103),#1101);
#1105=DIRECTION('',(0.E0,0.E0,-1.E0));
#1106=VECTOR('',#1105,2.5E-1);
#1107=CARTESIAN_POINT('',(-3.75E-1,1.2E-1,8.75E-1));
#1108=LINE('',#1107,#1106);
#1109=CURVE_STYLE('',#33,POSITIVE_LENGTH_MEASURE(2.E-2),#22);
#1110=PRESENTATION_STYLE_ASSIGNMENT((#1109));
#1111=STYLED_ITEM('',(#1110),#1108);
#1112=DIRECTION('',(1.E0,0.E0,0.E0));
#1113=VECTOR('',#1112,3.75E-1);
#1114=CARTESIAN_POINT('',(-7.5E-1,1.2E-1,8.75E-1));
#1115=LINE('',#1114,#1113);
#1116=CURVE_STYLE('',#33,POSITIVE_LENGTH_MEASURE(2.E-2),#22);
#1117=PRESENTATION_STYLE_ASSIGNMENT((#1116));
#1118=STYLED_ITEM('',(#1117),#1115);
#1119=CARTESIAN_POINT('',(-7.5E-1,0.E0,8.75E-1));
#1120=CARTESIAN_POINT('',(-7.5E-1,0.E0,6.25E-1));
#1121=VERTEX_POINT('',#1119);
#1122=VERTEX_POINT('',#1120);
#1123=CARTESIAN_POINT('',(-7.5E-1,1.2E-1,8.75E-1));
#1124=CARTESIAN_POINT('',(-7.5E-1,1.2E-1,6.25E-1));
#1125=VERTEX_POINT('',#1123);
#1126=VERTEX_POINT('',#1124);
#1127=CARTESIAN_POINT('',(-3.75E-1,0.E0,8.75E-1));
#1128=CARTESIAN_POINT('',(-3.75E-1,0.E0,6.25E-1));
#1129=VERTEX_POINT('',#1127);
#1130=VERTEX_POINT('',#1128);
#1131=CARTESIAN_POINT('',(-3.75E-1,1.2E-1,8.75E-1));
#1132=CARTESIAN_POINT('',(-3.75E-1,1.2E-1,6.25E-1));
#1133=VERTEX_POINT('',#1131);
#1134=VERTEX_POINT('',#1132);
#1135=CARTESIAN_POINT('',(0.E0,0.E0,0.E0));
#1136=DIRECTION('',(0.E0,1.E0,0.E0));
#1137=DIRECTION('',(1.E0,0.E0,0.E0));
#1138=AXIS2_PLACEMENT_3D('',#1135,#1136,#1137);
#1139=PLANE('',#1138);
#1141=ORIENTED_EDGE('',*,*,#1140,.F.);
#1143=ORIENTED_EDGE('',*,*,#1142,.T.);
#1145=ORIENTED_EDGE('',*,*,#1144,.T.);
#1147=ORIENTED_EDGE('',*,*,#1146,.T.);
#1148=EDGE_LOOP('',(#1141,#1143,#1145,#1147));
#1149=FACE_OUTER_BOUND('',#1148,.F.);
#1151=CARTESIAN_POINT('',(-7.5E-1,0.E0,1.E0));
#1152=DIRECTION('',(1.E0,0.E0,0.E0));
#1153=DIRECTION('',(0.E0,0.E0,-1.E0));
#1154=AXIS2_PLACEMENT_3D('',#1151,#1152,#1153);
#1155=PLANE('',#1154);
#1157=ORIENTED_EDGE('',*,*,#1156,.T.);
#1159=ORIENTED_EDGE('',*,*,#1158,.F.);
#1161=ORIENTED_EDGE('',*,*,#1160,.F.);
#1162=ORIENTED_EDGE('',*,*,#1140,.T.);
#1163=EDGE_LOOP('',(#1157,#1159,#1161,#1162));
#1164=FACE_OUTER_BOUND('',#1163,.F.);
#1166=FILL_AREA_STYLE_COLOUR('',#20);
#1167=FILL_AREA_STYLE('',(#1166));
#1168=SURFACE_STYLE_FILL_AREA(#1167);
#1169=SURFACE_SIDE_STYLE('',(#1168));
#1170=SURFACE_STYLE_USAGE(.POSITIVE.,#1169);
#1171=PRESENTATION_STYLE_ASSIGNMENT((#1170));
#1172=OVER_RIDING_STYLED_ITEM('',(#1171),#1165,#1034);
#1173=CARTESIAN_POINT('',(-3.75E-1,0.E0,6.25E-1));
#1174=DIRECTION('',(0.E0,0.E0,-1.E0));
#1175=DIRECTION('',(-1.E0,0.E0,0.E0));
#1176=AXIS2_PLACEMENT_3D('',#1173,#1174,#1175);
#1177=PLANE('',#1176);
#1178=ORIENTED_EDGE('',*,*,#1156,.F.);
#1179=ORIENTED_EDGE('',*,*,#1146,.F.);
#1181=ORIENTED_EDGE('',*,*,#1180,.T.);
#1183=ORIENTED_EDGE('',*,*,#1182,.T.);
#1184=EDGE_LOOP('',(#1178,#1179,#1181,#1183));
#1185=FACE_OUTER_BOUND('',#1184,.F.);
#1187=CARTESIAN_POINT('',(-3.75E-1,0.E0,8.75E-1));
#1188=DIRECTION('',(1.E0,0.E0,0.E0));
#1189=DIRECTION('',(0.E0,0.E0,-1.E0));
#1190=AXIS2_PLACEMENT_3D('',#1187,#1188,#1189);
#1191=PLANE('',#1190);
#1192=ORIENTED_EDGE('',*,*,#1144,.F.);
#1194=ORIENTED_EDGE('',*,*,#1193,.T.);
#1196=ORIENTED_EDGE('',*,*,#1195,.T.);
#1197=ORIENTED_EDGE('',*,*,#1180,.F.);
#1198=EDGE_LOOP('',(#1192,#1194,#1196,#1197));
#1199=FACE_OUTER_BOUND('',#1198,.F.);
#1201=CARTESIAN_POINT('',(-8.1E-1,0.E0,8.75E-1));
#1202=DIRECTION('',(0.E0,0.E0,1.E0));
#1203=DIRECTION('',(1.E0,0.E0,0.E0));
#1204=AXIS2_PLACEMENT_3D('',#1201,#1202,#1203);
#1205=PLANE('',#1204);
#1206=ORIENTED_EDGE('',*,*,#1160,.T.);
#1208=ORIENTED_EDGE('',*,*,#1207,.T.);
#1209=ORIENTED_EDGE('',*,*,#1193,.F.);
#1210=ORIENTED_EDGE('',*,*,#1142,.F.);
#1211=EDGE_LOOP('',(#1206,#1208,#1209,#1210));
#1212=FACE_OUTER_BOUND('',#1211,.F.);
#1214=CARTESIAN_POINT('',(0.E0,1.2E-1,0.E0));
#1215=DIRECTION('',(0.E0,1.E0,0.E0));
#1216=DIRECTION('',(1.E0,0.E0,0.E0));
#1217=AXIS2_PLACEMENT_3D('',#1214,#1215,#1216);
#1218=PLANE('',#1217);
#1219=ORIENTED_EDGE('',*,*,#1158,.T.);
#1220=ORIENTED_EDGE('',*,*,#1182,.F.);
#1221=ORIENTED_EDGE('',*,*,#1195,.F.);
#1222=ORIENTED_EDGE('',*,*,#1207,.F.);
#1223=EDGE_LOOP('',(#1219,#1220,#1221,#1222));
#1224=FACE_OUTER_BOUND('',#1223,.F.);
#1226=CLOSED_SHELL('',(#1150,#1165,#1186,#1200,#1213,#1225));
#1227=MANIFOLD_SOLID_BREP('',#1226);
#1228=FILL_AREA_STYLE_COLOUR('',#22);
#1229=FILL_AREA_STYLE('',(#1228));
#1230=SURFACE_STYLE_FILL_AREA(#1229);
#1231=SURFACE_SIDE_STYLE('',(#1230));
#1232=SURFACE_STYLE_USAGE(.POSITIVE.,#1231);
#1233=PRESENTATION_STYLE_ASSIGNMENT((#1232));
#1034=STYLED_ITEM('',(#1233),#1227);
#1235=DIRECTION('',(1.E0,0.E0,0.E0));
#1236=VECTOR('',#1235,6.25E-1);
#1237=CARTESIAN_POINT('',(-7.5E-1,0.E0,1.25E-1));
#1238=LINE('',#1237,#1236);
#1239=CURVE_STYLE('',#33,POSITIVE_LENGTH_MEASURE(2.E-2),#22);
#1240=PRESENTATION_STYLE_ASSIGNMENT((#1239));
#1241=STYLED_ITEM('',(#1240),#1238);
#1242=DIRECTION('',(0.E0,1.E0,0.E0));
#1243=VECTOR('',#1242,1.2E-1);
#1244=CARTESIAN_POINT('',(-1.25E-1,0.E0,1.25E-1));
#1245=LINE('',#1244,#1243);
#1246=CURVE_STYLE('',#33,POSITIVE_LENGTH_MEASURE(2.E-2),#22);
#1247=PRESENTATION_STYLE_ASSIGNMENT((#1246));
#1248=STYLED_ITEM('',(#1247),#1245);
#1249=DIRECTION('',(0.E0,1.E0,0.E0));
#1250=VECTOR('',#1249,1.2E-1);
#1251=CARTESIAN_POINT('',(-7.5E-1,0.E0,1.25E-1));
#1252=LINE('',#1251,#1250);
#1253=CURVE_STYLE('',#33,POSITIVE_LENGTH_MEASURE(2.E-2),#22);
#1254=PRESENTATION_STYLE_ASSIGNMENT((#1253));
#1255=STYLED_ITEM('',(#1254),#1252);
#1256=DIRECTION('',(0.E0,0.E0,-1.E0));
#1257=VECTOR('',#1256,2.5E-1);
#1258=CARTESIAN_POINT('',(-1.25E-1,0.E0,3.75E-1));
#1259=LINE('',#1258,#1257);
#1260=CURVE_STYLE('',#33,POSITIVE_LENGTH_MEASURE(2.E-2),#22);
#1261=PRESENTATION_STYLE_ASSIGNMENT((#1260));
#1262=STYLED_ITEM('',(#1261),#1259);
#1263=DIRECTION('',(0.E0,0.E0,-1.E0));
#1264=VECTOR('',#1263,2.5E-1);
#1265=CARTESIAN_POINT('',(-7.5E-1,0.E0,3.75E-1));
#1266=LINE('',#1265,#1264);
#1267=CURVE_STYLE('',#33,POSITIVE_LENGTH_MEASURE(2.E-2),#22);
#1268=PRESENTATION_STYLE_ASSIGNMENT((#1267));
#1269=STYLED_ITEM('',(#1268),#1266);
#1270=DIRECTION('',(-1.E0,0.E0,0.E0));
#1271=VECTOR('',#1270,6.25E-1);
#1272=CARTESIAN_POINT('',(-1.25E-1,0.E0,3.75E-1));
#1273=LINE('',#1272,#1271);
#1274=CURVE_STYLE('',#33,POSITIVE_LENGTH_MEASURE(2.E-2),#22);
#1275=PRESENTATION_STYLE_ASSIGNMENT((#1274));
#1276=STYLED_ITEM('',(#1275),#1273);
#1277=DIRECTION('',(0.E0,1.E0,0.E0));
#1278=VECTOR('',#1277,1.2E-1);
#1279=CARTESIAN_POINT('',(-7.5E-1,0.E0,3.75E-1));
#1280=LINE('',#1279,#1278);
#1281=CURVE_STYLE('',#33,POSITIVE_LENGTH_MEASURE(2.E-2),#22);
#1282=PRESENTATION_STYLE_ASSIGNMENT((#1281));
#1283=STYLED_ITEM('',(#1282),#1280);
#1284=DIRECTION('',(1.E0,0.E0,0.E0));
#1285=VECTOR('',#1284,6.25E-1);
#1286=CARTESIAN_POINT('',(-7.5E-1,1.2E-1,1.25E-1));
#1287=LINE('',#1286,#1285);
#1288=CURVE_STYLE('',#33,POSITIVE_LENGTH_MEASURE(2.E-2),#22);
#1289=PRESENTATION_STYLE_ASSIGNMENT((#1288));
#1290=STYLED_ITEM('',(#1289),#1287);
#1291=DIRECTION('',(0.E0,0.E0,-1.E0));
#1292=VECTOR('',#1291,2.5E-1);
#1293=CARTESIAN_POINT('',(-1.25E-1,1.2E-1,3.75E-1));
#1294=LINE('',#1293,#1292);
#1295=CURVE_STYLE('',#33,POSITIVE_LENGTH_MEASURE(2.E-2),#22);
#1296=PRESENTATION_STYLE_ASSIGNMENT((#1295));
#1297=STYLED_ITEM('',(#1296),#1294);
#1298=DIRECTION('',(-1.E0,0.E0,0.E0));
#1299=VECTOR('',#1298,6.25E-1);
#1300=CARTESIAN_POINT('',(-1.25E-1,1.2E-1,3.75E-1));
#1301=LINE('',#1300,#1299);
#1302=CURVE_STYLE('',#33,POSITIVE_LENGTH_MEASURE(2.E-2),#22);
#1303=PRESENTATION_STYLE_ASSIGNMENT((#1302));
#1304=STYLED_ITEM('',(#1303),#1301);
#1305=DIRECTION('',(0.E0,0.E0,-1.E0));
#1306=VECTOR('',#1305,2.5E-1);
#1307=CARTESIAN_POINT('',(-7.5E-1,1.2E-1,3.75E-1));
#1308=LINE('',#1307,#1306);
#1309=CURVE_STYLE('',#33,POSITIVE_LENGTH_MEASURE(2.E-2),#22);
#1310=PRESENTATION_STYLE_ASSIGNMENT((#1309));
#1311=STYLED_ITEM('',(#1310),#1308);
#1312=DIRECTION('',(0.E0,1.E0,0.E0));
#1313=VECTOR('',#1312,1.2E-1);
#1314=CARTESIAN_POINT('',(-1.25E-1,0.E0,3.75E-1));
#1315=LINE('',#1314,#1313);
#1316=CURVE_STYLE('',#33,POSITIVE_LENGTH_MEASURE(2.E-2),#22);
#1317=PRESENTATION_STYLE_ASSIGNMENT((#1316));
#1318=STYLED_ITEM('',(#1317),#1315);
#1319=CARTESIAN_POINT('',(-7.5E-1,0.E0,3.75E-1));
#1320=CARTESIAN_POINT('',(-7.5E-1,0.E0,1.25E-1));
#1321=VERTEX_POINT('',#1319);
#1322=VERTEX_POINT('',#1320);
#1323=CARTESIAN_POINT('',(-7.5E-1,1.2E-1,3.75E-1));
#1324=CARTESIAN_POINT('',(-7.5E-1,1.2E-1,1.25E-1));
#1325=VERTEX_POINT('',#1323);
#1326=VERTEX_POINT('',#1324);
#1327=CARTESIAN_POINT('',(-1.25E-1,0.E0,3.75E-1));
#1328=CARTESIAN_POINT('',(-1.25E-1,0.E0,1.25E-1));
#1329=VERTEX_POINT('',#1327);
#1330=VERTEX_POINT('',#1328);
#1331=CARTESIAN_POINT('',(-1.25E-1,1.2E-1,3.75E-1));
#1332=CARTESIAN_POINT('',(-1.25E-1,1.2E-1,1.25E-1));
#1333=VERTEX_POINT('',#1331);
#1334=VERTEX_POINT('',#1332);
#1335=CARTESIAN_POINT('',(-3.75E-1,0.E0,1.25E-1));
#1336=DIRECTION('',(0.E0,0.E0,-1.E0));
#1337=DIRECTION('',(-1.E0,0.E0,0.E0));
#1338=AXIS2_PLACEMENT_3D('',#1335,#1336,#1337);
#1339=PLANE('',#1338);
#1341=ORIENTED_EDGE('',*,*,#1340,.T.);
#1343=ORIENTED_EDGE('',*,*,#1342,.T.);
#1345=ORIENTED_EDGE('',*,*,#1344,.F.);
#1347=ORIENTED_EDGE('',*,*,#1346,.F.);
#1348=EDGE_LOOP('',(#1341,#1343,#1345,#1347));
#1349=FACE_OUTER_BOUND('',#1348,.F.);
#1351=CARTESIAN_POINT('',(0.E0,0.E0,0.E0));
#1352=DIRECTION('',(0.E0,1.E0,0.E0));
#1353=DIRECTION('',(1.E0,0.E0,0.E0));
#1354=AXIS2_PLACEMENT_3D('',#1351,#1352,#1353);
#1355=PLANE('',#1354);
#1357=ORIENTED_EDGE('',*,*,#1356,.F.);
#1359=ORIENTED_EDGE('',*,*,#1358,.T.);
#1360=ORIENTED_EDGE('',*,*,#1340,.F.);
#1362=ORIENTED_EDGE('',*,*,#1361,.F.);
#1363=EDGE_LOOP('',(#1357,#1359,#1360,#1362));
#1364=FACE_OUTER_BOUND('',#1363,.F.);
#1366=CARTESIAN_POINT('',(-8.1E-1,0.E0,3.75E-1));
#1367=DIRECTION('',(0.E0,0.E0,1.E0));
#1368=DIRECTION('',(1.E0,0.E0,0.E0));
#1369=AXIS2_PLACEMENT_3D('',#1366,#1367,#1368);
#1370=PLANE('',#1369);
#1372=ORIENTED_EDGE('',*,*,#1371,.F.);
#1374=ORIENTED_EDGE('',*,*,#1373,.F.);
#1375=ORIENTED_EDGE('',*,*,#1356,.T.);
#1377=ORIENTED_EDGE('',*,*,#1376,.T.);
#1378=EDGE_LOOP('',(#1372,#1374,#1375,#1377));
#1379=FACE_OUTER_BOUND('',#1378,.F.);
#1381=CARTESIAN_POINT('',(0.E0,1.2E-1,0.E0));
#1382=DIRECTION('',(0.E0,1.E0,0.E0));
#1383=DIRECTION('',(1.E0,0.E0,0.E0));
#1384=AXIS2_PLACEMENT_3D('',#1381,#1382,#1383);
#1385=PLANE('',#1384);
#1386=ORIENTED_EDGE('',*,*,#1344,.T.);
#1388=ORIENTED_EDGE('',*,*,#1387,.F.);
#1389=ORIENTED_EDGE('',*,*,#1371,.T.);
#1391=ORIENTED_EDGE('',*,*,#1390,.T.);
#1392=EDGE_LOOP('',(#1386,#1388,#1389,#1391));
#1393=FACE_OUTER_BOUND('',#1392,.F.);
#1395=CARTESIAN_POINT('',(-1.25E-1,0.E0,3.75E-1));
#1396=DIRECTION('',(1.E0,0.E0,0.E0));
#1397=DIRECTION('',(0.E0,0.E0,-1.E0));
#1398=AXIS2_PLACEMENT_3D('',#1395,#1396,#1397);
#1399=PLANE('',#1398);
#1400=ORIENTED_EDGE('',*,*,#1358,.F.);
#1401=ORIENTED_EDGE('',*,*,#1373,.T.);
#1402=ORIENTED_EDGE('',*,*,#1387,.T.);
#1403=ORIENTED_EDGE('',*,*,#1342,.F.);
#1404=EDGE_LOOP('',(#1400,#1401,#1402,#1403));
#1405=FACE_OUTER_BOUND('',#1404,.F.);
#1407=CARTESIAN_POINT('',(-7.5E-1,0.E0,1.E0));
#1408=DIRECTION('',(1.E0,0.E0,0.E0));
#1409=DIRECTION('',(0.E0,0.E0,-1.E0));
#1410=AXIS2_PLACEMENT_3D('',#1407,#1408,#1409);
#1411=PLANE('',#1410);
#1412=ORIENTED_EDGE('',*,*,#1346,.T.);
#1413=ORIENTED_EDGE('',*,*,#1390,.F.);
#1414=ORIENTED_EDGE('',*,*,#1376,.F.);
#1415=ORIENTED_EDGE('',*,*,#1361,.T.);
#1416=EDGE_LOOP('',(#1412,#1413,#1414,#1415));
#1417=FACE_OUTER_BOUND('',#1416,.F.);
#1419=FILL_AREA_STYLE_COLOUR('',#20);
#1420=FILL_AREA_STYLE('',(#1419));
#1421=SURFACE_STYLE_FILL_AREA(#1420);
#1422=SURFACE_SIDE_STYLE('',(#1421));
#1423=SURFACE_STYLE_USAGE(.POSITIVE.,#1422);
#1424=PRESENTATION_STYLE_ASSIGNMENT((#1423));
#1425=OVER_RIDING_STYLED_ITEM('',(#1424),#1418,#1234);
#1426=CLOSED_SHELL('',(#1350,#1365,#1380,#1394,#1406,#1418));
#1427=MANIFOLD_SOLID_BREP('',#1426);
#1428=FILL_AREA_STYLE_COLOUR('',#22);
#1429=FILL_AREA_STYLE('',(#1428));
#1430=SURFACE_STYLE_FILL_AREA(#1429);
#1431=SURFACE_SIDE_STYLE('',(#1430));
#1432=SURFACE_STYLE_USAGE(.POSITIVE.,#1431);
#1433=PRESENTATION_STYLE_ASSIGNMENT((#1432));
#1234=STYLED_ITEM('',(#1433),#1427);
#1435=DIRECTION('',(1.E0,0.E0,0.E0));
#1436=VECTOR('',#1435,6.25E-1);
#1437=CARTESIAN_POINT('',(-7.5E-1,0.E0,-3.75E-1));
#1438=LINE('',#1437,#1436);
#1439=CURVE_STYLE('',#33,POSITIVE_LENGTH_MEASURE(2.E-2),#22);
#1440=PRESENTATION_STYLE_ASSIGNMENT((#1439));
#1441=STYLED_ITEM('',(#1440),#1438);
#1442=DIRECTION('',(0.E0,1.E0,0.E0));
#1443=VECTOR('',#1442,1.2E-1);
#1444=CARTESIAN_POINT('',(-1.25E-1,0.E0,-3.75E-1));
#1445=LINE('',#1444,#1443);
#1446=CURVE_STYLE('',#33,POSITIVE_LENGTH_MEASURE(2.E-2),#22);
#1447=PRESENTATION_STYLE_ASSIGNMENT((#1446));
#1448=STYLED_ITEM('',(#1447),#1445);
#1449=DIRECTION('',(0.E0,1.E0,0.E0));
#1450=VECTOR('',#1449,1.2E-1);
#1451=CARTESIAN_POINT('',(-7.5E-1,0.E0,-3.75E-1));
#1452=LINE('',#1451,#1450);
#1453=CURVE_STYLE('',#33,POSITIVE_LENGTH_MEASURE(2.E-2),#22);
#1454=PRESENTATION_STYLE_ASSIGNMENT((#1453));
#1455=STYLED_ITEM('',(#1454),#1452);
#1456=DIRECTION('',(0.E0,0.E0,-1.E0));
#1457=VECTOR('',#1456,2.5E-1);
#1458=CARTESIAN_POINT('',(-1.25E-1,0.E0,-1.25E-1));
#1459=LINE('',#1458,#1457);
#1460=CURVE_STYLE('',#33,POSITIVE_LENGTH_MEASURE(2.E-2),#22);
#1461=PRESENTATION_STYLE_ASSIGNMENT((#1460));
#1462=STYLED_ITEM('',(#1461),#1459);
#1463=DIRECTION('',(0.E0,0.E0,-1.E0));
#1464=VECTOR('',#1463,2.5E-1);
#1465=CARTESIAN_POINT('',(-7.5E-1,0.E0,-1.25E-1));
#1466=LINE('',#1465,#1464);
#1467=CURVE_STYLE('',#33,POSITIVE_LENGTH_MEASURE(2.E-2),#22);
#1468=PRESENTATION_STYLE_ASSIGNMENT((#1467));
#1469=STYLED_ITEM('',(#1468),#1466);
#1470=DIRECTION('',(-1.E0,0.E0,0.E0));
#1471=VECTOR('',#1470,6.25E-1);
#1472=CARTESIAN_POINT('',(-1.25E-1,0.E0,-1.25E-1));
#1473=LINE('',#1472,#1471);
#1474=CURVE_STYLE('',#33,POSITIVE_LENGTH_MEASURE(2.E-2),#22);
#1475=PRESENTATION_STYLE_ASSIGNMENT((#1474));
#1476=STYLED_ITEM('',(#1475),#1473);
#1477=DIRECTION('',(0.E0,1.E0,0.E0));
#1478=VECTOR('',#1477,1.2E-1);
#1479=CARTESIAN_POINT('',(-7.5E-1,0.E0,-1.25E-1));
#1480=LINE('',#1479,#1478);
#1481=CURVE_STYLE('',#33,POSITIVE_LENGTH_MEASURE(2.E-2),#22);
#1482=PRESENTATION_STYLE_ASSIGNMENT((#1481));
#1483=STYLED_ITEM('',(#1482),#1480);
#1484=DIRECTION('',(1.E0,0.E0,0.E0));
#1485=VECTOR('',#1484,6.25E-1);
#1486=CARTESIAN_POINT('',(-7.5E-1,1.2E-1,-3.75E-1));
#1487=LINE('',#1486,#1485);
#1488=CURVE_STYLE('',#33,POSITIVE_LENGTH_MEASURE(2.E-2),#22);
#1489=PRESENTATION_STYLE_ASSIGNMENT((#1488));
#1490=STYLED_ITEM('',(#1489),#1487);
#1491=DIRECTION('',(0.E0,0.E0,-1.E0));
#1492=VECTOR('',#1491,2.5E-1);
#1493=CARTESIAN_POINT('',(-1.25E-1,1.2E-1,-1.25E-1));
#1494=LINE('',#1493,#1492);
#1495=CURVE_STYLE('',#33,POSITIVE_LENGTH_MEASURE(2.E-2),#22);
#1496=PRESENTATION_STYLE_ASSIGNMENT((#1495));
#1497=STYLED_ITEM('',(#1496),#1494);
#1498=DIRECTION('',(-1.E0,0.E0,0.E0));
#1499=VECTOR('',#1498,6.25E-1);
#1500=CARTESIAN_POINT('',(-1.25E-1,1.2E-1,-1.25E-1));
#1501=LINE('',#1500,#1499);
#1502=CURVE_STYLE('',#33,POSITIVE_LENGTH_MEASURE(2.E-2),#22);
#1503=PRESENTATION_STYLE_ASSIGNMENT((#1502));
#1504=STYLED_ITEM('',(#1503),#1501);
#1505=DIRECTION('',(0.E0,0.E0,-1.E0));
#1506=VECTOR('',#1505,2.5E-1);
#1507=CARTESIAN_POINT('',(-7.5E-1,1.2E-1,-1.25E-1));
#1508=LINE('',#1507,#1506);
#1509=CURVE_STYLE('',#33,POSITIVE_LENGTH_MEASURE(2.E-2),#22);
#1510=PRESENTATION_STYLE_ASSIGNMENT((#1509));
#1511=STYLED_ITEM('',(#1510),#1508);
#1512=DIRECTION('',(0.E0,1.E0,0.E0));
#1513=VECTOR('',#1512,1.2E-1);
#1514=CARTESIAN_POINT('',(-1.25E-1,0.E0,-1.25E-1));
#1515=LINE('',#1514,#1513);
#1516=CURVE_STYLE('',#33,POSITIVE_LENGTH_MEASURE(2.E-2),#22);
#1517=PRESENTATION_STYLE_ASSIGNMENT((#1516));
#1518=STYLED_ITEM('',(#1517),#1515);
#1519=CARTESIAN_POINT('',(-7.5E-1,0.E0,-1.25E-1));
#1520=CARTESIAN_POINT('',(-7.5E-1,0.E0,-3.75E-1));
#1521=VERTEX_POINT('',#1519);
#1522=VERTEX_POINT('',#1520);
#1523=CARTESIAN_POINT('',(-7.5E-1,1.2E-1,-1.25E-1));
#1524=CARTESIAN_POINT('',(-7.5E-1,1.2E-1,-3.75E-1));
#1525=VERTEX_POINT('',#1523);
#1526=VERTEX_POINT('',#1524);
#1527=CARTESIAN_POINT('',(-1.25E-1,0.E0,-1.25E-1));
#1528=CARTESIAN_POINT('',(-1.25E-1,0.E0,-3.75E-1));
#1529=VERTEX_POINT('',#1527);
#1530=VERTEX_POINT('',#1528);
#1531=CARTESIAN_POINT('',(-1.25E-1,1.2E-1,-1.25E-1));
#1532=CARTESIAN_POINT('',(-1.25E-1,1.2E-1,-3.75E-1));
#1533=VERTEX_POINT('',#1531);
#1534=VERTEX_POINT('',#1532);
#1535=CARTESIAN_POINT('',(-3.75E-1,0.E0,-3.75E-1));
#1536=DIRECTION('',(0.E0,0.E0,-1.E0));
#1537=DIRECTION('',(-1.E0,0.E0,0.E0));
#1538=AXIS2_PLACEMENT_3D('',#1535,#1536,#1537);
#1539=PLANE('',#1538);
#1541=ORIENTED_EDGE('',*,*,#1540,.T.);
#1543=ORIENTED_EDGE('',*,*,#1542,.T.);
#1545=ORIENTED_EDGE('',*,*,#1544,.F.);
#1547=ORIENTED_EDGE('',*,*,#1546,.F.);
#1548=EDGE_LOOP('',(#1541,#1543,#1545,#1547));
#1549=FACE_OUTER_BOUND('',#1548,.F.);
#1551=CARTESIAN_POINT('',(0.E0,0.E0,0.E0));
#1552=DIRECTION('',(0.E0,1.E0,0.E0));
#1553=DIRECTION('',(1.E0,0.E0,0.E0));
#1554=AXIS2_PLACEMENT_3D('',#1551,#1552,#1553);
#1555=PLANE('',#1554);
#1557=ORIENTED_EDGE('',*,*,#1556,.F.);
#1559=ORIENTED_EDGE('',*,*,#1558,.T.);
#1560=ORIENTED_EDGE('',*,*,#1540,.F.);
#1562=ORIENTED_EDGE('',*,*,#1561,.F.);
#1563=EDGE_LOOP('',(#1557,#1559,#1560,#1562));
#1564=FACE_OUTER_BOUND('',#1563,.F.);
#1566=CARTESIAN_POINT('',(-8.1E-1,0.E0,-1.25E-1));
#1567=DIRECTION('',(0.E0,0.E0,1.E0));
#1568=DIRECTION('',(1.E0,0.E0,0.E0));
#1569=AXIS2_PLACEMENT_3D('',#1566,#1567,#1568);
#1570=PLANE('',#1569);
#1572=ORIENTED_EDGE('',*,*,#1571,.F.);
#1574=ORIENTED_EDGE('',*,*,#1573,.F.);
#1575=ORIENTED_EDGE('',*,*,#1556,.T.);
#1577=ORIENTED_EDGE('',*,*,#1576,.T.);
#1578=EDGE_LOOP('',(#1572,#1574,#1575,#1577));
#1579=FACE_OUTER_BOUND('',#1578,.F.);
#1581=CARTESIAN_POINT('',(0.E0,1.2E-1,0.E0));
#1582=DIRECTION('',(0.E0,1.E0,0.E0));
#1583=DIRECTION('',(1.E0,0.E0,0.E0));
#1584=AXIS2_PLACEMENT_3D('',#1581,#1582,#1583);
#1585=PLANE('',#1584);
#1586=ORIENTED_EDGE('',*,*,#1544,.T.);
#1588=ORIENTED_EDGE('',*,*,#1587,.F.);
#1589=ORIENTED_EDGE('',*,*,#1571,.T.);
#1591=ORIENTED_EDGE('',*,*,#1590,.T.);
#1592=EDGE_LOOP('',(#1586,#1588,#1589,#1591));
#1593=FACE_OUTER_BOUND('',#1592,.F.);
#1595=CARTESIAN_POINT('',(-1.25E-1,0.E0,-1.25E-1));
#1596=DIRECTION('',(1.E0,0.E0,0.E0));
#1597=DIRECTION('',(0.E0,0.E0,-1.E0));
#1598=AXIS2_PLACEMENT_3D('',#1595,#1596,#1597);
#1599=PLANE('',#1598);
#1600=ORIENTED_EDGE('',*,*,#1558,.F.);
#1601=ORIENTED_EDGE('',*,*,#1573,.T.);
#1602=ORIENTED_EDGE('',*,*,#1587,.T.);
#1603=ORIENTED_EDGE('',*,*,#1542,.F.);
#1604=EDGE_LOOP('',(#1600,#1601,#1602,#1603));
#1605=FACE_OUTER_BOUND('',#1604,.F.);
#1607=CARTESIAN_POINT('',(-7.5E-1,0.E0,1.E0));
#1608=DIRECTION('',(1.E0,0.E0,0.E0));
#1609=DIRECTION('',(0.E0,0.E0,-1.E0));
#1610=AXIS2_PLACEMENT_3D('',#1607,#1608,#1609);
#1611=PLANE('',#1610);
#1612=ORIENTED_EDGE('',*,*,#1546,.T.);
#1613=ORIENTED_EDGE('',*,*,#1590,.F.);
#1614=ORIENTED_EDGE('',*,*,#1576,.F.);
#1615=ORIENTED_EDGE('',*,*,#1561,.T.);
#1616=EDGE_LOOP('',(#1612,#1613,#1614,#1615));
#1617=FACE_OUTER_BOUND('',#1616,.F.);
#1619=FILL_AREA_STYLE_COLOUR('',#20);
#1620=FILL_AREA_STYLE('',(#1619));
#1621=SURFACE_STYLE_FILL_AREA(#1620);
#1622=SURFACE_SIDE_STYLE('',(#1621));
#1623=SURFACE_STYLE_USAGE(.POSITIVE.,#1622);
#1624=PRESENTATION_STYLE_ASSIGNMENT((#1623));
#1625=OVER_RIDING_STYLED_ITEM('',(#1624),#1618,#1434);
#1626=CLOSED_SHELL('',(#1550,#1565,#1580,#1594,#1606,#1618));
#1627=MANIFOLD_SOLID_BREP('',#1626);
#1628=FILL_AREA_STYLE_COLOUR('',#22);
#1629=FILL_AREA_STYLE('',(#1628));
#1630=SURFACE_STYLE_FILL_AREA(#1629);
#1631=SURFACE_SIDE_STYLE('',(#1630));
#1632=SURFACE_STYLE_USAGE(.POSITIVE.,#1631);
#1633=PRESENTATION_STYLE_ASSIGNMENT((#1632));
#1434=STYLED_ITEM('',(#1633),#1627);
#1635=DIRECTION('',(0.E0,-1.E0,0.E0));
#1636=VECTOR('',#1635,1.2E-1);
#1637=CARTESIAN_POINT('',(-5.25E-1,1.2E-1,-8.75E-1));
#1638=LINE('',#1637,#1636);
#1639=CURVE_STYLE('',#33,POSITIVE_LENGTH_MEASURE(2.E-2),#22);
#1640=PRESENTATION_STYLE_ASSIGNMENT((#1639));
#1641=STYLED_ITEM('',(#1640),#1638);
#1642=DIRECTION('',(0.E0,1.E0,0.E0));
#1643=VECTOR('',#1642,1.2E-1);
#1644=CARTESIAN_POINT('',(-7.5E-1,0.E0,-8.75E-1));
#1645=LINE('',#1644,#1643);
#1646=CURVE_STYLE('',#33,POSITIVE_LENGTH_MEASURE(2.E-2),#22);
#1647=PRESENTATION_STYLE_ASSIGNMENT((#1646));
#1648=STYLED_ITEM('',(#1647),#1645);
#1649=DIRECTION('',(7.071067811865E-1,0.E0,7.071067811865E-1));
#1650=VECTOR('',#1649,2.121320343560E-1);
#1651=CARTESIAN_POINT('',(-5.25E-1,0.E0,-8.75E-1));
#1652=LINE('',#1651,#1650);
#1653=CURVE_STYLE('',#33,POSITIVE_LENGTH_MEASURE(2.E-2),#22);
#1654=PRESENTATION_STYLE_ASSIGNMENT((#1653));
#1655=STYLED_ITEM('',(#1654),#1652);
#1656=DIRECTION('',(-1.E0,0.E0,0.E0));
#1657=VECTOR('',#1656,2.25E-1);
#1658=CARTESIAN_POINT('',(-5.25E-1,0.E0,-8.75E-1));
#1659=LINE('',#1658,#1657);
#1660=CURVE_STYLE('',#33,POSITIVE_LENGTH_MEASURE(2.E-2),#22);
#1661=PRESENTATION_STYLE_ASSIGNMENT((#1660));
#1662=STYLED_ITEM('',(#1661),#1659);
#1663=DIRECTION('',(0.E0,0.E0,-1.E0));
#1664=VECTOR('',#1663,2.5E-1);
#1665=CARTESIAN_POINT('',(-7.5E-1,0.E0,-6.25E-1));
#1666=LINE('',#1665,#1664);
#1667=CURVE_STYLE('',#33,POSITIVE_LENGTH_MEASURE(2.E-2),#22);
#1668=PRESENTATION_STYLE_ASSIGNMENT((#1667));
#1669=STYLED_ITEM('',(#1668),#1666);
#1670=DIRECTION('',(1.E0,0.E0,0.E0));
#1671=VECTOR('',#1670,3.75E-1);
#1672=CARTESIAN_POINT('',(-7.5E-1,0.E0,-6.25E-1));
#1673=LINE('',#1672,#1671);
#1674=CURVE_STYLE('',#33,POSITIVE_LENGTH_MEASURE(2.E-2),#22);
#1675=PRESENTATION_STYLE_ASSIGNMENT((#1674));
#1676=STYLED_ITEM('',(#1675),#1673);
#1677=DIRECTION('',(0.E0,0.E0,-1.E0));
#1678=VECTOR('',#1677,1.E-1);
#1679=CARTESIAN_POINT('',(-3.75E-1,0.E0,-6.25E-1));
#1680=LINE('',#1679,#1678);
#1681=CURVE_STYLE('',#33,POSITIVE_LENGTH_MEASURE(2.E-2),#22);
#1682=PRESENTATION_STYLE_ASSIGNMENT((#1681));
#1683=STYLED_ITEM('',(#1682),#1680);
#1684=DIRECTION('',(-7.071067811865E-1,0.E0,-7.071067811865E-1));
#1685=VECTOR('',#1684,2.121320343560E-1);
#1686=CARTESIAN_POINT('',(-3.75E-1,1.2E-1,-7.25E-1));
#1687=LINE('',#1686,#1685);
#1688=CURVE_STYLE('',#33,POSITIVE_LENGTH_MEASURE(2.E-2),#22);
#1689=PRESENTATION_STYLE_ASSIGNMENT((#1688));
#1690=STYLED_ITEM('',(#1689),#1687);
#1691=DIRECTION('',(0.E0,0.E0,-1.E0));
#1692=VECTOR('',#1691,1.E-1);
#1693=CARTESIAN_POINT('',(-3.75E-1,1.2E-1,-6.25E-1));
#1694=LINE('',#1693,#1692);
#1695=CURVE_STYLE('',#33,POSITIVE_LENGTH_MEASURE(2.E-2),#22);
#1696=PRESENTATION_STYLE_ASSIGNMENT((#1695));
#1697=STYLED_ITEM('',(#1696),#1694);
#1698=DIRECTION('',(1.E0,0.E0,0.E0));
#1699=VECTOR('',#1698,3.75E-1);
#1700=CARTESIAN_POINT('',(-7.5E-1,1.2E-1,-6.25E-1));
#1701=LINE('',#1700,#1699);
#1702=CURVE_STYLE('',#33,POSITIVE_LENGTH_MEASURE(2.E-2),#22);
#1703=PRESENTATION_STYLE_ASSIGNMENT((#1702));
#1704=STYLED_ITEM('',(#1703),#1701);
#1705=DIRECTION('',(0.E0,0.E0,-1.E0));
#1706=VECTOR('',#1705,2.5E-1);
#1707=CARTESIAN_POINT('',(-7.5E-1,1.2E-1,-6.25E-1));
#1708=LINE('',#1707,#1706);
#1709=CURVE_STYLE('',#33,POSITIVE_LENGTH_MEASURE(2.E-2),#22);
#1710=PRESENTATION_STYLE_ASSIGNMENT((#1709));
#1711=STYLED_ITEM('',(#1710),#1708);
#1712=DIRECTION('',(-1.E0,0.E0,0.E0));
#1713=VECTOR('',#1712,2.25E-1);
#1714=CARTESIAN_POINT('',(-5.25E-1,1.2E-1,-8.75E-1));
#1715=LINE('',#1714,#1713);
#1716=CURVE_STYLE('',#33,POSITIVE_LENGTH_MEASURE(2.E-2),#22);
#1717=PRESENTATION_STYLE_ASSIGNMENT((#1716));
#1718=STYLED_ITEM('',(#1717),#1715);
#1719=DIRECTION('',(0.E0,-1.E0,0.E0));
#1720=VECTOR('',#1719,1.2E-1);
#1721=CARTESIAN_POINT('',(-3.75E-1,1.2E-1,-7.25E-1));
#1722=LINE('',#1721,#1720);
#1723=CURVE_STYLE('',#33,POSITIVE_LENGTH_MEASURE(2.E-2),#22);
#1724=PRESENTATION_STYLE_ASSIGNMENT((#1723));
#1725=STYLED_ITEM('',(#1724),#1722);
#1726=DIRECTION('',(0.E0,1.E0,0.E0));
#1727=VECTOR('',#1726,1.2E-1);
#1728=CARTESIAN_POINT('',(-3.75E-1,0.E0,-6.25E-1));
#1729=LINE('',#1728,#1727);
#1730=CURVE_STYLE('',#33,POSITIVE_LENGTH_MEASURE(2.E-2),#22);
#1731=PRESENTATION_STYLE_ASSIGNMENT((#1730));
#1732=STYLED_ITEM('',(#1731),#1729);
#1733=DIRECTION('',(0.E0,1.E0,0.E0));
#1734=VECTOR('',#1733,1.2E-1);
#1735=CARTESIAN_POINT('',(-7.5E-1,0.E0,-6.25E-1));
#1736=LINE('',#1735,#1734);
#1737=CURVE_STYLE('',#33,POSITIVE_LENGTH_MEASURE(2.E-2),#22);
#1738=PRESENTATION_STYLE_ASSIGNMENT((#1737));
#1739=STYLED_ITEM('',(#1738),#1736);
#1740=CARTESIAN_POINT('',(-3.75E-1,0.E0,-6.25E-1));
#1741=CARTESIAN_POINT('',(-3.75E-1,1.2E-1,-6.25E-1));
#1742=VERTEX_POINT('',#1740);
#1743=VERTEX_POINT('',#1741);
#1744=CARTESIAN_POINT('',(-7.5E-1,0.E0,-8.75E-1));
#1745=CARTESIAN_POINT('',(-7.5E-1,1.2E-1,-8.75E-1));
#1746=VERTEX_POINT('',#1744);
#1747=VERTEX_POINT('',#1745);
#1748=CARTESIAN_POINT('',(-7.5E-1,0.E0,-6.25E-1));
#1749=CARTESIAN_POINT('',(-7.5E-1,1.2E-1,-6.25E-1));
#1750=VERTEX_POINT('',#1748);
#1751=VERTEX_POINT('',#1749);
#1752=CARTESIAN_POINT('',(-5.25E-1,0.E0,-8.75E-1));
#1753=CARTESIAN_POINT('',(-3.75E-1,0.E0,-7.25E-1));
#1754=VERTEX_POINT('',#1752);
#1755=VERTEX_POINT('',#1753);
#1756=CARTESIAN_POINT('',(-3.75E-1,1.2E-1,-7.25E-1));
#1757=VERTEX_POINT('',#1756);
#1758=CARTESIAN_POINT('',(-5.25E-1,1.2E-1,-8.75E-1));
#1759=VERTEX_POINT('',#1758);
#1760=CARTESIAN_POINT('',(-3.75E-1,0.E0,-8.75E-1));
#1761=DIRECTION('',(0.E0,0.E0,-1.E0));
#1762=DIRECTION('',(-1.E0,0.E0,0.E0));
#1763=AXIS2_PLACEMENT_3D('',#1760,#1761,#1762);
#1764=PLANE('',#1763);
#1766=ORIENTED_EDGE('',*,*,#1765,.F.);
#1768=ORIENTED_EDGE('',*,*,#1767,.T.);
#1770=ORIENTED_EDGE('',*,*,#1769,.F.);
#1772=ORIENTED_EDGE('',*,*,#1771,.F.);
#1773=EDGE_LOOP('',(#1766,#1768,#1770,#1772));
#1774=FACE_OUTER_BOUND('',#1773,.F.);
#1776=CARTESIAN_POINT('',(-4.5E-1,6.E-2,-8.E-1));
#1777=DIRECTION('',(7.071067811865E-1,0.E0,-7.071067811865E-1));
#1778=DIRECTION('',(7.071067811865E-1,0.E0,7.071067811865E-1));
#1779=AXIS2_PLACEMENT_3D('',#1776,#1777,#1778);
#1780=PLANE('',#1779);
#1782=ORIENTED_EDGE('',*,*,#1781,.T.);
#1784=ORIENTED_EDGE('',*,*,#1783,.F.);
#1786=ORIENTED_EDGE('',*,*,#1785,.T.);
#1787=ORIENTED_EDGE('',*,*,#1765,.T.);
#1788=EDGE_LOOP('',(#1782,#1784,#1786,#1787));
#1789=FACE_OUTER_BOUND('',#1788,.F.);
#1791=CARTESIAN_POINT('',(0.E0,0.E0,0.E0));
#1792=DIRECTION('',(0.E0,1.E0,0.E0));
#1793=DIRECTION('',(1.E0,0.E0,0.E0));
#1794=AXIS2_PLACEMENT_3D('',#1791,#1792,#1793);
#1795=PLANE('',#1794);
#1796=ORIENTED_EDGE('',*,*,#1781,.F.);
#1797=ORIENTED_EDGE('',*,*,#1771,.T.);
#1799=ORIENTED_EDGE('',*,*,#1798,.F.);
#1801=ORIENTED_EDGE('',*,*,#1800,.T.);
#1803=ORIENTED_EDGE('',*,*,#1802,.T.);
#1804=EDGE_LOOP('',(#1796,#1797,#1799,#1801,#1803));
#1805=FACE_OUTER_BOUND('',#1804,.F.);
#1807=CARTESIAN_POINT('',(-7.5E-1,0.E0,1.E0));
#1808=DIRECTION('',(1.E0,0.E0,0.E0));
#1809=DIRECTION('',(0.E0,0.E0,-1.E0));
#1810=AXIS2_PLACEMENT_3D('',#1807,#1808,#1809);
#1811=PLANE('',#1810);
#1812=ORIENTED_EDGE('',*,*,#1769,.T.);
#1814=ORIENTED_EDGE('',*,*,#1813,.F.);
#1816=ORIENTED_EDGE('',*,*,#1815,.F.);
#1817=ORIENTED_EDGE('',*,*,#1798,.T.);
#1818=EDGE_LOOP('',(#1812,#1814,#1816,#1817));
#1819=FACE_OUTER_BOUND('',#1818,.F.);
#1821=FILL_AREA_STYLE_COLOUR('',#20);
#1822=FILL_AREA_STYLE('',(#1821));
#1823=SURFACE_STYLE_FILL_AREA(#1822);
#1824=SURFACE_SIDE_STYLE('',(#1823));
#1825=SURFACE_STYLE_USAGE(.POSITIVE.,#1824);
#1826=PRESENTATION_STYLE_ASSIGNMENT((#1825));
#1827=OVER_RIDING_STYLED_ITEM('',(#1826),#1820,#1634);
#1828=CARTESIAN_POINT('',(0.E0,1.2E-1,0.E0));
#1829=DIRECTION('',(0.E0,1.E0,0.E0));
#1830=DIRECTION('',(1.E0,0.E0,0.E0));
#1831=AXIS2_PLACEMENT_3D('',#1828,#1829,#1830);
#1832=PLANE('',#1831);
#1833=ORIENTED_EDGE('',*,*,#1785,.F.);
#1835=ORIENTED_EDGE('',*,*,#1834,.F.);
#1837=ORIENTED_EDGE('',*,*,#1836,.F.);
#1838=ORIENTED_EDGE('',*,*,#1813,.T.);
#1839=ORIENTED_EDGE('',*,*,#1767,.F.);
#1840=EDGE_LOOP('',(#1833,#1835,#1837,#1838,#1839));
#1841=FACE_OUTER_BOUND('',#1840,.F.);
#1843=CARTESIAN_POINT('',(-3.75E-1,0.E0,-6.25E-1));
#1844=DIRECTION('',(1.E0,0.E0,0.E0));
#1845=DIRECTION('',(0.E0,0.E0,-1.E0));
#1846=AXIS2_PLACEMENT_3D('',#1843,#1844,#1845);
#1847=PLANE('',#1846);
#1848=ORIENTED_EDGE('',*,*,#1783,.T.);
#1849=ORIENTED_EDGE('',*,*,#1802,.F.);
#1851=ORIENTED_EDGE('',*,*,#1850,.T.);
#1852=ORIENTED_EDGE('',*,*,#1834,.T.);
#1853=EDGE_LOOP('',(#1848,#1849,#1851,#1852));
#1854=FACE_OUTER_BOUND('',#1853,.F.);
#1856=CARTESIAN_POINT('',(-8.1E-1,0.E0,-6.25E-1));
#1857=DIRECTION('',(0.E0,0.E0,1.E0));
#1858=DIRECTION('',(1.E0,0.E0,0.E0));
#1859=AXIS2_PLACEMENT_3D('',#1856,#1857,#1858);
#1860=PLANE('',#1859);
#1861=ORIENTED_EDGE('',*,*,#1815,.T.);
#1862=ORIENTED_EDGE('',*,*,#1836,.T.);
#1863=ORIENTED_EDGE('',*,*,#1850,.F.);
#1864=ORIENTED_EDGE('',*,*,#1800,.F.);
#1865=EDGE_LOOP('',(#1861,#1862,#1863,#1864));
#1866=FACE_OUTER_BOUND('',#1865,.F.);
#1868=CLOSED_SHELL('',(#1775,#1790,#1806,#1820,#1842,#1855,#1867));
#1869=MANIFOLD_SOLID_BREP('',#1868);
#1870=FILL_AREA_STYLE_COLOUR('',#22);
#1871=FILL_AREA_STYLE('',(#1870));
#1872=SURFACE_STYLE_FILL_AREA(#1871);
#1873=SURFACE_SIDE_STYLE('',(#1872));
#1874=SURFACE_STYLE_USAGE(.POSITIVE.,#1873);
#1875=PRESENTATION_STYLE_ASSIGNMENT((#1874));
#1634=STYLED_ITEM('',(#1875),#1869);
#1877=DIRECTION('',(0.E0,0.E0,1.E0));
#1878=VECTOR('',#1877,2.5E-1);
#1879=CARTESIAN_POINT('',(7.5E-1,0.E0,6.25E-1));
#1880=LINE('',#1879,#1878);
#1881=CURVE_STYLE('',#33,POSITIVE_LENGTH_MEASURE(2.E-2),#22);
#1882=PRESENTATION_STYLE_ASSIGNMENT((#1881));
#1883=STYLED_ITEM('',(#1882),#1880);
#1884=DIRECTION('',(1.E0,0.E0,0.E0));
#1885=VECTOR('',#1884,3.75E-1);
#1886=CARTESIAN_POINT('',(3.75E-1,0.E0,6.25E-1));
#1887=LINE('',#1886,#1885);
#1888=CURVE_STYLE('',#33,POSITIVE_LENGTH_MEASURE(2.E-2),#22);
#1889=PRESENTATION_STYLE_ASSIGNMENT((#1888));
#1890=STYLED_ITEM('',(#1889),#1887);
#1891=DIRECTION('',(0.E0,0.E0,-1.E0));
#1892=VECTOR('',#1891,2.5E-1);
#1893=CARTESIAN_POINT('',(3.75E-1,0.E0,8.75E-1));
#1894=LINE('',#1893,#1892);
#1895=CURVE_STYLE('',#33,POSITIVE_LENGTH_MEASURE(2.E-2),#22);
#1896=PRESENTATION_STYLE_ASSIGNMENT((#1895));
#1897=STYLED_ITEM('',(#1896),#1894);
#1898=DIRECTION('',(-1.E0,0.E0,0.E0));
#1899=VECTOR('',#1898,3.75E-1);
#1900=CARTESIAN_POINT('',(7.5E-1,0.E0,8.75E-1));
#1901=LINE('',#1900,#1899);
#1902=CURVE_STYLE('',#33,POSITIVE_LENGTH_MEASURE(2.E-2),#22);
#1903=PRESENTATION_STYLE_ASSIGNMENT((#1902));
#1904=STYLED_ITEM('',(#1903),#1901);
#1905=DIRECTION('',(0.E0,1.E0,0.E0));
#1906=VECTOR('',#1905,1.2E-1);
#1907=CARTESIAN_POINT('',(7.5E-1,0.E0,8.75E-1));
#1908=LINE('',#1907,#1906);
#1909=CURVE_STYLE('',#33,POSITIVE_LENGTH_MEASURE(2.E-2),#22);
#1910=PRESENTATION_STYLE_ASSIGNMENT((#1909));
#1911=STYLED_ITEM('',(#1910),#1908);
#1912=DIRECTION('',(0.E0,1.E0,0.E0));
#1913=VECTOR('',#1912,1.2E-1);
#1914=CARTESIAN_POINT('',(3.75E-1,0.E0,8.75E-1));
#1915=LINE('',#1914,#1913);
#1916=CURVE_STYLE('',#33,POSITIVE_LENGTH_MEASURE(2.E-2),#22);
#1917=PRESENTATION_STYLE_ASSIGNMENT((#1916));
#1918=STYLED_ITEM('',(#1917),#1915);
#1919=DIRECTION('',(0.E0,1.E0,0.E0));
#1920=VECTOR('',#1919,1.2E-1);
#1921=CARTESIAN_POINT('',(7.5E-1,0.E0,6.25E-1));
#1922=LINE('',#1921,#1920);
#1923=CURVE_STYLE('',#33,POSITIVE_LENGTH_MEASURE(2.E-2),#22);
#1924=PRESENTATION_STYLE_ASSIGNMENT((#1923));
#1925=STYLED_ITEM('',(#1924),#1922);
#1926=DIRECTION('',(0.E0,1.E0,0.E0));
#1927=VECTOR('',#1926,1.2E-1);
#1928=CARTESIAN_POINT('',(3.75E-1,0.E0,6.25E-1));
#1929=LINE('',#1928,#1927);
#1930=CURVE_STYLE('',#33,POSITIVE_LENGTH_MEASURE(2.E-2),#22);
#1931=PRESENTATION_STYLE_ASSIGNMENT((#1930));
#1932=STYLED_ITEM('',(#1931),#1929);
#1933=DIRECTION('',(0.E0,0.E0,1.E0));
#1934=VECTOR('',#1933,2.5E-1);
#1935=CARTESIAN_POINT('',(7.5E-1,1.2E-1,6.25E-1));
#1936=LINE('',#1935,#1934);
#1937=CURVE_STYLE('',#33,POSITIVE_LENGTH_MEASURE(2.E-2),#22);
#1938=PRESENTATION_STYLE_ASSIGNMENT((#1937));
#1939=STYLED_ITEM('',(#1938),#1936);
#1940=DIRECTION('',(-1.E0,0.E0,0.E0));
#1941=VECTOR('',#1940,3.75E-1);
#1942=CARTESIAN_POINT('',(7.5E-1,1.2E-1,8.75E-1));
#1943=LINE('',#1942,#1941);
#1944=CURVE_STYLE('',#33,POSITIVE_LENGTH_MEASURE(2.E-2),#22);
#1945=PRESENTATION_STYLE_ASSIGNMENT((#1944));
#1946=STYLED_ITEM('',(#1945),#1943);
#1947=DIRECTION('',(0.E0,0.E0,-1.E0));
#1948=VECTOR('',#1947,2.5E-1);
#1949=CARTESIAN_POINT('',(3.75E-1,1.2E-1,8.75E-1));
#1950=LINE('',#1949,#1948);
#1951=CURVE_STYLE('',#33,POSITIVE_LENGTH_MEASURE(2.E-2),#22);
#1952=PRESENTATION_STYLE_ASSIGNMENT((#1951));
#1953=STYLED_ITEM('',(#1952),#1950);
#1954=DIRECTION('',(1.E0,0.E0,0.E0));
#1955=VECTOR('',#1954,3.75E-1);
#1956=CARTESIAN_POINT('',(3.75E-1,1.2E-1,6.25E-1));
#1957=LINE('',#1956,#1955);
#1958=CURVE_STYLE('',#33,POSITIVE_LENGTH_MEASURE(2.E-2),#22);
#1959=PRESENTATION_STYLE_ASSIGNMENT((#1958));
#1960=STYLED_ITEM('',(#1959),#1957);
#1961=CARTESIAN_POINT('',(7.5E-1,0.E0,6.25E-1));
#1962=CARTESIAN_POINT('',(7.5E-1,0.E0,8.75E-1));
#1963=VERTEX_POINT('',#1961);
#1964=VERTEX_POINT('',#1962);
#1965=CARTESIAN_POINT('',(7.5E-1,1.2E-1,6.25E-1));
#1966=CARTESIAN_POINT('',(7.5E-1,1.2E-1,8.75E-1));
#1967=VERTEX_POINT('',#1965);
#1968=VERTEX_POINT('',#1966);
#1969=CARTESIAN_POINT('',(3.75E-1,0.E0,8.75E-1));
#1970=CARTESIAN_POINT('',(3.75E-1,0.E0,6.25E-1));
#1971=VERTEX_POINT('',#1969);
#1972=VERTEX_POINT('',#1970);
#1973=CARTESIAN_POINT('',(3.75E-1,1.2E-1,8.75E-1));
#1974=CARTESIAN_POINT('',(3.75E-1,1.2E-1,6.25E-1));
#1975=VERTEX_POINT('',#1973);
#1976=VERTEX_POINT('',#1974);
#1977=CARTESIAN_POINT('',(0.E0,0.E0,0.E0));
#1978=DIRECTION('',(0.E0,1.E0,0.E0));
#1979=DIRECTION('',(1.E0,0.E0,0.E0));
#1980=AXIS2_PLACEMENT_3D('',#1977,#1978,#1979);
#1981=PLANE('',#1980);
#1983=ORIENTED_EDGE('',*,*,#1982,.F.);
#1985=ORIENTED_EDGE('',*,*,#1984,.F.);
#1987=ORIENTED_EDGE('',*,*,#1986,.F.);
#1989=ORIENTED_EDGE('',*,*,#1988,.F.);
#1990=EDGE_LOOP('',(#1983,#1985,#1987,#1989));
#1991=FACE_OUTER_BOUND('',#1990,.F.);
#1993=CARTESIAN_POINT('',(7.5E-1,0.E0,-1.E0));
#1994=DIRECTION('',(-1.E0,0.E0,0.E0));
#1995=DIRECTION('',(0.E0,0.E0,1.E0));
#1996=AXIS2_PLACEMENT_3D('',#1993,#1994,#1995);
#1997=PLANE('',#1996);
#1999=ORIENTED_EDGE('',*,*,#1998,.T.);
#2001=ORIENTED_EDGE('',*,*,#2000,.F.);
#2003=ORIENTED_EDGE('',*,*,#2002,.F.);
#2004=ORIENTED_EDGE('',*,*,#1982,.T.);
#2005=EDGE_LOOP('',(#1999,#2001,#2003,#2004));
#2006=FACE_OUTER_BOUND('',#2005,.F.);
#2008=FILL_AREA_STYLE_COLOUR('',#20);
#2009=FILL_AREA_STYLE('',(#2008));
#2010=SURFACE_STYLE_FILL_AREA(#2009);
#2011=SURFACE_SIDE_STYLE('',(#2010));
#2012=SURFACE_STYLE_USAGE(.POSITIVE.,#2011);
#2013=PRESENTATION_STYLE_ASSIGNMENT((#2012));
#2014=OVER_RIDING_STYLED_ITEM('',(#2013),#2007,#1876);
#2015=CARTESIAN_POINT('',(8.1E-1,0.E0,8.75E-1));
#2016=DIRECTION('',(0.E0,0.E0,-1.E0));
#2017=DIRECTION('',(-1.E0,0.E0,0.E0));
#2018=AXIS2_PLACEMENT_3D('',#2015,#2016,#2017);
#2019=PLANE('',#2018);
#2020=ORIENTED_EDGE('',*,*,#1998,.F.);
#2021=ORIENTED_EDGE('',*,*,#1988,.T.);
#2023=ORIENTED_EDGE('',*,*,#2022,.T.);
#2025=ORIENTED_EDGE('',*,*,#2024,.F.);
#2026=EDGE_LOOP('',(#2020,#2021,#2023,#2025));
#2027=FACE_OUTER_BOUND('',#2026,.F.);
#2029=CARTESIAN_POINT('',(3.75E-1,0.E0,8.75E-1));
#2030=DIRECTION('',(1.E0,0.E0,0.E0));
#2031=DIRECTION('',(0.E0,0.E0,-1.E0));
#2032=AXIS2_PLACEMENT_3D('',#2029,#2030,#2031);
#2033=PLANE('',#2032);
#2034=ORIENTED_EDGE('',*,*,#1986,.T.);
#2036=ORIENTED_EDGE('',*,*,#2035,.T.);
#2038=ORIENTED_EDGE('',*,*,#2037,.F.);
#2039=ORIENTED_EDGE('',*,*,#2022,.F.);
#2040=EDGE_LOOP('',(#2034,#2036,#2038,#2039));
#2041=FACE_OUTER_BOUND('',#2040,.F.);
#2043=CARTESIAN_POINT('',(3.75E-1,0.E0,6.25E-1));
#2044=DIRECTION('',(0.E0,0.E0,1.E0));
#2045=DIRECTION('',(1.E0,0.E0,0.E0));
#2046=AXIS2_PLACEMENT_3D('',#2043,#2044,#2045);
#2047=PLANE('',#2046);
#2048=ORIENTED_EDGE('',*,*,#2002,.T.);
#2050=ORIENTED_EDGE('',*,*,#2049,.F.);
#2051=ORIENTED_EDGE('',*,*,#2035,.F.);
#2052=ORIENTED_EDGE('',*,*,#1984,.T.);
#2053=EDGE_LOOP('',(#2048,#2050,#2051,#2052));
#2054=FACE_OUTER_BOUND('',#2053,.F.);
#2056=CARTESIAN_POINT('',(0.E0,1.2E-1,0.E0));
#2057=DIRECTION('',(0.E0,1.E0,0.E0));
#2058=DIRECTION('',(1.E0,0.E0,0.E0));
#2059=AXIS2_PLACEMENT_3D('',#2056,#2057,#2058);
#2060=PLANE('',#2059);
#2061=ORIENTED_EDGE('',*,*,#2000,.T.);
#2062=ORIENTED_EDGE('',*,*,#2024,.T.);
#2063=ORIENTED_EDGE('',*,*,#2037,.T.);
#2064=ORIENTED_EDGE('',*,*,#2049,.T.);
#2065=EDGE_LOOP('',(#2061,#2062,#2063,#2064));
#2066=FACE_OUTER_BOUND('',#2065,.F.);
#2068=CLOSED_SHELL('',(#1992,#2007,#2028,#2042,#2055,#2067));
#2069=MANIFOLD_SOLID_BREP('',#2068);
#2070=FILL_AREA_STYLE_COLOUR('',#22);
#2071=FILL_AREA_STYLE('',(#2070));
#2072=SURFACE_STYLE_FILL_AREA(#2071);
#2073=SURFACE_SIDE_STYLE('',(#2072));
#2074=SURFACE_STYLE_USAGE(.POSITIVE.,#2073);
#2075=PRESENTATION_STYLE_ASSIGNMENT((#2074));
#1876=STYLED_ITEM('',(#2075),#2069);
#2078=PLANE_ANGLE_MEASURE_WITH_UNIT(PLANE_ANGLE_MEASURE(1.745329251994E-2),
#2077);
#2079=(CONVERSION_BASED_UNIT('DEGREE',#2078)NAMED_UNIT(*)PLANE_ANGLE_UNIT());
#2081=UNCERTAINTY_MEASURE_WITH_UNIT(LENGTH_MEASURE(3.274323480201E-4),#2076,
'distance_accuracy_value',
'Maximum model space distance between geometric entities at asserted connectivities');
#2083=CARTESIAN_POINT('',(0.E0,0.E0,0.E0));
#2084=DIRECTION('',(0.E0,0.E0,1.E0));
#2085=DIRECTION('',(1.E0,0.E0,0.E0));
#2088=APPLICATION_CONTEXT('automotive_design');
#2089=APPLICATION_PROTOCOL_DEFINITION('international standard',
'automotive_design',2001,#2088);
#2090=PRODUCT_DEFINITION_CONTEXT('part definition',#2088,'design');
#2091=PRODUCT_CONTEXT('',#2088,'mechanical');
#2092=PRODUCT('FRAME-RYZ0010A','FRAME-RYZ0010A','NOT SPECIFIED',(#2091));
#2093=PRODUCT_DEFINITION_FORMATION('8','LAST_VERSION',#2092);
#2101=DERIVED_UNIT_ELEMENT(#2100,2.E0);
#2102=DERIVED_UNIT((#2101));
#2103=MEASURE_REPRESENTATION_ITEM('surface area measure',AREA_MEASURE(
4.081955844123E0),#2102);
#2108=DERIVED_UNIT_ELEMENT(#2107,3.E0);
#2109=DERIVED_UNIT((#2108));
#2110=MEASURE_REPRESENTATION_ITEM('volume measure',VOLUME_MEASURE(1.4115E-1),
#2109);
#2114=CARTESIAN_POINT('centre point',(4.064824654623E-3,6.E-2,
7.890541976621E-3));
#2119=DERIVED_UNIT_ELEMENT(#2118,2.E0);
#2120=DERIVED_UNIT((#2119));
#2121=MEASURE_REPRESENTATION_ITEM('surface area measure',AREA_MEASURE(
4.081955844123E0),#2120);
#2126=DERIVED_UNIT_ELEMENT(#2125,3.E0);
#2127=DERIVED_UNIT((#2126));
#2128=MEASURE_REPRESENTATION_ITEM('volume measure',VOLUME_MEASURE(1.4115E-1),
#2127);
#2132=CARTESIAN_POINT('centre point',(4.064824654623E-3,6.E-2,
7.890541976621E-3));
#2142=CARTESIAN_POINT('centre point',(4.064824654623E-3,-7.890541976621E-3,
6.E-2));
#2146=CARTESIAN_POINT('',(0.E0,0.E0,0.E0));
#2147=DIRECTION('',(0.E0,-1.E0,0.E0));
#2148=DIRECTION('',(1.E0,0.E0,0.E0));
#2149=AXIS2_PLACEMENT_3D('',#2146,#2147,#2148);
#2150=ITEM_DEFINED_TRANSFORMATION('','',#2086,#2149);
#2151=(REPRESENTATION_RELATIONSHIP('','',#2087,#2139)REPRESENTATION_RELATIONSHIP_WITH_TRANSFORMATION(#2150)SHAPE_REPRESENTATION_RELATIONSHIP());
#2152=CONTEXT_DEPENDENT_SHAPE_REPRESENTATION(#2151,#2141);
#2154=DIRECTION('',(0.E0,0.E0,1.E0));
#2155=VECTOR('',#2154,3.75E-1);
#2156=CARTESIAN_POINT('',(-1.25E-1,0.E0,-1.E0));
#2157=LINE('',#2156,#2155);
#2158=CURVE_STYLE('',#33,POSITIVE_LENGTH_MEASURE(2.E-2),#3);
#2159=PRESENTATION_STYLE_ASSIGNMENT((#2158));
#2160=STYLED_ITEM('',(#2159),#2157);
#2161=DIRECTION('',(-1.E0,0.E0,0.E0));
#2162=VECTOR('',#2161,6.25E-1);
#2163=CARTESIAN_POINT('',(-1.25E-1,0.E0,-1.E0));
#2164=LINE('',#2163,#2162);
#2165=CURVE_STYLE('',#33,POSITIVE_LENGTH_MEASURE(2.E-2),#3);
#2166=PRESENTATION_STYLE_ASSIGNMENT((#2165));
#2167=STYLED_ITEM('',(#2166),#2164);
#2168=DIRECTION('',(0.E0,0.E0,1.E0));
#2169=VECTOR('',#2168,1.25E-1);
#2170=CARTESIAN_POINT('',(-7.5E-1,0.E0,-1.E0));
#2171=LINE('',#2170,#2169);
#2172=CURVE_STYLE('',#33,POSITIVE_LENGTH_MEASURE(2.E-2),#3);
#2173=PRESENTATION_STYLE_ASSIGNMENT((#2172));
#2174=STYLED_ITEM('',(#2173),#2171);
#2175=DIRECTION('',(1.E0,0.E0,0.E0));
#2176=VECTOR('',#2175,2.25E-1);
#2177=CARTESIAN_POINT('',(-7.5E-1,0.E0,-8.75E-1));
#2178=LINE('',#2177,#2176);
#2179=CURVE_STYLE('',#33,POSITIVE_LENGTH_MEASURE(2.E-2),#3);
#2180=PRESENTATION_STYLE_ASSIGNMENT((#2179));
#2181=STYLED_ITEM('',(#2180),#2178);
#2182=DIRECTION('',(7.071067811865E-1,0.E0,7.071067811865E-1));
#2183=VECTOR('',#2182,2.121320343560E-1);
#2184=CARTESIAN_POINT('',(-5.25E-1,0.E0,-8.75E-1));
#2185=LINE('',#2184,#2183);
#2186=CURVE_STYLE('',#33,POSITIVE_LENGTH_MEASURE(2.E-2),#3);
#2187=PRESENTATION_STYLE_ASSIGNMENT((#2186));
#2188=STYLED_ITEM('',(#2187),#2185);
#2189=DIRECTION('',(0.E0,0.E0,-1.E0));
#2190=VECTOR('',#2189,1.E-1);
#2191=CARTESIAN_POINT('',(-3.75E-1,0.E0,-6.25E-1));
#2192=LINE('',#2191,#2190);
#2193=CURVE_STYLE('',#33,POSITIVE_LENGTH_MEASURE(2.E-2),#3);
#2194=PRESENTATION_STYLE_ASSIGNMENT((#2193));
#2195=STYLED_ITEM('',(#2194),#2192);
#2196=DIRECTION('',(1.E0,0.E0,0.E0));
#2197=VECTOR('',#2196,3.75E-1);
#2198=CARTESIAN_POINT('',(-7.5E-1,0.E0,-6.25E-1));
#2199=LINE('',#2198,#2197);
#2200=CURVE_STYLE('',#33,POSITIVE_LENGTH_MEASURE(2.E-2),#3);
#2201=PRESENTATION_STYLE_ASSIGNMENT((#2200));
#2202=STYLED_ITEM('',(#2201),#2199);
#2203=DIRECTION('',(0.E0,0.E0,1.E0));
#2204=VECTOR('',#2203,2.5E-1);
#2205=CARTESIAN_POINT('',(-7.5E-1,0.E0,-6.25E-1));
#2206=LINE('',#2205,#2204);
#2207=CURVE_STYLE('',#33,POSITIVE_LENGTH_MEASURE(2.E-2),#3);
#2208=PRESENTATION_STYLE_ASSIGNMENT((#2207));
#2209=STYLED_ITEM('',(#2208),#2206);
#2210=DIRECTION('',(1.E0,0.E0,0.E0));
#2211=VECTOR('',#2210,6.25E-1);
#2212=CARTESIAN_POINT('',(-7.5E-1,0.E0,-3.75E-1));
#2213=LINE('',#2212,#2211);
#2214=CURVE_STYLE('',#33,POSITIVE_LENGTH_MEASURE(2.E-2),#3);
#2215=PRESENTATION_STYLE_ASSIGNMENT((#2214));
#2216=STYLED_ITEM('',(#2215),#2213);
#2217=DIRECTION('',(0.E0,0.E0,-1.E0));
#2218=VECTOR('',#2217,2.5E-1);
#2219=CARTESIAN_POINT('',(-1.25E-1,0.E0,-1.25E-1));
#2220=LINE('',#2219,#2218);
#2221=CURVE_STYLE('',#33,POSITIVE_LENGTH_MEASURE(2.E-2),#3);
#2222=PRESENTATION_STYLE_ASSIGNMENT((#2221));
#2223=STYLED_ITEM('',(#2222),#2220);
#2224=DIRECTION('',(1.E0,0.E0,0.E0));
#2225=VECTOR('',#2224,6.25E-1);
#2226=CARTESIAN_POINT('',(-7.5E-1,0.E0,-1.25E-1));
#2227=LINE('',#2226,#2225);
#2228=CURVE_STYLE('',#33,POSITIVE_LENGTH_MEASURE(2.E-2),#3);
#2229=PRESENTATION_STYLE_ASSIGNMENT((#2228));
#2230=STYLED_ITEM('',(#2229),#2227);
#2231=DIRECTION('',(0.E0,0.E0,1.E0));
#2232=VECTOR('',#2231,2.5E-1);
#2233=CARTESIAN_POINT('',(-7.5E-1,0.E0,-1.25E-1));
#2234=LINE('',#2233,#2232);
#2235=CURVE_STYLE('',#33,POSITIVE_LENGTH_MEASURE(2.E-2),#3);
#2236=PRESENTATION_STYLE_ASSIGNMENT((#2235));
#2237=STYLED_ITEM('',(#2236),#2234);
#2238=DIRECTION('',(1.E0,0.E0,0.E0));
#2239=VECTOR('',#2238,6.25E-1);
#2240=CARTESIAN_POINT('',(-7.5E-1,0.E0,1.25E-1));
#2241=LINE('',#2240,#2239);
#2242=CURVE_STYLE('',#33,POSITIVE_LENGTH_MEASURE(2.E-2),#3);
#2243=PRESENTATION_STYLE_ASSIGNMENT((#2242));
#2244=STYLED_ITEM('',(#2243),#2241);
#2245=DIRECTION('',(0.E0,0.E0,-1.E0));
#2246=VECTOR('',#2245,2.5E-1);
#2247=CARTESIAN_POINT('',(-1.25E-1,0.E0,3.75E-1));
#2248=LINE('',#2247,#2246);
#2249=CURVE_STYLE('',#33,POSITIVE_LENGTH_MEASURE(2.E-2),#3);
#2250=PRESENTATION_STYLE_ASSIGNMENT((#2249));
#2251=STYLED_ITEM('',(#2250),#2248);
#2252=DIRECTION('',(1.E0,0.E0,0.E0));
#2253=VECTOR('',#2252,6.25E-1);
#2254=CARTESIAN_POINT('',(-7.5E-1,0.E0,3.75E-1));
#2255=LINE('',#2254,#2253);
#2256=CURVE_STYLE('',#33,POSITIVE_LENGTH_MEASURE(2.E-2),#3);
#2257=PRESENTATION_STYLE_ASSIGNMENT((#2256));
#2258=STYLED_ITEM('',(#2257),#2255);
#2259=DIRECTION('',(0.E0,0.E0,1.E0));
#2260=VECTOR('',#2259,2.5E-1);
#2261=CARTESIAN_POINT('',(-7.5E-1,0.E0,3.75E-1));
#2262=LINE('',#2261,#2260);
#2263=CURVE_STYLE('',#33,POSITIVE_LENGTH_MEASURE(2.E-2),#3);
#2264=PRESENTATION_STYLE_ASSIGNMENT((#2263));
#2265=STYLED_ITEM('',(#2264),#2262);
#2266=DIRECTION('',(1.E0,0.E0,0.E0));
#2267=VECTOR('',#2266,3.75E-1);
#2268=CARTESIAN_POINT('',(-7.5E-1,0.E0,6.25E-1));
#2269=LINE('',#2268,#2267);
#2270=CURVE_STYLE('',#33,POSITIVE_LENGTH_MEASURE(2.E-2),#3);
#2271=PRESENTATION_STYLE_ASSIGNMENT((#2270));
#2272=STYLED_ITEM('',(#2271),#2269);
#2273=DIRECTION('',(0.E0,0.E0,-1.E0));
#2274=VECTOR('',#2273,2.5E-1);
#2275=CARTESIAN_POINT('',(-3.75E-1,0.E0,8.75E-1));
#2276=LINE('',#2275,#2274);
#2277=CURVE_STYLE('',#33,POSITIVE_LENGTH_MEASURE(2.E-2),#3);
#2278=PRESENTATION_STYLE_ASSIGNMENT((#2277));
#2279=STYLED_ITEM('',(#2278),#2276);
#2280=DIRECTION('',(1.E0,0.E0,0.E0));
#2281=VECTOR('',#2280,3.75E-1);
#2282=CARTESIAN_POINT('',(-7.5E-1,0.E0,8.75E-1));
#2283=LINE('',#2282,#2281);
#2284=CURVE_STYLE('',#33,POSITIVE_LENGTH_MEASURE(2.E-2),#3);
#2285=PRESENTATION_STYLE_ASSIGNMENT((#2284));
#2286=STYLED_ITEM('',(#2285),#2283);
#2287=DIRECTION('',(0.E0,0.E0,1.E0));
#2288=VECTOR('',#2287,1.25E-1);
#2289=CARTESIAN_POINT('',(-7.5E-1,0.E0,8.75E-1));
#2290=LINE('',#2289,#2288);
#2291=CURVE_STYLE('',#33,POSITIVE_LENGTH_MEASURE(2.E-2),#3);
#2292=PRESENTATION_STYLE_ASSIGNMENT((#2291));
#2293=STYLED_ITEM('',(#2292),#2290);
#2294=DIRECTION('',(1.E0,0.E0,0.E0));
#2295=VECTOR('',#2294,6.25E-1);
#2296=CARTESIAN_POINT('',(-7.5E-1,0.E0,1.E0));
#2297=LINE('',#2296,#2295);
#2298=CURVE_STYLE('',#33,POSITIVE_LENGTH_MEASURE(2.E-2),#3);
#2299=PRESENTATION_STYLE_ASSIGNMENT((#2298));
#2300=STYLED_ITEM('',(#2299),#2297);
#2301=DIRECTION('',(0.E0,0.E0,-1.E0));
#2302=VECTOR('',#2301,3.75E-1);
#2303=CARTESIAN_POINT('',(-1.25E-1,0.E0,1.E0));
#2304=LINE('',#2303,#2302);
#2305=CURVE_STYLE('',#33,POSITIVE_LENGTH_MEASURE(2.E-2),#3);
#2306=PRESENTATION_STYLE_ASSIGNMENT((#2305));
#2307=STYLED_ITEM('',(#2306),#2304);
#2308=DIRECTION('',(1.E0,0.E0,0.E0));
#2309=VECTOR('',#2308,2.5E-1);
#2310=CARTESIAN_POINT('',(-1.25E-1,0.E0,6.25E-1));
#2311=LINE('',#2310,#2309);
#2312=CURVE_STYLE('',#33,POSITIVE_LENGTH_MEASURE(2.E-2),#3);
#2313=PRESENTATION_STYLE_ASSIGNMENT((#2312));
#2314=STYLED_ITEM('',(#2313),#2311);
#2315=DIRECTION('',(0.E0,0.E0,-1.E0));
#2316=VECTOR('',#2315,3.75E-1);
#2317=CARTESIAN_POINT('',(1.25E-1,0.E0,1.E0));
#2318=LINE('',#2317,#2316);
#2319=CURVE_STYLE('',#33,POSITIVE_LENGTH_MEASURE(2.E-2),#3);
#2320=PRESENTATION_STYLE_ASSIGNMENT((#2319));
#2321=STYLED_ITEM('',(#2320),#2318);
#2322=DIRECTION('',(1.E0,0.E0,0.E0));
#2323=VECTOR('',#2322,6.25E-1);
#2324=CARTESIAN_POINT('',(1.25E-1,0.E0,1.E0));
#2325=LINE('',#2324,#2323);
#2326=CURVE_STYLE('',#33,POSITIVE_LENGTH_MEASURE(2.E-2),#3);
#2327=PRESENTATION_STYLE_ASSIGNMENT((#2326));
#2328=STYLED_ITEM('',(#2327),#2325);
#2329=DIRECTION('',(0.E0,0.E0,-1.E0));
#2330=VECTOR('',#2329,1.25E-1);
#2331=CARTESIAN_POINT('',(7.5E-1,0.E0,1.E0));
#2332=LINE('',#2331,#2330);
#2333=CURVE_STYLE('',#33,POSITIVE_LENGTH_MEASURE(2.E-2),#3);
#2334=PRESENTATION_STYLE_ASSIGNMENT((#2333));
#2335=STYLED_ITEM('',(#2334),#2332);
#2336=DIRECTION('',(-1.E0,0.E0,0.E0));
#2337=VECTOR('',#2336,3.75E-1);
#2338=CARTESIAN_POINT('',(7.5E-1,0.E0,8.75E-1));
#2339=LINE('',#2338,#2337);
#2340=CURVE_STYLE('',#33,POSITIVE_LENGTH_MEASURE(2.E-2),#3);
#2341=PRESENTATION_STYLE_ASSIGNMENT((#2340));
#2342=STYLED_ITEM('',(#2341),#2339);
#2343=DIRECTION('',(0.E0,0.E0,-1.E0));
#2344=VECTOR('',#2343,2.5E-1);
#2345=CARTESIAN_POINT('',(3.75E-1,0.E0,8.75E-1));
#2346=LINE('',#2345,#2344);
#2347=CURVE_STYLE('',#33,POSITIVE_LENGTH_MEASURE(2.E-2),#3);
#2348=PRESENTATION_STYLE_ASSIGNMENT((#2347));
#2349=STYLED_ITEM('',(#2348),#2346);
#2350=DIRECTION('',(-1.E0,0.E0,0.E0));
#2351=VECTOR('',#2350,3.75E-1);
#2352=CARTESIAN_POINT('',(7.5E-1,0.E0,6.25E-1));
#2353=LINE('',#2352,#2351);
#2354=CURVE_STYLE('',#33,POSITIVE_LENGTH_MEASURE(2.E-2),#3);
#2355=PRESENTATION_STYLE_ASSIGNMENT((#2354));
#2356=STYLED_ITEM('',(#2355),#2353);
#2357=DIRECTION('',(0.E0,0.E0,-1.E0));
#2358=VECTOR('',#2357,2.5E-1);
#2359=CARTESIAN_POINT('',(7.5E-1,0.E0,6.25E-1));
#2360=LINE('',#2359,#2358);
#2361=CURVE_STYLE('',#33,POSITIVE_LENGTH_MEASURE(2.E-2),#3);
#2362=PRESENTATION_STYLE_ASSIGNMENT((#2361));
#2363=STYLED_ITEM('',(#2362),#2360);
#2364=DIRECTION('',(-1.E0,0.E0,0.E0));
#2365=VECTOR('',#2364,6.25E-1);
#2366=CARTESIAN_POINT('',(7.5E-1,0.E0,3.75E-1));
#2367=LINE('',#2366,#2365);
#2368=CURVE_STYLE('',#33,POSITIVE_LENGTH_MEASURE(2.E-2),#3);
#2369=PRESENTATION_STYLE_ASSIGNMENT((#2368));
#2370=STYLED_ITEM('',(#2369),#2367);
#2371=DIRECTION('',(0.E0,0.E0,1.E0));
#2372=VECTOR('',#2371,2.5E-1);
#2373=CARTESIAN_POINT('',(1.25E-1,0.E0,1.25E-1));
#2374=LINE('',#2373,#2372);
#2375=CURVE_STYLE('',#33,POSITIVE_LENGTH_MEASURE(2.E-2),#3);
#2376=PRESENTATION_STYLE_ASSIGNMENT((#2375));
#2377=STYLED_ITEM('',(#2376),#2374);
#2378=DIRECTION('',(-1.E0,0.E0,0.E0));
#2379=VECTOR('',#2378,6.25E-1);
#2380=CARTESIAN_POINT('',(7.5E-1,0.E0,1.25E-1));
#2381=LINE('',#2380,#2379);
#2382=CURVE_STYLE('',#33,POSITIVE_LENGTH_MEASURE(2.E-2),#3);
#2383=PRESENTATION_STYLE_ASSIGNMENT((#2382));
#2384=STYLED_ITEM('',(#2383),#2381);
#2385=DIRECTION('',(0.E0,0.E0,-1.E0));
#2386=VECTOR('',#2385,2.5E-1);
#2387=CARTESIAN_POINT('',(7.5E-1,0.E0,1.25E-1));
#2388=LINE('',#2387,#2386);
#2389=CURVE_STYLE('',#33,POSITIVE_LENGTH_MEASURE(2.E-2),#3);
#2390=PRESENTATION_STYLE_ASSIGNMENT((#2389));
#2391=STYLED_ITEM('',(#2390),#2388);
#2392=DIRECTION('',(-1.E0,0.E0,0.E0));
#2393=VECTOR('',#2392,6.25E-1);
#2394=CARTESIAN_POINT('',(7.5E-1,0.E0,-1.25E-1));
#2395=LINE('',#2394,#2393);
#2396=CURVE_STYLE('',#33,POSITIVE_LENGTH_MEASURE(2.E-2),#3);
#2397=PRESENTATION_STYLE_ASSIGNMENT((#2396));
#2398=STYLED_ITEM('',(#2397),#2395);
#2399=DIRECTION('',(0.E0,0.E0,1.E0));
#2400=VECTOR('',#2399,2.5E-1);
#2401=CARTESIAN_POINT('',(1.25E-1,0.E0,-3.75E-1));
#2402=LINE('',#2401,#2400);
#2403=CURVE_STYLE('',#33,POSITIVE_LENGTH_MEASURE(2.E-2),#3);
#2404=PRESENTATION_STYLE_ASSIGNMENT((#2403));
#2405=STYLED_ITEM('',(#2404),#2402);
#2406=DIRECTION('',(-1.E0,0.E0,0.E0));
#2407=VECTOR('',#2406,6.25E-1);
#2408=CARTESIAN_POINT('',(7.5E-1,0.E0,-3.75E-1));
#2409=LINE('',#2408,#2407);
#2410=CURVE_STYLE('',#33,POSITIVE_LENGTH_MEASURE(2.E-2),#3);
#2411=PRESENTATION_STYLE_ASSIGNMENT((#2410));
#2412=STYLED_ITEM('',(#2411),#2409);
#2413=DIRECTION('',(0.E0,0.E0,-1.E0));
#2414=VECTOR('',#2413,2.5E-1);
#2415=CARTESIAN_POINT('',(7.5E-1,0.E0,-3.75E-1));
#2416=LINE('',#2415,#2414);
#2417=CURVE_STYLE('',#33,POSITIVE_LENGTH_MEASURE(2.E-2),#3);
#2418=PRESENTATION_STYLE_ASSIGNMENT((#2417));
#2419=STYLED_ITEM('',(#2418),#2416);
#2420=DIRECTION('',(-1.E0,0.E0,0.E0));
#2421=VECTOR('',#2420,3.75E-1);
#2422=CARTESIAN_POINT('',(7.5E-1,0.E0,-6.25E-1));
#2423=LINE('',#2422,#2421);
#2424=CURVE_STYLE('',#33,POSITIVE_LENGTH_MEASURE(2.E-2),#3);
#2425=PRESENTATION_STYLE_ASSIGNMENT((#2424));
#2426=STYLED_ITEM('',(#2425),#2423);
#2427=DIRECTION('',(0.E0,0.E0,-1.E0));
#2428=VECTOR('',#2427,2.5E-1);
#2429=CARTESIAN_POINT('',(3.75E-1,0.E0,-6.25E-1));
#2430=LINE('',#2429,#2428);
#2431=CURVE_STYLE('',#33,POSITIVE_LENGTH_MEASURE(2.E-2),#3);
#2432=PRESENTATION_STYLE_ASSIGNMENT((#2431));
#2433=STYLED_ITEM('',(#2432),#2430);
#2434=DIRECTION('',(-1.E0,0.E0,0.E0));
#2435=VECTOR('',#2434,3.75E-1);
#2436=CARTESIAN_POINT('',(7.5E-1,0.E0,-8.75E-1));
#2437=LINE('',#2436,#2435);
#2438=CURVE_STYLE('',#33,POSITIVE_LENGTH_MEASURE(2.E-2),#3);
#2439=PRESENTATION_STYLE_ASSIGNMENT((#2438));
#2440=STYLED_ITEM('',(#2439),#2437);
#2441=DIRECTION('',(0.E0,0.E0,-1.E0));
#2442=VECTOR('',#2441,1.25E-1);
#2443=CARTESIAN_POINT('',(7.5E-1,0.E0,-8.75E-1));
#2444=LINE('',#2443,#2442);
#2445=CURVE_STYLE('',#33,POSITIVE_LENGTH_MEASURE(2.E-2),#3);
#2446=PRESENTATION_STYLE_ASSIGNMENT((#2445));
#2447=STYLED_ITEM('',(#2446),#2444);
#2448=DIRECTION('',(-1.E0,0.E0,0.E0));
#2449=VECTOR('',#2448,6.25E-1);
#2450=CARTESIAN_POINT('',(7.5E-1,0.E0,-1.E0));
#2451=LINE('',#2450,#2449);
#2452=CURVE_STYLE('',#33,POSITIVE_LENGTH_MEASURE(2.E-2),#3);
#2453=PRESENTATION_STYLE_ASSIGNMENT((#2452));
#2454=STYLED_ITEM('',(#2453),#2451);
#2455=DIRECTION('',(0.E0,0.E0,1.E0));
#2456=VECTOR('',#2455,3.75E-1);
#2457=CARTESIAN_POINT('',(1.25E-1,0.E0,-1.E0));
#2458=LINE('',#2457,#2456);
#2459=CURVE_STYLE('',#33,POSITIVE_LENGTH_MEASURE(2.E-2),#3);
#2460=PRESENTATION_STYLE_ASSIGNMENT((#2459));
#2461=STYLED_ITEM('',(#2460),#2458);
#2462=DIRECTION('',(1.E0,0.E0,0.E0));
#2463=VECTOR('',#2462,2.5E-1);
#2464=CARTESIAN_POINT('',(-1.25E-1,0.E0,-6.25E-1));
#2465=LINE('',#2464,#2463);
#2466=CURVE_STYLE('',#33,POSITIVE_LENGTH_MEASURE(2.E-2),#3);
#2467=PRESENTATION_STYLE_ASSIGNMENT((#2466));
#2468=STYLED_ITEM('',(#2467),#2465);
#2469=DIRECTION('',(0.E0,1.E0,0.E0));
#2470=VECTOR('',#2469,9.5E-2);
#2471=CARTESIAN_POINT('',(-1.25E-1,0.E0,-6.25E-1));
#2472=LINE('',#2471,#2470);
#2473=CURVE_STYLE('',#33,POSITIVE_LENGTH_MEASURE(2.E-2),#3);
#2474=PRESENTATION_STYLE_ASSIGNMENT((#2473));
#2475=STYLED_ITEM('',(#2474),#2472);
#2476=DIRECTION('',(0.E0,1.E0,0.E0));
#2477=VECTOR('',#2476,9.5E-2);
#2478=CARTESIAN_POINT('',(1.25E-1,0.E0,-6.25E-1));
#2479=LINE('',#2478,#2477);
#2480=CURVE_STYLE('',#33,POSITIVE_LENGTH_MEASURE(2.E-2),#3);
#2481=PRESENTATION_STYLE_ASSIGNMENT((#2480));
#2482=STYLED_ITEM('',(#2481),#2479);
#2483=DIRECTION('',(-1.E0,0.E0,0.E0));
#2484=VECTOR('',#2483,2.5E-1);
#2485=CARTESIAN_POINT('',(1.25E-1,9.5E-2,-1.E0));
#2486=LINE('',#2485,#2484);
#2487=CURVE_STYLE('',#33,POSITIVE_LENGTH_MEASURE(2.E-2),#3);
#2488=PRESENTATION_STYLE_ASSIGNMENT((#2487));
#2489=STYLED_ITEM('',(#2488),#2486);
#2490=DIRECTION('',(0.E0,1.E0,0.E0));
#2491=VECTOR('',#2490,9.5E-2);
#2492=CARTESIAN_POINT('',(1.25E-1,0.E0,-1.E0));
#2493=LINE('',#2492,#2491);
#2494=CURVE_STYLE('',#33,POSITIVE_LENGTH_MEASURE(2.E-2),#3);
#2495=PRESENTATION_STYLE_ASSIGNMENT((#2494));
#2496=STYLED_ITEM('',(#2495),#2493);
#2497=DIRECTION('',(0.E0,1.E0,0.E0));
#2498=VECTOR('',#2497,7.75E-1);
#2499=CARTESIAN_POINT('',(7.5E-1,0.E0,-1.E0));
#2500=LINE('',#2499,#2498);
#2501=CURVE_STYLE('',#33,POSITIVE_LENGTH_MEASURE(2.E-2),#3);
#2502=PRESENTATION_STYLE_ASSIGNMENT((#2501));
#2503=STYLED_ITEM('',(#2502),#2500);
#2504=DIRECTION('',(0.E0,1.E0,0.E0));
#2505=VECTOR('',#2504,9.5E-2);
#2506=CARTESIAN_POINT('',(-1.25E-1,0.E0,-1.E0));
#2507=LINE('',#2506,#2505);
#2508=CURVE_STYLE('',#33,POSITIVE_LENGTH_MEASURE(2.E-2),#3);
#2509=PRESENTATION_STYLE_ASSIGNMENT((#2508));
#2510=STYLED_ITEM('',(#2509),#2507);
#2511=DIRECTION('',(1.E0,0.E0,0.E0));
#2512=VECTOR('',#2511,3.75E-1);
#2513=CARTESIAN_POINT('',(-7.5E-1,9.5E-2,-6.25E-1));
#2514=LINE('',#2513,#2512);
#2515=CURVE_STYLE('',#33,POSITIVE_LENGTH_MEASURE(2.E-2),#3);
#2516=PRESENTATION_STYLE_ASSIGNMENT((#2515));
#2517=STYLED_ITEM('',(#2516),#2514);
#2518=DIRECTION('',(0.E0,0.E0,-1.E0));
#2519=VECTOR('',#2518,1.E-1);
#2520=CARTESIAN_POINT('',(-3.75E-1,9.5E-2,-6.25E-1));
#2521=LINE('',#2520,#2519);
#2522=CURVE_STYLE('',#33,POSITIVE_LENGTH_MEASURE(2.E-2),#3);
#2523=PRESENTATION_STYLE_ASSIGNMENT((#2522));
#2524=STYLED_ITEM('',(#2523),#2521);
#2525=DIRECTION('',(-7.071067811865E-1,0.E0,-7.071067811865E-1));
#2526=VECTOR('',#2525,2.121320343560E-1);
#2527=CARTESIAN_POINT('',(-3.75E-1,9.5E-2,-7.25E-1));
#2528=LINE('',#2527,#2526);
#2529=CURVE_STYLE('',#33,POSITIVE_LENGTH_MEASURE(2.E-2),#3);
#2530=PRESENTATION_STYLE_ASSIGNMENT((#2529));
#2531=STYLED_ITEM('',(#2530),#2528);
#2532=DIRECTION('',(-1.E0,0.E0,0.E0));
#2533=VECTOR('',#2532,2.25E-1);
#2534=CARTESIAN_POINT('',(-5.25E-1,9.5E-2,-8.75E-1));
#2535=LINE('',#2534,#2533);
#2536=CURVE_STYLE('',#33,POSITIVE_LENGTH_MEASURE(2.E-2),#3);
#2537=PRESENTATION_STYLE_ASSIGNMENT((#2536));
#2538=STYLED_ITEM('',(#2537),#2535);
#2539=DIRECTION('',(-1.E0,0.E0,0.E0));
#2540=VECTOR('',#2539,6.25E-1);
#2541=CARTESIAN_POINT('',(-1.25E-1,9.5E-2,-1.25E-1));
#2542=LINE('',#2541,#2540);
#2543=CURVE_STYLE('',#33,POSITIVE_LENGTH_MEASURE(2.E-2),#3);
#2544=PRESENTATION_STYLE_ASSIGNMENT((#2543));
#2545=STYLED_ITEM('',(#2544),#2542);
#2546=DIRECTION('',(0.E0,0.E0,-1.E0));
#2547=VECTOR('',#2546,2.5E-1);
#2548=CARTESIAN_POINT('',(-1.25E-1,9.5E-2,-1.25E-1));
#2549=LINE('',#2548,#2547);
#2550=CURVE_STYLE('',#33,POSITIVE_LENGTH_MEASURE(2.E-2),#3);
#2551=PRESENTATION_STYLE_ASSIGNMENT((#2550));
#2552=STYLED_ITEM('',(#2551),#2549);
#2553=DIRECTION('',(1.E0,0.E0,0.E0));
#2554=VECTOR('',#2553,6.25E-1);
#2555=CARTESIAN_POINT('',(-7.5E-1,9.5E-2,-3.75E-1));
#2556=LINE('',#2555,#2554);
#2557=CURVE_STYLE('',#33,POSITIVE_LENGTH_MEASURE(2.E-2),#3);
#2558=PRESENTATION_STYLE_ASSIGNMENT((#2557));
#2559=STYLED_ITEM('',(#2558),#2556);
#2560=DIRECTION('',(-1.E0,0.E0,0.E0));
#2561=VECTOR('',#2560,6.25E-1);
#2562=CARTESIAN_POINT('',(-1.25E-1,9.5E-2,3.75E-1));
#2563=LINE('',#2562,#2561);
#2564=CURVE_STYLE('',#33,POSITIVE_LENGTH_MEASURE(2.E-2),#3);
#2565=PRESENTATION_STYLE_ASSIGNMENT((#2564));
#2566=STYLED_ITEM('',(#2565),#2563);
#2567=DIRECTION('',(0.E0,0.E0,-1.E0));
#2568=VECTOR('',#2567,2.5E-1);
#2569=CARTESIAN_POINT('',(-1.25E-1,9.5E-2,3.75E-1));
#2570=LINE('',#2569,#2568);
#2571=CURVE_STYLE('',#33,POSITIVE_LENGTH_MEASURE(2.E-2),#3);
#2572=PRESENTATION_STYLE_ASSIGNMENT((#2571));
#2573=STYLED_ITEM('',(#2572),#2570);
#2574=DIRECTION('',(1.E0,0.E0,0.E0));
#2575=VECTOR('',#2574,6.25E-1);
#2576=CARTESIAN_POINT('',(-7.5E-1,9.5E-2,1.25E-1));
#2577=LINE('',#2576,#2575);
#2578=CURVE_STYLE('',#33,POSITIVE_LENGTH_MEASURE(2.E-2),#3);
#2579=PRESENTATION_STYLE_ASSIGNMENT((#2578));
#2580=STYLED_ITEM('',(#2579),#2577);
#2581=DIRECTION('',(0.E0,0.E0,1.E0));
#2582=VECTOR('',#2581,3.75E-1);
#2583=CARTESIAN_POINT('',(1.25E-1,9.5E-2,6.25E-1));
#2584=LINE('',#2583,#2582);
#2585=CURVE_STYLE('',#33,POSITIVE_LENGTH_MEASURE(2.E-2),#3);
#2586=PRESENTATION_STYLE_ASSIGNMENT((#2585));
#2587=STYLED_ITEM('',(#2586),#2584);
#2588=DIRECTION('',(1.E0,0.E0,0.E0));
#2589=VECTOR('',#2588,2.5E-1);
#2590=CARTESIAN_POINT('',(-1.25E-1,9.5E-2,6.25E-1));
#2591=LINE('',#2590,#2589);
#2592=CURVE_STYLE('',#33,POSITIVE_LENGTH_MEASURE(2.E-2),#3);
#2593=PRESENTATION_STYLE_ASSIGNMENT((#2592));
#2594=STYLED_ITEM('',(#2593),#2591);
#2595=DIRECTION('',(0.E0,0.E0,-1.E0));
#2596=VECTOR('',#2595,3.75E-1);
#2597=CARTESIAN_POINT('',(-1.25E-1,9.5E-2,1.E0));
#2598=LINE('',#2597,#2596);
#2599=CURVE_STYLE('',#33,POSITIVE_LENGTH_MEASURE(2.E-2),#3);
#2600=PRESENTATION_STYLE_ASSIGNMENT((#2599));
#2601=STYLED_ITEM('',(#2600),#2598);
#2602=DIRECTION('',(1.E0,0.E0,0.E0));
#2603=VECTOR('',#2602,3.75E-1);
#2604=CARTESIAN_POINT('',(3.75E-1,9.5E-2,6.25E-1));
#2605=LINE('',#2604,#2603);
#2606=CURVE_STYLE('',#33,POSITIVE_LENGTH_MEASURE(2.E-2),#3);
#2607=PRESENTATION_STYLE_ASSIGNMENT((#2606));
#2608=STYLED_ITEM('',(#2607),#2605);
#2609=DIRECTION('',(0.E0,0.E0,-1.E0));
#2610=VECTOR('',#2609,2.5E-1);
#2611=CARTESIAN_POINT('',(3.75E-1,9.5E-2,8.75E-1));
#2612=LINE('',#2611,#2610);
#2613=CURVE_STYLE('',#33,POSITIVE_LENGTH_MEASURE(2.E-2),#3);
#2614=PRESENTATION_STYLE_ASSIGNMENT((#2613));
#2615=STYLED_ITEM('',(#2614),#2612);
#2616=DIRECTION('',(-1.E0,0.E0,0.E0));
#2617=VECTOR('',#2616,3.75E-1);
#2618=CARTESIAN_POINT('',(7.5E-1,9.5E-2,8.75E-1));
#2619=LINE('',#2618,#2617);
#2620=CURVE_STYLE('',#33,POSITIVE_LENGTH_MEASURE(2.E-2),#3);
#2621=PRESENTATION_STYLE_ASSIGNMENT((#2620));
#2622=STYLED_ITEM('',(#2621),#2619);
#2623=DIRECTION('',(1.E0,0.E0,0.E0));
#2624=VECTOR('',#2623,6.25E-1);
#2625=CARTESIAN_POINT('',(1.25E-1,9.5E-2,1.25E-1));
#2626=LINE('',#2625,#2624);
#2627=CURVE_STYLE('',#33,POSITIVE_LENGTH_MEASURE(2.E-2),#3);
#2628=PRESENTATION_STYLE_ASSIGNMENT((#2627));
#2629=STYLED_ITEM('',(#2628),#2626);
#2630=DIRECTION('',(0.E0,0.E0,1.E0));
#2631=VECTOR('',#2630,2.5E-1);
#2632=CARTESIAN_POINT('',(1.25E-1,9.5E-2,1.25E-1));
#2633=LINE('',#2632,#2631);
#2634=CURVE_STYLE('',#33,POSITIVE_LENGTH_MEASURE(2.E-2),#3);
#2635=PRESENTATION_STYLE_ASSIGNMENT((#2634));
#2636=STYLED_ITEM('',(#2635),#2633);
#2637=DIRECTION('',(-1.E0,0.E0,0.E0));
#2638=VECTOR('',#2637,6.25E-1);
#2639=CARTESIAN_POINT('',(7.5E-1,9.5E-2,3.75E-1));
#2640=LINE('',#2639,#2638);
#2641=CURVE_STYLE('',#33,POSITIVE_LENGTH_MEASURE(2.E-2),#3);
#2642=PRESENTATION_STYLE_ASSIGNMENT((#2641));
#2643=STYLED_ITEM('',(#2642),#2640);
#2644=DIRECTION('',(1.E0,0.E0,0.E0));
#2645=VECTOR('',#2644,6.25E-1);
#2646=CARTESIAN_POINT('',(1.25E-1,9.5E-2,-3.75E-1));
#2647=LINE('',#2646,#2645);
#2648=CURVE_STYLE('',#33,POSITIVE_LENGTH_MEASURE(2.E-2),#3);
#2649=PRESENTATION_STYLE_ASSIGNMENT((#2648));
#2650=STYLED_ITEM('',(#2649),#2647);
#2651=DIRECTION('',(0.E0,0.E0,1.E0));
#2652=VECTOR('',#2651,2.5E-1);
#2653=CARTESIAN_POINT('',(1.25E-1,9.5E-2,-3.75E-1));
#2654=LINE('',#2653,#2652);
#2655=CURVE_STYLE('',#33,POSITIVE_LENGTH_MEASURE(2.E-2),#3);
#2656=PRESENTATION_STYLE_ASSIGNMENT((#2655));
#2657=STYLED_ITEM('',(#2656),#2654);
#2658=DIRECTION('',(-1.E0,0.E0,0.E0));
#2659=VECTOR('',#2658,6.25E-1);
#2660=CARTESIAN_POINT('',(7.5E-1,9.5E-2,-1.25E-1));
#2661=LINE('',#2660,#2659);
#2662=CURVE_STYLE('',#33,POSITIVE_LENGTH_MEASURE(2.E-2),#3);
#2663=PRESENTATION_STYLE_ASSIGNMENT((#2662));
#2664=STYLED_ITEM('',(#2663),#2661);
#2665=DIRECTION('',(0.E0,0.E0,1.E0));
#2666=VECTOR('',#2665,3.75E-1);
#2667=CARTESIAN_POINT('',(-1.25E-1,9.5E-2,-1.E0));
#2668=LINE('',#2667,#2666);
#2669=CURVE_STYLE('',#33,POSITIVE_LENGTH_MEASURE(2.E-2),#3);
#2670=PRESENTATION_STYLE_ASSIGNMENT((#2669));
#2671=STYLED_ITEM('',(#2670),#2668);
#2672=DIRECTION('',(1.E0,0.E0,0.E0));
#2673=VECTOR('',#2672,2.5E-1);
#2674=CARTESIAN_POINT('',(-1.25E-1,9.5E-2,-6.25E-1));
#2675=LINE('',#2674,#2673);
#2676=CURVE_STYLE('',#33,POSITIVE_LENGTH_MEASURE(2.E-2),#3);
#2677=PRESENTATION_STYLE_ASSIGNMENT((#2676));
#2678=STYLED_ITEM('',(#2677),#2675);
#2679=DIRECTION('',(0.E0,0.E0,-1.E0));
#2680=VECTOR('',#2679,3.75E-1);
#2681=CARTESIAN_POINT('',(1.25E-1,9.5E-2,-6.25E-1));
#2682=LINE('',#2681,#2680);
#2683=CURVE_STYLE('',#33,POSITIVE_LENGTH_MEASURE(2.E-2),#3);
#2684=PRESENTATION_STYLE_ASSIGNMENT((#2683));
#2685=STYLED_ITEM('',(#2684),#2682);
#2686=DIRECTION('',(1.E0,0.E0,0.E0));
#2687=VECTOR('',#2686,3.75E-1);
#2688=CARTESIAN_POINT('',(3.75E-1,9.5E-2,-8.75E-1));
#2689=LINE('',#2688,#2687);
#2690=CURVE_STYLE('',#33,POSITIVE_LENGTH_MEASURE(2.E-2),#3);
#2691=PRESENTATION_STYLE_ASSIGNMENT((#2690));
#2692=STYLED_ITEM('',(#2691),#2689);
#2693=DIRECTION('',(0.E0,0.E0,-1.E0));
#2694=VECTOR('',#2693,2.5E-1);
#2695=CARTESIAN_POINT('',(3.75E-1,9.5E-2,-6.25E-1));
#2696=LINE('',#2695,#2694);
#2697=CURVE_STYLE('',#33,POSITIVE_LENGTH_MEASURE(2.E-2),#3);
#2698=PRESENTATION_STYLE_ASSIGNMENT((#2697));
#2699=STYLED_ITEM('',(#2698),#2696);
#2700=DIRECTION('',(-1.E0,0.E0,0.E0));
#2701=VECTOR('',#2700,3.75E-1);
#2702=CARTESIAN_POINT('',(7.5E-1,9.5E-2,-6.25E-1));
#2703=LINE('',#2702,#2701);
#2704=CURVE_STYLE('',#33,POSITIVE_LENGTH_MEASURE(2.E-2),#3);
#2705=PRESENTATION_STYLE_ASSIGNMENT((#2704));
#2706=STYLED_ITEM('',(#2705),#2703);
#2707=DIRECTION('',(1.E0,0.E0,0.E0));
#2708=VECTOR('',#2707,3.75E-1);
#2709=CARTESIAN_POINT('',(-7.5E-1,9.5E-2,8.75E-1));
#2710=LINE('',#2709,#2708);
#2711=CURVE_STYLE('',#33,POSITIVE_LENGTH_MEASURE(2.E-2),#3);
#2712=PRESENTATION_STYLE_ASSIGNMENT((#2711));
#2713=STYLED_ITEM('',(#2712),#2710);
#2714=DIRECTION('',(0.E0,0.E0,-1.E0));
#2715=VECTOR('',#2714,2.5E-1);
#2716=CARTESIAN_POINT('',(-3.75E-1,9.5E-2,8.75E-1));
#2717=LINE('',#2716,#2715);
#2718=CURVE_STYLE('',#33,POSITIVE_LENGTH_MEASURE(2.E-2),#3);
#2719=PRESENTATION_STYLE_ASSIGNMENT((#2718));
#2720=STYLED_ITEM('',(#2719),#2717);
#2721=DIRECTION('',(-1.E0,0.E0,0.E0));
#2722=VECTOR('',#2721,3.75E-1);
#2723=CARTESIAN_POINT('',(-3.75E-1,9.5E-2,6.25E-1));
#2724=LINE('',#2723,#2722);
#2725=CURVE_STYLE('',#33,POSITIVE_LENGTH_MEASURE(2.E-2),#3);
#2726=PRESENTATION_STYLE_ASSIGNMENT((#2725));
#2727=STYLED_ITEM('',(#2726),#2724);
#2728=DIRECTION('',(0.E0,0.E0,1.E0));
#2729=VECTOR('',#2728,2.5E-1);
#2730=CARTESIAN_POINT('',(-7.5E-1,9.5E-2,-8.75E-1));
#2731=LINE('',#2730,#2729);
#2732=CURVE_STYLE('',#33,POSITIVE_LENGTH_MEASURE(2.E-2),#3);
#2733=PRESENTATION_STYLE_ASSIGNMENT((#2732));
#2734=STYLED_ITEM('',(#2733),#2731);
#2735=DIRECTION('',(0.E0,1.E0,0.E0));
#2736=VECTOR('',#2735,9.5E-2);
#2737=CARTESIAN_POINT('',(-7.5E-1,0.E0,-8.75E-1));
#2738=LINE('',#2737,#2736);
#2739=CURVE_STYLE('',#33,POSITIVE_LENGTH_MEASURE(2.E-2),#3);
#2740=PRESENTATION_STYLE_ASSIGNMENT((#2739));
#2741=STYLED_ITEM('',(#2740),#2738);
#2742=DIRECTION('',(0.E0,1.E0,0.E0));
#2743=VECTOR('',#2742,7.75E-1);
#2744=CARTESIAN_POINT('',(-7.5E-1,0.E0,-1.E0));
#2745=LINE('',#2744,#2743);
#2746=CURVE_STYLE('',#33,POSITIVE_LENGTH_MEASURE(2.E-2),#3);
#2747=PRESENTATION_STYLE_ASSIGNMENT((#2746));
#2748=STYLED_ITEM('',(#2747),#2745);
#2749=DIRECTION('',(0.E0,1.E0,0.E0));
#2750=VECTOR('',#2749,9.5E-2);
#2751=CARTESIAN_POINT('',(-7.5E-1,0.E0,8.75E-1));
#2752=LINE('',#2751,#2750);
#2753=CURVE_STYLE('',#33,POSITIVE_LENGTH_MEASURE(2.E-2),#3);
#2754=PRESENTATION_STYLE_ASSIGNMENT((#2753));
#2755=STYLED_ITEM('',(#2754),#2752);
#2756=DIRECTION('',(0.E0,0.E0,1.E0));
#2757=VECTOR('',#2756,2.5E-1);
#2758=CARTESIAN_POINT('',(-7.5E-1,9.5E-2,6.25E-1));
#2759=LINE('',#2758,#2757);
#2760=CURVE_STYLE('',#33,POSITIVE_LENGTH_MEASURE(2.E-2),#3);
#2761=PRESENTATION_STYLE_ASSIGNMENT((#2760));
#2762=STYLED_ITEM('',(#2761),#2759);
#2763=DIRECTION('',(0.E0,1.E0,0.E0));
#2764=VECTOR('',#2763,9.5E-2);
#2765=CARTESIAN_POINT('',(-7.5E-1,0.E0,6.25E-1));
#2766=LINE('',#2765,#2764);
#2767=CURVE_STYLE('',#33,POSITIVE_LENGTH_MEASURE(2.E-2),#3);
#2768=PRESENTATION_STYLE_ASSIGNMENT((#2767));
#2769=STYLED_ITEM('',(#2768),#2766);
#2770=DIRECTION('',(0.E0,1.E0,0.E0));
#2771=VECTOR('',#2770,9.5E-2);
#2772=CARTESIAN_POINT('',(-7.5E-1,0.E0,3.75E-1));
#2773=LINE('',#2772,#2771);
#2774=CURVE_STYLE('',#33,POSITIVE_LENGTH_MEASURE(2.E-2),#3);
#2775=PRESENTATION_STYLE_ASSIGNMENT((#2774));
#2776=STYLED_ITEM('',(#2775),#2773);
#2777=DIRECTION('',(0.E0,0.E0,1.E0));
#2778=VECTOR('',#2777,2.5E-1);
#2779=CARTESIAN_POINT('',(-7.5E-1,9.5E-2,1.25E-1));
#2780=LINE('',#2779,#2778);
#2781=CURVE_STYLE('',#33,POSITIVE_LENGTH_MEASURE(2.E-2),#3);
#2782=PRESENTATION_STYLE_ASSIGNMENT((#2781));
#2783=STYLED_ITEM('',(#2782),#2780);
#2784=DIRECTION('',(0.E0,1.E0,0.E0));
#2785=VECTOR('',#2784,9.5E-2);
#2786=CARTESIAN_POINT('',(-7.5E-1,0.E0,1.25E-1));
#2787=LINE('',#2786,#2785);
#2788=CURVE_STYLE('',#33,POSITIVE_LENGTH_MEASURE(2.E-2),#3);
#2789=PRESENTATION_STYLE_ASSIGNMENT((#2788));
#2790=STYLED_ITEM('',(#2789),#2787);
#2791=DIRECTION('',(0.E0,1.E0,0.E0));
#2792=VECTOR('',#2791,9.5E-2);
#2793=CARTESIAN_POINT('',(-7.5E-1,0.E0,-1.25E-1));
#2794=LINE('',#2793,#2792);
#2795=CURVE_STYLE('',#33,POSITIVE_LENGTH_MEASURE(2.E-2),#3);
#2796=PRESENTATION_STYLE_ASSIGNMENT((#2795));
#2797=STYLED_ITEM('',(#2796),#2794);
#2798=DIRECTION('',(0.E0,0.E0,1.E0));
#2799=VECTOR('',#2798,2.5E-1);
#2800=CARTESIAN_POINT('',(-7.5E-1,9.5E-2,-3.75E-1));
#2801=LINE('',#2800,#2799);
#2802=CURVE_STYLE('',#33,POSITIVE_LENGTH_MEASURE(2.E-2),#3);
#2803=PRESENTATION_STYLE_ASSIGNMENT((#2802));
#2804=STYLED_ITEM('',(#2803),#2801);
#2805=DIRECTION('',(0.E0,1.E0,0.E0));
#2806=VECTOR('',#2805,9.5E-2);
#2807=CARTESIAN_POINT('',(-7.5E-1,0.E0,-3.75E-1));
#2808=LINE('',#2807,#2806);
#2809=CURVE_STYLE('',#33,POSITIVE_LENGTH_MEASURE(2.E-2),#3);
#2810=PRESENTATION_STYLE_ASSIGNMENT((#2809));
#2811=STYLED_ITEM('',(#2810),#2808);
#2812=DIRECTION('',(0.E0,1.E0,0.E0));
#2813=VECTOR('',#2812,9.5E-2);
#2814=CARTESIAN_POINT('',(-7.5E-1,0.E0,-6.25E-1));
#2815=LINE('',#2814,#2813);
#2816=CURVE_STYLE('',#33,POSITIVE_LENGTH_MEASURE(2.E-2),#3);
#2817=PRESENTATION_STYLE_ASSIGNMENT((#2816));
#2818=STYLED_ITEM('',(#2817),#2815);
#2819=DIRECTION('',(0.E0,-1.E0,0.E0));
#2820=VECTOR('',#2819,9.5E-2);
#2821=CARTESIAN_POINT('',(-5.25E-1,9.5E-2,-8.75E-1));
#2822=LINE('',#2821,#2820);
#2823=CURVE_STYLE('',#33,POSITIVE_LENGTH_MEASURE(2.E-2),#3);
#2824=PRESENTATION_STYLE_ASSIGNMENT((#2823));
#2825=STYLED_ITEM('',(#2824),#2822);
#2826=DIRECTION('',(0.E0,-1.E0,0.E0));
#2827=VECTOR('',#2826,9.5E-2);
#2828=CARTESIAN_POINT('',(-3.75E-1,9.5E-2,-7.25E-1));
#2829=LINE('',#2828,#2827);
#2830=CURVE_STYLE('',#33,POSITIVE_LENGTH_MEASURE(2.E-2),#3);
#2831=PRESENTATION_STYLE_ASSIGNMENT((#2830));
#2832=STYLED_ITEM('',(#2831),#2829);
#2833=DIRECTION('',(0.E0,1.E0,0.E0));
#2834=VECTOR('',#2833,9.5E-2);
#2835=CARTESIAN_POINT('',(-3.75E-1,0.E0,-6.25E-1));
#2836=LINE('',#2835,#2834);
#2837=CURVE_STYLE('',#33,POSITIVE_LENGTH_MEASURE(2.E-2),#3);
#2838=PRESENTATION_STYLE_ASSIGNMENT((#2837));
#2839=STYLED_ITEM('',(#2838),#2836);
#2840=DIRECTION('',(0.E0,0.E0,1.E0));
#2841=VECTOR('',#2840,2.E0);
#2842=CARTESIAN_POINT('',(-7.5E-1,7.75E-1,-1.E0));
#2843=LINE('',#2842,#2841);
#2844=CURVE_STYLE('',#33,POSITIVE_LENGTH_MEASURE(2.E-2),#3);
#2845=PRESENTATION_STYLE_ASSIGNMENT((#2844));
#2846=STYLED_ITEM('',(#2845),#2843);
#2847=DIRECTION('',(-1.E0,0.E0,0.E0));
#2848=VECTOR('',#2847,1.5E0);
#2849=CARTESIAN_POINT('',(7.5E-1,7.75E-1,-1.E0));
#2850=LINE('',#2849,#2848);
#2851=CURVE_STYLE('',#33,POSITIVE_LENGTH_MEASURE(2.E-2),#3);
#2852=PRESENTATION_STYLE_ASSIGNMENT((#2851));
#2853=STYLED_ITEM('',(#2852),#2850);
#2854=DIRECTION('',(0.E0,0.E0,-1.E0));
#2855=VECTOR('',#2854,2.E0);
#2856=CARTESIAN_POINT('',(7.5E-1,7.75E-1,1.E0));
#2857=LINE('',#2856,#2855);
#2858=CURVE_STYLE('',#33,POSITIVE_LENGTH_MEASURE(2.E-2),#3);
#2859=PRESENTATION_STYLE_ASSIGNMENT((#2858));
#2860=STYLED_ITEM('',(#2859),#2857);
#2861=DIRECTION('',(1.E0,0.E0,0.E0));
#2862=VECTOR('',#2861,1.5E0);
#2863=CARTESIAN_POINT('',(-7.5E-1,7.75E-1,1.E0));
#2864=LINE('',#2863,#2862);
#2865=CURVE_STYLE('',#33,POSITIVE_LENGTH_MEASURE(2.E-2),#3);
#2866=PRESENTATION_STYLE_ASSIGNMENT((#2865));
#2867=STYLED_ITEM('',(#2866),#2864);
#2868=DIRECTION('',(0.E0,0.E0,-1.E0));
#2869=VECTOR('',#2868,2.5E-1);
#2870=CARTESIAN_POINT('',(7.5E-1,9.5E-2,8.75E-1));
#2871=LINE('',#2870,#2869);
#2872=CURVE_STYLE('',#33,POSITIVE_LENGTH_MEASURE(2.E-2),#3);
#2873=PRESENTATION_STYLE_ASSIGNMENT((#2872));
#2874=STYLED_ITEM('',(#2873),#2871);
#2875=DIRECTION('',(0.E0,1.E0,0.E0));
#2876=VECTOR('',#2875,9.5E-2);
#2877=CARTESIAN_POINT('',(7.5E-1,0.E0,8.75E-1));
#2878=LINE('',#2877,#2876);
#2879=CURVE_STYLE('',#33,POSITIVE_LENGTH_MEASURE(2.E-2),#3);
#2880=PRESENTATION_STYLE_ASSIGNMENT((#2879));
#2881=STYLED_ITEM('',(#2880),#2878);
#2882=DIRECTION('',(0.E0,1.E0,0.E0));
#2883=VECTOR('',#2882,7.75E-1);
#2884=CARTESIAN_POINT('',(7.5E-1,0.E0,1.E0));
#2885=LINE('',#2884,#2883);
#2886=CURVE_STYLE('',#33,POSITIVE_LENGTH_MEASURE(2.E-2),#3);
#2887=PRESENTATION_STYLE_ASSIGNMENT((#2886));
#2888=STYLED_ITEM('',(#2887),#2885);
#2889=DIRECTION('',(0.E0,1.E0,0.E0));
#2890=VECTOR('',#2889,9.5E-2);
#2891=CARTESIAN_POINT('',(7.5E-1,0.E0,-8.75E-1));
#2892=LINE('',#2891,#2890);
#2893=CURVE_STYLE('',#33,POSITIVE_LENGTH_MEASURE(2.E-2),#3);
#2894=PRESENTATION_STYLE_ASSIGNMENT((#2893));
#2895=STYLED_ITEM('',(#2894),#2892);
#2896=DIRECTION('',(0.E0,0.E0,-1.E0));
#2897=VECTOR('',#2896,2.5E-1);
#2898=CARTESIAN_POINT('',(7.5E-1,9.5E-2,-6.25E-1));
#2899=LINE('',#2898,#2897);
#2900=CURVE_STYLE('',#33,POSITIVE_LENGTH_MEASURE(2.E-2),#3);
#2901=PRESENTATION_STYLE_ASSIGNMENT((#2900));
#2902=STYLED_ITEM('',(#2901),#2899);
#2903=DIRECTION('',(0.E0,1.E0,0.E0));
#2904=VECTOR('',#2903,9.5E-2);
#2905=CARTESIAN_POINT('',(7.5E-1,0.E0,-6.25E-1));
#2906=LINE('',#2905,#2904);
#2907=CURVE_STYLE('',#33,POSITIVE_LENGTH_MEASURE(2.E-2),#3);
#2908=PRESENTATION_STYLE_ASSIGNMENT((#2907));
#2909=STYLED_ITEM('',(#2908),#2906);
#2910=DIRECTION('',(0.E0,1.E0,0.E0));
#2911=VECTOR('',#2910,9.5E-2);
#2912=CARTESIAN_POINT('',(7.5E-1,0.E0,-3.75E-1));
#2913=LINE('',#2912,#2911);
#2914=CURVE_STYLE('',#33,POSITIVE_LENGTH_MEASURE(2.E-2),#3);
#2915=PRESENTATION_STYLE_ASSIGNMENT((#2914));
#2916=STYLED_ITEM('',(#2915),#2913);
#2917=DIRECTION('',(0.E0,0.E0,-1.E0));
#2918=VECTOR('',#2917,2.5E-1);
#2919=CARTESIAN_POINT('',(7.5E-1,9.5E-2,-1.25E-1));
#2920=LINE('',#2919,#2918);
#2921=CURVE_STYLE('',#33,POSITIVE_LENGTH_MEASURE(2.E-2),#3);
#2922=PRESENTATION_STYLE_ASSIGNMENT((#2921));
#2923=STYLED_ITEM('',(#2922),#2920);
#2924=DIRECTION('',(0.E0,1.E0,0.E0));
#2925=VECTOR('',#2924,9.5E-2);
#2926=CARTESIAN_POINT('',(7.5E-1,0.E0,-1.25E-1));
#2927=LINE('',#2926,#2925);
#2928=CURVE_STYLE('',#33,POSITIVE_LENGTH_MEASURE(2.E-2),#3);
#2929=PRESENTATION_STYLE_ASSIGNMENT((#2928));
#2930=STYLED_ITEM('',(#2929),#2927);
#2931=DIRECTION('',(0.E0,1.E0,0.E0));
#2932=VECTOR('',#2931,9.5E-2);
#2933=CARTESIAN_POINT('',(7.5E-1,0.E0,1.25E-1));
#2934=LINE('',#2933,#2932);
#2935=CURVE_STYLE('',#33,POSITIVE_LENGTH_MEASURE(2.E-2),#3);
#2936=PRESENTATION_STYLE_ASSIGNMENT((#2935));
#2937=STYLED_ITEM('',(#2936),#2934);
#2938=DIRECTION('',(0.E0,0.E0,-1.E0));
#2939=VECTOR('',#2938,2.5E-1);
#2940=CARTESIAN_POINT('',(7.5E-1,9.5E-2,3.75E-1));
#2941=LINE('',#2940,#2939);
#2942=CURVE_STYLE('',#33,POSITIVE_LENGTH_MEASURE(2.E-2),#3);
#2943=PRESENTATION_STYLE_ASSIGNMENT((#2942));
#2944=STYLED_ITEM('',(#2943),#2941);
#2945=DIRECTION('',(0.E0,1.E0,0.E0));
#2946=VECTOR('',#2945,9.5E-2);
#2947=CARTESIAN_POINT('',(7.5E-1,0.E0,3.75E-1));
#2948=LINE('',#2947,#2946);
#2949=CURVE_STYLE('',#33,POSITIVE_LENGTH_MEASURE(2.E-2),#3);
#2950=PRESENTATION_STYLE_ASSIGNMENT((#2949));
#2951=STYLED_ITEM('',(#2950),#2948);
#2952=DIRECTION('',(0.E0,1.E0,0.E0));
#2953=VECTOR('',#2952,9.5E-2);
#2954=CARTESIAN_POINT('',(7.5E-1,0.E0,6.25E-1));
#2955=LINE('',#2954,#2953);
#2956=CURVE_STYLE('',#33,POSITIVE_LENGTH_MEASURE(2.E-2),#3);
#2957=PRESENTATION_STYLE_ASSIGNMENT((#2956));
#2958=STYLED_ITEM('',(#2957),#2955);
#2959=DIRECTION('',(0.E0,1.E0,0.E0));
#2960=VECTOR('',#2959,9.5E-2);
#2961=CARTESIAN_POINT('',(3.75E-1,0.E0,8.75E-1));
#2962=LINE('',#2961,#2960);
#2963=CURVE_STYLE('',#33,POSITIVE_LENGTH_MEASURE(2.E-2),#3);
#2964=PRESENTATION_STYLE_ASSIGNMENT((#2963));
#2965=STYLED_ITEM('',(#2964),#2962);
#2966=DIRECTION('',(0.E0,1.E0,0.E0));
#2967=VECTOR('',#2966,9.5E-2);
#2968=CARTESIAN_POINT('',(3.75E-1,0.E0,6.25E-1));
#2969=LINE('',#2968,#2967);
#2970=CURVE_STYLE('',#33,POSITIVE_LENGTH_MEASURE(2.E-2),#3);
#2971=PRESENTATION_STYLE_ASSIGNMENT((#2970));
#2972=STYLED_ITEM('',(#2971),#2969);
#2973=DIRECTION('',(1.E0,0.E0,0.E0));
#2974=VECTOR('',#2973,2.5E-1);
#2975=CARTESIAN_POINT('',(-1.25E-1,9.5E-2,1.E0));
#2976=LINE('',#2975,#2974);
#2977=CURVE_STYLE('',#33,POSITIVE_LENGTH_MEASURE(2.E-2),#3);
#2978=PRESENTATION_STYLE_ASSIGNMENT((#2977));
#2979=STYLED_ITEM('',(#2978),#2976);
#2980=DIRECTION('',(0.E0,1.E0,0.E0));
#2981=VECTOR('',#2980,9.5E-2);
#2982=CARTESIAN_POINT('',(-1.25E-1,0.E0,1.E0));
#2983=LINE('',#2982,#2981);
#2984=CURVE_STYLE('',#33,POSITIVE_LENGTH_MEASURE(2.E-2),#3);
#2985=PRESENTATION_STYLE_ASSIGNMENT((#2984));
#2986=STYLED_ITEM('',(#2985),#2983);
#2987=DIRECTION('',(0.E0,1.E0,0.E0));
#2988=VECTOR('',#2987,7.75E-1);
#2989=CARTESIAN_POINT('',(-7.5E-1,0.E0,1.E0));
#2990=LINE('',#2989,#2988);
#2991=CURVE_STYLE('',#33,POSITIVE_LENGTH_MEASURE(2.E-2),#3);
#2992=PRESENTATION_STYLE_ASSIGNMENT((#2991));
#2993=STYLED_ITEM('',(#2992),#2990);
#2994=DIRECTION('',(0.E0,1.E0,0.E0));
#2995=VECTOR('',#2994,9.5E-2);
#2996=CARTESIAN_POINT('',(1.25E-1,0.E0,1.E0));
#2997=LINE('',#2996,#2995);
#2998=CURVE_STYLE('',#33,POSITIVE_LENGTH_MEASURE(2.E-2),#3);
#2999=PRESENTATION_STYLE_ASSIGNMENT((#2998));
#3000=STYLED_ITEM('',(#2999),#2997);
#3001=DIRECTION('',(0.E0,1.E0,0.E0));
#3002=VECTOR('',#3001,9.5E-2);
#3003=CARTESIAN_POINT('',(-1.25E-1,0.E0,6.25E-1));
#3004=LINE('',#3003,#3002);
#3005=CURVE_STYLE('',#33,POSITIVE_LENGTH_MEASURE(2.E-2),#3);
#3006=PRESENTATION_STYLE_ASSIGNMENT((#3005));
#3007=STYLED_ITEM('',(#3006),#3004);
#3008=DIRECTION('',(0.E0,1.E0,0.E0));
#3009=VECTOR('',#3008,9.5E-2);
#3010=CARTESIAN_POINT('',(1.25E-1,0.E0,6.25E-1));
#3011=LINE('',#3010,#3009);
#3012=CURVE_STYLE('',#33,POSITIVE_LENGTH_MEASURE(2.E-2),#3);
#3013=PRESENTATION_STYLE_ASSIGNMENT((#3012));
#3014=STYLED_ITEM('',(#3013),#3011);
#3015=DIRECTION('',(0.E0,1.E0,0.E0));
#3016=VECTOR('',#3015,9.5E-2);
#3017=CARTESIAN_POINT('',(3.75E-1,0.E0,-8.75E-1));
#3018=LINE('',#3017,#3016);
#3019=CURVE_STYLE('',#33,POSITIVE_LENGTH_MEASURE(2.E-2),#3);
#3020=PRESENTATION_STYLE_ASSIGNMENT((#3019));
#3021=STYLED_ITEM('',(#3020),#3018);
#3022=DIRECTION('',(0.E0,1.E0,0.E0));
#3023=VECTOR('',#3022,9.5E-2);
#3024=CARTESIAN_POINT('',(3.75E-1,0.E0,-6.25E-1));
#3025=LINE('',#3024,#3023);
#3026=CURVE_STYLE('',#33,POSITIVE_LENGTH_MEASURE(2.E-2),#3);
#3027=PRESENTATION_STYLE_ASSIGNMENT((#3026));
#3028=STYLED_ITEM('',(#3027),#3025);
#3029=DIRECTION('',(0.E0,1.E0,0.E0));
#3030=VECTOR('',#3029,9.5E-2);
#3031=CARTESIAN_POINT('',(1.25E-1,0.E0,-3.75E-1));
#3032=LINE('',#3031,#3030);
#3033=CURVE_STYLE('',#33,POSITIVE_LENGTH_MEASURE(2.E-2),#3);
#3034=PRESENTATION_STYLE_ASSIGNMENT((#3033));
#3035=STYLED_ITEM('',(#3034),#3032);
#3036=DIRECTION('',(0.E0,1.E0,0.E0));
#3037=VECTOR('',#3036,9.5E-2);
#3038=CARTESIAN_POINT('',(1.25E-1,0.E0,-1.25E-1));
#3039=LINE('',#3038,#3037);
#3040=CURVE_STYLE('',#33,POSITIVE_LENGTH_MEASURE(2.E-2),#3);
#3041=PRESENTATION_STYLE_ASSIGNMENT((#3040));
#3042=STYLED_ITEM('',(#3041),#3039);
#3043=DIRECTION('',(0.E0,1.E0,0.E0));
#3044=VECTOR('',#3043,9.5E-2);
#3045=CARTESIAN_POINT('',(1.25E-1,0.E0,1.25E-1));
#3046=LINE('',#3045,#3044);
#3047=CURVE_STYLE('',#33,POSITIVE_LENGTH_MEASURE(2.E-2),#3);
#3048=PRESENTATION_STYLE_ASSIGNMENT((#3047));
#3049=STYLED_ITEM('',(#3048),#3046);
#3050=DIRECTION('',(0.E0,1.E0,0.E0));
#3051=VECTOR('',#3050,9.5E-2);
#3052=CARTESIAN_POINT('',(1.25E-1,0.E0,3.75E-1));
#3053=LINE('',#3052,#3051);
#3054=CURVE_STYLE('',#33,POSITIVE_LENGTH_MEASURE(2.E-2),#3);
#3055=PRESENTATION_STYLE_ASSIGNMENT((#3054));
#3056=STYLED_ITEM('',(#3055),#3053);
#3057=DIRECTION('',(0.E0,1.E0,0.E0));
#3058=VECTOR('',#3057,9.5E-2);
#3059=CARTESIAN_POINT('',(-3.75E-1,0.E0,8.75E-1));
#3060=LINE('',#3059,#3058);
#3061=CURVE_STYLE('',#33,POSITIVE_LENGTH_MEASURE(2.E-2),#3);
#3062=PRESENTATION_STYLE_ASSIGNMENT((#3061));
#3063=STYLED_ITEM('',(#3062),#3060);
#3064=DIRECTION('',(0.E0,1.E0,0.E0));
#3065=VECTOR('',#3064,9.5E-2);
#3066=CARTESIAN_POINT('',(-3.75E-1,0.E0,6.25E-1));
#3067=LINE('',#3066,#3065);
#3068=CURVE_STYLE('',#33,POSITIVE_LENGTH_MEASURE(2.E-2),#3);
#3069=PRESENTATION_STYLE_ASSIGNMENT((#3068));
#3070=STYLED_ITEM('',(#3069),#3067);
#3071=DIRECTION('',(0.E0,1.E0,0.E0));
#3072=VECTOR('',#3071,9.5E-2);
#3073=CARTESIAN_POINT('',(-1.25E-1,0.E0,3.75E-1));
#3074=LINE('',#3073,#3072);
#3075=CURVE_STYLE('',#33,POSITIVE_LENGTH_MEASURE(2.E-2),#3);
#3076=PRESENTATION_STYLE_ASSIGNMENT((#3075));
#3077=STYLED_ITEM('',(#3076),#3074);
#3078=DIRECTION('',(0.E0,1.E0,0.E0));
#3079=VECTOR('',#3078,9.5E-2);
#3080=CARTESIAN_POINT('',(-1.25E-1,0.E0,1.25E-1));
#3081=LINE('',#3080,#3079);
#3082=CURVE_STYLE('',#33,POSITIVE_LENGTH_MEASURE(2.E-2),#3);
#3083=PRESENTATION_STYLE_ASSIGNMENT((#3082));
#3084=STYLED_ITEM('',(#3083),#3081);
#3085=DIRECTION('',(0.E0,1.E0,0.E0));
#3086=VECTOR('',#3085,9.5E-2);
#3087=CARTESIAN_POINT('',(-1.25E-1,0.E0,-1.25E-1));
#3088=LINE('',#3087,#3086);
#3089=CURVE_STYLE('',#33,POSITIVE_LENGTH_MEASURE(2.E-2),#3);
#3090=PRESENTATION_STYLE_ASSIGNMENT((#3089));
#3091=STYLED_ITEM('',(#3090),#3088);
#3092=DIRECTION('',(0.E0,1.E0,0.E0));
#3093=VECTOR('',#3092,9.5E-2);
#3094=CARTESIAN_POINT('',(-1.25E-1,0.E0,-3.75E-1));
#3095=LINE('',#3094,#3093);
#3096=CURVE_STYLE('',#33,POSITIVE_LENGTH_MEASURE(2.E-2),#3);
#3097=PRESENTATION_STYLE_ASSIGNMENT((#3096));
#3098=STYLED_ITEM('',(#3097),#3095);
#3099=CARTESIAN_POINT('',(-7.5E-1,7.75E-1,-1.E0));
#3100=CARTESIAN_POINT('',(-7.5E-1,7.75E-1,1.E0));
#3101=VERTEX_POINT('',#3099);
#3102=VERTEX_POINT('',#3100);
#3103=CARTESIAN_POINT('',(7.5E-1,7.75E-1,1.E0));
#3104=VERTEX_POINT('',#3103);
#3105=CARTESIAN_POINT('',(7.5E-1,7.75E-1,-1.E0));
#3106=VERTEX_POINT('',#3105);
#3107=CARTESIAN_POINT('',(-7.5E-1,0.E0,-1.E0));
#3108=VERTEX_POINT('',#3107);
#3109=CARTESIAN_POINT('',(-7.5E-1,0.E0,1.E0));
#3110=VERTEX_POINT('',#3109);
#3111=CARTESIAN_POINT('',(7.5E-1,0.E0,1.E0));
#3112=VERTEX_POINT('',#3111);
#3113=CARTESIAN_POINT('',(7.5E-1,0.E0,-1.E0));
#3114=VERTEX_POINT('',#3113);
#3115=CARTESIAN_POINT('',(-1.25E-1,0.E0,-1.E0));
#3116=CARTESIAN_POINT('',(-1.25E-1,0.E0,-6.25E-1));
#3117=VERTEX_POINT('',#3115);
#3118=VERTEX_POINT('',#3116);
#3119=CARTESIAN_POINT('',(1.25E-1,0.E0,-6.25E-1));
#3120=VERTEX_POINT('',#3119);
#3121=CARTESIAN_POINT('',(1.25E-1,0.E0,-1.E0));
#3122=VERTEX_POINT('',#3121);
#3123=CARTESIAN_POINT('',(-1.25E-1,0.E0,1.E0));
#3124=CARTESIAN_POINT('',(-1.25E-1,0.E0,6.25E-1));
#3125=VERTEX_POINT('',#3123);
#3126=VERTEX_POINT('',#3124);
#3127=CARTESIAN_POINT('',(1.25E-1,0.E0,6.25E-1));
#3128=VERTEX_POINT('',#3127);
#3129=CARTESIAN_POINT('',(1.25E-1,0.E0,1.E0));
#3130=VERTEX_POINT('',#3129);
#3131=CARTESIAN_POINT('',(-7.5E-1,0.E0,-8.75E-1));
#3132=CARTESIAN_POINT('',(-5.25E-1,0.E0,-8.75E-1));
#3133=VERTEX_POINT('',#3131);
#3134=VERTEX_POINT('',#3132);
#3135=CARTESIAN_POINT('',(-7.5E-1,0.E0,-6.25E-1));
#3136=CARTESIAN_POINT('',(-3.75E-1,0.E0,-6.25E-1));
#3137=VERTEX_POINT('',#3135);
#3138=VERTEX_POINT('',#3136);
#3139=CARTESIAN_POINT('',(-3.75E-1,0.E0,-7.25E-1));
#3140=VERTEX_POINT('',#3139);
#3141=CARTESIAN_POINT('',(-7.5E-1,0.E0,-3.75E-1));
#3142=CARTESIAN_POINT('',(-1.25E-1,0.E0,-3.75E-1));
#3143=VERTEX_POINT('',#3141);
#3144=VERTEX_POINT('',#3142);
#3145=CARTESIAN_POINT('',(-7.5E-1,0.E0,-1.25E-1));
#3146=CARTESIAN_POINT('',(-1.25E-1,0.E0,-1.25E-1));
#3147=VERTEX_POINT('',#3145);
#3148=VERTEX_POINT('',#3146);
#3149=CARTESIAN_POINT('',(-7.5E-1,0.E0,1.25E-1));
#3150=CARTESIAN_POINT('',(-1.25E-1,0.E0,1.25E-1));
#3151=VERTEX_POINT('',#3149);
#3152=VERTEX_POINT('',#3150);
#3153=CARTESIAN_POINT('',(-7.5E-1,0.E0,3.75E-1));
#3154=CARTESIAN_POINT('',(-1.25E-1,0.E0,3.75E-1));
#3155=VERTEX_POINT('',#3153);
#3156=VERTEX_POINT('',#3154);
#3157=CARTESIAN_POINT('',(7.5E-1,0.E0,-8.75E-1));
#3158=CARTESIAN_POINT('',(3.75E-1,0.E0,-8.75E-1));
#3159=VERTEX_POINT('',#3157);
#3160=VERTEX_POINT('',#3158);
#3161=CARTESIAN_POINT('',(7.5E-1,0.E0,-6.25E-1));
#3162=CARTESIAN_POINT('',(3.75E-1,0.E0,-6.25E-1));
#3163=VERTEX_POINT('',#3161);
#3164=VERTEX_POINT('',#3162);
#3165=CARTESIAN_POINT('',(7.5E-1,0.E0,-3.75E-1));
#3166=CARTESIAN_POINT('',(1.25E-1,0.E0,-3.75E-1));
#3167=VERTEX_POINT('',#3165);
#3168=VERTEX_POINT('',#3166);
#3169=CARTESIAN_POINT('',(7.5E-1,0.E0,-1.25E-1));
#3170=CARTESIAN_POINT('',(1.25E-1,0.E0,-1.25E-1));
#3171=VERTEX_POINT('',#3169);
#3172=VERTEX_POINT('',#3170);
#3173=CARTESIAN_POINT('',(7.5E-1,0.E0,1.25E-1));
#3174=CARTESIAN_POINT('',(1.25E-1,0.E0,1.25E-1));
#3175=VERTEX_POINT('',#3173);
#3176=VERTEX_POINT('',#3174);
#3177=CARTESIAN_POINT('',(7.5E-1,0.E0,3.75E-1));
#3178=CARTESIAN_POINT('',(1.25E-1,0.E0,3.75E-1));
#3179=VERTEX_POINT('',#3177);
#3180=VERTEX_POINT('',#3178);
#3181=CARTESIAN_POINT('',(-7.5E-1,9.5E-2,-8.75E-1));
#3182=CARTESIAN_POINT('',(-7.5E-1,9.5E-2,-6.25E-1));
#3183=VERTEX_POINT('',#3181);
#3184=VERTEX_POINT('',#3182);
#3185=CARTESIAN_POINT('',(-7.5E-1,9.5E-2,-3.75E-1));
#3186=CARTESIAN_POINT('',(-7.5E-1,9.5E-2,-1.25E-1));
#3187=VERTEX_POINT('',#3185);
#3188=VERTEX_POINT('',#3186);
#3189=CARTESIAN_POINT('',(-7.5E-1,9.5E-2,1.25E-1));
#3190=CARTESIAN_POINT('',(-7.5E-1,9.5E-2,3.75E-1));
#3191=VERTEX_POINT('',#3189);
#3192=VERTEX_POINT('',#3190);
#3193=CARTESIAN_POINT('',(-1.25E-1,9.5E-2,1.E0));
#3194=CARTESIAN_POINT('',(1.25E-1,9.5E-2,1.E0));
#3195=VERTEX_POINT('',#3193);
#3196=VERTEX_POINT('',#3194);
#3197=CARTESIAN_POINT('',(7.5E-1,9.5E-2,8.75E-1));
#3198=CARTESIAN_POINT('',(7.5E-1,9.5E-2,6.25E-1));
#3199=VERTEX_POINT('',#3197);
#3200=VERTEX_POINT('',#3198);
#3201=CARTESIAN_POINT('',(7.5E-1,9.5E-2,3.75E-1));
#3202=CARTESIAN_POINT('',(7.5E-1,9.5E-2,1.25E-1));
#3203=VERTEX_POINT('',#3201);
#3204=VERTEX_POINT('',#3202);
#3205=CARTESIAN_POINT('',(7.5E-1,9.5E-2,-1.25E-1));
#3206=CARTESIAN_POINT('',(7.5E-1,9.5E-2,-3.75E-1));
#3207=VERTEX_POINT('',#3205);
#3208=VERTEX_POINT('',#3206);
#3209=CARTESIAN_POINT('',(7.5E-1,9.5E-2,-8.75E-1));
#3210=VERTEX_POINT('',#3209);
#3211=CARTESIAN_POINT('',(7.5E-1,9.5E-2,-6.25E-1));
#3212=VERTEX_POINT('',#3211);
#3213=CARTESIAN_POINT('',(1.25E-1,9.5E-2,-1.E0));
#3214=CARTESIAN_POINT('',(-1.25E-1,9.5E-2,-1.E0));
#3215=VERTEX_POINT('',#3213);
#3216=VERTEX_POINT('',#3214);
#3217=CARTESIAN_POINT('',(-7.5E-1,0.E0,6.25E-1));
#3218=VERTEX_POINT('',#3217);
#3219=CARTESIAN_POINT('',(7.5E-1,0.E0,8.75E-1));
#3220=VERTEX_POINT('',#3219);
#3221=CARTESIAN_POINT('',(7.5E-1,0.E0,6.25E-1));
#3222=VERTEX_POINT('',#3221);
#3223=CARTESIAN_POINT('',(-1.25E-1,9.5E-2,-6.25E-1));
#3224=CARTESIAN_POINT('',(1.25E-1,9.5E-2,-6.25E-1));
#3225=VERTEX_POINT('',#3223);
#3226=VERTEX_POINT('',#3224);
#3227=CARTESIAN_POINT('',(-1.25E-1,9.5E-2,6.25E-1));
#3228=CARTESIAN_POINT('',(1.25E-1,9.5E-2,6.25E-1));
#3229=VERTEX_POINT('',#3227);
#3230=VERTEX_POINT('',#3228);
#3231=CARTESIAN_POINT('',(3.75E-1,9.5E-2,-6.25E-1));
#3232=CARTESIAN_POINT('',(3.75E-1,9.5E-2,-8.75E-1));
#3233=VERTEX_POINT('',#3231);
#3234=VERTEX_POINT('',#3232);
#3235=CARTESIAN_POINT('',(-3.75E-1,9.5E-2,8.75E-1));
#3236=CARTESIAN_POINT('',(-3.75E-1,9.5E-2,6.25E-1));
#3237=VERTEX_POINT('',#3235);
#3238=VERTEX_POINT('',#3236);
#3239=CARTESIAN_POINT('',(3.75E-1,9.5E-2,8.75E-1));
#3240=CARTESIAN_POINT('',(3.75E-1,9.5E-2,6.25E-1));
#3241=VERTEX_POINT('',#3239);
#3242=VERTEX_POINT('',#3240);
#3243=CARTESIAN_POINT('',(-3.75E-1,0.E0,6.25E-1));
#3244=VERTEX_POINT('',#3243);
#3245=CARTESIAN_POINT('',(-7.5E-1,0.E0,8.75E-1));
#3246=CARTESIAN_POINT('',(-3.75E-1,0.E0,8.75E-1));
#3247=VERTEX_POINT('',#3245);
#3248=VERTEX_POINT('',#3246);
#3249=CARTESIAN_POINT('',(3.75E-1,0.E0,6.25E-1));
#3250=VERTEX_POINT('',#3249);
#3251=CARTESIAN_POINT('',(3.75E-1,0.E0,8.75E-1));
#3252=VERTEX_POINT('',#3251);
#3253=CARTESIAN_POINT('',(-7.5E-1,9.5E-2,6.25E-1));
#3254=CARTESIAN_POINT('',(-7.5E-1,9.5E-2,8.75E-1));
#3255=VERTEX_POINT('',#3253);
#3256=VERTEX_POINT('',#3254);
#3257=CARTESIAN_POINT('',(-3.75E-1,9.5E-2,-7.25E-1));
#3258=CARTESIAN_POINT('',(-5.25E-1,9.5E-2,-8.75E-1));
#3259=VERTEX_POINT('',#3257);
#3260=VERTEX_POINT('',#3258);
#3261=CARTESIAN_POINT('',(-3.75E-1,9.5E-2,-6.25E-1));
#3262=VERTEX_POINT('',#3261);
#3263=CARTESIAN_POINT('',(-1.25E-1,9.5E-2,-1.25E-1));
#3264=CARTESIAN_POINT('',(-1.25E-1,9.5E-2,-3.75E-1));
#3265=VERTEX_POINT('',#3263);
#3266=VERTEX_POINT('',#3264);
#3267=CARTESIAN_POINT('',(-1.25E-1,9.5E-2,3.75E-1));
#3268=CARTESIAN_POINT('',(-1.25E-1,9.5E-2,1.25E-1));
#3269=VERTEX_POINT('',#3267);
#3270=VERTEX_POINT('',#3268);
#3271=CARTESIAN_POINT('',(1.25E-1,9.5E-2,-3.75E-1));
#3272=CARTESIAN_POINT('',(1.25E-1,9.5E-2,-1.25E-1));
#3273=VERTEX_POINT('',#3271);
#3274=VERTEX_POINT('',#3272);
#3275=CARTESIAN_POINT('',(1.25E-1,9.5E-2,1.25E-1));
#3276=CARTESIAN_POINT('',(1.25E-1,9.5E-2,3.75E-1));
#3277=VERTEX_POINT('',#3275);
#3278=VERTEX_POINT('',#3276);
#3279=CARTESIAN_POINT('',(0.E0,0.E0,0.E0));
#3280=DIRECTION('',(0.E0,1.E0,0.E0));
#3281=DIRECTION('',(1.E0,0.E0,0.E0));
#3282=AXIS2_PLACEMENT_3D('',#3279,#3280,#3281);
#3283=PLANE('',#3282);
#3285=ORIENTED_EDGE('',*,*,#3284,.F.);
#3287=ORIENTED_EDGE('',*,*,#3286,.T.);
#3289=ORIENTED_EDGE('',*,*,#3288,.T.);
#3291=ORIENTED_EDGE('',*,*,#3290,.T.);
#3293=ORIENTED_EDGE('',*,*,#3292,.T.);
#3295=ORIENTED_EDGE('',*,*,#3294,.F.);
#3297=ORIENTED_EDGE('',*,*,#3296,.F.);
#3299=ORIENTED_EDGE('',*,*,#3298,.T.);
#3301=ORIENTED_EDGE('',*,*,#3300,.T.);
#3303=ORIENTED_EDGE('',*,*,#3302,.F.);
#3305=ORIENTED_EDGE('',*,*,#3304,.F.);
#3307=ORIENTED_EDGE('',*,*,#3306,.T.);
#3309=ORIENTED_EDGE('',*,*,#3308,.T.);
#3311=ORIENTED_EDGE('',*,*,#3310,.F.);
#3313=ORIENTED_EDGE('',*,*,#3312,.F.);
#3315=ORIENTED_EDGE('',*,*,#3314,.T.);
#3317=ORIENTED_EDGE('',*,*,#3316,.T.);
#3319=ORIENTED_EDGE('',*,*,#3318,.F.);
#3321=ORIENTED_EDGE('',*,*,#3320,.F.);
#3323=ORIENTED_EDGE('',*,*,#3322,.T.);
#3325=ORIENTED_EDGE('',*,*,#3324,.T.);
#3327=ORIENTED_EDGE('',*,*,#3326,.T.);
#3329=ORIENTED_EDGE('',*,*,#3328,.T.);
#3331=ORIENTED_EDGE('',*,*,#3330,.F.);
#3333=ORIENTED_EDGE('',*,*,#3332,.T.);
#3335=ORIENTED_EDGE('',*,*,#3334,.T.);
#3337=ORIENTED_EDGE('',*,*,#3336,.T.);
#3339=ORIENTED_EDGE('',*,*,#3338,.T.);
#3341=ORIENTED_EDGE('',*,*,#3340,.F.);
#3343=ORIENTED_EDGE('',*,*,#3342,.T.);
#3345=ORIENTED_EDGE('',*,*,#3344,.T.);
#3347=ORIENTED_EDGE('',*,*,#3346,.F.);
#3349=ORIENTED_EDGE('',*,*,#3348,.F.);
#3351=ORIENTED_EDGE('',*,*,#3350,.T.);
#3353=ORIENTED_EDGE('',*,*,#3352,.T.);
#3355=ORIENTED_EDGE('',*,*,#3354,.F.);
#3357=ORIENTED_EDGE('',*,*,#3356,.F.);
#3359=ORIENTED_EDGE('',*,*,#3358,.T.);
#3361=ORIENTED_EDGE('',*,*,#3360,.T.);
#3363=ORIENTED_EDGE('',*,*,#3362,.T.);
#3365=ORIENTED_EDGE('',*,*,#3364,.F.);
#3367=ORIENTED_EDGE('',*,*,#3366,.T.);
#3369=ORIENTED_EDGE('',*,*,#3368,.T.);
#3371=ORIENTED_EDGE('',*,*,#3370,.T.);
#3373=ORIENTED_EDGE('',*,*,#3372,.F.);
#3374=EDGE_LOOP('',(#3285,#3287,#3289,#3291,#3293,#3295,#3297,#3299,#3301,#3303,
#3305,#3307,#3309,#3311,#3313,#3315,#3317,#3319,#3321,#3323,#3325,#3327,#3329,
#3331,#3333,#3335,#3337,#3339,#3341,#3343,#3345,#3347,#3349,#3351,#3353,#3355,
#3357,#3359,#3361,#3363,#3365,#3367,#3369,#3371,#3373));
#3375=FACE_OUTER_BOUND('',#3374,.F.);
#3377=CARTESIAN_POINT('',(-1.25E-1,-2.5E-2,-1.06E0));
#3378=DIRECTION('',(-1.E0,0.E0,0.E0));
#3379=DIRECTION('',(0.E0,0.E0,1.E0));
#3380=AXIS2_PLACEMENT_3D('',#3377,#3378,#3379);
#3381=PLANE('',#3380);
#3382=ORIENTED_EDGE('',*,*,#3284,.T.);
#3384=ORIENTED_EDGE('',*,*,#3383,.T.);
#3386=ORIENTED_EDGE('',*,*,#3385,.F.);
#3388=ORIENTED_EDGE('',*,*,#3387,.F.);
#3389=EDGE_LOOP('',(#3382,#3384,#3386,#3388));
#3390=FACE_OUTER_BOUND('',#3389,.F.);
#3392=CARTESIAN_POINT('',(-1.25E-1,-2.5E-2,-6.25E-1));
#3393=DIRECTION('',(0.E0,0.E0,1.E0));
#3394=DIRECTION('',(1.E0,0.E0,0.E0));
#3395=AXIS2_PLACEMENT_3D('',#3392,#3393,#3394);
#3396=PLANE('',#3395);
#3397=ORIENTED_EDGE('',*,*,#3372,.T.);
#3399=ORIENTED_EDGE('',*,*,#3398,.T.);
#3401=ORIENTED_EDGE('',*,*,#3400,.F.);
#3402=ORIENTED_EDGE('',*,*,#3383,.F.);
#3403=EDGE_LOOP('',(#3397,#3399,#3401,#3402));
#3404=FACE_OUTER_BOUND('',#3403,.F.);
#3406=CARTESIAN_POINT('',(1.25E-1,-2.5E-2,-6.25E-1));
#3407=DIRECTION('',(1.E0,0.E0,0.E0));
#3408=DIRECTION('',(0.E0,0.E0,-1.E0));
#3409=AXIS2_PLACEMENT_3D('',#3406,#3407,#3408);
#3410=PLANE('',#3409);
#3411=ORIENTED_EDGE('',*,*,#3370,.F.);
#3413=ORIENTED_EDGE('',*,*,#3412,.T.);
#3415=ORIENTED_EDGE('',*,*,#3414,.F.);
#3416=ORIENTED_EDGE('',*,*,#3398,.F.);
#3417=EDGE_LOOP('',(#3411,#3413,#3415,#3416));
#3418=FACE_OUTER_BOUND('',#3417,.F.);
#3420=CARTESIAN_POINT('',(7.5E-1,0.E0,-1.E0));
#3421=DIRECTION('',(0.E0,0.E0,-1.E0));
#3422=DIRECTION('',(-1.E0,0.E0,0.E0));
#3423=AXIS2_PLACEMENT_3D('',#3420,#3421,#3422);
#3424=PLANE('',#3423);
#3426=ORIENTED_EDGE('',*,*,#3425,.F.);
#3427=ORIENTED_EDGE('',*,*,#3412,.F.);
#3428=ORIENTED_EDGE('',*,*,#3368,.F.);
#3430=ORIENTED_EDGE('',*,*,#3429,.T.);
#3432=ORIENTED_EDGE('',*,*,#3431,.T.);
#3434=ORIENTED_EDGE('',*,*,#3433,.F.);
#3435=ORIENTED_EDGE('',*,*,#3286,.F.);
#3436=ORIENTED_EDGE('',*,*,#3387,.T.);
#3437=EDGE_LOOP('',(#3426,#3427,#3428,#3430,#3432,#3434,#3435,#3436));
#3438=FACE_OUTER_BOUND('',#3437,.F.);
#3440=CARTESIAN_POINT('',(0.E0,9.5E-2,0.E0));
#3441=DIRECTION('',(0.E0,1.E0,0.E0));
#3442=DIRECTION('',(1.E0,0.E0,0.E0));
#3443=AXIS2_PLACEMENT_3D('',#3440,#3441,#3442);
#3444=PLANE('',#3443);
#3446=ORIENTED_EDGE('',*,*,#3445,.T.);
#3448=ORIENTED_EDGE('',*,*,#3447,.T.);
#3450=ORIENTED_EDGE('',*,*,#3449,.T.);
#3452=ORIENTED_EDGE('',*,*,#3451,.T.);
#3454=ORIENTED_EDGE('',*,*,#3453,.T.);
#3455=EDGE_LOOP('',(#3446,#3448,#3450,#3452,#3454));
#3456=FACE_OUTER_BOUND('',#3455,.F.);
#3458=CARTESIAN_POINT('',(0.E0,9.5E-2,0.E0));
#3459=DIRECTION('',(0.E0,1.E0,0.E0));
#3460=DIRECTION('',(1.E0,0.E0,0.E0));
#3461=AXIS2_PLACEMENT_3D('',#3458,#3459,#3460);
#3462=PLANE('',#3461);
#3464=ORIENTED_EDGE('',*,*,#3463,.T.);
#3466=ORIENTED_EDGE('',*,*,#3465,.F.);
#3468=ORIENTED_EDGE('',*,*,#3467,.T.);
#3470=ORIENTED_EDGE('',*,*,#3469,.F.);
#3471=EDGE_LOOP('',(#3464,#3466,#3468,#3470));
#3472=FACE_OUTER_BOUND('',#3471,.F.);
#3474=CARTESIAN_POINT('',(0.E0,9.5E-2,0.E0));
#3475=DIRECTION('',(0.E0,1.E0,0.E0));
#3476=DIRECTION('',(1.E0,0.E0,0.E0));
#3477=AXIS2_PLACEMENT_3D('',#3474,#3475,#3476);
#3478=PLANE('',#3477);
#3480=ORIENTED_EDGE('',*,*,#3479,.T.);
#3482=ORIENTED_EDGE('',*,*,#3481,.F.);
#3484=ORIENTED_EDGE('',*,*,#3483,.T.);
#3486=ORIENTED_EDGE('',*,*,#3485,.F.);
#3487=EDGE_LOOP('',(#3480,#3482,#3484,#3486));
#3488=FACE_OUTER_BOUND('',#3487,.F.);
#3490=CARTESIAN_POINT('',(0.E0,9.5E-2,0.E0));
#3491=DIRECTION('',(0.E0,1.E0,0.E0));
#3492=DIRECTION('',(1.E0,0.E0,0.E0));
#3493=AXIS2_PLACEMENT_3D('',#3490,#3491,#3492);
#3494=PLANE('',#3493);
#3496=ORIENTED_EDGE('',*,*,#3495,.T.);
#3498=ORIENTED_EDGE('',*,*,#3497,.F.);
#3500=ORIENTED_EDGE('',*,*,#3499,.F.);
#3502=ORIENTED_EDGE('',*,*,#3501,.F.);
#3503=EDGE_LOOP('',(#3496,#3498,#3500,#3502));
#3504=FACE_OUTER_BOUND('',#3503,.F.);
#3506=CARTESIAN_POINT('',(0.E0,9.5E-2,0.E0));
#3507=DIRECTION('',(0.E0,1.E0,0.E0));
#3508=DIRECTION('',(1.E0,0.E0,0.E0));
#3509=AXIS2_PLACEMENT_3D('',#3506,#3507,#3508);
#3510=PLANE('',#3509);
#3512=ORIENTED_EDGE('',*,*,#3511,.T.);
#3514=ORIENTED_EDGE('',*,*,#3513,.F.);
#3516=ORIENTED_EDGE('',*,*,#3515,.F.);
#3518=ORIENTED_EDGE('',*,*,#3517,.F.);
#3519=EDGE_LOOP('',(#3512,#3514,#3516,#3518));
#3520=FACE_OUTER_BOUND('',#3519,.F.);
#3522=CARTESIAN_POINT('',(0.E0,9.5E-2,0.E0));
#3523=DIRECTION('',(0.E0,1.E0,0.E0));
#3524=DIRECTION('',(1.E0,0.E0,0.E0));
#3525=AXIS2_PLACEMENT_3D('',#3522,#3523,#3524);
#3526=PLANE('',#3525);
#3528=ORIENTED_EDGE('',*,*,#3527,.T.);
#3530=ORIENTED_EDGE('',*,*,#3529,.F.);
#3532=ORIENTED_EDGE('',*,*,#3531,.T.);
#3534=ORIENTED_EDGE('',*,*,#3533,.F.);
#3535=EDGE_LOOP('',(#3528,#3530,#3532,#3534));
#3536=FACE_OUTER_BOUND('',#3535,.F.);
#3538=CARTESIAN_POINT('',(0.E0,9.5E-2,0.E0));
#3539=DIRECTION('',(0.E0,1.E0,0.E0));
#3540=DIRECTION('',(1.E0,0.E0,0.E0));
#3541=AXIS2_PLACEMENT_3D('',#3538,#3539,#3540);
#3542=PLANE('',#3541);
#3544=ORIENTED_EDGE('',*,*,#3543,.T.);
#3546=ORIENTED_EDGE('',*,*,#3545,.F.);
#3548=ORIENTED_EDGE('',*,*,#3547,.T.);
#3550=ORIENTED_EDGE('',*,*,#3549,.F.);
#3551=EDGE_LOOP('',(#3544,#3546,#3548,#3550));
#3552=FACE_OUTER_BOUND('',#3551,.F.);
#3554=CARTESIAN_POINT('',(0.E0,9.5E-2,0.E0));
#3555=DIRECTION('',(0.E0,1.E0,0.E0));
#3556=DIRECTION('',(1.E0,0.E0,0.E0));
#3557=AXIS2_PLACEMENT_3D('',#3554,#3555,#3556);
#3558=PLANE('',#3557);
#3559=ORIENTED_EDGE('',*,*,#3425,.T.);
#3560=ORIENTED_EDGE('',*,*,#3385,.T.);
#3561=ORIENTED_EDGE('',*,*,#3400,.T.);
#3562=ORIENTED_EDGE('',*,*,#3414,.T.);
#3563=EDGE_LOOP('',(#3559,#3560,#3561,#3562));
#3564=FACE_OUTER_BOUND('',#3563,.F.);
#3566=CARTESIAN_POINT('',(0.E0,9.5E-2,0.E0));
#3567=DIRECTION('',(0.E0,1.E0,0.E0));
#3568=DIRECTION('',(1.E0,0.E0,0.E0));
#3569=AXIS2_PLACEMENT_3D('',#3566,#3567,#3568);
#3570=PLANE('',#3569);
#3572=ORIENTED_EDGE('',*,*,#3571,.F.);
#3574=ORIENTED_EDGE('',*,*,#3573,.F.);
#3576=ORIENTED_EDGE('',*,*,#3575,.F.);
#3578=ORIENTED_EDGE('',*,*,#3577,.T.);
#3579=EDGE_LOOP('',(#3572,#3574,#3576,#3578));
#3580=FACE_OUTER_BOUND('',#3579,.F.);
#3582=CARTESIAN_POINT('',(0.E0,9.5E-2,0.E0));
#3583=DIRECTION('',(0.E0,1.E0,0.E0));
#3584=DIRECTION('',(1.E0,0.E0,0.E0));
#3585=AXIS2_PLACEMENT_3D('',#3582,#3583,#3584);
#3586=PLANE('',#3585);
#3588=ORIENTED_EDGE('',*,*,#3587,.T.);
#3590=ORIENTED_EDGE('',*,*,#3589,.T.);
#3592=ORIENTED_EDGE('',*,*,#3591,.T.);
#3594=ORIENTED_EDGE('',*,*,#3593,.T.);
#3595=EDGE_LOOP('',(#3588,#3590,#3592,#3594));
#3596=FACE_OUTER_BOUND('',#3595,.F.);
#3598=CARTESIAN_POINT('',(-7.5E-1,0.E0,-1.E0));
#3599=DIRECTION('',(-1.E0,0.E0,0.E0));
#3600=DIRECTION('',(0.E0,0.E0,1.E0));
#3601=AXIS2_PLACEMENT_3D('',#3598,#3599,#3600);
#3602=PLANE('',#3601);
#3603=ORIENTED_EDGE('',*,*,#3445,.F.);
#3605=ORIENTED_EDGE('',*,*,#3604,.F.);
#3606=ORIENTED_EDGE('',*,*,#3288,.F.);
#3607=ORIENTED_EDGE('',*,*,#3433,.T.);
#3609=ORIENTED_EDGE('',*,*,#3608,.T.);
#3611=ORIENTED_EDGE('',*,*,#3610,.F.);
#3612=ORIENTED_EDGE('',*,*,#3322,.F.);
#3614=ORIENTED_EDGE('',*,*,#3613,.T.);
#3615=ORIENTED_EDGE('',*,*,#3587,.F.);
#3617=ORIENTED_EDGE('',*,*,#3616,.F.);
#3618=ORIENTED_EDGE('',*,*,#3314,.F.);
#3620=ORIENTED_EDGE('',*,*,#3619,.T.);
#3621=ORIENTED_EDGE('',*,*,#3479,.F.);
#3623=ORIENTED_EDGE('',*,*,#3622,.F.);
#3624=ORIENTED_EDGE('',*,*,#3306,.F.);
#3626=ORIENTED_EDGE('',*,*,#3625,.T.);
#3627=ORIENTED_EDGE('',*,*,#3463,.F.);
#3629=ORIENTED_EDGE('',*,*,#3628,.F.);
#3630=ORIENTED_EDGE('',*,*,#3298,.F.);
#3632=ORIENTED_EDGE('',*,*,#3631,.T.);
#3633=EDGE_LOOP('',(#3603,#3605,#3606,#3607,#3609,#3611,#3612,#3614,#3615,#3617,
#3618,#3620,#3621,#3623,#3624,#3626,#3627,#3629,#3630,#3632));
#3634=FACE_OUTER_BOUND('',#3633,.F.);
#3636=CARTESIAN_POINT('',(-3.75E-1,-2.5E-2,-8.75E-1));
#3637=DIRECTION('',(0.E0,0.E0,-1.E0));
#3638=DIRECTION('',(-1.E0,0.E0,0.E0));
#3639=AXIS2_PLACEMENT_3D('',#3636,#3637,#3638);
#3640=PLANE('',#3639);
#3641=ORIENTED_EDGE('',*,*,#3290,.F.);
#3642=ORIENTED_EDGE('',*,*,#3604,.T.);
#3643=ORIENTED_EDGE('',*,*,#3453,.F.);
#3645=ORIENTED_EDGE('',*,*,#3644,.T.);
#3646=EDGE_LOOP('',(#3641,#3642,#3643,#3645));
#3647=FACE_OUTER_BOUND('',#3646,.F.);
#3649=CARTESIAN_POINT('',(-4.5E-1,3.5E-2,-8.E-1));
#3650=DIRECTION('',(7.071067811865E-1,0.E0,-7.071067811865E-1));
#3651=DIRECTION('',(7.071067811865E-1,0.E0,7.071067811865E-1));
#3652=AXIS2_PLACEMENT_3D('',#3649,#3650,#3651);
#3653=PLANE('',#3652);
#3654=ORIENTED_EDGE('',*,*,#3292,.F.);
#3655=ORIENTED_EDGE('',*,*,#3644,.F.);
#3656=ORIENTED_EDGE('',*,*,#3451,.F.);
#3658=ORIENTED_EDGE('',*,*,#3657,.T.);
#3659=EDGE_LOOP('',(#3654,#3655,#3656,#3658));
#3660=FACE_OUTER_BOUND('',#3659,.F.);
#3662=CARTESIAN_POINT('',(-3.75E-1,-2.5E-2,-6.25E-1));
#3663=DIRECTION('',(1.E0,0.E0,0.E0));
#3664=DIRECTION('',(0.E0,0.E0,-1.E0));
#3665=AXIS2_PLACEMENT_3D('',#3662,#3663,#3664);
#3666=PLANE('',#3665);
#3667=ORIENTED_EDGE('',*,*,#3294,.T.);
#3668=ORIENTED_EDGE('',*,*,#3657,.F.);
#3669=ORIENTED_EDGE('',*,*,#3449,.F.);
#3671=ORIENTED_EDGE('',*,*,#3670,.F.);
#3672=EDGE_LOOP('',(#3667,#3668,#3669,#3671));
#3673=FACE_OUTER_BOUND('',#3672,.F.);
#3675=CARTESIAN_POINT('',(-8.1E-1,-2.5E-2,-6.25E-1));
#3676=DIRECTION('',(0.E0,0.E0,1.E0));
#3677=DIRECTION('',(1.E0,0.E0,0.E0));
#3678=AXIS2_PLACEMENT_3D('',#3675,#3676,#3677);
#3679=PLANE('',#3678);
#3680=ORIENTED_EDGE('',*,*,#3296,.T.);
#3681=ORIENTED_EDGE('',*,*,#3670,.T.);
#3682=ORIENTED_EDGE('',*,*,#3447,.F.);
#3683=ORIENTED_EDGE('',*,*,#3631,.F.);
#3684=EDGE_LOOP('',(#3680,#3681,#3682,#3683));
#3685=FACE_OUTER_BOUND('',#3684,.F.);
#3687=CARTESIAN_POINT('',(0.E0,7.75E-1,0.E0));
#3688=DIRECTION('',(0.E0,1.E0,0.E0));
#3689=DIRECTION('',(1.E0,0.E0,0.E0));
#3690=AXIS2_PLACEMENT_3D('',#3687,#3688,#3689);
#3691=PLANE('',#3690);
#3692=ORIENTED_EDGE('',*,*,#3608,.F.);
#3693=ORIENTED_EDGE('',*,*,#3431,.F.);
#3695=ORIENTED_EDGE('',*,*,#3694,.F.);
#3697=ORIENTED_EDGE('',*,*,#3696,.F.);
#3698=EDGE_LOOP('',(#3692,#3693,#3695,#3697));
#3699=FACE_OUTER_BOUND('',#3698,.F.);
#3701=CARTESIAN_POINT('',(7.5E-1,0.E0,1.E0));
#3702=DIRECTION('',(1.E0,0.E0,0.E0));
#3703=DIRECTION('',(0.E0,0.E0,-1.E0));
#3704=AXIS2_PLACEMENT_3D('',#3701,#3702,#3703);
#3705=PLANE('',#3704);
#3706=ORIENTED_EDGE('',*,*,#3511,.F.);
#3708=ORIENTED_EDGE('',*,*,#3707,.F.);
#3709=ORIENTED_EDGE('',*,*,#3334,.F.);
#3711=ORIENTED_EDGE('',*,*,#3710,.T.);
#3712=ORIENTED_EDGE('',*,*,#3694,.T.);
#3713=ORIENTED_EDGE('',*,*,#3429,.F.);
#3714=ORIENTED_EDGE('',*,*,#3366,.F.);
#3716=ORIENTED_EDGE('',*,*,#3715,.T.);
#3717=ORIENTED_EDGE('',*,*,#3577,.F.);
#3719=ORIENTED_EDGE('',*,*,#3718,.F.);
#3720=ORIENTED_EDGE('',*,*,#3358,.F.);
#3722=ORIENTED_EDGE('',*,*,#3721,.T.);
#3723=ORIENTED_EDGE('',*,*,#3543,.F.);
#3725=ORIENTED_EDGE('',*,*,#3724,.F.);
#3726=ORIENTED_EDGE('',*,*,#3350,.F.);
#3728=ORIENTED_EDGE('',*,*,#3727,.T.);
#3729=ORIENTED_EDGE('',*,*,#3527,.F.);
#3731=ORIENTED_EDGE('',*,*,#3730,.F.);
#3732=ORIENTED_EDGE('',*,*,#3342,.F.);
#3734=ORIENTED_EDGE('',*,*,#3733,.T.);
#3735=EDGE_LOOP('',(#3706,#3708,#3709,#3711,#3712,#3713,#3714,#3716,#3717,#3719,
#3720,#3722,#3723,#3725,#3726,#3728,#3729,#3731,#3732,#3734));
#3736=FACE_OUTER_BOUND('',#3735,.F.);
#3738=CARTESIAN_POINT('',(8.1E-1,-2.5E-2,8.75E-1));
#3739=DIRECTION('',(0.E0,0.E0,-1.E0));
#3740=DIRECTION('',(-1.E0,0.E0,0.E0));
#3741=AXIS2_PLACEMENT_3D('',#3738,#3739,#3740);
#3742=PLANE('',#3741);
#3743=ORIENTED_EDGE('',*,*,#3336,.F.);
#3744=ORIENTED_EDGE('',*,*,#3707,.T.);
#3745=ORIENTED_EDGE('',*,*,#3517,.T.);
#3747=ORIENTED_EDGE('',*,*,#3746,.F.);
#3748=EDGE_LOOP('',(#3743,#3744,#3745,#3747));
#3749=FACE_OUTER_BOUND('',#3748,.F.);
#3751=CARTESIAN_POINT('',(3.75E-1,-2.5E-2,8.75E-1));
#3752=DIRECTION('',(1.E0,0.E0,0.E0));
#3753=DIRECTION('',(0.E0,0.E0,-1.E0));
#3754=AXIS2_PLACEMENT_3D('',#3751,#3752,#3753);
#3755=PLANE('',#3754);
#3756=ORIENTED_EDGE('',*,*,#3338,.F.);
#3757=ORIENTED_EDGE('',*,*,#3746,.T.);
#3758=ORIENTED_EDGE('',*,*,#3515,.T.);
#3760=ORIENTED_EDGE('',*,*,#3759,.F.);
#3761=EDGE_LOOP('',(#3756,#3757,#3758,#3760));
#3762=FACE_OUTER_BOUND('',#3761,.F.);
#3764=CARTESIAN_POINT('',(3.75E-1,-2.5E-2,6.25E-1));
#3765=DIRECTION('',(0.E0,0.E0,1.E0));
#3766=DIRECTION('',(1.E0,0.E0,0.E0));
#3767=AXIS2_PLACEMENT_3D('',#3764,#3765,#3766);
#3768=PLANE('',#3767);
#3769=ORIENTED_EDGE('',*,*,#3340,.T.);
#3770=ORIENTED_EDGE('',*,*,#3759,.T.);
#3771=ORIENTED_EDGE('',*,*,#3513,.T.);
#3772=ORIENTED_EDGE('',*,*,#3733,.F.);
#3773=EDGE_LOOP('',(#3769,#3770,#3771,#3772));
#3774=FACE_OUTER_BOUND('',#3773,.F.);
#3776=CARTESIAN_POINT('',(-7.5E-1,0.E0,1.E0));
#3777=DIRECTION('',(0.E0,0.E0,1.E0));
#3778=DIRECTION('',(1.E0,0.E0,0.E0));
#3779=AXIS2_PLACEMENT_3D('',#3776,#3777,#3778);
#3780=PLANE('',#3779);
#3781=ORIENTED_EDGE('',*,*,#3495,.F.);
#3783=ORIENTED_EDGE('',*,*,#3782,.F.);
#3784=ORIENTED_EDGE('',*,*,#3324,.F.);
#3785=ORIENTED_EDGE('',*,*,#3610,.T.);
#3786=ORIENTED_EDGE('',*,*,#3696,.T.);
#3787=ORIENTED_EDGE('',*,*,#3710,.F.);
#3788=ORIENTED_EDGE('',*,*,#3332,.F.);
#3790=ORIENTED_EDGE('',*,*,#3789,.T.);
#3791=EDGE_LOOP('',(#3781,#3783,#3784,#3785,#3786,#3787,#3788,#3790));
#3792=FACE_OUTER_BOUND('',#3791,.F.);
#3794=CARTESIAN_POINT('',(-1.25E-1,-2.5E-2,1.06E0));
#3795=DIRECTION('',(1.E0,0.E0,0.E0));
#3796=DIRECTION('',(0.E0,0.E0,-1.E0));
#3797=AXIS2_PLACEMENT_3D('',#3794,#3795,#3796);
#3798=PLANE('',#3797);
#3799=ORIENTED_EDGE('',*,*,#3326,.F.);
#3800=ORIENTED_EDGE('',*,*,#3782,.T.);
#3801=ORIENTED_EDGE('',*,*,#3501,.T.);
#3803=ORIENTED_EDGE('',*,*,#3802,.F.);
#3804=EDGE_LOOP('',(#3799,#3800,#3801,#3803));
#3805=FACE_OUTER_BOUND('',#3804,.F.);
#3807=CARTESIAN_POINT('',(-1.25E-1,-2.5E-2,6.25E-1));
#3808=DIRECTION('',(0.E0,0.E0,1.E0));
#3809=DIRECTION('',(1.E0,0.E0,0.E0));
#3810=AXIS2_PLACEMENT_3D('',#3807,#3808,#3809);
#3811=PLANE('',#3810);
#3812=ORIENTED_EDGE('',*,*,#3328,.F.);
#3813=ORIENTED_EDGE('',*,*,#3802,.T.);
#3814=ORIENTED_EDGE('',*,*,#3499,.T.);
#3816=ORIENTED_EDGE('',*,*,#3815,.F.);
#3817=EDGE_LOOP('',(#3812,#3813,#3814,#3816));
#3818=FACE_OUTER_BOUND('',#3817,.F.);
#3820=CARTESIAN_POINT('',(1.25E-1,-2.5E-2,6.25E-1));
#3821=DIRECTION('',(-1.E0,0.E0,0.E0));
#3822=DIRECTION('',(0.E0,0.E0,1.E0));
#3823=AXIS2_PLACEMENT_3D('',#3820,#3821,#3822);
#3824=PLANE('',#3823);
#3825=ORIENTED_EDGE('',*,*,#3330,.T.);
#3826=ORIENTED_EDGE('',*,*,#3815,.T.);
#3827=ORIENTED_EDGE('',*,*,#3497,.T.);
#3828=ORIENTED_EDGE('',*,*,#3789,.F.);
#3829=EDGE_LOOP('',(#3825,#3826,#3827,#3828));
#3830=FACE_OUTER_BOUND('',#3829,.F.);
#3832=CARTESIAN_POINT('',(3.75E-1,-2.5E-2,-8.75E-1));
#3833=DIRECTION('',(0.E0,0.E0,1.E0));
#3834=DIRECTION('',(1.E0,0.E0,0.E0));
#3835=AXIS2_PLACEMENT_3D('',#3832,#3833,#3834);
#3836=PLANE('',#3835);
#3837=ORIENTED_EDGE('',*,*,#3364,.T.);
#3839=ORIENTED_EDGE('',*,*,#3838,.T.);
#3840=ORIENTED_EDGE('',*,*,#3571,.T.);
#3841=ORIENTED_EDGE('',*,*,#3715,.F.);
#3842=EDGE_LOOP('',(#3837,#3839,#3840,#3841));
#3843=FACE_OUTER_BOUND('',#3842,.F.);
#3845=CARTESIAN_POINT('',(3.75E-1,-2.5E-2,-6.25E-1));
#3846=DIRECTION('',(1.E0,0.E0,0.E0));
#3847=DIRECTION('',(0.E0,0.E0,-1.E0));
#3848=AXIS2_PLACEMENT_3D('',#3845,#3846,#3847);
#3849=PLANE('',#3848);
#3850=ORIENTED_EDGE('',*,*,#3362,.F.);
#3852=ORIENTED_EDGE('',*,*,#3851,.T.);
#3853=ORIENTED_EDGE('',*,*,#3573,.T.);
#3854=ORIENTED_EDGE('',*,*,#3838,.F.);
#3855=EDGE_LOOP('',(#3850,#3852,#3853,#3854));
#3856=FACE_OUTER_BOUND('',#3855,.F.);
#3858=CARTESIAN_POINT('',(8.1E-1,-2.5E-2,-6.25E-1));
#3859=DIRECTION('',(0.E0,0.E0,-1.E0));
#3860=DIRECTION('',(-1.E0,0.E0,0.E0));
#3861=AXIS2_PLACEMENT_3D('',#3858,#3859,#3860);
#3862=PLANE('',#3861);
#3863=ORIENTED_EDGE('',*,*,#3360,.F.);
#3864=ORIENTED_EDGE('',*,*,#3718,.T.);
#3865=ORIENTED_EDGE('',*,*,#3575,.T.);
#3866=ORIENTED_EDGE('',*,*,#3851,.F.);
#3867=EDGE_LOOP('',(#3863,#3864,#3865,#3866));
#3868=FACE_OUTER_BOUND('',#3867,.F.);
#3870=CARTESIAN_POINT('',(3.75E-1,-2.5E-2,-3.75E-1));
#3871=DIRECTION('',(0.E0,0.E0,1.E0));
#3872=DIRECTION('',(1.E0,0.E0,0.E0));
#3873=AXIS2_PLACEMENT_3D('',#3870,#3871,#3872);
#3874=PLANE('',#3873);
#3875=ORIENTED_EDGE('',*,*,#3356,.T.);
#3877=ORIENTED_EDGE('',*,*,#3876,.T.);
#3878=ORIENTED_EDGE('',*,*,#3545,.T.);
#3879=ORIENTED_EDGE('',*,*,#3721,.F.);
#3880=EDGE_LOOP('',(#3875,#3877,#3878,#3879));
#3881=FACE_OUTER_BOUND('',#3880,.F.);
#3883=CARTESIAN_POINT('',(1.25E-1,-2.5E-2,-3.75E-1));
#3884=DIRECTION('',(-1.E0,0.E0,0.E0));
#3885=DIRECTION('',(0.E0,0.E0,1.E0));
#3886=AXIS2_PLACEMENT_3D('',#3883,#3884,#3885);
#3887=PLANE('',#3886);
#3888=ORIENTED_EDGE('',*,*,#3354,.T.);
#3890=ORIENTED_EDGE('',*,*,#3889,.T.);
#3891=ORIENTED_EDGE('',*,*,#3547,.F.);
#3892=ORIENTED_EDGE('',*,*,#3876,.F.);
#3893=EDGE_LOOP('',(#3888,#3890,#3891,#3892));
#3894=FACE_OUTER_BOUND('',#3893,.F.);
#3896=CARTESIAN_POINT('',(8.1E-1,-2.5E-2,-1.25E-1));
#3897=DIRECTION('',(0.E0,0.E0,-1.E0));
#3898=DIRECTION('',(-1.E0,0.E0,0.E0));
#3899=AXIS2_PLACEMENT_3D('',#3896,#3897,#3898);
#3900=PLANE('',#3899);
#3901=ORIENTED_EDGE('',*,*,#3352,.F.);
#3902=ORIENTED_EDGE('',*,*,#3724,.T.);
#3903=ORIENTED_EDGE('',*,*,#3549,.T.);
#3904=ORIENTED_EDGE('',*,*,#3889,.F.);
#3905=EDGE_LOOP('',(#3901,#3902,#3903,#3904));
#3906=FACE_OUTER_BOUND('',#3905,.F.);
#3908=CARTESIAN_POINT('',(3.75E-1,-2.5E-2,1.25E-1));
#3909=DIRECTION('',(0.E0,0.E0,1.E0));
#3910=DIRECTION('',(1.E0,0.E0,0.E0));
#3911=AXIS2_PLACEMENT_3D('',#3908,#3909,#3910);
#3912=PLANE('',#3911);
#3913=ORIENTED_EDGE('',*,*,#3348,.T.);
#3915=ORIENTED_EDGE('',*,*,#3914,.T.);
#3916=ORIENTED_EDGE('',*,*,#3529,.T.);
#3917=ORIENTED_EDGE('',*,*,#3727,.F.);
#3918=EDGE_LOOP('',(#3913,#3915,#3916,#3917));
#3919=FACE_OUTER_BOUND('',#3918,.F.);
#3921=CARTESIAN_POINT('',(1.25E-1,-2.5E-2,1.25E-1));
#3922=DIRECTION('',(-1.E0,0.E0,0.E0));
#3923=DIRECTION('',(0.E0,0.E0,1.E0));
#3924=AXIS2_PLACEMENT_3D('',#3921,#3922,#3923);
#3925=PLANE('',#3924);
#3926=ORIENTED_EDGE('',*,*,#3346,.T.);
#3928=ORIENTED_EDGE('',*,*,#3927,.T.);
#3929=ORIENTED_EDGE('',*,*,#3531,.F.);
#3930=ORIENTED_EDGE('',*,*,#3914,.F.);
#3931=EDGE_LOOP('',(#3926,#3928,#3929,#3930));
#3932=FACE_OUTER_BOUND('',#3931,.F.);
#3934=CARTESIAN_POINT('',(8.1E-1,-2.5E-2,3.75E-1));
#3935=DIRECTION('',(0.E0,0.E0,-1.E0));
#3936=DIRECTION('',(-1.E0,0.E0,0.E0));
#3937=AXIS2_PLACEMENT_3D('',#3934,#3935,#3936);
#3938=PLANE('',#3937);
#3939=ORIENTED_EDGE('',*,*,#3344,.F.);
#3940=ORIENTED_EDGE('',*,*,#3730,.T.);
#3941=ORIENTED_EDGE('',*,*,#3533,.T.);
#3942=ORIENTED_EDGE('',*,*,#3927,.F.);
#3943=EDGE_LOOP('',(#3939,#3940,#3941,#3942));
#3944=FACE_OUTER_BOUND('',#3943,.F.);
#3946=CARTESIAN_POINT('',(-8.1E-1,-2.5E-2,8.75E-1));
#3947=DIRECTION('',(0.E0,0.E0,1.E0));
#3948=DIRECTION('',(1.E0,0.E0,0.E0));
#3949=AXIS2_PLACEMENT_3D('',#3946,#3947,#3948);
#3950=PLANE('',#3949);
#3951=ORIENTED_EDGE('',*,*,#3320,.T.);
#3953=ORIENTED_EDGE('',*,*,#3952,.T.);
#3954=ORIENTED_EDGE('',*,*,#3589,.F.);
#3955=ORIENTED_EDGE('',*,*,#3613,.F.);
#3956=EDGE_LOOP('',(#3951,#3953,#3954,#3955));
#3957=FACE_OUTER_BOUND('',#3956,.F.);
#3959=CARTESIAN_POINT('',(-3.75E-1,-2.5E-2,8.75E-1));
#3960=DIRECTION('',(1.E0,0.E0,0.E0));
#3961=DIRECTION('',(0.E0,0.E0,-1.E0));
#3962=AXIS2_PLACEMENT_3D('',#3959,#3960,#3961);
#3963=PLANE('',#3962);
#3964=ORIENTED_EDGE('',*,*,#3318,.T.);
#3966=ORIENTED_EDGE('',*,*,#3965,.T.);
#3967=ORIENTED_EDGE('',*,*,#3591,.F.);
#3968=ORIENTED_EDGE('',*,*,#3952,.F.);
#3969=EDGE_LOOP('',(#3964,#3966,#3967,#3968));
#3970=FACE_OUTER_BOUND('',#3969,.F.);
#3972=CARTESIAN_POINT('',(-3.75E-1,-2.5E-2,6.25E-1));
#3973=DIRECTION('',(0.E0,0.E0,-1.E0));
#3974=DIRECTION('',(-1.E0,0.E0,0.E0));
#3975=AXIS2_PLACEMENT_3D('',#3972,#3973,#3974);
#3976=PLANE('',#3975);
#3977=ORIENTED_EDGE('',*,*,#3316,.F.);
#3978=ORIENTED_EDGE('',*,*,#3616,.T.);
#3979=ORIENTED_EDGE('',*,*,#3593,.F.);
#3980=ORIENTED_EDGE('',*,*,#3965,.F.);
#3981=EDGE_LOOP('',(#3977,#3978,#3979,#3980));
#3982=FACE_OUTER_BOUND('',#3981,.F.);
#3984=CARTESIAN_POINT('',(-8.1E-1,-2.5E-2,3.75E-1));
#3985=DIRECTION('',(0.E0,0.E0,1.E0));
#3986=DIRECTION('',(1.E0,0.E0,0.E0));
#3987=AXIS2_PLACEMENT_3D('',#3984,#3985,#3986);
#3988=PLANE('',#3987);
#3989=ORIENTED_EDGE('',*,*,#3312,.T.);
#3991=ORIENTED_EDGE('',*,*,#3990,.T.);
#3992=ORIENTED_EDGE('',*,*,#3481,.T.);
#3993=ORIENTED_EDGE('',*,*,#3619,.F.);
#3994=EDGE_LOOP('',(#3989,#3991,#3992,#3993));
#3995=FACE_OUTER_BOUND('',#3994,.F.);
#3997=CARTESIAN_POINT('',(-1.25E-1,-2.5E-2,3.75E-1));
#3998=DIRECTION('',(1.E0,0.E0,0.E0));
#3999=DIRECTION('',(0.E0,0.E0,-1.E0));
#4000=AXIS2_PLACEMENT_3D('',#3997,#3998,#3999);
#4001=PLANE('',#4000);
#4002=ORIENTED_EDGE('',*,*,#3310,.T.);
#4004=ORIENTED_EDGE('',*,*,#4003,.T.);
#4005=ORIENTED_EDGE('',*,*,#3483,.F.);
#4006=ORIENTED_EDGE('',*,*,#3990,.F.);
#4007=EDGE_LOOP('',(#4002,#4004,#4005,#4006));
#4008=FACE_OUTER_BOUND('',#4007,.F.);
#4010=CARTESIAN_POINT('',(-3.75E-1,-2.5E-2,1.25E-1));
#4011=DIRECTION('',(0.E0,0.E0,-1.E0));
#4012=DIRECTION('',(-1.E0,0.E0,0.E0));
#4013=AXIS2_PLACEMENT_3D('',#4010,#4011,#4012);
#4014=PLANE('',#4013);
#4015=ORIENTED_EDGE('',*,*,#3308,.F.);
#4016=ORIENTED_EDGE('',*,*,#3622,.T.);
#4017=ORIENTED_EDGE('',*,*,#3485,.T.);
#4018=ORIENTED_EDGE('',*,*,#4003,.F.);
#4019=EDGE_LOOP('',(#4015,#4016,#4017,#4018));
#4020=FACE_OUTER_BOUND('',#4019,.F.);
#4022=CARTESIAN_POINT('',(-8.1E-1,-2.5E-2,-1.25E-1));
#4023=DIRECTION('',(0.E0,0.E0,1.E0));
#4024=DIRECTION('',(1.E0,0.E0,0.E0));
#4025=AXIS2_PLACEMENT_3D('',#4022,#4023,#4024);
#4026=PLANE('',#4025);
#4027=ORIENTED_EDGE('',*,*,#3304,.T.);
#4029=ORIENTED_EDGE('',*,*,#4028,.T.);
#4030=ORIENTED_EDGE('',*,*,#3465,.T.);
#4031=ORIENTED_EDGE('',*,*,#3625,.F.);
#4032=EDGE_LOOP('',(#4027,#4029,#4030,#4031));
#4033=FACE_OUTER_BOUND('',#4032,.F.);
#4035=CARTESIAN_POINT('',(-1.25E-1,-2.5E-2,-1.25E-1));
#4036=DIRECTION('',(1.E0,0.E0,0.E0));
#4037=DIRECTION('',(0.E0,0.E0,-1.E0));
#4038=AXIS2_PLACEMENT_3D('',#4035,#4036,#4037);
#4039=PLANE('',#4038);
#4040=ORIENTED_EDGE('',*,*,#3302,.T.);
#4042=ORIENTED_EDGE('',*,*,#4041,.T.);
#4043=ORIENTED_EDGE('',*,*,#3467,.F.);
#4044=ORIENTED_EDGE('',*,*,#4028,.F.);
#4045=EDGE_LOOP('',(#4040,#4042,#4043,#4044));
#4046=FACE_OUTER_BOUND('',#4045,.F.);
#4048=CARTESIAN_POINT('',(-3.75E-1,-2.5E-2,-3.75E-1));
#4049=DIRECTION('',(0.E0,0.E0,-1.E0));
#4050=DIRECTION('',(-1.E0,0.E0,0.E0));
#4051=AXIS2_PLACEMENT_3D('',#4048,#4049,#4050);
#4052=PLANE('',#4051);
#4053=ORIENTED_EDGE('',*,*,#3300,.F.);
#4054=ORIENTED_EDGE('',*,*,#3628,.T.);
#4055=ORIENTED_EDGE('',*,*,#3469,.T.);
#4056=ORIENTED_EDGE('',*,*,#4041,.F.);
#4057=EDGE_LOOP('',(#4053,#4054,#4055,#4056));
#4058=FACE_OUTER_BOUND('',#4057,.F.);
#4060=CLOSED_SHELL('',(#3376,#3391,#3405,#3419,#3439,#3457,#3473,#3489,#3505,
#3521,#3537,#3553,#3565,#3581,#3597,#3635,#3648,#3661,#3674,#3686,#3700,#3737,
#3750,#3763,#3775,#3793,#3806,#3819,#3831,#3844,#3857,#3869,#3882,#3895,#3907,
#3920,#3933,#3945,#3958,#3971,#3983,#3996,#4009,#4021,#4034,#4047,#4059));
#4061=MANIFOLD_SOLID_BREP('',#4060);
#4062=FILL_AREA_STYLE_COLOUR('',#3);
#4063=FILL_AREA_STYLE('',(#4062));
#4064=SURFACE_STYLE_FILL_AREA(#4063);
#4065=SURFACE_SIDE_STYLE('',(#4064));
#4066=SURFACE_STYLE_USAGE(.BOTH.,#4065);
#4067=PRESENTATION_STYLE_ASSIGNMENT((#4066));
#2153=STYLED_ITEM('',(#4067),#4061);
#4070=PLANE_ANGLE_MEASURE_WITH_UNIT(PLANE_ANGLE_MEASURE(1.745329251994E-2),
#4069);
#4071=(CONVERSION_BASED_UNIT('DEGREE',#4070)NAMED_UNIT(*)PLANE_ANGLE_UNIT());
#4073=UNCERTAINTY_MEASURE_WITH_UNIT(LENGTH_MEASURE(2.74989E-4),#4068,
'distance_accuracy_value',
'Maximum model space distance between geometric entities at asserted connectivities');
#4075=CARTESIAN_POINT('',(0.E0,0.E0,0.E0));
#4076=DIRECTION('',(0.E0,0.E0,1.E0));
#4077=DIRECTION('',(1.E0,0.E0,0.E0));
#4080=PRODUCT_CONTEXT('',#2088,'mechanical');
#4081=PRODUCT('BODY-QFN','BODY-QFN','NOT SPECIFIED',(#4080));
#4082=PRODUCT_DEFINITION_FORMATION('6','LAST_VERSION',#4081);
#4090=DERIVED_UNIT_ELEMENT(#4089,2.E0);
#4091=DERIVED_UNIT((#4090));
#4092=MEASURE_REPRESENTATION_ITEM('surface area measure',AREA_MEASURE(
1.231915254326E1),#4091);
#4097=DERIVED_UNIT_ELEMENT(#4096,3.E0);
#4098=DERIVED_UNIT((#4097));
#4099=MEASURE_REPRESENTATION_ITEM('volume measure',VOLUME_MEASURE(2.21325625E0),
#4098);
#4103=CARTESIAN_POINT('centre point',(-2.052264621415E-4,4.046660534111E-1,
-3.983807794511E-4));
#4108=DERIVED_UNIT_ELEMENT(#4107,2.E0);
#4109=DERIVED_UNIT((#4108));
#4110=MEASURE_REPRESENTATION_ITEM('surface area measure',AREA_MEASURE(
1.231915254326E1),#4109);
#4115=DERIVED_UNIT_ELEMENT(#4114,3.E0);
#4116=DERIVED_UNIT((#4115));
#4117=MEASURE_REPRESENTATION_ITEM('volume measure',VOLUME_MEASURE(2.21325625E0),
#4116);
#4121=CARTESIAN_POINT('centre point',(-2.052264621415E-4,4.046660534111E-1,
-3.983807794511E-4));
#4128=CARTESIAN_POINT('centre point',(-2.052264621415E-4,3.983807794511E-4,
4.296660534111E-1));
#4132=CARTESIAN_POINT('',(0.E0,0.E0,2.5E-2));
#4133=DIRECTION('',(0.E0,-1.E0,0.E0));
#4134=DIRECTION('',(1.E0,0.E0,0.E0));
#4135=AXIS2_PLACEMENT_3D('',#4132,#4133,#4134);
#4136=ITEM_DEFINED_TRANSFORMATION('','',#4078,#4135);
#4137=(REPRESENTATION_RELATIONSHIP('','',#4079,#2139)REPRESENTATION_RELATIONSHIP_WITH_TRANSFORMATION(#4136)SHAPE_REPRESENTATION_RELATIONSHIP());
#4138=CONTEXT_DEPENDENT_SHAPE_REPRESENTATION(#4137,#4127);
#4141=PLANE_ANGLE_MEASURE_WITH_UNIT(PLANE_ANGLE_MEASURE(1.745329251994E-2),
#4140);
#4142=(CONVERSION_BASED_UNIT('DEGREE',#4141)NAMED_UNIT(*)PLANE_ANGLE_UNIT());
#4144=UNCERTAINTY_MEASURE_WITH_UNIT(LENGTH_MEASURE(2.789405626643E-4),#4139,
'distance_accuracy_value',
'Maximum model space distance between geometric entities at asserted connectivities');
#4146=CARTESIAN_POINT('',(0.E0,0.E0,0.E0));
#4147=DIRECTION('',(0.E0,0.E0,1.E0));
#4148=DIRECTION('',(1.E0,0.E0,0.E0));
#4150=MECHANICAL_DESIGN_GEOMETRIC_PRESENTATION_REPRESENTATION('',(#36,#43,#50,
#57,#64,#71,#78,#85,#92,#99,#106,#113,#172,#28,#241,#248,#255,#262,#269,#276,
#283,#290,#297,#304,#311,#318,#372,#234,#441,#448,#455,#462,#469,#476,#483,#490,
#497,#504,#511,#518,#625,#434,#641,#648,#655,#662,#669,#676,#683,#690,#697,#704,
#711,#718,#825,#634,#841,#848,#855,#862,#869,#876,#883,#890,#897,#904,#911,#918,
#972,#834,#1041,#1048,#1055,#1062,#1069,#1076,#1083,#1090,#1097,#1104,#1111,
#1118,#1172,#1034,#1241,#1248,#1255,#1262,#1269,#1276,#1283,#1290,#1297,#1304,
#1311,#1318,#1425,#1234,#1441,#1448,#1455,#1462,#1469,#1476,#1483,#1490,#1497,
#1504,#1511,#1518,#1625,#1434,#1641,#1648,#1655,#1662,#1669,#1676,#1683,#1690,
#1697,#1704,#1711,#1718,#1725,#1732,#1739,#1827,#1634,#1883,#1890,#1897,#1904,
#1911,#1918,#1925,#1932,#1939,#1946,#1953,#1960,#2014,#1876,#2160,#2167,#2174,
#2181,#2188,#2195,#2202,#2209,#2216,#2223,#2230,#2237,#2244,#2251,#2258,#2265,
#2272,#2279,#2286,#2293,#2300,#2307,#2314,#2321,#2328,#2335,#2342,#2349,#2356,
#2363,#2370,#2377,#2384,#2391,#2398,#2405,#2412,#2419,#2426,#2433,#2440,#2447,
#2454,#2461,#2468,#2475,#2482,#2489,#2496,#2503,#2510,#2517,#2524,#2531,#2538,
#2545,#2552,#2559,#2566,#2573,#2580,#2587,#2594,#2601,#2608,#2615,#2622,#2629,
#2636,#2643,#2650,#2657,#2664,#2671,#2678,#2685,#2692,#2699,#2706,#2713,#2720,
#2727,#2734,#2741,#2748,#2755,#2762,#2769,#2776,#2783,#2790,#2797,#2804,#2811,
#2818,#2825,#2832,#2839,#2846,#2853,#2860,#2867,#2874,#2881,#2888,#2895,#2902,
#2909,#2916,#2923,#2930,#2937,#2944,#2951,#2958,#2965,#2972,#2979,#2986,#2993,
#3000,#3007,#3014,#3021,#3028,#3035,#3042,#3049,#3056,#3063,#3070,#3077,#3084,
#3091,#3098,#2153),#4145);
#4151=PRODUCT_DEFINITION_CONTEXT('part definition',#2088,'design');
#4152=PRODUCT_CONTEXT('',#2088,'mechanical');
#4153=PRODUCT('RYZ0010A_ASM','RYZ0010A_ASM','NOT SPECIFIED',(#4152));
#4154=PRODUCT_DEFINITION_FORMATION('13','LAST_VERSION',#4153);
#4157=DERIVED_UNIT_ELEMENT(#4156,2.E0);
#4158=DERIVED_UNIT((#4157));
#4159=MEASURE_REPRESENTATION_ITEM('surface area measure',AREA_MEASURE(
1.640110838739E1),#4158);
#4164=DERIVED_UNIT_ELEMENT(#4163,3.E0);
#4165=DERIVED_UNIT((#4164));
#4166=MEASURE_REPRESENTATION_ITEM('volume measure',VOLUME_MEASURE(2.35440625E0),
#4165);
#4170=CARTESIAN_POINT('centre point',(5.076916950930E-5,-9.855191728275E-5,
4.075040482606E-1));
#4174=PRODUCT_RELATED_PRODUCT_CATEGORY('part','',(#4153,#2092,#4081));
#1=COLOUR_RGB('',0.E0,4.3E-1,1.E0);
#2=COLOUR_RGB('',0.E0,6.6E-1,0.E0);
#3=COLOUR_RGB('',9.8039E-2,9.8039E-2,9.8039E-2);
#4=COLOUR_RGB('',1.80392E-1,2.7451E-1,9.8039E-2);
#5=COLOUR_RGB('',3.E-1,1.29412E-1,2.5098E-1);
#6=COLOUR_RGB('',3.13725E-1,3.13725E-1,3.13725E-1);
#7=COLOUR_RGB('',3.2E-1,4.9E-1,1.76471E-1);
#8=COLOUR_RGB('',3.5E-1,3.5E-1,3.5E-1);
#9=COLOUR_RGB('',3.92157E-1,3.92157E-1,3.92157E-1);
#10=COLOUR_RGB('',5.7E-1,0.E0,1.E0);
#11=COLOUR_RGB('',5.9E-1,3.E-1,0.E0);
#12=COLOUR_RGB('',6.E-1,6.E-1,6.E-1);
#13=COLOUR_RGB('',6.2E-1,3.3E-1,2.3E-1);
#14=COLOUR_RGB('',6.35294E-1,6.86275E-1,7.4902E-1);
#15=COLOUR_RGB('',6.66667E-1,6.66667E-1,6.66667E-1);
#16=COLOUR_RGB('',6.9E-1,0.E0,0.E0);
#17=COLOUR_RGB('',7.E-1,7.E-1,7.E-1);
#18=COLOUR_RGB('',8.23529E-1,7.05882E-1,4.31373E-1);
#19=COLOUR_RGB('',8.39216E-1,8.90196E-1,7.68627E-1);
#20=COLOUR_RGB('',8.62745E-1,4.98039E-1,3.92157E-1);
#21=COLOUR_RGB('',8.7E-1,7.5E-1,4.9E-1);
#22=COLOUR_RGB('',8.82353E-1,8.82353E-1,8.82353E-1);
#23=COLOUR_RGB('',9.80392E-1,9.80392E-1,9.80392E-1);
#24=COLOUR_RGB('',9.9E-1,1.E0,0.E0);
#25=COLOUR_RGB('',1.E0,5.E-1,0.E0);
#26=COLOUR_RGB('',1.E0,6.19608E-1,5.17647E-1);
#27=DRAUGHTING_PRE_DEFINED_COLOUR('white');
#135=EDGE_CURVE('',#124,#125,#32,.T.);
#137=EDGE_CURVE('',#124,#116,#40,.T.);
#139=EDGE_CURVE('',#116,#117,#47,.T.);
#141=EDGE_CURVE('',#117,#125,#54,.T.);
#145=ADVANCED_FACE('',(#144),#134,.F.);
#151=EDGE_CURVE('',#125,#129,#61,.T.);
#153=EDGE_CURVE('',#128,#129,#89,.T.);
#155=EDGE_CURVE('',#124,#128,#82,.T.);
#160=ADVANCED_FACE('',(#159),#150,.F.);
#180=EDGE_CURVE('',#117,#121,#68,.T.);
#182=EDGE_CURVE('',#121,#129,#96,.T.);
#186=ADVANCED_FACE('',(#185),#177,.T.);
#193=EDGE_CURVE('',#116,#120,#75,.T.);
#195=EDGE_CURVE('',#120,#121,#103,.T.);
#200=ADVANCED_FACE('',(#199),#191,.T.);
#207=EDGE_CURVE('',#128,#120,#110,.T.);
#213=ADVANCED_FACE('',(#212),#205,.T.);
#225=ADVANCED_FACE('',(#224),#218,.T.);
#340=EDGE_CURVE('',#321,#322,#238,.T.);
#342=EDGE_CURVE('',#330,#321,#245,.T.);
#344=EDGE_CURVE('',#329,#330,#252,.T.);
#346=EDGE_CURVE('',#322,#329,#259,.T.);
#350=ADVANCED_FACE('',(#349),#339,.F.);
#356=EDGE_CURVE('',#322,#326,#266,.T.);
#358=EDGE_CURVE('',#325,#326,#294,.T.);
#360=EDGE_CURVE('',#321,#325,#280,.T.);
#365=ADVANCED_FACE('',(#364),#355,.F.);
#380=EDGE_CURVE('',#329,#333,#273,.T.);
#382=EDGE_CURVE('',#326,#333,#301,.T.);
#386=ADVANCED_FACE('',(#385),#377,.F.);
#393=EDGE_CURVE('',#330,#334,#287,.T.);
#395=EDGE_CURVE('',#333,#334,#308,.T.);
#400=ADVANCED_FACE('',(#399),#391,.F.);
#407=EDGE_CURVE('',#334,#325,#315,.T.);
#413=ADVANCED_FACE('',(#412),#405,.F.);
#425=ADVANCED_FACE('',(#424),#418,.T.);
#540=EDGE_CURVE('',#533,#525,#466,.T.);
#542=EDGE_CURVE('',#529,#533,#515,.T.);
#544=EDGE_CURVE('',#529,#521,#438,.T.);
#546=EDGE_CURVE('',#521,#525,#445,.T.);
#550=ADVANCED_FACE('',(#549),#539,.F.);
#556=EDGE_CURVE('',#526,#534,#452,.T.);
#558=EDGE_CURVE('',#533,#534,#459,.T.);
#561=EDGE_CURVE('',#525,#526,#473,.T.);
#565=ADVANCED_FACE('',(#564),#555,.T.);
#571=EDGE_CURVE('',#522,#530,#480,.T.);
#573=EDGE_CURVE('',#530,#534,#487,.T.);
#576=EDGE_CURVE('',#522,#526,#494,.T.);
#580=ADVANCED_FACE('',(#579),#570,.F.);
#587=EDGE_CURVE('',#529,#530,#501,.T.);
#590=EDGE_CURVE('',#521,#522,#508,.T.);
#594=ADVANCED_FACE('',(#593),#585,.F.);
#606=ADVANCED_FACE('',(#605),#599,.T.);
#618=ADVANCED_FACE('',(#617),#611,.F.);
#740=EDGE_CURVE('',#733,#725,#666,.T.);
#742=EDGE_CURVE('',#729,#733,#715,.T.);
#744=EDGE_CURVE('',#729,#721,#638,.T.);
#746=EDGE_CURVE('',#721,#725,#645,.T.);
#750=ADVANCED_FACE('',(#749),#739,.F.);
#756=EDGE_CURVE('',#726,#734,#652,.T.);
#758=EDGE_CURVE('',#733,#734,#659,.T.);
#761=EDGE_CURVE('',#725,#726,#673,.T.);
#765=ADVANCED_FACE('',(#764),#755,.T.);
#771=EDGE_CURVE('',#722,#730,#680,.T.);
#773=EDGE_CURVE('',#730,#734,#687,.T.);
#776=EDGE_CURVE('',#722,#726,#694,.T.);
#780=ADVANCED_FACE('',(#779),#770,.F.);
#787=EDGE_CURVE('',#729,#730,#701,.T.);
#790=EDGE_CURVE('',#721,#722,#708,.T.);
#794=ADVANCED_FACE('',(#793),#785,.F.);
#806=ADVANCED_FACE('',(#805),#799,.T.);
#818=ADVANCED_FACE('',(#817),#811,.F.);
#940=EDGE_CURVE('',#921,#922,#838,.T.);
#942=EDGE_CURVE('',#930,#921,#845,.T.);
#944=EDGE_CURVE('',#929,#930,#852,.T.);
#946=EDGE_CURVE('',#922,#929,#859,.T.);
#950=ADVANCED_FACE('',(#949),#939,.F.);
#956=EDGE_CURVE('',#922,#926,#866,.T.);
#958=EDGE_CURVE('',#925,#926,#894,.T.);
#960=EDGE_CURVE('',#921,#925,#880,.T.);
#965=ADVANCED_FACE('',(#964),#955,.F.);
#980=EDGE_CURVE('',#929,#933,#873,.T.);
#982=EDGE_CURVE('',#926,#933,#901,.T.);
#986=ADVANCED_FACE('',(#985),#977,.F.);
#993=EDGE_CURVE('',#930,#934,#887,.T.);
#995=EDGE_CURVE('',#933,#934,#908,.T.);
#1000=ADVANCED_FACE('',(#999),#991,.F.);
#1007=EDGE_CURVE('',#934,#925,#915,.T.);
#1013=ADVANCED_FACE('',(#1012),#1005,.F.);
#1025=ADVANCED_FACE('',(#1024),#1018,.T.);
#1140=EDGE_CURVE('',#1121,#1122,#1038,.T.);
#1142=EDGE_CURVE('',#1121,#1129,#1045,.T.);
#1144=EDGE_CURVE('',#1129,#1130,#1052,.T.);
#1146=EDGE_CURVE('',#1130,#1122,#1059,.T.);
#1150=ADVANCED_FACE('',(#1149),#1139,.F.);
#1156=EDGE_CURVE('',#1122,#1126,#1066,.T.);
#1158=EDGE_CURVE('',#1125,#1126,#1094,.T.);
#1160=EDGE_CURVE('',#1121,#1125,#1087,.T.);
#1165=ADVANCED_FACE('',(#1164),#1155,.F.);
#1180=EDGE_CURVE('',#1130,#1134,#1073,.T.);
#1182=EDGE_CURVE('',#1134,#1126,#1101,.T.);
#1186=ADVANCED_FACE('',(#1185),#1177,.T.);
#1193=EDGE_CURVE('',#1129,#1133,#1080,.T.);
#1195=EDGE_CURVE('',#1133,#1134,#1108,.T.);
#1200=ADVANCED_FACE('',(#1199),#1191,.T.);
#1207=EDGE_CURVE('',#1125,#1133,#1115,.T.);
#1213=ADVANCED_FACE('',(#1212),#1205,.T.);
#1225=ADVANCED_FACE('',(#1224),#1218,.T.);
#1340=EDGE_CURVE('',#1322,#1330,#1238,.T.);
#1342=EDGE_CURVE('',#1330,#1334,#1245,.T.);
#1344=EDGE_CURVE('',#1326,#1334,#1287,.T.);
#1346=EDGE_CURVE('',#1322,#1326,#1252,.T.);
#1350=ADVANCED_FACE('',(#1349),#1339,.T.);
#1356=EDGE_CURVE('',#1329,#1321,#1273,.T.);
#1358=EDGE_CURVE('',#1329,#1330,#1259,.T.);
#1361=EDGE_CURVE('',#1321,#1322,#1266,.T.);
#1365=ADVANCED_FACE('',(#1364),#1355,.F.);
#1371=EDGE_CURVE('',#1333,#1325,#1301,.T.);
#1373=EDGE_CURVE('',#1329,#1333,#1315,.T.);
#1376=EDGE_CURVE('',#1321,#1325,#1280,.T.);
#1380=ADVANCED_FACE('',(#1379),#1370,.T.);
#1387=EDGE_CURVE('',#1333,#1334,#1294,.T.);
#1390=EDGE_CURVE('',#1325,#1326,#1308,.T.);
#1394=ADVANCED_FACE('',(#1393),#1385,.T.);
#1406=ADVANCED_FACE('',(#1405),#1399,.T.);
#1418=ADVANCED_FACE('',(#1417),#1411,.F.);
#1540=EDGE_CURVE('',#1522,#1530,#1438,.T.);
#1542=EDGE_CURVE('',#1530,#1534,#1445,.T.);
#1544=EDGE_CURVE('',#1526,#1534,#1487,.T.);
#1546=EDGE_CURVE('',#1522,#1526,#1452,.T.);
#1550=ADVANCED_FACE('',(#1549),#1539,.T.);
#1556=EDGE_CURVE('',#1529,#1521,#1473,.T.);
#1558=EDGE_CURVE('',#1529,#1530,#1459,.T.);
#1561=EDGE_CURVE('',#1521,#1522,#1466,.T.);
#1565=ADVANCED_FACE('',(#1564),#1555,.F.);
#1571=EDGE_CURVE('',#1533,#1525,#1501,.T.);
#1573=EDGE_CURVE('',#1529,#1533,#1515,.T.);
#1576=EDGE_CURVE('',#1521,#1525,#1480,.T.);
#1580=ADVANCED_FACE('',(#1579),#1570,.T.);
#1587=EDGE_CURVE('',#1533,#1534,#1494,.T.);
#1590=EDGE_CURVE('',#1525,#1526,#1508,.T.);
#1594=ADVANCED_FACE('',(#1593),#1585,.T.);
#1606=ADVANCED_FACE('',(#1605),#1599,.T.);
#1618=ADVANCED_FACE('',(#1617),#1611,.F.);
#1765=EDGE_CURVE('',#1759,#1754,#1638,.T.);
#1767=EDGE_CURVE('',#1759,#1747,#1715,.T.);
#1769=EDGE_CURVE('',#1746,#1747,#1645,.T.);
#1771=EDGE_CURVE('',#1754,#1746,#1659,.T.);
#1775=ADVANCED_FACE('',(#1774),#1764,.T.);
#1781=EDGE_CURVE('',#1754,#1755,#1652,.T.);
#1783=EDGE_CURVE('',#1757,#1755,#1722,.T.);
#1785=EDGE_CURVE('',#1757,#1759,#1687,.T.);
#1790=ADVANCED_FACE('',(#1789),#1780,.T.);
#1798=EDGE_CURVE('',#1750,#1746,#1666,.T.);
#1800=EDGE_CURVE('',#1750,#1742,#1673,.T.);
#1802=EDGE_CURVE('',#1742,#1755,#1680,.T.);
#1806=ADVANCED_FACE('',(#1805),#1795,.F.);
#1813=EDGE_CURVE('',#1751,#1747,#1708,.T.);
#1815=EDGE_CURVE('',#1750,#1751,#1736,.T.);
#1820=ADVANCED_FACE('',(#1819),#1811,.F.);
#1834=EDGE_CURVE('',#1743,#1757,#1694,.T.);
#1836=EDGE_CURVE('',#1751,#1743,#1701,.T.);
#1842=ADVANCED_FACE('',(#1841),#1832,.T.);
#1850=EDGE_CURVE('',#1742,#1743,#1729,.T.);
#1855=ADVANCED_FACE('',(#1854),#1847,.T.);
#1867=ADVANCED_FACE('',(#1866),#1860,.T.);
#1982=EDGE_CURVE('',#1963,#1964,#1880,.T.);
#1984=EDGE_CURVE('',#1972,#1963,#1887,.T.);
#1986=EDGE_CURVE('',#1971,#1972,#1894,.T.);
#1988=EDGE_CURVE('',#1964,#1971,#1901,.T.);
#1992=ADVANCED_FACE('',(#1991),#1981,.F.);
#1998=EDGE_CURVE('',#1964,#1968,#1908,.T.);
#2000=EDGE_CURVE('',#1967,#1968,#1936,.T.);
#2002=EDGE_CURVE('',#1963,#1967,#1922,.T.);
#2007=ADVANCED_FACE('',(#2006),#1997,.F.);
#2022=EDGE_CURVE('',#1971,#1975,#1915,.T.);
#2024=EDGE_CURVE('',#1968,#1975,#1943,.T.);
#2028=ADVANCED_FACE('',(#2027),#2019,.F.);
#2035=EDGE_CURVE('',#1972,#1976,#1929,.T.);
#2037=EDGE_CURVE('',#1975,#1976,#1950,.T.);
#2042=ADVANCED_FACE('',(#2041),#2033,.F.);
#2049=EDGE_CURVE('',#1976,#1967,#1957,.T.);
#2055=ADVANCED_FACE('',(#2054),#2047,.F.);
#2067=ADVANCED_FACE('',(#2066),#2060,.T.);
#2076=(LENGTH_UNIT()NAMED_UNIT(*)SI_UNIT(.MILLI.,.METRE.));
#2077=(NAMED_UNIT(*)PLANE_ANGLE_UNIT()SI_UNIT($,.RADIAN.));
#2080=(NAMED_UNIT(*)SI_UNIT($,.STERADIAN.)SOLID_ANGLE_UNIT());
#2082=(GEOMETRIC_REPRESENTATION_CONTEXT(3)GLOBAL_UNCERTAINTY_ASSIGNED_CONTEXT((
#2081))GLOBAL_UNIT_ASSIGNED_CONTEXT((#2076,#2079,#2080))REPRESENTATION_CONTEXT(
'ID1','3'));
#2086=AXIS2_PLACEMENT_3D('',#2083,#2084,#2085);
#2087=ADVANCED_BREP_SHAPE_REPRESENTATION('',(#2086,#227,#427,#627,#827,#1027,
#1227,#1427,#1627,#1869,#2069),#2082);
#2094=PRODUCT_DEFINITION('part definition','',#2093,#2090);
#2095=PRODUCT_DEFINITION_SHAPE('','SHAPE FOR FRAME-RYZ0010A.',#2094);
#2096=SHAPE_ASPECT('','solid data associated with FRAME-RYZ0010A',#2095,.F.);
#2097=PROPERTY_DEFINITION('',
'shape for solid data with which properties are associated',#2096);
#2098=SHAPE_REPRESENTATION('',(#2069),#2082);
#2099=SHAPE_DEFINITION_REPRESENTATION(#2097,#2098);
#2100=(LENGTH_UNIT()NAMED_UNIT(*)SI_UNIT(.MILLI.,.METRE.));
#2104=PROPERTY_DEFINITION('geometric validation property',
'area of FRAME-RYZ0010A',#2096);
#2105=REPRESENTATION('surface area',(#2103),#2082);
#2106=PROPERTY_DEFINITION_REPRESENTATION(#2104,#2105);
#2107=(LENGTH_UNIT()NAMED_UNIT(*)SI_UNIT(.MILLI.,.METRE.));
#2111=PROPERTY_DEFINITION('geometric validation property',
'volume of FRAME-RYZ0010A',#2096);
#2112=REPRESENTATION('volume',(#2110),#2082);
#2113=PROPERTY_DEFINITION_REPRESENTATION(#2111,#2112);
#2115=PROPERTY_DEFINITION('geometric validation property',
'centroid of FRAME-RYZ0010A',#2096);
#2116=REPRESENTATION('centroid',(#2114),#2082);
#2117=PROPERTY_DEFINITION_REPRESENTATION(#2115,#2116);
#2118=(LENGTH_UNIT()NAMED_UNIT(*)SI_UNIT(.MILLI.,.METRE.));
#2122=PROPERTY_DEFINITION('geometric validation property',
'area of FRAME-RYZ0010A',#2095);
#2123=REPRESENTATION('surface area',(#2121),#2082);
#2124=PROPERTY_DEFINITION_REPRESENTATION(#2122,#2123);
#2125=(LENGTH_UNIT()NAMED_UNIT(*)SI_UNIT(.MILLI.,.METRE.));
#2129=PROPERTY_DEFINITION('geometric validation property',
'volume of FRAME-RYZ0010A',#2095);
#2130=REPRESENTATION('volume',(#2128),#2082);
#2131=PROPERTY_DEFINITION_REPRESENTATION(#2129,#2130);
#2133=PROPERTY_DEFINITION('geometric validation property',
'centroid of FRAME-RYZ0010A',#2095);
#2134=REPRESENTATION('centroid',(#2132),#2082);
#2135=PROPERTY_DEFINITION_REPRESENTATION(#2133,#2134);
#2136=SHAPE_DEFINITION_REPRESENTATION(#2095,#2087);
#2137=SHAPE_DEFINITION_REPRESENTATION(#2138,#2139);
#2138=PRODUCT_DEFINITION_SHAPE('','SHAPE FOR RYZ0010A_ASM.',#4155);
#2139=SHAPE_REPRESENTATION('',(#2149,#4135,#4149),#4145);
#2140=NEXT_ASSEMBLY_USAGE_OCCURRENCE('0','Next assembly relationship',
'FRAME-RYZ0010A',#4155,#2094,$);
#2141=PRODUCT_DEFINITION_SHAPE('Placement #0',
'Placement of FRAME-RYZ0010A with respect to RYZ0010A_ASM',#2140);
#2143=PROPERTY_DEFINITION('geometric validation property',
'centroid of FRAME-RYZ0010A',#2141);
#2144=REPRESENTATION('centroid',(#2142),#2082);
#2145=PROPERTY_DEFINITION_REPRESENTATION(#2143,#2144);
#3284=EDGE_CURVE('',#3117,#3118,#2157,.T.);
#3286=EDGE_CURVE('',#3117,#3108,#2164,.T.);
#3288=EDGE_CURVE('',#3108,#3133,#2171,.T.);
#3290=EDGE_CURVE('',#3133,#3134,#2178,.T.);
#3292=EDGE_CURVE('',#3134,#3140,#2185,.T.);
#3294=EDGE_CURVE('',#3138,#3140,#2192,.T.);
#3296=EDGE_CURVE('',#3137,#3138,#2199,.T.);
#3298=EDGE_CURVE('',#3137,#3143,#2206,.T.);
#3300=EDGE_CURVE('',#3143,#3144,#2213,.T.);
#3302=EDGE_CURVE('',#3148,#3144,#2220,.T.);
#3304=EDGE_CURVE('',#3147,#3148,#2227,.T.);
#3306=EDGE_CURVE('',#3147,#3151,#2234,.T.);
#3308=EDGE_CURVE('',#3151,#3152,#2241,.T.);
#3310=EDGE_CURVE('',#3156,#3152,#2248,.T.);
#3312=EDGE_CURVE('',#3155,#3156,#2255,.T.);
#3314=EDGE_CURVE('',#3155,#3218,#2262,.T.);
#3316=EDGE_CURVE('',#3218,#3244,#2269,.T.);
#3318=EDGE_CURVE('',#3248,#3244,#2276,.T.);
#3320=EDGE_CURVE('',#3247,#3248,#2283,.T.);
#3322=EDGE_CURVE('',#3247,#3110,#2290,.T.);
#3324=EDGE_CURVE('',#3110,#3125,#2297,.T.);
#3326=EDGE_CURVE('',#3125,#3126,#2304,.T.);
#3328=EDGE_CURVE('',#3126,#3128,#2311,.T.);
#3330=EDGE_CURVE('',#3130,#3128,#2318,.T.);
#3332=EDGE_CURVE('',#3130,#3112,#2325,.T.);
#3334=EDGE_CURVE('',#3112,#3220,#2332,.T.);
#3336=EDGE_CURVE('',#3220,#3252,#2339,.T.);
#3338=EDGE_CURVE('',#3252,#3250,#2346,.T.);
#3340=EDGE_CURVE('',#3222,#3250,#2353,.T.);
#3342=EDGE_CURVE('',#3222,#3179,#2360,.T.);
#3344=EDGE_CURVE('',#3179,#3180,#2367,.T.);
#3346=EDGE_CURVE('',#3176,#3180,#2374,.T.);
#3348=EDGE_CURVE('',#3175,#3176,#2381,.T.);
#3350=EDGE_CURVE('',#3175,#3171,#2388,.T.);
#3352=EDGE_CURVE('',#3171,#3172,#2395,.T.);
#3354=EDGE_CURVE('',#3168,#3172,#2402,.T.);
#3356=EDGE_CURVE('',#3167,#3168,#2409,.T.);
#3358=EDGE_CURVE('',#3167,#3163,#2416,.T.);
#3360=EDGE_CURVE('',#3163,#3164,#2423,.T.);
#3362=EDGE_CURVE('',#3164,#3160,#2430,.T.);
#3364=EDGE_CURVE('',#3159,#3160,#2437,.T.);
#3366=EDGE_CURVE('',#3159,#3114,#2444,.T.);
#3368=EDGE_CURVE('',#3114,#3122,#2451,.T.);
#3370=EDGE_CURVE('',#3122,#3120,#2458,.T.);
#3372=EDGE_CURVE('',#3118,#3120,#2465,.T.);
#3376=ADVANCED_FACE('',(#3375),#3283,.F.);
#3383=EDGE_CURVE('',#3118,#3225,#2472,.T.);
#3385=EDGE_CURVE('',#3216,#3225,#2668,.T.);
#3387=EDGE_CURVE('',#3117,#3216,#2507,.T.);
#3391=ADVANCED_FACE('',(#3390),#3381,.F.);
#3398=EDGE_CURVE('',#3120,#3226,#2479,.T.);
#3400=EDGE_CURVE('',#3225,#3226,#2675,.T.);
#3405=ADVANCED_FACE('',(#3404),#3396,.F.);
#3412=EDGE_CURVE('',#3122,#3215,#2493,.T.);
#3414=EDGE_CURVE('',#3226,#3215,#2682,.T.);
#3419=ADVANCED_FACE('',(#3418),#3410,.F.);
#3425=EDGE_CURVE('',#3215,#3216,#2486,.T.);
#3429=EDGE_CURVE('',#3114,#3106,#2500,.T.);
#3431=EDGE_CURVE('',#3106,#3101,#2850,.T.);
#3433=EDGE_CURVE('',#3108,#3101,#2745,.T.);
#3439=ADVANCED_FACE('',(#3438),#3424,.T.);
#3445=EDGE_CURVE('',#3183,#3184,#2731,.T.);
#3447=EDGE_CURVE('',#3184,#3262,#2514,.T.);
#3449=EDGE_CURVE('',#3262,#3259,#2521,.T.);
#3451=EDGE_CURVE('',#3259,#3260,#2528,.T.);
#3453=EDGE_CURVE('',#3260,#3183,#2535,.T.);
#3457=ADVANCED_FACE('',(#3456),#3444,.F.);
#3463=EDGE_CURVE('',#3187,#3188,#2801,.T.);
#3465=EDGE_CURVE('',#3265,#3188,#2542,.T.);
#3467=EDGE_CURVE('',#3265,#3266,#2549,.T.);
#3469=EDGE_CURVE('',#3187,#3266,#2556,.T.);
#3473=ADVANCED_FACE('',(#3472),#3462,.F.);
#3479=EDGE_CURVE('',#3191,#3192,#2780,.T.);
#3481=EDGE_CURVE('',#3269,#3192,#2563,.T.);
#3483=EDGE_CURVE('',#3269,#3270,#2570,.T.);
#3485=EDGE_CURVE('',#3191,#3270,#2577,.T.);
#3489=ADVANCED_FACE('',(#3488),#3478,.F.);
#3495=EDGE_CURVE('',#3195,#3196,#2976,.T.);
#3497=EDGE_CURVE('',#3230,#3196,#2584,.T.);
#3499=EDGE_CURVE('',#3229,#3230,#2591,.T.);
#3501=EDGE_CURVE('',#3195,#3229,#2598,.T.);
#3505=ADVANCED_FACE('',(#3504),#3494,.F.);
#3511=EDGE_CURVE('',#3199,#3200,#2871,.T.);
#3513=EDGE_CURVE('',#3242,#3200,#2605,.T.);
#3515=EDGE_CURVE('',#3241,#3242,#2612,.T.);
#3517=EDGE_CURVE('',#3199,#3241,#2619,.T.);
#3521=ADVANCED_FACE('',(#3520),#3510,.F.);
#3527=EDGE_CURVE('',#3203,#3204,#2941,.T.);
#3529=EDGE_CURVE('',#3277,#3204,#2626,.T.);
#3531=EDGE_CURVE('',#3277,#3278,#2633,.T.);
#3533=EDGE_CURVE('',#3203,#3278,#2640,.T.);
#3537=ADVANCED_FACE('',(#3536),#3526,.F.);
#3543=EDGE_CURVE('',#3207,#3208,#2920,.T.);
#3545=EDGE_CURVE('',#3273,#3208,#2647,.T.);
#3547=EDGE_CURVE('',#3273,#3274,#2654,.T.);
#3549=EDGE_CURVE('',#3207,#3274,#2661,.T.);
#3553=ADVANCED_FACE('',(#3552),#3542,.F.);
#3565=ADVANCED_FACE('',(#3564),#3558,.F.);
#3571=EDGE_CURVE('',#3234,#3210,#2689,.T.);
#3573=EDGE_CURVE('',#3233,#3234,#2696,.T.);
#3575=EDGE_CURVE('',#3212,#3233,#2703,.T.);
#3577=EDGE_CURVE('',#3212,#3210,#2899,.T.);
#3581=ADVANCED_FACE('',(#3580),#3570,.F.);
#3587=EDGE_CURVE('',#3255,#3256,#2759,.T.);
#3589=EDGE_CURVE('',#3256,#3237,#2710,.T.);
#3591=EDGE_CURVE('',#3237,#3238,#2717,.T.);
#3593=EDGE_CURVE('',#3238,#3255,#2724,.T.);
#3597=ADVANCED_FACE('',(#3596),#3586,.F.);
#3604=EDGE_CURVE('',#3133,#3183,#2738,.T.);
#3608=EDGE_CURVE('',#3101,#3102,#2843,.T.);
#3610=EDGE_CURVE('',#3110,#3102,#2990,.T.);
#3613=EDGE_CURVE('',#3247,#3256,#2752,.T.);
#3616=EDGE_CURVE('',#3218,#3255,#2766,.T.);
#3619=EDGE_CURVE('',#3155,#3192,#2773,.T.);
#3622=EDGE_CURVE('',#3151,#3191,#2787,.T.);
#3625=EDGE_CURVE('',#3147,#3188,#2794,.T.);
#3628=EDGE_CURVE('',#3143,#3187,#2808,.T.);
#3631=EDGE_CURVE('',#3137,#3184,#2815,.T.);
#3635=ADVANCED_FACE('',(#3634),#3602,.T.);
#3644=EDGE_CURVE('',#3260,#3134,#2822,.T.);
#3648=ADVANCED_FACE('',(#3647),#3640,.F.);
#3657=EDGE_CURVE('',#3259,#3140,#2829,.T.);
#3661=ADVANCED_FACE('',(#3660),#3653,.F.);
#3670=EDGE_CURVE('',#3138,#3262,#2836,.T.);
#3674=ADVANCED_FACE('',(#3673),#3666,.F.);
#3686=ADVANCED_FACE('',(#3685),#3679,.F.);
#3694=EDGE_CURVE('',#3104,#3106,#2857,.T.);
#3696=EDGE_CURVE('',#3102,#3104,#2864,.T.);
#3700=ADVANCED_FACE('',(#3699),#3691,.T.);
#3707=EDGE_CURVE('',#3220,#3199,#2878,.T.);
#3710=EDGE_CURVE('',#3112,#3104,#2885,.T.);
#3715=EDGE_CURVE('',#3159,#3210,#2892,.T.);
#3718=EDGE_CURVE('',#3163,#3212,#2906,.T.);
#3721=EDGE_CURVE('',#3167,#3208,#2913,.T.);
#3724=EDGE_CURVE('',#3171,#3207,#2927,.T.);
#3727=EDGE_CURVE('',#3175,#3204,#2934,.T.);
#3730=EDGE_CURVE('',#3179,#3203,#2948,.T.);
#3733=EDGE_CURVE('',#3222,#3200,#2955,.T.);
#3737=ADVANCED_FACE('',(#3736),#3705,.T.);
#3746=EDGE_CURVE('',#3252,#3241,#2962,.T.);
#3750=ADVANCED_FACE('',(#3749),#3742,.T.);
#3759=EDGE_CURVE('',#3250,#3242,#2969,.T.);
#3763=ADVANCED_FACE('',(#3762),#3755,.T.);
#3775=ADVANCED_FACE('',(#3774),#3768,.T.);
#3782=EDGE_CURVE('',#3125,#3195,#2983,.T.);
#3789=EDGE_CURVE('',#3130,#3196,#2997,.T.);
#3793=ADVANCED_FACE('',(#3792),#3780,.T.);
#3802=EDGE_CURVE('',#3126,#3229,#3004,.T.);
#3806=ADVANCED_FACE('',(#3805),#3798,.T.);
#3815=EDGE_CURVE('',#3128,#3230,#3011,.T.);
#3819=ADVANCED_FACE('',(#3818),#3811,.T.);
#3831=ADVANCED_FACE('',(#3830),#3824,.T.);
#3838=EDGE_CURVE('',#3160,#3234,#3018,.T.);
#3844=ADVANCED_FACE('',(#3843),#3836,.T.);
#3851=EDGE_CURVE('',#3164,#3233,#3025,.T.);
#3857=ADVANCED_FACE('',(#3856),#3849,.T.);
#3869=ADVANCED_FACE('',(#3868),#3862,.T.);
#3876=EDGE_CURVE('',#3168,#3273,#3032,.T.);
#3882=ADVANCED_FACE('',(#3881),#3874,.T.);
#3889=EDGE_CURVE('',#3172,#3274,#3039,.T.);
#3895=ADVANCED_FACE('',(#3894),#3887,.F.);
#3907=ADVANCED_FACE('',(#3906),#3900,.T.);
#3914=EDGE_CURVE('',#3176,#3277,#3046,.T.);
#3920=ADVANCED_FACE('',(#3919),#3912,.T.);
#3927=EDGE_CURVE('',#3180,#3278,#3053,.T.);
#3933=ADVANCED_FACE('',(#3932),#3925,.F.);
#3945=ADVANCED_FACE('',(#3944),#3938,.T.);
#3952=EDGE_CURVE('',#3248,#3237,#3060,.T.);
#3958=ADVANCED_FACE('',(#3957),#3950,.F.);
#3965=EDGE_CURVE('',#3244,#3238,#3067,.T.);
#3971=ADVANCED_FACE('',(#3970),#3963,.F.);
#3983=ADVANCED_FACE('',(#3982),#3976,.F.);
#3990=EDGE_CURVE('',#3156,#3269,#3074,.T.);
#3996=ADVANCED_FACE('',(#3995),#3988,.F.);
#4003=EDGE_CURVE('',#3152,#3270,#3081,.T.);
#4009=ADVANCED_FACE('',(#4008),#4001,.F.);
#4021=ADVANCED_FACE('',(#4020),#4014,.F.);
#4028=EDGE_CURVE('',#3148,#3265,#3088,.T.);
#4034=ADVANCED_FACE('',(#4033),#4026,.F.);
#4041=EDGE_CURVE('',#3144,#3266,#3095,.T.);
#4047=ADVANCED_FACE('',(#4046),#4039,.F.);
#4059=ADVANCED_FACE('',(#4058),#4052,.F.);
#4068=(LENGTH_UNIT()NAMED_UNIT(*)SI_UNIT(.MILLI.,.METRE.));
#4069=(NAMED_UNIT(*)PLANE_ANGLE_UNIT()SI_UNIT($,.RADIAN.));
#4072=(NAMED_UNIT(*)SI_UNIT($,.STERADIAN.)SOLID_ANGLE_UNIT());
#4074=(GEOMETRIC_REPRESENTATION_CONTEXT(3)GLOBAL_UNCERTAINTY_ASSIGNED_CONTEXT((
#4073))GLOBAL_UNIT_ASSIGNED_CONTEXT((#4068,#4071,#4072))REPRESENTATION_CONTEXT(
'ID2','3'));
#4078=AXIS2_PLACEMENT_3D('',#4075,#4076,#4077);
#4079=ADVANCED_BREP_SHAPE_REPRESENTATION('',(#4078,#4061),#4074);
#4083=PRODUCT_DEFINITION('part definition','',#4082,#2090);
#4084=PRODUCT_DEFINITION_SHAPE('','SHAPE FOR BODY-QFN.',#4083);
#4085=SHAPE_ASPECT('','solid data associated with BODY-QFN',#4084,.F.);
#4086=PROPERTY_DEFINITION('',
'shape for solid data with which properties are associated',#4085);
#4087=SHAPE_REPRESENTATION('',(#4061),#4074);
#4088=SHAPE_DEFINITION_REPRESENTATION(#4086,#4087);
#4089=(LENGTH_UNIT()NAMED_UNIT(*)SI_UNIT(.MILLI.,.METRE.));
#4093=PROPERTY_DEFINITION('geometric validation property','area of BODY-QFN',
#4085);
#4094=REPRESENTATION('surface area',(#4092),#4074);
#4095=PROPERTY_DEFINITION_REPRESENTATION(#4093,#4094);
#4096=(LENGTH_UNIT()NAMED_UNIT(*)SI_UNIT(.MILLI.,.METRE.));
#4100=PROPERTY_DEFINITION('geometric validation property','volume of BODY-QFN',
#4085);
#4101=REPRESENTATION('volume',(#4099),#4074);
#4102=PROPERTY_DEFINITION_REPRESENTATION(#4100,#4101);
#4104=PROPERTY_DEFINITION('geometric validation property',
'centroid of BODY-QFN',#4085);
#4105=REPRESENTATION('centroid',(#4103),#4074);
#4106=PROPERTY_DEFINITION_REPRESENTATION(#4104,#4105);
#4107=(LENGTH_UNIT()NAMED_UNIT(*)SI_UNIT(.MILLI.,.METRE.));
#4111=PROPERTY_DEFINITION('geometric validation property','area of BODY-QFN',
#4084);
#4112=REPRESENTATION('surface area',(#4110),#4074);
#4113=PROPERTY_DEFINITION_REPRESENTATION(#4111,#4112);
#4114=(LENGTH_UNIT()NAMED_UNIT(*)SI_UNIT(.MILLI.,.METRE.));
#4118=PROPERTY_DEFINITION('geometric validation property','volume of BODY-QFN',
#4084);
#4119=REPRESENTATION('volume',(#4117),#4074);
#4120=PROPERTY_DEFINITION_REPRESENTATION(#4118,#4119);
#4122=PROPERTY_DEFINITION('geometric validation property',
'centroid of BODY-QFN',#4084);
#4123=REPRESENTATION('centroid',(#4121),#4074);
#4124=PROPERTY_DEFINITION_REPRESENTATION(#4122,#4123);
#4125=SHAPE_DEFINITION_REPRESENTATION(#4084,#4079);
#4126=NEXT_ASSEMBLY_USAGE_OCCURRENCE('1','Next assembly relationship',
'BODY-QFN',#4155,#4083,$);
#4127=PRODUCT_DEFINITION_SHAPE('Placement #1',
'Placement of BODY-QFN with respect to RYZ0010A_ASM',#4126);
#4129=PROPERTY_DEFINITION('geometric validation property',
'centroid of BODY-QFN',#4127);
#4130=REPRESENTATION('centroid',(#4128),#4074);
#4131=PROPERTY_DEFINITION_REPRESENTATION(#4129,#4130);
#4139=(LENGTH_UNIT()NAMED_UNIT(*)SI_UNIT(.MILLI.,.METRE.));
#4140=(NAMED_UNIT(*)PLANE_ANGLE_UNIT()SI_UNIT($,.RADIAN.));
#4143=(NAMED_UNIT(*)SI_UNIT($,.STERADIAN.)SOLID_ANGLE_UNIT());
#4145=(GEOMETRIC_REPRESENTATION_CONTEXT(3)GLOBAL_UNCERTAINTY_ASSIGNED_CONTEXT((
#4144))GLOBAL_UNIT_ASSIGNED_CONTEXT((#4139,#4142,#4143))REPRESENTATION_CONTEXT(
'ID3','3'));
#4149=AXIS2_PLACEMENT_3D('',#4146,#4147,#4148);
#4155=PRODUCT_DEFINITION('part definition','',#4154,#4151);
#4156=(LENGTH_UNIT()NAMED_UNIT(*)SI_UNIT(.MILLI.,.METRE.));
#4160=PROPERTY_DEFINITION('geometric validation property',
'area of RYZ0010A_ASM',#2138);
#4161=REPRESENTATION('surface area',(#4159),#4145);
#4162=PROPERTY_DEFINITION_REPRESENTATION(#4160,#4161);
#4163=(LENGTH_UNIT()NAMED_UNIT(*)SI_UNIT(.MILLI.,.METRE.));
#4167=PROPERTY_DEFINITION('geometric validation property',
'volume of RYZ0010A_ASM',#2138);
#4168=REPRESENTATION('volume',(#4166),#4145);
#4169=PROPERTY_DEFINITION_REPRESENTATION(#4167,#4168);
#4171=PROPERTY_DEFINITION('geometric validation property',
'centroid of RYZ0010A_ASM',#2138);
#4172=REPRESENTATION('centroid',(#4170),#4145);
#4173=PROPERTY_DEFINITION_REPRESENTATION(#4171,#4172);
ENDSEC;
END-ISO-10303-21;
