ISO-10303-21;
HEADER;
FILE_DESCRIPTION((''),'2;1');
FILE_NAME('DPU0014A_ASM','2021-09-08T11:53:50',('a0412086'),(''),
'CREO PARAMETRIC BY PTC INC, 2018500','CREO PARAMETRIC BY PTC INC, 2018500','');
FILE_SCHEMA(('CONFIG_CONTROL_DESIGN','SHAPE_APPEARANCE_LAYERS_GROUPS'));
ENDSEC;
DATA;
#31=DIRECTION('',(0.E0,0.E0,1.E0));
#32=VECTOR('',#31,2.E-1);
#33=CARTESIAN_POINT('',(-8.7E-1,0.E0,-1.1E0));
#34=LINE('',#33,#32);
#35=DRAUGHTING_PRE_DEFINED_CURVE_FONT('continuous');
#36=CURVE_STYLE('',#35,POSITIVE_LENGTH_MEASURE(2.E-2),#28);
#37=PRESENTATION_STYLE_ASSIGNMENT((#36));
#38=STYLED_ITEM('',(#37),#34);
#39=DIRECTION('',(-1.E0,0.E0,0.E0));
#40=VECTOR('',#39,1.3E-1);
#41=CARTESIAN_POINT('',(-8.7E-1,0.E0,-9.E-1));
#42=LINE('',#41,#40);
#43=CURVE_STYLE('',#35,POSITIVE_LENGTH_MEASURE(2.E-2),#28);
#44=PRESENTATION_STYLE_ASSIGNMENT((#43));
#45=STYLED_ITEM('',(#44),#42);
#46=DIRECTION('',(0.E0,0.E0,-1.E0));
#47=VECTOR('',#46,2.E-1);
#48=CARTESIAN_POINT('',(-1.E0,0.E0,-7.E-1));
#49=LINE('',#48,#47);
#50=CURVE_STYLE('',#35,POSITIVE_LENGTH_MEASURE(2.E-2),#28);
#51=PRESENTATION_STYLE_ASSIGNMENT((#50));
#52=STYLED_ITEM('',(#51),#49);
#53=DIRECTION('',(1.E0,0.E0,0.E0));
#54=VECTOR('',#53,2.51E-1);
#55=CARTESIAN_POINT('',(-1.E0,0.E0,-7.E-1));
#56=LINE('',#55,#54);
#57=CURVE_STYLE('',#35,POSITIVE_LENGTH_MEASURE(2.E-2),#28);
#58=PRESENTATION_STYLE_ASSIGNMENT((#57));
#59=STYLED_ITEM('',(#58),#56);
#60=CARTESIAN_POINT('',(-7.49E-1,0.E0,-7.99E-1));
#61=DIRECTION('',(0.E0,1.E0,0.E0));
#62=DIRECTION('',(0.E0,0.E0,1.E0));
#63=AXIS2_PLACEMENT_3D('',#60,#61,#62);
#65=CURVE_STYLE('',#35,POSITIVE_LENGTH_MEASURE(2.E-2),#28);
#66=PRESENTATION_STYLE_ASSIGNMENT((#65));
#67=STYLED_ITEM('',(#66),#64);
#68=CARTESIAN_POINT('',(-7.49E-1,0.E0,-1.201E0));
#69=DIRECTION('',(0.E0,1.E0,0.E0));
#70=DIRECTION('',(1.E0,0.E0,0.E0));
#71=AXIS2_PLACEMENT_3D('',#68,#69,#70);
#73=CURVE_STYLE('',#35,POSITIVE_LENGTH_MEASURE(2.E-2),#28);
#74=PRESENTATION_STYLE_ASSIGNMENT((#73));
#75=STYLED_ITEM('',(#74),#72);
#76=DIRECTION('',(-1.E0,0.E0,0.E0));
#77=VECTOR('',#76,2.51E-1);
#78=CARTESIAN_POINT('',(-7.49E-1,0.E0,-1.3E0));
#79=LINE('',#78,#77);
#80=CURVE_STYLE('',#35,POSITIVE_LENGTH_MEASURE(2.E-2),#28);
#81=PRESENTATION_STYLE_ASSIGNMENT((#80));
#82=STYLED_ITEM('',(#81),#79);
#83=DIRECTION('',(0.E0,0.E0,-1.E0));
#84=VECTOR('',#83,2.E-1);
#85=CARTESIAN_POINT('',(-1.E0,0.E0,-1.1E0));
#86=LINE('',#85,#84);
#87=CURVE_STYLE('',#35,POSITIVE_LENGTH_MEASURE(2.E-2),#28);
#88=PRESENTATION_STYLE_ASSIGNMENT((#87));
#89=STYLED_ITEM('',(#88),#86);
#90=DIRECTION('',(1.E0,0.E0,0.E0));
#91=VECTOR('',#90,1.3E-1);
#92=CARTESIAN_POINT('',(-1.E0,0.E0,-1.1E0));
#93=LINE('',#92,#91);
#94=CURVE_STYLE('',#35,POSITIVE_LENGTH_MEASURE(2.E-2),#28);
#95=PRESENTATION_STYLE_ASSIGNMENT((#94));
#96=STYLED_ITEM('',(#95),#93);
#97=DIRECTION('',(0.E0,1.E0,0.E0));
#98=VECTOR('',#97,2.E-1);
#99=CARTESIAN_POINT('',(-8.7E-1,0.E0,-1.1E0));
#100=LINE('',#99,#98);
#101=CURVE_STYLE('',#35,POSITIVE_LENGTH_MEASURE(2.E-2),#28);
#102=PRESENTATION_STYLE_ASSIGNMENT((#101));
#103=STYLED_ITEM('',(#102),#100);
#104=DIRECTION('',(0.E0,1.E0,0.E0));
#105=VECTOR('',#104,2.E-1);
#106=CARTESIAN_POINT('',(-1.E0,0.E0,-1.1E0));
#107=LINE('',#106,#105);
#108=CURVE_STYLE('',#35,POSITIVE_LENGTH_MEASURE(2.E-2),#28);
#109=PRESENTATION_STYLE_ASSIGNMENT((#108));
#110=STYLED_ITEM('',(#109),#107);
#111=DIRECTION('',(0.E0,0.E0,1.E0));
#112=VECTOR('',#111,4.02E-1);
#113=CARTESIAN_POINT('',(-6.5E-1,2.E-1,-1.201E0));
#114=LINE('',#113,#112);
#115=CURVE_STYLE('',#35,POSITIVE_LENGTH_MEASURE(2.E-2),#28);
#116=PRESENTATION_STYLE_ASSIGNMENT((#115));
#117=STYLED_ITEM('',(#116),#114);
#118=CARTESIAN_POINT('',(-7.49E-1,2.E-1,-7.99E-1));
#119=DIRECTION('',(0.E0,1.E0,0.E0));
#120=DIRECTION('',(0.E0,0.E0,1.E0));
#121=AXIS2_PLACEMENT_3D('',#118,#119,#120);
#123=CURVE_STYLE('',#35,POSITIVE_LENGTH_MEASURE(2.E-2),#28);
#124=PRESENTATION_STYLE_ASSIGNMENT((#123));
#125=STYLED_ITEM('',(#124),#122);
#126=DIRECTION('',(1.E0,0.E0,0.E0));
#127=VECTOR('',#126,2.51E-1);
#128=CARTESIAN_POINT('',(-1.E0,2.E-1,-7.E-1));
#129=LINE('',#128,#127);
#130=CURVE_STYLE('',#35,POSITIVE_LENGTH_MEASURE(2.E-2),#28);
#131=PRESENTATION_STYLE_ASSIGNMENT((#130));
#132=STYLED_ITEM('',(#131),#129);
#133=DIRECTION('',(0.E0,0.E0,-1.E0));
#134=VECTOR('',#133,2.E-1);
#135=CARTESIAN_POINT('',(-1.E0,2.E-1,-7.E-1));
#136=LINE('',#135,#134);
#137=CURVE_STYLE('',#35,POSITIVE_LENGTH_MEASURE(2.E-2),#28);
#138=PRESENTATION_STYLE_ASSIGNMENT((#137));
#139=STYLED_ITEM('',(#138),#136);
#140=DIRECTION('',(-1.E0,0.E0,0.E0));
#141=VECTOR('',#140,1.3E-1);
#142=CARTESIAN_POINT('',(-8.7E-1,2.E-1,-9.E-1));
#143=LINE('',#142,#141);
#144=CURVE_STYLE('',#35,POSITIVE_LENGTH_MEASURE(2.E-2),#28);
#145=PRESENTATION_STYLE_ASSIGNMENT((#144));
#146=STYLED_ITEM('',(#145),#143);
#147=DIRECTION('',(0.E0,0.E0,1.E0));
#148=VECTOR('',#147,2.E-1);
#149=CARTESIAN_POINT('',(-8.7E-1,2.E-1,-1.1E0));
#150=LINE('',#149,#148);
#151=CURVE_STYLE('',#35,POSITIVE_LENGTH_MEASURE(2.E-2),#28);
#152=PRESENTATION_STYLE_ASSIGNMENT((#151));
#153=STYLED_ITEM('',(#152),#150);
#154=DIRECTION('',(1.E0,0.E0,0.E0));
#155=VECTOR('',#154,1.3E-1);
#156=CARTESIAN_POINT('',(-1.E0,2.E-1,-1.1E0));
#157=LINE('',#156,#155);
#158=CURVE_STYLE('',#35,POSITIVE_LENGTH_MEASURE(2.E-2),#28);
#159=PRESENTATION_STYLE_ASSIGNMENT((#158));
#160=STYLED_ITEM('',(#159),#157);
#161=DIRECTION('',(0.E0,0.E0,-1.E0));
#162=VECTOR('',#161,2.E-1);
#163=CARTESIAN_POINT('',(-1.E0,2.E-1,-1.1E0));
#164=LINE('',#163,#162);
#165=CURVE_STYLE('',#35,POSITIVE_LENGTH_MEASURE(2.E-2),#28);
#166=PRESENTATION_STYLE_ASSIGNMENT((#165));
#167=STYLED_ITEM('',(#166),#164);
#168=DIRECTION('',(-1.E0,0.E0,0.E0));
#169=VECTOR('',#168,2.51E-1);
#170=CARTESIAN_POINT('',(-7.49E-1,2.E-1,-1.3E0));
#171=LINE('',#170,#169);
#172=CURVE_STYLE('',#35,POSITIVE_LENGTH_MEASURE(2.E-2),#28);
#173=PRESENTATION_STYLE_ASSIGNMENT((#172));
#174=STYLED_ITEM('',(#173),#171);
#175=CARTESIAN_POINT('',(-7.49E-1,2.E-1,-1.201E0));
#176=DIRECTION('',(0.E0,1.E0,0.E0));
#177=DIRECTION('',(1.E0,0.E0,0.E0));
#178=AXIS2_PLACEMENT_3D('',#175,#176,#177);
#180=CURVE_STYLE('',#35,POSITIVE_LENGTH_MEASURE(2.E-2),#28);
#181=PRESENTATION_STYLE_ASSIGNMENT((#180));
#182=STYLED_ITEM('',(#181),#179);
#183=DIRECTION('',(0.E0,0.E0,1.E0));
#184=VECTOR('',#183,4.02E-1);
#185=CARTESIAN_POINT('',(-6.5E-1,0.E0,-1.201E0));
#186=LINE('',#185,#184);
#187=CURVE_STYLE('',#35,POSITIVE_LENGTH_MEASURE(2.E-2),#28);
#188=PRESENTATION_STYLE_ASSIGNMENT((#187));
#189=STYLED_ITEM('',(#188),#186);
#190=DIRECTION('',(0.E0,1.E0,0.E0));
#191=VECTOR('',#190,2.E-1);
#192=CARTESIAN_POINT('',(-6.5E-1,0.E0,-7.99E-1));
#193=LINE('',#192,#191);
#194=CURVE_STYLE('',#35,POSITIVE_LENGTH_MEASURE(2.E-2),#28);
#195=PRESENTATION_STYLE_ASSIGNMENT((#194));
#196=STYLED_ITEM('',(#195),#193);
#197=DIRECTION('',(0.E0,1.E0,0.E0));
#198=VECTOR('',#197,2.E-1);
#199=CARTESIAN_POINT('',(-7.49E-1,0.E0,-7.E-1));
#200=LINE('',#199,#198);
#201=CURVE_STYLE('',#35,POSITIVE_LENGTH_MEASURE(2.E-2),#28);
#202=PRESENTATION_STYLE_ASSIGNMENT((#201));
#203=STYLED_ITEM('',(#202),#200);
#204=DIRECTION('',(0.E0,1.E0,0.E0));
#205=VECTOR('',#204,2.E-1);
#206=CARTESIAN_POINT('',(-1.E0,0.E0,-7.E-1));
#207=LINE('',#206,#205);
#208=CURVE_STYLE('',#35,POSITIVE_LENGTH_MEASURE(2.E-2),#28);
#209=PRESENTATION_STYLE_ASSIGNMENT((#208));
#210=STYLED_ITEM('',(#209),#207);
#211=DIRECTION('',(0.E0,1.E0,0.E0));
#212=VECTOR('',#211,2.E-1);
#213=CARTESIAN_POINT('',(-6.5E-1,0.E0,-1.201E0));
#214=LINE('',#213,#212);
#215=CURVE_STYLE('',#35,POSITIVE_LENGTH_MEASURE(2.E-2),#28);
#216=PRESENTATION_STYLE_ASSIGNMENT((#215));
#217=STYLED_ITEM('',(#216),#214);
#218=DIRECTION('',(0.E0,1.E0,0.E0));
#219=VECTOR('',#218,2.E-1);
#220=CARTESIAN_POINT('',(-1.E0,0.E0,-1.3E0));
#221=LINE('',#220,#219);
#222=CURVE_STYLE('',#35,POSITIVE_LENGTH_MEASURE(2.E-2),#28);
#223=PRESENTATION_STYLE_ASSIGNMENT((#222));
#224=STYLED_ITEM('',(#223),#221);
#225=DIRECTION('',(0.E0,1.E0,0.E0));
#226=VECTOR('',#225,2.E-1);
#227=CARTESIAN_POINT('',(-7.49E-1,0.E0,-1.3E0));
#228=LINE('',#227,#226);
#229=CURVE_STYLE('',#35,POSITIVE_LENGTH_MEASURE(2.E-2),#28);
#230=PRESENTATION_STYLE_ASSIGNMENT((#229));
#231=STYLED_ITEM('',(#230),#228);
#232=DIRECTION('',(0.E0,1.E0,0.E0));
#233=VECTOR('',#232,2.E-1);
#234=CARTESIAN_POINT('',(-8.7E-1,0.E0,-9.E-1));
#235=LINE('',#234,#233);
#236=CURVE_STYLE('',#35,POSITIVE_LENGTH_MEASURE(2.E-2),#28);
#237=PRESENTATION_STYLE_ASSIGNMENT((#236));
#238=STYLED_ITEM('',(#237),#235);
#239=DIRECTION('',(0.E0,1.E0,0.E0));
#240=VECTOR('',#239,2.E-1);
#241=CARTESIAN_POINT('',(-1.E0,0.E0,-9.E-1));
#242=LINE('',#241,#240);
#243=CURVE_STYLE('',#35,POSITIVE_LENGTH_MEASURE(2.E-2),#28);
#244=PRESENTATION_STYLE_ASSIGNMENT((#243));
#245=STYLED_ITEM('',(#244),#242);
#246=CARTESIAN_POINT('',(-6.5E-1,0.E0,-1.201E0));
#247=CARTESIAN_POINT('',(-7.49E-1,0.E0,-1.3E0));
#248=VERTEX_POINT('',#246);
#249=VERTEX_POINT('',#247);
#250=CARTESIAN_POINT('',(-6.5E-1,2.E-1,-1.201E0));
#251=CARTESIAN_POINT('',(-7.49E-1,2.E-1,-1.3E0));
#252=VERTEX_POINT('',#250);
#253=VERTEX_POINT('',#251);
#254=CARTESIAN_POINT('',(-7.49E-1,0.E0,-7.E-1));
#255=CARTESIAN_POINT('',(-6.5E-1,0.E0,-7.99E-1));
#256=VERTEX_POINT('',#254);
#257=VERTEX_POINT('',#255);
#258=CARTESIAN_POINT('',(-7.49E-1,2.E-1,-7.E-1));
#259=CARTESIAN_POINT('',(-6.5E-1,2.E-1,-7.99E-1));
#260=VERTEX_POINT('',#258);
#261=VERTEX_POINT('',#259);
#262=CARTESIAN_POINT('',(-1.E0,0.E0,-1.1E0));
#263=CARTESIAN_POINT('',(-1.E0,0.E0,-1.3E0));
#264=VERTEX_POINT('',#262);
#265=VERTEX_POINT('',#263);
#266=CARTESIAN_POINT('',(-1.E0,2.E-1,-1.1E0));
#267=CARTESIAN_POINT('',(-1.E0,2.E-1,-1.3E0));
#268=VERTEX_POINT('',#266);
#269=VERTEX_POINT('',#267);
#270=CARTESIAN_POINT('',(-1.E0,0.E0,-7.E-1));
#271=CARTESIAN_POINT('',(-1.E0,0.E0,-9.E-1));
#272=VERTEX_POINT('',#270);
#273=VERTEX_POINT('',#271);
#274=CARTESIAN_POINT('',(-1.E0,2.E-1,-7.E-1));
#275=CARTESIAN_POINT('',(-1.E0,2.E-1,-9.E-1));
#276=VERTEX_POINT('',#274);
#277=VERTEX_POINT('',#275);
#278=CARTESIAN_POINT('',(-8.7E-1,0.E0,-1.1E0));
#279=CARTESIAN_POINT('',(-8.7E-1,2.E-1,-1.1E0));
#280=VERTEX_POINT('',#278);
#281=VERTEX_POINT('',#279);
#282=CARTESIAN_POINT('',(-8.7E-1,0.E0,-9.E-1));
#283=CARTESIAN_POINT('',(-8.7E-1,2.E-1,-9.E-1));
#284=VERTEX_POINT('',#282);
#285=VERTEX_POINT('',#283);
#286=CARTESIAN_POINT('',(-1.E0,0.E0,1.5E0));
#287=DIRECTION('',(1.E0,0.E0,0.E0));
#288=DIRECTION('',(0.E0,0.E0,-1.E0));
#289=AXIS2_PLACEMENT_3D('',#286,#287,#288);
#290=PLANE('',#289);
#292=ORIENTED_EDGE('',*,*,#291,.T.);
#294=ORIENTED_EDGE('',*,*,#293,.T.);
#296=ORIENTED_EDGE('',*,*,#295,.F.);
#298=ORIENTED_EDGE('',*,*,#297,.F.);
#299=EDGE_LOOP('',(#292,#294,#296,#298));
#300=FACE_OUTER_BOUND('',#299,.F.);
#301=ADVANCED_FACE('',(#300),#290,.F.);
#302=FILL_AREA_STYLE_COLOUR('',#29);
#303=FILL_AREA_STYLE('',(#302));
#304=SURFACE_STYLE_FILL_AREA(#303);
#305=SURFACE_SIDE_STYLE('',(#304));
#306=SURFACE_STYLE_USAGE(.POSITIVE.,#305);
#307=FILL_AREA_STYLE_COLOUR('',#28);
#308=FILL_AREA_STYLE('',(#307));
#309=SURFACE_STYLE_FILL_AREA(#308);
#310=SURFACE_SIDE_STYLE('',(#309));
#311=SURFACE_STYLE_USAGE(.NEGATIVE.,#310);
#312=PRESENTATION_STYLE_ASSIGNMENT((#306,#311));
#313=OVER_RIDING_STYLED_ITEM('',(#312),#301,#30);
#314=CARTESIAN_POINT('',(-1.E0,0.E0,1.5E0));
#315=DIRECTION('',(1.E0,0.E0,0.E0));
#316=DIRECTION('',(0.E0,0.E0,-1.E0));
#317=AXIS2_PLACEMENT_3D('',#314,#315,#316);
#318=PLANE('',#317);
#320=ORIENTED_EDGE('',*,*,#319,.T.);
#322=ORIENTED_EDGE('',*,*,#321,.T.);
#324=ORIENTED_EDGE('',*,*,#323,.F.);
#326=ORIENTED_EDGE('',*,*,#325,.F.);
#327=EDGE_LOOP('',(#320,#322,#324,#326));
#328=FACE_OUTER_BOUND('',#327,.F.);
#329=ADVANCED_FACE('',(#328),#318,.F.);
#330=FILL_AREA_STYLE_COLOUR('',#29);
#331=FILL_AREA_STYLE('',(#330));
#332=SURFACE_STYLE_FILL_AREA(#331);
#333=SURFACE_SIDE_STYLE('',(#332));
#334=SURFACE_STYLE_USAGE(.POSITIVE.,#333);
#335=FILL_AREA_STYLE_COLOUR('',#28);
#336=FILL_AREA_STYLE('',(#335));
#337=SURFACE_STYLE_FILL_AREA(#336);
#338=SURFACE_SIDE_STYLE('',(#337));
#339=SURFACE_STYLE_USAGE(.NEGATIVE.,#338);
#340=PRESENTATION_STYLE_ASSIGNMENT((#334,#339));
#341=OVER_RIDING_STYLED_ITEM('',(#340),#329,#30);
#342=CARTESIAN_POINT('',(0.E0,0.E0,0.E0));
#343=DIRECTION('',(0.E0,1.E0,0.E0));
#344=DIRECTION('',(1.E0,0.E0,0.E0));
#345=AXIS2_PLACEMENT_3D('',#342,#343,#344);
#346=PLANE('',#345);
#348=ORIENTED_EDGE('',*,*,#347,.T.);
#350=ORIENTED_EDGE('',*,*,#349,.T.);
#351=ORIENTED_EDGE('',*,*,#319,.F.);
#353=ORIENTED_EDGE('',*,*,#352,.T.);
#355=ORIENTED_EDGE('',*,*,#354,.T.);
#357=ORIENTED_EDGE('',*,*,#356,.F.);
#359=ORIENTED_EDGE('',*,*,#358,.T.);
#361=ORIENTED_EDGE('',*,*,#360,.T.);
#362=ORIENTED_EDGE('',*,*,#291,.F.);
#364=ORIENTED_EDGE('',*,*,#363,.T.);
#365=EDGE_LOOP('',(#348,#350,#351,#353,#355,#357,#359,#361,#362,#364));
#366=FACE_OUTER_BOUND('',#365,.F.);
#367=ADVANCED_FACE('',(#366),#346,.F.);
#368=CARTESIAN_POINT('',(-8.7E-1,0.E0,-1.3E0));
#369=DIRECTION('',(-1.E0,0.E0,0.E0));
#370=DIRECTION('',(0.E0,0.E0,1.E0));
#371=AXIS2_PLACEMENT_3D('',#368,#369,#370);
#372=PLANE('',#371);
#374=ORIENTED_EDGE('',*,*,#373,.T.);
#376=ORIENTED_EDGE('',*,*,#375,.T.);
#378=ORIENTED_EDGE('',*,*,#377,.F.);
#379=ORIENTED_EDGE('',*,*,#347,.F.);
#380=EDGE_LOOP('',(#374,#376,#378,#379));
#381=FACE_OUTER_BOUND('',#380,.F.);
#382=ADVANCED_FACE('',(#381),#372,.T.);
#383=CARTESIAN_POINT('',(-1.1E0,0.E0,-1.1E0));
#384=DIRECTION('',(0.E0,0.E0,1.E0));
#385=DIRECTION('',(1.E0,0.E0,0.E0));
#386=AXIS2_PLACEMENT_3D('',#383,#384,#385);
#387=PLANE('',#386);
#388=ORIENTED_EDGE('',*,*,#373,.F.);
#389=ORIENTED_EDGE('',*,*,#363,.F.);
#390=ORIENTED_EDGE('',*,*,#297,.T.);
#392=ORIENTED_EDGE('',*,*,#391,.T.);
#393=EDGE_LOOP('',(#388,#389,#390,#392));
#394=FACE_OUTER_BOUND('',#393,.F.);
#395=ADVANCED_FACE('',(#394),#387,.T.);
#396=CARTESIAN_POINT('',(0.E0,2.E-1,0.E0));
#397=DIRECTION('',(0.E0,1.E0,0.E0));
#398=DIRECTION('',(1.E0,0.E0,0.E0));
#399=AXIS2_PLACEMENT_3D('',#396,#397,#398);
#400=PLANE('',#399);
#402=ORIENTED_EDGE('',*,*,#401,.T.);
#404=ORIENTED_EDGE('',*,*,#403,.F.);
#406=ORIENTED_EDGE('',*,*,#405,.F.);
#407=ORIENTED_EDGE('',*,*,#323,.T.);
#409=ORIENTED_EDGE('',*,*,#408,.F.);
#410=ORIENTED_EDGE('',*,*,#375,.F.);
#411=ORIENTED_EDGE('',*,*,#391,.F.);
#412=ORIENTED_EDGE('',*,*,#295,.T.);
#414=ORIENTED_EDGE('',*,*,#413,.F.);
#416=ORIENTED_EDGE('',*,*,#415,.F.);
#417=EDGE_LOOP('',(#402,#404,#406,#407,#409,#410,#411,#412,#414,#416));
#418=FACE_OUTER_BOUND('',#417,.F.);
#419=ADVANCED_FACE('',(#418),#400,.T.);
#420=CARTESIAN_POINT('',(-6.5E-1,0.E0,-1.199E0));
#421=DIRECTION('',(1.E0,0.E0,0.E0));
#422=DIRECTION('',(0.E0,0.E0,-1.E0));
#423=AXIS2_PLACEMENT_3D('',#420,#421,#422);
#424=PLANE('',#423);
#425=ORIENTED_EDGE('',*,*,#356,.T.);
#427=ORIENTED_EDGE('',*,*,#426,.T.);
#428=ORIENTED_EDGE('',*,*,#401,.F.);
#430=ORIENTED_EDGE('',*,*,#429,.F.);
#431=EDGE_LOOP('',(#425,#427,#428,#430));
#432=FACE_OUTER_BOUND('',#431,.F.);
#433=ADVANCED_FACE('',(#432),#424,.T.);
#434=CARTESIAN_POINT('',(-7.49E-1,0.E0,-7.99E-1));
#435=DIRECTION('',(0.E0,1.E0,0.E0));
#436=DIRECTION('',(1.E0,0.E0,0.E0));
#437=AXIS2_PLACEMENT_3D('',#434,#435,#436);
#438=CYLINDRICAL_SURFACE('',#437,9.9E-2);
#439=ORIENTED_EDGE('',*,*,#354,.F.);
#441=ORIENTED_EDGE('',*,*,#440,.T.);
#442=ORIENTED_EDGE('',*,*,#403,.T.);
#443=ORIENTED_EDGE('',*,*,#426,.F.);
#444=EDGE_LOOP('',(#439,#441,#442,#443));
#445=FACE_OUTER_BOUND('',#444,.F.);
#446=ADVANCED_FACE('',(#445),#438,.T.);
#447=CARTESIAN_POINT('',(-1.1E0,0.E0,-7.E-1));
#448=DIRECTION('',(0.E0,0.E0,1.E0));
#449=DIRECTION('',(1.E0,0.E0,0.E0));
#450=AXIS2_PLACEMENT_3D('',#447,#448,#449);
#451=PLANE('',#450);
#452=ORIENTED_EDGE('',*,*,#325,.T.);
#453=ORIENTED_EDGE('',*,*,#405,.T.);
#454=ORIENTED_EDGE('',*,*,#440,.F.);
#455=ORIENTED_EDGE('',*,*,#352,.F.);
#456=EDGE_LOOP('',(#452,#453,#454,#455));
#457=FACE_OUTER_BOUND('',#456,.F.);
#458=ADVANCED_FACE('',(#457),#451,.T.);
#459=CARTESIAN_POINT('',(-7.49E-1,0.E0,-1.201E0));
#460=DIRECTION('',(0.E0,1.E0,0.E0));
#461=DIRECTION('',(1.E0,0.E0,0.E0));
#462=AXIS2_PLACEMENT_3D('',#459,#460,#461);
#463=CYLINDRICAL_SURFACE('',#462,9.9E-2);
#464=ORIENTED_EDGE('',*,*,#358,.F.);
#465=ORIENTED_EDGE('',*,*,#429,.T.);
#466=ORIENTED_EDGE('',*,*,#415,.T.);
#468=ORIENTED_EDGE('',*,*,#467,.F.);
#469=EDGE_LOOP('',(#464,#465,#466,#468));
#470=FACE_OUTER_BOUND('',#469,.F.);
#471=ADVANCED_FACE('',(#470),#463,.T.);
#472=CARTESIAN_POINT('',(-7.49E-1,0.E0,-1.3E0));
#473=DIRECTION('',(0.E0,0.E0,-1.E0));
#474=DIRECTION('',(-1.E0,0.E0,0.E0));
#475=AXIS2_PLACEMENT_3D('',#472,#473,#474);
#476=PLANE('',#475);
#477=ORIENTED_EDGE('',*,*,#293,.F.);
#478=ORIENTED_EDGE('',*,*,#360,.F.);
#479=ORIENTED_EDGE('',*,*,#467,.T.);
#480=ORIENTED_EDGE('',*,*,#413,.T.);
#481=EDGE_LOOP('',(#477,#478,#479,#480));
#482=FACE_OUTER_BOUND('',#481,.F.);
#483=ADVANCED_FACE('',(#482),#476,.T.);
#484=CARTESIAN_POINT('',(-7.49E-1,0.E0,-9.E-1));
#485=DIRECTION('',(0.E0,0.E0,-1.E0));
#486=DIRECTION('',(-1.E0,0.E0,0.E0));
#487=AXIS2_PLACEMENT_3D('',#484,#485,#486);
#488=PLANE('',#487);
#489=ORIENTED_EDGE('',*,*,#377,.T.);
#490=ORIENTED_EDGE('',*,*,#408,.T.);
#491=ORIENTED_EDGE('',*,*,#321,.F.);
#492=ORIENTED_EDGE('',*,*,#349,.F.);
#493=EDGE_LOOP('',(#489,#490,#491,#492));
#494=FACE_OUTER_BOUND('',#493,.F.);
#495=ADVANCED_FACE('',(#494),#488,.T.);
#496=CLOSED_SHELL('',(#301,#329,#367,#382,#395,#419,#433,#446,#458,#471,#483,
#495));
#497=MANIFOLD_SOLID_BREP('',#496);
#498=FILL_AREA_STYLE_COLOUR('',#28);
#499=FILL_AREA_STYLE('',(#498));
#500=SURFACE_STYLE_FILL_AREA(#499);
#501=SURFACE_SIDE_STYLE('',(#500));
#502=SURFACE_STYLE_USAGE(.BOTH.,#501);
#503=PRESENTATION_STYLE_ASSIGNMENT((#502));
#30=STYLED_ITEM('',(#503),#497);
#505=DIRECTION('',(0.E0,0.E0,-1.E0));
#506=VECTOR('',#505,2.E-1);
#507=CARTESIAN_POINT('',(8.7E-1,0.E0,-9.E-1));
#508=LINE('',#507,#506);
#509=CURVE_STYLE('',#35,POSITIVE_LENGTH_MEASURE(2.E-2),#28);
#510=PRESENTATION_STYLE_ASSIGNMENT((#509));
#511=STYLED_ITEM('',(#510),#508);
#512=DIRECTION('',(-1.E0,0.E0,0.E0));
#513=VECTOR('',#512,1.3E-1);
#514=CARTESIAN_POINT('',(1.E0,0.E0,-1.1E0));
#515=LINE('',#514,#513);
#516=CURVE_STYLE('',#35,POSITIVE_LENGTH_MEASURE(2.E-2),#28);
#517=PRESENTATION_STYLE_ASSIGNMENT((#516));
#518=STYLED_ITEM('',(#517),#515);
#519=DIRECTION('',(0.E0,0.E0,-1.E0));
#520=VECTOR('',#519,2.E-1);
#521=CARTESIAN_POINT('',(1.E0,0.E0,-1.1E0));
#522=LINE('',#521,#520);
#523=CURVE_STYLE('',#35,POSITIVE_LENGTH_MEASURE(2.E-2),#28);
#524=PRESENTATION_STYLE_ASSIGNMENT((#523));
#525=STYLED_ITEM('',(#524),#522);
#526=DIRECTION('',(1.E0,0.E0,0.E0));
#527=VECTOR('',#526,2.51E-1);
#528=CARTESIAN_POINT('',(7.49E-1,0.E0,-1.3E0));
#529=LINE('',#528,#527);
#530=CURVE_STYLE('',#35,POSITIVE_LENGTH_MEASURE(2.E-2),#28);
#531=PRESENTATION_STYLE_ASSIGNMENT((#530));
#532=STYLED_ITEM('',(#531),#529);
#533=CARTESIAN_POINT('',(7.49E-1,0.E0,-1.201E0));
#534=DIRECTION('',(0.E0,-1.E0,0.E0));
#535=DIRECTION('',(-1.E0,0.E0,0.E0));
#536=AXIS2_PLACEMENT_3D('',#533,#534,#535);
#538=CURVE_STYLE('',#35,POSITIVE_LENGTH_MEASURE(2.E-2),#28);
#539=PRESENTATION_STYLE_ASSIGNMENT((#538));
#540=STYLED_ITEM('',(#539),#537);
#541=CARTESIAN_POINT('',(7.49E-1,0.E0,-7.99E-1));
#542=DIRECTION('',(0.E0,-1.E0,0.E0));
#543=DIRECTION('',(0.E0,0.E0,1.E0));
#544=AXIS2_PLACEMENT_3D('',#541,#542,#543);
#546=CURVE_STYLE('',#35,POSITIVE_LENGTH_MEASURE(2.E-2),#28);
#547=PRESENTATION_STYLE_ASSIGNMENT((#546));
#548=STYLED_ITEM('',(#547),#545);
#549=DIRECTION('',(-1.E0,0.E0,0.E0));
#550=VECTOR('',#549,2.51E-1);
#551=CARTESIAN_POINT('',(1.E0,0.E0,-7.E-1));
#552=LINE('',#551,#550);
#553=CURVE_STYLE('',#35,POSITIVE_LENGTH_MEASURE(2.E-2),#28);
#554=PRESENTATION_STYLE_ASSIGNMENT((#553));
#555=STYLED_ITEM('',(#554),#552);
#556=DIRECTION('',(0.E0,0.E0,-1.E0));
#557=VECTOR('',#556,2.E-1);
#558=CARTESIAN_POINT('',(1.E0,0.E0,-7.E-1));
#559=LINE('',#558,#557);
#560=CURVE_STYLE('',#35,POSITIVE_LENGTH_MEASURE(2.E-2),#28);
#561=PRESENTATION_STYLE_ASSIGNMENT((#560));
#562=STYLED_ITEM('',(#561),#559);
#563=DIRECTION('',(1.E0,0.E0,0.E0));
#564=VECTOR('',#563,1.3E-1);
#565=CARTESIAN_POINT('',(8.7E-1,0.E0,-9.E-1));
#566=LINE('',#565,#564);
#567=CURVE_STYLE('',#35,POSITIVE_LENGTH_MEASURE(2.E-2),#28);
#568=PRESENTATION_STYLE_ASSIGNMENT((#567));
#569=STYLED_ITEM('',(#568),#566);
#570=DIRECTION('',(0.E0,1.E0,0.E0));
#571=VECTOR('',#570,2.E-1);
#572=CARTESIAN_POINT('',(8.7E-1,0.E0,-1.1E0));
#573=LINE('',#572,#571);
#574=CURVE_STYLE('',#35,POSITIVE_LENGTH_MEASURE(2.E-2),#28);
#575=PRESENTATION_STYLE_ASSIGNMENT((#574));
#576=STYLED_ITEM('',(#575),#573);
#577=DIRECTION('',(0.E0,1.E0,0.E0));
#578=VECTOR('',#577,2.E-1);
#579=CARTESIAN_POINT('',(1.E0,0.E0,-1.1E0));
#580=LINE('',#579,#578);
#581=CURVE_STYLE('',#35,POSITIVE_LENGTH_MEASURE(2.E-2),#28);
#582=PRESENTATION_STYLE_ASSIGNMENT((#581));
#583=STYLED_ITEM('',(#582),#580);
#584=DIRECTION('',(0.E0,0.E0,-1.E0));
#585=VECTOR('',#584,4.02E-1);
#586=CARTESIAN_POINT('',(6.5E-1,2.E-1,-7.99E-1));
#587=LINE('',#586,#585);
#588=CURVE_STYLE('',#35,POSITIVE_LENGTH_MEASURE(2.E-2),#28);
#589=PRESENTATION_STYLE_ASSIGNMENT((#588));
#590=STYLED_ITEM('',(#589),#587);
#591=CARTESIAN_POINT('',(7.49E-1,2.E-1,-1.201E0));
#592=DIRECTION('',(0.E0,-1.E0,0.E0));
#593=DIRECTION('',(-1.E0,0.E0,0.E0));
#594=AXIS2_PLACEMENT_3D('',#591,#592,#593);
#596=CURVE_STYLE('',#35,POSITIVE_LENGTH_MEASURE(2.E-2),#28);
#597=PRESENTATION_STYLE_ASSIGNMENT((#596));
#598=STYLED_ITEM('',(#597),#595);
#599=DIRECTION('',(1.E0,0.E0,0.E0));
#600=VECTOR('',#599,2.51E-1);
#601=CARTESIAN_POINT('',(7.49E-1,2.E-1,-1.3E0));
#602=LINE('',#601,#600);
#603=CURVE_STYLE('',#35,POSITIVE_LENGTH_MEASURE(2.E-2),#28);
#604=PRESENTATION_STYLE_ASSIGNMENT((#603));
#605=STYLED_ITEM('',(#604),#602);
#606=DIRECTION('',(0.E0,0.E0,-1.E0));
#607=VECTOR('',#606,2.E-1);
#608=CARTESIAN_POINT('',(1.E0,2.E-1,-1.1E0));
#609=LINE('',#608,#607);
#610=CURVE_STYLE('',#35,POSITIVE_LENGTH_MEASURE(2.E-2),#28);
#611=PRESENTATION_STYLE_ASSIGNMENT((#610));
#612=STYLED_ITEM('',(#611),#609);
#613=DIRECTION('',(-1.E0,0.E0,0.E0));
#614=VECTOR('',#613,1.3E-1);
#615=CARTESIAN_POINT('',(1.E0,2.E-1,-1.1E0));
#616=LINE('',#615,#614);
#617=CURVE_STYLE('',#35,POSITIVE_LENGTH_MEASURE(2.E-2),#28);
#618=PRESENTATION_STYLE_ASSIGNMENT((#617));
#619=STYLED_ITEM('',(#618),#616);
#620=DIRECTION('',(0.E0,0.E0,-1.E0));
#621=VECTOR('',#620,2.E-1);
#622=CARTESIAN_POINT('',(8.7E-1,2.E-1,-9.E-1));
#623=LINE('',#622,#621);
#624=CURVE_STYLE('',#35,POSITIVE_LENGTH_MEASURE(2.E-2),#28);
#625=PRESENTATION_STYLE_ASSIGNMENT((#624));
#626=STYLED_ITEM('',(#625),#623);
#627=DIRECTION('',(1.E0,0.E0,0.E0));
#628=VECTOR('',#627,1.3E-1);
#629=CARTESIAN_POINT('',(8.7E-1,2.E-1,-9.E-1));
#630=LINE('',#629,#628);
#631=CURVE_STYLE('',#35,POSITIVE_LENGTH_MEASURE(2.E-2),#28);
#632=PRESENTATION_STYLE_ASSIGNMENT((#631));
#633=STYLED_ITEM('',(#632),#630);
#634=DIRECTION('',(0.E0,0.E0,-1.E0));
#635=VECTOR('',#634,2.E-1);
#636=CARTESIAN_POINT('',(1.E0,2.E-1,-7.E-1));
#637=LINE('',#636,#635);
#638=CURVE_STYLE('',#35,POSITIVE_LENGTH_MEASURE(2.E-2),#28);
#639=PRESENTATION_STYLE_ASSIGNMENT((#638));
#640=STYLED_ITEM('',(#639),#637);
#641=DIRECTION('',(-1.E0,0.E0,0.E0));
#642=VECTOR('',#641,2.51E-1);
#643=CARTESIAN_POINT('',(1.E0,2.E-1,-7.E-1));
#644=LINE('',#643,#642);
#645=CURVE_STYLE('',#35,POSITIVE_LENGTH_MEASURE(2.E-2),#28);
#646=PRESENTATION_STYLE_ASSIGNMENT((#645));
#647=STYLED_ITEM('',(#646),#644);
#648=CARTESIAN_POINT('',(7.49E-1,2.E-1,-7.99E-1));
#649=DIRECTION('',(0.E0,-1.E0,0.E0));
#650=DIRECTION('',(0.E0,0.E0,1.E0));
#651=AXIS2_PLACEMENT_3D('',#648,#649,#650);
#653=CURVE_STYLE('',#35,POSITIVE_LENGTH_MEASURE(2.E-2),#28);
#654=PRESENTATION_STYLE_ASSIGNMENT((#653));
#655=STYLED_ITEM('',(#654),#652);
#656=DIRECTION('',(0.E0,1.E0,0.E0));
#657=VECTOR('',#656,2.E-1);
#658=CARTESIAN_POINT('',(6.5E-1,0.E0,-7.99E-1));
#659=LINE('',#658,#657);
#660=CURVE_STYLE('',#35,POSITIVE_LENGTH_MEASURE(2.E-2),#28);
#661=PRESENTATION_STYLE_ASSIGNMENT((#660));
#662=STYLED_ITEM('',(#661),#659);
#663=DIRECTION('',(0.E0,0.E0,-1.E0));
#664=VECTOR('',#663,4.02E-1);
#665=CARTESIAN_POINT('',(6.5E-1,0.E0,-7.99E-1));
#666=LINE('',#665,#664);
#667=CURVE_STYLE('',#35,POSITIVE_LENGTH_MEASURE(2.E-2),#28);
#668=PRESENTATION_STYLE_ASSIGNMENT((#667));
#669=STYLED_ITEM('',(#668),#666);
#670=DIRECTION('',(0.E0,1.E0,0.E0));
#671=VECTOR('',#670,2.E-1);
#672=CARTESIAN_POINT('',(7.49E-1,0.E0,-7.E-1));
#673=LINE('',#672,#671);
#674=CURVE_STYLE('',#35,POSITIVE_LENGTH_MEASURE(2.E-2),#28);
#675=PRESENTATION_STYLE_ASSIGNMENT((#674));
#676=STYLED_ITEM('',(#675),#673);
#677=DIRECTION('',(0.E0,1.E0,0.E0));
#678=VECTOR('',#677,2.E-1);
#679=CARTESIAN_POINT('',(1.E0,0.E0,-7.E-1));
#680=LINE('',#679,#678);
#681=CURVE_STYLE('',#35,POSITIVE_LENGTH_MEASURE(2.E-2),#28);
#682=PRESENTATION_STYLE_ASSIGNMENT((#681));
#683=STYLED_ITEM('',(#682),#680);
#684=DIRECTION('',(0.E0,1.E0,0.E0));
#685=VECTOR('',#684,2.E-1);
#686=CARTESIAN_POINT('',(6.5E-1,0.E0,-1.201E0));
#687=LINE('',#686,#685);
#688=CURVE_STYLE('',#35,POSITIVE_LENGTH_MEASURE(2.E-2),#28);
#689=PRESENTATION_STYLE_ASSIGNMENT((#688));
#690=STYLED_ITEM('',(#689),#687);
#691=DIRECTION('',(0.E0,1.E0,0.E0));
#692=VECTOR('',#691,2.E-1);
#693=CARTESIAN_POINT('',(1.E0,0.E0,-1.3E0));
#694=LINE('',#693,#692);
#695=CURVE_STYLE('',#35,POSITIVE_LENGTH_MEASURE(2.E-2),#28);
#696=PRESENTATION_STYLE_ASSIGNMENT((#695));
#697=STYLED_ITEM('',(#696),#694);
#698=DIRECTION('',(0.E0,1.E0,0.E0));
#699=VECTOR('',#698,2.E-1);
#700=CARTESIAN_POINT('',(7.49E-1,0.E0,-1.3E0));
#701=LINE('',#700,#699);
#702=CURVE_STYLE('',#35,POSITIVE_LENGTH_MEASURE(2.E-2),#28);
#703=PRESENTATION_STYLE_ASSIGNMENT((#702));
#704=STYLED_ITEM('',(#703),#701);
#705=DIRECTION('',(0.E0,1.E0,0.E0));
#706=VECTOR('',#705,2.E-1);
#707=CARTESIAN_POINT('',(8.7E-1,0.E0,-9.E-1));
#708=LINE('',#707,#706);
#709=CURVE_STYLE('',#35,POSITIVE_LENGTH_MEASURE(2.E-2),#28);
#710=PRESENTATION_STYLE_ASSIGNMENT((#709));
#711=STYLED_ITEM('',(#710),#708);
#712=DIRECTION('',(0.E0,1.E0,0.E0));
#713=VECTOR('',#712,2.E-1);
#714=CARTESIAN_POINT('',(1.E0,0.E0,-9.E-1));
#715=LINE('',#714,#713);
#716=CURVE_STYLE('',#35,POSITIVE_LENGTH_MEASURE(2.E-2),#28);
#717=PRESENTATION_STYLE_ASSIGNMENT((#716));
#718=STYLED_ITEM('',(#717),#715);
#719=CARTESIAN_POINT('',(6.5E-1,0.E0,-1.201E0));
#720=CARTESIAN_POINT('',(7.49E-1,0.E0,-1.3E0));
#721=VERTEX_POINT('',#719);
#722=VERTEX_POINT('',#720);
#723=CARTESIAN_POINT('',(6.5E-1,2.E-1,-1.201E0));
#724=CARTESIAN_POINT('',(7.49E-1,2.E-1,-1.3E0));
#725=VERTEX_POINT('',#723);
#726=VERTEX_POINT('',#724);
#727=CARTESIAN_POINT('',(7.49E-1,0.E0,-7.E-1));
#728=CARTESIAN_POINT('',(6.5E-1,0.E0,-7.99E-1));
#729=VERTEX_POINT('',#727);
#730=VERTEX_POINT('',#728);
#731=CARTESIAN_POINT('',(7.49E-1,2.E-1,-7.E-1));
#732=CARTESIAN_POINT('',(6.5E-1,2.E-1,-7.99E-1));
#733=VERTEX_POINT('',#731);
#734=VERTEX_POINT('',#732);
#735=CARTESIAN_POINT('',(1.E0,0.E0,-1.1E0));
#736=CARTESIAN_POINT('',(1.E0,0.E0,-1.3E0));
#737=VERTEX_POINT('',#735);
#738=VERTEX_POINT('',#736);
#739=CARTESIAN_POINT('',(1.E0,2.E-1,-1.1E0));
#740=CARTESIAN_POINT('',(1.E0,2.E-1,-1.3E0));
#741=VERTEX_POINT('',#739);
#742=VERTEX_POINT('',#740);
#743=CARTESIAN_POINT('',(1.E0,0.E0,-7.E-1));
#744=CARTESIAN_POINT('',(1.E0,0.E0,-9.E-1));
#745=VERTEX_POINT('',#743);
#746=VERTEX_POINT('',#744);
#747=CARTESIAN_POINT('',(1.E0,2.E-1,-7.E-1));
#748=CARTESIAN_POINT('',(1.E0,2.E-1,-9.E-1));
#749=VERTEX_POINT('',#747);
#750=VERTEX_POINT('',#748);
#751=CARTESIAN_POINT('',(8.7E-1,0.E0,-1.1E0));
#752=CARTESIAN_POINT('',(8.7E-1,2.E-1,-1.1E0));
#753=VERTEX_POINT('',#751);
#754=VERTEX_POINT('',#752);
#755=CARTESIAN_POINT('',(8.7E-1,0.E0,-9.E-1));
#756=CARTESIAN_POINT('',(8.7E-1,2.E-1,-9.E-1));
#757=VERTEX_POINT('',#755);
#758=VERTEX_POINT('',#756);
#759=CARTESIAN_POINT('',(1.E0,0.E0,-1.5E0));
#760=DIRECTION('',(-1.E0,0.E0,0.E0));
#761=DIRECTION('',(0.E0,0.E0,1.E0));
#762=AXIS2_PLACEMENT_3D('',#759,#760,#761);
#763=PLANE('',#762);
#765=ORIENTED_EDGE('',*,*,#764,.F.);
#767=ORIENTED_EDGE('',*,*,#766,.T.);
#769=ORIENTED_EDGE('',*,*,#768,.T.);
#771=ORIENTED_EDGE('',*,*,#770,.F.);
#772=EDGE_LOOP('',(#765,#767,#769,#771));
#773=FACE_OUTER_BOUND('',#772,.F.);
#774=ADVANCED_FACE('',(#773),#763,.F.);
#775=FILL_AREA_STYLE_COLOUR('',#29);
#776=FILL_AREA_STYLE('',(#775));
#777=SURFACE_STYLE_FILL_AREA(#776);
#778=SURFACE_SIDE_STYLE('',(#777));
#779=SURFACE_STYLE_USAGE(.POSITIVE.,#778);
#780=PRESENTATION_STYLE_ASSIGNMENT((#779));
#781=OVER_RIDING_STYLED_ITEM('',(#780),#774,#504);
#782=CARTESIAN_POINT('',(1.E0,0.E0,-1.5E0));
#783=DIRECTION('',(-1.E0,0.E0,0.E0));
#784=DIRECTION('',(0.E0,0.E0,1.E0));
#785=AXIS2_PLACEMENT_3D('',#782,#783,#784);
#786=PLANE('',#785);
#788=ORIENTED_EDGE('',*,*,#787,.F.);
#790=ORIENTED_EDGE('',*,*,#789,.T.);
#792=ORIENTED_EDGE('',*,*,#791,.T.);
#794=ORIENTED_EDGE('',*,*,#793,.F.);
#795=EDGE_LOOP('',(#788,#790,#792,#794));
#796=FACE_OUTER_BOUND('',#795,.F.);
#797=ADVANCED_FACE('',(#796),#786,.F.);
#798=FILL_AREA_STYLE_COLOUR('',#29);
#799=FILL_AREA_STYLE('',(#798));
#800=SURFACE_STYLE_FILL_AREA(#799);
#801=SURFACE_SIDE_STYLE('',(#800));
#802=SURFACE_STYLE_USAGE(.POSITIVE.,#801);
#803=PRESENTATION_STYLE_ASSIGNMENT((#802));
#804=OVER_RIDING_STYLED_ITEM('',(#803),#797,#504);
#805=CARTESIAN_POINT('',(0.E0,0.E0,0.E0));
#806=DIRECTION('',(0.E0,1.E0,0.E0));
#807=DIRECTION('',(1.E0,0.E0,0.E0));
#808=AXIS2_PLACEMENT_3D('',#805,#806,#807);
#809=PLANE('',#808);
#811=ORIENTED_EDGE('',*,*,#810,.T.);
#813=ORIENTED_EDGE('',*,*,#812,.F.);
#814=ORIENTED_EDGE('',*,*,#764,.T.);
#816=ORIENTED_EDGE('',*,*,#815,.F.);
#818=ORIENTED_EDGE('',*,*,#817,.F.);
#820=ORIENTED_EDGE('',*,*,#819,.F.);
#822=ORIENTED_EDGE('',*,*,#821,.F.);
#824=ORIENTED_EDGE('',*,*,#823,.F.);
#825=ORIENTED_EDGE('',*,*,#787,.T.);
#827=ORIENTED_EDGE('',*,*,#826,.F.);
#828=EDGE_LOOP('',(#811,#813,#814,#816,#818,#820,#822,#824,#825,#827));
#829=FACE_OUTER_BOUND('',#828,.F.);
#830=ADVANCED_FACE('',(#829),#809,.F.);
#831=CARTESIAN_POINT('',(8.7E-1,0.E0,-7.E-1));
#832=DIRECTION('',(1.E0,0.E0,0.E0));
#833=DIRECTION('',(0.E0,0.E0,-1.E0));
#834=AXIS2_PLACEMENT_3D('',#831,#832,#833);
#835=PLANE('',#834);
#837=ORIENTED_EDGE('',*,*,#836,.F.);
#838=ORIENTED_EDGE('',*,*,#810,.F.);
#840=ORIENTED_EDGE('',*,*,#839,.T.);
#842=ORIENTED_EDGE('',*,*,#841,.T.);
#843=EDGE_LOOP('',(#837,#838,#840,#842));
#844=FACE_OUTER_BOUND('',#843,.F.);
#845=ADVANCED_FACE('',(#844),#835,.T.);
#846=CARTESIAN_POINT('',(1.1E0,0.E0,-1.1E0));
#847=DIRECTION('',(0.E0,0.E0,-1.E0));
#848=DIRECTION('',(-1.E0,0.E0,0.E0));
#849=AXIS2_PLACEMENT_3D('',#846,#847,#848);
#850=PLANE('',#849);
#851=ORIENTED_EDGE('',*,*,#836,.T.);
#853=ORIENTED_EDGE('',*,*,#852,.F.);
#854=ORIENTED_EDGE('',*,*,#766,.F.);
#855=ORIENTED_EDGE('',*,*,#812,.T.);
#856=EDGE_LOOP('',(#851,#853,#854,#855));
#857=FACE_OUTER_BOUND('',#856,.F.);
#858=ADVANCED_FACE('',(#857),#850,.F.);
#859=CARTESIAN_POINT('',(0.E0,2.E-1,0.E0));
#860=DIRECTION('',(0.E0,1.E0,0.E0));
#861=DIRECTION('',(1.E0,0.E0,0.E0));
#862=AXIS2_PLACEMENT_3D('',#859,#860,#861);
#863=PLANE('',#862);
#865=ORIENTED_EDGE('',*,*,#864,.T.);
#867=ORIENTED_EDGE('',*,*,#866,.T.);
#869=ORIENTED_EDGE('',*,*,#868,.T.);
#870=ORIENTED_EDGE('',*,*,#768,.F.);
#871=ORIENTED_EDGE('',*,*,#852,.T.);
#872=ORIENTED_EDGE('',*,*,#841,.F.);
#874=ORIENTED_EDGE('',*,*,#873,.T.);
#875=ORIENTED_EDGE('',*,*,#791,.F.);
#877=ORIENTED_EDGE('',*,*,#876,.T.);
#879=ORIENTED_EDGE('',*,*,#878,.T.);
#880=EDGE_LOOP('',(#865,#867,#869,#870,#871,#872,#874,#875,#877,#879));
#881=FACE_OUTER_BOUND('',#880,.F.);
#882=ADVANCED_FACE('',(#881),#863,.T.);
#883=CARTESIAN_POINT('',(6.5E-1,0.E0,-1.199E0));
#884=DIRECTION('',(1.E0,0.E0,0.E0));
#885=DIRECTION('',(0.E0,0.E0,-1.E0));
#886=AXIS2_PLACEMENT_3D('',#883,#884,#885);
#887=PLANE('',#886);
#888=ORIENTED_EDGE('',*,*,#864,.F.);
#890=ORIENTED_EDGE('',*,*,#889,.F.);
#891=ORIENTED_EDGE('',*,*,#819,.T.);
#893=ORIENTED_EDGE('',*,*,#892,.T.);
#894=EDGE_LOOP('',(#888,#890,#891,#893));
#895=FACE_OUTER_BOUND('',#894,.F.);
#896=ADVANCED_FACE('',(#895),#887,.F.);
#897=CARTESIAN_POINT('',(7.49E-1,0.E0,-7.99E-1));
#898=DIRECTION('',(0.E0,-1.E0,0.E0));
#899=DIRECTION('',(-1.E0,0.E0,0.E0));
#900=AXIS2_PLACEMENT_3D('',#897,#898,#899);
#901=CYLINDRICAL_SURFACE('',#900,9.9E-2);
#902=ORIENTED_EDGE('',*,*,#821,.T.);
#903=ORIENTED_EDGE('',*,*,#889,.T.);
#904=ORIENTED_EDGE('',*,*,#878,.F.);
#906=ORIENTED_EDGE('',*,*,#905,.F.);
#907=EDGE_LOOP('',(#902,#903,#904,#906));
#908=FACE_OUTER_BOUND('',#907,.F.);
#909=ADVANCED_FACE('',(#908),#901,.T.);
#910=CARTESIAN_POINT('',(1.1E0,0.E0,-7.E-1));
#911=DIRECTION('',(0.E0,0.E0,-1.E0));
#912=DIRECTION('',(-1.E0,0.E0,0.E0));
#913=AXIS2_PLACEMENT_3D('',#910,#911,#912);
#914=PLANE('',#913);
#915=ORIENTED_EDGE('',*,*,#789,.F.);
#916=ORIENTED_EDGE('',*,*,#823,.T.);
#917=ORIENTED_EDGE('',*,*,#905,.T.);
#918=ORIENTED_EDGE('',*,*,#876,.F.);
#919=EDGE_LOOP('',(#915,#916,#917,#918));
#920=FACE_OUTER_BOUND('',#919,.F.);
#921=ADVANCED_FACE('',(#920),#914,.F.);
#922=CARTESIAN_POINT('',(7.49E-1,0.E0,-1.201E0));
#923=DIRECTION('',(0.E0,-1.E0,0.E0));
#924=DIRECTION('',(-1.E0,0.E0,0.E0));
#925=AXIS2_PLACEMENT_3D('',#922,#923,#924);
#926=CYLINDRICAL_SURFACE('',#925,9.9E-2);
#927=ORIENTED_EDGE('',*,*,#817,.T.);
#929=ORIENTED_EDGE('',*,*,#928,.T.);
#930=ORIENTED_EDGE('',*,*,#866,.F.);
#931=ORIENTED_EDGE('',*,*,#892,.F.);
#932=EDGE_LOOP('',(#927,#929,#930,#931));
#933=FACE_OUTER_BOUND('',#932,.F.);
#934=ADVANCED_FACE('',(#933),#926,.T.);
#935=CARTESIAN_POINT('',(7.49E-1,0.E0,-1.3E0));
#936=DIRECTION('',(0.E0,0.E0,1.E0));
#937=DIRECTION('',(1.E0,0.E0,0.E0));
#938=AXIS2_PLACEMENT_3D('',#935,#936,#937);
#939=PLANE('',#938);
#940=ORIENTED_EDGE('',*,*,#770,.T.);
#941=ORIENTED_EDGE('',*,*,#868,.F.);
#942=ORIENTED_EDGE('',*,*,#928,.F.);
#943=ORIENTED_EDGE('',*,*,#815,.T.);
#944=EDGE_LOOP('',(#940,#941,#942,#943));
#945=FACE_OUTER_BOUND('',#944,.F.);
#946=ADVANCED_FACE('',(#945),#939,.F.);
#947=CARTESIAN_POINT('',(7.49E-1,0.E0,-9.E-1));
#948=DIRECTION('',(0.E0,0.E0,1.E0));
#949=DIRECTION('',(1.E0,0.E0,0.E0));
#950=AXIS2_PLACEMENT_3D('',#947,#948,#949);
#951=PLANE('',#950);
#952=ORIENTED_EDGE('',*,*,#839,.F.);
#953=ORIENTED_EDGE('',*,*,#826,.T.);
#954=ORIENTED_EDGE('',*,*,#793,.T.);
#955=ORIENTED_EDGE('',*,*,#873,.F.);
#956=EDGE_LOOP('',(#952,#953,#954,#955));
#957=FACE_OUTER_BOUND('',#956,.F.);
#958=ADVANCED_FACE('',(#957),#951,.F.);
#959=CLOSED_SHELL('',(#774,#797,#830,#845,#858,#882,#896,#909,#921,#934,#946,
#958));
#960=MANIFOLD_SOLID_BREP('',#959);
#961=FILL_AREA_STYLE_COLOUR('',#28);
#962=FILL_AREA_STYLE('',(#961));
#963=SURFACE_STYLE_FILL_AREA(#962);
#964=SURFACE_SIDE_STYLE('',(#963));
#965=SURFACE_STYLE_USAGE(.POSITIVE.,#964);
#966=PRESENTATION_STYLE_ASSIGNMENT((#965));
#504=STYLED_ITEM('',(#966),#960);
#968=CARTESIAN_POINT('',(-7.49E-1,0.E0,7.99E-1));
#969=DIRECTION('',(0.E0,1.E0,0.E0));
#970=DIRECTION('',(1.E0,0.E0,0.E0));
#971=AXIS2_PLACEMENT_3D('',#968,#969,#970);
#973=CURVE_STYLE('',#35,POSITIVE_LENGTH_MEASURE(2.E-2),#28);
#974=PRESENTATION_STYLE_ASSIGNMENT((#973));
#975=STYLED_ITEM('',(#974),#972);
#976=DIRECTION('',(-1.E0,0.E0,0.E0));
#977=VECTOR('',#976,2.51E-1);
#978=CARTESIAN_POINT('',(-7.49E-1,0.E0,7.E-1));
#979=LINE('',#978,#977);
#980=CURVE_STYLE('',#35,POSITIVE_LENGTH_MEASURE(2.E-2),#28);
#981=PRESENTATION_STYLE_ASSIGNMENT((#980));
#982=STYLED_ITEM('',(#981),#979);
#983=DIRECTION('',(0.E0,0.E0,-1.E0));
#984=VECTOR('',#983,2.E-1);
#985=CARTESIAN_POINT('',(-1.E0,0.E0,9.E-1));
#986=LINE('',#985,#984);
#987=CURVE_STYLE('',#35,POSITIVE_LENGTH_MEASURE(2.E-2),#28);
#988=PRESENTATION_STYLE_ASSIGNMENT((#987));
#989=STYLED_ITEM('',(#988),#986);
#990=DIRECTION('',(1.E0,0.E0,0.E0));
#991=VECTOR('',#990,1.3E-1);
#992=CARTESIAN_POINT('',(-1.E0,0.E0,9.E-1));
#993=LINE('',#992,#991);
#994=CURVE_STYLE('',#35,POSITIVE_LENGTH_MEASURE(2.E-2),#28);
#995=PRESENTATION_STYLE_ASSIGNMENT((#994));
#996=STYLED_ITEM('',(#995),#993);
#997=DIRECTION('',(0.E0,0.E0,1.E0));
#998=VECTOR('',#997,2.E-1);
#999=CARTESIAN_POINT('',(-8.7E-1,0.E0,9.E-1));
#1000=LINE('',#999,#998);
#1001=CURVE_STYLE('',#35,POSITIVE_LENGTH_MEASURE(2.E-2),#28);
#1002=PRESENTATION_STYLE_ASSIGNMENT((#1001));
#1003=STYLED_ITEM('',(#1002),#1000);
#1004=DIRECTION('',(-1.E0,0.E0,0.E0));
#1005=VECTOR('',#1004,1.3E-1);
#1006=CARTESIAN_POINT('',(-8.7E-1,0.E0,1.1E0));
#1007=LINE('',#1006,#1005);
#1008=CURVE_STYLE('',#35,POSITIVE_LENGTH_MEASURE(2.E-2),#28);
#1009=PRESENTATION_STYLE_ASSIGNMENT((#1008));
#1010=STYLED_ITEM('',(#1009),#1007);
#1011=DIRECTION('',(0.E0,0.E0,-1.E0));
#1012=VECTOR('',#1011,2.E-1);
#1013=CARTESIAN_POINT('',(-1.E0,0.E0,1.3E0));
#1014=LINE('',#1013,#1012);
#1015=CURVE_STYLE('',#35,POSITIVE_LENGTH_MEASURE(2.E-2),#28);
#1016=PRESENTATION_STYLE_ASSIGNMENT((#1015));
#1017=STYLED_ITEM('',(#1016),#1014);
#1018=DIRECTION('',(1.E0,0.E0,0.E0));
#1019=VECTOR('',#1018,2.51E-1);
#1020=CARTESIAN_POINT('',(-1.E0,0.E0,1.3E0));
#1021=LINE('',#1020,#1019);
#1022=CURVE_STYLE('',#35,POSITIVE_LENGTH_MEASURE(2.E-2),#28);
#1023=PRESENTATION_STYLE_ASSIGNMENT((#1022));
#1024=STYLED_ITEM('',(#1023),#1021);
#1025=CARTESIAN_POINT('',(-7.49E-1,0.E0,1.201E0));
#1026=DIRECTION('',(0.E0,1.E0,0.E0));
#1027=DIRECTION('',(0.E0,0.E0,1.E0));
#1028=AXIS2_PLACEMENT_3D('',#1025,#1026,#1027);
#1030=CURVE_STYLE('',#35,POSITIVE_LENGTH_MEASURE(2.E-2),#28);
#1031=PRESENTATION_STYLE_ASSIGNMENT((#1030));
#1032=STYLED_ITEM('',(#1031),#1029);
#1033=DIRECTION('',(0.E0,0.E0,1.E0));
#1034=VECTOR('',#1033,4.02E-1);
#1035=CARTESIAN_POINT('',(-6.5E-1,0.E0,7.99E-1));
#1036=LINE('',#1035,#1034);
#1037=CURVE_STYLE('',#35,POSITIVE_LENGTH_MEASURE(2.E-2),#28);
#1038=PRESENTATION_STYLE_ASSIGNMENT((#1037));
#1039=STYLED_ITEM('',(#1038),#1036);
#1040=DIRECTION('',(0.E0,1.E0,0.E0));
#1041=VECTOR('',#1040,2.E-1);
#1042=CARTESIAN_POINT('',(-6.5E-1,0.E0,1.201E0));
#1043=LINE('',#1042,#1041);
#1044=CURVE_STYLE('',#35,POSITIVE_LENGTH_MEASURE(2.E-2),#28);
#1045=PRESENTATION_STYLE_ASSIGNMENT((#1044));
#1046=STYLED_ITEM('',(#1045),#1043);
#1047=DIRECTION('',(0.E0,1.E0,0.E0));
#1048=VECTOR('',#1047,2.E-1);
#1049=CARTESIAN_POINT('',(-7.49E-1,0.E0,1.3E0));
#1050=LINE('',#1049,#1048);
#1051=CURVE_STYLE('',#35,POSITIVE_LENGTH_MEASURE(2.E-2),#28);
#1052=PRESENTATION_STYLE_ASSIGNMENT((#1051));
#1053=STYLED_ITEM('',(#1052),#1050);
#1054=DIRECTION('',(0.E0,1.E0,0.E0));
#1055=VECTOR('',#1054,2.E-1);
#1056=CARTESIAN_POINT('',(-1.E0,0.E0,1.3E0));
#1057=LINE('',#1056,#1055);
#1058=CURVE_STYLE('',#35,POSITIVE_LENGTH_MEASURE(2.E-2),#28);
#1059=PRESENTATION_STYLE_ASSIGNMENT((#1058));
#1060=STYLED_ITEM('',(#1059),#1057);
#1061=DIRECTION('',(0.E0,0.E0,1.E0));
#1062=VECTOR('',#1061,2.E-1);
#1063=CARTESIAN_POINT('',(-8.7E-1,2.E-1,9.E-1));
#1064=LINE('',#1063,#1062);
#1065=CURVE_STYLE('',#35,POSITIVE_LENGTH_MEASURE(2.E-2),#28);
#1066=PRESENTATION_STYLE_ASSIGNMENT((#1065));
#1067=STYLED_ITEM('',(#1066),#1064);
#1068=DIRECTION('',(1.E0,0.E0,0.E0));
#1069=VECTOR('',#1068,1.3E-1);
#1070=CARTESIAN_POINT('',(-1.E0,2.E-1,9.E-1));
#1071=LINE('',#1070,#1069);
#1072=CURVE_STYLE('',#35,POSITIVE_LENGTH_MEASURE(2.E-2),#28);
#1073=PRESENTATION_STYLE_ASSIGNMENT((#1072));
#1074=STYLED_ITEM('',(#1073),#1071);
#1075=DIRECTION('',(0.E0,0.E0,-1.E0));
#1076=VECTOR('',#1075,2.E-1);
#1077=CARTESIAN_POINT('',(-1.E0,2.E-1,9.E-1));
#1078=LINE('',#1077,#1076);
#1079=CURVE_STYLE('',#35,POSITIVE_LENGTH_MEASURE(2.E-2),#28);
#1080=PRESENTATION_STYLE_ASSIGNMENT((#1079));
#1081=STYLED_ITEM('',(#1080),#1078);
#1082=DIRECTION('',(-1.E0,0.E0,0.E0));
#1083=VECTOR('',#1082,2.51E-1);
#1084=CARTESIAN_POINT('',(-7.49E-1,2.E-1,7.E-1));
#1085=LINE('',#1084,#1083);
#1086=CURVE_STYLE('',#35,POSITIVE_LENGTH_MEASURE(2.E-2),#28);
#1087=PRESENTATION_STYLE_ASSIGNMENT((#1086));
#1088=STYLED_ITEM('',(#1087),#1085);
#1089=CARTESIAN_POINT('',(-7.49E-1,2.E-1,7.99E-1));
#1090=DIRECTION('',(0.E0,1.E0,0.E0));
#1091=DIRECTION('',(1.E0,0.E0,0.E0));
#1092=AXIS2_PLACEMENT_3D('',#1089,#1090,#1091);
#1094=CURVE_STYLE('',#35,POSITIVE_LENGTH_MEASURE(2.E-2),#28);
#1095=PRESENTATION_STYLE_ASSIGNMENT((#1094));
#1096=STYLED_ITEM('',(#1095),#1093);
#1097=DIRECTION('',(0.E0,0.E0,1.E0));
#1098=VECTOR('',#1097,4.02E-1);
#1099=CARTESIAN_POINT('',(-6.5E-1,2.E-1,7.99E-1));
#1100=LINE('',#1099,#1098);
#1101=CURVE_STYLE('',#35,POSITIVE_LENGTH_MEASURE(2.E-2),#28);
#1102=PRESENTATION_STYLE_ASSIGNMENT((#1101));
#1103=STYLED_ITEM('',(#1102),#1100);
#1104=CARTESIAN_POINT('',(-7.49E-1,2.E-1,1.201E0));
#1105=DIRECTION('',(0.E0,1.E0,0.E0));
#1106=DIRECTION('',(0.E0,0.E0,1.E0));
#1107=AXIS2_PLACEMENT_3D('',#1104,#1105,#1106);
#1109=CURVE_STYLE('',#35,POSITIVE_LENGTH_MEASURE(2.E-2),#28);
#1110=PRESENTATION_STYLE_ASSIGNMENT((#1109));
#1111=STYLED_ITEM('',(#1110),#1108);
#1112=DIRECTION('',(1.E0,0.E0,0.E0));
#1113=VECTOR('',#1112,2.51E-1);
#1114=CARTESIAN_POINT('',(-1.E0,2.E-1,1.3E0));
#1115=LINE('',#1114,#1113);
#1116=CURVE_STYLE('',#35,POSITIVE_LENGTH_MEASURE(2.E-2),#28);
#1117=PRESENTATION_STYLE_ASSIGNMENT((#1116));
#1118=STYLED_ITEM('',(#1117),#1115);
#1119=DIRECTION('',(0.E0,0.E0,-1.E0));
#1120=VECTOR('',#1119,2.E-1);
#1121=CARTESIAN_POINT('',(-1.E0,2.E-1,1.3E0));
#1122=LINE('',#1121,#1120);
#1123=CURVE_STYLE('',#35,POSITIVE_LENGTH_MEASURE(2.E-2),#28);
#1124=PRESENTATION_STYLE_ASSIGNMENT((#1123));
#1125=STYLED_ITEM('',(#1124),#1122);
#1126=DIRECTION('',(-1.E0,0.E0,0.E0));
#1127=VECTOR('',#1126,1.3E-1);
#1128=CARTESIAN_POINT('',(-8.7E-1,2.E-1,1.1E0));
#1129=LINE('',#1128,#1127);
#1130=CURVE_STYLE('',#35,POSITIVE_LENGTH_MEASURE(2.E-2),#28);
#1131=PRESENTATION_STYLE_ASSIGNMENT((#1130));
#1132=STYLED_ITEM('',(#1131),#1129);
#1133=DIRECTION('',(0.E0,1.E0,0.E0));
#1134=VECTOR('',#1133,2.E-1);
#1135=CARTESIAN_POINT('',(-8.7E-1,0.E0,9.E-1));
#1136=LINE('',#1135,#1134);
#1137=CURVE_STYLE('',#35,POSITIVE_LENGTH_MEASURE(2.E-2),#28);
#1138=PRESENTATION_STYLE_ASSIGNMENT((#1137));
#1139=STYLED_ITEM('',(#1138),#1136);
#1140=DIRECTION('',(0.E0,1.E0,0.E0));
#1141=VECTOR('',#1140,2.E-1);
#1142=CARTESIAN_POINT('',(-1.E0,0.E0,9.E-1));
#1143=LINE('',#1142,#1141);
#1144=CURVE_STYLE('',#35,POSITIVE_LENGTH_MEASURE(2.E-2),#28);
#1145=PRESENTATION_STYLE_ASSIGNMENT((#1144));
#1146=STYLED_ITEM('',(#1145),#1143);
#1147=DIRECTION('',(0.E0,1.E0,0.E0));
#1148=VECTOR('',#1147,2.E-1);
#1149=CARTESIAN_POINT('',(-8.7E-1,0.E0,1.1E0));
#1150=LINE('',#1149,#1148);
#1151=CURVE_STYLE('',#35,POSITIVE_LENGTH_MEASURE(2.E-2),#28);
#1152=PRESENTATION_STYLE_ASSIGNMENT((#1151));
#1153=STYLED_ITEM('',(#1152),#1150);
#1154=DIRECTION('',(0.E0,1.E0,0.E0));
#1155=VECTOR('',#1154,2.E-1);
#1156=CARTESIAN_POINT('',(-1.E0,0.E0,1.1E0));
#1157=LINE('',#1156,#1155);
#1158=CURVE_STYLE('',#35,POSITIVE_LENGTH_MEASURE(2.E-2),#28);
#1159=PRESENTATION_STYLE_ASSIGNMENT((#1158));
#1160=STYLED_ITEM('',(#1159),#1157);
#1161=DIRECTION('',(0.E0,1.E0,0.E0));
#1162=VECTOR('',#1161,2.E-1);
#1163=CARTESIAN_POINT('',(-1.E0,0.E0,7.E-1));
#1164=LINE('',#1163,#1162);
#1165=CURVE_STYLE('',#35,POSITIVE_LENGTH_MEASURE(2.E-2),#28);
#1166=PRESENTATION_STYLE_ASSIGNMENT((#1165));
#1167=STYLED_ITEM('',(#1166),#1164);
#1168=DIRECTION('',(0.E0,1.E0,0.E0));
#1169=VECTOR('',#1168,2.E-1);
#1170=CARTESIAN_POINT('',(-7.49E-1,0.E0,7.E-1));
#1171=LINE('',#1170,#1169);
#1172=CURVE_STYLE('',#35,POSITIVE_LENGTH_MEASURE(2.E-2),#28);
#1173=PRESENTATION_STYLE_ASSIGNMENT((#1172));
#1174=STYLED_ITEM('',(#1173),#1171);
#1175=DIRECTION('',(0.E0,1.E0,0.E0));
#1176=VECTOR('',#1175,2.E-1);
#1177=CARTESIAN_POINT('',(-6.5E-1,0.E0,7.99E-1));
#1178=LINE('',#1177,#1176);
#1179=CURVE_STYLE('',#35,POSITIVE_LENGTH_MEASURE(2.E-2),#28);
#1180=PRESENTATION_STYLE_ASSIGNMENT((#1179));
#1181=STYLED_ITEM('',(#1180),#1178);
#1182=CARTESIAN_POINT('',(-6.5E-1,0.E0,7.99E-1));
#1183=CARTESIAN_POINT('',(-7.49E-1,0.E0,7.E-1));
#1184=VERTEX_POINT('',#1182);
#1185=VERTEX_POINT('',#1183);
#1186=CARTESIAN_POINT('',(-6.5E-1,2.E-1,7.99E-1));
#1187=CARTESIAN_POINT('',(-7.49E-1,2.E-1,7.E-1));
#1188=VERTEX_POINT('',#1186);
#1189=VERTEX_POINT('',#1187);
#1190=CARTESIAN_POINT('',(-7.49E-1,0.E0,1.3E0));
#1191=CARTESIAN_POINT('',(-6.5E-1,0.E0,1.201E0));
#1192=VERTEX_POINT('',#1190);
#1193=VERTEX_POINT('',#1191);
#1194=CARTESIAN_POINT('',(-7.49E-1,2.E-1,1.3E0));
#1195=CARTESIAN_POINT('',(-6.5E-1,2.E-1,1.201E0));
#1196=VERTEX_POINT('',#1194);
#1197=VERTEX_POINT('',#1195);
#1198=CARTESIAN_POINT('',(-1.E0,0.E0,9.E-1));
#1199=CARTESIAN_POINT('',(-1.E0,0.E0,7.E-1));
#1200=VERTEX_POINT('',#1198);
#1201=VERTEX_POINT('',#1199);
#1202=CARTESIAN_POINT('',(-1.E0,2.E-1,9.E-1));
#1203=CARTESIAN_POINT('',(-1.E0,2.E-1,7.E-1));
#1204=VERTEX_POINT('',#1202);
#1205=VERTEX_POINT('',#1203);
#1206=CARTESIAN_POINT('',(-1.E0,0.E0,1.3E0));
#1207=CARTESIAN_POINT('',(-1.E0,0.E0,1.1E0));
#1208=VERTEX_POINT('',#1206);
#1209=VERTEX_POINT('',#1207);
#1210=CARTESIAN_POINT('',(-1.E0,2.E-1,1.3E0));
#1211=CARTESIAN_POINT('',(-1.E0,2.E-1,1.1E0));
#1212=VERTEX_POINT('',#1210);
#1213=VERTEX_POINT('',#1211);
#1214=CARTESIAN_POINT('',(-8.7E-1,0.E0,9.E-1));
#1215=CARTESIAN_POINT('',(-8.7E-1,2.E-1,9.E-1));
#1216=VERTEX_POINT('',#1214);
#1217=VERTEX_POINT('',#1215);
#1218=CARTESIAN_POINT('',(-8.7E-1,0.E0,1.1E0));
#1219=CARTESIAN_POINT('',(-8.7E-1,2.E-1,1.1E0));
#1220=VERTEX_POINT('',#1218);
#1221=VERTEX_POINT('',#1219);
#1222=CARTESIAN_POINT('',(-1.E0,0.E0,1.5E0));
#1223=DIRECTION('',(1.E0,0.E0,0.E0));
#1224=DIRECTION('',(0.E0,0.E0,-1.E0));
#1225=AXIS2_PLACEMENT_3D('',#1222,#1223,#1224);
#1226=PLANE('',#1225);
#1228=ORIENTED_EDGE('',*,*,#1227,.T.);
#1230=ORIENTED_EDGE('',*,*,#1229,.T.);
#1232=ORIENTED_EDGE('',*,*,#1231,.F.);
#1234=ORIENTED_EDGE('',*,*,#1233,.F.);
#1235=EDGE_LOOP('',(#1228,#1230,#1232,#1234));
#1236=FACE_OUTER_BOUND('',#1235,.F.);
#1237=ADVANCED_FACE('',(#1236),#1226,.F.);
#1238=FILL_AREA_STYLE_COLOUR('',#29);
#1239=FILL_AREA_STYLE('',(#1238));
#1240=SURFACE_STYLE_FILL_AREA(#1239);
#1241=SURFACE_SIDE_STYLE('',(#1240));
#1242=SURFACE_STYLE_USAGE(.POSITIVE.,#1241);
#1243=PRESENTATION_STYLE_ASSIGNMENT((#1242));
#1244=OVER_RIDING_STYLED_ITEM('',(#1243),#1237,#967);
#1245=CARTESIAN_POINT('',(-1.E0,0.E0,1.5E0));
#1246=DIRECTION('',(1.E0,0.E0,0.E0));
#1247=DIRECTION('',(0.E0,0.E0,-1.E0));
#1248=AXIS2_PLACEMENT_3D('',#1245,#1246,#1247);
#1249=PLANE('',#1248);
#1251=ORIENTED_EDGE('',*,*,#1250,.T.);
#1253=ORIENTED_EDGE('',*,*,#1252,.T.);
#1255=ORIENTED_EDGE('',*,*,#1254,.F.);
#1257=ORIENTED_EDGE('',*,*,#1256,.F.);
#1258=EDGE_LOOP('',(#1251,#1253,#1255,#1257));
#1259=FACE_OUTER_BOUND('',#1258,.F.);
#1260=ADVANCED_FACE('',(#1259),#1249,.F.);
#1261=FILL_AREA_STYLE_COLOUR('',#29);
#1262=FILL_AREA_STYLE('',(#1261));
#1263=SURFACE_STYLE_FILL_AREA(#1262);
#1264=SURFACE_SIDE_STYLE('',(#1263));
#1265=SURFACE_STYLE_USAGE(.POSITIVE.,#1264);
#1266=PRESENTATION_STYLE_ASSIGNMENT((#1265));
#1267=OVER_RIDING_STYLED_ITEM('',(#1266),#1260,#967);
#1268=CARTESIAN_POINT('',(0.E0,0.E0,0.E0));
#1269=DIRECTION('',(0.E0,1.E0,0.E0));
#1270=DIRECTION('',(1.E0,0.E0,0.E0));
#1271=AXIS2_PLACEMENT_3D('',#1268,#1269,#1270);
#1272=PLANE('',#1271);
#1274=ORIENTED_EDGE('',*,*,#1273,.F.);
#1276=ORIENTED_EDGE('',*,*,#1275,.T.);
#1278=ORIENTED_EDGE('',*,*,#1277,.T.);
#1279=ORIENTED_EDGE('',*,*,#1227,.F.);
#1281=ORIENTED_EDGE('',*,*,#1280,.T.);
#1283=ORIENTED_EDGE('',*,*,#1282,.T.);
#1285=ORIENTED_EDGE('',*,*,#1284,.T.);
#1286=ORIENTED_EDGE('',*,*,#1250,.F.);
#1288=ORIENTED_EDGE('',*,*,#1287,.T.);
#1290=ORIENTED_EDGE('',*,*,#1289,.T.);
#1291=EDGE_LOOP('',(#1274,#1276,#1278,#1279,#1281,#1283,#1285,#1286,#1288,
#1290));
#1292=FACE_OUTER_BOUND('',#1291,.F.);
#1293=ADVANCED_FACE('',(#1292),#1272,.F.);
#1294=CARTESIAN_POINT('',(-6.5E-1,0.E0,8.01E-1));
#1295=DIRECTION('',(1.E0,0.E0,0.E0));
#1296=DIRECTION('',(0.E0,0.E0,-1.E0));
#1297=AXIS2_PLACEMENT_3D('',#1294,#1295,#1296);
#1298=PLANE('',#1297);
#1299=ORIENTED_EDGE('',*,*,#1273,.T.);
#1301=ORIENTED_EDGE('',*,*,#1300,.T.);
#1303=ORIENTED_EDGE('',*,*,#1302,.F.);
#1305=ORIENTED_EDGE('',*,*,#1304,.F.);
#1306=EDGE_LOOP('',(#1299,#1301,#1303,#1305));
#1307=FACE_OUTER_BOUND('',#1306,.F.);
#1308=ADVANCED_FACE('',(#1307),#1298,.T.);
#1309=CARTESIAN_POINT('',(-7.49E-1,0.E0,1.201E0));
#1310=DIRECTION('',(0.E0,1.E0,0.E0));
#1311=DIRECTION('',(1.E0,0.E0,0.E0));
#1312=AXIS2_PLACEMENT_3D('',#1309,#1310,#1311);
#1313=CYLINDRICAL_SURFACE('',#1312,9.9E-2);
#1314=ORIENTED_EDGE('',*,*,#1289,.F.);
#1316=ORIENTED_EDGE('',*,*,#1315,.T.);
#1318=ORIENTED_EDGE('',*,*,#1317,.T.);
#1319=ORIENTED_EDGE('',*,*,#1300,.F.);
#1320=EDGE_LOOP('',(#1314,#1316,#1318,#1319));
#1321=FACE_OUTER_BOUND('',#1320,.F.);
#1322=ADVANCED_FACE('',(#1321),#1313,.T.);
#1323=CARTESIAN_POINT('',(-1.1E0,0.E0,1.3E0));
#1324=DIRECTION('',(0.E0,0.E0,1.E0));
#1325=DIRECTION('',(1.E0,0.E0,0.E0));
#1326=AXIS2_PLACEMENT_3D('',#1323,#1324,#1325);
#1327=PLANE('',#1326);
#1328=ORIENTED_EDGE('',*,*,#1256,.T.);
#1330=ORIENTED_EDGE('',*,*,#1329,.T.);
#1331=ORIENTED_EDGE('',*,*,#1315,.F.);
#1332=ORIENTED_EDGE('',*,*,#1287,.F.);
#1333=EDGE_LOOP('',(#1328,#1330,#1331,#1332));
#1334=FACE_OUTER_BOUND('',#1333,.F.);
#1335=ADVANCED_FACE('',(#1334),#1327,.T.);
#1336=CARTESIAN_POINT('',(0.E0,2.E-1,0.E0));
#1337=DIRECTION('',(0.E0,1.E0,0.E0));
#1338=DIRECTION('',(1.E0,0.E0,0.E0));
#1339=AXIS2_PLACEMENT_3D('',#1336,#1337,#1338);
#1340=PLANE('',#1339);
#1342=ORIENTED_EDGE('',*,*,#1341,.F.);
#1344=ORIENTED_EDGE('',*,*,#1343,.F.);
#1345=ORIENTED_EDGE('',*,*,#1231,.T.);
#1347=ORIENTED_EDGE('',*,*,#1346,.F.);
#1349=ORIENTED_EDGE('',*,*,#1348,.F.);
#1350=ORIENTED_EDGE('',*,*,#1302,.T.);
#1351=ORIENTED_EDGE('',*,*,#1317,.F.);
#1352=ORIENTED_EDGE('',*,*,#1329,.F.);
#1353=ORIENTED_EDGE('',*,*,#1254,.T.);
#1355=ORIENTED_EDGE('',*,*,#1354,.F.);
#1356=EDGE_LOOP('',(#1342,#1344,#1345,#1347,#1349,#1350,#1351,#1352,#1353,
#1355));
#1357=FACE_OUTER_BOUND('',#1356,.F.);
#1358=ADVANCED_FACE('',(#1357),#1340,.T.);
#1359=CARTESIAN_POINT('',(-8.7E-1,0.E0,7.E-1));
#1360=DIRECTION('',(-1.E0,0.E0,0.E0));
#1361=DIRECTION('',(0.E0,0.E0,1.E0));
#1362=AXIS2_PLACEMENT_3D('',#1359,#1360,#1361);
#1363=PLANE('',#1362);
#1365=ORIENTED_EDGE('',*,*,#1364,.T.);
#1366=ORIENTED_EDGE('',*,*,#1341,.T.);
#1368=ORIENTED_EDGE('',*,*,#1367,.F.);
#1369=ORIENTED_EDGE('',*,*,#1282,.F.);
#1370=EDGE_LOOP('',(#1365,#1366,#1368,#1369));
#1371=FACE_OUTER_BOUND('',#1370,.F.);
#1372=ADVANCED_FACE('',(#1371),#1363,.T.);
#1373=CARTESIAN_POINT('',(-1.1E0,0.E0,9.E-1));
#1374=DIRECTION('',(0.E0,0.E0,1.E0));
#1375=DIRECTION('',(1.E0,0.E0,0.E0));
#1376=AXIS2_PLACEMENT_3D('',#1373,#1374,#1375);
#1377=PLANE('',#1376);
#1378=ORIENTED_EDGE('',*,*,#1364,.F.);
#1379=ORIENTED_EDGE('',*,*,#1280,.F.);
#1380=ORIENTED_EDGE('',*,*,#1233,.T.);
#1381=ORIENTED_EDGE('',*,*,#1343,.T.);
#1382=EDGE_LOOP('',(#1378,#1379,#1380,#1381));
#1383=FACE_OUTER_BOUND('',#1382,.F.);
#1384=ADVANCED_FACE('',(#1383),#1377,.T.);
#1385=CARTESIAN_POINT('',(-7.49E-1,0.E0,1.1E0));
#1386=DIRECTION('',(0.E0,0.E0,-1.E0));
#1387=DIRECTION('',(-1.E0,0.E0,0.E0));
#1388=AXIS2_PLACEMENT_3D('',#1385,#1386,#1387);
#1389=PLANE('',#1388);
#1390=ORIENTED_EDGE('',*,*,#1367,.T.);
#1391=ORIENTED_EDGE('',*,*,#1354,.T.);
#1392=ORIENTED_EDGE('',*,*,#1252,.F.);
#1393=ORIENTED_EDGE('',*,*,#1284,.F.);
#1394=EDGE_LOOP('',(#1390,#1391,#1392,#1393));
#1395=FACE_OUTER_BOUND('',#1394,.F.);
#1396=ADVANCED_FACE('',(#1395),#1389,.T.);
#1397=CARTESIAN_POINT('',(-7.49E-1,0.E0,7.E-1));
#1398=DIRECTION('',(0.E0,0.E0,-1.E0));
#1399=DIRECTION('',(-1.E0,0.E0,0.E0));
#1400=AXIS2_PLACEMENT_3D('',#1397,#1398,#1399);
#1401=PLANE('',#1400);
#1402=ORIENTED_EDGE('',*,*,#1229,.F.);
#1403=ORIENTED_EDGE('',*,*,#1277,.F.);
#1405=ORIENTED_EDGE('',*,*,#1404,.T.);
#1406=ORIENTED_EDGE('',*,*,#1346,.T.);
#1407=EDGE_LOOP('',(#1402,#1403,#1405,#1406));
#1408=FACE_OUTER_BOUND('',#1407,.F.);
#1409=ADVANCED_FACE('',(#1408),#1401,.T.);
#1410=CARTESIAN_POINT('',(-7.49E-1,0.E0,7.99E-1));
#1411=DIRECTION('',(0.E0,1.E0,0.E0));
#1412=DIRECTION('',(1.E0,0.E0,0.E0));
#1413=AXIS2_PLACEMENT_3D('',#1410,#1411,#1412);
#1414=CYLINDRICAL_SURFACE('',#1413,9.9E-2);
#1415=ORIENTED_EDGE('',*,*,#1275,.F.);
#1416=ORIENTED_EDGE('',*,*,#1304,.T.);
#1417=ORIENTED_EDGE('',*,*,#1348,.T.);
#1418=ORIENTED_EDGE('',*,*,#1404,.F.);
#1419=EDGE_LOOP('',(#1415,#1416,#1417,#1418));
#1420=FACE_OUTER_BOUND('',#1419,.F.);
#1421=ADVANCED_FACE('',(#1420),#1414,.T.);
#1422=CLOSED_SHELL('',(#1237,#1260,#1293,#1308,#1322,#1335,#1358,#1372,#1384,
#1396,#1409,#1421));
#1423=MANIFOLD_SOLID_BREP('',#1422);
#1424=FILL_AREA_STYLE_COLOUR('',#28);
#1425=FILL_AREA_STYLE('',(#1424));
#1426=SURFACE_STYLE_FILL_AREA(#1425);
#1427=SURFACE_SIDE_STYLE('',(#1426));
#1428=SURFACE_STYLE_USAGE(.POSITIVE.,#1427);
#1429=PRESENTATION_STYLE_ASSIGNMENT((#1428));
#967=STYLED_ITEM('',(#1429),#1423);
#1431=DIRECTION('',(0.E0,0.E0,-1.E0));
#1432=VECTOR('',#1431,2.E-1);
#1433=CARTESIAN_POINT('',(8.7E-1,0.E0,1.1E0));
#1434=LINE('',#1433,#1432);
#1435=CURVE_STYLE('',#35,POSITIVE_LENGTH_MEASURE(2.E-2),#28);
#1436=PRESENTATION_STYLE_ASSIGNMENT((#1435));
#1437=STYLED_ITEM('',(#1436),#1434);
#1438=DIRECTION('',(-1.E0,0.E0,0.E0));
#1439=VECTOR('',#1438,1.3E-1);
#1440=CARTESIAN_POINT('',(1.E0,0.E0,9.E-1));
#1441=LINE('',#1440,#1439);
#1442=CURVE_STYLE('',#35,POSITIVE_LENGTH_MEASURE(2.E-2),#28);
#1443=PRESENTATION_STYLE_ASSIGNMENT((#1442));
#1444=STYLED_ITEM('',(#1443),#1441);
#1445=DIRECTION('',(0.E0,0.E0,-1.E0));
#1446=VECTOR('',#1445,2.E-1);
#1447=CARTESIAN_POINT('',(1.E0,0.E0,9.E-1));
#1448=LINE('',#1447,#1446);
#1449=CURVE_STYLE('',#35,POSITIVE_LENGTH_MEASURE(2.E-2),#28);
#1450=PRESENTATION_STYLE_ASSIGNMENT((#1449));
#1451=STYLED_ITEM('',(#1450),#1448);
#1452=DIRECTION('',(1.E0,0.E0,0.E0));
#1453=VECTOR('',#1452,2.51E-1);
#1454=CARTESIAN_POINT('',(7.49E-1,0.E0,7.E-1));
#1455=LINE('',#1454,#1453);
#1456=CURVE_STYLE('',#35,POSITIVE_LENGTH_MEASURE(2.E-2),#28);
#1457=PRESENTATION_STYLE_ASSIGNMENT((#1456));
#1458=STYLED_ITEM('',(#1457),#1455);
#1459=CARTESIAN_POINT('',(7.49E-1,0.E0,7.99E-1));
#1460=DIRECTION('',(0.E0,-1.E0,0.E0));
#1461=DIRECTION('',(-1.E0,0.E0,0.E0));
#1462=AXIS2_PLACEMENT_3D('',#1459,#1460,#1461);
#1464=CURVE_STYLE('',#35,POSITIVE_LENGTH_MEASURE(2.E-2),#28);
#1465=PRESENTATION_STYLE_ASSIGNMENT((#1464));
#1466=STYLED_ITEM('',(#1465),#1463);
#1467=CARTESIAN_POINT('',(7.49E-1,0.E0,1.201E0));
#1468=DIRECTION('',(0.E0,-1.E0,0.E0));
#1469=DIRECTION('',(0.E0,0.E0,1.E0));
#1470=AXIS2_PLACEMENT_3D('',#1467,#1468,#1469);
#1472=CURVE_STYLE('',#35,POSITIVE_LENGTH_MEASURE(2.E-2),#28);
#1473=PRESENTATION_STYLE_ASSIGNMENT((#1472));
#1474=STYLED_ITEM('',(#1473),#1471);
#1475=DIRECTION('',(-1.E0,0.E0,0.E0));
#1476=VECTOR('',#1475,2.51E-1);
#1477=CARTESIAN_POINT('',(1.E0,0.E0,1.3E0));
#1478=LINE('',#1477,#1476);
#1479=CURVE_STYLE('',#35,POSITIVE_LENGTH_MEASURE(2.E-2),#28);
#1480=PRESENTATION_STYLE_ASSIGNMENT((#1479));
#1481=STYLED_ITEM('',(#1480),#1478);
#1482=DIRECTION('',(0.E0,0.E0,-1.E0));
#1483=VECTOR('',#1482,2.E-1);
#1484=CARTESIAN_POINT('',(1.E0,0.E0,1.3E0));
#1485=LINE('',#1484,#1483);
#1486=CURVE_STYLE('',#35,POSITIVE_LENGTH_MEASURE(2.E-2),#28);
#1487=PRESENTATION_STYLE_ASSIGNMENT((#1486));
#1488=STYLED_ITEM('',(#1487),#1485);
#1489=DIRECTION('',(1.E0,0.E0,0.E0));
#1490=VECTOR('',#1489,1.3E-1);
#1491=CARTESIAN_POINT('',(8.7E-1,0.E0,1.1E0));
#1492=LINE('',#1491,#1490);
#1493=CURVE_STYLE('',#35,POSITIVE_LENGTH_MEASURE(2.E-2),#28);
#1494=PRESENTATION_STYLE_ASSIGNMENT((#1493));
#1495=STYLED_ITEM('',(#1494),#1492);
#1496=DIRECTION('',(0.E0,1.E0,0.E0));
#1497=VECTOR('',#1496,2.E-1);
#1498=CARTESIAN_POINT('',(8.7E-1,0.E0,9.E-1));
#1499=LINE('',#1498,#1497);
#1500=CURVE_STYLE('',#35,POSITIVE_LENGTH_MEASURE(2.E-2),#28);
#1501=PRESENTATION_STYLE_ASSIGNMENT((#1500));
#1502=STYLED_ITEM('',(#1501),#1499);
#1503=DIRECTION('',(0.E0,1.E0,0.E0));
#1504=VECTOR('',#1503,2.E-1);
#1505=CARTESIAN_POINT('',(1.E0,0.E0,9.E-1));
#1506=LINE('',#1505,#1504);
#1507=CURVE_STYLE('',#35,POSITIVE_LENGTH_MEASURE(2.E-2),#28);
#1508=PRESENTATION_STYLE_ASSIGNMENT((#1507));
#1509=STYLED_ITEM('',(#1508),#1506);
#1510=DIRECTION('',(0.E0,0.E0,-1.E0));
#1511=VECTOR('',#1510,4.02E-1);
#1512=CARTESIAN_POINT('',(6.5E-1,2.E-1,1.201E0));
#1513=LINE('',#1512,#1511);
#1514=CURVE_STYLE('',#35,POSITIVE_LENGTH_MEASURE(2.E-2),#28);
#1515=PRESENTATION_STYLE_ASSIGNMENT((#1514));
#1516=STYLED_ITEM('',(#1515),#1513);
#1517=CARTESIAN_POINT('',(7.49E-1,2.E-1,7.99E-1));
#1518=DIRECTION('',(0.E0,-1.E0,0.E0));
#1519=DIRECTION('',(-1.E0,0.E0,0.E0));
#1520=AXIS2_PLACEMENT_3D('',#1517,#1518,#1519);
#1522=CURVE_STYLE('',#35,POSITIVE_LENGTH_MEASURE(2.E-2),#28);
#1523=PRESENTATION_STYLE_ASSIGNMENT((#1522));
#1524=STYLED_ITEM('',(#1523),#1521);
#1525=DIRECTION('',(1.E0,0.E0,0.E0));
#1526=VECTOR('',#1525,2.51E-1);
#1527=CARTESIAN_POINT('',(7.49E-1,2.E-1,7.E-1));
#1528=LINE('',#1527,#1526);
#1529=CURVE_STYLE('',#35,POSITIVE_LENGTH_MEASURE(2.E-2),#28);
#1530=PRESENTATION_STYLE_ASSIGNMENT((#1529));
#1531=STYLED_ITEM('',(#1530),#1528);
#1532=DIRECTION('',(0.E0,0.E0,-1.E0));
#1533=VECTOR('',#1532,2.E-1);
#1534=CARTESIAN_POINT('',(1.E0,2.E-1,9.E-1));
#1535=LINE('',#1534,#1533);
#1536=CURVE_STYLE('',#35,POSITIVE_LENGTH_MEASURE(2.E-2),#28);
#1537=PRESENTATION_STYLE_ASSIGNMENT((#1536));
#1538=STYLED_ITEM('',(#1537),#1535);
#1539=DIRECTION('',(-1.E0,0.E0,0.E0));
#1540=VECTOR('',#1539,1.3E-1);
#1541=CARTESIAN_POINT('',(1.E0,2.E-1,9.E-1));
#1542=LINE('',#1541,#1540);
#1543=CURVE_STYLE('',#35,POSITIVE_LENGTH_MEASURE(2.E-2),#28);
#1544=PRESENTATION_STYLE_ASSIGNMENT((#1543));
#1545=STYLED_ITEM('',(#1544),#1542);
#1546=DIRECTION('',(0.E0,0.E0,-1.E0));
#1547=VECTOR('',#1546,2.E-1);
#1548=CARTESIAN_POINT('',(8.7E-1,2.E-1,1.1E0));
#1549=LINE('',#1548,#1547);
#1550=CURVE_STYLE('',#35,POSITIVE_LENGTH_MEASURE(2.E-2),#28);
#1551=PRESENTATION_STYLE_ASSIGNMENT((#1550));
#1552=STYLED_ITEM('',(#1551),#1549);
#1553=DIRECTION('',(1.E0,0.E0,0.E0));
#1554=VECTOR('',#1553,1.3E-1);
#1555=CARTESIAN_POINT('',(8.7E-1,2.E-1,1.1E0));
#1556=LINE('',#1555,#1554);
#1557=CURVE_STYLE('',#35,POSITIVE_LENGTH_MEASURE(2.E-2),#28);
#1558=PRESENTATION_STYLE_ASSIGNMENT((#1557));
#1559=STYLED_ITEM('',(#1558),#1556);
#1560=DIRECTION('',(0.E0,0.E0,-1.E0));
#1561=VECTOR('',#1560,2.E-1);
#1562=CARTESIAN_POINT('',(1.E0,2.E-1,1.3E0));
#1563=LINE('',#1562,#1561);
#1564=CURVE_STYLE('',#35,POSITIVE_LENGTH_MEASURE(2.E-2),#28);
#1565=PRESENTATION_STYLE_ASSIGNMENT((#1564));
#1566=STYLED_ITEM('',(#1565),#1563);
#1567=DIRECTION('',(-1.E0,0.E0,0.E0));
#1568=VECTOR('',#1567,2.51E-1);
#1569=CARTESIAN_POINT('',(1.E0,2.E-1,1.3E0));
#1570=LINE('',#1569,#1568);
#1571=CURVE_STYLE('',#35,POSITIVE_LENGTH_MEASURE(2.E-2),#28);
#1572=PRESENTATION_STYLE_ASSIGNMENT((#1571));
#1573=STYLED_ITEM('',(#1572),#1570);
#1574=CARTESIAN_POINT('',(7.49E-1,2.E-1,1.201E0));
#1575=DIRECTION('',(0.E0,-1.E0,0.E0));
#1576=DIRECTION('',(0.E0,0.E0,1.E0));
#1577=AXIS2_PLACEMENT_3D('',#1574,#1575,#1576);
#1579=CURVE_STYLE('',#35,POSITIVE_LENGTH_MEASURE(2.E-2),#28);
#1580=PRESENTATION_STYLE_ASSIGNMENT((#1579));
#1581=STYLED_ITEM('',(#1580),#1578);
#1582=DIRECTION('',(0.E0,1.E0,0.E0));
#1583=VECTOR('',#1582,2.E-1);
#1584=CARTESIAN_POINT('',(6.5E-1,0.E0,1.201E0));
#1585=LINE('',#1584,#1583);
#1586=CURVE_STYLE('',#35,POSITIVE_LENGTH_MEASURE(2.E-2),#28);
#1587=PRESENTATION_STYLE_ASSIGNMENT((#1586));
#1588=STYLED_ITEM('',(#1587),#1585);
#1589=DIRECTION('',(0.E0,0.E0,-1.E0));
#1590=VECTOR('',#1589,4.02E-1);
#1591=CARTESIAN_POINT('',(6.5E-1,0.E0,1.201E0));
#1592=LINE('',#1591,#1590);
#1593=CURVE_STYLE('',#35,POSITIVE_LENGTH_MEASURE(2.E-2),#28);
#1594=PRESENTATION_STYLE_ASSIGNMENT((#1593));
#1595=STYLED_ITEM('',(#1594),#1592);
#1596=DIRECTION('',(0.E0,1.E0,0.E0));
#1597=VECTOR('',#1596,2.E-1);
#1598=CARTESIAN_POINT('',(7.49E-1,0.E0,1.3E0));
#1599=LINE('',#1598,#1597);
#1600=CURVE_STYLE('',#35,POSITIVE_LENGTH_MEASURE(2.E-2),#28);
#1601=PRESENTATION_STYLE_ASSIGNMENT((#1600));
#1602=STYLED_ITEM('',(#1601),#1599);
#1603=DIRECTION('',(0.E0,1.E0,0.E0));
#1604=VECTOR('',#1603,2.E-1);
#1605=CARTESIAN_POINT('',(1.E0,0.E0,1.3E0));
#1606=LINE('',#1605,#1604);
#1607=CURVE_STYLE('',#35,POSITIVE_LENGTH_MEASURE(2.E-2),#28);
#1608=PRESENTATION_STYLE_ASSIGNMENT((#1607));
#1609=STYLED_ITEM('',(#1608),#1606);
#1610=DIRECTION('',(0.E0,1.E0,0.E0));
#1611=VECTOR('',#1610,2.E-1);
#1612=CARTESIAN_POINT('',(6.5E-1,0.E0,7.99E-1));
#1613=LINE('',#1612,#1611);
#1614=CURVE_STYLE('',#35,POSITIVE_LENGTH_MEASURE(2.E-2),#28);
#1615=PRESENTATION_STYLE_ASSIGNMENT((#1614));
#1616=STYLED_ITEM('',(#1615),#1613);
#1617=DIRECTION('',(0.E0,1.E0,0.E0));
#1618=VECTOR('',#1617,2.E-1);
#1619=CARTESIAN_POINT('',(1.E0,0.E0,7.E-1));
#1620=LINE('',#1619,#1618);
#1621=CURVE_STYLE('',#35,POSITIVE_LENGTH_MEASURE(2.E-2),#28);
#1622=PRESENTATION_STYLE_ASSIGNMENT((#1621));
#1623=STYLED_ITEM('',(#1622),#1620);
#1624=DIRECTION('',(0.E0,1.E0,0.E0));
#1625=VECTOR('',#1624,2.E-1);
#1626=CARTESIAN_POINT('',(7.49E-1,0.E0,7.E-1));
#1627=LINE('',#1626,#1625);
#1628=CURVE_STYLE('',#35,POSITIVE_LENGTH_MEASURE(2.E-2),#28);
#1629=PRESENTATION_STYLE_ASSIGNMENT((#1628));
#1630=STYLED_ITEM('',(#1629),#1627);
#1631=DIRECTION('',(0.E0,1.E0,0.E0));
#1632=VECTOR('',#1631,2.E-1);
#1633=CARTESIAN_POINT('',(8.7E-1,0.E0,1.1E0));
#1634=LINE('',#1633,#1632);
#1635=CURVE_STYLE('',#35,POSITIVE_LENGTH_MEASURE(2.E-2),#28);
#1636=PRESENTATION_STYLE_ASSIGNMENT((#1635));
#1637=STYLED_ITEM('',(#1636),#1634);
#1638=DIRECTION('',(0.E0,1.E0,0.E0));
#1639=VECTOR('',#1638,2.E-1);
#1640=CARTESIAN_POINT('',(1.E0,0.E0,1.1E0));
#1641=LINE('',#1640,#1639);
#1642=CURVE_STYLE('',#35,POSITIVE_LENGTH_MEASURE(2.E-2),#28);
#1643=PRESENTATION_STYLE_ASSIGNMENT((#1642));
#1644=STYLED_ITEM('',(#1643),#1641);
#1645=CARTESIAN_POINT('',(6.5E-1,0.E0,7.99E-1));
#1646=CARTESIAN_POINT('',(7.49E-1,0.E0,7.E-1));
#1647=VERTEX_POINT('',#1645);
#1648=VERTEX_POINT('',#1646);
#1649=CARTESIAN_POINT('',(6.5E-1,2.E-1,7.99E-1));
#1650=CARTESIAN_POINT('',(7.49E-1,2.E-1,7.E-1));
#1651=VERTEX_POINT('',#1649);
#1652=VERTEX_POINT('',#1650);
#1653=CARTESIAN_POINT('',(7.49E-1,0.E0,1.3E0));
#1654=CARTESIAN_POINT('',(6.5E-1,0.E0,1.201E0));
#1655=VERTEX_POINT('',#1653);
#1656=VERTEX_POINT('',#1654);
#1657=CARTESIAN_POINT('',(7.49E-1,2.E-1,1.3E0));
#1658=CARTESIAN_POINT('',(6.5E-1,2.E-1,1.201E0));
#1659=VERTEX_POINT('',#1657);
#1660=VERTEX_POINT('',#1658);
#1661=CARTESIAN_POINT('',(1.E0,0.E0,9.E-1));
#1662=CARTESIAN_POINT('',(1.E0,0.E0,7.E-1));
#1663=VERTEX_POINT('',#1661);
#1664=VERTEX_POINT('',#1662);
#1665=CARTESIAN_POINT('',(1.E0,2.E-1,9.E-1));
#1666=CARTESIAN_POINT('',(1.E0,2.E-1,7.E-1));
#1667=VERTEX_POINT('',#1665);
#1668=VERTEX_POINT('',#1666);
#1669=CARTESIAN_POINT('',(1.E0,0.E0,1.3E0));
#1670=CARTESIAN_POINT('',(1.E0,0.E0,1.1E0));
#1671=VERTEX_POINT('',#1669);
#1672=VERTEX_POINT('',#1670);
#1673=CARTESIAN_POINT('',(1.E0,2.E-1,1.3E0));
#1674=CARTESIAN_POINT('',(1.E0,2.E-1,1.1E0));
#1675=VERTEX_POINT('',#1673);
#1676=VERTEX_POINT('',#1674);
#1677=CARTESIAN_POINT('',(8.7E-1,0.E0,9.E-1));
#1678=CARTESIAN_POINT('',(8.7E-1,2.E-1,9.E-1));
#1679=VERTEX_POINT('',#1677);
#1680=VERTEX_POINT('',#1678);
#1681=CARTESIAN_POINT('',(8.7E-1,0.E0,1.1E0));
#1682=CARTESIAN_POINT('',(8.7E-1,2.E-1,1.1E0));
#1683=VERTEX_POINT('',#1681);
#1684=VERTEX_POINT('',#1682);
#1685=CARTESIAN_POINT('',(1.E0,0.E0,-1.5E0));
#1686=DIRECTION('',(-1.E0,0.E0,0.E0));
#1687=DIRECTION('',(0.E0,0.E0,1.E0));
#1688=AXIS2_PLACEMENT_3D('',#1685,#1686,#1687);
#1689=PLANE('',#1688);
#1691=ORIENTED_EDGE('',*,*,#1690,.F.);
#1693=ORIENTED_EDGE('',*,*,#1692,.T.);
#1695=ORIENTED_EDGE('',*,*,#1694,.T.);
#1697=ORIENTED_EDGE('',*,*,#1696,.F.);
#1698=EDGE_LOOP('',(#1691,#1693,#1695,#1697));
#1699=FACE_OUTER_BOUND('',#1698,.F.);
#1700=ADVANCED_FACE('',(#1699),#1689,.F.);
#1701=FILL_AREA_STYLE_COLOUR('',#29);
#1702=FILL_AREA_STYLE('',(#1701));
#1703=SURFACE_STYLE_FILL_AREA(#1702);
#1704=SURFACE_SIDE_STYLE('',(#1703));
#1705=SURFACE_STYLE_USAGE(.POSITIVE.,#1704);
#1706=PRESENTATION_STYLE_ASSIGNMENT((#1705));
#1707=OVER_RIDING_STYLED_ITEM('',(#1706),#1700,#1430);
#1708=CARTESIAN_POINT('',(1.E0,0.E0,-1.5E0));
#1709=DIRECTION('',(-1.E0,0.E0,0.E0));
#1710=DIRECTION('',(0.E0,0.E0,1.E0));
#1711=AXIS2_PLACEMENT_3D('',#1708,#1709,#1710);
#1712=PLANE('',#1711);
#1714=ORIENTED_EDGE('',*,*,#1713,.F.);
#1716=ORIENTED_EDGE('',*,*,#1715,.T.);
#1718=ORIENTED_EDGE('',*,*,#1717,.T.);
#1720=ORIENTED_EDGE('',*,*,#1719,.F.);
#1721=EDGE_LOOP('',(#1714,#1716,#1718,#1720));
#1722=FACE_OUTER_BOUND('',#1721,.F.);
#1723=ADVANCED_FACE('',(#1722),#1712,.F.);
#1724=FILL_AREA_STYLE_COLOUR('',#29);
#1725=FILL_AREA_STYLE('',(#1724));
#1726=SURFACE_STYLE_FILL_AREA(#1725);
#1727=SURFACE_SIDE_STYLE('',(#1726));
#1728=SURFACE_STYLE_USAGE(.POSITIVE.,#1727);
#1729=PRESENTATION_STYLE_ASSIGNMENT((#1728));
#1730=OVER_RIDING_STYLED_ITEM('',(#1729),#1723,#1430);
#1731=CARTESIAN_POINT('',(0.E0,0.E0,0.E0));
#1732=DIRECTION('',(0.E0,1.E0,0.E0));
#1733=DIRECTION('',(1.E0,0.E0,0.E0));
#1734=AXIS2_PLACEMENT_3D('',#1731,#1732,#1733);
#1735=PLANE('',#1734);
#1737=ORIENTED_EDGE('',*,*,#1736,.T.);
#1739=ORIENTED_EDGE('',*,*,#1738,.F.);
#1740=ORIENTED_EDGE('',*,*,#1690,.T.);
#1742=ORIENTED_EDGE('',*,*,#1741,.F.);
#1744=ORIENTED_EDGE('',*,*,#1743,.F.);
#1746=ORIENTED_EDGE('',*,*,#1745,.F.);
#1748=ORIENTED_EDGE('',*,*,#1747,.F.);
#1750=ORIENTED_EDGE('',*,*,#1749,.F.);
#1751=ORIENTED_EDGE('',*,*,#1713,.T.);
#1753=ORIENTED_EDGE('',*,*,#1752,.F.);
#1754=EDGE_LOOP('',(#1737,#1739,#1740,#1742,#1744,#1746,#1748,#1750,#1751,
#1753));
#1755=FACE_OUTER_BOUND('',#1754,.F.);
#1756=ADVANCED_FACE('',(#1755),#1735,.F.);
#1757=CARTESIAN_POINT('',(8.7E-1,0.E0,1.3E0));
#1758=DIRECTION('',(1.E0,0.E0,0.E0));
#1759=DIRECTION('',(0.E0,0.E0,-1.E0));
#1760=AXIS2_PLACEMENT_3D('',#1757,#1758,#1759);
#1761=PLANE('',#1760);
#1763=ORIENTED_EDGE('',*,*,#1762,.F.);
#1764=ORIENTED_EDGE('',*,*,#1736,.F.);
#1766=ORIENTED_EDGE('',*,*,#1765,.T.);
#1768=ORIENTED_EDGE('',*,*,#1767,.T.);
#1769=EDGE_LOOP('',(#1763,#1764,#1766,#1768));
#1770=FACE_OUTER_BOUND('',#1769,.F.);
#1771=ADVANCED_FACE('',(#1770),#1761,.T.);
#1772=CARTESIAN_POINT('',(1.1E0,0.E0,9.E-1));
#1773=DIRECTION('',(0.E0,0.E0,-1.E0));
#1774=DIRECTION('',(-1.E0,0.E0,0.E0));
#1775=AXIS2_PLACEMENT_3D('',#1772,#1773,#1774);
#1776=PLANE('',#1775);
#1777=ORIENTED_EDGE('',*,*,#1762,.T.);
#1779=ORIENTED_EDGE('',*,*,#1778,.F.);
#1780=ORIENTED_EDGE('',*,*,#1692,.F.);
#1781=ORIENTED_EDGE('',*,*,#1738,.T.);
#1782=EDGE_LOOP('',(#1777,#1779,#1780,#1781));
#1783=FACE_OUTER_BOUND('',#1782,.F.);
#1784=ADVANCED_FACE('',(#1783),#1776,.F.);
#1785=CARTESIAN_POINT('',(0.E0,2.E-1,0.E0));
#1786=DIRECTION('',(0.E0,1.E0,0.E0));
#1787=DIRECTION('',(1.E0,0.E0,0.E0));
#1788=AXIS2_PLACEMENT_3D('',#1785,#1786,#1787);
#1789=PLANE('',#1788);
#1791=ORIENTED_EDGE('',*,*,#1790,.T.);
#1793=ORIENTED_EDGE('',*,*,#1792,.T.);
#1795=ORIENTED_EDGE('',*,*,#1794,.T.);
#1796=ORIENTED_EDGE('',*,*,#1694,.F.);
#1797=ORIENTED_EDGE('',*,*,#1778,.T.);
#1798=ORIENTED_EDGE('',*,*,#1767,.F.);
#1800=ORIENTED_EDGE('',*,*,#1799,.T.);
#1801=ORIENTED_EDGE('',*,*,#1717,.F.);
#1803=ORIENTED_EDGE('',*,*,#1802,.T.);
#1805=ORIENTED_EDGE('',*,*,#1804,.T.);
#1806=EDGE_LOOP('',(#1791,#1793,#1795,#1796,#1797,#1798,#1800,#1801,#1803,
#1805));
#1807=FACE_OUTER_BOUND('',#1806,.F.);
#1808=ADVANCED_FACE('',(#1807),#1789,.T.);
#1809=CARTESIAN_POINT('',(6.5E-1,0.E0,8.01E-1));
#1810=DIRECTION('',(1.E0,0.E0,0.E0));
#1811=DIRECTION('',(0.E0,0.E0,-1.E0));
#1812=AXIS2_PLACEMENT_3D('',#1809,#1810,#1811);
#1813=PLANE('',#1812);
#1814=ORIENTED_EDGE('',*,*,#1790,.F.);
#1816=ORIENTED_EDGE('',*,*,#1815,.F.);
#1817=ORIENTED_EDGE('',*,*,#1745,.T.);
#1819=ORIENTED_EDGE('',*,*,#1818,.T.);
#1820=EDGE_LOOP('',(#1814,#1816,#1817,#1819));
#1821=FACE_OUTER_BOUND('',#1820,.F.);
#1822=ADVANCED_FACE('',(#1821),#1813,.F.);
#1823=CARTESIAN_POINT('',(7.49E-1,0.E0,1.201E0));
#1824=DIRECTION('',(0.E0,-1.E0,0.E0));
#1825=DIRECTION('',(-1.E0,0.E0,0.E0));
#1826=AXIS2_PLACEMENT_3D('',#1823,#1824,#1825);
#1827=CYLINDRICAL_SURFACE('',#1826,9.9E-2);
#1828=ORIENTED_EDGE('',*,*,#1747,.T.);
#1829=ORIENTED_EDGE('',*,*,#1815,.T.);
#1830=ORIENTED_EDGE('',*,*,#1804,.F.);
#1832=ORIENTED_EDGE('',*,*,#1831,.F.);
#1833=EDGE_LOOP('',(#1828,#1829,#1830,#1832));
#1834=FACE_OUTER_BOUND('',#1833,.F.);
#1835=ADVANCED_FACE('',(#1834),#1827,.T.);
#1836=CARTESIAN_POINT('',(1.1E0,0.E0,1.3E0));
#1837=DIRECTION('',(0.E0,0.E0,-1.E0));
#1838=DIRECTION('',(-1.E0,0.E0,0.E0));
#1839=AXIS2_PLACEMENT_3D('',#1836,#1837,#1838);
#1840=PLANE('',#1839);
#1841=ORIENTED_EDGE('',*,*,#1715,.F.);
#1842=ORIENTED_EDGE('',*,*,#1749,.T.);
#1843=ORIENTED_EDGE('',*,*,#1831,.T.);
#1844=ORIENTED_EDGE('',*,*,#1802,.F.);
#1845=EDGE_LOOP('',(#1841,#1842,#1843,#1844));
#1846=FACE_OUTER_BOUND('',#1845,.F.);
#1847=ADVANCED_FACE('',(#1846),#1840,.F.);
#1848=CARTESIAN_POINT('',(7.49E-1,0.E0,7.99E-1));
#1849=DIRECTION('',(0.E0,-1.E0,0.E0));
#1850=DIRECTION('',(-1.E0,0.E0,0.E0));
#1851=AXIS2_PLACEMENT_3D('',#1848,#1849,#1850);
#1852=CYLINDRICAL_SURFACE('',#1851,9.9E-2);
#1853=ORIENTED_EDGE('',*,*,#1743,.T.);
#1855=ORIENTED_EDGE('',*,*,#1854,.T.);
#1856=ORIENTED_EDGE('',*,*,#1792,.F.);
#1857=ORIENTED_EDGE('',*,*,#1818,.F.);
#1858=EDGE_LOOP('',(#1853,#1855,#1856,#1857));
#1859=FACE_OUTER_BOUND('',#1858,.F.);
#1860=ADVANCED_FACE('',(#1859),#1852,.T.);
#1861=CARTESIAN_POINT('',(7.49E-1,0.E0,7.E-1));
#1862=DIRECTION('',(0.E0,0.E0,1.E0));
#1863=DIRECTION('',(1.E0,0.E0,0.E0));
#1864=AXIS2_PLACEMENT_3D('',#1861,#1862,#1863);
#1865=PLANE('',#1864);
#1866=ORIENTED_EDGE('',*,*,#1696,.T.);
#1867=ORIENTED_EDGE('',*,*,#1794,.F.);
#1868=ORIENTED_EDGE('',*,*,#1854,.F.);
#1869=ORIENTED_EDGE('',*,*,#1741,.T.);
#1870=EDGE_LOOP('',(#1866,#1867,#1868,#1869));
#1871=FACE_OUTER_BOUND('',#1870,.F.);
#1872=ADVANCED_FACE('',(#1871),#1865,.F.);
#1873=CARTESIAN_POINT('',(7.49E-1,0.E0,1.1E0));
#1874=DIRECTION('',(0.E0,0.E0,1.E0));
#1875=DIRECTION('',(1.E0,0.E0,0.E0));
#1876=AXIS2_PLACEMENT_3D('',#1873,#1874,#1875);
#1877=PLANE('',#1876);
#1878=ORIENTED_EDGE('',*,*,#1765,.F.);
#1879=ORIENTED_EDGE('',*,*,#1752,.T.);
#1880=ORIENTED_EDGE('',*,*,#1719,.T.);
#1881=ORIENTED_EDGE('',*,*,#1799,.F.);
#1882=EDGE_LOOP('',(#1878,#1879,#1880,#1881));
#1883=FACE_OUTER_BOUND('',#1882,.F.);
#1884=ADVANCED_FACE('',(#1883),#1877,.F.);
#1885=CLOSED_SHELL('',(#1700,#1723,#1756,#1771,#1784,#1808,#1822,#1835,#1847,
#1860,#1872,#1884));
#1886=MANIFOLD_SOLID_BREP('',#1885);
#1887=FILL_AREA_STYLE_COLOUR('',#28);
#1888=FILL_AREA_STYLE('',(#1887));
#1889=SURFACE_STYLE_FILL_AREA(#1888);
#1890=SURFACE_SIDE_STYLE('',(#1889));
#1891=SURFACE_STYLE_USAGE(.POSITIVE.,#1890);
#1892=PRESENTATION_STYLE_ASSIGNMENT((#1891));
#1430=STYLED_ITEM('',(#1892),#1886);
#1894=DIRECTION('',(0.E0,0.E0,-1.E0));
#1895=VECTOR('',#1894,2.E-1);
#1896=CARTESIAN_POINT('',(-1.E0,0.E0,-3.E-1));
#1897=LINE('',#1896,#1895);
#1898=CURVE_STYLE('',#35,POSITIVE_LENGTH_MEASURE(2.E-2),#28);
#1899=PRESENTATION_STYLE_ASSIGNMENT((#1898));
#1900=STYLED_ITEM('',(#1899),#1897);
#1901=DIRECTION('',(1.E0,0.E0,0.E0));
#1902=VECTOR('',#1901,2.51E-1);
#1903=CARTESIAN_POINT('',(-1.E0,0.E0,-3.E-1));
#1904=LINE('',#1903,#1902);
#1905=CURVE_STYLE('',#35,POSITIVE_LENGTH_MEASURE(2.E-2),#28);
#1906=PRESENTATION_STYLE_ASSIGNMENT((#1905));
#1907=STYLED_ITEM('',(#1906),#1904);
#1908=CARTESIAN_POINT('',(-7.49E-1,0.E0,-3.99E-1));
#1909=DIRECTION('',(0.E0,1.E0,0.E0));
#1910=DIRECTION('',(1.906443577639E-14,0.E0,1.E0));
#1911=AXIS2_PLACEMENT_3D('',#1908,#1909,#1910);
#1913=CURVE_STYLE('',#35,POSITIVE_LENGTH_MEASURE(2.E-2),#28);
#1914=PRESENTATION_STYLE_ASSIGNMENT((#1913));
#1915=STYLED_ITEM('',(#1914),#1912);
#1916=DIRECTION('',(0.E0,0.E0,-1.E0));
#1917=VECTOR('',#1916,2.E-3);
#1918=CARTESIAN_POINT('',(-6.5E-1,0.E0,-3.99E-1));
#1919=LINE('',#1918,#1917);
#1920=CURVE_STYLE('',#35,POSITIVE_LENGTH_MEASURE(2.E-2),#28);
#1921=PRESENTATION_STYLE_ASSIGNMENT((#1920));
#1922=STYLED_ITEM('',(#1921),#1919);
#1923=CARTESIAN_POINT('',(-7.49E-1,0.E0,-4.01E-1));
#1924=DIRECTION('',(0.E0,1.E0,0.E0));
#1925=DIRECTION('',(1.E0,0.E0,0.E0));
#1926=AXIS2_PLACEMENT_3D('',#1923,#1924,#1925);
#1928=CURVE_STYLE('',#35,POSITIVE_LENGTH_MEASURE(2.E-2),#28);
#1929=PRESENTATION_STYLE_ASSIGNMENT((#1928));
#1930=STYLED_ITEM('',(#1929),#1927);
#1931=DIRECTION('',(-1.E0,0.E0,0.E0));
#1932=VECTOR('',#1931,2.51E-1);
#1933=CARTESIAN_POINT('',(-7.49E-1,0.E0,-5.E-1));
#1934=LINE('',#1933,#1932);
#1935=CURVE_STYLE('',#35,POSITIVE_LENGTH_MEASURE(2.E-2),#28);
#1936=PRESENTATION_STYLE_ASSIGNMENT((#1935));
#1937=STYLED_ITEM('',(#1936),#1934);
#1938=DIRECTION('',(0.E0,1.E0,0.E0));
#1939=VECTOR('',#1938,2.E-1);
#1940=CARTESIAN_POINT('',(-1.E0,0.E0,-5.E-1));
#1941=LINE('',#1940,#1939);
#1942=CURVE_STYLE('',#35,POSITIVE_LENGTH_MEASURE(2.E-2),#28);
#1943=PRESENTATION_STYLE_ASSIGNMENT((#1942));
#1944=STYLED_ITEM('',(#1943),#1941);
#1945=DIRECTION('',(0.E0,1.E0,0.E0));
#1946=VECTOR('',#1945,2.E-1);
#1947=CARTESIAN_POINT('',(-7.49E-1,0.E0,-5.E-1));
#1948=LINE('',#1947,#1946);
#1949=CURVE_STYLE('',#35,POSITIVE_LENGTH_MEASURE(2.E-2),#28);
#1950=PRESENTATION_STYLE_ASSIGNMENT((#1949));
#1951=STYLED_ITEM('',(#1950),#1948);
#1952=DIRECTION('',(0.E0,1.E0,0.E0));
#1953=VECTOR('',#1952,2.E-1);
#1954=CARTESIAN_POINT('',(-6.5E-1,0.E0,-4.01E-1));
#1955=LINE('',#1954,#1953);
#1956=CURVE_STYLE('',#35,POSITIVE_LENGTH_MEASURE(2.E-2),#28);
#1957=PRESENTATION_STYLE_ASSIGNMENT((#1956));
#1958=STYLED_ITEM('',(#1957),#1955);
#1959=DIRECTION('',(0.E0,1.E0,0.E0));
#1960=VECTOR('',#1959,2.E-1);
#1961=CARTESIAN_POINT('',(-6.5E-1,0.E0,-3.99E-1));
#1962=LINE('',#1961,#1960);
#1963=CURVE_STYLE('',#35,POSITIVE_LENGTH_MEASURE(2.E-2),#28);
#1964=PRESENTATION_STYLE_ASSIGNMENT((#1963));
#1965=STYLED_ITEM('',(#1964),#1962);
#1966=DIRECTION('',(0.E0,1.E0,0.E0));
#1967=VECTOR('',#1966,2.E-1);
#1968=CARTESIAN_POINT('',(-7.49E-1,0.E0,-3.E-1));
#1969=LINE('',#1968,#1967);
#1970=CURVE_STYLE('',#35,POSITIVE_LENGTH_MEASURE(2.E-2),#28);
#1971=PRESENTATION_STYLE_ASSIGNMENT((#1970));
#1972=STYLED_ITEM('',(#1971),#1969);
#1973=DIRECTION('',(0.E0,1.E0,0.E0));
#1974=VECTOR('',#1973,2.E-1);
#1975=CARTESIAN_POINT('',(-1.E0,0.E0,-3.E-1));
#1976=LINE('',#1975,#1974);
#1977=CURVE_STYLE('',#35,POSITIVE_LENGTH_MEASURE(2.E-2),#28);
#1978=PRESENTATION_STYLE_ASSIGNMENT((#1977));
#1979=STYLED_ITEM('',(#1978),#1976);
#1980=DIRECTION('',(0.E0,0.E0,-1.E0));
#1981=VECTOR('',#1980,2.E-1);
#1982=CARTESIAN_POINT('',(-1.E0,2.E-1,-3.E-1));
#1983=LINE('',#1982,#1981);
#1984=CURVE_STYLE('',#35,POSITIVE_LENGTH_MEASURE(2.E-2),#28);
#1985=PRESENTATION_STYLE_ASSIGNMENT((#1984));
#1986=STYLED_ITEM('',(#1985),#1983);
#1987=DIRECTION('',(-1.E0,0.E0,0.E0));
#1988=VECTOR('',#1987,2.51E-1);
#1989=CARTESIAN_POINT('',(-7.49E-1,2.E-1,-5.E-1));
#1990=LINE('',#1989,#1988);
#1991=CURVE_STYLE('',#35,POSITIVE_LENGTH_MEASURE(2.E-2),#28);
#1992=PRESENTATION_STYLE_ASSIGNMENT((#1991));
#1993=STYLED_ITEM('',(#1992),#1990);
#1994=CARTESIAN_POINT('',(-7.49E-1,2.E-1,-4.01E-1));
#1995=DIRECTION('',(0.E0,1.E0,0.E0));
#1996=DIRECTION('',(1.E0,0.E0,0.E0));
#1997=AXIS2_PLACEMENT_3D('',#1994,#1995,#1996);
#1999=CURVE_STYLE('',#35,POSITIVE_LENGTH_MEASURE(2.E-2),#28);
#2000=PRESENTATION_STYLE_ASSIGNMENT((#1999));
#2001=STYLED_ITEM('',(#2000),#1998);
#2002=DIRECTION('',(0.E0,0.E0,-1.E0));
#2003=VECTOR('',#2002,2.E-3);
#2004=CARTESIAN_POINT('',(-6.5E-1,2.E-1,-3.99E-1));
#2005=LINE('',#2004,#2003);
#2006=CURVE_STYLE('',#35,POSITIVE_LENGTH_MEASURE(2.E-2),#28);
#2007=PRESENTATION_STYLE_ASSIGNMENT((#2006));
#2008=STYLED_ITEM('',(#2007),#2005);
#2009=CARTESIAN_POINT('',(-7.49E-1,2.E-1,-3.99E-1));
#2010=DIRECTION('',(0.E0,1.E0,0.E0));
#2011=DIRECTION('',(1.906443577639E-14,0.E0,1.E0));
#2012=AXIS2_PLACEMENT_3D('',#2009,#2010,#2011);
#2014=CURVE_STYLE('',#35,POSITIVE_LENGTH_MEASURE(2.E-2),#28);
#2015=PRESENTATION_STYLE_ASSIGNMENT((#2014));
#2016=STYLED_ITEM('',(#2015),#2013);
#2017=DIRECTION('',(1.E0,0.E0,0.E0));
#2018=VECTOR('',#2017,2.51E-1);
#2019=CARTESIAN_POINT('',(-1.E0,2.E-1,-3.E-1));
#2020=LINE('',#2019,#2018);
#2021=CURVE_STYLE('',#35,POSITIVE_LENGTH_MEASURE(2.E-2),#28);
#2022=PRESENTATION_STYLE_ASSIGNMENT((#2021));
#2023=STYLED_ITEM('',(#2022),#2020);
#2024=CARTESIAN_POINT('',(-7.49E-1,0.E0,-3.E-1));
#2025=CARTESIAN_POINT('',(-6.5E-1,0.E0,-3.99E-1));
#2026=VERTEX_POINT('',#2024);
#2027=VERTEX_POINT('',#2025);
#2028=CARTESIAN_POINT('',(-6.5E-1,0.E0,-4.01E-1));
#2029=VERTEX_POINT('',#2028);
#2030=CARTESIAN_POINT('',(-7.49E-1,0.E0,-5.E-1));
#2031=VERTEX_POINT('',#2030);
#2032=CARTESIAN_POINT('',(-7.49E-1,2.E-1,-3.E-1));
#2033=CARTESIAN_POINT('',(-6.5E-1,2.E-1,-3.99E-1));
#2034=VERTEX_POINT('',#2032);
#2035=VERTEX_POINT('',#2033);
#2036=CARTESIAN_POINT('',(-6.5E-1,2.E-1,-4.01E-1));
#2037=VERTEX_POINT('',#2036);
#2038=CARTESIAN_POINT('',(-7.49E-1,2.E-1,-5.E-1));
#2039=VERTEX_POINT('',#2038);
#2040=CARTESIAN_POINT('',(-1.E0,0.E0,-3.E-1));
#2041=CARTESIAN_POINT('',(-1.E0,0.E0,-5.E-1));
#2042=VERTEX_POINT('',#2040);
#2043=VERTEX_POINT('',#2041);
#2044=CARTESIAN_POINT('',(-1.E0,2.E-1,-3.E-1));
#2045=CARTESIAN_POINT('',(-1.E0,2.E-1,-5.E-1));
#2046=VERTEX_POINT('',#2044);
#2047=VERTEX_POINT('',#2045);
#2048=CARTESIAN_POINT('',(0.E0,0.E0,0.E0));
#2049=DIRECTION('',(0.E0,1.E0,0.E0));
#2050=DIRECTION('',(1.E0,0.E0,0.E0));
#2051=AXIS2_PLACEMENT_3D('',#2048,#2049,#2050);
#2052=PLANE('',#2051);
#2054=ORIENTED_EDGE('',*,*,#2053,.F.);
#2056=ORIENTED_EDGE('',*,*,#2055,.T.);
#2058=ORIENTED_EDGE('',*,*,#2057,.T.);
#2060=ORIENTED_EDGE('',*,*,#2059,.T.);
#2062=ORIENTED_EDGE('',*,*,#2061,.T.);
#2064=ORIENTED_EDGE('',*,*,#2063,.T.);
#2065=EDGE_LOOP('',(#2054,#2056,#2058,#2060,#2062,#2064));
#2066=FACE_OUTER_BOUND('',#2065,.F.);
#2067=ADVANCED_FACE('',(#2066),#2052,.F.);
#2068=CARTESIAN_POINT('',(-1.E0,0.E0,1.5E0));
#2069=DIRECTION('',(1.E0,0.E0,0.E0));
#2070=DIRECTION('',(0.E0,0.E0,-1.E0));
#2071=AXIS2_PLACEMENT_3D('',#2068,#2069,#2070);
#2072=PLANE('',#2071);
#2073=ORIENTED_EDGE('',*,*,#2053,.T.);
#2075=ORIENTED_EDGE('',*,*,#2074,.T.);
#2077=ORIENTED_EDGE('',*,*,#2076,.F.);
#2079=ORIENTED_EDGE('',*,*,#2078,.F.);
#2080=EDGE_LOOP('',(#2073,#2075,#2077,#2079));
#2081=FACE_OUTER_BOUND('',#2080,.F.);
#2082=ADVANCED_FACE('',(#2081),#2072,.F.);
#2083=FILL_AREA_STYLE_COLOUR('',#29);
#2084=FILL_AREA_STYLE('',(#2083));
#2085=SURFACE_STYLE_FILL_AREA(#2084);
#2086=SURFACE_SIDE_STYLE('',(#2085));
#2087=SURFACE_STYLE_USAGE(.POSITIVE.,#2086);
#2088=PRESENTATION_STYLE_ASSIGNMENT((#2087));
#2089=OVER_RIDING_STYLED_ITEM('',(#2088),#2082,#1893);
#2090=CARTESIAN_POINT('',(-7.49E-1,0.E0,-5.E-1));
#2091=DIRECTION('',(0.E0,0.E0,-1.E0));
#2092=DIRECTION('',(-1.E0,0.E0,0.E0));
#2093=AXIS2_PLACEMENT_3D('',#2090,#2091,#2092);
#2094=PLANE('',#2093);
#2095=ORIENTED_EDGE('',*,*,#2074,.F.);
#2096=ORIENTED_EDGE('',*,*,#2063,.F.);
#2098=ORIENTED_EDGE('',*,*,#2097,.T.);
#2100=ORIENTED_EDGE('',*,*,#2099,.T.);
#2101=EDGE_LOOP('',(#2095,#2096,#2098,#2100));
#2102=FACE_OUTER_BOUND('',#2101,.F.);
#2103=ADVANCED_FACE('',(#2102),#2094,.T.);
#2104=CARTESIAN_POINT('',(-7.49E-1,0.E0,-4.01E-1));
#2105=DIRECTION('',(0.E0,1.E0,0.E0));
#2106=DIRECTION('',(1.E0,0.E0,0.E0));
#2107=AXIS2_PLACEMENT_3D('',#2104,#2105,#2106);
#2108=CYLINDRICAL_SURFACE('',#2107,9.9E-2);
#2109=ORIENTED_EDGE('',*,*,#2061,.F.);
#2111=ORIENTED_EDGE('',*,*,#2110,.T.);
#2113=ORIENTED_EDGE('',*,*,#2112,.T.);
#2114=ORIENTED_EDGE('',*,*,#2097,.F.);
#2115=EDGE_LOOP('',(#2109,#2111,#2113,#2114));
#2116=FACE_OUTER_BOUND('',#2115,.F.);
#2117=ADVANCED_FACE('',(#2116),#2108,.T.);
#2118=CARTESIAN_POINT('',(-6.5E-1,0.E0,-3.99E-1));
#2119=DIRECTION('',(1.E0,0.E0,0.E0));
#2120=DIRECTION('',(0.E0,0.E0,-1.E0));
#2121=AXIS2_PLACEMENT_3D('',#2118,#2119,#2120);
#2122=PLANE('',#2121);
#2123=ORIENTED_EDGE('',*,*,#2059,.F.);
#2125=ORIENTED_EDGE('',*,*,#2124,.T.);
#2127=ORIENTED_EDGE('',*,*,#2126,.T.);
#2128=ORIENTED_EDGE('',*,*,#2110,.F.);
#2129=EDGE_LOOP('',(#2123,#2125,#2127,#2128));
#2130=FACE_OUTER_BOUND('',#2129,.F.);
#2131=ADVANCED_FACE('',(#2130),#2122,.T.);
#2132=CARTESIAN_POINT('',(-7.49E-1,0.E0,-3.99E-1));
#2133=DIRECTION('',(0.E0,1.E0,0.E0));
#2134=DIRECTION('',(1.E0,0.E0,0.E0));
#2135=AXIS2_PLACEMENT_3D('',#2132,#2133,#2134);
#2136=CYLINDRICAL_SURFACE('',#2135,9.9E-2);
#2137=ORIENTED_EDGE('',*,*,#2057,.F.);
#2139=ORIENTED_EDGE('',*,*,#2138,.T.);
#2141=ORIENTED_EDGE('',*,*,#2140,.T.);
#2142=ORIENTED_EDGE('',*,*,#2124,.F.);
#2143=EDGE_LOOP('',(#2137,#2139,#2141,#2142));
#2144=FACE_OUTER_BOUND('',#2143,.F.);
#2145=ADVANCED_FACE('',(#2144),#2136,.T.);
#2146=CARTESIAN_POINT('',(-1.1E0,0.E0,-3.E-1));
#2147=DIRECTION('',(0.E0,0.E0,1.E0));
#2148=DIRECTION('',(1.E0,0.E0,0.E0));
#2149=AXIS2_PLACEMENT_3D('',#2146,#2147,#2148);
#2150=PLANE('',#2149);
#2151=ORIENTED_EDGE('',*,*,#2078,.T.);
#2153=ORIENTED_EDGE('',*,*,#2152,.T.);
#2154=ORIENTED_EDGE('',*,*,#2138,.F.);
#2155=ORIENTED_EDGE('',*,*,#2055,.F.);
#2156=EDGE_LOOP('',(#2151,#2153,#2154,#2155));
#2157=FACE_OUTER_BOUND('',#2156,.F.);
#2158=ADVANCED_FACE('',(#2157),#2150,.T.);
#2159=CARTESIAN_POINT('',(0.E0,2.E-1,0.E0));
#2160=DIRECTION('',(0.E0,1.E0,0.E0));
#2161=DIRECTION('',(1.E0,0.E0,0.E0));
#2162=AXIS2_PLACEMENT_3D('',#2159,#2160,#2161);
#2163=PLANE('',#2162);
#2164=ORIENTED_EDGE('',*,*,#2076,.T.);
#2165=ORIENTED_EDGE('',*,*,#2099,.F.);
#2166=ORIENTED_EDGE('',*,*,#2112,.F.);
#2167=ORIENTED_EDGE('',*,*,#2126,.F.);
#2168=ORIENTED_EDGE('',*,*,#2140,.F.);
#2169=ORIENTED_EDGE('',*,*,#2152,.F.);
#2170=EDGE_LOOP('',(#2164,#2165,#2166,#2167,#2168,#2169));
#2171=FACE_OUTER_BOUND('',#2170,.F.);
#2172=ADVANCED_FACE('',(#2171),#2163,.T.);
#2173=CLOSED_SHELL('',(#2067,#2082,#2103,#2117,#2131,#2145,#2158,#2172));
#2174=MANIFOLD_SOLID_BREP('',#2173);
#2175=FILL_AREA_STYLE_COLOUR('',#28);
#2176=FILL_AREA_STYLE('',(#2175));
#2177=SURFACE_STYLE_FILL_AREA(#2176);
#2178=SURFACE_SIDE_STYLE('',(#2177));
#2179=SURFACE_STYLE_USAGE(.POSITIVE.,#2178);
#2180=PRESENTATION_STYLE_ASSIGNMENT((#2179));
#1893=STYLED_ITEM('',(#2180),#2174);
#2182=DIRECTION('',(0.E0,0.E0,-1.E0));
#2183=VECTOR('',#2182,2.E-1);
#2184=CARTESIAN_POINT('',(-1.E0,0.E0,1.E-1));
#2185=LINE('',#2184,#2183);
#2186=CURVE_STYLE('',#35,POSITIVE_LENGTH_MEASURE(2.E-2),#28);
#2187=PRESENTATION_STYLE_ASSIGNMENT((#2186));
#2188=STYLED_ITEM('',(#2187),#2185);
#2189=DIRECTION('',(1.E0,0.E0,0.E0));
#2190=VECTOR('',#2189,2.51E-1);
#2191=CARTESIAN_POINT('',(-1.E0,0.E0,1.E-1));
#2192=LINE('',#2191,#2190);
#2193=CURVE_STYLE('',#35,POSITIVE_LENGTH_MEASURE(2.E-2),#28);
#2194=PRESENTATION_STYLE_ASSIGNMENT((#2193));
#2195=STYLED_ITEM('',(#2194),#2192);
#2196=CARTESIAN_POINT('',(-7.49E-1,0.E0,1.E-3));
#2197=DIRECTION('',(0.E0,1.E0,0.E0));
#2198=DIRECTION('',(0.E0,0.E0,1.E0));
#2199=AXIS2_PLACEMENT_3D('',#2196,#2197,#2198);
#2201=CURVE_STYLE('',#35,POSITIVE_LENGTH_MEASURE(2.E-2),#28);
#2202=PRESENTATION_STYLE_ASSIGNMENT((#2201));
#2203=STYLED_ITEM('',(#2202),#2200);
#2204=DIRECTION('',(0.E0,0.E0,-1.E0));
#2205=VECTOR('',#2204,2.E-3);
#2206=CARTESIAN_POINT('',(-6.5E-1,0.E0,1.E-3));
#2207=LINE('',#2206,#2205);
#2208=CURVE_STYLE('',#35,POSITIVE_LENGTH_MEASURE(2.E-2),#28);
#2209=PRESENTATION_STYLE_ASSIGNMENT((#2208));
#2210=STYLED_ITEM('',(#2209),#2207);
#2211=CARTESIAN_POINT('',(-7.49E-1,0.E0,-1.E-3));
#2212=DIRECTION('',(0.E0,1.E0,0.E0));
#2213=DIRECTION('',(1.E0,0.E0,0.E0));
#2214=AXIS2_PLACEMENT_3D('',#2211,#2212,#2213);
#2216=CURVE_STYLE('',#35,POSITIVE_LENGTH_MEASURE(2.E-2),#28);
#2217=PRESENTATION_STYLE_ASSIGNMENT((#2216));
#2218=STYLED_ITEM('',(#2217),#2215);
#2219=DIRECTION('',(-1.E0,0.E0,0.E0));
#2220=VECTOR('',#2219,2.51E-1);
#2221=CARTESIAN_POINT('',(-7.49E-1,0.E0,-1.E-1));
#2222=LINE('',#2221,#2220);
#2223=CURVE_STYLE('',#35,POSITIVE_LENGTH_MEASURE(2.E-2),#28);
#2224=PRESENTATION_STYLE_ASSIGNMENT((#2223));
#2225=STYLED_ITEM('',(#2224),#2222);
#2226=DIRECTION('',(0.E0,1.E0,0.E0));
#2227=VECTOR('',#2226,2.E-1);
#2228=CARTESIAN_POINT('',(-1.E0,0.E0,-1.E-1));
#2229=LINE('',#2228,#2227);
#2230=CURVE_STYLE('',#35,POSITIVE_LENGTH_MEASURE(2.E-2),#28);
#2231=PRESENTATION_STYLE_ASSIGNMENT((#2230));
#2232=STYLED_ITEM('',(#2231),#2229);
#2233=DIRECTION('',(0.E0,1.E0,0.E0));
#2234=VECTOR('',#2233,2.E-1);
#2235=CARTESIAN_POINT('',(-7.49E-1,0.E0,-1.E-1));
#2236=LINE('',#2235,#2234);
#2237=CURVE_STYLE('',#35,POSITIVE_LENGTH_MEASURE(2.E-2),#28);
#2238=PRESENTATION_STYLE_ASSIGNMENT((#2237));
#2239=STYLED_ITEM('',(#2238),#2236);
#2240=DIRECTION('',(0.E0,1.E0,0.E0));
#2241=VECTOR('',#2240,2.E-1);
#2242=CARTESIAN_POINT('',(-6.5E-1,0.E0,-1.E-3));
#2243=LINE('',#2242,#2241);
#2244=CURVE_STYLE('',#35,POSITIVE_LENGTH_MEASURE(2.E-2),#28);
#2245=PRESENTATION_STYLE_ASSIGNMENT((#2244));
#2246=STYLED_ITEM('',(#2245),#2243);
#2247=DIRECTION('',(0.E0,1.E0,0.E0));
#2248=VECTOR('',#2247,2.E-1);
#2249=CARTESIAN_POINT('',(-6.5E-1,0.E0,1.E-3));
#2250=LINE('',#2249,#2248);
#2251=CURVE_STYLE('',#35,POSITIVE_LENGTH_MEASURE(2.E-2),#28);
#2252=PRESENTATION_STYLE_ASSIGNMENT((#2251));
#2253=STYLED_ITEM('',(#2252),#2250);
#2254=DIRECTION('',(0.E0,1.E0,0.E0));
#2255=VECTOR('',#2254,2.E-1);
#2256=CARTESIAN_POINT('',(-7.49E-1,0.E0,1.E-1));
#2257=LINE('',#2256,#2255);
#2258=CURVE_STYLE('',#35,POSITIVE_LENGTH_MEASURE(2.E-2),#28);
#2259=PRESENTATION_STYLE_ASSIGNMENT((#2258));
#2260=STYLED_ITEM('',(#2259),#2257);
#2261=DIRECTION('',(0.E0,1.E0,0.E0));
#2262=VECTOR('',#2261,2.E-1);
#2263=CARTESIAN_POINT('',(-1.E0,0.E0,1.E-1));
#2264=LINE('',#2263,#2262);
#2265=CURVE_STYLE('',#35,POSITIVE_LENGTH_MEASURE(2.E-2),#28);
#2266=PRESENTATION_STYLE_ASSIGNMENT((#2265));
#2267=STYLED_ITEM('',(#2266),#2264);
#2268=DIRECTION('',(0.E0,0.E0,-1.E0));
#2269=VECTOR('',#2268,2.E-1);
#2270=CARTESIAN_POINT('',(-1.E0,2.E-1,1.E-1));
#2271=LINE('',#2270,#2269);
#2272=CURVE_STYLE('',#35,POSITIVE_LENGTH_MEASURE(2.E-2),#28);
#2273=PRESENTATION_STYLE_ASSIGNMENT((#2272));
#2274=STYLED_ITEM('',(#2273),#2271);
#2275=DIRECTION('',(-1.E0,0.E0,0.E0));
#2276=VECTOR('',#2275,2.51E-1);
#2277=CARTESIAN_POINT('',(-7.49E-1,2.E-1,-1.E-1));
#2278=LINE('',#2277,#2276);
#2279=CURVE_STYLE('',#35,POSITIVE_LENGTH_MEASURE(2.E-2),#28);
#2280=PRESENTATION_STYLE_ASSIGNMENT((#2279));
#2281=STYLED_ITEM('',(#2280),#2278);
#2282=CARTESIAN_POINT('',(-7.49E-1,2.E-1,-1.E-3));
#2283=DIRECTION('',(0.E0,1.E0,0.E0));
#2284=DIRECTION('',(1.E0,0.E0,0.E0));
#2285=AXIS2_PLACEMENT_3D('',#2282,#2283,#2284);
#2287=CURVE_STYLE('',#35,POSITIVE_LENGTH_MEASURE(2.E-2),#28);
#2288=PRESENTATION_STYLE_ASSIGNMENT((#2287));
#2289=STYLED_ITEM('',(#2288),#2286);
#2290=DIRECTION('',(0.E0,0.E0,-1.E0));
#2291=VECTOR('',#2290,2.E-3);
#2292=CARTESIAN_POINT('',(-6.5E-1,2.E-1,1.E-3));
#2293=LINE('',#2292,#2291);
#2294=CURVE_STYLE('',#35,POSITIVE_LENGTH_MEASURE(2.E-2),#28);
#2295=PRESENTATION_STYLE_ASSIGNMENT((#2294));
#2296=STYLED_ITEM('',(#2295),#2293);
#2297=CARTESIAN_POINT('',(-7.49E-1,2.E-1,1.E-3));
#2298=DIRECTION('',(0.E0,1.E0,0.E0));
#2299=DIRECTION('',(0.E0,0.E0,1.E0));
#2300=AXIS2_PLACEMENT_3D('',#2297,#2298,#2299);
#2302=CURVE_STYLE('',#35,POSITIVE_LENGTH_MEASURE(2.E-2),#28);
#2303=PRESENTATION_STYLE_ASSIGNMENT((#2302));
#2304=STYLED_ITEM('',(#2303),#2301);
#2305=DIRECTION('',(1.E0,0.E0,0.E0));
#2306=VECTOR('',#2305,2.51E-1);
#2307=CARTESIAN_POINT('',(-1.E0,2.E-1,1.E-1));
#2308=LINE('',#2307,#2306);
#2309=CURVE_STYLE('',#35,POSITIVE_LENGTH_MEASURE(2.E-2),#28);
#2310=PRESENTATION_STYLE_ASSIGNMENT((#2309));
#2311=STYLED_ITEM('',(#2310),#2308);
#2312=CARTESIAN_POINT('',(-7.49E-1,0.E0,1.E-1));
#2313=CARTESIAN_POINT('',(-6.5E-1,0.E0,1.E-3));
#2314=VERTEX_POINT('',#2312);
#2315=VERTEX_POINT('',#2313);
#2316=CARTESIAN_POINT('',(-6.5E-1,0.E0,-1.E-3));
#2317=VERTEX_POINT('',#2316);
#2318=CARTESIAN_POINT('',(-7.49E-1,0.E0,-1.E-1));
#2319=VERTEX_POINT('',#2318);
#2320=CARTESIAN_POINT('',(-7.49E-1,2.E-1,1.E-1));
#2321=CARTESIAN_POINT('',(-6.5E-1,2.E-1,1.E-3));
#2322=VERTEX_POINT('',#2320);
#2323=VERTEX_POINT('',#2321);
#2324=CARTESIAN_POINT('',(-6.5E-1,2.E-1,-1.E-3));
#2325=VERTEX_POINT('',#2324);
#2326=CARTESIAN_POINT('',(-7.49E-1,2.E-1,-1.E-1));
#2327=VERTEX_POINT('',#2326);
#2328=CARTESIAN_POINT('',(-1.E0,0.E0,1.E-1));
#2329=CARTESIAN_POINT('',(-1.E0,0.E0,-1.E-1));
#2330=VERTEX_POINT('',#2328);
#2331=VERTEX_POINT('',#2329);
#2332=CARTESIAN_POINT('',(-1.E0,2.E-1,1.E-1));
#2333=CARTESIAN_POINT('',(-1.E0,2.E-1,-1.E-1));
#2334=VERTEX_POINT('',#2332);
#2335=VERTEX_POINT('',#2333);
#2336=CARTESIAN_POINT('',(0.E0,0.E0,0.E0));
#2337=DIRECTION('',(0.E0,1.E0,0.E0));
#2338=DIRECTION('',(1.E0,0.E0,0.E0));
#2339=AXIS2_PLACEMENT_3D('',#2336,#2337,#2338);
#2340=PLANE('',#2339);
#2342=ORIENTED_EDGE('',*,*,#2341,.F.);
#2344=ORIENTED_EDGE('',*,*,#2343,.T.);
#2346=ORIENTED_EDGE('',*,*,#2345,.T.);
#2348=ORIENTED_EDGE('',*,*,#2347,.T.);
#2350=ORIENTED_EDGE('',*,*,#2349,.T.);
#2352=ORIENTED_EDGE('',*,*,#2351,.T.);
#2353=EDGE_LOOP('',(#2342,#2344,#2346,#2348,#2350,#2352));
#2354=FACE_OUTER_BOUND('',#2353,.F.);
#2355=ADVANCED_FACE('',(#2354),#2340,.F.);
#2356=CARTESIAN_POINT('',(-1.E0,0.E0,1.5E0));
#2357=DIRECTION('',(1.E0,0.E0,0.E0));
#2358=DIRECTION('',(0.E0,0.E0,-1.E0));
#2359=AXIS2_PLACEMENT_3D('',#2356,#2357,#2358);
#2360=PLANE('',#2359);
#2361=ORIENTED_EDGE('',*,*,#2341,.T.);
#2363=ORIENTED_EDGE('',*,*,#2362,.T.);
#2365=ORIENTED_EDGE('',*,*,#2364,.F.);
#2367=ORIENTED_EDGE('',*,*,#2366,.F.);
#2368=EDGE_LOOP('',(#2361,#2363,#2365,#2367));
#2369=FACE_OUTER_BOUND('',#2368,.F.);
#2370=ADVANCED_FACE('',(#2369),#2360,.F.);
#2371=FILL_AREA_STYLE_COLOUR('',#29);
#2372=FILL_AREA_STYLE('',(#2371));
#2373=SURFACE_STYLE_FILL_AREA(#2372);
#2374=SURFACE_SIDE_STYLE('',(#2373));
#2375=SURFACE_STYLE_USAGE(.POSITIVE.,#2374);
#2376=PRESENTATION_STYLE_ASSIGNMENT((#2375));
#2377=OVER_RIDING_STYLED_ITEM('',(#2376),#2370,#2181);
#2378=CARTESIAN_POINT('',(-7.49E-1,0.E0,-1.E-1));
#2379=DIRECTION('',(0.E0,0.E0,-1.E0));
#2380=DIRECTION('',(-1.E0,0.E0,0.E0));
#2381=AXIS2_PLACEMENT_3D('',#2378,#2379,#2380);
#2382=PLANE('',#2381);
#2383=ORIENTED_EDGE('',*,*,#2362,.F.);
#2384=ORIENTED_EDGE('',*,*,#2351,.F.);
#2386=ORIENTED_EDGE('',*,*,#2385,.T.);
#2388=ORIENTED_EDGE('',*,*,#2387,.T.);
#2389=EDGE_LOOP('',(#2383,#2384,#2386,#2388));
#2390=FACE_OUTER_BOUND('',#2389,.F.);
#2391=ADVANCED_FACE('',(#2390),#2382,.T.);
#2392=CARTESIAN_POINT('',(-7.49E-1,0.E0,-1.E-3));
#2393=DIRECTION('',(0.E0,1.E0,0.E0));
#2394=DIRECTION('',(1.E0,0.E0,0.E0));
#2395=AXIS2_PLACEMENT_3D('',#2392,#2393,#2394);
#2396=CYLINDRICAL_SURFACE('',#2395,9.9E-2);
#2397=ORIENTED_EDGE('',*,*,#2349,.F.);
#2399=ORIENTED_EDGE('',*,*,#2398,.T.);
#2401=ORIENTED_EDGE('',*,*,#2400,.T.);
#2402=ORIENTED_EDGE('',*,*,#2385,.F.);
#2403=EDGE_LOOP('',(#2397,#2399,#2401,#2402));
#2404=FACE_OUTER_BOUND('',#2403,.F.);
#2405=ADVANCED_FACE('',(#2404),#2396,.T.);
#2406=CARTESIAN_POINT('',(-6.5E-1,0.E0,1.E-3));
#2407=DIRECTION('',(1.E0,0.E0,0.E0));
#2408=DIRECTION('',(0.E0,0.E0,-1.E0));
#2409=AXIS2_PLACEMENT_3D('',#2406,#2407,#2408);
#2410=PLANE('',#2409);
#2411=ORIENTED_EDGE('',*,*,#2347,.F.);
#2413=ORIENTED_EDGE('',*,*,#2412,.T.);
#2415=ORIENTED_EDGE('',*,*,#2414,.T.);
#2416=ORIENTED_EDGE('',*,*,#2398,.F.);
#2417=EDGE_LOOP('',(#2411,#2413,#2415,#2416));
#2418=FACE_OUTER_BOUND('',#2417,.F.);
#2419=ADVANCED_FACE('',(#2418),#2410,.T.);
#2420=CARTESIAN_POINT('',(-7.49E-1,0.E0,1.E-3));
#2421=DIRECTION('',(0.E0,1.E0,0.E0));
#2422=DIRECTION('',(1.E0,0.E0,0.E0));
#2423=AXIS2_PLACEMENT_3D('',#2420,#2421,#2422);
#2424=CYLINDRICAL_SURFACE('',#2423,9.9E-2);
#2425=ORIENTED_EDGE('',*,*,#2345,.F.);
#2427=ORIENTED_EDGE('',*,*,#2426,.T.);
#2429=ORIENTED_EDGE('',*,*,#2428,.T.);
#2430=ORIENTED_EDGE('',*,*,#2412,.F.);
#2431=EDGE_LOOP('',(#2425,#2427,#2429,#2430));
#2432=FACE_OUTER_BOUND('',#2431,.F.);
#2433=ADVANCED_FACE('',(#2432),#2424,.T.);
#2434=CARTESIAN_POINT('',(-1.1E0,0.E0,1.E-1));
#2435=DIRECTION('',(0.E0,0.E0,1.E0));
#2436=DIRECTION('',(1.E0,0.E0,0.E0));
#2437=AXIS2_PLACEMENT_3D('',#2434,#2435,#2436);
#2438=PLANE('',#2437);
#2439=ORIENTED_EDGE('',*,*,#2366,.T.);
#2441=ORIENTED_EDGE('',*,*,#2440,.T.);
#2442=ORIENTED_EDGE('',*,*,#2426,.F.);
#2443=ORIENTED_EDGE('',*,*,#2343,.F.);
#2444=EDGE_LOOP('',(#2439,#2441,#2442,#2443));
#2445=FACE_OUTER_BOUND('',#2444,.F.);
#2446=ADVANCED_FACE('',(#2445),#2438,.T.);
#2447=CARTESIAN_POINT('',(0.E0,2.E-1,0.E0));
#2448=DIRECTION('',(0.E0,1.E0,0.E0));
#2449=DIRECTION('',(1.E0,0.E0,0.E0));
#2450=AXIS2_PLACEMENT_3D('',#2447,#2448,#2449);
#2451=PLANE('',#2450);
#2452=ORIENTED_EDGE('',*,*,#2364,.T.);
#2453=ORIENTED_EDGE('',*,*,#2387,.F.);
#2454=ORIENTED_EDGE('',*,*,#2400,.F.);
#2455=ORIENTED_EDGE('',*,*,#2414,.F.);
#2456=ORIENTED_EDGE('',*,*,#2428,.F.);
#2457=ORIENTED_EDGE('',*,*,#2440,.F.);
#2458=EDGE_LOOP('',(#2452,#2453,#2454,#2455,#2456,#2457));
#2459=FACE_OUTER_BOUND('',#2458,.F.);
#2460=ADVANCED_FACE('',(#2459),#2451,.T.);
#2461=CLOSED_SHELL('',(#2355,#2370,#2391,#2405,#2419,#2433,#2446,#2460));
#2462=MANIFOLD_SOLID_BREP('',#2461);
#2463=FILL_AREA_STYLE_COLOUR('',#28);
#2464=FILL_AREA_STYLE('',(#2463));
#2465=SURFACE_STYLE_FILL_AREA(#2464);
#2466=SURFACE_SIDE_STYLE('',(#2465));
#2467=SURFACE_STYLE_USAGE(.POSITIVE.,#2466);
#2468=PRESENTATION_STYLE_ASSIGNMENT((#2467));
#2181=STYLED_ITEM('',(#2468),#2462);
#2470=DIRECTION('',(0.E0,0.E0,-1.E0));
#2471=VECTOR('',#2470,2.E-1);
#2472=CARTESIAN_POINT('',(-1.E0,0.E0,5.E-1));
#2473=LINE('',#2472,#2471);
#2474=CURVE_STYLE('',#35,POSITIVE_LENGTH_MEASURE(2.E-2),#28);
#2475=PRESENTATION_STYLE_ASSIGNMENT((#2474));
#2476=STYLED_ITEM('',(#2475),#2473);
#2477=DIRECTION('',(1.E0,0.E0,0.E0));
#2478=VECTOR('',#2477,2.51E-1);
#2479=CARTESIAN_POINT('',(-1.E0,0.E0,5.E-1));
#2480=LINE('',#2479,#2478);
#2481=CURVE_STYLE('',#35,POSITIVE_LENGTH_MEASURE(2.E-2),#28);
#2482=PRESENTATION_STYLE_ASSIGNMENT((#2481));
#2483=STYLED_ITEM('',(#2482),#2480);
#2484=CARTESIAN_POINT('',(-7.49E-1,0.E0,4.01E-1));
#2485=DIRECTION('',(0.E0,1.E0,0.E0));
#2486=DIRECTION('',(1.570012358056E-14,0.E0,1.E0));
#2487=AXIS2_PLACEMENT_3D('',#2484,#2485,#2486);
#2489=CURVE_STYLE('',#35,POSITIVE_LENGTH_MEASURE(2.E-2),#28);
#2490=PRESENTATION_STYLE_ASSIGNMENT((#2489));
#2491=STYLED_ITEM('',(#2490),#2488);
#2492=DIRECTION('',(0.E0,0.E0,-1.E0));
#2493=VECTOR('',#2492,2.E-3);
#2494=CARTESIAN_POINT('',(-6.5E-1,0.E0,4.01E-1));
#2495=LINE('',#2494,#2493);
#2496=CURVE_STYLE('',#35,POSITIVE_LENGTH_MEASURE(2.E-2),#28);
#2497=PRESENTATION_STYLE_ASSIGNMENT((#2496));
#2498=STYLED_ITEM('',(#2497),#2495);
#2499=CARTESIAN_POINT('',(-7.49E-1,0.E0,3.99E-1));
#2500=DIRECTION('',(0.E0,1.E0,0.E0));
#2501=DIRECTION('',(1.E0,0.E0,0.E0));
#2502=AXIS2_PLACEMENT_3D('',#2499,#2500,#2501);
#2504=CURVE_STYLE('',#35,POSITIVE_LENGTH_MEASURE(2.E-2),#28);
#2505=PRESENTATION_STYLE_ASSIGNMENT((#2504));
#2506=STYLED_ITEM('',(#2505),#2503);
#2507=DIRECTION('',(-1.E0,0.E0,0.E0));
#2508=VECTOR('',#2507,2.51E-1);
#2509=CARTESIAN_POINT('',(-7.49E-1,0.E0,3.E-1));
#2510=LINE('',#2509,#2508);
#2511=CURVE_STYLE('',#35,POSITIVE_LENGTH_MEASURE(2.E-2),#28);
#2512=PRESENTATION_STYLE_ASSIGNMENT((#2511));
#2513=STYLED_ITEM('',(#2512),#2510);
#2514=DIRECTION('',(0.E0,1.E0,0.E0));
#2515=VECTOR('',#2514,2.E-1);
#2516=CARTESIAN_POINT('',(-1.E0,0.E0,3.E-1));
#2517=LINE('',#2516,#2515);
#2518=CURVE_STYLE('',#35,POSITIVE_LENGTH_MEASURE(2.E-2),#28);
#2519=PRESENTATION_STYLE_ASSIGNMENT((#2518));
#2520=STYLED_ITEM('',(#2519),#2517);
#2521=DIRECTION('',(0.E0,1.E0,0.E0));
#2522=VECTOR('',#2521,2.E-1);
#2523=CARTESIAN_POINT('',(-7.49E-1,0.E0,3.E-1));
#2524=LINE('',#2523,#2522);
#2525=CURVE_STYLE('',#35,POSITIVE_LENGTH_MEASURE(2.E-2),#28);
#2526=PRESENTATION_STYLE_ASSIGNMENT((#2525));
#2527=STYLED_ITEM('',(#2526),#2524);
#2528=DIRECTION('',(0.E0,1.E0,0.E0));
#2529=VECTOR('',#2528,2.E-1);
#2530=CARTESIAN_POINT('',(-6.5E-1,0.E0,3.99E-1));
#2531=LINE('',#2530,#2529);
#2532=CURVE_STYLE('',#35,POSITIVE_LENGTH_MEASURE(2.E-2),#28);
#2533=PRESENTATION_STYLE_ASSIGNMENT((#2532));
#2534=STYLED_ITEM('',(#2533),#2531);
#2535=DIRECTION('',(0.E0,1.E0,0.E0));
#2536=VECTOR('',#2535,2.E-1);
#2537=CARTESIAN_POINT('',(-6.5E-1,0.E0,4.01E-1));
#2538=LINE('',#2537,#2536);
#2539=CURVE_STYLE('',#35,POSITIVE_LENGTH_MEASURE(2.E-2),#28);
#2540=PRESENTATION_STYLE_ASSIGNMENT((#2539));
#2541=STYLED_ITEM('',(#2540),#2538);
#2542=DIRECTION('',(0.E0,1.E0,0.E0));
#2543=VECTOR('',#2542,2.E-1);
#2544=CARTESIAN_POINT('',(-7.49E-1,0.E0,5.E-1));
#2545=LINE('',#2544,#2543);
#2546=CURVE_STYLE('',#35,POSITIVE_LENGTH_MEASURE(2.E-2),#28);
#2547=PRESENTATION_STYLE_ASSIGNMENT((#2546));
#2548=STYLED_ITEM('',(#2547),#2545);
#2549=DIRECTION('',(0.E0,1.E0,0.E0));
#2550=VECTOR('',#2549,2.E-1);
#2551=CARTESIAN_POINT('',(-1.E0,0.E0,5.E-1));
#2552=LINE('',#2551,#2550);
#2553=CURVE_STYLE('',#35,POSITIVE_LENGTH_MEASURE(2.E-2),#28);
#2554=PRESENTATION_STYLE_ASSIGNMENT((#2553));
#2555=STYLED_ITEM('',(#2554),#2552);
#2556=DIRECTION('',(0.E0,0.E0,-1.E0));
#2557=VECTOR('',#2556,2.E-1);
#2558=CARTESIAN_POINT('',(-1.E0,2.E-1,5.E-1));
#2559=LINE('',#2558,#2557);
#2560=CURVE_STYLE('',#35,POSITIVE_LENGTH_MEASURE(2.E-2),#28);
#2561=PRESENTATION_STYLE_ASSIGNMENT((#2560));
#2562=STYLED_ITEM('',(#2561),#2559);
#2563=DIRECTION('',(-1.E0,0.E0,0.E0));
#2564=VECTOR('',#2563,2.51E-1);
#2565=CARTESIAN_POINT('',(-7.49E-1,2.E-1,3.E-1));
#2566=LINE('',#2565,#2564);
#2567=CURVE_STYLE('',#35,POSITIVE_LENGTH_MEASURE(2.E-2),#28);
#2568=PRESENTATION_STYLE_ASSIGNMENT((#2567));
#2569=STYLED_ITEM('',(#2568),#2566);
#2570=CARTESIAN_POINT('',(-7.49E-1,2.E-1,3.99E-1));
#2571=DIRECTION('',(0.E0,1.E0,0.E0));
#2572=DIRECTION('',(1.E0,0.E0,0.E0));
#2573=AXIS2_PLACEMENT_3D('',#2570,#2571,#2572);
#2575=CURVE_STYLE('',#35,POSITIVE_LENGTH_MEASURE(2.E-2),#28);
#2576=PRESENTATION_STYLE_ASSIGNMENT((#2575));
#2577=STYLED_ITEM('',(#2576),#2574);
#2578=DIRECTION('',(0.E0,0.E0,-1.E0));
#2579=VECTOR('',#2578,2.E-3);
#2580=CARTESIAN_POINT('',(-6.5E-1,2.E-1,4.01E-1));
#2581=LINE('',#2580,#2579);
#2582=CURVE_STYLE('',#35,POSITIVE_LENGTH_MEASURE(2.E-2),#28);
#2583=PRESENTATION_STYLE_ASSIGNMENT((#2582));
#2584=STYLED_ITEM('',(#2583),#2581);
#2585=CARTESIAN_POINT('',(-7.49E-1,2.E-1,4.01E-1));
#2586=DIRECTION('',(0.E0,1.E0,0.E0));
#2587=DIRECTION('',(1.570012358056E-14,0.E0,1.E0));
#2588=AXIS2_PLACEMENT_3D('',#2585,#2586,#2587);
#2590=CURVE_STYLE('',#35,POSITIVE_LENGTH_MEASURE(2.E-2),#28);
#2591=PRESENTATION_STYLE_ASSIGNMENT((#2590));
#2592=STYLED_ITEM('',(#2591),#2589);
#2593=DIRECTION('',(1.E0,0.E0,0.E0));
#2594=VECTOR('',#2593,2.51E-1);
#2595=CARTESIAN_POINT('',(-1.E0,2.E-1,5.E-1));
#2596=LINE('',#2595,#2594);
#2597=CURVE_STYLE('',#35,POSITIVE_LENGTH_MEASURE(2.E-2),#28);
#2598=PRESENTATION_STYLE_ASSIGNMENT((#2597));
#2599=STYLED_ITEM('',(#2598),#2596);
#2600=CARTESIAN_POINT('',(-7.49E-1,0.E0,5.E-1));
#2601=CARTESIAN_POINT('',(-6.5E-1,0.E0,4.01E-1));
#2602=VERTEX_POINT('',#2600);
#2603=VERTEX_POINT('',#2601);
#2604=CARTESIAN_POINT('',(-6.5E-1,0.E0,3.99E-1));
#2605=VERTEX_POINT('',#2604);
#2606=CARTESIAN_POINT('',(-7.49E-1,0.E0,3.E-1));
#2607=VERTEX_POINT('',#2606);
#2608=CARTESIAN_POINT('',(-7.49E-1,2.E-1,5.E-1));
#2609=CARTESIAN_POINT('',(-6.5E-1,2.E-1,4.01E-1));
#2610=VERTEX_POINT('',#2608);
#2611=VERTEX_POINT('',#2609);
#2612=CARTESIAN_POINT('',(-6.5E-1,2.E-1,3.99E-1));
#2613=VERTEX_POINT('',#2612);
#2614=CARTESIAN_POINT('',(-7.49E-1,2.E-1,3.E-1));
#2615=VERTEX_POINT('',#2614);
#2616=CARTESIAN_POINT('',(-1.E0,0.E0,5.E-1));
#2617=CARTESIAN_POINT('',(-1.E0,0.E0,3.E-1));
#2618=VERTEX_POINT('',#2616);
#2619=VERTEX_POINT('',#2617);
#2620=CARTESIAN_POINT('',(-1.E0,2.E-1,5.E-1));
#2621=CARTESIAN_POINT('',(-1.E0,2.E-1,3.E-1));
#2622=VERTEX_POINT('',#2620);
#2623=VERTEX_POINT('',#2621);
#2624=CARTESIAN_POINT('',(0.E0,0.E0,0.E0));
#2625=DIRECTION('',(0.E0,1.E0,0.E0));
#2626=DIRECTION('',(1.E0,0.E0,0.E0));
#2627=AXIS2_PLACEMENT_3D('',#2624,#2625,#2626);
#2628=PLANE('',#2627);
#2630=ORIENTED_EDGE('',*,*,#2629,.F.);
#2632=ORIENTED_EDGE('',*,*,#2631,.T.);
#2634=ORIENTED_EDGE('',*,*,#2633,.T.);
#2636=ORIENTED_EDGE('',*,*,#2635,.T.);
#2638=ORIENTED_EDGE('',*,*,#2637,.T.);
#2640=ORIENTED_EDGE('',*,*,#2639,.T.);
#2641=EDGE_LOOP('',(#2630,#2632,#2634,#2636,#2638,#2640));
#2642=FACE_OUTER_BOUND('',#2641,.F.);
#2643=ADVANCED_FACE('',(#2642),#2628,.F.);
#2644=CARTESIAN_POINT('',(-1.E0,0.E0,1.5E0));
#2645=DIRECTION('',(1.E0,0.E0,0.E0));
#2646=DIRECTION('',(0.E0,0.E0,-1.E0));
#2647=AXIS2_PLACEMENT_3D('',#2644,#2645,#2646);
#2648=PLANE('',#2647);
#2649=ORIENTED_EDGE('',*,*,#2629,.T.);
#2651=ORIENTED_EDGE('',*,*,#2650,.T.);
#2653=ORIENTED_EDGE('',*,*,#2652,.F.);
#2655=ORIENTED_EDGE('',*,*,#2654,.F.);
#2656=EDGE_LOOP('',(#2649,#2651,#2653,#2655));
#2657=FACE_OUTER_BOUND('',#2656,.F.);
#2658=ADVANCED_FACE('',(#2657),#2648,.F.);
#2659=FILL_AREA_STYLE_COLOUR('',#29);
#2660=FILL_AREA_STYLE('',(#2659));
#2661=SURFACE_STYLE_FILL_AREA(#2660);
#2662=SURFACE_SIDE_STYLE('',(#2661));
#2663=SURFACE_STYLE_USAGE(.POSITIVE.,#2662);
#2664=PRESENTATION_STYLE_ASSIGNMENT((#2663));
#2665=OVER_RIDING_STYLED_ITEM('',(#2664),#2658,#2469);
#2666=CARTESIAN_POINT('',(-7.49E-1,0.E0,3.E-1));
#2667=DIRECTION('',(0.E0,0.E0,-1.E0));
#2668=DIRECTION('',(-1.E0,0.E0,0.E0));
#2669=AXIS2_PLACEMENT_3D('',#2666,#2667,#2668);
#2670=PLANE('',#2669);
#2671=ORIENTED_EDGE('',*,*,#2650,.F.);
#2672=ORIENTED_EDGE('',*,*,#2639,.F.);
#2674=ORIENTED_EDGE('',*,*,#2673,.T.);
#2676=ORIENTED_EDGE('',*,*,#2675,.T.);
#2677=EDGE_LOOP('',(#2671,#2672,#2674,#2676));
#2678=FACE_OUTER_BOUND('',#2677,.F.);
#2679=ADVANCED_FACE('',(#2678),#2670,.T.);
#2680=CARTESIAN_POINT('',(-7.49E-1,0.E0,3.99E-1));
#2681=DIRECTION('',(0.E0,1.E0,0.E0));
#2682=DIRECTION('',(1.E0,0.E0,0.E0));
#2683=AXIS2_PLACEMENT_3D('',#2680,#2681,#2682);
#2684=CYLINDRICAL_SURFACE('',#2683,9.9E-2);
#2685=ORIENTED_EDGE('',*,*,#2637,.F.);
#2687=ORIENTED_EDGE('',*,*,#2686,.T.);
#2689=ORIENTED_EDGE('',*,*,#2688,.T.);
#2690=ORIENTED_EDGE('',*,*,#2673,.F.);
#2691=EDGE_LOOP('',(#2685,#2687,#2689,#2690));
#2692=FACE_OUTER_BOUND('',#2691,.F.);
#2693=ADVANCED_FACE('',(#2692),#2684,.T.);
#2694=CARTESIAN_POINT('',(-6.5E-1,0.E0,4.01E-1));
#2695=DIRECTION('',(1.E0,0.E0,0.E0));
#2696=DIRECTION('',(0.E0,0.E0,-1.E0));
#2697=AXIS2_PLACEMENT_3D('',#2694,#2695,#2696);
#2698=PLANE('',#2697);
#2699=ORIENTED_EDGE('',*,*,#2635,.F.);
#2701=ORIENTED_EDGE('',*,*,#2700,.T.);
#2703=ORIENTED_EDGE('',*,*,#2702,.T.);
#2704=ORIENTED_EDGE('',*,*,#2686,.F.);
#2705=EDGE_LOOP('',(#2699,#2701,#2703,#2704));
#2706=FACE_OUTER_BOUND('',#2705,.F.);
#2707=ADVANCED_FACE('',(#2706),#2698,.T.);
#2708=CARTESIAN_POINT('',(-7.49E-1,0.E0,4.01E-1));
#2709=DIRECTION('',(0.E0,1.E0,0.E0));
#2710=DIRECTION('',(1.E0,0.E0,0.E0));
#2711=AXIS2_PLACEMENT_3D('',#2708,#2709,#2710);
#2712=CYLINDRICAL_SURFACE('',#2711,9.9E-2);
#2713=ORIENTED_EDGE('',*,*,#2633,.F.);
#2715=ORIENTED_EDGE('',*,*,#2714,.T.);
#2717=ORIENTED_EDGE('',*,*,#2716,.T.);
#2718=ORIENTED_EDGE('',*,*,#2700,.F.);
#2719=EDGE_LOOP('',(#2713,#2715,#2717,#2718));
#2720=FACE_OUTER_BOUND('',#2719,.F.);
#2721=ADVANCED_FACE('',(#2720),#2712,.T.);
#2722=CARTESIAN_POINT('',(-1.1E0,0.E0,5.E-1));
#2723=DIRECTION('',(0.E0,0.E0,1.E0));
#2724=DIRECTION('',(1.E0,0.E0,0.E0));
#2725=AXIS2_PLACEMENT_3D('',#2722,#2723,#2724);
#2726=PLANE('',#2725);
#2727=ORIENTED_EDGE('',*,*,#2654,.T.);
#2729=ORIENTED_EDGE('',*,*,#2728,.T.);
#2730=ORIENTED_EDGE('',*,*,#2714,.F.);
#2731=ORIENTED_EDGE('',*,*,#2631,.F.);
#2732=EDGE_LOOP('',(#2727,#2729,#2730,#2731));
#2733=FACE_OUTER_BOUND('',#2732,.F.);
#2734=ADVANCED_FACE('',(#2733),#2726,.T.);
#2735=CARTESIAN_POINT('',(0.E0,2.E-1,0.E0));
#2736=DIRECTION('',(0.E0,1.E0,0.E0));
#2737=DIRECTION('',(1.E0,0.E0,0.E0));
#2738=AXIS2_PLACEMENT_3D('',#2735,#2736,#2737);
#2739=PLANE('',#2738);
#2740=ORIENTED_EDGE('',*,*,#2652,.T.);
#2741=ORIENTED_EDGE('',*,*,#2675,.F.);
#2742=ORIENTED_EDGE('',*,*,#2688,.F.);
#2743=ORIENTED_EDGE('',*,*,#2702,.F.);
#2744=ORIENTED_EDGE('',*,*,#2716,.F.);
#2745=ORIENTED_EDGE('',*,*,#2728,.F.);
#2746=EDGE_LOOP('',(#2740,#2741,#2742,#2743,#2744,#2745));
#2747=FACE_OUTER_BOUND('',#2746,.F.);
#2748=ADVANCED_FACE('',(#2747),#2739,.T.);
#2749=CLOSED_SHELL('',(#2643,#2658,#2679,#2693,#2707,#2721,#2734,#2748));
#2750=MANIFOLD_SOLID_BREP('',#2749);
#2751=FILL_AREA_STYLE_COLOUR('',#28);
#2752=FILL_AREA_STYLE('',(#2751));
#2753=SURFACE_STYLE_FILL_AREA(#2752);
#2754=SURFACE_SIDE_STYLE('',(#2753));
#2755=SURFACE_STYLE_USAGE(.POSITIVE.,#2754);
#2756=PRESENTATION_STYLE_ASSIGNMENT((#2755));
#2469=STYLED_ITEM('',(#2756),#2750);
#2758=DIRECTION('',(0.E0,0.E0,-1.E0));
#2759=VECTOR('',#2758,2.E-1);
#2760=CARTESIAN_POINT('',(1.E0,0.E0,-3.E-1));
#2761=LINE('',#2760,#2759);
#2762=CURVE_STYLE('',#35,POSITIVE_LENGTH_MEASURE(2.E-2),#28);
#2763=PRESENTATION_STYLE_ASSIGNMENT((#2762));
#2764=STYLED_ITEM('',(#2763),#2761);
#2765=DIRECTION('',(1.E0,0.E0,0.E0));
#2766=VECTOR('',#2765,2.51E-1);
#2767=CARTESIAN_POINT('',(7.49E-1,0.E0,-5.E-1));
#2768=LINE('',#2767,#2766);
#2769=CURVE_STYLE('',#35,POSITIVE_LENGTH_MEASURE(2.E-2),#28);
#2770=PRESENTATION_STYLE_ASSIGNMENT((#2769));
#2771=STYLED_ITEM('',(#2770),#2768);
#2772=CARTESIAN_POINT('',(7.49E-1,0.E0,-4.01E-1));
#2773=DIRECTION('',(0.E0,-1.E0,0.E0));
#2774=DIRECTION('',(-1.E0,0.E0,0.E0));
#2775=AXIS2_PLACEMENT_3D('',#2772,#2773,#2774);
#2777=CURVE_STYLE('',#35,POSITIVE_LENGTH_MEASURE(2.E-2),#28);
#2778=PRESENTATION_STYLE_ASSIGNMENT((#2777));
#2779=STYLED_ITEM('',(#2778),#2776);
#2780=DIRECTION('',(0.E0,0.E0,-1.E0));
#2781=VECTOR('',#2780,2.E-3);
#2782=CARTESIAN_POINT('',(6.5E-1,0.E0,-3.99E-1));
#2783=LINE('',#2782,#2781);
#2784=CURVE_STYLE('',#35,POSITIVE_LENGTH_MEASURE(2.E-2),#28);
#2785=PRESENTATION_STYLE_ASSIGNMENT((#2784));
#2786=STYLED_ITEM('',(#2785),#2783);
#2787=CARTESIAN_POINT('',(7.49E-1,0.E0,-3.99E-1));
#2788=DIRECTION('',(0.E0,-1.E0,0.E0));
#2789=DIRECTION('',(-1.233581138472E-14,0.E0,1.E0));
#2790=AXIS2_PLACEMENT_3D('',#2787,#2788,#2789);
#2792=CURVE_STYLE('',#35,POSITIVE_LENGTH_MEASURE(2.E-2),#28);
#2793=PRESENTATION_STYLE_ASSIGNMENT((#2792));
#2794=STYLED_ITEM('',(#2793),#2791);
#2795=DIRECTION('',(-1.E0,0.E0,0.E0));
#2796=VECTOR('',#2795,2.51E-1);
#2797=CARTESIAN_POINT('',(1.E0,0.E0,-3.E-1));
#2798=LINE('',#2797,#2796);
#2799=CURVE_STYLE('',#35,POSITIVE_LENGTH_MEASURE(2.E-2),#28);
#2800=PRESENTATION_STYLE_ASSIGNMENT((#2799));
#2801=STYLED_ITEM('',(#2800),#2798);
#2802=DIRECTION('',(0.E0,1.E0,0.E0));
#2803=VECTOR('',#2802,2.E-1);
#2804=CARTESIAN_POINT('',(1.E0,0.E0,-3.E-1));
#2805=LINE('',#2804,#2803);
#2806=CURVE_STYLE('',#35,POSITIVE_LENGTH_MEASURE(2.E-2),#28);
#2807=PRESENTATION_STYLE_ASSIGNMENT((#2806));
#2808=STYLED_ITEM('',(#2807),#2805);
#2809=DIRECTION('',(0.E0,1.E0,0.E0));
#2810=VECTOR('',#2809,2.E-1);
#2811=CARTESIAN_POINT('',(7.49E-1,0.E0,-3.E-1));
#2812=LINE('',#2811,#2810);
#2813=CURVE_STYLE('',#35,POSITIVE_LENGTH_MEASURE(2.E-2),#28);
#2814=PRESENTATION_STYLE_ASSIGNMENT((#2813));
#2815=STYLED_ITEM('',(#2814),#2812);
#2816=DIRECTION('',(0.E0,1.E0,0.E0));
#2817=VECTOR('',#2816,2.E-1);
#2818=CARTESIAN_POINT('',(6.5E-1,0.E0,-3.99E-1));
#2819=LINE('',#2818,#2817);
#2820=CURVE_STYLE('',#35,POSITIVE_LENGTH_MEASURE(2.E-2),#28);
#2821=PRESENTATION_STYLE_ASSIGNMENT((#2820));
#2822=STYLED_ITEM('',(#2821),#2819);
#2823=DIRECTION('',(0.E0,1.E0,0.E0));
#2824=VECTOR('',#2823,2.E-1);
#2825=CARTESIAN_POINT('',(6.5E-1,0.E0,-4.01E-1));
#2826=LINE('',#2825,#2824);
#2827=CURVE_STYLE('',#35,POSITIVE_LENGTH_MEASURE(2.E-2),#28);
#2828=PRESENTATION_STYLE_ASSIGNMENT((#2827));
#2829=STYLED_ITEM('',(#2828),#2826);
#2830=DIRECTION('',(0.E0,1.E0,0.E0));
#2831=VECTOR('',#2830,2.E-1);
#2832=CARTESIAN_POINT('',(1.E0,0.E0,-5.E-1));
#2833=LINE('',#2832,#2831);
#2834=CURVE_STYLE('',#35,POSITIVE_LENGTH_MEASURE(2.E-2),#28);
#2835=PRESENTATION_STYLE_ASSIGNMENT((#2834));
#2836=STYLED_ITEM('',(#2835),#2833);
#2837=DIRECTION('',(0.E0,1.E0,0.E0));
#2838=VECTOR('',#2837,2.E-1);
#2839=CARTESIAN_POINT('',(7.49E-1,0.E0,-5.E-1));
#2840=LINE('',#2839,#2838);
#2841=CURVE_STYLE('',#35,POSITIVE_LENGTH_MEASURE(2.E-2),#28);
#2842=PRESENTATION_STYLE_ASSIGNMENT((#2841));
#2843=STYLED_ITEM('',(#2842),#2840);
#2844=DIRECTION('',(0.E0,0.E0,-1.E0));
#2845=VECTOR('',#2844,2.E-1);
#2846=CARTESIAN_POINT('',(1.E0,2.E-1,-3.E-1));
#2847=LINE('',#2846,#2845);
#2848=CURVE_STYLE('',#35,POSITIVE_LENGTH_MEASURE(2.E-2),#28);
#2849=PRESENTATION_STYLE_ASSIGNMENT((#2848));
#2850=STYLED_ITEM('',(#2849),#2847);
#2851=DIRECTION('',(-1.E0,0.E0,0.E0));
#2852=VECTOR('',#2851,2.51E-1);
#2853=CARTESIAN_POINT('',(1.E0,2.E-1,-3.E-1));
#2854=LINE('',#2853,#2852);
#2855=CURVE_STYLE('',#35,POSITIVE_LENGTH_MEASURE(2.E-2),#28);
#2856=PRESENTATION_STYLE_ASSIGNMENT((#2855));
#2857=STYLED_ITEM('',(#2856),#2854);
#2858=CARTESIAN_POINT('',(7.49E-1,2.E-1,-3.99E-1));
#2859=DIRECTION('',(0.E0,-1.E0,0.E0));
#2860=DIRECTION('',(-1.233581138472E-14,0.E0,1.E0));
#2861=AXIS2_PLACEMENT_3D('',#2858,#2859,#2860);
#2863=CURVE_STYLE('',#35,POSITIVE_LENGTH_MEASURE(2.E-2),#28);
#2864=PRESENTATION_STYLE_ASSIGNMENT((#2863));
#2865=STYLED_ITEM('',(#2864),#2862);
#2866=DIRECTION('',(0.E0,0.E0,-1.E0));
#2867=VECTOR('',#2866,2.E-3);
#2868=CARTESIAN_POINT('',(6.5E-1,2.E-1,-3.99E-1));
#2869=LINE('',#2868,#2867);
#2870=CURVE_STYLE('',#35,POSITIVE_LENGTH_MEASURE(2.E-2),#28);
#2871=PRESENTATION_STYLE_ASSIGNMENT((#2870));
#2872=STYLED_ITEM('',(#2871),#2869);
#2873=CARTESIAN_POINT('',(7.49E-1,2.E-1,-4.01E-1));
#2874=DIRECTION('',(0.E0,-1.E0,0.E0));
#2875=DIRECTION('',(-1.E0,0.E0,0.E0));
#2876=AXIS2_PLACEMENT_3D('',#2873,#2874,#2875);
#2878=CURVE_STYLE('',#35,POSITIVE_LENGTH_MEASURE(2.E-2),#28);
#2879=PRESENTATION_STYLE_ASSIGNMENT((#2878));
#2880=STYLED_ITEM('',(#2879),#2877);
#2881=DIRECTION('',(1.E0,0.E0,0.E0));
#2882=VECTOR('',#2881,2.51E-1);
#2883=CARTESIAN_POINT('',(7.49E-1,2.E-1,-5.E-1));
#2884=LINE('',#2883,#2882);
#2885=CURVE_STYLE('',#35,POSITIVE_LENGTH_MEASURE(2.E-2),#28);
#2886=PRESENTATION_STYLE_ASSIGNMENT((#2885));
#2887=STYLED_ITEM('',(#2886),#2884);
#2888=CARTESIAN_POINT('',(7.49E-1,0.E0,-3.E-1));
#2889=CARTESIAN_POINT('',(6.5E-1,0.E0,-3.99E-1));
#2890=VERTEX_POINT('',#2888);
#2891=VERTEX_POINT('',#2889);
#2892=CARTESIAN_POINT('',(6.5E-1,0.E0,-4.01E-1));
#2893=VERTEX_POINT('',#2892);
#2894=CARTESIAN_POINT('',(7.49E-1,0.E0,-5.E-1));
#2895=VERTEX_POINT('',#2894);
#2896=CARTESIAN_POINT('',(7.49E-1,2.E-1,-3.E-1));
#2897=CARTESIAN_POINT('',(6.5E-1,2.E-1,-3.99E-1));
#2898=VERTEX_POINT('',#2896);
#2899=VERTEX_POINT('',#2897);
#2900=CARTESIAN_POINT('',(6.5E-1,2.E-1,-4.01E-1));
#2901=VERTEX_POINT('',#2900);
#2902=CARTESIAN_POINT('',(7.49E-1,2.E-1,-5.E-1));
#2903=VERTEX_POINT('',#2902);
#2904=CARTESIAN_POINT('',(1.E0,0.E0,-3.E-1));
#2905=CARTESIAN_POINT('',(1.E0,0.E0,-5.E-1));
#2906=VERTEX_POINT('',#2904);
#2907=VERTEX_POINT('',#2905);
#2908=CARTESIAN_POINT('',(1.E0,2.E-1,-3.E-1));
#2909=CARTESIAN_POINT('',(1.E0,2.E-1,-5.E-1));
#2910=VERTEX_POINT('',#2908);
#2911=VERTEX_POINT('',#2909);
#2912=CARTESIAN_POINT('',(0.E0,0.E0,0.E0));
#2913=DIRECTION('',(0.E0,-1.E0,0.E0));
#2914=DIRECTION('',(-1.E0,0.E0,0.E0));
#2915=AXIS2_PLACEMENT_3D('',#2912,#2913,#2914);
#2916=PLANE('',#2915);
#2918=ORIENTED_EDGE('',*,*,#2917,.T.);
#2920=ORIENTED_EDGE('',*,*,#2919,.F.);
#2922=ORIENTED_EDGE('',*,*,#2921,.F.);
#2924=ORIENTED_EDGE('',*,*,#2923,.F.);
#2926=ORIENTED_EDGE('',*,*,#2925,.F.);
#2928=ORIENTED_EDGE('',*,*,#2927,.F.);
#2929=EDGE_LOOP('',(#2918,#2920,#2922,#2924,#2926,#2928));
#2930=FACE_OUTER_BOUND('',#2929,.F.);
#2931=ADVANCED_FACE('',(#2930),#2916,.T.);
#2932=CARTESIAN_POINT('',(1.E0,0.E0,-1.5E0));
#2933=DIRECTION('',(-1.E0,0.E0,0.E0));
#2934=DIRECTION('',(0.E0,0.E0,1.E0));
#2935=AXIS2_PLACEMENT_3D('',#2932,#2933,#2934);
#2936=PLANE('',#2935);
#2937=ORIENTED_EDGE('',*,*,#2917,.F.);
#2939=ORIENTED_EDGE('',*,*,#2938,.T.);
#2941=ORIENTED_EDGE('',*,*,#2940,.T.);
#2943=ORIENTED_EDGE('',*,*,#2942,.F.);
#2944=EDGE_LOOP('',(#2937,#2939,#2941,#2943));
#2945=FACE_OUTER_BOUND('',#2944,.F.);
#2946=ADVANCED_FACE('',(#2945),#2936,.F.);
#2947=FILL_AREA_STYLE_COLOUR('',#29);
#2948=FILL_AREA_STYLE('',(#2947));
#2949=SURFACE_STYLE_FILL_AREA(#2948);
#2950=SURFACE_SIDE_STYLE('',(#2949));
#2951=SURFACE_STYLE_USAGE(.POSITIVE.,#2950);
#2952=PRESENTATION_STYLE_ASSIGNMENT((#2951));
#2953=OVER_RIDING_STYLED_ITEM('',(#2952),#2946,#2757);
#2954=CARTESIAN_POINT('',(1.1E0,0.E0,-3.E-1));
#2955=DIRECTION('',(0.E0,0.E0,-1.E0));
#2956=DIRECTION('',(-1.E0,0.E0,0.E0));
#2957=AXIS2_PLACEMENT_3D('',#2954,#2955,#2956);
#2958=PLANE('',#2957);
#2959=ORIENTED_EDGE('',*,*,#2938,.F.);
#2960=ORIENTED_EDGE('',*,*,#2927,.T.);
#2962=ORIENTED_EDGE('',*,*,#2961,.T.);
#2964=ORIENTED_EDGE('',*,*,#2963,.F.);
#2965=EDGE_LOOP('',(#2959,#2960,#2962,#2964));
#2966=FACE_OUTER_BOUND('',#2965,.F.);
#2967=ADVANCED_FACE('',(#2966),#2958,.F.);
#2968=CARTESIAN_POINT('',(7.49E-1,0.E0,-3.99E-1));
#2969=DIRECTION('',(0.E0,-1.E0,0.E0));
#2970=DIRECTION('',(-1.E0,0.E0,0.E0));
#2971=AXIS2_PLACEMENT_3D('',#2968,#2969,#2970);
#2972=CYLINDRICAL_SURFACE('',#2971,9.9E-2);
#2973=ORIENTED_EDGE('',*,*,#2925,.T.);
#2975=ORIENTED_EDGE('',*,*,#2974,.T.);
#2977=ORIENTED_EDGE('',*,*,#2976,.F.);
#2978=ORIENTED_EDGE('',*,*,#2961,.F.);
#2979=EDGE_LOOP('',(#2973,#2975,#2977,#2978));
#2980=FACE_OUTER_BOUND('',#2979,.F.);
#2981=ADVANCED_FACE('',(#2980),#2972,.T.);
#2982=CARTESIAN_POINT('',(6.5E-1,0.E0,-3.99E-1));
#2983=DIRECTION('',(1.E0,0.E0,0.E0));
#2984=DIRECTION('',(0.E0,0.E0,-1.E0));
#2985=AXIS2_PLACEMENT_3D('',#2982,#2983,#2984);
#2986=PLANE('',#2985);
#2987=ORIENTED_EDGE('',*,*,#2923,.T.);
#2989=ORIENTED_EDGE('',*,*,#2988,.T.);
#2991=ORIENTED_EDGE('',*,*,#2990,.F.);
#2992=ORIENTED_EDGE('',*,*,#2974,.F.);
#2993=EDGE_LOOP('',(#2987,#2989,#2991,#2992));
#2994=FACE_OUTER_BOUND('',#2993,.F.);
#2995=ADVANCED_FACE('',(#2994),#2986,.F.);
#2996=CARTESIAN_POINT('',(7.49E-1,0.E0,-4.01E-1));
#2997=DIRECTION('',(0.E0,-1.E0,0.E0));
#2998=DIRECTION('',(-1.E0,0.E0,0.E0));
#2999=AXIS2_PLACEMENT_3D('',#2996,#2997,#2998);
#3000=CYLINDRICAL_SURFACE('',#2999,9.9E-2);
#3001=ORIENTED_EDGE('',*,*,#2921,.T.);
#3003=ORIENTED_EDGE('',*,*,#3002,.T.);
#3005=ORIENTED_EDGE('',*,*,#3004,.F.);
#3006=ORIENTED_EDGE('',*,*,#2988,.F.);
#3007=EDGE_LOOP('',(#3001,#3003,#3005,#3006));
#3008=FACE_OUTER_BOUND('',#3007,.F.);
#3009=ADVANCED_FACE('',(#3008),#3000,.T.);
#3010=CARTESIAN_POINT('',(7.49E-1,0.E0,-5.E-1));
#3011=DIRECTION('',(0.E0,0.E0,1.E0));
#3012=DIRECTION('',(1.E0,0.E0,0.E0));
#3013=AXIS2_PLACEMENT_3D('',#3010,#3011,#3012);
#3014=PLANE('',#3013);
#3015=ORIENTED_EDGE('',*,*,#2942,.T.);
#3017=ORIENTED_EDGE('',*,*,#3016,.F.);
#3018=ORIENTED_EDGE('',*,*,#3002,.F.);
#3019=ORIENTED_EDGE('',*,*,#2919,.T.);
#3020=EDGE_LOOP('',(#3015,#3017,#3018,#3019));
#3021=FACE_OUTER_BOUND('',#3020,.F.);
#3022=ADVANCED_FACE('',(#3021),#3014,.F.);
#3023=CARTESIAN_POINT('',(0.E0,2.E-1,0.E0));
#3024=DIRECTION('',(0.E0,-1.E0,0.E0));
#3025=DIRECTION('',(-1.E0,0.E0,0.E0));
#3026=AXIS2_PLACEMENT_3D('',#3023,#3024,#3025);
#3027=PLANE('',#3026);
#3028=ORIENTED_EDGE('',*,*,#2940,.F.);
#3029=ORIENTED_EDGE('',*,*,#2963,.T.);
#3030=ORIENTED_EDGE('',*,*,#2976,.T.);
#3031=ORIENTED_EDGE('',*,*,#2990,.T.);
#3032=ORIENTED_EDGE('',*,*,#3004,.T.);
#3033=ORIENTED_EDGE('',*,*,#3016,.T.);
#3034=EDGE_LOOP('',(#3028,#3029,#3030,#3031,#3032,#3033));
#3035=FACE_OUTER_BOUND('',#3034,.F.);
#3036=ADVANCED_FACE('',(#3035),#3027,.F.);
#3037=CLOSED_SHELL('',(#2931,#2946,#2967,#2981,#2995,#3009,#3022,#3036));
#3038=MANIFOLD_SOLID_BREP('',#3037);
#3039=FILL_AREA_STYLE_COLOUR('',#28);
#3040=FILL_AREA_STYLE('',(#3039));
#3041=SURFACE_STYLE_FILL_AREA(#3040);
#3042=SURFACE_SIDE_STYLE('',(#3041));
#3043=SURFACE_STYLE_USAGE(.POSITIVE.,#3042);
#3044=PRESENTATION_STYLE_ASSIGNMENT((#3043));
#2757=STYLED_ITEM('',(#3044),#3038);
#3046=DIRECTION('',(0.E0,0.E0,-1.E0));
#3047=VECTOR('',#3046,2.E-1);
#3048=CARTESIAN_POINT('',(1.E0,0.E0,1.E-1));
#3049=LINE('',#3048,#3047);
#3050=CURVE_STYLE('',#35,POSITIVE_LENGTH_MEASURE(2.E-2),#28);
#3051=PRESENTATION_STYLE_ASSIGNMENT((#3050));
#3052=STYLED_ITEM('',(#3051),#3049);
#3053=DIRECTION('',(1.E0,0.E0,0.E0));
#3054=VECTOR('',#3053,2.51E-1);
#3055=CARTESIAN_POINT('',(7.49E-1,0.E0,-1.E-1));
#3056=LINE('',#3055,#3054);
#3057=CURVE_STYLE('',#35,POSITIVE_LENGTH_MEASURE(2.E-2),#28);
#3058=PRESENTATION_STYLE_ASSIGNMENT((#3057));
#3059=STYLED_ITEM('',(#3058),#3056);
#3060=CARTESIAN_POINT('',(7.49E-1,0.E0,-1.E-3));
#3061=DIRECTION('',(0.E0,-1.E0,0.E0));
#3062=DIRECTION('',(-1.E0,0.E0,0.E0));
#3063=AXIS2_PLACEMENT_3D('',#3060,#3061,#3062);
#3065=CURVE_STYLE('',#35,POSITIVE_LENGTH_MEASURE(2.E-2),#28);
#3066=PRESENTATION_STYLE_ASSIGNMENT((#3065));
#3067=STYLED_ITEM('',(#3066),#3064);
#3068=DIRECTION('',(0.E0,0.E0,-1.E0));
#3069=VECTOR('',#3068,2.E-3);
#3070=CARTESIAN_POINT('',(6.5E-1,0.E0,1.E-3));
#3071=LINE('',#3070,#3069);
#3072=CURVE_STYLE('',#35,POSITIVE_LENGTH_MEASURE(2.E-2),#28);
#3073=PRESENTATION_STYLE_ASSIGNMENT((#3072));
#3074=STYLED_ITEM('',(#3073),#3071);
#3075=CARTESIAN_POINT('',(7.49E-1,0.E0,1.E-3));
#3076=DIRECTION('',(0.E0,-1.E0,0.E0));
#3077=DIRECTION('',(0.E0,0.E0,1.E0));
#3078=AXIS2_PLACEMENT_3D('',#3075,#3076,#3077);
#3080=CURVE_STYLE('',#35,POSITIVE_LENGTH_MEASURE(2.E-2),#28);
#3081=PRESENTATION_STYLE_ASSIGNMENT((#3080));
#3082=STYLED_ITEM('',(#3081),#3079);
#3083=DIRECTION('',(-1.E0,0.E0,0.E0));
#3084=VECTOR('',#3083,2.51E-1);
#3085=CARTESIAN_POINT('',(1.E0,0.E0,1.E-1));
#3086=LINE('',#3085,#3084);
#3087=CURVE_STYLE('',#35,POSITIVE_LENGTH_MEASURE(2.E-2),#28);
#3088=PRESENTATION_STYLE_ASSIGNMENT((#3087));
#3089=STYLED_ITEM('',(#3088),#3086);
#3090=DIRECTION('',(0.E0,1.E0,0.E0));
#3091=VECTOR('',#3090,2.E-1);
#3092=CARTESIAN_POINT('',(1.E0,0.E0,1.E-1));
#3093=LINE('',#3092,#3091);
#3094=CURVE_STYLE('',#35,POSITIVE_LENGTH_MEASURE(2.E-2),#28);
#3095=PRESENTATION_STYLE_ASSIGNMENT((#3094));
#3096=STYLED_ITEM('',(#3095),#3093);
#3097=DIRECTION('',(0.E0,1.E0,0.E0));
#3098=VECTOR('',#3097,2.E-1);
#3099=CARTESIAN_POINT('',(7.49E-1,0.E0,1.E-1));
#3100=LINE('',#3099,#3098);
#3101=CURVE_STYLE('',#35,POSITIVE_LENGTH_MEASURE(2.E-2),#28);
#3102=PRESENTATION_STYLE_ASSIGNMENT((#3101));
#3103=STYLED_ITEM('',(#3102),#3100);
#3104=DIRECTION('',(0.E0,1.E0,0.E0));
#3105=VECTOR('',#3104,2.E-1);
#3106=CARTESIAN_POINT('',(6.5E-1,0.E0,1.E-3));
#3107=LINE('',#3106,#3105);
#3108=CURVE_STYLE('',#35,POSITIVE_LENGTH_MEASURE(2.E-2),#28);
#3109=PRESENTATION_STYLE_ASSIGNMENT((#3108));
#3110=STYLED_ITEM('',(#3109),#3107);
#3111=DIRECTION('',(0.E0,1.E0,0.E0));
#3112=VECTOR('',#3111,2.E-1);
#3113=CARTESIAN_POINT('',(6.5E-1,0.E0,-1.E-3));
#3114=LINE('',#3113,#3112);
#3115=CURVE_STYLE('',#35,POSITIVE_LENGTH_MEASURE(2.E-2),#28);
#3116=PRESENTATION_STYLE_ASSIGNMENT((#3115));
#3117=STYLED_ITEM('',(#3116),#3114);
#3118=DIRECTION('',(0.E0,1.E0,0.E0));
#3119=VECTOR('',#3118,2.E-1);
#3120=CARTESIAN_POINT('',(1.E0,0.E0,-1.E-1));
#3121=LINE('',#3120,#3119);
#3122=CURVE_STYLE('',#35,POSITIVE_LENGTH_MEASURE(2.E-2),#28);
#3123=PRESENTATION_STYLE_ASSIGNMENT((#3122));
#3124=STYLED_ITEM('',(#3123),#3121);
#3125=DIRECTION('',(0.E0,1.E0,0.E0));
#3126=VECTOR('',#3125,2.E-1);
#3127=CARTESIAN_POINT('',(7.49E-1,0.E0,-1.E-1));
#3128=LINE('',#3127,#3126);
#3129=CURVE_STYLE('',#35,POSITIVE_LENGTH_MEASURE(2.E-2),#28);
#3130=PRESENTATION_STYLE_ASSIGNMENT((#3129));
#3131=STYLED_ITEM('',(#3130),#3128);
#3132=DIRECTION('',(0.E0,0.E0,-1.E0));
#3133=VECTOR('',#3132,2.E-1);
#3134=CARTESIAN_POINT('',(1.E0,2.E-1,1.E-1));
#3135=LINE('',#3134,#3133);
#3136=CURVE_STYLE('',#35,POSITIVE_LENGTH_MEASURE(2.E-2),#28);
#3137=PRESENTATION_STYLE_ASSIGNMENT((#3136));
#3138=STYLED_ITEM('',(#3137),#3135);
#3139=DIRECTION('',(-1.E0,0.E0,0.E0));
#3140=VECTOR('',#3139,2.51E-1);
#3141=CARTESIAN_POINT('',(1.E0,2.E-1,1.E-1));
#3142=LINE('',#3141,#3140);
#3143=CURVE_STYLE('',#35,POSITIVE_LENGTH_MEASURE(2.E-2),#28);
#3144=PRESENTATION_STYLE_ASSIGNMENT((#3143));
#3145=STYLED_ITEM('',(#3144),#3142);
#3146=CARTESIAN_POINT('',(7.49E-1,2.E-1,1.E-3));
#3147=DIRECTION('',(0.E0,-1.E0,0.E0));
#3148=DIRECTION('',(0.E0,0.E0,1.E0));
#3149=AXIS2_PLACEMENT_3D('',#3146,#3147,#3148);
#3151=CURVE_STYLE('',#35,POSITIVE_LENGTH_MEASURE(2.E-2),#28);
#3152=PRESENTATION_STYLE_ASSIGNMENT((#3151));
#3153=STYLED_ITEM('',(#3152),#3150);
#3154=DIRECTION('',(0.E0,0.E0,-1.E0));
#3155=VECTOR('',#3154,2.E-3);
#3156=CARTESIAN_POINT('',(6.5E-1,2.E-1,1.E-3));
#3157=LINE('',#3156,#3155);
#3158=CURVE_STYLE('',#35,POSITIVE_LENGTH_MEASURE(2.E-2),#28);
#3159=PRESENTATION_STYLE_ASSIGNMENT((#3158));
#3160=STYLED_ITEM('',(#3159),#3157);
#3161=CARTESIAN_POINT('',(7.49E-1,2.E-1,-1.E-3));
#3162=DIRECTION('',(0.E0,-1.E0,0.E0));
#3163=DIRECTION('',(-1.E0,0.E0,0.E0));
#3164=AXIS2_PLACEMENT_3D('',#3161,#3162,#3163);
#3166=CURVE_STYLE('',#35,POSITIVE_LENGTH_MEASURE(2.E-2),#28);
#3167=PRESENTATION_STYLE_ASSIGNMENT((#3166));
#3168=STYLED_ITEM('',(#3167),#3165);
#3169=DIRECTION('',(1.E0,0.E0,0.E0));
#3170=VECTOR('',#3169,2.51E-1);
#3171=CARTESIAN_POINT('',(7.49E-1,2.E-1,-1.E-1));
#3172=LINE('',#3171,#3170);
#3173=CURVE_STYLE('',#35,POSITIVE_LENGTH_MEASURE(2.E-2),#28);
#3174=PRESENTATION_STYLE_ASSIGNMENT((#3173));
#3175=STYLED_ITEM('',(#3174),#3172);
#3176=CARTESIAN_POINT('',(7.49E-1,0.E0,1.E-1));
#3177=CARTESIAN_POINT('',(6.5E-1,0.E0,1.E-3));
#3178=VERTEX_POINT('',#3176);
#3179=VERTEX_POINT('',#3177);
#3180=CARTESIAN_POINT('',(6.5E-1,0.E0,-1.E-3));
#3181=VERTEX_POINT('',#3180);
#3182=CARTESIAN_POINT('',(7.49E-1,0.E0,-1.E-1));
#3183=VERTEX_POINT('',#3182);
#3184=CARTESIAN_POINT('',(7.49E-1,2.E-1,1.E-1));
#3185=CARTESIAN_POINT('',(6.5E-1,2.E-1,1.E-3));
#3186=VERTEX_POINT('',#3184);
#3187=VERTEX_POINT('',#3185);
#3188=CARTESIAN_POINT('',(6.5E-1,2.E-1,-1.E-3));
#3189=VERTEX_POINT('',#3188);
#3190=CARTESIAN_POINT('',(7.49E-1,2.E-1,-1.E-1));
#3191=VERTEX_POINT('',#3190);
#3192=CARTESIAN_POINT('',(1.E0,0.E0,1.E-1));
#3193=CARTESIAN_POINT('',(1.E0,0.E0,-1.E-1));
#3194=VERTEX_POINT('',#3192);
#3195=VERTEX_POINT('',#3193);
#3196=CARTESIAN_POINT('',(1.E0,2.E-1,1.E-1));
#3197=CARTESIAN_POINT('',(1.E0,2.E-1,-1.E-1));
#3198=VERTEX_POINT('',#3196);
#3199=VERTEX_POINT('',#3197);
#3200=CARTESIAN_POINT('',(0.E0,0.E0,0.E0));
#3201=DIRECTION('',(0.E0,-1.E0,0.E0));
#3202=DIRECTION('',(-1.E0,0.E0,0.E0));
#3203=AXIS2_PLACEMENT_3D('',#3200,#3201,#3202);
#3204=PLANE('',#3203);
#3206=ORIENTED_EDGE('',*,*,#3205,.T.);
#3208=ORIENTED_EDGE('',*,*,#3207,.F.);
#3210=ORIENTED_EDGE('',*,*,#3209,.F.);
#3212=ORIENTED_EDGE('',*,*,#3211,.F.);
#3214=ORIENTED_EDGE('',*,*,#3213,.F.);
#3216=ORIENTED_EDGE('',*,*,#3215,.F.);
#3217=EDGE_LOOP('',(#3206,#3208,#3210,#3212,#3214,#3216));
#3218=FACE_OUTER_BOUND('',#3217,.F.);
#3219=ADVANCED_FACE('',(#3218),#3204,.T.);
#3220=CARTESIAN_POINT('',(1.E0,0.E0,-1.5E0));
#3221=DIRECTION('',(-1.E0,0.E0,0.E0));
#3222=DIRECTION('',(0.E0,0.E0,1.E0));
#3223=AXIS2_PLACEMENT_3D('',#3220,#3221,#3222);
#3224=PLANE('',#3223);
#3225=ORIENTED_EDGE('',*,*,#3205,.F.);
#3227=ORIENTED_EDGE('',*,*,#3226,.T.);
#3229=ORIENTED_EDGE('',*,*,#3228,.T.);
#3231=ORIENTED_EDGE('',*,*,#3230,.F.);
#3232=EDGE_LOOP('',(#3225,#3227,#3229,#3231));
#3233=FACE_OUTER_BOUND('',#3232,.F.);
#3234=ADVANCED_FACE('',(#3233),#3224,.F.);
#3235=FILL_AREA_STYLE_COLOUR('',#29);
#3236=FILL_AREA_STYLE('',(#3235));
#3237=SURFACE_STYLE_FILL_AREA(#3236);
#3238=SURFACE_SIDE_STYLE('',(#3237));
#3239=SURFACE_STYLE_USAGE(.POSITIVE.,#3238);
#3240=PRESENTATION_STYLE_ASSIGNMENT((#3239));
#3241=OVER_RIDING_STYLED_ITEM('',(#3240),#3234,#3045);
#3242=CARTESIAN_POINT('',(1.1E0,0.E0,1.E-1));
#3243=DIRECTION('',(0.E0,0.E0,-1.E0));
#3244=DIRECTION('',(-1.E0,0.E0,0.E0));
#3245=AXIS2_PLACEMENT_3D('',#3242,#3243,#3244);
#3246=PLANE('',#3245);
#3247=ORIENTED_EDGE('',*,*,#3226,.F.);
#3248=ORIENTED_EDGE('',*,*,#3215,.T.);
#3250=ORIENTED_EDGE('',*,*,#3249,.T.);
#3252=ORIENTED_EDGE('',*,*,#3251,.F.);
#3253=EDGE_LOOP('',(#3247,#3248,#3250,#3252));
#3254=FACE_OUTER_BOUND('',#3253,.F.);
#3255=ADVANCED_FACE('',(#3254),#3246,.F.);
#3256=CARTESIAN_POINT('',(7.49E-1,0.E0,1.E-3));
#3257=DIRECTION('',(0.E0,-1.E0,0.E0));
#3258=DIRECTION('',(-1.E0,0.E0,0.E0));
#3259=AXIS2_PLACEMENT_3D('',#3256,#3257,#3258);
#3260=CYLINDRICAL_SURFACE('',#3259,9.9E-2);
#3261=ORIENTED_EDGE('',*,*,#3213,.T.);
#3263=ORIENTED_EDGE('',*,*,#3262,.T.);
#3265=ORIENTED_EDGE('',*,*,#3264,.F.);
#3266=ORIENTED_EDGE('',*,*,#3249,.F.);
#3267=EDGE_LOOP('',(#3261,#3263,#3265,#3266));
#3268=FACE_OUTER_BOUND('',#3267,.F.);
#3269=ADVANCED_FACE('',(#3268),#3260,.T.);
#3270=CARTESIAN_POINT('',(6.5E-1,0.E0,1.E-3));
#3271=DIRECTION('',(1.E0,0.E0,0.E0));
#3272=DIRECTION('',(0.E0,0.E0,-1.E0));
#3273=AXIS2_PLACEMENT_3D('',#3270,#3271,#3272);
#3274=PLANE('',#3273);
#3275=ORIENTED_EDGE('',*,*,#3211,.T.);
#3277=ORIENTED_EDGE('',*,*,#3276,.T.);
#3279=ORIENTED_EDGE('',*,*,#3278,.F.);
#3280=ORIENTED_EDGE('',*,*,#3262,.F.);
#3281=EDGE_LOOP('',(#3275,#3277,#3279,#3280));
#3282=FACE_OUTER_BOUND('',#3281,.F.);
#3283=ADVANCED_FACE('',(#3282),#3274,.F.);
#3284=CARTESIAN_POINT('',(7.49E-1,0.E0,-1.E-3));
#3285=DIRECTION('',(0.E0,-1.E0,0.E0));
#3286=DIRECTION('',(-1.E0,0.E0,0.E0));
#3287=AXIS2_PLACEMENT_3D('',#3284,#3285,#3286);
#3288=CYLINDRICAL_SURFACE('',#3287,9.9E-2);
#3289=ORIENTED_EDGE('',*,*,#3209,.T.);
#3291=ORIENTED_EDGE('',*,*,#3290,.T.);
#3293=ORIENTED_EDGE('',*,*,#3292,.F.);
#3294=ORIENTED_EDGE('',*,*,#3276,.F.);
#3295=EDGE_LOOP('',(#3289,#3291,#3293,#3294));
#3296=FACE_OUTER_BOUND('',#3295,.F.);
#3297=ADVANCED_FACE('',(#3296),#3288,.T.);
#3298=CARTESIAN_POINT('',(7.49E-1,0.E0,-1.E-1));
#3299=DIRECTION('',(0.E0,0.E0,1.E0));
#3300=DIRECTION('',(1.E0,0.E0,0.E0));
#3301=AXIS2_PLACEMENT_3D('',#3298,#3299,#3300);
#3302=PLANE('',#3301);
#3303=ORIENTED_EDGE('',*,*,#3230,.T.);
#3305=ORIENTED_EDGE('',*,*,#3304,.F.);
#3306=ORIENTED_EDGE('',*,*,#3290,.F.);
#3307=ORIENTED_EDGE('',*,*,#3207,.T.);
#3308=EDGE_LOOP('',(#3303,#3305,#3306,#3307));
#3309=FACE_OUTER_BOUND('',#3308,.F.);
#3310=ADVANCED_FACE('',(#3309),#3302,.F.);
#3311=CARTESIAN_POINT('',(0.E0,2.E-1,0.E0));
#3312=DIRECTION('',(0.E0,-1.E0,0.E0));
#3313=DIRECTION('',(-1.E0,0.E0,0.E0));
#3314=AXIS2_PLACEMENT_3D('',#3311,#3312,#3313);
#3315=PLANE('',#3314);
#3316=ORIENTED_EDGE('',*,*,#3228,.F.);
#3317=ORIENTED_EDGE('',*,*,#3251,.T.);
#3318=ORIENTED_EDGE('',*,*,#3264,.T.);
#3319=ORIENTED_EDGE('',*,*,#3278,.T.);
#3320=ORIENTED_EDGE('',*,*,#3292,.T.);
#3321=ORIENTED_EDGE('',*,*,#3304,.T.);
#3322=EDGE_LOOP('',(#3316,#3317,#3318,#3319,#3320,#3321));
#3323=FACE_OUTER_BOUND('',#3322,.F.);
#3324=ADVANCED_FACE('',(#3323),#3315,.F.);
#3325=CLOSED_SHELL('',(#3219,#3234,#3255,#3269,#3283,#3297,#3310,#3324));
#3326=MANIFOLD_SOLID_BREP('',#3325);
#3327=FILL_AREA_STYLE_COLOUR('',#28);
#3328=FILL_AREA_STYLE('',(#3327));
#3329=SURFACE_STYLE_FILL_AREA(#3328);
#3330=SURFACE_SIDE_STYLE('',(#3329));
#3331=SURFACE_STYLE_USAGE(.POSITIVE.,#3330);
#3332=PRESENTATION_STYLE_ASSIGNMENT((#3331));
#3045=STYLED_ITEM('',(#3332),#3326);
#3334=DIRECTION('',(0.E0,0.E0,-1.E0));
#3335=VECTOR('',#3334,2.E-1);
#3336=CARTESIAN_POINT('',(1.E0,0.E0,5.E-1));
#3337=LINE('',#3336,#3335);
#3338=CURVE_STYLE('',#35,POSITIVE_LENGTH_MEASURE(2.E-2),#28);
#3339=PRESENTATION_STYLE_ASSIGNMENT((#3338));
#3340=STYLED_ITEM('',(#3339),#3337);
#3341=DIRECTION('',(1.E0,0.E0,0.E0));
#3342=VECTOR('',#3341,2.51E-1);
#3343=CARTESIAN_POINT('',(7.49E-1,0.E0,3.E-1));
#3344=LINE('',#3343,#3342);
#3345=CURVE_STYLE('',#35,POSITIVE_LENGTH_MEASURE(2.E-2),#28);
#3346=PRESENTATION_STYLE_ASSIGNMENT((#3345));
#3347=STYLED_ITEM('',(#3346),#3344);
#3348=CARTESIAN_POINT('',(7.49E-1,0.E0,3.99E-1));
#3349=DIRECTION('',(0.E0,-1.E0,0.E0));
#3350=DIRECTION('',(-1.E0,0.E0,0.E0));
#3351=AXIS2_PLACEMENT_3D('',#3348,#3349,#3350);
#3353=CURVE_STYLE('',#35,POSITIVE_LENGTH_MEASURE(2.E-2),#28);
#3354=PRESENTATION_STYLE_ASSIGNMENT((#3353));
#3355=STYLED_ITEM('',(#3354),#3352);
#3356=DIRECTION('',(0.E0,0.E0,-1.E0));
#3357=VECTOR('',#3356,2.E-3);
#3358=CARTESIAN_POINT('',(6.5E-1,0.E0,4.01E-1));
#3359=LINE('',#3358,#3357);
#3360=CURVE_STYLE('',#35,POSITIVE_LENGTH_MEASURE(2.E-2),#28);
#3361=PRESENTATION_STYLE_ASSIGNMENT((#3360));
#3362=STYLED_ITEM('',(#3361),#3359);
#3363=CARTESIAN_POINT('',(7.49E-1,0.E0,4.01E-1));
#3364=DIRECTION('',(0.E0,-1.E0,0.E0));
#3365=DIRECTION('',(-1.233581138472E-14,0.E0,1.E0));
#3366=AXIS2_PLACEMENT_3D('',#3363,#3364,#3365);
#3368=CURVE_STYLE('',#35,POSITIVE_LENGTH_MEASURE(2.E-2),#28);
#3369=PRESENTATION_STYLE_ASSIGNMENT((#3368));
#3370=STYLED_ITEM('',(#3369),#3367);
#3371=DIRECTION('',(-1.E0,0.E0,0.E0));
#3372=VECTOR('',#3371,2.51E-1);
#3373=CARTESIAN_POINT('',(1.E0,0.E0,5.E-1));
#3374=LINE('',#3373,#3372);
#3375=CURVE_STYLE('',#35,POSITIVE_LENGTH_MEASURE(2.E-2),#28);
#3376=PRESENTATION_STYLE_ASSIGNMENT((#3375));
#3377=STYLED_ITEM('',(#3376),#3374);
#3378=DIRECTION('',(0.E0,1.E0,0.E0));
#3379=VECTOR('',#3378,2.E-1);
#3380=CARTESIAN_POINT('',(1.E0,0.E0,5.E-1));
#3381=LINE('',#3380,#3379);
#3382=CURVE_STYLE('',#35,POSITIVE_LENGTH_MEASURE(2.E-2),#28);
#3383=PRESENTATION_STYLE_ASSIGNMENT((#3382));
#3384=STYLED_ITEM('',(#3383),#3381);
#3385=DIRECTION('',(0.E0,1.E0,0.E0));
#3386=VECTOR('',#3385,2.E-1);
#3387=CARTESIAN_POINT('',(7.49E-1,0.E0,5.E-1));
#3388=LINE('',#3387,#3386);
#3389=CURVE_STYLE('',#35,POSITIVE_LENGTH_MEASURE(2.E-2),#28);
#3390=PRESENTATION_STYLE_ASSIGNMENT((#3389));
#3391=STYLED_ITEM('',(#3390),#3388);
#3392=DIRECTION('',(0.E0,1.E0,0.E0));
#3393=VECTOR('',#3392,2.E-1);
#3394=CARTESIAN_POINT('',(6.5E-1,0.E0,4.01E-1));
#3395=LINE('',#3394,#3393);
#3396=CURVE_STYLE('',#35,POSITIVE_LENGTH_MEASURE(2.E-2),#28);
#3397=PRESENTATION_STYLE_ASSIGNMENT((#3396));
#3398=STYLED_ITEM('',(#3397),#3395);
#3399=DIRECTION('',(0.E0,1.E0,0.E0));
#3400=VECTOR('',#3399,2.E-1);
#3401=CARTESIAN_POINT('',(6.5E-1,0.E0,3.99E-1));
#3402=LINE('',#3401,#3400);
#3403=CURVE_STYLE('',#35,POSITIVE_LENGTH_MEASURE(2.E-2),#28);
#3404=PRESENTATION_STYLE_ASSIGNMENT((#3403));
#3405=STYLED_ITEM('',(#3404),#3402);
#3406=DIRECTION('',(0.E0,1.E0,0.E0));
#3407=VECTOR('',#3406,2.E-1);
#3408=CARTESIAN_POINT('',(1.E0,0.E0,3.E-1));
#3409=LINE('',#3408,#3407);
#3410=CURVE_STYLE('',#35,POSITIVE_LENGTH_MEASURE(2.E-2),#28);
#3411=PRESENTATION_STYLE_ASSIGNMENT((#3410));
#3412=STYLED_ITEM('',(#3411),#3409);
#3413=DIRECTION('',(0.E0,1.E0,0.E0));
#3414=VECTOR('',#3413,2.E-1);
#3415=CARTESIAN_POINT('',(7.49E-1,0.E0,3.E-1));
#3416=LINE('',#3415,#3414);
#3417=CURVE_STYLE('',#35,POSITIVE_LENGTH_MEASURE(2.E-2),#28);
#3418=PRESENTATION_STYLE_ASSIGNMENT((#3417));
#3419=STYLED_ITEM('',(#3418),#3416);
#3420=DIRECTION('',(0.E0,0.E0,-1.E0));
#3421=VECTOR('',#3420,2.E-1);
#3422=CARTESIAN_POINT('',(1.E0,2.E-1,5.E-1));
#3423=LINE('',#3422,#3421);
#3424=CURVE_STYLE('',#35,POSITIVE_LENGTH_MEASURE(2.E-2),#28);
#3425=PRESENTATION_STYLE_ASSIGNMENT((#3424));
#3426=STYLED_ITEM('',(#3425),#3423);
#3427=DIRECTION('',(-1.E0,0.E0,0.E0));
#3428=VECTOR('',#3427,2.51E-1);
#3429=CARTESIAN_POINT('',(1.E0,2.E-1,5.E-1));
#3430=LINE('',#3429,#3428);
#3431=CURVE_STYLE('',#35,POSITIVE_LENGTH_MEASURE(2.E-2),#28);
#3432=PRESENTATION_STYLE_ASSIGNMENT((#3431));
#3433=STYLED_ITEM('',(#3432),#3430);
#3434=CARTESIAN_POINT('',(7.49E-1,2.E-1,4.01E-1));
#3435=DIRECTION('',(0.E0,-1.E0,0.E0));
#3436=DIRECTION('',(-1.233581138472E-14,0.E0,1.E0));
#3437=AXIS2_PLACEMENT_3D('',#3434,#3435,#3436);
#3439=CURVE_STYLE('',#35,POSITIVE_LENGTH_MEASURE(2.E-2),#28);
#3440=PRESENTATION_STYLE_ASSIGNMENT((#3439));
#3441=STYLED_ITEM('',(#3440),#3438);
#3442=DIRECTION('',(0.E0,0.E0,-1.E0));
#3443=VECTOR('',#3442,2.E-3);
#3444=CARTESIAN_POINT('',(6.5E-1,2.E-1,4.01E-1));
#3445=LINE('',#3444,#3443);
#3446=CURVE_STYLE('',#35,POSITIVE_LENGTH_MEASURE(2.E-2),#28);
#3447=PRESENTATION_STYLE_ASSIGNMENT((#3446));
#3448=STYLED_ITEM('',(#3447),#3445);
#3449=CARTESIAN_POINT('',(7.49E-1,2.E-1,3.99E-1));
#3450=DIRECTION('',(0.E0,-1.E0,0.E0));
#3451=DIRECTION('',(-1.E0,0.E0,0.E0));
#3452=AXIS2_PLACEMENT_3D('',#3449,#3450,#3451);
#3454=CURVE_STYLE('',#35,POSITIVE_LENGTH_MEASURE(2.E-2),#28);
#3455=PRESENTATION_STYLE_ASSIGNMENT((#3454));
#3456=STYLED_ITEM('',(#3455),#3453);
#3457=DIRECTION('',(1.E0,0.E0,0.E0));
#3458=VECTOR('',#3457,2.51E-1);
#3459=CARTESIAN_POINT('',(7.49E-1,2.E-1,3.E-1));
#3460=LINE('',#3459,#3458);
#3461=CURVE_STYLE('',#35,POSITIVE_LENGTH_MEASURE(2.E-2),#28);
#3462=PRESENTATION_STYLE_ASSIGNMENT((#3461));
#3463=STYLED_ITEM('',(#3462),#3460);
#3464=CARTESIAN_POINT('',(7.49E-1,0.E0,5.E-1));
#3465=CARTESIAN_POINT('',(6.5E-1,0.E0,4.01E-1));
#3466=VERTEX_POINT('',#3464);
#3467=VERTEX_POINT('',#3465);
#3468=CARTESIAN_POINT('',(6.5E-1,0.E0,3.99E-1));
#3469=VERTEX_POINT('',#3468);
#3470=CARTESIAN_POINT('',(7.49E-1,0.E0,3.E-1));
#3471=VERTEX_POINT('',#3470);
#3472=CARTESIAN_POINT('',(7.49E-1,2.E-1,5.E-1));
#3473=CARTESIAN_POINT('',(6.5E-1,2.E-1,4.01E-1));
#3474=VERTEX_POINT('',#3472);
#3475=VERTEX_POINT('',#3473);
#3476=CARTESIAN_POINT('',(6.5E-1,2.E-1,3.99E-1));
#3477=VERTEX_POINT('',#3476);
#3478=CARTESIAN_POINT('',(7.49E-1,2.E-1,3.E-1));
#3479=VERTEX_POINT('',#3478);
#3480=CARTESIAN_POINT('',(1.E0,0.E0,5.E-1));
#3481=CARTESIAN_POINT('',(1.E0,0.E0,3.E-1));
#3482=VERTEX_POINT('',#3480);
#3483=VERTEX_POINT('',#3481);
#3484=CARTESIAN_POINT('',(1.E0,2.E-1,5.E-1));
#3485=CARTESIAN_POINT('',(1.E0,2.E-1,3.E-1));
#3486=VERTEX_POINT('',#3484);
#3487=VERTEX_POINT('',#3485);
#3488=CARTESIAN_POINT('',(0.E0,0.E0,0.E0));
#3489=DIRECTION('',(0.E0,-1.E0,0.E0));
#3490=DIRECTION('',(-1.E0,0.E0,0.E0));
#3491=AXIS2_PLACEMENT_3D('',#3488,#3489,#3490);
#3492=PLANE('',#3491);
#3494=ORIENTED_EDGE('',*,*,#3493,.T.);
#3496=ORIENTED_EDGE('',*,*,#3495,.F.);
#3498=ORIENTED_EDGE('',*,*,#3497,.F.);
#3500=ORIENTED_EDGE('',*,*,#3499,.F.);
#3502=ORIENTED_EDGE('',*,*,#3501,.F.);
#3504=ORIENTED_EDGE('',*,*,#3503,.F.);
#3505=EDGE_LOOP('',(#3494,#3496,#3498,#3500,#3502,#3504));
#3506=FACE_OUTER_BOUND('',#3505,.F.);
#3507=ADVANCED_FACE('',(#3506),#3492,.T.);
#3508=CARTESIAN_POINT('',(1.E0,0.E0,-1.5E0));
#3509=DIRECTION('',(-1.E0,0.E0,0.E0));
#3510=DIRECTION('',(0.E0,0.E0,1.E0));
#3511=AXIS2_PLACEMENT_3D('',#3508,#3509,#3510);
#3512=PLANE('',#3511);
#3513=ORIENTED_EDGE('',*,*,#3493,.F.);
#3515=ORIENTED_EDGE('',*,*,#3514,.T.);
#3517=ORIENTED_EDGE('',*,*,#3516,.T.);
#3519=ORIENTED_EDGE('',*,*,#3518,.F.);
#3520=EDGE_LOOP('',(#3513,#3515,#3517,#3519));
#3521=FACE_OUTER_BOUND('',#3520,.F.);
#3522=ADVANCED_FACE('',(#3521),#3512,.F.);
#3523=FILL_AREA_STYLE_COLOUR('',#29);
#3524=FILL_AREA_STYLE('',(#3523));
#3525=SURFACE_STYLE_FILL_AREA(#3524);
#3526=SURFACE_SIDE_STYLE('',(#3525));
#3527=SURFACE_STYLE_USAGE(.POSITIVE.,#3526);
#3528=PRESENTATION_STYLE_ASSIGNMENT((#3527));
#3529=OVER_RIDING_STYLED_ITEM('',(#3528),#3522,#3333);
#3530=CARTESIAN_POINT('',(1.1E0,0.E0,5.E-1));
#3531=DIRECTION('',(0.E0,0.E0,-1.E0));
#3532=DIRECTION('',(-1.E0,0.E0,0.E0));
#3533=AXIS2_PLACEMENT_3D('',#3530,#3531,#3532);
#3534=PLANE('',#3533);
#3535=ORIENTED_EDGE('',*,*,#3514,.F.);
#3536=ORIENTED_EDGE('',*,*,#3503,.T.);
#3538=ORIENTED_EDGE('',*,*,#3537,.T.);
#3540=ORIENTED_EDGE('',*,*,#3539,.F.);
#3541=EDGE_LOOP('',(#3535,#3536,#3538,#3540));
#3542=FACE_OUTER_BOUND('',#3541,.F.);
#3543=ADVANCED_FACE('',(#3542),#3534,.F.);
#3544=CARTESIAN_POINT('',(7.49E-1,0.E0,4.01E-1));
#3545=DIRECTION('',(0.E0,-1.E0,0.E0));
#3546=DIRECTION('',(-1.E0,0.E0,0.E0));
#3547=AXIS2_PLACEMENT_3D('',#3544,#3545,#3546);
#3548=CYLINDRICAL_SURFACE('',#3547,9.9E-2);
#3549=ORIENTED_EDGE('',*,*,#3501,.T.);
#3551=ORIENTED_EDGE('',*,*,#3550,.T.);
#3553=ORIENTED_EDGE('',*,*,#3552,.F.);
#3554=ORIENTED_EDGE('',*,*,#3537,.F.);
#3555=EDGE_LOOP('',(#3549,#3551,#3553,#3554));
#3556=FACE_OUTER_BOUND('',#3555,.F.);
#3557=ADVANCED_FACE('',(#3556),#3548,.T.);
#3558=CARTESIAN_POINT('',(6.5E-1,0.E0,4.01E-1));
#3559=DIRECTION('',(1.E0,0.E0,0.E0));
#3560=DIRECTION('',(0.E0,0.E0,-1.E0));
#3561=AXIS2_PLACEMENT_3D('',#3558,#3559,#3560);
#3562=PLANE('',#3561);
#3563=ORIENTED_EDGE('',*,*,#3499,.T.);
#3565=ORIENTED_EDGE('',*,*,#3564,.T.);
#3567=ORIENTED_EDGE('',*,*,#3566,.F.);
#3568=ORIENTED_EDGE('',*,*,#3550,.F.);
#3569=EDGE_LOOP('',(#3563,#3565,#3567,#3568));
#3570=FACE_OUTER_BOUND('',#3569,.F.);
#3571=ADVANCED_FACE('',(#3570),#3562,.F.);
#3572=CARTESIAN_POINT('',(7.49E-1,0.E0,3.99E-1));
#3573=DIRECTION('',(0.E0,-1.E0,0.E0));
#3574=DIRECTION('',(-1.E0,0.E0,0.E0));
#3575=AXIS2_PLACEMENT_3D('',#3572,#3573,#3574);
#3576=CYLINDRICAL_SURFACE('',#3575,9.9E-2);
#3577=ORIENTED_EDGE('',*,*,#3497,.T.);
#3579=ORIENTED_EDGE('',*,*,#3578,.T.);
#3581=ORIENTED_EDGE('',*,*,#3580,.F.);
#3582=ORIENTED_EDGE('',*,*,#3564,.F.);
#3583=EDGE_LOOP('',(#3577,#3579,#3581,#3582));
#3584=FACE_OUTER_BOUND('',#3583,.F.);
#3585=ADVANCED_FACE('',(#3584),#3576,.T.);
#3586=CARTESIAN_POINT('',(7.49E-1,0.E0,3.E-1));
#3587=DIRECTION('',(0.E0,0.E0,1.E0));
#3588=DIRECTION('',(1.E0,0.E0,0.E0));
#3589=AXIS2_PLACEMENT_3D('',#3586,#3587,#3588);
#3590=PLANE('',#3589);
#3591=ORIENTED_EDGE('',*,*,#3518,.T.);
#3593=ORIENTED_EDGE('',*,*,#3592,.F.);
#3594=ORIENTED_EDGE('',*,*,#3578,.F.);
#3595=ORIENTED_EDGE('',*,*,#3495,.T.);
#3596=EDGE_LOOP('',(#3591,#3593,#3594,#3595));
#3597=FACE_OUTER_BOUND('',#3596,.F.);
#3598=ADVANCED_FACE('',(#3597),#3590,.F.);
#3599=CARTESIAN_POINT('',(0.E0,2.E-1,0.E0));
#3600=DIRECTION('',(0.E0,-1.E0,0.E0));
#3601=DIRECTION('',(-1.E0,0.E0,0.E0));
#3602=AXIS2_PLACEMENT_3D('',#3599,#3600,#3601);
#3603=PLANE('',#3602);
#3604=ORIENTED_EDGE('',*,*,#3516,.F.);
#3605=ORIENTED_EDGE('',*,*,#3539,.T.);
#3606=ORIENTED_EDGE('',*,*,#3552,.T.);
#3607=ORIENTED_EDGE('',*,*,#3566,.T.);
#3608=ORIENTED_EDGE('',*,*,#3580,.T.);
#3609=ORIENTED_EDGE('',*,*,#3592,.T.);
#3610=EDGE_LOOP('',(#3604,#3605,#3606,#3607,#3608,#3609));
#3611=FACE_OUTER_BOUND('',#3610,.F.);
#3612=ADVANCED_FACE('',(#3611),#3603,.F.);
#3613=CLOSED_SHELL('',(#3507,#3522,#3543,#3557,#3571,#3585,#3598,#3612));
#3614=MANIFOLD_SOLID_BREP('',#3613);
#3615=FILL_AREA_STYLE_COLOUR('',#28);
#3616=FILL_AREA_STYLE('',(#3615));
#3617=SURFACE_STYLE_FILL_AREA(#3616);
#3618=SURFACE_SIDE_STYLE('',(#3617));
#3619=SURFACE_STYLE_USAGE(.POSITIVE.,#3618);
#3620=PRESENTATION_STYLE_ASSIGNMENT((#3619));
#3333=STYLED_ITEM('',(#3620),#3614);
#3622=DIRECTION('',(0.E0,0.E0,1.E0));
#3623=VECTOR('',#3622,2.5E0);
#3624=CARTESIAN_POINT('',(-4.5E-1,0.E0,-1.25E0));
#3625=LINE('',#3624,#3623);
#3626=CURVE_STYLE('',#35,POSITIVE_LENGTH_MEASURE(2.E-2),#28);
#3627=PRESENTATION_STYLE_ASSIGNMENT((#3626));
#3628=STYLED_ITEM('',(#3627),#3625);
#3629=DIRECTION('',(1.E0,0.E0,0.E0));
#3630=VECTOR('',#3629,9.E-1);
#3631=CARTESIAN_POINT('',(-4.5E-1,0.E0,1.25E0));
#3632=LINE('',#3631,#3630);
#3633=CURVE_STYLE('',#35,POSITIVE_LENGTH_MEASURE(2.E-2),#28);
#3634=PRESENTATION_STYLE_ASSIGNMENT((#3633));
#3635=STYLED_ITEM('',(#3634),#3632);
#3636=DIRECTION('',(0.E0,0.E0,-1.E0));
#3637=VECTOR('',#3636,2.5E0);
#3638=CARTESIAN_POINT('',(4.5E-1,0.E0,1.25E0));
#3639=LINE('',#3638,#3637);
#3640=CURVE_STYLE('',#35,POSITIVE_LENGTH_MEASURE(2.E-2),#28);
#3641=PRESENTATION_STYLE_ASSIGNMENT((#3640));
#3642=STYLED_ITEM('',(#3641),#3639);
#3643=DIRECTION('',(-1.E0,0.E0,0.E0));
#3644=VECTOR('',#3643,9.E-1);
#3645=CARTESIAN_POINT('',(4.5E-1,0.E0,-1.25E0));
#3646=LINE('',#3645,#3644);
#3647=CURVE_STYLE('',#35,POSITIVE_LENGTH_MEASURE(2.E-2),#28);
#3648=PRESENTATION_STYLE_ASSIGNMENT((#3647));
#3649=STYLED_ITEM('',(#3648),#3646);
#3650=DIRECTION('',(0.E0,1.E0,0.E0));
#3651=VECTOR('',#3650,2.E-1);
#3652=CARTESIAN_POINT('',(-4.5E-1,0.E0,-1.25E0));
#3653=LINE('',#3652,#3651);
#3654=CURVE_STYLE('',#35,POSITIVE_LENGTH_MEASURE(2.E-2),#28);
#3655=PRESENTATION_STYLE_ASSIGNMENT((#3654));
#3656=STYLED_ITEM('',(#3655),#3653);
#3657=DIRECTION('',(0.E0,1.E0,0.E0));
#3658=VECTOR('',#3657,2.E-1);
#3659=CARTESIAN_POINT('',(4.5E-1,0.E0,-1.25E0));
#3660=LINE('',#3659,#3658);
#3661=CURVE_STYLE('',#35,POSITIVE_LENGTH_MEASURE(2.E-2),#28);
#3662=PRESENTATION_STYLE_ASSIGNMENT((#3661));
#3663=STYLED_ITEM('',(#3662),#3660);
#3664=DIRECTION('',(0.E0,1.E0,0.E0));
#3665=VECTOR('',#3664,2.E-1);
#3666=CARTESIAN_POINT('',(4.5E-1,0.E0,1.25E0));
#3667=LINE('',#3666,#3665);
#3668=CURVE_STYLE('',#35,POSITIVE_LENGTH_MEASURE(2.E-2),#28);
#3669=PRESENTATION_STYLE_ASSIGNMENT((#3668));
#3670=STYLED_ITEM('',(#3669),#3667);
#3671=DIRECTION('',(0.E0,1.E0,0.E0));
#3672=VECTOR('',#3671,2.E-1);
#3673=CARTESIAN_POINT('',(-4.5E-1,0.E0,1.25E0));
#3674=LINE('',#3673,#3672);
#3675=CURVE_STYLE('',#35,POSITIVE_LENGTH_MEASURE(2.E-2),#28);
#3676=PRESENTATION_STYLE_ASSIGNMENT((#3675));
#3677=STYLED_ITEM('',(#3676),#3674);
#3678=DIRECTION('',(0.E0,0.E0,1.E0));
#3679=VECTOR('',#3678,2.5E0);
#3680=CARTESIAN_POINT('',(-4.5E-1,2.E-1,-1.25E0));
#3681=LINE('',#3680,#3679);
#3682=CURVE_STYLE('',#35,POSITIVE_LENGTH_MEASURE(2.E-2),#28);
#3683=PRESENTATION_STYLE_ASSIGNMENT((#3682));
#3684=STYLED_ITEM('',(#3683),#3681);
#3685=DIRECTION('',(-1.E0,0.E0,0.E0));
#3686=VECTOR('',#3685,9.E-1);
#3687=CARTESIAN_POINT('',(4.5E-1,2.E-1,-1.25E0));
#3688=LINE('',#3687,#3686);
#3689=CURVE_STYLE('',#35,POSITIVE_LENGTH_MEASURE(2.E-2),#28);
#3690=PRESENTATION_STYLE_ASSIGNMENT((#3689));
#3691=STYLED_ITEM('',(#3690),#3688);
#3692=DIRECTION('',(0.E0,0.E0,-1.E0));
#3693=VECTOR('',#3692,2.5E0);
#3694=CARTESIAN_POINT('',(4.5E-1,2.E-1,1.25E0));
#3695=LINE('',#3694,#3693);
#3696=CURVE_STYLE('',#35,POSITIVE_LENGTH_MEASURE(2.E-2),#28);
#3697=PRESENTATION_STYLE_ASSIGNMENT((#3696));
#3698=STYLED_ITEM('',(#3697),#3695);
#3699=DIRECTION('',(1.E0,0.E0,0.E0));
#3700=VECTOR('',#3699,9.E-1);
#3701=CARTESIAN_POINT('',(-4.5E-1,2.E-1,1.25E0));
#3702=LINE('',#3701,#3700);
#3703=CURVE_STYLE('',#35,POSITIVE_LENGTH_MEASURE(2.E-2),#28);
#3704=PRESENTATION_STYLE_ASSIGNMENT((#3703));
#3705=STYLED_ITEM('',(#3704),#3702);
#3706=CARTESIAN_POINT('',(-4.5E-1,0.E0,-1.25E0));
#3707=CARTESIAN_POINT('',(-4.5E-1,0.E0,1.25E0));
#3708=VERTEX_POINT('',#3706);
#3709=VERTEX_POINT('',#3707);
#3710=CARTESIAN_POINT('',(4.5E-1,0.E0,1.25E0));
#3711=VERTEX_POINT('',#3710);
#3712=CARTESIAN_POINT('',(4.5E-1,0.E0,-1.25E0));
#3713=VERTEX_POINT('',#3712);
#3714=CARTESIAN_POINT('',(-4.5E-1,2.E-1,-1.25E0));
#3715=CARTESIAN_POINT('',(-4.5E-1,2.E-1,1.25E0));
#3716=VERTEX_POINT('',#3714);
#3717=VERTEX_POINT('',#3715);
#3718=CARTESIAN_POINT('',(4.5E-1,2.E-1,1.25E0));
#3719=VERTEX_POINT('',#3718);
#3720=CARTESIAN_POINT('',(4.5E-1,2.E-1,-1.25E0));
#3721=VERTEX_POINT('',#3720);
#3722=CARTESIAN_POINT('',(0.E0,0.E0,0.E0));
#3723=DIRECTION('',(0.E0,1.E0,0.E0));
#3724=DIRECTION('',(1.E0,0.E0,0.E0));
#3725=AXIS2_PLACEMENT_3D('',#3722,#3723,#3724);
#3726=PLANE('',#3725);
#3728=ORIENTED_EDGE('',*,*,#3727,.T.);
#3730=ORIENTED_EDGE('',*,*,#3729,.T.);
#3732=ORIENTED_EDGE('',*,*,#3731,.T.);
#3734=ORIENTED_EDGE('',*,*,#3733,.T.);
#3735=EDGE_LOOP('',(#3728,#3730,#3732,#3734));
#3736=FACE_OUTER_BOUND('',#3735,.F.);
#3737=ADVANCED_FACE('',(#3736),#3726,.F.);
#3738=CARTESIAN_POINT('',(-4.5E-1,0.E0,-1.25E0));
#3739=DIRECTION('',(-1.E0,0.E0,0.E0));
#3740=DIRECTION('',(0.E0,0.E0,1.E0));
#3741=AXIS2_PLACEMENT_3D('',#3738,#3739,#3740);
#3742=PLANE('',#3741);
#3743=ORIENTED_EDGE('',*,*,#3727,.F.);
#3745=ORIENTED_EDGE('',*,*,#3744,.T.);
#3747=ORIENTED_EDGE('',*,*,#3746,.T.);
#3749=ORIENTED_EDGE('',*,*,#3748,.F.);
#3750=EDGE_LOOP('',(#3743,#3745,#3747,#3749));
#3751=FACE_OUTER_BOUND('',#3750,.F.);
#3752=ADVANCED_FACE('',(#3751),#3742,.T.);
#3753=CARTESIAN_POINT('',(4.5E-1,0.E0,-1.25E0));
#3754=DIRECTION('',(0.E0,0.E0,-1.E0));
#3755=DIRECTION('',(-1.E0,0.E0,0.E0));
#3756=AXIS2_PLACEMENT_3D('',#3753,#3754,#3755);
#3757=PLANE('',#3756);
#3758=ORIENTED_EDGE('',*,*,#3733,.F.);
#3760=ORIENTED_EDGE('',*,*,#3759,.T.);
#3762=ORIENTED_EDGE('',*,*,#3761,.T.);
#3763=ORIENTED_EDGE('',*,*,#3744,.F.);
#3764=EDGE_LOOP('',(#3758,#3760,#3762,#3763));
#3765=FACE_OUTER_BOUND('',#3764,.F.);
#3766=ADVANCED_FACE('',(#3765),#3757,.T.);
#3767=CARTESIAN_POINT('',(4.5E-1,0.E0,1.25E0));
#3768=DIRECTION('',(1.E0,0.E0,0.E0));
#3769=DIRECTION('',(0.E0,0.E0,-1.E0));
#3770=AXIS2_PLACEMENT_3D('',#3767,#3768,#3769);
#3771=PLANE('',#3770);
#3772=ORIENTED_EDGE('',*,*,#3731,.F.);
#3774=ORIENTED_EDGE('',*,*,#3773,.T.);
#3776=ORIENTED_EDGE('',*,*,#3775,.T.);
#3777=ORIENTED_EDGE('',*,*,#3759,.F.);
#3778=EDGE_LOOP('',(#3772,#3774,#3776,#3777));
#3779=FACE_OUTER_BOUND('',#3778,.F.);
#3780=ADVANCED_FACE('',(#3779),#3771,.T.);
#3781=CARTESIAN_POINT('',(-4.5E-1,0.E0,1.25E0));
#3782=DIRECTION('',(0.E0,0.E0,1.E0));
#3783=DIRECTION('',(1.E0,0.E0,0.E0));
#3784=AXIS2_PLACEMENT_3D('',#3781,#3782,#3783);
#3785=PLANE('',#3784);
#3786=ORIENTED_EDGE('',*,*,#3729,.F.);
#3787=ORIENTED_EDGE('',*,*,#3748,.T.);
#3789=ORIENTED_EDGE('',*,*,#3788,.T.);
#3790=ORIENTED_EDGE('',*,*,#3773,.F.);
#3791=EDGE_LOOP('',(#3786,#3787,#3789,#3790));
#3792=FACE_OUTER_BOUND('',#3791,.F.);
#3793=ADVANCED_FACE('',(#3792),#3785,.T.);
#3794=CARTESIAN_POINT('',(0.E0,2.E-1,0.E0));
#3795=DIRECTION('',(0.E0,1.E0,0.E0));
#3796=DIRECTION('',(1.E0,0.E0,0.E0));
#3797=AXIS2_PLACEMENT_3D('',#3794,#3795,#3796);
#3798=PLANE('',#3797);
#3799=ORIENTED_EDGE('',*,*,#3746,.F.);
#3800=ORIENTED_EDGE('',*,*,#3761,.F.);
#3801=ORIENTED_EDGE('',*,*,#3775,.F.);
#3802=ORIENTED_EDGE('',*,*,#3788,.F.);
#3803=EDGE_LOOP('',(#3799,#3800,#3801,#3802));
#3804=FACE_OUTER_BOUND('',#3803,.F.);
#3805=ADVANCED_FACE('',(#3804),#3798,.T.);
#3806=CLOSED_SHELL('',(#3737,#3752,#3766,#3780,#3793,#3805));
#3807=MANIFOLD_SOLID_BREP('',#3806);
#3808=FILL_AREA_STYLE_COLOUR('',#28);
#3809=FILL_AREA_STYLE('',(#3808));
#3810=SURFACE_STYLE_FILL_AREA(#3809);
#3811=SURFACE_SIDE_STYLE('',(#3810));
#3812=SURFACE_STYLE_USAGE(.POSITIVE.,#3811);
#3813=PRESENTATION_STYLE_ASSIGNMENT((#3812));
#3621=STYLED_ITEM('',(#3813),#3807);
#3815=DIRECTION('',(1.E0,0.E0,0.E0));
#3816=VECTOR('',#3815,1.5E-1);
#3817=CARTESIAN_POINT('',(-3.5E-1,1.E-1,-1.5E0));
#3818=LINE('',#3817,#3816);
#3819=CURVE_STYLE('',#35,POSITIVE_LENGTH_MEASURE(2.E-2),#28);
#3820=PRESENTATION_STYLE_ASSIGNMENT((#3819));
#3821=STYLED_ITEM('',(#3820),#3818);
#3822=DIRECTION('',(0.E0,0.E0,1.E0));
#3823=VECTOR('',#3822,1.E-1);
#3824=CARTESIAN_POINT('',(-3.5E-1,1.E-1,-1.5E0));
#3825=LINE('',#3824,#3823);
#3826=CURVE_STYLE('',#35,POSITIVE_LENGTH_MEASURE(2.E-2),#28);
#3827=PRESENTATION_STYLE_ASSIGNMENT((#3826));
#3828=STYLED_ITEM('',(#3827),#3825);
#3829=DIRECTION('',(1.E0,0.E0,0.E0));
#3830=VECTOR('',#3829,1.5E-1);
#3831=CARTESIAN_POINT('',(-3.5E-1,1.E-1,-1.4E0));
#3832=LINE('',#3831,#3830);
#3833=CURVE_STYLE('',#35,POSITIVE_LENGTH_MEASURE(2.E-2),#28);
#3834=PRESENTATION_STYLE_ASSIGNMENT((#3833));
#3835=STYLED_ITEM('',(#3834),#3832);
#3836=DIRECTION('',(0.E0,0.E0,-1.E0));
#3837=VECTOR('',#3836,1.E-1);
#3838=CARTESIAN_POINT('',(-2.E-1,1.E-1,-1.4E0));
#3839=LINE('',#3838,#3837);
#3840=CURVE_STYLE('',#35,POSITIVE_LENGTH_MEASURE(2.E-2),#28);
#3841=PRESENTATION_STYLE_ASSIGNMENT((#3840));
#3842=STYLED_ITEM('',(#3841),#3839);
#3843=DIRECTION('',(0.E0,1.E0,0.E0));
#3844=VECTOR('',#3843,1.E-1);
#3845=CARTESIAN_POINT('',(-2.E-1,1.E-1,-1.5E0));
#3846=LINE('',#3845,#3844);
#3847=CURVE_STYLE('',#35,POSITIVE_LENGTH_MEASURE(2.E-2),#28);
#3848=PRESENTATION_STYLE_ASSIGNMENT((#3847));
#3849=STYLED_ITEM('',(#3848),#3846);
#3850=DIRECTION('',(0.E0,1.E0,0.E0));
#3851=VECTOR('',#3850,1.E-1);
#3852=CARTESIAN_POINT('',(-2.E-1,1.E-1,-1.4E0));
#3853=LINE('',#3852,#3851);
#3854=CURVE_STYLE('',#35,POSITIVE_LENGTH_MEASURE(2.E-2),#28);
#3855=PRESENTATION_STYLE_ASSIGNMENT((#3854));
#3856=STYLED_ITEM('',(#3855),#3853);
#3857=DIRECTION('',(0.E0,1.E0,0.E0));
#3858=VECTOR('',#3857,1.E-1);
#3859=CARTESIAN_POINT('',(-3.5E-1,1.E-1,-1.4E0));
#3860=LINE('',#3859,#3858);
#3861=CURVE_STYLE('',#35,POSITIVE_LENGTH_MEASURE(2.E-2),#28);
#3862=PRESENTATION_STYLE_ASSIGNMENT((#3861));
#3863=STYLED_ITEM('',(#3862),#3860);
#3864=DIRECTION('',(0.E0,1.E0,0.E0));
#3865=VECTOR('',#3864,1.E-1);
#3866=CARTESIAN_POINT('',(-3.5E-1,1.E-1,-1.5E0));
#3867=LINE('',#3866,#3865);
#3868=CURVE_STYLE('',#35,POSITIVE_LENGTH_MEASURE(2.E-2),#28);
#3869=PRESENTATION_STYLE_ASSIGNMENT((#3868));
#3870=STYLED_ITEM('',(#3869),#3867);
#3871=DIRECTION('',(1.E0,0.E0,0.E0));
#3872=VECTOR('',#3871,1.5E-1);
#3873=CARTESIAN_POINT('',(-3.5E-1,2.E-1,-1.5E0));
#3874=LINE('',#3873,#3872);
#3875=CURVE_STYLE('',#35,POSITIVE_LENGTH_MEASURE(2.E-2),#28);
#3876=PRESENTATION_STYLE_ASSIGNMENT((#3875));
#3877=STYLED_ITEM('',(#3876),#3874);
#3878=DIRECTION('',(0.E0,0.E0,-1.E0));
#3879=VECTOR('',#3878,1.E-1);
#3880=CARTESIAN_POINT('',(-2.E-1,2.E-1,-1.4E0));
#3881=LINE('',#3880,#3879);
#3882=CURVE_STYLE('',#35,POSITIVE_LENGTH_MEASURE(2.E-2),#28);
#3883=PRESENTATION_STYLE_ASSIGNMENT((#3882));
#3884=STYLED_ITEM('',(#3883),#3881);
#3885=DIRECTION('',(1.E0,0.E0,0.E0));
#3886=VECTOR('',#3885,1.5E-1);
#3887=CARTESIAN_POINT('',(-3.5E-1,2.E-1,-1.4E0));
#3888=LINE('',#3887,#3886);
#3889=CURVE_STYLE('',#35,POSITIVE_LENGTH_MEASURE(2.E-2),#28);
#3890=PRESENTATION_STYLE_ASSIGNMENT((#3889));
#3891=STYLED_ITEM('',(#3890),#3888);
#3892=DIRECTION('',(0.E0,0.E0,1.E0));
#3893=VECTOR('',#3892,1.E-1);
#3894=CARTESIAN_POINT('',(-3.5E-1,2.E-1,-1.5E0));
#3895=LINE('',#3894,#3893);
#3896=CURVE_STYLE('',#35,POSITIVE_LENGTH_MEASURE(2.E-2),#28);
#3897=PRESENTATION_STYLE_ASSIGNMENT((#3896));
#3898=STYLED_ITEM('',(#3897),#3895);
#3899=CARTESIAN_POINT('',(-3.5E-1,1.E-1,-1.4E0));
#3900=CARTESIAN_POINT('',(-2.E-1,1.E-1,-1.4E0));
#3901=VERTEX_POINT('',#3899);
#3902=VERTEX_POINT('',#3900);
#3903=CARTESIAN_POINT('',(-3.5E-1,2.E-1,-1.4E0));
#3904=CARTESIAN_POINT('',(-2.E-1,2.E-1,-1.4E0));
#3905=VERTEX_POINT('',#3903);
#3906=VERTEX_POINT('',#3904);
#3907=CARTESIAN_POINT('',(-3.5E-1,1.E-1,-1.5E0));
#3908=CARTESIAN_POINT('',(-2.E-1,1.E-1,-1.5E0));
#3909=VERTEX_POINT('',#3907);
#3910=VERTEX_POINT('',#3908);
#3911=CARTESIAN_POINT('',(-3.5E-1,2.E-1,-1.5E0));
#3912=VERTEX_POINT('',#3911);
#3913=CARTESIAN_POINT('',(-2.E-1,2.E-1,-1.5E0));
#3914=VERTEX_POINT('',#3913);
#3915=CARTESIAN_POINT('',(0.E0,1.E-1,0.E0));
#3916=DIRECTION('',(0.E0,1.E0,0.E0));
#3917=DIRECTION('',(1.E0,0.E0,0.E0));
#3918=AXIS2_PLACEMENT_3D('',#3915,#3916,#3917);
#3919=PLANE('',#3918);
#3921=ORIENTED_EDGE('',*,*,#3920,.F.);
#3923=ORIENTED_EDGE('',*,*,#3922,.T.);
#3925=ORIENTED_EDGE('',*,*,#3924,.T.);
#3927=ORIENTED_EDGE('',*,*,#3926,.T.);
#3928=EDGE_LOOP('',(#3921,#3923,#3925,#3927));
#3929=FACE_OUTER_BOUND('',#3928,.F.);
#3930=ADVANCED_FACE('',(#3929),#3919,.F.);
#3931=CARTESIAN_POINT('',(-1.E0,0.E0,-1.5E0));
#3932=DIRECTION('',(0.E0,0.E0,1.E0));
#3933=DIRECTION('',(1.E0,0.E0,0.E0));
#3934=AXIS2_PLACEMENT_3D('',#3931,#3932,#3933);
#3935=PLANE('',#3934);
#3936=ORIENTED_EDGE('',*,*,#3920,.T.);
#3938=ORIENTED_EDGE('',*,*,#3937,.T.);
#3940=ORIENTED_EDGE('',*,*,#3939,.F.);
#3942=ORIENTED_EDGE('',*,*,#3941,.F.);
#3943=EDGE_LOOP('',(#3936,#3938,#3940,#3942));
#3944=FACE_OUTER_BOUND('',#3943,.F.);
#3945=ADVANCED_FACE('',(#3944),#3935,.F.);
#3946=FILL_AREA_STYLE_COLOUR('',#29);
#3947=FILL_AREA_STYLE('',(#3946));
#3948=SURFACE_STYLE_FILL_AREA(#3947);
#3949=SURFACE_SIDE_STYLE('',(#3948));
#3950=SURFACE_STYLE_USAGE(.POSITIVE.,#3949);
#3951=PRESENTATION_STYLE_ASSIGNMENT((#3950));
#3952=OVER_RIDING_STYLED_ITEM('',(#3951),#3945,#3814);
#3953=CARTESIAN_POINT('',(-2.E-1,1.E-1,-1.4E0));
#3954=DIRECTION('',(1.E0,0.E0,0.E0));
#3955=DIRECTION('',(0.E0,0.E0,-1.E0));
#3956=AXIS2_PLACEMENT_3D('',#3953,#3954,#3955);
#3957=PLANE('',#3956);
#3958=ORIENTED_EDGE('',*,*,#3937,.F.);
#3959=ORIENTED_EDGE('',*,*,#3926,.F.);
#3961=ORIENTED_EDGE('',*,*,#3960,.T.);
#3963=ORIENTED_EDGE('',*,*,#3962,.T.);
#3964=EDGE_LOOP('',(#3958,#3959,#3961,#3963));
#3965=FACE_OUTER_BOUND('',#3964,.F.);
#3966=ADVANCED_FACE('',(#3965),#3957,.T.);
#3967=CARTESIAN_POINT('',(-3.5E-1,1.E-1,-1.4E0));
#3968=DIRECTION('',(0.E0,0.E0,1.E0));
#3969=DIRECTION('',(1.E0,0.E0,0.E0));
#3970=AXIS2_PLACEMENT_3D('',#3967,#3968,#3969);
#3971=PLANE('',#3970);
#3972=ORIENTED_EDGE('',*,*,#3924,.F.);
#3974=ORIENTED_EDGE('',*,*,#3973,.T.);
#3976=ORIENTED_EDGE('',*,*,#3975,.T.);
#3977=ORIENTED_EDGE('',*,*,#3960,.F.);
#3978=EDGE_LOOP('',(#3972,#3974,#3976,#3977));
#3979=FACE_OUTER_BOUND('',#3978,.F.);
#3980=ADVANCED_FACE('',(#3979),#3971,.T.);
#3981=CARTESIAN_POINT('',(-3.5E-1,1.E-1,-1.6E0));
#3982=DIRECTION('',(-1.E0,0.E0,0.E0));
#3983=DIRECTION('',(0.E0,0.E0,1.E0));
#3984=AXIS2_PLACEMENT_3D('',#3981,#3982,#3983);
#3985=PLANE('',#3984);
#3986=ORIENTED_EDGE('',*,*,#3941,.T.);
#3988=ORIENTED_EDGE('',*,*,#3987,.T.);
#3989=ORIENTED_EDGE('',*,*,#3973,.F.);
#3990=ORIENTED_EDGE('',*,*,#3922,.F.);
#3991=EDGE_LOOP('',(#3986,#3988,#3989,#3990));
#3992=FACE_OUTER_BOUND('',#3991,.F.);
#3993=ADVANCED_FACE('',(#3992),#3985,.T.);
#3994=CARTESIAN_POINT('',(0.E0,2.E-1,0.E0));
#3995=DIRECTION('',(0.E0,1.E0,0.E0));
#3996=DIRECTION('',(1.E0,0.E0,0.E0));
#3997=AXIS2_PLACEMENT_3D('',#3994,#3995,#3996);
#3998=PLANE('',#3997);
#3999=ORIENTED_EDGE('',*,*,#3939,.T.);
#4000=ORIENTED_EDGE('',*,*,#3962,.F.);
#4001=ORIENTED_EDGE('',*,*,#3975,.F.);
#4002=ORIENTED_EDGE('',*,*,#3987,.F.);
#4003=EDGE_LOOP('',(#3999,#4000,#4001,#4002));
#4004=FACE_OUTER_BOUND('',#4003,.F.);
#4005=ADVANCED_FACE('',(#4004),#3998,.T.);
#4006=CLOSED_SHELL('',(#3930,#3945,#3966,#3980,#3993,#4005));
#4007=MANIFOLD_SOLID_BREP('',#4006);
#4008=FILL_AREA_STYLE_COLOUR('',#28);
#4009=FILL_AREA_STYLE('',(#4008));
#4010=SURFACE_STYLE_FILL_AREA(#4009);
#4011=SURFACE_SIDE_STYLE('',(#4010));
#4012=SURFACE_STYLE_USAGE(.POSITIVE.,#4011);
#4013=PRESENTATION_STYLE_ASSIGNMENT((#4012));
#3814=STYLED_ITEM('',(#4013),#4007);
#4015=DIRECTION('',(1.E0,0.E0,0.E0));
#4016=VECTOR('',#4015,1.5E-1);
#4017=CARTESIAN_POINT('',(2.E-1,1.E-1,-1.5E0));
#4018=LINE('',#4017,#4016);
#4019=CURVE_STYLE('',#35,POSITIVE_LENGTH_MEASURE(2.E-2),#28);
#4020=PRESENTATION_STYLE_ASSIGNMENT((#4019));
#4021=STYLED_ITEM('',(#4020),#4018);
#4022=DIRECTION('',(0.E0,0.E0,1.E0));
#4023=VECTOR('',#4022,1.E-1);
#4024=CARTESIAN_POINT('',(2.E-1,1.E-1,-1.5E0));
#4025=LINE('',#4024,#4023);
#4026=CURVE_STYLE('',#35,POSITIVE_LENGTH_MEASURE(2.E-2),#28);
#4027=PRESENTATION_STYLE_ASSIGNMENT((#4026));
#4028=STYLED_ITEM('',(#4027),#4025);
#4029=DIRECTION('',(1.E0,0.E0,0.E0));
#4030=VECTOR('',#4029,1.5E-1);
#4031=CARTESIAN_POINT('',(2.E-1,1.E-1,-1.4E0));
#4032=LINE('',#4031,#4030);
#4033=CURVE_STYLE('',#35,POSITIVE_LENGTH_MEASURE(2.E-2),#28);
#4034=PRESENTATION_STYLE_ASSIGNMENT((#4033));
#4035=STYLED_ITEM('',(#4034),#4032);
#4036=DIRECTION('',(0.E0,0.E0,-1.E0));
#4037=VECTOR('',#4036,1.E-1);
#4038=CARTESIAN_POINT('',(3.5E-1,1.E-1,-1.4E0));
#4039=LINE('',#4038,#4037);
#4040=CURVE_STYLE('',#35,POSITIVE_LENGTH_MEASURE(2.E-2),#28);
#4041=PRESENTATION_STYLE_ASSIGNMENT((#4040));
#4042=STYLED_ITEM('',(#4041),#4039);
#4043=DIRECTION('',(0.E0,1.E0,0.E0));
#4044=VECTOR('',#4043,1.E-1);
#4045=CARTESIAN_POINT('',(3.5E-1,1.E-1,-1.5E0));
#4046=LINE('',#4045,#4044);
#4047=CURVE_STYLE('',#35,POSITIVE_LENGTH_MEASURE(2.E-2),#28);
#4048=PRESENTATION_STYLE_ASSIGNMENT((#4047));
#4049=STYLED_ITEM('',(#4048),#4046);
#4050=DIRECTION('',(0.E0,1.E0,0.E0));
#4051=VECTOR('',#4050,1.E-1);
#4052=CARTESIAN_POINT('',(3.5E-1,1.E-1,-1.4E0));
#4053=LINE('',#4052,#4051);
#4054=CURVE_STYLE('',#35,POSITIVE_LENGTH_MEASURE(2.E-2),#28);
#4055=PRESENTATION_STYLE_ASSIGNMENT((#4054));
#4056=STYLED_ITEM('',(#4055),#4053);
#4057=DIRECTION('',(0.E0,1.E0,0.E0));
#4058=VECTOR('',#4057,1.E-1);
#4059=CARTESIAN_POINT('',(2.E-1,1.E-1,-1.4E0));
#4060=LINE('',#4059,#4058);
#4061=CURVE_STYLE('',#35,POSITIVE_LENGTH_MEASURE(2.E-2),#28);
#4062=PRESENTATION_STYLE_ASSIGNMENT((#4061));
#4063=STYLED_ITEM('',(#4062),#4060);
#4064=DIRECTION('',(0.E0,1.E0,0.E0));
#4065=VECTOR('',#4064,1.E-1);
#4066=CARTESIAN_POINT('',(2.E-1,1.E-1,-1.5E0));
#4067=LINE('',#4066,#4065);
#4068=CURVE_STYLE('',#35,POSITIVE_LENGTH_MEASURE(2.E-2),#28);
#4069=PRESENTATION_STYLE_ASSIGNMENT((#4068));
#4070=STYLED_ITEM('',(#4069),#4067);
#4071=DIRECTION('',(1.E0,0.E0,0.E0));
#4072=VECTOR('',#4071,1.5E-1);
#4073=CARTESIAN_POINT('',(2.E-1,2.E-1,-1.5E0));
#4074=LINE('',#4073,#4072);
#4075=CURVE_STYLE('',#35,POSITIVE_LENGTH_MEASURE(2.E-2),#28);
#4076=PRESENTATION_STYLE_ASSIGNMENT((#4075));
#4077=STYLED_ITEM('',(#4076),#4074);
#4078=DIRECTION('',(0.E0,0.E0,-1.E0));
#4079=VECTOR('',#4078,1.E-1);
#4080=CARTESIAN_POINT('',(3.5E-1,2.E-1,-1.4E0));
#4081=LINE('',#4080,#4079);
#4082=CURVE_STYLE('',#35,POSITIVE_LENGTH_MEASURE(2.E-2),#28);
#4083=PRESENTATION_STYLE_ASSIGNMENT((#4082));
#4084=STYLED_ITEM('',(#4083),#4081);
#4085=DIRECTION('',(1.E0,0.E0,0.E0));
#4086=VECTOR('',#4085,1.5E-1);
#4087=CARTESIAN_POINT('',(2.E-1,2.E-1,-1.4E0));
#4088=LINE('',#4087,#4086);
#4089=CURVE_STYLE('',#35,POSITIVE_LENGTH_MEASURE(2.E-2),#28);
#4090=PRESENTATION_STYLE_ASSIGNMENT((#4089));
#4091=STYLED_ITEM('',(#4090),#4088);
#4092=DIRECTION('',(0.E0,0.E0,1.E0));
#4093=VECTOR('',#4092,1.E-1);
#4094=CARTESIAN_POINT('',(2.E-1,2.E-1,-1.5E0));
#4095=LINE('',#4094,#4093);
#4096=CURVE_STYLE('',#35,POSITIVE_LENGTH_MEASURE(2.E-2),#28);
#4097=PRESENTATION_STYLE_ASSIGNMENT((#4096));
#4098=STYLED_ITEM('',(#4097),#4095);
#4099=CARTESIAN_POINT('',(2.E-1,1.E-1,-1.4E0));
#4100=CARTESIAN_POINT('',(3.5E-1,1.E-1,-1.4E0));
#4101=VERTEX_POINT('',#4099);
#4102=VERTEX_POINT('',#4100);
#4103=CARTESIAN_POINT('',(2.E-1,2.E-1,-1.4E0));
#4104=CARTESIAN_POINT('',(3.5E-1,2.E-1,-1.4E0));
#4105=VERTEX_POINT('',#4103);
#4106=VERTEX_POINT('',#4104);
#4107=CARTESIAN_POINT('',(2.E-1,1.E-1,-1.5E0));
#4108=CARTESIAN_POINT('',(3.5E-1,1.E-1,-1.5E0));
#4109=VERTEX_POINT('',#4107);
#4110=VERTEX_POINT('',#4108);
#4111=CARTESIAN_POINT('',(2.E-1,2.E-1,-1.5E0));
#4112=VERTEX_POINT('',#4111);
#4113=CARTESIAN_POINT('',(3.5E-1,2.E-1,-1.5E0));
#4114=VERTEX_POINT('',#4113);
#4115=CARTESIAN_POINT('',(0.E0,1.E-1,0.E0));
#4116=DIRECTION('',(0.E0,1.E0,0.E0));
#4117=DIRECTION('',(1.E0,0.E0,0.E0));
#4118=AXIS2_PLACEMENT_3D('',#4115,#4116,#4117);
#4119=PLANE('',#4118);
#4121=ORIENTED_EDGE('',*,*,#4120,.F.);
#4123=ORIENTED_EDGE('',*,*,#4122,.T.);
#4125=ORIENTED_EDGE('',*,*,#4124,.T.);
#4127=ORIENTED_EDGE('',*,*,#4126,.T.);
#4128=EDGE_LOOP('',(#4121,#4123,#4125,#4127));
#4129=FACE_OUTER_BOUND('',#4128,.F.);
#4130=ADVANCED_FACE('',(#4129),#4119,.F.);
#4131=CARTESIAN_POINT('',(-1.E0,0.E0,-1.5E0));
#4132=DIRECTION('',(0.E0,0.E0,1.E0));
#4133=DIRECTION('',(1.E0,0.E0,0.E0));
#4134=AXIS2_PLACEMENT_3D('',#4131,#4132,#4133);
#4135=PLANE('',#4134);
#4136=ORIENTED_EDGE('',*,*,#4120,.T.);
#4138=ORIENTED_EDGE('',*,*,#4137,.T.);
#4140=ORIENTED_EDGE('',*,*,#4139,.F.);
#4142=ORIENTED_EDGE('',*,*,#4141,.F.);
#4143=EDGE_LOOP('',(#4136,#4138,#4140,#4142));
#4144=FACE_OUTER_BOUND('',#4143,.F.);
#4145=ADVANCED_FACE('',(#4144),#4135,.F.);
#4146=FILL_AREA_STYLE_COLOUR('',#29);
#4147=FILL_AREA_STYLE('',(#4146));
#4148=SURFACE_STYLE_FILL_AREA(#4147);
#4149=SURFACE_SIDE_STYLE('',(#4148));
#4150=SURFACE_STYLE_USAGE(.POSITIVE.,#4149);
#4151=PRESENTATION_STYLE_ASSIGNMENT((#4150));
#4152=OVER_RIDING_STYLED_ITEM('',(#4151),#4145,#4014);
#4153=CARTESIAN_POINT('',(3.5E-1,1.E-1,-1.4E0));
#4154=DIRECTION('',(1.E0,0.E0,0.E0));
#4155=DIRECTION('',(0.E0,0.E0,-1.E0));
#4156=AXIS2_PLACEMENT_3D('',#4153,#4154,#4155);
#4157=PLANE('',#4156);
#4158=ORIENTED_EDGE('',*,*,#4137,.F.);
#4159=ORIENTED_EDGE('',*,*,#4126,.F.);
#4161=ORIENTED_EDGE('',*,*,#4160,.T.);
#4163=ORIENTED_EDGE('',*,*,#4162,.T.);
#4164=EDGE_LOOP('',(#4158,#4159,#4161,#4163));
#4165=FACE_OUTER_BOUND('',#4164,.F.);
#4166=ADVANCED_FACE('',(#4165),#4157,.T.);
#4167=CARTESIAN_POINT('',(2.E-1,1.E-1,-1.4E0));
#4168=DIRECTION('',(0.E0,0.E0,1.E0));
#4169=DIRECTION('',(1.E0,0.E0,0.E0));
#4170=AXIS2_PLACEMENT_3D('',#4167,#4168,#4169);
#4171=PLANE('',#4170);
#4172=ORIENTED_EDGE('',*,*,#4124,.F.);
#4174=ORIENTED_EDGE('',*,*,#4173,.T.);
#4176=ORIENTED_EDGE('',*,*,#4175,.T.);
#4177=ORIENTED_EDGE('',*,*,#4160,.F.);
#4178=EDGE_LOOP('',(#4172,#4174,#4176,#4177));
#4179=FACE_OUTER_BOUND('',#4178,.F.);
#4180=ADVANCED_FACE('',(#4179),#4171,.T.);
#4181=CARTESIAN_POINT('',(2.E-1,1.E-1,-1.6E0));
#4182=DIRECTION('',(-1.E0,0.E0,0.E0));
#4183=DIRECTION('',(0.E0,0.E0,1.E0));
#4184=AXIS2_PLACEMENT_3D('',#4181,#4182,#4183);
#4185=PLANE('',#4184);
#4186=ORIENTED_EDGE('',*,*,#4141,.T.);
#4188=ORIENTED_EDGE('',*,*,#4187,.T.);
#4189=ORIENTED_EDGE('',*,*,#4173,.F.);
#4190=ORIENTED_EDGE('',*,*,#4122,.F.);
#4191=EDGE_LOOP('',(#4186,#4188,#4189,#4190));
#4192=FACE_OUTER_BOUND('',#4191,.F.);
#4193=ADVANCED_FACE('',(#4192),#4185,.T.);
#4194=CARTESIAN_POINT('',(0.E0,2.E-1,0.E0));
#4195=DIRECTION('',(0.E0,1.E0,0.E0));
#4196=DIRECTION('',(1.E0,0.E0,0.E0));
#4197=AXIS2_PLACEMENT_3D('',#4194,#4195,#4196);
#4198=PLANE('',#4197);
#4199=ORIENTED_EDGE('',*,*,#4139,.T.);
#4200=ORIENTED_EDGE('',*,*,#4162,.F.);
#4201=ORIENTED_EDGE('',*,*,#4175,.F.);
#4202=ORIENTED_EDGE('',*,*,#4187,.F.);
#4203=EDGE_LOOP('',(#4199,#4200,#4201,#4202));
#4204=FACE_OUTER_BOUND('',#4203,.F.);
#4205=ADVANCED_FACE('',(#4204),#4198,.T.);
#4206=CLOSED_SHELL('',(#4130,#4145,#4166,#4180,#4193,#4205));
#4207=MANIFOLD_SOLID_BREP('',#4206);
#4208=FILL_AREA_STYLE_COLOUR('',#28);
#4209=FILL_AREA_STYLE('',(#4208));
#4210=SURFACE_STYLE_FILL_AREA(#4209);
#4211=SURFACE_SIDE_STYLE('',(#4210));
#4212=SURFACE_STYLE_USAGE(.POSITIVE.,#4211);
#4213=PRESENTATION_STYLE_ASSIGNMENT((#4212));
#4014=STYLED_ITEM('',(#4213),#4207);
#4215=DIRECTION('',(1.E0,0.E0,0.E0));
#4216=VECTOR('',#4215,1.5E-1);
#4217=CARTESIAN_POINT('',(-3.5E-1,1.E-1,1.5E0));
#4218=LINE('',#4217,#4216);
#4219=CURVE_STYLE('',#35,POSITIVE_LENGTH_MEASURE(2.E-2),#28);
#4220=PRESENTATION_STYLE_ASSIGNMENT((#4219));
#4221=STYLED_ITEM('',(#4220),#4218);
#4222=DIRECTION('',(0.E0,0.E0,-1.E0));
#4223=VECTOR('',#4222,1.E-1);
#4224=CARTESIAN_POINT('',(-2.E-1,1.E-1,1.5E0));
#4225=LINE('',#4224,#4223);
#4226=CURVE_STYLE('',#35,POSITIVE_LENGTH_MEASURE(2.E-2),#28);
#4227=PRESENTATION_STYLE_ASSIGNMENT((#4226));
#4228=STYLED_ITEM('',(#4227),#4225);
#4229=DIRECTION('',(-1.E0,0.E0,0.E0));
#4230=VECTOR('',#4229,1.5E-1);
#4231=CARTESIAN_POINT('',(-2.E-1,1.E-1,1.4E0));
#4232=LINE('',#4231,#4230);
#4233=CURVE_STYLE('',#35,POSITIVE_LENGTH_MEASURE(2.E-2),#28);
#4234=PRESENTATION_STYLE_ASSIGNMENT((#4233));
#4235=STYLED_ITEM('',(#4234),#4232);
#4236=DIRECTION('',(0.E0,0.E0,1.E0));
#4237=VECTOR('',#4236,1.E-1);
#4238=CARTESIAN_POINT('',(-3.5E-1,1.E-1,1.4E0));
#4239=LINE('',#4238,#4237);
#4240=CURVE_STYLE('',#35,POSITIVE_LENGTH_MEASURE(2.E-2),#28);
#4241=PRESENTATION_STYLE_ASSIGNMENT((#4240));
#4242=STYLED_ITEM('',(#4241),#4239);
#4243=DIRECTION('',(0.E0,1.E0,0.E0));
#4244=VECTOR('',#4243,1.E-1);
#4245=CARTESIAN_POINT('',(-3.5E-1,1.E-1,1.5E0));
#4246=LINE('',#4245,#4244);
#4247=CURVE_STYLE('',#35,POSITIVE_LENGTH_MEASURE(2.E-2),#28);
#4248=PRESENTATION_STYLE_ASSIGNMENT((#4247));
#4249=STYLED_ITEM('',(#4248),#4246);
#4250=DIRECTION('',(0.E0,1.E0,0.E0));
#4251=VECTOR('',#4250,1.E-1);
#4252=CARTESIAN_POINT('',(-3.5E-1,1.E-1,1.4E0));
#4253=LINE('',#4252,#4251);
#4254=CURVE_STYLE('',#35,POSITIVE_LENGTH_MEASURE(2.E-2),#28);
#4255=PRESENTATION_STYLE_ASSIGNMENT((#4254));
#4256=STYLED_ITEM('',(#4255),#4253);
#4257=DIRECTION('',(0.E0,1.E0,0.E0));
#4258=VECTOR('',#4257,1.E-1);
#4259=CARTESIAN_POINT('',(-2.E-1,1.E-1,1.4E0));
#4260=LINE('',#4259,#4258);
#4261=CURVE_STYLE('',#35,POSITIVE_LENGTH_MEASURE(2.E-2),#28);
#4262=PRESENTATION_STYLE_ASSIGNMENT((#4261));
#4263=STYLED_ITEM('',(#4262),#4260);
#4264=DIRECTION('',(0.E0,1.E0,0.E0));
#4265=VECTOR('',#4264,1.E-1);
#4266=CARTESIAN_POINT('',(-2.E-1,1.E-1,1.5E0));
#4267=LINE('',#4266,#4265);
#4268=CURVE_STYLE('',#35,POSITIVE_LENGTH_MEASURE(2.E-2),#28);
#4269=PRESENTATION_STYLE_ASSIGNMENT((#4268));
#4270=STYLED_ITEM('',(#4269),#4267);
#4271=DIRECTION('',(1.E0,0.E0,0.E0));
#4272=VECTOR('',#4271,1.5E-1);
#4273=CARTESIAN_POINT('',(-3.5E-1,2.E-1,1.5E0));
#4274=LINE('',#4273,#4272);
#4275=CURVE_STYLE('',#35,POSITIVE_LENGTH_MEASURE(2.E-2),#28);
#4276=PRESENTATION_STYLE_ASSIGNMENT((#4275));
#4277=STYLED_ITEM('',(#4276),#4274);
#4278=DIRECTION('',(0.E0,0.E0,1.E0));
#4279=VECTOR('',#4278,1.E-1);
#4280=CARTESIAN_POINT('',(-3.5E-1,2.E-1,1.4E0));
#4281=LINE('',#4280,#4279);
#4282=CURVE_STYLE('',#35,POSITIVE_LENGTH_MEASURE(2.E-2),#28);
#4283=PRESENTATION_STYLE_ASSIGNMENT((#4282));
#4284=STYLED_ITEM('',(#4283),#4281);
#4285=DIRECTION('',(-1.E0,0.E0,0.E0));
#4286=VECTOR('',#4285,1.5E-1);
#4287=CARTESIAN_POINT('',(-2.E-1,2.E-1,1.4E0));
#4288=LINE('',#4287,#4286);
#4289=CURVE_STYLE('',#35,POSITIVE_LENGTH_MEASURE(2.E-2),#28);
#4290=PRESENTATION_STYLE_ASSIGNMENT((#4289));
#4291=STYLED_ITEM('',(#4290),#4288);
#4292=DIRECTION('',(0.E0,0.E0,-1.E0));
#4293=VECTOR('',#4292,1.E-1);
#4294=CARTESIAN_POINT('',(-2.E-1,2.E-1,1.5E0));
#4295=LINE('',#4294,#4293);
#4296=CURVE_STYLE('',#35,POSITIVE_LENGTH_MEASURE(2.E-2),#28);
#4297=PRESENTATION_STYLE_ASSIGNMENT((#4296));
#4298=STYLED_ITEM('',(#4297),#4295);
#4299=CARTESIAN_POINT('',(-2.E-1,1.E-1,1.4E0));
#4300=CARTESIAN_POINT('',(-3.5E-1,1.E-1,1.4E0));
#4301=VERTEX_POINT('',#4299);
#4302=VERTEX_POINT('',#4300);
#4303=CARTESIAN_POINT('',(-2.E-1,2.E-1,1.4E0));
#4304=CARTESIAN_POINT('',(-3.5E-1,2.E-1,1.4E0));
#4305=VERTEX_POINT('',#4303);
#4306=VERTEX_POINT('',#4304);
#4307=CARTESIAN_POINT('',(-3.5E-1,1.E-1,1.5E0));
#4308=CARTESIAN_POINT('',(-2.E-1,1.E-1,1.5E0));
#4309=VERTEX_POINT('',#4307);
#4310=VERTEX_POINT('',#4308);
#4311=CARTESIAN_POINT('',(-2.E-1,2.E-1,1.5E0));
#4312=VERTEX_POINT('',#4311);
#4313=CARTESIAN_POINT('',(-3.5E-1,2.E-1,1.5E0));
#4314=VERTEX_POINT('',#4313);
#4315=CARTESIAN_POINT('',(0.E0,1.E-1,0.E0));
#4316=DIRECTION('',(0.E0,1.E0,0.E0));
#4317=DIRECTION('',(1.E0,0.E0,0.E0));
#4318=AXIS2_PLACEMENT_3D('',#4315,#4316,#4317);
#4319=PLANE('',#4318);
#4321=ORIENTED_EDGE('',*,*,#4320,.T.);
#4323=ORIENTED_EDGE('',*,*,#4322,.T.);
#4325=ORIENTED_EDGE('',*,*,#4324,.T.);
#4327=ORIENTED_EDGE('',*,*,#4326,.T.);
#4328=EDGE_LOOP('',(#4321,#4323,#4325,#4327));
#4329=FACE_OUTER_BOUND('',#4328,.F.);
#4330=ADVANCED_FACE('',(#4329),#4319,.F.);
#4331=CARTESIAN_POINT('',(1.E0,0.E0,1.5E0));
#4332=DIRECTION('',(0.E0,0.E0,-1.E0));
#4333=DIRECTION('',(-1.E0,0.E0,0.E0));
#4334=AXIS2_PLACEMENT_3D('',#4331,#4332,#4333);
#4335=PLANE('',#4334);
#4336=ORIENTED_EDGE('',*,*,#4320,.F.);
#4338=ORIENTED_EDGE('',*,*,#4337,.T.);
#4340=ORIENTED_EDGE('',*,*,#4339,.T.);
#4342=ORIENTED_EDGE('',*,*,#4341,.F.);
#4343=EDGE_LOOP('',(#4336,#4338,#4340,#4342));
#4344=FACE_OUTER_BOUND('',#4343,.F.);
#4345=ADVANCED_FACE('',(#4344),#4335,.F.);
#4346=FILL_AREA_STYLE_COLOUR('',#29);
#4347=FILL_AREA_STYLE('',(#4346));
#4348=SURFACE_STYLE_FILL_AREA(#4347);
#4349=SURFACE_SIDE_STYLE('',(#4348));
#4350=SURFACE_STYLE_USAGE(.POSITIVE.,#4349);
#4351=PRESENTATION_STYLE_ASSIGNMENT((#4350));
#4352=OVER_RIDING_STYLED_ITEM('',(#4351),#4345,#4214);
#4353=CARTESIAN_POINT('',(-3.5E-1,1.E-1,1.4E0));
#4354=DIRECTION('',(-1.E0,0.E0,0.E0));
#4355=DIRECTION('',(0.E0,0.E0,1.E0));
#4356=AXIS2_PLACEMENT_3D('',#4353,#4354,#4355);
#4357=PLANE('',#4356);
#4358=ORIENTED_EDGE('',*,*,#4337,.F.);
#4359=ORIENTED_EDGE('',*,*,#4326,.F.);
#4361=ORIENTED_EDGE('',*,*,#4360,.T.);
#4363=ORIENTED_EDGE('',*,*,#4362,.T.);
#4364=EDGE_LOOP('',(#4358,#4359,#4361,#4363));
#4365=FACE_OUTER_BOUND('',#4364,.F.);
#4366=ADVANCED_FACE('',(#4365),#4357,.T.);
#4367=CARTESIAN_POINT('',(-2.E-1,1.E-1,1.4E0));
#4368=DIRECTION('',(0.E0,0.E0,-1.E0));
#4369=DIRECTION('',(-1.E0,0.E0,0.E0));
#4370=AXIS2_PLACEMENT_3D('',#4367,#4368,#4369);
#4371=PLANE('',#4370);
#4372=ORIENTED_EDGE('',*,*,#4324,.F.);
#4374=ORIENTED_EDGE('',*,*,#4373,.T.);
#4376=ORIENTED_EDGE('',*,*,#4375,.T.);
#4377=ORIENTED_EDGE('',*,*,#4360,.F.);
#4378=EDGE_LOOP('',(#4372,#4374,#4376,#4377));
#4379=FACE_OUTER_BOUND('',#4378,.F.);
#4380=ADVANCED_FACE('',(#4379),#4371,.T.);
#4381=CARTESIAN_POINT('',(-2.E-1,1.E-1,1.6E0));
#4382=DIRECTION('',(1.E0,0.E0,0.E0));
#4383=DIRECTION('',(0.E0,0.E0,-1.E0));
#4384=AXIS2_PLACEMENT_3D('',#4381,#4382,#4383);
#4385=PLANE('',#4384);
#4386=ORIENTED_EDGE('',*,*,#4341,.T.);
#4388=ORIENTED_EDGE('',*,*,#4387,.T.);
#4389=ORIENTED_EDGE('',*,*,#4373,.F.);
#4390=ORIENTED_EDGE('',*,*,#4322,.F.);
#4391=EDGE_LOOP('',(#4386,#4388,#4389,#4390));
#4392=FACE_OUTER_BOUND('',#4391,.F.);
#4393=ADVANCED_FACE('',(#4392),#4385,.T.);
#4394=CARTESIAN_POINT('',(0.E0,2.E-1,0.E0));
#4395=DIRECTION('',(0.E0,1.E0,0.E0));
#4396=DIRECTION('',(1.E0,0.E0,0.E0));
#4397=AXIS2_PLACEMENT_3D('',#4394,#4395,#4396);
#4398=PLANE('',#4397);
#4399=ORIENTED_EDGE('',*,*,#4339,.F.);
#4400=ORIENTED_EDGE('',*,*,#4362,.F.);
#4401=ORIENTED_EDGE('',*,*,#4375,.F.);
#4402=ORIENTED_EDGE('',*,*,#4387,.F.);
#4403=EDGE_LOOP('',(#4399,#4400,#4401,#4402));
#4404=FACE_OUTER_BOUND('',#4403,.F.);
#4405=ADVANCED_FACE('',(#4404),#4398,.T.);
#4406=CLOSED_SHELL('',(#4330,#4345,#4366,#4380,#4393,#4405));
#4407=MANIFOLD_SOLID_BREP('',#4406);
#4408=FILL_AREA_STYLE_COLOUR('',#28);
#4409=FILL_AREA_STYLE('',(#4408));
#4410=SURFACE_STYLE_FILL_AREA(#4409);
#4411=SURFACE_SIDE_STYLE('',(#4410));
#4412=SURFACE_STYLE_USAGE(.POSITIVE.,#4411);
#4413=PRESENTATION_STYLE_ASSIGNMENT((#4412));
#4214=STYLED_ITEM('',(#4413),#4407);
#4415=DIRECTION('',(1.E0,0.E0,0.E0));
#4416=VECTOR('',#4415,1.5E-1);
#4417=CARTESIAN_POINT('',(2.E-1,1.E-1,1.5E0));
#4418=LINE('',#4417,#4416);
#4419=CURVE_STYLE('',#35,POSITIVE_LENGTH_MEASURE(2.E-2),#28);
#4420=PRESENTATION_STYLE_ASSIGNMENT((#4419));
#4421=STYLED_ITEM('',(#4420),#4418);
#4422=DIRECTION('',(0.E0,0.E0,-1.E0));
#4423=VECTOR('',#4422,1.E-1);
#4424=CARTESIAN_POINT('',(3.5E-1,1.E-1,1.5E0));
#4425=LINE('',#4424,#4423);
#4426=CURVE_STYLE('',#35,POSITIVE_LENGTH_MEASURE(2.E-2),#28);
#4427=PRESENTATION_STYLE_ASSIGNMENT((#4426));
#4428=STYLED_ITEM('',(#4427),#4425);
#4429=DIRECTION('',(-1.E0,0.E0,0.E0));
#4430=VECTOR('',#4429,1.5E-1);
#4431=CARTESIAN_POINT('',(3.5E-1,1.E-1,1.4E0));
#4432=LINE('',#4431,#4430);
#4433=CURVE_STYLE('',#35,POSITIVE_LENGTH_MEASURE(2.E-2),#28);
#4434=PRESENTATION_STYLE_ASSIGNMENT((#4433));
#4435=STYLED_ITEM('',(#4434),#4432);
#4436=DIRECTION('',(0.E0,0.E0,1.E0));
#4437=VECTOR('',#4436,1.E-1);
#4438=CARTESIAN_POINT('',(2.E-1,1.E-1,1.4E0));
#4439=LINE('',#4438,#4437);
#4440=CURVE_STYLE('',#35,POSITIVE_LENGTH_MEASURE(2.E-2),#28);
#4441=PRESENTATION_STYLE_ASSIGNMENT((#4440));
#4442=STYLED_ITEM('',(#4441),#4439);
#4443=DIRECTION('',(0.E0,1.E0,0.E0));
#4444=VECTOR('',#4443,1.E-1);
#4445=CARTESIAN_POINT('',(2.E-1,1.E-1,1.5E0));
#4446=LINE('',#4445,#4444);
#4447=CURVE_STYLE('',#35,POSITIVE_LENGTH_MEASURE(2.E-2),#28);
#4448=PRESENTATION_STYLE_ASSIGNMENT((#4447));
#4449=STYLED_ITEM('',(#4448),#4446);
#4450=DIRECTION('',(0.E0,1.E0,0.E0));
#4451=VECTOR('',#4450,1.E-1);
#4452=CARTESIAN_POINT('',(2.E-1,1.E-1,1.4E0));
#4453=LINE('',#4452,#4451);
#4454=CURVE_STYLE('',#35,POSITIVE_LENGTH_MEASURE(2.E-2),#28);
#4455=PRESENTATION_STYLE_ASSIGNMENT((#4454));
#4456=STYLED_ITEM('',(#4455),#4453);
#4457=DIRECTION('',(0.E0,1.E0,0.E0));
#4458=VECTOR('',#4457,1.E-1);
#4459=CARTESIAN_POINT('',(3.5E-1,1.E-1,1.4E0));
#4460=LINE('',#4459,#4458);
#4461=CURVE_STYLE('',#35,POSITIVE_LENGTH_MEASURE(2.E-2),#28);
#4462=PRESENTATION_STYLE_ASSIGNMENT((#4461));
#4463=STYLED_ITEM('',(#4462),#4460);
#4464=DIRECTION('',(0.E0,1.E0,0.E0));
#4465=VECTOR('',#4464,1.E-1);
#4466=CARTESIAN_POINT('',(3.5E-1,1.E-1,1.5E0));
#4467=LINE('',#4466,#4465);
#4468=CURVE_STYLE('',#35,POSITIVE_LENGTH_MEASURE(2.E-2),#28);
#4469=PRESENTATION_STYLE_ASSIGNMENT((#4468));
#4470=STYLED_ITEM('',(#4469),#4467);
#4471=DIRECTION('',(1.E0,0.E0,0.E0));
#4472=VECTOR('',#4471,1.5E-1);
#4473=CARTESIAN_POINT('',(2.E-1,2.E-1,1.5E0));
#4474=LINE('',#4473,#4472);
#4475=CURVE_STYLE('',#35,POSITIVE_LENGTH_MEASURE(2.E-2),#28);
#4476=PRESENTATION_STYLE_ASSIGNMENT((#4475));
#4477=STYLED_ITEM('',(#4476),#4474);
#4478=DIRECTION('',(0.E0,0.E0,1.E0));
#4479=VECTOR('',#4478,1.E-1);
#4480=CARTESIAN_POINT('',(2.E-1,2.E-1,1.4E0));
#4481=LINE('',#4480,#4479);
#4482=CURVE_STYLE('',#35,POSITIVE_LENGTH_MEASURE(2.E-2),#28);
#4483=PRESENTATION_STYLE_ASSIGNMENT((#4482));
#4484=STYLED_ITEM('',(#4483),#4481);
#4485=DIRECTION('',(-1.E0,0.E0,0.E0));
#4486=VECTOR('',#4485,1.5E-1);
#4487=CARTESIAN_POINT('',(3.5E-1,2.E-1,1.4E0));
#4488=LINE('',#4487,#4486);
#4489=CURVE_STYLE('',#35,POSITIVE_LENGTH_MEASURE(2.E-2),#28);
#4490=PRESENTATION_STYLE_ASSIGNMENT((#4489));
#4491=STYLED_ITEM('',(#4490),#4488);
#4492=DIRECTION('',(0.E0,0.E0,-1.E0));
#4493=VECTOR('',#4492,1.E-1);
#4494=CARTESIAN_POINT('',(3.5E-1,2.E-1,1.5E0));
#4495=LINE('',#4494,#4493);
#4496=CURVE_STYLE('',#35,POSITIVE_LENGTH_MEASURE(2.E-2),#28);
#4497=PRESENTATION_STYLE_ASSIGNMENT((#4496));
#4498=STYLED_ITEM('',(#4497),#4495);
#4499=CARTESIAN_POINT('',(3.5E-1,1.E-1,1.4E0));
#4500=CARTESIAN_POINT('',(2.E-1,1.E-1,1.4E0));
#4501=VERTEX_POINT('',#4499);
#4502=VERTEX_POINT('',#4500);
#4503=CARTESIAN_POINT('',(3.5E-1,2.E-1,1.4E0));
#4504=CARTESIAN_POINT('',(2.E-1,2.E-1,1.4E0));
#4505=VERTEX_POINT('',#4503);
#4506=VERTEX_POINT('',#4504);
#4507=CARTESIAN_POINT('',(2.E-1,1.E-1,1.5E0));
#4508=CARTESIAN_POINT('',(3.5E-1,1.E-1,1.5E0));
#4509=VERTEX_POINT('',#4507);
#4510=VERTEX_POINT('',#4508);
#4511=CARTESIAN_POINT('',(3.5E-1,2.E-1,1.5E0));
#4512=VERTEX_POINT('',#4511);
#4513=CARTESIAN_POINT('',(2.E-1,2.E-1,1.5E0));
#4514=VERTEX_POINT('',#4513);
#4515=CARTESIAN_POINT('',(0.E0,1.E-1,0.E0));
#4516=DIRECTION('',(0.E0,1.E0,0.E0));
#4517=DIRECTION('',(1.E0,0.E0,0.E0));
#4518=AXIS2_PLACEMENT_3D('',#4515,#4516,#4517);
#4519=PLANE('',#4518);
#4521=ORIENTED_EDGE('',*,*,#4520,.T.);
#4523=ORIENTED_EDGE('',*,*,#4522,.T.);
#4525=ORIENTED_EDGE('',*,*,#4524,.T.);
#4527=ORIENTED_EDGE('',*,*,#4526,.T.);
#4528=EDGE_LOOP('',(#4521,#4523,#4525,#4527));
#4529=FACE_OUTER_BOUND('',#4528,.F.);
#4530=ADVANCED_FACE('',(#4529),#4519,.F.);
#4531=CARTESIAN_POINT('',(1.E0,0.E0,1.5E0));
#4532=DIRECTION('',(0.E0,0.E0,-1.E0));
#4533=DIRECTION('',(-1.E0,0.E0,0.E0));
#4534=AXIS2_PLACEMENT_3D('',#4531,#4532,#4533);
#4535=PLANE('',#4534);
#4536=ORIENTED_EDGE('',*,*,#4520,.F.);
#4538=ORIENTED_EDGE('',*,*,#4537,.T.);
#4540=ORIENTED_EDGE('',*,*,#4539,.T.);
#4542=ORIENTED_EDGE('',*,*,#4541,.F.);
#4543=EDGE_LOOP('',(#4536,#4538,#4540,#4542));
#4544=FACE_OUTER_BOUND('',#4543,.F.);
#4545=ADVANCED_FACE('',(#4544),#4535,.F.);
#4546=FILL_AREA_STYLE_COLOUR('',#29);
#4547=FILL_AREA_STYLE('',(#4546));
#4548=SURFACE_STYLE_FILL_AREA(#4547);
#4549=SURFACE_SIDE_STYLE('',(#4548));
#4550=SURFACE_STYLE_USAGE(.POSITIVE.,#4549);
#4551=PRESENTATION_STYLE_ASSIGNMENT((#4550));
#4552=OVER_RIDING_STYLED_ITEM('',(#4551),#4545,#4414);
#4553=CARTESIAN_POINT('',(2.E-1,1.E-1,1.4E0));
#4554=DIRECTION('',(-1.E0,0.E0,0.E0));
#4555=DIRECTION('',(0.E0,0.E0,1.E0));
#4556=AXIS2_PLACEMENT_3D('',#4553,#4554,#4555);
#4557=PLANE('',#4556);
#4558=ORIENTED_EDGE('',*,*,#4537,.F.);
#4559=ORIENTED_EDGE('',*,*,#4526,.F.);
#4561=ORIENTED_EDGE('',*,*,#4560,.T.);
#4563=ORIENTED_EDGE('',*,*,#4562,.T.);
#4564=EDGE_LOOP('',(#4558,#4559,#4561,#4563));
#4565=FACE_OUTER_BOUND('',#4564,.F.);
#4566=ADVANCED_FACE('',(#4565),#4557,.T.);
#4567=CARTESIAN_POINT('',(3.5E-1,1.E-1,1.4E0));
#4568=DIRECTION('',(0.E0,0.E0,-1.E0));
#4569=DIRECTION('',(-1.E0,0.E0,0.E0));
#4570=AXIS2_PLACEMENT_3D('',#4567,#4568,#4569);
#4571=PLANE('',#4570);
#4572=ORIENTED_EDGE('',*,*,#4524,.F.);
#4574=ORIENTED_EDGE('',*,*,#4573,.T.);
#4576=ORIENTED_EDGE('',*,*,#4575,.T.);
#4577=ORIENTED_EDGE('',*,*,#4560,.F.);
#4578=EDGE_LOOP('',(#4572,#4574,#4576,#4577));
#4579=FACE_OUTER_BOUND('',#4578,.F.);
#4580=ADVANCED_FACE('',(#4579),#4571,.T.);
#4581=CARTESIAN_POINT('',(3.5E-1,1.E-1,1.6E0));
#4582=DIRECTION('',(1.E0,0.E0,0.E0));
#4583=DIRECTION('',(0.E0,0.E0,-1.E0));
#4584=AXIS2_PLACEMENT_3D('',#4581,#4582,#4583);
#4585=PLANE('',#4584);
#4586=ORIENTED_EDGE('',*,*,#4541,.T.);
#4588=ORIENTED_EDGE('',*,*,#4587,.T.);
#4589=ORIENTED_EDGE('',*,*,#4573,.F.);
#4590=ORIENTED_EDGE('',*,*,#4522,.F.);
#4591=EDGE_LOOP('',(#4586,#4588,#4589,#4590));
#4592=FACE_OUTER_BOUND('',#4591,.F.);
#4593=ADVANCED_FACE('',(#4592),#4585,.T.);
#4594=CARTESIAN_POINT('',(0.E0,2.E-1,0.E0));
#4595=DIRECTION('',(0.E0,1.E0,0.E0));
#4596=DIRECTION('',(1.E0,0.E0,0.E0));
#4597=AXIS2_PLACEMENT_3D('',#4594,#4595,#4596);
#4598=PLANE('',#4597);
#4599=ORIENTED_EDGE('',*,*,#4539,.F.);
#4600=ORIENTED_EDGE('',*,*,#4562,.F.);
#4601=ORIENTED_EDGE('',*,*,#4575,.F.);
#4602=ORIENTED_EDGE('',*,*,#4587,.F.);
#4603=EDGE_LOOP('',(#4599,#4600,#4601,#4602));
#4604=FACE_OUTER_BOUND('',#4603,.F.);
#4605=ADVANCED_FACE('',(#4604),#4598,.T.);
#4606=CLOSED_SHELL('',(#4530,#4545,#4566,#4580,#4593,#4605));
#4607=MANIFOLD_SOLID_BREP('',#4606);
#4608=FILL_AREA_STYLE_COLOUR('',#28);
#4609=FILL_AREA_STYLE('',(#4608));
#4610=SURFACE_STYLE_FILL_AREA(#4609);
#4611=SURFACE_SIDE_STYLE('',(#4610));
#4612=SURFACE_STYLE_USAGE(.POSITIVE.,#4611);
#4613=PRESENTATION_STYLE_ASSIGNMENT((#4612));
#4414=STYLED_ITEM('',(#4613),#4607);
#4615=DIMENSIONAL_EXPONENTS(0.E0,0.E0,0.E0,0.E0,0.E0,0.E0,0.E0);
#4617=PLANE_ANGLE_MEASURE_WITH_UNIT(PLANE_ANGLE_MEASURE(1.745329251994E-2),
#4616);
#4618=(CONVERSION_BASED_UNIT('DEGREE',#4617)NAMED_UNIT(*)PLANE_ANGLE_UNIT());
#4620=UNCERTAINTY_MEASURE_WITH_UNIT(LENGTH_MEASURE(1.620120367195E-4),#4614,
'closure',
'Maximum model space distance between geometric entities at asserted connectivities');
#4621=(GEOMETRIC_REPRESENTATION_CONTEXT(3)GLOBAL_UNCERTAINTY_ASSIGNED_CONTEXT((
#4620))GLOBAL_UNIT_ASSIGNED_CONTEXT((#4614,#4618,#4619))REPRESENTATION_CONTEXT(
'ID1','3'));
#4622=CARTESIAN_POINT('',(0.E0,0.E0,0.E0));
#4623=DIRECTION('',(0.E0,0.E0,1.E0));
#4624=DIRECTION('',(1.E0,0.E0,0.E0));
#4627=APPLICATION_CONTEXT(
'CONFIGURATION CONTROLLED 3D DESIGNS OF MECHANICAL PARTS AND ASSEMBLIES');
#4628=APPLICATION_PROTOCOL_DEFINITION('international standard',
'config_control_design',1994,#4627);
#4629=DESIGN_CONTEXT('',#4627,'design');
#4630=MECHANICAL_CONTEXT('',#4627,'mechanical');
#4631=PRODUCT('FRAME','FRAME','NOT SPECIFIED',(#4630));
#4632=PRODUCT_DEFINITION_FORMATION_WITH_SPECIFIED_SOURCE('37','LAST_VERSION',
#4631,.MADE.);
#4641=CARTESIAN_POINT('',(0.E0,0.E0,0.E0));
#4642=DIRECTION('',(0.E0,-1.E0,0.E0));
#4643=DIRECTION('',(1.E0,0.E0,0.E0));
#4644=AXIS2_PLACEMENT_3D('',#4641,#4642,#4643);
#4645=ITEM_DEFINED_TRANSFORMATION('','',#4625,#4644);
#4646=(REPRESENTATION_RELATIONSHIP('','',#4626,#4638)REPRESENTATION_RELATIONSHIP_WITH_TRANSFORMATION(#4645)SHAPE_REPRESENTATION_RELATIONSHIP());
#4647=CONTEXT_DEPENDENT_SHAPE_REPRESENTATION(#4646,#4640);
#4650=DIRECTION('',(1.E0,0.E0,0.E0));
#4651=VECTOR('',#4650,1.3E-1);
#4652=CARTESIAN_POINT('',(-1.E0,0.E0,-1.1E0));
#4653=LINE('',#4652,#4651);
#4654=CURVE_STYLE('',#35,POSITIVE_LENGTH_MEASURE(2.E-2),#3);
#4655=PRESENTATION_STYLE_ASSIGNMENT((#4654));
#4656=STYLED_ITEM('',(#4655),#4653);
#4657=DIRECTION('',(0.E0,0.E0,1.E0));
#4658=VECTOR('',#4657,2.E-1);
#4659=CARTESIAN_POINT('',(-1.E0,0.E0,-1.1E0));
#4660=LINE('',#4659,#4658);
#4661=CURVE_STYLE('',#35,POSITIVE_LENGTH_MEASURE(2.E-2),#3);
#4662=PRESENTATION_STYLE_ASSIGNMENT((#4661));
#4663=STYLED_ITEM('',(#4662),#4660);
#4664=DIRECTION('',(1.E0,0.E0,0.E0));
#4665=VECTOR('',#4664,1.3E-1);
#4666=CARTESIAN_POINT('',(-1.E0,0.E0,-9.E-1));
#4667=LINE('',#4666,#4665);
#4668=CURVE_STYLE('',#35,POSITIVE_LENGTH_MEASURE(2.E-2),#3);
#4669=PRESENTATION_STYLE_ASSIGNMENT((#4668));
#4670=STYLED_ITEM('',(#4669),#4667);
#4671=DIRECTION('',(0.E0,0.E0,1.E0));
#4672=VECTOR('',#4671,2.E-1);
#4673=CARTESIAN_POINT('',(-8.7E-1,0.E0,-1.1E0));
#4674=LINE('',#4673,#4672);
#4675=CURVE_STYLE('',#35,POSITIVE_LENGTH_MEASURE(2.E-2),#3);
#4676=PRESENTATION_STYLE_ASSIGNMENT((#4675));
#4677=STYLED_ITEM('',(#4676),#4674);
#4678=DIRECTION('',(1.E0,0.E0,0.E0));
#4679=VECTOR('',#4678,2.51E-1);
#4680=CARTESIAN_POINT('',(-1.E0,0.E0,-1.3E0));
#4681=LINE('',#4680,#4679);
#4682=CURVE_STYLE('',#35,POSITIVE_LENGTH_MEASURE(2.E-2),#3);
#4683=PRESENTATION_STYLE_ASSIGNMENT((#4682));
#4684=STYLED_ITEM('',(#4683),#4681);
#4685=CARTESIAN_POINT('',(-7.49E-1,0.E0,-1.201E0));
#4686=DIRECTION('',(0.E0,1.E0,0.E0));
#4687=DIRECTION('',(1.E0,0.E0,0.E0));
#4688=AXIS2_PLACEMENT_3D('',#4685,#4686,#4687);
#4690=CURVE_STYLE('',#35,POSITIVE_LENGTH_MEASURE(2.E-2),#3);
#4691=PRESENTATION_STYLE_ASSIGNMENT((#4690));
#4692=STYLED_ITEM('',(#4691),#4689);
#4693=DIRECTION('',(0.E0,0.E0,-1.E0));
#4694=VECTOR('',#4693,4.02E-1);
#4695=CARTESIAN_POINT('',(-6.5E-1,0.E0,-7.99E-1));
#4696=LINE('',#4695,#4694);
#4697=CURVE_STYLE('',#35,POSITIVE_LENGTH_MEASURE(2.E-2),#3);
#4698=PRESENTATION_STYLE_ASSIGNMENT((#4697));
#4699=STYLED_ITEM('',(#4698),#4696);
#4700=CARTESIAN_POINT('',(-7.49E-1,0.E0,-7.99E-1));
#4701=DIRECTION('',(0.E0,1.E0,0.E0));
#4702=DIRECTION('',(-2.803593496528E-14,0.E0,1.E0));
#4703=AXIS2_PLACEMENT_3D('',#4700,#4701,#4702);
#4705=CURVE_STYLE('',#35,POSITIVE_LENGTH_MEASURE(2.E-2),#3);
#4706=PRESENTATION_STYLE_ASSIGNMENT((#4705));
#4707=STYLED_ITEM('',(#4706),#4704);
#4708=DIRECTION('',(1.E0,0.E0,0.E0));
#4709=VECTOR('',#4708,2.51E-1);
#4710=CARTESIAN_POINT('',(-1.E0,0.E0,-7.E-1));
#4711=LINE('',#4710,#4709);
#4712=CURVE_STYLE('',#35,POSITIVE_LENGTH_MEASURE(2.E-2),#3);
#4713=PRESENTATION_STYLE_ASSIGNMENT((#4712));
#4714=STYLED_ITEM('',(#4713),#4711);
#4715=DIRECTION('',(0.E0,0.E0,1.E0));
#4716=VECTOR('',#4715,2.E-1);
#4717=CARTESIAN_POINT('',(-1.E0,0.E0,-7.E-1));
#4718=LINE('',#4717,#4716);
#4719=CURVE_STYLE('',#35,POSITIVE_LENGTH_MEASURE(2.E-2),#3);
#4720=PRESENTATION_STYLE_ASSIGNMENT((#4719));
#4721=STYLED_ITEM('',(#4720),#4718);
#4722=DIRECTION('',(1.E0,0.E0,0.E0));
#4723=VECTOR('',#4722,2.51E-1);
#4724=CARTESIAN_POINT('',(-1.E0,0.E0,-5.E-1));
#4725=LINE('',#4724,#4723);
#4726=CURVE_STYLE('',#35,POSITIVE_LENGTH_MEASURE(2.E-2),#3);
#4727=PRESENTATION_STYLE_ASSIGNMENT((#4726));
#4728=STYLED_ITEM('',(#4727),#4725);
#4729=CARTESIAN_POINT('',(-7.49E-1,0.E0,-4.01E-1));
#4730=DIRECTION('',(0.E0,1.E0,0.E0));
#4731=DIRECTION('',(1.E0,0.E0,0.E0));
#4732=AXIS2_PLACEMENT_3D('',#4729,#4730,#4731);
#4734=CURVE_STYLE('',#35,POSITIVE_LENGTH_MEASURE(2.E-2),#3);
#4735=PRESENTATION_STYLE_ASSIGNMENT((#4734));
#4736=STYLED_ITEM('',(#4735),#4733);
#4737=DIRECTION('',(0.E0,0.E0,-1.E0));
#4738=VECTOR('',#4737,2.E-3);
#4739=CARTESIAN_POINT('',(-6.5E-1,0.E0,-3.99E-1));
#4740=LINE('',#4739,#4738);
#4741=CURVE_STYLE('',#35,POSITIVE_LENGTH_MEASURE(2.E-2),#3);
#4742=PRESENTATION_STYLE_ASSIGNMENT((#4741));
#4743=STYLED_ITEM('',(#4742),#4740);
#4744=CARTESIAN_POINT('',(-7.49E-1,0.E0,-3.99E-1));
#4745=DIRECTION('',(0.E0,1.E0,0.E0));
#4746=DIRECTION('',(0.E0,0.E0,1.E0));
#4747=AXIS2_PLACEMENT_3D('',#4744,#4745,#4746);
#4749=CURVE_STYLE('',#35,POSITIVE_LENGTH_MEASURE(2.E-2),#3);
#4750=PRESENTATION_STYLE_ASSIGNMENT((#4749));
#4751=STYLED_ITEM('',(#4750),#4748);
#4752=DIRECTION('',(1.E0,0.E0,0.E0));
#4753=VECTOR('',#4752,2.51E-1);
#4754=CARTESIAN_POINT('',(-1.E0,0.E0,-3.E-1));
#4755=LINE('',#4754,#4753);
#4756=CURVE_STYLE('',#35,POSITIVE_LENGTH_MEASURE(2.E-2),#3);
#4757=PRESENTATION_STYLE_ASSIGNMENT((#4756));
#4758=STYLED_ITEM('',(#4757),#4755);
#4759=DIRECTION('',(0.E0,0.E0,1.E0));
#4760=VECTOR('',#4759,2.E-1);
#4761=CARTESIAN_POINT('',(-1.E0,0.E0,-3.E-1));
#4762=LINE('',#4761,#4760);
#4763=CURVE_STYLE('',#35,POSITIVE_LENGTH_MEASURE(2.E-2),#3);
#4764=PRESENTATION_STYLE_ASSIGNMENT((#4763));
#4765=STYLED_ITEM('',(#4764),#4762);
#4766=DIRECTION('',(1.E0,0.E0,0.E0));
#4767=VECTOR('',#4766,2.51E-1);
#4768=CARTESIAN_POINT('',(-1.E0,0.E0,-1.E-1));
#4769=LINE('',#4768,#4767);
#4770=CURVE_STYLE('',#35,POSITIVE_LENGTH_MEASURE(2.E-2),#3);
#4771=PRESENTATION_STYLE_ASSIGNMENT((#4770));
#4772=STYLED_ITEM('',(#4771),#4769);
#4773=CARTESIAN_POINT('',(-7.49E-1,0.E0,-1.E-3));
#4774=DIRECTION('',(0.E0,1.E0,0.E0));
#4775=DIRECTION('',(1.E0,0.E0,0.E0));
#4776=AXIS2_PLACEMENT_3D('',#4773,#4774,#4775);
#4778=CURVE_STYLE('',#35,POSITIVE_LENGTH_MEASURE(2.E-2),#3);
#4779=PRESENTATION_STYLE_ASSIGNMENT((#4778));
#4780=STYLED_ITEM('',(#4779),#4777);
#4781=DIRECTION('',(0.E0,0.E0,-1.E0));
#4782=VECTOR('',#4781,2.E-3);
#4783=CARTESIAN_POINT('',(-6.5E-1,0.E0,1.E-3));
#4784=LINE('',#4783,#4782);
#4785=CURVE_STYLE('',#35,POSITIVE_LENGTH_MEASURE(2.E-2),#3);
#4786=PRESENTATION_STYLE_ASSIGNMENT((#4785));
#4787=STYLED_ITEM('',(#4786),#4784);
#4788=CARTESIAN_POINT('',(-7.49E-1,0.E0,1.E-3));
#4789=DIRECTION('',(0.E0,1.E0,0.E0));
#4790=DIRECTION('',(0.E0,0.E0,1.E0));
#4791=AXIS2_PLACEMENT_3D('',#4788,#4789,#4790);
#4793=CURVE_STYLE('',#35,POSITIVE_LENGTH_MEASURE(2.E-2),#3);
#4794=PRESENTATION_STYLE_ASSIGNMENT((#4793));
#4795=STYLED_ITEM('',(#4794),#4792);
#4796=DIRECTION('',(1.E0,0.E0,0.E0));
#4797=VECTOR('',#4796,2.51E-1);
#4798=CARTESIAN_POINT('',(-1.E0,0.E0,1.E-1));
#4799=LINE('',#4798,#4797);
#4800=CURVE_STYLE('',#35,POSITIVE_LENGTH_MEASURE(2.E-2),#3);
#4801=PRESENTATION_STYLE_ASSIGNMENT((#4800));
#4802=STYLED_ITEM('',(#4801),#4799);
#4803=DIRECTION('',(0.E0,0.E0,1.E0));
#4804=VECTOR('',#4803,2.E-1);
#4805=CARTESIAN_POINT('',(-1.E0,0.E0,1.E-1));
#4806=LINE('',#4805,#4804);
#4807=CURVE_STYLE('',#35,POSITIVE_LENGTH_MEASURE(2.E-2),#3);
#4808=PRESENTATION_STYLE_ASSIGNMENT((#4807));
#4809=STYLED_ITEM('',(#4808),#4806);
#4810=DIRECTION('',(1.E0,0.E0,0.E0));
#4811=VECTOR('',#4810,2.51E-1);
#4812=CARTESIAN_POINT('',(-1.E0,0.E0,3.E-1));
#4813=LINE('',#4812,#4811);
#4814=CURVE_STYLE('',#35,POSITIVE_LENGTH_MEASURE(2.E-2),#3);
#4815=PRESENTATION_STYLE_ASSIGNMENT((#4814));
#4816=STYLED_ITEM('',(#4815),#4813);
#4817=CARTESIAN_POINT('',(-7.49E-1,0.E0,3.99E-1));
#4818=DIRECTION('',(0.E0,1.E0,0.E0));
#4819=DIRECTION('',(1.E0,0.E0,0.E0));
#4820=AXIS2_PLACEMENT_3D('',#4817,#4818,#4819);
#4822=CURVE_STYLE('',#35,POSITIVE_LENGTH_MEASURE(2.E-2),#3);
#4823=PRESENTATION_STYLE_ASSIGNMENT((#4822));
#4824=STYLED_ITEM('',(#4823),#4821);
#4825=DIRECTION('',(0.E0,0.E0,-1.E0));
#4826=VECTOR('',#4825,2.E-3);
#4827=CARTESIAN_POINT('',(-6.5E-1,0.E0,4.01E-1));
#4828=LINE('',#4827,#4826);
#4829=CURVE_STYLE('',#35,POSITIVE_LENGTH_MEASURE(2.E-2),#3);
#4830=PRESENTATION_STYLE_ASSIGNMENT((#4829));
#4831=STYLED_ITEM('',(#4830),#4828);
#4832=CARTESIAN_POINT('',(-7.49E-1,0.E0,4.01E-1));
#4833=DIRECTION('',(0.E0,1.E0,0.E0));
#4834=DIRECTION('',(0.E0,0.E0,1.E0));
#4835=AXIS2_PLACEMENT_3D('',#4832,#4833,#4834);
#4837=CURVE_STYLE('',#35,POSITIVE_LENGTH_MEASURE(2.E-2),#3);
#4838=PRESENTATION_STYLE_ASSIGNMENT((#4837));
#4839=STYLED_ITEM('',(#4838),#4836);
#4840=DIRECTION('',(1.E0,0.E0,0.E0));
#4841=VECTOR('',#4840,2.51E-1);
#4842=CARTESIAN_POINT('',(-1.E0,0.E0,5.E-1));
#4843=LINE('',#4842,#4841);
#4844=CURVE_STYLE('',#35,POSITIVE_LENGTH_MEASURE(2.E-2),#3);
#4845=PRESENTATION_STYLE_ASSIGNMENT((#4844));
#4846=STYLED_ITEM('',(#4845),#4843);
#4847=DIRECTION('',(0.E0,0.E0,1.E0));
#4848=VECTOR('',#4847,2.E-1);
#4849=CARTESIAN_POINT('',(-1.E0,0.E0,5.E-1));
#4850=LINE('',#4849,#4848);
#4851=CURVE_STYLE('',#35,POSITIVE_LENGTH_MEASURE(2.E-2),#3);
#4852=PRESENTATION_STYLE_ASSIGNMENT((#4851));
#4853=STYLED_ITEM('',(#4852),#4850);
#4854=DIRECTION('',(1.E0,0.E0,0.E0));
#4855=VECTOR('',#4854,2.51E-1);
#4856=CARTESIAN_POINT('',(-1.E0,0.E0,7.E-1));
#4857=LINE('',#4856,#4855);
#4858=CURVE_STYLE('',#35,POSITIVE_LENGTH_MEASURE(2.E-2),#3);
#4859=PRESENTATION_STYLE_ASSIGNMENT((#4858));
#4860=STYLED_ITEM('',(#4859),#4857);
#4861=CARTESIAN_POINT('',(-7.49E-1,0.E0,7.99E-1));
#4862=DIRECTION('',(0.E0,1.E0,0.E0));
#4863=DIRECTION('',(1.E0,0.E0,0.E0));
#4864=AXIS2_PLACEMENT_3D('',#4861,#4862,#4863);
#4866=CURVE_STYLE('',#35,POSITIVE_LENGTH_MEASURE(2.E-2),#3);
#4867=PRESENTATION_STYLE_ASSIGNMENT((#4866));
#4868=STYLED_ITEM('',(#4867),#4865);
#4869=DIRECTION('',(0.E0,0.E0,-1.E0));
#4870=VECTOR('',#4869,4.02E-1);
#4871=CARTESIAN_POINT('',(-6.5E-1,0.E0,1.201E0));
#4872=LINE('',#4871,#4870);
#4873=CURVE_STYLE('',#35,POSITIVE_LENGTH_MEASURE(2.E-2),#3);
#4874=PRESENTATION_STYLE_ASSIGNMENT((#4873));
#4875=STYLED_ITEM('',(#4874),#4872);
#4876=CARTESIAN_POINT('',(-7.49E-1,0.E0,1.201E0));
#4877=DIRECTION('',(0.E0,1.E0,0.E0));
#4878=DIRECTION('',(5.719330732917E-14,0.E0,1.E0));
#4879=AXIS2_PLACEMENT_3D('',#4876,#4877,#4878);
#4881=CURVE_STYLE('',#35,POSITIVE_LENGTH_MEASURE(2.E-2),#3);
#4882=PRESENTATION_STYLE_ASSIGNMENT((#4881));
#4883=STYLED_ITEM('',(#4882),#4880);
#4884=DIRECTION('',(1.E0,0.E0,0.E0));
#4885=VECTOR('',#4884,2.51E-1);
#4886=CARTESIAN_POINT('',(-1.E0,0.E0,1.3E0));
#4887=LINE('',#4886,#4885);
#4888=CURVE_STYLE('',#35,POSITIVE_LENGTH_MEASURE(2.E-2),#3);
#4889=PRESENTATION_STYLE_ASSIGNMENT((#4888));
#4890=STYLED_ITEM('',(#4889),#4887);
#4891=DIRECTION('',(0.E0,0.E0,1.E0));
#4892=VECTOR('',#4891,2.E-1);
#4893=CARTESIAN_POINT('',(-1.E0,0.E0,1.3E0));
#4894=LINE('',#4893,#4892);
#4895=CURVE_STYLE('',#35,POSITIVE_LENGTH_MEASURE(2.E-2),#3);
#4896=PRESENTATION_STYLE_ASSIGNMENT((#4895));
#4897=STYLED_ITEM('',(#4896),#4894);
#4898=DIRECTION('',(1.E0,0.E0,0.E0));
#4899=VECTOR('',#4898,2.E0);
#4900=CARTESIAN_POINT('',(-1.E0,0.E0,1.5E0));
#4901=LINE('',#4900,#4899);
#4902=CURVE_STYLE('',#35,POSITIVE_LENGTH_MEASURE(2.E-2),#3);
#4903=PRESENTATION_STYLE_ASSIGNMENT((#4902));
#4904=STYLED_ITEM('',(#4903),#4901);
#4905=DIRECTION('',(0.E0,0.E0,-1.E0));
#4906=VECTOR('',#4905,2.E-1);
#4907=CARTESIAN_POINT('',(1.E0,0.E0,1.5E0));
#4908=LINE('',#4907,#4906);
#4909=CURVE_STYLE('',#35,POSITIVE_LENGTH_MEASURE(2.E-2),#3);
#4910=PRESENTATION_STYLE_ASSIGNMENT((#4909));
#4911=STYLED_ITEM('',(#4910),#4908);
#4912=DIRECTION('',(-1.E0,0.E0,0.E0));
#4913=VECTOR('',#4912,2.51E-1);
#4914=CARTESIAN_POINT('',(1.E0,0.E0,1.3E0));
#4915=LINE('',#4914,#4913);
#4916=CURVE_STYLE('',#35,POSITIVE_LENGTH_MEASURE(2.E-2),#3);
#4917=PRESENTATION_STYLE_ASSIGNMENT((#4916));
#4918=STYLED_ITEM('',(#4917),#4915);
#4919=CARTESIAN_POINT('',(7.49E-1,0.E0,1.201E0));
#4920=DIRECTION('',(0.E0,-1.E0,0.E0));
#4921=DIRECTION('',(-5.719330732917E-14,0.E0,1.E0));
#4922=AXIS2_PLACEMENT_3D('',#4919,#4920,#4921);
#4924=CURVE_STYLE('',#35,POSITIVE_LENGTH_MEASURE(2.E-2),#3);
#4925=PRESENTATION_STYLE_ASSIGNMENT((#4924));
#4926=STYLED_ITEM('',(#4925),#4923);
#4927=DIRECTION('',(0.E0,0.E0,-1.E0));
#4928=VECTOR('',#4927,4.02E-1);
#4929=CARTESIAN_POINT('',(6.5E-1,0.E0,1.201E0));
#4930=LINE('',#4929,#4928);
#4931=CURVE_STYLE('',#35,POSITIVE_LENGTH_MEASURE(2.E-2),#3);
#4932=PRESENTATION_STYLE_ASSIGNMENT((#4931));
#4933=STYLED_ITEM('',(#4932),#4930);
#4934=CARTESIAN_POINT('',(7.49E-1,0.E0,7.99E-1));
#4935=DIRECTION('',(0.E0,-1.E0,0.E0));
#4936=DIRECTION('',(-1.E0,0.E0,0.E0));
#4937=AXIS2_PLACEMENT_3D('',#4934,#4935,#4936);
#4939=CURVE_STYLE('',#35,POSITIVE_LENGTH_MEASURE(2.E-2),#3);
#4940=PRESENTATION_STYLE_ASSIGNMENT((#4939));
#4941=STYLED_ITEM('',(#4940),#4938);
#4942=DIRECTION('',(-1.E0,0.E0,0.E0));
#4943=VECTOR('',#4942,2.51E-1);
#4944=CARTESIAN_POINT('',(1.E0,0.E0,7.E-1));
#4945=LINE('',#4944,#4943);
#4946=CURVE_STYLE('',#35,POSITIVE_LENGTH_MEASURE(2.E-2),#3);
#4947=PRESENTATION_STYLE_ASSIGNMENT((#4946));
#4948=STYLED_ITEM('',(#4947),#4945);
#4949=DIRECTION('',(0.E0,0.E0,-1.E0));
#4950=VECTOR('',#4949,2.E-1);
#4951=CARTESIAN_POINT('',(1.E0,0.E0,7.E-1));
#4952=LINE('',#4951,#4950);
#4953=CURVE_STYLE('',#35,POSITIVE_LENGTH_MEASURE(2.E-2),#3);
#4954=PRESENTATION_STYLE_ASSIGNMENT((#4953));
#4955=STYLED_ITEM('',(#4954),#4952);
#4956=DIRECTION('',(-1.E0,0.E0,0.E0));
#4957=VECTOR('',#4956,2.51E-1);
#4958=CARTESIAN_POINT('',(1.E0,0.E0,5.E-1));
#4959=LINE('',#4958,#4957);
#4960=CURVE_STYLE('',#35,POSITIVE_LENGTH_MEASURE(2.E-2),#3);
#4961=PRESENTATION_STYLE_ASSIGNMENT((#4960));
#4962=STYLED_ITEM('',(#4961),#4959);
#4963=CARTESIAN_POINT('',(7.49E-1,0.E0,4.01E-1));
#4964=DIRECTION('',(0.E0,-1.E0,0.E0));
#4965=DIRECTION('',(0.E0,0.E0,1.E0));
#4966=AXIS2_PLACEMENT_3D('',#4963,#4964,#4965);
#4968=CURVE_STYLE('',#35,POSITIVE_LENGTH_MEASURE(2.E-2),#3);
#4969=PRESENTATION_STYLE_ASSIGNMENT((#4968));
#4970=STYLED_ITEM('',(#4969),#4967);
#4971=DIRECTION('',(0.E0,0.E0,-1.E0));
#4972=VECTOR('',#4971,2.E-3);
#4973=CARTESIAN_POINT('',(6.5E-1,0.E0,4.01E-1));
#4974=LINE('',#4973,#4972);
#4975=CURVE_STYLE('',#35,POSITIVE_LENGTH_MEASURE(2.E-2),#3);
#4976=PRESENTATION_STYLE_ASSIGNMENT((#4975));
#4977=STYLED_ITEM('',(#4976),#4974);
#4978=CARTESIAN_POINT('',(7.49E-1,0.E0,3.99E-1));
#4979=DIRECTION('',(0.E0,-1.E0,0.E0));
#4980=DIRECTION('',(-1.E0,0.E0,0.E0));
#4981=AXIS2_PLACEMENT_3D('',#4978,#4979,#4980);
#4983=CURVE_STYLE('',#35,POSITIVE_LENGTH_MEASURE(2.E-2),#3);
#4984=PRESENTATION_STYLE_ASSIGNMENT((#4983));
#4985=STYLED_ITEM('',(#4984),#4982);
#4986=DIRECTION('',(-1.E0,0.E0,0.E0));
#4987=VECTOR('',#4986,2.51E-1);
#4988=CARTESIAN_POINT('',(1.E0,0.E0,3.E-1));
#4989=LINE('',#4988,#4987);
#4990=CURVE_STYLE('',#35,POSITIVE_LENGTH_MEASURE(2.E-2),#3);
#4991=PRESENTATION_STYLE_ASSIGNMENT((#4990));
#4992=STYLED_ITEM('',(#4991),#4989);
#4993=DIRECTION('',(0.E0,0.E0,-1.E0));
#4994=VECTOR('',#4993,2.E-1);
#4995=CARTESIAN_POINT('',(1.E0,0.E0,3.E-1));
#4996=LINE('',#4995,#4994);
#4997=CURVE_STYLE('',#35,POSITIVE_LENGTH_MEASURE(2.E-2),#3);
#4998=PRESENTATION_STYLE_ASSIGNMENT((#4997));
#4999=STYLED_ITEM('',(#4998),#4996);
#5000=DIRECTION('',(-1.E0,0.E0,0.E0));
#5001=VECTOR('',#5000,2.51E-1);
#5002=CARTESIAN_POINT('',(1.E0,0.E0,1.E-1));
#5003=LINE('',#5002,#5001);
#5004=CURVE_STYLE('',#35,POSITIVE_LENGTH_MEASURE(2.E-2),#3);
#5005=PRESENTATION_STYLE_ASSIGNMENT((#5004));
#5006=STYLED_ITEM('',(#5005),#5003);
#5007=CARTESIAN_POINT('',(7.49E-1,0.E0,1.E-3));
#5008=DIRECTION('',(0.E0,-1.E0,0.E0));
#5009=DIRECTION('',(0.E0,0.E0,1.E0));
#5010=AXIS2_PLACEMENT_3D('',#5007,#5008,#5009);
#5012=CURVE_STYLE('',#35,POSITIVE_LENGTH_MEASURE(2.E-2),#3);
#5013=PRESENTATION_STYLE_ASSIGNMENT((#5012));
#5014=STYLED_ITEM('',(#5013),#5011);
#5015=DIRECTION('',(0.E0,0.E0,-1.E0));
#5016=VECTOR('',#5015,2.E-3);
#5017=CARTESIAN_POINT('',(6.5E-1,0.E0,1.E-3));
#5018=LINE('',#5017,#5016);
#5019=CURVE_STYLE('',#35,POSITIVE_LENGTH_MEASURE(2.E-2),#3);
#5020=PRESENTATION_STYLE_ASSIGNMENT((#5019));
#5021=STYLED_ITEM('',(#5020),#5018);
#5022=CARTESIAN_POINT('',(7.49E-1,0.E0,-1.E-3));
#5023=DIRECTION('',(0.E0,-1.E0,0.E0));
#5024=DIRECTION('',(-1.E0,0.E0,0.E0));
#5025=AXIS2_PLACEMENT_3D('',#5022,#5023,#5024);
#5027=CURVE_STYLE('',#35,POSITIVE_LENGTH_MEASURE(2.E-2),#3);
#5028=PRESENTATION_STYLE_ASSIGNMENT((#5027));
#5029=STYLED_ITEM('',(#5028),#5026);
#5030=DIRECTION('',(-1.E0,0.E0,0.E0));
#5031=VECTOR('',#5030,2.51E-1);
#5032=CARTESIAN_POINT('',(1.E0,0.E0,-1.E-1));
#5033=LINE('',#5032,#5031);
#5034=CURVE_STYLE('',#35,POSITIVE_LENGTH_MEASURE(2.E-2),#3);
#5035=PRESENTATION_STYLE_ASSIGNMENT((#5034));
#5036=STYLED_ITEM('',(#5035),#5033);
#5037=DIRECTION('',(0.E0,0.E0,-1.E0));
#5038=VECTOR('',#5037,2.E-1);
#5039=CARTESIAN_POINT('',(1.E0,0.E0,-1.E-1));
#5040=LINE('',#5039,#5038);
#5041=CURVE_STYLE('',#35,POSITIVE_LENGTH_MEASURE(2.E-2),#3);
#5042=PRESENTATION_STYLE_ASSIGNMENT((#5041));
#5043=STYLED_ITEM('',(#5042),#5040);
#5044=DIRECTION('',(-1.E0,0.E0,0.E0));
#5045=VECTOR('',#5044,2.51E-1);
#5046=CARTESIAN_POINT('',(1.E0,0.E0,-3.E-1));
#5047=LINE('',#5046,#5045);
#5048=CURVE_STYLE('',#35,POSITIVE_LENGTH_MEASURE(2.E-2),#3);
#5049=PRESENTATION_STYLE_ASSIGNMENT((#5048));
#5050=STYLED_ITEM('',(#5049),#5047);
#5051=CARTESIAN_POINT('',(7.49E-1,0.E0,-3.99E-1));
#5052=DIRECTION('',(0.E0,-1.E0,0.E0));
#5053=DIRECTION('',(0.E0,0.E0,1.E0));
#5054=AXIS2_PLACEMENT_3D('',#5051,#5052,#5053);
#5056=CURVE_STYLE('',#35,POSITIVE_LENGTH_MEASURE(2.E-2),#3);
#5057=PRESENTATION_STYLE_ASSIGNMENT((#5056));
#5058=STYLED_ITEM('',(#5057),#5055);
#5059=DIRECTION('',(0.E0,0.E0,-1.E0));
#5060=VECTOR('',#5059,2.E-3);
#5061=CARTESIAN_POINT('',(6.5E-1,0.E0,-3.99E-1));
#5062=LINE('',#5061,#5060);
#5063=CURVE_STYLE('',#35,POSITIVE_LENGTH_MEASURE(2.E-2),#3);
#5064=PRESENTATION_STYLE_ASSIGNMENT((#5063));
#5065=STYLED_ITEM('',(#5064),#5062);
#5066=CARTESIAN_POINT('',(7.49E-1,0.E0,-4.01E-1));
#5067=DIRECTION('',(0.E0,-1.E0,0.E0));
#5068=DIRECTION('',(-1.E0,0.E0,0.E0));
#5069=AXIS2_PLACEMENT_3D('',#5066,#5067,#5068);
#5071=CURVE_STYLE('',#35,POSITIVE_LENGTH_MEASURE(2.E-2),#3);
#5072=PRESENTATION_STYLE_ASSIGNMENT((#5071));
#5073=STYLED_ITEM('',(#5072),#5070);
#5074=DIRECTION('',(-1.E0,0.E0,0.E0));
#5075=VECTOR('',#5074,2.51E-1);
#5076=CARTESIAN_POINT('',(1.E0,0.E0,-5.E-1));
#5077=LINE('',#5076,#5075);
#5078=CURVE_STYLE('',#35,POSITIVE_LENGTH_MEASURE(2.E-2),#3);
#5079=PRESENTATION_STYLE_ASSIGNMENT((#5078));
#5080=STYLED_ITEM('',(#5079),#5077);
#5081=DIRECTION('',(0.E0,0.E0,-1.E0));
#5082=VECTOR('',#5081,2.E-1);
#5083=CARTESIAN_POINT('',(1.E0,0.E0,-5.E-1));
#5084=LINE('',#5083,#5082);
#5085=CURVE_STYLE('',#35,POSITIVE_LENGTH_MEASURE(2.E-2),#3);
#5086=PRESENTATION_STYLE_ASSIGNMENT((#5085));
#5087=STYLED_ITEM('',(#5086),#5084);
#5088=DIRECTION('',(-1.E0,0.E0,0.E0));
#5089=VECTOR('',#5088,2.51E-1);
#5090=CARTESIAN_POINT('',(1.E0,0.E0,-7.E-1));
#5091=LINE('',#5090,#5089);
#5092=CURVE_STYLE('',#35,POSITIVE_LENGTH_MEASURE(2.E-2),#3);
#5093=PRESENTATION_STYLE_ASSIGNMENT((#5092));
#5094=STYLED_ITEM('',(#5093),#5091);
#5095=CARTESIAN_POINT('',(7.49E-1,0.E0,-7.99E-1));
#5096=DIRECTION('',(0.E0,-1.E0,0.E0));
#5097=DIRECTION('',(2.803593496528E-14,0.E0,1.E0));
#5098=AXIS2_PLACEMENT_3D('',#5095,#5096,#5097);
#5100=CURVE_STYLE('',#35,POSITIVE_LENGTH_MEASURE(2.E-2),#3);
#5101=PRESENTATION_STYLE_ASSIGNMENT((#5100));
#5102=STYLED_ITEM('',(#5101),#5099);
#5103=DIRECTION('',(0.E0,0.E0,-1.E0));
#5104=VECTOR('',#5103,4.02E-1);
#5105=CARTESIAN_POINT('',(6.5E-1,0.E0,-7.99E-1));
#5106=LINE('',#5105,#5104);
#5107=CURVE_STYLE('',#35,POSITIVE_LENGTH_MEASURE(2.E-2),#3);
#5108=PRESENTATION_STYLE_ASSIGNMENT((#5107));
#5109=STYLED_ITEM('',(#5108),#5106);
#5110=CARTESIAN_POINT('',(7.49E-1,0.E0,-1.201E0));
#5111=DIRECTION('',(0.E0,-1.E0,0.E0));
#5112=DIRECTION('',(-1.E0,0.E0,0.E0));
#5113=AXIS2_PLACEMENT_3D('',#5110,#5111,#5112);
#5115=CURVE_STYLE('',#35,POSITIVE_LENGTH_MEASURE(2.E-2),#3);
#5116=PRESENTATION_STYLE_ASSIGNMENT((#5115));
#5117=STYLED_ITEM('',(#5116),#5114);
#5118=DIRECTION('',(-1.E0,0.E0,0.E0));
#5119=VECTOR('',#5118,2.51E-1);
#5120=CARTESIAN_POINT('',(1.E0,0.E0,-1.3E0));
#5121=LINE('',#5120,#5119);
#5122=CURVE_STYLE('',#35,POSITIVE_LENGTH_MEASURE(2.E-2),#3);
#5123=PRESENTATION_STYLE_ASSIGNMENT((#5122));
#5124=STYLED_ITEM('',(#5123),#5121);
#5125=DIRECTION('',(0.E0,0.E0,-1.E0));
#5126=VECTOR('',#5125,2.E-1);
#5127=CARTESIAN_POINT('',(1.E0,0.E0,-1.3E0));
#5128=LINE('',#5127,#5126);
#5129=CURVE_STYLE('',#35,POSITIVE_LENGTH_MEASURE(2.E-2),#3);
#5130=PRESENTATION_STYLE_ASSIGNMENT((#5129));
#5131=STYLED_ITEM('',(#5130),#5128);
#5132=DIRECTION('',(-1.E0,0.E0,0.E0));
#5133=VECTOR('',#5132,2.E0);
#5134=CARTESIAN_POINT('',(1.E0,0.E0,-1.5E0));
#5135=LINE('',#5134,#5133);
#5136=CURVE_STYLE('',#35,POSITIVE_LENGTH_MEASURE(2.E-2),#3);
#5137=PRESENTATION_STYLE_ASSIGNMENT((#5136));
#5138=STYLED_ITEM('',(#5137),#5135);
#5139=DIRECTION('',(0.E0,0.E0,1.E0));
#5140=VECTOR('',#5139,2.E-1);
#5141=CARTESIAN_POINT('',(-1.E0,0.E0,-1.5E0));
#5142=LINE('',#5141,#5140);
#5143=CURVE_STYLE('',#35,POSITIVE_LENGTH_MEASURE(2.E-2),#3);
#5144=PRESENTATION_STYLE_ASSIGNMENT((#5143));
#5145=STYLED_ITEM('',(#5144),#5142);
#5146=DIRECTION('',(-1.E0,0.E0,0.E0));
#5147=VECTOR('',#5146,1.3E-1);
#5148=CARTESIAN_POINT('',(1.E0,0.E0,-1.1E0));
#5149=LINE('',#5148,#5147);
#5150=CURVE_STYLE('',#35,POSITIVE_LENGTH_MEASURE(2.E-2),#3);
#5151=PRESENTATION_STYLE_ASSIGNMENT((#5150));
#5152=STYLED_ITEM('',(#5151),#5149);
#5153=DIRECTION('',(0.E0,0.E0,-1.E0));
#5154=VECTOR('',#5153,2.E-1);
#5155=CARTESIAN_POINT('',(8.7E-1,0.E0,-9.E-1));
#5156=LINE('',#5155,#5154);
#5157=CURVE_STYLE('',#35,POSITIVE_LENGTH_MEASURE(2.E-2),#3);
#5158=PRESENTATION_STYLE_ASSIGNMENT((#5157));
#5159=STYLED_ITEM('',(#5158),#5156);
#5160=DIRECTION('',(-1.E0,0.E0,0.E0));
#5161=VECTOR('',#5160,1.3E-1);
#5162=CARTESIAN_POINT('',(1.E0,0.E0,-9.E-1));
#5163=LINE('',#5162,#5161);
#5164=CURVE_STYLE('',#35,POSITIVE_LENGTH_MEASURE(2.E-2),#3);
#5165=PRESENTATION_STYLE_ASSIGNMENT((#5164));
#5166=STYLED_ITEM('',(#5165),#5163);
#5167=DIRECTION('',(0.E0,0.E0,-1.E0));
#5168=VECTOR('',#5167,2.E-1);
#5169=CARTESIAN_POINT('',(1.E0,0.E0,-9.E-1));
#5170=LINE('',#5169,#5168);
#5171=CURVE_STYLE('',#35,POSITIVE_LENGTH_MEASURE(2.E-2),#3);
#5172=PRESENTATION_STYLE_ASSIGNMENT((#5171));
#5173=STYLED_ITEM('',(#5172),#5170);
#5174=DIRECTION('',(0.E0,0.E0,1.E0));
#5175=VECTOR('',#5174,2.5E0);
#5176=CARTESIAN_POINT('',(-4.5E-1,0.E0,-1.25E0));
#5177=LINE('',#5176,#5175);
#5178=CURVE_STYLE('',#35,POSITIVE_LENGTH_MEASURE(2.E-2),#3);
#5179=PRESENTATION_STYLE_ASSIGNMENT((#5178));
#5180=STYLED_ITEM('',(#5179),#5177);
#5181=DIRECTION('',(-1.E0,0.E0,0.E0));
#5182=VECTOR('',#5181,9.E-1);
#5183=CARTESIAN_POINT('',(4.5E-1,0.E0,-1.25E0));
#5184=LINE('',#5183,#5182);
#5185=CURVE_STYLE('',#35,POSITIVE_LENGTH_MEASURE(2.E-2),#3);
#5186=PRESENTATION_STYLE_ASSIGNMENT((#5185));
#5187=STYLED_ITEM('',(#5186),#5184);
#5188=DIRECTION('',(0.E0,0.E0,-1.E0));
#5189=VECTOR('',#5188,2.5E0);
#5190=CARTESIAN_POINT('',(4.5E-1,0.E0,1.25E0));
#5191=LINE('',#5190,#5189);
#5192=CURVE_STYLE('',#35,POSITIVE_LENGTH_MEASURE(2.E-2),#3);
#5193=PRESENTATION_STYLE_ASSIGNMENT((#5192));
#5194=STYLED_ITEM('',(#5193),#5191);
#5195=DIRECTION('',(1.E0,0.E0,0.E0));
#5196=VECTOR('',#5195,9.E-1);
#5197=CARTESIAN_POINT('',(-4.5E-1,0.E0,1.25E0));
#5198=LINE('',#5197,#5196);
#5199=CURVE_STYLE('',#35,POSITIVE_LENGTH_MEASURE(2.E-2),#3);
#5200=PRESENTATION_STYLE_ASSIGNMENT((#5199));
#5201=STYLED_ITEM('',(#5200),#5198);
#5202=DIRECTION('',(0.E0,0.E0,-1.E0));
#5203=VECTOR('',#5202,2.E-1);
#5204=CARTESIAN_POINT('',(1.E0,0.E0,1.1E0));
#5205=LINE('',#5204,#5203);
#5206=CURVE_STYLE('',#35,POSITIVE_LENGTH_MEASURE(2.E-2),#3);
#5207=PRESENTATION_STYLE_ASSIGNMENT((#5206));
#5208=STYLED_ITEM('',(#5207),#5205);
#5209=DIRECTION('',(-1.E0,0.E0,0.E0));
#5210=VECTOR('',#5209,1.3E-1);
#5211=CARTESIAN_POINT('',(1.E0,0.E0,9.E-1));
#5212=LINE('',#5211,#5210);
#5213=CURVE_STYLE('',#35,POSITIVE_LENGTH_MEASURE(2.E-2),#3);
#5214=PRESENTATION_STYLE_ASSIGNMENT((#5213));
#5215=STYLED_ITEM('',(#5214),#5212);
#5216=DIRECTION('',(0.E0,0.E0,-1.E0));
#5217=VECTOR('',#5216,2.E-1);
#5218=CARTESIAN_POINT('',(8.7E-1,0.E0,1.1E0));
#5219=LINE('',#5218,#5217);
#5220=CURVE_STYLE('',#35,POSITIVE_LENGTH_MEASURE(2.E-2),#3);
#5221=PRESENTATION_STYLE_ASSIGNMENT((#5220));
#5222=STYLED_ITEM('',(#5221),#5219);
#5223=DIRECTION('',(-1.E0,0.E0,0.E0));
#5224=VECTOR('',#5223,1.3E-1);
#5225=CARTESIAN_POINT('',(1.E0,0.E0,1.1E0));
#5226=LINE('',#5225,#5224);
#5227=CURVE_STYLE('',#35,POSITIVE_LENGTH_MEASURE(2.E-2),#3);
#5228=PRESENTATION_STYLE_ASSIGNMENT((#5227));
#5229=STYLED_ITEM('',(#5228),#5226);
#5230=DIRECTION('',(1.E0,0.E0,0.E0));
#5231=VECTOR('',#5230,1.3E-1);
#5232=CARTESIAN_POINT('',(-1.E0,0.E0,9.E-1));
#5233=LINE('',#5232,#5231);
#5234=CURVE_STYLE('',#35,POSITIVE_LENGTH_MEASURE(2.E-2),#3);
#5235=PRESENTATION_STYLE_ASSIGNMENT((#5234));
#5236=STYLED_ITEM('',(#5235),#5233);
#5237=DIRECTION('',(0.E0,0.E0,1.E0));
#5238=VECTOR('',#5237,2.E-1);
#5239=CARTESIAN_POINT('',(-1.E0,0.E0,9.E-1));
#5240=LINE('',#5239,#5238);
#5241=CURVE_STYLE('',#35,POSITIVE_LENGTH_MEASURE(2.E-2),#3);
#5242=PRESENTATION_STYLE_ASSIGNMENT((#5241));
#5243=STYLED_ITEM('',(#5242),#5240);
#5244=DIRECTION('',(1.E0,0.E0,0.E0));
#5245=VECTOR('',#5244,1.3E-1);
#5246=CARTESIAN_POINT('',(-1.E0,0.E0,1.1E0));
#5247=LINE('',#5246,#5245);
#5248=CURVE_STYLE('',#35,POSITIVE_LENGTH_MEASURE(2.E-2),#3);
#5249=PRESENTATION_STYLE_ASSIGNMENT((#5248));
#5250=STYLED_ITEM('',(#5249),#5247);
#5251=DIRECTION('',(0.E0,0.E0,1.E0));
#5252=VECTOR('',#5251,2.E-1);
#5253=CARTESIAN_POINT('',(-8.7E-1,0.E0,9.E-1));
#5254=LINE('',#5253,#5252);
#5255=CURVE_STYLE('',#35,POSITIVE_LENGTH_MEASURE(2.E-2),#3);
#5256=PRESENTATION_STYLE_ASSIGNMENT((#5255));
#5257=STYLED_ITEM('',(#5256),#5254);
#5258=DIRECTION('',(0.E0,1.E0,0.E0));
#5259=VECTOR('',#5258,1.75E-1);
#5260=CARTESIAN_POINT('',(-8.7E-1,0.E0,-1.1E0));
#5261=LINE('',#5260,#5259);
#5262=CURVE_STYLE('',#35,POSITIVE_LENGTH_MEASURE(2.E-2),#3);
#5263=PRESENTATION_STYLE_ASSIGNMENT((#5262));
#5264=STYLED_ITEM('',(#5263),#5261);
#5265=DIRECTION('',(0.E0,1.E0,0.E0));
#5266=VECTOR('',#5265,1.75E-1);
#5267=CARTESIAN_POINT('',(-8.7E-1,0.E0,-9.E-1));
#5268=LINE('',#5267,#5266);
#5269=CURVE_STYLE('',#35,POSITIVE_LENGTH_MEASURE(2.E-2),#3);
#5270=PRESENTATION_STYLE_ASSIGNMENT((#5269));
#5271=STYLED_ITEM('',(#5270),#5268);
#5272=DIRECTION('',(0.E0,0.E0,-1.E0));
#5273=VECTOR('',#5272,2.E-1);
#5274=CARTESIAN_POINT('',(-1.E0,1.75E-1,1.3E0));
#5275=LINE('',#5274,#5273);
#5276=CURVE_STYLE('',#35,POSITIVE_LENGTH_MEASURE(2.E-2),#3);
#5277=PRESENTATION_STYLE_ASSIGNMENT((#5276));
#5278=STYLED_ITEM('',(#5277),#5275);
#5279=DIRECTION('',(0.E0,1.E0,0.E0));
#5280=VECTOR('',#5279,1.75E-1);
#5281=CARTESIAN_POINT('',(-1.E0,0.E0,1.1E0));
#5282=LINE('',#5281,#5280);
#5283=CURVE_STYLE('',#35,POSITIVE_LENGTH_MEASURE(2.E-2),#3);
#5284=PRESENTATION_STYLE_ASSIGNMENT((#5283));
#5285=STYLED_ITEM('',(#5284),#5282);
#5286=DIRECTION('',(0.E0,1.E0,0.E0));
#5287=VECTOR('',#5286,1.75E-1);
#5288=CARTESIAN_POINT('',(-1.E0,0.E0,9.E-1));
#5289=LINE('',#5288,#5287);
#5290=CURVE_STYLE('',#35,POSITIVE_LENGTH_MEASURE(2.E-2),#3);
#5291=PRESENTATION_STYLE_ASSIGNMENT((#5290));
#5292=STYLED_ITEM('',(#5291),#5289);
#5293=DIRECTION('',(0.E0,0.E0,-1.E0));
#5294=VECTOR('',#5293,2.E-1);
#5295=CARTESIAN_POINT('',(-1.E0,1.75E-1,9.E-1));
#5296=LINE('',#5295,#5294);
#5297=CURVE_STYLE('',#35,POSITIVE_LENGTH_MEASURE(2.E-2),#3);
#5298=PRESENTATION_STYLE_ASSIGNMENT((#5297));
#5299=STYLED_ITEM('',(#5298),#5296);
#5300=DIRECTION('',(0.E0,1.E0,0.E0));
#5301=VECTOR('',#5300,1.75E-1);
#5302=CARTESIAN_POINT('',(-1.E0,0.E0,7.E-1));
#5303=LINE('',#5302,#5301);
#5304=CURVE_STYLE('',#35,POSITIVE_LENGTH_MEASURE(2.E-2),#3);
#5305=PRESENTATION_STYLE_ASSIGNMENT((#5304));
#5306=STYLED_ITEM('',(#5305),#5303);
#5307=DIRECTION('',(0.E0,1.E0,0.E0));
#5308=VECTOR('',#5307,1.75E-1);
#5309=CARTESIAN_POINT('',(-1.E0,0.E0,5.E-1));
#5310=LINE('',#5309,#5308);
#5311=CURVE_STYLE('',#35,POSITIVE_LENGTH_MEASURE(2.E-2),#3);
#5312=PRESENTATION_STYLE_ASSIGNMENT((#5311));
#5313=STYLED_ITEM('',(#5312),#5310);
#5314=DIRECTION('',(0.E0,0.E0,-1.E0));
#5315=VECTOR('',#5314,2.E-1);
#5316=CARTESIAN_POINT('',(-1.E0,1.75E-1,5.E-1));
#5317=LINE('',#5316,#5315);
#5318=CURVE_STYLE('',#35,POSITIVE_LENGTH_MEASURE(2.E-2),#3);
#5319=PRESENTATION_STYLE_ASSIGNMENT((#5318));
#5320=STYLED_ITEM('',(#5319),#5317);
#5321=DIRECTION('',(0.E0,1.E0,0.E0));
#5322=VECTOR('',#5321,1.75E-1);
#5323=CARTESIAN_POINT('',(-1.E0,0.E0,3.E-1));
#5324=LINE('',#5323,#5322);
#5325=CURVE_STYLE('',#35,POSITIVE_LENGTH_MEASURE(2.E-2),#3);
#5326=PRESENTATION_STYLE_ASSIGNMENT((#5325));
#5327=STYLED_ITEM('',(#5326),#5324);
#5328=DIRECTION('',(0.E0,1.E0,0.E0));
#5329=VECTOR('',#5328,1.75E-1);
#5330=CARTESIAN_POINT('',(-1.E0,0.E0,1.E-1));
#5331=LINE('',#5330,#5329);
#5332=CURVE_STYLE('',#35,POSITIVE_LENGTH_MEASURE(2.E-2),#3);
#5333=PRESENTATION_STYLE_ASSIGNMENT((#5332));
#5334=STYLED_ITEM('',(#5333),#5331);
#5335=DIRECTION('',(0.E0,0.E0,-1.E0));
#5336=VECTOR('',#5335,2.E-1);
#5337=CARTESIAN_POINT('',(-1.E0,1.75E-1,1.E-1));
#5338=LINE('',#5337,#5336);
#5339=CURVE_STYLE('',#35,POSITIVE_LENGTH_MEASURE(2.E-2),#3);
#5340=PRESENTATION_STYLE_ASSIGNMENT((#5339));
#5341=STYLED_ITEM('',(#5340),#5338);
#5342=DIRECTION('',(0.E0,1.E0,0.E0));
#5343=VECTOR('',#5342,1.75E-1);
#5344=CARTESIAN_POINT('',(-1.E0,0.E0,-1.E-1));
#5345=LINE('',#5344,#5343);
#5346=CURVE_STYLE('',#35,POSITIVE_LENGTH_MEASURE(2.E-2),#3);
#5347=PRESENTATION_STYLE_ASSIGNMENT((#5346));
#5348=STYLED_ITEM('',(#5347),#5345);
#5349=DIRECTION('',(0.E0,1.E0,0.E0));
#5350=VECTOR('',#5349,1.75E-1);
#5351=CARTESIAN_POINT('',(-1.E0,0.E0,-3.E-1));
#5352=LINE('',#5351,#5350);
#5353=CURVE_STYLE('',#35,POSITIVE_LENGTH_MEASURE(2.E-2),#3);
#5354=PRESENTATION_STYLE_ASSIGNMENT((#5353));
#5355=STYLED_ITEM('',(#5354),#5352);
#5356=DIRECTION('',(0.E0,0.E0,-1.E0));
#5357=VECTOR('',#5356,2.E-1);
#5358=CARTESIAN_POINT('',(-1.E0,1.75E-1,-3.E-1));
#5359=LINE('',#5358,#5357);
#5360=CURVE_STYLE('',#35,POSITIVE_LENGTH_MEASURE(2.E-2),#3);
#5361=PRESENTATION_STYLE_ASSIGNMENT((#5360));
#5362=STYLED_ITEM('',(#5361),#5359);
#5363=DIRECTION('',(0.E0,1.E0,0.E0));
#5364=VECTOR('',#5363,1.75E-1);
#5365=CARTESIAN_POINT('',(-1.E0,0.E0,-5.E-1));
#5366=LINE('',#5365,#5364);
#5367=CURVE_STYLE('',#35,POSITIVE_LENGTH_MEASURE(2.E-2),#3);
#5368=PRESENTATION_STYLE_ASSIGNMENT((#5367));
#5369=STYLED_ITEM('',(#5368),#5366);
#5370=DIRECTION('',(0.E0,1.E0,0.E0));
#5371=VECTOR('',#5370,1.75E-1);
#5372=CARTESIAN_POINT('',(-1.E0,0.E0,-7.E-1));
#5373=LINE('',#5372,#5371);
#5374=CURVE_STYLE('',#35,POSITIVE_LENGTH_MEASURE(2.E-2),#3);
#5375=PRESENTATION_STYLE_ASSIGNMENT((#5374));
#5376=STYLED_ITEM('',(#5375),#5373);
#5377=DIRECTION('',(0.E0,0.E0,-1.E0));
#5378=VECTOR('',#5377,2.E-1);
#5379=CARTESIAN_POINT('',(-1.E0,1.75E-1,-7.E-1));
#5380=LINE('',#5379,#5378);
#5381=CURVE_STYLE('',#35,POSITIVE_LENGTH_MEASURE(2.E-2),#3);
#5382=PRESENTATION_STYLE_ASSIGNMENT((#5381));
#5383=STYLED_ITEM('',(#5382),#5380);
#5384=DIRECTION('',(0.E0,1.E0,0.E0));
#5385=VECTOR('',#5384,1.75E-1);
#5386=CARTESIAN_POINT('',(-1.E0,0.E0,-9.E-1));
#5387=LINE('',#5386,#5385);
#5388=CURVE_STYLE('',#35,POSITIVE_LENGTH_MEASURE(2.E-2),#3);
#5389=PRESENTATION_STYLE_ASSIGNMENT((#5388));
#5390=STYLED_ITEM('',(#5389),#5387);
#5391=DIRECTION('',(0.E0,1.E0,0.E0));
#5392=VECTOR('',#5391,1.75E-1);
#5393=CARTESIAN_POINT('',(-1.E0,0.E0,-1.1E0));
#5394=LINE('',#5393,#5392);
#5395=CURVE_STYLE('',#35,POSITIVE_LENGTH_MEASURE(2.E-2),#3);
#5396=PRESENTATION_STYLE_ASSIGNMENT((#5395));
#5397=STYLED_ITEM('',(#5396),#5394);
#5398=DIRECTION('',(0.E0,0.E0,-1.E0));
#5399=VECTOR('',#5398,2.E-1);
#5400=CARTESIAN_POINT('',(-1.E0,1.75E-1,-1.1E0));
#5401=LINE('',#5400,#5399);
#5402=CURVE_STYLE('',#35,POSITIVE_LENGTH_MEASURE(2.E-2),#3);
#5403=PRESENTATION_STYLE_ASSIGNMENT((#5402));
#5404=STYLED_ITEM('',(#5403),#5401);
#5405=DIRECTION('',(0.E0,1.E0,0.E0));
#5406=VECTOR('',#5405,1.75E-1);
#5407=CARTESIAN_POINT('',(-1.E0,0.E0,-1.3E0));
#5408=LINE('',#5407,#5406);
#5409=CURVE_STYLE('',#35,POSITIVE_LENGTH_MEASURE(2.E-2),#3);
#5410=PRESENTATION_STYLE_ASSIGNMENT((#5409));
#5411=STYLED_ITEM('',(#5410),#5408);
#5412=DIRECTION('',(0.E0,1.E0,0.E0));
#5413=VECTOR('',#5412,7.75E-1);
#5414=CARTESIAN_POINT('',(-1.E0,0.E0,-1.5E0));
#5415=LINE('',#5414,#5413);
#5416=CURVE_STYLE('',#35,POSITIVE_LENGTH_MEASURE(2.E-2),#3);
#5417=PRESENTATION_STYLE_ASSIGNMENT((#5416));
#5418=STYLED_ITEM('',(#5417),#5415);
#5419=DIRECTION('',(0.E0,1.E0,0.E0));
#5420=VECTOR('',#5419,1.75E-1);
#5421=CARTESIAN_POINT('',(-1.E0,0.E0,1.3E0));
#5422=LINE('',#5421,#5420);
#5423=CURVE_STYLE('',#35,POSITIVE_LENGTH_MEASURE(2.E-2),#3);
#5424=PRESENTATION_STYLE_ASSIGNMENT((#5423));
#5425=STYLED_ITEM('',(#5424),#5422);
#5426=DIRECTION('',(1.E0,0.E0,0.E0));
#5427=VECTOR('',#5426,2.51E-1);
#5428=CARTESIAN_POINT('',(-1.E0,1.75E-1,1.3E0));
#5429=LINE('',#5428,#5427);
#5430=CURVE_STYLE('',#35,POSITIVE_LENGTH_MEASURE(2.E-2),#3);
#5431=PRESENTATION_STYLE_ASSIGNMENT((#5430));
#5432=STYLED_ITEM('',(#5431),#5429);
#5433=CARTESIAN_POINT('',(-7.49E-1,1.75E-1,1.201E0));
#5434=DIRECTION('',(0.E0,1.E0,0.E0));
#5435=DIRECTION('',(0.E0,0.E0,1.E0));
#5436=AXIS2_PLACEMENT_3D('',#5433,#5434,#5435);
#5438=CURVE_STYLE('',#35,POSITIVE_LENGTH_MEASURE(2.E-2),#3);
#5439=PRESENTATION_STYLE_ASSIGNMENT((#5438));
#5440=STYLED_ITEM('',(#5439),#5437);
#5441=DIRECTION('',(0.E0,0.E0,1.E0));
#5442=VECTOR('',#5441,4.02E-1);
#5443=CARTESIAN_POINT('',(-6.5E-1,1.75E-1,7.99E-1));
#5444=LINE('',#5443,#5442);
#5445=CURVE_STYLE('',#35,POSITIVE_LENGTH_MEASURE(2.E-2),#3);
#5446=PRESENTATION_STYLE_ASSIGNMENT((#5445));
#5447=STYLED_ITEM('',(#5446),#5444);
#5448=CARTESIAN_POINT('',(-7.49E-1,1.75E-1,7.99E-1));
#5449=DIRECTION('',(0.E0,1.E0,0.E0));
#5450=DIRECTION('',(1.E0,0.E0,0.E0));
#5451=AXIS2_PLACEMENT_3D('',#5448,#5449,#5450);
#5453=CURVE_STYLE('',#35,POSITIVE_LENGTH_MEASURE(2.E-2),#3);
#5454=PRESENTATION_STYLE_ASSIGNMENT((#5453));
#5455=STYLED_ITEM('',(#5454),#5452);
#5456=DIRECTION('',(-1.E0,0.E0,0.E0));
#5457=VECTOR('',#5456,2.51E-1);
#5458=CARTESIAN_POINT('',(-7.49E-1,1.75E-1,7.E-1));
#5459=LINE('',#5458,#5457);
#5460=CURVE_STYLE('',#35,POSITIVE_LENGTH_MEASURE(2.E-2),#3);
#5461=PRESENTATION_STYLE_ASSIGNMENT((#5460));
#5462=STYLED_ITEM('',(#5461),#5459);
#5463=DIRECTION('',(1.E0,0.E0,0.E0));
#5464=VECTOR('',#5463,1.3E-1);
#5465=CARTESIAN_POINT('',(-1.E0,1.75E-1,9.E-1));
#5466=LINE('',#5465,#5464);
#5467=CURVE_STYLE('',#35,POSITIVE_LENGTH_MEASURE(2.E-2),#3);
#5468=PRESENTATION_STYLE_ASSIGNMENT((#5467));
#5469=STYLED_ITEM('',(#5468),#5466);
#5470=DIRECTION('',(0.E0,0.E0,1.E0));
#5471=VECTOR('',#5470,2.E-1);
#5472=CARTESIAN_POINT('',(-8.7E-1,1.75E-1,9.E-1));
#5473=LINE('',#5472,#5471);
#5474=CURVE_STYLE('',#35,POSITIVE_LENGTH_MEASURE(2.E-2),#3);
#5475=PRESENTATION_STYLE_ASSIGNMENT((#5474));
#5476=STYLED_ITEM('',(#5475),#5473);
#5477=DIRECTION('',(-1.E0,0.E0,0.E0));
#5478=VECTOR('',#5477,1.3E-1);
#5479=CARTESIAN_POINT('',(-8.7E-1,1.75E-1,1.1E0));
#5480=LINE('',#5479,#5478);
#5481=CURVE_STYLE('',#35,POSITIVE_LENGTH_MEASURE(2.E-2),#3);
#5482=PRESENTATION_STYLE_ASSIGNMENT((#5481));
#5483=STYLED_ITEM('',(#5482),#5480);
#5484=DIRECTION('',(-1.E0,0.E0,0.E0));
#5485=VECTOR('',#5484,2.51E-1);
#5486=CARTESIAN_POINT('',(-7.49E-1,1.75E-1,-1.3E0));
#5487=LINE('',#5486,#5485);
#5488=CURVE_STYLE('',#35,POSITIVE_LENGTH_MEASURE(2.E-2),#3);
#5489=PRESENTATION_STYLE_ASSIGNMENT((#5488));
#5490=STYLED_ITEM('',(#5489),#5487);
#5491=DIRECTION('',(1.E0,0.E0,0.E0));
#5492=VECTOR('',#5491,1.3E-1);
#5493=CARTESIAN_POINT('',(-1.E0,1.75E-1,-1.1E0));
#5494=LINE('',#5493,#5492);
#5495=CURVE_STYLE('',#35,POSITIVE_LENGTH_MEASURE(2.E-2),#3);
#5496=PRESENTATION_STYLE_ASSIGNMENT((#5495));
#5497=STYLED_ITEM('',(#5496),#5494);
#5498=DIRECTION('',(0.E0,0.E0,1.E0));
#5499=VECTOR('',#5498,2.E-1);
#5500=CARTESIAN_POINT('',(-8.7E-1,1.75E-1,-1.1E0));
#5501=LINE('',#5500,#5499);
#5502=CURVE_STYLE('',#35,POSITIVE_LENGTH_MEASURE(2.E-2),#3);
#5503=PRESENTATION_STYLE_ASSIGNMENT((#5502));
#5504=STYLED_ITEM('',(#5503),#5501);
#5505=DIRECTION('',(-1.E0,0.E0,0.E0));
#5506=VECTOR('',#5505,1.3E-1);
#5507=CARTESIAN_POINT('',(-8.7E-1,1.75E-1,-9.E-1));
#5508=LINE('',#5507,#5506);
#5509=CURVE_STYLE('',#35,POSITIVE_LENGTH_MEASURE(2.E-2),#3);
#5510=PRESENTATION_STYLE_ASSIGNMENT((#5509));
#5511=STYLED_ITEM('',(#5510),#5508);
#5512=DIRECTION('',(1.E0,0.E0,0.E0));
#5513=VECTOR('',#5512,2.51E-1);
#5514=CARTESIAN_POINT('',(-1.E0,1.75E-1,-7.E-1));
#5515=LINE('',#5514,#5513);
#5516=CURVE_STYLE('',#35,POSITIVE_LENGTH_MEASURE(2.E-2),#3);
#5517=PRESENTATION_STYLE_ASSIGNMENT((#5516));
#5518=STYLED_ITEM('',(#5517),#5515);
#5519=CARTESIAN_POINT('',(-7.49E-1,1.75E-1,-7.99E-1));
#5520=DIRECTION('',(0.E0,1.E0,0.E0));
#5521=DIRECTION('',(0.E0,0.E0,1.E0));
#5522=AXIS2_PLACEMENT_3D('',#5519,#5520,#5521);
#5524=CURVE_STYLE('',#35,POSITIVE_LENGTH_MEASURE(2.E-2),#3);
#5525=PRESENTATION_STYLE_ASSIGNMENT((#5524));
#5526=STYLED_ITEM('',(#5525),#5523);
#5527=DIRECTION('',(0.E0,0.E0,1.E0));
#5528=VECTOR('',#5527,4.02E-1);
#5529=CARTESIAN_POINT('',(-6.5E-1,1.75E-1,-1.201E0));
#5530=LINE('',#5529,#5528);
#5531=CURVE_STYLE('',#35,POSITIVE_LENGTH_MEASURE(2.E-2),#3);
#5532=PRESENTATION_STYLE_ASSIGNMENT((#5531));
#5533=STYLED_ITEM('',(#5532),#5530);
#5534=CARTESIAN_POINT('',(-7.49E-1,1.75E-1,-1.201E0));
#5535=DIRECTION('',(0.E0,1.E0,0.E0));
#5536=DIRECTION('',(1.E0,0.E0,0.E0));
#5537=AXIS2_PLACEMENT_3D('',#5534,#5535,#5536);
#5539=CURVE_STYLE('',#35,POSITIVE_LENGTH_MEASURE(2.E-2),#3);
#5540=PRESENTATION_STYLE_ASSIGNMENT((#5539));
#5541=STYLED_ITEM('',(#5540),#5538);
#5542=DIRECTION('',(1.E0,0.E0,0.E0));
#5543=VECTOR('',#5542,2.51E-1);
#5544=CARTESIAN_POINT('',(7.49E-1,1.75E-1,-1.3E0));
#5545=LINE('',#5544,#5543);
#5546=CURVE_STYLE('',#35,POSITIVE_LENGTH_MEASURE(2.E-2),#3);
#5547=PRESENTATION_STYLE_ASSIGNMENT((#5546));
#5548=STYLED_ITEM('',(#5547),#5545);
#5549=CARTESIAN_POINT('',(7.49E-1,1.75E-1,-1.201E0));
#5550=DIRECTION('',(0.E0,-1.E0,0.E0));
#5551=DIRECTION('',(-1.E0,0.E0,0.E0));
#5552=AXIS2_PLACEMENT_3D('',#5549,#5550,#5551);
#5554=CURVE_STYLE('',#35,POSITIVE_LENGTH_MEASURE(2.E-2),#3);
#5555=PRESENTATION_STYLE_ASSIGNMENT((#5554));
#5556=STYLED_ITEM('',(#5555),#5553);
#5557=DIRECTION('',(0.E0,0.E0,-1.E0));
#5558=VECTOR('',#5557,4.02E-1);
#5559=CARTESIAN_POINT('',(6.5E-1,1.75E-1,-7.99E-1));
#5560=LINE('',#5559,#5558);
#5561=CURVE_STYLE('',#35,POSITIVE_LENGTH_MEASURE(2.E-2),#3);
#5562=PRESENTATION_STYLE_ASSIGNMENT((#5561));
#5563=STYLED_ITEM('',(#5562),#5560);
#5564=CARTESIAN_POINT('',(7.49E-1,1.75E-1,-7.99E-1));
#5565=DIRECTION('',(0.E0,-1.E0,0.E0));
#5566=DIRECTION('',(0.E0,0.E0,1.E0));
#5567=AXIS2_PLACEMENT_3D('',#5564,#5565,#5566);
#5569=CURVE_STYLE('',#35,POSITIVE_LENGTH_MEASURE(2.E-2),#3);
#5570=PRESENTATION_STYLE_ASSIGNMENT((#5569));
#5571=STYLED_ITEM('',(#5570),#5568);
#5572=DIRECTION('',(-1.E0,0.E0,0.E0));
#5573=VECTOR('',#5572,2.51E-1);
#5574=CARTESIAN_POINT('',(1.E0,1.75E-1,-7.E-1));
#5575=LINE('',#5574,#5573);
#5576=CURVE_STYLE('',#35,POSITIVE_LENGTH_MEASURE(2.E-2),#3);
#5577=PRESENTATION_STYLE_ASSIGNMENT((#5576));
#5578=STYLED_ITEM('',(#5577),#5575);
#5579=DIRECTION('',(1.E0,0.E0,0.E0));
#5580=VECTOR('',#5579,1.3E-1);
#5581=CARTESIAN_POINT('',(8.7E-1,1.75E-1,-9.E-1));
#5582=LINE('',#5581,#5580);
#5583=CURVE_STYLE('',#35,POSITIVE_LENGTH_MEASURE(2.E-2),#3);
#5584=PRESENTATION_STYLE_ASSIGNMENT((#5583));
#5585=STYLED_ITEM('',(#5584),#5582);
#5586=DIRECTION('',(0.E0,0.E0,-1.E0));
#5587=VECTOR('',#5586,2.E-1);
#5588=CARTESIAN_POINT('',(8.7E-1,1.75E-1,-9.E-1));
#5589=LINE('',#5588,#5587);
#5590=CURVE_STYLE('',#35,POSITIVE_LENGTH_MEASURE(2.E-2),#3);
#5591=PRESENTATION_STYLE_ASSIGNMENT((#5590));
#5592=STYLED_ITEM('',(#5591),#5589);
#5593=DIRECTION('',(-1.E0,0.E0,0.E0));
#5594=VECTOR('',#5593,1.3E-1);
#5595=CARTESIAN_POINT('',(1.E0,1.75E-1,-1.1E0));
#5596=LINE('',#5595,#5594);
#5597=CURVE_STYLE('',#35,POSITIVE_LENGTH_MEASURE(2.E-2),#3);
#5598=PRESENTATION_STYLE_ASSIGNMENT((#5597));
#5599=STYLED_ITEM('',(#5598),#5596);
#5600=DIRECTION('',(1.E0,0.E0,0.E0));
#5601=VECTOR('',#5600,2.51E-1);
#5602=CARTESIAN_POINT('',(7.49E-1,1.75E-1,7.E-1));
#5603=LINE('',#5602,#5601);
#5604=CURVE_STYLE('',#35,POSITIVE_LENGTH_MEASURE(2.E-2),#3);
#5605=PRESENTATION_STYLE_ASSIGNMENT((#5604));
#5606=STYLED_ITEM('',(#5605),#5603);
#5607=CARTESIAN_POINT('',(7.49E-1,1.75E-1,7.99E-1));
#5608=DIRECTION('',(0.E0,-1.E0,0.E0));
#5609=DIRECTION('',(-1.E0,0.E0,0.E0));
#5610=AXIS2_PLACEMENT_3D('',#5607,#5608,#5609);
#5612=CURVE_STYLE('',#35,POSITIVE_LENGTH_MEASURE(2.E-2),#3);
#5613=PRESENTATION_STYLE_ASSIGNMENT((#5612));
#5614=STYLED_ITEM('',(#5613),#5611);
#5615=DIRECTION('',(0.E0,0.E0,-1.E0));
#5616=VECTOR('',#5615,4.02E-1);
#5617=CARTESIAN_POINT('',(6.5E-1,1.75E-1,1.201E0));
#5618=LINE('',#5617,#5616);
#5619=CURVE_STYLE('',#35,POSITIVE_LENGTH_MEASURE(2.E-2),#3);
#5620=PRESENTATION_STYLE_ASSIGNMENT((#5619));
#5621=STYLED_ITEM('',(#5620),#5618);
#5622=CARTESIAN_POINT('',(7.49E-1,1.75E-1,1.201E0));
#5623=DIRECTION('',(0.E0,-1.E0,0.E0));
#5624=DIRECTION('',(0.E0,0.E0,1.E0));
#5625=AXIS2_PLACEMENT_3D('',#5622,#5623,#5624);
#5627=CURVE_STYLE('',#35,POSITIVE_LENGTH_MEASURE(2.E-2),#3);
#5628=PRESENTATION_STYLE_ASSIGNMENT((#5627));
#5629=STYLED_ITEM('',(#5628),#5626);
#5630=DIRECTION('',(-1.E0,0.E0,0.E0));
#5631=VECTOR('',#5630,2.51E-1);
#5632=CARTESIAN_POINT('',(1.E0,1.75E-1,1.3E0));
#5633=LINE('',#5632,#5631);
#5634=CURVE_STYLE('',#35,POSITIVE_LENGTH_MEASURE(2.E-2),#3);
#5635=PRESENTATION_STYLE_ASSIGNMENT((#5634));
#5636=STYLED_ITEM('',(#5635),#5633);
#5637=DIRECTION('',(1.E0,0.E0,0.E0));
#5638=VECTOR('',#5637,1.3E-1);
#5639=CARTESIAN_POINT('',(8.7E-1,1.75E-1,1.1E0));
#5640=LINE('',#5639,#5638);
#5641=CURVE_STYLE('',#35,POSITIVE_LENGTH_MEASURE(2.E-2),#3);
#5642=PRESENTATION_STYLE_ASSIGNMENT((#5641));
#5643=STYLED_ITEM('',(#5642),#5640);
#5644=DIRECTION('',(0.E0,0.E0,-1.E0));
#5645=VECTOR('',#5644,2.E-1);
#5646=CARTESIAN_POINT('',(8.7E-1,1.75E-1,1.1E0));
#5647=LINE('',#5646,#5645);
#5648=CURVE_STYLE('',#35,POSITIVE_LENGTH_MEASURE(2.E-2),#3);
#5649=PRESENTATION_STYLE_ASSIGNMENT((#5648));
#5650=STYLED_ITEM('',(#5649),#5647);
#5651=DIRECTION('',(-1.E0,0.E0,0.E0));
#5652=VECTOR('',#5651,1.3E-1);
#5653=CARTESIAN_POINT('',(1.E0,1.75E-1,9.E-1));
#5654=LINE('',#5653,#5652);
#5655=CURVE_STYLE('',#35,POSITIVE_LENGTH_MEASURE(2.E-2),#3);
#5656=PRESENTATION_STYLE_ASSIGNMENT((#5655));
#5657=STYLED_ITEM('',(#5656),#5654);
#5658=DIRECTION('',(-1.015061051086E-14,1.E0,0.E0));
#5659=VECTOR('',#5658,1.75E-1);
#5660=CARTESIAN_POINT('',(-7.49E-1,0.E0,1.3E0));
#5661=LINE('',#5660,#5659);
#5662=CURVE_STYLE('',#35,POSITIVE_LENGTH_MEASURE(2.E-2),#3);
#5663=PRESENTATION_STYLE_ASSIGNMENT((#5662));
#5664=STYLED_ITEM('',(#5663),#5661);
#5665=DIRECTION('',(0.E0,1.E0,0.E0));
#5666=VECTOR('',#5665,1.75E-1);
#5667=CARTESIAN_POINT('',(-6.5E-1,0.E0,1.201E0));
#5668=LINE('',#5667,#5666);
#5669=CURVE_STYLE('',#35,POSITIVE_LENGTH_MEASURE(2.E-2),#3);
#5670=PRESENTATION_STYLE_ASSIGNMENT((#5669));
#5671=STYLED_ITEM('',(#5670),#5668);
#5672=DIRECTION('',(0.E0,1.E0,0.E0));
#5673=VECTOR('',#5672,1.75E-1);
#5674=CARTESIAN_POINT('',(-6.5E-1,0.E0,7.99E-1));
#5675=LINE('',#5674,#5673);
#5676=CURVE_STYLE('',#35,POSITIVE_LENGTH_MEASURE(2.E-2),#3);
#5677=PRESENTATION_STYLE_ASSIGNMENT((#5676));
#5678=STYLED_ITEM('',(#5677),#5675);
#5679=DIRECTION('',(0.E0,1.E0,0.E0));
#5680=VECTOR('',#5679,1.75E-1);
#5681=CARTESIAN_POINT('',(-7.49E-1,0.E0,7.E-1));
#5682=LINE('',#5681,#5680);
#5683=CURVE_STYLE('',#35,POSITIVE_LENGTH_MEASURE(2.E-2),#3);
#5684=PRESENTATION_STYLE_ASSIGNMENT((#5683));
#5685=STYLED_ITEM('',(#5684),#5682);
#5686=DIRECTION('',(0.E0,1.E0,0.E0));
#5687=VECTOR('',#5686,1.75E-1);
#5688=CARTESIAN_POINT('',(-8.7E-1,0.E0,9.E-1));
#5689=LINE('',#5688,#5687);
#5690=CURVE_STYLE('',#35,POSITIVE_LENGTH_MEASURE(2.E-2),#3);
#5691=PRESENTATION_STYLE_ASSIGNMENT((#5690));
#5692=STYLED_ITEM('',(#5691),#5689);
#5693=DIRECTION('',(0.E0,1.E0,0.E0));
#5694=VECTOR('',#5693,1.75E-1);
#5695=CARTESIAN_POINT('',(-8.7E-1,0.E0,1.1E0));
#5696=LINE('',#5695,#5694);
#5697=CURVE_STYLE('',#35,POSITIVE_LENGTH_MEASURE(2.E-2),#3);
#5698=PRESENTATION_STYLE_ASSIGNMENT((#5697));
#5699=STYLED_ITEM('',(#5698),#5696);
#5700=DIRECTION('',(-1.015061051086E-14,1.E0,0.E0));
#5701=VECTOR('',#5700,1.75E-1);
#5702=CARTESIAN_POINT('',(-7.49E-1,0.E0,-1.3E0));
#5703=LINE('',#5702,#5701);
#5704=CURVE_STYLE('',#35,POSITIVE_LENGTH_MEASURE(2.E-2),#3);
#5705=PRESENTATION_STYLE_ASSIGNMENT((#5704));
#5706=STYLED_ITEM('',(#5705),#5703);
#5707=DIRECTION('',(0.E0,1.E0,0.E0));
#5708=VECTOR('',#5707,1.75E-1);
#5709=CARTESIAN_POINT('',(-6.5E-1,0.E0,-1.201E0));
#5710=LINE('',#5709,#5708);
#5711=CURVE_STYLE('',#35,POSITIVE_LENGTH_MEASURE(2.E-2),#3);
#5712=PRESENTATION_STYLE_ASSIGNMENT((#5711));
#5713=STYLED_ITEM('',(#5712),#5710);
#5714=DIRECTION('',(0.E0,1.E0,0.E0));
#5715=VECTOR('',#5714,1.75E-1);
#5716=CARTESIAN_POINT('',(-6.5E-1,0.E0,-7.99E-1));
#5717=LINE('',#5716,#5715);
#5718=CURVE_STYLE('',#35,POSITIVE_LENGTH_MEASURE(2.E-2),#3);
#5719=PRESENTATION_STYLE_ASSIGNMENT((#5718));
#5720=STYLED_ITEM('',(#5719),#5717);
#5721=DIRECTION('',(0.E0,1.E0,0.E0));
#5722=VECTOR('',#5721,1.75E-1);
#5723=CARTESIAN_POINT('',(-7.49E-1,0.E0,-7.E-1));
#5724=LINE('',#5723,#5722);
#5725=CURVE_STYLE('',#35,POSITIVE_LENGTH_MEASURE(2.E-2),#3);
#5726=PRESENTATION_STYLE_ASSIGNMENT((#5725));
#5727=STYLED_ITEM('',(#5726),#5724);
#5728=DIRECTION('',(1.015061051086E-14,1.E0,0.E0));
#5729=VECTOR('',#5728,1.75E-1);
#5730=CARTESIAN_POINT('',(7.49E-1,0.E0,-1.3E0));
#5731=LINE('',#5730,#5729);
#5732=CURVE_STYLE('',#35,POSITIVE_LENGTH_MEASURE(2.E-2),#3);
#5733=PRESENTATION_STYLE_ASSIGNMENT((#5732));
#5734=STYLED_ITEM('',(#5733),#5731);
#5735=DIRECTION('',(0.E0,1.E0,0.E0));
#5736=VECTOR('',#5735,1.75E-1);
#5737=CARTESIAN_POINT('',(6.5E-1,0.E0,-1.201E0));
#5738=LINE('',#5737,#5736);
#5739=CURVE_STYLE('',#35,POSITIVE_LENGTH_MEASURE(2.E-2),#3);
#5740=PRESENTATION_STYLE_ASSIGNMENT((#5739));
#5741=STYLED_ITEM('',(#5740),#5738);
#5742=DIRECTION('',(0.E0,1.E0,0.E0));
#5743=VECTOR('',#5742,1.75E-1);
#5744=CARTESIAN_POINT('',(6.5E-1,0.E0,-7.99E-1));
#5745=LINE('',#5744,#5743);
#5746=CURVE_STYLE('',#35,POSITIVE_LENGTH_MEASURE(2.E-2),#3);
#5747=PRESENTATION_STYLE_ASSIGNMENT((#5746));
#5748=STYLED_ITEM('',(#5747),#5745);
#5749=DIRECTION('',(0.E0,1.E0,0.E0));
#5750=VECTOR('',#5749,1.75E-1);
#5751=CARTESIAN_POINT('',(7.49E-1,0.E0,-7.E-1));
#5752=LINE('',#5751,#5750);
#5753=CURVE_STYLE('',#35,POSITIVE_LENGTH_MEASURE(2.E-2),#3);
#5754=PRESENTATION_STYLE_ASSIGNMENT((#5753));
#5755=STYLED_ITEM('',(#5754),#5752);
#5756=DIRECTION('',(0.E0,1.E0,0.E0));
#5757=VECTOR('',#5756,1.75E-1);
#5758=CARTESIAN_POINT('',(1.E0,0.E0,-1.1E0));
#5759=LINE('',#5758,#5757);
#5760=CURVE_STYLE('',#35,POSITIVE_LENGTH_MEASURE(2.E-2),#3);
#5761=PRESENTATION_STYLE_ASSIGNMENT((#5760));
#5762=STYLED_ITEM('',(#5761),#5759);
#5763=DIRECTION('',(0.E0,1.E0,0.E0));
#5764=VECTOR('',#5763,1.75E-1);
#5765=CARTESIAN_POINT('',(1.E0,0.E0,-9.E-1));
#5766=LINE('',#5765,#5764);
#5767=CURVE_STYLE('',#35,POSITIVE_LENGTH_MEASURE(2.E-2),#3);
#5768=PRESENTATION_STYLE_ASSIGNMENT((#5767));
#5769=STYLED_ITEM('',(#5768),#5766);
#5770=DIRECTION('',(0.E0,0.E0,-1.E0));
#5771=VECTOR('',#5770,2.E-1);
#5772=CARTESIAN_POINT('',(1.E0,1.75E-1,-7.E-1));
#5773=LINE('',#5772,#5771);
#5774=CURVE_STYLE('',#35,POSITIVE_LENGTH_MEASURE(2.E-2),#3);
#5775=PRESENTATION_STYLE_ASSIGNMENT((#5774));
#5776=STYLED_ITEM('',(#5775),#5773);
#5777=DIRECTION('',(0.E0,1.E0,0.E0));
#5778=VECTOR('',#5777,1.75E-1);
#5779=CARTESIAN_POINT('',(1.E0,0.E0,-7.E-1));
#5780=LINE('',#5779,#5778);
#5781=CURVE_STYLE('',#35,POSITIVE_LENGTH_MEASURE(2.E-2),#3);
#5782=PRESENTATION_STYLE_ASSIGNMENT((#5781));
#5783=STYLED_ITEM('',(#5782),#5780);
#5784=DIRECTION('',(0.E0,1.E0,0.E0));
#5785=VECTOR('',#5784,1.75E-1);
#5786=CARTESIAN_POINT('',(1.E0,0.E0,-5.E-1));
#5787=LINE('',#5786,#5785);
#5788=CURVE_STYLE('',#35,POSITIVE_LENGTH_MEASURE(2.E-2),#3);
#5789=PRESENTATION_STYLE_ASSIGNMENT((#5788));
#5790=STYLED_ITEM('',(#5789),#5787);
#5791=DIRECTION('',(0.E0,0.E0,-1.E0));
#5792=VECTOR('',#5791,2.E-1);
#5793=CARTESIAN_POINT('',(1.E0,1.75E-1,-3.E-1));
#5794=LINE('',#5793,#5792);
#5795=CURVE_STYLE('',#35,POSITIVE_LENGTH_MEASURE(2.E-2),#3);
#5796=PRESENTATION_STYLE_ASSIGNMENT((#5795));
#5797=STYLED_ITEM('',(#5796),#5794);
#5798=DIRECTION('',(0.E0,1.E0,0.E0));
#5799=VECTOR('',#5798,1.75E-1);
#5800=CARTESIAN_POINT('',(1.E0,0.E0,-3.E-1));
#5801=LINE('',#5800,#5799);
#5802=CURVE_STYLE('',#35,POSITIVE_LENGTH_MEASURE(2.E-2),#3);
#5803=PRESENTATION_STYLE_ASSIGNMENT((#5802));
#5804=STYLED_ITEM('',(#5803),#5801);
#5805=DIRECTION('',(0.E0,1.E0,0.E0));
#5806=VECTOR('',#5805,1.75E-1);
#5807=CARTESIAN_POINT('',(1.E0,0.E0,-1.E-1));
#5808=LINE('',#5807,#5806);
#5809=CURVE_STYLE('',#35,POSITIVE_LENGTH_MEASURE(2.E-2),#3);
#5810=PRESENTATION_STYLE_ASSIGNMENT((#5809));
#5811=STYLED_ITEM('',(#5810),#5808);
#5812=DIRECTION('',(0.E0,0.E0,-1.E0));
#5813=VECTOR('',#5812,2.E-1);
#5814=CARTESIAN_POINT('',(1.E0,1.75E-1,1.E-1));
#5815=LINE('',#5814,#5813);
#5816=CURVE_STYLE('',#35,POSITIVE_LENGTH_MEASURE(2.E-2),#3);
#5817=PRESENTATION_STYLE_ASSIGNMENT((#5816));
#5818=STYLED_ITEM('',(#5817),#5815);
#5819=DIRECTION('',(0.E0,1.E0,0.E0));
#5820=VECTOR('',#5819,1.75E-1);
#5821=CARTESIAN_POINT('',(1.E0,0.E0,1.E-1));
#5822=LINE('',#5821,#5820);
#5823=CURVE_STYLE('',#35,POSITIVE_LENGTH_MEASURE(2.E-2),#3);
#5824=PRESENTATION_STYLE_ASSIGNMENT((#5823));
#5825=STYLED_ITEM('',(#5824),#5822);
#5826=DIRECTION('',(0.E0,1.E0,0.E0));
#5827=VECTOR('',#5826,1.75E-1);
#5828=CARTESIAN_POINT('',(1.E0,0.E0,3.E-1));
#5829=LINE('',#5828,#5827);
#5830=CURVE_STYLE('',#35,POSITIVE_LENGTH_MEASURE(2.E-2),#3);
#5831=PRESENTATION_STYLE_ASSIGNMENT((#5830));
#5832=STYLED_ITEM('',(#5831),#5829);
#5833=DIRECTION('',(0.E0,0.E0,-1.E0));
#5834=VECTOR('',#5833,2.E-1);
#5835=CARTESIAN_POINT('',(1.E0,1.75E-1,5.E-1));
#5836=LINE('',#5835,#5834);
#5837=CURVE_STYLE('',#35,POSITIVE_LENGTH_MEASURE(2.E-2),#3);
#5838=PRESENTATION_STYLE_ASSIGNMENT((#5837));
#5839=STYLED_ITEM('',(#5838),#5836);
#5840=DIRECTION('',(0.E0,1.E0,0.E0));
#5841=VECTOR('',#5840,1.75E-1);
#5842=CARTESIAN_POINT('',(1.E0,0.E0,5.E-1));
#5843=LINE('',#5842,#5841);
#5844=CURVE_STYLE('',#35,POSITIVE_LENGTH_MEASURE(2.E-2),#3);
#5845=PRESENTATION_STYLE_ASSIGNMENT((#5844));
#5846=STYLED_ITEM('',(#5845),#5843);
#5847=DIRECTION('',(0.E0,1.E0,0.E0));
#5848=VECTOR('',#5847,1.75E-1);
#5849=CARTESIAN_POINT('',(1.E0,0.E0,7.E-1));
#5850=LINE('',#5849,#5848);
#5851=CURVE_STYLE('',#35,POSITIVE_LENGTH_MEASURE(2.E-2),#3);
#5852=PRESENTATION_STYLE_ASSIGNMENT((#5851));
#5853=STYLED_ITEM('',(#5852),#5850);
#5854=DIRECTION('',(0.E0,0.E0,-1.E0));
#5855=VECTOR('',#5854,2.E-1);
#5856=CARTESIAN_POINT('',(1.E0,1.75E-1,9.E-1));
#5857=LINE('',#5856,#5855);
#5858=CURVE_STYLE('',#35,POSITIVE_LENGTH_MEASURE(2.E-2),#3);
#5859=PRESENTATION_STYLE_ASSIGNMENT((#5858));
#5860=STYLED_ITEM('',(#5859),#5857);
#5861=DIRECTION('',(0.E0,1.E0,0.E0));
#5862=VECTOR('',#5861,1.75E-1);
#5863=CARTESIAN_POINT('',(1.E0,0.E0,9.E-1));
#5864=LINE('',#5863,#5862);
#5865=CURVE_STYLE('',#35,POSITIVE_LENGTH_MEASURE(2.E-2),#3);
#5866=PRESENTATION_STYLE_ASSIGNMENT((#5865));
#5867=STYLED_ITEM('',(#5866),#5864);
#5868=DIRECTION('',(0.E0,1.E0,0.E0));
#5869=VECTOR('',#5868,1.75E-1);
#5870=CARTESIAN_POINT('',(1.E0,0.E0,1.1E0));
#5871=LINE('',#5870,#5869);
#5872=CURVE_STYLE('',#35,POSITIVE_LENGTH_MEASURE(2.E-2),#3);
#5873=PRESENTATION_STYLE_ASSIGNMENT((#5872));
#5874=STYLED_ITEM('',(#5873),#5871);
#5875=DIRECTION('',(0.E0,0.E0,-1.E0));
#5876=VECTOR('',#5875,2.E-1);
#5877=CARTESIAN_POINT('',(1.E0,1.75E-1,1.3E0));
#5878=LINE('',#5877,#5876);
#5879=CURVE_STYLE('',#35,POSITIVE_LENGTH_MEASURE(2.E-2),#3);
#5880=PRESENTATION_STYLE_ASSIGNMENT((#5879));
#5881=STYLED_ITEM('',(#5880),#5878);
#5882=DIRECTION('',(0.E0,1.E0,0.E0));
#5883=VECTOR('',#5882,1.75E-1);
#5884=CARTESIAN_POINT('',(1.E0,0.E0,1.3E0));
#5885=LINE('',#5884,#5883);
#5886=CURVE_STYLE('',#35,POSITIVE_LENGTH_MEASURE(2.E-2),#3);
#5887=PRESENTATION_STYLE_ASSIGNMENT((#5886));
#5888=STYLED_ITEM('',(#5887),#5885);
#5889=DIRECTION('',(0.E0,1.E0,0.E0));
#5890=VECTOR('',#5889,7.75E-1);
#5891=CARTESIAN_POINT('',(1.E0,0.E0,1.5E0));
#5892=LINE('',#5891,#5890);
#5893=CURVE_STYLE('',#35,POSITIVE_LENGTH_MEASURE(2.E-2),#3);
#5894=PRESENTATION_STYLE_ASSIGNMENT((#5893));
#5895=STYLED_ITEM('',(#5894),#5892);
#5896=DIRECTION('',(0.E0,1.E0,0.E0));
#5897=VECTOR('',#5896,1.75E-1);
#5898=CARTESIAN_POINT('',(1.E0,0.E0,-1.3E0));
#5899=LINE('',#5898,#5897);
#5900=CURVE_STYLE('',#35,POSITIVE_LENGTH_MEASURE(2.E-2),#3);
#5901=PRESENTATION_STYLE_ASSIGNMENT((#5900));
#5902=STYLED_ITEM('',(#5901),#5899);
#5903=DIRECTION('',(0.E0,0.E0,-1.E0));
#5904=VECTOR('',#5903,2.E-1);
#5905=CARTESIAN_POINT('',(1.E0,1.75E-1,-1.1E0));
#5906=LINE('',#5905,#5904);
#5907=CURVE_STYLE('',#35,POSITIVE_LENGTH_MEASURE(2.E-2),#3);
#5908=PRESENTATION_STYLE_ASSIGNMENT((#5907));
#5909=STYLED_ITEM('',(#5908),#5906);
#5910=DIRECTION('',(0.E0,1.E0,0.E0));
#5911=VECTOR('',#5910,1.75E-1);
#5912=CARTESIAN_POINT('',(8.7E-1,0.E0,-1.1E0));
#5913=LINE('',#5912,#5911);
#5914=CURVE_STYLE('',#35,POSITIVE_LENGTH_MEASURE(2.E-2),#3);
#5915=PRESENTATION_STYLE_ASSIGNMENT((#5914));
#5916=STYLED_ITEM('',(#5915),#5913);
#5917=DIRECTION('',(0.E0,1.E0,0.E0));
#5918=VECTOR('',#5917,1.75E-1);
#5919=CARTESIAN_POINT('',(8.7E-1,0.E0,-9.E-1));
#5920=LINE('',#5919,#5918);
#5921=CURVE_STYLE('',#35,POSITIVE_LENGTH_MEASURE(2.E-2),#3);
#5922=PRESENTATION_STYLE_ASSIGNMENT((#5921));
#5923=STYLED_ITEM('',(#5922),#5920);
#5924=DIRECTION('',(0.E0,1.E0,0.E0));
#5925=VECTOR('',#5924,1.75E-1);
#5926=CARTESIAN_POINT('',(7.49E-1,0.E0,-5.E-1));
#5927=LINE('',#5926,#5925);
#5928=CURVE_STYLE('',#35,POSITIVE_LENGTH_MEASURE(2.E-2),#3);
#5929=PRESENTATION_STYLE_ASSIGNMENT((#5928));
#5930=STYLED_ITEM('',(#5929),#5927);
#5931=DIRECTION('',(0.E0,1.E0,0.E0));
#5932=VECTOR('',#5931,1.75E-1);
#5933=CARTESIAN_POINT('',(6.5E-1,0.E0,-4.01E-1));
#5934=LINE('',#5933,#5932);
#5935=CURVE_STYLE('',#35,POSITIVE_LENGTH_MEASURE(2.E-2),#3);
#5936=PRESENTATION_STYLE_ASSIGNMENT((#5935));
#5937=STYLED_ITEM('',(#5936),#5934);
#5938=DIRECTION('',(0.E0,1.E0,0.E0));
#5939=VECTOR('',#5938,1.75E-1);
#5940=CARTESIAN_POINT('',(6.5E-1,0.E0,-3.99E-1));
#5941=LINE('',#5940,#5939);
#5942=CURVE_STYLE('',#35,POSITIVE_LENGTH_MEASURE(2.E-2),#3);
#5943=PRESENTATION_STYLE_ASSIGNMENT((#5942));
#5944=STYLED_ITEM('',(#5943),#5941);
#5945=DIRECTION('',(0.E0,1.E0,0.E0));
#5946=VECTOR('',#5945,1.75E-1);
#5947=CARTESIAN_POINT('',(7.49E-1,0.E0,-3.E-1));
#5948=LINE('',#5947,#5946);
#5949=CURVE_STYLE('',#35,POSITIVE_LENGTH_MEASURE(2.E-2),#3);
#5950=PRESENTATION_STYLE_ASSIGNMENT((#5949));
#5951=STYLED_ITEM('',(#5950),#5948);
#5952=DIRECTION('',(1.E0,0.E0,0.E0));
#5953=VECTOR('',#5952,2.51E-1);
#5954=CARTESIAN_POINT('',(7.49E-1,1.75E-1,-5.E-1));
#5955=LINE('',#5954,#5953);
#5956=CURVE_STYLE('',#35,POSITIVE_LENGTH_MEASURE(2.E-2),#3);
#5957=PRESENTATION_STYLE_ASSIGNMENT((#5956));
#5958=STYLED_ITEM('',(#5957),#5955);
#5959=CARTESIAN_POINT('',(7.49E-1,1.75E-1,-4.01E-1));
#5960=DIRECTION('',(0.E0,-1.E0,0.E0));
#5961=DIRECTION('',(-1.E0,0.E0,0.E0));
#5962=AXIS2_PLACEMENT_3D('',#5959,#5960,#5961);
#5964=CURVE_STYLE('',#35,POSITIVE_LENGTH_MEASURE(2.E-2),#3);
#5965=PRESENTATION_STYLE_ASSIGNMENT((#5964));
#5966=STYLED_ITEM('',(#5965),#5963);
#5967=DIRECTION('',(0.E0,0.E0,-1.E0));
#5968=VECTOR('',#5967,2.E-3);
#5969=CARTESIAN_POINT('',(6.5E-1,1.75E-1,-3.99E-1));
#5970=LINE('',#5969,#5968);
#5971=CURVE_STYLE('',#35,POSITIVE_LENGTH_MEASURE(2.E-2),#3);
#5972=PRESENTATION_STYLE_ASSIGNMENT((#5971));
#5973=STYLED_ITEM('',(#5972),#5970);
#5974=CARTESIAN_POINT('',(7.49E-1,1.75E-1,-3.99E-1));
#5975=DIRECTION('',(0.E0,-1.E0,0.E0));
#5976=DIRECTION('',(-1.233581138472E-14,0.E0,1.E0));
#5977=AXIS2_PLACEMENT_3D('',#5974,#5975,#5976);
#5979=CURVE_STYLE('',#35,POSITIVE_LENGTH_MEASURE(2.E-2),#3);
#5980=PRESENTATION_STYLE_ASSIGNMENT((#5979));
#5981=STYLED_ITEM('',(#5980),#5978);
#5982=DIRECTION('',(-1.E0,0.E0,0.E0));
#5983=VECTOR('',#5982,2.51E-1);
#5984=CARTESIAN_POINT('',(1.E0,1.75E-1,-3.E-1));
#5985=LINE('',#5984,#5983);
#5986=CURVE_STYLE('',#35,POSITIVE_LENGTH_MEASURE(2.E-2),#3);
#5987=PRESENTATION_STYLE_ASSIGNMENT((#5986));
#5988=STYLED_ITEM('',(#5987),#5985);
#5989=DIRECTION('',(0.E0,1.E0,0.E0));
#5990=VECTOR('',#5989,1.75E-1);
#5991=CARTESIAN_POINT('',(7.49E-1,0.E0,-1.E-1));
#5992=LINE('',#5991,#5990);
#5993=CURVE_STYLE('',#35,POSITIVE_LENGTH_MEASURE(2.E-2),#3);
#5994=PRESENTATION_STYLE_ASSIGNMENT((#5993));
#5995=STYLED_ITEM('',(#5994),#5992);
#5996=DIRECTION('',(0.E0,1.E0,0.E0));
#5997=VECTOR('',#5996,1.75E-1);
#5998=CARTESIAN_POINT('',(6.5E-1,0.E0,-1.E-3));
#5999=LINE('',#5998,#5997);
#6000=CURVE_STYLE('',#35,POSITIVE_LENGTH_MEASURE(2.E-2),#3);
#6001=PRESENTATION_STYLE_ASSIGNMENT((#6000));
#6002=STYLED_ITEM('',(#6001),#5999);
#6003=DIRECTION('',(0.E0,1.E0,0.E0));
#6004=VECTOR('',#6003,1.75E-1);
#6005=CARTESIAN_POINT('',(6.5E-1,0.E0,1.E-3));
#6006=LINE('',#6005,#6004);
#6007=CURVE_STYLE('',#35,POSITIVE_LENGTH_MEASURE(2.E-2),#3);
#6008=PRESENTATION_STYLE_ASSIGNMENT((#6007));
#6009=STYLED_ITEM('',(#6008),#6006);
#6010=DIRECTION('',(0.E0,1.E0,0.E0));
#6011=VECTOR('',#6010,1.75E-1);
#6012=CARTESIAN_POINT('',(7.49E-1,0.E0,1.E-1));
#6013=LINE('',#6012,#6011);
#6014=CURVE_STYLE('',#35,POSITIVE_LENGTH_MEASURE(2.E-2),#3);
#6015=PRESENTATION_STYLE_ASSIGNMENT((#6014));
#6016=STYLED_ITEM('',(#6015),#6013);
#6017=DIRECTION('',(1.E0,0.E0,0.E0));
#6018=VECTOR('',#6017,2.51E-1);
#6019=CARTESIAN_POINT('',(7.49E-1,1.75E-1,-1.E-1));
#6020=LINE('',#6019,#6018);
#6021=CURVE_STYLE('',#35,POSITIVE_LENGTH_MEASURE(2.E-2),#3);
#6022=PRESENTATION_STYLE_ASSIGNMENT((#6021));
#6023=STYLED_ITEM('',(#6022),#6020);
#6024=CARTESIAN_POINT('',(7.49E-1,1.75E-1,-1.E-3));
#6025=DIRECTION('',(0.E0,-1.E0,0.E0));
#6026=DIRECTION('',(-1.E0,0.E0,0.E0));
#6027=AXIS2_PLACEMENT_3D('',#6024,#6025,#6026);
#6029=CURVE_STYLE('',#35,POSITIVE_LENGTH_MEASURE(2.E-2),#3);
#6030=PRESENTATION_STYLE_ASSIGNMENT((#6029));
#6031=STYLED_ITEM('',(#6030),#6028);
#6032=DIRECTION('',(0.E0,0.E0,-1.E0));
#6033=VECTOR('',#6032,2.E-3);
#6034=CARTESIAN_POINT('',(6.5E-1,1.75E-1,1.E-3));
#6035=LINE('',#6034,#6033);
#6036=CURVE_STYLE('',#35,POSITIVE_LENGTH_MEASURE(2.E-2),#3);
#6037=PRESENTATION_STYLE_ASSIGNMENT((#6036));
#6038=STYLED_ITEM('',(#6037),#6035);
#6039=CARTESIAN_POINT('',(7.49E-1,1.75E-1,1.E-3));
#6040=DIRECTION('',(0.E0,-1.E0,0.E0));
#6041=DIRECTION('',(0.E0,0.E0,1.E0));
#6042=AXIS2_PLACEMENT_3D('',#6039,#6040,#6041);
#6044=CURVE_STYLE('',#35,POSITIVE_LENGTH_MEASURE(2.E-2),#3);
#6045=PRESENTATION_STYLE_ASSIGNMENT((#6044));
#6046=STYLED_ITEM('',(#6045),#6043);
#6047=DIRECTION('',(-1.E0,0.E0,0.E0));
#6048=VECTOR('',#6047,2.51E-1);
#6049=CARTESIAN_POINT('',(1.E0,1.75E-1,1.E-1));
#6050=LINE('',#6049,#6048);
#6051=CURVE_STYLE('',#35,POSITIVE_LENGTH_MEASURE(2.E-2),#3);
#6052=PRESENTATION_STYLE_ASSIGNMENT((#6051));
#6053=STYLED_ITEM('',(#6052),#6050);
#6054=DIRECTION('',(0.E0,1.E0,0.E0));
#6055=VECTOR('',#6054,1.75E-1);
#6056=CARTESIAN_POINT('',(7.49E-1,0.E0,3.E-1));
#6057=LINE('',#6056,#6055);
#6058=CURVE_STYLE('',#35,POSITIVE_LENGTH_MEASURE(2.E-2),#3);
#6059=PRESENTATION_STYLE_ASSIGNMENT((#6058));
#6060=STYLED_ITEM('',(#6059),#6057);
#6061=DIRECTION('',(0.E0,1.E0,0.E0));
#6062=VECTOR('',#6061,1.75E-1);
#6063=CARTESIAN_POINT('',(6.5E-1,0.E0,3.99E-1));
#6064=LINE('',#6063,#6062);
#6065=CURVE_STYLE('',#35,POSITIVE_LENGTH_MEASURE(2.E-2),#3);
#6066=PRESENTATION_STYLE_ASSIGNMENT((#6065));
#6067=STYLED_ITEM('',(#6066),#6064);
#6068=DIRECTION('',(0.E0,1.E0,0.E0));
#6069=VECTOR('',#6068,1.75E-1);
#6070=CARTESIAN_POINT('',(6.5E-1,0.E0,4.01E-1));
#6071=LINE('',#6070,#6069);
#6072=CURVE_STYLE('',#35,POSITIVE_LENGTH_MEASURE(2.E-2),#3);
#6073=PRESENTATION_STYLE_ASSIGNMENT((#6072));
#6074=STYLED_ITEM('',(#6073),#6071);
#6075=DIRECTION('',(0.E0,1.E0,0.E0));
#6076=VECTOR('',#6075,1.75E-1);
#6077=CARTESIAN_POINT('',(7.49E-1,0.E0,5.E-1));
#6078=LINE('',#6077,#6076);
#6079=CURVE_STYLE('',#35,POSITIVE_LENGTH_MEASURE(2.E-2),#3);
#6080=PRESENTATION_STYLE_ASSIGNMENT((#6079));
#6081=STYLED_ITEM('',(#6080),#6078);
#6082=DIRECTION('',(1.E0,0.E0,0.E0));
#6083=VECTOR('',#6082,2.51E-1);
#6084=CARTESIAN_POINT('',(7.49E-1,1.75E-1,3.E-1));
#6085=LINE('',#6084,#6083);
#6086=CURVE_STYLE('',#35,POSITIVE_LENGTH_MEASURE(2.E-2),#3);
#6087=PRESENTATION_STYLE_ASSIGNMENT((#6086));
#6088=STYLED_ITEM('',(#6087),#6085);
#6089=CARTESIAN_POINT('',(7.49E-1,1.75E-1,3.99E-1));
#6090=DIRECTION('',(0.E0,-1.E0,0.E0));
#6091=DIRECTION('',(-1.E0,0.E0,0.E0));
#6092=AXIS2_PLACEMENT_3D('',#6089,#6090,#6091);
#6094=CURVE_STYLE('',#35,POSITIVE_LENGTH_MEASURE(2.E-2),#3);
#6095=PRESENTATION_STYLE_ASSIGNMENT((#6094));
#6096=STYLED_ITEM('',(#6095),#6093);
#6097=DIRECTION('',(0.E0,0.E0,-1.E0));
#6098=VECTOR('',#6097,2.E-3);
#6099=CARTESIAN_POINT('',(6.5E-1,1.75E-1,4.01E-1));
#6100=LINE('',#6099,#6098);
#6101=CURVE_STYLE('',#35,POSITIVE_LENGTH_MEASURE(2.E-2),#3);
#6102=PRESENTATION_STYLE_ASSIGNMENT((#6101));
#6103=STYLED_ITEM('',(#6102),#6100);
#6104=CARTESIAN_POINT('',(7.49E-1,1.75E-1,4.01E-1));
#6105=DIRECTION('',(0.E0,-1.E0,0.E0));
#6106=DIRECTION('',(-1.233581138472E-14,0.E0,1.E0));
#6107=AXIS2_PLACEMENT_3D('',#6104,#6105,#6106);
#6109=CURVE_STYLE('',#35,POSITIVE_LENGTH_MEASURE(2.E-2),#3);
#6110=PRESENTATION_STYLE_ASSIGNMENT((#6109));
#6111=STYLED_ITEM('',(#6110),#6108);
#6112=DIRECTION('',(-1.E0,0.E0,0.E0));
#6113=VECTOR('',#6112,2.51E-1);
#6114=CARTESIAN_POINT('',(1.E0,1.75E-1,5.E-1));
#6115=LINE('',#6114,#6113);
#6116=CURVE_STYLE('',#35,POSITIVE_LENGTH_MEASURE(2.E-2),#3);
#6117=PRESENTATION_STYLE_ASSIGNMENT((#6116));
#6118=STYLED_ITEM('',(#6117),#6115);
#6119=DIRECTION('',(0.E0,1.E0,0.E0));
#6120=VECTOR('',#6119,1.75E-1);
#6121=CARTESIAN_POINT('',(7.49E-1,0.E0,7.E-1));
#6122=LINE('',#6121,#6120);
#6123=CURVE_STYLE('',#35,POSITIVE_LENGTH_MEASURE(2.E-2),#3);
#6124=PRESENTATION_STYLE_ASSIGNMENT((#6123));
#6125=STYLED_ITEM('',(#6124),#6122);
#6126=DIRECTION('',(0.E0,1.E0,0.E0));
#6127=VECTOR('',#6126,1.75E-1);
#6128=CARTESIAN_POINT('',(6.5E-1,0.E0,7.99E-1));
#6129=LINE('',#6128,#6127);
#6130=CURVE_STYLE('',#35,POSITIVE_LENGTH_MEASURE(2.E-2),#3);
#6131=PRESENTATION_STYLE_ASSIGNMENT((#6130));
#6132=STYLED_ITEM('',(#6131),#6129);
#6133=DIRECTION('',(0.E0,1.E0,0.E0));
#6134=VECTOR('',#6133,1.75E-1);
#6135=CARTESIAN_POINT('',(6.5E-1,0.E0,1.201E0));
#6136=LINE('',#6135,#6134);
#6137=CURVE_STYLE('',#35,POSITIVE_LENGTH_MEASURE(2.E-2),#3);
#6138=PRESENTATION_STYLE_ASSIGNMENT((#6137));
#6139=STYLED_ITEM('',(#6138),#6136);
#6140=DIRECTION('',(1.015061051086E-14,1.E0,0.E0));
#6141=VECTOR('',#6140,1.75E-1);
#6142=CARTESIAN_POINT('',(7.49E-1,0.E0,1.3E0));
#6143=LINE('',#6142,#6141);
#6144=CURVE_STYLE('',#35,POSITIVE_LENGTH_MEASURE(2.E-2),#3);
#6145=PRESENTATION_STYLE_ASSIGNMENT((#6144));
#6146=STYLED_ITEM('',(#6145),#6143);
#6147=DIRECTION('',(0.E0,1.E0,0.E0));
#6148=VECTOR('',#6147,1.75E-1);
#6149=CARTESIAN_POINT('',(8.7E-1,0.E0,9.E-1));
#6150=LINE('',#6149,#6148);
#6151=CURVE_STYLE('',#35,POSITIVE_LENGTH_MEASURE(2.E-2),#3);
#6152=PRESENTATION_STYLE_ASSIGNMENT((#6151));
#6153=STYLED_ITEM('',(#6152),#6150);
#6154=DIRECTION('',(0.E0,1.E0,0.E0));
#6155=VECTOR('',#6154,1.75E-1);
#6156=CARTESIAN_POINT('',(8.7E-1,0.E0,1.1E0));
#6157=LINE('',#6156,#6155);
#6158=CURVE_STYLE('',#35,POSITIVE_LENGTH_MEASURE(2.E-2),#3);
#6159=PRESENTATION_STYLE_ASSIGNMENT((#6158));
#6160=STYLED_ITEM('',(#6159),#6157);
#6161=DIRECTION('',(0.E0,1.E0,0.E0));
#6162=VECTOR('',#6161,7.75E-1);
#6163=CARTESIAN_POINT('',(-1.E0,0.E0,1.5E0));
#6164=LINE('',#6163,#6162);
#6165=CURVE_STYLE('',#35,POSITIVE_LENGTH_MEASURE(2.E-2),#3);
#6166=PRESENTATION_STYLE_ASSIGNMENT((#6165));
#6167=STYLED_ITEM('',(#6166),#6164);
#6168=DIRECTION('',(1.E0,0.E0,0.E0));
#6169=VECTOR('',#6168,1.5E-1);
#6170=CARTESIAN_POINT('',(-3.5E-1,7.5E-2,1.5E0));
#6171=LINE('',#6170,#6169);
#6172=CURVE_STYLE('',#35,POSITIVE_LENGTH_MEASURE(2.E-2),#3);
#6173=PRESENTATION_STYLE_ASSIGNMENT((#6172));
#6174=STYLED_ITEM('',(#6173),#6171);
#6175=DIRECTION('',(0.E0,1.E0,0.E0));
#6176=VECTOR('',#6175,1.E-1);
#6177=CARTESIAN_POINT('',(-2.E-1,7.5E-2,1.5E0));
#6178=LINE('',#6177,#6176);
#6179=CURVE_STYLE('',#35,POSITIVE_LENGTH_MEASURE(2.E-2),#3);
#6180=PRESENTATION_STYLE_ASSIGNMENT((#6179));
#6181=STYLED_ITEM('',(#6180),#6178);
#6182=DIRECTION('',(1.E0,0.E0,0.E0));
#6183=VECTOR('',#6182,1.5E-1);
#6184=CARTESIAN_POINT('',(-3.5E-1,1.75E-1,1.5E0));
#6185=LINE('',#6184,#6183);
#6186=CURVE_STYLE('',#35,POSITIVE_LENGTH_MEASURE(2.E-2),#3);
#6187=PRESENTATION_STYLE_ASSIGNMENT((#6186));
#6188=STYLED_ITEM('',(#6187),#6185);
#6189=DIRECTION('',(0.E0,1.E0,0.E0));
#6190=VECTOR('',#6189,1.E-1);
#6191=CARTESIAN_POINT('',(-3.5E-1,7.5E-2,1.5E0));
#6192=LINE('',#6191,#6190);
#6193=CURVE_STYLE('',#35,POSITIVE_LENGTH_MEASURE(2.E-2),#3);
#6194=PRESENTATION_STYLE_ASSIGNMENT((#6193));
#6195=STYLED_ITEM('',(#6194),#6192);
#6196=DIRECTION('',(1.E0,0.E0,0.E0));
#6197=VECTOR('',#6196,1.5E-1);
#6198=CARTESIAN_POINT('',(2.E-1,7.5E-2,1.5E0));
#6199=LINE('',#6198,#6197);
#6200=CURVE_STYLE('',#35,POSITIVE_LENGTH_MEASURE(2.E-2),#3);
#6201=PRESENTATION_STYLE_ASSIGNMENT((#6200));
#6202=STYLED_ITEM('',(#6201),#6199);
#6203=DIRECTION('',(0.E0,1.E0,0.E0));
#6204=VECTOR('',#6203,1.E-1);
#6205=CARTESIAN_POINT('',(3.5E-1,7.5E-2,1.5E0));
#6206=LINE('',#6205,#6204);
#6207=CURVE_STYLE('',#35,POSITIVE_LENGTH_MEASURE(2.E-2),#3);
#6208=PRESENTATION_STYLE_ASSIGNMENT((#6207));
#6209=STYLED_ITEM('',(#6208),#6206);
#6210=DIRECTION('',(1.E0,0.E0,0.E0));
#6211=VECTOR('',#6210,1.5E-1);
#6212=CARTESIAN_POINT('',(2.E-1,1.75E-1,1.5E0));
#6213=LINE('',#6212,#6211);
#6214=CURVE_STYLE('',#35,POSITIVE_LENGTH_MEASURE(2.E-2),#3);
#6215=PRESENTATION_STYLE_ASSIGNMENT((#6214));
#6216=STYLED_ITEM('',(#6215),#6213);
#6217=DIRECTION('',(0.E0,1.E0,0.E0));
#6218=VECTOR('',#6217,1.E-1);
#6219=CARTESIAN_POINT('',(2.E-1,7.5E-2,1.5E0));
#6220=LINE('',#6219,#6218);
#6221=CURVE_STYLE('',#35,POSITIVE_LENGTH_MEASURE(2.E-2),#3);
#6222=PRESENTATION_STYLE_ASSIGNMENT((#6221));
#6223=STYLED_ITEM('',(#6222),#6220);
#6224=DIRECTION('',(0.E0,0.E0,1.E0));
#6225=VECTOR('',#6224,3.E0);
#6226=CARTESIAN_POINT('',(-1.E0,7.75E-1,-1.5E0));
#6227=LINE('',#6226,#6225);
#6228=CURVE_STYLE('',#35,POSITIVE_LENGTH_MEASURE(2.E-2),#3);
#6229=PRESENTATION_STYLE_ASSIGNMENT((#6228));
#6230=STYLED_ITEM('',(#6229),#6227);
#6231=DIRECTION('',(-1.E0,0.E0,0.E0));
#6232=VECTOR('',#6231,2.E0);
#6233=CARTESIAN_POINT('',(1.E0,7.75E-1,-1.5E0));
#6234=LINE('',#6233,#6232);
#6235=CURVE_STYLE('',#35,POSITIVE_LENGTH_MEASURE(2.E-2),#3);
#6236=PRESENTATION_STYLE_ASSIGNMENT((#6235));
#6237=STYLED_ITEM('',(#6236),#6234);
#6238=DIRECTION('',(0.E0,0.E0,-1.E0));
#6239=VECTOR('',#6238,3.E0);
#6240=CARTESIAN_POINT('',(1.E0,7.75E-1,1.5E0));
#6241=LINE('',#6240,#6239);
#6242=CURVE_STYLE('',#35,POSITIVE_LENGTH_MEASURE(2.E-2),#3);
#6243=PRESENTATION_STYLE_ASSIGNMENT((#6242));
#6244=STYLED_ITEM('',(#6243),#6241);
#6245=DIRECTION('',(1.E0,0.E0,0.E0));
#6246=VECTOR('',#6245,2.E0);
#6247=CARTESIAN_POINT('',(-1.E0,7.75E-1,1.5E0));
#6248=LINE('',#6247,#6246);
#6249=CURVE_STYLE('',#35,POSITIVE_LENGTH_MEASURE(2.E-2),#3);
#6250=PRESENTATION_STYLE_ASSIGNMENT((#6249));
#6251=STYLED_ITEM('',(#6250),#6248);
#6252=DIRECTION('',(0.E0,1.E0,0.E0));
#6253=VECTOR('',#6252,7.75E-1);
#6254=CARTESIAN_POINT('',(1.E0,0.E0,-1.5E0));
#6255=LINE('',#6254,#6253);
#6256=CURVE_STYLE('',#35,POSITIVE_LENGTH_MEASURE(2.E-2),#3);
#6257=PRESENTATION_STYLE_ASSIGNMENT((#6256));
#6258=STYLED_ITEM('',(#6257),#6255);
#6259=DIRECTION('',(1.E0,0.E0,0.E0));
#6260=VECTOR('',#6259,1.5E-1);
#6261=CARTESIAN_POINT('',(-3.5E-1,7.5E-2,-1.5E0));
#6262=LINE('',#6261,#6260);
#6263=CURVE_STYLE('',#35,POSITIVE_LENGTH_MEASURE(2.E-2),#3);
#6264=PRESENTATION_STYLE_ASSIGNMENT((#6263));
#6265=STYLED_ITEM('',(#6264),#6262);
#6266=DIRECTION('',(0.E0,1.E0,0.E0));
#6267=VECTOR('',#6266,1.E-1);
#6268=CARTESIAN_POINT('',(-3.5E-1,7.5E-2,-1.5E0));
#6269=LINE('',#6268,#6267);
#6270=CURVE_STYLE('',#35,POSITIVE_LENGTH_MEASURE(2.E-2),#3);
#6271=PRESENTATION_STYLE_ASSIGNMENT((#6270));
#6272=STYLED_ITEM('',(#6271),#6269);
#6273=DIRECTION('',(1.E0,0.E0,0.E0));
#6274=VECTOR('',#6273,1.5E-1);
#6275=CARTESIAN_POINT('',(-3.5E-1,1.75E-1,-1.5E0));
#6276=LINE('',#6275,#6274);
#6277=CURVE_STYLE('',#35,POSITIVE_LENGTH_MEASURE(2.E-2),#3);
#6278=PRESENTATION_STYLE_ASSIGNMENT((#6277));
#6279=STYLED_ITEM('',(#6278),#6276);
#6280=DIRECTION('',(0.E0,1.E0,0.E0));
#6281=VECTOR('',#6280,1.E-1);
#6282=CARTESIAN_POINT('',(-2.E-1,7.5E-2,-1.5E0));
#6283=LINE('',#6282,#6281);
#6284=CURVE_STYLE('',#35,POSITIVE_LENGTH_MEASURE(2.E-2),#3);
#6285=PRESENTATION_STYLE_ASSIGNMENT((#6284));
#6286=STYLED_ITEM('',(#6285),#6283);
#6287=DIRECTION('',(1.E0,0.E0,0.E0));
#6288=VECTOR('',#6287,1.5E-1);
#6289=CARTESIAN_POINT('',(2.E-1,7.5E-2,-1.5E0));
#6290=LINE('',#6289,#6288);
#6291=CURVE_STYLE('',#35,POSITIVE_LENGTH_MEASURE(2.E-2),#3);
#6292=PRESENTATION_STYLE_ASSIGNMENT((#6291));
#6293=STYLED_ITEM('',(#6292),#6290);
#6294=DIRECTION('',(0.E0,1.E0,0.E0));
#6295=VECTOR('',#6294,1.E-1);
#6296=CARTESIAN_POINT('',(2.E-1,7.5E-2,-1.5E0));
#6297=LINE('',#6296,#6295);
#6298=CURVE_STYLE('',#35,POSITIVE_LENGTH_MEASURE(2.E-2),#3);
#6299=PRESENTATION_STYLE_ASSIGNMENT((#6298));
#6300=STYLED_ITEM('',(#6299),#6297);
#6301=DIRECTION('',(1.E0,0.E0,0.E0));
#6302=VECTOR('',#6301,1.5E-1);
#6303=CARTESIAN_POINT('',(2.E-1,1.75E-1,-1.5E0));
#6304=LINE('',#6303,#6302);
#6305=CURVE_STYLE('',#35,POSITIVE_LENGTH_MEASURE(2.E-2),#3);
#6306=PRESENTATION_STYLE_ASSIGNMENT((#6305));
#6307=STYLED_ITEM('',(#6306),#6304);
#6308=DIRECTION('',(0.E0,1.E0,0.E0));
#6309=VECTOR('',#6308,1.E-1);
#6310=CARTESIAN_POINT('',(3.5E-1,7.5E-2,-1.5E0));
#6311=LINE('',#6310,#6309);
#6312=CURVE_STYLE('',#35,POSITIVE_LENGTH_MEASURE(2.E-2),#3);
#6313=PRESENTATION_STYLE_ASSIGNMENT((#6312));
#6314=STYLED_ITEM('',(#6313),#6311);
#6315=DIRECTION('',(0.E0,0.E0,1.E0));
#6316=VECTOR('',#6315,1.E-1);
#6317=CARTESIAN_POINT('',(-3.5E-1,7.5E-2,1.4E0));
#6318=LINE('',#6317,#6316);
#6319=CURVE_STYLE('',#35,POSITIVE_LENGTH_MEASURE(2.E-2),#3);
#6320=PRESENTATION_STYLE_ASSIGNMENT((#6319));
#6321=STYLED_ITEM('',(#6320),#6318);
#6322=DIRECTION('',(-1.E0,0.E0,0.E0));
#6323=VECTOR('',#6322,1.5E-1);
#6324=CARTESIAN_POINT('',(-2.E-1,7.5E-2,1.4E0));
#6325=LINE('',#6324,#6323);
#6326=CURVE_STYLE('',#35,POSITIVE_LENGTH_MEASURE(2.E-2),#3);
#6327=PRESENTATION_STYLE_ASSIGNMENT((#6326));
#6328=STYLED_ITEM('',(#6327),#6325);
#6329=DIRECTION('',(0.E0,0.E0,-1.E0));
#6330=VECTOR('',#6329,1.E-1);
#6331=CARTESIAN_POINT('',(-2.E-1,7.5E-2,1.5E0));
#6332=LINE('',#6331,#6330);
#6333=CURVE_STYLE('',#35,POSITIVE_LENGTH_MEASURE(2.E-2),#3);
#6334=PRESENTATION_STYLE_ASSIGNMENT((#6333));
#6335=STYLED_ITEM('',(#6334),#6332);
#6336=DIRECTION('',(0.E0,0.E0,1.E0));
#6337=VECTOR('',#6336,1.E-1);
#6338=CARTESIAN_POINT('',(2.E-1,7.5E-2,1.4E0));
#6339=LINE('',#6338,#6337);
#6340=CURVE_STYLE('',#35,POSITIVE_LENGTH_MEASURE(2.E-2),#3);
#6341=PRESENTATION_STYLE_ASSIGNMENT((#6340));
#6342=STYLED_ITEM('',(#6341),#6339);
#6343=DIRECTION('',(-1.E0,0.E0,0.E0));
#6344=VECTOR('',#6343,1.5E-1);
#6345=CARTESIAN_POINT('',(3.5E-1,7.5E-2,1.4E0));
#6346=LINE('',#6345,#6344);
#6347=CURVE_STYLE('',#35,POSITIVE_LENGTH_MEASURE(2.E-2),#3);
#6348=PRESENTATION_STYLE_ASSIGNMENT((#6347));
#6349=STYLED_ITEM('',(#6348),#6346);
#6350=DIRECTION('',(0.E0,0.E0,-1.E0));
#6351=VECTOR('',#6350,1.E-1);
#6352=CARTESIAN_POINT('',(3.5E-1,7.5E-2,1.5E0));
#6353=LINE('',#6352,#6351);
#6354=CURVE_STYLE('',#35,POSITIVE_LENGTH_MEASURE(2.E-2),#3);
#6355=PRESENTATION_STYLE_ASSIGNMENT((#6354));
#6356=STYLED_ITEM('',(#6355),#6353);
#6357=DIRECTION('',(0.E0,0.E0,-1.E0));
#6358=VECTOR('',#6357,1.E-1);
#6359=CARTESIAN_POINT('',(-2.E-1,7.5E-2,-1.4E0));
#6360=LINE('',#6359,#6358);
#6361=CURVE_STYLE('',#35,POSITIVE_LENGTH_MEASURE(2.E-2),#3);
#6362=PRESENTATION_STYLE_ASSIGNMENT((#6361));
#6363=STYLED_ITEM('',(#6362),#6360);
#6364=DIRECTION('',(1.E0,0.E0,0.E0));
#6365=VECTOR('',#6364,1.5E-1);
#6366=CARTESIAN_POINT('',(-3.5E-1,7.5E-2,-1.4E0));
#6367=LINE('',#6366,#6365);
#6368=CURVE_STYLE('',#35,POSITIVE_LENGTH_MEASURE(2.E-2),#3);
#6369=PRESENTATION_STYLE_ASSIGNMENT((#6368));
#6370=STYLED_ITEM('',(#6369),#6367);
#6371=DIRECTION('',(0.E0,0.E0,1.E0));
#6372=VECTOR('',#6371,1.E-1);
#6373=CARTESIAN_POINT('',(-3.5E-1,7.5E-2,-1.5E0));
#6374=LINE('',#6373,#6372);
#6375=CURVE_STYLE('',#35,POSITIVE_LENGTH_MEASURE(2.E-2),#3);
#6376=PRESENTATION_STYLE_ASSIGNMENT((#6375));
#6377=STYLED_ITEM('',(#6376),#6374);
#6378=DIRECTION('',(0.E0,0.E0,-1.E0));
#6379=VECTOR('',#6378,1.E-1);
#6380=CARTESIAN_POINT('',(3.5E-1,7.5E-2,-1.4E0));
#6381=LINE('',#6380,#6379);
#6382=CURVE_STYLE('',#35,POSITIVE_LENGTH_MEASURE(2.E-2),#3);
#6383=PRESENTATION_STYLE_ASSIGNMENT((#6382));
#6384=STYLED_ITEM('',(#6383),#6381);
#6385=DIRECTION('',(1.E0,0.E0,0.E0));
#6386=VECTOR('',#6385,1.5E-1);
#6387=CARTESIAN_POINT('',(2.E-1,7.5E-2,-1.4E0));
#6388=LINE('',#6387,#6386);
#6389=CURVE_STYLE('',#35,POSITIVE_LENGTH_MEASURE(2.E-2),#3);
#6390=PRESENTATION_STYLE_ASSIGNMENT((#6389));
#6391=STYLED_ITEM('',(#6390),#6388);
#6392=DIRECTION('',(0.E0,0.E0,1.E0));
#6393=VECTOR('',#6392,1.E-1);
#6394=CARTESIAN_POINT('',(2.E-1,7.5E-2,-1.5E0));
#6395=LINE('',#6394,#6393);
#6396=CURVE_STYLE('',#35,POSITIVE_LENGTH_MEASURE(2.E-2),#3);
#6397=PRESENTATION_STYLE_ASSIGNMENT((#6396));
#6398=STYLED_ITEM('',(#6397),#6395);
#6399=DIRECTION('',(0.E0,1.E0,0.E0));
#6400=VECTOR('',#6399,1.E-1);
#6401=CARTESIAN_POINT('',(-3.5E-1,7.5E-2,1.4E0));
#6402=LINE('',#6401,#6400);
#6403=CURVE_STYLE('',#35,POSITIVE_LENGTH_MEASURE(2.E-2),#3);
#6404=PRESENTATION_STYLE_ASSIGNMENT((#6403));
#6405=STYLED_ITEM('',(#6404),#6402);
#6406=DIRECTION('',(0.E0,0.E0,-1.E0));
#6407=VECTOR('',#6406,1.E-1);
#6408=CARTESIAN_POINT('',(-2.E-1,1.75E-1,1.5E0));
#6409=LINE('',#6408,#6407);
#6410=CURVE_STYLE('',#35,POSITIVE_LENGTH_MEASURE(2.E-2),#3);
#6411=PRESENTATION_STYLE_ASSIGNMENT((#6410));
#6412=STYLED_ITEM('',(#6411),#6409);
#6413=DIRECTION('',(-1.E0,0.E0,0.E0));
#6414=VECTOR('',#6413,1.5E-1);
#6415=CARTESIAN_POINT('',(-2.E-1,1.75E-1,1.4E0));
#6416=LINE('',#6415,#6414);
#6417=CURVE_STYLE('',#35,POSITIVE_LENGTH_MEASURE(2.E-2),#3);
#6418=PRESENTATION_STYLE_ASSIGNMENT((#6417));
#6419=STYLED_ITEM('',(#6418),#6416);
#6420=DIRECTION('',(0.E0,0.E0,1.E0));
#6421=VECTOR('',#6420,1.E-1);
#6422=CARTESIAN_POINT('',(-3.5E-1,1.75E-1,1.4E0));
#6423=LINE('',#6422,#6421);
#6424=CURVE_STYLE('',#35,POSITIVE_LENGTH_MEASURE(2.E-2),#3);
#6425=PRESENTATION_STYLE_ASSIGNMENT((#6424));
#6426=STYLED_ITEM('',(#6425),#6423);
#6427=DIRECTION('',(0.E0,0.E0,-1.E0));
#6428=VECTOR('',#6427,1.E-1);
#6429=CARTESIAN_POINT('',(3.5E-1,1.75E-1,1.5E0));
#6430=LINE('',#6429,#6428);
#6431=CURVE_STYLE('',#35,POSITIVE_LENGTH_MEASURE(2.E-2),#3);
#6432=PRESENTATION_STYLE_ASSIGNMENT((#6431));
#6433=STYLED_ITEM('',(#6432),#6430);
#6434=DIRECTION('',(-1.E0,0.E0,0.E0));
#6435=VECTOR('',#6434,1.5E-1);
#6436=CARTESIAN_POINT('',(3.5E-1,1.75E-1,1.4E0));
#6437=LINE('',#6436,#6435);
#6438=CURVE_STYLE('',#35,POSITIVE_LENGTH_MEASURE(2.E-2),#3);
#6439=PRESENTATION_STYLE_ASSIGNMENT((#6438));
#6440=STYLED_ITEM('',(#6439),#6437);
#6441=DIRECTION('',(0.E0,0.E0,1.E0));
#6442=VECTOR('',#6441,1.E-1);
#6443=CARTESIAN_POINT('',(2.E-1,1.75E-1,1.4E0));
#6444=LINE('',#6443,#6442);
#6445=CURVE_STYLE('',#35,POSITIVE_LENGTH_MEASURE(2.E-2),#3);
#6446=PRESENTATION_STYLE_ASSIGNMENT((#6445));
#6447=STYLED_ITEM('',(#6446),#6444);
#6448=DIRECTION('',(0.E0,0.E0,1.E0));
#6449=VECTOR('',#6448,1.E-1);
#6450=CARTESIAN_POINT('',(-3.5E-1,1.75E-1,-1.5E0));
#6451=LINE('',#6450,#6449);
#6452=CURVE_STYLE('',#35,POSITIVE_LENGTH_MEASURE(2.E-2),#3);
#6453=PRESENTATION_STYLE_ASSIGNMENT((#6452));
#6454=STYLED_ITEM('',(#6453),#6451);
#6455=DIRECTION('',(1.E0,0.E0,0.E0));
#6456=VECTOR('',#6455,1.5E-1);
#6457=CARTESIAN_POINT('',(-3.5E-1,1.75E-1,-1.4E0));
#6458=LINE('',#6457,#6456);
#6459=CURVE_STYLE('',#35,POSITIVE_LENGTH_MEASURE(2.E-2),#3);
#6460=PRESENTATION_STYLE_ASSIGNMENT((#6459));
#6461=STYLED_ITEM('',(#6460),#6458);
#6462=DIRECTION('',(0.E0,0.E0,-1.E0));
#6463=VECTOR('',#6462,1.E-1);
#6464=CARTESIAN_POINT('',(-2.E-1,1.75E-1,-1.4E0));
#6465=LINE('',#6464,#6463);
#6466=CURVE_STYLE('',#35,POSITIVE_LENGTH_MEASURE(2.E-2),#3);
#6467=PRESENTATION_STYLE_ASSIGNMENT((#6466));
#6468=STYLED_ITEM('',(#6467),#6465);
#6469=DIRECTION('',(0.E0,0.E0,1.E0));
#6470=VECTOR('',#6469,1.E-1);
#6471=CARTESIAN_POINT('',(2.E-1,1.75E-1,-1.5E0));
#6472=LINE('',#6471,#6470);
#6473=CURVE_STYLE('',#35,POSITIVE_LENGTH_MEASURE(2.E-2),#3);
#6474=PRESENTATION_STYLE_ASSIGNMENT((#6473));
#6475=STYLED_ITEM('',(#6474),#6472);
#6476=DIRECTION('',(1.E0,0.E0,0.E0));
#6477=VECTOR('',#6476,1.5E-1);
#6478=CARTESIAN_POINT('',(2.E-1,1.75E-1,-1.4E0));
#6479=LINE('',#6478,#6477);
#6480=CURVE_STYLE('',#35,POSITIVE_LENGTH_MEASURE(2.E-2),#3);
#6481=PRESENTATION_STYLE_ASSIGNMENT((#6480));
#6482=STYLED_ITEM('',(#6481),#6479);
#6483=DIRECTION('',(0.E0,0.E0,-1.E0));
#6484=VECTOR('',#6483,1.E-1);
#6485=CARTESIAN_POINT('',(3.5E-1,1.75E-1,-1.4E0));
#6486=LINE('',#6485,#6484);
#6487=CURVE_STYLE('',#35,POSITIVE_LENGTH_MEASURE(2.E-2),#3);
#6488=PRESENTATION_STYLE_ASSIGNMENT((#6487));
#6489=STYLED_ITEM('',(#6488),#6486);
#6490=DIRECTION('',(0.E0,1.E0,0.E0));
#6491=VECTOR('',#6490,1.E-1);
#6492=CARTESIAN_POINT('',(-2.E-1,7.5E-2,1.4E0));
#6493=LINE('',#6492,#6491);
#6494=CURVE_STYLE('',#35,POSITIVE_LENGTH_MEASURE(2.E-2),#3);
#6495=PRESENTATION_STYLE_ASSIGNMENT((#6494));
#6496=STYLED_ITEM('',(#6495),#6493);
#6497=DIRECTION('',(0.E0,1.E0,0.E0));
#6498=VECTOR('',#6497,1.E-1);
#6499=CARTESIAN_POINT('',(3.5E-1,7.5E-2,1.4E0));
#6500=LINE('',#6499,#6498);
#6501=CURVE_STYLE('',#35,POSITIVE_LENGTH_MEASURE(2.E-2),#3);
#6502=PRESENTATION_STYLE_ASSIGNMENT((#6501));
#6503=STYLED_ITEM('',(#6502),#6500);
#6504=DIRECTION('',(0.E0,1.E0,0.E0));
#6505=VECTOR('',#6504,1.E-1);
#6506=CARTESIAN_POINT('',(2.E-1,7.5E-2,1.4E0));
#6507=LINE('',#6506,#6505);
#6508=CURVE_STYLE('',#35,POSITIVE_LENGTH_MEASURE(2.E-2),#3);
#6509=PRESENTATION_STYLE_ASSIGNMENT((#6508));
#6510=STYLED_ITEM('',(#6509),#6507);
#6511=DIRECTION('',(0.E0,1.E0,0.E0));
#6512=VECTOR('',#6511,1.E-1);
#6513=CARTESIAN_POINT('',(-3.5E-1,7.5E-2,-1.4E0));
#6514=LINE('',#6513,#6512);
#6515=CURVE_STYLE('',#35,POSITIVE_LENGTH_MEASURE(2.E-2),#3);
#6516=PRESENTATION_STYLE_ASSIGNMENT((#6515));
#6517=STYLED_ITEM('',(#6516),#6514);
#6518=DIRECTION('',(0.E0,1.E0,0.E0));
#6519=VECTOR('',#6518,1.E-1);
#6520=CARTESIAN_POINT('',(-2.E-1,7.5E-2,-1.4E0));
#6521=LINE('',#6520,#6519);
#6522=CURVE_STYLE('',#35,POSITIVE_LENGTH_MEASURE(2.E-2),#3);
#6523=PRESENTATION_STYLE_ASSIGNMENT((#6522));
#6524=STYLED_ITEM('',(#6523),#6521);
#6525=DIRECTION('',(0.E0,1.E0,0.E0));
#6526=VECTOR('',#6525,1.E-1);
#6527=CARTESIAN_POINT('',(2.E-1,7.5E-2,-1.4E0));
#6528=LINE('',#6527,#6526);
#6529=CURVE_STYLE('',#35,POSITIVE_LENGTH_MEASURE(2.E-2),#3);
#6530=PRESENTATION_STYLE_ASSIGNMENT((#6529));
#6531=STYLED_ITEM('',(#6530),#6528);
#6532=DIRECTION('',(0.E0,1.E0,0.E0));
#6533=VECTOR('',#6532,1.E-1);
#6534=CARTESIAN_POINT('',(3.5E-1,7.5E-2,-1.4E0));
#6535=LINE('',#6534,#6533);
#6536=CURVE_STYLE('',#35,POSITIVE_LENGTH_MEASURE(2.E-2),#3);
#6537=PRESENTATION_STYLE_ASSIGNMENT((#6536));
#6538=STYLED_ITEM('',(#6537),#6535);
#6539=DIRECTION('',(0.E0,1.E0,0.E0));
#6540=VECTOR('',#6539,1.75E-1);
#6541=CARTESIAN_POINT('',(-7.49E-1,0.E0,5.E-1));
#6542=LINE('',#6541,#6540);
#6543=CURVE_STYLE('',#35,POSITIVE_LENGTH_MEASURE(2.E-2),#3);
#6544=PRESENTATION_STYLE_ASSIGNMENT((#6543));
#6545=STYLED_ITEM('',(#6544),#6542);
#6546=DIRECTION('',(0.E0,1.E0,0.E0));
#6547=VECTOR('',#6546,1.75E-1);
#6548=CARTESIAN_POINT('',(-6.5E-1,0.E0,4.01E-1));
#6549=LINE('',#6548,#6547);
#6550=CURVE_STYLE('',#35,POSITIVE_LENGTH_MEASURE(2.E-2),#3);
#6551=PRESENTATION_STYLE_ASSIGNMENT((#6550));
#6552=STYLED_ITEM('',(#6551),#6549);
#6553=DIRECTION('',(0.E0,1.E0,0.E0));
#6554=VECTOR('',#6553,1.75E-1);
#6555=CARTESIAN_POINT('',(-6.5E-1,0.E0,3.99E-1));
#6556=LINE('',#6555,#6554);
#6557=CURVE_STYLE('',#35,POSITIVE_LENGTH_MEASURE(2.E-2),#3);
#6558=PRESENTATION_STYLE_ASSIGNMENT((#6557));
#6559=STYLED_ITEM('',(#6558),#6556);
#6560=DIRECTION('',(0.E0,1.E0,0.E0));
#6561=VECTOR('',#6560,1.75E-1);
#6562=CARTESIAN_POINT('',(-7.49E-1,0.E0,3.E-1));
#6563=LINE('',#6562,#6561);
#6564=CURVE_STYLE('',#35,POSITIVE_LENGTH_MEASURE(2.E-2),#3);
#6565=PRESENTATION_STYLE_ASSIGNMENT((#6564));
#6566=STYLED_ITEM('',(#6565),#6563);
#6567=DIRECTION('',(1.E0,0.E0,0.E0));
#6568=VECTOR('',#6567,2.51E-1);
#6569=CARTESIAN_POINT('',(-1.E0,1.75E-1,5.E-1));
#6570=LINE('',#6569,#6568);
#6571=CURVE_STYLE('',#35,POSITIVE_LENGTH_MEASURE(2.E-2),#3);
#6572=PRESENTATION_STYLE_ASSIGNMENT((#6571));
#6573=STYLED_ITEM('',(#6572),#6570);
#6574=CARTESIAN_POINT('',(-7.49E-1,1.75E-1,4.01E-1));
#6575=DIRECTION('',(0.E0,1.E0,0.E0));
#6576=DIRECTION('',(1.570012358056E-14,0.E0,1.E0));
#6577=AXIS2_PLACEMENT_3D('',#6574,#6575,#6576);
#6579=CURVE_STYLE('',#35,POSITIVE_LENGTH_MEASURE(2.E-2),#3);
#6580=PRESENTATION_STYLE_ASSIGNMENT((#6579));
#6581=STYLED_ITEM('',(#6580),#6578);
#6582=DIRECTION('',(0.E0,0.E0,-1.E0));
#6583=VECTOR('',#6582,2.E-3);
#6584=CARTESIAN_POINT('',(-6.5E-1,1.75E-1,4.01E-1));
#6585=LINE('',#6584,#6583);
#6586=CURVE_STYLE('',#35,POSITIVE_LENGTH_MEASURE(2.E-2),#3);
#6587=PRESENTATION_STYLE_ASSIGNMENT((#6586));
#6588=STYLED_ITEM('',(#6587),#6585);
#6589=CARTESIAN_POINT('',(-7.49E-1,1.75E-1,3.99E-1));
#6590=DIRECTION('',(0.E0,1.E0,0.E0));
#6591=DIRECTION('',(1.E0,0.E0,0.E0));
#6592=AXIS2_PLACEMENT_3D('',#6589,#6590,#6591);
#6594=CURVE_STYLE('',#35,POSITIVE_LENGTH_MEASURE(2.E-2),#3);
#6595=PRESENTATION_STYLE_ASSIGNMENT((#6594));
#6596=STYLED_ITEM('',(#6595),#6593);
#6597=DIRECTION('',(-1.E0,0.E0,0.E0));
#6598=VECTOR('',#6597,2.51E-1);
#6599=CARTESIAN_POINT('',(-7.49E-1,1.75E-1,3.E-1));
#6600=LINE('',#6599,#6598);
#6601=CURVE_STYLE('',#35,POSITIVE_LENGTH_MEASURE(2.E-2),#3);
#6602=PRESENTATION_STYLE_ASSIGNMENT((#6601));
#6603=STYLED_ITEM('',(#6602),#6600);
#6604=DIRECTION('',(0.E0,1.E0,0.E0));
#6605=VECTOR('',#6604,1.75E-1);
#6606=CARTESIAN_POINT('',(-7.49E-1,0.E0,1.E-1));
#6607=LINE('',#6606,#6605);
#6608=CURVE_STYLE('',#35,POSITIVE_LENGTH_MEASURE(2.E-2),#3);
#6609=PRESENTATION_STYLE_ASSIGNMENT((#6608));
#6610=STYLED_ITEM('',(#6609),#6607);
#6611=DIRECTION('',(0.E0,1.E0,0.E0));
#6612=VECTOR('',#6611,1.75E-1);
#6613=CARTESIAN_POINT('',(-6.5E-1,0.E0,1.E-3));
#6614=LINE('',#6613,#6612);
#6615=CURVE_STYLE('',#35,POSITIVE_LENGTH_MEASURE(2.E-2),#3);
#6616=PRESENTATION_STYLE_ASSIGNMENT((#6615));
#6617=STYLED_ITEM('',(#6616),#6614);
#6618=DIRECTION('',(0.E0,1.E0,0.E0));
#6619=VECTOR('',#6618,1.75E-1);
#6620=CARTESIAN_POINT('',(-6.5E-1,0.E0,-1.E-3));
#6621=LINE('',#6620,#6619);
#6622=CURVE_STYLE('',#35,POSITIVE_LENGTH_MEASURE(2.E-2),#3);
#6623=PRESENTATION_STYLE_ASSIGNMENT((#6622));
#6624=STYLED_ITEM('',(#6623),#6621);
#6625=DIRECTION('',(0.E0,1.E0,0.E0));
#6626=VECTOR('',#6625,1.75E-1);
#6627=CARTESIAN_POINT('',(-7.49E-1,0.E0,-1.E-1));
#6628=LINE('',#6627,#6626);
#6629=CURVE_STYLE('',#35,POSITIVE_LENGTH_MEASURE(2.E-2),#3);
#6630=PRESENTATION_STYLE_ASSIGNMENT((#6629));
#6631=STYLED_ITEM('',(#6630),#6628);
#6632=DIRECTION('',(1.E0,0.E0,0.E0));
#6633=VECTOR('',#6632,2.51E-1);
#6634=CARTESIAN_POINT('',(-1.E0,1.75E-1,1.E-1));
#6635=LINE('',#6634,#6633);
#6636=CURVE_STYLE('',#35,POSITIVE_LENGTH_MEASURE(2.E-2),#3);
#6637=PRESENTATION_STYLE_ASSIGNMENT((#6636));
#6638=STYLED_ITEM('',(#6637),#6635);
#6639=CARTESIAN_POINT('',(-7.49E-1,1.75E-1,1.E-3));
#6640=DIRECTION('',(0.E0,1.E0,0.E0));
#6641=DIRECTION('',(0.E0,0.E0,1.E0));
#6642=AXIS2_PLACEMENT_3D('',#6639,#6640,#6641);
#6644=CURVE_STYLE('',#35,POSITIVE_LENGTH_MEASURE(2.E-2),#3);
#6645=PRESENTATION_STYLE_ASSIGNMENT((#6644));
#6646=STYLED_ITEM('',(#6645),#6643);
#6647=DIRECTION('',(0.E0,0.E0,-1.E0));
#6648=VECTOR('',#6647,2.E-3);
#6649=CARTESIAN_POINT('',(-6.5E-1,1.75E-1,1.E-3));
#6650=LINE('',#6649,#6648);
#6651=CURVE_STYLE('',#35,POSITIVE_LENGTH_MEASURE(2.E-2),#3);
#6652=PRESENTATION_STYLE_ASSIGNMENT((#6651));
#6653=STYLED_ITEM('',(#6652),#6650);
#6654=CARTESIAN_POINT('',(-7.49E-1,1.75E-1,-1.E-3));
#6655=DIRECTION('',(0.E0,1.E0,0.E0));
#6656=DIRECTION('',(1.E0,0.E0,0.E0));
#6657=AXIS2_PLACEMENT_3D('',#6654,#6655,#6656);
#6659=CURVE_STYLE('',#35,POSITIVE_LENGTH_MEASURE(2.E-2),#3);
#6660=PRESENTATION_STYLE_ASSIGNMENT((#6659));
#6661=STYLED_ITEM('',(#6660),#6658);
#6662=DIRECTION('',(-1.E0,0.E0,0.E0));
#6663=VECTOR('',#6662,2.51E-1);
#6664=CARTESIAN_POINT('',(-7.49E-1,1.75E-1,-1.E-1));
#6665=LINE('',#6664,#6663);
#6666=CURVE_STYLE('',#35,POSITIVE_LENGTH_MEASURE(2.E-2),#3);
#6667=PRESENTATION_STYLE_ASSIGNMENT((#6666));
#6668=STYLED_ITEM('',(#6667),#6665);
#6669=DIRECTION('',(0.E0,1.E0,0.E0));
#6670=VECTOR('',#6669,1.75E-1);
#6671=CARTESIAN_POINT('',(-7.49E-1,0.E0,-3.E-1));
#6672=LINE('',#6671,#6670);
#6673=CURVE_STYLE('',#35,POSITIVE_LENGTH_MEASURE(2.E-2),#3);
#6674=PRESENTATION_STYLE_ASSIGNMENT((#6673));
#6675=STYLED_ITEM('',(#6674),#6672);
#6676=DIRECTION('',(0.E0,1.E0,0.E0));
#6677=VECTOR('',#6676,1.75E-1);
#6678=CARTESIAN_POINT('',(-6.5E-1,0.E0,-3.99E-1));
#6679=LINE('',#6678,#6677);
#6680=CURVE_STYLE('',#35,POSITIVE_LENGTH_MEASURE(2.E-2),#3);
#6681=PRESENTATION_STYLE_ASSIGNMENT((#6680));
#6682=STYLED_ITEM('',(#6681),#6679);
#6683=DIRECTION('',(0.E0,1.E0,0.E0));
#6684=VECTOR('',#6683,1.75E-1);
#6685=CARTESIAN_POINT('',(-6.5E-1,0.E0,-4.01E-1));
#6686=LINE('',#6685,#6684);
#6687=CURVE_STYLE('',#35,POSITIVE_LENGTH_MEASURE(2.E-2),#3);
#6688=PRESENTATION_STYLE_ASSIGNMENT((#6687));
#6689=STYLED_ITEM('',(#6688),#6686);
#6690=DIRECTION('',(0.E0,1.E0,0.E0));
#6691=VECTOR('',#6690,1.75E-1);
#6692=CARTESIAN_POINT('',(-7.49E-1,0.E0,-5.E-1));
#6693=LINE('',#6692,#6691);
#6694=CURVE_STYLE('',#35,POSITIVE_LENGTH_MEASURE(2.E-2),#3);
#6695=PRESENTATION_STYLE_ASSIGNMENT((#6694));
#6696=STYLED_ITEM('',(#6695),#6693);
#6697=DIRECTION('',(1.E0,0.E0,0.E0));
#6698=VECTOR('',#6697,2.51E-1);
#6699=CARTESIAN_POINT('',(-1.E0,1.75E-1,-3.E-1));
#6700=LINE('',#6699,#6698);
#6701=CURVE_STYLE('',#35,POSITIVE_LENGTH_MEASURE(2.E-2),#3);
#6702=PRESENTATION_STYLE_ASSIGNMENT((#6701));
#6703=STYLED_ITEM('',(#6702),#6700);
#6704=CARTESIAN_POINT('',(-7.49E-1,1.75E-1,-3.99E-1));
#6705=DIRECTION('',(0.E0,1.E0,0.E0));
#6706=DIRECTION('',(1.906443577639E-14,0.E0,1.E0));
#6707=AXIS2_PLACEMENT_3D('',#6704,#6705,#6706);
#6709=CURVE_STYLE('',#35,POSITIVE_LENGTH_MEASURE(2.E-2),#3);
#6710=PRESENTATION_STYLE_ASSIGNMENT((#6709));
#6711=STYLED_ITEM('',(#6710),#6708);
#6712=DIRECTION('',(0.E0,0.E0,-1.E0));
#6713=VECTOR('',#6712,2.E-3);
#6714=CARTESIAN_POINT('',(-6.5E-1,1.75E-1,-3.99E-1));
#6715=LINE('',#6714,#6713);
#6716=CURVE_STYLE('',#35,POSITIVE_LENGTH_MEASURE(2.E-2),#3);
#6717=PRESENTATION_STYLE_ASSIGNMENT((#6716));
#6718=STYLED_ITEM('',(#6717),#6715);
#6719=CARTESIAN_POINT('',(-7.49E-1,1.75E-1,-4.01E-1));
#6720=DIRECTION('',(0.E0,1.E0,0.E0));
#6721=DIRECTION('',(1.E0,0.E0,0.E0));
#6722=AXIS2_PLACEMENT_3D('',#6719,#6720,#6721);
#6724=CURVE_STYLE('',#35,POSITIVE_LENGTH_MEASURE(2.E-2),#3);
#6725=PRESENTATION_STYLE_ASSIGNMENT((#6724));
#6726=STYLED_ITEM('',(#6725),#6723);
#6727=DIRECTION('',(-1.E0,0.E0,0.E0));
#6728=VECTOR('',#6727,2.51E-1);
#6729=CARTESIAN_POINT('',(-7.49E-1,1.75E-1,-5.E-1));
#6730=LINE('',#6729,#6728);
#6731=CURVE_STYLE('',#35,POSITIVE_LENGTH_MEASURE(2.E-2),#3);
#6732=PRESENTATION_STYLE_ASSIGNMENT((#6731));
#6733=STYLED_ITEM('',(#6732),#6730);
#6734=DIRECTION('',(0.E0,1.E0,0.E0));
#6735=VECTOR('',#6734,1.75E-1);
#6736=CARTESIAN_POINT('',(-4.5E-1,0.E0,-1.25E0));
#6737=LINE('',#6736,#6735);
#6738=CURVE_STYLE('',#35,POSITIVE_LENGTH_MEASURE(2.E-2),#3);
#6739=PRESENTATION_STYLE_ASSIGNMENT((#6738));
#6740=STYLED_ITEM('',(#6739),#6737);
#6741=DIRECTION('',(0.E0,1.E0,0.E0));
#6742=VECTOR('',#6741,1.75E-1);
#6743=CARTESIAN_POINT('',(-4.5E-1,0.E0,1.25E0));
#6744=LINE('',#6743,#6742);
#6745=CURVE_STYLE('',#35,POSITIVE_LENGTH_MEASURE(2.E-2),#3);
#6746=PRESENTATION_STYLE_ASSIGNMENT((#6745));
#6747=STYLED_ITEM('',(#6746),#6744);
#6748=DIRECTION('',(0.E0,1.E0,0.E0));
#6749=VECTOR('',#6748,1.75E-1);
#6750=CARTESIAN_POINT('',(4.5E-1,0.E0,1.25E0));
#6751=LINE('',#6750,#6749);
#6752=CURVE_STYLE('',#35,POSITIVE_LENGTH_MEASURE(2.E-2),#3);
#6753=PRESENTATION_STYLE_ASSIGNMENT((#6752));
#6754=STYLED_ITEM('',(#6753),#6751);
#6755=DIRECTION('',(0.E0,1.E0,0.E0));
#6756=VECTOR('',#6755,1.75E-1);
#6757=CARTESIAN_POINT('',(4.5E-1,0.E0,-1.25E0));
#6758=LINE('',#6757,#6756);
#6759=CURVE_STYLE('',#35,POSITIVE_LENGTH_MEASURE(2.E-2),#3);
#6760=PRESENTATION_STYLE_ASSIGNMENT((#6759));
#6761=STYLED_ITEM('',(#6760),#6758);
#6762=DIRECTION('',(0.E0,0.E0,1.E0));
#6763=VECTOR('',#6762,2.5E0);
#6764=CARTESIAN_POINT('',(-4.5E-1,1.75E-1,-1.25E0));
#6765=LINE('',#6764,#6763);
#6766=CURVE_STYLE('',#35,POSITIVE_LENGTH_MEASURE(2.E-2),#3);
#6767=PRESENTATION_STYLE_ASSIGNMENT((#6766));
#6768=STYLED_ITEM('',(#6767),#6765);
#6769=DIRECTION('',(1.E0,0.E0,0.E0));
#6770=VECTOR('',#6769,9.E-1);
#6771=CARTESIAN_POINT('',(-4.5E-1,1.75E-1,1.25E0));
#6772=LINE('',#6771,#6770);
#6773=CURVE_STYLE('',#35,POSITIVE_LENGTH_MEASURE(2.E-2),#3);
#6774=PRESENTATION_STYLE_ASSIGNMENT((#6773));
#6775=STYLED_ITEM('',(#6774),#6772);
#6776=DIRECTION('',(0.E0,0.E0,-1.E0));
#6777=VECTOR('',#6776,2.5E0);
#6778=CARTESIAN_POINT('',(4.5E-1,1.75E-1,1.25E0));
#6779=LINE('',#6778,#6777);
#6780=CURVE_STYLE('',#35,POSITIVE_LENGTH_MEASURE(2.E-2),#3);
#6781=PRESENTATION_STYLE_ASSIGNMENT((#6780));
#6782=STYLED_ITEM('',(#6781),#6779);
#6783=DIRECTION('',(-1.E0,0.E0,0.E0));
#6784=VECTOR('',#6783,9.E-1);
#6785=CARTESIAN_POINT('',(4.5E-1,1.75E-1,-1.25E0));
#6786=LINE('',#6785,#6784);
#6787=CURVE_STYLE('',#35,POSITIVE_LENGTH_MEASURE(2.E-2),#3);
#6788=PRESENTATION_STYLE_ASSIGNMENT((#6787));
#6789=STYLED_ITEM('',(#6788),#6786);
#6790=CARTESIAN_POINT('',(-1.E0,0.E0,1.5E0));
#6791=CARTESIAN_POINT('',(1.E0,0.E0,1.5E0));
#6792=VERTEX_POINT('',#6790);
#6793=VERTEX_POINT('',#6791);
#6794=CARTESIAN_POINT('',(1.E0,0.E0,-1.5E0));
#6795=CARTESIAN_POINT('',(-1.E0,0.E0,-1.5E0));
#6796=VERTEX_POINT('',#6794);
#6797=VERTEX_POINT('',#6795);
#6798=CARTESIAN_POINT('',(-1.E0,7.75E-1,-1.5E0));
#6799=CARTESIAN_POINT('',(-1.E0,7.75E-1,1.5E0));
#6800=VERTEX_POINT('',#6798);
#6801=VERTEX_POINT('',#6799);
#6802=CARTESIAN_POINT('',(1.E0,7.75E-1,1.5E0));
#6803=VERTEX_POINT('',#6802);
#6804=CARTESIAN_POINT('',(1.E0,7.75E-1,-1.5E0));
#6805=VERTEX_POINT('',#6804);
#6806=CARTESIAN_POINT('',(-4.5E-1,1.75E-1,1.25E0));
#6807=CARTESIAN_POINT('',(4.5E-1,1.75E-1,1.25E0));
#6808=VERTEX_POINT('',#6806);
#6809=VERTEX_POINT('',#6807);
#6810=CARTESIAN_POINT('',(4.5E-1,1.75E-1,-1.25E0));
#6811=VERTEX_POINT('',#6810);
#6812=CARTESIAN_POINT('',(-1.E0,0.E0,-1.1E0));
#6813=CARTESIAN_POINT('',(-8.7E-1,0.E0,-1.1E0));
#6814=VERTEX_POINT('',#6812);
#6815=VERTEX_POINT('',#6813);
#6816=CARTESIAN_POINT('',(-1.E0,0.E0,-1.3E0));
#6817=CARTESIAN_POINT('',(-7.49E-1,0.E0,-1.3E0));
#6818=VERTEX_POINT('',#6816);
#6819=VERTEX_POINT('',#6817);
#6820=CARTESIAN_POINT('',(-1.E0,0.E0,-7.E-1));
#6821=CARTESIAN_POINT('',(-7.49E-1,0.E0,-7.E-1));
#6822=VERTEX_POINT('',#6820);
#6823=VERTEX_POINT('',#6821);
#6824=CARTESIAN_POINT('',(-1.E0,0.E0,-9.E-1));
#6825=CARTESIAN_POINT('',(-8.7E-1,0.E0,-9.E-1));
#6826=VERTEX_POINT('',#6824);
#6827=VERTEX_POINT('',#6825);
#6828=CARTESIAN_POINT('',(-1.E0,0.E0,-3.E-1));
#6829=CARTESIAN_POINT('',(-7.49E-1,0.E0,-3.E-1));
#6830=VERTEX_POINT('',#6828);
#6831=VERTEX_POINT('',#6829);
#6832=CARTESIAN_POINT('',(-1.E0,0.E0,-5.E-1));
#6833=CARTESIAN_POINT('',(-7.49E-1,0.E0,-5.E-1));
#6834=VERTEX_POINT('',#6832);
#6835=VERTEX_POINT('',#6833);
#6836=CARTESIAN_POINT('',(-1.E0,0.E0,1.E-1));
#6837=CARTESIAN_POINT('',(-7.49E-1,0.E0,1.E-1));
#6838=VERTEX_POINT('',#6836);
#6839=VERTEX_POINT('',#6837);
#6840=CARTESIAN_POINT('',(-1.E0,0.E0,-1.E-1));
#6841=CARTESIAN_POINT('',(-7.49E-1,0.E0,-1.E-1));
#6842=VERTEX_POINT('',#6840);
#6843=VERTEX_POINT('',#6841);
#6844=CARTESIAN_POINT('',(-1.E0,0.E0,5.E-1));
#6845=CARTESIAN_POINT('',(-7.49E-1,0.E0,5.E-1));
#6846=VERTEX_POINT('',#6844);
#6847=VERTEX_POINT('',#6845);
#6848=CARTESIAN_POINT('',(-1.E0,0.E0,3.E-1));
#6849=CARTESIAN_POINT('',(-7.49E-1,0.E0,3.E-1));
#6850=VERTEX_POINT('',#6848);
#6851=VERTEX_POINT('',#6849);
#6852=CARTESIAN_POINT('',(1.E0,0.E0,-1.1E0));
#6853=CARTESIAN_POINT('',(8.7E-1,0.E0,-1.1E0));
#6854=VERTEX_POINT('',#6852);
#6855=VERTEX_POINT('',#6853);
#6856=CARTESIAN_POINT('',(1.E0,0.E0,-1.3E0));
#6857=CARTESIAN_POINT('',(7.49E-1,0.E0,-1.3E0));
#6858=VERTEX_POINT('',#6856);
#6859=VERTEX_POINT('',#6857);
#6860=CARTESIAN_POINT('',(1.E0,0.E0,-7.E-1));
#6861=CARTESIAN_POINT('',(7.49E-1,0.E0,-7.E-1));
#6862=VERTEX_POINT('',#6860);
#6863=VERTEX_POINT('',#6861);
#6864=CARTESIAN_POINT('',(1.E0,0.E0,-9.E-1));
#6865=CARTESIAN_POINT('',(8.7E-1,0.E0,-9.E-1));
#6866=VERTEX_POINT('',#6864);
#6867=VERTEX_POINT('',#6865);
#6868=CARTESIAN_POINT('',(1.E0,0.E0,-3.E-1));
#6869=CARTESIAN_POINT('',(7.49E-1,0.E0,-3.E-1));
#6870=VERTEX_POINT('',#6868);
#6871=VERTEX_POINT('',#6869);
#6872=CARTESIAN_POINT('',(1.E0,0.E0,-5.E-1));
#6873=CARTESIAN_POINT('',(7.49E-1,0.E0,-5.E-1));
#6874=VERTEX_POINT('',#6872);
#6875=VERTEX_POINT('',#6873);
#6876=CARTESIAN_POINT('',(1.E0,0.E0,1.E-1));
#6877=CARTESIAN_POINT('',(7.49E-1,0.E0,1.E-1));
#6878=VERTEX_POINT('',#6876);
#6879=VERTEX_POINT('',#6877);
#6880=CARTESIAN_POINT('',(1.E0,0.E0,-1.E-1));
#6881=CARTESIAN_POINT('',(7.49E-1,0.E0,-1.E-1));
#6882=VERTEX_POINT('',#6880);
#6883=VERTEX_POINT('',#6881);
#6884=CARTESIAN_POINT('',(1.E0,0.E0,5.E-1));
#6885=CARTESIAN_POINT('',(7.49E-1,0.E0,5.E-1));
#6886=VERTEX_POINT('',#6884);
#6887=VERTEX_POINT('',#6885);
#6888=CARTESIAN_POINT('',(1.E0,0.E0,3.E-1));
#6889=CARTESIAN_POINT('',(7.49E-1,0.E0,3.E-1));
#6890=VERTEX_POINT('',#6888);
#6891=VERTEX_POINT('',#6889);
#6892=CARTESIAN_POINT('',(-4.5E-1,0.E0,-1.25E0));
#6893=CARTESIAN_POINT('',(-4.5E-1,0.E0,1.25E0));
#6894=VERTEX_POINT('',#6892);
#6895=VERTEX_POINT('',#6893);
#6896=CARTESIAN_POINT('',(4.5E-1,0.E0,1.25E0));
#6897=VERTEX_POINT('',#6896);
#6898=CARTESIAN_POINT('',(4.5E-1,0.E0,-1.25E0));
#6899=VERTEX_POINT('',#6898);
#6900=CARTESIAN_POINT('',(-1.E0,1.75E-1,1.3E0));
#6901=CARTESIAN_POINT('',(-1.E0,1.75E-1,1.1E0));
#6902=VERTEX_POINT('',#6900);
#6903=VERTEX_POINT('',#6901);
#6904=CARTESIAN_POINT('',(-1.E0,1.75E-1,-1.1E0));
#6905=VERTEX_POINT('',#6904);
#6906=CARTESIAN_POINT('',(-1.E0,1.75E-1,-1.3E0));
#6907=VERTEX_POINT('',#6906);
#6908=CARTESIAN_POINT('',(-1.E0,1.75E-1,-7.E-1));
#6909=VERTEX_POINT('',#6908);
#6910=CARTESIAN_POINT('',(-1.E0,1.75E-1,-9.E-1));
#6911=VERTEX_POINT('',#6910);
#6912=CARTESIAN_POINT('',(-1.E0,1.75E-1,-3.E-1));
#6913=CARTESIAN_POINT('',(-1.E0,1.75E-1,-5.E-1));
#6914=VERTEX_POINT('',#6912);
#6915=VERTEX_POINT('',#6913);
#6916=CARTESIAN_POINT('',(-1.E0,1.75E-1,1.E-1));
#6917=CARTESIAN_POINT('',(-1.E0,1.75E-1,-1.E-1));
#6918=VERTEX_POINT('',#6916);
#6919=VERTEX_POINT('',#6917);
#6920=CARTESIAN_POINT('',(-1.E0,1.75E-1,5.E-1));
#6921=CARTESIAN_POINT('',(-1.E0,1.75E-1,3.E-1));
#6922=VERTEX_POINT('',#6920);
#6923=VERTEX_POINT('',#6921);
#6924=CARTESIAN_POINT('',(1.E0,1.75E-1,-1.1E0));
#6925=VERTEX_POINT('',#6924);
#6926=CARTESIAN_POINT('',(1.E0,1.75E-1,-1.3E0));
#6927=VERTEX_POINT('',#6926);
#6928=CARTESIAN_POINT('',(1.E0,1.75E-1,-7.E-1));
#6929=VERTEX_POINT('',#6928);
#6930=CARTESIAN_POINT('',(1.E0,1.75E-1,-9.E-1));
#6931=VERTEX_POINT('',#6930);
#6932=CARTESIAN_POINT('',(1.E0,1.75E-1,-3.E-1));
#6933=CARTESIAN_POINT('',(1.E0,1.75E-1,-5.E-1));
#6934=VERTEX_POINT('',#6932);
#6935=VERTEX_POINT('',#6933);
#6936=CARTESIAN_POINT('',(1.E0,1.75E-1,1.E-1));
#6937=CARTESIAN_POINT('',(1.E0,1.75E-1,-1.E-1));
#6938=VERTEX_POINT('',#6936);
#6939=VERTEX_POINT('',#6937);
#6940=CARTESIAN_POINT('',(1.E0,1.75E-1,5.E-1));
#6941=CARTESIAN_POINT('',(1.E0,1.75E-1,3.E-1));
#6942=VERTEX_POINT('',#6940);
#6943=VERTEX_POINT('',#6941);
#6944=CARTESIAN_POINT('',(-1.E0,0.E0,7.E-1));
#6945=VERTEX_POINT('',#6944);
#6946=CARTESIAN_POINT('',(1.E0,0.E0,1.3E0));
#6947=VERTEX_POINT('',#6946);
#6948=CARTESIAN_POINT('',(1.E0,0.E0,1.1E0));
#6949=CARTESIAN_POINT('',(1.E0,0.E0,9.E-1));
#6950=VERTEX_POINT('',#6948);
#6951=VERTEX_POINT('',#6949);
#6952=CARTESIAN_POINT('',(1.E0,0.E0,7.E-1));
#6953=VERTEX_POINT('',#6952);
#6954=CARTESIAN_POINT('',(-6.5E-1,1.75E-1,-1.201E0));
#6955=CARTESIAN_POINT('',(-7.49E-1,1.75E-1,-1.3E0));
#6956=VERTEX_POINT('',#6954);
#6957=VERTEX_POINT('',#6955);
#6958=CARTESIAN_POINT('',(-7.49E-1,1.75E-1,-7.E-1));
#6959=CARTESIAN_POINT('',(-6.5E-1,1.75E-1,-7.99E-1));
#6960=VERTEX_POINT('',#6958);
#6961=VERTEX_POINT('',#6959);
#6962=CARTESIAN_POINT('',(-7.49E-1,1.75E-1,-3.E-1));
#6963=CARTESIAN_POINT('',(-6.5E-1,1.75E-1,-3.99E-1));
#6964=VERTEX_POINT('',#6962);
#6965=VERTEX_POINT('',#6963);
#6966=CARTESIAN_POINT('',(-6.5E-1,1.75E-1,-4.01E-1));
#6967=VERTEX_POINT('',#6966);
#6968=CARTESIAN_POINT('',(-7.49E-1,1.75E-1,-5.E-1));
#6969=VERTEX_POINT('',#6968);
#6970=CARTESIAN_POINT('',(-7.49E-1,1.75E-1,1.E-1));
#6971=CARTESIAN_POINT('',(-6.5E-1,1.75E-1,1.E-3));
#6972=VERTEX_POINT('',#6970);
#6973=VERTEX_POINT('',#6971);
#6974=CARTESIAN_POINT('',(-6.5E-1,1.75E-1,-1.E-3));
#6975=VERTEX_POINT('',#6974);
#6976=CARTESIAN_POINT('',(-7.49E-1,1.75E-1,-1.E-1));
#6977=VERTEX_POINT('',#6976);
#6978=CARTESIAN_POINT('',(-7.49E-1,1.75E-1,5.E-1));
#6979=CARTESIAN_POINT('',(-6.5E-1,1.75E-1,4.01E-1));
#6980=VERTEX_POINT('',#6978);
#6981=VERTEX_POINT('',#6979);
#6982=CARTESIAN_POINT('',(-6.5E-1,1.75E-1,3.99E-1));
#6983=VERTEX_POINT('',#6982);
#6984=CARTESIAN_POINT('',(-7.49E-1,1.75E-1,3.E-1));
#6985=VERTEX_POINT('',#6984);
#6986=CARTESIAN_POINT('',(6.5E-1,1.75E-1,-1.201E0));
#6987=CARTESIAN_POINT('',(7.49E-1,1.75E-1,-1.3E0));
#6988=VERTEX_POINT('',#6986);
#6989=VERTEX_POINT('',#6987);
#6990=CARTESIAN_POINT('',(7.49E-1,1.75E-1,-7.E-1));
#6991=CARTESIAN_POINT('',(6.5E-1,1.75E-1,-7.99E-1));
#6992=VERTEX_POINT('',#6990);
#6993=VERTEX_POINT('',#6991);
#6994=CARTESIAN_POINT('',(7.49E-1,1.75E-1,-3.E-1));
#6995=CARTESIAN_POINT('',(6.5E-1,1.75E-1,-3.99E-1));
#6996=VERTEX_POINT('',#6994);
#6997=VERTEX_POINT('',#6995);
#6998=CARTESIAN_POINT('',(6.5E-1,1.75E-1,-4.01E-1));
#6999=VERTEX_POINT('',#6998);
#7000=CARTESIAN_POINT('',(7.49E-1,1.75E-1,-5.E-1));
#7001=VERTEX_POINT('',#7000);
#7002=CARTESIAN_POINT('',(7.49E-1,1.75E-1,1.E-1));
#7003=CARTESIAN_POINT('',(6.5E-1,1.75E-1,1.E-3));
#7004=VERTEX_POINT('',#7002);
#7005=VERTEX_POINT('',#7003);
#7006=CARTESIAN_POINT('',(6.5E-1,1.75E-1,-1.E-3));
#7007=VERTEX_POINT('',#7006);
#7008=CARTESIAN_POINT('',(7.49E-1,1.75E-1,-1.E-1));
#7009=VERTEX_POINT('',#7008);
#7010=CARTESIAN_POINT('',(7.49E-1,1.75E-1,5.E-1));
#7011=CARTESIAN_POINT('',(6.5E-1,1.75E-1,4.01E-1));
#7012=VERTEX_POINT('',#7010);
#7013=VERTEX_POINT('',#7011);
#7014=CARTESIAN_POINT('',(6.5E-1,1.75E-1,3.99E-1));
#7015=VERTEX_POINT('',#7014);
#7016=CARTESIAN_POINT('',(7.49E-1,1.75E-1,3.E-1));
#7017=VERTEX_POINT('',#7016);
#7018=CARTESIAN_POINT('',(-6.5E-1,0.E0,-7.99E-1));
#7019=CARTESIAN_POINT('',(-6.5E-1,0.E0,-1.201E0));
#7020=VERTEX_POINT('',#7018);
#7021=VERTEX_POINT('',#7019);
#7022=CARTESIAN_POINT('',(-6.5E-1,0.E0,-3.99E-1));
#7023=VERTEX_POINT('',#7022);
#7024=CARTESIAN_POINT('',(-6.5E-1,0.E0,-4.01E-1));
#7025=VERTEX_POINT('',#7024);
#7026=CARTESIAN_POINT('',(-6.5E-1,0.E0,1.E-3));
#7027=VERTEX_POINT('',#7026);
#7028=CARTESIAN_POINT('',(-6.5E-1,0.E0,-1.E-3));
#7029=VERTEX_POINT('',#7028);
#7030=CARTESIAN_POINT('',(-6.5E-1,0.E0,4.01E-1));
#7031=VERTEX_POINT('',#7030);
#7032=CARTESIAN_POINT('',(-6.5E-1,0.E0,3.99E-1));
#7033=VERTEX_POINT('',#7032);
#7034=CARTESIAN_POINT('',(6.5E-1,0.E0,-7.99E-1));
#7035=CARTESIAN_POINT('',(6.5E-1,0.E0,-1.201E0));
#7036=VERTEX_POINT('',#7034);
#7037=VERTEX_POINT('',#7035);
#7038=CARTESIAN_POINT('',(6.5E-1,0.E0,-3.99E-1));
#7039=VERTEX_POINT('',#7038);
#7040=CARTESIAN_POINT('',(6.5E-1,0.E0,-4.01E-1));
#7041=VERTEX_POINT('',#7040);
#7042=CARTESIAN_POINT('',(6.5E-1,0.E0,1.E-3));
#7043=VERTEX_POINT('',#7042);
#7044=CARTESIAN_POINT('',(6.5E-1,0.E0,-1.E-3));
#7045=VERTEX_POINT('',#7044);
#7046=CARTESIAN_POINT('',(6.5E-1,0.E0,4.01E-1));
#7047=VERTEX_POINT('',#7046);
#7048=CARTESIAN_POINT('',(6.5E-1,0.E0,3.99E-1));
#7049=VERTEX_POINT('',#7048);
#7050=CARTESIAN_POINT('',(-6.5E-1,1.75E-1,7.99E-1));
#7051=CARTESIAN_POINT('',(-7.49E-1,1.75E-1,7.E-1));
#7052=VERTEX_POINT('',#7050);
#7053=VERTEX_POINT('',#7051);
#7054=CARTESIAN_POINT('',(-7.49E-1,1.75E-1,1.3E0));
#7055=CARTESIAN_POINT('',(-6.5E-1,1.75E-1,1.201E0));
#7056=VERTEX_POINT('',#7054);
#7057=VERTEX_POINT('',#7055);
#7058=CARTESIAN_POINT('',(6.5E-1,1.75E-1,7.99E-1));
#7059=CARTESIAN_POINT('',(7.49E-1,1.75E-1,7.E-1));
#7060=VERTEX_POINT('',#7058);
#7061=VERTEX_POINT('',#7059);
#7062=CARTESIAN_POINT('',(7.49E-1,1.75E-1,1.3E0));
#7063=CARTESIAN_POINT('',(6.5E-1,1.75E-1,1.201E0));
#7064=VERTEX_POINT('',#7062);
#7065=VERTEX_POINT('',#7063);
#7066=CARTESIAN_POINT('',(-1.E0,0.E0,9.E-1));
#7067=CARTESIAN_POINT('',(-8.7E-1,0.E0,9.E-1));
#7068=VERTEX_POINT('',#7066);
#7069=VERTEX_POINT('',#7067);
#7070=CARTESIAN_POINT('',(-6.5E-1,0.E0,1.201E0));
#7071=CARTESIAN_POINT('',(-6.5E-1,0.E0,7.99E-1));
#7072=VERTEX_POINT('',#7070);
#7073=VERTEX_POINT('',#7071);
#7074=CARTESIAN_POINT('',(-7.49E-1,0.E0,7.E-1));
#7075=VERTEX_POINT('',#7074);
#7076=CARTESIAN_POINT('',(-1.E0,0.E0,1.3E0));
#7077=CARTESIAN_POINT('',(-7.49E-1,0.E0,1.3E0));
#7078=VERTEX_POINT('',#7076);
#7079=VERTEX_POINT('',#7077);
#7080=CARTESIAN_POINT('',(-1.E0,0.E0,1.1E0));
#7081=CARTESIAN_POINT('',(-8.7E-1,0.E0,1.1E0));
#7082=VERTEX_POINT('',#7080);
#7083=VERTEX_POINT('',#7081);
#7084=CARTESIAN_POINT('',(8.7E-1,0.E0,9.E-1));
#7085=VERTEX_POINT('',#7084);
#7086=CARTESIAN_POINT('',(6.5E-1,0.E0,1.201E0));
#7087=CARTESIAN_POINT('',(6.5E-1,0.E0,7.99E-1));
#7088=VERTEX_POINT('',#7086);
#7089=VERTEX_POINT('',#7087);
#7090=CARTESIAN_POINT('',(7.49E-1,0.E0,7.E-1));
#7091=VERTEX_POINT('',#7090);
#7092=CARTESIAN_POINT('',(7.49E-1,0.E0,1.3E0));
#7093=VERTEX_POINT('',#7092);
#7094=CARTESIAN_POINT('',(8.7E-1,0.E0,1.1E0));
#7095=VERTEX_POINT('',#7094);
#7096=CARTESIAN_POINT('',(-1.E0,1.75E-1,9.E-1));
#7097=VERTEX_POINT('',#7096);
#7098=CARTESIAN_POINT('',(-1.E0,1.75E-1,7.E-1));
#7099=VERTEX_POINT('',#7098);
#7100=CARTESIAN_POINT('',(1.E0,1.75E-1,9.E-1));
#7101=VERTEX_POINT('',#7100);
#7102=CARTESIAN_POINT('',(1.E0,1.75E-1,7.E-1));
#7103=VERTEX_POINT('',#7102);
#7104=CARTESIAN_POINT('',(1.E0,1.75E-1,1.3E0));
#7105=VERTEX_POINT('',#7104);
#7106=CARTESIAN_POINT('',(1.E0,1.75E-1,1.1E0));
#7107=VERTEX_POINT('',#7106);
#7108=CARTESIAN_POINT('',(-4.5E-1,1.75E-1,-1.25E0));
#7109=VERTEX_POINT('',#7108);
#7110=CARTESIAN_POINT('',(-8.7E-1,1.75E-1,-1.1E0));
#7111=CARTESIAN_POINT('',(-8.7E-1,1.75E-1,-9.E-1));
#7112=VERTEX_POINT('',#7110);
#7113=VERTEX_POINT('',#7111);
#7114=CARTESIAN_POINT('',(8.7E-1,1.75E-1,-9.E-1));
#7115=CARTESIAN_POINT('',(8.7E-1,1.75E-1,-1.1E0));
#7116=VERTEX_POINT('',#7114);
#7117=VERTEX_POINT('',#7115);
#7118=CARTESIAN_POINT('',(-8.7E-1,1.75E-1,9.E-1));
#7119=CARTESIAN_POINT('',(-8.7E-1,1.75E-1,1.1E0));
#7120=VERTEX_POINT('',#7118);
#7121=VERTEX_POINT('',#7119);
#7122=CARTESIAN_POINT('',(8.7E-1,1.75E-1,1.1E0));
#7123=CARTESIAN_POINT('',(8.7E-1,1.75E-1,9.E-1));
#7124=VERTEX_POINT('',#7122);
#7125=VERTEX_POINT('',#7123);
#7126=CARTESIAN_POINT('',(-2.E-1,7.5E-2,1.4E0));
#7127=CARTESIAN_POINT('',(-3.5E-1,7.5E-2,1.4E0));
#7128=VERTEX_POINT('',#7126);
#7129=VERTEX_POINT('',#7127);
#7130=CARTESIAN_POINT('',(3.5E-1,7.5E-2,1.4E0));
#7131=CARTESIAN_POINT('',(2.E-1,7.5E-2,1.4E0));
#7132=VERTEX_POINT('',#7130);
#7133=VERTEX_POINT('',#7131);
#7134=CARTESIAN_POINT('',(-3.5E-1,7.5E-2,-1.4E0));
#7135=CARTESIAN_POINT('',(-2.E-1,7.5E-2,-1.4E0));
#7136=VERTEX_POINT('',#7134);
#7137=VERTEX_POINT('',#7135);
#7138=CARTESIAN_POINT('',(2.E-1,7.5E-2,-1.4E0));
#7139=CARTESIAN_POINT('',(3.5E-1,7.5E-2,-1.4E0));
#7140=VERTEX_POINT('',#7138);
#7141=VERTEX_POINT('',#7139);
#7142=CARTESIAN_POINT('',(-2.E-1,1.75E-1,1.4E0));
#7143=CARTESIAN_POINT('',(-3.5E-1,1.75E-1,1.4E0));
#7144=VERTEX_POINT('',#7142);
#7145=VERTEX_POINT('',#7143);
#7146=CARTESIAN_POINT('',(3.5E-1,1.75E-1,1.4E0));
#7147=CARTESIAN_POINT('',(2.E-1,1.75E-1,1.4E0));
#7148=VERTEX_POINT('',#7146);
#7149=VERTEX_POINT('',#7147);
#7150=CARTESIAN_POINT('',(-3.5E-1,1.75E-1,-1.4E0));
#7151=CARTESIAN_POINT('',(-2.E-1,1.75E-1,-1.4E0));
#7152=VERTEX_POINT('',#7150);
#7153=VERTEX_POINT('',#7151);
#7154=CARTESIAN_POINT('',(2.E-1,1.75E-1,-1.4E0));
#7155=CARTESIAN_POINT('',(3.5E-1,1.75E-1,-1.4E0));
#7156=VERTEX_POINT('',#7154);
#7157=VERTEX_POINT('',#7155);
#7158=CARTESIAN_POINT('',(-3.5E-1,7.5E-2,1.5E0));
#7159=CARTESIAN_POINT('',(-2.E-1,7.5E-2,1.5E0));
#7160=VERTEX_POINT('',#7158);
#7161=VERTEX_POINT('',#7159);
#7162=CARTESIAN_POINT('',(2.E-1,7.5E-2,1.5E0));
#7163=CARTESIAN_POINT('',(3.5E-1,7.5E-2,1.5E0));
#7164=VERTEX_POINT('',#7162);
#7165=VERTEX_POINT('',#7163);
#7166=CARTESIAN_POINT('',(-2.E-1,1.75E-1,1.5E0));
#7167=VERTEX_POINT('',#7166);
#7168=CARTESIAN_POINT('',(-3.5E-1,1.75E-1,1.5E0));
#7169=VERTEX_POINT('',#7168);
#7170=CARTESIAN_POINT('',(3.5E-1,1.75E-1,1.5E0));
#7171=VERTEX_POINT('',#7170);
#7172=CARTESIAN_POINT('',(2.E-1,1.75E-1,1.5E0));
#7173=VERTEX_POINT('',#7172);
#7174=CARTESIAN_POINT('',(-3.5E-1,7.5E-2,-1.5E0));
#7175=CARTESIAN_POINT('',(-2.E-1,7.5E-2,-1.5E0));
#7176=VERTEX_POINT('',#7174);
#7177=VERTEX_POINT('',#7175);
#7178=CARTESIAN_POINT('',(2.E-1,7.5E-2,-1.5E0));
#7179=CARTESIAN_POINT('',(3.5E-1,7.5E-2,-1.5E0));
#7180=VERTEX_POINT('',#7178);
#7181=VERTEX_POINT('',#7179);
#7182=CARTESIAN_POINT('',(-3.5E-1,1.75E-1,-1.5E0));
#7183=VERTEX_POINT('',#7182);
#7184=CARTESIAN_POINT('',(-2.E-1,1.75E-1,-1.5E0));
#7185=VERTEX_POINT('',#7184);
#7186=CARTESIAN_POINT('',(2.E-1,1.75E-1,-1.5E0));
#7187=VERTEX_POINT('',#7186);
#7188=CARTESIAN_POINT('',(3.5E-1,1.75E-1,-1.5E0));
#7189=VERTEX_POINT('',#7188);
#7190=CARTESIAN_POINT('',(0.E0,0.E0,0.E0));
#7191=DIRECTION('',(0.E0,1.E0,0.E0));
#7192=DIRECTION('',(1.E0,0.E0,0.E0));
#7193=AXIS2_PLACEMENT_3D('',#7190,#7191,#7192);
#7194=PLANE('',#7193);
#7196=ORIENTED_EDGE('',*,*,#7195,.F.);
#7198=ORIENTED_EDGE('',*,*,#7197,.T.);
#7200=ORIENTED_EDGE('',*,*,#7199,.T.);
#7202=ORIENTED_EDGE('',*,*,#7201,.F.);
#7203=EDGE_LOOP('',(#7196,#7198,#7200,#7202));
#7204=FACE_OUTER_BOUND('',#7203,.F.);
#7205=ADVANCED_FACE('',(#7204),#7194,.F.);
#7206=CARTESIAN_POINT('',(0.E0,0.E0,0.E0));
#7207=DIRECTION('',(0.E0,1.E0,0.E0));
#7208=DIRECTION('',(1.E0,0.E0,0.E0));
#7209=AXIS2_PLACEMENT_3D('',#7206,#7207,#7208);
#7210=PLANE('',#7209);
#7212=ORIENTED_EDGE('',*,*,#7211,.T.);
#7214=ORIENTED_EDGE('',*,*,#7213,.F.);
#7216=ORIENTED_EDGE('',*,*,#7215,.F.);
#7218=ORIENTED_EDGE('',*,*,#7217,.F.);
#7220=ORIENTED_EDGE('',*,*,#7219,.F.);
#7222=ORIENTED_EDGE('',*,*,#7221,.T.);
#7224=ORIENTED_EDGE('',*,*,#7223,.T.);
#7226=ORIENTED_EDGE('',*,*,#7225,.F.);
#7228=ORIENTED_EDGE('',*,*,#7227,.F.);
#7230=ORIENTED_EDGE('',*,*,#7229,.F.);
#7232=ORIENTED_EDGE('',*,*,#7231,.F.);
#7234=ORIENTED_EDGE('',*,*,#7233,.T.);
#7236=ORIENTED_EDGE('',*,*,#7235,.T.);
#7238=ORIENTED_EDGE('',*,*,#7237,.F.);
#7240=ORIENTED_EDGE('',*,*,#7239,.F.);
#7242=ORIENTED_EDGE('',*,*,#7241,.F.);
#7244=ORIENTED_EDGE('',*,*,#7243,.F.);
#7246=ORIENTED_EDGE('',*,*,#7245,.T.);
#7248=ORIENTED_EDGE('',*,*,#7247,.T.);
#7250=ORIENTED_EDGE('',*,*,#7249,.F.);
#7252=ORIENTED_EDGE('',*,*,#7251,.F.);
#7254=ORIENTED_EDGE('',*,*,#7253,.F.);
#7256=ORIENTED_EDGE('',*,*,#7255,.F.);
#7258=ORIENTED_EDGE('',*,*,#7257,.T.);
#7260=ORIENTED_EDGE('',*,*,#7259,.T.);
#7262=ORIENTED_EDGE('',*,*,#7261,.F.);
#7264=ORIENTED_EDGE('',*,*,#7263,.F.);
#7266=ORIENTED_EDGE('',*,*,#7265,.F.);
#7268=ORIENTED_EDGE('',*,*,#7267,.F.);
#7270=ORIENTED_EDGE('',*,*,#7269,.T.);
#7272=ORIENTED_EDGE('',*,*,#7271,.T.);
#7274=ORIENTED_EDGE('',*,*,#7273,.T.);
#7276=ORIENTED_EDGE('',*,*,#7275,.T.);
#7278=ORIENTED_EDGE('',*,*,#7277,.T.);
#7280=ORIENTED_EDGE('',*,*,#7279,.T.);
#7282=ORIENTED_EDGE('',*,*,#7281,.T.);
#7284=ORIENTED_EDGE('',*,*,#7283,.F.);
#7286=ORIENTED_EDGE('',*,*,#7285,.T.);
#7288=ORIENTED_EDGE('',*,*,#7287,.T.);
#7290=ORIENTED_EDGE('',*,*,#7289,.T.);
#7292=ORIENTED_EDGE('',*,*,#7291,.T.);
#7294=ORIENTED_EDGE('',*,*,#7293,.T.);
#7296=ORIENTED_EDGE('',*,*,#7295,.F.);
#7298=ORIENTED_EDGE('',*,*,#7297,.T.);
#7300=ORIENTED_EDGE('',*,*,#7299,.T.);
#7302=ORIENTED_EDGE('',*,*,#7301,.T.);
#7304=ORIENTED_EDGE('',*,*,#7303,.T.);
#7306=ORIENTED_EDGE('',*,*,#7305,.T.);
#7308=ORIENTED_EDGE('',*,*,#7307,.F.);
#7310=ORIENTED_EDGE('',*,*,#7309,.T.);
#7312=ORIENTED_EDGE('',*,*,#7311,.T.);
#7314=ORIENTED_EDGE('',*,*,#7313,.T.);
#7316=ORIENTED_EDGE('',*,*,#7315,.T.);
#7318=ORIENTED_EDGE('',*,*,#7317,.T.);
#7320=ORIENTED_EDGE('',*,*,#7319,.F.);
#7322=ORIENTED_EDGE('',*,*,#7321,.T.);
#7324=ORIENTED_EDGE('',*,*,#7323,.T.);
#7326=ORIENTED_EDGE('',*,*,#7325,.T.);
#7328=ORIENTED_EDGE('',*,*,#7327,.T.);
#7330=ORIENTED_EDGE('',*,*,#7329,.T.);
#7332=ORIENTED_EDGE('',*,*,#7331,.F.);
#7334=ORIENTED_EDGE('',*,*,#7333,.T.);
#7336=ORIENTED_EDGE('',*,*,#7335,.T.);
#7338=ORIENTED_EDGE('',*,*,#7337,.T.);
#7339=EDGE_LOOP('',(#7212,#7214,#7216,#7218,#7220,#7222,#7224,#7226,#7228,#7230,
#7232,#7234,#7236,#7238,#7240,#7242,#7244,#7246,#7248,#7250,#7252,#7254,#7256,
#7258,#7260,#7262,#7264,#7266,#7268,#7270,#7272,#7274,#7276,#7278,#7280,#7282,
#7284,#7286,#7288,#7290,#7292,#7294,#7296,#7298,#7300,#7302,#7304,#7306,#7308,
#7310,#7312,#7314,#7316,#7318,#7320,#7322,#7324,#7326,#7328,#7330,#7332,#7334,
#7336,#7338));
#7340=FACE_OUTER_BOUND('',#7339,.F.);
#7342=ORIENTED_EDGE('',*,*,#7341,.F.);
#7344=ORIENTED_EDGE('',*,*,#7343,.F.);
#7346=ORIENTED_EDGE('',*,*,#7345,.F.);
#7348=ORIENTED_EDGE('',*,*,#7347,.F.);
#7349=EDGE_LOOP('',(#7342,#7344,#7346,#7348));
#7350=FACE_BOUND('',#7349,.F.);
#7351=ADVANCED_FACE('',(#7340,#7350),#7210,.F.);
#7352=CARTESIAN_POINT('',(0.E0,0.E0,0.E0));
#7353=DIRECTION('',(0.E0,1.E0,0.E0));
#7354=DIRECTION('',(1.E0,0.E0,0.E0));
#7355=AXIS2_PLACEMENT_3D('',#7352,#7353,#7354);
#7356=PLANE('',#7355);
#7358=ORIENTED_EDGE('',*,*,#7357,.T.);
#7360=ORIENTED_EDGE('',*,*,#7359,.F.);
#7362=ORIENTED_EDGE('',*,*,#7361,.F.);
#7364=ORIENTED_EDGE('',*,*,#7363,.T.);
#7365=EDGE_LOOP('',(#7358,#7360,#7362,#7364));
#7366=FACE_OUTER_BOUND('',#7365,.F.);
#7367=ADVANCED_FACE('',(#7366),#7356,.F.);
#7368=CARTESIAN_POINT('',(0.E0,0.E0,0.E0));
#7369=DIRECTION('',(0.E0,1.E0,0.E0));
#7370=DIRECTION('',(1.E0,0.E0,0.E0));
#7371=AXIS2_PLACEMENT_3D('',#7368,#7369,#7370);
#7372=PLANE('',#7371);
#7374=ORIENTED_EDGE('',*,*,#7373,.T.);
#7376=ORIENTED_EDGE('',*,*,#7375,.T.);
#7378=ORIENTED_EDGE('',*,*,#7377,.F.);
#7380=ORIENTED_EDGE('',*,*,#7379,.F.);
#7381=EDGE_LOOP('',(#7374,#7376,#7378,#7380));
#7382=FACE_OUTER_BOUND('',#7381,.F.);
#7383=ADVANCED_FACE('',(#7382),#7372,.F.);
#7384=CARTESIAN_POINT('',(0.E0,0.E0,0.E0));
#7385=DIRECTION('',(0.E0,1.E0,0.E0));
#7386=DIRECTION('',(1.E0,0.E0,0.E0));
#7387=AXIS2_PLACEMENT_3D('',#7384,#7385,#7386);
#7388=PLANE('',#7387);
#7390=ORIENTED_EDGE('',*,*,#7389,.F.);
#7392=ORIENTED_EDGE('',*,*,#7391,.T.);
#7394=ORIENTED_EDGE('',*,*,#7393,.T.);
#7396=ORIENTED_EDGE('',*,*,#7395,.F.);
#7397=EDGE_LOOP('',(#7390,#7392,#7394,#7396));
#7398=FACE_OUTER_BOUND('',#7397,.F.);
#7399=ADVANCED_FACE('',(#7398),#7388,.F.);
#7400=CARTESIAN_POINT('',(-1.1E0,-2.5E-2,-1.1E0));
#7401=DIRECTION('',(0.E0,0.E0,1.E0));
#7402=DIRECTION('',(1.E0,0.E0,0.E0));
#7403=AXIS2_PLACEMENT_3D('',#7400,#7401,#7402);
#7404=PLANE('',#7403);
#7405=ORIENTED_EDGE('',*,*,#7195,.T.);
#7407=ORIENTED_EDGE('',*,*,#7406,.T.);
#7409=ORIENTED_EDGE('',*,*,#7408,.F.);
#7411=ORIENTED_EDGE('',*,*,#7410,.F.);
#7412=EDGE_LOOP('',(#7405,#7407,#7409,#7411));
#7413=FACE_OUTER_BOUND('',#7412,.F.);
#7414=ADVANCED_FACE('',(#7413),#7404,.F.);
#7415=CARTESIAN_POINT('',(-8.7E-1,-2.5E-2,-1.3E0));
#7416=DIRECTION('',(-1.E0,0.E0,0.E0));
#7417=DIRECTION('',(0.E0,0.E0,1.E0));
#7418=AXIS2_PLACEMENT_3D('',#7415,#7416,#7417);
#7419=PLANE('',#7418);
#7420=ORIENTED_EDGE('',*,*,#7201,.T.);
#7422=ORIENTED_EDGE('',*,*,#7421,.T.);
#7424=ORIENTED_EDGE('',*,*,#7423,.F.);
#7425=ORIENTED_EDGE('',*,*,#7406,.F.);
#7426=EDGE_LOOP('',(#7420,#7422,#7424,#7425));
#7427=FACE_OUTER_BOUND('',#7426,.F.);
#7428=ADVANCED_FACE('',(#7427),#7419,.F.);
#7429=CARTESIAN_POINT('',(-7.49E-1,-2.5E-2,-9.E-1));
#7430=DIRECTION('',(0.E0,0.E0,-1.E0));
#7431=DIRECTION('',(-1.E0,0.E0,0.E0));
#7432=AXIS2_PLACEMENT_3D('',#7429,#7430,#7431);
#7433=PLANE('',#7432);
#7434=ORIENTED_EDGE('',*,*,#7199,.F.);
#7436=ORIENTED_EDGE('',*,*,#7435,.T.);
#7438=ORIENTED_EDGE('',*,*,#7437,.F.);
#7439=ORIENTED_EDGE('',*,*,#7421,.F.);
#7440=EDGE_LOOP('',(#7434,#7436,#7438,#7439));
#7441=FACE_OUTER_BOUND('',#7440,.F.);
#7442=ADVANCED_FACE('',(#7441),#7433,.F.);
#7443=CARTESIAN_POINT('',(-1.E0,0.E0,-1.5E0));
#7444=DIRECTION('',(-1.E0,0.E0,0.E0));
#7445=DIRECTION('',(0.E0,0.E0,1.E0));
#7446=AXIS2_PLACEMENT_3D('',#7443,#7444,#7445);
#7447=PLANE('',#7446);
#7449=ORIENTED_EDGE('',*,*,#7448,.T.);
#7451=ORIENTED_EDGE('',*,*,#7450,.F.);
#7452=ORIENTED_EDGE('',*,*,#7391,.F.);
#7454=ORIENTED_EDGE('',*,*,#7453,.T.);
#7456=ORIENTED_EDGE('',*,*,#7455,.T.);
#7458=ORIENTED_EDGE('',*,*,#7457,.F.);
#7459=ORIENTED_EDGE('',*,*,#7257,.F.);
#7461=ORIENTED_EDGE('',*,*,#7460,.T.);
#7463=ORIENTED_EDGE('',*,*,#7462,.T.);
#7465=ORIENTED_EDGE('',*,*,#7464,.F.);
#7466=ORIENTED_EDGE('',*,*,#7245,.F.);
#7468=ORIENTED_EDGE('',*,*,#7467,.T.);
#7470=ORIENTED_EDGE('',*,*,#7469,.T.);
#7472=ORIENTED_EDGE('',*,*,#7471,.F.);
#7473=ORIENTED_EDGE('',*,*,#7233,.F.);
#7475=ORIENTED_EDGE('',*,*,#7474,.T.);
#7477=ORIENTED_EDGE('',*,*,#7476,.T.);
#7479=ORIENTED_EDGE('',*,*,#7478,.F.);
#7480=ORIENTED_EDGE('',*,*,#7221,.F.);
#7482=ORIENTED_EDGE('',*,*,#7481,.T.);
#7484=ORIENTED_EDGE('',*,*,#7483,.T.);
#7485=ORIENTED_EDGE('',*,*,#7435,.F.);
#7486=ORIENTED_EDGE('',*,*,#7197,.F.);
#7487=ORIENTED_EDGE('',*,*,#7410,.T.);
#7489=ORIENTED_EDGE('',*,*,#7488,.T.);
#7491=ORIENTED_EDGE('',*,*,#7490,.F.);
#7492=ORIENTED_EDGE('',*,*,#7337,.F.);
#7494=ORIENTED_EDGE('',*,*,#7493,.T.);
#7496=ORIENTED_EDGE('',*,*,#7495,.T.);
#7498=ORIENTED_EDGE('',*,*,#7497,.F.);
#7499=ORIENTED_EDGE('',*,*,#7269,.F.);
#7501=ORIENTED_EDGE('',*,*,#7500,.T.);
#7502=EDGE_LOOP('',(#7449,#7451,#7452,#7454,#7456,#7458,#7459,#7461,#7463,#7465,
#7466,#7468,#7470,#7472,#7473,#7475,#7477,#7479,#7480,#7482,#7484,#7485,#7486,
#7487,#7489,#7491,#7492,#7494,#7496,#7498,#7499,#7501));
#7503=FACE_OUTER_BOUND('',#7502,.F.);
#7504=ADVANCED_FACE('',(#7503),#7447,.T.);
#7505=CARTESIAN_POINT('',(0.E0,1.75E-1,0.E0));
#7506=DIRECTION('',(0.E0,1.E0,0.E0));
#7507=DIRECTION('',(1.E0,0.E0,0.E0));
#7508=AXIS2_PLACEMENT_3D('',#7505,#7506,#7507);
#7509=PLANE('',#7508);
#7510=ORIENTED_EDGE('',*,*,#7448,.F.);
#7512=ORIENTED_EDGE('',*,*,#7511,.T.);
#7514=ORIENTED_EDGE('',*,*,#7513,.T.);
#7516=ORIENTED_EDGE('',*,*,#7515,.F.);
#7518=ORIENTED_EDGE('',*,*,#7517,.T.);
#7520=ORIENTED_EDGE('',*,*,#7519,.T.);
#7521=ORIENTED_EDGE('',*,*,#7455,.F.);
#7523=ORIENTED_EDGE('',*,*,#7522,.T.);
#7525=ORIENTED_EDGE('',*,*,#7524,.T.);
#7527=ORIENTED_EDGE('',*,*,#7526,.T.);
#7528=EDGE_LOOP('',(#7510,#7512,#7514,#7516,#7518,#7520,#7521,#7523,#7525,
#7527));
#7529=FACE_OUTER_BOUND('',#7528,.F.);
#7530=ADVANCED_FACE('',(#7529),#7509,.F.);
#7531=CARTESIAN_POINT('',(0.E0,1.75E-1,0.E0));
#7532=DIRECTION('',(0.E0,1.E0,0.E0));
#7533=DIRECTION('',(1.E0,0.E0,0.E0));
#7534=AXIS2_PLACEMENT_3D('',#7531,#7532,#7533);
#7535=PLANE('',#7534);
#7537=ORIENTED_EDGE('',*,*,#7536,.T.);
#7538=ORIENTED_EDGE('',*,*,#7488,.F.);
#7539=ORIENTED_EDGE('',*,*,#7408,.T.);
#7540=ORIENTED_EDGE('',*,*,#7423,.T.);
#7541=ORIENTED_EDGE('',*,*,#7437,.T.);
#7542=ORIENTED_EDGE('',*,*,#7483,.F.);
#7544=ORIENTED_EDGE('',*,*,#7543,.T.);
#7546=ORIENTED_EDGE('',*,*,#7545,.T.);
#7548=ORIENTED_EDGE('',*,*,#7547,.F.);
#7550=ORIENTED_EDGE('',*,*,#7549,.T.);
#7551=EDGE_LOOP('',(#7537,#7538,#7539,#7540,#7541,#7542,#7544,#7546,#7548,
#7550));
#7552=FACE_OUTER_BOUND('',#7551,.F.);
#7553=ADVANCED_FACE('',(#7552),#7535,.F.);
#7554=CARTESIAN_POINT('',(0.E0,1.75E-1,0.E0));
#7555=DIRECTION('',(0.E0,1.E0,0.E0));
#7556=DIRECTION('',(1.E0,0.E0,0.E0));
#7557=AXIS2_PLACEMENT_3D('',#7554,#7555,#7556);
#7558=PLANE('',#7557);
#7560=ORIENTED_EDGE('',*,*,#7559,.F.);
#7562=ORIENTED_EDGE('',*,*,#7561,.F.);
#7564=ORIENTED_EDGE('',*,*,#7563,.F.);
#7566=ORIENTED_EDGE('',*,*,#7565,.F.);
#7568=ORIENTED_EDGE('',*,*,#7567,.F.);
#7570=ORIENTED_EDGE('',*,*,#7569,.T.);
#7572=ORIENTED_EDGE('',*,*,#7571,.F.);
#7574=ORIENTED_EDGE('',*,*,#7573,.T.);
#7576=ORIENTED_EDGE('',*,*,#7575,.F.);
#7578=ORIENTED_EDGE('',*,*,#7577,.T.);
#7579=EDGE_LOOP('',(#7560,#7562,#7564,#7566,#7568,#7570,#7572,#7574,#7576,
#7578));
#7580=FACE_OUTER_BOUND('',#7579,.F.);
#7581=ADVANCED_FACE('',(#7580),#7558,.F.);
#7582=CARTESIAN_POINT('',(0.E0,1.75E-1,0.E0));
#7583=DIRECTION('',(0.E0,1.E0,0.E0));
#7584=DIRECTION('',(1.E0,0.E0,0.E0));
#7585=AXIS2_PLACEMENT_3D('',#7582,#7583,#7584);
#7586=PLANE('',#7585);
#7588=ORIENTED_EDGE('',*,*,#7587,.F.);
#7590=ORIENTED_EDGE('',*,*,#7589,.F.);
#7592=ORIENTED_EDGE('',*,*,#7591,.F.);
#7594=ORIENTED_EDGE('',*,*,#7593,.F.);
#7596=ORIENTED_EDGE('',*,*,#7595,.F.);
#7598=ORIENTED_EDGE('',*,*,#7597,.T.);
#7600=ORIENTED_EDGE('',*,*,#7599,.F.);
#7602=ORIENTED_EDGE('',*,*,#7601,.T.);
#7604=ORIENTED_EDGE('',*,*,#7603,.F.);
#7606=ORIENTED_EDGE('',*,*,#7605,.T.);
#7607=EDGE_LOOP('',(#7588,#7590,#7592,#7594,#7596,#7598,#7600,#7602,#7604,
#7606));
#7608=FACE_OUTER_BOUND('',#7607,.F.);
#7609=ADVANCED_FACE('',(#7608),#7586,.F.);
#7610=CARTESIAN_POINT('',(-1.1E0,-2.5E-2,1.3E0));
#7611=DIRECTION('',(0.E0,0.E0,1.E0));
#7612=DIRECTION('',(1.E0,0.E0,0.E0));
#7613=AXIS2_PLACEMENT_3D('',#7610,#7611,#7612);
#7614=PLANE('',#7613);
#7615=ORIENTED_EDGE('',*,*,#7267,.T.);
#7617=ORIENTED_EDGE('',*,*,#7616,.T.);
#7618=ORIENTED_EDGE('',*,*,#7511,.F.);
#7619=ORIENTED_EDGE('',*,*,#7500,.F.);
#7620=EDGE_LOOP('',(#7615,#7617,#7618,#7619));
#7621=FACE_OUTER_BOUND('',#7620,.F.);
#7622=ADVANCED_FACE('',(#7621),#7614,.F.);
#7623=CARTESIAN_POINT('',(-7.49E-1,-2.5E-2,1.201E0));
#7624=DIRECTION('',(0.E0,1.E0,0.E0));
#7625=DIRECTION('',(1.E0,0.E0,0.E0));
#7626=AXIS2_PLACEMENT_3D('',#7623,#7624,#7625);
#7627=CYLINDRICAL_SURFACE('',#7626,9.9E-2);
#7628=ORIENTED_EDGE('',*,*,#7265,.T.);
#7630=ORIENTED_EDGE('',*,*,#7629,.T.);
#7631=ORIENTED_EDGE('',*,*,#7513,.F.);
#7632=ORIENTED_EDGE('',*,*,#7616,.F.);
#7633=EDGE_LOOP('',(#7628,#7630,#7631,#7632));
#7634=FACE_OUTER_BOUND('',#7633,.F.);
#7635=ADVANCED_FACE('',(#7634),#7627,.F.);
#7636=CARTESIAN_POINT('',(-6.5E-1,-2.5E-2,8.01E-1));
#7637=DIRECTION('',(1.E0,0.E0,0.E0));
#7638=DIRECTION('',(0.E0,0.E0,-1.E0));
#7639=AXIS2_PLACEMENT_3D('',#7636,#7637,#7638);
#7640=PLANE('',#7639);
#7641=ORIENTED_EDGE('',*,*,#7263,.T.);
#7643=ORIENTED_EDGE('',*,*,#7642,.T.);
#7644=ORIENTED_EDGE('',*,*,#7515,.T.);
#7645=ORIENTED_EDGE('',*,*,#7629,.F.);
#7646=EDGE_LOOP('',(#7641,#7643,#7644,#7645));
#7647=FACE_OUTER_BOUND('',#7646,.F.);
#7648=ADVANCED_FACE('',(#7647),#7640,.F.);
#7649=CARTESIAN_POINT('',(-7.49E-1,-2.5E-2,7.99E-1));
#7650=DIRECTION('',(0.E0,1.E0,0.E0));
#7651=DIRECTION('',(1.E0,0.E0,0.E0));
#7652=AXIS2_PLACEMENT_3D('',#7649,#7650,#7651);
#7653=CYLINDRICAL_SURFACE('',#7652,9.9E-2);
#7654=ORIENTED_EDGE('',*,*,#7261,.T.);
#7656=ORIENTED_EDGE('',*,*,#7655,.T.);
#7657=ORIENTED_EDGE('',*,*,#7517,.F.);
#7658=ORIENTED_EDGE('',*,*,#7642,.F.);
#7659=EDGE_LOOP('',(#7654,#7656,#7657,#7658));
#7660=FACE_OUTER_BOUND('',#7659,.F.);
#7661=ADVANCED_FACE('',(#7660),#7653,.F.);
#7662=CARTESIAN_POINT('',(-7.49E-1,-2.5E-2,7.E-1));
#7663=DIRECTION('',(0.E0,0.E0,-1.E0));
#7664=DIRECTION('',(-1.E0,0.E0,0.E0));
#7665=AXIS2_PLACEMENT_3D('',#7662,#7663,#7664);
#7666=PLANE('',#7665);
#7667=ORIENTED_EDGE('',*,*,#7259,.F.);
#7668=ORIENTED_EDGE('',*,*,#7457,.T.);
#7669=ORIENTED_EDGE('',*,*,#7519,.F.);
#7670=ORIENTED_EDGE('',*,*,#7655,.F.);
#7671=EDGE_LOOP('',(#7667,#7668,#7669,#7670));
#7672=FACE_OUTER_BOUND('',#7671,.F.);
#7673=ADVANCED_FACE('',(#7672),#7666,.F.);
#7674=CARTESIAN_POINT('',(-1.1E0,-2.5E-2,9.E-1));
#7675=DIRECTION('',(0.E0,0.E0,1.E0));
#7676=DIRECTION('',(1.E0,0.E0,0.E0));
#7677=AXIS2_PLACEMENT_3D('',#7674,#7675,#7676);
#7678=PLANE('',#7677);
#7679=ORIENTED_EDGE('',*,*,#7389,.T.);
#7681=ORIENTED_EDGE('',*,*,#7680,.T.);
#7682=ORIENTED_EDGE('',*,*,#7522,.F.);
#7683=ORIENTED_EDGE('',*,*,#7453,.F.);
#7684=EDGE_LOOP('',(#7679,#7681,#7682,#7683));
#7685=FACE_OUTER_BOUND('',#7684,.F.);
#7686=ADVANCED_FACE('',(#7685),#7678,.F.);
#7687=CARTESIAN_POINT('',(-8.7E-1,-2.5E-2,7.E-1));
#7688=DIRECTION('',(-1.E0,0.E0,0.E0));
#7689=DIRECTION('',(0.E0,0.E0,1.E0));
#7690=AXIS2_PLACEMENT_3D('',#7687,#7688,#7689);
#7691=PLANE('',#7690);
#7692=ORIENTED_EDGE('',*,*,#7395,.T.);
#7694=ORIENTED_EDGE('',*,*,#7693,.T.);
#7695=ORIENTED_EDGE('',*,*,#7524,.F.);
#7696=ORIENTED_EDGE('',*,*,#7680,.F.);
#7697=EDGE_LOOP('',(#7692,#7694,#7695,#7696));
#7698=FACE_OUTER_BOUND('',#7697,.F.);
#7699=ADVANCED_FACE('',(#7698),#7691,.F.);
#7700=CARTESIAN_POINT('',(-7.49E-1,-2.5E-2,1.1E0));
#7701=DIRECTION('',(0.E0,0.E0,-1.E0));
#7702=DIRECTION('',(-1.E0,0.E0,0.E0));
#7703=AXIS2_PLACEMENT_3D('',#7700,#7701,#7702);
#7704=PLANE('',#7703);
#7705=ORIENTED_EDGE('',*,*,#7393,.F.);
#7706=ORIENTED_EDGE('',*,*,#7450,.T.);
#7707=ORIENTED_EDGE('',*,*,#7526,.F.);
#7708=ORIENTED_EDGE('',*,*,#7693,.F.);
#7709=EDGE_LOOP('',(#7705,#7706,#7707,#7708));
#7710=FACE_OUTER_BOUND('',#7709,.F.);
#7711=ADVANCED_FACE('',(#7710),#7704,.F.);
#7712=CARTESIAN_POINT('',(-7.49E-1,-2.5E-2,-1.3E0));
#7713=DIRECTION('',(0.E0,0.E0,-1.E0));
#7714=DIRECTION('',(-1.E0,0.E0,0.E0));
#7715=AXIS2_PLACEMENT_3D('',#7712,#7713,#7714);
#7716=PLANE('',#7715);
#7717=ORIENTED_EDGE('',*,*,#7211,.F.);
#7718=ORIENTED_EDGE('',*,*,#7490,.T.);
#7719=ORIENTED_EDGE('',*,*,#7536,.F.);
#7721=ORIENTED_EDGE('',*,*,#7720,.F.);
#7722=EDGE_LOOP('',(#7717,#7718,#7719,#7721));
#7723=FACE_OUTER_BOUND('',#7722,.F.);
#7724=ADVANCED_FACE('',(#7723),#7716,.F.);
#7725=CARTESIAN_POINT('',(-7.49E-1,-2.5E-2,-1.201E0));
#7726=DIRECTION('',(0.E0,1.E0,0.E0));
#7727=DIRECTION('',(1.E0,0.E0,0.E0));
#7728=AXIS2_PLACEMENT_3D('',#7725,#7726,#7727);
#7729=CYLINDRICAL_SURFACE('',#7728,9.9E-2);
#7730=ORIENTED_EDGE('',*,*,#7213,.T.);
#7731=ORIENTED_EDGE('',*,*,#7720,.T.);
#7732=ORIENTED_EDGE('',*,*,#7549,.F.);
#7734=ORIENTED_EDGE('',*,*,#7733,.F.);
#7735=EDGE_LOOP('',(#7730,#7731,#7732,#7734));
#7736=FACE_OUTER_BOUND('',#7735,.F.);
#7737=ADVANCED_FACE('',(#7736),#7729,.F.);
#7738=CARTESIAN_POINT('',(-6.5E-1,-2.5E-2,-1.199E0));
#7739=DIRECTION('',(1.E0,0.E0,0.E0));
#7740=DIRECTION('',(0.E0,0.E0,-1.E0));
#7741=AXIS2_PLACEMENT_3D('',#7738,#7739,#7740);
#7742=PLANE('',#7741);
#7743=ORIENTED_EDGE('',*,*,#7215,.T.);
#7744=ORIENTED_EDGE('',*,*,#7733,.T.);
#7745=ORIENTED_EDGE('',*,*,#7547,.T.);
#7747=ORIENTED_EDGE('',*,*,#7746,.F.);
#7748=EDGE_LOOP('',(#7743,#7744,#7745,#7747));
#7749=FACE_OUTER_BOUND('',#7748,.F.);
#7750=ADVANCED_FACE('',(#7749),#7742,.F.);
#7751=CARTESIAN_POINT('',(-7.49E-1,-2.5E-2,-7.99E-1));
#7752=DIRECTION('',(0.E0,1.E0,0.E0));
#7753=DIRECTION('',(1.E0,0.E0,0.E0));
#7754=AXIS2_PLACEMENT_3D('',#7751,#7752,#7753);
#7755=CYLINDRICAL_SURFACE('',#7754,9.9E-2);
#7756=ORIENTED_EDGE('',*,*,#7217,.T.);
#7757=ORIENTED_EDGE('',*,*,#7746,.T.);
#7758=ORIENTED_EDGE('',*,*,#7545,.F.);
#7760=ORIENTED_EDGE('',*,*,#7759,.F.);
#7761=EDGE_LOOP('',(#7756,#7757,#7758,#7760));
#7762=FACE_OUTER_BOUND('',#7761,.F.);
#7763=ADVANCED_FACE('',(#7762),#7755,.F.);
#7764=CARTESIAN_POINT('',(-1.1E0,-2.5E-2,-7.E-1));
#7765=DIRECTION('',(0.E0,0.E0,1.E0));
#7766=DIRECTION('',(1.E0,0.E0,0.E0));
#7767=AXIS2_PLACEMENT_3D('',#7764,#7765,#7766);
#7768=PLANE('',#7767);
#7769=ORIENTED_EDGE('',*,*,#7219,.T.);
#7770=ORIENTED_EDGE('',*,*,#7759,.T.);
#7771=ORIENTED_EDGE('',*,*,#7543,.F.);
#7772=ORIENTED_EDGE('',*,*,#7481,.F.);
#7773=EDGE_LOOP('',(#7769,#7770,#7771,#7772));
#7774=FACE_OUTER_BOUND('',#7773,.F.);
#7775=ADVANCED_FACE('',(#7774),#7768,.F.);
#7776=CARTESIAN_POINT('',(7.49E-1,-2.5E-2,-1.3E0));
#7777=DIRECTION('',(0.E0,0.E0,1.E0));
#7778=DIRECTION('',(1.E0,0.E0,0.E0));
#7779=AXIS2_PLACEMENT_3D('',#7776,#7777,#7778);
#7780=PLANE('',#7779);
#7781=ORIENTED_EDGE('',*,*,#7331,.T.);
#7783=ORIENTED_EDGE('',*,*,#7782,.T.);
#7784=ORIENTED_EDGE('',*,*,#7559,.T.);
#7786=ORIENTED_EDGE('',*,*,#7785,.F.);
#7787=EDGE_LOOP('',(#7781,#7783,#7784,#7786));
#7788=FACE_OUTER_BOUND('',#7787,.F.);
#7789=ADVANCED_FACE('',(#7788),#7780,.T.);
#7790=CARTESIAN_POINT('',(7.49E-1,-2.5E-2,-1.201E0));
#7791=DIRECTION('',(0.E0,-1.E0,0.E0));
#7792=DIRECTION('',(-1.E0,0.E0,0.E0));
#7793=AXIS2_PLACEMENT_3D('',#7790,#7791,#7792);
#7794=CYLINDRICAL_SURFACE('',#7793,9.9E-2);
#7795=ORIENTED_EDGE('',*,*,#7329,.F.);
#7797=ORIENTED_EDGE('',*,*,#7796,.T.);
#7798=ORIENTED_EDGE('',*,*,#7561,.T.);
#7799=ORIENTED_EDGE('',*,*,#7782,.F.);
#7800=EDGE_LOOP('',(#7795,#7797,#7798,#7799));
#7801=FACE_OUTER_BOUND('',#7800,.F.);
#7802=ADVANCED_FACE('',(#7801),#7794,.F.);
#7803=CARTESIAN_POINT('',(6.5E-1,-2.5E-2,-1.199E0));
#7804=DIRECTION('',(1.E0,0.E0,0.E0));
#7805=DIRECTION('',(0.E0,0.E0,-1.E0));
#7806=AXIS2_PLACEMENT_3D('',#7803,#7804,#7805);
#7807=PLANE('',#7806);
#7808=ORIENTED_EDGE('',*,*,#7327,.F.);
#7810=ORIENTED_EDGE('',*,*,#7809,.T.);
#7811=ORIENTED_EDGE('',*,*,#7563,.T.);
#7812=ORIENTED_EDGE('',*,*,#7796,.F.);
#7813=EDGE_LOOP('',(#7808,#7810,#7811,#7812));
#7814=FACE_OUTER_BOUND('',#7813,.F.);
#7815=ADVANCED_FACE('',(#7814),#7807,.T.);
#7816=CARTESIAN_POINT('',(7.49E-1,-2.5E-2,-7.99E-1));
#7817=DIRECTION('',(0.E0,-1.E0,0.E0));
#7818=DIRECTION('',(-1.E0,0.E0,0.E0));
#7819=AXIS2_PLACEMENT_3D('',#7816,#7817,#7818);
#7820=CYLINDRICAL_SURFACE('',#7819,9.9E-2);
#7821=ORIENTED_EDGE('',*,*,#7325,.F.);
#7823=ORIENTED_EDGE('',*,*,#7822,.T.);
#7824=ORIENTED_EDGE('',*,*,#7565,.T.);
#7825=ORIENTED_EDGE('',*,*,#7809,.F.);
#7826=EDGE_LOOP('',(#7821,#7823,#7824,#7825));
#7827=FACE_OUTER_BOUND('',#7826,.F.);
#7828=ADVANCED_FACE('',(#7827),#7820,.F.);
#7829=CARTESIAN_POINT('',(1.1E0,-2.5E-2,-7.E-1));
#7830=DIRECTION('',(0.E0,0.E0,-1.E0));
#7831=DIRECTION('',(-1.E0,0.E0,0.E0));
#7832=AXIS2_PLACEMENT_3D('',#7829,#7830,#7831);
#7833=PLANE('',#7832);
#7834=ORIENTED_EDGE('',*,*,#7323,.F.);
#7836=ORIENTED_EDGE('',*,*,#7835,.T.);
#7837=ORIENTED_EDGE('',*,*,#7567,.T.);
#7838=ORIENTED_EDGE('',*,*,#7822,.F.);
#7839=EDGE_LOOP('',(#7834,#7836,#7837,#7838));
#7840=FACE_OUTER_BOUND('',#7839,.F.);
#7841=ADVANCED_FACE('',(#7840),#7833,.T.);
#7842=CARTESIAN_POINT('',(1.E0,0.E0,1.5E0));
#7843=DIRECTION('',(1.E0,0.E0,0.E0));
#7844=DIRECTION('',(0.E0,0.E0,-1.E0));
#7845=AXIS2_PLACEMENT_3D('',#7842,#7843,#7844);
#7846=PLANE('',#7845);
#7848=ORIENTED_EDGE('',*,*,#7847,.F.);
#7849=ORIENTED_EDGE('',*,*,#7363,.F.);
#7851=ORIENTED_EDGE('',*,*,#7850,.T.);
#7852=ORIENTED_EDGE('',*,*,#7569,.F.);
#7853=ORIENTED_EDGE('',*,*,#7835,.F.);
#7854=ORIENTED_EDGE('',*,*,#7321,.F.);
#7856=ORIENTED_EDGE('',*,*,#7855,.T.);
#7858=ORIENTED_EDGE('',*,*,#7857,.F.);
#7860=ORIENTED_EDGE('',*,*,#7859,.F.);
#7861=ORIENTED_EDGE('',*,*,#7309,.F.);
#7863=ORIENTED_EDGE('',*,*,#7862,.T.);
#7865=ORIENTED_EDGE('',*,*,#7864,.F.);
#7867=ORIENTED_EDGE('',*,*,#7866,.F.);
#7868=ORIENTED_EDGE('',*,*,#7297,.F.);
#7870=ORIENTED_EDGE('',*,*,#7869,.T.);
#7872=ORIENTED_EDGE('',*,*,#7871,.F.);
#7874=ORIENTED_EDGE('',*,*,#7873,.F.);
#7875=ORIENTED_EDGE('',*,*,#7285,.F.);
#7877=ORIENTED_EDGE('',*,*,#7876,.T.);
#7878=ORIENTED_EDGE('',*,*,#7605,.F.);
#7880=ORIENTED_EDGE('',*,*,#7879,.F.);
#7881=ORIENTED_EDGE('',*,*,#7373,.F.);
#7883=ORIENTED_EDGE('',*,*,#7882,.T.);
#7884=ORIENTED_EDGE('',*,*,#7597,.F.);
#7886=ORIENTED_EDGE('',*,*,#7885,.F.);
#7887=ORIENTED_EDGE('',*,*,#7273,.F.);
#7889=ORIENTED_EDGE('',*,*,#7888,.T.);
#7891=ORIENTED_EDGE('',*,*,#7890,.T.);
#7893=ORIENTED_EDGE('',*,*,#7892,.F.);
#7894=ORIENTED_EDGE('',*,*,#7333,.F.);
#7895=ORIENTED_EDGE('',*,*,#7785,.T.);
#7896=ORIENTED_EDGE('',*,*,#7577,.F.);
#7897=EDGE_LOOP('',(#7848,#7849,#7851,#7852,#7853,#7854,#7856,#7858,#7860,#7861,
#7863,#7865,#7867,#7868,#7870,#7872,#7874,#7875,#7877,#7878,#7880,#7881,#7883,
#7884,#7886,#7887,#7889,#7891,#7893,#7894,#7895,#7896));
#7898=FACE_OUTER_BOUND('',#7897,.F.);
#7899=ADVANCED_FACE('',(#7898),#7846,.T.);
#7900=CARTESIAN_POINT('',(1.1E0,-2.5E-2,-1.1E0));
#7901=DIRECTION('',(0.E0,0.E0,-1.E0));
#7902=DIRECTION('',(-1.E0,0.E0,0.E0));
#7903=AXIS2_PLACEMENT_3D('',#7900,#7901,#7902);
#7904=PLANE('',#7903);
#7905=ORIENTED_EDGE('',*,*,#7357,.F.);
#7906=ORIENTED_EDGE('',*,*,#7847,.T.);
#7907=ORIENTED_EDGE('',*,*,#7575,.T.);
#7909=ORIENTED_EDGE('',*,*,#7908,.F.);
#7910=EDGE_LOOP('',(#7905,#7906,#7907,#7909));
#7911=FACE_OUTER_BOUND('',#7910,.F.);
#7912=ADVANCED_FACE('',(#7911),#7904,.T.);
#7913=CARTESIAN_POINT('',(8.7E-1,-2.5E-2,-7.E-1));
#7914=DIRECTION('',(1.E0,0.E0,0.E0));
#7915=DIRECTION('',(0.E0,0.E0,-1.E0));
#7916=AXIS2_PLACEMENT_3D('',#7913,#7914,#7915);
#7917=PLANE('',#7916);
#7918=ORIENTED_EDGE('',*,*,#7359,.T.);
#7919=ORIENTED_EDGE('',*,*,#7908,.T.);
#7920=ORIENTED_EDGE('',*,*,#7573,.F.);
#7922=ORIENTED_EDGE('',*,*,#7921,.F.);
#7923=EDGE_LOOP('',(#7918,#7919,#7920,#7922));
#7924=FACE_OUTER_BOUND('',#7923,.F.);
#7925=ADVANCED_FACE('',(#7924),#7917,.F.);
#7926=CARTESIAN_POINT('',(7.49E-1,-2.5E-2,-9.E-1));
#7927=DIRECTION('',(0.E0,0.E0,1.E0));
#7928=DIRECTION('',(1.E0,0.E0,0.E0));
#7929=AXIS2_PLACEMENT_3D('',#7926,#7927,#7928);
#7930=PLANE('',#7929);
#7931=ORIENTED_EDGE('',*,*,#7361,.T.);
#7932=ORIENTED_EDGE('',*,*,#7921,.T.);
#7933=ORIENTED_EDGE('',*,*,#7571,.T.);
#7934=ORIENTED_EDGE('',*,*,#7850,.F.);
#7935=EDGE_LOOP('',(#7931,#7932,#7933,#7934));
#7936=FACE_OUTER_BOUND('',#7935,.F.);
#7937=ADVANCED_FACE('',(#7936),#7930,.T.);
#7938=CARTESIAN_POINT('',(7.49E-1,-2.5E-2,-5.E-1));
#7939=DIRECTION('',(0.E0,0.E0,1.E0));
#7940=DIRECTION('',(1.E0,0.E0,0.E0));
#7941=AXIS2_PLACEMENT_3D('',#7938,#7939,#7940);
#7942=PLANE('',#7941);
#7943=ORIENTED_EDGE('',*,*,#7319,.T.);
#7945=ORIENTED_EDGE('',*,*,#7944,.T.);
#7947=ORIENTED_EDGE('',*,*,#7946,.T.);
#7948=ORIENTED_EDGE('',*,*,#7855,.F.);
#7949=EDGE_LOOP('',(#7943,#7945,#7947,#7948));
#7950=FACE_OUTER_BOUND('',#7949,.F.);
#7951=ADVANCED_FACE('',(#7950),#7942,.T.);
#7952=CARTESIAN_POINT('',(7.49E-1,-2.5E-2,-4.01E-1));
#7953=DIRECTION('',(0.E0,-1.E0,0.E0));
#7954=DIRECTION('',(-1.E0,0.E0,0.E0));
#7955=AXIS2_PLACEMENT_3D('',#7952,#7953,#7954);
#7956=CYLINDRICAL_SURFACE('',#7955,9.9E-2);
#7957=ORIENTED_EDGE('',*,*,#7317,.F.);
#7959=ORIENTED_EDGE('',*,*,#7958,.T.);
#7961=ORIENTED_EDGE('',*,*,#7960,.T.);
#7962=ORIENTED_EDGE('',*,*,#7944,.F.);
#7963=EDGE_LOOP('',(#7957,#7959,#7961,#7962));
#7964=FACE_OUTER_BOUND('',#7963,.F.);
#7965=ADVANCED_FACE('',(#7964),#7956,.F.);
#7966=CARTESIAN_POINT('',(6.5E-1,-2.5E-2,-3.99E-1));
#7967=DIRECTION('',(1.E0,0.E0,0.E0));
#7968=DIRECTION('',(0.E0,0.E0,-1.E0));
#7969=AXIS2_PLACEMENT_3D('',#7966,#7967,#7968);
#7970=PLANE('',#7969);
#7971=ORIENTED_EDGE('',*,*,#7315,.F.);
#7973=ORIENTED_EDGE('',*,*,#7972,.T.);
#7975=ORIENTED_EDGE('',*,*,#7974,.T.);
#7976=ORIENTED_EDGE('',*,*,#7958,.F.);
#7977=EDGE_LOOP('',(#7971,#7973,#7975,#7976));
#7978=FACE_OUTER_BOUND('',#7977,.F.);
#7979=ADVANCED_FACE('',(#7978),#7970,.T.);
#7980=CARTESIAN_POINT('',(7.49E-1,-2.5E-2,-3.99E-1));
#7981=DIRECTION('',(0.E0,-1.E0,0.E0));
#7982=DIRECTION('',(-1.E0,0.E0,0.E0));
#7983=AXIS2_PLACEMENT_3D('',#7980,#7981,#7982);
#7984=CYLINDRICAL_SURFACE('',#7983,9.9E-2);
#7985=ORIENTED_EDGE('',*,*,#7313,.F.);
#7987=ORIENTED_EDGE('',*,*,#7986,.T.);
#7989=ORIENTED_EDGE('',*,*,#7988,.T.);
#7990=ORIENTED_EDGE('',*,*,#7972,.F.);
#7991=EDGE_LOOP('',(#7985,#7987,#7989,#7990));
#7992=FACE_OUTER_BOUND('',#7991,.F.);
#7993=ADVANCED_FACE('',(#7992),#7984,.F.);
#7994=CARTESIAN_POINT('',(1.1E0,-2.5E-2,-3.E-1));
#7995=DIRECTION('',(0.E0,0.E0,-1.E0));
#7996=DIRECTION('',(-1.E0,0.E0,0.E0));
#7997=AXIS2_PLACEMENT_3D('',#7994,#7995,#7996);
#7998=PLANE('',#7997);
#7999=ORIENTED_EDGE('',*,*,#7311,.F.);
#8000=ORIENTED_EDGE('',*,*,#7859,.T.);
#8002=ORIENTED_EDGE('',*,*,#8001,.T.);
#8003=ORIENTED_EDGE('',*,*,#7986,.F.);
#8004=EDGE_LOOP('',(#7999,#8000,#8002,#8003));
#8005=FACE_OUTER_BOUND('',#8004,.F.);
#8006=ADVANCED_FACE('',(#8005),#7998,.T.);
#8007=CARTESIAN_POINT('',(0.E0,1.75E-1,0.E0));
#8008=DIRECTION('',(0.E0,-1.E0,0.E0));
#8009=DIRECTION('',(-1.E0,0.E0,0.E0));
#8010=AXIS2_PLACEMENT_3D('',#8007,#8008,#8009);
#8011=PLANE('',#8010);
#8012=ORIENTED_EDGE('',*,*,#7857,.T.);
#8013=ORIENTED_EDGE('',*,*,#7946,.F.);
#8014=ORIENTED_EDGE('',*,*,#7960,.F.);
#8015=ORIENTED_EDGE('',*,*,#7974,.F.);
#8016=ORIENTED_EDGE('',*,*,#7988,.F.);
#8017=ORIENTED_EDGE('',*,*,#8001,.F.);
#8018=EDGE_LOOP('',(#8012,#8013,#8014,#8015,#8016,#8017));
#8019=FACE_OUTER_BOUND('',#8018,.F.);
#8020=ADVANCED_FACE('',(#8019),#8011,.T.);
#8021=CARTESIAN_POINT('',(7.49E-1,-2.5E-2,-1.E-1));
#8022=DIRECTION('',(0.E0,0.E0,1.E0));
#8023=DIRECTION('',(1.E0,0.E0,0.E0));
#8024=AXIS2_PLACEMENT_3D('',#8021,#8022,#8023);
#8025=PLANE('',#8024);
#8026=ORIENTED_EDGE('',*,*,#7307,.T.);
#8028=ORIENTED_EDGE('',*,*,#8027,.T.);
#8030=ORIENTED_EDGE('',*,*,#8029,.T.);
#8031=ORIENTED_EDGE('',*,*,#7862,.F.);
#8032=EDGE_LOOP('',(#8026,#8028,#8030,#8031));
#8033=FACE_OUTER_BOUND('',#8032,.F.);
#8034=ADVANCED_FACE('',(#8033),#8025,.T.);
#8035=CARTESIAN_POINT('',(7.49E-1,-2.5E-2,-1.E-3));
#8036=DIRECTION('',(0.E0,-1.E0,0.E0));
#8037=DIRECTION('',(-1.E0,0.E0,0.E0));
#8038=AXIS2_PLACEMENT_3D('',#8035,#8036,#8037);
#8039=CYLINDRICAL_SURFACE('',#8038,9.9E-2);
#8040=ORIENTED_EDGE('',*,*,#7305,.F.);
#8042=ORIENTED_EDGE('',*,*,#8041,.T.);
#8044=ORIENTED_EDGE('',*,*,#8043,.T.);
#8045=ORIENTED_EDGE('',*,*,#8027,.F.);
#8046=EDGE_LOOP('',(#8040,#8042,#8044,#8045));
#8047=FACE_OUTER_BOUND('',#8046,.F.);
#8048=ADVANCED_FACE('',(#8047),#8039,.F.);
#8049=CARTESIAN_POINT('',(6.5E-1,-2.5E-2,1.E-3));
#8050=DIRECTION('',(1.E0,0.E0,0.E0));
#8051=DIRECTION('',(0.E0,0.E0,-1.E0));
#8052=AXIS2_PLACEMENT_3D('',#8049,#8050,#8051);
#8053=PLANE('',#8052);
#8054=ORIENTED_EDGE('',*,*,#7303,.F.);
#8056=ORIENTED_EDGE('',*,*,#8055,.T.);
#8058=ORIENTED_EDGE('',*,*,#8057,.T.);
#8059=ORIENTED_EDGE('',*,*,#8041,.F.);
#8060=EDGE_LOOP('',(#8054,#8056,#8058,#8059));
#8061=FACE_OUTER_BOUND('',#8060,.F.);
#8062=ADVANCED_FACE('',(#8061),#8053,.T.);
#8063=CARTESIAN_POINT('',(7.49E-1,-2.5E-2,1.E-3));
#8064=DIRECTION('',(0.E0,-1.E0,0.E0));
#8065=DIRECTION('',(-1.E0,0.E0,0.E0));
#8066=AXIS2_PLACEMENT_3D('',#8063,#8064,#8065);
#8067=CYLINDRICAL_SURFACE('',#8066,9.9E-2);
#8068=ORIENTED_EDGE('',*,*,#7301,.F.);
#8070=ORIENTED_EDGE('',*,*,#8069,.T.);
#8072=ORIENTED_EDGE('',*,*,#8071,.T.);
#8073=ORIENTED_EDGE('',*,*,#8055,.F.);
#8074=EDGE_LOOP('',(#8068,#8070,#8072,#8073));
#8075=FACE_OUTER_BOUND('',#8074,.F.);
#8076=ADVANCED_FACE('',(#8075),#8067,.F.);
#8077=CARTESIAN_POINT('',(1.1E0,-2.5E-2,1.E-1));
#8078=DIRECTION('',(0.E0,0.E0,-1.E0));
#8079=DIRECTION('',(-1.E0,0.E0,0.E0));
#8080=AXIS2_PLACEMENT_3D('',#8077,#8078,#8079);
#8081=PLANE('',#8080);
#8082=ORIENTED_EDGE('',*,*,#7299,.F.);
#8083=ORIENTED_EDGE('',*,*,#7866,.T.);
#8085=ORIENTED_EDGE('',*,*,#8084,.T.);
#8086=ORIENTED_EDGE('',*,*,#8069,.F.);
#8087=EDGE_LOOP('',(#8082,#8083,#8085,#8086));
#8088=FACE_OUTER_BOUND('',#8087,.F.);
#8089=ADVANCED_FACE('',(#8088),#8081,.T.);
#8090=CARTESIAN_POINT('',(0.E0,1.75E-1,0.E0));
#8091=DIRECTION('',(0.E0,-1.E0,0.E0));
#8092=DIRECTION('',(-1.E0,0.E0,0.E0));
#8093=AXIS2_PLACEMENT_3D('',#8090,#8091,#8092);
#8094=PLANE('',#8093);
#8095=ORIENTED_EDGE('',*,*,#7864,.T.);
#8096=ORIENTED_EDGE('',*,*,#8029,.F.);
#8097=ORIENTED_EDGE('',*,*,#8043,.F.);
#8098=ORIENTED_EDGE('',*,*,#8057,.F.);
#8099=ORIENTED_EDGE('',*,*,#8071,.F.);
#8100=ORIENTED_EDGE('',*,*,#8084,.F.);
#8101=EDGE_LOOP('',(#8095,#8096,#8097,#8098,#8099,#8100));
#8102=FACE_OUTER_BOUND('',#8101,.F.);
#8103=ADVANCED_FACE('',(#8102),#8094,.T.);
#8104=CARTESIAN_POINT('',(7.49E-1,-2.5E-2,3.E-1));
#8105=DIRECTION('',(0.E0,0.E0,1.E0));
#8106=DIRECTION('',(1.E0,0.E0,0.E0));
#8107=AXIS2_PLACEMENT_3D('',#8104,#8105,#8106);
#8108=PLANE('',#8107);
#8109=ORIENTED_EDGE('',*,*,#7295,.T.);
#8111=ORIENTED_EDGE('',*,*,#8110,.T.);
#8113=ORIENTED_EDGE('',*,*,#8112,.T.);
#8114=ORIENTED_EDGE('',*,*,#7869,.F.);
#8115=EDGE_LOOP('',(#8109,#8111,#8113,#8114));
#8116=FACE_OUTER_BOUND('',#8115,.F.);
#8117=ADVANCED_FACE('',(#8116),#8108,.T.);
#8118=CARTESIAN_POINT('',(7.49E-1,-2.5E-2,3.99E-1));
#8119=DIRECTION('',(0.E0,-1.E0,0.E0));
#8120=DIRECTION('',(-1.E0,0.E0,0.E0));
#8121=AXIS2_PLACEMENT_3D('',#8118,#8119,#8120);
#8122=CYLINDRICAL_SURFACE('',#8121,9.9E-2);
#8123=ORIENTED_EDGE('',*,*,#7293,.F.);
#8125=ORIENTED_EDGE('',*,*,#8124,.T.);
#8127=ORIENTED_EDGE('',*,*,#8126,.T.);
#8128=ORIENTED_EDGE('',*,*,#8110,.F.);
#8129=EDGE_LOOP('',(#8123,#8125,#8127,#8128));
#8130=FACE_OUTER_BOUND('',#8129,.F.);
#8131=ADVANCED_FACE('',(#8130),#8122,.F.);
#8132=CARTESIAN_POINT('',(6.5E-1,-2.5E-2,4.01E-1));
#8133=DIRECTION('',(1.E0,0.E0,0.E0));
#8134=DIRECTION('',(0.E0,0.E0,-1.E0));
#8135=AXIS2_PLACEMENT_3D('',#8132,#8133,#8134);
#8136=PLANE('',#8135);
#8137=ORIENTED_EDGE('',*,*,#7291,.F.);
#8139=ORIENTED_EDGE('',*,*,#8138,.T.);
#8141=ORIENTED_EDGE('',*,*,#8140,.T.);
#8142=ORIENTED_EDGE('',*,*,#8124,.F.);
#8143=EDGE_LOOP('',(#8137,#8139,#8141,#8142));
#8144=FACE_OUTER_BOUND('',#8143,.F.);
#8145=ADVANCED_FACE('',(#8144),#8136,.T.);
#8146=CARTESIAN_POINT('',(7.49E-1,-2.5E-2,4.01E-1));
#8147=DIRECTION('',(0.E0,-1.E0,0.E0));
#8148=DIRECTION('',(-1.E0,0.E0,0.E0));
#8149=AXIS2_PLACEMENT_3D('',#8146,#8147,#8148);
#8150=CYLINDRICAL_SURFACE('',#8149,9.9E-2);
#8151=ORIENTED_EDGE('',*,*,#7289,.F.);
#8153=ORIENTED_EDGE('',*,*,#8152,.T.);
#8155=ORIENTED_EDGE('',*,*,#8154,.T.);
#8156=ORIENTED_EDGE('',*,*,#8138,.F.);
#8157=EDGE_LOOP('',(#8151,#8153,#8155,#8156));
#8158=FACE_OUTER_BOUND('',#8157,.F.);
#8159=ADVANCED_FACE('',(#8158),#8150,.F.);
#8160=CARTESIAN_POINT('',(1.1E0,-2.5E-2,5.E-1));
#8161=DIRECTION('',(0.E0,0.E0,-1.E0));
#8162=DIRECTION('',(-1.E0,0.E0,0.E0));
#8163=AXIS2_PLACEMENT_3D('',#8160,#8161,#8162);
#8164=PLANE('',#8163);
#8165=ORIENTED_EDGE('',*,*,#7287,.F.);
#8166=ORIENTED_EDGE('',*,*,#7873,.T.);
#8168=ORIENTED_EDGE('',*,*,#8167,.T.);
#8169=ORIENTED_EDGE('',*,*,#8152,.F.);
#8170=EDGE_LOOP('',(#8165,#8166,#8168,#8169));
#8171=FACE_OUTER_BOUND('',#8170,.F.);
#8172=ADVANCED_FACE('',(#8171),#8164,.T.);
#8173=CARTESIAN_POINT('',(0.E0,1.75E-1,0.E0));
#8174=DIRECTION('',(0.E0,-1.E0,0.E0));
#8175=DIRECTION('',(-1.E0,0.E0,0.E0));
#8176=AXIS2_PLACEMENT_3D('',#8173,#8174,#8175);
#8177=PLANE('',#8176);
#8178=ORIENTED_EDGE('',*,*,#7871,.T.);
#8179=ORIENTED_EDGE('',*,*,#8112,.F.);
#8180=ORIENTED_EDGE('',*,*,#8126,.F.);
#8181=ORIENTED_EDGE('',*,*,#8140,.F.);
#8182=ORIENTED_EDGE('',*,*,#8154,.F.);
#8183=ORIENTED_EDGE('',*,*,#8167,.F.);
#8184=EDGE_LOOP('',(#8178,#8179,#8180,#8181,#8182,#8183));
#8185=FACE_OUTER_BOUND('',#8184,.F.);
#8186=ADVANCED_FACE('',(#8185),#8177,.T.);
#8187=CARTESIAN_POINT('',(7.49E-1,-2.5E-2,7.E-1));
#8188=DIRECTION('',(0.E0,0.E0,1.E0));
#8189=DIRECTION('',(1.E0,0.E0,0.E0));
#8190=AXIS2_PLACEMENT_3D('',#8187,#8188,#8189);
#8191=PLANE('',#8190);
#8192=ORIENTED_EDGE('',*,*,#7283,.T.);
#8194=ORIENTED_EDGE('',*,*,#8193,.T.);
#8195=ORIENTED_EDGE('',*,*,#7587,.T.);
#8196=ORIENTED_EDGE('',*,*,#7876,.F.);
#8197=EDGE_LOOP('',(#8192,#8194,#8195,#8196));
#8198=FACE_OUTER_BOUND('',#8197,.F.);
#8199=ADVANCED_FACE('',(#8198),#8191,.T.);
#8200=CARTESIAN_POINT('',(7.49E-1,-2.5E-2,7.99E-1));
#8201=DIRECTION('',(0.E0,-1.E0,0.E0));
#8202=DIRECTION('',(-1.E0,0.E0,0.E0));
#8203=AXIS2_PLACEMENT_3D('',#8200,#8201,#8202);
#8204=CYLINDRICAL_SURFACE('',#8203,9.9E-2);
#8205=ORIENTED_EDGE('',*,*,#7281,.F.);
#8207=ORIENTED_EDGE('',*,*,#8206,.T.);
#8208=ORIENTED_EDGE('',*,*,#7589,.T.);
#8209=ORIENTED_EDGE('',*,*,#8193,.F.);
#8210=EDGE_LOOP('',(#8205,#8207,#8208,#8209));
#8211=FACE_OUTER_BOUND('',#8210,.F.);
#8212=ADVANCED_FACE('',(#8211),#8204,.F.);
#8213=CARTESIAN_POINT('',(6.5E-1,-2.5E-2,8.01E-1));
#8214=DIRECTION('',(1.E0,0.E0,0.E0));
#8215=DIRECTION('',(0.E0,0.E0,-1.E0));
#8216=AXIS2_PLACEMENT_3D('',#8213,#8214,#8215);
#8217=PLANE('',#8216);
#8218=ORIENTED_EDGE('',*,*,#7279,.F.);
#8220=ORIENTED_EDGE('',*,*,#8219,.T.);
#8221=ORIENTED_EDGE('',*,*,#7591,.T.);
#8222=ORIENTED_EDGE('',*,*,#8206,.F.);
#8223=EDGE_LOOP('',(#8218,#8220,#8221,#8222));
#8224=FACE_OUTER_BOUND('',#8223,.F.);
#8225=ADVANCED_FACE('',(#8224),#8217,.T.);
#8226=CARTESIAN_POINT('',(7.49E-1,-2.5E-2,1.201E0));
#8227=DIRECTION('',(0.E0,-1.E0,0.E0));
#8228=DIRECTION('',(-1.E0,0.E0,0.E0));
#8229=AXIS2_PLACEMENT_3D('',#8226,#8227,#8228);
#8230=CYLINDRICAL_SURFACE('',#8229,9.9E-2);
#8231=ORIENTED_EDGE('',*,*,#7277,.F.);
#8233=ORIENTED_EDGE('',*,*,#8232,.T.);
#8234=ORIENTED_EDGE('',*,*,#7593,.T.);
#8235=ORIENTED_EDGE('',*,*,#8219,.F.);
#8236=EDGE_LOOP('',(#8231,#8233,#8234,#8235));
#8237=FACE_OUTER_BOUND('',#8236,.F.);
#8238=ADVANCED_FACE('',(#8237),#8230,.F.);
#8239=CARTESIAN_POINT('',(1.1E0,-2.5E-2,1.3E0));
#8240=DIRECTION('',(0.E0,0.E0,-1.E0));
#8241=DIRECTION('',(-1.E0,0.E0,0.E0));
#8242=AXIS2_PLACEMENT_3D('',#8239,#8240,#8241);
#8243=PLANE('',#8242);
#8244=ORIENTED_EDGE('',*,*,#7275,.F.);
#8245=ORIENTED_EDGE('',*,*,#7885,.T.);
#8246=ORIENTED_EDGE('',*,*,#7595,.T.);
#8247=ORIENTED_EDGE('',*,*,#8232,.F.);
#8248=EDGE_LOOP('',(#8244,#8245,#8246,#8247));
#8249=FACE_OUTER_BOUND('',#8248,.F.);
#8250=ADVANCED_FACE('',(#8249),#8243,.T.);
#8251=CARTESIAN_POINT('',(1.1E0,-2.5E-2,9.E-1));
#8252=DIRECTION('',(0.E0,0.E0,-1.E0));
#8253=DIRECTION('',(-1.E0,0.E0,0.E0));
#8254=AXIS2_PLACEMENT_3D('',#8251,#8252,#8253);
#8255=PLANE('',#8254);
#8256=ORIENTED_EDGE('',*,*,#7375,.F.);
#8257=ORIENTED_EDGE('',*,*,#7879,.T.);
#8258=ORIENTED_EDGE('',*,*,#7603,.T.);
#8260=ORIENTED_EDGE('',*,*,#8259,.F.);
#8261=EDGE_LOOP('',(#8256,#8257,#8258,#8260));
#8262=FACE_OUTER_BOUND('',#8261,.F.);
#8263=ADVANCED_FACE('',(#8262),#8255,.T.);
#8264=CARTESIAN_POINT('',(8.7E-1,-2.5E-2,1.3E0));
#8265=DIRECTION('',(1.E0,0.E0,0.E0));
#8266=DIRECTION('',(0.E0,0.E0,-1.E0));
#8267=AXIS2_PLACEMENT_3D('',#8264,#8265,#8266);
#8268=PLANE('',#8267);
#8269=ORIENTED_EDGE('',*,*,#7377,.T.);
#8270=ORIENTED_EDGE('',*,*,#8259,.T.);
#8271=ORIENTED_EDGE('',*,*,#7601,.F.);
#8273=ORIENTED_EDGE('',*,*,#8272,.F.);
#8274=EDGE_LOOP('',(#8269,#8270,#8271,#8273));
#8275=FACE_OUTER_BOUND('',#8274,.F.);
#8276=ADVANCED_FACE('',(#8275),#8268,.F.);
#8277=CARTESIAN_POINT('',(7.49E-1,-2.5E-2,1.1E0));
#8278=DIRECTION('',(0.E0,0.E0,1.E0));
#8279=DIRECTION('',(1.E0,0.E0,0.E0));
#8280=AXIS2_PLACEMENT_3D('',#8277,#8278,#8279);
#8281=PLANE('',#8280);
#8282=ORIENTED_EDGE('',*,*,#7379,.T.);
#8283=ORIENTED_EDGE('',*,*,#8272,.T.);
#8284=ORIENTED_EDGE('',*,*,#7599,.T.);
#8285=ORIENTED_EDGE('',*,*,#7882,.F.);
#8286=EDGE_LOOP('',(#8282,#8283,#8284,#8285));
#8287=FACE_OUTER_BOUND('',#8286,.F.);
#8288=ADVANCED_FACE('',(#8287),#8281,.T.);
#8289=CARTESIAN_POINT('',(-1.E0,0.E0,1.5E0));
#8290=DIRECTION('',(0.E0,0.E0,1.E0));
#8291=DIRECTION('',(1.E0,0.E0,0.E0));
#8292=AXIS2_PLACEMENT_3D('',#8289,#8290,#8291);
#8293=PLANE('',#8292);
#8294=ORIENTED_EDGE('',*,*,#7271,.F.);
#8295=ORIENTED_EDGE('',*,*,#7497,.T.);
#8297=ORIENTED_EDGE('',*,*,#8296,.T.);
#8298=ORIENTED_EDGE('',*,*,#7888,.F.);
#8299=EDGE_LOOP('',(#8294,#8295,#8297,#8298));
#8300=FACE_OUTER_BOUND('',#8299,.F.);
#8302=ORIENTED_EDGE('',*,*,#8301,.T.);
#8304=ORIENTED_EDGE('',*,*,#8303,.T.);
#8306=ORIENTED_EDGE('',*,*,#8305,.F.);
#8308=ORIENTED_EDGE('',*,*,#8307,.F.);
#8309=EDGE_LOOP('',(#8302,#8304,#8306,#8308));
#8310=FACE_BOUND('',#8309,.F.);
#8312=ORIENTED_EDGE('',*,*,#8311,.T.);
#8314=ORIENTED_EDGE('',*,*,#8313,.T.);
#8316=ORIENTED_EDGE('',*,*,#8315,.F.);
#8318=ORIENTED_EDGE('',*,*,#8317,.F.);
#8319=EDGE_LOOP('',(#8312,#8314,#8316,#8318));
#8320=FACE_BOUND('',#8319,.F.);
#8321=ADVANCED_FACE('',(#8300,#8310,#8320),#8293,.T.);
#8322=CARTESIAN_POINT('',(0.E0,7.75E-1,0.E0));
#8323=DIRECTION('',(0.E0,1.E0,0.E0));
#8324=DIRECTION('',(1.E0,0.E0,0.E0));
#8325=AXIS2_PLACEMENT_3D('',#8322,#8323,#8324);
#8326=PLANE('',#8325);
#8327=ORIENTED_EDGE('',*,*,#7495,.F.);
#8329=ORIENTED_EDGE('',*,*,#8328,.F.);
#8330=ORIENTED_EDGE('',*,*,#7890,.F.);
#8331=ORIENTED_EDGE('',*,*,#8296,.F.);
#8332=EDGE_LOOP('',(#8327,#8329,#8330,#8331));
#8333=FACE_OUTER_BOUND('',#8332,.F.);
#8334=ADVANCED_FACE('',(#8333),#8326,.T.);
#8335=CARTESIAN_POINT('',(1.E0,0.E0,-1.5E0));
#8336=DIRECTION('',(0.E0,0.E0,-1.E0));
#8337=DIRECTION('',(-1.E0,0.E0,0.E0));
#8338=AXIS2_PLACEMENT_3D('',#8335,#8336,#8337);
#8339=PLANE('',#8338);
#8340=ORIENTED_EDGE('',*,*,#7335,.F.);
#8341=ORIENTED_EDGE('',*,*,#7892,.T.);
#8342=ORIENTED_EDGE('',*,*,#8328,.T.);
#8343=ORIENTED_EDGE('',*,*,#7493,.F.);
#8344=EDGE_LOOP('',(#8340,#8341,#8342,#8343));
#8345=FACE_OUTER_BOUND('',#8344,.F.);
#8347=ORIENTED_EDGE('',*,*,#8346,.F.);
#8349=ORIENTED_EDGE('',*,*,#8348,.T.);
#8351=ORIENTED_EDGE('',*,*,#8350,.T.);
#8353=ORIENTED_EDGE('',*,*,#8352,.F.);
#8354=EDGE_LOOP('',(#8347,#8349,#8351,#8353));
#8355=FACE_BOUND('',#8354,.F.);
#8357=ORIENTED_EDGE('',*,*,#8356,.F.);
#8359=ORIENTED_EDGE('',*,*,#8358,.T.);
#8361=ORIENTED_EDGE('',*,*,#8360,.T.);
#8363=ORIENTED_EDGE('',*,*,#8362,.F.);
#8364=EDGE_LOOP('',(#8357,#8359,#8361,#8363));
#8365=FACE_BOUND('',#8364,.F.);
#8366=ADVANCED_FACE('',(#8345,#8355,#8365),#8339,.T.);
#8367=CARTESIAN_POINT('',(0.E0,7.5E-2,0.E0));
#8368=DIRECTION('',(0.E0,1.E0,0.E0));
#8369=DIRECTION('',(1.E0,0.E0,0.E0));
#8370=AXIS2_PLACEMENT_3D('',#8367,#8368,#8369);
#8371=PLANE('',#8370);
#8372=ORIENTED_EDGE('',*,*,#8301,.F.);
#8374=ORIENTED_EDGE('',*,*,#8373,.F.);
#8376=ORIENTED_EDGE('',*,*,#8375,.F.);
#8378=ORIENTED_EDGE('',*,*,#8377,.F.);
#8379=EDGE_LOOP('',(#8372,#8374,#8376,#8378));
#8380=FACE_OUTER_BOUND('',#8379,.F.);
#8381=ADVANCED_FACE('',(#8380),#8371,.T.);
#8382=CARTESIAN_POINT('',(0.E0,7.5E-2,0.E0));
#8383=DIRECTION('',(0.E0,1.E0,0.E0));
#8384=DIRECTION('',(1.E0,0.E0,0.E0));
#8385=AXIS2_PLACEMENT_3D('',#8382,#8383,#8384);
#8386=PLANE('',#8385);
#8387=ORIENTED_EDGE('',*,*,#8311,.F.);
#8389=ORIENTED_EDGE('',*,*,#8388,.F.);
#8391=ORIENTED_EDGE('',*,*,#8390,.F.);
#8393=ORIENTED_EDGE('',*,*,#8392,.F.);
#8394=EDGE_LOOP('',(#8387,#8389,#8391,#8393));
#8395=FACE_OUTER_BOUND('',#8394,.F.);
#8396=ADVANCED_FACE('',(#8395),#8386,.T.);
#8397=CARTESIAN_POINT('',(0.E0,7.5E-2,0.E0));
#8398=DIRECTION('',(0.E0,1.E0,0.E0));
#8399=DIRECTION('',(1.E0,0.E0,0.E0));
#8400=AXIS2_PLACEMENT_3D('',#8397,#8398,#8399);
#8401=PLANE('',#8400);
#8402=ORIENTED_EDGE('',*,*,#8346,.T.);
#8404=ORIENTED_EDGE('',*,*,#8403,.F.);
#8406=ORIENTED_EDGE('',*,*,#8405,.F.);
#8408=ORIENTED_EDGE('',*,*,#8407,.F.);
#8409=EDGE_LOOP('',(#8402,#8404,#8406,#8408));
#8410=FACE_OUTER_BOUND('',#8409,.F.);
#8411=ADVANCED_FACE('',(#8410),#8401,.T.);
#8412=CARTESIAN_POINT('',(0.E0,7.5E-2,0.E0));
#8413=DIRECTION('',(0.E0,1.E0,0.E0));
#8414=DIRECTION('',(1.E0,0.E0,0.E0));
#8415=AXIS2_PLACEMENT_3D('',#8412,#8413,#8414);
#8416=PLANE('',#8415);
#8417=ORIENTED_EDGE('',*,*,#8356,.T.);
#8419=ORIENTED_EDGE('',*,*,#8418,.F.);
#8421=ORIENTED_EDGE('',*,*,#8420,.F.);
#8423=ORIENTED_EDGE('',*,*,#8422,.F.);
#8424=EDGE_LOOP('',(#8417,#8419,#8421,#8423));
#8425=FACE_OUTER_BOUND('',#8424,.F.);
#8426=ADVANCED_FACE('',(#8425),#8416,.T.);
#8427=CARTESIAN_POINT('',(-3.5E-1,7.5E-2,1.4E0));
#8428=DIRECTION('',(-1.E0,0.E0,0.E0));
#8429=DIRECTION('',(0.E0,0.E0,1.E0));
#8430=AXIS2_PLACEMENT_3D('',#8427,#8428,#8429);
#8431=PLANE('',#8430);
#8432=ORIENTED_EDGE('',*,*,#8307,.T.);
#8434=ORIENTED_EDGE('',*,*,#8433,.F.);
#8436=ORIENTED_EDGE('',*,*,#8435,.F.);
#8437=ORIENTED_EDGE('',*,*,#8373,.T.);
#8438=EDGE_LOOP('',(#8432,#8434,#8436,#8437));
#8439=FACE_OUTER_BOUND('',#8438,.F.);
#8440=ADVANCED_FACE('',(#8439),#8431,.F.);
#8441=CARTESIAN_POINT('',(0.E0,1.75E-1,0.E0));
#8442=DIRECTION('',(0.E0,1.E0,0.E0));
#8443=DIRECTION('',(1.E0,0.E0,0.E0));
#8444=AXIS2_PLACEMENT_3D('',#8441,#8442,#8443);
#8445=PLANE('',#8444);
#8446=ORIENTED_EDGE('',*,*,#8305,.T.);
#8448=ORIENTED_EDGE('',*,*,#8447,.T.);
#8450=ORIENTED_EDGE('',*,*,#8449,.T.);
#8451=ORIENTED_EDGE('',*,*,#8433,.T.);
#8452=EDGE_LOOP('',(#8446,#8448,#8450,#8451));
#8453=FACE_OUTER_BOUND('',#8452,.F.);
#8454=ADVANCED_FACE('',(#8453),#8445,.F.);
#8455=CARTESIAN_POINT('',(0.E0,1.75E-1,0.E0));
#8456=DIRECTION('',(0.E0,1.E0,0.E0));
#8457=DIRECTION('',(1.E0,0.E0,0.E0));
#8458=AXIS2_PLACEMENT_3D('',#8455,#8456,#8457);
#8459=PLANE('',#8458);
#8460=ORIENTED_EDGE('',*,*,#8315,.T.);
#8462=ORIENTED_EDGE('',*,*,#8461,.T.);
#8464=ORIENTED_EDGE('',*,*,#8463,.T.);
#8466=ORIENTED_EDGE('',*,*,#8465,.T.);
#8467=EDGE_LOOP('',(#8460,#8462,#8464,#8466));
#8468=FACE_OUTER_BOUND('',#8467,.F.);
#8469=ADVANCED_FACE('',(#8468),#8459,.F.);
#8470=CARTESIAN_POINT('',(0.E0,1.75E-1,0.E0));
#8471=DIRECTION('',(0.E0,1.E0,0.E0));
#8472=DIRECTION('',(1.E0,0.E0,0.E0));
#8473=AXIS2_PLACEMENT_3D('',#8470,#8471,#8472);
#8474=PLANE('',#8473);
#8475=ORIENTED_EDGE('',*,*,#8350,.F.);
#8477=ORIENTED_EDGE('',*,*,#8476,.T.);
#8479=ORIENTED_EDGE('',*,*,#8478,.T.);
#8481=ORIENTED_EDGE('',*,*,#8480,.T.);
#8482=EDGE_LOOP('',(#8475,#8477,#8479,#8481));
#8483=FACE_OUTER_BOUND('',#8482,.F.);
#8484=ADVANCED_FACE('',(#8483),#8474,.F.);
#8485=CARTESIAN_POINT('',(0.E0,1.75E-1,0.E0));
#8486=DIRECTION('',(0.E0,1.E0,0.E0));
#8487=DIRECTION('',(1.E0,0.E0,0.E0));
#8488=AXIS2_PLACEMENT_3D('',#8485,#8486,#8487);
#8489=PLANE('',#8488);
#8490=ORIENTED_EDGE('',*,*,#8360,.F.);
#8492=ORIENTED_EDGE('',*,*,#8491,.T.);
#8494=ORIENTED_EDGE('',*,*,#8493,.T.);
#8496=ORIENTED_EDGE('',*,*,#8495,.T.);
#8497=EDGE_LOOP('',(#8490,#8492,#8494,#8496));
#8498=FACE_OUTER_BOUND('',#8497,.F.);
#8499=ADVANCED_FACE('',(#8498),#8489,.F.);
#8500=CARTESIAN_POINT('',(-2.E-1,7.5E-2,1.6E0));
#8501=DIRECTION('',(1.E0,0.E0,0.E0));
#8502=DIRECTION('',(0.E0,0.E0,-1.E0));
#8503=AXIS2_PLACEMENT_3D('',#8500,#8501,#8502);
#8504=PLANE('',#8503);
#8505=ORIENTED_EDGE('',*,*,#8303,.F.);
#8506=ORIENTED_EDGE('',*,*,#8377,.T.);
#8508=ORIENTED_EDGE('',*,*,#8507,.T.);
#8509=ORIENTED_EDGE('',*,*,#8447,.F.);
#8510=EDGE_LOOP('',(#8505,#8506,#8508,#8509));
#8511=FACE_OUTER_BOUND('',#8510,.F.);
#8512=ADVANCED_FACE('',(#8511),#8504,.F.);
#8513=CARTESIAN_POINT('',(-2.E-1,7.5E-2,1.4E0));
#8514=DIRECTION('',(0.E0,0.E0,-1.E0));
#8515=DIRECTION('',(-1.E0,0.E0,0.E0));
#8516=AXIS2_PLACEMENT_3D('',#8513,#8514,#8515);
#8517=PLANE('',#8516);
#8518=ORIENTED_EDGE('',*,*,#8375,.T.);
#8519=ORIENTED_EDGE('',*,*,#8435,.T.);
#8520=ORIENTED_EDGE('',*,*,#8449,.F.);
#8521=ORIENTED_EDGE('',*,*,#8507,.F.);
#8522=EDGE_LOOP('',(#8518,#8519,#8520,#8521));
#8523=FACE_OUTER_BOUND('',#8522,.F.);
#8524=ADVANCED_FACE('',(#8523),#8517,.F.);
#8525=CARTESIAN_POINT('',(3.5E-1,7.5E-2,1.6E0));
#8526=DIRECTION('',(1.E0,0.E0,0.E0));
#8527=DIRECTION('',(0.E0,0.E0,-1.E0));
#8528=AXIS2_PLACEMENT_3D('',#8525,#8526,#8527);
#8529=PLANE('',#8528);
#8530=ORIENTED_EDGE('',*,*,#8313,.F.);
#8531=ORIENTED_EDGE('',*,*,#8392,.T.);
#8533=ORIENTED_EDGE('',*,*,#8532,.T.);
#8534=ORIENTED_EDGE('',*,*,#8461,.F.);
#8535=EDGE_LOOP('',(#8530,#8531,#8533,#8534));
#8536=FACE_OUTER_BOUND('',#8535,.F.);
#8537=ADVANCED_FACE('',(#8536),#8529,.F.);
#8538=CARTESIAN_POINT('',(3.5E-1,7.5E-2,1.4E0));
#8539=DIRECTION('',(0.E0,0.E0,-1.E0));
#8540=DIRECTION('',(-1.E0,0.E0,0.E0));
#8541=AXIS2_PLACEMENT_3D('',#8538,#8539,#8540);
#8542=PLANE('',#8541);
#8543=ORIENTED_EDGE('',*,*,#8390,.T.);
#8545=ORIENTED_EDGE('',*,*,#8544,.T.);
#8546=ORIENTED_EDGE('',*,*,#8463,.F.);
#8547=ORIENTED_EDGE('',*,*,#8532,.F.);
#8548=EDGE_LOOP('',(#8543,#8545,#8546,#8547));
#8549=FACE_OUTER_BOUND('',#8548,.F.);
#8550=ADVANCED_FACE('',(#8549),#8542,.F.);
#8551=CARTESIAN_POINT('',(2.E-1,7.5E-2,1.4E0));
#8552=DIRECTION('',(-1.E0,0.E0,0.E0));
#8553=DIRECTION('',(0.E0,0.E0,1.E0));
#8554=AXIS2_PLACEMENT_3D('',#8551,#8552,#8553);
#8555=PLANE('',#8554);
#8556=ORIENTED_EDGE('',*,*,#8317,.T.);
#8557=ORIENTED_EDGE('',*,*,#8465,.F.);
#8558=ORIENTED_EDGE('',*,*,#8544,.F.);
#8559=ORIENTED_EDGE('',*,*,#8388,.T.);
#8560=EDGE_LOOP('',(#8556,#8557,#8558,#8559));
#8561=FACE_OUTER_BOUND('',#8560,.F.);
#8562=ADVANCED_FACE('',(#8561),#8555,.F.);
#8563=CARTESIAN_POINT('',(-3.5E-1,7.5E-2,-1.6E0));
#8564=DIRECTION('',(-1.E0,0.E0,0.E0));
#8565=DIRECTION('',(0.E0,0.E0,1.E0));
#8566=AXIS2_PLACEMENT_3D('',#8563,#8564,#8565);
#8567=PLANE('',#8566);
#8568=ORIENTED_EDGE('',*,*,#8348,.F.);
#8569=ORIENTED_EDGE('',*,*,#8407,.T.);
#8571=ORIENTED_EDGE('',*,*,#8570,.T.);
#8572=ORIENTED_EDGE('',*,*,#8476,.F.);
#8573=EDGE_LOOP('',(#8568,#8569,#8571,#8572));
#8574=FACE_OUTER_BOUND('',#8573,.F.);
#8575=ADVANCED_FACE('',(#8574),#8567,.F.);
#8576=CARTESIAN_POINT('',(-3.5E-1,7.5E-2,-1.4E0));
#8577=DIRECTION('',(0.E0,0.E0,1.E0));
#8578=DIRECTION('',(1.E0,0.E0,0.E0));
#8579=AXIS2_PLACEMENT_3D('',#8576,#8577,#8578);
#8580=PLANE('',#8579);
#8581=ORIENTED_EDGE('',*,*,#8405,.T.);
#8583=ORIENTED_EDGE('',*,*,#8582,.T.);
#8584=ORIENTED_EDGE('',*,*,#8478,.F.);
#8585=ORIENTED_EDGE('',*,*,#8570,.F.);
#8586=EDGE_LOOP('',(#8581,#8583,#8584,#8585));
#8587=FACE_OUTER_BOUND('',#8586,.F.);
#8588=ADVANCED_FACE('',(#8587),#8580,.F.);
#8589=CARTESIAN_POINT('',(-2.E-1,7.5E-2,-1.4E0));
#8590=DIRECTION('',(1.E0,0.E0,0.E0));
#8591=DIRECTION('',(0.E0,0.E0,-1.E0));
#8592=AXIS2_PLACEMENT_3D('',#8589,#8590,#8591);
#8593=PLANE('',#8592);
#8594=ORIENTED_EDGE('',*,*,#8352,.T.);
#8595=ORIENTED_EDGE('',*,*,#8480,.F.);
#8596=ORIENTED_EDGE('',*,*,#8582,.F.);
#8597=ORIENTED_EDGE('',*,*,#8403,.T.);
#8598=EDGE_LOOP('',(#8594,#8595,#8596,#8597));
#8599=FACE_OUTER_BOUND('',#8598,.F.);
#8600=ADVANCED_FACE('',(#8599),#8593,.F.);
#8601=CARTESIAN_POINT('',(2.E-1,7.5E-2,-1.6E0));
#8602=DIRECTION('',(-1.E0,0.E0,0.E0));
#8603=DIRECTION('',(0.E0,0.E0,1.E0));
#8604=AXIS2_PLACEMENT_3D('',#8601,#8602,#8603);
#8605=PLANE('',#8604);
#8606=ORIENTED_EDGE('',*,*,#8358,.F.);
#8607=ORIENTED_EDGE('',*,*,#8422,.T.);
#8609=ORIENTED_EDGE('',*,*,#8608,.T.);
#8610=ORIENTED_EDGE('',*,*,#8491,.F.);
#8611=EDGE_LOOP('',(#8606,#8607,#8609,#8610));
#8612=FACE_OUTER_BOUND('',#8611,.F.);
#8613=ADVANCED_FACE('',(#8612),#8605,.F.);
#8614=CARTESIAN_POINT('',(2.E-1,7.5E-2,-1.4E0));
#8615=DIRECTION('',(0.E0,0.E0,1.E0));
#8616=DIRECTION('',(1.E0,0.E0,0.E0));
#8617=AXIS2_PLACEMENT_3D('',#8614,#8615,#8616);
#8618=PLANE('',#8617);
#8619=ORIENTED_EDGE('',*,*,#8420,.T.);
#8621=ORIENTED_EDGE('',*,*,#8620,.T.);
#8622=ORIENTED_EDGE('',*,*,#8493,.F.);
#8623=ORIENTED_EDGE('',*,*,#8608,.F.);
#8624=EDGE_LOOP('',(#8619,#8621,#8622,#8623));
#8625=FACE_OUTER_BOUND('',#8624,.F.);
#8626=ADVANCED_FACE('',(#8625),#8618,.F.);
#8627=CARTESIAN_POINT('',(3.5E-1,7.5E-2,-1.4E0));
#8628=DIRECTION('',(1.E0,0.E0,0.E0));
#8629=DIRECTION('',(0.E0,0.E0,-1.E0));
#8630=AXIS2_PLACEMENT_3D('',#8627,#8628,#8629);
#8631=PLANE('',#8630);
#8632=ORIENTED_EDGE('',*,*,#8362,.T.);
#8633=ORIENTED_EDGE('',*,*,#8495,.F.);
#8634=ORIENTED_EDGE('',*,*,#8620,.F.);
#8635=ORIENTED_EDGE('',*,*,#8418,.T.);
#8636=EDGE_LOOP('',(#8632,#8633,#8634,#8635));
#8637=FACE_OUTER_BOUND('',#8636,.F.);
#8638=ADVANCED_FACE('',(#8637),#8631,.F.);
#8639=CARTESIAN_POINT('',(-1.1E0,-2.5E-2,5.E-1));
#8640=DIRECTION('',(0.E0,0.E0,1.E0));
#8641=DIRECTION('',(1.E0,0.E0,0.E0));
#8642=AXIS2_PLACEMENT_3D('',#8639,#8640,#8641);
#8643=PLANE('',#8642);
#8644=ORIENTED_EDGE('',*,*,#7255,.T.);
#8646=ORIENTED_EDGE('',*,*,#8645,.T.);
#8648=ORIENTED_EDGE('',*,*,#8647,.F.);
#8649=ORIENTED_EDGE('',*,*,#7460,.F.);
#8650=EDGE_LOOP('',(#8644,#8646,#8648,#8649));
#8651=FACE_OUTER_BOUND('',#8650,.F.);
#8652=ADVANCED_FACE('',(#8651),#8643,.F.);
#8653=CARTESIAN_POINT('',(-7.49E-1,-2.5E-2,4.01E-1));
#8654=DIRECTION('',(0.E0,1.E0,0.E0));
#8655=DIRECTION('',(1.E0,0.E0,0.E0));
#8656=AXIS2_PLACEMENT_3D('',#8653,#8654,#8655);
#8657=CYLINDRICAL_SURFACE('',#8656,9.9E-2);
#8658=ORIENTED_EDGE('',*,*,#7253,.T.);
#8660=ORIENTED_EDGE('',*,*,#8659,.T.);
#8662=ORIENTED_EDGE('',*,*,#8661,.F.);
#8663=ORIENTED_EDGE('',*,*,#8645,.F.);
#8664=EDGE_LOOP('',(#8658,#8660,#8662,#8663));
#8665=FACE_OUTER_BOUND('',#8664,.F.);
#8666=ADVANCED_FACE('',(#8665),#8657,.F.);
#8667=CARTESIAN_POINT('',(-6.5E-1,-2.5E-2,4.01E-1));
#8668=DIRECTION('',(1.E0,0.E0,0.E0));
#8669=DIRECTION('',(0.E0,0.E0,-1.E0));
#8670=AXIS2_PLACEMENT_3D('',#8667,#8668,#8669);
#8671=PLANE('',#8670);
#8672=ORIENTED_EDGE('',*,*,#7251,.T.);
#8674=ORIENTED_EDGE('',*,*,#8673,.T.);
#8676=ORIENTED_EDGE('',*,*,#8675,.F.);
#8677=ORIENTED_EDGE('',*,*,#8659,.F.);
#8678=EDGE_LOOP('',(#8672,#8674,#8676,#8677));
#8679=FACE_OUTER_BOUND('',#8678,.F.);
#8680=ADVANCED_FACE('',(#8679),#8671,.F.);
#8681=CARTESIAN_POINT('',(-7.49E-1,-2.5E-2,3.99E-1));
#8682=DIRECTION('',(0.E0,1.E0,0.E0));
#8683=DIRECTION('',(1.E0,0.E0,0.E0));
#8684=AXIS2_PLACEMENT_3D('',#8681,#8682,#8683);
#8685=CYLINDRICAL_SURFACE('',#8684,9.9E-2);
#8686=ORIENTED_EDGE('',*,*,#7249,.T.);
#8688=ORIENTED_EDGE('',*,*,#8687,.T.);
#8690=ORIENTED_EDGE('',*,*,#8689,.F.);
#8691=ORIENTED_EDGE('',*,*,#8673,.F.);
#8692=EDGE_LOOP('',(#8686,#8688,#8690,#8691));
#8693=FACE_OUTER_BOUND('',#8692,.F.);
#8694=ADVANCED_FACE('',(#8693),#8685,.F.);
#8695=CARTESIAN_POINT('',(-7.49E-1,-2.5E-2,3.E-1));
#8696=DIRECTION('',(0.E0,0.E0,-1.E0));
#8697=DIRECTION('',(-1.E0,0.E0,0.E0));
#8698=AXIS2_PLACEMENT_3D('',#8695,#8696,#8697);
#8699=PLANE('',#8698);
#8700=ORIENTED_EDGE('',*,*,#7247,.F.);
#8701=ORIENTED_EDGE('',*,*,#7464,.T.);
#8703=ORIENTED_EDGE('',*,*,#8702,.F.);
#8704=ORIENTED_EDGE('',*,*,#8687,.F.);
#8705=EDGE_LOOP('',(#8700,#8701,#8703,#8704));
#8706=FACE_OUTER_BOUND('',#8705,.F.);
#8707=ADVANCED_FACE('',(#8706),#8699,.F.);
#8708=CARTESIAN_POINT('',(0.E0,1.75E-1,0.E0));
#8709=DIRECTION('',(0.E0,1.E0,0.E0));
#8710=DIRECTION('',(1.E0,0.E0,0.E0));
#8711=AXIS2_PLACEMENT_3D('',#8708,#8709,#8710);
#8712=PLANE('',#8711);
#8713=ORIENTED_EDGE('',*,*,#7462,.F.);
#8714=ORIENTED_EDGE('',*,*,#8647,.T.);
#8715=ORIENTED_EDGE('',*,*,#8661,.T.);
#8716=ORIENTED_EDGE('',*,*,#8675,.T.);
#8717=ORIENTED_EDGE('',*,*,#8689,.T.);
#8718=ORIENTED_EDGE('',*,*,#8702,.T.);
#8719=EDGE_LOOP('',(#8713,#8714,#8715,#8716,#8717,#8718));
#8720=FACE_OUTER_BOUND('',#8719,.F.);
#8721=ADVANCED_FACE('',(#8720),#8712,.F.);
#8722=CARTESIAN_POINT('',(-1.1E0,-2.5E-2,1.E-1));
#8723=DIRECTION('',(0.E0,0.E0,1.E0));
#8724=DIRECTION('',(1.E0,0.E0,0.E0));
#8725=AXIS2_PLACEMENT_3D('',#8722,#8723,#8724);
#8726=PLANE('',#8725);
#8727=ORIENTED_EDGE('',*,*,#7243,.T.);
#8729=ORIENTED_EDGE('',*,*,#8728,.T.);
#8731=ORIENTED_EDGE('',*,*,#8730,.F.);
#8732=ORIENTED_EDGE('',*,*,#7467,.F.);
#8733=EDGE_LOOP('',(#8727,#8729,#8731,#8732));
#8734=FACE_OUTER_BOUND('',#8733,.F.);
#8735=ADVANCED_FACE('',(#8734),#8726,.F.);
#8736=CARTESIAN_POINT('',(-7.49E-1,-2.5E-2,1.E-3));
#8737=DIRECTION('',(0.E0,1.E0,0.E0));
#8738=DIRECTION('',(1.E0,0.E0,0.E0));
#8739=AXIS2_PLACEMENT_3D('',#8736,#8737,#8738);
#8740=CYLINDRICAL_SURFACE('',#8739,9.9E-2);
#8741=ORIENTED_EDGE('',*,*,#7241,.T.);
#8743=ORIENTED_EDGE('',*,*,#8742,.T.);
#8745=ORIENTED_EDGE('',*,*,#8744,.F.);
#8746=ORIENTED_EDGE('',*,*,#8728,.F.);
#8747=EDGE_LOOP('',(#8741,#8743,#8745,#8746));
#8748=FACE_OUTER_BOUND('',#8747,.F.);
#8749=ADVANCED_FACE('',(#8748),#8740,.F.);
#8750=CARTESIAN_POINT('',(-6.5E-1,-2.5E-2,1.E-3));
#8751=DIRECTION('',(1.E0,0.E0,0.E0));
#8752=DIRECTION('',(0.E0,0.E0,-1.E0));
#8753=AXIS2_PLACEMENT_3D('',#8750,#8751,#8752);
#8754=PLANE('',#8753);
#8755=ORIENTED_EDGE('',*,*,#7239,.T.);
#8757=ORIENTED_EDGE('',*,*,#8756,.T.);
#8759=ORIENTED_EDGE('',*,*,#8758,.F.);
#8760=ORIENTED_EDGE('',*,*,#8742,.F.);
#8761=EDGE_LOOP('',(#8755,#8757,#8759,#8760));
#8762=FACE_OUTER_BOUND('',#8761,.F.);
#8763=ADVANCED_FACE('',(#8762),#8754,.F.);
#8764=CARTESIAN_POINT('',(-7.49E-1,-2.5E-2,-1.E-3));
#8765=DIRECTION('',(0.E0,1.E0,0.E0));
#8766=DIRECTION('',(1.E0,0.E0,0.E0));
#8767=AXIS2_PLACEMENT_3D('',#8764,#8765,#8766);
#8768=CYLINDRICAL_SURFACE('',#8767,9.9E-2);
#8769=ORIENTED_EDGE('',*,*,#7237,.T.);
#8771=ORIENTED_EDGE('',*,*,#8770,.T.);
#8773=ORIENTED_EDGE('',*,*,#8772,.F.);
#8774=ORIENTED_EDGE('',*,*,#8756,.F.);
#8775=EDGE_LOOP('',(#8769,#8771,#8773,#8774));
#8776=FACE_OUTER_BOUND('',#8775,.F.);
#8777=ADVANCED_FACE('',(#8776),#8768,.F.);
#8778=CARTESIAN_POINT('',(-7.49E-1,-2.5E-2,-1.E-1));
#8779=DIRECTION('',(0.E0,0.E0,-1.E0));
#8780=DIRECTION('',(-1.E0,0.E0,0.E0));
#8781=AXIS2_PLACEMENT_3D('',#8778,#8779,#8780);
#8782=PLANE('',#8781);
#8783=ORIENTED_EDGE('',*,*,#7235,.F.);
#8784=ORIENTED_EDGE('',*,*,#7471,.T.);
#8786=ORIENTED_EDGE('',*,*,#8785,.F.);
#8787=ORIENTED_EDGE('',*,*,#8770,.F.);
#8788=EDGE_LOOP('',(#8783,#8784,#8786,#8787));
#8789=FACE_OUTER_BOUND('',#8788,.F.);
#8790=ADVANCED_FACE('',(#8789),#8782,.F.);
#8791=CARTESIAN_POINT('',(0.E0,1.75E-1,0.E0));
#8792=DIRECTION('',(0.E0,1.E0,0.E0));
#8793=DIRECTION('',(1.E0,0.E0,0.E0));
#8794=AXIS2_PLACEMENT_3D('',#8791,#8792,#8793);
#8795=PLANE('',#8794);
#8796=ORIENTED_EDGE('',*,*,#7469,.F.);
#8797=ORIENTED_EDGE('',*,*,#8730,.T.);
#8798=ORIENTED_EDGE('',*,*,#8744,.T.);
#8799=ORIENTED_EDGE('',*,*,#8758,.T.);
#8800=ORIENTED_EDGE('',*,*,#8772,.T.);
#8801=ORIENTED_EDGE('',*,*,#8785,.T.);
#8802=EDGE_LOOP('',(#8796,#8797,#8798,#8799,#8800,#8801));
#8803=FACE_OUTER_BOUND('',#8802,.F.);
#8804=ADVANCED_FACE('',(#8803),#8795,.F.);
#8805=CARTESIAN_POINT('',(-1.1E0,-2.5E-2,-3.E-1));
#8806=DIRECTION('',(0.E0,0.E0,1.E0));
#8807=DIRECTION('',(1.E0,0.E0,0.E0));
#8808=AXIS2_PLACEMENT_3D('',#8805,#8806,#8807);
#8809=PLANE('',#8808);
#8810=ORIENTED_EDGE('',*,*,#7231,.T.);
#8812=ORIENTED_EDGE('',*,*,#8811,.T.);
#8814=ORIENTED_EDGE('',*,*,#8813,.F.);
#8815=ORIENTED_EDGE('',*,*,#7474,.F.);
#8816=EDGE_LOOP('',(#8810,#8812,#8814,#8815));
#8817=FACE_OUTER_BOUND('',#8816,.F.);
#8818=ADVANCED_FACE('',(#8817),#8809,.F.);
#8819=CARTESIAN_POINT('',(-7.49E-1,-2.5E-2,-3.99E-1));
#8820=DIRECTION('',(0.E0,1.E0,0.E0));
#8821=DIRECTION('',(1.E0,0.E0,0.E0));
#8822=AXIS2_PLACEMENT_3D('',#8819,#8820,#8821);
#8823=CYLINDRICAL_SURFACE('',#8822,9.9E-2);
#8824=ORIENTED_EDGE('',*,*,#7229,.T.);
#8826=ORIENTED_EDGE('',*,*,#8825,.T.);
#8828=ORIENTED_EDGE('',*,*,#8827,.F.);
#8829=ORIENTED_EDGE('',*,*,#8811,.F.);
#8830=EDGE_LOOP('',(#8824,#8826,#8828,#8829));
#8831=FACE_OUTER_BOUND('',#8830,.F.);
#8832=ADVANCED_FACE('',(#8831),#8823,.F.);
#8833=CARTESIAN_POINT('',(-6.5E-1,-2.5E-2,-3.99E-1));
#8834=DIRECTION('',(1.E0,0.E0,0.E0));
#8835=DIRECTION('',(0.E0,0.E0,-1.E0));
#8836=AXIS2_PLACEMENT_3D('',#8833,#8834,#8835);
#8837=PLANE('',#8836);
#8838=ORIENTED_EDGE('',*,*,#7227,.T.);
#8840=ORIENTED_EDGE('',*,*,#8839,.T.);
#8842=ORIENTED_EDGE('',*,*,#8841,.F.);
#8843=ORIENTED_EDGE('',*,*,#8825,.F.);
#8844=EDGE_LOOP('',(#8838,#8840,#8842,#8843));
#8845=FACE_OUTER_BOUND('',#8844,.F.);
#8846=ADVANCED_FACE('',(#8845),#8837,.F.);
#8847=CARTESIAN_POINT('',(-7.49E-1,-2.5E-2,-4.01E-1));
#8848=DIRECTION('',(0.E0,1.E0,0.E0));
#8849=DIRECTION('',(1.E0,0.E0,0.E0));
#8850=AXIS2_PLACEMENT_3D('',#8847,#8848,#8849);
#8851=CYLINDRICAL_SURFACE('',#8850,9.9E-2);
#8852=ORIENTED_EDGE('',*,*,#7225,.T.);
#8854=ORIENTED_EDGE('',*,*,#8853,.T.);
#8856=ORIENTED_EDGE('',*,*,#8855,.F.);
#8857=ORIENTED_EDGE('',*,*,#8839,.F.);
#8858=EDGE_LOOP('',(#8852,#8854,#8856,#8857));
#8859=FACE_OUTER_BOUND('',#8858,.F.);
#8860=ADVANCED_FACE('',(#8859),#8851,.F.);
#8861=CARTESIAN_POINT('',(-7.49E-1,-2.5E-2,-5.E-1));
#8862=DIRECTION('',(0.E0,0.E0,-1.E0));
#8863=DIRECTION('',(-1.E0,0.E0,0.E0));
#8864=AXIS2_PLACEMENT_3D('',#8861,#8862,#8863);
#8865=PLANE('',#8864);
#8866=ORIENTED_EDGE('',*,*,#7223,.F.);
#8867=ORIENTED_EDGE('',*,*,#7478,.T.);
#8869=ORIENTED_EDGE('',*,*,#8868,.F.);
#8870=ORIENTED_EDGE('',*,*,#8853,.F.);
#8871=EDGE_LOOP('',(#8866,#8867,#8869,#8870));
#8872=FACE_OUTER_BOUND('',#8871,.F.);
#8873=ADVANCED_FACE('',(#8872),#8865,.F.);
#8874=CARTESIAN_POINT('',(0.E0,1.75E-1,0.E0));
#8875=DIRECTION('',(0.E0,1.E0,0.E0));
#8876=DIRECTION('',(1.E0,0.E0,0.E0));
#8877=AXIS2_PLACEMENT_3D('',#8874,#8875,#8876);
#8878=PLANE('',#8877);
#8879=ORIENTED_EDGE('',*,*,#7476,.F.);
#8880=ORIENTED_EDGE('',*,*,#8813,.T.);
#8881=ORIENTED_EDGE('',*,*,#8827,.T.);
#8882=ORIENTED_EDGE('',*,*,#8841,.T.);
#8883=ORIENTED_EDGE('',*,*,#8855,.T.);
#8884=ORIENTED_EDGE('',*,*,#8868,.T.);
#8885=EDGE_LOOP('',(#8879,#8880,#8881,#8882,#8883,#8884));
#8886=FACE_OUTER_BOUND('',#8885,.F.);
#8887=ADVANCED_FACE('',(#8886),#8878,.F.);
#8888=CARTESIAN_POINT('',(-4.5E-1,-2.5E-2,-1.25E0));
#8889=DIRECTION('',(-1.E0,0.E0,0.E0));
#8890=DIRECTION('',(0.E0,0.E0,1.E0));
#8891=AXIS2_PLACEMENT_3D('',#8888,#8889,#8890);
#8892=PLANE('',#8891);
#8893=ORIENTED_EDGE('',*,*,#7341,.T.);
#8895=ORIENTED_EDGE('',*,*,#8894,.T.);
#8897=ORIENTED_EDGE('',*,*,#8896,.F.);
#8899=ORIENTED_EDGE('',*,*,#8898,.F.);
#8900=EDGE_LOOP('',(#8893,#8895,#8897,#8899));
#8901=FACE_OUTER_BOUND('',#8900,.F.);
#8902=ADVANCED_FACE('',(#8901),#8892,.F.);
#8903=CARTESIAN_POINT('',(-4.5E-1,-2.5E-2,1.25E0));
#8904=DIRECTION('',(0.E0,0.E0,1.E0));
#8905=DIRECTION('',(1.E0,0.E0,0.E0));
#8906=AXIS2_PLACEMENT_3D('',#8903,#8904,#8905);
#8907=PLANE('',#8906);
#8908=ORIENTED_EDGE('',*,*,#7347,.T.);
#8910=ORIENTED_EDGE('',*,*,#8909,.T.);
#8912=ORIENTED_EDGE('',*,*,#8911,.F.);
#8913=ORIENTED_EDGE('',*,*,#8894,.F.);
#8914=EDGE_LOOP('',(#8908,#8910,#8912,#8913));
#8915=FACE_OUTER_BOUND('',#8914,.F.);
#8916=ADVANCED_FACE('',(#8915),#8907,.F.);
#8917=CARTESIAN_POINT('',(4.5E-1,-2.5E-2,1.25E0));
#8918=DIRECTION('',(1.E0,0.E0,0.E0));
#8919=DIRECTION('',(0.E0,0.E0,-1.E0));
#8920=AXIS2_PLACEMENT_3D('',#8917,#8918,#8919);
#8921=PLANE('',#8920);
#8922=ORIENTED_EDGE('',*,*,#7345,.T.);
#8924=ORIENTED_EDGE('',*,*,#8923,.T.);
#8926=ORIENTED_EDGE('',*,*,#8925,.F.);
#8927=ORIENTED_EDGE('',*,*,#8909,.F.);
#8928=EDGE_LOOP('',(#8922,#8924,#8926,#8927));
#8929=FACE_OUTER_BOUND('',#8928,.F.);
#8930=ADVANCED_FACE('',(#8929),#8921,.F.);
#8931=CARTESIAN_POINT('',(4.5E-1,-2.5E-2,-1.25E0));
#8932=DIRECTION('',(0.E0,0.E0,-1.E0));
#8933=DIRECTION('',(-1.E0,0.E0,0.E0));
#8934=AXIS2_PLACEMENT_3D('',#8931,#8932,#8933);
#8935=PLANE('',#8934);
#8936=ORIENTED_EDGE('',*,*,#7343,.T.);
#8937=ORIENTED_EDGE('',*,*,#8898,.T.);
#8939=ORIENTED_EDGE('',*,*,#8938,.F.);
#8940=ORIENTED_EDGE('',*,*,#8923,.F.);
#8941=EDGE_LOOP('',(#8936,#8937,#8939,#8940));
#8942=FACE_OUTER_BOUND('',#8941,.F.);
#8943=ADVANCED_FACE('',(#8942),#8935,.F.);
#8944=CARTESIAN_POINT('',(0.E0,1.75E-1,0.E0));
#8945=DIRECTION('',(0.E0,1.E0,0.E0));
#8946=DIRECTION('',(1.E0,0.E0,0.E0));
#8947=AXIS2_PLACEMENT_3D('',#8944,#8945,#8946);
#8948=PLANE('',#8947);
#8949=ORIENTED_EDGE('',*,*,#8896,.T.);
#8950=ORIENTED_EDGE('',*,*,#8911,.T.);
#8951=ORIENTED_EDGE('',*,*,#8925,.T.);
#8952=ORIENTED_EDGE('',*,*,#8938,.T.);
#8953=EDGE_LOOP('',(#8949,#8950,#8951,#8952));
#8954=FACE_OUTER_BOUND('',#8953,.F.);
#8955=ADVANCED_FACE('',(#8954),#8948,.F.);
#8956=CLOSED_SHELL('',(#7205,#7351,#7367,#7383,#7399,#7414,#7428,#7442,#7504,
#7530,#7553,#7581,#7609,#7622,#7635,#7648,#7661,#7673,#7686,#7699,#7711,#7724,
#7737,#7750,#7763,#7775,#7789,#7802,#7815,#7828,#7841,#7899,#7912,#7925,#7937,
#7951,#7965,#7979,#7993,#8006,#8020,#8034,#8048,#8062,#8076,#8089,#8103,#8117,
#8131,#8145,#8159,#8172,#8186,#8199,#8212,#8225,#8238,#8250,#8263,#8276,#8288,
#8321,#8334,#8366,#8381,#8396,#8411,#8426,#8440,#8454,#8469,#8484,#8499,#8512,
#8524,#8537,#8550,#8562,#8575,#8588,#8600,#8613,#8626,#8638,#8652,#8666,#8680,
#8694,#8707,#8721,#8735,#8749,#8763,#8777,#8790,#8804,#8818,#8832,#8846,#8860,
#8873,#8887,#8902,#8916,#8930,#8943,#8955));
#8957=MANIFOLD_SOLID_BREP('',#8956);
#8958=FILL_AREA_STYLE_COLOUR('',#3);
#8959=FILL_AREA_STYLE('',(#8958));
#8960=SURFACE_STYLE_FILL_AREA(#8959);
#8961=SURFACE_SIDE_STYLE('',(#8960));
#8962=SURFACE_STYLE_USAGE(.BOTH.,#8961);
#8963=PRESENTATION_STYLE_ASSIGNMENT((#8962));
#4649=STYLED_ITEM('',(#8963),#8957);
#8965=DIMENSIONAL_EXPONENTS(0.E0,0.E0,0.E0,0.E0,0.E0,0.E0,0.E0);
#8967=PLANE_ANGLE_MEASURE_WITH_UNIT(PLANE_ANGLE_MEASURE(1.745329251994E-2),
#8966);
#8968=(CONVERSION_BASED_UNIT('DEGREE',#8967)NAMED_UNIT(*)PLANE_ANGLE_UNIT());
#8970=UNCERTAINTY_MEASURE_WITH_UNIT(LENGTH_MEASURE(1.652478232814E-4),#8964,
'closure',
'Maximum model space distance between geometric entities at asserted connectivities');
#8971=(GEOMETRIC_REPRESENTATION_CONTEXT(3)GLOBAL_UNCERTAINTY_ASSIGNED_CONTEXT((
#8970))GLOBAL_UNIT_ASSIGNED_CONTEXT((#8964,#8968,#8969))REPRESENTATION_CONTEXT(
'ID2','3'));
#8972=CARTESIAN_POINT('',(0.E0,0.E0,0.E0));
#8973=DIRECTION('',(0.E0,0.E0,1.E0));
#8974=DIRECTION('',(1.E0,0.E0,0.E0));
#8977=MECHANICAL_CONTEXT('',#4627,'mechanical');
#8978=PRODUCT('BODY','BODY','NOT SPECIFIED',(#8977));
#8979=PRODUCT_DEFINITION_FORMATION_WITH_SPECIFIED_SOURCE('40','LAST_VERSION',
#8978,.MADE.);
#8985=CARTESIAN_POINT('',(0.E0,0.E0,2.5E-2));
#8986=DIRECTION('',(0.E0,-1.E0,0.E0));
#8987=DIRECTION('',(1.E0,0.E0,0.E0));
#8988=AXIS2_PLACEMENT_3D('',#8985,#8986,#8987);
#8989=ITEM_DEFINED_TRANSFORMATION('','',#8975,#8988);
#8990=(REPRESENTATION_RELATIONSHIP('','',#8976,#4638)REPRESENTATION_RELATIONSHIP_WITH_TRANSFORMATION(#8989)SHAPE_REPRESENTATION_RELATIONSHIP());
#8991=CONTEXT_DEPENDENT_SHAPE_REPRESENTATION(#8990,#8984);
#8993=DIMENSIONAL_EXPONENTS(0.E0,0.E0,0.E0,0.E0,0.E0,0.E0,0.E0);
#8995=PLANE_ANGLE_MEASURE_WITH_UNIT(PLANE_ANGLE_MEASURE(1.745329251994E-2),
#8994);
#8996=(CONVERSION_BASED_UNIT('DEGREE',#8995)NAMED_UNIT(*)PLANE_ANGLE_UNIT());
#8998=UNCERTAINTY_MEASURE_WITH_UNIT(LENGTH_MEASURE(1.538787222101E-4),#8992,
'closure',
'Maximum model space distance between geometric entities at asserted connectivities');
#8999=(GEOMETRIC_REPRESENTATION_CONTEXT(3)GLOBAL_UNCERTAINTY_ASSIGNED_CONTEXT((
#8998))GLOBAL_UNIT_ASSIGNED_CONTEXT((#8992,#8996,#8997))REPRESENTATION_CONTEXT(
'ID3','3'));
#9000=CARTESIAN_POINT('',(0.E0,0.E0,0.E0));
#9001=DIRECTION('',(0.E0,0.E0,1.E0));
#9002=DIRECTION('',(1.E0,0.E0,0.E0));
#9004=MECHANICAL_DESIGN_GEOMETRIC_PRESENTATION_REPRESENTATION('',(#38,#45,#52,
#59,#67,#75,#82,#89,#96,#103,#110,#117,#125,#132,#139,#146,#153,#160,#167,#174,
#182,#189,#196,#203,#210,#217,#224,#231,#238,#245,#313,#341,#30,#511,#518,#525,
#532,#540,#548,#555,#562,#569,#576,#583,#590,#598,#605,#612,#619,#626,#633,#640,
#647,#655,#662,#669,#676,#683,#690,#697,#704,#711,#718,#781,#804,#504,#975,#982,
#989,#996,#1003,#1010,#1017,#1024,#1032,#1039,#1046,#1053,#1060,#1067,#1074,
#1081,#1088,#1096,#1103,#1111,#1118,#1125,#1132,#1139,#1146,#1153,#1160,#1167,
#1174,#1181,#1244,#1267,#967,#1437,#1444,#1451,#1458,#1466,#1474,#1481,#1488,
#1495,#1502,#1509,#1516,#1524,#1531,#1538,#1545,#1552,#1559,#1566,#1573,#1581,
#1588,#1595,#1602,#1609,#1616,#1623,#1630,#1637,#1644,#1707,#1730,#1430,#1900,
#1907,#1915,#1922,#1930,#1937,#1944,#1951,#1958,#1965,#1972,#1979,#1986,#1993,
#2001,#2008,#2016,#2023,#2089,#1893,#2188,#2195,#2203,#2210,#2218,#2225,#2232,
#2239,#2246,#2253,#2260,#2267,#2274,#2281,#2289,#2296,#2304,#2311,#2377,#2181,
#2476,#2483,#2491,#2498,#2506,#2513,#2520,#2527,#2534,#2541,#2548,#2555,#2562,
#2569,#2577,#2584,#2592,#2599,#2665,#2469,#2764,#2771,#2779,#2786,#2794,#2801,
#2808,#2815,#2822,#2829,#2836,#2843,#2850,#2857,#2865,#2872,#2880,#2887,#2953,
#2757,#3052,#3059,#3067,#3074,#3082,#3089,#3096,#3103,#3110,#3117,#3124,#3131,
#3138,#3145,#3153,#3160,#3168,#3175,#3241,#3045,#3340,#3347,#3355,#3362,#3370,
#3377,#3384,#3391,#3398,#3405,#3412,#3419,#3426,#3433,#3441,#3448,#3456,#3463,
#3529,#3333,#3628,#3635,#3642,#3649,#3656,#3663,#3670,#3677,#3684,#3691,#3698,
#3705,#3621,#3821,#3828,#3835,#3842,#3849,#3856,#3863,#3870,#3877,#3884,#3891,
#3898,#3952,#3814,#4021,#4028,#4035,#4042,#4049,#4056,#4063,#4070,#4077,#4084,
#4091,#4098,#4152,#4014,#4221,#4228,#4235,#4242,#4249,#4256,#4263,#4270,#4277,
#4284,#4291,#4298,#4352,#4214,#4421,#4428,#4435,#4442,#4449,#4456,#4463,#4470,
#4477,#4484,#4491,#4498,#4552,#4414,#4656,#4663,#4670,#4677,#4684,#4692,#4699,
#4707,#4714,#4721,#4728,#4736,#4743,#4751,#4758,#4765,#4772,#4780,#4787,#4795,
#4802,#4809,#4816,#4824,#4831,#4839,#4846,#4853,#4860,#4868,#4875,#4883,#4890,
#4897,#4904,#4911,#4918,#4926,#4933,#4941,#4948,#4955,#4962,#4970,#4977,#4985,
#4992,#4999,#5006,#5014,#5021,#5029,#5036,#5043,#5050,#5058,#5065,#5073,#5080,
#5087,#5094,#5102,#5109,#5117,#5124,#5131,#5138,#5145,#5152,#5159,#5166,#5173,
#5180,#5187,#5194,#5201,#5208,#5215,#5222,#5229,#5236,#5243,#5250,#5257,#5264,
#5271,#5278,#5285,#5292,#5299,#5306,#5313,#5320,#5327,#5334,#5341,#5348,#5355,
#5362,#5369,#5376,#5383,#5390,#5397,#5404,#5411,#5418,#5425,#5432,#5440,#5447,
#5455,#5462,#5469,#5476,#5483,#5490,#5497,#5504,#5511,#5518,#5526,#5533,#5541,
#5548,#5556,#5563,#5571,#5578,#5585,#5592,#5599,#5606,#5614,#5621,#5629,#5636,
#5643,#5650,#5657,#5664,#5671,#5678,#5685,#5692,#5699,#5706,#5713,#5720,#5727,
#5734,#5741,#5748,#5755,#5762,#5769,#5776,#5783,#5790,#5797,#5804,#5811,#5818,
#5825,#5832,#5839,#5846,#5853,#5860,#5867,#5874,#5881,#5888,#5895,#5902,#5909,
#5916,#5923,#5930,#5937,#5944,#5951,#5958,#5966,#5973,#5981,#5988,#5995,#6002,
#6009,#6016,#6023,#6031,#6038,#6046,#6053,#6060,#6067,#6074,#6081,#6088,#6096,
#6103,#6111,#6118,#6125,#6132,#6139,#6146,#6153,#6160,#6167,#6174,#6181,#6188,
#6195,#6202,#6209,#6216,#6223,#6230,#6237,#6244,#6251,#6258,#6265,#6272,#6279,
#6286,#6293,#6300,#6307,#6314,#6321,#6328,#6335,#6342,#6349,#6356,#6363,#6370,
#6377,#6384,#6391,#6398,#6405,#6412,#6419,#6426,#6433,#6440,#6447,#6454,#6461,
#6468,#6475,#6482,#6489,#6496,#6503,#6510,#6517,#6524,#6531,#6538,#6545,#6552,
#6559,#6566,#6573,#6581,#6588,#6596,#6603,#6610,#6617,#6624,#6631,#6638,#6646,
#6653,#6661,#6668,#6675,#6682,#6689,#6696,#6703,#6711,#6718,#6726,#6733,#6740,
#6747,#6754,#6761,#6768,#6775,#6782,#6789,#4649),#8999);
#9005=DESIGN_CONTEXT('',#4627,'design');
#9006=MECHANICAL_CONTEXT('',#4627,'mechanical');
#9007=PRODUCT('DPU0014A_ASM','DPU0014A_ASM','NOT SPECIFIED',(#9006));
#9008=PRODUCT_DEFINITION_FORMATION_WITH_SPECIFIED_SOURCE('95','LAST_VERSION',
#9007,.MADE.);
#9010=PRODUCT_CATEGORY('part','');
#9011=PRODUCT_RELATED_PRODUCT_CATEGORY('assembly','',(#9007));
#9012=PRODUCT_CATEGORY_RELATIONSHIP('','',#9010,#9011);
#9013=PRODUCT_CATEGORY('part','');
#9014=PRODUCT_RELATED_PRODUCT_CATEGORY('detail','',(#4631,#8978));
#9015=PRODUCT_CATEGORY_RELATIONSHIP('','',#9013,#9014);
#9016=SECURITY_CLASSIFICATION_LEVEL('unclassified');
#9017=SECURITY_CLASSIFICATION('','',#9016);
#9018=CC_DESIGN_SECURITY_CLASSIFICATION(#9017,(#4632,#8979,#9008,#4639,#8983));
#9019=APPROVAL_STATUS('approved');
#9020=APPROVAL(#9019,'');
#9021=CC_DESIGN_APPROVAL(#9020,(#9017,#4632,#8979,#9008,#4633,#8980,#9009));
#9022=CALENDAR_DATE(121,8,9);
#9023=COORDINATED_UNIVERSAL_TIME_OFFSET(7,0,.BEHIND.);
#9024=LOCAL_TIME(11,53,5.E1,#9023);
#9025=DATE_AND_TIME(#9022,#9024);
#9026=APPROVAL_DATE_TIME(#9025,#9020);
#9027=DATE_TIME_ROLE('creation_date');
#9028=CC_DESIGN_DATE_AND_TIME_ASSIGNMENT(#9025,#9027,(#4633,#8980,#9009));
#9029=DATE_TIME_ROLE('classification_date');
#9030=CC_DESIGN_DATE_AND_TIME_ASSIGNMENT(#9025,#9029,(#9017));
#9031=PERSON('UNSPECIFIED','UNSPECIFIED',$,$,$,$);
#9032=ORGANIZATION('UNSPECIFIED','UNSPECIFIED','UNSPECIFIED');
#9033=PERSON_AND_ORGANIZATION(#9031,#9032);
#9034=APPROVAL_ROLE('approver');
#9035=APPROVAL_PERSON_ORGANIZATION(#9033,#9020,#9034);
#9036=PERSON_AND_ORGANIZATION_ROLE('creator');
#9037=CC_DESIGN_PERSON_AND_ORGANIZATION_ASSIGNMENT(#9033,#9036,(#4632,#8979,
#9008,#4633,#8980,#9009));
#9038=PERSON_AND_ORGANIZATION_ROLE('design_supplier');
#9039=CC_DESIGN_PERSON_AND_ORGANIZATION_ASSIGNMENT(#9033,#9038,(#4632,#8979,
#9008));
#9040=PERSON_AND_ORGANIZATION_ROLE('classification_officer');
#9041=CC_DESIGN_PERSON_AND_ORGANIZATION_ASSIGNMENT(#9033,#9040,(#9017));
#9042=PERSON_AND_ORGANIZATION_ROLE('design_owner');
#9043=CC_DESIGN_PERSON_AND_ORGANIZATION_ASSIGNMENT(#9033,#9042,(#9007,#4631,
#8978));
#1=COLOUR_RGB('',0.E0,4.3E-1,1.E0);
#2=COLOUR_RGB('',0.E0,6.6E-1,0.E0);
#3=COLOUR_RGB('',9.8039E-2,9.8039E-2,9.8039E-2);
#4=COLOUR_RGB('',1.80392E-1,2.7451E-1,9.8039E-2);
#5=COLOUR_RGB('',3.E-1,1.29412E-1,2.5098E-1);
#6=COLOUR_RGB('',3.13725E-1,3.13725E-1,3.13725E-1);
#7=COLOUR_RGB('',3.2E-1,4.9E-1,1.76471E-1);
#8=COLOUR_RGB('',3.5E-1,3.5E-1,3.5E-1);
#9=COLOUR_RGB('',3.92157E-1,3.92157E-1,3.92157E-1);
#10=COLOUR_RGB('',5.7E-1,0.E0,1.E0);
#11=COLOUR_RGB('',5.9E-1,3.E-1,0.E0);
#12=COLOUR_RGB('',6.E-1,6.E-1,6.E-1);
#13=COLOUR_RGB('',6.2E-1,3.3E-1,2.3E-1);
#14=COLOUR_RGB('',6.35294E-1,6.86275E-1,7.4902E-1);
#15=COLOUR_RGB('',6.66667E-1,6.66667E-1,6.66667E-1);
#16=COLOUR_RGB('',6.9E-1,0.E0,0.E0);
#17=COLOUR_RGB('',7.E-1,7.E-1,7.E-1);
#18=COLOUR_RGB('',8.23529E-1,7.05882E-1,4.31373E-1);
#19=COLOUR_RGB('',8.39216E-1,8.90196E-1,7.68627E-1);
#20=COLOUR_RGB('',8.62745E-1,4.98039E-1,3.92157E-1);
#21=COLOUR_RGB('',8.7E-1,7.5E-1,4.9E-1);
#22=COLOUR_RGB('',8.82353E-1,8.82353E-1,8.82353E-1);
#23=COLOUR_RGB('',9.80392E-1,9.80392E-1,9.80392E-1);
#24=COLOUR_RGB('',9.9E-1,1.E0,0.E0);
#25=COLOUR_RGB('',1.E0,5.E-1,0.E0);
#26=COLOUR_RGB('',1.E0,6.19608E-1,5.17647E-1);
#27=DRAUGHTING_PRE_DEFINED_COLOUR('white');
#28=COLOUR_RGB('',8.627450980392E-1,8.627450980392E-1,8.627450980392E-1);
#29=COLOUR_RGB('',1.E0,6.2E-1,5.2E-1);
#64=CIRCLE('',#63,9.9E-2);
#72=CIRCLE('',#71,9.9E-2);
#122=CIRCLE('',#121,9.9E-2);
#179=CIRCLE('',#178,9.9E-2);
#291=EDGE_CURVE('',#264,#265,#86,.T.);
#293=EDGE_CURVE('',#265,#269,#221,.T.);
#295=EDGE_CURVE('',#268,#269,#164,.T.);
#297=EDGE_CURVE('',#264,#268,#107,.T.);
#319=EDGE_CURVE('',#272,#273,#49,.T.);
#321=EDGE_CURVE('',#273,#277,#242,.T.);
#323=EDGE_CURVE('',#276,#277,#136,.T.);
#325=EDGE_CURVE('',#272,#276,#207,.T.);
#347=EDGE_CURVE('',#280,#284,#34,.T.);
#349=EDGE_CURVE('',#284,#273,#42,.T.);
#352=EDGE_CURVE('',#272,#256,#56,.T.);
#354=EDGE_CURVE('',#256,#257,#64,.T.);
#356=EDGE_CURVE('',#248,#257,#186,.T.);
#358=EDGE_CURVE('',#248,#249,#72,.T.);
#360=EDGE_CURVE('',#249,#265,#79,.T.);
#363=EDGE_CURVE('',#264,#280,#93,.T.);
#373=EDGE_CURVE('',#280,#281,#100,.T.);
#375=EDGE_CURVE('',#281,#285,#150,.T.);
#377=EDGE_CURVE('',#284,#285,#235,.T.);
#391=EDGE_CURVE('',#268,#281,#157,.T.);
#401=EDGE_CURVE('',#252,#261,#114,.T.);
#403=EDGE_CURVE('',#260,#261,#122,.T.);
#405=EDGE_CURVE('',#276,#260,#129,.T.);
#408=EDGE_CURVE('',#285,#277,#143,.T.);
#413=EDGE_CURVE('',#253,#269,#171,.T.);
#415=EDGE_CURVE('',#252,#253,#179,.T.);
#426=EDGE_CURVE('',#257,#261,#193,.T.);
#429=EDGE_CURVE('',#248,#252,#214,.T.);
#440=EDGE_CURVE('',#256,#260,#200,.T.);
#467=EDGE_CURVE('',#249,#253,#228,.T.);
#537=CIRCLE('',#536,9.9E-2);
#545=CIRCLE('',#544,9.9E-2);
#595=CIRCLE('',#594,9.9E-2);
#652=CIRCLE('',#651,9.9E-2);
#764=EDGE_CURVE('',#737,#738,#522,.T.);
#766=EDGE_CURVE('',#737,#741,#580,.T.);
#768=EDGE_CURVE('',#741,#742,#609,.T.);
#770=EDGE_CURVE('',#738,#742,#694,.T.);
#787=EDGE_CURVE('',#745,#746,#559,.T.);
#789=EDGE_CURVE('',#745,#749,#680,.T.);
#791=EDGE_CURVE('',#749,#750,#637,.T.);
#793=EDGE_CURVE('',#746,#750,#715,.T.);
#810=EDGE_CURVE('',#757,#753,#508,.T.);
#812=EDGE_CURVE('',#737,#753,#515,.T.);
#815=EDGE_CURVE('',#722,#738,#529,.T.);
#817=EDGE_CURVE('',#721,#722,#537,.T.);
#819=EDGE_CURVE('',#730,#721,#666,.T.);
#821=EDGE_CURVE('',#729,#730,#545,.T.);
#823=EDGE_CURVE('',#745,#729,#552,.T.);
#826=EDGE_CURVE('',#757,#746,#566,.T.);
#836=EDGE_CURVE('',#753,#754,#573,.T.);
#839=EDGE_CURVE('',#757,#758,#708,.T.);
#841=EDGE_CURVE('',#758,#754,#623,.T.);
#852=EDGE_CURVE('',#741,#754,#616,.T.);
#864=EDGE_CURVE('',#734,#725,#587,.T.);
#866=EDGE_CURVE('',#725,#726,#595,.T.);
#868=EDGE_CURVE('',#726,#742,#602,.T.);
#873=EDGE_CURVE('',#758,#750,#630,.T.);
#876=EDGE_CURVE('',#749,#733,#644,.T.);
#878=EDGE_CURVE('',#733,#734,#652,.T.);
#889=EDGE_CURVE('',#730,#734,#659,.T.);
#892=EDGE_CURVE('',#721,#725,#687,.T.);
#905=EDGE_CURVE('',#729,#733,#673,.T.);
#928=EDGE_CURVE('',#722,#726,#701,.T.);
#972=CIRCLE('',#971,9.9E-2);
#1029=CIRCLE('',#1028,9.9E-2);
#1093=CIRCLE('',#1092,9.9E-2);
#1108=CIRCLE('',#1107,9.9E-2);
#1227=EDGE_CURVE('',#1200,#1201,#986,.T.);
#1229=EDGE_CURVE('',#1201,#1205,#1164,.T.);
#1231=EDGE_CURVE('',#1204,#1205,#1078,.T.);
#1233=EDGE_CURVE('',#1200,#1204,#1143,.T.);
#1250=EDGE_CURVE('',#1208,#1209,#1014,.T.);
#1252=EDGE_CURVE('',#1209,#1213,#1157,.T.);
#1254=EDGE_CURVE('',#1212,#1213,#1122,.T.);
#1256=EDGE_CURVE('',#1208,#1212,#1057,.T.);
#1273=EDGE_CURVE('',#1184,#1193,#1036,.T.);
#1275=EDGE_CURVE('',#1184,#1185,#972,.T.);
#1277=EDGE_CURVE('',#1185,#1201,#979,.T.);
#1280=EDGE_CURVE('',#1200,#1216,#993,.T.);
#1282=EDGE_CURVE('',#1216,#1220,#1000,.T.);
#1284=EDGE_CURVE('',#1220,#1209,#1007,.T.);
#1287=EDGE_CURVE('',#1208,#1192,#1021,.T.);
#1289=EDGE_CURVE('',#1192,#1193,#1029,.T.);
#1300=EDGE_CURVE('',#1193,#1197,#1043,.T.);
#1302=EDGE_CURVE('',#1188,#1197,#1100,.T.);
#1304=EDGE_CURVE('',#1184,#1188,#1178,.T.);
#1315=EDGE_CURVE('',#1192,#1196,#1050,.T.);
#1317=EDGE_CURVE('',#1196,#1197,#1108,.T.);
#1329=EDGE_CURVE('',#1212,#1196,#1115,.T.);
#1341=EDGE_CURVE('',#1217,#1221,#1064,.T.);
#1343=EDGE_CURVE('',#1204,#1217,#1071,.T.);
#1346=EDGE_CURVE('',#1189,#1205,#1085,.T.);
#1348=EDGE_CURVE('',#1188,#1189,#1093,.T.);
#1354=EDGE_CURVE('',#1221,#1213,#1129,.T.);
#1364=EDGE_CURVE('',#1216,#1217,#1136,.T.);
#1367=EDGE_CURVE('',#1220,#1221,#1150,.T.);
#1404=EDGE_CURVE('',#1185,#1189,#1171,.T.);
#1463=CIRCLE('',#1462,9.9E-2);
#1471=CIRCLE('',#1470,9.9E-2);
#1521=CIRCLE('',#1520,9.9E-2);
#1578=CIRCLE('',#1577,9.9E-2);
#1690=EDGE_CURVE('',#1663,#1664,#1448,.T.);
#1692=EDGE_CURVE('',#1663,#1667,#1506,.T.);
#1694=EDGE_CURVE('',#1667,#1668,#1535,.T.);
#1696=EDGE_CURVE('',#1664,#1668,#1620,.T.);
#1713=EDGE_CURVE('',#1671,#1672,#1485,.T.);
#1715=EDGE_CURVE('',#1671,#1675,#1606,.T.);
#1717=EDGE_CURVE('',#1675,#1676,#1563,.T.);
#1719=EDGE_CURVE('',#1672,#1676,#1641,.T.);
#1736=EDGE_CURVE('',#1683,#1679,#1434,.T.);
#1738=EDGE_CURVE('',#1663,#1679,#1441,.T.);
#1741=EDGE_CURVE('',#1648,#1664,#1455,.T.);
#1743=EDGE_CURVE('',#1647,#1648,#1463,.T.);
#1745=EDGE_CURVE('',#1656,#1647,#1592,.T.);
#1747=EDGE_CURVE('',#1655,#1656,#1471,.T.);
#1749=EDGE_CURVE('',#1671,#1655,#1478,.T.);
#1752=EDGE_CURVE('',#1683,#1672,#1492,.T.);
#1762=EDGE_CURVE('',#1679,#1680,#1499,.T.);
#1765=EDGE_CURVE('',#1683,#1684,#1634,.T.);
#1767=EDGE_CURVE('',#1684,#1680,#1549,.T.);
#1778=EDGE_CURVE('',#1667,#1680,#1542,.T.);
#1790=EDGE_CURVE('',#1660,#1651,#1513,.T.);
#1792=EDGE_CURVE('',#1651,#1652,#1521,.T.);
#1794=EDGE_CURVE('',#1652,#1668,#1528,.T.);
#1799=EDGE_CURVE('',#1684,#1676,#1556,.T.);
#1802=EDGE_CURVE('',#1675,#1659,#1570,.T.);
#1804=EDGE_CURVE('',#1659,#1660,#1578,.T.);
#1815=EDGE_CURVE('',#1656,#1660,#1585,.T.);
#1818=EDGE_CURVE('',#1647,#1651,#1613,.T.);
#1831=EDGE_CURVE('',#1655,#1659,#1599,.T.);
#1854=EDGE_CURVE('',#1648,#1652,#1627,.T.);
#1912=CIRCLE('',#1911,9.9E-2);
#1927=CIRCLE('',#1926,9.9E-2);
#1998=CIRCLE('',#1997,9.9E-2);
#2013=CIRCLE('',#2012,9.9E-2);
#2053=EDGE_CURVE('',#2042,#2043,#1897,.T.);
#2055=EDGE_CURVE('',#2042,#2026,#1904,.T.);
#2057=EDGE_CURVE('',#2026,#2027,#1912,.T.);
#2059=EDGE_CURVE('',#2027,#2029,#1919,.T.);
#2061=EDGE_CURVE('',#2029,#2031,#1927,.T.);
#2063=EDGE_CURVE('',#2031,#2043,#1934,.T.);
#2074=EDGE_CURVE('',#2043,#2047,#1941,.T.);
#2076=EDGE_CURVE('',#2046,#2047,#1983,.T.);
#2078=EDGE_CURVE('',#2042,#2046,#1976,.T.);
#2097=EDGE_CURVE('',#2031,#2039,#1948,.T.);
#2099=EDGE_CURVE('',#2039,#2047,#1990,.T.);
#2110=EDGE_CURVE('',#2029,#2037,#1955,.T.);
#2112=EDGE_CURVE('',#2037,#2039,#1998,.T.);
#2124=EDGE_CURVE('',#2027,#2035,#1962,.T.);
#2126=EDGE_CURVE('',#2035,#2037,#2005,.T.);
#2138=EDGE_CURVE('',#2026,#2034,#1969,.T.);
#2140=EDGE_CURVE('',#2034,#2035,#2013,.T.);
#2152=EDGE_CURVE('',#2046,#2034,#2020,.T.);
#2200=CIRCLE('',#2199,9.9E-2);
#2215=CIRCLE('',#2214,9.9E-2);
#2286=CIRCLE('',#2285,9.9E-2);
#2301=CIRCLE('',#2300,9.9E-2);
#2341=EDGE_CURVE('',#2330,#2331,#2185,.T.);
#2343=EDGE_CURVE('',#2330,#2314,#2192,.T.);
#2345=EDGE_CURVE('',#2314,#2315,#2200,.T.);
#2347=EDGE_CURVE('',#2315,#2317,#2207,.T.);
#2349=EDGE_CURVE('',#2317,#2319,#2215,.T.);
#2351=EDGE_CURVE('',#2319,#2331,#2222,.T.);
#2362=EDGE_CURVE('',#2331,#2335,#2229,.T.);
#2364=EDGE_CURVE('',#2334,#2335,#2271,.T.);
#2366=EDGE_CURVE('',#2330,#2334,#2264,.T.);
#2385=EDGE_CURVE('',#2319,#2327,#2236,.T.);
#2387=EDGE_CURVE('',#2327,#2335,#2278,.T.);
#2398=EDGE_CURVE('',#2317,#2325,#2243,.T.);
#2400=EDGE_CURVE('',#2325,#2327,#2286,.T.);
#2412=EDGE_CURVE('',#2315,#2323,#2250,.T.);
#2414=EDGE_CURVE('',#2323,#2325,#2293,.T.);
#2426=EDGE_CURVE('',#2314,#2322,#2257,.T.);
#2428=EDGE_CURVE('',#2322,#2323,#2301,.T.);
#2440=EDGE_CURVE('',#2334,#2322,#2308,.T.);
#2488=CIRCLE('',#2487,9.9E-2);
#2503=CIRCLE('',#2502,9.9E-2);
#2574=CIRCLE('',#2573,9.9E-2);
#2589=CIRCLE('',#2588,9.9E-2);
#2629=EDGE_CURVE('',#2618,#2619,#2473,.T.);
#2631=EDGE_CURVE('',#2618,#2602,#2480,.T.);
#2633=EDGE_CURVE('',#2602,#2603,#2488,.T.);
#2635=EDGE_CURVE('',#2603,#2605,#2495,.T.);
#2637=EDGE_CURVE('',#2605,#2607,#2503,.T.);
#2639=EDGE_CURVE('',#2607,#2619,#2510,.T.);
#2650=EDGE_CURVE('',#2619,#2623,#2517,.T.);
#2652=EDGE_CURVE('',#2622,#2623,#2559,.T.);
#2654=EDGE_CURVE('',#2618,#2622,#2552,.T.);
#2673=EDGE_CURVE('',#2607,#2615,#2524,.T.);
#2675=EDGE_CURVE('',#2615,#2623,#2566,.T.);
#2686=EDGE_CURVE('',#2605,#2613,#2531,.T.);
#2688=EDGE_CURVE('',#2613,#2615,#2574,.T.);
#2700=EDGE_CURVE('',#2603,#2611,#2538,.T.);
#2702=EDGE_CURVE('',#2611,#2613,#2581,.T.);
#2714=EDGE_CURVE('',#2602,#2610,#2545,.T.);
#2716=EDGE_CURVE('',#2610,#2611,#2589,.T.);
#2728=EDGE_CURVE('',#2622,#2610,#2596,.T.);
#2776=CIRCLE('',#2775,9.9E-2);
#2791=CIRCLE('',#2790,9.9E-2);
#2862=CIRCLE('',#2861,9.9E-2);
#2877=CIRCLE('',#2876,9.9E-2);
#2917=EDGE_CURVE('',#2906,#2907,#2761,.T.);
#2919=EDGE_CURVE('',#2895,#2907,#2768,.T.);
#2921=EDGE_CURVE('',#2893,#2895,#2776,.T.);
#2923=EDGE_CURVE('',#2891,#2893,#2783,.T.);
#2925=EDGE_CURVE('',#2890,#2891,#2791,.T.);
#2927=EDGE_CURVE('',#2906,#2890,#2798,.T.);
#2938=EDGE_CURVE('',#2906,#2910,#2805,.T.);
#2940=EDGE_CURVE('',#2910,#2911,#2847,.T.);
#2942=EDGE_CURVE('',#2907,#2911,#2833,.T.);
#2961=EDGE_CURVE('',#2890,#2898,#2812,.T.);
#2963=EDGE_CURVE('',#2910,#2898,#2854,.T.);
#2974=EDGE_CURVE('',#2891,#2899,#2819,.T.);
#2976=EDGE_CURVE('',#2898,#2899,#2862,.T.);
#2988=EDGE_CURVE('',#2893,#2901,#2826,.T.);
#2990=EDGE_CURVE('',#2899,#2901,#2869,.T.);
#3002=EDGE_CURVE('',#2895,#2903,#2840,.T.);
#3004=EDGE_CURVE('',#2901,#2903,#2877,.T.);
#3016=EDGE_CURVE('',#2903,#2911,#2884,.T.);
#3064=CIRCLE('',#3063,9.9E-2);
#3079=CIRCLE('',#3078,9.9E-2);
#3150=CIRCLE('',#3149,9.9E-2);
#3165=CIRCLE('',#3164,9.9E-2);
#3205=EDGE_CURVE('',#3194,#3195,#3049,.T.);
#3207=EDGE_CURVE('',#3183,#3195,#3056,.T.);
#3209=EDGE_CURVE('',#3181,#3183,#3064,.T.);
#3211=EDGE_CURVE('',#3179,#3181,#3071,.T.);
#3213=EDGE_CURVE('',#3178,#3179,#3079,.T.);
#3215=EDGE_CURVE('',#3194,#3178,#3086,.T.);
#3226=EDGE_CURVE('',#3194,#3198,#3093,.T.);
#3228=EDGE_CURVE('',#3198,#3199,#3135,.T.);
#3230=EDGE_CURVE('',#3195,#3199,#3121,.T.);
#3249=EDGE_CURVE('',#3178,#3186,#3100,.T.);
#3251=EDGE_CURVE('',#3198,#3186,#3142,.T.);
#3262=EDGE_CURVE('',#3179,#3187,#3107,.T.);
#3264=EDGE_CURVE('',#3186,#3187,#3150,.T.);
#3276=EDGE_CURVE('',#3181,#3189,#3114,.T.);
#3278=EDGE_CURVE('',#3187,#3189,#3157,.T.);
#3290=EDGE_CURVE('',#3183,#3191,#3128,.T.);
#3292=EDGE_CURVE('',#3189,#3191,#3165,.T.);
#3304=EDGE_CURVE('',#3191,#3199,#3172,.T.);
#3352=CIRCLE('',#3351,9.9E-2);
#3367=CIRCLE('',#3366,9.9E-2);
#3438=CIRCLE('',#3437,9.9E-2);
#3453=CIRCLE('',#3452,9.9E-2);
#3493=EDGE_CURVE('',#3482,#3483,#3337,.T.);
#3495=EDGE_CURVE('',#3471,#3483,#3344,.T.);
#3497=EDGE_CURVE('',#3469,#3471,#3352,.T.);
#3499=EDGE_CURVE('',#3467,#3469,#3359,.T.);
#3501=EDGE_CURVE('',#3466,#3467,#3367,.T.);
#3503=EDGE_CURVE('',#3482,#3466,#3374,.T.);
#3514=EDGE_CURVE('',#3482,#3486,#3381,.T.);
#3516=EDGE_CURVE('',#3486,#3487,#3423,.T.);
#3518=EDGE_CURVE('',#3483,#3487,#3409,.T.);
#3537=EDGE_CURVE('',#3466,#3474,#3388,.T.);
#3539=EDGE_CURVE('',#3486,#3474,#3430,.T.);
#3550=EDGE_CURVE('',#3467,#3475,#3395,.T.);
#3552=EDGE_CURVE('',#3474,#3475,#3438,.T.);
#3564=EDGE_CURVE('',#3469,#3477,#3402,.T.);
#3566=EDGE_CURVE('',#3475,#3477,#3445,.T.);
#3578=EDGE_CURVE('',#3471,#3479,#3416,.T.);
#3580=EDGE_CURVE('',#3477,#3479,#3453,.T.);
#3592=EDGE_CURVE('',#3479,#3487,#3460,.T.);
#3727=EDGE_CURVE('',#3708,#3709,#3625,.T.);
#3729=EDGE_CURVE('',#3709,#3711,#3632,.T.);
#3731=EDGE_CURVE('',#3711,#3713,#3639,.T.);
#3733=EDGE_CURVE('',#3713,#3708,#3646,.T.);
#3744=EDGE_CURVE('',#3708,#3716,#3653,.T.);
#3746=EDGE_CURVE('',#3716,#3717,#3681,.T.);
#3748=EDGE_CURVE('',#3709,#3717,#3674,.T.);
#3759=EDGE_CURVE('',#3713,#3721,#3660,.T.);
#3761=EDGE_CURVE('',#3721,#3716,#3688,.T.);
#3773=EDGE_CURVE('',#3711,#3719,#3667,.T.);
#3775=EDGE_CURVE('',#3719,#3721,#3695,.T.);
#3788=EDGE_CURVE('',#3717,#3719,#3702,.T.);
#3920=EDGE_CURVE('',#3909,#3910,#3818,.T.);
#3922=EDGE_CURVE('',#3909,#3901,#3825,.T.);
#3924=EDGE_CURVE('',#3901,#3902,#3832,.T.);
#3926=EDGE_CURVE('',#3902,#3910,#3839,.T.);
#3937=EDGE_CURVE('',#3910,#3914,#3846,.T.);
#3939=EDGE_CURVE('',#3912,#3914,#3874,.T.);
#3941=EDGE_CURVE('',#3909,#3912,#3867,.T.);
#3960=EDGE_CURVE('',#3902,#3906,#3853,.T.);
#3962=EDGE_CURVE('',#3906,#3914,#3881,.T.);
#3973=EDGE_CURVE('',#3901,#3905,#3860,.T.);
#3975=EDGE_CURVE('',#3905,#3906,#3888,.T.);
#3987=EDGE_CURVE('',#3912,#3905,#3895,.T.);
#4120=EDGE_CURVE('',#4109,#4110,#4018,.T.);
#4122=EDGE_CURVE('',#4109,#4101,#4025,.T.);
#4124=EDGE_CURVE('',#4101,#4102,#4032,.T.);
#4126=EDGE_CURVE('',#4102,#4110,#4039,.T.);
#4137=EDGE_CURVE('',#4110,#4114,#4046,.T.);
#4139=EDGE_CURVE('',#4112,#4114,#4074,.T.);
#4141=EDGE_CURVE('',#4109,#4112,#4067,.T.);
#4160=EDGE_CURVE('',#4102,#4106,#4053,.T.);
#4162=EDGE_CURVE('',#4106,#4114,#4081,.T.);
#4173=EDGE_CURVE('',#4101,#4105,#4060,.T.);
#4175=EDGE_CURVE('',#4105,#4106,#4088,.T.);
#4187=EDGE_CURVE('',#4112,#4105,#4095,.T.);
#4320=EDGE_CURVE('',#4309,#4310,#4218,.T.);
#4322=EDGE_CURVE('',#4310,#4301,#4225,.T.);
#4324=EDGE_CURVE('',#4301,#4302,#4232,.T.);
#4326=EDGE_CURVE('',#4302,#4309,#4239,.T.);
#4337=EDGE_CURVE('',#4309,#4314,#4246,.T.);
#4339=EDGE_CURVE('',#4314,#4312,#4274,.T.);
#4341=EDGE_CURVE('',#4310,#4312,#4267,.T.);
#4360=EDGE_CURVE('',#4302,#4306,#4253,.T.);
#4362=EDGE_CURVE('',#4306,#4314,#4281,.T.);
#4373=EDGE_CURVE('',#4301,#4305,#4260,.T.);
#4375=EDGE_CURVE('',#4305,#4306,#4288,.T.);
#4387=EDGE_CURVE('',#4312,#4305,#4295,.T.);
#4520=EDGE_CURVE('',#4509,#4510,#4418,.T.);
#4522=EDGE_CURVE('',#4510,#4501,#4425,.T.);
#4524=EDGE_CURVE('',#4501,#4502,#4432,.T.);
#4526=EDGE_CURVE('',#4502,#4509,#4439,.T.);
#4537=EDGE_CURVE('',#4509,#4514,#4446,.T.);
#4539=EDGE_CURVE('',#4514,#4512,#4474,.T.);
#4541=EDGE_CURVE('',#4510,#4512,#4467,.T.);
#4560=EDGE_CURVE('',#4502,#4506,#4453,.T.);
#4562=EDGE_CURVE('',#4506,#4514,#4481,.T.);
#4573=EDGE_CURVE('',#4501,#4505,#4460,.T.);
#4575=EDGE_CURVE('',#4505,#4506,#4488,.T.);
#4587=EDGE_CURVE('',#4512,#4505,#4495,.T.);
#4614=(LENGTH_UNIT()NAMED_UNIT(*)SI_UNIT(.MILLI.,.METRE.));
#4616=(NAMED_UNIT(*)PLANE_ANGLE_UNIT()SI_UNIT($,.RADIAN.));
#4619=(NAMED_UNIT(*)SI_UNIT($,.STERADIAN.)SOLID_ANGLE_UNIT());
#4625=AXIS2_PLACEMENT_3D('',#4622,#4623,#4624);
#4626=ADVANCED_BREP_SHAPE_REPRESENTATION('',(#4625,#497,#960,#1423,#1886,#2174,
#2462,#2750,#3038,#3326,#3614,#3807,#4007,#4207,#4407,#4607),#4621);
#4633=PRODUCT_DEFINITION('design','',#4632,#4629);
#4634=PRODUCT_DEFINITION_SHAPE('','SHAPE FOR FRAME.',#4633);
#4635=SHAPE_DEFINITION_REPRESENTATION(#4634,#4626);
#4636=SHAPE_DEFINITION_REPRESENTATION(#4637,#4638);
#4637=PRODUCT_DEFINITION_SHAPE('','SHAPE FOR DPU0014A_ASM.',#9009);
#4638=SHAPE_REPRESENTATION('',(#4644,#8988,#9003),#8999);
#4639=NEXT_ASSEMBLY_USAGE_OCCURRENCE('490','Next assembly relationship','FRAME',
#9009,#4633,$);
#4640=PRODUCT_DEFINITION_SHAPE('Placement #490',
'Placement of FRAME with respect to DPU0014A_ASM',#4639);
#4648=COLOUR_RGB('',1.E0,6.2E-1,5.2E-1);
#4689=CIRCLE('',#4688,9.9E-2);
#4704=CIRCLE('',#4703,9.9E-2);
#4733=CIRCLE('',#4732,9.9E-2);
#4748=CIRCLE('',#4747,9.9E-2);
#4777=CIRCLE('',#4776,9.9E-2);
#4792=CIRCLE('',#4791,9.9E-2);
#4821=CIRCLE('',#4820,9.9E-2);
#4836=CIRCLE('',#4835,9.9E-2);
#4865=CIRCLE('',#4864,9.9E-2);
#4880=CIRCLE('',#4879,9.9E-2);
#4923=CIRCLE('',#4922,9.9E-2);
#4938=CIRCLE('',#4937,9.9E-2);
#4967=CIRCLE('',#4966,9.9E-2);
#4982=CIRCLE('',#4981,9.9E-2);
#5011=CIRCLE('',#5010,9.9E-2);
#5026=CIRCLE('',#5025,9.9E-2);
#5055=CIRCLE('',#5054,9.9E-2);
#5070=CIRCLE('',#5069,9.9E-2);
#5099=CIRCLE('',#5098,9.9E-2);
#5114=CIRCLE('',#5113,9.9E-2);
#5437=CIRCLE('',#5436,9.9E-2);
#5452=CIRCLE('',#5451,9.9E-2);
#5523=CIRCLE('',#5522,9.9E-2);
#5538=CIRCLE('',#5537,9.9E-2);
#5553=CIRCLE('',#5552,9.9E-2);
#5568=CIRCLE('',#5567,9.9E-2);
#5611=CIRCLE('',#5610,9.9E-2);
#5626=CIRCLE('',#5625,9.9E-2);
#5963=CIRCLE('',#5962,9.9E-2);
#5978=CIRCLE('',#5977,9.9E-2);
#6028=CIRCLE('',#6027,9.9E-2);
#6043=CIRCLE('',#6042,9.9E-2);
#6093=CIRCLE('',#6092,9.9E-2);
#6108=CIRCLE('',#6107,9.9E-2);
#6578=CIRCLE('',#6577,9.9E-2);
#6593=CIRCLE('',#6592,9.9E-2);
#6643=CIRCLE('',#6642,9.9E-2);
#6658=CIRCLE('',#6657,9.9E-2);
#6708=CIRCLE('',#6707,9.9E-2);
#6723=CIRCLE('',#6722,9.9E-2);
#7195=EDGE_CURVE('',#6814,#6815,#4653,.T.);
#7197=EDGE_CURVE('',#6814,#6826,#4660,.T.);
#7199=EDGE_CURVE('',#6826,#6827,#4667,.T.);
#7201=EDGE_CURVE('',#6815,#6827,#4674,.T.);
#7211=EDGE_CURVE('',#6818,#6819,#4681,.T.);
#7213=EDGE_CURVE('',#7021,#6819,#4689,.T.);
#7215=EDGE_CURVE('',#7020,#7021,#4696,.T.);
#7217=EDGE_CURVE('',#6823,#7020,#4704,.T.);
#7219=EDGE_CURVE('',#6822,#6823,#4711,.T.);
#7221=EDGE_CURVE('',#6822,#6834,#4718,.T.);
#7223=EDGE_CURVE('',#6834,#6835,#4725,.T.);
#7225=EDGE_CURVE('',#7025,#6835,#4733,.T.);
#7227=EDGE_CURVE('',#7023,#7025,#4740,.T.);
#7229=EDGE_CURVE('',#6831,#7023,#4748,.T.);
#7231=EDGE_CURVE('',#6830,#6831,#4755,.T.);
#7233=EDGE_CURVE('',#6830,#6842,#4762,.T.);
#7235=EDGE_CURVE('',#6842,#6843,#4769,.T.);
#7237=EDGE_CURVE('',#7029,#6843,#4777,.T.);
#7239=EDGE_CURVE('',#7027,#7029,#4784,.T.);
#7241=EDGE_CURVE('',#6839,#7027,#4792,.T.);
#7243=EDGE_CURVE('',#6838,#6839,#4799,.T.);
#7245=EDGE_CURVE('',#6838,#6850,#4806,.T.);
#7247=EDGE_CURVE('',#6850,#6851,#4813,.T.);
#7249=EDGE_CURVE('',#7033,#6851,#4821,.T.);
#7251=EDGE_CURVE('',#7031,#7033,#4828,.T.);
#7253=EDGE_CURVE('',#6847,#7031,#4836,.T.);
#7255=EDGE_CURVE('',#6846,#6847,#4843,.T.);
#7257=EDGE_CURVE('',#6846,#6945,#4850,.T.);
#7259=EDGE_CURVE('',#6945,#7075,#4857,.T.);
#7261=EDGE_CURVE('',#7073,#7075,#4865,.T.);
#7263=EDGE_CURVE('',#7072,#7073,#4872,.T.);
#7265=EDGE_CURVE('',#7079,#7072,#4880,.T.);
#7267=EDGE_CURVE('',#7078,#7079,#4887,.T.);
#7269=EDGE_CURVE('',#7078,#6792,#4894,.T.);
#7271=EDGE_CURVE('',#6792,#6793,#4901,.T.);
#7273=EDGE_CURVE('',#6793,#6947,#4908,.T.);
#7275=EDGE_CURVE('',#6947,#7093,#4915,.T.);
#7277=EDGE_CURVE('',#7093,#7088,#4923,.T.);
#7279=EDGE_CURVE('',#7088,#7089,#4930,.T.);
#7281=EDGE_CURVE('',#7089,#7091,#4938,.T.);
#7283=EDGE_CURVE('',#6953,#7091,#4945,.T.);
#7285=EDGE_CURVE('',#6953,#6886,#4952,.T.);
#7287=EDGE_CURVE('',#6886,#6887,#4959,.T.);
#7289=EDGE_CURVE('',#6887,#7047,#4967,.T.);
#7291=EDGE_CURVE('',#7047,#7049,#4974,.T.);
#7293=EDGE_CURVE('',#7049,#6891,#4982,.T.);
#7295=EDGE_CURVE('',#6890,#6891,#4989,.T.);
#7297=EDGE_CURVE('',#6890,#6878,#4996,.T.);
#7299=EDGE_CURVE('',#6878,#6879,#5003,.T.);
#7301=EDGE_CURVE('',#6879,#7043,#5011,.T.);
#7303=EDGE_CURVE('',#7043,#7045,#5018,.T.);
#7305=EDGE_CURVE('',#7045,#6883,#5026,.T.);
#7307=EDGE_CURVE('',#6882,#6883,#5033,.T.);
#7309=EDGE_CURVE('',#6882,#6870,#5040,.T.);
#7311=EDGE_CURVE('',#6870,#6871,#5047,.T.);
#7313=EDGE_CURVE('',#6871,#7039,#5055,.T.);
#7315=EDGE_CURVE('',#7039,#7041,#5062,.T.);
#7317=EDGE_CURVE('',#7041,#6875,#5070,.T.);
#7319=EDGE_CURVE('',#6874,#6875,#5077,.T.);
#7321=EDGE_CURVE('',#6874,#6862,#5084,.T.);
#7323=EDGE_CURVE('',#6862,#6863,#5091,.T.);
#7325=EDGE_CURVE('',#6863,#7036,#5099,.T.);
#7327=EDGE_CURVE('',#7036,#7037,#5106,.T.);
#7329=EDGE_CURVE('',#7037,#6859,#5114,.T.);
#7331=EDGE_CURVE('',#6858,#6859,#5121,.T.);
#7333=EDGE_CURVE('',#6858,#6796,#5128,.T.);
#7335=EDGE_CURVE('',#6796,#6797,#5135,.T.);
#7337=EDGE_CURVE('',#6797,#6818,#5142,.T.);
#7341=EDGE_CURVE('',#6894,#6895,#5177,.T.);
#7343=EDGE_CURVE('',#6899,#6894,#5184,.T.);
#7345=EDGE_CURVE('',#6897,#6899,#5191,.T.);
#7347=EDGE_CURVE('',#6895,#6897,#5198,.T.);
#7357=EDGE_CURVE('',#6854,#6855,#5149,.T.);
#7359=EDGE_CURVE('',#6867,#6855,#5156,.T.);
#7361=EDGE_CURVE('',#6866,#6867,#5163,.T.);
#7363=EDGE_CURVE('',#6866,#6854,#5170,.T.);
#7373=EDGE_CURVE('',#6950,#6951,#5205,.T.);
#7375=EDGE_CURVE('',#6951,#7085,#5212,.T.);
#7377=EDGE_CURVE('',#7095,#7085,#5219,.T.);
#7379=EDGE_CURVE('',#6950,#7095,#5226,.T.);
#7389=EDGE_CURVE('',#7068,#7069,#5233,.T.);
#7391=EDGE_CURVE('',#7068,#7082,#5240,.T.);
#7393=EDGE_CURVE('',#7082,#7083,#5247,.T.);
#7395=EDGE_CURVE('',#7069,#7083,#5254,.T.);
#7406=EDGE_CURVE('',#6815,#7112,#5261,.T.);
#7408=EDGE_CURVE('',#6905,#7112,#5494,.T.);
#7410=EDGE_CURVE('',#6814,#6905,#5394,.T.);
#7421=EDGE_CURVE('',#6827,#7113,#5268,.T.);
#7423=EDGE_CURVE('',#7112,#7113,#5501,.T.);
#7435=EDGE_CURVE('',#6826,#6911,#5387,.T.);
#7437=EDGE_CURVE('',#7113,#6911,#5508,.T.);
#7448=EDGE_CURVE('',#6902,#6903,#5275,.T.);
#7450=EDGE_CURVE('',#7082,#6903,#5282,.T.);
#7453=EDGE_CURVE('',#7068,#7097,#5289,.T.);
#7455=EDGE_CURVE('',#7097,#7099,#5296,.T.);
#7457=EDGE_CURVE('',#6945,#7099,#5303,.T.);
#7460=EDGE_CURVE('',#6846,#6922,#5310,.T.);
#7462=EDGE_CURVE('',#6922,#6923,#5317,.T.);
#7464=EDGE_CURVE('',#6850,#6923,#5324,.T.);
#7467=EDGE_CURVE('',#6838,#6918,#5331,.T.);
#7469=EDGE_CURVE('',#6918,#6919,#5338,.T.);
#7471=EDGE_CURVE('',#6842,#6919,#5345,.T.);
#7474=EDGE_CURVE('',#6830,#6914,#5352,.T.);
#7476=EDGE_CURVE('',#6914,#6915,#5359,.T.);
#7478=EDGE_CURVE('',#6834,#6915,#5366,.T.);
#7481=EDGE_CURVE('',#6822,#6909,#5373,.T.);
#7483=EDGE_CURVE('',#6909,#6911,#5380,.T.);
#7488=EDGE_CURVE('',#6905,#6907,#5401,.T.);
#7490=EDGE_CURVE('',#6818,#6907,#5408,.T.);
#7493=EDGE_CURVE('',#6797,#6800,#5415,.T.);
#7495=EDGE_CURVE('',#6800,#6801,#6227,.T.);
#7497=EDGE_CURVE('',#6792,#6801,#6164,.T.);
#7500=EDGE_CURVE('',#7078,#6902,#5422,.T.);
#7511=EDGE_CURVE('',#6902,#7056,#5429,.T.);
#7513=EDGE_CURVE('',#7056,#7057,#5437,.T.);
#7515=EDGE_CURVE('',#7052,#7057,#5444,.T.);
#7517=EDGE_CURVE('',#7052,#7053,#5452,.T.);
#7519=EDGE_CURVE('',#7053,#7099,#5459,.T.);
#7522=EDGE_CURVE('',#7097,#7120,#5466,.T.);
#7524=EDGE_CURVE('',#7120,#7121,#5473,.T.);
#7526=EDGE_CURVE('',#7121,#6903,#5480,.T.);
#7536=EDGE_CURVE('',#6957,#6907,#5487,.T.);
#7543=EDGE_CURVE('',#6909,#6960,#5515,.T.);
#7545=EDGE_CURVE('',#6960,#6961,#5523,.T.);
#7547=EDGE_CURVE('',#6956,#6961,#5530,.T.);
#7549=EDGE_CURVE('',#6956,#6957,#5538,.T.);
#7559=EDGE_CURVE('',#6989,#6927,#5545,.T.);
#7561=EDGE_CURVE('',#6988,#6989,#5553,.T.);
#7563=EDGE_CURVE('',#6993,#6988,#5560,.T.);
#7565=EDGE_CURVE('',#6992,#6993,#5568,.T.);
#7567=EDGE_CURVE('',#6929,#6992,#5575,.T.);
#7569=EDGE_CURVE('',#6929,#6931,#5773,.T.);
#7571=EDGE_CURVE('',#7116,#6931,#5582,.T.);
#7573=EDGE_CURVE('',#7116,#7117,#5589,.T.);
#7575=EDGE_CURVE('',#6925,#7117,#5596,.T.);
#7577=EDGE_CURVE('',#6925,#6927,#5906,.T.);
#7587=EDGE_CURVE('',#7061,#7103,#5603,.T.);
#7589=EDGE_CURVE('',#7060,#7061,#5611,.T.);
#7591=EDGE_CURVE('',#7065,#7060,#5618,.T.);
#7593=EDGE_CURVE('',#7064,#7065,#5626,.T.);
#7595=EDGE_CURVE('',#7105,#7064,#5633,.T.);
#7597=EDGE_CURVE('',#7105,#7107,#5878,.T.);
#7599=EDGE_CURVE('',#7124,#7107,#5640,.T.);
#7601=EDGE_CURVE('',#7124,#7125,#5647,.T.);
#7603=EDGE_CURVE('',#7101,#7125,#5654,.T.);
#7605=EDGE_CURVE('',#7101,#7103,#5857,.T.);
#7616=EDGE_CURVE('',#7079,#7056,#5661,.T.);
#7629=EDGE_CURVE('',#7072,#7057,#5668,.T.);
#7642=EDGE_CURVE('',#7073,#7052,#5675,.T.);
#7655=EDGE_CURVE('',#7075,#7053,#5682,.T.);
#7680=EDGE_CURVE('',#7069,#7120,#5689,.T.);
#7693=EDGE_CURVE('',#7083,#7121,#5696,.T.);
#7720=EDGE_CURVE('',#6819,#6957,#5703,.T.);
#7733=EDGE_CURVE('',#7021,#6956,#5710,.T.);
#7746=EDGE_CURVE('',#7020,#6961,#5717,.T.);
#7759=EDGE_CURVE('',#6823,#6960,#5724,.T.);
#7782=EDGE_CURVE('',#6859,#6989,#5731,.T.);
#7785=EDGE_CURVE('',#6858,#6927,#5899,.T.);
#7796=EDGE_CURVE('',#7037,#6988,#5738,.T.);
#7809=EDGE_CURVE('',#7036,#6993,#5745,.T.);
#7822=EDGE_CURVE('',#6863,#6992,#5752,.T.);
#7835=EDGE_CURVE('',#6862,#6929,#5780,.T.);
#7847=EDGE_CURVE('',#6854,#6925,#5759,.T.);
#7850=EDGE_CURVE('',#6866,#6931,#5766,.T.);
#7855=EDGE_CURVE('',#6874,#6935,#5787,.T.);
#7857=EDGE_CURVE('',#6934,#6935,#5794,.T.);
#7859=EDGE_CURVE('',#6870,#6934,#5801,.T.);
#7862=EDGE_CURVE('',#6882,#6939,#5808,.T.);
#7864=EDGE_CURVE('',#6938,#6939,#5815,.T.);
#7866=EDGE_CURVE('',#6878,#6938,#5822,.T.);
#7869=EDGE_CURVE('',#6890,#6943,#5829,.T.);
#7871=EDGE_CURVE('',#6942,#6943,#5836,.T.);
#7873=EDGE_CURVE('',#6886,#6942,#5843,.T.);
#7876=EDGE_CURVE('',#6953,#7103,#5850,.T.);
#7879=EDGE_CURVE('',#6951,#7101,#5864,.T.);
#7882=EDGE_CURVE('',#6950,#7107,#5871,.T.);
#7885=EDGE_CURVE('',#6947,#7105,#5885,.T.);
#7888=EDGE_CURVE('',#6793,#6803,#5892,.T.);
#7890=EDGE_CURVE('',#6803,#6805,#6241,.T.);
#7892=EDGE_CURVE('',#6796,#6805,#6255,.T.);
#7908=EDGE_CURVE('',#6855,#7117,#5913,.T.);
#7921=EDGE_CURVE('',#6867,#7116,#5920,.T.);
#7944=EDGE_CURVE('',#6875,#7001,#5927,.T.);
#7946=EDGE_CURVE('',#7001,#6935,#5955,.T.);
#7958=EDGE_CURVE('',#7041,#6999,#5934,.T.);
#7960=EDGE_CURVE('',#6999,#7001,#5963,.T.);
#7972=EDGE_CURVE('',#7039,#6997,#5941,.T.);
#7974=EDGE_CURVE('',#6997,#6999,#5970,.T.);
#7986=EDGE_CURVE('',#6871,#6996,#5948,.T.);
#7988=EDGE_CURVE('',#6996,#6997,#5978,.T.);
#8001=EDGE_CURVE('',#6934,#6996,#5985,.T.);
#8027=EDGE_CURVE('',#6883,#7009,#5992,.T.);
#8029=EDGE_CURVE('',#7009,#6939,#6020,.T.);
#8041=EDGE_CURVE('',#7045,#7007,#5999,.T.);
#8043=EDGE_CURVE('',#7007,#7009,#6028,.T.);
#8055=EDGE_CURVE('',#7043,#7005,#6006,.T.);
#8057=EDGE_CURVE('',#7005,#7007,#6035,.T.);
#8069=EDGE_CURVE('',#6879,#7004,#6013,.T.);
#8071=EDGE_CURVE('',#7004,#7005,#6043,.T.);
#8084=EDGE_CURVE('',#6938,#7004,#6050,.T.);
#8110=EDGE_CURVE('',#6891,#7017,#6057,.T.);
#8112=EDGE_CURVE('',#7017,#6943,#6085,.T.);
#8124=EDGE_CURVE('',#7049,#7015,#6064,.T.);
#8126=EDGE_CURVE('',#7015,#7017,#6093,.T.);
#8138=EDGE_CURVE('',#7047,#7013,#6071,.T.);
#8140=EDGE_CURVE('',#7013,#7015,#6100,.T.);
#8152=EDGE_CURVE('',#6887,#7012,#6078,.T.);
#8154=EDGE_CURVE('',#7012,#7013,#6108,.T.);
#8167=EDGE_CURVE('',#6942,#7012,#6115,.T.);
#8193=EDGE_CURVE('',#7091,#7061,#6122,.T.);
#8206=EDGE_CURVE('',#7089,#7060,#6129,.T.);
#8219=EDGE_CURVE('',#7088,#7065,#6136,.T.);
#8232=EDGE_CURVE('',#7093,#7064,#6143,.T.);
#8259=EDGE_CURVE('',#7085,#7125,#6150,.T.);
#8272=EDGE_CURVE('',#7095,#7124,#6157,.T.);
#8296=EDGE_CURVE('',#6801,#6803,#6248,.T.);
#8301=EDGE_CURVE('',#7160,#7161,#6171,.T.);
#8303=EDGE_CURVE('',#7161,#7167,#6178,.T.);
#8305=EDGE_CURVE('',#7169,#7167,#6185,.T.);
#8307=EDGE_CURVE('',#7160,#7169,#6192,.T.);
#8311=EDGE_CURVE('',#7164,#7165,#6199,.T.);
#8313=EDGE_CURVE('',#7165,#7171,#6206,.T.);
#8315=EDGE_CURVE('',#7173,#7171,#6213,.T.);
#8317=EDGE_CURVE('',#7164,#7173,#6220,.T.);
#8328=EDGE_CURVE('',#6805,#6800,#6234,.T.);
#8346=EDGE_CURVE('',#7176,#7177,#6262,.T.);
#8348=EDGE_CURVE('',#7176,#7183,#6269,.T.);
#8350=EDGE_CURVE('',#7183,#7185,#6276,.T.);
#8352=EDGE_CURVE('',#7177,#7185,#6283,.T.);
#8356=EDGE_CURVE('',#7180,#7181,#6290,.T.);
#8358=EDGE_CURVE('',#7180,#7187,#6297,.T.);
#8360=EDGE_CURVE('',#7187,#7189,#6304,.T.);
#8362=EDGE_CURVE('',#7181,#7189,#6311,.T.);
#8373=EDGE_CURVE('',#7129,#7160,#6318,.T.);
#8375=EDGE_CURVE('',#7128,#7129,#6325,.T.);
#8377=EDGE_CURVE('',#7161,#7128,#6332,.T.);
#8388=EDGE_CURVE('',#7133,#7164,#6339,.T.);
#8390=EDGE_CURVE('',#7132,#7133,#6346,.T.);
#8392=EDGE_CURVE('',#7165,#7132,#6353,.T.);
#8403=EDGE_CURVE('',#7137,#7177,#6360,.T.);
#8405=EDGE_CURVE('',#7136,#7137,#6367,.T.);
#8407=EDGE_CURVE('',#7176,#7136,#6374,.T.);
#8418=EDGE_CURVE('',#7141,#7181,#6381,.T.);
#8420=EDGE_CURVE('',#7140,#7141,#6388,.T.);
#8422=EDGE_CURVE('',#7180,#7140,#6395,.T.);
#8433=EDGE_CURVE('',#7145,#7169,#6423,.T.);
#8435=EDGE_CURVE('',#7129,#7145,#6402,.T.);
#8447=EDGE_CURVE('',#7167,#7144,#6409,.T.);
#8449=EDGE_CURVE('',#7144,#7145,#6416,.T.);
#8461=EDGE_CURVE('',#7171,#7148,#6430,.T.);
#8463=EDGE_CURVE('',#7148,#7149,#6437,.T.);
#8465=EDGE_CURVE('',#7149,#7173,#6444,.T.);
#8476=EDGE_CURVE('',#7183,#7152,#6451,.T.);
#8478=EDGE_CURVE('',#7152,#7153,#6458,.T.);
#8480=EDGE_CURVE('',#7153,#7185,#6465,.T.);
#8491=EDGE_CURVE('',#7187,#7156,#6472,.T.);
#8493=EDGE_CURVE('',#7156,#7157,#6479,.T.);
#8495=EDGE_CURVE('',#7157,#7189,#6486,.T.);
#8507=EDGE_CURVE('',#7128,#7144,#6493,.T.);
#8532=EDGE_CURVE('',#7132,#7148,#6500,.T.);
#8544=EDGE_CURVE('',#7133,#7149,#6507,.T.);
#8570=EDGE_CURVE('',#7136,#7152,#6514,.T.);
#8582=EDGE_CURVE('',#7137,#7153,#6521,.T.);
#8608=EDGE_CURVE('',#7140,#7156,#6528,.T.);
#8620=EDGE_CURVE('',#7141,#7157,#6535,.T.);
#8645=EDGE_CURVE('',#6847,#6980,#6542,.T.);
#8647=EDGE_CURVE('',#6922,#6980,#6570,.T.);
#8659=EDGE_CURVE('',#7031,#6981,#6549,.T.);
#8661=EDGE_CURVE('',#6980,#6981,#6578,.T.);
#8673=EDGE_CURVE('',#7033,#6983,#6556,.T.);
#8675=EDGE_CURVE('',#6981,#6983,#6585,.T.);
#8687=EDGE_CURVE('',#6851,#6985,#6563,.T.);
#8689=EDGE_CURVE('',#6983,#6985,#6593,.T.);
#8702=EDGE_CURVE('',#6985,#6923,#6600,.T.);
#8728=EDGE_CURVE('',#6839,#6972,#6607,.T.);
#8730=EDGE_CURVE('',#6918,#6972,#6635,.T.);
#8742=EDGE_CURVE('',#7027,#6973,#6614,.T.);
#8744=EDGE_CURVE('',#6972,#6973,#6643,.T.);
#8756=EDGE_CURVE('',#7029,#6975,#6621,.T.);
#8758=EDGE_CURVE('',#6973,#6975,#6650,.T.);
#8770=EDGE_CURVE('',#6843,#6977,#6628,.T.);
#8772=EDGE_CURVE('',#6975,#6977,#6658,.T.);
#8785=EDGE_CURVE('',#6977,#6919,#6665,.T.);
#8811=EDGE_CURVE('',#6831,#6964,#6672,.T.);
#8813=EDGE_CURVE('',#6914,#6964,#6700,.T.);
#8825=EDGE_CURVE('',#7023,#6965,#6679,.T.);
#8827=EDGE_CURVE('',#6964,#6965,#6708,.T.);
#8839=EDGE_CURVE('',#7025,#6967,#6686,.T.);
#8841=EDGE_CURVE('',#6965,#6967,#6715,.T.);
#8853=EDGE_CURVE('',#6835,#6969,#6693,.T.);
#8855=EDGE_CURVE('',#6967,#6969,#6723,.T.);
#8868=EDGE_CURVE('',#6969,#6915,#6730,.T.);
#8894=EDGE_CURVE('',#6895,#6808,#6744,.T.);
#8896=EDGE_CURVE('',#7109,#6808,#6765,.T.);
#8898=EDGE_CURVE('',#6894,#7109,#6737,.T.);
#8909=EDGE_CURVE('',#6897,#6809,#6751,.T.);
#8911=EDGE_CURVE('',#6808,#6809,#6772,.T.);
#8923=EDGE_CURVE('',#6899,#6811,#6758,.T.);
#8925=EDGE_CURVE('',#6809,#6811,#6779,.T.);
#8938=EDGE_CURVE('',#6811,#7109,#6786,.T.);
#8964=(LENGTH_UNIT()NAMED_UNIT(*)SI_UNIT(.MILLI.,.METRE.));
#8966=(NAMED_UNIT(*)PLANE_ANGLE_UNIT()SI_UNIT($,.RADIAN.));
#8969=(NAMED_UNIT(*)SI_UNIT($,.STERADIAN.)SOLID_ANGLE_UNIT());
#8975=AXIS2_PLACEMENT_3D('',#8972,#8973,#8974);
#8976=ADVANCED_BREP_SHAPE_REPRESENTATION('',(#8975,#8957),#8971);
#8980=PRODUCT_DEFINITION('design','',#8979,#4629);
#8981=PRODUCT_DEFINITION_SHAPE('','SHAPE FOR BODY.',#8980);
#8982=SHAPE_DEFINITION_REPRESENTATION(#8981,#8976);
#8983=NEXT_ASSEMBLY_USAGE_OCCURRENCE('491','Next assembly relationship','BODY',
#9009,#8980,$);
#8984=PRODUCT_DEFINITION_SHAPE('Placement #491',
'Placement of BODY with respect to DPU0014A_ASM',#8983);
#8992=(LENGTH_UNIT()NAMED_UNIT(*)SI_UNIT(.MILLI.,.METRE.));
#8994=(NAMED_UNIT(*)PLANE_ANGLE_UNIT()SI_UNIT($,.RADIAN.));
#8997=(NAMED_UNIT(*)SI_UNIT($,.STERADIAN.)SOLID_ANGLE_UNIT());
#9003=AXIS2_PLACEMENT_3D('',#9000,#9001,#9002);
#9009=PRODUCT_DEFINITION('design','',#9008,#9005);
ENDSEC;
END-ISO-10303-21;
