ISO-10303-21;
HEADER;
FILE_DESCRIPTION((''),'2;1');
FILE_NAME('C-1827654-1','2012-11-15T',('workeradm'),('Tyco Electronics Ltd.'),
'PRO/ENGINEER BY PARAMETRIC TECHNOLOGY CORPORATION, 2010430',
'PRO/ENGINEER BY PARAMETRIC TECHNOLOGY CORPORATION, 2010430','');
FILE_SCHEMA(('AUTOMOTIVE_DESIGN { 1 0 10303 214 1 1 1 1 }'));
ENDSEC;
DATA;
#1=DRAUGHTING_PRE_DEFINED_COLOUR('black');
#2=COLOUR_RGB('',0.E0,0.E0,3.6E-1);
#3=COLOUR_RGB('',0.E0,0.E0,4.8E-1);
#4=DRAUGHTING_PRE_DEFINED_COLOUR('blue');
#5=COLOUR_RGB('',0.E0,3.6E-1,9.E-2);
#6=COLOUR_RGB('',0.E0,3.6E-1,2.7E-1);
#7=COLOUR_RGB('',0.E0,5.6E-1,6.4E-1);
#8=COLOUR_RGB('',0.E0,5.8E-1,8.E-1);
#9=COLOUR_RGB('',0.E0,7.1E-1,6.6E-1);
#10=COLOUR_RGB('',0.E0,7.13E-1,0.E0);
#11=COLOUR_RGB('',0.E0,9.5E-1,8.4E-1);
#12=DRAUGHTING_PRE_DEFINED_COLOUR('green');
#13=DRAUGHTING_PRE_DEFINED_COLOUR('cyan');
#14=COLOUR_RGB('',4.E-2,0.E0,1.6E-1);
#15=COLOUR_RGB('',9.E-2,0.E0,1.2E-1);
#16=COLOUR_RGB('',1.E-1,0.E0,2.5E-1);
#17=COLOUR_RGB('',1.6E-1,3.2E-2,0.E0);
#18=COLOUR_RGB('',1.6E-1,4.6E-1,6.5E-1);
#19=COLOUR_RGB('',1.6E-1,1.E0,1.6E-1);
#20=COLOUR_RGB('',2.E-1,3.2E-2,0.E0);
#21=COLOUR_RGB('',3.1E-1,3.1E-1,5.6E-1);
#22=COLOUR_RGB('',3.2E-1,1.5E-1,0.E0);
#23=COLOUR_RGB('',4.E-1,4.E-1,4.E-1);
#24=COLOUR_RGB('',4.2E-1,4.2E-1,1.E0);
#25=COLOUR_RGB('',4.4E-1,8.5E-1,1.E0);
#26=COLOUR_RGB('',4.9E-1,4.9E-1,0.E0);
#27=COLOUR_RGB('',4.9E-1,1.E0,0.E0);
#28=COLOUR_RGB('',5.E-1,0.E0,0.E0);
#29=COLOUR_RGB('',5.E-1,0.E0,2.3E-1);
#30=COLOUR_RGB('',5.E-1,5.E-1,5.E-1);
#31=COLOUR_RGB('',5.3E-1,0.E0,0.E0);
#32=COLOUR_RGB('',5.4E-1,0.E0,4.4E-1);
#33=COLOUR_RGB('',5.5E-1,3.E-1,0.E0);
#34=COLOUR_RGB('',5.6E-1,1.E-1,5.E-2);
#35=COLOUR_RGB('',5.8E-1,2.2E-1,1.E-2);
#36=COLOUR_RGB('',6.E-1,6.E-1,6.E-1);
#37=COLOUR_RGB('',6.2E-1,0.E0,5.5E-1);
#38=COLOUR_RGB('',6.4E-1,0.E0,2.5E-1);
#39=COLOUR_RGB('',6.4E-1,1.E-2,0.E0);
#40=COLOUR_RGB('',6.8E-1,7.5E-1,1.E0);
#41=COLOUR_RGB('',7.1E-1,3.1E-1,0.E0);
#42=COLOUR_RGB('',7.2E-1,7.2E-1,7.2E-1);
#43=COLOUR_RGB('',7.4E-1,1.E0,2.6E-1);
#44=COLOUR_RGB('',7.5E-1,3.E-2,0.E0);
#45=COLOUR_RGB('',7.6E-1,0.E0,4.7E-1);
#46=COLOUR_RGB('',8.1E-1,4.E-2,0.E0);
#47=COLOUR_RGB('',8.1E-1,6.1E-1,0.E0);
#48=COLOUR_RGB('',8.2E-1,4.E-2,6.6E-1);
#49=COLOUR_RGB('',8.5E-1,8.5E-1,8.5E-1);
#50=COLOUR_RGB('',8.784E-1,9.49E-1,1.E0);
#51=COLOUR_RGB('',9.E-1,1.E0,0.E0);
#52=COLOUR_RGB('',9.37E-1,7.85E-1,0.E0);
#53=COLOUR_RGB('',9.5E-1,2.2E-1,8.1E-1);
#54=COLOUR_RGB('',9.6E-1,3.7E-1,3.E-1);
#55=COLOUR_RGB('',9.6E-1,7.1E-1,3.75E-1);
#56=DRAUGHTING_PRE_DEFINED_COLOUR('red');
#57=COLOUR_RGB('',1.E0,0.E0,6.1E-1);
#58=COLOUR_RGB('',1.E0,4.E-2,0.E0);
#59=COLOUR_RGB('',1.E0,2.3E-1,0.E0);
#60=COLOUR_RGB('',1.E0,3.5E-1,5.2E-1);
#61=COLOUR_RGB('',1.E0,3.6E-1,0.E0);
#62=COLOUR_RGB('',1.E0,4.9E-1,3.7E-1);
#63=COLOUR_RGB('',1.E0,5.E-1,0.E0);
#64=COLOUR_RGB('',1.E0,5.6E-1,7.8E-1);
#65=COLOUR_RGB('',1.E0,6.4E-1,4.9E-1);
#66=COLOUR_RGB('',1.E0,6.7E-1,0.E0);
#67=COLOUR_RGB('',1.E0,7.6E-1,6.5E-1);
#68=COLOUR_RGB('',1.E0,8.6E-1,4.E-2);
#69=COLOUR_RGB('',1.E0,9.8E-1,7.2E-1);
#70=DRAUGHTING_PRE_DEFINED_COLOUR('yellow');
#71=DRAUGHTING_PRE_DEFINED_COLOUR('white');
#72=DIRECTION('',(0.E0,0.E0,-1.E0));
#73=VECTOR('',#72,2.5E0);
#74=CARTESIAN_POINT('',(-8.85E0,1.E0,0.E0));
#75=LINE('',#74,#73);
#76=DIRECTION('',(0.E0,1.E0,0.E0));
#77=VECTOR('',#76,3.5E-1);
#78=CARTESIAN_POINT('',(-8.85E0,1.E0,-2.5E0));
#79=LINE('',#78,#77);
#80=DIRECTION('',(0.E0,0.E0,-1.E0));
#81=VECTOR('',#80,1.E0);
#82=CARTESIAN_POINT('',(-8.85E0,1.35E0,-2.5E0));
#83=LINE('',#82,#81);
#84=DIRECTION('',(0.E0,1.E0,0.E0));
#85=VECTOR('',#84,6.5E-1);
#86=CARTESIAN_POINT('',(-8.85E0,1.35E0,-3.5E0));
#87=LINE('',#86,#85);
#88=DIRECTION('',(0.E0,0.E0,1.E0));
#89=VECTOR('',#88,3.5E0);
#90=CARTESIAN_POINT('',(-8.85E0,2.E0,-3.5E0));
#91=LINE('',#90,#89);
#92=DIRECTION('',(0.E0,-1.E0,0.E0));
#93=VECTOR('',#92,1.E0);
#94=CARTESIAN_POINT('',(-8.85E0,2.E0,0.E0));
#95=LINE('',#94,#93);
#96=DIRECTION('',(0.E0,0.E0,-1.E0));
#97=VECTOR('',#96,3.1E0);
#98=CARTESIAN_POINT('',(-8.85E0,1.E0,-2.5E0));
#99=LINE('',#98,#97);
#100=DIRECTION('',(7.071067811865E-1,7.071067811865E-1,0.E0));
#101=VECTOR('',#100,7.435028842544E-1);
#102=CARTESIAN_POINT('',(-2.725735931288E0,-1.9E0,0.E0));
#103=LINE('',#102,#101);
#104=DIRECTION('',(0.E0,1.E0,0.E0));
#105=VECTOR('',#104,2.748528137424E0);
#106=CARTESIAN_POINT('',(-2.2E0,-1.374264068712E0,0.E0));
#107=LINE('',#106,#105);
#108=DIRECTION('',(-7.071067811865E-1,7.071067811865E-1,0.E0));
#109=VECTOR('',#108,7.435028842544E-1);
#110=CARTESIAN_POINT('',(-2.2E0,1.374264068712E0,0.E0));
#111=LINE('',#110,#109);
#112=DIRECTION('',(-1.E0,0.E0,0.E0));
#113=VECTOR('',#112,5.485281374238E-1);
#114=CARTESIAN_POINT('',(-2.725735931288E0,1.9E0,0.E0));
#115=LINE('',#114,#113);
#116=DIRECTION('',(-7.071067811866E-1,-7.071067811865E-1,0.E0));
#117=VECTOR('',#116,7.435028842544E-1);
#118=CARTESIAN_POINT('',(-3.274264068712E0,1.9E0,0.E0));
#119=LINE('',#118,#117);
#120=DIRECTION('',(0.E0,-1.E0,0.E0));
#121=VECTOR('',#120,2.748528137424E0);
#122=CARTESIAN_POINT('',(-3.8E0,1.374264068712E0,0.E0));
#123=LINE('',#122,#121);
#124=DIRECTION('',(7.071067811866E-1,-7.071067811865E-1,0.E0));
#125=VECTOR('',#124,7.435028842544E-1);
#126=CARTESIAN_POINT('',(-3.8E0,-1.374264068712E0,0.E0));
#127=LINE('',#126,#125);
#128=DIRECTION('',(-1.E0,0.E0,0.E0));
#129=VECTOR('',#128,5.575735931288E0);
#130=CARTESIAN_POINT('',(-3.274264068712E0,-1.9E0,0.E0));
#131=LINE('',#130,#129);
#132=DIRECTION('',(1.776356839400E-14,1.E0,0.E0));
#133=VECTOR('',#132,1.E-1);
#134=CARTESIAN_POINT('',(-8.85E0,-2.E0,0.E0));
#135=LINE('',#134,#133);
#136=DIRECTION('',(0.E0,-1.E0,0.E0));
#137=VECTOR('',#136,4.E-1);
#138=CARTESIAN_POINT('',(-9.5E0,-1.6E0,0.E0));
#139=LINE('',#138,#137);
#140=DIRECTION('',(1.E0,0.E0,0.E0));
#141=VECTOR('',#140,1.4E0);
#142=CARTESIAN_POINT('',(-1.09E1,-1.6E0,0.E0));
#143=LINE('',#142,#141);
#144=DIRECTION('',(0.E0,1.E0,0.E0));
#145=VECTOR('',#144,4.E-1);
#146=CARTESIAN_POINT('',(-1.09E1,-2.E0,0.E0));
#147=LINE('',#146,#145);
#148=DIRECTION('',(1.E0,0.E0,0.E0));
#149=VECTOR('',#148,4.E-1);
#150=CARTESIAN_POINT('',(-1.13E1,-2.E0,0.E0));
#151=LINE('',#150,#149);
#152=DIRECTION('',(0.E0,-1.E0,0.E0));
#153=VECTOR('',#152,3.E0);
#154=CARTESIAN_POINT('',(-1.13E1,1.E0,0.E0));
#155=LINE('',#154,#153);
#156=DIRECTION('',(-1.E0,0.E0,0.E0));
#157=VECTOR('',#156,2.45E0);
#158=CARTESIAN_POINT('',(-8.85E0,1.E0,0.E0));
#159=LINE('',#158,#157);
#160=DIRECTION('',(1.E0,0.E0,0.E0));
#161=VECTOR('',#160,1.77E1);
#162=CARTESIAN_POINT('',(-8.85E0,2.E0,0.E0));
#163=LINE('',#162,#161);
#164=DIRECTION('',(-1.E0,0.E0,0.E0));
#165=VECTOR('',#164,2.45E0);
#166=CARTESIAN_POINT('',(1.13E1,1.E0,0.E0));
#167=LINE('',#166,#165);
#168=DIRECTION('',(0.E0,1.E0,0.E0));
#169=VECTOR('',#168,3.E0);
#170=CARTESIAN_POINT('',(1.13E1,-2.E0,0.E0));
#171=LINE('',#170,#169);
#172=DIRECTION('',(1.E0,0.E0,0.E0));
#173=VECTOR('',#172,4.E-1);
#174=CARTESIAN_POINT('',(1.09E1,-2.E0,0.E0));
#175=LINE('',#174,#173);
#176=DIRECTION('',(0.E0,-1.E0,0.E0));
#177=VECTOR('',#176,4.E-1);
#178=CARTESIAN_POINT('',(1.09E1,-1.6E0,0.E0));
#179=LINE('',#178,#177);
#180=DIRECTION('',(1.E0,0.E0,0.E0));
#181=VECTOR('',#180,1.4E0);
#182=CARTESIAN_POINT('',(9.5E0,-1.6E0,0.E0));
#183=LINE('',#182,#181);
#184=DIRECTION('',(0.E0,1.E0,0.E0));
#185=VECTOR('',#184,4.E-1);
#186=CARTESIAN_POINT('',(9.5E0,-2.E0,0.E0));
#187=LINE('',#186,#185);
#188=DIRECTION('',(0.E0,1.E0,0.E0));
#189=VECTOR('',#188,1.E-1);
#190=CARTESIAN_POINT('',(8.85E0,-2.E0,0.E0));
#191=LINE('',#190,#189);
#192=DIRECTION('',(-1.E0,0.E0,0.E0));
#193=VECTOR('',#192,1.157573593129E1);
#194=CARTESIAN_POINT('',(8.85E0,-1.9E0,0.E0));
#195=LINE('',#194,#193);
#196=DIRECTION('',(0.E0,1.E0,0.E0));
#197=VECTOR('',#196,2.4E0);
#198=CARTESIAN_POINT('',(-6.75E0,-1.2E0,0.E0));
#199=LINE('',#198,#197);
#200=DIRECTION('',(-1.E0,0.E0,0.E0));
#201=VECTOR('',#200,5.E-1);
#202=CARTESIAN_POINT('',(-6.75E0,1.2E0,0.E0));
#203=LINE('',#202,#201);
#204=DIRECTION('',(0.E0,1.E0,0.E0));
#205=VECTOR('',#204,2.4E0);
#206=CARTESIAN_POINT('',(-7.25E0,-1.2E0,0.E0));
#207=LINE('',#206,#205);
#208=DIRECTION('',(-1.E0,0.E0,0.E0));
#209=VECTOR('',#208,5.E-1);
#210=CARTESIAN_POINT('',(-6.75E0,-1.2E0,0.E0));
#211=LINE('',#210,#209);
#212=DIRECTION('',(0.E0,1.E0,0.E0));
#213=VECTOR('',#212,2.4E0);
#214=CARTESIAN_POINT('',(-4.75E0,-1.2E0,0.E0));
#215=LINE('',#214,#213);
#216=DIRECTION('',(-1.E0,0.E0,0.E0));
#217=VECTOR('',#216,5.E-1);
#218=CARTESIAN_POINT('',(-4.75E0,1.2E0,0.E0));
#219=LINE('',#218,#217);
#220=DIRECTION('',(0.E0,1.E0,0.E0));
#221=VECTOR('',#220,2.4E0);
#222=CARTESIAN_POINT('',(-5.25E0,-1.2E0,0.E0));
#223=LINE('',#222,#221);
#224=DIRECTION('',(-1.E0,0.E0,0.E0));
#225=VECTOR('',#224,5.E-1);
#226=CARTESIAN_POINT('',(-4.75E0,-1.2E0,0.E0));
#227=LINE('',#226,#225);
#228=DIRECTION('',(0.E0,1.E0,0.E0));
#229=VECTOR('',#228,2.4E0);
#230=CARTESIAN_POINT('',(-7.5E-1,-1.2E0,0.E0));
#231=LINE('',#230,#229);
#232=DIRECTION('',(-1.E0,0.E0,0.E0));
#233=VECTOR('',#232,5.E-1);
#234=CARTESIAN_POINT('',(-7.5E-1,1.2E0,0.E0));
#235=LINE('',#234,#233);
#236=DIRECTION('',(0.E0,1.E0,0.E0));
#237=VECTOR('',#236,2.4E0);
#238=CARTESIAN_POINT('',(-1.25E0,-1.2E0,0.E0));
#239=LINE('',#238,#237);
#240=DIRECTION('',(-1.E0,0.E0,0.E0));
#241=VECTOR('',#240,5.E-1);
#242=CARTESIAN_POINT('',(-7.5E-1,-1.2E0,0.E0));
#243=LINE('',#242,#241);
#244=DIRECTION('',(0.E0,1.E0,0.E0));
#245=VECTOR('',#244,2.4E0);
#246=CARTESIAN_POINT('',(1.25E0,-1.2E0,0.E0));
#247=LINE('',#246,#245);
#248=DIRECTION('',(-1.E0,0.E0,0.E0));
#249=VECTOR('',#248,5.E-1);
#250=CARTESIAN_POINT('',(1.25E0,1.2E0,0.E0));
#251=LINE('',#250,#249);
#252=DIRECTION('',(0.E0,1.E0,0.E0));
#253=VECTOR('',#252,2.4E0);
#254=CARTESIAN_POINT('',(7.5E-1,-1.2E0,0.E0));
#255=LINE('',#254,#253);
#256=DIRECTION('',(-1.E0,0.E0,0.E0));
#257=VECTOR('',#256,5.E-1);
#258=CARTESIAN_POINT('',(1.25E0,-1.2E0,0.E0));
#259=LINE('',#258,#257);
#260=DIRECTION('',(0.E0,1.E0,0.E0));
#261=VECTOR('',#260,2.4E0);
#262=CARTESIAN_POINT('',(3.25E0,-1.2E0,0.E0));
#263=LINE('',#262,#261);
#264=DIRECTION('',(-1.E0,0.E0,0.E0));
#265=VECTOR('',#264,5.E-1);
#266=CARTESIAN_POINT('',(3.25E0,1.2E0,0.E0));
#267=LINE('',#266,#265);
#268=DIRECTION('',(0.E0,1.E0,0.E0));
#269=VECTOR('',#268,2.4E0);
#270=CARTESIAN_POINT('',(2.75E0,-1.2E0,0.E0));
#271=LINE('',#270,#269);
#272=DIRECTION('',(-1.E0,0.E0,0.E0));
#273=VECTOR('',#272,5.E-1);
#274=CARTESIAN_POINT('',(3.25E0,-1.2E0,0.E0));
#275=LINE('',#274,#273);
#276=DIRECTION('',(0.E0,1.E0,0.E0));
#277=VECTOR('',#276,2.4E0);
#278=CARTESIAN_POINT('',(7.25E0,-1.2E0,0.E0));
#279=LINE('',#278,#277);
#280=DIRECTION('',(-1.E0,0.E0,0.E0));
#281=VECTOR('',#280,5.E-1);
#282=CARTESIAN_POINT('',(7.25E0,1.2E0,0.E0));
#283=LINE('',#282,#281);
#284=DIRECTION('',(0.E0,1.E0,0.E0));
#285=VECTOR('',#284,2.4E0);
#286=CARTESIAN_POINT('',(6.75E0,-1.2E0,0.E0));
#287=LINE('',#286,#285);
#288=DIRECTION('',(-1.E0,0.E0,0.E0));
#289=VECTOR('',#288,5.E-1);
#290=CARTESIAN_POINT('',(7.25E0,-1.2E0,0.E0));
#291=LINE('',#290,#289);
#292=DIRECTION('',(0.E0,1.E0,0.E0));
#293=VECTOR('',#292,2.4E0);
#294=CARTESIAN_POINT('',(5.25E0,-1.2E0,0.E0));
#295=LINE('',#294,#293);
#296=DIRECTION('',(-1.E0,0.E0,0.E0));
#297=VECTOR('',#296,5.E-1);
#298=CARTESIAN_POINT('',(5.25E0,1.2E0,0.E0));
#299=LINE('',#298,#297);
#300=DIRECTION('',(0.E0,1.E0,0.E0));
#301=VECTOR('',#300,2.4E0);
#302=CARTESIAN_POINT('',(4.75E0,-1.2E0,0.E0));
#303=LINE('',#302,#301);
#304=DIRECTION('',(-1.E0,0.E0,0.E0));
#305=VECTOR('',#304,5.E-1);
#306=CARTESIAN_POINT('',(5.25E0,-1.2E0,0.E0));
#307=LINE('',#306,#305);
#308=DIRECTION('',(2.810846377148E-1,-6.785983445458E-1,-6.785983445458E-1));
#309=VECTOR('',#308,4.420877274624E-1);
#310=CARTESIAN_POINT('',(-2.85E0,-1.6E0,3.E-1));
#311=LINE('',#310,#309);
#312=DIRECTION('',(6.785983445458E-1,-2.810846377148E-1,-6.785983445458E-1));
#313=VECTOR('',#312,2.210438637312E-1);
#314=CARTESIAN_POINT('',(-2.35E0,-1.312132034356E0,1.5E-1));
#315=LINE('',#314,#313);
#316=DIRECTION('',(-2.810846377148E-1,-6.785983445458E-1,-6.785983445458E-1));
#317=VECTOR('',#316,4.420877274624E-1);
#318=CARTESIAN_POINT('',(-3.15E0,-1.6E0,3.E-1));
#319=LINE('',#318,#317);
#320=DIRECTION('',(-7.333435515719E-7,3.666717756971E-7,9.999999999997E-1));
#321=VECTOR('',#320,5.000003666722E0);
#322=CARTESIAN_POINT('',(-3.15E0,-1.6E0,3.E-1));
#323=LINE('',#322,#321);
#324=DIRECTION('',(1.E0,0.E0,0.E0));
#325=VECTOR('',#324,3.000073334409E-1);
#326=CARTESIAN_POINT('',(-3.150003666720E0,-1.599998166640E0,5.300003666720E0));
#327=LINE('',#326,#325);
#328=DIRECTION('',(1.E0,0.E0,0.E0));
#329=VECTOR('',#328,3.E-1);
#330=CARTESIAN_POINT('',(-3.15E0,-1.6E0,3.E-1));
#331=LINE('',#330,#329);
#332=DIRECTION('',(7.071067811866E-1,-7.071067811865E-1,0.E0));
#333=VECTOR('',#332,7.070990028979E-1);
#334=CARTESIAN_POINT('',(-3.649998166640E0,-1.100003666720E0,5.300003666720E0));
#335=LINE('',#334,#333);
#336=DIRECTION('',(7.071067811866E-1,-7.071067811865E-1,0.E0));
#337=VECTOR('',#336,7.071067811866E-1);
#338=CARTESIAN_POINT('',(-3.65E0,-1.1E0,3.E-1));
#339=LINE('',#338,#337);
#340=DIRECTION('',(3.666717758304E-7,-7.333435515275E-7,9.999999999997E-1));
#341=VECTOR('',#340,5.000003666722E0);
#342=CARTESIAN_POINT('',(-3.65E0,-1.1E0,3.E-1));
#343=LINE('',#342,#341);
#344=DIRECTION('',(7.071067811865E-1,0.E0,7.071067811865E-1));
#345=VECTOR('',#344,7.070990028979E-1);
#346=CARTESIAN_POINT('',(-3.649998166640E0,-1.100003666720E0,5.300003666720E0));
#347=LINE('',#346,#345);
#348=DIRECTION('',(7.071067811865E-1,0.E0,7.071067811865E-1));
#349=VECTOR('',#348,7.070990028979E-1);
#350=CARTESIAN_POINT('',(-3.649998166640E0,1.100003666720E0,5.300003666720E0));
#351=LINE('',#350,#349);
#352=DIRECTION('',(0.E0,1.E0,0.E0));
#353=VECTOR('',#352,2.624264068712E0);
#354=CARTESIAN_POINT('',(-3.65E0,-1.312132034356E0,1.5E-1));
#355=LINE('',#354,#353);
#356=DIRECTION('',(0.E0,8.164965809277E-1,-5.773502691896E-1));
#357=VECTOR('',#356,2.598076211353E-1);
#358=CARTESIAN_POINT('',(-3.65E0,1.1E0,3.E-1));
#359=LINE('',#358,#357);
#360=DIRECTION('',(3.666717756527E-7,7.333435513055E-7,9.999999999997E-1));
#361=VECTOR('',#360,5.000003666722E0);
#362=CARTESIAN_POINT('',(-3.65E0,1.1E0,3.E-1));
#363=LINE('',#362,#361);
#364=DIRECTION('',(0.E0,-1.E0,0.E0));
#365=VECTOR('',#364,2.200007333441E0);
#366=CARTESIAN_POINT('',(-3.649998166640E0,1.100003666720E0,5.300003666720E0));
#367=LINE('',#366,#365);
#368=DIRECTION('',(0.E0,8.164965809277E-1,5.773502691896E-1));
#369=VECTOR('',#368,2.598076211353E-1);
#370=CARTESIAN_POINT('',(-3.65E0,-1.312132034356E0,1.5E-1));
#371=LINE('',#370,#369);
#372=DIRECTION('',(-6.785983445458E-1,-2.810846377148E-1,-6.785983445458E-1));
#373=VECTOR('',#372,2.210438637312E-1);
#374=CARTESIAN_POINT('',(-3.65E0,-1.312132034356E0,1.5E-1));
#375=LINE('',#374,#373);
#376=DIRECTION('',(-2.810846377148E-1,6.785983445458E-1,-6.785983445458E-1));
#377=VECTOR('',#376,4.420877274624E-1);
#378=CARTESIAN_POINT('',(-3.15E0,1.6E0,3.E-1));
#379=LINE('',#378,#377);
#380=DIRECTION('',(-6.785983445458E-1,2.810846377148E-1,-6.785983445458E-1));
#381=VECTOR('',#380,2.210438637312E-1);
#382=CARTESIAN_POINT('',(-3.65E0,1.312132034356E0,1.5E-1));
#383=LINE('',#382,#381);
#384=DIRECTION('',(2.810846377148E-1,6.785983445458E-1,-6.785983445458E-1));
#385=VECTOR('',#384,4.420877274624E-1);
#386=CARTESIAN_POINT('',(-2.85E0,1.6E0,3.E-1));
#387=LINE('',#386,#385);
#388=DIRECTION('',(0.E0,-8.164965809277E-1,5.773502691896E-1));
#389=VECTOR('',#388,2.598076211353E-1);
#390=CARTESIAN_POINT('',(-2.35E0,1.312132034356E0,1.5E-1));
#391=LINE('',#390,#389);
#392=DIRECTION('',(6.785983445458E-1,2.810846377148E-1,-6.785983445458E-1));
#393=VECTOR('',#392,2.210438637312E-1);
#394=CARTESIAN_POINT('',(-2.35E0,1.312132034356E0,1.5E-1));
#395=LINE('',#394,#393);
#396=DIRECTION('',(-3.666717757415E-7,-7.333435514387E-7,9.999999999997E-1));
#397=VECTOR('',#396,5.000003666722E0);
#398=CARTESIAN_POINT('',(-2.35E0,-1.1E0,3.E-1));
#399=LINE('',#398,#397);
#400=DIRECTION('',(0.E0,1.E0,0.E0));
#401=VECTOR('',#400,2.200007333441E0);
#402=CARTESIAN_POINT('',(-2.350001833360E0,-1.100003666720E0,5.300003666720E0));
#403=LINE('',#402,#401);
#404=DIRECTION('',(0.E0,-1.E0,0.E0));
#405=VECTOR('',#404,2.624264068712E0);
#406=CARTESIAN_POINT('',(-2.35E0,1.312132034356E0,1.5E-1));
#407=LINE('',#406,#405);
#408=DIRECTION('',(0.E0,-8.164965809277E-1,-5.773502691896E-1));
#409=VECTOR('',#408,2.598076211353E-1);
#410=CARTESIAN_POINT('',(-2.35E0,-1.1E0,3.E-1));
#411=LINE('',#410,#409);
#412=DIRECTION('',(-7.071067811865E-1,-7.071067811865E-1,0.E0));
#413=VECTOR('',#412,7.070990028979E-1);
#414=CARTESIAN_POINT('',(-2.350001833360E0,-1.100003666720E0,5.300003666720E0));
#415=LINE('',#414,#413);
#416=DIRECTION('',(7.071067811865E-1,7.071067811865E-1,0.E0));
#417=VECTOR('',#416,7.071067811865E-1);
#418=CARTESIAN_POINT('',(-2.85E0,-1.6E0,3.E-1));
#419=LINE('',#418,#417);
#420=DIRECTION('',(7.333435514831E-7,3.666717756971E-7,9.999999999997E-1));
#421=VECTOR('',#420,5.000003666722E0);
#422=CARTESIAN_POINT('',(-2.85E0,-1.6E0,3.E-1));
#423=LINE('',#422,#421);
#424=DIRECTION('',(0.E0,-7.071067811865E-1,-7.071067811865E-1));
#425=VECTOR('',#424,7.070990028979E-1);
#426=CARTESIAN_POINT('',(-3.150003666720E0,-1.100003666720E0,5.799998166640E0));
#427=LINE('',#426,#425);
#428=DIRECTION('',(0.E0,-7.071067811865E-1,-7.071067811865E-1));
#429=VECTOR('',#428,7.070990028979E-1);
#430=CARTESIAN_POINT('',(-2.849996333280E0,-1.100003666720E0,5.799998166640E0));
#431=LINE('',#430,#429);
#432=DIRECTION('',(0.E0,-1.E0,0.E0));
#433=VECTOR('',#432,2.200007333441E0);
#434=CARTESIAN_POINT('',(-3.150003666720E0,1.100003666720E0,5.799998166640E0));
#435=LINE('',#434,#433);
#436=DIRECTION('',(-1.E0,0.E0,0.E0));
#437=VECTOR('',#436,3.000073334409E-1);
#438=CARTESIAN_POINT('',(-2.849996333280E0,1.100003666720E0,5.799998166640E0));
#439=LINE('',#438,#437);
#440=DIRECTION('',(0.E0,1.E0,0.E0));
#441=VECTOR('',#440,2.200007333441E0);
#442=CARTESIAN_POINT('',(-2.849996333280E0,-1.100003666720E0,5.799998166640E0));
#443=LINE('',#442,#441);
#444=DIRECTION('',(1.E0,0.E0,0.E0));
#445=VECTOR('',#444,3.000073334409E-1);
#446=CARTESIAN_POINT('',(-3.150003666720E0,-1.100003666720E0,5.799998166640E0));
#447=LINE('',#446,#445);
#448=DIRECTION('',(0.E0,-7.071067811865E-1,7.071067811865E-1));
#449=VECTOR('',#448,7.070990028979E-1);
#450=CARTESIAN_POINT('',(-3.150003666720E0,1.599998166640E0,5.300003666720E0));
#451=LINE('',#450,#449);
#452=DIRECTION('',(0.E0,-7.071067811865E-1,7.071067811865E-1));
#453=VECTOR('',#452,7.070990028979E-1);
#454=CARTESIAN_POINT('',(-2.849996333280E0,1.599998166640E0,5.300003666720E0));
#455=LINE('',#454,#453);
#456=DIRECTION('',(-7.071067811866E-1,-7.071067811865E-1,0.E0));
#457=VECTOR('',#456,7.070990028979E-1);
#458=CARTESIAN_POINT('',(-3.150003666720E0,1.599998166640E0,5.300003666720E0));
#459=LINE('',#458,#457);
#460=DIRECTION('',(-7.071067811866E-1,-7.071067811865E-1,0.E0));
#461=VECTOR('',#460,7.071067811866E-1);
#462=CARTESIAN_POINT('',(-3.15E0,1.6E0,3.E-1));
#463=LINE('',#462,#461);
#464=DIRECTION('',(-7.333435516607E-7,-3.666717758304E-7,9.999999999997E-1));
#465=VECTOR('',#464,5.000003666722E0);
#466=CARTESIAN_POINT('',(-3.15E0,1.6E0,3.E-1));
#467=LINE('',#466,#465);
#468=DIRECTION('',(-1.E0,0.E0,0.E0));
#469=VECTOR('',#468,3.E-1);
#470=CARTESIAN_POINT('',(-2.85E0,1.6E0,3.E-1));
#471=LINE('',#470,#469);
#472=DIRECTION('',(7.333435514831E-7,-3.666717757415E-7,9.999999999997E-1));
#473=VECTOR('',#472,5.000003666722E0);
#474=CARTESIAN_POINT('',(-2.85E0,1.6E0,3.E-1));
#475=LINE('',#474,#473);
#476=DIRECTION('',(-1.E0,0.E0,0.E0));
#477=VECTOR('',#476,3.000073334409E-1);
#478=CARTESIAN_POINT('',(-2.849996333280E0,1.599998166640E0,5.300003666720E0));
#479=LINE('',#478,#477);
#480=DIRECTION('',(-7.071067811865E-1,7.071067811865E-1,0.E0));
#481=VECTOR('',#480,7.070990028979E-1);
#482=CARTESIAN_POINT('',(-2.350001833360E0,1.100003666720E0,5.300003666720E0));
#483=LINE('',#482,#481);
#484=DIRECTION('',(-7.071067811865E-1,7.071067811865E-1,0.E0));
#485=VECTOR('',#484,7.071067811865E-1);
#486=CARTESIAN_POINT('',(-2.35E0,1.1E0,3.E-1));
#487=LINE('',#486,#485);
#488=DIRECTION('',(-3.666717759192E-7,7.333435516163E-7,9.999999999997E-1));
#489=VECTOR('',#488,5.000003666722E0);
#490=CARTESIAN_POINT('',(-2.35E0,1.1E0,3.E-1));
#491=LINE('',#490,#489);
#492=DIRECTION('',(7.071067811865E-1,0.E0,-7.071067811865E-1));
#493=VECTOR('',#492,7.070990028979E-1);
#494=CARTESIAN_POINT('',(-2.849996333280E0,-1.100003666720E0,5.799998166640E0));
#495=LINE('',#494,#493);
#496=DIRECTION('',(7.071067811865E-1,0.E0,-7.071067811865E-1));
#497=VECTOR('',#496,7.070990028979E-1);
#498=CARTESIAN_POINT('',(-2.849996333280E0,1.100003666720E0,5.799998166640E0));
#499=LINE('',#498,#497);
#500=DIRECTION('',(-1.141943682472E-14,0.E0,-1.E0));
#501=VECTOR('',#500,7.E-1);
#502=CARTESIAN_POINT('',(5.25E0,-1.9E0,-1.95E0));
#503=LINE('',#502,#501);
#504=DIRECTION('',(-1.E0,0.E0,0.E0));
#505=VECTOR('',#504,5.E-1);
#506=CARTESIAN_POINT('',(5.25E0,-1.9E0,-1.95E0));
#507=LINE('',#506,#505);
#508=DIRECTION('',(0.E0,0.E0,-1.E0));
#509=VECTOR('',#508,7.E-1);
#510=CARTESIAN_POINT('',(4.75E0,-1.9E0,-1.95E0));
#511=LINE('',#510,#509);
#512=DIRECTION('',(0.E0,0.E0,1.E0));
#513=VECTOR('',#512,3.5E-1);
#514=CARTESIAN_POINT('',(4.75E0,-1.9E0,-3.E0));
#515=LINE('',#514,#513);
#516=DIRECTION('',(7.071067811865E-1,0.E0,7.071067811865E-1));
#517=VECTOR('',#516,7.071067811865E-1);
#518=CARTESIAN_POINT('',(4.25E0,-1.9E0,-3.5E0));
#519=LINE('',#518,#517);
#520=DIRECTION('',(7.071067811865E-1,0.E0,-7.071067811865E-1));
#521=VECTOR('',#520,7.071067811865E-1);
#522=CARTESIAN_POINT('',(3.25E0,-1.9E0,-3.E0));
#523=LINE('',#522,#521);
#524=DIRECTION('',(-8.754901565616E-14,0.E0,-1.E0));
#525=VECTOR('',#524,3.5E-1);
#526=CARTESIAN_POINT('',(3.25E0,-1.9E0,-2.65E0));
#527=LINE('',#526,#525);
#528=DIRECTION('',(0.E0,0.E0,-1.E0));
#529=VECTOR('',#528,7.E-1);
#530=CARTESIAN_POINT('',(3.25E0,-1.9E0,-1.95E0));
#531=LINE('',#530,#529);
#532=DIRECTION('',(1.243449787580E-13,0.E0,-1.E0));
#533=VECTOR('',#532,2.5E-1);
#534=CARTESIAN_POINT('',(3.25E0,-1.9E0,-1.7E0));
#535=LINE('',#534,#533);
#536=DIRECTION('',(1.E0,0.E0,0.E0));
#537=VECTOR('',#536,5.E-1);
#538=CARTESIAN_POINT('',(2.75E0,-1.9E0,-1.7E0));
#539=LINE('',#538,#537);
#540=DIRECTION('',(-7.638334409421E-14,0.E0,1.E0));
#541=VECTOR('',#540,2.5E-1);
#542=CARTESIAN_POINT('',(2.75E0,-1.9E0,-1.95E0));
#543=LINE('',#542,#541);
#544=DIRECTION('',(0.E0,0.E0,-1.E0));
#545=VECTOR('',#544,7.E-1);
#546=CARTESIAN_POINT('',(2.75E0,-1.9E0,-1.95E0));
#547=LINE('',#546,#545);
#548=DIRECTION('',(5.455953149586E-14,0.E0,1.E0));
#549=VECTOR('',#548,3.5E-1);
#550=CARTESIAN_POINT('',(2.75E0,-1.9E0,-3.E0));
#551=LINE('',#550,#549);
#552=DIRECTION('',(7.071067811865E-1,0.E0,7.071067811865E-1));
#553=VECTOR('',#552,7.071067811865E-1);
#554=CARTESIAN_POINT('',(2.25E0,-1.9E0,-3.5E0));
#555=LINE('',#554,#553);
#556=DIRECTION('',(7.071067811865E-1,0.E0,-7.071067811865E-1));
#557=VECTOR('',#556,7.071067811865E-1);
#558=CARTESIAN_POINT('',(1.25E0,-1.9E0,-3.E0));
#559=LINE('',#558,#557);
#560=DIRECTION('',(-9.516197353930E-14,0.E0,-1.E0));
#561=VECTOR('',#560,3.5E-1);
#562=CARTESIAN_POINT('',(1.25E0,-1.9E0,-2.65E0));
#563=LINE('',#562,#561);
#564=DIRECTION('',(0.E0,0.E0,-1.E0));
#565=VECTOR('',#564,7.E-1);
#566=CARTESIAN_POINT('',(1.25E0,-1.9E0,-1.95E0));
#567=LINE('',#566,#565);
#568=DIRECTION('',(1.341149413747E-13,0.E0,-1.E0));
#569=VECTOR('',#568,2.5E-1);
#570=CARTESIAN_POINT('',(1.25E0,-1.9E0,-1.7E0));
#571=LINE('',#570,#569);
#572=DIRECTION('',(1.E0,0.E0,0.E0));
#573=VECTOR('',#572,5.E-1);
#574=CARTESIAN_POINT('',(7.5E-1,-1.9E0,-1.7E0));
#575=LINE('',#574,#573);
#576=DIRECTION('',(-7.904787935331E-14,0.E0,1.E0));
#577=VECTOR('',#576,2.5E-1);
#578=CARTESIAN_POINT('',(7.5E-1,-1.9E0,-1.95E0));
#579=LINE('',#578,#577);
#580=DIRECTION('',(0.E0,0.E0,-1.E0));
#581=VECTOR('',#580,7.E-1);
#582=CARTESIAN_POINT('',(7.5E-1,-1.9E0,-1.95E0));
#583=LINE('',#582,#581);
#584=DIRECTION('',(5.614556438819E-14,0.E0,1.E0));
#585=VECTOR('',#584,3.5E-1);
#586=CARTESIAN_POINT('',(7.5E-1,-1.9E0,-3.E0));
#587=LINE('',#586,#585);
#588=DIRECTION('',(7.071067811866E-1,0.E0,7.071067811865E-1));
#589=VECTOR('',#588,7.071067811866E-1);
#590=CARTESIAN_POINT('',(2.5E-1,-1.9E0,-3.5E0));
#591=LINE('',#590,#589);
#592=DIRECTION('',(7.071067811865E-1,0.E0,-7.071067811865E-1));
#593=VECTOR('',#592,7.071067811865E-1);
#594=CARTESIAN_POINT('',(-7.5E-1,-1.9E0,-3.E0));
#595=LINE('',#594,#593);
#596=DIRECTION('',(2.283887364943E-14,0.E0,-1.E0));
#597=VECTOR('',#596,3.5E-1);
#598=CARTESIAN_POINT('',(-7.5E-1,-1.9E0,-2.65E0));
#599=LINE('',#598,#597);
#600=DIRECTION('',(0.E0,0.E0,-1.E0));
#601=VECTOR('',#600,7.E-1);
#602=CARTESIAN_POINT('',(-7.5E-1,-1.9E0,-1.95E0));
#603=LINE('',#602,#601);
#604=DIRECTION('',(-3.197442310920E-14,0.E0,-1.E0));
#605=VECTOR('',#604,2.5E-1);
#606=CARTESIAN_POINT('',(-7.5E-1,-1.9E0,-1.7E0));
#607=LINE('',#606,#605);
#608=DIRECTION('',(1.E0,0.E0,0.E0));
#609=VECTOR('',#608,5.E-1);
#610=CARTESIAN_POINT('',(-1.25E0,-1.9E0,-1.7E0));
#611=LINE('',#610,#609);
#612=DIRECTION('',(7.105427357601E-14,0.E0,1.E0));
#613=VECTOR('',#612,2.5E-1);
#614=CARTESIAN_POINT('',(-1.25E0,-1.9E0,-1.95E0));
#615=LINE('',#614,#613);
#616=DIRECTION('',(0.E0,0.E0,-1.E0));
#617=VECTOR('',#616,7.E-1);
#618=CARTESIAN_POINT('',(-1.25E0,-1.9E0,-1.95E0));
#619=LINE('',#618,#617);
#620=DIRECTION('',(-4.948422624044E-14,0.E0,1.E0));
#621=VECTOR('',#620,3.5E-1);
#622=CARTESIAN_POINT('',(-1.25E0,-1.9E0,-3.E0));
#623=LINE('',#622,#621);
#624=DIRECTION('',(7.071067811865E-1,0.E0,7.071067811865E-1));
#625=VECTOR('',#624,7.071067811865E-1);
#626=CARTESIAN_POINT('',(-1.75E0,-1.9E0,-3.5E0));
#627=LINE('',#626,#625);
#628=DIRECTION('',(7.071067811865E-1,0.E0,-7.071067811865E-1));
#629=VECTOR('',#628,7.071067811865E-1);
#630=CARTESIAN_POINT('',(-2.75E0,-1.9E0,-3.E0));
#631=LINE('',#630,#629);
#632=DIRECTION('',(0.E0,0.E0,-1.E0));
#633=VECTOR('',#632,1.3E0);
#634=CARTESIAN_POINT('',(-2.75E0,-1.9E0,-1.7E0));
#635=LINE('',#634,#633);
#636=DIRECTION('',(1.E0,0.E0,0.E0));
#637=VECTOR('',#636,5.E-1);
#638=CARTESIAN_POINT('',(-3.25E0,-1.9E0,-1.7E0));
#639=LINE('',#638,#637);
#640=DIRECTION('',(0.E0,0.E0,1.E0));
#641=VECTOR('',#640,1.3E0);
#642=CARTESIAN_POINT('',(-3.25E0,-1.9E0,-3.E0));
#643=LINE('',#642,#641);
#644=DIRECTION('',(7.071067811865E-1,0.E0,7.071067811865E-1));
#645=VECTOR('',#644,7.071067811865E-1);
#646=CARTESIAN_POINT('',(-3.75E0,-1.9E0,-3.5E0));
#647=LINE('',#646,#645);
#648=DIRECTION('',(7.071067811865E-1,0.E0,-7.071067811865E-1));
#649=VECTOR('',#648,7.071067811865E-1);
#650=CARTESIAN_POINT('',(-4.75E0,-1.9E0,-3.E0));
#651=LINE('',#650,#649);
#652=DIRECTION('',(0.E0,0.E0,-1.E0));
#653=VECTOR('',#652,3.5E-1);
#654=CARTESIAN_POINT('',(-4.75E0,-1.9E0,-2.65E0));
#655=LINE('',#654,#653);
#656=DIRECTION('',(0.E0,0.E0,-1.E0));
#657=VECTOR('',#656,7.E-1);
#658=CARTESIAN_POINT('',(-4.75E0,-1.9E0,-1.95E0));
#659=LINE('',#658,#657);
#660=DIRECTION('',(0.E0,0.E0,-1.E0));
#661=VECTOR('',#660,2.5E-1);
#662=CARTESIAN_POINT('',(-4.75E0,-1.9E0,-1.7E0));
#663=LINE('',#662,#661);
#664=DIRECTION('',(1.E0,0.E0,0.E0));
#665=VECTOR('',#664,5.E-1);
#666=CARTESIAN_POINT('',(-5.25E0,-1.9E0,-1.7E0));
#667=LINE('',#666,#665);
#668=DIRECTION('',(4.263256414561E-14,0.E0,1.E0));
#669=VECTOR('',#668,2.5E-1);
#670=CARTESIAN_POINT('',(-5.25E0,-1.9E0,-1.95E0));
#671=LINE('',#670,#669);
#672=DIRECTION('',(0.E0,0.E0,-1.E0));
#673=VECTOR('',#672,7.E-1);
#674=CARTESIAN_POINT('',(-5.25E0,-1.9E0,-1.95E0));
#675=LINE('',#674,#673);
#676=DIRECTION('',(-3.045183153258E-14,0.E0,1.E0));
#677=VECTOR('',#676,3.5E-1);
#678=CARTESIAN_POINT('',(-5.25E0,-1.9E0,-3.E0));
#679=LINE('',#678,#677);
#680=DIRECTION('',(7.071067811865E-1,0.E0,7.071067811865E-1));
#681=VECTOR('',#680,7.071067811865E-1);
#682=CARTESIAN_POINT('',(-5.75E0,-1.9E0,-3.5E0));
#683=LINE('',#682,#681);
#684=DIRECTION('',(7.071067811865E-1,0.E0,-7.071067811865E-1));
#685=VECTOR('',#684,7.071067811865E-1);
#686=CARTESIAN_POINT('',(-6.75E0,-1.9E0,-3.E0));
#687=LINE('',#686,#685);
#688=DIRECTION('',(-4.060244204343E-14,0.E0,-1.E0));
#689=VECTOR('',#688,3.5E-1);
#690=CARTESIAN_POINT('',(-6.75E0,-1.9E0,-2.65E0));
#691=LINE('',#690,#689);
#692=DIRECTION('',(0.E0,0.E0,-1.E0));
#693=VECTOR('',#692,7.E-1);
#694=CARTESIAN_POINT('',(-6.75E0,-1.9E0,-1.95E0));
#695=LINE('',#694,#693);
#696=DIRECTION('',(4.263256414561E-14,0.E0,-1.E0));
#697=VECTOR('',#696,2.5E-1);
#698=CARTESIAN_POINT('',(-6.75E0,-1.9E0,-1.7E0));
#699=LINE('',#698,#697);
#700=DIRECTION('',(1.E0,0.E0,0.E0));
#701=VECTOR('',#700,5.E-1);
#702=CARTESIAN_POINT('',(-7.25E0,-1.9E0,-1.7E0));
#703=LINE('',#702,#701);
#704=DIRECTION('',(2.131628207280E-14,0.E0,1.E0));
#705=VECTOR('',#704,2.5E-1);
#706=CARTESIAN_POINT('',(-7.25E0,-1.9E0,-1.95E0));
#707=LINE('',#706,#705);
#708=DIRECTION('',(0.E0,0.E0,-1.E0));
#709=VECTOR('',#708,7.E-1);
#710=CARTESIAN_POINT('',(-7.25E0,-1.9E0,-1.95E0));
#711=LINE('',#710,#709);
#712=DIRECTION('',(-2.030122102172E-14,0.E0,1.E0));
#713=VECTOR('',#712,3.5E-1);
#714=CARTESIAN_POINT('',(-7.25E0,-1.9E0,-3.E0));
#715=LINE('',#714,#713);
#716=DIRECTION('',(7.071067811865E-1,0.E0,7.071067811865E-1));
#717=VECTOR('',#716,7.071067811865E-1);
#718=CARTESIAN_POINT('',(-7.75E0,-1.9E0,-3.5E0));
#719=LINE('',#718,#717);
#720=DIRECTION('',(0.E0,0.E0,-1.E0));
#721=VECTOR('',#720,3.5E0);
#722=CARTESIAN_POINT('',(-8.85E0,-1.9E0,0.E0));
#723=LINE('',#722,#721);
#724=DIRECTION('',(1.E0,0.E0,0.E0));
#725=VECTOR('',#724,5.485281374238E-1);
#726=CARTESIAN_POINT('',(-3.274264068712E0,-1.9E0,0.E0));
#727=LINE('',#726,#725);
#728=DIRECTION('',(0.E0,0.E0,1.E0));
#729=VECTOR('',#728,3.5E0);
#730=CARTESIAN_POINT('',(8.85E0,-1.9E0,-3.5E0));
#731=LINE('',#730,#729);
#732=DIRECTION('',(7.071067811866E-1,0.E0,-7.071067811865E-1));
#733=VECTOR('',#732,7.071067811866E-1);
#734=CARTESIAN_POINT('',(7.25E0,-1.9E0,-3.E0));
#735=LINE('',#734,#733);
#736=DIRECTION('',(-1.015061051086E-14,0.E0,-1.E0));
#737=VECTOR('',#736,3.5E-1);
#738=CARTESIAN_POINT('',(7.25E0,-1.9E0,-2.65E0));
#739=LINE('',#738,#737);
#740=DIRECTION('',(0.E0,0.E0,-1.E0));
#741=VECTOR('',#740,7.E-1);
#742=CARTESIAN_POINT('',(7.25E0,-1.9E0,-1.95E0));
#743=LINE('',#742,#741);
#744=DIRECTION('',(-1.E0,0.E0,0.E0));
#745=VECTOR('',#744,5.E-1);
#746=CARTESIAN_POINT('',(7.25E0,-1.9E0,-1.95E0));
#747=LINE('',#746,#745);
#748=DIRECTION('',(1.015061051086E-14,0.E0,-1.E0));
#749=VECTOR('',#748,7.E-1);
#750=CARTESIAN_POINT('',(6.75E0,-1.9E0,-1.95E0));
#751=LINE('',#750,#749);
#752=DIRECTION('',(-3.552713678800E-14,0.E0,1.E0));
#753=VECTOR('',#752,3.5E-1);
#754=CARTESIAN_POINT('',(6.75E0,-1.9E0,-3.E0));
#755=LINE('',#754,#753);
#756=DIRECTION('',(7.071067811866E-1,0.E0,7.071067811865E-1));
#757=VECTOR('',#756,7.071067811866E-1);
#758=CARTESIAN_POINT('',(6.25E0,-1.9E0,-3.5E0));
#759=LINE('',#758,#757);
#760=DIRECTION('',(7.071067811865E-1,0.E0,-7.071067811865E-1));
#761=VECTOR('',#760,7.071067811865E-1);
#762=CARTESIAN_POINT('',(5.25E0,-1.9E0,-3.E0));
#763=LINE('',#762,#761);
#764=DIRECTION('',(-3.045183153258E-14,0.E0,-1.E0));
#765=VECTOR('',#764,3.5E-1);
#766=CARTESIAN_POINT('',(5.25E0,-1.9E0,-2.65E0));
#767=LINE('',#766,#765);
#768=DIRECTION('',(0.E0,0.E0,1.E0));
#769=VECTOR('',#768,4.05E0);
#770=CARTESIAN_POINT('',(5.25E0,-1.2E0,0.E0));
#771=LINE('',#770,#769);
#772=CARTESIAN_POINT('',(5.25E0,-7.E-1,4.05E0));
#773=DIRECTION('',(-1.E0,0.E0,0.E0));
#774=DIRECTION('',(0.E0,-1.E0,0.E0));
#775=AXIS2_PLACEMENT_3D('',#772,#773,#774);
#777=DIRECTION('',(0.E0,1.E0,0.E0));
#778=VECTOR('',#777,1.4E0);
#779=CARTESIAN_POINT('',(5.25E0,-7.E-1,4.55E0));
#780=LINE('',#779,#778);
#781=CARTESIAN_POINT('',(5.25E0,7.E-1,4.05E0));
#782=DIRECTION('',(-1.E0,0.E0,0.E0));
#783=DIRECTION('',(0.E0,0.E0,1.E0));
#784=AXIS2_PLACEMENT_3D('',#781,#782,#783);
#786=DIRECTION('',(0.E0,0.E0,-1.E0));
#787=VECTOR('',#786,4.05E0);
#788=CARTESIAN_POINT('',(5.25E0,1.2E0,4.05E0));
#789=LINE('',#788,#787);
#790=DIRECTION('',(0.E0,-1.E0,0.E0));
#791=VECTOR('',#790,2.7E0);
#792=CARTESIAN_POINT('',(5.25E0,1.35E0,-2.65E0));
#793=LINE('',#792,#791);
#794=DIRECTION('',(0.E0,1.E0,0.E0));
#795=VECTOR('',#794,1.6E0);
#796=CARTESIAN_POINT('',(5.25E0,-3.5E0,-1.95E0));
#797=LINE('',#796,#795);
#798=DIRECTION('',(0.E0,-1.E0,0.E0));
#799=VECTOR('',#798,1.6E0);
#800=CARTESIAN_POINT('',(5.25E0,-1.9E0,-2.65E0));
#801=LINE('',#800,#799);
#802=DIRECTION('',(0.E0,0.E0,1.E0));
#803=VECTOR('',#802,7.E-1);
#804=CARTESIAN_POINT('',(5.25E0,-3.5E0,-2.65E0));
#805=LINE('',#804,#803);
#806=DIRECTION('',(0.E0,0.E0,-1.E0));
#807=VECTOR('',#806,4.05E0);
#808=CARTESIAN_POINT('',(4.75E0,1.2E0,4.05E0));
#809=LINE('',#808,#807);
#810=CARTESIAN_POINT('',(4.75E0,7.E-1,4.05E0));
#811=DIRECTION('',(-1.E0,0.E0,0.E0));
#812=DIRECTION('',(0.E0,0.E0,1.E0));
#813=AXIS2_PLACEMENT_3D('',#810,#811,#812);
#815=DIRECTION('',(0.E0,1.E0,0.E0));
#816=VECTOR('',#815,1.4E0);
#817=CARTESIAN_POINT('',(4.75E0,-7.E-1,4.55E0));
#818=LINE('',#817,#816);
#819=CARTESIAN_POINT('',(4.75E0,-7.E-1,4.05E0));
#820=DIRECTION('',(-1.E0,0.E0,0.E0));
#821=DIRECTION('',(0.E0,-1.E0,0.E0));
#822=AXIS2_PLACEMENT_3D('',#819,#820,#821);
#824=DIRECTION('',(0.E0,0.E0,1.E0));
#825=VECTOR('',#824,4.05E0);
#826=CARTESIAN_POINT('',(4.75E0,-1.2E0,0.E0));
#827=LINE('',#826,#825);
#828=DIRECTION('',(0.E0,-1.E0,0.E0));
#829=VECTOR('',#828,2.7E0);
#830=CARTESIAN_POINT('',(4.75E0,1.35E0,-2.65E0));
#831=LINE('',#830,#829);
#832=DIRECTION('',(0.E0,1.E0,0.E0));
#833=VECTOR('',#832,1.6E0);
#834=CARTESIAN_POINT('',(4.75E0,-3.5E0,-1.95E0));
#835=LINE('',#834,#833);
#836=DIRECTION('',(0.E0,0.E0,1.E0));
#837=VECTOR('',#836,7.E-1);
#838=CARTESIAN_POINT('',(4.75E0,-3.5E0,-2.65E0));
#839=LINE('',#838,#837);
#840=DIRECTION('',(0.E0,-1.E0,0.E0));
#841=VECTOR('',#840,1.6E0);
#842=CARTESIAN_POINT('',(4.75E0,-1.9E0,-2.65E0));
#843=LINE('',#842,#841);
#844=DIRECTION('',(-1.E0,0.E0,0.E0));
#845=VECTOR('',#844,5.E-1);
#846=CARTESIAN_POINT('',(5.25E0,1.2E0,4.05E0));
#847=LINE('',#846,#845);
#848=DIRECTION('',(-1.E0,0.E0,0.E0));
#849=VECTOR('',#848,5.E-1);
#850=CARTESIAN_POINT('',(5.25E0,7.E-1,4.55E0));
#851=LINE('',#850,#849);
#852=DIRECTION('',(-1.E0,0.E0,0.E0));
#853=VECTOR('',#852,5.E-1);
#854=CARTESIAN_POINT('',(5.25E0,-7.E-1,4.55E0));
#855=LINE('',#854,#853);
#856=DIRECTION('',(-1.E0,0.E0,0.E0));
#857=VECTOR('',#856,5.E-1);
#858=CARTESIAN_POINT('',(5.25E0,-1.2E0,4.05E0));
#859=LINE('',#858,#857);
#860=DIRECTION('',(-1.E0,0.E0,0.E0));
#861=VECTOR('',#860,5.E-1);
#862=CARTESIAN_POINT('',(5.25E0,1.8E0,-2.65E0));
#863=LINE('',#862,#861);
#864=DIRECTION('',(0.E0,1.E0,0.E0));
#865=VECTOR('',#864,5.5E-1);
#866=CARTESIAN_POINT('',(5.25E0,-1.9E0,-2.65E0));
#867=LINE('',#866,#865);
#868=DIRECTION('',(0.E0,0.E0,-1.E0));
#869=VECTOR('',#868,9.5E-1);
#870=CARTESIAN_POINT('',(5.25E0,1.8E0,-1.7E0));
#871=LINE('',#870,#869);
#872=DIRECTION('',(-2.368475785867E-14,1.E0,0.E0));
#873=VECTOR('',#872,4.5E-1);
#874=CARTESIAN_POINT('',(5.25E0,1.35E0,-2.65E0));
#875=LINE('',#874,#873);
#876=DIRECTION('',(0.E0,-1.E0,0.E0));
#877=VECTOR('',#876,2.E-1);
#878=CARTESIAN_POINT('',(5.25E0,2.E0,-1.7E0));
#879=LINE('',#878,#877);
#880=DIRECTION('',(1.776356839400E-14,0.E0,-1.E0));
#881=VECTOR('',#880,3.5E-1);
#882=CARTESIAN_POINT('',(-7.25E0,-1.35E0,-2.65E0));
#883=LINE('',#882,#881);
#884=DIRECTION('',(-3.552713678801E-14,0.E0,1.E0));
#885=VECTOR('',#884,1.5E-1);
#886=CARTESIAN_POINT('',(-7.25E0,-1.35E0,-2.65E0));
#887=LINE('',#886,#885);
#888=DIRECTION('',(0.E0,0.E0,1.E0));
#889=VECTOR('',#888,1.E0);
#890=CARTESIAN_POINT('',(-8.85E0,-1.35E0,-3.5E0));
#891=LINE('',#890,#889);
#892=DIRECTION('',(1.E0,0.E0,0.E0));
#893=VECTOR('',#892,1.1E0);
#894=CARTESIAN_POINT('',(-8.85E0,-1.35E0,-3.5E0));
#895=LINE('',#894,#893);
#896=DIRECTION('',(7.071067811865E-1,0.E0,7.071067811865E-1));
#897=VECTOR('',#896,7.071067811865E-1);
#898=CARTESIAN_POINT('',(-7.75E0,-1.35E0,-3.5E0));
#899=LINE('',#898,#897);
#900=DIRECTION('',(0.E0,0.E0,-1.E0));
#901=VECTOR('',#900,3.5E-1);
#902=CARTESIAN_POINT('',(-4.75E0,-1.35E0,-2.65E0));
#903=LINE('',#902,#901);
#904=DIRECTION('',(7.071067811865E-1,0.E0,-7.071067811865E-1));
#905=VECTOR('',#904,7.071067811865E-1);
#906=CARTESIAN_POINT('',(-4.75E0,-1.35E0,-3.E0));
#907=LINE('',#906,#905);
#908=DIRECTION('',(1.E0,0.E0,0.E0));
#909=VECTOR('',#908,5.E-1);
#910=CARTESIAN_POINT('',(-4.25E0,-1.35E0,-3.5E0));
#911=LINE('',#910,#909);
#912=DIRECTION('',(7.071067811865E-1,0.E0,7.071067811865E-1));
#913=VECTOR('',#912,7.071067811865E-1);
#914=CARTESIAN_POINT('',(-3.75E0,-1.35E0,-3.5E0));
#915=LINE('',#914,#913);
#916=DIRECTION('',(0.E0,0.E0,-1.E0));
#917=VECTOR('',#916,5.E-1);
#918=CARTESIAN_POINT('',(-3.25E0,-1.35E0,-2.5E0));
#919=LINE('',#918,#917);
#920=DIRECTION('',(0.E0,0.E0,-1.E0));
#921=VECTOR('',#920,1.5E-1);
#922=CARTESIAN_POINT('',(-4.75E0,-1.35E0,-2.5E0));
#923=LINE('',#922,#921);
#924=DIRECTION('',(3.298948416029E-14,0.E0,-1.E0));
#925=VECTOR('',#924,3.5E-1);
#926=CARTESIAN_POINT('',(-5.25E0,-1.35E0,-2.65E0));
#927=LINE('',#926,#925);
#928=DIRECTION('',(-6.513308411134E-14,0.E0,1.E0));
#929=VECTOR('',#928,1.5E-1);
#930=CARTESIAN_POINT('',(-5.25E0,-1.35E0,-2.65E0));
#931=LINE('',#930,#929);
#932=DIRECTION('',(-5.329070518201E-14,0.E0,-1.E0));
#933=VECTOR('',#932,1.5E-1);
#934=CARTESIAN_POINT('',(-6.75E0,-1.35E0,-2.5E0));
#935=LINE('',#934,#933);
#936=DIRECTION('',(-1.776356839400E-14,0.E0,-1.E0));
#937=VECTOR('',#936,3.5E-1);
#938=CARTESIAN_POINT('',(-6.75E0,-1.35E0,-2.65E0));
#939=LINE('',#938,#937);
#940=DIRECTION('',(7.071067811866E-1,0.E0,-7.071067811865E-1));
#941=VECTOR('',#940,7.071067811866E-1);
#942=CARTESIAN_POINT('',(-6.75E0,-1.35E0,-3.E0));
#943=LINE('',#942,#941);
#944=DIRECTION('',(1.E0,0.E0,0.E0));
#945=VECTOR('',#944,5.E-1);
#946=CARTESIAN_POINT('',(-6.25E0,-1.35E0,-3.5E0));
#947=LINE('',#946,#945);
#948=DIRECTION('',(7.071067811865E-1,0.E0,7.071067811865E-1));
#949=VECTOR('',#948,7.071067811865E-1);
#950=CARTESIAN_POINT('',(-5.75E0,-1.35E0,-3.5E0));
#951=LINE('',#950,#949);
#952=DIRECTION('',(5.138746571122E-14,0.E0,-1.E0));
#953=VECTOR('',#952,3.5E-1);
#954=CARTESIAN_POINT('',(-1.25E0,-1.35E0,-2.65E0));
#955=LINE('',#954,#953);
#956=DIRECTION('',(-1.169434919272E-13,0.E0,1.E0));
#957=VECTOR('',#956,1.5E-1);
#958=CARTESIAN_POINT('',(-1.25E0,-1.35E0,-2.65E0));
#959=LINE('',#958,#957);
#960=DIRECTION('',(0.E0,0.E0,-1.E0));
#961=VECTOR('',#960,5.E-1);
#962=CARTESIAN_POINT('',(-2.75E0,-1.35E0,-2.5E0));
#963=LINE('',#962,#961);
#964=DIRECTION('',(7.071067811865E-1,0.E0,-7.071067811865E-1));
#965=VECTOR('',#964,7.071067811865E-1);
#966=CARTESIAN_POINT('',(-2.75E0,-1.35E0,-3.E0));
#967=LINE('',#966,#965);
#968=DIRECTION('',(1.E0,0.E0,0.E0));
#969=VECTOR('',#968,5.E-1);
#970=CARTESIAN_POINT('',(-2.25E0,-1.35E0,-3.5E0));
#971=LINE('',#970,#969);
#972=DIRECTION('',(7.071067811865E-1,0.E0,7.071067811865E-1));
#973=VECTOR('',#972,7.071067811865E-1);
#974=CARTESIAN_POINT('',(-1.75E0,-1.35E0,-3.5E0));
#975=LINE('',#974,#973);
#976=DIRECTION('',(-6.597896832058E-14,0.E0,-1.E0));
#977=VECTOR('',#976,3.5E-1);
#978=CARTESIAN_POINT('',(7.5E-1,-1.35E0,-2.65E0));
#979=LINE('',#978,#977);
#980=DIRECTION('',(9.547918011776E-14,0.E0,1.E0));
#981=VECTOR('',#980,1.5E-1);
#982=CARTESIAN_POINT('',(7.5E-1,-1.35E0,-2.65E0));
#983=LINE('',#982,#981);
#984=DIRECTION('',(9.103828801926E-14,0.E0,-1.E0));
#985=VECTOR('',#984,1.5E-1);
#986=CARTESIAN_POINT('',(-7.5E-1,-1.35E0,-2.5E0));
#987=LINE('',#986,#985);
#988=DIRECTION('',(3.616154994493E-14,0.E0,-1.E0));
#989=VECTOR('',#988,3.5E-1);
#990=CARTESIAN_POINT('',(-7.5E-1,-1.35E0,-2.65E0));
#991=LINE('',#990,#989);
#992=DIRECTION('',(7.071067811865E-1,0.E0,-7.071067811865E-1));
#993=VECTOR('',#992,7.071067811865E-1);
#994=CARTESIAN_POINT('',(-7.5E-1,-1.35E0,-3.E0));
#995=LINE('',#994,#993);
#996=DIRECTION('',(1.E0,0.E0,0.E0));
#997=VECTOR('',#996,4.999999999999E-1);
#998=CARTESIAN_POINT('',(-2.5E-1,-1.35E0,-3.5E0));
#999=LINE('',#998,#997);
#1000=DIRECTION('',(7.071067811866E-1,0.E0,7.071067811865E-1));
#1001=VECTOR('',#1000,7.071067811866E-1);
#1002=CARTESIAN_POINT('',(2.5E-1,-1.35E0,-3.5E0));
#1003=LINE('',#1002,#1001);
#1004=DIRECTION('',(-5.582835780972E-14,0.E0,-1.E0));
#1005=VECTOR('',#1004,3.5E-1);
#1006=CARTESIAN_POINT('',(2.75E0,-1.35E0,-2.65E0));
#1007=LINE('',#1006,#1005);
#1008=DIRECTION('',(7.697546304068E-14,0.E0,1.E0));
#1009=VECTOR('',#1008,1.5E-1);
#1010=CARTESIAN_POINT('',(2.75E0,-1.35E0,-2.65E0));
#1011=LINE('',#1010,#1009);
#1012=DIRECTION('',(-1.539509260814E-13,0.E0,-1.E0));
#1013=VECTOR('',#1012,1.5E-1);
#1014=CARTESIAN_POINT('',(1.25E0,-1.35E0,-2.5E0));
#1015=LINE('',#1014,#1013);
#1016=DIRECTION('',(-9.706521301009E-14,0.E0,-1.E0));
#1017=VECTOR('',#1016,3.5E-1);
#1018=CARTESIAN_POINT('',(1.25E0,-1.35E0,-2.65E0));
#1019=LINE('',#1018,#1017);
#1020=DIRECTION('',(7.071067811865E-1,0.E0,-7.071067811865E-1));
#1021=VECTOR('',#1020,7.071067811865E-1);
#1022=CARTESIAN_POINT('',(1.25E0,-1.35E0,-3.E0));
#1023=LINE('',#1022,#1021);
#1024=DIRECTION('',(1.E0,0.E0,0.E0));
#1025=VECTOR('',#1024,5.E-1);
#1026=CARTESIAN_POINT('',(1.75E0,-1.35E0,-3.5E0));
#1027=LINE('',#1026,#1025);
#1028=DIRECTION('',(7.071067811865E-1,0.E0,7.071067811865E-1));
#1029=VECTOR('',#1028,7.071067811865E-1);
#1030=CARTESIAN_POINT('',(2.25E0,-1.35E0,-3.5E0));
#1031=LINE('',#1030,#1029);
#1032=DIRECTION('',(-1.268826313857E-14,0.E0,-1.E0));
#1033=VECTOR('',#1032,3.5E-1);
#1034=CARTESIAN_POINT('',(7.25E0,-1.35E0,-2.65E0));
#1035=LINE('',#1034,#1033);
#1036=DIRECTION('',(7.071067811866E-1,0.E0,-7.071067811865E-1));
#1037=VECTOR('',#1036,7.071067811866E-1);
#1038=CARTESIAN_POINT('',(7.25E0,-1.35E0,-3.E0));
#1039=LINE('',#1038,#1037);
#1040=DIRECTION('',(1.E0,0.E0,0.E0));
#1041=VECTOR('',#1040,1.1E0);
#1042=CARTESIAN_POINT('',(7.75E0,-1.35E0,-3.5E0));
#1043=LINE('',#1042,#1041);
#1044=DIRECTION('',(0.E0,0.E0,1.E0));
#1045=VECTOR('',#1044,1.E0);
#1046=CARTESIAN_POINT('',(8.85E0,-1.35E0,-3.5E0));
#1047=LINE('',#1046,#1045);
#1048=DIRECTION('',(-2.368475785867E-14,0.E0,-1.E0));
#1049=VECTOR('',#1048,1.5E-1);
#1050=CARTESIAN_POINT('',(7.25E0,-1.35E0,-2.5E0));
#1051=LINE('',#1050,#1049);
#1052=DIRECTION('',(-3.045183153258E-14,0.E0,-1.E0));
#1053=VECTOR('',#1052,3.5E-1);
#1054=CARTESIAN_POINT('',(5.25E0,-1.35E0,-2.65E0));
#1055=LINE('',#1054,#1053);
#1056=DIRECTION('',(7.071067811865E-1,0.E0,-7.071067811865E-1));
#1057=VECTOR('',#1056,7.071067811865E-1);
#1058=CARTESIAN_POINT('',(5.25E0,-1.35E0,-3.E0));
#1059=LINE('',#1058,#1057);
#1060=DIRECTION('',(1.E0,0.E0,0.E0));
#1061=VECTOR('',#1060,5.E-1);
#1062=CARTESIAN_POINT('',(5.75E0,-1.35E0,-3.5E0));
#1063=LINE('',#1062,#1061);
#1064=DIRECTION('',(7.071067811866E-1,0.E0,7.071067811865E-1));
#1065=VECTOR('',#1064,7.071067811866E-1);
#1066=CARTESIAN_POINT('',(6.25E0,-1.35E0,-3.5E0));
#1067=LINE('',#1066,#1065);
#1068=DIRECTION('',(3.045183153258E-14,0.E0,-1.E0));
#1069=VECTOR('',#1068,3.5E-1);
#1070=CARTESIAN_POINT('',(6.75E0,-1.35E0,-2.65E0));
#1071=LINE('',#1070,#1069);
#1072=DIRECTION('',(-4.736951571734E-14,0.E0,1.E0));
#1073=VECTOR('',#1072,1.5E-1);
#1074=CARTESIAN_POINT('',(6.75E0,-1.35E0,-2.65E0));
#1075=LINE('',#1074,#1073);
#1076=DIRECTION('',(-5.921189464668E-14,0.E0,-1.E0));
#1077=VECTOR('',#1076,1.5E-1);
#1078=CARTESIAN_POINT('',(5.25E0,-1.35E0,-2.5E0));
#1079=LINE('',#1078,#1077);
#1080=DIRECTION('',(0.E0,0.E0,-1.E0));
#1081=VECTOR('',#1080,3.5E-1);
#1082=CARTESIAN_POINT('',(4.75E0,-1.35E0,-2.65E0));
#1083=LINE('',#1082,#1081);
#1084=DIRECTION('',(1.184237892934E-14,0.E0,1.E0));
#1085=VECTOR('',#1084,1.5E-1);
#1086=CARTESIAN_POINT('',(4.75E0,-1.35E0,-2.65E0));
#1087=LINE('',#1086,#1085);
#1088=DIRECTION('',(-1.302661682227E-13,0.E0,-1.E0));
#1089=VECTOR('',#1088,1.5E-1);
#1090=CARTESIAN_POINT('',(3.25E0,-1.35E0,-2.5E0));
#1091=LINE('',#1090,#1089);
#1092=DIRECTION('',(-8.628018934230E-14,0.E0,-1.E0));
#1093=VECTOR('',#1092,3.5E-1);
#1094=CARTESIAN_POINT('',(3.25E0,-1.35E0,-2.65E0));
#1095=LINE('',#1094,#1093);
#1096=DIRECTION('',(7.071067811865E-1,0.E0,-7.071067811865E-1));
#1097=VECTOR('',#1096,7.071067811865E-1);
#1098=CARTESIAN_POINT('',(3.25E0,-1.35E0,-3.E0));
#1099=LINE('',#1098,#1097);
#1100=DIRECTION('',(1.E0,0.E0,0.E0));
#1101=VECTOR('',#1100,5.E-1);
#1102=CARTESIAN_POINT('',(3.75E0,-1.35E0,-3.5E0));
#1103=LINE('',#1102,#1101);
#1104=DIRECTION('',(7.071067811865E-1,0.E0,7.071067811865E-1));
#1105=VECTOR('',#1104,7.071067811865E-1);
#1106=CARTESIAN_POINT('',(4.25E0,-1.35E0,-3.5E0));
#1107=LINE('',#1106,#1105);
#1108=DIRECTION('',(0.E0,1.E0,0.E0));
#1109=VECTOR('',#1108,5.5E-1);
#1110=CARTESIAN_POINT('',(-7.25E0,-1.9E0,-2.65E0));
#1111=LINE('',#1110,#1109);
#1112=DIRECTION('',(0.E0,-1.E0,0.E0));
#1113=VECTOR('',#1112,5.5E-1);
#1114=CARTESIAN_POINT('',(-7.25E0,-1.35E0,-3.E0));
#1115=LINE('',#1114,#1113);
#1116=DIRECTION('',(6.217248937901E-14,1.E0,0.E0));
#1117=VECTOR('',#1116,1.E-1);
#1118=CARTESIAN_POINT('',(-7.25E0,-1.9E0,-1.95E0));
#1119=LINE('',#1118,#1117);
#1120=DIRECTION('',(0.E0,0.E0,-1.E0));
#1121=VECTOR('',#1120,2.5E-1);
#1122=CARTESIAN_POINT('',(-7.25E0,-1.8E0,-1.7E0));
#1123=LINE('',#1122,#1121);
#1124=DIRECTION('',(0.E0,0.E0,-1.E0));
#1125=VECTOR('',#1124,9.5E-1);
#1126=CARTESIAN_POINT('',(-7.25E0,1.8E0,-1.7E0));
#1127=LINE('',#1126,#1125);
#1128=DIRECTION('',(0.E0,-1.E0,0.E0));
#1129=VECTOR('',#1128,6.5E-1);
#1130=CARTESIAN_POINT('',(-7.25E0,2.E0,-3.E0));
#1131=LINE('',#1130,#1129);
#1132=DIRECTION('',(1.184237892933E-14,1.E0,0.E0));
#1133=VECTOR('',#1132,4.5E-1);
#1134=CARTESIAN_POINT('',(-7.25E0,1.35E0,-2.65E0));
#1135=LINE('',#1134,#1133);
#1136=DIRECTION('',(-1.E0,0.E0,0.E0));
#1137=VECTOR('',#1136,5.E-1);
#1138=CARTESIAN_POINT('',(-6.75E0,1.8E0,-2.65E0));
#1139=LINE('',#1138,#1137);
#1140=DIRECTION('',(0.E0,0.E0,-1.E0));
#1141=VECTOR('',#1140,3.25E0);
#1142=CARTESIAN_POINT('',(-7.25E0,1.2E0,3.25E0));
#1143=LINE('',#1142,#1141);
#1144=CARTESIAN_POINT('',(-7.25E0,7.E-1,3.25E0));
#1145=DIRECTION('',(-1.E0,0.E0,0.E0));
#1146=DIRECTION('',(0.E0,0.E0,1.E0));
#1147=AXIS2_PLACEMENT_3D('',#1144,#1145,#1146);
#1149=DIRECTION('',(0.E0,1.E0,0.E0));
#1150=VECTOR('',#1149,1.4E0);
#1151=CARTESIAN_POINT('',(-7.25E0,-7.E-1,3.75E0));
#1152=LINE('',#1151,#1150);
#1153=CARTESIAN_POINT('',(-7.25E0,-7.E-1,3.25E0));
#1154=DIRECTION('',(-1.E0,0.E0,0.E0));
#1155=DIRECTION('',(0.E0,-1.E0,0.E0));
#1156=AXIS2_PLACEMENT_3D('',#1153,#1154,#1155);
#1158=DIRECTION('',(0.E0,0.E0,1.E0));
#1159=VECTOR('',#1158,3.25E0);
#1160=CARTESIAN_POINT('',(-7.25E0,-1.2E0,0.E0));
#1161=LINE('',#1160,#1159);
#1162=DIRECTION('',(0.E0,-1.E0,0.E0));
#1163=VECTOR('',#1162,2.7E0);
#1164=CARTESIAN_POINT('',(-7.25E0,1.35E0,-2.65E0));
#1165=LINE('',#1164,#1163);
#1166=DIRECTION('',(0.E0,-1.E0,0.E0));
#1167=VECTOR('',#1166,1.6E0);
#1168=CARTESIAN_POINT('',(-7.25E0,-1.9E0,-2.65E0));
#1169=LINE('',#1168,#1167);
#1170=DIRECTION('',(0.E0,1.E0,0.E0));
#1171=VECTOR('',#1170,1.6E0);
#1172=CARTESIAN_POINT('',(-7.25E0,-3.5E0,-1.95E0));
#1173=LINE('',#1172,#1171);
#1174=DIRECTION('',(0.E0,0.E0,1.E0));
#1175=VECTOR('',#1174,7.E-1);
#1176=CARTESIAN_POINT('',(-7.25E0,-3.5E0,-2.65E0));
#1177=LINE('',#1176,#1175);
#1178=DIRECTION('',(-1.E0,0.E0,0.E0));
#1179=VECTOR('',#1178,5.E-1);
#1180=CARTESIAN_POINT('',(-6.75E0,1.2E0,3.25E0));
#1181=LINE('',#1180,#1179);
#1182=DIRECTION('',(0.E0,0.E0,1.E0));
#1183=VECTOR('',#1182,3.25E0);
#1184=CARTESIAN_POINT('',(-6.75E0,-1.2E0,0.E0));
#1185=LINE('',#1184,#1183);
#1186=CARTESIAN_POINT('',(-6.75E0,-7.E-1,3.25E0));
#1187=DIRECTION('',(-1.E0,0.E0,0.E0));
#1188=DIRECTION('',(0.E0,-1.E0,0.E0));
#1189=AXIS2_PLACEMENT_3D('',#1186,#1187,#1188);
#1191=DIRECTION('',(0.E0,1.E0,0.E0));
#1192=VECTOR('',#1191,1.4E0);
#1193=CARTESIAN_POINT('',(-6.75E0,-7.E-1,3.75E0));
#1194=LINE('',#1193,#1192);
#1195=CARTESIAN_POINT('',(-6.75E0,7.E-1,3.25E0));
#1196=DIRECTION('',(-1.E0,0.E0,0.E0));
#1197=DIRECTION('',(0.E0,0.E0,1.E0));
#1198=AXIS2_PLACEMENT_3D('',#1195,#1196,#1197);
#1200=DIRECTION('',(0.E0,0.E0,-1.E0));
#1201=VECTOR('',#1200,3.25E0);
#1202=CARTESIAN_POINT('',(-6.75E0,1.2E0,3.25E0));
#1203=LINE('',#1202,#1201);
#1204=DIRECTION('',(0.E0,-1.E0,0.E0));
#1205=VECTOR('',#1204,2.7E0);
#1206=CARTESIAN_POINT('',(-6.75E0,1.35E0,-2.65E0));
#1207=LINE('',#1206,#1205);
#1208=DIRECTION('',(0.E0,-1.E0,0.E0));
#1209=VECTOR('',#1208,1.6E0);
#1210=CARTESIAN_POINT('',(-6.75E0,-1.9E0,-2.65E0));
#1211=LINE('',#1210,#1209);
#1212=DIRECTION('',(0.E0,0.E0,1.E0));
#1213=VECTOR('',#1212,7.E-1);
#1214=CARTESIAN_POINT('',(-6.75E0,-3.5E0,-2.65E0));
#1215=LINE('',#1214,#1213);
#1216=DIRECTION('',(0.E0,1.E0,0.E0));
#1217=VECTOR('',#1216,1.6E0);
#1218=CARTESIAN_POINT('',(-6.75E0,-3.5E0,-1.95E0));
#1219=LINE('',#1218,#1217);
#1220=DIRECTION('',(-1.E0,0.E0,0.E0));
#1221=VECTOR('',#1220,5.E-1);
#1222=CARTESIAN_POINT('',(-6.75E0,-1.2E0,3.25E0));
#1223=LINE('',#1222,#1221);
#1224=DIRECTION('',(-1.E0,0.E0,0.E0));
#1225=VECTOR('',#1224,5.E-1);
#1226=CARTESIAN_POINT('',(-6.75E0,-7.E-1,3.75E0));
#1227=LINE('',#1226,#1225);
#1228=DIRECTION('',(-1.E0,0.E0,0.E0));
#1229=VECTOR('',#1228,5.E-1);
#1230=CARTESIAN_POINT('',(-6.75E0,7.E-1,3.75E0));
#1231=LINE('',#1230,#1229);
#1232=DIRECTION('',(0.E0,1.E0,0.E0));
#1233=VECTOR('',#1232,2.35E0);
#1234=CARTESIAN_POINT('',(-8.85E0,-1.35E0,-2.5E0));
#1235=LINE('',#1234,#1233);
#1236=DIRECTION('',(1.E0,0.E0,0.E0));
#1237=VECTOR('',#1236,1.6E0);
#1238=CARTESIAN_POINT('',(-8.85E0,-1.35E0,-2.5E0));
#1239=LINE('',#1238,#1237);
#1240=DIRECTION('',(0.E0,1.E0,0.E0));
#1241=VECTOR('',#1240,2.7E0);
#1242=CARTESIAN_POINT('',(-7.25E0,-1.35E0,-2.5E0));
#1243=LINE('',#1242,#1241);
#1244=DIRECTION('',(1.E0,0.E0,0.E0));
#1245=VECTOR('',#1244,1.5E0);
#1246=CARTESIAN_POINT('',(-4.75E0,-1.35E0,-2.5E0));
#1247=LINE('',#1246,#1245);
#1248=DIRECTION('',(0.E0,1.E0,0.E0));
#1249=VECTOR('',#1248,2.7E0);
#1250=CARTESIAN_POINT('',(-3.25E0,-1.35E0,-2.5E0));
#1251=LINE('',#1250,#1249);
#1252=DIRECTION('',(0.E0,1.E0,0.E0));
#1253=VECTOR('',#1252,2.7E0);
#1254=CARTESIAN_POINT('',(-4.75E0,-1.35E0,-2.5E0));
#1255=LINE('',#1254,#1253);
#1256=DIRECTION('',(0.E0,1.E0,0.E0));
#1257=VECTOR('',#1256,2.7E0);
#1258=CARTESIAN_POINT('',(-6.75E0,-1.35E0,-2.5E0));
#1259=LINE('',#1258,#1257);
#1260=DIRECTION('',(1.E0,0.E0,0.E0));
#1261=VECTOR('',#1260,1.5E0);
#1262=CARTESIAN_POINT('',(-6.75E0,-1.35E0,-2.5E0));
#1263=LINE('',#1262,#1261);
#1264=DIRECTION('',(0.E0,1.E0,0.E0));
#1265=VECTOR('',#1264,2.7E0);
#1266=CARTESIAN_POINT('',(-5.25E0,-1.35E0,-2.5E0));
#1267=LINE('',#1266,#1265);
#1268=DIRECTION('',(0.E0,1.E0,0.E0));
#1269=VECTOR('',#1268,2.7E0);
#1270=CARTESIAN_POINT('',(-2.75E0,-1.35E0,-2.5E0));
#1271=LINE('',#1270,#1269);
#1272=DIRECTION('',(1.E0,0.E0,0.E0));
#1273=VECTOR('',#1272,1.5E0);
#1274=CARTESIAN_POINT('',(-2.75E0,-1.35E0,-2.5E0));
#1275=LINE('',#1274,#1273);
#1276=DIRECTION('',(0.E0,1.E0,0.E0));
#1277=VECTOR('',#1276,2.7E0);
#1278=CARTESIAN_POINT('',(-1.25E0,-1.35E0,-2.5E0));
#1279=LINE('',#1278,#1277);
#1280=DIRECTION('',(0.E0,1.E0,0.E0));
#1281=VECTOR('',#1280,2.7E0);
#1282=CARTESIAN_POINT('',(-7.5E-1,-1.35E0,-2.5E0));
#1283=LINE('',#1282,#1281);
#1284=DIRECTION('',(1.E0,0.E0,0.E0));
#1285=VECTOR('',#1284,1.5E0);
#1286=CARTESIAN_POINT('',(-7.5E-1,-1.35E0,-2.5E0));
#1287=LINE('',#1286,#1285);
#1288=DIRECTION('',(0.E0,1.E0,0.E0));
#1289=VECTOR('',#1288,2.7E0);
#1290=CARTESIAN_POINT('',(7.5E-1,-1.35E0,-2.5E0));
#1291=LINE('',#1290,#1289);
#1292=DIRECTION('',(0.E0,1.E0,0.E0));
#1293=VECTOR('',#1292,2.7E0);
#1294=CARTESIAN_POINT('',(1.25E0,-1.35E0,-2.5E0));
#1295=LINE('',#1294,#1293);
#1296=DIRECTION('',(1.E0,0.E0,0.E0));
#1297=VECTOR('',#1296,1.5E0);
#1298=CARTESIAN_POINT('',(1.25E0,-1.35E0,-2.5E0));
#1299=LINE('',#1298,#1297);
#1300=DIRECTION('',(0.E0,1.E0,0.E0));
#1301=VECTOR('',#1300,2.7E0);
#1302=CARTESIAN_POINT('',(2.75E0,-1.35E0,-2.5E0));
#1303=LINE('',#1302,#1301);
#1304=DIRECTION('',(1.E0,0.E0,0.E0));
#1305=VECTOR('',#1304,1.6E0);
#1306=CARTESIAN_POINT('',(7.25E0,-1.35E0,-2.5E0));
#1307=LINE('',#1306,#1305);
#1308=DIRECTION('',(0.E0,1.E0,0.E0));
#1309=VECTOR('',#1308,2.35E0);
#1310=CARTESIAN_POINT('',(8.85E0,-1.35E0,-2.5E0));
#1311=LINE('',#1310,#1309);
#1312=DIRECTION('',(0.E0,1.E0,0.E0));
#1313=VECTOR('',#1312,2.7E0);
#1314=CARTESIAN_POINT('',(7.25E0,-1.35E0,-2.5E0));
#1315=LINE('',#1314,#1313);
#1316=DIRECTION('',(1.E0,0.E0,0.E0));
#1317=VECTOR('',#1316,1.5E0);
#1318=CARTESIAN_POINT('',(5.25E0,-1.35E0,-2.5E0));
#1319=LINE('',#1318,#1317);
#1320=DIRECTION('',(0.E0,1.E0,0.E0));
#1321=VECTOR('',#1320,2.7E0);
#1322=CARTESIAN_POINT('',(6.75E0,-1.35E0,-2.5E0));
#1323=LINE('',#1322,#1321);
#1324=DIRECTION('',(0.E0,1.E0,0.E0));
#1325=VECTOR('',#1324,2.7E0);
#1326=CARTESIAN_POINT('',(5.25E0,-1.35E0,-2.5E0));
#1327=LINE('',#1326,#1325);
#1328=DIRECTION('',(0.E0,1.E0,0.E0));
#1329=VECTOR('',#1328,2.7E0);
#1330=CARTESIAN_POINT('',(3.25E0,-1.35E0,-2.5E0));
#1331=LINE('',#1330,#1329);
#1332=DIRECTION('',(1.E0,0.E0,0.E0));
#1333=VECTOR('',#1332,1.5E0);
#1334=CARTESIAN_POINT('',(3.25E0,-1.35E0,-2.5E0));
#1335=LINE('',#1334,#1333);
#1336=DIRECTION('',(0.E0,1.E0,0.E0));
#1337=VECTOR('',#1336,2.7E0);
#1338=CARTESIAN_POINT('',(4.75E0,-1.35E0,-2.5E0));
#1339=LINE('',#1338,#1337);
#1340=DIRECTION('',(1.776356839400E-14,0.E0,-1.E0));
#1341=VECTOR('',#1340,3.5E-1);
#1342=CARTESIAN_POINT('',(-7.25E0,1.35E0,-2.65E0));
#1343=LINE('',#1342,#1341);
#1344=DIRECTION('',(7.071067811865E-1,0.E0,7.071067811865E-1));
#1345=VECTOR('',#1344,7.071067811865E-1);
#1346=CARTESIAN_POINT('',(-7.75E0,1.35E0,-3.5E0));
#1347=LINE('',#1346,#1345);
#1348=DIRECTION('',(1.E0,0.E0,0.E0));
#1349=VECTOR('',#1348,1.6E0);
#1350=CARTESIAN_POINT('',(-8.85E0,1.35E0,-2.5E0));
#1351=LINE('',#1350,#1349);
#1352=DIRECTION('',(2.960594732334E-14,0.E0,-1.E0));
#1353=VECTOR('',#1352,1.5E-1);
#1354=CARTESIAN_POINT('',(-7.25E0,1.35E0,-2.5E0));
#1355=LINE('',#1354,#1353);
#1356=DIRECTION('',(1.E0,0.E0,0.E0));
#1357=VECTOR('',#1356,1.5E0);
#1358=CARTESIAN_POINT('',(-4.75E0,1.35E0,-2.5E0));
#1359=LINE('',#1358,#1357);
#1360=DIRECTION('',(0.E0,0.E0,-1.E0));
#1361=VECTOR('',#1360,5.E-1);
#1362=CARTESIAN_POINT('',(-3.25E0,1.35E0,-2.5E0));
#1363=LINE('',#1362,#1361);
#1364=DIRECTION('',(7.071067811865E-1,0.E0,7.071067811865E-1));
#1365=VECTOR('',#1364,7.071067811865E-1);
#1366=CARTESIAN_POINT('',(-3.75E0,1.35E0,-3.5E0));
#1367=LINE('',#1366,#1365);
#1368=DIRECTION('',(7.071067811865E-1,0.E0,-7.071067811865E-1));
#1369=VECTOR('',#1368,7.071067811865E-1);
#1370=CARTESIAN_POINT('',(-4.75E0,1.35E0,-3.E0));
#1371=LINE('',#1370,#1369);
#1372=DIRECTION('',(0.E0,0.E0,-1.E0));
#1373=VECTOR('',#1372,3.5E-1);
#1374=CARTESIAN_POINT('',(-4.75E0,1.35E0,-2.65E0));
#1375=LINE('',#1374,#1373);
#1376=DIRECTION('',(0.E0,0.E0,-1.E0));
#1377=VECTOR('',#1376,1.5E-1);
#1378=CARTESIAN_POINT('',(-4.75E0,1.35E0,-2.5E0));
#1379=LINE('',#1378,#1377);
#1380=DIRECTION('',(3.298948416029E-14,0.E0,-1.E0));
#1381=VECTOR('',#1380,3.5E-1);
#1382=CARTESIAN_POINT('',(-5.25E0,1.35E0,-2.65E0));
#1383=LINE('',#1382,#1381);
#1384=DIRECTION('',(7.071067811865E-1,0.E0,7.071067811865E-1));
#1385=VECTOR('',#1384,7.071067811865E-1);
#1386=CARTESIAN_POINT('',(-5.75E0,1.35E0,-3.5E0));
#1387=LINE('',#1386,#1385);
#1388=DIRECTION('',(7.071067811866E-1,0.E0,-7.071067811865E-1));
#1389=VECTOR('',#1388,7.071067811866E-1);
#1390=CARTESIAN_POINT('',(-6.75E0,1.35E0,-3.E0));
#1391=LINE('',#1390,#1389);
#1392=DIRECTION('',(-2.030122102172E-14,0.E0,-1.E0));
#1393=VECTOR('',#1392,3.5E-1);
#1394=CARTESIAN_POINT('',(-6.75E0,1.35E0,-2.65E0));
#1395=LINE('',#1394,#1393);
#1396=DIRECTION('',(-5.329070518201E-14,0.E0,-1.E0));
#1397=VECTOR('',#1396,1.5E-1);
#1398=CARTESIAN_POINT('',(-6.75E0,1.35E0,-2.5E0));
#1399=LINE('',#1398,#1397);
#1400=DIRECTION('',(1.E0,0.E0,0.E0));
#1401=VECTOR('',#1400,1.5E0);
#1402=CARTESIAN_POINT('',(-6.75E0,1.35E0,-2.5E0));
#1403=LINE('',#1402,#1401);
#1404=DIRECTION('',(6.513308411134E-14,0.E0,-1.E0));
#1405=VECTOR('',#1404,1.5E-1);
#1406=CARTESIAN_POINT('',(-5.25E0,1.35E0,-2.5E0));
#1407=LINE('',#1406,#1405);
#1408=DIRECTION('',(5.075305255429E-14,0.E0,-1.E0));
#1409=VECTOR('',#1408,3.5E-1);
#1410=CARTESIAN_POINT('',(-1.25E0,1.35E0,-2.65E0));
#1411=LINE('',#1410,#1409);
#1412=DIRECTION('',(7.071067811865E-1,0.E0,7.071067811865E-1));
#1413=VECTOR('',#1412,7.071067811865E-1);
#1414=CARTESIAN_POINT('',(-1.75E0,1.35E0,-3.5E0));
#1415=LINE('',#1414,#1413);
#1416=DIRECTION('',(7.071067811865E-1,0.E0,-7.071067811865E-1));
#1417=VECTOR('',#1416,7.071067811865E-1);
#1418=CARTESIAN_POINT('',(-2.75E0,1.35E0,-3.E0));
#1419=LINE('',#1418,#1417);
#1420=DIRECTION('',(0.E0,0.E0,-1.E0));
#1421=VECTOR('',#1420,5.E-1);
#1422=CARTESIAN_POINT('',(-2.75E0,1.35E0,-2.5E0));
#1423=LINE('',#1422,#1421);
#1424=DIRECTION('',(1.E0,0.E0,0.E0));
#1425=VECTOR('',#1424,1.5E0);
#1426=CARTESIAN_POINT('',(-2.75E0,1.35E0,-2.5E0));
#1427=LINE('',#1426,#1425);
#1428=DIRECTION('',(1.184237892934E-13,0.E0,-1.E0));
#1429=VECTOR('',#1428,1.5E-1);
#1430=CARTESIAN_POINT('',(-1.25E0,1.35E0,-2.5E0));
#1431=LINE('',#1430,#1429);
#1432=DIRECTION('',(-6.566176174212E-14,0.E0,-1.E0));
#1433=VECTOR('',#1432,3.5E-1);
#1434=CARTESIAN_POINT('',(7.5E-1,1.35E0,-2.65E0));
#1435=LINE('',#1434,#1433);
#1436=DIRECTION('',(7.071067811866E-1,0.E0,7.071067811865E-1));
#1437=VECTOR('',#1436,7.071067811866E-1);
#1438=CARTESIAN_POINT('',(2.5E-1,1.35E0,-3.5E0));
#1439=LINE('',#1438,#1437);
#1440=DIRECTION('',(7.071067811865E-1,0.E0,-7.071067811865E-1));
#1441=VECTOR('',#1440,7.071067811865E-1);
#1442=CARTESIAN_POINT('',(-7.5E-1,1.35E0,-3.E0));
#1443=LINE('',#1442,#1441);
#1444=DIRECTION('',(3.616154994493E-14,0.E0,-1.E0));
#1445=VECTOR('',#1444,3.5E-1);
#1446=CARTESIAN_POINT('',(-7.5E-1,1.35E0,-2.65E0));
#1447=LINE('',#1446,#1445);
#1448=DIRECTION('',(9.103828801926E-14,0.E0,-1.E0));
#1449=VECTOR('',#1448,1.5E-1);
#1450=CARTESIAN_POINT('',(-7.5E-1,1.35E0,-2.5E0));
#1451=LINE('',#1450,#1449);
#1452=DIRECTION('',(1.E0,0.E0,0.E0));
#1453=VECTOR('',#1452,1.5E0);
#1454=CARTESIAN_POINT('',(-7.5E-1,1.35E0,-2.5E0));
#1455=LINE('',#1454,#1453);
#1456=DIRECTION('',(-9.473903143468E-14,0.E0,-1.E0));
#1457=VECTOR('',#1456,1.5E-1);
#1458=CARTESIAN_POINT('',(7.5E-1,1.35E0,-2.5E0));
#1459=LINE('',#1458,#1457);
#1460=DIRECTION('',(-5.582835780972E-14,0.E0,-1.E0));
#1461=VECTOR('',#1460,3.5E-1);
#1462=CARTESIAN_POINT('',(2.75E0,1.35E0,-2.65E0));
#1463=LINE('',#1462,#1461);
#1464=DIRECTION('',(7.071067811865E-1,0.E0,7.071067811865E-1));
#1465=VECTOR('',#1464,7.071067811865E-1);
#1466=CARTESIAN_POINT('',(2.25E0,1.35E0,-3.5E0));
#1467=LINE('',#1466,#1465);
#1468=DIRECTION('',(7.071067811865E-1,0.E0,-7.071067811865E-1));
#1469=VECTOR('',#1468,7.071067811865E-1);
#1470=CARTESIAN_POINT('',(1.25E0,1.35E0,-3.E0));
#1471=LINE('',#1470,#1469);
#1472=DIRECTION('',(-9.643079985316E-14,0.E0,-1.E0));
#1473=VECTOR('',#1472,3.5E-1);
#1474=CARTESIAN_POINT('',(1.25E0,1.35E0,-2.65E0));
#1475=LINE('',#1474,#1473);
#1476=DIRECTION('',(-1.524706287152E-13,0.E0,-1.E0));
#1477=VECTOR('',#1476,1.5E-1);
#1478=CARTESIAN_POINT('',(1.25E0,1.35E0,-2.5E0));
#1479=LINE('',#1478,#1477);
#1480=DIRECTION('',(1.E0,0.E0,0.E0));
#1481=VECTOR('',#1480,1.5E0);
#1482=CARTESIAN_POINT('',(1.25E0,1.35E0,-2.5E0));
#1483=LINE('',#1482,#1481);
#1484=DIRECTION('',(-7.401486830834E-14,0.E0,-1.E0));
#1485=VECTOR('',#1484,1.5E-1);
#1486=CARTESIAN_POINT('',(2.75E0,1.35E0,-2.5E0));
#1487=LINE('',#1486,#1485);
#1488=DIRECTION('',(1.E0,0.E0,0.E0));
#1489=VECTOR('',#1488,1.6E0);
#1490=CARTESIAN_POINT('',(7.25E0,1.35E0,-2.5E0));
#1491=LINE('',#1490,#1489);
#1492=DIRECTION('',(7.071067811866E-1,0.E0,-7.071067811865E-1));
#1493=VECTOR('',#1492,7.071067811866E-1);
#1494=CARTESIAN_POINT('',(7.25E0,1.35E0,-3.E0));
#1495=LINE('',#1494,#1493);
#1496=DIRECTION('',(-1.776356839400E-14,0.E0,-1.E0));
#1497=VECTOR('',#1496,3.5E-1);
#1498=CARTESIAN_POINT('',(7.25E0,1.35E0,-2.65E0));
#1499=LINE('',#1498,#1497);
#1500=DIRECTION('',(-1.776356839400E-14,0.E0,-1.E0));
#1501=VECTOR('',#1500,1.5E-1);
#1502=CARTESIAN_POINT('',(7.25E0,1.35E0,-2.5E0));
#1503=LINE('',#1502,#1501);
#1504=DIRECTION('',(1.E0,0.E0,0.E0));
#1505=VECTOR('',#1504,1.5E0);
#1506=CARTESIAN_POINT('',(5.25E0,1.35E0,-2.5E0));
#1507=LINE('',#1506,#1505);
#1508=DIRECTION('',(4.736951571734E-14,0.E0,-1.E0));
#1509=VECTOR('',#1508,1.5E-1);
#1510=CARTESIAN_POINT('',(6.75E0,1.35E0,-2.5E0));
#1511=LINE('',#1510,#1509);
#1512=DIRECTION('',(3.045183153258E-14,0.E0,-1.E0));
#1513=VECTOR('',#1512,3.5E-1);
#1514=CARTESIAN_POINT('',(6.75E0,1.35E0,-2.65E0));
#1515=LINE('',#1514,#1513);
#1516=DIRECTION('',(7.071067811866E-1,0.E0,7.071067811865E-1));
#1517=VECTOR('',#1516,7.071067811866E-1);
#1518=CARTESIAN_POINT('',(6.25E0,1.35E0,-3.5E0));
#1519=LINE('',#1518,#1517);
#1520=DIRECTION('',(7.071067811865E-1,0.E0,-7.071067811865E-1));
#1521=VECTOR('',#1520,7.071067811865E-1);
#1522=CARTESIAN_POINT('',(5.25E0,1.35E0,-3.E0));
#1523=LINE('',#1522,#1521);
#1524=DIRECTION('',(-3.045183153258E-14,0.E0,-1.E0));
#1525=VECTOR('',#1524,3.5E-1);
#1526=CARTESIAN_POINT('',(5.25E0,1.35E0,-2.65E0));
#1527=LINE('',#1526,#1525);
#1528=DIRECTION('',(-6.513308411134E-14,0.E0,-1.E0));
#1529=VECTOR('',#1528,1.5E-1);
#1530=CARTESIAN_POINT('',(5.25E0,1.35E0,-2.5E0));
#1531=LINE('',#1530,#1529);
#1532=DIRECTION('',(0.E0,0.E0,-1.E0));
#1533=VECTOR('',#1532,3.5E-1);
#1534=CARTESIAN_POINT('',(4.75E0,1.35E0,-2.65E0));
#1535=LINE('',#1534,#1533);
#1536=DIRECTION('',(7.071067811865E-1,0.E0,7.071067811865E-1));
#1537=VECTOR('',#1536,7.071067811865E-1);
#1538=CARTESIAN_POINT('',(4.25E0,1.35E0,-3.5E0));
#1539=LINE('',#1538,#1537);
#1540=DIRECTION('',(7.071067811865E-1,0.E0,-7.071067811865E-1));
#1541=VECTOR('',#1540,7.071067811865E-1);
#1542=CARTESIAN_POINT('',(3.25E0,1.35E0,-3.E0));
#1543=LINE('',#1542,#1541);
#1544=DIRECTION('',(-8.501136302844E-14,0.E0,-1.E0));
#1545=VECTOR('',#1544,3.5E-1);
#1546=CARTESIAN_POINT('',(3.25E0,1.35E0,-2.65E0));
#1547=LINE('',#1546,#1545);
#1548=DIRECTION('',(-1.361873576874E-13,0.E0,-1.E0));
#1549=VECTOR('',#1548,1.5E-1);
#1550=CARTESIAN_POINT('',(3.25E0,1.35E0,-2.5E0));
#1551=LINE('',#1550,#1549);
#1552=DIRECTION('',(1.E0,0.E0,0.E0));
#1553=VECTOR('',#1552,1.5E0);
#1554=CARTESIAN_POINT('',(3.25E0,1.35E0,-2.5E0));
#1555=LINE('',#1554,#1553);
#1556=DIRECTION('',(-1.776356839400E-14,0.E0,-1.E0));
#1557=VECTOR('',#1556,1.5E-1);
#1558=CARTESIAN_POINT('',(4.75E0,1.35E0,-2.5E0));
#1559=LINE('',#1558,#1557);
#1560=DIRECTION('',(0.E0,1.E0,0.E0));
#1561=VECTOR('',#1560,5.5E-1);
#1562=CARTESIAN_POINT('',(-7.75E0,-1.9E0,-3.5E0));
#1563=LINE('',#1562,#1561);
#1564=DIRECTION('',(0.E0,1.E0,0.E0));
#1565=VECTOR('',#1564,5.5E-1);
#1566=CARTESIAN_POINT('',(-8.85E0,-1.9E0,-3.5E0));
#1567=LINE('',#1566,#1565);
#1568=DIRECTION('',(1.E0,0.E0,0.E0));
#1569=VECTOR('',#1568,1.1E0);
#1570=CARTESIAN_POINT('',(-8.85E0,-1.9E0,-3.5E0));
#1571=LINE('',#1570,#1569);
#1572=DIRECTION('',(1.453382868600E-14,1.E0,0.E0));
#1573=VECTOR('',#1572,5.5E-1);
#1574=CARTESIAN_POINT('',(-6.25E0,-1.9E0,-3.5E0));
#1575=LINE('',#1574,#1573);
#1576=DIRECTION('',(1.E0,0.E0,0.E0));
#1577=VECTOR('',#1576,5.E-1);
#1578=CARTESIAN_POINT('',(-6.25E0,-1.9E0,-3.5E0));
#1579=LINE('',#1578,#1577);
#1580=DIRECTION('',(0.E0,1.E0,0.E0));
#1581=VECTOR('',#1580,5.5E-1);
#1582=CARTESIAN_POINT('',(-5.75E0,-1.9E0,-3.5E0));
#1583=LINE('',#1582,#1581);
#1584=DIRECTION('',(0.E0,1.E0,0.E0));
#1585=VECTOR('',#1584,5.5E-1);
#1586=CARTESIAN_POINT('',(-4.25E0,-1.9E0,-3.5E0));
#1587=LINE('',#1586,#1585);
#1588=DIRECTION('',(1.E0,0.E0,0.E0));
#1589=VECTOR('',#1588,5.E-1);
#1590=CARTESIAN_POINT('',(-4.25E0,-1.9E0,-3.5E0));
#1591=LINE('',#1590,#1589);
#1592=DIRECTION('',(0.E0,1.E0,0.E0));
#1593=VECTOR('',#1592,5.5E-1);
#1594=CARTESIAN_POINT('',(-3.75E0,-1.9E0,-3.5E0));
#1595=LINE('',#1594,#1593);
#1596=DIRECTION('',(0.E0,1.E0,0.E0));
#1597=VECTOR('',#1596,5.5E-1);
#1598=CARTESIAN_POINT('',(-2.25E0,-1.9E0,-3.5E0));
#1599=LINE('',#1598,#1597);
#1600=DIRECTION('',(1.E0,0.E0,0.E0));
#1601=VECTOR('',#1600,5.E-1);
#1602=CARTESIAN_POINT('',(-2.25E0,-1.9E0,-3.5E0));
#1603=LINE('',#1602,#1601);
#1604=DIRECTION('',(0.E0,1.E0,0.E0));
#1605=VECTOR('',#1604,5.5E-1);
#1606=CARTESIAN_POINT('',(-1.75E0,-1.9E0,-3.5E0));
#1607=LINE('',#1606,#1605);
#1608=DIRECTION('',(0.E0,1.E0,0.E0));
#1609=VECTOR('',#1608,5.5E-1);
#1610=CARTESIAN_POINT('',(-2.5E-1,-1.9E0,-3.5E0));
#1611=LINE('',#1610,#1609);
#1612=DIRECTION('',(1.E0,0.E0,0.E0));
#1613=VECTOR('',#1612,4.999999999999E-1);
#1614=CARTESIAN_POINT('',(-2.5E-1,-1.9E0,-3.5E0));
#1615=LINE('',#1614,#1613);
#1616=DIRECTION('',(0.E0,1.E0,0.E0));
#1617=VECTOR('',#1616,5.5E-1);
#1618=CARTESIAN_POINT('',(2.5E-1,-1.9E0,-3.5E0));
#1619=LINE('',#1618,#1617);
#1620=DIRECTION('',(0.E0,1.E0,0.E0));
#1621=VECTOR('',#1620,5.5E-1);
#1622=CARTESIAN_POINT('',(6.25E0,-1.9E0,-3.5E0));
#1623=LINE('',#1622,#1621);
#1624=DIRECTION('',(0.E0,1.E0,0.E0));
#1625=VECTOR('',#1624,5.5E-1);
#1626=CARTESIAN_POINT('',(5.75E0,-1.9E0,-3.5E0));
#1627=LINE('',#1626,#1625);
#1628=DIRECTION('',(1.E0,0.E0,0.E0));
#1629=VECTOR('',#1628,5.E-1);
#1630=CARTESIAN_POINT('',(5.75E0,-1.9E0,-3.5E0));
#1631=LINE('',#1630,#1629);
#1632=DIRECTION('',(0.E0,1.E0,0.E0));
#1633=VECTOR('',#1632,5.5E-1);
#1634=CARTESIAN_POINT('',(7.75E0,-1.9E0,-3.5E0));
#1635=LINE('',#1634,#1633);
#1636=DIRECTION('',(1.E0,0.E0,0.E0));
#1637=VECTOR('',#1636,1.1E0);
#1638=CARTESIAN_POINT('',(7.75E0,-1.9E0,-3.5E0));
#1639=LINE('',#1638,#1637);
#1640=DIRECTION('',(0.E0,1.E0,0.E0));
#1641=VECTOR('',#1640,5.5E-1);
#1642=CARTESIAN_POINT('',(8.85E0,-1.9E0,-3.5E0));
#1643=LINE('',#1642,#1641);
#1644=DIRECTION('',(0.E0,1.E0,0.E0));
#1645=VECTOR('',#1644,5.5E-1);
#1646=CARTESIAN_POINT('',(4.25E0,-1.9E0,-3.5E0));
#1647=LINE('',#1646,#1645);
#1648=DIRECTION('',(0.E0,1.E0,0.E0));
#1649=VECTOR('',#1648,5.5E-1);
#1650=CARTESIAN_POINT('',(3.75E0,-1.9E0,-3.5E0));
#1651=LINE('',#1650,#1649);
#1652=DIRECTION('',(1.E0,0.E0,0.E0));
#1653=VECTOR('',#1652,5.E-1);
#1654=CARTESIAN_POINT('',(3.75E0,-1.9E0,-3.5E0));
#1655=LINE('',#1654,#1653);
#1656=DIRECTION('',(0.E0,1.E0,0.E0));
#1657=VECTOR('',#1656,5.5E-1);
#1658=CARTESIAN_POINT('',(2.25E0,-1.9E0,-3.5E0));
#1659=LINE('',#1658,#1657);
#1660=DIRECTION('',(0.E0,1.E0,0.E0));
#1661=VECTOR('',#1660,5.5E-1);
#1662=CARTESIAN_POINT('',(1.75E0,-1.9E0,-3.5E0));
#1663=LINE('',#1662,#1661);
#1664=DIRECTION('',(1.E0,0.E0,0.E0));
#1665=VECTOR('',#1664,5.E-1);
#1666=CARTESIAN_POINT('',(1.75E0,-1.9E0,-3.5E0));
#1667=LINE('',#1666,#1665);
#1668=DIRECTION('',(0.E0,0.E0,1.E0));
#1669=VECTOR('',#1668,5.6E0);
#1670=CARTESIAN_POINT('',(-8.85E0,-2.E0,-5.6E0));
#1671=LINE('',#1670,#1669);
#1672=DIRECTION('',(1.E0,0.E0,0.E0));
#1673=VECTOR('',#1672,6.5E-1);
#1674=CARTESIAN_POINT('',(8.85E0,-2.E0,0.E0));
#1675=LINE('',#1674,#1673);
#1676=DIRECTION('',(0.E0,0.E0,-1.E0));
#1677=VECTOR('',#1676,5.6E0);
#1678=CARTESIAN_POINT('',(-9.5E0,-2.E0,0.E0));
#1679=LINE('',#1678,#1677);
#1680=DIRECTION('',(1.E0,0.E0,0.E0));
#1681=VECTOR('',#1680,6.5E-1);
#1682=CARTESIAN_POINT('',(-9.5E0,-2.E0,0.E0));
#1683=LINE('',#1682,#1681);
#1684=DIRECTION('',(0.E0,0.E0,-1.E0));
#1685=VECTOR('',#1684,5.6E0);
#1686=CARTESIAN_POINT('',(8.85E0,-2.E0,0.E0));
#1687=LINE('',#1686,#1685);
#1688=DIRECTION('',(0.E0,0.E0,-1.E0));
#1689=VECTOR('',#1688,3.1E0);
#1690=CARTESIAN_POINT('',(8.85E0,1.E0,-2.5E0));
#1691=LINE('',#1690,#1689);
#1692=DIRECTION('',(0.E0,-1.E0,0.E0));
#1693=VECTOR('',#1692,3.E0);
#1694=CARTESIAN_POINT('',(8.85E0,1.E0,-5.6E0));
#1695=LINE('',#1694,#1693);
#1696=DIRECTION('',(1.E0,0.E0,0.E0));
#1697=VECTOR('',#1696,6.5E-1);
#1698=CARTESIAN_POINT('',(8.85E0,-2.E0,-5.6E0));
#1699=LINE('',#1698,#1697);
#1700=DIRECTION('',(0.E0,1.E0,0.E0));
#1701=VECTOR('',#1700,4.E-1);
#1702=CARTESIAN_POINT('',(9.5E0,-2.E0,-5.6E0));
#1703=LINE('',#1702,#1701);
#1704=DIRECTION('',(1.E0,0.E0,0.E0));
#1705=VECTOR('',#1704,1.4E0);
#1706=CARTESIAN_POINT('',(9.5E0,-1.6E0,-5.6E0));
#1707=LINE('',#1706,#1705);
#1708=DIRECTION('',(0.E0,-1.E0,0.E0));
#1709=VECTOR('',#1708,4.E-1);
#1710=CARTESIAN_POINT('',(1.09E1,-1.6E0,-5.6E0));
#1711=LINE('',#1710,#1709);
#1712=DIRECTION('',(1.E0,0.E0,0.E0));
#1713=VECTOR('',#1712,4.E-1);
#1714=CARTESIAN_POINT('',(1.09E1,-2.E0,-5.6E0));
#1715=LINE('',#1714,#1713);
#1716=DIRECTION('',(0.E0,1.E0,0.E0));
#1717=VECTOR('',#1716,3.E0);
#1718=CARTESIAN_POINT('',(1.13E1,-2.E0,-5.6E0));
#1719=LINE('',#1718,#1717);
#1720=DIRECTION('',(-1.E0,0.E0,0.E0));
#1721=VECTOR('',#1720,2.45E0);
#1722=CARTESIAN_POINT('',(1.13E1,1.E0,-5.6E0));
#1723=LINE('',#1722,#1721);
#1724=DIRECTION('',(-1.E0,0.E0,0.E0));
#1725=VECTOR('',#1724,2.45E0);
#1726=CARTESIAN_POINT('',(-8.85E0,1.E0,-5.6E0));
#1727=LINE('',#1726,#1725);
#1728=DIRECTION('',(0.E0,-1.E0,0.E0));
#1729=VECTOR('',#1728,3.E0);
#1730=CARTESIAN_POINT('',(-1.13E1,1.E0,-5.6E0));
#1731=LINE('',#1730,#1729);
#1732=DIRECTION('',(1.E0,0.E0,0.E0));
#1733=VECTOR('',#1732,4.E-1);
#1734=CARTESIAN_POINT('',(-1.13E1,-2.E0,-5.6E0));
#1735=LINE('',#1734,#1733);
#1736=DIRECTION('',(0.E0,1.E0,0.E0));
#1737=VECTOR('',#1736,4.E-1);
#1738=CARTESIAN_POINT('',(-1.09E1,-2.E0,-5.6E0));
#1739=LINE('',#1738,#1737);
#1740=DIRECTION('',(1.E0,0.E0,0.E0));
#1741=VECTOR('',#1740,1.4E0);
#1742=CARTESIAN_POINT('',(-1.09E1,-1.6E0,-5.6E0));
#1743=LINE('',#1742,#1741);
#1744=DIRECTION('',(0.E0,-1.E0,0.E0));
#1745=VECTOR('',#1744,4.E-1);
#1746=CARTESIAN_POINT('',(-9.5E0,-1.6E0,-5.6E0));
#1747=LINE('',#1746,#1745);
#1748=DIRECTION('',(1.E0,0.E0,0.E0));
#1749=VECTOR('',#1748,6.5E-1);
#1750=CARTESIAN_POINT('',(-9.5E0,-2.E0,-5.6E0));
#1751=LINE('',#1750,#1749);
#1752=DIRECTION('',(0.E0,1.E0,0.E0));
#1753=VECTOR('',#1752,3.E0);
#1754=CARTESIAN_POINT('',(-8.85E0,-2.E0,-5.6E0));
#1755=LINE('',#1754,#1753);
#1756=DIRECTION('',(0.E0,-1.E0,0.E0));
#1757=VECTOR('',#1756,1.2E0);
#1758=CARTESIAN_POINT('',(1.08E1,-1.E-1,-5.6E0));
#1759=LINE('',#1758,#1757);
#1760=DIRECTION('',(-1.E0,0.E0,0.E0));
#1761=VECTOR('',#1760,1.1E0);
#1762=CARTESIAN_POINT('',(1.08E1,-1.3E0,-5.6E0));
#1763=LINE('',#1762,#1761);
#1764=DIRECTION('',(0.E0,1.E0,0.E0));
#1765=VECTOR('',#1764,1.2E0);
#1766=CARTESIAN_POINT('',(9.7E0,-1.3E0,-5.6E0));
#1767=LINE('',#1766,#1765);
#1768=DIRECTION('',(1.E0,0.E0,0.E0));
#1769=VECTOR('',#1768,1.1E0);
#1770=CARTESIAN_POINT('',(9.7E0,-1.E-1,-5.6E0));
#1771=LINE('',#1770,#1769);
#1772=DIRECTION('',(0.E0,0.E0,-1.E0));
#1773=VECTOR('',#1772,5.6E0);
#1774=CARTESIAN_POINT('',(9.5E0,-2.E0,0.E0));
#1775=LINE('',#1774,#1773);
#1776=DIRECTION('',(0.E0,0.E0,-1.E0));
#1777=VECTOR('',#1776,5.6E0);
#1778=CARTESIAN_POINT('',(9.5E0,-1.6E0,0.E0));
#1779=LINE('',#1778,#1777);
#1780=DIRECTION('',(0.E0,0.E0,-1.E0));
#1781=VECTOR('',#1780,4.E-1);
#1782=CARTESIAN_POINT('',(9.9E0,-1.6E0,-1.581008683647E0));
#1783=LINE('',#1782,#1781);
#1784=DIRECTION('',(1.E0,0.E0,0.E0));
#1785=VECTOR('',#1784,4.E-1);
#1786=CARTESIAN_POINT('',(9.9E0,-1.6E0,-1.981008683647E0));
#1787=LINE('',#1786,#1785);
#1788=DIRECTION('',(0.E0,0.E0,-1.E0));
#1789=VECTOR('',#1788,4.E-1);
#1790=CARTESIAN_POINT('',(1.03E1,-1.6E0,-1.581008683647E0));
#1791=LINE('',#1790,#1789);
#1792=DIRECTION('',(1.E0,0.E0,0.E0));
#1793=VECTOR('',#1792,4.E-1);
#1794=CARTESIAN_POINT('',(9.9E0,-1.6E0,-1.581008683647E0));
#1795=LINE('',#1794,#1793);
#1796=DIRECTION('',(0.E0,0.E0,-1.E0));
#1797=VECTOR('',#1796,4.E-1);
#1798=CARTESIAN_POINT('',(9.9E0,-1.6E0,-3.018991316353E0));
#1799=LINE('',#1798,#1797);
#1800=DIRECTION('',(1.E0,0.E0,0.E0));
#1801=VECTOR('',#1800,4.E-1);
#1802=CARTESIAN_POINT('',(9.9E0,-1.6E0,-3.418991316353E0));
#1803=LINE('',#1802,#1801);
#1804=DIRECTION('',(0.E0,0.E0,-1.E0));
#1805=VECTOR('',#1804,4.E-1);
#1806=CARTESIAN_POINT('',(1.03E1,-1.6E0,-3.018991316353E0));
#1807=LINE('',#1806,#1805);
#1808=DIRECTION('',(1.E0,0.E0,0.E0));
#1809=VECTOR('',#1808,4.E-1);
#1810=CARTESIAN_POINT('',(9.9E0,-1.6E0,-3.018991316353E0));
#1811=LINE('',#1810,#1809);
#1812=DIRECTION('',(0.E0,0.E0,-1.E0));
#1813=VECTOR('',#1812,5.6E0);
#1814=CARTESIAN_POINT('',(1.09E1,-1.6E0,0.E0));
#1815=LINE('',#1814,#1813);
#1816=DIRECTION('',(0.E0,0.E0,-1.E0));
#1817=VECTOR('',#1816,5.6E0);
#1818=CARTESIAN_POINT('',(1.09E1,-2.E0,0.E0));
#1819=LINE('',#1818,#1817);
#1820=DIRECTION('',(0.E0,0.E0,-1.E0));
#1821=VECTOR('',#1820,5.6E0);
#1822=CARTESIAN_POINT('',(1.13E1,-2.E0,0.E0));
#1823=LINE('',#1822,#1821);
#1824=DIRECTION('',(0.E0,0.E0,-1.E0));
#1825=VECTOR('',#1824,5.6E0);
#1826=CARTESIAN_POINT('',(1.13E1,1.E0,0.E0));
#1827=LINE('',#1826,#1825);
#1828=DIRECTION('',(0.E0,0.E0,-1.E0));
#1829=VECTOR('',#1828,2.5E0);
#1830=CARTESIAN_POINT('',(8.85E0,1.E0,0.E0));
#1831=LINE('',#1830,#1829);
#1832=DIRECTION('',(0.E0,-1.E0,0.E0));
#1833=VECTOR('',#1832,1.E0);
#1834=CARTESIAN_POINT('',(8.85E0,2.E0,0.E0));
#1835=LINE('',#1834,#1833);
#1836=DIRECTION('',(0.E0,0.E0,1.E0));
#1837=VECTOR('',#1836,3.5E0);
#1838=CARTESIAN_POINT('',(8.85E0,2.E0,-3.5E0));
#1839=LINE('',#1838,#1837);
#1840=DIRECTION('',(0.E0,1.E0,0.E0));
#1841=VECTOR('',#1840,6.5E-1);
#1842=CARTESIAN_POINT('',(8.85E0,1.35E0,-3.5E0));
#1843=LINE('',#1842,#1841);
#1844=DIRECTION('',(0.E0,0.E0,-1.E0));
#1845=VECTOR('',#1844,1.E0);
#1846=CARTESIAN_POINT('',(8.85E0,1.35E0,-2.5E0));
#1847=LINE('',#1846,#1845);
#1848=DIRECTION('',(0.E0,1.E0,0.E0));
#1849=VECTOR('',#1848,3.5E-1);
#1850=CARTESIAN_POINT('',(8.85E0,1.E0,-2.5E0));
#1851=LINE('',#1850,#1849);
#1852=DIRECTION('',(7.071067811865E-1,0.E0,7.071067811865E-1));
#1853=VECTOR('',#1852,7.071067811865E-1);
#1854=CARTESIAN_POINT('',(-7.75E0,2.E0,-3.5E0));
#1855=LINE('',#1854,#1853);
#1856=DIRECTION('',(0.E0,0.E0,1.E0));
#1857=VECTOR('',#1856,1.3E0);
#1858=CARTESIAN_POINT('',(-7.25E0,2.E0,-3.E0));
#1859=LINE('',#1858,#1857);
#1860=DIRECTION('',(1.E0,0.E0,0.E0));
#1861=VECTOR('',#1860,5.E-1);
#1862=CARTESIAN_POINT('',(-7.25E0,2.E0,-1.7E0));
#1863=LINE('',#1862,#1861);
#1864=DIRECTION('',(0.E0,0.E0,-1.E0));
#1865=VECTOR('',#1864,1.3E0);
#1866=CARTESIAN_POINT('',(-6.75E0,2.E0,-1.7E0));
#1867=LINE('',#1866,#1865);
#1868=DIRECTION('',(7.071067811866E-1,0.E0,-7.071067811865E-1));
#1869=VECTOR('',#1868,7.071067811866E-1);
#1870=CARTESIAN_POINT('',(-6.75E0,2.E0,-3.E0));
#1871=LINE('',#1870,#1869);
#1872=DIRECTION('',(1.E0,0.E0,0.E0));
#1873=VECTOR('',#1872,5.E-1);
#1874=CARTESIAN_POINT('',(-6.25E0,2.E0,-3.5E0));
#1875=LINE('',#1874,#1873);
#1876=DIRECTION('',(7.071067811865E-1,0.E0,7.071067811865E-1));
#1877=VECTOR('',#1876,7.071067811865E-1);
#1878=CARTESIAN_POINT('',(-5.75E0,2.E0,-3.5E0));
#1879=LINE('',#1878,#1877);
#1880=DIRECTION('',(0.E0,0.E0,1.E0));
#1881=VECTOR('',#1880,1.3E0);
#1882=CARTESIAN_POINT('',(-5.25E0,2.E0,-3.E0));
#1883=LINE('',#1882,#1881);
#1884=DIRECTION('',(1.E0,0.E0,0.E0));
#1885=VECTOR('',#1884,5.E-1);
#1886=CARTESIAN_POINT('',(-5.25E0,2.E0,-1.7E0));
#1887=LINE('',#1886,#1885);
#1888=DIRECTION('',(0.E0,0.E0,-1.E0));
#1889=VECTOR('',#1888,1.3E0);
#1890=CARTESIAN_POINT('',(-4.75E0,2.E0,-1.7E0));
#1891=LINE('',#1890,#1889);
#1892=DIRECTION('',(7.071067811865E-1,0.E0,-7.071067811865E-1));
#1893=VECTOR('',#1892,7.071067811865E-1);
#1894=CARTESIAN_POINT('',(-4.75E0,2.E0,-3.E0));
#1895=LINE('',#1894,#1893);
#1896=DIRECTION('',(1.E0,0.E0,0.E0));
#1897=VECTOR('',#1896,5.E-1);
#1898=CARTESIAN_POINT('',(-4.25E0,2.E0,-3.5E0));
#1899=LINE('',#1898,#1897);
#1900=DIRECTION('',(7.071067811865E-1,0.E0,7.071067811865E-1));
#1901=VECTOR('',#1900,7.071067811865E-1);
#1902=CARTESIAN_POINT('',(-3.75E0,2.E0,-3.5E0));
#1903=LINE('',#1902,#1901);
#1904=DIRECTION('',(0.E0,0.E0,1.E0));
#1905=VECTOR('',#1904,1.3E0);
#1906=CARTESIAN_POINT('',(-3.25E0,2.E0,-3.E0));
#1907=LINE('',#1906,#1905);
#1908=DIRECTION('',(1.E0,0.E0,0.E0));
#1909=VECTOR('',#1908,5.E-1);
#1910=CARTESIAN_POINT('',(-3.25E0,2.E0,-1.7E0));
#1911=LINE('',#1910,#1909);
#1912=DIRECTION('',(0.E0,0.E0,-1.E0));
#1913=VECTOR('',#1912,1.3E0);
#1914=CARTESIAN_POINT('',(-2.75E0,2.E0,-1.7E0));
#1915=LINE('',#1914,#1913);
#1916=DIRECTION('',(7.071067811865E-1,0.E0,-7.071067811865E-1));
#1917=VECTOR('',#1916,7.071067811865E-1);
#1918=CARTESIAN_POINT('',(-2.75E0,2.E0,-3.E0));
#1919=LINE('',#1918,#1917);
#1920=DIRECTION('',(1.E0,0.E0,0.E0));
#1921=VECTOR('',#1920,5.E-1);
#1922=CARTESIAN_POINT('',(-2.25E0,2.E0,-3.5E0));
#1923=LINE('',#1922,#1921);
#1924=DIRECTION('',(7.071067811865E-1,0.E0,7.071067811865E-1));
#1925=VECTOR('',#1924,7.071067811865E-1);
#1926=CARTESIAN_POINT('',(-1.75E0,2.E0,-3.5E0));
#1927=LINE('',#1926,#1925);
#1928=DIRECTION('',(0.E0,0.E0,1.E0));
#1929=VECTOR('',#1928,1.3E0);
#1930=CARTESIAN_POINT('',(-1.25E0,2.E0,-3.E0));
#1931=LINE('',#1930,#1929);
#1932=DIRECTION('',(1.E0,0.E0,0.E0));
#1933=VECTOR('',#1932,5.E-1);
#1934=CARTESIAN_POINT('',(-1.25E0,2.E0,-1.7E0));
#1935=LINE('',#1934,#1933);
#1936=DIRECTION('',(0.E0,0.E0,-1.E0));
#1937=VECTOR('',#1936,1.3E0);
#1938=CARTESIAN_POINT('',(-7.5E-1,2.E0,-1.7E0));
#1939=LINE('',#1938,#1937);
#1940=DIRECTION('',(7.071067811865E-1,0.E0,-7.071067811865E-1));
#1941=VECTOR('',#1940,7.071067811865E-1);
#1942=CARTESIAN_POINT('',(-7.5E-1,2.E0,-3.E0));
#1943=LINE('',#1942,#1941);
#1944=DIRECTION('',(1.E0,0.E0,0.E0));
#1945=VECTOR('',#1944,4.999999999999E-1);
#1946=CARTESIAN_POINT('',(-2.5E-1,2.E0,-3.5E0));
#1947=LINE('',#1946,#1945);
#1948=DIRECTION('',(7.071067811866E-1,0.E0,7.071067811865E-1));
#1949=VECTOR('',#1948,7.071067811866E-1);
#1950=CARTESIAN_POINT('',(2.5E-1,2.E0,-3.5E0));
#1951=LINE('',#1950,#1949);
#1952=DIRECTION('',(0.E0,0.E0,1.E0));
#1953=VECTOR('',#1952,1.3E0);
#1954=CARTESIAN_POINT('',(7.5E-1,2.E0,-3.E0));
#1955=LINE('',#1954,#1953);
#1956=DIRECTION('',(1.E0,0.E0,0.E0));
#1957=VECTOR('',#1956,5.E-1);
#1958=CARTESIAN_POINT('',(7.5E-1,2.E0,-1.7E0));
#1959=LINE('',#1958,#1957);
#1960=DIRECTION('',(0.E0,0.E0,-1.E0));
#1961=VECTOR('',#1960,1.3E0);
#1962=CARTESIAN_POINT('',(1.25E0,2.E0,-1.7E0));
#1963=LINE('',#1962,#1961);
#1964=DIRECTION('',(7.071067811865E-1,0.E0,-7.071067811865E-1));
#1965=VECTOR('',#1964,7.071067811865E-1);
#1966=CARTESIAN_POINT('',(1.25E0,2.E0,-3.E0));
#1967=LINE('',#1966,#1965);
#1968=DIRECTION('',(1.E0,0.E0,0.E0));
#1969=VECTOR('',#1968,5.E-1);
#1970=CARTESIAN_POINT('',(1.75E0,2.E0,-3.5E0));
#1971=LINE('',#1970,#1969);
#1972=DIRECTION('',(7.071067811865E-1,0.E0,7.071067811865E-1));
#1973=VECTOR('',#1972,7.071067811865E-1);
#1974=CARTESIAN_POINT('',(2.25E0,2.E0,-3.5E0));
#1975=LINE('',#1974,#1973);
#1976=DIRECTION('',(0.E0,0.E0,1.E0));
#1977=VECTOR('',#1976,1.3E0);
#1978=CARTESIAN_POINT('',(2.75E0,2.E0,-3.E0));
#1979=LINE('',#1978,#1977);
#1980=DIRECTION('',(1.E0,0.E0,0.E0));
#1981=VECTOR('',#1980,5.E-1);
#1982=CARTESIAN_POINT('',(2.75E0,2.E0,-1.7E0));
#1983=LINE('',#1982,#1981);
#1984=DIRECTION('',(0.E0,0.E0,-1.E0));
#1985=VECTOR('',#1984,1.3E0);
#1986=CARTESIAN_POINT('',(3.25E0,2.E0,-1.7E0));
#1987=LINE('',#1986,#1985);
#1988=DIRECTION('',(7.071067811865E-1,0.E0,-7.071067811865E-1));
#1989=VECTOR('',#1988,7.071067811865E-1);
#1990=CARTESIAN_POINT('',(3.25E0,2.E0,-3.E0));
#1991=LINE('',#1990,#1989);
#1992=DIRECTION('',(1.E0,0.E0,0.E0));
#1993=VECTOR('',#1992,5.E-1);
#1994=CARTESIAN_POINT('',(3.75E0,2.E0,-3.5E0));
#1995=LINE('',#1994,#1993);
#1996=DIRECTION('',(7.071067811865E-1,0.E0,7.071067811865E-1));
#1997=VECTOR('',#1996,7.071067811865E-1);
#1998=CARTESIAN_POINT('',(4.25E0,2.E0,-3.5E0));
#1999=LINE('',#1998,#1997);
#2000=DIRECTION('',(0.E0,0.E0,1.E0));
#2001=VECTOR('',#2000,1.3E0);
#2002=CARTESIAN_POINT('',(4.75E0,2.E0,-3.E0));
#2003=LINE('',#2002,#2001);
#2004=DIRECTION('',(1.E0,0.E0,0.E0));
#2005=VECTOR('',#2004,5.E-1);
#2006=CARTESIAN_POINT('',(4.75E0,2.E0,-1.7E0));
#2007=LINE('',#2006,#2005);
#2008=DIRECTION('',(0.E0,0.E0,-1.E0));
#2009=VECTOR('',#2008,1.3E0);
#2010=CARTESIAN_POINT('',(5.25E0,2.E0,-1.7E0));
#2011=LINE('',#2010,#2009);
#2012=DIRECTION('',(7.071067811865E-1,0.E0,-7.071067811865E-1));
#2013=VECTOR('',#2012,7.071067811865E-1);
#2014=CARTESIAN_POINT('',(5.25E0,2.E0,-3.E0));
#2015=LINE('',#2014,#2013);
#2016=DIRECTION('',(1.E0,0.E0,0.E0));
#2017=VECTOR('',#2016,5.E-1);
#2018=CARTESIAN_POINT('',(5.75E0,2.E0,-3.5E0));
#2019=LINE('',#2018,#2017);
#2020=DIRECTION('',(7.071067811866E-1,0.E0,7.071067811865E-1));
#2021=VECTOR('',#2020,7.071067811866E-1);
#2022=CARTESIAN_POINT('',(6.25E0,2.E0,-3.5E0));
#2023=LINE('',#2022,#2021);
#2024=DIRECTION('',(0.E0,0.E0,1.E0));
#2025=VECTOR('',#2024,1.3E0);
#2026=CARTESIAN_POINT('',(6.75E0,2.E0,-3.E0));
#2027=LINE('',#2026,#2025);
#2028=DIRECTION('',(1.E0,0.E0,0.E0));
#2029=VECTOR('',#2028,5.E-1);
#2030=CARTESIAN_POINT('',(6.75E0,2.E0,-1.7E0));
#2031=LINE('',#2030,#2029);
#2032=DIRECTION('',(0.E0,0.E0,-1.E0));
#2033=VECTOR('',#2032,1.3E0);
#2034=CARTESIAN_POINT('',(7.25E0,2.E0,-1.7E0));
#2035=LINE('',#2034,#2033);
#2036=DIRECTION('',(7.071067811866E-1,0.E0,-7.071067811865E-1));
#2037=VECTOR('',#2036,7.071067811866E-1);
#2038=CARTESIAN_POINT('',(7.25E0,2.E0,-3.E0));
#2039=LINE('',#2038,#2037);
#2040=DIRECTION('',(1.E0,0.E0,0.E0));
#2041=VECTOR('',#2040,1.1E0);
#2042=CARTESIAN_POINT('',(7.75E0,2.E0,-3.5E0));
#2043=LINE('',#2042,#2041);
#2044=DIRECTION('',(1.E0,0.E0,0.E0));
#2045=VECTOR('',#2044,1.1E0);
#2046=CARTESIAN_POINT('',(-8.85E0,2.E0,-3.5E0));
#2047=LINE('',#2046,#2045);
#2048=DIRECTION('',(1.E0,0.E0,0.E0));
#2049=VECTOR('',#2048,5.E-1);
#2050=CARTESIAN_POINT('',(-7.25E0,1.8E0,-1.7E0));
#2051=LINE('',#2050,#2049);
#2052=DIRECTION('',(0.E0,-1.E0,0.E0));
#2053=VECTOR('',#2052,2.E-1);
#2054=CARTESIAN_POINT('',(-7.25E0,2.E0,-1.7E0));
#2055=LINE('',#2054,#2053);
#2056=DIRECTION('',(1.E0,0.E0,0.E0));
#2057=VECTOR('',#2056,5.E-1);
#2058=CARTESIAN_POINT('',(-7.25E0,-1.8E0,-1.7E0));
#2059=LINE('',#2058,#2057);
#2060=DIRECTION('',(0.E0,-1.E0,0.E0));
#2061=VECTOR('',#2060,1.E-1);
#2062=CARTESIAN_POINT('',(-7.25E0,-1.8E0,-1.7E0));
#2063=LINE('',#2062,#2061);
#2064=DIRECTION('',(0.E0,1.E0,0.E0));
#2065=VECTOR('',#2064,5.5E-1);
#2066=CARTESIAN_POINT('',(-6.75E0,-1.9E0,-2.65E0));
#2067=LINE('',#2066,#2065);
#2068=DIRECTION('',(-7.105427357601E-14,1.E0,0.E0));
#2069=VECTOR('',#2068,1.E-1);
#2070=CARTESIAN_POINT('',(-6.75E0,-1.9E0,-1.95E0));
#2071=LINE('',#2070,#2069);
#2072=DIRECTION('',(0.E0,0.E0,-1.E0));
#2073=VECTOR('',#2072,2.5E-1);
#2074=CARTESIAN_POINT('',(-6.75E0,-1.8E0,-1.7E0));
#2075=LINE('',#2074,#2073);
#2076=DIRECTION('',(-3.552713678801E-14,-1.E0,0.E0));
#2077=VECTOR('',#2076,1.E-1);
#2078=CARTESIAN_POINT('',(-6.75E0,-1.8E0,-1.7E0));
#2079=LINE('',#2078,#2077);
#2080=DIRECTION('',(0.E0,0.E0,-1.E0));
#2081=VECTOR('',#2080,9.5E-1);
#2082=CARTESIAN_POINT('',(-6.75E0,1.8E0,-1.7E0));
#2083=LINE('',#2082,#2081);
#2084=DIRECTION('',(-1.578983857245E-14,1.E0,0.E0));
#2085=VECTOR('',#2084,4.5E-1);
#2086=CARTESIAN_POINT('',(-6.75E0,1.35E0,-2.65E0));
#2087=LINE('',#2086,#2085);
#2088=DIRECTION('',(-1.776356839400E-14,-1.E0,0.E0));
#2089=VECTOR('',#2088,2.E-1);
#2090=CARTESIAN_POINT('',(-6.75E0,2.E0,-1.7E0));
#2091=LINE('',#2090,#2089);
#2092=DIRECTION('',(-1.291895883200E-14,-1.E0,0.E0));
#2093=VECTOR('',#2092,5.5E-1);
#2094=CARTESIAN_POINT('',(-6.75E0,-1.35E0,-3.E0));
#2095=LINE('',#2094,#2093);
#2096=DIRECTION('',(0.E0,-1.E0,0.E0));
#2097=VECTOR('',#2096,6.5E-1);
#2098=CARTESIAN_POINT('',(-6.75E0,2.E0,-3.E0));
#2099=LINE('',#2098,#2097);
#2100=DIRECTION('',(0.E0,1.E0,0.E0));
#2101=VECTOR('',#2100,6.5E-1);
#2102=CARTESIAN_POINT('',(-7.75E0,1.35E0,-3.5E0));
#2103=LINE('',#2102,#2101);
#2104=DIRECTION('',(1.E0,0.E0,0.E0));
#2105=VECTOR('',#2104,1.1E0);
#2106=CARTESIAN_POINT('',(-8.85E0,1.35E0,-3.5E0));
#2107=LINE('',#2106,#2105);
#2108=DIRECTION('',(0.E0,1.E0,0.E0));
#2109=VECTOR('',#2108,6.5E-1);
#2110=CARTESIAN_POINT('',(-6.25E0,1.35E0,-3.5E0));
#2111=LINE('',#2110,#2109);
#2112=DIRECTION('',(1.E0,0.E0,0.E0));
#2113=VECTOR('',#2112,5.E-1);
#2114=CARTESIAN_POINT('',(-6.25E0,1.35E0,-3.5E0));
#2115=LINE('',#2114,#2113);
#2116=DIRECTION('',(0.E0,1.E0,0.E0));
#2117=VECTOR('',#2116,6.5E-1);
#2118=CARTESIAN_POINT('',(-5.75E0,1.35E0,-3.5E0));
#2119=LINE('',#2118,#2117);
#2120=DIRECTION('',(0.E0,1.E0,0.E0));
#2121=VECTOR('',#2120,6.5E-1);
#2122=CARTESIAN_POINT('',(-4.25E0,1.35E0,-3.5E0));
#2123=LINE('',#2122,#2121);
#2124=DIRECTION('',(1.E0,0.E0,0.E0));
#2125=VECTOR('',#2124,5.E-1);
#2126=CARTESIAN_POINT('',(-4.25E0,1.35E0,-3.5E0));
#2127=LINE('',#2126,#2125);
#2128=DIRECTION('',(0.E0,1.E0,0.E0));
#2129=VECTOR('',#2128,6.5E-1);
#2130=CARTESIAN_POINT('',(-3.75E0,1.35E0,-3.5E0));
#2131=LINE('',#2130,#2129);
#2132=DIRECTION('',(0.E0,1.E0,0.E0));
#2133=VECTOR('',#2132,6.5E-1);
#2134=CARTESIAN_POINT('',(-2.25E0,1.35E0,-3.5E0));
#2135=LINE('',#2134,#2133);
#2136=DIRECTION('',(1.E0,0.E0,0.E0));
#2137=VECTOR('',#2136,5.E-1);
#2138=CARTESIAN_POINT('',(-2.25E0,1.35E0,-3.5E0));
#2139=LINE('',#2138,#2137);
#2140=DIRECTION('',(0.E0,1.E0,0.E0));
#2141=VECTOR('',#2140,6.5E-1);
#2142=CARTESIAN_POINT('',(-1.75E0,1.35E0,-3.5E0));
#2143=LINE('',#2142,#2141);
#2144=DIRECTION('',(0.E0,1.E0,0.E0));
#2145=VECTOR('',#2144,6.5E-1);
#2146=CARTESIAN_POINT('',(-2.5E-1,1.35E0,-3.5E0));
#2147=LINE('',#2146,#2145);
#2148=DIRECTION('',(1.E0,0.E0,0.E0));
#2149=VECTOR('',#2148,4.999999999999E-1);
#2150=CARTESIAN_POINT('',(-2.5E-1,1.35E0,-3.5E0));
#2151=LINE('',#2150,#2149);
#2152=DIRECTION('',(0.E0,1.E0,0.E0));
#2153=VECTOR('',#2152,6.5E-1);
#2154=CARTESIAN_POINT('',(2.5E-1,1.35E0,-3.5E0));
#2155=LINE('',#2154,#2153);
#2156=DIRECTION('',(0.E0,1.E0,0.E0));
#2157=VECTOR('',#2156,6.5E-1);
#2158=CARTESIAN_POINT('',(6.25E0,1.35E0,-3.5E0));
#2159=LINE('',#2158,#2157);
#2160=DIRECTION('',(0.E0,1.E0,0.E0));
#2161=VECTOR('',#2160,6.5E-1);
#2162=CARTESIAN_POINT('',(5.75E0,1.35E0,-3.5E0));
#2163=LINE('',#2162,#2161);
#2164=DIRECTION('',(1.E0,0.E0,0.E0));
#2165=VECTOR('',#2164,5.E-1);
#2166=CARTESIAN_POINT('',(5.75E0,1.35E0,-3.5E0));
#2167=LINE('',#2166,#2165);
#2168=DIRECTION('',(0.E0,1.E0,0.E0));
#2169=VECTOR('',#2168,6.5E-1);
#2170=CARTESIAN_POINT('',(7.75E0,1.35E0,-3.5E0));
#2171=LINE('',#2170,#2169);
#2172=DIRECTION('',(1.E0,0.E0,0.E0));
#2173=VECTOR('',#2172,1.1E0);
#2174=CARTESIAN_POINT('',(7.75E0,1.35E0,-3.5E0));
#2175=LINE('',#2174,#2173);
#2176=DIRECTION('',(0.E0,1.E0,0.E0));
#2177=VECTOR('',#2176,6.5E-1);
#2178=CARTESIAN_POINT('',(4.25E0,1.35E0,-3.5E0));
#2179=LINE('',#2178,#2177);
#2180=DIRECTION('',(0.E0,1.E0,0.E0));
#2181=VECTOR('',#2180,6.5E-1);
#2182=CARTESIAN_POINT('',(3.75E0,1.35E0,-3.5E0));
#2183=LINE('',#2182,#2181);
#2184=DIRECTION('',(1.E0,0.E0,0.E0));
#2185=VECTOR('',#2184,5.E-1);
#2186=CARTESIAN_POINT('',(3.75E0,1.35E0,-3.5E0));
#2187=LINE('',#2186,#2185);
#2188=DIRECTION('',(0.E0,1.E0,0.E0));
#2189=VECTOR('',#2188,6.5E-1);
#2190=CARTESIAN_POINT('',(2.25E0,1.35E0,-3.5E0));
#2191=LINE('',#2190,#2189);
#2192=DIRECTION('',(0.E0,1.E0,0.E0));
#2193=VECTOR('',#2192,6.5E-1);
#2194=CARTESIAN_POINT('',(1.75E0,1.35E0,-3.5E0));
#2195=LINE('',#2194,#2193);
#2196=DIRECTION('',(1.E0,0.E0,0.E0));
#2197=VECTOR('',#2196,5.E-1);
#2198=CARTESIAN_POINT('',(1.75E0,1.35E0,-3.5E0));
#2199=LINE('',#2198,#2197);
#2200=DIRECTION('',(0.E0,1.E0,0.E0));
#2201=VECTOR('',#2200,5.5E-1);
#2202=CARTESIAN_POINT('',(-5.25E0,-1.9E0,-2.65E0));
#2203=LINE('',#2202,#2201);
#2204=DIRECTION('',(0.E0,-1.E0,0.E0));
#2205=VECTOR('',#2204,5.5E-1);
#2206=CARTESIAN_POINT('',(-5.25E0,-1.35E0,-3.E0));
#2207=LINE('',#2206,#2205);
#2208=DIRECTION('',(1.065814103640E-13,1.E0,0.E0));
#2209=VECTOR('',#2208,1.E-1);
#2210=CARTESIAN_POINT('',(-5.25E0,-1.9E0,-1.95E0));
#2211=LINE('',#2210,#2209);
#2212=DIRECTION('',(0.E0,0.E0,-1.E0));
#2213=VECTOR('',#2212,2.5E-1);
#2214=CARTESIAN_POINT('',(-5.25E0,-1.8E0,-1.7E0));
#2215=LINE('',#2214,#2213);
#2216=DIRECTION('',(0.E0,0.E0,-1.E0));
#2217=VECTOR('',#2216,9.5E-1);
#2218=CARTESIAN_POINT('',(-5.25E0,1.8E0,-1.7E0));
#2219=LINE('',#2218,#2217);
#2220=DIRECTION('',(0.E0,-1.E0,0.E0));
#2221=VECTOR('',#2220,6.5E-1);
#2222=CARTESIAN_POINT('',(-5.25E0,2.E0,-3.E0));
#2223=LINE('',#2222,#2221);
#2224=DIRECTION('',(2.565848768023E-14,1.E0,0.E0));
#2225=VECTOR('',#2224,4.5E-1);
#2226=CARTESIAN_POINT('',(-5.25E0,1.35E0,-2.65E0));
#2227=LINE('',#2226,#2225);
#2228=DIRECTION('',(-1.E0,0.E0,0.E0));
#2229=VECTOR('',#2228,5.E-1);
#2230=CARTESIAN_POINT('',(-4.75E0,1.8E0,-2.65E0));
#2231=LINE('',#2230,#2229);
#2232=DIRECTION('',(0.E0,1.E0,0.E0));
#2233=VECTOR('',#2232,5.5E-1);
#2234=CARTESIAN_POINT('',(-4.75E0,-1.9E0,-2.65E0));
#2235=LINE('',#2234,#2233);
#2236=DIRECTION('',(1.776356839400E-14,1.E0,0.E0));
#2237=VECTOR('',#2236,1.E-1);
#2238=CARTESIAN_POINT('',(-4.75E0,-1.9E0,-1.95E0));
#2239=LINE('',#2238,#2237);
#2240=DIRECTION('',(0.E0,0.E0,-1.E0));
#2241=VECTOR('',#2240,2.5E-1);
#2242=CARTESIAN_POINT('',(-4.75E0,-1.8E0,-1.7E0));
#2243=LINE('',#2242,#2241);
#2244=DIRECTION('',(0.E0,-1.E0,0.E0));
#2245=VECTOR('',#2244,1.E-1);
#2246=CARTESIAN_POINT('',(-4.75E0,-1.8E0,-1.7E0));
#2247=LINE('',#2246,#2245);
#2248=DIRECTION('',(0.E0,0.E0,-1.E0));
#2249=VECTOR('',#2248,9.5E-1);
#2250=CARTESIAN_POINT('',(-4.75E0,1.8E0,-1.7E0));
#2251=LINE('',#2250,#2249);
#2252=DIRECTION('',(0.E0,1.E0,0.E0));
#2253=VECTOR('',#2252,4.5E-1);
#2254=CARTESIAN_POINT('',(-4.75E0,1.35E0,-2.65E0));
#2255=LINE('',#2254,#2253);
#2256=DIRECTION('',(0.E0,-1.E0,0.E0));
#2257=VECTOR('',#2256,2.E-1);
#2258=CARTESIAN_POINT('',(-4.75E0,2.E0,-1.7E0));
#2259=LINE('',#2258,#2257);
#2260=DIRECTION('',(0.E0,-1.E0,0.E0));
#2261=VECTOR('',#2260,5.5E-1);
#2262=CARTESIAN_POINT('',(-4.75E0,-1.35E0,-3.E0));
#2263=LINE('',#2262,#2261);
#2264=DIRECTION('',(0.E0,-1.E0,0.E0));
#2265=VECTOR('',#2264,6.5E-1);
#2266=CARTESIAN_POINT('',(-4.75E0,2.E0,-3.E0));
#2267=LINE('',#2266,#2265);
#2268=DIRECTION('',(-1.E0,0.E0,0.E0));
#2269=VECTOR('',#2268,5.E-1);
#2270=CARTESIAN_POINT('',(-4.75E0,-3.5E0,-1.95E0));
#2271=LINE('',#2270,#2269);
#2272=DIRECTION('',(0.E0,0.E0,1.E0));
#2273=VECTOR('',#2272,3.25E0);
#2274=CARTESIAN_POINT('',(-4.75E0,-1.2E0,0.E0));
#2275=LINE('',#2274,#2273);
#2276=CARTESIAN_POINT('',(-4.75E0,-7.E-1,3.25E0));
#2277=DIRECTION('',(-1.E0,0.E0,0.E0));
#2278=DIRECTION('',(0.E0,-1.E0,0.E0));
#2279=AXIS2_PLACEMENT_3D('',#2276,#2277,#2278);
#2281=DIRECTION('',(0.E0,1.E0,0.E0));
#2282=VECTOR('',#2281,1.4E0);
#2283=CARTESIAN_POINT('',(-4.75E0,-7.E-1,3.75E0));
#2284=LINE('',#2283,#2282);
#2285=CARTESIAN_POINT('',(-4.75E0,7.E-1,3.25E0));
#2286=DIRECTION('',(-1.E0,0.E0,0.E0));
#2287=DIRECTION('',(0.E0,0.E0,1.E0));
#2288=AXIS2_PLACEMENT_3D('',#2285,#2286,#2287);
#2290=DIRECTION('',(0.E0,0.E0,-1.E0));
#2291=VECTOR('',#2290,3.25E0);
#2292=CARTESIAN_POINT('',(-4.75E0,1.2E0,3.25E0));
#2293=LINE('',#2292,#2291);
#2294=DIRECTION('',(0.E0,-1.E0,0.E0));
#2295=VECTOR('',#2294,2.7E0);
#2296=CARTESIAN_POINT('',(-4.75E0,1.35E0,-2.65E0));
#2297=LINE('',#2296,#2295);
#2298=DIRECTION('',(0.E0,-1.E0,0.E0));
#2299=VECTOR('',#2298,1.6E0);
#2300=CARTESIAN_POINT('',(-4.75E0,-1.9E0,-2.65E0));
#2301=LINE('',#2300,#2299);
#2302=DIRECTION('',(0.E0,0.E0,1.E0));
#2303=VECTOR('',#2302,7.E-1);
#2304=CARTESIAN_POINT('',(-4.75E0,-3.5E0,-2.65E0));
#2305=LINE('',#2304,#2303);
#2306=DIRECTION('',(0.E0,1.E0,0.E0));
#2307=VECTOR('',#2306,1.6E0);
#2308=CARTESIAN_POINT('',(-4.75E0,-3.5E0,-1.95E0));
#2309=LINE('',#2308,#2307);
#2310=DIRECTION('',(0.E0,0.E0,-1.E0));
#2311=VECTOR('',#2310,3.25E0);
#2312=CARTESIAN_POINT('',(-5.25E0,1.2E0,3.25E0));
#2313=LINE('',#2312,#2311);
#2314=CARTESIAN_POINT('',(-5.25E0,7.E-1,3.25E0));
#2315=DIRECTION('',(-1.E0,0.E0,0.E0));
#2316=DIRECTION('',(0.E0,0.E0,1.E0));
#2317=AXIS2_PLACEMENT_3D('',#2314,#2315,#2316);
#2319=DIRECTION('',(0.E0,1.E0,0.E0));
#2320=VECTOR('',#2319,1.4E0);
#2321=CARTESIAN_POINT('',(-5.25E0,-7.E-1,3.75E0));
#2322=LINE('',#2321,#2320);
#2323=CARTESIAN_POINT('',(-5.25E0,-7.E-1,3.25E0));
#2324=DIRECTION('',(-1.E0,0.E0,0.E0));
#2325=DIRECTION('',(0.E0,-1.E0,0.E0));
#2326=AXIS2_PLACEMENT_3D('',#2323,#2324,#2325);
#2328=DIRECTION('',(0.E0,0.E0,1.E0));
#2329=VECTOR('',#2328,3.25E0);
#2330=CARTESIAN_POINT('',(-5.25E0,-1.2E0,0.E0));
#2331=LINE('',#2330,#2329);
#2332=DIRECTION('',(0.E0,-1.E0,0.E0));
#2333=VECTOR('',#2332,2.7E0);
#2334=CARTESIAN_POINT('',(-5.25E0,1.35E0,-2.65E0));
#2335=LINE('',#2334,#2333);
#2336=DIRECTION('',(0.E0,-1.E0,0.E0));
#2337=VECTOR('',#2336,1.6E0);
#2338=CARTESIAN_POINT('',(-5.25E0,-1.9E0,-2.65E0));
#2339=LINE('',#2338,#2337);
#2340=DIRECTION('',(0.E0,1.E0,0.E0));
#2341=VECTOR('',#2340,1.6E0);
#2342=CARTESIAN_POINT('',(-5.25E0,-3.5E0,-1.95E0));
#2343=LINE('',#2342,#2341);
#2344=DIRECTION('',(0.E0,0.E0,1.E0));
#2345=VECTOR('',#2344,7.E-1);
#2346=CARTESIAN_POINT('',(-5.25E0,-3.5E0,-2.65E0));
#2347=LINE('',#2346,#2345);
#2348=DIRECTION('',(-1.E0,0.E0,0.E0));
#2349=VECTOR('',#2348,5.E-1);
#2350=CARTESIAN_POINT('',(-4.75E0,1.2E0,3.25E0));
#2351=LINE('',#2350,#2349);
#2352=DIRECTION('',(-1.E0,0.E0,0.E0));
#2353=VECTOR('',#2352,5.E-1);
#2354=CARTESIAN_POINT('',(-4.75E0,7.E-1,3.75E0));
#2355=LINE('',#2354,#2353);
#2356=DIRECTION('',(-1.E0,0.E0,0.E0));
#2357=VECTOR('',#2356,5.E-1);
#2358=CARTESIAN_POINT('',(-4.75E0,-7.E-1,3.75E0));
#2359=LINE('',#2358,#2357);
#2360=DIRECTION('',(-1.E0,0.E0,0.E0));
#2361=VECTOR('',#2360,5.E-1);
#2362=CARTESIAN_POINT('',(-4.75E0,-1.2E0,3.25E0));
#2363=LINE('',#2362,#2361);
#2364=DIRECTION('',(-1.E0,0.E0,0.E0));
#2365=VECTOR('',#2364,5.E-1);
#2366=CARTESIAN_POINT('',(-4.75E0,-3.5E0,-2.65E0));
#2367=LINE('',#2366,#2365);
#2368=DIRECTION('',(-1.E0,0.E0,0.E0));
#2369=VECTOR('',#2368,5.E-1);
#2370=CARTESIAN_POINT('',(-4.75E0,-1.8E0,-1.95E0));
#2371=LINE('',#2370,#2369);
#2372=DIRECTION('',(1.E0,0.E0,0.E0));
#2373=VECTOR('',#2372,5.E-1);
#2374=CARTESIAN_POINT('',(-5.25E0,1.8E0,-1.7E0));
#2375=LINE('',#2374,#2373);
#2376=DIRECTION('',(0.E0,-1.E0,0.E0));
#2377=VECTOR('',#2376,2.E-1);
#2378=CARTESIAN_POINT('',(-5.25E0,2.E0,-1.7E0));
#2379=LINE('',#2378,#2377);
#2380=DIRECTION('',(1.E0,0.E0,0.E0));
#2381=VECTOR('',#2380,5.E-1);
#2382=CARTESIAN_POINT('',(-5.25E0,-1.8E0,-1.7E0));
#2383=LINE('',#2382,#2381);
#2384=DIRECTION('',(0.E0,-1.E0,0.E0));
#2385=VECTOR('',#2384,1.E-1);
#2386=CARTESIAN_POINT('',(-5.25E0,-1.8E0,-1.7E0));
#2387=LINE('',#2386,#2385);
#2388=DIRECTION('',(0.E0,-1.E0,0.E0));
#2389=VECTOR('',#2388,5.5E-1);
#2390=CARTESIAN_POINT('',(-3.25E0,-1.35E0,-3.E0));
#2391=LINE('',#2390,#2389);
#2392=DIRECTION('',(0.E0,-1.E0,0.E0));
#2393=VECTOR('',#2392,6.5E-1);
#2394=CARTESIAN_POINT('',(-3.25E0,2.E0,-3.E0));
#2395=LINE('',#2394,#2393);
#2396=DIRECTION('',(0.E0,-1.E0,0.E0));
#2397=VECTOR('',#2396,3.9E0);
#2398=CARTESIAN_POINT('',(-3.25E0,2.E0,-1.7E0));
#2399=LINE('',#2398,#2397);
#2400=DIRECTION('',(0.E0,-1.E0,0.E0));
#2401=VECTOR('',#2400,3.9E0);
#2402=CARTESIAN_POINT('',(-2.75E0,2.E0,-1.7E0));
#2403=LINE('',#2402,#2401);
#2404=DIRECTION('',(0.E0,-1.E0,0.E0));
#2405=VECTOR('',#2404,5.5E-1);
#2406=CARTESIAN_POINT('',(-2.75E0,-1.35E0,-3.E0));
#2407=LINE('',#2406,#2405);
#2408=DIRECTION('',(0.E0,-1.E0,0.E0));
#2409=VECTOR('',#2408,6.5E-1);
#2410=CARTESIAN_POINT('',(-2.75E0,2.E0,-3.E0));
#2411=LINE('',#2410,#2409);
#2412=DIRECTION('',(0.E0,1.E0,0.E0));
#2413=VECTOR('',#2412,5.5E-1);
#2414=CARTESIAN_POINT('',(-1.25E0,-1.9E0,-2.65E0));
#2415=LINE('',#2414,#2413);
#2416=DIRECTION('',(0.E0,-1.E0,0.E0));
#2417=VECTOR('',#2416,5.5E-1);
#2418=CARTESIAN_POINT('',(-1.25E0,-1.35E0,-3.E0));
#2419=LINE('',#2418,#2417);
#2420=DIRECTION('',(1.709743457923E-13,1.E0,0.E0));
#2421=VECTOR('',#2420,1.E-1);
#2422=CARTESIAN_POINT('',(-1.25E0,-1.9E0,-1.95E0));
#2423=LINE('',#2422,#2421);
#2424=DIRECTION('',(0.E0,0.E0,-1.E0));
#2425=VECTOR('',#2424,2.5E-1);
#2426=CARTESIAN_POINT('',(-1.25E0,-1.8E0,-1.7E0));
#2427=LINE('',#2426,#2425);
#2428=DIRECTION('',(0.E0,0.E0,-1.E0));
#2429=VECTOR('',#2428,9.5E-1);
#2430=CARTESIAN_POINT('',(-1.25E0,1.8E0,-1.7E0));
#2431=LINE('',#2430,#2429);
#2432=DIRECTION('',(0.E0,-1.E0,0.E0));
#2433=VECTOR('',#2432,6.5E-1);
#2434=CARTESIAN_POINT('',(-1.25E0,2.E0,-3.E0));
#2435=LINE('',#2434,#2433);
#2436=DIRECTION('',(3.996802888651E-14,1.E0,0.E0));
#2437=VECTOR('',#2436,4.5E-1);
#2438=CARTESIAN_POINT('',(-1.25E0,1.35E0,-2.65E0));
#2439=LINE('',#2438,#2437);
#2440=DIRECTION('',(-1.E0,0.E0,0.E0));
#2441=VECTOR('',#2440,5.E-1);
#2442=CARTESIAN_POINT('',(-7.5E-1,1.8E0,-2.65E0));
#2443=LINE('',#2442,#2441);
#2444=DIRECTION('',(0.E0,1.E0,0.E0));
#2445=VECTOR('',#2444,5.5E-1);
#2446=CARTESIAN_POINT('',(-7.5E-1,-1.9E0,-2.65E0));
#2447=LINE('',#2446,#2445);
#2448=DIRECTION('',(7.327471962526E-14,1.E0,0.E0));
#2449=VECTOR('',#2448,1.E-1);
#2450=CARTESIAN_POINT('',(-7.5E-1,-1.9E0,-1.95E0));
#2451=LINE('',#2450,#2449);
#2452=DIRECTION('',(0.E0,0.E0,-1.E0));
#2453=VECTOR('',#2452,2.5E-1);
#2454=CARTESIAN_POINT('',(-7.5E-1,-1.8E0,-1.7E0));
#2455=LINE('',#2454,#2453);
#2456=DIRECTION('',(0.E0,-1.E0,0.E0));
#2457=VECTOR('',#2456,1.E-1);
#2458=CARTESIAN_POINT('',(-7.5E-1,-1.8E0,-1.7E0));
#2459=LINE('',#2458,#2457);
#2460=DIRECTION('',(0.E0,0.E0,-1.E0));
#2461=VECTOR('',#2460,9.5E-1);
#2462=CARTESIAN_POINT('',(-7.5E-1,1.8E0,-1.7E0));
#2463=LINE('',#2462,#2461);
#2464=DIRECTION('',(2.812564995717E-14,1.E0,0.E0));
#2465=VECTOR('',#2464,4.5E-1);
#2466=CARTESIAN_POINT('',(-7.5E-1,1.35E0,-2.65E0));
#2467=LINE('',#2466,#2465);
#2468=DIRECTION('',(0.E0,-1.E0,0.E0));
#2469=VECTOR('',#2468,2.E-1);
#2470=CARTESIAN_POINT('',(-7.5E-1,2.E0,-1.7E0));
#2471=LINE('',#2470,#2469);
#2472=DIRECTION('',(0.E0,-1.E0,0.E0));
#2473=VECTOR('',#2472,5.5E-1);
#2474=CARTESIAN_POINT('',(-7.5E-1,-1.35E0,-3.E0));
#2475=LINE('',#2474,#2473);
#2476=DIRECTION('',(0.E0,-1.E0,0.E0));
#2477=VECTOR('',#2476,6.5E-1);
#2478=CARTESIAN_POINT('',(-7.5E-1,2.E0,-3.E0));
#2479=LINE('',#2478,#2477);
#2480=DIRECTION('',(-1.E0,0.E0,0.E0));
#2481=VECTOR('',#2480,5.E-1);
#2482=CARTESIAN_POINT('',(-7.5E-1,-3.5E0,-1.95E0));
#2483=LINE('',#2482,#2481);
#2484=DIRECTION('',(0.E0,0.E0,1.E0));
#2485=VECTOR('',#2484,3.25E0);
#2486=CARTESIAN_POINT('',(-7.5E-1,-1.2E0,0.E0));
#2487=LINE('',#2486,#2485);
#2488=CARTESIAN_POINT('',(-7.5E-1,-7.E-1,3.25E0));
#2489=DIRECTION('',(-1.E0,0.E0,0.E0));
#2490=DIRECTION('',(0.E0,-1.E0,0.E0));
#2491=AXIS2_PLACEMENT_3D('',#2488,#2489,#2490);
#2493=DIRECTION('',(0.E0,1.E0,0.E0));
#2494=VECTOR('',#2493,1.4E0);
#2495=CARTESIAN_POINT('',(-7.5E-1,-7.E-1,3.75E0));
#2496=LINE('',#2495,#2494);
#2497=CARTESIAN_POINT('',(-7.5E-1,7.E-1,3.25E0));
#2498=DIRECTION('',(-1.E0,0.E0,0.E0));
#2499=DIRECTION('',(0.E0,0.E0,1.E0));
#2500=AXIS2_PLACEMENT_3D('',#2497,#2498,#2499);
#2502=DIRECTION('',(0.E0,0.E0,-1.E0));
#2503=VECTOR('',#2502,3.25E0);
#2504=CARTESIAN_POINT('',(-7.5E-1,1.2E0,3.25E0));
#2505=LINE('',#2504,#2503);
#2506=DIRECTION('',(0.E0,-1.E0,0.E0));
#2507=VECTOR('',#2506,2.7E0);
#2508=CARTESIAN_POINT('',(-7.5E-1,1.35E0,-2.65E0));
#2509=LINE('',#2508,#2507);
#2510=DIRECTION('',(0.E0,-1.E0,0.E0));
#2511=VECTOR('',#2510,1.6E0);
#2512=CARTESIAN_POINT('',(-7.5E-1,-1.9E0,-2.65E0));
#2513=LINE('',#2512,#2511);
#2514=DIRECTION('',(0.E0,0.E0,1.E0));
#2515=VECTOR('',#2514,7.E-1);
#2516=CARTESIAN_POINT('',(-7.5E-1,-3.5E0,-2.65E0));
#2517=LINE('',#2516,#2515);
#2518=DIRECTION('',(0.E0,1.E0,0.E0));
#2519=VECTOR('',#2518,1.6E0);
#2520=CARTESIAN_POINT('',(-7.5E-1,-3.5E0,-1.95E0));
#2521=LINE('',#2520,#2519);
#2522=DIRECTION('',(0.E0,0.E0,-1.E0));
#2523=VECTOR('',#2522,3.25E0);
#2524=CARTESIAN_POINT('',(-1.25E0,1.2E0,3.25E0));
#2525=LINE('',#2524,#2523);
#2526=CARTESIAN_POINT('',(-1.25E0,7.E-1,3.25E0));
#2527=DIRECTION('',(-1.E0,0.E0,0.E0));
#2528=DIRECTION('',(0.E0,0.E0,1.E0));
#2529=AXIS2_PLACEMENT_3D('',#2526,#2527,#2528);
#2531=DIRECTION('',(0.E0,1.E0,0.E0));
#2532=VECTOR('',#2531,1.4E0);
#2533=CARTESIAN_POINT('',(-1.25E0,-7.E-1,3.75E0));
#2534=LINE('',#2533,#2532);
#2535=CARTESIAN_POINT('',(-1.25E0,-7.E-1,3.25E0));
#2536=DIRECTION('',(-1.E0,0.E0,0.E0));
#2537=DIRECTION('',(0.E0,-1.E0,0.E0));
#2538=AXIS2_PLACEMENT_3D('',#2535,#2536,#2537);
#2540=DIRECTION('',(0.E0,0.E0,1.E0));
#2541=VECTOR('',#2540,3.25E0);
#2542=CARTESIAN_POINT('',(-1.25E0,-1.2E0,0.E0));
#2543=LINE('',#2542,#2541);
#2544=DIRECTION('',(0.E0,-1.E0,0.E0));
#2545=VECTOR('',#2544,2.7E0);
#2546=CARTESIAN_POINT('',(-1.25E0,1.35E0,-2.65E0));
#2547=LINE('',#2546,#2545);
#2548=DIRECTION('',(-1.137978600241E-14,-1.E0,0.E0));
#2549=VECTOR('',#2548,1.6E0);
#2550=CARTESIAN_POINT('',(-1.25E0,-1.9E0,-2.65E0));
#2551=LINE('',#2550,#2549);
#2552=DIRECTION('',(1.110223024625E-14,1.E0,0.E0));
#2553=VECTOR('',#2552,1.6E0);
#2554=CARTESIAN_POINT('',(-1.25E0,-3.5E0,-1.95E0));
#2555=LINE('',#2554,#2553);
#2556=DIRECTION('',(0.E0,0.E0,1.E0));
#2557=VECTOR('',#2556,7.E-1);
#2558=CARTESIAN_POINT('',(-1.25E0,-3.5E0,-2.65E0));
#2559=LINE('',#2558,#2557);
#2560=DIRECTION('',(-1.E0,0.E0,0.E0));
#2561=VECTOR('',#2560,5.E-1);
#2562=CARTESIAN_POINT('',(-7.5E-1,1.2E0,3.25E0));
#2563=LINE('',#2562,#2561);
#2564=DIRECTION('',(-1.E0,0.E0,0.E0));
#2565=VECTOR('',#2564,5.E-1);
#2566=CARTESIAN_POINT('',(-7.5E-1,7.E-1,3.75E0));
#2567=LINE('',#2566,#2565);
#2568=DIRECTION('',(-1.E0,0.E0,0.E0));
#2569=VECTOR('',#2568,5.E-1);
#2570=CARTESIAN_POINT('',(-7.5E-1,-7.E-1,3.75E0));
#2571=LINE('',#2570,#2569);
#2572=DIRECTION('',(-1.E0,0.E0,0.E0));
#2573=VECTOR('',#2572,5.E-1);
#2574=CARTESIAN_POINT('',(-7.5E-1,-1.2E0,3.25E0));
#2575=LINE('',#2574,#2573);
#2576=DIRECTION('',(-1.E0,0.E0,0.E0));
#2577=VECTOR('',#2576,5.E-1);
#2578=CARTESIAN_POINT('',(-7.5E-1,-3.5E0,-2.65E0));
#2579=LINE('',#2578,#2577);
#2580=DIRECTION('',(-1.E0,0.E0,0.E0));
#2581=VECTOR('',#2580,5.E-1);
#2582=CARTESIAN_POINT('',(-7.5E-1,-1.8E0,-1.95E0));
#2583=LINE('',#2582,#2581);
#2584=DIRECTION('',(1.E0,0.E0,0.E0));
#2585=VECTOR('',#2584,5.E-1);
#2586=CARTESIAN_POINT('',(-1.25E0,1.8E0,-1.7E0));
#2587=LINE('',#2586,#2585);
#2588=DIRECTION('',(0.E0,-1.E0,0.E0));
#2589=VECTOR('',#2588,2.E-1);
#2590=CARTESIAN_POINT('',(-1.25E0,2.E0,-1.7E0));
#2591=LINE('',#2590,#2589);
#2592=DIRECTION('',(1.E0,0.E0,0.E0));
#2593=VECTOR('',#2592,5.E-1);
#2594=CARTESIAN_POINT('',(-1.25E0,-1.8E0,-1.7E0));
#2595=LINE('',#2594,#2593);
#2596=DIRECTION('',(0.E0,-1.E0,0.E0));
#2597=VECTOR('',#2596,1.E-1);
#2598=CARTESIAN_POINT('',(-1.25E0,-1.8E0,-1.7E0));
#2599=LINE('',#2598,#2597);
#2600=DIRECTION('',(0.E0,1.E0,0.E0));
#2601=VECTOR('',#2600,5.5E-1);
#2602=CARTESIAN_POINT('',(7.5E-1,-1.9E0,-2.65E0));
#2603=LINE('',#2602,#2601);
#2604=DIRECTION('',(0.E0,-1.E0,0.E0));
#2605=VECTOR('',#2604,5.5E-1);
#2606=CARTESIAN_POINT('',(7.5E-1,-1.35E0,-3.E0));
#2607=LINE('',#2606,#2605);
#2608=DIRECTION('',(-2.442490654175E-13,1.E0,0.E0));
#2609=VECTOR('',#2608,1.E-1);
#2610=CARTESIAN_POINT('',(7.5E-1,-1.9E0,-1.95E0));
#2611=LINE('',#2610,#2609);
#2612=DIRECTION('',(0.E0,0.E0,-1.E0));
#2613=VECTOR('',#2612,2.5E-1);
#2614=CARTESIAN_POINT('',(7.5E-1,-1.8E0,-1.7E0));
#2615=LINE('',#2614,#2613);
#2616=DIRECTION('',(0.E0,0.E0,-1.E0));
#2617=VECTOR('',#2616,9.5E-1);
#2618=CARTESIAN_POINT('',(7.5E-1,1.8E0,-1.7E0));
#2619=LINE('',#2618,#2617);
#2620=DIRECTION('',(0.E0,-1.E0,0.E0));
#2621=VECTOR('',#2620,6.5E-1);
#2622=CARTESIAN_POINT('',(7.5E-1,2.E0,-3.E0));
#2623=LINE('',#2622,#2621);
#2624=DIRECTION('',(-5.107025913276E-14,1.E0,0.E0));
#2625=VECTOR('',#2624,4.5E-1);
#2626=CARTESIAN_POINT('',(7.5E-1,1.35E0,-2.65E0));
#2627=LINE('',#2626,#2625);
#2628=DIRECTION('',(-1.E0,0.E0,0.E0));
#2629=VECTOR('',#2628,5.E-1);
#2630=CARTESIAN_POINT('',(1.25E0,1.8E0,-2.65E0));
#2631=LINE('',#2630,#2629);
#2632=DIRECTION('',(0.E0,1.E0,0.E0));
#2633=VECTOR('',#2632,5.5E-1);
#2634=CARTESIAN_POINT('',(1.25E0,-1.9E0,-2.65E0));
#2635=LINE('',#2634,#2633);
#2636=DIRECTION('',(-3.397282455353E-13,1.E0,0.E0));
#2637=VECTOR('',#2636,1.E-1);
#2638=CARTESIAN_POINT('',(1.25E0,-1.9E0,-1.95E0));
#2639=LINE('',#2638,#2637);
#2640=DIRECTION('',(0.E0,0.E0,-1.E0));
#2641=VECTOR('',#2640,2.5E-1);
#2642=CARTESIAN_POINT('',(1.25E0,-1.8E0,-1.7E0));
#2643=LINE('',#2642,#2641);
#2644=DIRECTION('',(0.E0,-1.E0,0.E0));
#2645=VECTOR('',#2644,1.E-1);
#2646=CARTESIAN_POINT('',(1.25E0,-1.8E0,-1.7E0));
#2647=LINE('',#2646,#2645);
#2648=DIRECTION('',(0.E0,0.E0,-1.E0));
#2649=VECTOR('',#2648,9.5E-1);
#2650=CARTESIAN_POINT('',(1.25E0,1.8E0,-1.7E0));
#2651=LINE('',#2650,#2649);
#2652=DIRECTION('',(-7.500173321912E-14,1.E0,0.E0));
#2653=VECTOR('',#2652,4.5E-1);
#2654=CARTESIAN_POINT('',(1.25E0,1.35E0,-2.65E0));
#2655=LINE('',#2654,#2653);
#2656=DIRECTION('',(0.E0,-1.E0,0.E0));
#2657=VECTOR('',#2656,2.E-1);
#2658=CARTESIAN_POINT('',(1.25E0,2.E0,-1.7E0));
#2659=LINE('',#2658,#2657);
#2660=DIRECTION('',(0.E0,-1.E0,0.E0));
#2661=VECTOR('',#2660,5.5E-1);
#2662=CARTESIAN_POINT('',(1.25E0,-1.35E0,-3.E0));
#2663=LINE('',#2662,#2661);
#2664=DIRECTION('',(0.E0,-1.E0,0.E0));
#2665=VECTOR('',#2664,6.5E-1);
#2666=CARTESIAN_POINT('',(1.25E0,2.E0,-3.E0));
#2667=LINE('',#2666,#2665);
#2668=DIRECTION('',(-1.E0,0.E0,0.E0));
#2669=VECTOR('',#2668,5.E-1);
#2670=CARTESIAN_POINT('',(1.25E0,-3.5E0,-1.95E0));
#2671=LINE('',#2670,#2669);
#2672=DIRECTION('',(0.E0,0.E0,1.E0));
#2673=VECTOR('',#2672,3.25E0);
#2674=CARTESIAN_POINT('',(1.25E0,-1.2E0,0.E0));
#2675=LINE('',#2674,#2673);
#2676=CARTESIAN_POINT('',(1.25E0,-7.E-1,3.25E0));
#2677=DIRECTION('',(-1.E0,0.E0,0.E0));
#2678=DIRECTION('',(0.E0,-1.E0,0.E0));
#2679=AXIS2_PLACEMENT_3D('',#2676,#2677,#2678);
#2681=DIRECTION('',(0.E0,1.E0,0.E0));
#2682=VECTOR('',#2681,1.4E0);
#2683=CARTESIAN_POINT('',(1.25E0,-7.E-1,3.75E0));
#2684=LINE('',#2683,#2682);
#2685=CARTESIAN_POINT('',(1.25E0,7.E-1,3.25E0));
#2686=DIRECTION('',(-1.E0,0.E0,0.E0));
#2687=DIRECTION('',(0.E0,0.E0,1.E0));
#2688=AXIS2_PLACEMENT_3D('',#2685,#2686,#2687);
#2690=DIRECTION('',(0.E0,0.E0,-1.E0));
#2691=VECTOR('',#2690,3.25E0);
#2692=CARTESIAN_POINT('',(1.25E0,1.2E0,3.25E0));
#2693=LINE('',#2692,#2691);
#2694=DIRECTION('',(0.E0,-1.E0,0.E0));
#2695=VECTOR('',#2694,2.7E0);
#2696=CARTESIAN_POINT('',(1.25E0,1.35E0,-2.65E0));
#2697=LINE('',#2696,#2695);
#2698=DIRECTION('',(2.095545958980E-14,-1.E0,0.E0));
#2699=VECTOR('',#2698,1.6E0);
#2700=CARTESIAN_POINT('',(1.25E0,-1.9E0,-2.65E0));
#2701=LINE('',#2700,#2699);
#2702=DIRECTION('',(0.E0,0.E0,1.E0));
#2703=VECTOR('',#2702,7.E-1);
#2704=CARTESIAN_POINT('',(1.25E0,-3.5E0,-2.65E0));
#2705=LINE('',#2704,#2703);
#2706=DIRECTION('',(-2.109423746788E-14,1.E0,0.E0));
#2707=VECTOR('',#2706,1.6E0);
#2708=CARTESIAN_POINT('',(1.25E0,-3.5E0,-1.95E0));
#2709=LINE('',#2708,#2707);
#2710=DIRECTION('',(0.E0,0.E0,-1.E0));
#2711=VECTOR('',#2710,3.25E0);
#2712=CARTESIAN_POINT('',(7.5E-1,1.2E0,3.25E0));
#2713=LINE('',#2712,#2711);
#2714=CARTESIAN_POINT('',(7.5E-1,7.E-1,3.25E0));
#2715=DIRECTION('',(-1.E0,0.E0,0.E0));
#2716=DIRECTION('',(0.E0,0.E0,1.E0));
#2717=AXIS2_PLACEMENT_3D('',#2714,#2715,#2716);
#2719=DIRECTION('',(0.E0,1.E0,0.E0));
#2720=VECTOR('',#2719,1.4E0);
#2721=CARTESIAN_POINT('',(7.5E-1,-7.E-1,3.75E0));
#2722=LINE('',#2721,#2720);
#2723=CARTESIAN_POINT('',(7.5E-1,-7.E-1,3.25E0));
#2724=DIRECTION('',(-1.E0,0.E0,0.E0));
#2725=DIRECTION('',(0.E0,-1.E0,0.E0));
#2726=AXIS2_PLACEMENT_3D('',#2723,#2724,#2725);
#2728=DIRECTION('',(0.E0,0.E0,1.E0));
#2729=VECTOR('',#2728,3.25E0);
#2730=CARTESIAN_POINT('',(7.5E-1,-1.2E0,0.E0));
#2731=LINE('',#2730,#2729);
#2732=DIRECTION('',(0.E0,-1.E0,0.E0));
#2733=VECTOR('',#2732,2.7E0);
#2734=CARTESIAN_POINT('',(7.5E-1,1.35E0,-2.65E0));
#2735=LINE('',#2734,#2733);
#2736=DIRECTION('',(1.471045507628E-14,-1.E0,0.E0));
#2737=VECTOR('',#2736,1.6E0);
#2738=CARTESIAN_POINT('',(7.5E-1,-1.9E0,-2.65E0));
#2739=LINE('',#2738,#2737);
#2740=DIRECTION('',(-1.477984401532E-14,1.E0,0.E0));
#2741=VECTOR('',#2740,1.6E0);
#2742=CARTESIAN_POINT('',(7.5E-1,-3.5E0,-1.95E0));
#2743=LINE('',#2742,#2741);
#2744=DIRECTION('',(0.E0,0.E0,1.E0));
#2745=VECTOR('',#2744,7.E-1);
#2746=CARTESIAN_POINT('',(7.5E-1,-3.5E0,-2.65E0));
#2747=LINE('',#2746,#2745);
#2748=DIRECTION('',(-1.E0,0.E0,0.E0));
#2749=VECTOR('',#2748,5.E-1);
#2750=CARTESIAN_POINT('',(1.25E0,1.2E0,3.25E0));
#2751=LINE('',#2750,#2749);
#2752=DIRECTION('',(-1.E0,0.E0,0.E0));
#2753=VECTOR('',#2752,5.E-1);
#2754=CARTESIAN_POINT('',(1.25E0,7.E-1,3.75E0));
#2755=LINE('',#2754,#2753);
#2756=DIRECTION('',(-1.E0,0.E0,0.E0));
#2757=VECTOR('',#2756,5.E-1);
#2758=CARTESIAN_POINT('',(1.25E0,-7.E-1,3.75E0));
#2759=LINE('',#2758,#2757);
#2760=DIRECTION('',(-1.E0,0.E0,0.E0));
#2761=VECTOR('',#2760,5.E-1);
#2762=CARTESIAN_POINT('',(1.25E0,-1.2E0,3.25E0));
#2763=LINE('',#2762,#2761);
#2764=DIRECTION('',(-1.E0,0.E0,0.E0));
#2765=VECTOR('',#2764,5.E-1);
#2766=CARTESIAN_POINT('',(1.25E0,-3.5E0,-2.65E0));
#2767=LINE('',#2766,#2765);
#2768=DIRECTION('',(-1.E0,0.E0,0.E0));
#2769=VECTOR('',#2768,5.E-1);
#2770=CARTESIAN_POINT('',(1.25E0,-1.8E0,-1.95E0));
#2771=LINE('',#2770,#2769);
#2772=DIRECTION('',(1.E0,0.E0,0.E0));
#2773=VECTOR('',#2772,5.E-1);
#2774=CARTESIAN_POINT('',(7.5E-1,1.8E0,-1.7E0));
#2775=LINE('',#2774,#2773);
#2776=DIRECTION('',(0.E0,-1.E0,0.E0));
#2777=VECTOR('',#2776,2.E-1);
#2778=CARTESIAN_POINT('',(7.5E-1,2.E0,-1.7E0));
#2779=LINE('',#2778,#2777);
#2780=DIRECTION('',(1.E0,0.E0,0.E0));
#2781=VECTOR('',#2780,5.E-1);
#2782=CARTESIAN_POINT('',(7.5E-1,-1.8E0,-1.7E0));
#2783=LINE('',#2782,#2781);
#2784=DIRECTION('',(4.662936703426E-14,-1.E0,0.E0));
#2785=VECTOR('',#2784,1.E-1);
#2786=CARTESIAN_POINT('',(7.5E-1,-1.8E0,-1.7E0));
#2787=LINE('',#2786,#2785);
#2788=DIRECTION('',(0.E0,-1.E0,0.E0));
#2789=VECTOR('',#2788,5.5E-1);
#2790=CARTESIAN_POINT('',(6.75E0,-1.35E0,-3.E0));
#2791=LINE('',#2790,#2789);
#2792=DIRECTION('',(0.E0,1.E0,0.E0));
#2793=VECTOR('',#2792,5.5E-1);
#2794=CARTESIAN_POINT('',(6.75E0,-1.9E0,-2.65E0));
#2795=LINE('',#2794,#2793);
#2796=DIRECTION('',(0.E0,0.E0,-1.E0));
#2797=VECTOR('',#2796,9.5E-1);
#2798=CARTESIAN_POINT('',(6.75E0,1.8E0,-1.7E0));
#2799=LINE('',#2798,#2797);
#2800=DIRECTION('',(0.E0,-1.E0,0.E0));
#2801=VECTOR('',#2800,6.5E-1);
#2802=CARTESIAN_POINT('',(6.75E0,2.E0,-3.E0));
#2803=LINE('',#2802,#2801);
#2804=DIRECTION('',(1.973729821556E-14,1.E0,0.E0));
#2805=VECTOR('',#2804,4.5E-1);
#2806=CARTESIAN_POINT('',(6.75E0,1.35E0,-2.65E0));
#2807=LINE('',#2806,#2805);
#2808=DIRECTION('',(-1.E0,0.E0,0.E0));
#2809=VECTOR('',#2808,5.E-1);
#2810=CARTESIAN_POINT('',(7.25E0,1.8E0,-2.65E0));
#2811=LINE('',#2810,#2809);
#2812=DIRECTION('',(0.E0,0.E0,1.E0));
#2813=VECTOR('',#2812,4.05E0);
#2814=CARTESIAN_POINT('',(7.25E0,-1.2E0,0.E0));
#2815=LINE('',#2814,#2813);
#2816=CARTESIAN_POINT('',(7.25E0,-7.E-1,4.05E0));
#2817=DIRECTION('',(-1.E0,0.E0,0.E0));
#2818=DIRECTION('',(0.E0,-1.E0,0.E0));
#2819=AXIS2_PLACEMENT_3D('',#2816,#2817,#2818);
#2821=DIRECTION('',(0.E0,1.E0,0.E0));
#2822=VECTOR('',#2821,1.4E0);
#2823=CARTESIAN_POINT('',(7.25E0,-7.E-1,4.55E0));
#2824=LINE('',#2823,#2822);
#2825=CARTESIAN_POINT('',(7.25E0,7.E-1,4.05E0));
#2826=DIRECTION('',(-1.E0,0.E0,0.E0));
#2827=DIRECTION('',(0.E0,0.E0,1.E0));
#2828=AXIS2_PLACEMENT_3D('',#2825,#2826,#2827);
#2830=DIRECTION('',(0.E0,0.E0,-1.E0));
#2831=VECTOR('',#2830,4.05E0);
#2832=CARTESIAN_POINT('',(7.25E0,1.2E0,4.05E0));
#2833=LINE('',#2832,#2831);
#2834=DIRECTION('',(0.E0,-1.E0,0.E0));
#2835=VECTOR('',#2834,2.7E0);
#2836=CARTESIAN_POINT('',(7.25E0,1.35E0,-2.65E0));
#2837=LINE('',#2836,#2835);
#2838=DIRECTION('',(0.E0,1.E0,0.E0));
#2839=VECTOR('',#2838,1.6E0);
#2840=CARTESIAN_POINT('',(7.25E0,-3.5E0,-1.95E0));
#2841=LINE('',#2840,#2839);
#2842=DIRECTION('',(0.E0,-1.E0,0.E0));
#2843=VECTOR('',#2842,1.6E0);
#2844=CARTESIAN_POINT('',(7.25E0,-1.9E0,-2.65E0));
#2845=LINE('',#2844,#2843);
#2846=DIRECTION('',(0.E0,0.E0,1.E0));
#2847=VECTOR('',#2846,7.E-1);
#2848=CARTESIAN_POINT('',(7.25E0,-3.5E0,-2.65E0));
#2849=LINE('',#2848,#2847);
#2850=DIRECTION('',(0.E0,0.E0,-1.E0));
#2851=VECTOR('',#2850,4.05E0);
#2852=CARTESIAN_POINT('',(6.75E0,1.2E0,4.05E0));
#2853=LINE('',#2852,#2851);
#2854=CARTESIAN_POINT('',(6.75E0,7.E-1,4.05E0));
#2855=DIRECTION('',(-1.E0,0.E0,0.E0));
#2856=DIRECTION('',(0.E0,0.E0,1.E0));
#2857=AXIS2_PLACEMENT_3D('',#2854,#2855,#2856);
#2859=DIRECTION('',(0.E0,1.E0,0.E0));
#2860=VECTOR('',#2859,1.4E0);
#2861=CARTESIAN_POINT('',(6.75E0,-7.E-1,4.55E0));
#2862=LINE('',#2861,#2860);
#2863=CARTESIAN_POINT('',(6.75E0,-7.E-1,4.05E0));
#2864=DIRECTION('',(-1.E0,0.E0,0.E0));
#2865=DIRECTION('',(0.E0,-1.E0,0.E0));
#2866=AXIS2_PLACEMENT_3D('',#2863,#2864,#2865);
#2868=DIRECTION('',(0.E0,0.E0,1.E0));
#2869=VECTOR('',#2868,4.05E0);
#2870=CARTESIAN_POINT('',(6.75E0,-1.2E0,0.E0));
#2871=LINE('',#2870,#2869);
#2872=DIRECTION('',(0.E0,-1.E0,0.E0));
#2873=VECTOR('',#2872,2.7E0);
#2874=CARTESIAN_POINT('',(6.75E0,1.35E0,-2.65E0));
#2875=LINE('',#2874,#2873);
#2876=DIRECTION('',(0.E0,1.E0,0.E0));
#2877=VECTOR('',#2876,1.6E0);
#2878=CARTESIAN_POINT('',(6.75E0,-3.5E0,-1.95E0));
#2879=LINE('',#2878,#2877);
#2880=DIRECTION('',(0.E0,0.E0,1.E0));
#2881=VECTOR('',#2880,7.E-1);
#2882=CARTESIAN_POINT('',(6.75E0,-3.5E0,-2.65E0));
#2883=LINE('',#2882,#2881);
#2884=DIRECTION('',(0.E0,-1.E0,0.E0));
#2885=VECTOR('',#2884,1.6E0);
#2886=CARTESIAN_POINT('',(6.75E0,-1.9E0,-2.65E0));
#2887=LINE('',#2886,#2885);
#2888=DIRECTION('',(-1.E0,0.E0,0.E0));
#2889=VECTOR('',#2888,5.E-1);
#2890=CARTESIAN_POINT('',(7.25E0,1.2E0,4.05E0));
#2891=LINE('',#2890,#2889);
#2892=DIRECTION('',(-1.E0,0.E0,0.E0));
#2893=VECTOR('',#2892,5.E-1);
#2894=CARTESIAN_POINT('',(7.25E0,7.E-1,4.55E0));
#2895=LINE('',#2894,#2893);
#2896=DIRECTION('',(-1.E0,0.E0,0.E0));
#2897=VECTOR('',#2896,5.E-1);
#2898=CARTESIAN_POINT('',(7.25E0,-7.E-1,4.55E0));
#2899=LINE('',#2898,#2897);
#2900=DIRECTION('',(-1.E0,0.E0,0.E0));
#2901=VECTOR('',#2900,5.E-1);
#2902=CARTESIAN_POINT('',(7.25E0,-1.2E0,4.05E0));
#2903=LINE('',#2902,#2901);
#2904=DIRECTION('',(-1.E0,0.E0,0.E0));
#2905=VECTOR('',#2904,5.E-1);
#2906=CARTESIAN_POINT('',(7.25E0,-3.5E0,-1.95E0));
#2907=LINE('',#2906,#2905);
#2908=DIRECTION('',(-1.E0,0.E0,0.E0));
#2909=VECTOR('',#2908,5.E-1);
#2910=CARTESIAN_POINT('',(7.25E0,-3.5E0,-2.65E0));
#2911=LINE('',#2910,#2909);
#2912=DIRECTION('',(0.E0,1.E0,0.E0));
#2913=VECTOR('',#2912,5.5E-1);
#2914=CARTESIAN_POINT('',(7.25E0,-1.9E0,-2.65E0));
#2915=LINE('',#2914,#2913);
#2916=DIRECTION('',(0.E0,0.E0,-1.E0));
#2917=VECTOR('',#2916,9.5E-1);
#2918=CARTESIAN_POINT('',(7.25E0,1.8E0,-1.7E0));
#2919=LINE('',#2918,#2917);
#2920=DIRECTION('',(-1.184237892933E-14,1.E0,0.E0));
#2921=VECTOR('',#2920,4.5E-1);
#2922=CARTESIAN_POINT('',(7.25E0,1.35E0,-2.65E0));
#2923=LINE('',#2922,#2921);
#2924=DIRECTION('',(0.E0,-1.E0,0.E0));
#2925=VECTOR('',#2924,2.E-1);
#2926=CARTESIAN_POINT('',(7.25E0,2.E0,-1.7E0));
#2927=LINE('',#2926,#2925);
#2928=DIRECTION('',(0.E0,-1.E0,0.E0));
#2929=VECTOR('',#2928,5.5E-1);
#2930=CARTESIAN_POINT('',(7.25E0,-1.35E0,-3.E0));
#2931=LINE('',#2930,#2929);
#2932=DIRECTION('',(0.E0,-1.E0,0.E0));
#2933=VECTOR('',#2932,6.5E-1);
#2934=CARTESIAN_POINT('',(7.25E0,2.E0,-3.E0));
#2935=LINE('',#2934,#2933);
#2936=DIRECTION('',(1.E0,0.E0,0.E0));
#2937=VECTOR('',#2936,5.E-1);
#2938=CARTESIAN_POINT('',(6.75E0,1.8E0,-1.7E0));
#2939=LINE('',#2938,#2937);
#2940=DIRECTION('',(0.E0,-1.E0,0.E0));
#2941=VECTOR('',#2940,2.E-1);
#2942=CARTESIAN_POINT('',(6.75E0,2.E0,-1.7E0));
#2943=LINE('',#2942,#2941);
#2944=DIRECTION('',(0.E0,-1.E0,0.E0));
#2945=VECTOR('',#2944,5.5E-1);
#2946=CARTESIAN_POINT('',(5.25E0,-1.35E0,-3.E0));
#2947=LINE('',#2946,#2945);
#2948=DIRECTION('',(0.E0,-1.E0,0.E0));
#2949=VECTOR('',#2948,6.5E-1);
#2950=CARTESIAN_POINT('',(5.25E0,2.E0,-3.E0));
#2951=LINE('',#2950,#2949);
#2952=DIRECTION('',(0.E0,-1.E0,0.E0));
#2953=VECTOR('',#2952,5.5E-1);
#2954=CARTESIAN_POINT('',(4.75E0,-1.35E0,-3.E0));
#2955=LINE('',#2954,#2953);
#2956=DIRECTION('',(0.E0,1.E0,0.E0));
#2957=VECTOR('',#2956,5.5E-1);
#2958=CARTESIAN_POINT('',(4.75E0,-1.9E0,-2.65E0));
#2959=LINE('',#2958,#2957);
#2960=DIRECTION('',(0.E0,0.E0,-1.E0));
#2961=VECTOR('',#2960,9.5E-1);
#2962=CARTESIAN_POINT('',(4.75E0,1.8E0,-1.7E0));
#2963=LINE('',#2962,#2961);
#2964=DIRECTION('',(0.E0,-1.E0,0.E0));
#2965=VECTOR('',#2964,6.5E-1);
#2966=CARTESIAN_POINT('',(4.75E0,2.E0,-3.E0));
#2967=LINE('',#2966,#2965);
#2968=DIRECTION('',(0.E0,1.E0,0.E0));
#2969=VECTOR('',#2968,4.5E-1);
#2970=CARTESIAN_POINT('',(4.75E0,1.35E0,-2.65E0));
#2971=LINE('',#2970,#2969);
#2972=DIRECTION('',(1.E0,0.E0,0.E0));
#2973=VECTOR('',#2972,5.E-1);
#2974=CARTESIAN_POINT('',(4.75E0,1.8E0,-1.7E0));
#2975=LINE('',#2974,#2973);
#2976=DIRECTION('',(0.E0,-1.E0,0.E0));
#2977=VECTOR('',#2976,2.E-1);
#2978=CARTESIAN_POINT('',(4.75E0,2.E0,-1.7E0));
#2979=LINE('',#2978,#2977);
#2980=DIRECTION('',(0.E0,-1.E0,0.E0));
#2981=VECTOR('',#2980,5.5E-1);
#2982=CARTESIAN_POINT('',(3.25E0,-1.35E0,-3.E0));
#2983=LINE('',#2982,#2981);
#2984=DIRECTION('',(0.E0,-1.E0,0.E0));
#2985=VECTOR('',#2984,6.5E-1);
#2986=CARTESIAN_POINT('',(3.25E0,2.E0,-3.E0));
#2987=LINE('',#2986,#2985);
#2988=DIRECTION('',(0.E0,1.E0,0.E0));
#2989=VECTOR('',#2988,5.5E-1);
#2990=CARTESIAN_POINT('',(3.25E0,-1.9E0,-2.65E0));
#2991=LINE('',#2990,#2989);
#2992=DIRECTION('',(-3.108624468950E-13,1.E0,0.E0));
#2993=VECTOR('',#2992,1.E-1);
#2994=CARTESIAN_POINT('',(3.25E0,-1.9E0,-1.95E0));
#2995=LINE('',#2994,#2993);
#2996=DIRECTION('',(0.E0,0.E0,-1.E0));
#2997=VECTOR('',#2996,2.5E-1);
#2998=CARTESIAN_POINT('',(3.25E0,-1.8E0,-1.7E0));
#2999=LINE('',#2998,#2997);
#3000=DIRECTION('',(0.E0,-1.E0,0.E0));
#3001=VECTOR('',#3000,1.E-1);
#3002=CARTESIAN_POINT('',(3.25E0,-1.8E0,-1.7E0));
#3003=LINE('',#3002,#3001);
#3004=DIRECTION('',(0.E0,0.E0,-1.E0));
#3005=VECTOR('',#3004,9.5E-1);
#3006=CARTESIAN_POINT('',(3.25E0,1.8E0,-1.7E0));
#3007=LINE('',#3006,#3005);
#3008=DIRECTION('',(-6.908054375445E-14,1.E0,0.E0));
#3009=VECTOR('',#3008,4.5E-1);
#3010=CARTESIAN_POINT('',(3.25E0,1.35E0,-2.65E0));
#3011=LINE('',#3010,#3009);
#3012=DIRECTION('',(0.E0,-1.E0,0.E0));
#3013=VECTOR('',#3012,2.E-1);
#3014=CARTESIAN_POINT('',(3.25E0,2.E0,-1.7E0));
#3015=LINE('',#3014,#3013);
#3016=DIRECTION('',(-1.E0,0.E0,0.E0));
#3017=VECTOR('',#3016,5.E-1);
#3018=CARTESIAN_POINT('',(3.25E0,1.8E0,-2.65E0));
#3019=LINE('',#3018,#3017);
#3020=DIRECTION('',(0.E0,0.E0,1.E0));
#3021=VECTOR('',#3020,3.25E0);
#3022=CARTESIAN_POINT('',(3.25E0,-1.2E0,0.E0));
#3023=LINE('',#3022,#3021);
#3024=CARTESIAN_POINT('',(3.25E0,-7.E-1,3.25E0));
#3025=DIRECTION('',(-1.E0,0.E0,0.E0));
#3026=DIRECTION('',(0.E0,-1.E0,0.E0));
#3027=AXIS2_PLACEMENT_3D('',#3024,#3025,#3026);
#3029=DIRECTION('',(0.E0,1.E0,0.E0));
#3030=VECTOR('',#3029,1.4E0);
#3031=CARTESIAN_POINT('',(3.25E0,-7.E-1,3.75E0));
#3032=LINE('',#3031,#3030);
#3033=CARTESIAN_POINT('',(3.25E0,7.E-1,3.25E0));
#3034=DIRECTION('',(-1.E0,0.E0,0.E0));
#3035=DIRECTION('',(0.E0,0.E0,1.E0));
#3036=AXIS2_PLACEMENT_3D('',#3033,#3034,#3035);
#3038=DIRECTION('',(0.E0,0.E0,-1.E0));
#3039=VECTOR('',#3038,3.25E0);
#3040=CARTESIAN_POINT('',(3.25E0,1.2E0,3.25E0));
#3041=LINE('',#3040,#3039);
#3042=DIRECTION('',(0.E0,-1.E0,0.E0));
#3043=VECTOR('',#3042,2.7E0);
#3044=CARTESIAN_POINT('',(3.25E0,1.35E0,-2.65E0));
#3045=LINE('',#3044,#3043);
#3046=DIRECTION('',(1.887379141863E-14,-1.E0,0.E0));
#3047=VECTOR('',#3046,1.6E0);
#3048=CARTESIAN_POINT('',(3.25E0,-1.9E0,-2.65E0));
#3049=LINE('',#3048,#3047);
#3050=DIRECTION('',(0.E0,0.E0,1.E0));
#3051=VECTOR('',#3050,7.E-1);
#3052=CARTESIAN_POINT('',(3.25E0,-3.5E0,-2.65E0));
#3053=LINE('',#3052,#3051);
#3054=DIRECTION('',(-1.942890293094E-14,1.E0,0.E0));
#3055=VECTOR('',#3054,1.6E0);
#3056=CARTESIAN_POINT('',(3.25E0,-3.5E0,-1.95E0));
#3057=LINE('',#3056,#3055);
#3058=DIRECTION('',(0.E0,0.E0,-1.E0));
#3059=VECTOR('',#3058,3.25E0);
#3060=CARTESIAN_POINT('',(2.75E0,1.2E0,3.25E0));
#3061=LINE('',#3060,#3059);
#3062=CARTESIAN_POINT('',(2.75E0,7.E-1,3.25E0));
#3063=DIRECTION('',(-1.E0,0.E0,0.E0));
#3064=DIRECTION('',(0.E0,0.E0,1.E0));
#3065=AXIS2_PLACEMENT_3D('',#3062,#3063,#3064);
#3067=DIRECTION('',(0.E0,1.E0,0.E0));
#3068=VECTOR('',#3067,1.4E0);
#3069=CARTESIAN_POINT('',(2.75E0,-7.E-1,3.75E0));
#3070=LINE('',#3069,#3068);
#3071=CARTESIAN_POINT('',(2.75E0,-7.E-1,3.25E0));
#3072=DIRECTION('',(-1.E0,0.E0,0.E0));
#3073=DIRECTION('',(0.E0,-1.E0,0.E0));
#3074=AXIS2_PLACEMENT_3D('',#3071,#3072,#3073);
#3076=DIRECTION('',(0.E0,0.E0,1.E0));
#3077=VECTOR('',#3076,3.25E0);
#3078=CARTESIAN_POINT('',(2.75E0,-1.2E0,0.E0));
#3079=LINE('',#3078,#3077);
#3080=DIRECTION('',(0.E0,-1.E0,0.E0));
#3081=VECTOR('',#3080,2.7E0);
#3082=CARTESIAN_POINT('',(2.75E0,1.35E0,-2.65E0));
#3083=LINE('',#3082,#3081);
#3084=DIRECTION('',(1.276756478319E-14,-1.E0,0.E0));
#3085=VECTOR('',#3084,1.6E0);
#3086=CARTESIAN_POINT('',(2.75E0,-1.9E0,-2.65E0));
#3087=LINE('',#3086,#3085);
#3088=DIRECTION('',(-1.276756478319E-14,1.E0,0.E0));
#3089=VECTOR('',#3088,1.6E0);
#3090=CARTESIAN_POINT('',(2.75E0,-3.5E0,-1.95E0));
#3091=LINE('',#3090,#3089);
#3092=DIRECTION('',(0.E0,0.E0,1.E0));
#3093=VECTOR('',#3092,7.E-1);
#3094=CARTESIAN_POINT('',(2.75E0,-3.5E0,-2.65E0));
#3095=LINE('',#3094,#3093);
#3096=DIRECTION('',(-1.E0,0.E0,0.E0));
#3097=VECTOR('',#3096,5.E-1);
#3098=CARTESIAN_POINT('',(3.25E0,1.2E0,3.25E0));
#3099=LINE('',#3098,#3097);
#3100=DIRECTION('',(-1.E0,0.E0,0.E0));
#3101=VECTOR('',#3100,5.E-1);
#3102=CARTESIAN_POINT('',(3.25E0,7.E-1,3.75E0));
#3103=LINE('',#3102,#3101);
#3104=DIRECTION('',(-1.E0,0.E0,0.E0));
#3105=VECTOR('',#3104,5.E-1);
#3106=CARTESIAN_POINT('',(3.25E0,-7.E-1,3.75E0));
#3107=LINE('',#3106,#3105);
#3108=DIRECTION('',(-1.E0,0.E0,0.E0));
#3109=VECTOR('',#3108,5.E-1);
#3110=CARTESIAN_POINT('',(3.25E0,-1.2E0,3.25E0));
#3111=LINE('',#3110,#3109);
#3112=DIRECTION('',(-1.E0,0.E0,0.E0));
#3113=VECTOR('',#3112,5.E-1);
#3114=CARTESIAN_POINT('',(3.25E0,-3.5E0,-1.95E0));
#3115=LINE('',#3114,#3113);
#3116=DIRECTION('',(-1.E0,0.E0,0.E0));
#3117=VECTOR('',#3116,5.E-1);
#3118=CARTESIAN_POINT('',(3.25E0,-3.5E0,-2.65E0));
#3119=LINE('',#3118,#3117);
#3120=DIRECTION('',(0.E0,1.E0,0.E0));
#3121=VECTOR('',#3120,5.5E-1);
#3122=CARTESIAN_POINT('',(2.75E0,-1.9E0,-2.65E0));
#3123=LINE('',#3122,#3121);
#3124=DIRECTION('',(0.E0,-1.E0,0.E0));
#3125=VECTOR('',#3124,5.5E-1);
#3126=CARTESIAN_POINT('',(2.75E0,-1.35E0,-3.E0));
#3127=LINE('',#3126,#3125);
#3128=DIRECTION('',(-2.131628207280E-13,1.E0,0.E0));
#3129=VECTOR('',#3128,1.E-1);
#3130=CARTESIAN_POINT('',(2.75E0,-1.9E0,-1.95E0));
#3131=LINE('',#3130,#3129);
#3132=DIRECTION('',(0.E0,0.E0,-1.E0));
#3133=VECTOR('',#3132,2.5E-1);
#3134=CARTESIAN_POINT('',(2.75E0,-1.8E0,-1.7E0));
#3135=LINE('',#3134,#3133);
#3136=DIRECTION('',(0.E0,0.E0,-1.E0));
#3137=VECTOR('',#3136,9.5E-1);
#3138=CARTESIAN_POINT('',(2.75E0,1.8E0,-1.7E0));
#3139=LINE('',#3138,#3137);
#3140=DIRECTION('',(0.E0,-1.E0,0.E0));
#3141=VECTOR('',#3140,6.5E-1);
#3142=CARTESIAN_POINT('',(2.75E0,2.E0,-3.E0));
#3143=LINE('',#3142,#3141);
#3144=DIRECTION('',(-4.342205607423E-14,1.E0,0.E0));
#3145=VECTOR('',#3144,4.5E-1);
#3146=CARTESIAN_POINT('',(2.75E0,1.35E0,-2.65E0));
#3147=LINE('',#3146,#3145);
#3148=DIRECTION('',(1.E0,0.E0,0.E0));
#3149=VECTOR('',#3148,5.E-1);
#3150=CARTESIAN_POINT('',(2.75E0,1.8E0,-1.7E0));
#3151=LINE('',#3150,#3149);
#3152=DIRECTION('',(0.E0,-1.E0,0.E0));
#3153=VECTOR('',#3152,2.E-1);
#3154=CARTESIAN_POINT('',(2.75E0,2.E0,-1.7E0));
#3155=LINE('',#3154,#3153);
#3156=DIRECTION('',(1.E0,0.E0,0.E0));
#3157=VECTOR('',#3156,5.E-1);
#3158=CARTESIAN_POINT('',(2.75E0,-1.8E0,-1.7E0));
#3159=LINE('',#3158,#3157);
#3160=DIRECTION('',(2.220446049250E-14,-1.E0,0.E0));
#3161=VECTOR('',#3160,1.E-1);
#3162=CARTESIAN_POINT('',(2.75E0,-1.8E0,-1.7E0));
#3163=LINE('',#3162,#3161);
#3164=DIRECTION('',(-1.E0,0.E0,0.E0));
#3165=VECTOR('',#3164,5.E-1);
#3166=CARTESIAN_POINT('',(3.25E0,-1.8E0,-1.95E0));
#3167=LINE('',#3166,#3165);
#3168=DIRECTION('',(-1.E0,0.E0,0.E0));
#3169=VECTOR('',#3168,5.E-1);
#3170=CARTESIAN_POINT('',(-6.75E0,-3.5E0,-1.95E0));
#3171=LINE('',#3170,#3169);
#3172=DIRECTION('',(-1.E0,0.E0,0.E0));
#3173=VECTOR('',#3172,5.E-1);
#3174=CARTESIAN_POINT('',(-6.75E0,-1.8E0,-1.95E0));
#3175=LINE('',#3174,#3173);
#3176=DIRECTION('',(-1.E0,0.E0,0.E0));
#3177=VECTOR('',#3176,5.E-1);
#3178=CARTESIAN_POINT('',(-6.75E0,-3.5E0,-2.65E0));
#3179=LINE('',#3178,#3177);
#3180=DIRECTION('',(0.E0,-1.E0,0.E0));
#3181=VECTOR('',#3180,1.248991316353E0);
#3182=CARTESIAN_POINT('',(9.9E0,-1.6E0,-1.581008683647E0));
#3183=LINE('',#3182,#3181);
#3184=DIRECTION('',(0.E0,-7.071067811865E-1,7.071067811865E-1));
#3185=VECTOR('',#3184,2.559849353213E-1);
#3186=CARTESIAN_POINT('',(9.9E0,-2.848991316353E0,-1.581008683647E0));
#3187=LINE('',#3186,#3185);
#3188=CARTESIAN_POINT('',(9.9E0,-3.073083403801E0,-2.549192681980E0));
#3189=DIRECTION('',(1.E0,0.E0,0.E0));
#3190=DIRECTION('',(0.E0,3.746382939222E-2,9.992979843306E-1));
#3191=AXIS2_PLACEMENT_3D('',#3188,#3189,#3190);
#3193=DIRECTION('',(0.E0,0.E0,-1.E0));
#3194=VECTOR('',#3193,3.5E-1);
#3195=CARTESIAN_POINT('',(9.9E0,-3.9E0,-1.75E0));
#3196=LINE('',#3195,#3194);
#3197=DIRECTION('',(0.E0,9.922778767137E-1,-1.240347345892E-1));
#3198=VECTOR('',#3197,8.062257748299E-1);
#3199=CARTESIAN_POINT('',(9.9E0,-3.9E0,-2.1E0));
#3200=LINE('',#3199,#3198);
#3201=CARTESIAN_POINT('',(9.9E0,-2.851930530822E0,-2.231008683647E0));
#3202=DIRECTION('',(-1.E0,0.E0,0.E0));
#3203=DIRECTION('',(0.E0,-9.922778767137E-1,1.240347345892E-1));
#3204=AXIS2_PLACEMENT_3D('',#3201,#3202,#3203);
#3206=DIRECTION('',(0.E0,1.E0,0.E0));
#3207=VECTOR('',#3206,1.251930530822E0);
#3208=CARTESIAN_POINT('',(9.9E0,-2.851930530822E0,-1.981008683647E0));
#3209=LINE('',#3208,#3207);
#3210=DIRECTION('',(0.E0,-1.E0,0.E0));
#3211=VECTOR('',#3210,1.251930530822E0);
#3212=CARTESIAN_POINT('',(9.9E0,-1.6E0,-3.018991316353E0));
#3213=LINE('',#3212,#3211);
#3214=CARTESIAN_POINT('',(9.9E0,-2.851930530822E0,-2.768991316353E0));
#3215=DIRECTION('',(-1.E0,0.E0,0.E0));
#3216=DIRECTION('',(0.E0,0.E0,-1.E0));
#3217=AXIS2_PLACEMENT_3D('',#3214,#3215,#3216);
#3219=DIRECTION('',(0.E0,-9.922778767137E-1,-1.240347345892E-1));
#3220=VECTOR('',#3219,8.062257748299E-1);
#3221=CARTESIAN_POINT('',(9.9E0,-3.1E0,-2.8E0));
#3222=LINE('',#3221,#3220);
#3223=DIRECTION('',(0.E0,0.E0,-1.E0));
#3224=VECTOR('',#3223,3.5E-1);
#3225=CARTESIAN_POINT('',(9.9E0,-3.9E0,-2.9E0));
#3226=LINE('',#3225,#3224);
#3227=CARTESIAN_POINT('',(9.9E0,-3.073083403801E0,-2.450807318020E0));
#3228=DIRECTION('',(1.E0,0.E0,0.E0));
#3229=DIRECTION('',(0.E0,-7.190579097382E-1,-6.949501582437E-1));
#3230=AXIS2_PLACEMENT_3D('',#3227,#3228,#3229);
#3232=DIRECTION('',(0.E0,7.071067811866E-1,7.071067811865E-1));
#3233=VECTOR('',#3232,2.559849353213E-1);
#3234=CARTESIAN_POINT('',(9.9E0,-3.03E0,-3.6E0));
#3235=LINE('',#3234,#3233);
#3236=DIRECTION('',(0.E0,1.E0,0.E0));
#3237=VECTOR('',#3236,1.248991316353E0);
#3238=CARTESIAN_POINT('',(9.9E0,-2.848991316353E0,-3.418991316353E0));
#3239=LINE('',#3238,#3237);
#3240=DIRECTION('',(0.E0,1.E0,0.E0));
#3241=VECTOR('',#3240,1.251930530822E0);
#3242=CARTESIAN_POINT('',(1.03E1,-2.851930530822E0,-1.981008683647E0));
#3243=LINE('',#3242,#3241);
#3244=CARTESIAN_POINT('',(1.03E1,-2.851930530822E0,-2.231008683647E0));
#3245=DIRECTION('',(-1.E0,0.E0,0.E0));
#3246=DIRECTION('',(0.E0,-9.922778767137E-1,1.240347345892E-1));
#3247=AXIS2_PLACEMENT_3D('',#3244,#3245,#3246);
#3249=DIRECTION('',(0.E0,9.922778767137E-1,-1.240347345892E-1));
#3250=VECTOR('',#3249,8.062257748299E-1);
#3251=CARTESIAN_POINT('',(1.03E1,-3.9E0,-2.1E0));
#3252=LINE('',#3251,#3250);
#3253=DIRECTION('',(0.E0,0.E0,-1.E0));
#3254=VECTOR('',#3253,3.5E-1);
#3255=CARTESIAN_POINT('',(1.03E1,-3.9E0,-1.75E0));
#3256=LINE('',#3255,#3254);
#3257=CARTESIAN_POINT('',(1.03E1,-3.073083403801E0,-2.549192681980E0));
#3258=DIRECTION('',(1.E0,0.E0,0.E0));
#3259=DIRECTION('',(0.E0,3.746382939222E-2,9.992979843306E-1));
#3260=AXIS2_PLACEMENT_3D('',#3257,#3258,#3259);
#3262=DIRECTION('',(0.E0,-7.071067811865E-1,7.071067811865E-1));
#3263=VECTOR('',#3262,2.559849353213E-1);
#3264=CARTESIAN_POINT('',(1.03E1,-2.848991316353E0,-1.581008683647E0));
#3265=LINE('',#3264,#3263);
#3266=DIRECTION('',(0.E0,-1.E0,0.E0));
#3267=VECTOR('',#3266,1.248991316353E0);
#3268=CARTESIAN_POINT('',(1.03E1,-1.6E0,-1.581008683647E0));
#3269=LINE('',#3268,#3267);
#3270=DIRECTION('',(0.E0,1.E0,0.E0));
#3271=VECTOR('',#3270,1.248991316353E0);
#3272=CARTESIAN_POINT('',(1.03E1,-2.848991316353E0,-3.418991316353E0));
#3273=LINE('',#3272,#3271);
#3274=DIRECTION('',(0.E0,7.071067811866E-1,7.071067811865E-1));
#3275=VECTOR('',#3274,2.559849353213E-1);
#3276=CARTESIAN_POINT('',(1.03E1,-3.03E0,-3.6E0));
#3277=LINE('',#3276,#3275);
#3278=CARTESIAN_POINT('',(1.03E1,-3.073083403801E0,-2.450807318020E0));
#3279=DIRECTION('',(1.E0,0.E0,0.E0));
#3280=DIRECTION('',(0.E0,-7.190579097382E-1,-6.949501582437E-1));
#3281=AXIS2_PLACEMENT_3D('',#3278,#3279,#3280);
#3283=DIRECTION('',(0.E0,0.E0,-1.E0));
#3284=VECTOR('',#3283,3.5E-1);
#3285=CARTESIAN_POINT('',(1.03E1,-3.9E0,-2.9E0));
#3286=LINE('',#3285,#3284);
#3287=DIRECTION('',(0.E0,-9.922778767137E-1,-1.240347345892E-1));
#3288=VECTOR('',#3287,8.062257748299E-1);
#3289=CARTESIAN_POINT('',(1.03E1,-3.1E0,-2.8E0));
#3290=LINE('',#3289,#3288);
#3291=CARTESIAN_POINT('',(1.03E1,-2.851930530822E0,-2.768991316353E0));
#3292=DIRECTION('',(-1.E0,0.E0,0.E0));
#3293=DIRECTION('',(0.E0,0.E0,-1.E0));
#3294=AXIS2_PLACEMENT_3D('',#3291,#3292,#3293);
#3296=DIRECTION('',(0.E0,-1.E0,0.E0));
#3297=VECTOR('',#3296,1.251930530822E0);
#3298=CARTESIAN_POINT('',(1.03E1,-1.6E0,-3.018991316353E0));
#3299=LINE('',#3298,#3297);
#3300=DIRECTION('',(1.E0,0.E0,0.E0));
#3301=VECTOR('',#3300,4.E-1);
#3302=CARTESIAN_POINT('',(9.9E0,-2.851930530822E0,-1.981008683647E0));
#3303=LINE('',#3302,#3301);
#3304=DIRECTION('',(1.E0,0.E0,0.E0));
#3305=VECTOR('',#3304,4.E-1);
#3306=CARTESIAN_POINT('',(9.9E0,-3.1E0,-2.2E0));
#3307=LINE('',#3306,#3305);
#3308=DIRECTION('',(1.E0,0.E0,0.E0));
#3309=VECTOR('',#3308,4.E-1);
#3310=CARTESIAN_POINT('',(9.9E0,-3.9E0,-2.1E0));
#3311=LINE('',#3310,#3309);
#3312=DIRECTION('',(1.E0,0.E0,0.E0));
#3313=VECTOR('',#3312,4.E-1);
#3314=CARTESIAN_POINT('',(9.9E0,-3.9E0,-1.75E0));
#3315=LINE('',#3314,#3313);
#3316=DIRECTION('',(1.E0,0.E0,0.E0));
#3317=VECTOR('',#3316,4.E-1);
#3318=CARTESIAN_POINT('',(9.9E0,-3.03E0,-1.4E0));
#3319=LINE('',#3318,#3317);
#3320=DIRECTION('',(1.E0,0.E0,0.E0));
#3321=VECTOR('',#3320,4.E-1);
#3322=CARTESIAN_POINT('',(9.9E0,-2.848991316353E0,-1.581008683647E0));
#3323=LINE('',#3322,#3321);
#3324=DIRECTION('',(1.E0,0.E0,0.E0));
#3325=VECTOR('',#3324,4.E-1);
#3326=CARTESIAN_POINT('',(9.9E0,-2.848991316353E0,-3.418991316353E0));
#3327=LINE('',#3326,#3325);
#3328=DIRECTION('',(1.E0,0.E0,0.E0));
#3329=VECTOR('',#3328,4.E-1);
#3330=CARTESIAN_POINT('',(9.9E0,-3.03E0,-3.6E0));
#3331=LINE('',#3330,#3329);
#3332=DIRECTION('',(1.E0,0.E0,0.E0));
#3333=VECTOR('',#3332,4.E-1);
#3334=CARTESIAN_POINT('',(9.9E0,-3.9E0,-3.25E0));
#3335=LINE('',#3334,#3333);
#3336=DIRECTION('',(1.E0,0.E0,0.E0));
#3337=VECTOR('',#3336,4.E-1);
#3338=CARTESIAN_POINT('',(9.9E0,-3.9E0,-2.9E0));
#3339=LINE('',#3338,#3337);
#3340=DIRECTION('',(1.E0,0.E0,0.E0));
#3341=VECTOR('',#3340,4.E-1);
#3342=CARTESIAN_POINT('',(9.9E0,-3.1E0,-2.8E0));
#3343=LINE('',#3342,#3341);
#3344=DIRECTION('',(1.E0,0.E0,0.E0));
#3345=VECTOR('',#3344,4.E-1);
#3346=CARTESIAN_POINT('',(9.9E0,-2.851930530822E0,-3.018991316353E0));
#3347=LINE('',#3346,#3345);
#3348=DIRECTION('',(0.E0,0.E0,-1.E0));
#3349=VECTOR('',#3348,5.6E0);
#3350=CARTESIAN_POINT('',(-1.13E1,1.E0,0.E0));
#3351=LINE('',#3350,#3349);
#3352=DIRECTION('',(0.E0,0.E0,-1.E0));
#3353=VECTOR('',#3352,5.6E0);
#3354=CARTESIAN_POINT('',(-1.13E1,-2.E0,0.E0));
#3355=LINE('',#3354,#3353);
#3356=DIRECTION('',(0.E0,0.E0,-1.E0));
#3357=VECTOR('',#3356,5.6E0);
#3358=CARTESIAN_POINT('',(-1.09E1,-2.E0,0.E0));
#3359=LINE('',#3358,#3357);
#3360=DIRECTION('',(0.E0,0.E0,-1.E0));
#3361=VECTOR('',#3360,5.6E0);
#3362=CARTESIAN_POINT('',(-1.09E1,-1.6E0,0.E0));
#3363=LINE('',#3362,#3361);
#3364=DIRECTION('',(0.E0,0.E0,1.E0));
#3365=VECTOR('',#3364,4.E-1);
#3366=CARTESIAN_POINT('',(-9.9E0,-1.6E0,-3.418991316353E0));
#3367=LINE('',#3366,#3365);
#3368=DIRECTION('',(-1.E0,0.E0,0.E0));
#3369=VECTOR('',#3368,4.E-1);
#3370=CARTESIAN_POINT('',(-9.9E0,-1.6E0,-3.018991316353E0));
#3371=LINE('',#3370,#3369);
#3372=DIRECTION('',(0.E0,0.E0,1.E0));
#3373=VECTOR('',#3372,4.E-1);
#3374=CARTESIAN_POINT('',(-1.03E1,-1.6E0,-3.418991316353E0));
#3375=LINE('',#3374,#3373);
#3376=DIRECTION('',(-1.E0,0.E0,0.E0));
#3377=VECTOR('',#3376,4.E-1);
#3378=CARTESIAN_POINT('',(-9.9E0,-1.6E0,-3.418991316353E0));
#3379=LINE('',#3378,#3377);
#3380=DIRECTION('',(0.E0,0.E0,1.E0));
#3381=VECTOR('',#3380,4.E-1);
#3382=CARTESIAN_POINT('',(-9.9E0,-1.6E0,-1.981008683647E0));
#3383=LINE('',#3382,#3381);
#3384=DIRECTION('',(-1.E0,0.E0,0.E0));
#3385=VECTOR('',#3384,4.E-1);
#3386=CARTESIAN_POINT('',(-9.9E0,-1.6E0,-1.581008683647E0));
#3387=LINE('',#3386,#3385);
#3388=DIRECTION('',(0.E0,0.E0,1.E0));
#3389=VECTOR('',#3388,4.E-1);
#3390=CARTESIAN_POINT('',(-1.03E1,-1.6E0,-1.981008683647E0));
#3391=LINE('',#3390,#3389);
#3392=DIRECTION('',(-1.E0,0.E0,0.E0));
#3393=VECTOR('',#3392,4.E-1);
#3394=CARTESIAN_POINT('',(-9.9E0,-1.6E0,-1.981008683647E0));
#3395=LINE('',#3394,#3393);
#3396=DIRECTION('',(0.E0,0.E0,-1.E0));
#3397=VECTOR('',#3396,5.6E0);
#3398=CARTESIAN_POINT('',(-9.5E0,-1.6E0,0.E0));
#3399=LINE('',#3398,#3397);
#3400=DIRECTION('',(0.E0,-1.E0,0.E0));
#3401=VECTOR('',#3400,1.248991316353E0);
#3402=CARTESIAN_POINT('',(-9.9E0,-1.6E0,-3.418991316353E0));
#3403=LINE('',#3402,#3401);
#3404=DIRECTION('',(0.E0,-7.071067811866E-1,-7.071067811865E-1));
#3405=VECTOR('',#3404,2.559849353213E-1);
#3406=CARTESIAN_POINT('',(-9.9E0,-2.848991316353E0,-3.418991316353E0));
#3407=LINE('',#3406,#3405);
#3408=CARTESIAN_POINT('',(-9.9E0,-3.073083403801E0,-2.450807318020E0));
#3409=DIRECTION('',(-1.E0,0.E0,0.E0));
#3410=DIRECTION('',(0.E0,3.746382939221E-2,-9.992979843306E-1));
#3411=AXIS2_PLACEMENT_3D('',#3408,#3409,#3410);
#3413=DIRECTION('',(0.E0,0.E0,1.E0));
#3414=VECTOR('',#3413,3.5E-1);
#3415=CARTESIAN_POINT('',(-9.9E0,-3.9E0,-3.25E0));
#3416=LINE('',#3415,#3414);
#3417=DIRECTION('',(0.E0,9.922778767137E-1,1.240347345892E-1));
#3418=VECTOR('',#3417,8.062257748299E-1);
#3419=CARTESIAN_POINT('',(-9.9E0,-3.9E0,-2.9E0));
#3420=LINE('',#3419,#3418);
#3421=CARTESIAN_POINT('',(-9.9E0,-2.851930530822E0,-2.768991316353E0));
#3422=DIRECTION('',(1.E0,0.E0,0.E0));
#3423=DIRECTION('',(0.E0,-9.922778767137E-1,-1.240347345892E-1));
#3424=AXIS2_PLACEMENT_3D('',#3421,#3422,#3423);
#3426=DIRECTION('',(0.E0,1.E0,0.E0));
#3427=VECTOR('',#3426,1.251930530822E0);
#3428=CARTESIAN_POINT('',(-9.9E0,-2.851930530822E0,-3.018991316353E0));
#3429=LINE('',#3428,#3427);
#3430=DIRECTION('',(0.E0,-1.E0,0.E0));
#3431=VECTOR('',#3430,1.251930530822E0);
#3432=CARTESIAN_POINT('',(-9.9E0,-1.6E0,-1.981008683647E0));
#3433=LINE('',#3432,#3431);
#3434=CARTESIAN_POINT('',(-9.9E0,-2.851930530822E0,-2.231008683647E0));
#3435=DIRECTION('',(1.E0,0.E0,0.E0));
#3436=DIRECTION('',(0.E0,0.E0,1.E0));
#3437=AXIS2_PLACEMENT_3D('',#3434,#3435,#3436);
#3439=DIRECTION('',(0.E0,-9.922778767137E-1,1.240347345892E-1));
#3440=VECTOR('',#3439,8.062257748299E-1);
#3441=CARTESIAN_POINT('',(-9.9E0,-3.1E0,-2.2E0));
#3442=LINE('',#3441,#3440);
#3443=DIRECTION('',(0.E0,0.E0,1.E0));
#3444=VECTOR('',#3443,3.5E-1);
#3445=CARTESIAN_POINT('',(-9.9E0,-3.9E0,-2.1E0));
#3446=LINE('',#3445,#3444);
#3447=CARTESIAN_POINT('',(-9.9E0,-3.073083403801E0,-2.549192681980E0));
#3448=DIRECTION('',(-1.E0,0.E0,0.E0));
#3449=DIRECTION('',(0.E0,-7.190579097382E-1,6.949501582437E-1));
#3450=AXIS2_PLACEMENT_3D('',#3447,#3448,#3449);
#3452=DIRECTION('',(0.E0,7.071067811865E-1,-7.071067811865E-1));
#3453=VECTOR('',#3452,2.559849353213E-1);
#3454=CARTESIAN_POINT('',(-9.9E0,-3.03E0,-1.4E0));
#3455=LINE('',#3454,#3453);
#3456=DIRECTION('',(0.E0,1.E0,0.E0));
#3457=VECTOR('',#3456,1.248991316353E0);
#3458=CARTESIAN_POINT('',(-9.9E0,-2.848991316353E0,-1.581008683647E0));
#3459=LINE('',#3458,#3457);
#3460=DIRECTION('',(0.E0,1.E0,0.E0));
#3461=VECTOR('',#3460,1.251930530822E0);
#3462=CARTESIAN_POINT('',(-1.03E1,-2.851930530822E0,-3.018991316353E0));
#3463=LINE('',#3462,#3461);
#3464=CARTESIAN_POINT('',(-1.03E1,-2.851930530822E0,-2.768991316353E0));
#3465=DIRECTION('',(1.E0,0.E0,0.E0));
#3466=DIRECTION('',(0.E0,-9.922778767137E-1,-1.240347345892E-1));
#3467=AXIS2_PLACEMENT_3D('',#3464,#3465,#3466);
#3469=DIRECTION('',(0.E0,9.922778767137E-1,1.240347345892E-1));
#3470=VECTOR('',#3469,8.062257748299E-1);
#3471=CARTESIAN_POINT('',(-1.03E1,-3.9E0,-2.9E0));
#3472=LINE('',#3471,#3470);
#3473=DIRECTION('',(0.E0,0.E0,1.E0));
#3474=VECTOR('',#3473,3.5E-1);
#3475=CARTESIAN_POINT('',(-1.03E1,-3.9E0,-3.25E0));
#3476=LINE('',#3475,#3474);
#3477=CARTESIAN_POINT('',(-1.03E1,-3.073083403801E0,-2.450807318020E0));
#3478=DIRECTION('',(-1.E0,0.E0,0.E0));
#3479=DIRECTION('',(0.E0,3.746382939221E-2,-9.992979843306E-1));
#3480=AXIS2_PLACEMENT_3D('',#3477,#3478,#3479);
#3482=DIRECTION('',(0.E0,-7.071067811866E-1,-7.071067811865E-1));
#3483=VECTOR('',#3482,2.559849353213E-1);
#3484=CARTESIAN_POINT('',(-1.03E1,-2.848991316353E0,-3.418991316353E0));
#3485=LINE('',#3484,#3483);
#3486=DIRECTION('',(0.E0,-1.E0,0.E0));
#3487=VECTOR('',#3486,1.248991316353E0);
#3488=CARTESIAN_POINT('',(-1.03E1,-1.6E0,-3.418991316353E0));
#3489=LINE('',#3488,#3487);
#3490=DIRECTION('',(0.E0,1.E0,0.E0));
#3491=VECTOR('',#3490,1.248991316353E0);
#3492=CARTESIAN_POINT('',(-1.03E1,-2.848991316353E0,-1.581008683647E0));
#3493=LINE('',#3492,#3491);
#3494=DIRECTION('',(0.E0,7.071067811865E-1,-7.071067811865E-1));
#3495=VECTOR('',#3494,2.559849353213E-1);
#3496=CARTESIAN_POINT('',(-1.03E1,-3.03E0,-1.4E0));
#3497=LINE('',#3496,#3495);
#3498=CARTESIAN_POINT('',(-1.03E1,-3.073083403801E0,-2.549192681980E0));
#3499=DIRECTION('',(-1.E0,0.E0,0.E0));
#3500=DIRECTION('',(0.E0,-7.190579097382E-1,6.949501582437E-1));
#3501=AXIS2_PLACEMENT_3D('',#3498,#3499,#3500);
#3503=DIRECTION('',(0.E0,0.E0,1.E0));
#3504=VECTOR('',#3503,3.5E-1);
#3505=CARTESIAN_POINT('',(-1.03E1,-3.9E0,-2.1E0));
#3506=LINE('',#3505,#3504);
#3507=DIRECTION('',(0.E0,-9.922778767137E-1,1.240347345892E-1));
#3508=VECTOR('',#3507,8.062257748299E-1);
#3509=CARTESIAN_POINT('',(-1.03E1,-3.1E0,-2.2E0));
#3510=LINE('',#3509,#3508);
#3511=CARTESIAN_POINT('',(-1.03E1,-2.851930530822E0,-2.231008683647E0));
#3512=DIRECTION('',(1.E0,0.E0,0.E0));
#3513=DIRECTION('',(0.E0,0.E0,1.E0));
#3514=AXIS2_PLACEMENT_3D('',#3511,#3512,#3513);
#3516=DIRECTION('',(0.E0,-1.E0,0.E0));
#3517=VECTOR('',#3516,1.251930530822E0);
#3518=CARTESIAN_POINT('',(-1.03E1,-1.6E0,-1.981008683647E0));
#3519=LINE('',#3518,#3517);
#3520=DIRECTION('',(-1.E0,0.E0,0.E0));
#3521=VECTOR('',#3520,4.E-1);
#3522=CARTESIAN_POINT('',(-9.9E0,-2.851930530822E0,-3.018991316353E0));
#3523=LINE('',#3522,#3521);
#3524=DIRECTION('',(-1.E0,0.E0,0.E0));
#3525=VECTOR('',#3524,4.E-1);
#3526=CARTESIAN_POINT('',(-9.9E0,-3.1E0,-2.8E0));
#3527=LINE('',#3526,#3525);
#3528=DIRECTION('',(-1.E0,0.E0,0.E0));
#3529=VECTOR('',#3528,4.E-1);
#3530=CARTESIAN_POINT('',(-9.9E0,-3.9E0,-2.9E0));
#3531=LINE('',#3530,#3529);
#3532=DIRECTION('',(-1.E0,0.E0,0.E0));
#3533=VECTOR('',#3532,4.E-1);
#3534=CARTESIAN_POINT('',(-9.9E0,-3.9E0,-3.25E0));
#3535=LINE('',#3534,#3533);
#3536=DIRECTION('',(-1.E0,0.E0,0.E0));
#3537=VECTOR('',#3536,4.E-1);
#3538=CARTESIAN_POINT('',(-9.9E0,-3.03E0,-3.6E0));
#3539=LINE('',#3538,#3537);
#3540=DIRECTION('',(-1.E0,0.E0,0.E0));
#3541=VECTOR('',#3540,4.E-1);
#3542=CARTESIAN_POINT('',(-9.9E0,-2.848991316353E0,-3.418991316353E0));
#3543=LINE('',#3542,#3541);
#3544=DIRECTION('',(-1.E0,0.E0,0.E0));
#3545=VECTOR('',#3544,4.E-1);
#3546=CARTESIAN_POINT('',(-9.9E0,-2.848991316353E0,-1.581008683647E0));
#3547=LINE('',#3546,#3545);
#3548=DIRECTION('',(-1.E0,0.E0,0.E0));
#3549=VECTOR('',#3548,4.E-1);
#3550=CARTESIAN_POINT('',(-9.9E0,-3.03E0,-1.4E0));
#3551=LINE('',#3550,#3549);
#3552=DIRECTION('',(-1.E0,0.E0,0.E0));
#3553=VECTOR('',#3552,4.E-1);
#3554=CARTESIAN_POINT('',(-9.9E0,-3.9E0,-1.75E0));
#3555=LINE('',#3554,#3553);
#3556=DIRECTION('',(-1.E0,0.E0,0.E0));
#3557=VECTOR('',#3556,4.E-1);
#3558=CARTESIAN_POINT('',(-9.9E0,-3.9E0,-2.1E0));
#3559=LINE('',#3558,#3557);
#3560=DIRECTION('',(-1.E0,0.E0,0.E0));
#3561=VECTOR('',#3560,4.E-1);
#3562=CARTESIAN_POINT('',(-9.9E0,-3.1E0,-2.2E0));
#3563=LINE('',#3562,#3561);
#3564=DIRECTION('',(-1.E0,0.E0,0.E0));
#3565=VECTOR('',#3564,4.E-1);
#3566=CARTESIAN_POINT('',(-9.9E0,-2.851930530822E0,-1.981008683647E0));
#3567=LINE('',#3566,#3565);
#3568=DIRECTION('',(0.E0,0.E0,1.E0));
#3569=VECTOR('',#3568,2.E-1);
#3570=CARTESIAN_POINT('',(1.08E1,-1.E-1,-5.6E0));
#3571=LINE('',#3570,#3569);
#3572=DIRECTION('',(0.E0,0.E0,1.E0));
#3573=VECTOR('',#3572,2.E-1);
#3574=CARTESIAN_POINT('',(9.7E0,-1.E-1,-5.6E0));
#3575=LINE('',#3574,#3573);
#3576=DIRECTION('',(0.E0,0.E0,1.E0));
#3577=VECTOR('',#3576,2.E-1);
#3578=CARTESIAN_POINT('',(9.7E0,-1.3E0,-5.6E0));
#3579=LINE('',#3578,#3577);
#3580=DIRECTION('',(0.E0,0.E0,1.E0));
#3581=VECTOR('',#3580,2.E-1);
#3582=CARTESIAN_POINT('',(1.08E1,-1.3E0,-5.6E0));
#3583=LINE('',#3582,#3581);
#3584=DIRECTION('',(0.E0,-1.E0,0.E0));
#3585=VECTOR('',#3584,1.2E0);
#3586=CARTESIAN_POINT('',(1.08E1,-1.E-1,-5.4E0));
#3587=LINE('',#3586,#3585);
#3588=DIRECTION('',(1.E0,0.E0,0.E0));
#3589=VECTOR('',#3588,1.1E0);
#3590=CARTESIAN_POINT('',(9.7E0,-1.E-1,-5.4E0));
#3591=LINE('',#3590,#3589);
#3592=DIRECTION('',(0.E0,1.E0,0.E0));
#3593=VECTOR('',#3592,1.2E0);
#3594=CARTESIAN_POINT('',(9.7E0,-1.3E0,-5.4E0));
#3595=LINE('',#3594,#3593);
#3596=DIRECTION('',(-1.E0,0.E0,0.E0));
#3597=VECTOR('',#3596,1.1E0);
#3598=CARTESIAN_POINT('',(1.08E1,-1.3E0,-5.4E0));
#3599=LINE('',#3598,#3597);
#3600=DIRECTION('',(1.E0,0.E0,0.E0));
#3601=VECTOR('',#3600,1.666666567326E-1);
#3602=CARTESIAN_POINT('',(1.017E1,-2.E-1,-5.4E0));
#3603=LINE('',#3602,#3601);
#3604=DIRECTION('',(3.162277744987E-1,-9.486832952232E-1,0.E0));
#3605=VECTOR('',#3604,1.054092556531E0);
#3606=CARTESIAN_POINT('',(1.033666665673E1,-2.E-1,-5.4E0));
#3607=LINE('',#3606,#3605);
#3608=DIRECTION('',(-1.E0,0.E0,0.E0));
#3609=VECTOR('',#3608,1.25E-1);
#3610=CARTESIAN_POINT('',(1.067E1,-1.2E0,-5.4E0));
#3611=LINE('',#3610,#3609);
#3612=DIRECTION('',(-3.102800155243E-1,9.506452082487E-1,0.E0));
#3613=VECTOR('',#3612,2.685745913267E-1);
#3614=CARTESIAN_POINT('',(1.0545E1,-1.2E0,-5.4E0));
#3615=LINE('',#3614,#3613);
#3616=DIRECTION('',(-1.E0,0.E0,0.E0));
#3617=VECTOR('',#3616,4.166666716337E-1);
#3618=CARTESIAN_POINT('',(1.046166667163E1,-9.446808516979E-1,-5.4E0));
#3619=LINE('',#3618,#3617);
#3620=DIRECTION('',(-3.102799653834E-1,-9.506452246141E-1,0.E0));
#3621=VECTOR('',#3620,2.685745867032E-1);
#3622=CARTESIAN_POINT('',(1.0045E1,-9.446808516979E-1,-5.4E0));
#3623=LINE('',#3622,#3621);
#3624=DIRECTION('',(-1.E0,0.E0,0.E0));
#3625=VECTOR('',#3624,1.25E-1);
#3626=CARTESIAN_POINT('',(9.961666686535E0,-1.2E0,-5.4E0));
#3627=LINE('',#3626,#3625);
#3628=DIRECTION('',(3.162277490531E-1,9.486833037051E-1,0.E0));
#3629=VECTOR('',#3628,1.054092547107E0);
#3630=CARTESIAN_POINT('',(9.836666686535E0,-1.2E0,-5.4E0));
#3631=LINE('',#3630,#3629);
#3632=DIRECTION('',(-3.102800658973E-1,-9.506451918075E-1,0.E0));
#3633=VECTOR('',#3632,6.042928644484E-1);
#3634=CARTESIAN_POINT('',(1.025333334327E1,-2.851063728333E-1,-5.4E0));
#3635=LINE('',#3634,#3633);
#3636=DIRECTION('',(1.E0,0.E0,0.E0));
#3637=VECTOR('',#3636,3.750000149012E-1);
#3638=CARTESIAN_POINT('',(1.006583331347E1,-8.595744788647E-1,-5.4E0));
#3639=LINE('',#3638,#3637);
#3640=DIRECTION('',(-3.102799990428E-1,9.506452136281E-1,0.E0));
#3641=VECTOR('',#3640,6.042928505778E-1);
#3642=CARTESIAN_POINT('',(1.044083332837E1,-8.595744788647E-1,-5.4E0));
#3643=LINE('',#3642,#3641);
#3644=DIRECTION('',(0.E0,0.E0,-1.E0));
#3645=VECTOR('',#3644,1.5E-1);
#3646=CARTESIAN_POINT('',(1.017E1,-2.E-1,-5.4E0));
#3647=LINE('',#3646,#3645);
#3648=DIRECTION('',(0.E0,0.E0,-1.E0));
#3649=VECTOR('',#3648,1.5E-1);
#3650=CARTESIAN_POINT('',(9.836666686535E0,-1.2E0,-5.4E0));
#3651=LINE('',#3650,#3649);
#3652=DIRECTION('',(0.E0,0.E0,-1.E0));
#3653=VECTOR('',#3652,1.5E-1);
#3654=CARTESIAN_POINT('',(9.961666686535E0,-1.2E0,-5.4E0));
#3655=LINE('',#3654,#3653);
#3656=DIRECTION('',(0.E0,0.E0,-1.E0));
#3657=VECTOR('',#3656,1.5E-1);
#3658=CARTESIAN_POINT('',(1.0045E1,-9.446808516979E-1,-5.4E0));
#3659=LINE('',#3658,#3657);
#3660=DIRECTION('',(0.E0,0.E0,-1.E0));
#3661=VECTOR('',#3660,1.5E-1);
#3662=CARTESIAN_POINT('',(1.046166667163E1,-9.446808516979E-1,-5.4E0));
#3663=LINE('',#3662,#3661);
#3664=DIRECTION('',(0.E0,0.E0,-1.E0));
#3665=VECTOR('',#3664,1.5E-1);
#3666=CARTESIAN_POINT('',(1.0545E1,-1.2E0,-5.4E0));
#3667=LINE('',#3666,#3665);
#3668=DIRECTION('',(0.E0,0.E0,-1.E0));
#3669=VECTOR('',#3668,1.5E-1);
#3670=CARTESIAN_POINT('',(1.067E1,-1.2E0,-5.4E0));
#3671=LINE('',#3670,#3669);
#3672=DIRECTION('',(0.E0,0.E0,-1.E0));
#3673=VECTOR('',#3672,1.5E-1);
#3674=CARTESIAN_POINT('',(1.033666665673E1,-2.E-1,-5.4E0));
#3675=LINE('',#3674,#3673);
#3676=DIRECTION('',(1.E0,0.E0,0.E0));
#3677=VECTOR('',#3676,1.666666567326E-1);
#3678=CARTESIAN_POINT('',(1.017E1,-2.E-1,-5.55E0));
#3679=LINE('',#3678,#3677);
#3680=DIRECTION('',(3.162277490531E-1,9.486833037051E-1,0.E0));
#3681=VECTOR('',#3680,1.054092547107E0);
#3682=CARTESIAN_POINT('',(9.836666686535E0,-1.2E0,-5.55E0));
#3683=LINE('',#3682,#3681);
#3684=DIRECTION('',(-1.E0,0.E0,0.E0));
#3685=VECTOR('',#3684,1.25E-1);
#3686=CARTESIAN_POINT('',(9.961666686535E0,-1.2E0,-5.55E0));
#3687=LINE('',#3686,#3685);
#3688=DIRECTION('',(-3.102799653834E-1,-9.506452246141E-1,0.E0));
#3689=VECTOR('',#3688,2.685745867032E-1);
#3690=CARTESIAN_POINT('',(1.0045E1,-9.446808516979E-1,-5.55E0));
#3691=LINE('',#3690,#3689);
#3692=DIRECTION('',(-1.E0,0.E0,0.E0));
#3693=VECTOR('',#3692,4.166666716337E-1);
#3694=CARTESIAN_POINT('',(1.046166667163E1,-9.446808516979E-1,-5.55E0));
#3695=LINE('',#3694,#3693);
#3696=DIRECTION('',(-3.102800155243E-1,9.506452082487E-1,0.E0));
#3697=VECTOR('',#3696,2.685745913267E-1);
#3698=CARTESIAN_POINT('',(1.0545E1,-1.2E0,-5.55E0));
#3699=LINE('',#3698,#3697);
#3700=DIRECTION('',(-1.E0,0.E0,0.E0));
#3701=VECTOR('',#3700,1.25E-1);
#3702=CARTESIAN_POINT('',(1.067E1,-1.2E0,-5.55E0));
#3703=LINE('',#3702,#3701);
#3704=DIRECTION('',(3.162277744987E-1,-9.486832952232E-1,0.E0));
#3705=VECTOR('',#3704,1.054092556531E0);
#3706=CARTESIAN_POINT('',(1.033666665673E1,-2.E-1,-5.55E0));
#3707=LINE('',#3706,#3705);
#3708=DIRECTION('',(-3.102800658973E-1,-9.506451918075E-1,0.E0));
#3709=VECTOR('',#3708,6.042928644484E-1);
#3710=CARTESIAN_POINT('',(1.025333334327E1,-2.851063728333E-1,-5.55E0));
#3711=LINE('',#3710,#3709);
#3712=DIRECTION('',(-3.102799990428E-1,9.506452136281E-1,0.E0));
#3713=VECTOR('',#3712,6.042928505778E-1);
#3714=CARTESIAN_POINT('',(1.044083332837E1,-8.595744788647E-1,-5.55E0));
#3715=LINE('',#3714,#3713);
#3716=DIRECTION('',(1.E0,0.E0,0.E0));
#3717=VECTOR('',#3716,3.750000149012E-1);
#3718=CARTESIAN_POINT('',(1.006583331347E1,-8.595744788647E-1,-5.55E0));
#3719=LINE('',#3718,#3717);
#3720=DIRECTION('',(0.E0,0.E0,-1.E0));
#3721=VECTOR('',#3720,1.5E-1);
#3722=CARTESIAN_POINT('',(1.025333334327E1,-2.851063728333E-1,-5.4E0));
#3723=LINE('',#3722,#3721);
#3724=DIRECTION('',(0.E0,0.E0,-1.E0));
#3725=VECTOR('',#3724,1.5E-1);
#3726=CARTESIAN_POINT('',(1.044083332837E1,-8.595744788647E-1,-5.4E0));
#3727=LINE('',#3726,#3725);
#3728=DIRECTION('',(0.E0,0.E0,-1.E0));
#3729=VECTOR('',#3728,1.5E-1);
#3730=CARTESIAN_POINT('',(1.006583331347E1,-8.595744788647E-1,-5.4E0));
#3731=LINE('',#3730,#3729);
#3732=DIRECTION('',(-1.E0,0.E0,0.E0));
#3733=VECTOR('',#3732,5.E-1);
#3734=CARTESIAN_POINT('',(5.25E0,-3.5E0,-2.65E0));
#3735=LINE('',#3734,#3733);
#3736=DIRECTION('',(-1.E0,0.E0,0.E0));
#3737=VECTOR('',#3736,5.E-1);
#3738=CARTESIAN_POINT('',(5.25E0,-3.5E0,-1.95E0));
#3739=LINE('',#3738,#3737);
#3740=CARTESIAN_POINT('',(-8.85E0,1.35E0,-2.5E0));
#3741=CARTESIAN_POINT('',(-8.85E0,1.35E0,-3.5E0));
#3742=VERTEX_POINT('',#3740);
#3743=VERTEX_POINT('',#3741);
#3744=CARTESIAN_POINT('',(-8.85E0,2.E0,-3.5E0));
#3745=VERTEX_POINT('',#3744);
#3746=CARTESIAN_POINT('',(-8.85E0,2.E0,0.E0));
#3747=VERTEX_POINT('',#3746);
#3748=CARTESIAN_POINT('',(8.85E0,1.35E0,-2.5E0));
#3749=CARTESIAN_POINT('',(8.85E0,1.35E0,-3.5E0));
#3750=VERTEX_POINT('',#3748);
#3751=VERTEX_POINT('',#3749);
#3752=CARTESIAN_POINT('',(8.85E0,2.E0,-3.5E0));
#3753=VERTEX_POINT('',#3752);
#3754=CARTESIAN_POINT('',(8.85E0,2.E0,0.E0));
#3755=VERTEX_POINT('',#3754);
#3756=CARTESIAN_POINT('',(9.5E0,-2.E0,0.E0));
#3757=CARTESIAN_POINT('',(9.5E0,-1.6E0,0.E0));
#3758=VERTEX_POINT('',#3756);
#3759=VERTEX_POINT('',#3757);
#3760=CARTESIAN_POINT('',(1.09E1,-1.6E0,0.E0));
#3761=VERTEX_POINT('',#3760);
#3762=CARTESIAN_POINT('',(1.09E1,-2.E0,0.E0));
#3763=VERTEX_POINT('',#3762);
#3764=CARTESIAN_POINT('',(1.13E1,-2.E0,0.E0));
#3765=VERTEX_POINT('',#3764);
#3766=CARTESIAN_POINT('',(1.13E1,1.E0,0.E0));
#3767=VERTEX_POINT('',#3766);
#3768=CARTESIAN_POINT('',(-1.13E1,1.E0,0.E0));
#3769=CARTESIAN_POINT('',(-1.13E1,-2.E0,0.E0));
#3770=VERTEX_POINT('',#3768);
#3771=VERTEX_POINT('',#3769);
#3772=CARTESIAN_POINT('',(-1.09E1,-2.E0,0.E0));
#3773=VERTEX_POINT('',#3772);
#3774=CARTESIAN_POINT('',(-1.09E1,-1.6E0,0.E0));
#3775=VERTEX_POINT('',#3774);
#3776=CARTESIAN_POINT('',(-9.5E0,-1.6E0,0.E0));
#3777=VERTEX_POINT('',#3776);
#3778=CARTESIAN_POINT('',(-9.5E0,-2.E0,0.E0));
#3779=VERTEX_POINT('',#3778);
#3780=CARTESIAN_POINT('',(8.85E0,1.E0,-5.6E0));
#3781=CARTESIAN_POINT('',(8.85E0,-2.E0,-5.6E0));
#3782=VERTEX_POINT('',#3780);
#3783=VERTEX_POINT('',#3781);
#3784=CARTESIAN_POINT('',(9.5E0,-2.E0,-5.6E0));
#3785=VERTEX_POINT('',#3784);
#3786=CARTESIAN_POINT('',(9.5E0,-1.6E0,-5.6E0));
#3787=VERTEX_POINT('',#3786);
#3788=CARTESIAN_POINT('',(1.09E1,-1.6E0,-5.6E0));
#3789=VERTEX_POINT('',#3788);
#3790=CARTESIAN_POINT('',(1.09E1,-2.E0,-5.6E0));
#3791=VERTEX_POINT('',#3790);
#3792=CARTESIAN_POINT('',(1.13E1,-2.E0,-5.6E0));
#3793=VERTEX_POINT('',#3792);
#3794=CARTESIAN_POINT('',(1.13E1,1.E0,-5.6E0));
#3795=VERTEX_POINT('',#3794);
#3796=CARTESIAN_POINT('',(-8.85E0,1.E0,-5.6E0));
#3797=CARTESIAN_POINT('',(-1.13E1,1.E0,-5.6E0));
#3798=VERTEX_POINT('',#3796);
#3799=VERTEX_POINT('',#3797);
#3800=CARTESIAN_POINT('',(-1.13E1,-2.E0,-5.6E0));
#3801=VERTEX_POINT('',#3800);
#3802=CARTESIAN_POINT('',(-1.09E1,-2.E0,-5.6E0));
#3803=VERTEX_POINT('',#3802);
#3804=CARTESIAN_POINT('',(-1.09E1,-1.6E0,-5.6E0));
#3805=VERTEX_POINT('',#3804);
#3806=CARTESIAN_POINT('',(-9.5E0,-1.6E0,-5.6E0));
#3807=VERTEX_POINT('',#3806);
#3808=CARTESIAN_POINT('',(-9.5E0,-2.E0,-5.6E0));
#3809=VERTEX_POINT('',#3808);
#3810=CARTESIAN_POINT('',(-8.85E0,-2.E0,-5.6E0));
#3811=VERTEX_POINT('',#3810);
#3812=CARTESIAN_POINT('',(-8.85E0,1.E0,0.E0));
#3813=CARTESIAN_POINT('',(-8.85E0,1.E0,-2.5E0));
#3814=VERTEX_POINT('',#3812);
#3815=VERTEX_POINT('',#3813);
#3816=CARTESIAN_POINT('',(8.85E0,1.E0,0.E0));
#3817=CARTESIAN_POINT('',(8.85E0,1.E0,-2.5E0));
#3818=VERTEX_POINT('',#3816);
#3819=VERTEX_POINT('',#3817);
#3820=CARTESIAN_POINT('',(8.85E0,-1.35E0,-3.5E0));
#3821=CARTESIAN_POINT('',(8.85E0,-1.35E0,-2.5E0));
#3822=VERTEX_POINT('',#3820);
#3823=VERTEX_POINT('',#3821);
#3824=CARTESIAN_POINT('',(-8.85E0,-1.35E0,-3.5E0));
#3825=CARTESIAN_POINT('',(-8.85E0,-1.35E0,-2.5E0));
#3826=VERTEX_POINT('',#3824);
#3827=VERTEX_POINT('',#3825);
#3828=CARTESIAN_POINT('',(-7.75E0,-1.35E0,-3.5E0));
#3829=CARTESIAN_POINT('',(-7.25E0,-1.35E0,-3.E0));
#3830=VERTEX_POINT('',#3828);
#3831=VERTEX_POINT('',#3829);
#3832=CARTESIAN_POINT('',(-6.75E0,-1.35E0,-3.E0));
#3833=CARTESIAN_POINT('',(-6.25E0,-1.35E0,-3.5E0));
#3834=VERTEX_POINT('',#3832);
#3835=VERTEX_POINT('',#3833);
#3836=CARTESIAN_POINT('',(-4.75E0,-1.35E0,-3.E0));
#3837=CARTESIAN_POINT('',(-4.25E0,-1.35E0,-3.5E0));
#3838=VERTEX_POINT('',#3836);
#3839=VERTEX_POINT('',#3837);
#3840=CARTESIAN_POINT('',(-5.75E0,-1.35E0,-3.5E0));
#3841=CARTESIAN_POINT('',(-5.25E0,-1.35E0,-3.E0));
#3842=VERTEX_POINT('',#3840);
#3843=VERTEX_POINT('',#3841);
#3844=CARTESIAN_POINT('',(-2.75E0,-1.35E0,-2.5E0));
#3845=CARTESIAN_POINT('',(-2.75E0,-1.35E0,-3.E0));
#3846=VERTEX_POINT('',#3844);
#3847=VERTEX_POINT('',#3845);
#3848=CARTESIAN_POINT('',(-2.25E0,-1.35E0,-3.5E0));
#3849=VERTEX_POINT('',#3848);
#3850=CARTESIAN_POINT('',(-3.75E0,-1.35E0,-3.5E0));
#3851=CARTESIAN_POINT('',(-3.25E0,-1.35E0,-3.E0));
#3852=VERTEX_POINT('',#3850);
#3853=VERTEX_POINT('',#3851);
#3854=CARTESIAN_POINT('',(-3.25E0,-1.35E0,-2.5E0));
#3855=VERTEX_POINT('',#3854);
#3856=CARTESIAN_POINT('',(-7.5E-1,-1.35E0,-3.E0));
#3857=CARTESIAN_POINT('',(-2.5E-1,-1.35E0,-3.5E0));
#3858=VERTEX_POINT('',#3856);
#3859=VERTEX_POINT('',#3857);
#3860=CARTESIAN_POINT('',(-1.75E0,-1.35E0,-3.5E0));
#3861=CARTESIAN_POINT('',(-1.25E0,-1.35E0,-3.E0));
#3862=VERTEX_POINT('',#3860);
#3863=VERTEX_POINT('',#3861);
#3864=CARTESIAN_POINT('',(6.25E0,-1.35E0,-3.5E0));
#3865=CARTESIAN_POINT('',(6.75E0,-1.35E0,-3.E0));
#3866=VERTEX_POINT('',#3864);
#3867=VERTEX_POINT('',#3865);
#3868=CARTESIAN_POINT('',(7.25E0,-1.35E0,-3.E0));
#3869=CARTESIAN_POINT('',(7.75E0,-1.35E0,-3.5E0));
#3870=VERTEX_POINT('',#3868);
#3871=VERTEX_POINT('',#3869);
#3872=CARTESIAN_POINT('',(5.25E0,-1.35E0,-3.E0));
#3873=CARTESIAN_POINT('',(5.75E0,-1.35E0,-3.5E0));
#3874=VERTEX_POINT('',#3872);
#3875=VERTEX_POINT('',#3873);
#3876=CARTESIAN_POINT('',(4.25E0,-1.35E0,-3.5E0));
#3877=CARTESIAN_POINT('',(4.75E0,-1.35E0,-3.E0));
#3878=VERTEX_POINT('',#3876);
#3879=VERTEX_POINT('',#3877);
#3880=CARTESIAN_POINT('',(3.25E0,-1.35E0,-3.E0));
#3881=CARTESIAN_POINT('',(3.75E0,-1.35E0,-3.5E0));
#3882=VERTEX_POINT('',#3880);
#3883=VERTEX_POINT('',#3881);
#3884=CARTESIAN_POINT('',(2.25E0,-1.35E0,-3.5E0));
#3885=CARTESIAN_POINT('',(2.75E0,-1.35E0,-3.E0));
#3886=VERTEX_POINT('',#3884);
#3887=VERTEX_POINT('',#3885);
#3888=CARTESIAN_POINT('',(1.25E0,-1.35E0,-3.E0));
#3889=CARTESIAN_POINT('',(1.75E0,-1.35E0,-3.5E0));
#3890=VERTEX_POINT('',#3888);
#3891=VERTEX_POINT('',#3889);
#3892=CARTESIAN_POINT('',(2.5E-1,-1.35E0,-3.5E0));
#3893=CARTESIAN_POINT('',(7.5E-1,-1.35E0,-3.E0));
#3894=VERTEX_POINT('',#3892);
#3895=VERTEX_POINT('',#3893);
#3896=CARTESIAN_POINT('',(-7.75E0,1.35E0,-3.5E0));
#3897=CARTESIAN_POINT('',(-7.25E0,1.35E0,-3.E0));
#3898=VERTEX_POINT('',#3896);
#3899=VERTEX_POINT('',#3897);
#3900=CARTESIAN_POINT('',(-6.75E0,1.35E0,-3.E0));
#3901=CARTESIAN_POINT('',(-6.25E0,1.35E0,-3.5E0));
#3902=VERTEX_POINT('',#3900);
#3903=VERTEX_POINT('',#3901);
#3904=CARTESIAN_POINT('',(-4.75E0,1.35E0,-3.E0));
#3905=CARTESIAN_POINT('',(-4.25E0,1.35E0,-3.5E0));
#3906=VERTEX_POINT('',#3904);
#3907=VERTEX_POINT('',#3905);
#3908=CARTESIAN_POINT('',(-5.75E0,1.35E0,-3.5E0));
#3909=CARTESIAN_POINT('',(-5.25E0,1.35E0,-3.E0));
#3910=VERTEX_POINT('',#3908);
#3911=VERTEX_POINT('',#3909);
#3912=CARTESIAN_POINT('',(-2.75E0,1.35E0,-2.5E0));
#3913=CARTESIAN_POINT('',(-2.75E0,1.35E0,-3.E0));
#3914=VERTEX_POINT('',#3912);
#3915=VERTEX_POINT('',#3913);
#3916=CARTESIAN_POINT('',(-2.25E0,1.35E0,-3.5E0));
#3917=VERTEX_POINT('',#3916);
#3918=CARTESIAN_POINT('',(-3.75E0,1.35E0,-3.5E0));
#3919=CARTESIAN_POINT('',(-3.25E0,1.35E0,-3.E0));
#3920=VERTEX_POINT('',#3918);
#3921=VERTEX_POINT('',#3919);
#3922=CARTESIAN_POINT('',(-3.25E0,1.35E0,-2.5E0));
#3923=VERTEX_POINT('',#3922);
#3924=CARTESIAN_POINT('',(-7.5E-1,1.35E0,-3.E0));
#3925=CARTESIAN_POINT('',(-2.5E-1,1.35E0,-3.5E0));
#3926=VERTEX_POINT('',#3924);
#3927=VERTEX_POINT('',#3925);
#3928=CARTESIAN_POINT('',(-1.75E0,1.35E0,-3.5E0));
#3929=CARTESIAN_POINT('',(-1.25E0,1.35E0,-3.E0));
#3930=VERTEX_POINT('',#3928);
#3931=VERTEX_POINT('',#3929);
#3932=CARTESIAN_POINT('',(6.25E0,1.35E0,-3.5E0));
#3933=CARTESIAN_POINT('',(6.75E0,1.35E0,-3.E0));
#3934=VERTEX_POINT('',#3932);
#3935=VERTEX_POINT('',#3933);
#3936=CARTESIAN_POINT('',(7.25E0,1.35E0,-3.E0));
#3937=CARTESIAN_POINT('',(7.75E0,1.35E0,-3.5E0));
#3938=VERTEX_POINT('',#3936);
#3939=VERTEX_POINT('',#3937);
#3940=CARTESIAN_POINT('',(5.25E0,1.35E0,-3.E0));
#3941=CARTESIAN_POINT('',(5.75E0,1.35E0,-3.5E0));
#3942=VERTEX_POINT('',#3940);
#3943=VERTEX_POINT('',#3941);
#3944=CARTESIAN_POINT('',(4.25E0,1.35E0,-3.5E0));
#3945=CARTESIAN_POINT('',(4.75E0,1.35E0,-3.E0));
#3946=VERTEX_POINT('',#3944);
#3947=VERTEX_POINT('',#3945);
#3948=CARTESIAN_POINT('',(3.25E0,1.35E0,-3.E0));
#3949=CARTESIAN_POINT('',(3.75E0,1.35E0,-3.5E0));
#3950=VERTEX_POINT('',#3948);
#3951=VERTEX_POINT('',#3949);
#3952=CARTESIAN_POINT('',(2.25E0,1.35E0,-3.5E0));
#3953=CARTESIAN_POINT('',(2.75E0,1.35E0,-3.E0));
#3954=VERTEX_POINT('',#3952);
#3955=VERTEX_POINT('',#3953);
#3956=CARTESIAN_POINT('',(1.25E0,1.35E0,-3.E0));
#3957=CARTESIAN_POINT('',(1.75E0,1.35E0,-3.5E0));
#3958=VERTEX_POINT('',#3956);
#3959=VERTEX_POINT('',#3957);
#3960=CARTESIAN_POINT('',(2.5E-1,1.35E0,-3.5E0));
#3961=CARTESIAN_POINT('',(7.5E-1,1.35E0,-3.E0));
#3962=VERTEX_POINT('',#3960);
#3963=VERTEX_POINT('',#3961);
#3964=CARTESIAN_POINT('',(-7.75E0,2.E0,-3.5E0));
#3965=VERTEX_POINT('',#3964);
#3966=CARTESIAN_POINT('',(-6.25E0,2.E0,-3.5E0));
#3967=VERTEX_POINT('',#3966);
#3968=CARTESIAN_POINT('',(-4.25E0,2.E0,-3.5E0));
#3969=VERTEX_POINT('',#3968);
#3970=CARTESIAN_POINT('',(-5.75E0,2.E0,-3.5E0));
#3971=VERTEX_POINT('',#3970);
#3972=CARTESIAN_POINT('',(-2.25E0,2.E0,-3.5E0));
#3973=VERTEX_POINT('',#3972);
#3974=CARTESIAN_POINT('',(-3.75E0,2.E0,-3.5E0));
#3975=VERTEX_POINT('',#3974);
#3976=CARTESIAN_POINT('',(-2.5E-1,2.E0,-3.5E0));
#3977=VERTEX_POINT('',#3976);
#3978=CARTESIAN_POINT('',(-1.75E0,2.E0,-3.5E0));
#3979=VERTEX_POINT('',#3978);
#3980=CARTESIAN_POINT('',(6.25E0,2.E0,-3.5E0));
#3981=VERTEX_POINT('',#3980);
#3982=CARTESIAN_POINT('',(7.75E0,2.E0,-3.5E0));
#3983=VERTEX_POINT('',#3982);
#3984=CARTESIAN_POINT('',(5.75E0,2.E0,-3.5E0));
#3985=VERTEX_POINT('',#3984);
#3986=CARTESIAN_POINT('',(4.25E0,2.E0,-3.5E0));
#3987=VERTEX_POINT('',#3986);
#3988=CARTESIAN_POINT('',(3.75E0,2.E0,-3.5E0));
#3989=VERTEX_POINT('',#3988);
#3990=CARTESIAN_POINT('',(2.25E0,2.E0,-3.5E0));
#3991=VERTEX_POINT('',#3990);
#3992=CARTESIAN_POINT('',(1.75E0,2.E0,-3.5E0));
#3993=VERTEX_POINT('',#3992);
#3994=CARTESIAN_POINT('',(2.5E-1,2.E0,-3.5E0));
#3995=VERTEX_POINT('',#3994);
#3996=CARTESIAN_POINT('',(-7.25E0,2.E0,-3.E0));
#3997=VERTEX_POINT('',#3996);
#3998=CARTESIAN_POINT('',(-7.25E0,2.E0,-1.7E0));
#3999=VERTEX_POINT('',#3998);
#4000=CARTESIAN_POINT('',(-6.75E0,2.E0,-1.7E0));
#4001=VERTEX_POINT('',#4000);
#4002=CARTESIAN_POINT('',(-6.75E0,2.E0,-3.E0));
#4003=VERTEX_POINT('',#4002);
#4004=CARTESIAN_POINT('',(-4.75E0,2.E0,-1.7E0));
#4005=CARTESIAN_POINT('',(-4.75E0,2.E0,-3.E0));
#4006=VERTEX_POINT('',#4004);
#4007=VERTEX_POINT('',#4005);
#4008=CARTESIAN_POINT('',(-5.25E0,2.E0,-3.E0));
#4009=VERTEX_POINT('',#4008);
#4010=CARTESIAN_POINT('',(-5.25E0,2.E0,-1.7E0));
#4011=VERTEX_POINT('',#4010);
#4012=CARTESIAN_POINT('',(-2.75E0,2.E0,-1.7E0));
#4013=CARTESIAN_POINT('',(-2.75E0,2.E0,-3.E0));
#4014=VERTEX_POINT('',#4012);
#4015=VERTEX_POINT('',#4013);
#4016=CARTESIAN_POINT('',(-3.25E0,2.E0,-3.E0));
#4017=VERTEX_POINT('',#4016);
#4018=CARTESIAN_POINT('',(-3.25E0,2.E0,-1.7E0));
#4019=VERTEX_POINT('',#4018);
#4020=CARTESIAN_POINT('',(-1.25E0,2.E0,-1.7E0));
#4021=CARTESIAN_POINT('',(-7.5E-1,2.E0,-1.7E0));
#4022=VERTEX_POINT('',#4020);
#4023=VERTEX_POINT('',#4021);
#4024=CARTESIAN_POINT('',(-7.5E-1,2.E0,-3.E0));
#4025=VERTEX_POINT('',#4024);
#4026=CARTESIAN_POINT('',(-1.25E0,2.E0,-3.E0));
#4027=VERTEX_POINT('',#4026);
#4028=CARTESIAN_POINT('',(6.75E0,2.E0,-3.E0));
#4029=VERTEX_POINT('',#4028);
#4030=CARTESIAN_POINT('',(6.75E0,2.E0,-1.7E0));
#4031=VERTEX_POINT('',#4030);
#4032=CARTESIAN_POINT('',(7.25E0,2.E0,-1.7E0));
#4033=VERTEX_POINT('',#4032);
#4034=CARTESIAN_POINT('',(7.25E0,2.E0,-3.E0));
#4035=VERTEX_POINT('',#4034);
#4036=CARTESIAN_POINT('',(4.75E0,2.E0,-1.7E0));
#4037=CARTESIAN_POINT('',(5.25E0,2.E0,-1.7E0));
#4038=VERTEX_POINT('',#4036);
#4039=VERTEX_POINT('',#4037);
#4040=CARTESIAN_POINT('',(5.25E0,2.E0,-3.E0));
#4041=VERTEX_POINT('',#4040);
#4042=CARTESIAN_POINT('',(4.75E0,2.E0,-3.E0));
#4043=VERTEX_POINT('',#4042);
#4044=CARTESIAN_POINT('',(2.75E0,2.E0,-1.7E0));
#4045=CARTESIAN_POINT('',(3.25E0,2.E0,-1.7E0));
#4046=VERTEX_POINT('',#4044);
#4047=VERTEX_POINT('',#4045);
#4048=CARTESIAN_POINT('',(3.25E0,2.E0,-3.E0));
#4049=VERTEX_POINT('',#4048);
#4050=CARTESIAN_POINT('',(2.75E0,2.E0,-3.E0));
#4051=VERTEX_POINT('',#4050);
#4052=CARTESIAN_POINT('',(1.25E0,2.E0,-1.7E0));
#4053=CARTESIAN_POINT('',(1.25E0,2.E0,-3.E0));
#4054=VERTEX_POINT('',#4052);
#4055=VERTEX_POINT('',#4053);
#4056=CARTESIAN_POINT('',(7.5E-1,2.E0,-3.E0));
#4057=VERTEX_POINT('',#4056);
#4058=CARTESIAN_POINT('',(7.5E-1,2.E0,-1.7E0));
#4059=VERTEX_POINT('',#4058);
#4060=CARTESIAN_POINT('',(-7.75E0,-1.9E0,-3.5E0));
#4061=VERTEX_POINT('',#4060);
#4062=CARTESIAN_POINT('',(-6.25E0,-1.9E0,-3.5E0));
#4063=VERTEX_POINT('',#4062);
#4064=CARTESIAN_POINT('',(-4.25E0,-1.9E0,-3.5E0));
#4065=VERTEX_POINT('',#4064);
#4066=CARTESIAN_POINT('',(-5.75E0,-1.9E0,-3.5E0));
#4067=VERTEX_POINT('',#4066);
#4068=CARTESIAN_POINT('',(-2.25E0,-1.9E0,-3.5E0));
#4069=VERTEX_POINT('',#4068);
#4070=CARTESIAN_POINT('',(-3.75E0,-1.9E0,-3.5E0));
#4071=VERTEX_POINT('',#4070);
#4072=CARTESIAN_POINT('',(-2.5E-1,-1.9E0,-3.5E0));
#4073=VERTEX_POINT('',#4072);
#4074=CARTESIAN_POINT('',(-1.75E0,-1.9E0,-3.5E0));
#4075=VERTEX_POINT('',#4074);
#4076=CARTESIAN_POINT('',(6.25E0,-1.9E0,-3.5E0));
#4077=VERTEX_POINT('',#4076);
#4078=CARTESIAN_POINT('',(7.75E0,-1.9E0,-3.5E0));
#4079=VERTEX_POINT('',#4078);
#4080=CARTESIAN_POINT('',(5.75E0,-1.9E0,-3.5E0));
#4081=VERTEX_POINT('',#4080);
#4082=CARTESIAN_POINT('',(4.25E0,-1.9E0,-3.5E0));
#4083=VERTEX_POINT('',#4082);
#4084=CARTESIAN_POINT('',(3.75E0,-1.9E0,-3.5E0));
#4085=VERTEX_POINT('',#4084);
#4086=CARTESIAN_POINT('',(2.25E0,-1.9E0,-3.5E0));
#4087=VERTEX_POINT('',#4086);
#4088=CARTESIAN_POINT('',(1.75E0,-1.9E0,-3.5E0));
#4089=VERTEX_POINT('',#4088);
#4090=CARTESIAN_POINT('',(2.5E-1,-1.9E0,-3.5E0));
#4091=VERTEX_POINT('',#4090);
#4092=CARTESIAN_POINT('',(-7.25E0,-1.9E0,-3.E0));
#4093=VERTEX_POINT('',#4092);
#4094=CARTESIAN_POINT('',(-6.75E0,-1.9E0,-3.E0));
#4095=VERTEX_POINT('',#4094);
#4096=CARTESIAN_POINT('',(-4.75E0,-1.9E0,-3.E0));
#4097=VERTEX_POINT('',#4096);
#4098=CARTESIAN_POINT('',(-5.25E0,-1.9E0,-3.E0));
#4099=VERTEX_POINT('',#4098);
#4100=CARTESIAN_POINT('',(-2.75E0,-1.9E0,-1.7E0));
#4101=VERTEX_POINT('',#4100);
#4102=CARTESIAN_POINT('',(-2.75E0,-1.9E0,-3.E0));
#4103=VERTEX_POINT('',#4102);
#4104=CARTESIAN_POINT('',(-3.25E0,-1.9E0,-3.E0));
#4105=VERTEX_POINT('',#4104);
#4106=CARTESIAN_POINT('',(-3.25E0,-1.9E0,-1.7E0));
#4107=VERTEX_POINT('',#4106);
#4108=CARTESIAN_POINT('',(-7.5E-1,-1.9E0,-3.E0));
#4109=VERTEX_POINT('',#4108);
#4110=CARTESIAN_POINT('',(-1.25E0,-1.9E0,-3.E0));
#4111=VERTEX_POINT('',#4110);
#4112=CARTESIAN_POINT('',(6.75E0,-1.9E0,-3.E0));
#4113=VERTEX_POINT('',#4112);
#4114=CARTESIAN_POINT('',(7.25E0,-1.9E0,-3.E0));
#4115=VERTEX_POINT('',#4114);
#4116=CARTESIAN_POINT('',(5.25E0,-1.9E0,-3.E0));
#4117=VERTEX_POINT('',#4116);
#4118=CARTESIAN_POINT('',(4.75E0,-1.9E0,-3.E0));
#4119=VERTEX_POINT('',#4118);
#4120=CARTESIAN_POINT('',(3.25E0,-1.9E0,-3.E0));
#4121=VERTEX_POINT('',#4120);
#4122=CARTESIAN_POINT('',(2.75E0,-1.9E0,-3.E0));
#4123=VERTEX_POINT('',#4122);
#4124=CARTESIAN_POINT('',(1.25E0,-1.9E0,-3.E0));
#4125=VERTEX_POINT('',#4124);
#4126=CARTESIAN_POINT('',(7.5E-1,-1.9E0,-3.E0));
#4127=VERTEX_POINT('',#4126);
#4128=CARTESIAN_POINT('',(-6.75E0,-1.2E0,3.25E0));
#4129=CARTESIAN_POINT('',(-6.75E0,-7.E-1,3.75E0));
#4130=VERTEX_POINT('',#4128);
#4131=VERTEX_POINT('',#4129);
#4132=CARTESIAN_POINT('',(-6.75E0,7.E-1,3.75E0));
#4133=VERTEX_POINT('',#4132);
#4134=CARTESIAN_POINT('',(-6.75E0,1.2E0,3.25E0));
#4135=VERTEX_POINT('',#4134);
#4136=CARTESIAN_POINT('',(-6.75E0,-3.5E0,-2.65E0));
#4137=CARTESIAN_POINT('',(-6.75E0,-3.5E0,-1.95E0));
#4138=VERTEX_POINT('',#4136);
#4139=VERTEX_POINT('',#4137);
#4140=CARTESIAN_POINT('',(-7.25E0,-1.2E0,3.25E0));
#4141=CARTESIAN_POINT('',(-7.25E0,-7.E-1,3.75E0));
#4142=VERTEX_POINT('',#4140);
#4143=VERTEX_POINT('',#4141);
#4144=CARTESIAN_POINT('',(-7.25E0,7.E-1,3.75E0));
#4145=VERTEX_POINT('',#4144);
#4146=CARTESIAN_POINT('',(-7.25E0,1.2E0,3.25E0));
#4147=VERTEX_POINT('',#4146);
#4148=CARTESIAN_POINT('',(-7.25E0,-3.5E0,-2.65E0));
#4149=CARTESIAN_POINT('',(-7.25E0,-3.5E0,-1.95E0));
#4150=VERTEX_POINT('',#4148);
#4151=VERTEX_POINT('',#4149);
#4152=CARTESIAN_POINT('',(-6.75E0,-1.2E0,0.E0));
#4153=CARTESIAN_POINT('',(-6.75E0,1.2E0,0.E0));
#4154=VERTEX_POINT('',#4152);
#4155=VERTEX_POINT('',#4153);
#4156=CARTESIAN_POINT('',(-7.25E0,-1.2E0,0.E0));
#4157=CARTESIAN_POINT('',(-7.25E0,1.2E0,0.E0));
#4158=VERTEX_POINT('',#4156);
#4159=VERTEX_POINT('',#4157);
#4160=CARTESIAN_POINT('',(-7.25E0,-1.9E0,-2.65E0));
#4161=CARTESIAN_POINT('',(-7.25E0,-1.35E0,-2.65E0));
#4162=VERTEX_POINT('',#4160);
#4163=VERTEX_POINT('',#4161);
#4164=CARTESIAN_POINT('',(-7.25E0,-1.9E0,-1.95E0));
#4165=CARTESIAN_POINT('',(-7.25E0,-1.8E0,-1.95E0));
#4166=VERTEX_POINT('',#4164);
#4167=VERTEX_POINT('',#4165);
#4168=CARTESIAN_POINT('',(-6.75E0,-1.9E0,-2.65E0));
#4169=CARTESIAN_POINT('',(-6.75E0,-1.35E0,-2.65E0));
#4170=VERTEX_POINT('',#4168);
#4171=VERTEX_POINT('',#4169);
#4172=CARTESIAN_POINT('',(-6.75E0,-1.9E0,-1.95E0));
#4173=CARTESIAN_POINT('',(-6.75E0,-1.8E0,-1.95E0));
#4174=VERTEX_POINT('',#4172);
#4175=VERTEX_POINT('',#4173);
#4176=CARTESIAN_POINT('',(-6.75E0,1.35E0,-2.65E0));
#4177=VERTEX_POINT('',#4176);
#4178=CARTESIAN_POINT('',(-7.25E0,1.35E0,-2.65E0));
#4179=VERTEX_POINT('',#4178);
#4180=CARTESIAN_POINT('',(-4.75E0,-1.2E0,3.25E0));
#4181=CARTESIAN_POINT('',(-4.75E0,-7.E-1,3.75E0));
#4182=VERTEX_POINT('',#4180);
#4183=VERTEX_POINT('',#4181);
#4184=CARTESIAN_POINT('',(-4.75E0,7.E-1,3.75E0));
#4185=VERTEX_POINT('',#4184);
#4186=CARTESIAN_POINT('',(-4.75E0,1.2E0,3.25E0));
#4187=VERTEX_POINT('',#4186);
#4188=CARTESIAN_POINT('',(-4.75E0,-3.5E0,-2.65E0));
#4189=CARTESIAN_POINT('',(-4.75E0,-3.5E0,-1.95E0));
#4190=VERTEX_POINT('',#4188);
#4191=VERTEX_POINT('',#4189);
#4192=CARTESIAN_POINT('',(-5.25E0,-1.2E0,3.25E0));
#4193=CARTESIAN_POINT('',(-5.25E0,-7.E-1,3.75E0));
#4194=VERTEX_POINT('',#4192);
#4195=VERTEX_POINT('',#4193);
#4196=CARTESIAN_POINT('',(-5.25E0,7.E-1,3.75E0));
#4197=VERTEX_POINT('',#4196);
#4198=CARTESIAN_POINT('',(-5.25E0,1.2E0,3.25E0));
#4199=VERTEX_POINT('',#4198);
#4200=CARTESIAN_POINT('',(-5.25E0,-3.5E0,-2.65E0));
#4201=CARTESIAN_POINT('',(-5.25E0,-3.5E0,-1.95E0));
#4202=VERTEX_POINT('',#4200);
#4203=VERTEX_POINT('',#4201);
#4204=CARTESIAN_POINT('',(-4.75E0,-1.2E0,0.E0));
#4205=CARTESIAN_POINT('',(-4.75E0,1.2E0,0.E0));
#4206=VERTEX_POINT('',#4204);
#4207=VERTEX_POINT('',#4205);
#4208=CARTESIAN_POINT('',(-5.25E0,-1.2E0,0.E0));
#4209=CARTESIAN_POINT('',(-5.25E0,1.2E0,0.E0));
#4210=VERTEX_POINT('',#4208);
#4211=VERTEX_POINT('',#4209);
#4212=CARTESIAN_POINT('',(-4.75E0,-1.9E0,-2.65E0));
#4213=CARTESIAN_POINT('',(-4.75E0,-1.35E0,-2.65E0));
#4214=VERTEX_POINT('',#4212);
#4215=VERTEX_POINT('',#4213);
#4216=CARTESIAN_POINT('',(-4.75E0,-1.9E0,-1.95E0));
#4217=CARTESIAN_POINT('',(-4.75E0,-1.8E0,-1.95E0));
#4218=VERTEX_POINT('',#4216);
#4219=VERTEX_POINT('',#4217);
#4220=CARTESIAN_POINT('',(-5.25E0,-1.9E0,-2.65E0));
#4221=CARTESIAN_POINT('',(-5.25E0,-1.35E0,-2.65E0));
#4222=VERTEX_POINT('',#4220);
#4223=VERTEX_POINT('',#4221);
#4224=CARTESIAN_POINT('',(-5.25E0,-1.9E0,-1.95E0));
#4225=CARTESIAN_POINT('',(-5.25E0,-1.8E0,-1.95E0));
#4226=VERTEX_POINT('',#4224);
#4227=VERTEX_POINT('',#4225);
#4228=CARTESIAN_POINT('',(-4.75E0,1.35E0,-2.65E0));
#4229=VERTEX_POINT('',#4228);
#4230=CARTESIAN_POINT('',(-5.25E0,1.35E0,-2.65E0));
#4231=VERTEX_POINT('',#4230);
#4232=CARTESIAN_POINT('',(-7.5E-1,-1.2E0,3.25E0));
#4233=CARTESIAN_POINT('',(-7.5E-1,-7.E-1,3.75E0));
#4234=VERTEX_POINT('',#4232);
#4235=VERTEX_POINT('',#4233);
#4236=CARTESIAN_POINT('',(-7.5E-1,7.E-1,3.75E0));
#4237=VERTEX_POINT('',#4236);
#4238=CARTESIAN_POINT('',(-7.5E-1,1.2E0,3.25E0));
#4239=VERTEX_POINT('',#4238);
#4240=CARTESIAN_POINT('',(-7.5E-1,-3.5E0,-2.65E0));
#4241=CARTESIAN_POINT('',(-7.5E-1,-3.5E0,-1.95E0));
#4242=VERTEX_POINT('',#4240);
#4243=VERTEX_POINT('',#4241);
#4244=CARTESIAN_POINT('',(-1.25E0,-1.2E0,3.25E0));
#4245=CARTESIAN_POINT('',(-1.25E0,-7.E-1,3.75E0));
#4246=VERTEX_POINT('',#4244);
#4247=VERTEX_POINT('',#4245);
#4248=CARTESIAN_POINT('',(-1.25E0,7.E-1,3.75E0));
#4249=VERTEX_POINT('',#4248);
#4250=CARTESIAN_POINT('',(-1.25E0,1.2E0,3.25E0));
#4251=VERTEX_POINT('',#4250);
#4252=CARTESIAN_POINT('',(-1.25E0,-3.5E0,-2.65E0));
#4253=CARTESIAN_POINT('',(-1.25E0,-3.5E0,-1.95E0));
#4254=VERTEX_POINT('',#4252);
#4255=VERTEX_POINT('',#4253);
#4256=CARTESIAN_POINT('',(-7.5E-1,-1.2E0,0.E0));
#4257=CARTESIAN_POINT('',(-7.5E-1,1.2E0,0.E0));
#4258=VERTEX_POINT('',#4256);
#4259=VERTEX_POINT('',#4257);
#4260=CARTESIAN_POINT('',(-1.25E0,-1.2E0,0.E0));
#4261=CARTESIAN_POINT('',(-1.25E0,1.2E0,0.E0));
#4262=VERTEX_POINT('',#4260);
#4263=VERTEX_POINT('',#4261);
#4264=CARTESIAN_POINT('',(-7.5E-1,-1.9E0,-2.65E0));
#4265=CARTESIAN_POINT('',(-7.5E-1,-1.35E0,-2.65E0));
#4266=VERTEX_POINT('',#4264);
#4267=VERTEX_POINT('',#4265);
#4268=CARTESIAN_POINT('',(-7.5E-1,-1.9E0,-1.95E0));
#4269=CARTESIAN_POINT('',(-7.5E-1,-1.8E0,-1.95E0));
#4270=VERTEX_POINT('',#4268);
#4271=VERTEX_POINT('',#4269);
#4272=CARTESIAN_POINT('',(-1.25E0,-1.9E0,-2.65E0));
#4273=CARTESIAN_POINT('',(-1.25E0,-1.35E0,-2.65E0));
#4274=VERTEX_POINT('',#4272);
#4275=VERTEX_POINT('',#4273);
#4276=CARTESIAN_POINT('',(-1.25E0,-1.9E0,-1.95E0));
#4277=CARTESIAN_POINT('',(-1.25E0,-1.8E0,-1.95E0));
#4278=VERTEX_POINT('',#4276);
#4279=VERTEX_POINT('',#4277);
#4280=CARTESIAN_POINT('',(-7.5E-1,1.35E0,-2.65E0));
#4281=VERTEX_POINT('',#4280);
#4282=CARTESIAN_POINT('',(-1.25E0,1.35E0,-2.65E0));
#4283=VERTEX_POINT('',#4282);
#4284=CARTESIAN_POINT('',(1.25E0,-1.2E0,3.25E0));
#4285=CARTESIAN_POINT('',(1.25E0,-7.E-1,3.75E0));
#4286=VERTEX_POINT('',#4284);
#4287=VERTEX_POINT('',#4285);
#4288=CARTESIAN_POINT('',(1.25E0,7.E-1,3.75E0));
#4289=VERTEX_POINT('',#4288);
#4290=CARTESIAN_POINT('',(1.25E0,1.2E0,3.25E0));
#4291=VERTEX_POINT('',#4290);
#4292=CARTESIAN_POINT('',(1.25E0,-3.5E0,-2.65E0));
#4293=CARTESIAN_POINT('',(1.25E0,-3.5E0,-1.95E0));
#4294=VERTEX_POINT('',#4292);
#4295=VERTEX_POINT('',#4293);
#4296=CARTESIAN_POINT('',(7.5E-1,-1.2E0,3.25E0));
#4297=CARTESIAN_POINT('',(7.5E-1,-7.E-1,3.75E0));
#4298=VERTEX_POINT('',#4296);
#4299=VERTEX_POINT('',#4297);
#4300=CARTESIAN_POINT('',(7.5E-1,7.E-1,3.75E0));
#4301=VERTEX_POINT('',#4300);
#4302=CARTESIAN_POINT('',(7.5E-1,1.2E0,3.25E0));
#4303=VERTEX_POINT('',#4302);
#4304=CARTESIAN_POINT('',(7.5E-1,-3.5E0,-2.65E0));
#4305=CARTESIAN_POINT('',(7.5E-1,-3.5E0,-1.95E0));
#4306=VERTEX_POINT('',#4304);
#4307=VERTEX_POINT('',#4305);
#4308=CARTESIAN_POINT('',(1.25E0,-1.2E0,0.E0));
#4309=CARTESIAN_POINT('',(1.25E0,1.2E0,0.E0));
#4310=VERTEX_POINT('',#4308);
#4311=VERTEX_POINT('',#4309);
#4312=CARTESIAN_POINT('',(7.5E-1,-1.2E0,0.E0));
#4313=CARTESIAN_POINT('',(7.5E-1,1.2E0,0.E0));
#4314=VERTEX_POINT('',#4312);
#4315=VERTEX_POINT('',#4313);
#4316=CARTESIAN_POINT('',(1.25E0,-1.9E0,-2.65E0));
#4317=CARTESIAN_POINT('',(1.25E0,-1.35E0,-2.65E0));
#4318=VERTEX_POINT('',#4316);
#4319=VERTEX_POINT('',#4317);
#4320=CARTESIAN_POINT('',(1.25E0,-1.9E0,-1.95E0));
#4321=CARTESIAN_POINT('',(1.25E0,-1.8E0,-1.95E0));
#4322=VERTEX_POINT('',#4320);
#4323=VERTEX_POINT('',#4321);
#4324=CARTESIAN_POINT('',(7.5E-1,-1.9E0,-2.65E0));
#4325=CARTESIAN_POINT('',(7.5E-1,-1.35E0,-2.65E0));
#4326=VERTEX_POINT('',#4324);
#4327=VERTEX_POINT('',#4325);
#4328=CARTESIAN_POINT('',(7.5E-1,-1.9E0,-1.95E0));
#4329=CARTESIAN_POINT('',(7.5E-1,-1.8E0,-1.95E0));
#4330=VERTEX_POINT('',#4328);
#4331=VERTEX_POINT('',#4329);
#4332=CARTESIAN_POINT('',(1.25E0,1.35E0,-2.65E0));
#4333=VERTEX_POINT('',#4332);
#4334=CARTESIAN_POINT('',(7.5E-1,1.35E0,-2.65E0));
#4335=VERTEX_POINT('',#4334);
#4336=CARTESIAN_POINT('',(3.25E0,-1.2E0,3.25E0));
#4337=CARTESIAN_POINT('',(3.25E0,-7.E-1,3.75E0));
#4338=VERTEX_POINT('',#4336);
#4339=VERTEX_POINT('',#4337);
#4340=CARTESIAN_POINT('',(3.25E0,7.E-1,3.75E0));
#4341=VERTEX_POINT('',#4340);
#4342=CARTESIAN_POINT('',(3.25E0,1.2E0,3.25E0));
#4343=VERTEX_POINT('',#4342);
#4344=CARTESIAN_POINT('',(3.25E0,-3.5E0,-2.65E0));
#4345=CARTESIAN_POINT('',(3.25E0,-3.5E0,-1.95E0));
#4346=VERTEX_POINT('',#4344);
#4347=VERTEX_POINT('',#4345);
#4348=CARTESIAN_POINT('',(2.75E0,-1.2E0,3.25E0));
#4349=CARTESIAN_POINT('',(2.75E0,-7.E-1,3.75E0));
#4350=VERTEX_POINT('',#4348);
#4351=VERTEX_POINT('',#4349);
#4352=CARTESIAN_POINT('',(2.75E0,7.E-1,3.75E0));
#4353=VERTEX_POINT('',#4352);
#4354=CARTESIAN_POINT('',(2.75E0,1.2E0,3.25E0));
#4355=VERTEX_POINT('',#4354);
#4356=CARTESIAN_POINT('',(2.75E0,-3.5E0,-2.65E0));
#4357=CARTESIAN_POINT('',(2.75E0,-3.5E0,-1.95E0));
#4358=VERTEX_POINT('',#4356);
#4359=VERTEX_POINT('',#4357);
#4360=CARTESIAN_POINT('',(3.25E0,-1.2E0,0.E0));
#4361=CARTESIAN_POINT('',(3.25E0,1.2E0,0.E0));
#4362=VERTEX_POINT('',#4360);
#4363=VERTEX_POINT('',#4361);
#4364=CARTESIAN_POINT('',(2.75E0,-1.2E0,0.E0));
#4365=CARTESIAN_POINT('',(2.75E0,1.2E0,0.E0));
#4366=VERTEX_POINT('',#4364);
#4367=VERTEX_POINT('',#4365);
#4368=CARTESIAN_POINT('',(3.25E0,-1.9E0,-2.65E0));
#4369=CARTESIAN_POINT('',(3.25E0,-1.35E0,-2.65E0));
#4370=VERTEX_POINT('',#4368);
#4371=VERTEX_POINT('',#4369);
#4372=CARTESIAN_POINT('',(3.25E0,-1.9E0,-1.95E0));
#4373=CARTESIAN_POINT('',(3.25E0,-1.8E0,-1.95E0));
#4374=VERTEX_POINT('',#4372);
#4375=VERTEX_POINT('',#4373);
#4376=CARTESIAN_POINT('',(2.75E0,-1.9E0,-2.65E0));
#4377=CARTESIAN_POINT('',(2.75E0,-1.35E0,-2.65E0));
#4378=VERTEX_POINT('',#4376);
#4379=VERTEX_POINT('',#4377);
#4380=CARTESIAN_POINT('',(2.75E0,-1.9E0,-1.95E0));
#4381=CARTESIAN_POINT('',(2.75E0,-1.8E0,-1.95E0));
#4382=VERTEX_POINT('',#4380);
#4383=VERTEX_POINT('',#4381);
#4384=CARTESIAN_POINT('',(3.25E0,1.35E0,-2.65E0));
#4385=VERTEX_POINT('',#4384);
#4386=CARTESIAN_POINT('',(2.75E0,1.35E0,-2.65E0));
#4387=VERTEX_POINT('',#4386);
#4388=CARTESIAN_POINT('',(7.25E0,-1.2E0,4.05E0));
#4389=CARTESIAN_POINT('',(7.25E0,-7.E-1,4.55E0));
#4390=VERTEX_POINT('',#4388);
#4391=VERTEX_POINT('',#4389);
#4392=CARTESIAN_POINT('',(7.25E0,7.E-1,4.55E0));
#4393=VERTEX_POINT('',#4392);
#4394=CARTESIAN_POINT('',(7.25E0,1.2E0,4.05E0));
#4395=VERTEX_POINT('',#4394);
#4396=CARTESIAN_POINT('',(7.25E0,-3.5E0,-2.65E0));
#4397=CARTESIAN_POINT('',(7.25E0,-3.5E0,-1.95E0));
#4398=VERTEX_POINT('',#4396);
#4399=VERTEX_POINT('',#4397);
#4400=CARTESIAN_POINT('',(6.75E0,-1.2E0,4.05E0));
#4401=CARTESIAN_POINT('',(6.75E0,-7.E-1,4.55E0));
#4402=VERTEX_POINT('',#4400);
#4403=VERTEX_POINT('',#4401);
#4404=CARTESIAN_POINT('',(6.75E0,7.E-1,4.55E0));
#4405=VERTEX_POINT('',#4404);
#4406=CARTESIAN_POINT('',(6.75E0,1.2E0,4.05E0));
#4407=VERTEX_POINT('',#4406);
#4408=CARTESIAN_POINT('',(6.75E0,-3.5E0,-2.65E0));
#4409=CARTESIAN_POINT('',(6.75E0,-3.5E0,-1.95E0));
#4410=VERTEX_POINT('',#4408);
#4411=VERTEX_POINT('',#4409);
#4412=CARTESIAN_POINT('',(7.25E0,-1.2E0,0.E0));
#4413=CARTESIAN_POINT('',(7.25E0,1.2E0,0.E0));
#4414=VERTEX_POINT('',#4412);
#4415=VERTEX_POINT('',#4413);
#4416=CARTESIAN_POINT('',(6.75E0,-1.2E0,0.E0));
#4417=CARTESIAN_POINT('',(6.75E0,1.2E0,0.E0));
#4418=VERTEX_POINT('',#4416);
#4419=VERTEX_POINT('',#4417);
#4420=CARTESIAN_POINT('',(6.75E0,-1.35E0,-2.65E0));
#4421=VERTEX_POINT('',#4420);
#4422=CARTESIAN_POINT('',(7.25E0,-1.35E0,-2.65E0));
#4423=VERTEX_POINT('',#4422);
#4424=CARTESIAN_POINT('',(7.25E0,1.35E0,-2.65E0));
#4425=VERTEX_POINT('',#4424);
#4426=CARTESIAN_POINT('',(7.25E0,-1.9E0,-1.95E0));
#4427=VERTEX_POINT('',#4426);
#4428=CARTESIAN_POINT('',(6.75E0,1.35E0,-2.65E0));
#4429=VERTEX_POINT('',#4428);
#4430=CARTESIAN_POINT('',(6.75E0,-1.9E0,-1.95E0));
#4431=VERTEX_POINT('',#4430);
#4432=CARTESIAN_POINT('',(5.25E0,-1.2E0,4.05E0));
#4433=CARTESIAN_POINT('',(5.25E0,-7.E-1,4.55E0));
#4434=VERTEX_POINT('',#4432);
#4435=VERTEX_POINT('',#4433);
#4436=CARTESIAN_POINT('',(5.25E0,7.E-1,4.55E0));
#4437=VERTEX_POINT('',#4436);
#4438=CARTESIAN_POINT('',(5.25E0,1.2E0,4.05E0));
#4439=VERTEX_POINT('',#4438);
#4440=CARTESIAN_POINT('',(5.25E0,-3.5E0,-2.65E0));
#4441=CARTESIAN_POINT('',(5.25E0,-3.5E0,-1.95E0));
#4442=VERTEX_POINT('',#4440);
#4443=VERTEX_POINT('',#4441);
#4444=CARTESIAN_POINT('',(4.75E0,-1.2E0,4.05E0));
#4445=CARTESIAN_POINT('',(4.75E0,-7.E-1,4.55E0));
#4446=VERTEX_POINT('',#4444);
#4447=VERTEX_POINT('',#4445);
#4448=CARTESIAN_POINT('',(4.75E0,7.E-1,4.55E0));
#4449=VERTEX_POINT('',#4448);
#4450=CARTESIAN_POINT('',(4.75E0,1.2E0,4.05E0));
#4451=VERTEX_POINT('',#4450);
#4452=CARTESIAN_POINT('',(4.75E0,-3.5E0,-2.65E0));
#4453=CARTESIAN_POINT('',(4.75E0,-3.5E0,-1.95E0));
#4454=VERTEX_POINT('',#4452);
#4455=VERTEX_POINT('',#4453);
#4456=CARTESIAN_POINT('',(5.25E0,-1.2E0,0.E0));
#4457=CARTESIAN_POINT('',(5.25E0,1.2E0,0.E0));
#4458=VERTEX_POINT('',#4456);
#4459=VERTEX_POINT('',#4457);
#4460=CARTESIAN_POINT('',(4.75E0,-1.2E0,0.E0));
#4461=CARTESIAN_POINT('',(4.75E0,1.2E0,0.E0));
#4462=VERTEX_POINT('',#4460);
#4463=VERTEX_POINT('',#4461);
#4464=CARTESIAN_POINT('',(5.25E0,-1.35E0,-2.65E0));
#4465=VERTEX_POINT('',#4464);
#4466=CARTESIAN_POINT('',(4.75E0,-1.35E0,-2.65E0));
#4467=VERTEX_POINT('',#4466);
#4468=CARTESIAN_POINT('',(5.25E0,1.35E0,-2.65E0));
#4469=VERTEX_POINT('',#4468);
#4470=CARTESIAN_POINT('',(5.25E0,-1.9E0,-1.95E0));
#4471=VERTEX_POINT('',#4470);
#4472=CARTESIAN_POINT('',(4.75E0,1.35E0,-2.65E0));
#4473=VERTEX_POINT('',#4472);
#4474=CARTESIAN_POINT('',(4.75E0,-1.9E0,-1.95E0));
#4475=VERTEX_POINT('',#4474);
#4476=CARTESIAN_POINT('',(9.9E0,-3.9E0,-2.1E0));
#4477=CARTESIAN_POINT('',(9.9E0,-3.1E0,-2.2E0));
#4478=VERTEX_POINT('',#4476);
#4479=VERTEX_POINT('',#4477);
#4480=CARTESIAN_POINT('',(9.9E0,-2.851930530822E0,-1.981008683647E0));
#4481=VERTEX_POINT('',#4480);
#4482=CARTESIAN_POINT('',(9.9E0,-2.848991316353E0,-1.581008683647E0));
#4483=CARTESIAN_POINT('',(9.9E0,-3.03E0,-1.4E0));
#4484=VERTEX_POINT('',#4482);
#4485=VERTEX_POINT('',#4483);
#4486=CARTESIAN_POINT('',(9.9E0,-3.9E0,-1.75E0));
#4487=VERTEX_POINT('',#4486);
#4488=CARTESIAN_POINT('',(9.9E0,-3.9E0,-2.9E0));
#4489=CARTESIAN_POINT('',(9.9E0,-3.9E0,-3.25E0));
#4490=VERTEX_POINT('',#4488);
#4491=VERTEX_POINT('',#4489);
#4492=CARTESIAN_POINT('',(9.9E0,-3.03E0,-3.6E0));
#4493=VERTEX_POINT('',#4492);
#4494=CARTESIAN_POINT('',(9.9E0,-2.848991316353E0,-3.418991316353E0));
#4495=VERTEX_POINT('',#4494);
#4496=CARTESIAN_POINT('',(9.9E0,-3.1E0,-2.8E0));
#4497=VERTEX_POINT('',#4496);
#4498=CARTESIAN_POINT('',(1.03E1,-3.9E0,-2.1E0));
#4499=CARTESIAN_POINT('',(1.03E1,-3.1E0,-2.2E0));
#4500=VERTEX_POINT('',#4498);
#4501=VERTEX_POINT('',#4499);
#4502=CARTESIAN_POINT('',(1.03E1,-2.851930530822E0,-1.981008683647E0));
#4503=VERTEX_POINT('',#4502);
#4504=CARTESIAN_POINT('',(1.03E1,-2.848991316353E0,-1.581008683647E0));
#4505=CARTESIAN_POINT('',(1.03E1,-3.03E0,-1.4E0));
#4506=VERTEX_POINT('',#4504);
#4507=VERTEX_POINT('',#4505);
#4508=CARTESIAN_POINT('',(1.03E1,-3.9E0,-1.75E0));
#4509=VERTEX_POINT('',#4508);
#4510=CARTESIAN_POINT('',(1.03E1,-3.9E0,-2.9E0));
#4511=CARTESIAN_POINT('',(1.03E1,-3.9E0,-3.25E0));
#4512=VERTEX_POINT('',#4510);
#4513=VERTEX_POINT('',#4511);
#4514=CARTESIAN_POINT('',(1.03E1,-3.03E0,-3.6E0));
#4515=VERTEX_POINT('',#4514);
#4516=CARTESIAN_POINT('',(1.03E1,-2.848991316353E0,-3.418991316353E0));
#4517=VERTEX_POINT('',#4516);
#4518=CARTESIAN_POINT('',(1.03E1,-3.1E0,-2.8E0));
#4519=VERTEX_POINT('',#4518);
#4520=CARTESIAN_POINT('',(-9.9E0,-2.848991316353E0,-3.418991316353E0));
#4521=CARTESIAN_POINT('',(-9.9E0,-3.03E0,-3.6E0));
#4522=VERTEX_POINT('',#4520);
#4523=VERTEX_POINT('',#4521);
#4524=CARTESIAN_POINT('',(-9.9E0,-3.9E0,-3.25E0));
#4525=VERTEX_POINT('',#4524);
#4526=CARTESIAN_POINT('',(-9.9E0,-3.9E0,-2.9E0));
#4527=VERTEX_POINT('',#4526);
#4528=CARTESIAN_POINT('',(-9.9E0,-3.1E0,-2.8E0));
#4529=VERTEX_POINT('',#4528);
#4530=CARTESIAN_POINT('',(-9.9E0,-2.851930530822E0,-1.981008683647E0));
#4531=CARTESIAN_POINT('',(-9.9E0,-3.1E0,-2.2E0));
#4532=VERTEX_POINT('',#4530);
#4533=VERTEX_POINT('',#4531);
#4534=CARTESIAN_POINT('',(-9.9E0,-3.9E0,-2.1E0));
#4535=VERTEX_POINT('',#4534);
#4536=CARTESIAN_POINT('',(-9.9E0,-3.9E0,-1.75E0));
#4537=VERTEX_POINT('',#4536);
#4538=CARTESIAN_POINT('',(-9.9E0,-3.03E0,-1.4E0));
#4539=VERTEX_POINT('',#4538);
#4540=CARTESIAN_POINT('',(-9.9E0,-2.848991316353E0,-1.581008683647E0));
#4541=VERTEX_POINT('',#4540);
#4542=CARTESIAN_POINT('',(-1.03E1,-2.848991316353E0,-3.418991316353E0));
#4543=CARTESIAN_POINT('',(-1.03E1,-3.03E0,-3.6E0));
#4544=VERTEX_POINT('',#4542);
#4545=VERTEX_POINT('',#4543);
#4546=CARTESIAN_POINT('',(-1.03E1,-3.9E0,-3.25E0));
#4547=VERTEX_POINT('',#4546);
#4548=CARTESIAN_POINT('',(-1.03E1,-3.9E0,-2.9E0));
#4549=VERTEX_POINT('',#4548);
#4550=CARTESIAN_POINT('',(-1.03E1,-3.1E0,-2.8E0));
#4551=VERTEX_POINT('',#4550);
#4552=CARTESIAN_POINT('',(-1.03E1,-2.851930530822E0,-1.981008683647E0));
#4553=CARTESIAN_POINT('',(-1.03E1,-3.1E0,-2.2E0));
#4554=VERTEX_POINT('',#4552);
#4555=VERTEX_POINT('',#4553);
#4556=CARTESIAN_POINT('',(-1.03E1,-3.9E0,-2.1E0));
#4557=VERTEX_POINT('',#4556);
#4558=CARTESIAN_POINT('',(-1.03E1,-3.9E0,-1.75E0));
#4559=VERTEX_POINT('',#4558);
#4560=CARTESIAN_POINT('',(-1.03E1,-3.03E0,-1.4E0));
#4561=VERTEX_POINT('',#4560);
#4562=CARTESIAN_POINT('',(-1.03E1,-2.848991316353E0,-1.581008683647E0));
#4563=VERTEX_POINT('',#4562);
#4564=CARTESIAN_POINT('',(9.9E0,-1.6E0,-1.581008683647E0));
#4565=CARTESIAN_POINT('',(9.9E0,-1.6E0,-1.981008683647E0));
#4566=VERTEX_POINT('',#4564);
#4567=VERTEX_POINT('',#4565);
#4568=CARTESIAN_POINT('',(9.9E0,-1.6E0,-3.018991316353E0));
#4569=CARTESIAN_POINT('',(9.9E0,-1.6E0,-3.418991316353E0));
#4570=VERTEX_POINT('',#4568);
#4571=VERTEX_POINT('',#4569);
#4572=CARTESIAN_POINT('',(1.03E1,-1.6E0,-1.581008683647E0));
#4573=CARTESIAN_POINT('',(1.03E1,-1.6E0,-1.981008683647E0));
#4574=VERTEX_POINT('',#4572);
#4575=VERTEX_POINT('',#4573);
#4576=CARTESIAN_POINT('',(1.03E1,-1.6E0,-3.018991316353E0));
#4577=CARTESIAN_POINT('',(1.03E1,-1.6E0,-3.418991316353E0));
#4578=VERTEX_POINT('',#4576);
#4579=VERTEX_POINT('',#4577);
#4580=CARTESIAN_POINT('',(9.9E0,-2.851930530822E0,-3.018991316353E0));
#4581=VERTEX_POINT('',#4580);
#4582=CARTESIAN_POINT('',(1.03E1,-2.851930530822E0,-3.018991316353E0));
#4583=VERTEX_POINT('',#4582);
#4584=CARTESIAN_POINT('',(-9.9E0,-1.6E0,-3.418991316353E0));
#4585=CARTESIAN_POINT('',(-9.9E0,-1.6E0,-3.018991316353E0));
#4586=VERTEX_POINT('',#4584);
#4587=VERTEX_POINT('',#4585);
#4588=CARTESIAN_POINT('',(-9.9E0,-1.6E0,-1.981008683647E0));
#4589=CARTESIAN_POINT('',(-9.9E0,-1.6E0,-1.581008683647E0));
#4590=VERTEX_POINT('',#4588);
#4591=VERTEX_POINT('',#4589);
#4592=CARTESIAN_POINT('',(-1.03E1,-1.6E0,-3.418991316353E0));
#4593=CARTESIAN_POINT('',(-1.03E1,-1.6E0,-3.018991316353E0));
#4594=VERTEX_POINT('',#4592);
#4595=VERTEX_POINT('',#4593);
#4596=CARTESIAN_POINT('',(-1.03E1,-1.6E0,-1.981008683647E0));
#4597=CARTESIAN_POINT('',(-1.03E1,-1.6E0,-1.581008683647E0));
#4598=VERTEX_POINT('',#4596);
#4599=VERTEX_POINT('',#4597);
#4600=CARTESIAN_POINT('',(-9.9E0,-2.851930530822E0,-3.018991316353E0));
#4601=VERTEX_POINT('',#4600);
#4602=CARTESIAN_POINT('',(-1.03E1,-2.851930530822E0,-3.018991316353E0));
#4603=VERTEX_POINT('',#4602);
#4604=CARTESIAN_POINT('',(-6.75E0,-1.35E0,-2.5E0));
#4605=VERTEX_POINT('',#4604);
#4606=CARTESIAN_POINT('',(-7.25E0,-1.35E0,-2.5E0));
#4607=VERTEX_POINT('',#4606);
#4608=CARTESIAN_POINT('',(-4.75E0,-1.35E0,-2.5E0));
#4609=VERTEX_POINT('',#4608);
#4610=CARTESIAN_POINT('',(-5.25E0,-1.35E0,-2.5E0));
#4611=VERTEX_POINT('',#4610);
#4612=CARTESIAN_POINT('',(-7.5E-1,-1.35E0,-2.5E0));
#4613=VERTEX_POINT('',#4612);
#4614=CARTESIAN_POINT('',(-1.25E0,-1.35E0,-2.5E0));
#4615=VERTEX_POINT('',#4614);
#4616=CARTESIAN_POINT('',(1.25E0,-1.35E0,-2.5E0));
#4617=VERTEX_POINT('',#4616);
#4618=CARTESIAN_POINT('',(7.5E-1,-1.35E0,-2.5E0));
#4619=VERTEX_POINT('',#4618);
#4620=CARTESIAN_POINT('',(3.25E0,-1.35E0,-2.5E0));
#4621=VERTEX_POINT('',#4620);
#4622=CARTESIAN_POINT('',(2.75E0,-1.35E0,-2.5E0));
#4623=VERTEX_POINT('',#4622);
#4624=CARTESIAN_POINT('',(7.25E0,-1.35E0,-2.5E0));
#4625=VERTEX_POINT('',#4624);
#4626=CARTESIAN_POINT('',(6.75E0,-1.35E0,-2.5E0));
#4627=VERTEX_POINT('',#4626);
#4628=CARTESIAN_POINT('',(6.75E0,-1.9E0,-2.65E0));
#4629=VERTEX_POINT('',#4628);
#4630=CARTESIAN_POINT('',(7.25E0,-1.9E0,-2.65E0));
#4631=VERTEX_POINT('',#4630);
#4632=CARTESIAN_POINT('',(5.25E0,-1.35E0,-2.5E0));
#4633=VERTEX_POINT('',#4632);
#4634=CARTESIAN_POINT('',(4.75E0,-1.35E0,-2.5E0));
#4635=VERTEX_POINT('',#4634);
#4636=CARTESIAN_POINT('',(5.25E0,-1.9E0,-2.65E0));
#4637=VERTEX_POINT('',#4636);
#4638=CARTESIAN_POINT('',(4.75E0,-1.9E0,-2.65E0));
#4639=VERTEX_POINT('',#4638);
#4640=CARTESIAN_POINT('',(8.85E0,-2.E0,0.E0));
#4641=CARTESIAN_POINT('',(8.85E0,-1.9E0,0.E0));
#4642=VERTEX_POINT('',#4640);
#4643=VERTEX_POINT('',#4641);
#4644=CARTESIAN_POINT('',(-8.85E0,-2.E0,0.E0));
#4645=CARTESIAN_POINT('',(-8.85E0,-1.9E0,0.E0));
#4646=VERTEX_POINT('',#4644);
#4647=VERTEX_POINT('',#4645);
#4648=CARTESIAN_POINT('',(8.85E0,-1.9E0,-3.5E0));
#4649=VERTEX_POINT('',#4648);
#4650=CARTESIAN_POINT('',(-8.85E0,-1.9E0,-3.5E0));
#4651=VERTEX_POINT('',#4650);
#4652=CARTESIAN_POINT('',(-7.25E0,-1.9E0,-1.7E0));
#4653=CARTESIAN_POINT('',(-6.75E0,-1.9E0,-1.7E0));
#4654=VERTEX_POINT('',#4652);
#4655=VERTEX_POINT('',#4653);
#4656=CARTESIAN_POINT('',(-5.25E0,-1.9E0,-1.7E0));
#4657=CARTESIAN_POINT('',(-4.75E0,-1.9E0,-1.7E0));
#4658=VERTEX_POINT('',#4656);
#4659=VERTEX_POINT('',#4657);
#4660=CARTESIAN_POINT('',(-1.25E0,-1.9E0,-1.7E0));
#4661=CARTESIAN_POINT('',(-7.5E-1,-1.9E0,-1.7E0));
#4662=VERTEX_POINT('',#4660);
#4663=VERTEX_POINT('',#4661);
#4664=CARTESIAN_POINT('',(2.75E0,-1.9E0,-1.7E0));
#4665=CARTESIAN_POINT('',(3.25E0,-1.9E0,-1.7E0));
#4666=VERTEX_POINT('',#4664);
#4667=VERTEX_POINT('',#4665);
#4668=CARTESIAN_POINT('',(7.5E-1,-1.9E0,-1.7E0));
#4669=CARTESIAN_POINT('',(1.25E0,-1.9E0,-1.7E0));
#4670=VERTEX_POINT('',#4668);
#4671=VERTEX_POINT('',#4669);
#4672=CARTESIAN_POINT('',(-2.725735931288E0,-1.9E0,0.E0));
#4673=CARTESIAN_POINT('',(-2.2E0,-1.374264068712E0,0.E0));
#4674=VERTEX_POINT('',#4672);
#4675=VERTEX_POINT('',#4673);
#4676=CARTESIAN_POINT('',(-2.85E0,-1.6E0,3.E-1));
#4677=CARTESIAN_POINT('',(-2.35E0,-1.1E0,3.E-1));
#4678=VERTEX_POINT('',#4676);
#4679=VERTEX_POINT('',#4677);
#4680=CARTESIAN_POINT('',(-2.2E0,1.374264068712E0,0.E0));
#4681=VERTEX_POINT('',#4680);
#4682=CARTESIAN_POINT('',(-2.725735931288E0,1.9E0,0.E0));
#4683=VERTEX_POINT('',#4682);
#4684=CARTESIAN_POINT('',(-2.35E0,1.1E0,3.E-1));
#4685=CARTESIAN_POINT('',(-2.85E0,1.6E0,3.E-1));
#4686=VERTEX_POINT('',#4684);
#4687=VERTEX_POINT('',#4685);
#4688=CARTESIAN_POINT('',(-3.274264068712E0,1.9E0,0.E0));
#4689=VERTEX_POINT('',#4688);
#4690=CARTESIAN_POINT('',(-3.15E0,1.6E0,3.E-1));
#4691=VERTEX_POINT('',#4690);
#4692=CARTESIAN_POINT('',(-3.8E0,1.374264068712E0,0.E0));
#4693=VERTEX_POINT('',#4692);
#4694=CARTESIAN_POINT('',(-3.65E0,1.1E0,3.E-1));
#4695=VERTEX_POINT('',#4694);
#4696=CARTESIAN_POINT('',(-3.8E0,-1.374264068712E0,0.E0));
#4697=VERTEX_POINT('',#4696);
#4698=CARTESIAN_POINT('',(-3.274264068712E0,-1.9E0,0.E0));
#4699=VERTEX_POINT('',#4698);
#4700=CARTESIAN_POINT('',(-3.65E0,-1.1E0,3.E-1));
#4701=CARTESIAN_POINT('',(-3.15E0,-1.6E0,3.E-1));
#4702=VERTEX_POINT('',#4700);
#4703=VERTEX_POINT('',#4701);
#4704=CARTESIAN_POINT('',(-3.65E0,-1.312132034356E0,1.5E-1));
#4705=VERTEX_POINT('',#4704);
#4706=CARTESIAN_POINT('',(-2.35E0,-1.312132034356E0,1.5E-1));
#4707=VERTEX_POINT('',#4706);
#4708=CARTESIAN_POINT('',(1.08E1,-1.E-1,-5.4E0));
#4709=CARTESIAN_POINT('',(1.08E1,-1.3E0,-5.4E0));
#4710=VERTEX_POINT('',#4708);
#4711=VERTEX_POINT('',#4709);
#4712=CARTESIAN_POINT('',(9.7E0,-1.3E0,-5.4E0));
#4713=VERTEX_POINT('',#4712);
#4714=CARTESIAN_POINT('',(9.7E0,-1.E-1,-5.4E0));
#4715=VERTEX_POINT('',#4714);
#4716=CARTESIAN_POINT('',(1.08E1,-1.E-1,-5.6E0));
#4717=CARTESIAN_POINT('',(1.08E1,-1.3E0,-5.6E0));
#4718=VERTEX_POINT('',#4716);
#4719=VERTEX_POINT('',#4717);
#4720=CARTESIAN_POINT('',(9.7E0,-1.3E0,-5.6E0));
#4721=VERTEX_POINT('',#4720);
#4722=CARTESIAN_POINT('',(9.7E0,-1.E-1,-5.6E0));
#4723=VERTEX_POINT('',#4722);
#4724=CARTESIAN_POINT('',(1.017E1,-2.E-1,-5.55E0));
#4725=CARTESIAN_POINT('',(1.033666665673E1,-2.E-1,-5.55E0));
#4726=VERTEX_POINT('',#4724);
#4727=VERTEX_POINT('',#4725);
#4728=CARTESIAN_POINT('',(1.067E1,-1.2E0,-5.55E0));
#4729=VERTEX_POINT('',#4728);
#4730=CARTESIAN_POINT('',(1.0545E1,-1.2E0,-5.55E0));
#4731=VERTEX_POINT('',#4730);
#4732=CARTESIAN_POINT('',(1.046166667163E1,-9.446808516979E-1,-5.55E0));
#4733=VERTEX_POINT('',#4732);
#4734=CARTESIAN_POINT('',(1.0045E1,-9.446808516979E-1,-5.55E0));
#4735=VERTEX_POINT('',#4734);
#4736=CARTESIAN_POINT('',(9.961666686535E0,-1.2E0,-5.55E0));
#4737=VERTEX_POINT('',#4736);
#4738=CARTESIAN_POINT('',(9.836666686535E0,-1.2E0,-5.55E0));
#4739=VERTEX_POINT('',#4738);
#4740=CARTESIAN_POINT('',(1.025333334327E1,-2.851063728333E-1,-5.55E0));
#4741=CARTESIAN_POINT('',(1.006583331347E1,-8.595744788647E-1,-5.55E0));
#4742=VERTEX_POINT('',#4740);
#4743=VERTEX_POINT('',#4741);
#4744=CARTESIAN_POINT('',(1.044083332837E1,-8.595744788647E-1,-5.55E0));
#4745=VERTEX_POINT('',#4744);
#4746=CARTESIAN_POINT('',(1.017E1,-2.E-1,-5.4E0));
#4747=CARTESIAN_POINT('',(1.033666665673E1,-2.E-1,-5.4E0));
#4748=VERTEX_POINT('',#4746);
#4749=VERTEX_POINT('',#4747);
#4750=CARTESIAN_POINT('',(1.067E1,-1.2E0,-5.4E0));
#4751=VERTEX_POINT('',#4750);
#4752=CARTESIAN_POINT('',(1.0545E1,-1.2E0,-5.4E0));
#4753=VERTEX_POINT('',#4752);
#4754=CARTESIAN_POINT('',(1.046166667163E1,-9.446808516979E-1,-5.4E0));
#4755=VERTEX_POINT('',#4754);
#4756=CARTESIAN_POINT('',(1.0045E1,-9.446808516979E-1,-5.4E0));
#4757=VERTEX_POINT('',#4756);
#4758=CARTESIAN_POINT('',(9.961666686535E0,-1.2E0,-5.4E0));
#4759=VERTEX_POINT('',#4758);
#4760=CARTESIAN_POINT('',(9.836666686535E0,-1.2E0,-5.4E0));
#4761=VERTEX_POINT('',#4760);
#4762=CARTESIAN_POINT('',(1.025333334327E1,-2.851063728333E-1,-5.4E0));
#4763=CARTESIAN_POINT('',(1.006583331347E1,-8.595744788647E-1,-5.4E0));
#4764=VERTEX_POINT('',#4762);
#4765=VERTEX_POINT('',#4763);
#4766=CARTESIAN_POINT('',(1.044083332837E1,-8.595744788647E-1,-5.4E0));
#4767=VERTEX_POINT('',#4766);
#4768=CARTESIAN_POINT('',(-7.25E0,1.8E0,-1.7E0));
#4769=CARTESIAN_POINT('',(-7.25E0,1.8E0,-2.65E0));
#4770=VERTEX_POINT('',#4768);
#4771=VERTEX_POINT('',#4769);
#4772=CARTESIAN_POINT('',(-6.75E0,1.8E0,-1.7E0));
#4773=VERTEX_POINT('',#4772);
#4774=CARTESIAN_POINT('',(-6.75E0,1.8E0,-2.65E0));
#4775=VERTEX_POINT('',#4774);
#4776=CARTESIAN_POINT('',(-6.75E0,1.35E0,-2.5E0));
#4777=VERTEX_POINT('',#4776);
#4778=CARTESIAN_POINT('',(-7.25E0,1.35E0,-2.5E0));
#4779=VERTEX_POINT('',#4778);
#4780=CARTESIAN_POINT('',(-4.75E0,1.8E0,-1.7E0));
#4781=CARTESIAN_POINT('',(-4.75E0,1.8E0,-2.65E0));
#4782=VERTEX_POINT('',#4780);
#4783=VERTEX_POINT('',#4781);
#4784=CARTESIAN_POINT('',(-5.25E0,1.8E0,-1.7E0));
#4785=CARTESIAN_POINT('',(-5.25E0,1.8E0,-2.65E0));
#4786=VERTEX_POINT('',#4784);
#4787=VERTEX_POINT('',#4785);
#4788=CARTESIAN_POINT('',(-4.75E0,1.35E0,-2.5E0));
#4789=VERTEX_POINT('',#4788);
#4790=CARTESIAN_POINT('',(-5.25E0,1.35E0,-2.5E0));
#4791=VERTEX_POINT('',#4790);
#4792=CARTESIAN_POINT('',(-1.25E0,1.8E0,-1.7E0));
#4793=CARTESIAN_POINT('',(-7.5E-1,1.8E0,-1.7E0));
#4794=VERTEX_POINT('',#4792);
#4795=VERTEX_POINT('',#4793);
#4796=CARTESIAN_POINT('',(-7.5E-1,1.8E0,-2.65E0));
#4797=VERTEX_POINT('',#4796);
#4798=CARTESIAN_POINT('',(-1.25E0,1.8E0,-2.65E0));
#4799=VERTEX_POINT('',#4798);
#4800=CARTESIAN_POINT('',(-7.5E-1,1.35E0,-2.5E0));
#4801=VERTEX_POINT('',#4800);
#4802=CARTESIAN_POINT('',(-1.25E0,1.35E0,-2.5E0));
#4803=VERTEX_POINT('',#4802);
#4804=CARTESIAN_POINT('',(1.25E0,1.8E0,-1.7E0));
#4805=CARTESIAN_POINT('',(1.25E0,1.8E0,-2.65E0));
#4806=VERTEX_POINT('',#4804);
#4807=VERTEX_POINT('',#4805);
#4808=CARTESIAN_POINT('',(7.5E-1,1.8E0,-1.7E0));
#4809=CARTESIAN_POINT('',(7.5E-1,1.8E0,-2.65E0));
#4810=VERTEX_POINT('',#4808);
#4811=VERTEX_POINT('',#4809);
#4812=CARTESIAN_POINT('',(1.25E0,1.35E0,-2.5E0));
#4813=VERTEX_POINT('',#4812);
#4814=CARTESIAN_POINT('',(7.5E-1,1.35E0,-2.5E0));
#4815=VERTEX_POINT('',#4814);
#4816=CARTESIAN_POINT('',(2.75E0,1.8E0,-1.7E0));
#4817=CARTESIAN_POINT('',(3.25E0,1.8E0,-1.7E0));
#4818=VERTEX_POINT('',#4816);
#4819=VERTEX_POINT('',#4817);
#4820=CARTESIAN_POINT('',(3.25E0,1.8E0,-2.65E0));
#4821=VERTEX_POINT('',#4820);
#4822=CARTESIAN_POINT('',(2.75E0,1.8E0,-2.65E0));
#4823=VERTEX_POINT('',#4822);
#4824=CARTESIAN_POINT('',(3.25E0,1.35E0,-2.5E0));
#4825=VERTEX_POINT('',#4824);
#4826=CARTESIAN_POINT('',(2.75E0,1.35E0,-2.5E0));
#4827=VERTEX_POINT('',#4826);
#4828=CARTESIAN_POINT('',(6.75E0,1.8E0,-1.7E0));
#4829=CARTESIAN_POINT('',(6.75E0,1.8E0,-2.65E0));
#4830=VERTEX_POINT('',#4828);
#4831=VERTEX_POINT('',#4829);
#4832=CARTESIAN_POINT('',(7.25E0,1.8E0,-1.7E0));
#4833=VERTEX_POINT('',#4832);
#4834=CARTESIAN_POINT('',(7.25E0,1.8E0,-2.65E0));
#4835=VERTEX_POINT('',#4834);
#4836=CARTESIAN_POINT('',(7.25E0,1.35E0,-2.5E0));
#4837=VERTEX_POINT('',#4836);
#4838=CARTESIAN_POINT('',(6.75E0,1.35E0,-2.5E0));
#4839=VERTEX_POINT('',#4838);
#4840=CARTESIAN_POINT('',(4.75E0,1.8E0,-1.7E0));
#4841=CARTESIAN_POINT('',(5.25E0,1.8E0,-1.7E0));
#4842=VERTEX_POINT('',#4840);
#4843=VERTEX_POINT('',#4841);
#4844=CARTESIAN_POINT('',(5.25E0,1.8E0,-2.65E0));
#4845=VERTEX_POINT('',#4844);
#4846=CARTESIAN_POINT('',(4.75E0,1.8E0,-2.65E0));
#4847=VERTEX_POINT('',#4846);
#4848=CARTESIAN_POINT('',(5.25E0,1.35E0,-2.5E0));
#4849=VERTEX_POINT('',#4848);
#4850=CARTESIAN_POINT('',(4.75E0,1.35E0,-2.5E0));
#4851=VERTEX_POINT('',#4850);
#4852=CARTESIAN_POINT('',(-2.35E0,1.312132034356E0,1.5E-1));
#4853=VERTEX_POINT('',#4852);
#4854=CARTESIAN_POINT('',(-3.65E0,1.312132034356E0,1.5E-1));
#4855=VERTEX_POINT('',#4854);
#4856=CARTESIAN_POINT('',(-7.25E0,-1.8E0,-1.7E0));
#4857=VERTEX_POINT('',#4856);
#4858=CARTESIAN_POINT('',(-6.75E0,-1.8E0,-1.7E0));
#4859=VERTEX_POINT('',#4858);
#4860=CARTESIAN_POINT('',(-4.75E0,-1.8E0,-1.7E0));
#4861=VERTEX_POINT('',#4860);
#4862=CARTESIAN_POINT('',(-5.25E0,-1.8E0,-1.7E0));
#4863=VERTEX_POINT('',#4862);
#4864=CARTESIAN_POINT('',(-1.25E0,-1.8E0,-1.7E0));
#4865=CARTESIAN_POINT('',(-7.5E-1,-1.8E0,-1.7E0));
#4866=VERTEX_POINT('',#4864);
#4867=VERTEX_POINT('',#4865);
#4868=CARTESIAN_POINT('',(1.25E0,-1.8E0,-1.7E0));
#4869=VERTEX_POINT('',#4868);
#4870=CARTESIAN_POINT('',(7.5E-1,-1.8E0,-1.7E0));
#4871=VERTEX_POINT('',#4870);
#4872=CARTESIAN_POINT('',(2.75E0,-1.8E0,-1.7E0));
#4873=CARTESIAN_POINT('',(3.25E0,-1.8E0,-1.7E0));
#4874=VERTEX_POINT('',#4872);
#4875=VERTEX_POINT('',#4873);
#4876=CARTESIAN_POINT('',(-2.350001833360E0,1.100003666720E0,5.300003666720E0));
#4877=CARTESIAN_POINT('',(-2.849996333280E0,1.599998166640E0,5.300003666720E0));
#4878=VERTEX_POINT('',#4876);
#4879=VERTEX_POINT('',#4877);
#4880=CARTESIAN_POINT('',(-2.849996333280E0,1.100003666720E0,5.799998166640E0));
#4881=VERTEX_POINT('',#4880);
#4882=CARTESIAN_POINT('',(-3.150003666720E0,1.599998166640E0,5.300003666720E0));
#4883=CARTESIAN_POINT('',(-3.649998166640E0,1.100003666720E0,5.300003666720E0));
#4884=VERTEX_POINT('',#4882);
#4885=VERTEX_POINT('',#4883);
#4886=CARTESIAN_POINT('',(-3.150003666720E0,1.100003666720E0,5.799998166640E0));
#4887=VERTEX_POINT('',#4886);
#4888=CARTESIAN_POINT('',(-2.350001833360E0,-1.100003666720E0,
5.300003666720E0));
#4889=CARTESIAN_POINT('',(-2.849996333280E0,-1.599998166640E0,
5.300003666720E0));
#4890=VERTEX_POINT('',#4888);
#4891=VERTEX_POINT('',#4889);
#4892=CARTESIAN_POINT('',(-2.849996333280E0,-1.100003666720E0,
5.799998166640E0));
#4893=VERTEX_POINT('',#4892);
#4894=CARTESIAN_POINT('',(-3.649998166640E0,-1.100003666720E0,
5.300003666720E0));
#4895=CARTESIAN_POINT('',(-3.150003666720E0,-1.599998166640E0,
5.300003666720E0));
#4896=VERTEX_POINT('',#4894);
#4897=VERTEX_POINT('',#4895);
#4898=CARTESIAN_POINT('',(-3.150003666720E0,-1.100003666720E0,
5.799998166640E0));
#4899=VERTEX_POINT('',#4898);
#4900=CARTESIAN_POINT('',(-8.85E0,0.E0,0.E0));
#4901=DIRECTION('',(1.E0,0.E0,0.E0));
#4902=DIRECTION('',(0.E0,-1.E0,0.E0));
#4903=AXIS2_PLACEMENT_3D('',#4900,#4901,#4902);
#4904=PLANE('',#4903);
#4906=ORIENTED_EDGE('',*,*,#4905,.T.);
#4908=ORIENTED_EDGE('',*,*,#4907,.T.);
#4910=ORIENTED_EDGE('',*,*,#4909,.T.);
#4912=ORIENTED_EDGE('',*,*,#4911,.T.);
#4914=ORIENTED_EDGE('',*,*,#4913,.T.);
#4916=ORIENTED_EDGE('',*,*,#4915,.T.);
#4917=EDGE_LOOP('',(#4906,#4908,#4910,#4912,#4914,#4916));
#4918=FACE_OUTER_BOUND('',#4917,.F.);
#4919=ADVANCED_FACE('',(#4918),#4904,.F.);
#4920=CARTESIAN_POINT('',(-8.85E0,1.E0,0.E0));
#4921=DIRECTION('',(0.E0,1.E0,0.E0));
#4922=DIRECTION('',(-1.E0,0.E0,0.E0));
#4923=AXIS2_PLACEMENT_3D('',#4920,#4921,#4922);
#4924=PLANE('',#4923);
#4925=ORIENTED_EDGE('',*,*,#4905,.F.);
#4927=ORIENTED_EDGE('',*,*,#4926,.T.);
#4929=ORIENTED_EDGE('',*,*,#4928,.T.);
#4931=ORIENTED_EDGE('',*,*,#4930,.F.);
#4933=ORIENTED_EDGE('',*,*,#4932,.F.);
#4934=EDGE_LOOP('',(#4925,#4927,#4929,#4931,#4933));
#4935=FACE_OUTER_BOUND('',#4934,.F.);
#4936=ADVANCED_FACE('',(#4935),#4924,.T.);
#4937=CARTESIAN_POINT('',(-8.85E0,2.E0,0.E0));
#4938=DIRECTION('',(0.E0,0.E0,1.E0));
#4939=DIRECTION('',(0.E0,-1.E0,0.E0));
#4940=AXIS2_PLACEMENT_3D('',#4937,#4938,#4939);
#4941=PLANE('',#4940);
#4943=ORIENTED_EDGE('',*,*,#4942,.T.);
#4945=ORIENTED_EDGE('',*,*,#4944,.T.);
#4947=ORIENTED_EDGE('',*,*,#4946,.T.);
#4949=ORIENTED_EDGE('',*,*,#4948,.T.);
#4951=ORIENTED_EDGE('',*,*,#4950,.T.);
#4953=ORIENTED_EDGE('',*,*,#4952,.T.);
#4955=ORIENTED_EDGE('',*,*,#4954,.T.);
#4957=ORIENTED_EDGE('',*,*,#4956,.T.);
#4959=ORIENTED_EDGE('',*,*,#4958,.F.);
#4961=ORIENTED_EDGE('',*,*,#4960,.F.);
#4963=ORIENTED_EDGE('',*,*,#4962,.F.);
#4965=ORIENTED_EDGE('',*,*,#4964,.F.);
#4967=ORIENTED_EDGE('',*,*,#4966,.F.);
#4969=ORIENTED_EDGE('',*,*,#4968,.F.);
#4971=ORIENTED_EDGE('',*,*,#4970,.F.);
#4972=ORIENTED_EDGE('',*,*,#4926,.F.);
#4973=ORIENTED_EDGE('',*,*,#4915,.F.);
#4975=ORIENTED_EDGE('',*,*,#4974,.T.);
#4977=ORIENTED_EDGE('',*,*,#4976,.T.);
#4979=ORIENTED_EDGE('',*,*,#4978,.F.);
#4981=ORIENTED_EDGE('',*,*,#4980,.F.);
#4983=ORIENTED_EDGE('',*,*,#4982,.F.);
#4985=ORIENTED_EDGE('',*,*,#4984,.F.);
#4987=ORIENTED_EDGE('',*,*,#4986,.F.);
#4989=ORIENTED_EDGE('',*,*,#4988,.F.);
#4991=ORIENTED_EDGE('',*,*,#4990,.F.);
#4993=ORIENTED_EDGE('',*,*,#4992,.T.);
#4995=ORIENTED_EDGE('',*,*,#4994,.T.);
#4996=EDGE_LOOP('',(#4943,#4945,#4947,#4949,#4951,#4953,#4955,#4957,#4959,#4961,
#4963,#4965,#4967,#4969,#4971,#4972,#4973,#4975,#4977,#4979,#4981,#4983,#4985,
#4987,#4989,#4991,#4993,#4995));
#4997=FACE_OUTER_BOUND('',#4996,.F.);
#4999=ORIENTED_EDGE('',*,*,#4998,.T.);
#5001=ORIENTED_EDGE('',*,*,#5000,.T.);
#5003=ORIENTED_EDGE('',*,*,#5002,.F.);
#5005=ORIENTED_EDGE('',*,*,#5004,.F.);
#5006=EDGE_LOOP('',(#4999,#5001,#5003,#5005));
#5007=FACE_BOUND('',#5006,.F.);
#5009=ORIENTED_EDGE('',*,*,#5008,.T.);
#5011=ORIENTED_EDGE('',*,*,#5010,.T.);
#5013=ORIENTED_EDGE('',*,*,#5012,.F.);
#5015=ORIENTED_EDGE('',*,*,#5014,.F.);
#5016=EDGE_LOOP('',(#5009,#5011,#5013,#5015));
#5017=FACE_BOUND('',#5016,.F.);
#5019=ORIENTED_EDGE('',*,*,#5018,.T.);
#5021=ORIENTED_EDGE('',*,*,#5020,.T.);
#5023=ORIENTED_EDGE('',*,*,#5022,.F.);
#5025=ORIENTED_EDGE('',*,*,#5024,.F.);
#5026=EDGE_LOOP('',(#5019,#5021,#5023,#5025));
#5027=FACE_BOUND('',#5026,.F.);
#5029=ORIENTED_EDGE('',*,*,#5028,.T.);
#5031=ORIENTED_EDGE('',*,*,#5030,.T.);
#5033=ORIENTED_EDGE('',*,*,#5032,.F.);
#5035=ORIENTED_EDGE('',*,*,#5034,.F.);
#5036=EDGE_LOOP('',(#5029,#5031,#5033,#5035));
#5037=FACE_BOUND('',#5036,.F.);
#5039=ORIENTED_EDGE('',*,*,#5038,.T.);
#5041=ORIENTED_EDGE('',*,*,#5040,.T.);
#5043=ORIENTED_EDGE('',*,*,#5042,.F.);
#5045=ORIENTED_EDGE('',*,*,#5044,.F.);
#5046=EDGE_LOOP('',(#5039,#5041,#5043,#5045));
#5047=FACE_BOUND('',#5046,.F.);
#5049=ORIENTED_EDGE('',*,*,#5048,.T.);
#5051=ORIENTED_EDGE('',*,*,#5050,.T.);
#5053=ORIENTED_EDGE('',*,*,#5052,.F.);
#5055=ORIENTED_EDGE('',*,*,#5054,.F.);
#5056=EDGE_LOOP('',(#5049,#5051,#5053,#5055));
#5057=FACE_BOUND('',#5056,.F.);
#5059=ORIENTED_EDGE('',*,*,#5058,.T.);
#5061=ORIENTED_EDGE('',*,*,#5060,.T.);
#5063=ORIENTED_EDGE('',*,*,#5062,.F.);
#5065=ORIENTED_EDGE('',*,*,#5064,.F.);
#5066=EDGE_LOOP('',(#5059,#5061,#5063,#5065));
#5067=FACE_BOUND('',#5066,.F.);
#5068=ADVANCED_FACE('',(#4997,#5007,#5017,#5027,#5037,#5047,#5057,#5067),#4941,
.T.);
#5069=CARTESIAN_POINT('',(-2.493933982822E0,-1.456066017178E0,1.5E-1));
#5070=DIRECTION('',(5.E-1,-5.E-1,7.071067811865E-1));
#5071=DIRECTION('',(-2.886751345948E-1,-8.660254037844E-1,-4.082482904639E-1));
#5072=AXIS2_PLACEMENT_3D('',#5069,#5070,#5071);
#5073=PLANE('',#5072);
#5074=ORIENTED_EDGE('',*,*,#4942,.F.);
#5076=ORIENTED_EDGE('',*,*,#5075,.F.);
#5078=ORIENTED_EDGE('',*,*,#5077,.T.);
#5080=ORIENTED_EDGE('',*,*,#5079,.T.);
#5082=ORIENTED_EDGE('',*,*,#5081,.T.);
#5083=EDGE_LOOP('',(#5074,#5076,#5078,#5080,#5082));
#5084=FACE_OUTER_BOUND('',#5083,.F.);
#5085=ADVANCED_FACE('',(#5084),#5073,.T.);
#5086=CARTESIAN_POINT('',(-3.E0,-1.75E0,1.5E-1));
#5087=DIRECTION('',(0.E0,-7.071067811865E-1,7.071067811865E-1));
#5088=DIRECTION('',(-1.E0,0.E0,0.E0));
#5089=AXIS2_PLACEMENT_3D('',#5086,#5087,#5088);
#5090=PLANE('',#5089);
#5092=ORIENTED_EDGE('',*,*,#5091,.T.);
#5093=ORIENTED_EDGE('',*,*,#5075,.T.);
#5095=ORIENTED_EDGE('',*,*,#5094,.F.);
#5097=ORIENTED_EDGE('',*,*,#5096,.F.);
#5098=EDGE_LOOP('',(#5092,#5093,#5095,#5097));
#5099=FACE_OUTER_BOUND('',#5098,.F.);
#5100=ADVANCED_FACE('',(#5099),#5090,.T.);
#5101=CARTESIAN_POINT('',(-3.15E0,-1.6E0,0.E0));
#5102=DIRECTION('',(0.E0,-1.E0,0.E0));
#5103=DIRECTION('',(1.E0,0.E0,0.E0));
#5104=AXIS2_PLACEMENT_3D('',#5101,#5102,#5103);
#5105=PLANE('',#5104);
#5107=ORIENTED_EDGE('',*,*,#5106,.T.);
#5109=ORIENTED_EDGE('',*,*,#5108,.T.);
#5111=ORIENTED_EDGE('',*,*,#5110,.F.);
#5112=ORIENTED_EDGE('',*,*,#5091,.F.);
#5113=EDGE_LOOP('',(#5107,#5109,#5111,#5112));
#5114=FACE_OUTER_BOUND('',#5113,.F.);
#5115=ADVANCED_FACE('',(#5114),#5105,.T.);
#5116=CARTESIAN_POINT('',(-3.65E0,-1.1E0,0.E0));
#5117=DIRECTION('',(-7.071067811865E-1,-7.071067811866E-1,0.E0));
#5118=DIRECTION('',(7.071067811866E-1,-7.071067811865E-1,0.E0));
#5119=AXIS2_PLACEMENT_3D('',#5116,#5117,#5118);
#5120=PLANE('',#5119);
#5122=ORIENTED_EDGE('',*,*,#5121,.T.);
#5123=ORIENTED_EDGE('',*,*,#5106,.F.);
#5125=ORIENTED_EDGE('',*,*,#5124,.F.);
#5127=ORIENTED_EDGE('',*,*,#5126,.T.);
#5128=EDGE_LOOP('',(#5122,#5123,#5125,#5127));
#5129=FACE_OUTER_BOUND('',#5128,.F.);
#5130=ADVANCED_FACE('',(#5129),#5120,.T.);
#5131=CARTESIAN_POINT('',(-3.150007333441E0,-1.599992666559E0,
5.300007333441E0));
#5132=DIRECTION('',(-5.773502691896E-1,-5.773502691896E-1,5.773502691896E-1));
#5133=DIRECTION('',(8.164965809277E-1,-4.082482904639E-1,4.082482904639E-1));
#5134=AXIS2_PLACEMENT_3D('',#5131,#5132,#5133);
#5135=PLANE('',#5134);
#5136=ORIENTED_EDGE('',*,*,#5121,.F.);
#5138=ORIENTED_EDGE('',*,*,#5137,.T.);
#5140=ORIENTED_EDGE('',*,*,#5139,.T.);
#5141=EDGE_LOOP('',(#5136,#5138,#5140));
#5142=FACE_OUTER_BOUND('',#5141,.F.);
#5143=ADVANCED_FACE('',(#5142),#5135,.T.);
#5144=CARTESIAN_POINT('',(-3.4E0,0.E0,5.55E0));
#5145=DIRECTION('',(-7.071067811865E-1,0.E0,7.071067811865E-1));
#5146=DIRECTION('',(0.E0,-1.E0,0.E0));
#5147=AXIS2_PLACEMENT_3D('',#5144,#5145,#5146);
#5148=PLANE('',#5147);
#5149=ORIENTED_EDGE('',*,*,#5137,.F.);
#5151=ORIENTED_EDGE('',*,*,#5150,.F.);
#5153=ORIENTED_EDGE('',*,*,#5152,.T.);
#5155=ORIENTED_EDGE('',*,*,#5154,.T.);
#5156=EDGE_LOOP('',(#5149,#5151,#5153,#5155));
#5157=FACE_OUTER_BOUND('',#5156,.F.);
#5158=ADVANCED_FACE('',(#5157),#5148,.T.);
#5159=CARTESIAN_POINT('',(-3.65E0,1.1E0,0.E0));
#5160=DIRECTION('',(-1.E0,0.E0,0.E0));
#5161=DIRECTION('',(0.E0,-1.E0,0.E0));
#5162=AXIS2_PLACEMENT_3D('',#5159,#5160,#5161);
#5163=PLANE('',#5162);
#5164=ORIENTED_EDGE('',*,*,#5126,.F.);
#5166=ORIENTED_EDGE('',*,*,#5165,.F.);
#5168=ORIENTED_EDGE('',*,*,#5167,.T.);
#5170=ORIENTED_EDGE('',*,*,#5169,.F.);
#5172=ORIENTED_EDGE('',*,*,#5171,.T.);
#5173=ORIENTED_EDGE('',*,*,#5150,.T.);
#5174=EDGE_LOOP('',(#5164,#5166,#5168,#5170,#5172,#5173));
#5175=FACE_OUTER_BOUND('',#5174,.F.);
#5176=ADVANCED_FACE('',(#5175),#5163,.T.);
#5177=CARTESIAN_POINT('',(-3.506066017178E0,-1.456066017178E0,1.5E-1));
#5178=DIRECTION('',(-5.E-1,-5.E-1,7.071067811865E-1));
#5179=DIRECTION('',(2.886751345948E-1,-8.660254037844E-1,-4.082482904639E-1));
#5180=AXIS2_PLACEMENT_3D('',#5177,#5178,#5179);
#5181=PLANE('',#5180);
#5182=ORIENTED_EDGE('',*,*,#4954,.F.);
#5184=ORIENTED_EDGE('',*,*,#5183,.F.);
#5185=ORIENTED_EDGE('',*,*,#5165,.T.);
#5186=ORIENTED_EDGE('',*,*,#5124,.T.);
#5187=ORIENTED_EDGE('',*,*,#5096,.T.);
#5188=EDGE_LOOP('',(#5182,#5184,#5185,#5186,#5187));
#5189=FACE_OUTER_BOUND('',#5188,.F.);
#5190=ADVANCED_FACE('',(#5189),#5181,.T.);
#5191=CARTESIAN_POINT('',(-3.725E0,0.E0,7.5E-2));
#5192=DIRECTION('',(-7.071067811865E-1,0.E0,7.071067811865E-1));
#5193=DIRECTION('',(0.E0,-1.E0,0.E0));
#5194=AXIS2_PLACEMENT_3D('',#5191,#5192,#5193);
#5195=PLANE('',#5194);
#5196=ORIENTED_EDGE('',*,*,#5167,.F.);
#5197=ORIENTED_EDGE('',*,*,#5183,.T.);
#5198=ORIENTED_EDGE('',*,*,#4952,.F.);
#5200=ORIENTED_EDGE('',*,*,#5199,.F.);
#5201=EDGE_LOOP('',(#5196,#5197,#5198,#5200));
#5202=FACE_OUTER_BOUND('',#5201,.F.);
#5203=ADVANCED_FACE('',(#5202),#5195,.T.);
#5204=CARTESIAN_POINT('',(-3.506066017178E0,1.456066017178E0,1.5E-1));
#5205=DIRECTION('',(-5.E-1,5.E-1,7.071067811865E-1));
#5206=DIRECTION('',(-2.886751345948E-1,-8.660254037844E-1,4.082482904639E-1));
#5207=AXIS2_PLACEMENT_3D('',#5204,#5205,#5206);
#5208=PLANE('',#5207);
#5209=ORIENTED_EDGE('',*,*,#4950,.F.);
#5211=ORIENTED_EDGE('',*,*,#5210,.F.);
#5213=ORIENTED_EDGE('',*,*,#5212,.T.);
#5214=ORIENTED_EDGE('',*,*,#5169,.T.);
#5215=ORIENTED_EDGE('',*,*,#5199,.T.);
#5216=EDGE_LOOP('',(#5209,#5211,#5213,#5214,#5215));
#5217=FACE_OUTER_BOUND('',#5216,.F.);
#5218=ADVANCED_FACE('',(#5217),#5208,.T.);
#5219=CARTESIAN_POINT('',(-3.E0,1.75E0,1.5E-1));
#5220=DIRECTION('',(0.E0,7.071067811865E-1,7.071067811865E-1));
#5221=DIRECTION('',(-1.E0,0.E0,0.E0));
#5222=AXIS2_PLACEMENT_3D('',#5219,#5220,#5221);
#5223=PLANE('',#5222);
#5224=ORIENTED_EDGE('',*,*,#4948,.F.);
#5226=ORIENTED_EDGE('',*,*,#5225,.F.);
#5228=ORIENTED_EDGE('',*,*,#5227,.T.);
#5229=ORIENTED_EDGE('',*,*,#5210,.T.);
#5230=EDGE_LOOP('',(#5224,#5226,#5228,#5229));
#5231=FACE_OUTER_BOUND('',#5230,.F.);
#5232=ADVANCED_FACE('',(#5231),#5223,.T.);
#5233=CARTESIAN_POINT('',(-2.493933982822E0,1.456066017178E0,1.5E-1));
#5234=DIRECTION('',(5.E-1,5.E-1,7.071067811865E-1));
#5235=DIRECTION('',(2.886751345948E-1,-8.660254037844E-1,4.082482904639E-1));
#5236=AXIS2_PLACEMENT_3D('',#5233,#5234,#5235);
#5237=PLANE('',#5236);
#5238=ORIENTED_EDGE('',*,*,#4946,.F.);
#5240=ORIENTED_EDGE('',*,*,#5239,.F.);
#5242=ORIENTED_EDGE('',*,*,#5241,.T.);
#5244=ORIENTED_EDGE('',*,*,#5243,.T.);
#5245=ORIENTED_EDGE('',*,*,#5225,.T.);
#5246=EDGE_LOOP('',(#5238,#5240,#5242,#5244,#5245));
#5247=FACE_OUTER_BOUND('',#5246,.F.);
#5248=ADVANCED_FACE('',(#5247),#5237,.T.);
#5249=CARTESIAN_POINT('',(-2.275E0,0.E0,7.5E-2));
#5250=DIRECTION('',(7.071067811865E-1,0.E0,7.071067811865E-1));
#5251=DIRECTION('',(0.E0,-1.E0,0.E0));
#5252=AXIS2_PLACEMENT_3D('',#5249,#5250,#5251);
#5253=PLANE('',#5252);
#5254=ORIENTED_EDGE('',*,*,#4944,.F.);
#5255=ORIENTED_EDGE('',*,*,#5081,.F.);
#5257=ORIENTED_EDGE('',*,*,#5256,.F.);
#5258=ORIENTED_EDGE('',*,*,#5239,.T.);
#5259=EDGE_LOOP('',(#5254,#5255,#5257,#5258));
#5260=FACE_OUTER_BOUND('',#5259,.F.);
#5261=ADVANCED_FACE('',(#5260),#5253,.T.);
#5262=CARTESIAN_POINT('',(-2.35E0,-1.1E0,0.E0));
#5263=DIRECTION('',(1.E0,0.E0,0.E0));
#5264=DIRECTION('',(0.E0,1.E0,0.E0));
#5265=AXIS2_PLACEMENT_3D('',#5262,#5263,#5264);
#5266=PLANE('',#5265);
#5268=ORIENTED_EDGE('',*,*,#5267,.T.);
#5270=ORIENTED_EDGE('',*,*,#5269,.T.);
#5272=ORIENTED_EDGE('',*,*,#5271,.F.);
#5273=ORIENTED_EDGE('',*,*,#5241,.F.);
#5274=ORIENTED_EDGE('',*,*,#5256,.T.);
#5275=ORIENTED_EDGE('',*,*,#5079,.F.);
#5276=EDGE_LOOP('',(#5268,#5270,#5272,#5273,#5274,#5275));
#5277=FACE_OUTER_BOUND('',#5276,.F.);
#5278=ADVANCED_FACE('',(#5277),#5266,.T.);
#5279=CARTESIAN_POINT('',(-2.85E0,-1.6E0,0.E0));
#5280=DIRECTION('',(7.071067811865E-1,-7.071067811865E-1,0.E0));
#5281=DIRECTION('',(7.071067811865E-1,7.071067811865E-1,0.E0));
#5282=AXIS2_PLACEMENT_3D('',#5279,#5280,#5281);
#5283=PLANE('',#5282);
#5285=ORIENTED_EDGE('',*,*,#5284,.F.);
#5286=ORIENTED_EDGE('',*,*,#5267,.F.);
#5287=ORIENTED_EDGE('',*,*,#5077,.F.);
#5288=ORIENTED_EDGE('',*,*,#5110,.T.);
#5289=EDGE_LOOP('',(#5285,#5286,#5287,#5288));
#5290=FACE_OUTER_BOUND('',#5289,.F.);
#5291=ADVANCED_FACE('',(#5290),#5283,.T.);
#5292=CARTESIAN_POINT('',(-2.849992666559E0,-1.599992666559E0,
5.300007333441E0));
#5293=DIRECTION('',(5.773502691896E-1,-5.773502691896E-1,5.773502691896E-1));
#5294=DIRECTION('',(4.082482904639E-1,-4.082482904639E-1,-8.164965809277E-1));
#5295=AXIS2_PLACEMENT_3D('',#5292,#5293,#5294);
#5296=PLANE('',#5295);
#5297=ORIENTED_EDGE('',*,*,#5284,.T.);
#5299=ORIENTED_EDGE('',*,*,#5298,.F.);
#5301=ORIENTED_EDGE('',*,*,#5300,.T.);
#5302=EDGE_LOOP('',(#5297,#5299,#5301));
#5303=FACE_OUTER_BOUND('',#5302,.F.);
#5304=ADVANCED_FACE('',(#5303),#5296,.T.);
#5305=CARTESIAN_POINT('',(-3.E0,-1.35E0,5.55E0));
#5306=DIRECTION('',(0.E0,-7.071067811865E-1,7.071067811865E-1));
#5307=DIRECTION('',(-1.E0,0.E0,0.E0));
#5308=AXIS2_PLACEMENT_3D('',#5305,#5306,#5307);
#5309=PLANE('',#5308);
#5310=ORIENTED_EDGE('',*,*,#5139,.F.);
#5312=ORIENTED_EDGE('',*,*,#5311,.T.);
#5313=ORIENTED_EDGE('',*,*,#5298,.T.);
#5314=ORIENTED_EDGE('',*,*,#5108,.F.);
#5315=EDGE_LOOP('',(#5310,#5312,#5313,#5314));
#5316=FACE_OUTER_BOUND('',#5315,.F.);
#5317=ADVANCED_FACE('',(#5316),#5309,.T.);
#5318=CARTESIAN_POINT('',(-8.85E0,0.E0,5.8E0));
#5319=DIRECTION('',(0.E0,0.E0,1.E0));
#5320=DIRECTION('',(1.E0,0.E0,0.E0));
#5321=AXIS2_PLACEMENT_3D('',#5318,#5319,#5320);
#5322=PLANE('',#5321);
#5323=ORIENTED_EDGE('',*,*,#5154,.F.);
#5325=ORIENTED_EDGE('',*,*,#5324,.F.);
#5327=ORIENTED_EDGE('',*,*,#5326,.F.);
#5328=ORIENTED_EDGE('',*,*,#5311,.F.);
#5329=EDGE_LOOP('',(#5323,#5325,#5327,#5328));
#5330=FACE_OUTER_BOUND('',#5329,.F.);
#5331=ADVANCED_FACE('',(#5330),#5322,.T.);
#5332=CARTESIAN_POINT('',(-3.E0,1.35E0,5.55E0));
#5333=DIRECTION('',(0.E0,7.071067811865E-1,7.071067811865E-1));
#5334=DIRECTION('',(-1.E0,0.E0,0.E0));
#5335=AXIS2_PLACEMENT_3D('',#5332,#5333,#5334);
#5336=PLANE('',#5335);
#5338=ORIENTED_EDGE('',*,*,#5337,.F.);
#5340=ORIENTED_EDGE('',*,*,#5339,.F.);
#5342=ORIENTED_EDGE('',*,*,#5341,.T.);
#5343=ORIENTED_EDGE('',*,*,#5324,.T.);
#5344=EDGE_LOOP('',(#5338,#5340,#5342,#5343));
#5345=FACE_OUTER_BOUND('',#5344,.F.);
#5346=ADVANCED_FACE('',(#5345),#5336,.T.);
#5347=CARTESIAN_POINT('',(-3.649992666559E0,1.100007333441E0,5.300007333441E0));
#5348=DIRECTION('',(-5.773502691896E-1,5.773502691896E-1,5.773502691896E-1));
#5349=DIRECTION('',(-4.082482904639E-1,-8.164965809277E-1,4.082482904639E-1));
#5350=AXIS2_PLACEMENT_3D('',#5347,#5348,#5349);
#5351=PLANE('',#5350);
#5353=ORIENTED_EDGE('',*,*,#5352,.F.);
#5354=ORIENTED_EDGE('',*,*,#5337,.T.);
#5355=ORIENTED_EDGE('',*,*,#5152,.F.);
#5356=EDGE_LOOP('',(#5353,#5354,#5355));
#5357=FACE_OUTER_BOUND('',#5356,.F.);
#5358=ADVANCED_FACE('',(#5357),#5351,.T.);
#5359=CARTESIAN_POINT('',(-3.15E0,1.6E0,0.E0));
#5360=DIRECTION('',(-7.071067811865E-1,7.071067811866E-1,0.E0));
#5361=DIRECTION('',(-7.071067811866E-1,-7.071067811865E-1,0.E0));
#5362=AXIS2_PLACEMENT_3D('',#5359,#5360,#5361);
#5363=PLANE('',#5362);
#5364=ORIENTED_EDGE('',*,*,#5352,.T.);
#5365=ORIENTED_EDGE('',*,*,#5171,.F.);
#5366=ORIENTED_EDGE('',*,*,#5212,.F.);
#5368=ORIENTED_EDGE('',*,*,#5367,.T.);
#5369=EDGE_LOOP('',(#5364,#5365,#5366,#5368));
#5370=FACE_OUTER_BOUND('',#5369,.F.);
#5371=ADVANCED_FACE('',(#5370),#5363,.T.);
#5372=CARTESIAN_POINT('',(-2.85E0,1.6E0,0.E0));
#5373=DIRECTION('',(0.E0,1.E0,0.E0));
#5374=DIRECTION('',(-1.E0,0.E0,0.E0));
#5375=AXIS2_PLACEMENT_3D('',#5372,#5373,#5374);
#5376=PLANE('',#5375);
#5377=ORIENTED_EDGE('',*,*,#5367,.F.);
#5378=ORIENTED_EDGE('',*,*,#5227,.F.);
#5380=ORIENTED_EDGE('',*,*,#5379,.T.);
#5381=ORIENTED_EDGE('',*,*,#5339,.T.);
#5382=EDGE_LOOP('',(#5377,#5378,#5380,#5381));
#5383=FACE_OUTER_BOUND('',#5382,.F.);
#5384=ADVANCED_FACE('',(#5383),#5376,.T.);
#5385=CARTESIAN_POINT('',(-2.35E0,1.1E0,0.E0));
#5386=DIRECTION('',(7.071067811865E-1,7.071067811865E-1,0.E0));
#5387=DIRECTION('',(-7.071067811865E-1,7.071067811865E-1,0.E0));
#5388=AXIS2_PLACEMENT_3D('',#5385,#5386,#5387);
#5389=PLANE('',#5388);
#5391=ORIENTED_EDGE('',*,*,#5390,.T.);
#5392=ORIENTED_EDGE('',*,*,#5379,.F.);
#5393=ORIENTED_EDGE('',*,*,#5243,.F.);
#5394=ORIENTED_EDGE('',*,*,#5271,.T.);
#5395=EDGE_LOOP('',(#5391,#5392,#5393,#5394));
#5396=FACE_OUTER_BOUND('',#5395,.F.);
#5397=ADVANCED_FACE('',(#5396),#5389,.T.);
#5398=CARTESIAN_POINT('',(-2.350007333441E0,1.100007333441E0,5.300007333441E0));
#5399=DIRECTION('',(5.773502691896E-1,5.773502691896E-1,5.773502691896E-1));
#5400=DIRECTION('',(4.082482904639E-1,4.082482904639E-1,-8.164965809277E-1));
#5401=AXIS2_PLACEMENT_3D('',#5398,#5399,#5400);
#5402=PLANE('',#5401);
#5403=ORIENTED_EDGE('',*,*,#5390,.F.);
#5405=ORIENTED_EDGE('',*,*,#5404,.F.);
#5406=ORIENTED_EDGE('',*,*,#5341,.F.);
#5407=EDGE_LOOP('',(#5403,#5405,#5406));
#5408=FACE_OUTER_BOUND('',#5407,.F.);
#5409=ADVANCED_FACE('',(#5408),#5402,.T.);
#5410=CARTESIAN_POINT('',(-2.6E0,0.E0,5.55E0));
#5411=DIRECTION('',(7.071067811865E-1,0.E0,7.071067811865E-1));
#5412=DIRECTION('',(0.E0,-1.E0,0.E0));
#5413=AXIS2_PLACEMENT_3D('',#5410,#5411,#5412);
#5414=PLANE('',#5413);
#5415=ORIENTED_EDGE('',*,*,#5300,.F.);
#5416=ORIENTED_EDGE('',*,*,#5326,.T.);
#5417=ORIENTED_EDGE('',*,*,#5404,.T.);
#5418=ORIENTED_EDGE('',*,*,#5269,.F.);
#5419=EDGE_LOOP('',(#5415,#5416,#5417,#5418));
#5420=FACE_OUTER_BOUND('',#5419,.F.);
#5421=ADVANCED_FACE('',(#5420),#5414,.T.);
#5422=CARTESIAN_POINT('',(7.25E0,-1.9E0,-1.95E0));
#5423=DIRECTION('',(0.E0,-1.E0,0.E0));
#5424=DIRECTION('',(0.E0,0.E0,1.E0));
#5425=AXIS2_PLACEMENT_3D('',#5422,#5423,#5424);
#5426=PLANE('',#5425);
#5428=ORIENTED_EDGE('',*,*,#5427,.F.);
#5430=ORIENTED_EDGE('',*,*,#5429,.T.);
#5432=ORIENTED_EDGE('',*,*,#5431,.T.);
#5434=ORIENTED_EDGE('',*,*,#5433,.F.);
#5436=ORIENTED_EDGE('',*,*,#5435,.F.);
#5438=ORIENTED_EDGE('',*,*,#5437,.F.);
#5440=ORIENTED_EDGE('',*,*,#5439,.F.);
#5442=ORIENTED_EDGE('',*,*,#5441,.F.);
#5444=ORIENTED_EDGE('',*,*,#5443,.F.);
#5446=ORIENTED_EDGE('',*,*,#5445,.F.);
#5448=ORIENTED_EDGE('',*,*,#5447,.F.);
#5450=ORIENTED_EDGE('',*,*,#5449,.F.);
#5452=ORIENTED_EDGE('',*,*,#5451,.T.);
#5454=ORIENTED_EDGE('',*,*,#5453,.F.);
#5456=ORIENTED_EDGE('',*,*,#5455,.F.);
#5458=ORIENTED_EDGE('',*,*,#5457,.F.);
#5460=ORIENTED_EDGE('',*,*,#5459,.F.);
#5462=ORIENTED_EDGE('',*,*,#5461,.F.);
#5464=ORIENTED_EDGE('',*,*,#5463,.F.);
#5466=ORIENTED_EDGE('',*,*,#5465,.F.);
#5468=ORIENTED_EDGE('',*,*,#5467,.F.);
#5470=ORIENTED_EDGE('',*,*,#5469,.F.);
#5472=ORIENTED_EDGE('',*,*,#5471,.T.);
#5474=ORIENTED_EDGE('',*,*,#5473,.F.);
#5476=ORIENTED_EDGE('',*,*,#5475,.F.);
#5478=ORIENTED_EDGE('',*,*,#5477,.F.);
#5480=ORIENTED_EDGE('',*,*,#5479,.F.);
#5482=ORIENTED_EDGE('',*,*,#5481,.F.);
#5484=ORIENTED_EDGE('',*,*,#5483,.F.);
#5486=ORIENTED_EDGE('',*,*,#5485,.F.);
#5488=ORIENTED_EDGE('',*,*,#5487,.F.);
#5490=ORIENTED_EDGE('',*,*,#5489,.F.);
#5492=ORIENTED_EDGE('',*,*,#5491,.T.);
#5494=ORIENTED_EDGE('',*,*,#5493,.F.);
#5496=ORIENTED_EDGE('',*,*,#5495,.F.);
#5498=ORIENTED_EDGE('',*,*,#5497,.F.);
#5500=ORIENTED_EDGE('',*,*,#5499,.F.);
#5502=ORIENTED_EDGE('',*,*,#5501,.F.);
#5504=ORIENTED_EDGE('',*,*,#5503,.F.);
#5506=ORIENTED_EDGE('',*,*,#5505,.F.);
#5508=ORIENTED_EDGE('',*,*,#5507,.F.);
#5510=ORIENTED_EDGE('',*,*,#5509,.F.);
#5512=ORIENTED_EDGE('',*,*,#5511,.F.);
#5514=ORIENTED_EDGE('',*,*,#5513,.F.);
#5516=ORIENTED_EDGE('',*,*,#5515,.F.);
#5518=ORIENTED_EDGE('',*,*,#5517,.F.);
#5520=ORIENTED_EDGE('',*,*,#5519,.F.);
#5522=ORIENTED_EDGE('',*,*,#5521,.F.);
#5524=ORIENTED_EDGE('',*,*,#5523,.T.);
#5526=ORIENTED_EDGE('',*,*,#5525,.F.);
#5528=ORIENTED_EDGE('',*,*,#5527,.F.);
#5530=ORIENTED_EDGE('',*,*,#5529,.F.);
#5532=ORIENTED_EDGE('',*,*,#5531,.F.);
#5534=ORIENTED_EDGE('',*,*,#5533,.F.);
#5536=ORIENTED_EDGE('',*,*,#5535,.F.);
#5538=ORIENTED_EDGE('',*,*,#5537,.F.);
#5540=ORIENTED_EDGE('',*,*,#5539,.F.);
#5542=ORIENTED_EDGE('',*,*,#5541,.F.);
#5544=ORIENTED_EDGE('',*,*,#5543,.T.);
#5546=ORIENTED_EDGE('',*,*,#5545,.F.);
#5548=ORIENTED_EDGE('',*,*,#5547,.F.);
#5550=ORIENTED_EDGE('',*,*,#5549,.F.);
#5552=ORIENTED_EDGE('',*,*,#5551,.F.);
#5553=ORIENTED_EDGE('',*,*,#4956,.F.);
#5554=ORIENTED_EDGE('',*,*,#5094,.T.);
#5555=ORIENTED_EDGE('',*,*,#4994,.F.);
#5557=ORIENTED_EDGE('',*,*,#5556,.F.);
#5559=ORIENTED_EDGE('',*,*,#5558,.F.);
#5561=ORIENTED_EDGE('',*,*,#5560,.F.);
#5563=ORIENTED_EDGE('',*,*,#5562,.F.);
#5565=ORIENTED_EDGE('',*,*,#5564,.F.);
#5567=ORIENTED_EDGE('',*,*,#5566,.T.);
#5569=ORIENTED_EDGE('',*,*,#5568,.T.);
#5571=ORIENTED_EDGE('',*,*,#5570,.F.);
#5573=ORIENTED_EDGE('',*,*,#5572,.F.);
#5575=ORIENTED_EDGE('',*,*,#5574,.F.);
#5577=ORIENTED_EDGE('',*,*,#5576,.F.);
#5579=ORIENTED_EDGE('',*,*,#5578,.F.);
#5580=EDGE_LOOP('',(#5428,#5430,#5432,#5434,#5436,#5438,#5440,#5442,#5444,#5446,
#5448,#5450,#5452,#5454,#5456,#5458,#5460,#5462,#5464,#5466,#5468,#5470,#5472,
#5474,#5476,#5478,#5480,#5482,#5484,#5486,#5488,#5490,#5492,#5494,#5496,#5498,
#5500,#5502,#5504,#5506,#5508,#5510,#5512,#5514,#5516,#5518,#5520,#5522,#5524,
#5526,#5528,#5530,#5532,#5534,#5536,#5538,#5540,#5542,#5544,#5546,#5548,#5550,
#5552,#5553,#5554,#5555,#5557,#5559,#5561,#5563,#5565,#5567,#5569,#5571,#5573,
#5575,#5577,#5579));
#5581=FACE_OUTER_BOUND('',#5580,.F.);
#5582=ADVANCED_FACE('',(#5581),#5426,.T.);
#5583=CARTESIAN_POINT('',(5.25E0,0.E0,-1.7E0));
#5584=DIRECTION('',(-1.E0,0.E0,0.E0));
#5585=DIRECTION('',(0.E0,0.E0,1.E0));
#5586=AXIS2_PLACEMENT_3D('',#5583,#5584,#5585);
#5587=PLANE('',#5586);
#5588=ORIENTED_EDGE('',*,*,#5058,.F.);
#5590=ORIENTED_EDGE('',*,*,#5589,.T.);
#5592=ORIENTED_EDGE('',*,*,#5591,.T.);
#5594=ORIENTED_EDGE('',*,*,#5593,.T.);
#5596=ORIENTED_EDGE('',*,*,#5595,.T.);
#5598=ORIENTED_EDGE('',*,*,#5597,.T.);
#5599=EDGE_LOOP('',(#5588,#5590,#5592,#5594,#5596,#5598));
#5600=FACE_OUTER_BOUND('',#5599,.F.);
#5601=ADVANCED_FACE('',(#5600),#5587,.F.);
#5602=CARTESIAN_POINT('',(5.25E0,0.E0,-1.7E0));
#5603=DIRECTION('',(-1.E0,0.E0,0.E0));
#5604=DIRECTION('',(0.E0,0.E0,1.E0));
#5605=AXIS2_PLACEMENT_3D('',#5602,#5603,#5604);
#5606=PLANE('',#5605);
#5608=ORIENTED_EDGE('',*,*,#5607,.T.);
#5610=ORIENTED_EDGE('',*,*,#5609,.F.);
#5612=ORIENTED_EDGE('',*,*,#5611,.T.);
#5614=ORIENTED_EDGE('',*,*,#5613,.T.);
#5615=EDGE_LOOP('',(#5608,#5610,#5612,#5614));
#5616=FACE_OUTER_BOUND('',#5615,.F.);
#5617=ADVANCED_FACE('',(#5616),#5606,.F.);
#5618=CARTESIAN_POINT('',(5.25E0,0.E0,-1.7E0));
#5619=DIRECTION('',(-1.E0,0.E0,0.E0));
#5620=DIRECTION('',(0.E0,0.E0,1.E0));
#5621=AXIS2_PLACEMENT_3D('',#5618,#5619,#5620);
#5622=PLANE('',#5621);
#5624=ORIENTED_EDGE('',*,*,#5623,.T.);
#5625=ORIENTED_EDGE('',*,*,#5427,.T.);
#5627=ORIENTED_EDGE('',*,*,#5626,.T.);
#5629=ORIENTED_EDGE('',*,*,#5628,.T.);
#5630=EDGE_LOOP('',(#5624,#5625,#5627,#5629));
#5631=FACE_OUTER_BOUND('',#5630,.F.);
#5632=ADVANCED_FACE('',(#5631),#5622,.F.);
#5633=CARTESIAN_POINT('',(5.25E0,-1.2E0,0.E0));
#5634=DIRECTION('',(0.E0,-1.E0,0.E0));
#5635=DIRECTION('',(0.E0,0.E0,1.E0));
#5636=AXIS2_PLACEMENT_3D('',#5633,#5634,#5635);
#5637=PLANE('',#5636);
#5638=ORIENTED_EDGE('',*,*,#5064,.T.);
#5640=ORIENTED_EDGE('',*,*,#5639,.T.);
#5642=ORIENTED_EDGE('',*,*,#5641,.F.);
#5643=ORIENTED_EDGE('',*,*,#5589,.F.);
#5644=EDGE_LOOP('',(#5638,#5640,#5642,#5643));
#5645=FACE_OUTER_BOUND('',#5644,.F.);
#5646=ADVANCED_FACE('',(#5645),#5637,.T.);
#5647=CARTESIAN_POINT('',(4.75E0,0.E0,-1.7E0));
#5648=DIRECTION('',(-1.E0,0.E0,0.E0));
#5649=DIRECTION('',(0.E0,0.E0,1.E0));
#5650=AXIS2_PLACEMENT_3D('',#5647,#5648,#5649);
#5651=PLANE('',#5650);
#5652=ORIENTED_EDGE('',*,*,#5062,.T.);
#5654=ORIENTED_EDGE('',*,*,#5653,.F.);
#5656=ORIENTED_EDGE('',*,*,#5655,.F.);
#5658=ORIENTED_EDGE('',*,*,#5657,.F.);
#5660=ORIENTED_EDGE('',*,*,#5659,.F.);
#5661=ORIENTED_EDGE('',*,*,#5639,.F.);
#5662=EDGE_LOOP('',(#5652,#5654,#5656,#5658,#5660,#5661));
#5663=FACE_OUTER_BOUND('',#5662,.F.);
#5664=ADVANCED_FACE('',(#5663),#5651,.T.);
#5665=CARTESIAN_POINT('',(4.75E0,0.E0,-1.7E0));
#5666=DIRECTION('',(-1.E0,0.E0,0.E0));
#5667=DIRECTION('',(0.E0,0.E0,1.E0));
#5668=AXIS2_PLACEMENT_3D('',#5665,#5666,#5667);
#5669=PLANE('',#5668);
#5671=ORIENTED_EDGE('',*,*,#5670,.F.);
#5673=ORIENTED_EDGE('',*,*,#5672,.F.);
#5675=ORIENTED_EDGE('',*,*,#5674,.F.);
#5677=ORIENTED_EDGE('',*,*,#5676,.F.);
#5678=EDGE_LOOP('',(#5671,#5673,#5675,#5677));
#5679=FACE_OUTER_BOUND('',#5678,.F.);
#5680=ADVANCED_FACE('',(#5679),#5669,.T.);
#5681=CARTESIAN_POINT('',(4.75E0,0.E0,-1.7E0));
#5682=DIRECTION('',(-1.E0,0.E0,0.E0));
#5683=DIRECTION('',(0.E0,0.E0,1.E0));
#5684=AXIS2_PLACEMENT_3D('',#5681,#5682,#5683);
#5685=PLANE('',#5684);
#5687=ORIENTED_EDGE('',*,*,#5686,.F.);
#5689=ORIENTED_EDGE('',*,*,#5688,.F.);
#5691=ORIENTED_EDGE('',*,*,#5690,.F.);
#5692=ORIENTED_EDGE('',*,*,#5431,.F.);
#5693=EDGE_LOOP('',(#5687,#5689,#5691,#5692));
#5694=FACE_OUTER_BOUND('',#5693,.F.);
#5695=ADVANCED_FACE('',(#5694),#5685,.T.);
#5696=CARTESIAN_POINT('',(5.25E0,1.2E0,4.05E0));
#5697=DIRECTION('',(0.E0,1.E0,0.E0));
#5698=DIRECTION('',(0.E0,0.E0,-1.E0));
#5699=AXIS2_PLACEMENT_3D('',#5696,#5697,#5698);
#5700=PLANE('',#5699);
#5701=ORIENTED_EDGE('',*,*,#5060,.F.);
#5702=ORIENTED_EDGE('',*,*,#5597,.F.);
#5704=ORIENTED_EDGE('',*,*,#5703,.T.);
#5705=ORIENTED_EDGE('',*,*,#5653,.T.);
#5706=EDGE_LOOP('',(#5701,#5702,#5704,#5705));
#5707=FACE_OUTER_BOUND('',#5706,.F.);
#5708=ADVANCED_FACE('',(#5707),#5700,.T.);
#5709=CARTESIAN_POINT('',(5.25E0,7.E-1,4.05E0));
#5710=DIRECTION('',(-1.E0,0.E0,0.E0));
#5711=DIRECTION('',(0.E0,0.E0,1.E0));
#5712=AXIS2_PLACEMENT_3D('',#5709,#5710,#5711);
#5713=CYLINDRICAL_SURFACE('',#5712,5.E-1);
#5714=ORIENTED_EDGE('',*,*,#5595,.F.);
#5716=ORIENTED_EDGE('',*,*,#5715,.T.);
#5717=ORIENTED_EDGE('',*,*,#5655,.T.);
#5718=ORIENTED_EDGE('',*,*,#5703,.F.);
#5719=EDGE_LOOP('',(#5714,#5716,#5717,#5718));
#5720=FACE_OUTER_BOUND('',#5719,.F.);
#5721=ADVANCED_FACE('',(#5720),#5713,.T.);
#5722=CARTESIAN_POINT('',(5.25E0,-7.E-1,4.55E0));
#5723=DIRECTION('',(0.E0,0.E0,1.E0));
#5724=DIRECTION('',(0.E0,1.E0,0.E0));
#5725=AXIS2_PLACEMENT_3D('',#5722,#5723,#5724);
#5726=PLANE('',#5725);
#5727=ORIENTED_EDGE('',*,*,#5593,.F.);
#5729=ORIENTED_EDGE('',*,*,#5728,.T.);
#5730=ORIENTED_EDGE('',*,*,#5657,.T.);
#5731=ORIENTED_EDGE('',*,*,#5715,.F.);
#5732=EDGE_LOOP('',(#5727,#5729,#5730,#5731));
#5733=FACE_OUTER_BOUND('',#5732,.F.);
#5734=ADVANCED_FACE('',(#5733),#5726,.T.);
#5735=CARTESIAN_POINT('',(5.25E0,-7.E-1,4.05E0));
#5736=DIRECTION('',(-1.E0,0.E0,0.E0));
#5737=DIRECTION('',(0.E0,0.E0,1.E0));
#5738=AXIS2_PLACEMENT_3D('',#5735,#5736,#5737);
#5739=CYLINDRICAL_SURFACE('',#5738,5.E-1);
#5740=ORIENTED_EDGE('',*,*,#5591,.F.);
#5741=ORIENTED_EDGE('',*,*,#5641,.T.);
#5742=ORIENTED_EDGE('',*,*,#5659,.T.);
#5743=ORIENTED_EDGE('',*,*,#5728,.F.);
#5744=EDGE_LOOP('',(#5740,#5741,#5742,#5743));
#5745=FACE_OUTER_BOUND('',#5744,.F.);
#5746=ADVANCED_FACE('',(#5745),#5739,.T.);
#5747=CARTESIAN_POINT('',(5.25E0,1.8E0,-2.65E0));
#5748=DIRECTION('',(0.E0,0.E0,-1.E0));
#5749=DIRECTION('',(0.E0,-1.E0,0.E0));
#5750=AXIS2_PLACEMENT_3D('',#5747,#5748,#5749);
#5751=PLANE('',#5750);
#5752=ORIENTED_EDGE('',*,*,#5607,.F.);
#5754=ORIENTED_EDGE('',*,*,#5753,.T.);
#5756=ORIENTED_EDGE('',*,*,#5755,.T.);
#5758=ORIENTED_EDGE('',*,*,#5757,.F.);
#5759=ORIENTED_EDGE('',*,*,#5670,.T.);
#5761=ORIENTED_EDGE('',*,*,#5760,.F.);
#5762=ORIENTED_EDGE('',*,*,#5690,.T.);
#5764=ORIENTED_EDGE('',*,*,#5763,.F.);
#5765=ORIENTED_EDGE('',*,*,#5626,.F.);
#5767=ORIENTED_EDGE('',*,*,#5766,.T.);
#5768=EDGE_LOOP('',(#5752,#5754,#5756,#5758,#5759,#5761,#5762,#5764,#5765,
#5767));
#5769=FACE_OUTER_BOUND('',#5768,.F.);
#5770=ADVANCED_FACE('',(#5769),#5751,.T.);
#5771=CARTESIAN_POINT('',(5.25E0,2.E0,-1.7E0));
#5772=DIRECTION('',(1.E0,0.E0,0.E0));
#5773=DIRECTION('',(0.E0,0.E0,-1.E0));
#5774=AXIS2_PLACEMENT_3D('',#5771,#5772,#5773);
#5775=PLANE('',#5774);
#5777=ORIENTED_EDGE('',*,*,#5776,.F.);
#5778=ORIENTED_EDGE('',*,*,#5766,.F.);
#5779=ORIENTED_EDGE('',*,*,#5578,.T.);
#5781=ORIENTED_EDGE('',*,*,#5780,.F.);
#5782=EDGE_LOOP('',(#5777,#5778,#5779,#5781));
#5783=FACE_OUTER_BOUND('',#5782,.F.);
#5784=ADVANCED_FACE('',(#5783),#5775,.F.);
#5785=CARTESIAN_POINT('',(5.25E0,2.E0,-1.7E0));
#5786=DIRECTION('',(1.E0,0.E0,0.E0));
#5787=DIRECTION('',(0.E0,0.E0,-1.E0));
#5788=AXIS2_PLACEMENT_3D('',#5785,#5786,#5787);
#5789=PLANE('',#5788);
#5791=ORIENTED_EDGE('',*,*,#5790,.T.);
#5792=ORIENTED_EDGE('',*,*,#5753,.F.);
#5794=ORIENTED_EDGE('',*,*,#5793,.T.);
#5796=ORIENTED_EDGE('',*,*,#5795,.F.);
#5798=ORIENTED_EDGE('',*,*,#5797,.F.);
#5800=ORIENTED_EDGE('',*,*,#5799,.T.);
#5801=EDGE_LOOP('',(#5791,#5792,#5794,#5796,#5798,#5800));
#5802=FACE_OUTER_BOUND('',#5801,.F.);
#5803=ADVANCED_FACE('',(#5802),#5789,.F.);
#5804=CARTESIAN_POINT('',(-8.85E0,-1.35E0,-3.5E0));
#5805=DIRECTION('',(0.E0,1.E0,0.E0));
#5806=DIRECTION('',(0.E0,0.E0,1.E0));
#5807=AXIS2_PLACEMENT_3D('',#5804,#5805,#5806);
#5808=PLANE('',#5807);
#5810=ORIENTED_EDGE('',*,*,#5809,.F.);
#5812=ORIENTED_EDGE('',*,*,#5811,.T.);
#5814=ORIENTED_EDGE('',*,*,#5813,.F.);
#5816=ORIENTED_EDGE('',*,*,#5815,.F.);
#5818=ORIENTED_EDGE('',*,*,#5817,.T.);
#5820=ORIENTED_EDGE('',*,*,#5819,.T.);
#5821=EDGE_LOOP('',(#5810,#5812,#5814,#5816,#5818,#5820));
#5822=FACE_OUTER_BOUND('',#5821,.F.);
#5823=ADVANCED_FACE('',(#5822),#5808,.T.);
#5824=CARTESIAN_POINT('',(-8.85E0,-1.35E0,-3.5E0));
#5825=DIRECTION('',(0.E0,1.E0,0.E0));
#5826=DIRECTION('',(0.E0,0.E0,1.E0));
#5827=AXIS2_PLACEMENT_3D('',#5824,#5825,#5826);
#5828=PLANE('',#5827);
#5830=ORIENTED_EDGE('',*,*,#5829,.T.);
#5832=ORIENTED_EDGE('',*,*,#5831,.T.);
#5834=ORIENTED_EDGE('',*,*,#5833,.T.);
#5836=ORIENTED_EDGE('',*,*,#5835,.T.);
#5838=ORIENTED_EDGE('',*,*,#5837,.F.);
#5840=ORIENTED_EDGE('',*,*,#5839,.F.);
#5842=ORIENTED_EDGE('',*,*,#5841,.T.);
#5843=EDGE_LOOP('',(#5830,#5832,#5834,#5836,#5838,#5840,#5842));
#5844=FACE_OUTER_BOUND('',#5843,.F.);
#5845=ADVANCED_FACE('',(#5844),#5828,.T.);
#5846=CARTESIAN_POINT('',(-8.85E0,-1.35E0,-3.5E0));
#5847=DIRECTION('',(0.E0,1.E0,0.E0));
#5848=DIRECTION('',(0.E0,0.E0,1.E0));
#5849=AXIS2_PLACEMENT_3D('',#5846,#5847,#5848);
#5850=PLANE('',#5849);
#5852=ORIENTED_EDGE('',*,*,#5851,.F.);
#5854=ORIENTED_EDGE('',*,*,#5853,.T.);
#5856=ORIENTED_EDGE('',*,*,#5855,.F.);
#5858=ORIENTED_EDGE('',*,*,#5857,.T.);
#5860=ORIENTED_EDGE('',*,*,#5859,.T.);
#5862=ORIENTED_EDGE('',*,*,#5861,.T.);
#5864=ORIENTED_EDGE('',*,*,#5863,.T.);
#5866=ORIENTED_EDGE('',*,*,#5865,.T.);
#5867=EDGE_LOOP('',(#5852,#5854,#5856,#5858,#5860,#5862,#5864,#5866));
#5868=FACE_OUTER_BOUND('',#5867,.F.);
#5869=ADVANCED_FACE('',(#5868),#5850,.T.);
#5870=CARTESIAN_POINT('',(-8.85E0,-1.35E0,-3.5E0));
#5871=DIRECTION('',(0.E0,1.E0,0.E0));
#5872=DIRECTION('',(0.E0,0.E0,1.E0));
#5873=AXIS2_PLACEMENT_3D('',#5870,#5871,#5872);
#5874=PLANE('',#5873);
#5876=ORIENTED_EDGE('',*,*,#5875,.F.);
#5878=ORIENTED_EDGE('',*,*,#5877,.T.);
#5880=ORIENTED_EDGE('',*,*,#5879,.F.);
#5882=ORIENTED_EDGE('',*,*,#5881,.T.);
#5884=ORIENTED_EDGE('',*,*,#5883,.T.);
#5886=ORIENTED_EDGE('',*,*,#5885,.T.);
#5888=ORIENTED_EDGE('',*,*,#5887,.T.);
#5889=EDGE_LOOP('',(#5876,#5878,#5880,#5882,#5884,#5886,#5888));
#5890=FACE_OUTER_BOUND('',#5889,.F.);
#5891=ADVANCED_FACE('',(#5890),#5874,.T.);
#5892=CARTESIAN_POINT('',(-8.85E0,-1.35E0,-3.5E0));
#5893=DIRECTION('',(0.E0,1.E0,0.E0));
#5894=DIRECTION('',(0.E0,0.E0,1.E0));
#5895=AXIS2_PLACEMENT_3D('',#5892,#5893,#5894);
#5896=PLANE('',#5895);
#5898=ORIENTED_EDGE('',*,*,#5897,.F.);
#5900=ORIENTED_EDGE('',*,*,#5899,.T.);
#5902=ORIENTED_EDGE('',*,*,#5901,.F.);
#5904=ORIENTED_EDGE('',*,*,#5903,.T.);
#5906=ORIENTED_EDGE('',*,*,#5905,.T.);
#5908=ORIENTED_EDGE('',*,*,#5907,.T.);
#5910=ORIENTED_EDGE('',*,*,#5909,.T.);
#5912=ORIENTED_EDGE('',*,*,#5911,.T.);
#5913=EDGE_LOOP('',(#5898,#5900,#5902,#5904,#5906,#5908,#5910,#5912));
#5914=FACE_OUTER_BOUND('',#5913,.F.);
#5915=ADVANCED_FACE('',(#5914),#5896,.T.);
#5916=CARTESIAN_POINT('',(-8.85E0,-1.35E0,-3.5E0));
#5917=DIRECTION('',(0.E0,1.E0,0.E0));
#5918=DIRECTION('',(0.E0,0.E0,1.E0));
#5919=AXIS2_PLACEMENT_3D('',#5916,#5917,#5918);
#5920=PLANE('',#5919);
#5922=ORIENTED_EDGE('',*,*,#5921,.F.);
#5924=ORIENTED_EDGE('',*,*,#5923,.T.);
#5926=ORIENTED_EDGE('',*,*,#5925,.F.);
#5928=ORIENTED_EDGE('',*,*,#5927,.T.);
#5930=ORIENTED_EDGE('',*,*,#5929,.T.);
#5932=ORIENTED_EDGE('',*,*,#5931,.T.);
#5934=ORIENTED_EDGE('',*,*,#5933,.T.);
#5936=ORIENTED_EDGE('',*,*,#5935,.T.);
#5937=EDGE_LOOP('',(#5922,#5924,#5926,#5928,#5930,#5932,#5934,#5936));
#5938=FACE_OUTER_BOUND('',#5937,.F.);
#5939=ADVANCED_FACE('',(#5938),#5920,.T.);
#5940=CARTESIAN_POINT('',(-8.85E0,-1.35E0,-3.5E0));
#5941=DIRECTION('',(0.E0,1.E0,0.E0));
#5942=DIRECTION('',(0.E0,0.E0,1.E0));
#5943=AXIS2_PLACEMENT_3D('',#5940,#5941,#5942);
#5944=PLANE('',#5943);
#5946=ORIENTED_EDGE('',*,*,#5945,.T.);
#5948=ORIENTED_EDGE('',*,*,#5947,.T.);
#5950=ORIENTED_EDGE('',*,*,#5949,.T.);
#5952=ORIENTED_EDGE('',*,*,#5951,.T.);
#5954=ORIENTED_EDGE('',*,*,#5953,.F.);
#5956=ORIENTED_EDGE('',*,*,#5955,.T.);
#5957=EDGE_LOOP('',(#5946,#5948,#5950,#5952,#5954,#5956));
#5958=FACE_OUTER_BOUND('',#5957,.F.);
#5959=ADVANCED_FACE('',(#5958),#5944,.T.);
#5960=CARTESIAN_POINT('',(-8.85E0,-1.35E0,-3.5E0));
#5961=DIRECTION('',(0.E0,1.E0,0.E0));
#5962=DIRECTION('',(0.E0,0.E0,1.E0));
#5963=AXIS2_PLACEMENT_3D('',#5960,#5961,#5962);
#5964=PLANE('',#5963);
#5965=ORIENTED_EDGE('',*,*,#5776,.T.);
#5967=ORIENTED_EDGE('',*,*,#5966,.T.);
#5969=ORIENTED_EDGE('',*,*,#5968,.T.);
#5971=ORIENTED_EDGE('',*,*,#5970,.T.);
#5973=ORIENTED_EDGE('',*,*,#5972,.F.);
#5975=ORIENTED_EDGE('',*,*,#5974,.T.);
#5977=ORIENTED_EDGE('',*,*,#5976,.F.);
#5978=ORIENTED_EDGE('',*,*,#5609,.T.);
#5979=EDGE_LOOP('',(#5965,#5967,#5969,#5971,#5973,#5975,#5977,#5978));
#5980=FACE_OUTER_BOUND('',#5979,.F.);
#5981=ADVANCED_FACE('',(#5980),#5964,.T.);
#5982=CARTESIAN_POINT('',(-8.85E0,-1.35E0,-3.5E0));
#5983=DIRECTION('',(0.E0,1.E0,0.E0));
#5984=DIRECTION('',(0.E0,0.E0,1.E0));
#5985=AXIS2_PLACEMENT_3D('',#5982,#5983,#5984);
#5986=PLANE('',#5985);
#5988=ORIENTED_EDGE('',*,*,#5987,.F.);
#5989=ORIENTED_EDGE('',*,*,#5676,.T.);
#5991=ORIENTED_EDGE('',*,*,#5990,.F.);
#5993=ORIENTED_EDGE('',*,*,#5992,.T.);
#5995=ORIENTED_EDGE('',*,*,#5994,.T.);
#5997=ORIENTED_EDGE('',*,*,#5996,.T.);
#5999=ORIENTED_EDGE('',*,*,#5998,.T.);
#6001=ORIENTED_EDGE('',*,*,#6000,.T.);
#6002=EDGE_LOOP('',(#5988,#5989,#5991,#5993,#5995,#5997,#5999,#6001));
#6003=FACE_OUTER_BOUND('',#6002,.F.);
#6004=ADVANCED_FACE('',(#6003),#5986,.T.);
#6005=CARTESIAN_POINT('',(-7.25E0,2.E0,-3.E0));
#6006=DIRECTION('',(-1.E0,0.E0,0.E0));
#6007=DIRECTION('',(0.E0,0.E0,1.E0));
#6008=AXIS2_PLACEMENT_3D('',#6005,#6006,#6007);
#6009=PLANE('',#6008);
#6011=ORIENTED_EDGE('',*,*,#6010,.T.);
#6012=ORIENTED_EDGE('',*,*,#5809,.T.);
#6014=ORIENTED_EDGE('',*,*,#6013,.T.);
#6015=ORIENTED_EDGE('',*,*,#5545,.T.);
#6016=EDGE_LOOP('',(#6011,#6012,#6014,#6015));
#6017=FACE_OUTER_BOUND('',#6016,.F.);
#6018=ADVANCED_FACE('',(#6017),#6009,.F.);
#6019=CARTESIAN_POINT('',(-7.25E0,2.E0,-3.E0));
#6020=DIRECTION('',(-1.E0,0.E0,0.E0));
#6021=DIRECTION('',(0.E0,0.E0,1.E0));
#6022=AXIS2_PLACEMENT_3D('',#6019,#6020,#6021);
#6023=PLANE('',#6022);
#6025=ORIENTED_EDGE('',*,*,#6024,.F.);
#6026=ORIENTED_EDGE('',*,*,#5541,.T.);
#6028=ORIENTED_EDGE('',*,*,#6027,.F.);
#6030=ORIENTED_EDGE('',*,*,#6029,.T.);
#6031=EDGE_LOOP('',(#6025,#6026,#6028,#6030));
#6032=FACE_OUTER_BOUND('',#6031,.F.);
#6033=ADVANCED_FACE('',(#6032),#6023,.F.);
#6034=CARTESIAN_POINT('',(-7.25E0,2.E0,-3.E0));
#6035=DIRECTION('',(-1.E0,0.E0,0.E0));
#6036=DIRECTION('',(0.E0,0.E0,1.E0));
#6037=AXIS2_PLACEMENT_3D('',#6034,#6035,#6036);
#6038=PLANE('',#6037);
#6040=ORIENTED_EDGE('',*,*,#6039,.F.);
#6042=ORIENTED_EDGE('',*,*,#6041,.F.);
#6044=ORIENTED_EDGE('',*,*,#6043,.F.);
#6046=ORIENTED_EDGE('',*,*,#6045,.T.);
#6048=ORIENTED_EDGE('',*,*,#6047,.F.);
#6050=ORIENTED_EDGE('',*,*,#6049,.T.);
#6051=EDGE_LOOP('',(#6040,#6042,#6044,#6046,#6048,#6050));
#6052=FACE_OUTER_BOUND('',#6051,.F.);
#6053=ADVANCED_FACE('',(#6052),#6038,.F.);
#6054=CARTESIAN_POINT('',(-6.75E0,1.8E0,-2.65E0));
#6055=DIRECTION('',(0.E0,0.E0,-1.E0));
#6056=DIRECTION('',(0.E0,-1.E0,0.E0));
#6057=AXIS2_PLACEMENT_3D('',#6054,#6055,#6056);
#6058=PLANE('',#6057);
#6059=ORIENTED_EDGE('',*,*,#6010,.F.);
#6061=ORIENTED_EDGE('',*,*,#6060,.T.);
#6063=ORIENTED_EDGE('',*,*,#6062,.F.);
#6065=ORIENTED_EDGE('',*,*,#6064,.F.);
#6067=ORIENTED_EDGE('',*,*,#6066,.T.);
#6069=ORIENTED_EDGE('',*,*,#6068,.F.);
#6071=ORIENTED_EDGE('',*,*,#6070,.T.);
#6073=ORIENTED_EDGE('',*,*,#6072,.T.);
#6074=ORIENTED_EDGE('',*,*,#6049,.F.);
#6076=ORIENTED_EDGE('',*,*,#6075,.T.);
#6077=EDGE_LOOP('',(#6059,#6061,#6063,#6065,#6067,#6069,#6071,#6073,#6074,
#6076));
#6078=FACE_OUTER_BOUND('',#6077,.F.);
#6079=ADVANCED_FACE('',(#6078),#6058,.T.);
#6080=CARTESIAN_POINT('',(-7.25E0,0.E0,-1.7E0));
#6081=DIRECTION('',(-1.E0,0.E0,0.E0));
#6082=DIRECTION('',(0.E0,0.E0,1.E0));
#6083=AXIS2_PLACEMENT_3D('',#6080,#6081,#6082);
#6084=PLANE('',#6083);
#6085=ORIENTED_EDGE('',*,*,#5002,.T.);
#6087=ORIENTED_EDGE('',*,*,#6086,.F.);
#6089=ORIENTED_EDGE('',*,*,#6088,.F.);
#6091=ORIENTED_EDGE('',*,*,#6090,.F.);
#6093=ORIENTED_EDGE('',*,*,#6092,.F.);
#6095=ORIENTED_EDGE('',*,*,#6094,.F.);
#6096=EDGE_LOOP('',(#6085,#6087,#6089,#6091,#6093,#6095));
#6097=FACE_OUTER_BOUND('',#6096,.F.);
#6098=ADVANCED_FACE('',(#6097),#6084,.T.);
#6099=CARTESIAN_POINT('',(-7.25E0,0.E0,-1.7E0));
#6100=DIRECTION('',(-1.E0,0.E0,0.E0));
#6101=DIRECTION('',(0.E0,0.E0,1.E0));
#6102=AXIS2_PLACEMENT_3D('',#6099,#6100,#6101);
#6103=PLANE('',#6102);
#6104=ORIENTED_EDGE('',*,*,#6075,.F.);
#6106=ORIENTED_EDGE('',*,*,#6105,.F.);
#6108=ORIENTED_EDGE('',*,*,#6107,.F.);
#6109=ORIENTED_EDGE('',*,*,#5811,.F.);
#6110=EDGE_LOOP('',(#6104,#6106,#6108,#6109));
#6111=FACE_OUTER_BOUND('',#6110,.F.);
#6112=ADVANCED_FACE('',(#6111),#6103,.T.);
#6113=CARTESIAN_POINT('',(-7.25E0,0.E0,-1.7E0));
#6114=DIRECTION('',(-1.E0,0.E0,0.E0));
#6115=DIRECTION('',(0.E0,0.E0,1.E0));
#6116=AXIS2_PLACEMENT_3D('',#6113,#6114,#6115);
#6117=PLANE('',#6116);
#6118=ORIENTED_EDGE('',*,*,#6060,.F.);
#6119=ORIENTED_EDGE('',*,*,#5543,.F.);
#6121=ORIENTED_EDGE('',*,*,#6120,.F.);
#6123=ORIENTED_EDGE('',*,*,#6122,.F.);
#6124=EDGE_LOOP('',(#6118,#6119,#6121,#6123));
#6125=FACE_OUTER_BOUND('',#6124,.F.);
#6126=ADVANCED_FACE('',(#6125),#6117,.T.);
#6127=CARTESIAN_POINT('',(-6.75E0,1.2E0,3.25E0));
#6128=DIRECTION('',(0.E0,1.E0,0.E0));
#6129=DIRECTION('',(0.E0,0.E0,-1.E0));
#6130=AXIS2_PLACEMENT_3D('',#6127,#6128,#6129);
#6131=PLANE('',#6130);
#6132=ORIENTED_EDGE('',*,*,#5000,.F.);
#6134=ORIENTED_EDGE('',*,*,#6133,.F.);
#6136=ORIENTED_EDGE('',*,*,#6135,.T.);
#6137=ORIENTED_EDGE('',*,*,#6086,.T.);
#6138=EDGE_LOOP('',(#6132,#6134,#6136,#6137));
#6139=FACE_OUTER_BOUND('',#6138,.F.);
#6140=ADVANCED_FACE('',(#6139),#6131,.T.);
#6141=CARTESIAN_POINT('',(-6.75E0,0.E0,-1.7E0));
#6142=DIRECTION('',(-1.E0,0.E0,0.E0));
#6143=DIRECTION('',(0.E0,0.E0,1.E0));
#6144=AXIS2_PLACEMENT_3D('',#6141,#6142,#6143);
#6145=PLANE('',#6144);
#6146=ORIENTED_EDGE('',*,*,#4998,.F.);
#6148=ORIENTED_EDGE('',*,*,#6147,.T.);
#6150=ORIENTED_EDGE('',*,*,#6149,.T.);
#6152=ORIENTED_EDGE('',*,*,#6151,.T.);
#6154=ORIENTED_EDGE('',*,*,#6153,.T.);
#6155=ORIENTED_EDGE('',*,*,#6133,.T.);
#6156=EDGE_LOOP('',(#6146,#6148,#6150,#6152,#6154,#6155));
#6157=FACE_OUTER_BOUND('',#6156,.F.);
#6158=ADVANCED_FACE('',(#6157),#6145,.F.);
#6159=CARTESIAN_POINT('',(-6.75E0,0.E0,-1.7E0));
#6160=DIRECTION('',(-1.E0,0.E0,0.E0));
#6161=DIRECTION('',(0.E0,0.E0,1.E0));
#6162=AXIS2_PLACEMENT_3D('',#6159,#6160,#6161);
#6163=PLANE('',#6162);
#6164=ORIENTED_EDGE('',*,*,#6068,.T.);
#6165=ORIENTED_EDGE('',*,*,#5857,.F.);
#6167=ORIENTED_EDGE('',*,*,#6166,.T.);
#6169=ORIENTED_EDGE('',*,*,#6168,.T.);
#6170=EDGE_LOOP('',(#6164,#6165,#6167,#6169));
#6171=FACE_OUTER_BOUND('',#6170,.F.);
#6172=ADVANCED_FACE('',(#6171),#6163,.F.);
#6173=CARTESIAN_POINT('',(-6.75E0,0.E0,-1.7E0));
#6174=DIRECTION('',(-1.E0,0.E0,0.E0));
#6175=DIRECTION('',(0.E0,0.E0,1.E0));
#6176=AXIS2_PLACEMENT_3D('',#6173,#6174,#6175);
#6177=PLANE('',#6176);
#6178=ORIENTED_EDGE('',*,*,#6064,.T.);
#6180=ORIENTED_EDGE('',*,*,#6179,.T.);
#6182=ORIENTED_EDGE('',*,*,#6181,.T.);
#6183=ORIENTED_EDGE('',*,*,#5535,.T.);
#6184=EDGE_LOOP('',(#6178,#6180,#6182,#6183));
#6185=FACE_OUTER_BOUND('',#6184,.F.);
#6186=ADVANCED_FACE('',(#6185),#6177,.F.);
#6187=CARTESIAN_POINT('',(-6.75E0,-1.2E0,0.E0));
#6188=DIRECTION('',(0.E0,-1.E0,0.E0));
#6189=DIRECTION('',(0.E0,0.E0,1.E0));
#6190=AXIS2_PLACEMENT_3D('',#6187,#6188,#6189);
#6191=PLANE('',#6190);
#6192=ORIENTED_EDGE('',*,*,#5004,.T.);
#6193=ORIENTED_EDGE('',*,*,#6094,.T.);
#6195=ORIENTED_EDGE('',*,*,#6194,.F.);
#6196=ORIENTED_EDGE('',*,*,#6147,.F.);
#6197=EDGE_LOOP('',(#6192,#6193,#6195,#6196));
#6198=FACE_OUTER_BOUND('',#6197,.F.);
#6199=ADVANCED_FACE('',(#6198),#6191,.T.);
#6200=CARTESIAN_POINT('',(-6.75E0,-7.E-1,3.25E0));
#6201=DIRECTION('',(-1.E0,0.E0,0.E0));
#6202=DIRECTION('',(0.E0,0.E0,1.E0));
#6203=AXIS2_PLACEMENT_3D('',#6200,#6201,#6202);
#6204=CYLINDRICAL_SURFACE('',#6203,5.E-1);
#6205=ORIENTED_EDGE('',*,*,#6149,.F.);
#6206=ORIENTED_EDGE('',*,*,#6194,.T.);
#6207=ORIENTED_EDGE('',*,*,#6092,.T.);
#6209=ORIENTED_EDGE('',*,*,#6208,.F.);
#6210=EDGE_LOOP('',(#6205,#6206,#6207,#6209));
#6211=FACE_OUTER_BOUND('',#6210,.F.);
#6212=ADVANCED_FACE('',(#6211),#6204,.T.);
#6213=CARTESIAN_POINT('',(-6.75E0,-7.E-1,3.75E0));
#6214=DIRECTION('',(0.E0,0.E0,1.E0));
#6215=DIRECTION('',(0.E0,1.E0,0.E0));
#6216=AXIS2_PLACEMENT_3D('',#6213,#6214,#6215);
#6217=PLANE('',#6216);
#6218=ORIENTED_EDGE('',*,*,#6151,.F.);
#6219=ORIENTED_EDGE('',*,*,#6208,.T.);
#6220=ORIENTED_EDGE('',*,*,#6090,.T.);
#6222=ORIENTED_EDGE('',*,*,#6221,.F.);
#6223=EDGE_LOOP('',(#6218,#6219,#6220,#6222));
#6224=FACE_OUTER_BOUND('',#6223,.F.);
#6225=ADVANCED_FACE('',(#6224),#6217,.T.);
#6226=CARTESIAN_POINT('',(-6.75E0,7.E-1,3.25E0));
#6227=DIRECTION('',(-1.E0,0.E0,0.E0));
#6228=DIRECTION('',(0.E0,0.E0,1.E0));
#6229=AXIS2_PLACEMENT_3D('',#6226,#6227,#6228);
#6230=CYLINDRICAL_SURFACE('',#6229,5.E-1);
#6231=ORIENTED_EDGE('',*,*,#6153,.F.);
#6232=ORIENTED_EDGE('',*,*,#6221,.T.);
#6233=ORIENTED_EDGE('',*,*,#6088,.T.);
#6234=ORIENTED_EDGE('',*,*,#6135,.F.);
#6235=EDGE_LOOP('',(#6231,#6232,#6233,#6234));
#6236=FACE_OUTER_BOUND('',#6235,.F.);
#6237=ADVANCED_FACE('',(#6236),#6230,.T.);
#6238=CARTESIAN_POINT('',(-8.85E0,-1.35E0,-2.5E0));
#6239=DIRECTION('',(0.E0,0.E0,-1.E0));
#6240=DIRECTION('',(0.E0,1.E0,0.E0));
#6241=AXIS2_PLACEMENT_3D('',#6238,#6239,#6240);
#6242=PLANE('',#6241);
#6244=ORIENTED_EDGE('',*,*,#6243,.F.);
#6245=ORIENTED_EDGE('',*,*,#4907,.F.);
#6247=ORIENTED_EDGE('',*,*,#6246,.F.);
#6248=ORIENTED_EDGE('',*,*,#5813,.T.);
#6249=ORIENTED_EDGE('',*,*,#6107,.T.);
#6250=EDGE_LOOP('',(#6244,#6245,#6247,#6248,#6249));
#6251=FACE_OUTER_BOUND('',#6250,.F.);
#6252=ADVANCED_FACE('',(#6251),#6242,.T.);
#6253=CARTESIAN_POINT('',(-8.85E0,-1.35E0,-2.5E0));
#6254=DIRECTION('',(0.E0,0.E0,-1.E0));
#6255=DIRECTION('',(0.E0,1.E0,0.E0));
#6256=AXIS2_PLACEMENT_3D('',#6253,#6254,#6255);
#6257=PLANE('',#6256);
#6258=ORIENTED_EDGE('',*,*,#5839,.T.);
#6260=ORIENTED_EDGE('',*,*,#6259,.T.);
#6262=ORIENTED_EDGE('',*,*,#6261,.F.);
#6264=ORIENTED_EDGE('',*,*,#6263,.F.);
#6265=EDGE_LOOP('',(#6258,#6260,#6262,#6264));
#6266=FACE_OUTER_BOUND('',#6265,.F.);
#6267=ADVANCED_FACE('',(#6266),#6257,.T.);
#6268=CARTESIAN_POINT('',(-8.85E0,-1.35E0,-2.5E0));
#6269=DIRECTION('',(0.E0,0.E0,-1.E0));
#6270=DIRECTION('',(0.E0,1.E0,0.E0));
#6271=AXIS2_PLACEMENT_3D('',#6268,#6269,#6270);
#6272=PLANE('',#6271);
#6274=ORIENTED_EDGE('',*,*,#6273,.F.);
#6275=ORIENTED_EDGE('',*,*,#6166,.F.);
#6276=ORIENTED_EDGE('',*,*,#5855,.T.);
#6278=ORIENTED_EDGE('',*,*,#6277,.T.);
#6279=EDGE_LOOP('',(#6274,#6275,#6276,#6278));
#6280=FACE_OUTER_BOUND('',#6279,.F.);
#6281=ADVANCED_FACE('',(#6280),#6272,.T.);
#6282=CARTESIAN_POINT('',(-8.85E0,-1.35E0,-2.5E0));
#6283=DIRECTION('',(0.E0,0.E0,-1.E0));
#6284=DIRECTION('',(0.E0,1.E0,0.E0));
#6285=AXIS2_PLACEMENT_3D('',#6282,#6283,#6284);
#6286=PLANE('',#6285);
#6288=ORIENTED_EDGE('',*,*,#6287,.F.);
#6290=ORIENTED_EDGE('',*,*,#6289,.F.);
#6291=ORIENTED_EDGE('',*,*,#5879,.T.);
#6293=ORIENTED_EDGE('',*,*,#6292,.T.);
#6294=EDGE_LOOP('',(#6288,#6290,#6291,#6293));
#6295=FACE_OUTER_BOUND('',#6294,.F.);
#6296=ADVANCED_FACE('',(#6295),#6286,.T.);
#6297=CARTESIAN_POINT('',(-8.85E0,-1.35E0,-2.5E0));
#6298=DIRECTION('',(0.E0,0.E0,-1.E0));
#6299=DIRECTION('',(0.E0,1.E0,0.E0));
#6300=AXIS2_PLACEMENT_3D('',#6297,#6298,#6299);
#6301=PLANE('',#6300);
#6303=ORIENTED_EDGE('',*,*,#6302,.F.);
#6305=ORIENTED_EDGE('',*,*,#6304,.F.);
#6306=ORIENTED_EDGE('',*,*,#5901,.T.);
#6308=ORIENTED_EDGE('',*,*,#6307,.T.);
#6309=EDGE_LOOP('',(#6303,#6305,#6306,#6308));
#6310=FACE_OUTER_BOUND('',#6309,.F.);
#6311=ADVANCED_FACE('',(#6310),#6301,.T.);
#6312=CARTESIAN_POINT('',(-8.85E0,-1.35E0,-2.5E0));
#6313=DIRECTION('',(0.E0,0.E0,-1.E0));
#6314=DIRECTION('',(0.E0,1.E0,0.E0));
#6315=AXIS2_PLACEMENT_3D('',#6312,#6313,#6314);
#6316=PLANE('',#6315);
#6318=ORIENTED_EDGE('',*,*,#6317,.F.);
#6320=ORIENTED_EDGE('',*,*,#6319,.F.);
#6321=ORIENTED_EDGE('',*,*,#5925,.T.);
#6323=ORIENTED_EDGE('',*,*,#6322,.T.);
#6324=EDGE_LOOP('',(#6318,#6320,#6321,#6323));
#6325=FACE_OUTER_BOUND('',#6324,.F.);
#6326=ADVANCED_FACE('',(#6325),#6316,.T.);
#6327=CARTESIAN_POINT('',(-8.85E0,-1.35E0,-2.5E0));
#6328=DIRECTION('',(0.E0,0.E0,-1.E0));
#6329=DIRECTION('',(0.E0,1.E0,0.E0));
#6330=AXIS2_PLACEMENT_3D('',#6327,#6328,#6329);
#6331=PLANE('',#6330);
#6332=ORIENTED_EDGE('',*,*,#5953,.T.);
#6334=ORIENTED_EDGE('',*,*,#6333,.T.);
#6336=ORIENTED_EDGE('',*,*,#6335,.T.);
#6338=ORIENTED_EDGE('',*,*,#6337,.F.);
#6340=ORIENTED_EDGE('',*,*,#6339,.F.);
#6341=EDGE_LOOP('',(#6332,#6334,#6336,#6338,#6340));
#6342=FACE_OUTER_BOUND('',#6341,.F.);
#6343=ADVANCED_FACE('',(#6342),#6331,.T.);
#6344=CARTESIAN_POINT('',(-8.85E0,-1.35E0,-2.5E0));
#6345=DIRECTION('',(0.E0,0.E0,-1.E0));
#6346=DIRECTION('',(0.E0,1.E0,0.E0));
#6347=AXIS2_PLACEMENT_3D('',#6344,#6345,#6346);
#6348=PLANE('',#6347);
#6349=ORIENTED_EDGE('',*,*,#5976,.T.);
#6351=ORIENTED_EDGE('',*,*,#6350,.T.);
#6353=ORIENTED_EDGE('',*,*,#6352,.F.);
#6354=ORIENTED_EDGE('',*,*,#5611,.F.);
#6355=EDGE_LOOP('',(#6349,#6351,#6353,#6354));
#6356=FACE_OUTER_BOUND('',#6355,.F.);
#6357=ADVANCED_FACE('',(#6356),#6348,.T.);
#6358=CARTESIAN_POINT('',(-8.85E0,-1.35E0,-2.5E0));
#6359=DIRECTION('',(0.E0,0.E0,-1.E0));
#6360=DIRECTION('',(0.E0,1.E0,0.E0));
#6361=AXIS2_PLACEMENT_3D('',#6358,#6359,#6360);
#6362=PLANE('',#6361);
#6364=ORIENTED_EDGE('',*,*,#6363,.F.);
#6366=ORIENTED_EDGE('',*,*,#6365,.F.);
#6367=ORIENTED_EDGE('',*,*,#5990,.T.);
#6368=ORIENTED_EDGE('',*,*,#5674,.T.);
#6369=EDGE_LOOP('',(#6364,#6366,#6367,#6368));
#6370=FACE_OUTER_BOUND('',#6369,.F.);
#6371=ADVANCED_FACE('',(#6370),#6362,.T.);
#6372=CARTESIAN_POINT('',(-8.85E0,1.35E0,-2.5E0));
#6373=DIRECTION('',(0.E0,-1.E0,0.E0));
#6374=DIRECTION('',(0.E0,0.E0,-1.E0));
#6375=AXIS2_PLACEMENT_3D('',#6372,#6373,#6374);
#6376=PLANE('',#6375);
#6377=ORIENTED_EDGE('',*,*,#6047,.T.);
#6379=ORIENTED_EDGE('',*,*,#6378,.F.);
#6381=ORIENTED_EDGE('',*,*,#6380,.F.);
#6382=ORIENTED_EDGE('',*,*,#4909,.F.);
#6383=ORIENTED_EDGE('',*,*,#6243,.T.);
#6384=ORIENTED_EDGE('',*,*,#6105,.T.);
#6385=EDGE_LOOP('',(#6377,#6379,#6381,#6382,#6383,#6384));
#6386=FACE_OUTER_BOUND('',#6385,.F.);
#6387=ADVANCED_FACE('',(#6386),#6376,.T.);
#6388=CARTESIAN_POINT('',(-8.85E0,1.35E0,-2.5E0));
#6389=DIRECTION('',(0.E0,-1.E0,0.E0));
#6390=DIRECTION('',(0.E0,0.E0,-1.E0));
#6391=AXIS2_PLACEMENT_3D('',#6388,#6389,#6390);
#6392=PLANE('',#6391);
#6393=ORIENTED_EDGE('',*,*,#6261,.T.);
#6395=ORIENTED_EDGE('',*,*,#6394,.T.);
#6397=ORIENTED_EDGE('',*,*,#6396,.F.);
#6399=ORIENTED_EDGE('',*,*,#6398,.F.);
#6401=ORIENTED_EDGE('',*,*,#6400,.F.);
#6403=ORIENTED_EDGE('',*,*,#6402,.F.);
#6405=ORIENTED_EDGE('',*,*,#6404,.F.);
#6406=EDGE_LOOP('',(#6393,#6395,#6397,#6399,#6401,#6403,#6405));
#6407=FACE_OUTER_BOUND('',#6406,.F.);
#6408=ADVANCED_FACE('',(#6407),#6392,.T.);
#6409=CARTESIAN_POINT('',(-8.85E0,1.35E0,-2.5E0));
#6410=DIRECTION('',(0.E0,-1.E0,0.E0));
#6411=DIRECTION('',(0.E0,0.E0,-1.E0));
#6412=AXIS2_PLACEMENT_3D('',#6409,#6410,#6411);
#6413=PLANE('',#6412);
#6415=ORIENTED_EDGE('',*,*,#6414,.T.);
#6417=ORIENTED_EDGE('',*,*,#6416,.F.);
#6419=ORIENTED_EDGE('',*,*,#6418,.F.);
#6421=ORIENTED_EDGE('',*,*,#6420,.F.);
#6423=ORIENTED_EDGE('',*,*,#6422,.F.);
#6424=ORIENTED_EDGE('',*,*,#6168,.F.);
#6425=ORIENTED_EDGE('',*,*,#6273,.T.);
#6427=ORIENTED_EDGE('',*,*,#6426,.T.);
#6428=EDGE_LOOP('',(#6415,#6417,#6419,#6421,#6423,#6424,#6425,#6427));
#6429=FACE_OUTER_BOUND('',#6428,.F.);
#6430=ADVANCED_FACE('',(#6429),#6413,.T.);
#6431=CARTESIAN_POINT('',(-8.85E0,1.35E0,-2.5E0));
#6432=DIRECTION('',(0.E0,-1.E0,0.E0));
#6433=DIRECTION('',(0.E0,0.E0,-1.E0));
#6434=AXIS2_PLACEMENT_3D('',#6431,#6432,#6433);
#6435=PLANE('',#6434);
#6437=ORIENTED_EDGE('',*,*,#6436,.T.);
#6439=ORIENTED_EDGE('',*,*,#6438,.F.);
#6441=ORIENTED_EDGE('',*,*,#6440,.F.);
#6443=ORIENTED_EDGE('',*,*,#6442,.F.);
#6445=ORIENTED_EDGE('',*,*,#6444,.F.);
#6446=ORIENTED_EDGE('',*,*,#6287,.T.);
#6448=ORIENTED_EDGE('',*,*,#6447,.T.);
#6449=EDGE_LOOP('',(#6437,#6439,#6441,#6443,#6445,#6446,#6448));
#6450=FACE_OUTER_BOUND('',#6449,.F.);
#6451=ADVANCED_FACE('',(#6450),#6435,.T.);
#6452=CARTESIAN_POINT('',(-8.85E0,1.35E0,-2.5E0));
#6453=DIRECTION('',(0.E0,-1.E0,0.E0));
#6454=DIRECTION('',(0.E0,0.E0,-1.E0));
#6455=AXIS2_PLACEMENT_3D('',#6452,#6453,#6454);
#6456=PLANE('',#6455);
#6458=ORIENTED_EDGE('',*,*,#6457,.T.);
#6460=ORIENTED_EDGE('',*,*,#6459,.F.);
#6462=ORIENTED_EDGE('',*,*,#6461,.F.);
#6464=ORIENTED_EDGE('',*,*,#6463,.F.);
#6466=ORIENTED_EDGE('',*,*,#6465,.F.);
#6468=ORIENTED_EDGE('',*,*,#6467,.F.);
#6469=ORIENTED_EDGE('',*,*,#6302,.T.);
#6471=ORIENTED_EDGE('',*,*,#6470,.T.);
#6472=EDGE_LOOP('',(#6458,#6460,#6462,#6464,#6466,#6468,#6469,#6471));
#6473=FACE_OUTER_BOUND('',#6472,.F.);
#6474=ADVANCED_FACE('',(#6473),#6456,.T.);
#6475=CARTESIAN_POINT('',(-8.85E0,1.35E0,-2.5E0));
#6476=DIRECTION('',(0.E0,-1.E0,0.E0));
#6477=DIRECTION('',(0.E0,0.E0,-1.E0));
#6478=AXIS2_PLACEMENT_3D('',#6475,#6476,#6477);
#6479=PLANE('',#6478);
#6481=ORIENTED_EDGE('',*,*,#6480,.T.);
#6483=ORIENTED_EDGE('',*,*,#6482,.F.);
#6485=ORIENTED_EDGE('',*,*,#6484,.F.);
#6487=ORIENTED_EDGE('',*,*,#6486,.F.);
#6489=ORIENTED_EDGE('',*,*,#6488,.F.);
#6491=ORIENTED_EDGE('',*,*,#6490,.F.);
#6492=ORIENTED_EDGE('',*,*,#6317,.T.);
#6494=ORIENTED_EDGE('',*,*,#6493,.T.);
#6495=EDGE_LOOP('',(#6481,#6483,#6485,#6487,#6489,#6491,#6492,#6494));
#6496=FACE_OUTER_BOUND('',#6495,.F.);
#6497=ADVANCED_FACE('',(#6496),#6479,.T.);
#6498=CARTESIAN_POINT('',(-8.85E0,1.35E0,-2.5E0));
#6499=DIRECTION('',(0.E0,-1.E0,0.E0));
#6500=DIRECTION('',(0.E0,0.E0,-1.E0));
#6501=AXIS2_PLACEMENT_3D('',#6498,#6499,#6500);
#6502=PLANE('',#6501);
#6503=ORIENTED_EDGE('',*,*,#6337,.T.);
#6505=ORIENTED_EDGE('',*,*,#6504,.T.);
#6507=ORIENTED_EDGE('',*,*,#6506,.F.);
#6509=ORIENTED_EDGE('',*,*,#6508,.F.);
#6511=ORIENTED_EDGE('',*,*,#6510,.F.);
#6513=ORIENTED_EDGE('',*,*,#6512,.F.);
#6514=EDGE_LOOP('',(#6503,#6505,#6507,#6509,#6511,#6513));
#6515=FACE_OUTER_BOUND('',#6514,.F.);
#6516=ADVANCED_FACE('',(#6515),#6502,.T.);
#6517=CARTESIAN_POINT('',(-8.85E0,1.35E0,-2.5E0));
#6518=DIRECTION('',(0.E0,-1.E0,0.E0));
#6519=DIRECTION('',(0.E0,0.E0,-1.E0));
#6520=AXIS2_PLACEMENT_3D('',#6517,#6518,#6519);
#6521=PLANE('',#6520);
#6522=ORIENTED_EDGE('',*,*,#6352,.T.);
#6524=ORIENTED_EDGE('',*,*,#6523,.T.);
#6526=ORIENTED_EDGE('',*,*,#6525,.T.);
#6528=ORIENTED_EDGE('',*,*,#6527,.F.);
#6530=ORIENTED_EDGE('',*,*,#6529,.F.);
#6532=ORIENTED_EDGE('',*,*,#6531,.F.);
#6533=ORIENTED_EDGE('',*,*,#5793,.F.);
#6534=ORIENTED_EDGE('',*,*,#5613,.F.);
#6535=EDGE_LOOP('',(#6522,#6524,#6526,#6528,#6530,#6532,#6533,#6534));
#6536=FACE_OUTER_BOUND('',#6535,.F.);
#6537=ADVANCED_FACE('',(#6536),#6521,.T.);
#6538=CARTESIAN_POINT('',(-8.85E0,1.35E0,-2.5E0));
#6539=DIRECTION('',(0.E0,-1.E0,0.E0));
#6540=DIRECTION('',(0.E0,0.E0,-1.E0));
#6541=AXIS2_PLACEMENT_3D('',#6538,#6539,#6540);
#6542=PLANE('',#6541);
#6544=ORIENTED_EDGE('',*,*,#6543,.T.);
#6546=ORIENTED_EDGE('',*,*,#6545,.F.);
#6548=ORIENTED_EDGE('',*,*,#6547,.F.);
#6550=ORIENTED_EDGE('',*,*,#6549,.F.);
#6552=ORIENTED_EDGE('',*,*,#6551,.F.);
#6554=ORIENTED_EDGE('',*,*,#6553,.F.);
#6555=ORIENTED_EDGE('',*,*,#6363,.T.);
#6556=ORIENTED_EDGE('',*,*,#5672,.T.);
#6557=EDGE_LOOP('',(#6544,#6546,#6548,#6550,#6552,#6554,#6555,#6556));
#6558=FACE_OUTER_BOUND('',#6557,.F.);
#6559=ADVANCED_FACE('',(#6558),#6542,.T.);
#6560=CARTESIAN_POINT('',(-7.75E0,2.E0,-3.5E0));
#6561=DIRECTION('',(-7.071067811865E-1,0.E0,7.071067811865E-1));
#6562=DIRECTION('',(7.071067811865E-1,0.E0,7.071067811865E-1));
#6563=AXIS2_PLACEMENT_3D('',#6560,#6561,#6562);
#6564=PLANE('',#6563);
#6565=ORIENTED_EDGE('',*,*,#5819,.F.);
#6567=ORIENTED_EDGE('',*,*,#6566,.F.);
#6568=ORIENTED_EDGE('',*,*,#5547,.T.);
#6569=ORIENTED_EDGE('',*,*,#6013,.F.);
#6570=EDGE_LOOP('',(#6565,#6567,#6568,#6569));
#6571=FACE_OUTER_BOUND('',#6570,.F.);
#6572=ADVANCED_FACE('',(#6571),#6564,.F.);
#6573=CARTESIAN_POINT('',(-7.75E0,2.E0,-3.5E0));
#6574=DIRECTION('',(-7.071067811865E-1,0.E0,7.071067811865E-1));
#6575=DIRECTION('',(7.071067811865E-1,0.E0,7.071067811865E-1));
#6576=AXIS2_PLACEMENT_3D('',#6573,#6574,#6575);
#6577=PLANE('',#6576);
#6578=ORIENTED_EDGE('',*,*,#6378,.T.);
#6579=ORIENTED_EDGE('',*,*,#6045,.F.);
#6581=ORIENTED_EDGE('',*,*,#6580,.F.);
#6583=ORIENTED_EDGE('',*,*,#6582,.F.);
#6584=EDGE_LOOP('',(#6578,#6579,#6581,#6583));
#6585=FACE_OUTER_BOUND('',#6584,.F.);
#6586=ADVANCED_FACE('',(#6585),#6577,.F.);
#6587=CARTESIAN_POINT('',(-8.85E0,-2.E0,-3.5E0));
#6588=DIRECTION('',(0.E0,0.E0,-1.E0));
#6589=DIRECTION('',(0.E0,1.E0,0.E0));
#6590=AXIS2_PLACEMENT_3D('',#6587,#6588,#6589);
#6591=PLANE('',#6590);
#6592=ORIENTED_EDGE('',*,*,#6566,.T.);
#6593=ORIENTED_EDGE('',*,*,#5817,.F.);
#6595=ORIENTED_EDGE('',*,*,#6594,.F.);
#6596=ORIENTED_EDGE('',*,*,#5549,.T.);
#6597=EDGE_LOOP('',(#6592,#6593,#6595,#6596));
#6598=FACE_OUTER_BOUND('',#6597,.F.);
#6599=ADVANCED_FACE('',(#6598),#6591,.T.);
#6600=CARTESIAN_POINT('',(-8.85E0,-2.E0,-3.5E0));
#6601=DIRECTION('',(0.E0,0.E0,-1.E0));
#6602=DIRECTION('',(0.E0,1.E0,0.E0));
#6603=AXIS2_PLACEMENT_3D('',#6600,#6601,#6602);
#6604=PLANE('',#6603);
#6606=ORIENTED_EDGE('',*,*,#6605,.F.);
#6607=ORIENTED_EDGE('',*,*,#5529,.T.);
#6609=ORIENTED_EDGE('',*,*,#6608,.T.);
#6610=ORIENTED_EDGE('',*,*,#5863,.F.);
#6611=EDGE_LOOP('',(#6606,#6607,#6609,#6610));
#6612=FACE_OUTER_BOUND('',#6611,.F.);
#6613=ADVANCED_FACE('',(#6612),#6604,.T.);
#6614=CARTESIAN_POINT('',(-8.85E0,-2.E0,-3.5E0));
#6615=DIRECTION('',(0.E0,0.E0,-1.E0));
#6616=DIRECTION('',(0.E0,1.E0,0.E0));
#6617=AXIS2_PLACEMENT_3D('',#6614,#6615,#6616);
#6618=PLANE('',#6617);
#6620=ORIENTED_EDGE('',*,*,#6619,.F.);
#6621=ORIENTED_EDGE('',*,*,#5509,.T.);
#6623=ORIENTED_EDGE('',*,*,#6622,.T.);
#6624=ORIENTED_EDGE('',*,*,#5833,.F.);
#6625=EDGE_LOOP('',(#6620,#6621,#6623,#6624));
#6626=FACE_OUTER_BOUND('',#6625,.F.);
#6627=ADVANCED_FACE('',(#6626),#6618,.T.);
#6628=CARTESIAN_POINT('',(-8.85E0,-2.E0,-3.5E0));
#6629=DIRECTION('',(0.E0,0.E0,-1.E0));
#6630=DIRECTION('',(0.E0,1.E0,0.E0));
#6631=AXIS2_PLACEMENT_3D('',#6628,#6629,#6630);
#6632=PLANE('',#6631);
#6634=ORIENTED_EDGE('',*,*,#6633,.F.);
#6635=ORIENTED_EDGE('',*,*,#5497,.T.);
#6637=ORIENTED_EDGE('',*,*,#6636,.T.);
#6638=ORIENTED_EDGE('',*,*,#5885,.F.);
#6639=EDGE_LOOP('',(#6634,#6635,#6637,#6638));
#6640=FACE_OUTER_BOUND('',#6639,.F.);
#6641=ADVANCED_FACE('',(#6640),#6632,.T.);
#6642=CARTESIAN_POINT('',(-8.85E0,-2.E0,-3.5E0));
#6643=DIRECTION('',(0.E0,0.E0,-1.E0));
#6644=DIRECTION('',(0.E0,1.E0,0.E0));
#6645=AXIS2_PLACEMENT_3D('',#6642,#6643,#6644);
#6646=PLANE('',#6645);
#6648=ORIENTED_EDGE('',*,*,#6647,.F.);
#6649=ORIENTED_EDGE('',*,*,#5477,.T.);
#6651=ORIENTED_EDGE('',*,*,#6650,.T.);
#6652=ORIENTED_EDGE('',*,*,#5909,.F.);
#6653=EDGE_LOOP('',(#6648,#6649,#6651,#6652));
#6654=FACE_OUTER_BOUND('',#6653,.F.);
#6655=ADVANCED_FACE('',(#6654),#6646,.T.);
#6656=CARTESIAN_POINT('',(-8.85E0,-2.E0,-3.5E0));
#6657=DIRECTION('',(0.E0,0.E0,-1.E0));
#6658=DIRECTION('',(0.E0,1.E0,0.E0));
#6659=AXIS2_PLACEMENT_3D('',#6656,#6657,#6658);
#6660=PLANE('',#6659);
#6662=ORIENTED_EDGE('',*,*,#6661,.T.);
#6663=ORIENTED_EDGE('',*,*,#5968,.F.);
#6665=ORIENTED_EDGE('',*,*,#6664,.F.);
#6666=ORIENTED_EDGE('',*,*,#5574,.T.);
#6667=EDGE_LOOP('',(#6662,#6663,#6665,#6666));
#6668=FACE_OUTER_BOUND('',#6667,.F.);
#6669=ADVANCED_FACE('',(#6668),#6660,.T.);
#6670=CARTESIAN_POINT('',(-8.85E0,-2.E0,-3.5E0));
#6671=DIRECTION('',(0.E0,0.E0,-1.E0));
#6672=DIRECTION('',(0.E0,1.E0,0.E0));
#6673=AXIS2_PLACEMENT_3D('',#6670,#6671,#6672);
#6674=PLANE('',#6673);
#6676=ORIENTED_EDGE('',*,*,#6675,.F.);
#6677=ORIENTED_EDGE('',*,*,#5558,.T.);
#6679=ORIENTED_EDGE('',*,*,#6678,.T.);
#6680=ORIENTED_EDGE('',*,*,#5949,.F.);
#6681=EDGE_LOOP('',(#6676,#6677,#6679,#6680));
#6682=FACE_OUTER_BOUND('',#6681,.F.);
#6683=ADVANCED_FACE('',(#6682),#6674,.T.);
#6684=CARTESIAN_POINT('',(-8.85E0,-2.E0,-3.5E0));
#6685=DIRECTION('',(0.E0,0.E0,-1.E0));
#6686=DIRECTION('',(0.E0,1.E0,0.E0));
#6687=AXIS2_PLACEMENT_3D('',#6684,#6685,#6686);
#6688=PLANE('',#6687);
#6690=ORIENTED_EDGE('',*,*,#6689,.T.);
#6691=ORIENTED_EDGE('',*,*,#5998,.F.);
#6693=ORIENTED_EDGE('',*,*,#6692,.F.);
#6694=ORIENTED_EDGE('',*,*,#5437,.T.);
#6695=EDGE_LOOP('',(#6690,#6691,#6693,#6694));
#6696=FACE_OUTER_BOUND('',#6695,.F.);
#6697=ADVANCED_FACE('',(#6696),#6688,.T.);
#6698=CARTESIAN_POINT('',(-8.85E0,-2.E0,-3.5E0));
#6699=DIRECTION('',(0.E0,0.E0,-1.E0));
#6700=DIRECTION('',(0.E0,1.E0,0.E0));
#6701=AXIS2_PLACEMENT_3D('',#6698,#6699,#6700);
#6702=PLANE('',#6701);
#6704=ORIENTED_EDGE('',*,*,#6703,.T.);
#6705=ORIENTED_EDGE('',*,*,#5933,.F.);
#6707=ORIENTED_EDGE('',*,*,#6706,.F.);
#6708=ORIENTED_EDGE('',*,*,#5457,.T.);
#6709=EDGE_LOOP('',(#6704,#6705,#6707,#6708));
#6710=FACE_OUTER_BOUND('',#6709,.F.);
#6711=ADVANCED_FACE('',(#6710),#6702,.T.);
#6712=CARTESIAN_POINT('',(-8.85E0,-2.E0,0.E0));
#6713=DIRECTION('',(1.E0,0.E0,0.E0));
#6714=DIRECTION('',(0.E0,1.E0,0.E0));
#6715=AXIS2_PLACEMENT_3D('',#6712,#6713,#6714);
#6716=PLANE('',#6715);
#6718=ORIENTED_EDGE('',*,*,#6717,.T.);
#6719=ORIENTED_EDGE('',*,*,#4958,.T.);
#6720=ORIENTED_EDGE('',*,*,#5551,.T.);
#6721=ORIENTED_EDGE('',*,*,#6594,.T.);
#6722=ORIENTED_EDGE('',*,*,#5815,.T.);
#6723=ORIENTED_EDGE('',*,*,#6246,.T.);
#6724=ORIENTED_EDGE('',*,*,#4932,.T.);
#6726=ORIENTED_EDGE('',*,*,#6725,.F.);
#6727=EDGE_LOOP('',(#6718,#6719,#6720,#6721,#6722,#6723,#6724,#6726));
#6728=FACE_OUTER_BOUND('',#6727,.F.);
#6729=ADVANCED_FACE('',(#6728),#6716,.T.);
#6730=CARTESIAN_POINT('',(-8.85E0,-2.E0,0.E0));
#6731=DIRECTION('',(0.E0,-1.E0,0.E0));
#6732=DIRECTION('',(0.E0,0.E0,-1.E0));
#6733=AXIS2_PLACEMENT_3D('',#6730,#6731,#6732);
#6734=PLANE('',#6733);
#6736=ORIENTED_EDGE('',*,*,#6735,.F.);
#6737=ORIENTED_EDGE('',*,*,#4990,.T.);
#6739=ORIENTED_EDGE('',*,*,#6738,.T.);
#6741=ORIENTED_EDGE('',*,*,#6740,.F.);
#6742=EDGE_LOOP('',(#6736,#6737,#6739,#6741));
#6743=FACE_OUTER_BOUND('',#6742,.F.);
#6744=ADVANCED_FACE('',(#6743),#6734,.T.);
#6745=CARTESIAN_POINT('',(-8.85E0,-2.E0,0.E0));
#6746=DIRECTION('',(0.E0,-1.E0,0.E0));
#6747=DIRECTION('',(0.E0,0.E0,-1.E0));
#6748=AXIS2_PLACEMENT_3D('',#6745,#6746,#6747);
#6749=PLANE('',#6748);
#6750=ORIENTED_EDGE('',*,*,#6717,.F.);
#6752=ORIENTED_EDGE('',*,*,#6751,.F.);
#6754=ORIENTED_EDGE('',*,*,#6753,.F.);
#6755=ORIENTED_EDGE('',*,*,#4960,.T.);
#6756=EDGE_LOOP('',(#6750,#6752,#6754,#6755));
#6757=FACE_OUTER_BOUND('',#6756,.F.);
#6758=ADVANCED_FACE('',(#6757),#6749,.T.);
#6759=CARTESIAN_POINT('',(8.85E0,1.E0,0.E0));
#6760=DIRECTION('',(-1.E0,0.E0,0.E0));
#6761=DIRECTION('',(0.E0,-1.E0,0.E0));
#6762=AXIS2_PLACEMENT_3D('',#6759,#6760,#6761);
#6763=PLANE('',#6762);
#6764=ORIENTED_EDGE('',*,*,#6678,.F.);
#6765=ORIENTED_EDGE('',*,*,#5556,.T.);
#6766=ORIENTED_EDGE('',*,*,#4992,.F.);
#6767=ORIENTED_EDGE('',*,*,#6735,.T.);
#6769=ORIENTED_EDGE('',*,*,#6768,.F.);
#6771=ORIENTED_EDGE('',*,*,#6770,.F.);
#6772=ORIENTED_EDGE('',*,*,#6333,.F.);
#6773=ORIENTED_EDGE('',*,*,#5951,.F.);
#6774=EDGE_LOOP('',(#6764,#6765,#6766,#6767,#6769,#6771,#6772,#6773));
#6775=FACE_OUTER_BOUND('',#6774,.F.);
#6776=ADVANCED_FACE('',(#6775),#6763,.T.);
#6777=CARTESIAN_POINT('',(-8.85E0,0.E0,-5.6E0));
#6778=DIRECTION('',(0.E0,0.E0,1.E0));
#6779=DIRECTION('',(1.E0,0.E0,0.E0));
#6780=AXIS2_PLACEMENT_3D('',#6777,#6778,#6779);
#6781=PLANE('',#6780);
#6782=ORIENTED_EDGE('',*,*,#6768,.T.);
#6783=ORIENTED_EDGE('',*,*,#6740,.T.);
#6785=ORIENTED_EDGE('',*,*,#6784,.T.);
#6787=ORIENTED_EDGE('',*,*,#6786,.T.);
#6789=ORIENTED_EDGE('',*,*,#6788,.T.);
#6791=ORIENTED_EDGE('',*,*,#6790,.T.);
#6793=ORIENTED_EDGE('',*,*,#6792,.T.);
#6795=ORIENTED_EDGE('',*,*,#6794,.T.);
#6796=EDGE_LOOP('',(#6782,#6783,#6785,#6787,#6789,#6791,#6793,#6795));
#6797=FACE_OUTER_BOUND('',#6796,.F.);
#6799=ORIENTED_EDGE('',*,*,#6798,.T.);
#6801=ORIENTED_EDGE('',*,*,#6800,.T.);
#6803=ORIENTED_EDGE('',*,*,#6802,.T.);
#6805=ORIENTED_EDGE('',*,*,#6804,.T.);
#6806=EDGE_LOOP('',(#6799,#6801,#6803,#6805));
#6807=FACE_BOUND('',#6806,.F.);
#6808=ADVANCED_FACE('',(#6797,#6807),#6781,.F.);
#6809=CARTESIAN_POINT('',(-8.85E0,0.E0,-5.6E0));
#6810=DIRECTION('',(0.E0,0.E0,1.E0));
#6811=DIRECTION('',(1.E0,0.E0,0.E0));
#6812=AXIS2_PLACEMENT_3D('',#6809,#6810,#6811);
#6813=PLANE('',#6812);
#6814=ORIENTED_EDGE('',*,*,#4930,.T.);
#6816=ORIENTED_EDGE('',*,*,#6815,.T.);
#6818=ORIENTED_EDGE('',*,*,#6817,.T.);
#6820=ORIENTED_EDGE('',*,*,#6819,.T.);
#6822=ORIENTED_EDGE('',*,*,#6821,.T.);
#6824=ORIENTED_EDGE('',*,*,#6823,.T.);
#6825=ORIENTED_EDGE('',*,*,#6751,.T.);
#6826=ORIENTED_EDGE('',*,*,#6725,.T.);
#6827=EDGE_LOOP('',(#6814,#6816,#6818,#6820,#6822,#6824,#6825,#6826));
#6828=FACE_OUTER_BOUND('',#6827,.F.);
#6829=ADVANCED_FACE('',(#6828),#6813,.F.);
#6830=CARTESIAN_POINT('',(9.5E0,-2.E0,0.E0));
#6831=DIRECTION('',(1.E0,0.E0,0.E0));
#6832=DIRECTION('',(0.E0,1.E0,0.E0));
#6833=AXIS2_PLACEMENT_3D('',#6830,#6831,#6832);
#6834=PLANE('',#6833);
#6835=ORIENTED_EDGE('',*,*,#4988,.T.);
#6837=ORIENTED_EDGE('',*,*,#6836,.T.);
#6838=ORIENTED_EDGE('',*,*,#6784,.F.);
#6839=ORIENTED_EDGE('',*,*,#6738,.F.);
#6840=EDGE_LOOP('',(#6835,#6837,#6838,#6839));
#6841=FACE_OUTER_BOUND('',#6840,.F.);
#6842=ADVANCED_FACE('',(#6841),#6834,.T.);
#6843=CARTESIAN_POINT('',(9.5E0,-1.6E0,0.E0));
#6844=DIRECTION('',(0.E0,-1.E0,0.E0));
#6845=DIRECTION('',(1.E0,0.E0,0.E0));
#6846=AXIS2_PLACEMENT_3D('',#6843,#6844,#6845);
#6847=PLANE('',#6846);
#6848=ORIENTED_EDGE('',*,*,#4986,.T.);
#6850=ORIENTED_EDGE('',*,*,#6849,.T.);
#6851=ORIENTED_EDGE('',*,*,#6786,.F.);
#6852=ORIENTED_EDGE('',*,*,#6836,.F.);
#6853=EDGE_LOOP('',(#6848,#6850,#6851,#6852));
#6854=FACE_OUTER_BOUND('',#6853,.F.);
#6856=ORIENTED_EDGE('',*,*,#6855,.T.);
#6858=ORIENTED_EDGE('',*,*,#6857,.T.);
#6860=ORIENTED_EDGE('',*,*,#6859,.F.);
#6862=ORIENTED_EDGE('',*,*,#6861,.F.);
#6863=EDGE_LOOP('',(#6856,#6858,#6860,#6862));
#6864=FACE_BOUND('',#6863,.F.);
#6866=ORIENTED_EDGE('',*,*,#6865,.T.);
#6868=ORIENTED_EDGE('',*,*,#6867,.T.);
#6870=ORIENTED_EDGE('',*,*,#6869,.F.);
#6872=ORIENTED_EDGE('',*,*,#6871,.F.);
#6873=EDGE_LOOP('',(#6866,#6868,#6870,#6872));
#6874=FACE_BOUND('',#6873,.F.);
#6875=ADVANCED_FACE('',(#6854,#6864,#6874),#6847,.T.);
#6876=CARTESIAN_POINT('',(1.09E1,-1.6E0,0.E0));
#6877=DIRECTION('',(-1.E0,0.E0,0.E0));
#6878=DIRECTION('',(0.E0,-1.E0,0.E0));
#6879=AXIS2_PLACEMENT_3D('',#6876,#6877,#6878);
#6880=PLANE('',#6879);
#6881=ORIENTED_EDGE('',*,*,#4984,.T.);
#6883=ORIENTED_EDGE('',*,*,#6882,.T.);
#6884=ORIENTED_EDGE('',*,*,#6788,.F.);
#6885=ORIENTED_EDGE('',*,*,#6849,.F.);
#6886=EDGE_LOOP('',(#6881,#6883,#6884,#6885));
#6887=FACE_OUTER_BOUND('',#6886,.F.);
#6888=ADVANCED_FACE('',(#6887),#6880,.T.);
#6889=CARTESIAN_POINT('',(1.09E1,-2.E0,0.E0));
#6890=DIRECTION('',(0.E0,-1.E0,0.E0));
#6891=DIRECTION('',(1.E0,0.E0,0.E0));
#6892=AXIS2_PLACEMENT_3D('',#6889,#6890,#6891);
#6893=PLANE('',#6892);
#6894=ORIENTED_EDGE('',*,*,#4982,.T.);
#6896=ORIENTED_EDGE('',*,*,#6895,.T.);
#6897=ORIENTED_EDGE('',*,*,#6790,.F.);
#6898=ORIENTED_EDGE('',*,*,#6882,.F.);
#6899=EDGE_LOOP('',(#6894,#6896,#6897,#6898));
#6900=FACE_OUTER_BOUND('',#6899,.F.);
#6901=ADVANCED_FACE('',(#6900),#6893,.T.);
#6902=CARTESIAN_POINT('',(1.13E1,-2.E0,0.E0));
#6903=DIRECTION('',(1.E0,0.E0,0.E0));
#6904=DIRECTION('',(0.E0,1.E0,0.E0));
#6905=AXIS2_PLACEMENT_3D('',#6902,#6903,#6904);
#6906=PLANE('',#6905);
#6907=ORIENTED_EDGE('',*,*,#4980,.T.);
#6909=ORIENTED_EDGE('',*,*,#6908,.T.);
#6910=ORIENTED_EDGE('',*,*,#6792,.F.);
#6911=ORIENTED_EDGE('',*,*,#6895,.F.);
#6912=EDGE_LOOP('',(#6907,#6909,#6910,#6911));
#6913=FACE_OUTER_BOUND('',#6912,.F.);
#6914=ADVANCED_FACE('',(#6913),#6906,.T.);
#6915=CARTESIAN_POINT('',(1.13E1,1.E0,0.E0));
#6916=DIRECTION('',(0.E0,1.E0,0.E0));
#6917=DIRECTION('',(-1.E0,0.E0,0.E0));
#6918=AXIS2_PLACEMENT_3D('',#6915,#6916,#6917);
#6919=PLANE('',#6918);
#6921=ORIENTED_EDGE('',*,*,#6920,.T.);
#6922=ORIENTED_EDGE('',*,*,#6770,.T.);
#6923=ORIENTED_EDGE('',*,*,#6794,.F.);
#6924=ORIENTED_EDGE('',*,*,#6908,.F.);
#6925=ORIENTED_EDGE('',*,*,#4978,.T.);
#6926=EDGE_LOOP('',(#6921,#6922,#6923,#6924,#6925));
#6927=FACE_OUTER_BOUND('',#6926,.F.);
#6928=ADVANCED_FACE('',(#6927),#6919,.T.);
#6929=CARTESIAN_POINT('',(8.85E0,0.E0,0.E0));
#6930=DIRECTION('',(1.E0,0.E0,0.E0));
#6931=DIRECTION('',(0.E0,-1.E0,0.E0));
#6932=AXIS2_PLACEMENT_3D('',#6929,#6930,#6931);
#6933=PLANE('',#6932);
#6934=ORIENTED_EDGE('',*,*,#6920,.F.);
#6935=ORIENTED_EDGE('',*,*,#4976,.F.);
#6937=ORIENTED_EDGE('',*,*,#6936,.F.);
#6939=ORIENTED_EDGE('',*,*,#6938,.F.);
#6940=ORIENTED_EDGE('',*,*,#6504,.F.);
#6941=ORIENTED_EDGE('',*,*,#6335,.F.);
#6942=EDGE_LOOP('',(#6934,#6935,#6937,#6939,#6940,#6941));
#6943=FACE_OUTER_BOUND('',#6942,.F.);
#6944=ADVANCED_FACE('',(#6943),#6933,.T.);
#6945=CARTESIAN_POINT('',(-8.85E0,2.E0,-3.5E0));
#6946=DIRECTION('',(0.E0,1.E0,0.E0));
#6947=DIRECTION('',(0.E0,0.E0,1.E0));
#6948=AXIS2_PLACEMENT_3D('',#6945,#6946,#6947);
#6949=PLANE('',#6948);
#6950=ORIENTED_EDGE('',*,*,#6580,.T.);
#6951=ORIENTED_EDGE('',*,*,#6043,.T.);
#6953=ORIENTED_EDGE('',*,*,#6952,.T.);
#6955=ORIENTED_EDGE('',*,*,#6954,.T.);
#6957=ORIENTED_EDGE('',*,*,#6956,.T.);
#6959=ORIENTED_EDGE('',*,*,#6958,.T.);
#6961=ORIENTED_EDGE('',*,*,#6960,.T.);
#6963=ORIENTED_EDGE('',*,*,#6962,.T.);
#6965=ORIENTED_EDGE('',*,*,#6964,.T.);
#6967=ORIENTED_EDGE('',*,*,#6966,.T.);
#6969=ORIENTED_EDGE('',*,*,#6968,.T.);
#6971=ORIENTED_EDGE('',*,*,#6970,.T.);
#6973=ORIENTED_EDGE('',*,*,#6972,.T.);
#6975=ORIENTED_EDGE('',*,*,#6974,.T.);
#6977=ORIENTED_EDGE('',*,*,#6976,.T.);
#6979=ORIENTED_EDGE('',*,*,#6978,.T.);
#6981=ORIENTED_EDGE('',*,*,#6980,.T.);
#6983=ORIENTED_EDGE('',*,*,#6982,.T.);
#6985=ORIENTED_EDGE('',*,*,#6984,.T.);
#6987=ORIENTED_EDGE('',*,*,#6986,.T.);
#6989=ORIENTED_EDGE('',*,*,#6988,.T.);
#6991=ORIENTED_EDGE('',*,*,#6990,.T.);
#6993=ORIENTED_EDGE('',*,*,#6992,.T.);
#6995=ORIENTED_EDGE('',*,*,#6994,.T.);
#6997=ORIENTED_EDGE('',*,*,#6996,.T.);
#6999=ORIENTED_EDGE('',*,*,#6998,.T.);
#7001=ORIENTED_EDGE('',*,*,#7000,.T.);
#7003=ORIENTED_EDGE('',*,*,#7002,.T.);
#7005=ORIENTED_EDGE('',*,*,#7004,.T.);
#7007=ORIENTED_EDGE('',*,*,#7006,.T.);
#7009=ORIENTED_EDGE('',*,*,#7008,.T.);
#7011=ORIENTED_EDGE('',*,*,#7010,.T.);
#7013=ORIENTED_EDGE('',*,*,#7012,.T.);
#7015=ORIENTED_EDGE('',*,*,#7014,.T.);
#7017=ORIENTED_EDGE('',*,*,#7016,.T.);
#7019=ORIENTED_EDGE('',*,*,#7018,.T.);
#7021=ORIENTED_EDGE('',*,*,#7020,.T.);
#7023=ORIENTED_EDGE('',*,*,#7022,.T.);
#7025=ORIENTED_EDGE('',*,*,#7024,.T.);
#7026=ORIENTED_EDGE('',*,*,#5797,.T.);
#7028=ORIENTED_EDGE('',*,*,#7027,.T.);
#7030=ORIENTED_EDGE('',*,*,#7029,.T.);
#7032=ORIENTED_EDGE('',*,*,#7031,.T.);
#7034=ORIENTED_EDGE('',*,*,#7033,.T.);
#7036=ORIENTED_EDGE('',*,*,#7035,.T.);
#7038=ORIENTED_EDGE('',*,*,#7037,.T.);
#7040=ORIENTED_EDGE('',*,*,#7039,.T.);
#7042=ORIENTED_EDGE('',*,*,#7041,.T.);
#7043=ORIENTED_EDGE('',*,*,#6936,.T.);
#7044=ORIENTED_EDGE('',*,*,#4974,.F.);
#7045=ORIENTED_EDGE('',*,*,#4913,.F.);
#7047=ORIENTED_EDGE('',*,*,#7046,.T.);
#7048=EDGE_LOOP('',(#6950,#6951,#6953,#6955,#6957,#6959,#6961,#6963,#6965,#6967,
#6969,#6971,#6973,#6975,#6977,#6979,#6981,#6983,#6985,#6987,#6989,#6991,#6993,
#6995,#6997,#6999,#7001,#7003,#7005,#7007,#7009,#7011,#7013,#7015,#7017,#7019,
#7021,#7023,#7025,#7026,#7028,#7030,#7032,#7034,#7036,#7038,#7040,#7042,#7043,
#7044,#7045,#7047));
#7049=FACE_OUTER_BOUND('',#7048,.F.);
#7050=ADVANCED_FACE('',(#7049),#6949,.T.);
#7051=CARTESIAN_POINT('',(-7.25E0,2.E0,-1.7E0));
#7052=DIRECTION('',(0.E0,0.E0,1.E0));
#7053=DIRECTION('',(1.E0,0.E0,0.E0));
#7054=AXIS2_PLACEMENT_3D('',#7051,#7052,#7053);
#7055=PLANE('',#7054);
#7057=ORIENTED_EDGE('',*,*,#7056,.T.);
#7059=ORIENTED_EDGE('',*,*,#7058,.F.);
#7060=ORIENTED_EDGE('',*,*,#6952,.F.);
#7061=ORIENTED_EDGE('',*,*,#6041,.T.);
#7062=EDGE_LOOP('',(#7057,#7059,#7060,#7061));
#7063=FACE_OUTER_BOUND('',#7062,.F.);
#7064=ADVANCED_FACE('',(#7063),#7055,.F.);
#7065=CARTESIAN_POINT('',(-7.25E0,2.E0,-1.7E0));
#7066=DIRECTION('',(0.E0,0.E0,1.E0));
#7067=DIRECTION('',(1.E0,0.E0,0.E0));
#7068=AXIS2_PLACEMENT_3D('',#7065,#7066,#7067);
#7069=PLANE('',#7068);
#7071=ORIENTED_EDGE('',*,*,#7070,.F.);
#7072=ORIENTED_EDGE('',*,*,#6027,.T.);
#7073=ORIENTED_EDGE('',*,*,#5539,.T.);
#7075=ORIENTED_EDGE('',*,*,#7074,.F.);
#7076=EDGE_LOOP('',(#7071,#7072,#7073,#7075));
#7077=FACE_OUTER_BOUND('',#7076,.F.);
#7078=ADVANCED_FACE('',(#7077),#7069,.F.);
#7079=CARTESIAN_POINT('',(-6.75E0,1.8E0,-1.7E0));
#7080=DIRECTION('',(0.E0,1.E0,0.E0));
#7081=DIRECTION('',(0.E0,0.E0,-1.E0));
#7082=AXIS2_PLACEMENT_3D('',#7079,#7080,#7081);
#7083=PLANE('',#7082);
#7084=ORIENTED_EDGE('',*,*,#6039,.T.);
#7085=ORIENTED_EDGE('',*,*,#6072,.F.);
#7087=ORIENTED_EDGE('',*,*,#7086,.F.);
#7088=ORIENTED_EDGE('',*,*,#7056,.F.);
#7089=EDGE_LOOP('',(#7084,#7085,#7087,#7088));
#7090=FACE_OUTER_BOUND('',#7089,.F.);
#7091=ADVANCED_FACE('',(#7090),#7083,.T.);
#7092=CARTESIAN_POINT('',(-6.75E0,2.E0,-1.7E0));
#7093=DIRECTION('',(1.E0,0.E0,0.E0));
#7094=DIRECTION('',(0.E0,0.E0,-1.E0));
#7095=AXIS2_PLACEMENT_3D('',#7092,#7093,#7094);
#7096=PLANE('',#7095);
#7097=ORIENTED_EDGE('',*,*,#6066,.F.);
#7098=ORIENTED_EDGE('',*,*,#5533,.T.);
#7100=ORIENTED_EDGE('',*,*,#7099,.F.);
#7101=ORIENTED_EDGE('',*,*,#5859,.F.);
#7102=EDGE_LOOP('',(#7097,#7098,#7100,#7101));
#7103=FACE_OUTER_BOUND('',#7102,.F.);
#7104=ADVANCED_FACE('',(#7103),#7096,.F.);
#7105=CARTESIAN_POINT('',(-6.75E0,2.E0,-1.7E0));
#7106=DIRECTION('',(1.E0,0.E0,0.E0));
#7107=DIRECTION('',(0.E0,0.E0,-1.E0));
#7108=AXIS2_PLACEMENT_3D('',#7105,#7106,#7107);
#7109=PLANE('',#7108);
#7111=ORIENTED_EDGE('',*,*,#7110,.T.);
#7113=ORIENTED_EDGE('',*,*,#7112,.F.);
#7114=ORIENTED_EDGE('',*,*,#7074,.T.);
#7115=ORIENTED_EDGE('',*,*,#5537,.T.);
#7116=EDGE_LOOP('',(#7111,#7113,#7114,#7115));
#7117=FACE_OUTER_BOUND('',#7116,.F.);
#7118=ADVANCED_FACE('',(#7117),#7109,.F.);
#7119=CARTESIAN_POINT('',(-6.75E0,2.E0,-1.7E0));
#7120=DIRECTION('',(1.E0,0.E0,0.E0));
#7121=DIRECTION('',(0.E0,0.E0,-1.E0));
#7122=AXIS2_PLACEMENT_3D('',#7119,#7120,#7121);
#7123=PLANE('',#7122);
#7124=ORIENTED_EDGE('',*,*,#7086,.T.);
#7125=ORIENTED_EDGE('',*,*,#6070,.F.);
#7126=ORIENTED_EDGE('',*,*,#6422,.T.);
#7128=ORIENTED_EDGE('',*,*,#7127,.F.);
#7129=ORIENTED_EDGE('',*,*,#6954,.F.);
#7130=ORIENTED_EDGE('',*,*,#7058,.T.);
#7131=EDGE_LOOP('',(#7124,#7125,#7126,#7128,#7129,#7130));
#7132=FACE_OUTER_BOUND('',#7131,.F.);
#7133=ADVANCED_FACE('',(#7132),#7123,.F.);
#7134=CARTESIAN_POINT('',(-6.75E0,2.E0,-3.E0));
#7135=DIRECTION('',(7.071067811865E-1,0.E0,7.071067811865E-1));
#7136=DIRECTION('',(7.071067811865E-1,0.E0,-7.071067811865E-1));
#7137=AXIS2_PLACEMENT_3D('',#7134,#7135,#7136);
#7138=PLANE('',#7137);
#7139=ORIENTED_EDGE('',*,*,#5861,.F.);
#7140=ORIENTED_EDGE('',*,*,#7099,.T.);
#7141=ORIENTED_EDGE('',*,*,#5531,.T.);
#7142=ORIENTED_EDGE('',*,*,#6605,.T.);
#7143=EDGE_LOOP('',(#7139,#7140,#7141,#7142));
#7144=FACE_OUTER_BOUND('',#7143,.F.);
#7145=ADVANCED_FACE('',(#7144),#7138,.F.);
#7146=CARTESIAN_POINT('',(-6.75E0,2.E0,-3.E0));
#7147=DIRECTION('',(7.071067811865E-1,0.E0,7.071067811865E-1));
#7148=DIRECTION('',(7.071067811865E-1,0.E0,-7.071067811865E-1));
#7149=AXIS2_PLACEMENT_3D('',#7146,#7147,#7148);
#7150=PLANE('',#7149);
#7151=ORIENTED_EDGE('',*,*,#6420,.T.);
#7153=ORIENTED_EDGE('',*,*,#7152,.T.);
#7154=ORIENTED_EDGE('',*,*,#6956,.F.);
#7155=ORIENTED_EDGE('',*,*,#7127,.T.);
#7156=EDGE_LOOP('',(#7151,#7153,#7154,#7155));
#7157=FACE_OUTER_BOUND('',#7156,.F.);
#7158=ADVANCED_FACE('',(#7157),#7150,.F.);
#7159=CARTESIAN_POINT('',(-8.85E0,1.35E0,-3.5E0));
#7160=DIRECTION('',(0.E0,0.E0,-1.E0));
#7161=DIRECTION('',(0.E0,1.E0,0.E0));
#7162=AXIS2_PLACEMENT_3D('',#7159,#7160,#7161);
#7163=PLANE('',#7162);
#7164=ORIENTED_EDGE('',*,*,#6582,.T.);
#7165=ORIENTED_EDGE('',*,*,#7046,.F.);
#7166=ORIENTED_EDGE('',*,*,#4911,.F.);
#7167=ORIENTED_EDGE('',*,*,#6380,.T.);
#7168=EDGE_LOOP('',(#7164,#7165,#7166,#7167));
#7169=FACE_OUTER_BOUND('',#7168,.F.);
#7170=ADVANCED_FACE('',(#7169),#7163,.T.);
#7171=CARTESIAN_POINT('',(-8.85E0,1.35E0,-3.5E0));
#7172=DIRECTION('',(0.E0,0.E0,-1.E0));
#7173=DIRECTION('',(0.E0,1.E0,0.E0));
#7174=AXIS2_PLACEMENT_3D('',#7171,#7172,#7173);
#7175=PLANE('',#7174);
#7176=ORIENTED_EDGE('',*,*,#7152,.F.);
#7177=ORIENTED_EDGE('',*,*,#6418,.T.);
#7179=ORIENTED_EDGE('',*,*,#7178,.T.);
#7180=ORIENTED_EDGE('',*,*,#6958,.F.);
#7181=EDGE_LOOP('',(#7176,#7177,#7179,#7180));
#7182=FACE_OUTER_BOUND('',#7181,.F.);
#7183=ADVANCED_FACE('',(#7182),#7175,.T.);
#7184=CARTESIAN_POINT('',(-8.85E0,1.35E0,-3.5E0));
#7185=DIRECTION('',(0.E0,0.E0,-1.E0));
#7186=DIRECTION('',(0.E0,1.E0,0.E0));
#7187=AXIS2_PLACEMENT_3D('',#7184,#7185,#7186);
#7188=PLANE('',#7187);
#7190=ORIENTED_EDGE('',*,*,#7189,.F.);
#7191=ORIENTED_EDGE('',*,*,#6398,.T.);
#7193=ORIENTED_EDGE('',*,*,#7192,.T.);
#7194=ORIENTED_EDGE('',*,*,#6970,.F.);
#7195=EDGE_LOOP('',(#7190,#7191,#7193,#7194));
#7196=FACE_OUTER_BOUND('',#7195,.F.);
#7197=ADVANCED_FACE('',(#7196),#7188,.T.);
#7198=CARTESIAN_POINT('',(-8.85E0,1.35E0,-3.5E0));
#7199=DIRECTION('',(0.E0,0.E0,-1.E0));
#7200=DIRECTION('',(0.E0,1.E0,0.E0));
#7201=AXIS2_PLACEMENT_3D('',#7198,#7199,#7200);
#7202=PLANE('',#7201);
#7204=ORIENTED_EDGE('',*,*,#7203,.F.);
#7205=ORIENTED_EDGE('',*,*,#6440,.T.);
#7207=ORIENTED_EDGE('',*,*,#7206,.T.);
#7208=ORIENTED_EDGE('',*,*,#6982,.F.);
#7209=EDGE_LOOP('',(#7204,#7205,#7207,#7208));
#7210=FACE_OUTER_BOUND('',#7209,.F.);
#7211=ADVANCED_FACE('',(#7210),#7202,.T.);
#7212=CARTESIAN_POINT('',(-8.85E0,1.35E0,-3.5E0));
#7213=DIRECTION('',(0.E0,0.E0,-1.E0));
#7214=DIRECTION('',(0.E0,1.E0,0.E0));
#7215=AXIS2_PLACEMENT_3D('',#7212,#7213,#7214);
#7216=PLANE('',#7215);
#7218=ORIENTED_EDGE('',*,*,#7217,.F.);
#7219=ORIENTED_EDGE('',*,*,#6461,.T.);
#7221=ORIENTED_EDGE('',*,*,#7220,.T.);
#7222=ORIENTED_EDGE('',*,*,#6994,.F.);
#7223=EDGE_LOOP('',(#7218,#7219,#7221,#7222));
#7224=FACE_OUTER_BOUND('',#7223,.F.);
#7225=ADVANCED_FACE('',(#7224),#7216,.T.);
#7226=CARTESIAN_POINT('',(-8.85E0,1.35E0,-3.5E0));
#7227=DIRECTION('',(0.E0,0.E0,-1.E0));
#7228=DIRECTION('',(0.E0,1.E0,0.E0));
#7229=AXIS2_PLACEMENT_3D('',#7226,#7227,#7228);
#7230=PLANE('',#7229);
#7232=ORIENTED_EDGE('',*,*,#7231,.T.);
#7233=ORIENTED_EDGE('',*,*,#7029,.F.);
#7235=ORIENTED_EDGE('',*,*,#7234,.F.);
#7236=ORIENTED_EDGE('',*,*,#6529,.T.);
#7237=EDGE_LOOP('',(#7232,#7233,#7235,#7236));
#7238=FACE_OUTER_BOUND('',#7237,.F.);
#7239=ADVANCED_FACE('',(#7238),#7230,.T.);
#7240=CARTESIAN_POINT('',(-8.85E0,1.35E0,-3.5E0));
#7241=DIRECTION('',(0.E0,0.E0,-1.E0));
#7242=DIRECTION('',(0.E0,1.E0,0.E0));
#7243=AXIS2_PLACEMENT_3D('',#7240,#7241,#7242);
#7244=PLANE('',#7243);
#7246=ORIENTED_EDGE('',*,*,#7245,.F.);
#7247=ORIENTED_EDGE('',*,*,#6506,.T.);
#7248=ORIENTED_EDGE('',*,*,#6938,.T.);
#7249=ORIENTED_EDGE('',*,*,#7041,.F.);
#7250=EDGE_LOOP('',(#7246,#7247,#7248,#7249));
#7251=FACE_OUTER_BOUND('',#7250,.F.);
#7252=ADVANCED_FACE('',(#7251),#7244,.T.);
#7253=CARTESIAN_POINT('',(-8.85E0,1.35E0,-3.5E0));
#7254=DIRECTION('',(0.E0,0.E0,-1.E0));
#7255=DIRECTION('',(0.E0,1.E0,0.E0));
#7256=AXIS2_PLACEMENT_3D('',#7253,#7254,#7255);
#7257=PLANE('',#7256);
#7259=ORIENTED_EDGE('',*,*,#7258,.T.);
#7260=ORIENTED_EDGE('',*,*,#7018,.F.);
#7262=ORIENTED_EDGE('',*,*,#7261,.F.);
#7263=ORIENTED_EDGE('',*,*,#6547,.T.);
#7264=EDGE_LOOP('',(#7259,#7260,#7262,#7263));
#7265=FACE_OUTER_BOUND('',#7264,.F.);
#7266=ADVANCED_FACE('',(#7265),#7257,.T.);
#7267=CARTESIAN_POINT('',(-8.85E0,1.35E0,-3.5E0));
#7268=DIRECTION('',(0.E0,0.E0,-1.E0));
#7269=DIRECTION('',(0.E0,1.E0,0.E0));
#7270=AXIS2_PLACEMENT_3D('',#7267,#7268,#7269);
#7271=PLANE('',#7270);
#7273=ORIENTED_EDGE('',*,*,#7272,.T.);
#7274=ORIENTED_EDGE('',*,*,#7006,.F.);
#7276=ORIENTED_EDGE('',*,*,#7275,.F.);
#7277=ORIENTED_EDGE('',*,*,#6484,.T.);
#7278=EDGE_LOOP('',(#7273,#7274,#7276,#7277));
#7279=FACE_OUTER_BOUND('',#7278,.F.);
#7280=ADVANCED_FACE('',(#7279),#7271,.T.);
#7281=CARTESIAN_POINT('',(-5.75E0,2.E0,-3.5E0));
#7282=DIRECTION('',(-7.071067811865E-1,0.E0,7.071067811865E-1));
#7283=DIRECTION('',(7.071067811865E-1,0.E0,7.071067811865E-1));
#7284=AXIS2_PLACEMENT_3D('',#7281,#7282,#7283);
#7285=PLANE('',#7284);
#7286=ORIENTED_EDGE('',*,*,#5865,.F.);
#7287=ORIENTED_EDGE('',*,*,#6608,.F.);
#7288=ORIENTED_EDGE('',*,*,#5527,.T.);
#7290=ORIENTED_EDGE('',*,*,#7289,.F.);
#7291=EDGE_LOOP('',(#7286,#7287,#7288,#7290));
#7292=FACE_OUTER_BOUND('',#7291,.F.);
#7293=ADVANCED_FACE('',(#7292),#7285,.F.);
#7294=CARTESIAN_POINT('',(-5.75E0,2.E0,-3.5E0));
#7295=DIRECTION('',(-7.071067811865E-1,0.E0,7.071067811865E-1));
#7296=DIRECTION('',(7.071067811865E-1,0.E0,7.071067811865E-1));
#7297=AXIS2_PLACEMENT_3D('',#7294,#7295,#7296);
#7298=PLANE('',#7297);
#7299=ORIENTED_EDGE('',*,*,#6416,.T.);
#7301=ORIENTED_EDGE('',*,*,#7300,.F.);
#7302=ORIENTED_EDGE('',*,*,#6960,.F.);
#7303=ORIENTED_EDGE('',*,*,#7178,.F.);
#7304=EDGE_LOOP('',(#7299,#7301,#7302,#7303));
#7305=FACE_OUTER_BOUND('',#7304,.F.);
#7306=ADVANCED_FACE('',(#7305),#7298,.F.);
#7307=CARTESIAN_POINT('',(-5.25E0,2.E0,-3.E0));
#7308=DIRECTION('',(-1.E0,0.E0,0.E0));
#7309=DIRECTION('',(0.E0,0.E0,1.E0));
#7310=AXIS2_PLACEMENT_3D('',#7307,#7308,#7309);
#7311=PLANE('',#7310);
#7313=ORIENTED_EDGE('',*,*,#7312,.T.);
#7314=ORIENTED_EDGE('',*,*,#5851,.T.);
#7315=ORIENTED_EDGE('',*,*,#7289,.T.);
#7316=ORIENTED_EDGE('',*,*,#5525,.T.);
#7317=EDGE_LOOP('',(#7313,#7314,#7315,#7316));
#7318=FACE_OUTER_BOUND('',#7317,.F.);
#7319=ADVANCED_FACE('',(#7318),#7311,.F.);
#7320=CARTESIAN_POINT('',(-5.25E0,2.E0,-3.E0));
#7321=DIRECTION('',(-1.E0,0.E0,0.E0));
#7322=DIRECTION('',(0.E0,0.E0,1.E0));
#7323=AXIS2_PLACEMENT_3D('',#7320,#7321,#7322);
#7324=PLANE('',#7323);
#7326=ORIENTED_EDGE('',*,*,#7325,.F.);
#7327=ORIENTED_EDGE('',*,*,#5521,.T.);
#7329=ORIENTED_EDGE('',*,*,#7328,.F.);
#7331=ORIENTED_EDGE('',*,*,#7330,.T.);
#7332=EDGE_LOOP('',(#7326,#7327,#7329,#7331));
#7333=FACE_OUTER_BOUND('',#7332,.F.);
#7334=ADVANCED_FACE('',(#7333),#7324,.F.);
#7335=CARTESIAN_POINT('',(-5.25E0,2.E0,-3.E0));
#7336=DIRECTION('',(-1.E0,0.E0,0.E0));
#7337=DIRECTION('',(0.E0,0.E0,1.E0));
#7338=AXIS2_PLACEMENT_3D('',#7335,#7336,#7337);
#7339=PLANE('',#7338);
#7341=ORIENTED_EDGE('',*,*,#7340,.F.);
#7343=ORIENTED_EDGE('',*,*,#7342,.F.);
#7344=ORIENTED_EDGE('',*,*,#6962,.F.);
#7345=ORIENTED_EDGE('',*,*,#7300,.T.);
#7346=ORIENTED_EDGE('',*,*,#6414,.F.);
#7348=ORIENTED_EDGE('',*,*,#7347,.T.);
#7349=EDGE_LOOP('',(#7341,#7343,#7344,#7345,#7346,#7348));
#7350=FACE_OUTER_BOUND('',#7349,.F.);
#7351=ADVANCED_FACE('',(#7350),#7339,.F.);
#7352=CARTESIAN_POINT('',(-4.75E0,1.8E0,-2.65E0));
#7353=DIRECTION('',(0.E0,0.E0,-1.E0));
#7354=DIRECTION('',(0.E0,-1.E0,0.E0));
#7355=AXIS2_PLACEMENT_3D('',#7352,#7353,#7354);
#7356=PLANE('',#7355);
#7358=ORIENTED_EDGE('',*,*,#7357,.T.);
#7360=ORIENTED_EDGE('',*,*,#7359,.F.);
#7362=ORIENTED_EDGE('',*,*,#7361,.T.);
#7364=ORIENTED_EDGE('',*,*,#7363,.T.);
#7365=ORIENTED_EDGE('',*,*,#7347,.F.);
#7367=ORIENTED_EDGE('',*,*,#7366,.T.);
#7368=ORIENTED_EDGE('',*,*,#7312,.F.);
#7370=ORIENTED_EDGE('',*,*,#7369,.T.);
#7372=ORIENTED_EDGE('',*,*,#7371,.F.);
#7374=ORIENTED_EDGE('',*,*,#7373,.F.);
#7375=EDGE_LOOP('',(#7358,#7360,#7362,#7364,#7365,#7367,#7368,#7370,#7372,
#7374));
#7376=FACE_OUTER_BOUND('',#7375,.F.);
#7377=ADVANCED_FACE('',(#7376),#7356,.T.);
#7378=CARTESIAN_POINT('',(-4.75E0,2.E0,-1.7E0));
#7379=DIRECTION('',(1.E0,0.E0,0.E0));
#7380=DIRECTION('',(0.E0,0.E0,-1.E0));
#7381=AXIS2_PLACEMENT_3D('',#7378,#7379,#7380);
#7382=PLANE('',#7381);
#7383=ORIENTED_EDGE('',*,*,#7357,.F.);
#7384=ORIENTED_EDGE('',*,*,#5513,.T.);
#7386=ORIENTED_EDGE('',*,*,#7385,.F.);
#7387=ORIENTED_EDGE('',*,*,#5829,.F.);
#7388=EDGE_LOOP('',(#7383,#7384,#7386,#7387));
#7389=FACE_OUTER_BOUND('',#7388,.F.);
#7390=ADVANCED_FACE('',(#7389),#7382,.F.);
#7391=CARTESIAN_POINT('',(-4.75E0,2.E0,-1.7E0));
#7392=DIRECTION('',(1.E0,0.E0,0.E0));
#7393=DIRECTION('',(0.E0,0.E0,-1.E0));
#7394=AXIS2_PLACEMENT_3D('',#7391,#7392,#7393);
#7395=PLANE('',#7394);
#7397=ORIENTED_EDGE('',*,*,#7396,.T.);
#7399=ORIENTED_EDGE('',*,*,#7398,.F.);
#7401=ORIENTED_EDGE('',*,*,#7400,.T.);
#7402=ORIENTED_EDGE('',*,*,#5517,.T.);
#7403=EDGE_LOOP('',(#7397,#7399,#7401,#7402));
#7404=FACE_OUTER_BOUND('',#7403,.F.);
#7405=ADVANCED_FACE('',(#7404),#7395,.F.);
#7406=CARTESIAN_POINT('',(-4.75E0,2.E0,-1.7E0));
#7407=DIRECTION('',(1.E0,0.E0,0.E0));
#7408=DIRECTION('',(0.E0,0.E0,-1.E0));
#7409=AXIS2_PLACEMENT_3D('',#7406,#7407,#7408);
#7410=PLANE('',#7409);
#7412=ORIENTED_EDGE('',*,*,#7411,.T.);
#7413=ORIENTED_EDGE('',*,*,#7361,.F.);
#7414=ORIENTED_EDGE('',*,*,#6402,.T.);
#7416=ORIENTED_EDGE('',*,*,#7415,.F.);
#7417=ORIENTED_EDGE('',*,*,#6966,.F.);
#7419=ORIENTED_EDGE('',*,*,#7418,.T.);
#7420=EDGE_LOOP('',(#7412,#7413,#7414,#7416,#7417,#7419));
#7421=FACE_OUTER_BOUND('',#7420,.F.);
#7422=ADVANCED_FACE('',(#7421),#7410,.F.);
#7423=CARTESIAN_POINT('',(-4.75E0,2.E0,-3.E0));
#7424=DIRECTION('',(7.071067811865E-1,0.E0,7.071067811865E-1));
#7425=DIRECTION('',(7.071067811865E-1,0.E0,-7.071067811865E-1));
#7426=AXIS2_PLACEMENT_3D('',#7423,#7424,#7425);
#7427=PLANE('',#7426);
#7428=ORIENTED_EDGE('',*,*,#5831,.F.);
#7429=ORIENTED_EDGE('',*,*,#7385,.T.);
#7430=ORIENTED_EDGE('',*,*,#5511,.T.);
#7431=ORIENTED_EDGE('',*,*,#6619,.T.);
#7432=EDGE_LOOP('',(#7428,#7429,#7430,#7431));
#7433=FACE_OUTER_BOUND('',#7432,.F.);
#7434=ADVANCED_FACE('',(#7433),#7427,.F.);
#7435=CARTESIAN_POINT('',(-4.75E0,2.E0,-3.E0));
#7436=DIRECTION('',(7.071067811865E-1,0.E0,7.071067811865E-1));
#7437=DIRECTION('',(7.071067811865E-1,0.E0,-7.071067811865E-1));
#7438=AXIS2_PLACEMENT_3D('',#7435,#7436,#7437);
#7439=PLANE('',#7438);
#7440=ORIENTED_EDGE('',*,*,#6400,.T.);
#7441=ORIENTED_EDGE('',*,*,#7189,.T.);
#7442=ORIENTED_EDGE('',*,*,#6968,.F.);
#7443=ORIENTED_EDGE('',*,*,#7415,.T.);
#7444=EDGE_LOOP('',(#7440,#7441,#7442,#7443));
#7445=FACE_OUTER_BOUND('',#7444,.F.);
#7446=ADVANCED_FACE('',(#7445),#7439,.F.);
#7447=CARTESIAN_POINT('',(-4.75E0,-3.5E0,-1.95E0));
#7448=DIRECTION('',(0.E0,0.E0,1.E0));
#7449=DIRECTION('',(0.E0,1.E0,0.E0));
#7450=AXIS2_PLACEMENT_3D('',#7447,#7448,#7449);
#7451=PLANE('',#7450);
#7452=ORIENTED_EDGE('',*,*,#7396,.F.);
#7454=ORIENTED_EDGE('',*,*,#7453,.F.);
#7456=ORIENTED_EDGE('',*,*,#7455,.T.);
#7458=ORIENTED_EDGE('',*,*,#7457,.T.);
#7459=ORIENTED_EDGE('',*,*,#7325,.T.);
#7461=ORIENTED_EDGE('',*,*,#7460,.F.);
#7462=EDGE_LOOP('',(#7452,#7454,#7456,#7458,#7459,#7461));
#7463=FACE_OUTER_BOUND('',#7462,.F.);
#7464=ADVANCED_FACE('',(#7463),#7451,.T.);
#7465=CARTESIAN_POINT('',(-4.75E0,0.E0,-1.7E0));
#7466=DIRECTION('',(-1.E0,0.E0,0.E0));
#7467=DIRECTION('',(0.E0,0.E0,1.E0));
#7468=AXIS2_PLACEMENT_3D('',#7465,#7466,#7467);
#7469=PLANE('',#7468);
#7470=ORIENTED_EDGE('',*,*,#5008,.F.);
#7472=ORIENTED_EDGE('',*,*,#7471,.T.);
#7474=ORIENTED_EDGE('',*,*,#7473,.T.);
#7476=ORIENTED_EDGE('',*,*,#7475,.T.);
#7478=ORIENTED_EDGE('',*,*,#7477,.T.);
#7480=ORIENTED_EDGE('',*,*,#7479,.T.);
#7481=EDGE_LOOP('',(#7470,#7472,#7474,#7476,#7478,#7480));
#7482=FACE_OUTER_BOUND('',#7481,.F.);
#7483=ADVANCED_FACE('',(#7482),#7469,.F.);
#7484=CARTESIAN_POINT('',(-4.75E0,0.E0,-1.7E0));
#7485=DIRECTION('',(-1.E0,0.E0,0.E0));
#7486=DIRECTION('',(0.E0,0.E0,1.E0));
#7487=AXIS2_PLACEMENT_3D('',#7484,#7485,#7486);
#7488=PLANE('',#7487);
#7489=ORIENTED_EDGE('',*,*,#7359,.T.);
#7490=ORIENTED_EDGE('',*,*,#5841,.F.);
#7491=ORIENTED_EDGE('',*,*,#6263,.T.);
#7492=ORIENTED_EDGE('',*,*,#6404,.T.);
#7493=EDGE_LOOP('',(#7489,#7490,#7491,#7492));
#7494=FACE_OUTER_BOUND('',#7493,.F.);
#7495=ADVANCED_FACE('',(#7494),#7488,.F.);
#7496=CARTESIAN_POINT('',(-4.75E0,0.E0,-1.7E0));
#7497=DIRECTION('',(-1.E0,0.E0,0.E0));
#7498=DIRECTION('',(0.E0,0.E0,1.E0));
#7499=AXIS2_PLACEMENT_3D('',#7496,#7497,#7498);
#7500=PLANE('',#7499);
#7501=ORIENTED_EDGE('',*,*,#7373,.T.);
#7503=ORIENTED_EDGE('',*,*,#7502,.T.);
#7504=ORIENTED_EDGE('',*,*,#7453,.T.);
#7505=ORIENTED_EDGE('',*,*,#5515,.T.);
#7506=EDGE_LOOP('',(#7501,#7503,#7504,#7505));
#7507=FACE_OUTER_BOUND('',#7506,.F.);
#7508=ADVANCED_FACE('',(#7507),#7500,.F.);
#7509=CARTESIAN_POINT('',(-4.75E0,-1.2E0,0.E0));
#7510=DIRECTION('',(0.E0,-1.E0,0.E0));
#7511=DIRECTION('',(0.E0,0.E0,1.E0));
#7512=AXIS2_PLACEMENT_3D('',#7509,#7510,#7511);
#7513=PLANE('',#7512);
#7514=ORIENTED_EDGE('',*,*,#5014,.T.);
#7516=ORIENTED_EDGE('',*,*,#7515,.T.);
#7518=ORIENTED_EDGE('',*,*,#7517,.F.);
#7519=ORIENTED_EDGE('',*,*,#7471,.F.);
#7520=EDGE_LOOP('',(#7514,#7516,#7518,#7519));
#7521=FACE_OUTER_BOUND('',#7520,.F.);
#7522=ADVANCED_FACE('',(#7521),#7513,.T.);
#7523=CARTESIAN_POINT('',(-5.25E0,0.E0,-1.7E0));
#7524=DIRECTION('',(-1.E0,0.E0,0.E0));
#7525=DIRECTION('',(0.E0,0.E0,1.E0));
#7526=AXIS2_PLACEMENT_3D('',#7523,#7524,#7525);
#7527=PLANE('',#7526);
#7528=ORIENTED_EDGE('',*,*,#5012,.T.);
#7530=ORIENTED_EDGE('',*,*,#7529,.F.);
#7532=ORIENTED_EDGE('',*,*,#7531,.F.);
#7534=ORIENTED_EDGE('',*,*,#7533,.F.);
#7536=ORIENTED_EDGE('',*,*,#7535,.F.);
#7537=ORIENTED_EDGE('',*,*,#7515,.F.);
#7538=EDGE_LOOP('',(#7528,#7530,#7532,#7534,#7536,#7537));
#7539=FACE_OUTER_BOUND('',#7538,.F.);
#7540=ADVANCED_FACE('',(#7539),#7527,.T.);
#7541=CARTESIAN_POINT('',(-5.25E0,0.E0,-1.7E0));
#7542=DIRECTION('',(-1.E0,0.E0,0.E0));
#7543=DIRECTION('',(0.E0,0.E0,1.E0));
#7544=AXIS2_PLACEMENT_3D('',#7541,#7542,#7543);
#7545=PLANE('',#7544);
#7546=ORIENTED_EDGE('',*,*,#7366,.F.);
#7547=ORIENTED_EDGE('',*,*,#6426,.F.);
#7548=ORIENTED_EDGE('',*,*,#6277,.F.);
#7549=ORIENTED_EDGE('',*,*,#5853,.F.);
#7550=EDGE_LOOP('',(#7546,#7547,#7548,#7549));
#7551=FACE_OUTER_BOUND('',#7550,.F.);
#7552=ADVANCED_FACE('',(#7551),#7545,.T.);
#7553=CARTESIAN_POINT('',(-5.25E0,0.E0,-1.7E0));
#7554=DIRECTION('',(-1.E0,0.E0,0.E0));
#7555=DIRECTION('',(0.E0,0.E0,1.E0));
#7556=AXIS2_PLACEMENT_3D('',#7553,#7554,#7555);
#7557=PLANE('',#7556);
#7558=ORIENTED_EDGE('',*,*,#7369,.F.);
#7559=ORIENTED_EDGE('',*,*,#5523,.F.);
#7560=ORIENTED_EDGE('',*,*,#7457,.F.);
#7562=ORIENTED_EDGE('',*,*,#7561,.F.);
#7563=EDGE_LOOP('',(#7558,#7559,#7560,#7562));
#7564=FACE_OUTER_BOUND('',#7563,.F.);
#7565=ADVANCED_FACE('',(#7564),#7557,.T.);
#7566=CARTESIAN_POINT('',(-4.75E0,1.2E0,3.25E0));
#7567=DIRECTION('',(0.E0,1.E0,0.E0));
#7568=DIRECTION('',(0.E0,0.E0,-1.E0));
#7569=AXIS2_PLACEMENT_3D('',#7566,#7567,#7568);
#7570=PLANE('',#7569);
#7571=ORIENTED_EDGE('',*,*,#5010,.F.);
#7572=ORIENTED_EDGE('',*,*,#7479,.F.);
#7574=ORIENTED_EDGE('',*,*,#7573,.T.);
#7575=ORIENTED_EDGE('',*,*,#7529,.T.);
#7576=EDGE_LOOP('',(#7571,#7572,#7574,#7575));
#7577=FACE_OUTER_BOUND('',#7576,.F.);
#7578=ADVANCED_FACE('',(#7577),#7570,.T.);
#7579=CARTESIAN_POINT('',(-4.75E0,7.E-1,3.25E0));
#7580=DIRECTION('',(-1.E0,0.E0,0.E0));
#7581=DIRECTION('',(0.E0,0.E0,1.E0));
#7582=AXIS2_PLACEMENT_3D('',#7579,#7580,#7581);
#7583=CYLINDRICAL_SURFACE('',#7582,5.E-1);
#7584=ORIENTED_EDGE('',*,*,#7477,.F.);
#7586=ORIENTED_EDGE('',*,*,#7585,.T.);
#7587=ORIENTED_EDGE('',*,*,#7531,.T.);
#7588=ORIENTED_EDGE('',*,*,#7573,.F.);
#7589=EDGE_LOOP('',(#7584,#7586,#7587,#7588));
#7590=FACE_OUTER_BOUND('',#7589,.F.);
#7591=ADVANCED_FACE('',(#7590),#7583,.T.);
#7592=CARTESIAN_POINT('',(-4.75E0,-7.E-1,3.75E0));
#7593=DIRECTION('',(0.E0,0.E0,1.E0));
#7594=DIRECTION('',(0.E0,1.E0,0.E0));
#7595=AXIS2_PLACEMENT_3D('',#7592,#7593,#7594);
#7596=PLANE('',#7595);
#7597=ORIENTED_EDGE('',*,*,#7475,.F.);
#7599=ORIENTED_EDGE('',*,*,#7598,.T.);
#7600=ORIENTED_EDGE('',*,*,#7533,.T.);
#7601=ORIENTED_EDGE('',*,*,#7585,.F.);
#7602=EDGE_LOOP('',(#7597,#7599,#7600,#7601));
#7603=FACE_OUTER_BOUND('',#7602,.F.);
#7604=ADVANCED_FACE('',(#7603),#7596,.T.);
#7605=CARTESIAN_POINT('',(-4.75E0,-7.E-1,3.25E0));
#7606=DIRECTION('',(-1.E0,0.E0,0.E0));
#7607=DIRECTION('',(0.E0,0.E0,1.E0));
#7608=AXIS2_PLACEMENT_3D('',#7605,#7606,#7607);
#7609=CYLINDRICAL_SURFACE('',#7608,5.E-1);
#7610=ORIENTED_EDGE('',*,*,#7473,.F.);
#7611=ORIENTED_EDGE('',*,*,#7517,.T.);
#7612=ORIENTED_EDGE('',*,*,#7535,.T.);
#7613=ORIENTED_EDGE('',*,*,#7598,.F.);
#7614=EDGE_LOOP('',(#7610,#7611,#7612,#7613));
#7615=FACE_OUTER_BOUND('',#7614,.F.);
#7616=ADVANCED_FACE('',(#7615),#7609,.T.);
#7617=CARTESIAN_POINT('',(-4.75E0,-3.5E0,-2.65E0));
#7618=DIRECTION('',(0.E0,-1.E0,0.E0));
#7619=DIRECTION('',(0.E0,0.E0,1.E0));
#7620=AXIS2_PLACEMENT_3D('',#7617,#7618,#7619);
#7621=PLANE('',#7620);
#7622=ORIENTED_EDGE('',*,*,#7502,.F.);
#7623=ORIENTED_EDGE('',*,*,#7371,.T.);
#7624=ORIENTED_EDGE('',*,*,#7561,.T.);
#7625=ORIENTED_EDGE('',*,*,#7455,.F.);
#7626=EDGE_LOOP('',(#7622,#7623,#7624,#7625));
#7627=FACE_OUTER_BOUND('',#7626,.F.);
#7628=ADVANCED_FACE('',(#7627),#7621,.T.);
#7629=CARTESIAN_POINT('',(-4.75E0,-1.8E0,-1.95E0));
#7630=DIRECTION('',(0.E0,-1.E0,0.E0));
#7631=DIRECTION('',(0.E0,0.E0,1.E0));
#7632=AXIS2_PLACEMENT_3D('',#7629,#7630,#7631);
#7633=PLANE('',#7632);
#7634=ORIENTED_EDGE('',*,*,#7460,.T.);
#7635=ORIENTED_EDGE('',*,*,#7330,.F.);
#7637=ORIENTED_EDGE('',*,*,#7636,.T.);
#7638=ORIENTED_EDGE('',*,*,#7398,.T.);
#7639=EDGE_LOOP('',(#7634,#7635,#7637,#7638));
#7640=FACE_OUTER_BOUND('',#7639,.F.);
#7641=ADVANCED_FACE('',(#7640),#7633,.T.);
#7642=CARTESIAN_POINT('',(-5.25E0,2.E0,-1.7E0));
#7643=DIRECTION('',(0.E0,0.E0,1.E0));
#7644=DIRECTION('',(1.E0,0.E0,0.E0));
#7645=AXIS2_PLACEMENT_3D('',#7642,#7643,#7644);
#7646=PLANE('',#7645);
#7648=ORIENTED_EDGE('',*,*,#7647,.T.);
#7649=ORIENTED_EDGE('',*,*,#7418,.F.);
#7650=ORIENTED_EDGE('',*,*,#6964,.F.);
#7651=ORIENTED_EDGE('',*,*,#7342,.T.);
#7652=EDGE_LOOP('',(#7648,#7649,#7650,#7651));
#7653=FACE_OUTER_BOUND('',#7652,.F.);
#7654=ADVANCED_FACE('',(#7653),#7646,.F.);
#7655=CARTESIAN_POINT('',(-5.25E0,2.E0,-1.7E0));
#7656=DIRECTION('',(0.E0,0.E0,1.E0));
#7657=DIRECTION('',(1.E0,0.E0,0.E0));
#7658=AXIS2_PLACEMENT_3D('',#7655,#7656,#7657);
#7659=PLANE('',#7658);
#7660=ORIENTED_EDGE('',*,*,#7636,.F.);
#7661=ORIENTED_EDGE('',*,*,#7328,.T.);
#7662=ORIENTED_EDGE('',*,*,#5519,.T.);
#7663=ORIENTED_EDGE('',*,*,#7400,.F.);
#7664=EDGE_LOOP('',(#7660,#7661,#7662,#7663));
#7665=FACE_OUTER_BOUND('',#7664,.F.);
#7666=ADVANCED_FACE('',(#7665),#7659,.F.);
#7667=CARTESIAN_POINT('',(-4.75E0,1.8E0,-1.7E0));
#7668=DIRECTION('',(0.E0,1.E0,0.E0));
#7669=DIRECTION('',(0.E0,0.E0,-1.E0));
#7670=AXIS2_PLACEMENT_3D('',#7667,#7668,#7669);
#7671=PLANE('',#7670);
#7672=ORIENTED_EDGE('',*,*,#7411,.F.);
#7673=ORIENTED_EDGE('',*,*,#7647,.F.);
#7674=ORIENTED_EDGE('',*,*,#7340,.T.);
#7675=ORIENTED_EDGE('',*,*,#7363,.F.);
#7676=EDGE_LOOP('',(#7672,#7673,#7674,#7675));
#7677=FACE_OUTER_BOUND('',#7676,.F.);
#7678=ADVANCED_FACE('',(#7677),#7671,.T.);
#7679=CARTESIAN_POINT('',(-3.75E0,2.E0,-3.5E0));
#7680=DIRECTION('',(-7.071067811865E-1,0.E0,7.071067811865E-1));
#7681=DIRECTION('',(7.071067811865E-1,0.E0,7.071067811865E-1));
#7682=AXIS2_PLACEMENT_3D('',#7679,#7680,#7681);
#7683=PLANE('',#7682);
#7684=ORIENTED_EDGE('',*,*,#5835,.F.);
#7685=ORIENTED_EDGE('',*,*,#6622,.F.);
#7686=ORIENTED_EDGE('',*,*,#5507,.T.);
#7688=ORIENTED_EDGE('',*,*,#7687,.F.);
#7689=EDGE_LOOP('',(#7684,#7685,#7686,#7688));
#7690=FACE_OUTER_BOUND('',#7689,.F.);
#7691=ADVANCED_FACE('',(#7690),#7683,.F.);
#7692=CARTESIAN_POINT('',(-3.75E0,2.E0,-3.5E0));
#7693=DIRECTION('',(-7.071067811865E-1,0.E0,7.071067811865E-1));
#7694=DIRECTION('',(7.071067811865E-1,0.E0,7.071067811865E-1));
#7695=AXIS2_PLACEMENT_3D('',#7692,#7693,#7694);
#7696=PLANE('',#7695);
#7697=ORIENTED_EDGE('',*,*,#6396,.T.);
#7699=ORIENTED_EDGE('',*,*,#7698,.F.);
#7700=ORIENTED_EDGE('',*,*,#6972,.F.);
#7701=ORIENTED_EDGE('',*,*,#7192,.F.);
#7702=EDGE_LOOP('',(#7697,#7699,#7700,#7701));
#7703=FACE_OUTER_BOUND('',#7702,.F.);
#7704=ADVANCED_FACE('',(#7703),#7696,.F.);
#7705=CARTESIAN_POINT('',(-3.25E0,2.E0,-3.E0));
#7706=DIRECTION('',(-1.E0,0.E0,0.E0));
#7707=DIRECTION('',(0.E0,0.E0,1.E0));
#7708=AXIS2_PLACEMENT_3D('',#7705,#7706,#7707);
#7709=PLANE('',#7708);
#7710=ORIENTED_EDGE('',*,*,#5837,.T.);
#7711=ORIENTED_EDGE('',*,*,#7687,.T.);
#7712=ORIENTED_EDGE('',*,*,#5505,.T.);
#7714=ORIENTED_EDGE('',*,*,#7713,.F.);
#7715=ORIENTED_EDGE('',*,*,#6974,.F.);
#7716=ORIENTED_EDGE('',*,*,#7698,.T.);
#7717=ORIENTED_EDGE('',*,*,#6394,.F.);
#7718=ORIENTED_EDGE('',*,*,#6259,.F.);
#7719=EDGE_LOOP('',(#7710,#7711,#7712,#7714,#7715,#7716,#7717,#7718));
#7720=FACE_OUTER_BOUND('',#7719,.F.);
#7721=ADVANCED_FACE('',(#7720),#7709,.F.);
#7722=CARTESIAN_POINT('',(-3.25E0,2.E0,-1.7E0));
#7723=DIRECTION('',(0.E0,0.E0,1.E0));
#7724=DIRECTION('',(1.E0,0.E0,0.E0));
#7725=AXIS2_PLACEMENT_3D('',#7722,#7723,#7724);
#7726=PLANE('',#7725);
#7727=ORIENTED_EDGE('',*,*,#6976,.F.);
#7728=ORIENTED_EDGE('',*,*,#7713,.T.);
#7729=ORIENTED_EDGE('',*,*,#5503,.T.);
#7731=ORIENTED_EDGE('',*,*,#7730,.F.);
#7732=EDGE_LOOP('',(#7727,#7728,#7729,#7731));
#7733=FACE_OUTER_BOUND('',#7732,.F.);
#7734=ADVANCED_FACE('',(#7733),#7726,.F.);
#7735=CARTESIAN_POINT('',(-2.75E0,2.E0,-1.7E0));
#7736=DIRECTION('',(1.E0,0.E0,0.E0));
#7737=DIRECTION('',(0.E0,0.E0,-1.E0));
#7738=AXIS2_PLACEMENT_3D('',#7735,#7736,#7737);
#7739=PLANE('',#7738);
#7740=ORIENTED_EDGE('',*,*,#5881,.F.);
#7741=ORIENTED_EDGE('',*,*,#6289,.T.);
#7742=ORIENTED_EDGE('',*,*,#6444,.T.);
#7744=ORIENTED_EDGE('',*,*,#7743,.F.);
#7745=ORIENTED_EDGE('',*,*,#6978,.F.);
#7746=ORIENTED_EDGE('',*,*,#7730,.T.);
#7747=ORIENTED_EDGE('',*,*,#5501,.T.);
#7749=ORIENTED_EDGE('',*,*,#7748,.F.);
#7750=EDGE_LOOP('',(#7740,#7741,#7742,#7744,#7745,#7746,#7747,#7749));
#7751=FACE_OUTER_BOUND('',#7750,.F.);
#7752=ADVANCED_FACE('',(#7751),#7739,.F.);
#7753=CARTESIAN_POINT('',(-2.75E0,2.E0,-3.E0));
#7754=DIRECTION('',(7.071067811865E-1,0.E0,7.071067811865E-1));
#7755=DIRECTION('',(7.071067811865E-1,0.E0,-7.071067811865E-1));
#7756=AXIS2_PLACEMENT_3D('',#7753,#7754,#7755);
#7757=PLANE('',#7756);
#7758=ORIENTED_EDGE('',*,*,#5883,.F.);
#7759=ORIENTED_EDGE('',*,*,#7748,.T.);
#7760=ORIENTED_EDGE('',*,*,#5499,.T.);
#7761=ORIENTED_EDGE('',*,*,#6633,.T.);
#7762=EDGE_LOOP('',(#7758,#7759,#7760,#7761));
#7763=FACE_OUTER_BOUND('',#7762,.F.);
#7764=ADVANCED_FACE('',(#7763),#7757,.F.);
#7765=CARTESIAN_POINT('',(-2.75E0,2.E0,-3.E0));
#7766=DIRECTION('',(7.071067811865E-1,0.E0,7.071067811865E-1));
#7767=DIRECTION('',(7.071067811865E-1,0.E0,-7.071067811865E-1));
#7768=AXIS2_PLACEMENT_3D('',#7765,#7766,#7767);
#7769=PLANE('',#7768);
#7770=ORIENTED_EDGE('',*,*,#6442,.T.);
#7771=ORIENTED_EDGE('',*,*,#7203,.T.);
#7772=ORIENTED_EDGE('',*,*,#6980,.F.);
#7773=ORIENTED_EDGE('',*,*,#7743,.T.);
#7774=EDGE_LOOP('',(#7770,#7771,#7772,#7773));
#7775=FACE_OUTER_BOUND('',#7774,.F.);
#7776=ADVANCED_FACE('',(#7775),#7769,.F.);
#7777=CARTESIAN_POINT('',(-1.75E0,2.E0,-3.5E0));
#7778=DIRECTION('',(-7.071067811865E-1,0.E0,7.071067811865E-1));
#7779=DIRECTION('',(7.071067811865E-1,0.E0,7.071067811865E-1));
#7780=AXIS2_PLACEMENT_3D('',#7777,#7778,#7779);
#7781=PLANE('',#7780);
#7782=ORIENTED_EDGE('',*,*,#5887,.F.);
#7783=ORIENTED_EDGE('',*,*,#6636,.F.);
#7784=ORIENTED_EDGE('',*,*,#5495,.T.);
#7786=ORIENTED_EDGE('',*,*,#7785,.F.);
#7787=EDGE_LOOP('',(#7782,#7783,#7784,#7786));
#7788=FACE_OUTER_BOUND('',#7787,.F.);
#7789=ADVANCED_FACE('',(#7788),#7781,.F.);
#7790=CARTESIAN_POINT('',(-1.75E0,2.E0,-3.5E0));
#7791=DIRECTION('',(-7.071067811865E-1,0.E0,7.071067811865E-1));
#7792=DIRECTION('',(7.071067811865E-1,0.E0,7.071067811865E-1));
#7793=AXIS2_PLACEMENT_3D('',#7790,#7791,#7792);
#7794=PLANE('',#7793);
#7795=ORIENTED_EDGE('',*,*,#6438,.T.);
#7797=ORIENTED_EDGE('',*,*,#7796,.F.);
#7798=ORIENTED_EDGE('',*,*,#6984,.F.);
#7799=ORIENTED_EDGE('',*,*,#7206,.F.);
#7800=EDGE_LOOP('',(#7795,#7797,#7798,#7799));
#7801=FACE_OUTER_BOUND('',#7800,.F.);
#7802=ADVANCED_FACE('',(#7801),#7794,.F.);
#7803=CARTESIAN_POINT('',(-1.25E0,2.E0,-3.E0));
#7804=DIRECTION('',(-1.E0,0.E0,0.E0));
#7805=DIRECTION('',(0.E0,0.E0,1.E0));
#7806=AXIS2_PLACEMENT_3D('',#7803,#7804,#7805);
#7807=PLANE('',#7806);
#7809=ORIENTED_EDGE('',*,*,#7808,.T.);
#7810=ORIENTED_EDGE('',*,*,#5875,.T.);
#7811=ORIENTED_EDGE('',*,*,#7785,.T.);
#7812=ORIENTED_EDGE('',*,*,#5493,.T.);
#7813=EDGE_LOOP('',(#7809,#7810,#7811,#7812));
#7814=FACE_OUTER_BOUND('',#7813,.F.);
#7815=ADVANCED_FACE('',(#7814),#7807,.F.);
#7816=CARTESIAN_POINT('',(-1.25E0,2.E0,-3.E0));
#7817=DIRECTION('',(-1.E0,0.E0,0.E0));
#7818=DIRECTION('',(0.E0,0.E0,1.E0));
#7819=AXIS2_PLACEMENT_3D('',#7816,#7817,#7818);
#7820=PLANE('',#7819);
#7822=ORIENTED_EDGE('',*,*,#7821,.F.);
#7823=ORIENTED_EDGE('',*,*,#5489,.T.);
#7825=ORIENTED_EDGE('',*,*,#7824,.F.);
#7827=ORIENTED_EDGE('',*,*,#7826,.T.);
#7828=EDGE_LOOP('',(#7822,#7823,#7825,#7827));
#7829=FACE_OUTER_BOUND('',#7828,.F.);
#7830=ADVANCED_FACE('',(#7829),#7820,.F.);
#7831=CARTESIAN_POINT('',(-1.25E0,2.E0,-3.E0));
#7832=DIRECTION('',(-1.E0,0.E0,0.E0));
#7833=DIRECTION('',(0.E0,0.E0,1.E0));
#7834=AXIS2_PLACEMENT_3D('',#7831,#7832,#7833);
#7835=PLANE('',#7834);
#7837=ORIENTED_EDGE('',*,*,#7836,.F.);
#7839=ORIENTED_EDGE('',*,*,#7838,.F.);
#7840=ORIENTED_EDGE('',*,*,#6986,.F.);
#7841=ORIENTED_EDGE('',*,*,#7796,.T.);
#7842=ORIENTED_EDGE('',*,*,#6436,.F.);
#7844=ORIENTED_EDGE('',*,*,#7843,.T.);
#7845=EDGE_LOOP('',(#7837,#7839,#7840,#7841,#7842,#7844));
#7846=FACE_OUTER_BOUND('',#7845,.F.);
#7847=ADVANCED_FACE('',(#7846),#7835,.F.);
#7848=CARTESIAN_POINT('',(-7.5E-1,1.8E0,-2.65E0));
#7849=DIRECTION('',(0.E0,0.E0,-1.E0));
#7850=DIRECTION('',(0.E0,-1.E0,0.E0));
#7851=AXIS2_PLACEMENT_3D('',#7848,#7849,#7850);
#7852=PLANE('',#7851);
#7854=ORIENTED_EDGE('',*,*,#7853,.T.);
#7856=ORIENTED_EDGE('',*,*,#7855,.F.);
#7858=ORIENTED_EDGE('',*,*,#7857,.T.);
#7860=ORIENTED_EDGE('',*,*,#7859,.T.);
#7861=ORIENTED_EDGE('',*,*,#7843,.F.);
#7863=ORIENTED_EDGE('',*,*,#7862,.T.);
#7864=ORIENTED_EDGE('',*,*,#7808,.F.);
#7866=ORIENTED_EDGE('',*,*,#7865,.T.);
#7868=ORIENTED_EDGE('',*,*,#7867,.F.);
#7870=ORIENTED_EDGE('',*,*,#7869,.F.);
#7871=EDGE_LOOP('',(#7854,#7856,#7858,#7860,#7861,#7863,#7864,#7866,#7868,
#7870));
#7872=FACE_OUTER_BOUND('',#7871,.F.);
#7873=ADVANCED_FACE('',(#7872),#7852,.T.);
#7874=CARTESIAN_POINT('',(-7.5E-1,2.E0,-1.7E0));
#7875=DIRECTION('',(1.E0,0.E0,0.E0));
#7876=DIRECTION('',(0.E0,0.E0,-1.E0));
#7877=AXIS2_PLACEMENT_3D('',#7874,#7875,#7876);
#7878=PLANE('',#7877);
#7879=ORIENTED_EDGE('',*,*,#7853,.F.);
#7880=ORIENTED_EDGE('',*,*,#5481,.T.);
#7882=ORIENTED_EDGE('',*,*,#7881,.F.);
#7883=ORIENTED_EDGE('',*,*,#5905,.F.);
#7884=EDGE_LOOP('',(#7879,#7880,#7882,#7883));
#7885=FACE_OUTER_BOUND('',#7884,.F.);
#7886=ADVANCED_FACE('',(#7885),#7878,.F.);
#7887=CARTESIAN_POINT('',(-7.5E-1,2.E0,-1.7E0));
#7888=DIRECTION('',(1.E0,0.E0,0.E0));
#7889=DIRECTION('',(0.E0,0.E0,-1.E0));
#7890=AXIS2_PLACEMENT_3D('',#7887,#7888,#7889);
#7891=PLANE('',#7890);
#7893=ORIENTED_EDGE('',*,*,#7892,.T.);
#7895=ORIENTED_EDGE('',*,*,#7894,.F.);
#7897=ORIENTED_EDGE('',*,*,#7896,.T.);
#7898=ORIENTED_EDGE('',*,*,#5485,.T.);
#7899=EDGE_LOOP('',(#7893,#7895,#7897,#7898));
#7900=FACE_OUTER_BOUND('',#7899,.F.);
#7901=ADVANCED_FACE('',(#7900),#7891,.F.);
#7902=CARTESIAN_POINT('',(-7.5E-1,2.E0,-1.7E0));
#7903=DIRECTION('',(1.E0,0.E0,0.E0));
#7904=DIRECTION('',(0.E0,0.E0,-1.E0));
#7905=AXIS2_PLACEMENT_3D('',#7902,#7903,#7904);
#7906=PLANE('',#7905);
#7908=ORIENTED_EDGE('',*,*,#7907,.T.);
#7909=ORIENTED_EDGE('',*,*,#7857,.F.);
#7910=ORIENTED_EDGE('',*,*,#6465,.T.);
#7912=ORIENTED_EDGE('',*,*,#7911,.F.);
#7913=ORIENTED_EDGE('',*,*,#6990,.F.);
#7915=ORIENTED_EDGE('',*,*,#7914,.T.);
#7916=EDGE_LOOP('',(#7908,#7909,#7910,#7912,#7913,#7915));
#7917=FACE_OUTER_BOUND('',#7916,.F.);
#7918=ADVANCED_FACE('',(#7917),#7906,.F.);
#7919=CARTESIAN_POINT('',(-7.5E-1,2.E0,-3.E0));
#7920=DIRECTION('',(7.071067811865E-1,0.E0,7.071067811865E-1));
#7921=DIRECTION('',(7.071067811865E-1,0.E0,-7.071067811865E-1));
#7922=AXIS2_PLACEMENT_3D('',#7919,#7920,#7921);
#7923=PLANE('',#7922);
#7924=ORIENTED_EDGE('',*,*,#5907,.F.);
#7925=ORIENTED_EDGE('',*,*,#7881,.T.);
#7926=ORIENTED_EDGE('',*,*,#5479,.T.);
#7927=ORIENTED_EDGE('',*,*,#6647,.T.);
#7928=EDGE_LOOP('',(#7924,#7925,#7926,#7927));
#7929=FACE_OUTER_BOUND('',#7928,.F.);
#7930=ADVANCED_FACE('',(#7929),#7923,.F.);
#7931=CARTESIAN_POINT('',(-7.5E-1,2.E0,-3.E0));
#7932=DIRECTION('',(7.071067811865E-1,0.E0,7.071067811865E-1));
#7933=DIRECTION('',(7.071067811865E-1,0.E0,-7.071067811865E-1));
#7934=AXIS2_PLACEMENT_3D('',#7931,#7932,#7933);
#7935=PLANE('',#7934);
#7936=ORIENTED_EDGE('',*,*,#6463,.T.);
#7937=ORIENTED_EDGE('',*,*,#7217,.T.);
#7938=ORIENTED_EDGE('',*,*,#6992,.F.);
#7939=ORIENTED_EDGE('',*,*,#7911,.T.);
#7940=EDGE_LOOP('',(#7936,#7937,#7938,#7939));
#7941=FACE_OUTER_BOUND('',#7940,.F.);
#7942=ADVANCED_FACE('',(#7941),#7935,.F.);
#7943=CARTESIAN_POINT('',(-7.5E-1,-3.5E0,-1.95E0));
#7944=DIRECTION('',(0.E0,0.E0,1.E0));
#7945=DIRECTION('',(0.E0,1.E0,0.E0));
#7946=AXIS2_PLACEMENT_3D('',#7943,#7944,#7945);
#7947=PLANE('',#7946);
#7948=ORIENTED_EDGE('',*,*,#7892,.F.);
#7950=ORIENTED_EDGE('',*,*,#7949,.F.);
#7952=ORIENTED_EDGE('',*,*,#7951,.T.);
#7954=ORIENTED_EDGE('',*,*,#7953,.T.);
#7955=ORIENTED_EDGE('',*,*,#7821,.T.);
#7957=ORIENTED_EDGE('',*,*,#7956,.F.);
#7958=EDGE_LOOP('',(#7948,#7950,#7952,#7954,#7955,#7957));
#7959=FACE_OUTER_BOUND('',#7958,.F.);
#7960=ADVANCED_FACE('',(#7959),#7947,.T.);
#7961=CARTESIAN_POINT('',(-7.5E-1,0.E0,-1.7E0));
#7962=DIRECTION('',(-1.E0,0.E0,0.E0));
#7963=DIRECTION('',(0.E0,0.E0,1.E0));
#7964=AXIS2_PLACEMENT_3D('',#7961,#7962,#7963);
#7965=PLANE('',#7964);
#7966=ORIENTED_EDGE('',*,*,#5018,.F.);
#7968=ORIENTED_EDGE('',*,*,#7967,.T.);
#7970=ORIENTED_EDGE('',*,*,#7969,.T.);
#7972=ORIENTED_EDGE('',*,*,#7971,.T.);
#7974=ORIENTED_EDGE('',*,*,#7973,.T.);
#7976=ORIENTED_EDGE('',*,*,#7975,.T.);
#7977=EDGE_LOOP('',(#7966,#7968,#7970,#7972,#7974,#7976));
#7978=FACE_OUTER_BOUND('',#7977,.F.);
#7979=ADVANCED_FACE('',(#7978),#7965,.F.);
#7980=CARTESIAN_POINT('',(-7.5E-1,0.E0,-1.7E0));
#7981=DIRECTION('',(-1.E0,0.E0,0.E0));
#7982=DIRECTION('',(0.E0,0.E0,1.E0));
#7983=AXIS2_PLACEMENT_3D('',#7980,#7981,#7982);
#7984=PLANE('',#7983);
#7985=ORIENTED_EDGE('',*,*,#7855,.T.);
#7986=ORIENTED_EDGE('',*,*,#5903,.F.);
#7987=ORIENTED_EDGE('',*,*,#6304,.T.);
#7988=ORIENTED_EDGE('',*,*,#6467,.T.);
#7989=EDGE_LOOP('',(#7985,#7986,#7987,#7988));
#7990=FACE_OUTER_BOUND('',#7989,.F.);
#7991=ADVANCED_FACE('',(#7990),#7984,.F.);
#7992=CARTESIAN_POINT('',(-7.5E-1,0.E0,-1.7E0));
#7993=DIRECTION('',(-1.E0,0.E0,0.E0));
#7994=DIRECTION('',(0.E0,0.E0,1.E0));
#7995=AXIS2_PLACEMENT_3D('',#7992,#7993,#7994);
#7996=PLANE('',#7995);
#7997=ORIENTED_EDGE('',*,*,#7869,.T.);
#7999=ORIENTED_EDGE('',*,*,#7998,.T.);
#8000=ORIENTED_EDGE('',*,*,#7949,.T.);
#8001=ORIENTED_EDGE('',*,*,#5483,.T.);
#8002=EDGE_LOOP('',(#7997,#7999,#8000,#8001));
#8003=FACE_OUTER_BOUND('',#8002,.F.);
#8004=ADVANCED_FACE('',(#8003),#7996,.F.);
#8005=CARTESIAN_POINT('',(-7.5E-1,-1.2E0,0.E0));
#8006=DIRECTION('',(0.E0,-1.E0,0.E0));
#8007=DIRECTION('',(0.E0,0.E0,1.E0));
#8008=AXIS2_PLACEMENT_3D('',#8005,#8006,#8007);
#8009=PLANE('',#8008);
#8010=ORIENTED_EDGE('',*,*,#5024,.T.);
#8012=ORIENTED_EDGE('',*,*,#8011,.T.);
#8014=ORIENTED_EDGE('',*,*,#8013,.F.);
#8015=ORIENTED_EDGE('',*,*,#7967,.F.);
#8016=EDGE_LOOP('',(#8010,#8012,#8014,#8015));
#8017=FACE_OUTER_BOUND('',#8016,.F.);
#8018=ADVANCED_FACE('',(#8017),#8009,.T.);
#8019=CARTESIAN_POINT('',(-1.25E0,0.E0,-1.7E0));
#8020=DIRECTION('',(-1.E0,0.E0,0.E0));
#8021=DIRECTION('',(0.E0,0.E0,1.E0));
#8022=AXIS2_PLACEMENT_3D('',#8019,#8020,#8021);
#8023=PLANE('',#8022);
#8024=ORIENTED_EDGE('',*,*,#5022,.T.);
#8026=ORIENTED_EDGE('',*,*,#8025,.F.);
#8028=ORIENTED_EDGE('',*,*,#8027,.F.);
#8030=ORIENTED_EDGE('',*,*,#8029,.F.);
#8032=ORIENTED_EDGE('',*,*,#8031,.F.);
#8033=ORIENTED_EDGE('',*,*,#8011,.F.);
#8034=EDGE_LOOP('',(#8024,#8026,#8028,#8030,#8032,#8033));
#8035=FACE_OUTER_BOUND('',#8034,.F.);
#8036=ADVANCED_FACE('',(#8035),#8023,.T.);
#8037=CARTESIAN_POINT('',(-1.25E0,0.E0,-1.7E0));
#8038=DIRECTION('',(-1.E0,0.E0,0.E0));
#8039=DIRECTION('',(0.E0,0.E0,1.E0));
#8040=AXIS2_PLACEMENT_3D('',#8037,#8038,#8039);
#8041=PLANE('',#8040);
#8042=ORIENTED_EDGE('',*,*,#7862,.F.);
#8043=ORIENTED_EDGE('',*,*,#6447,.F.);
#8044=ORIENTED_EDGE('',*,*,#6292,.F.);
#8045=ORIENTED_EDGE('',*,*,#5877,.F.);
#8046=EDGE_LOOP('',(#8042,#8043,#8044,#8045));
#8047=FACE_OUTER_BOUND('',#8046,.F.);
#8048=ADVANCED_FACE('',(#8047),#8041,.T.);
#8049=CARTESIAN_POINT('',(-1.25E0,0.E0,-1.7E0));
#8050=DIRECTION('',(-1.E0,0.E0,0.E0));
#8051=DIRECTION('',(0.E0,0.E0,1.E0));
#8052=AXIS2_PLACEMENT_3D('',#8049,#8050,#8051);
#8053=PLANE('',#8052);
#8054=ORIENTED_EDGE('',*,*,#7865,.F.);
#8055=ORIENTED_EDGE('',*,*,#5491,.F.);
#8056=ORIENTED_EDGE('',*,*,#7953,.F.);
#8058=ORIENTED_EDGE('',*,*,#8057,.F.);
#8059=EDGE_LOOP('',(#8054,#8055,#8056,#8058));
#8060=FACE_OUTER_BOUND('',#8059,.F.);
#8061=ADVANCED_FACE('',(#8060),#8053,.T.);
#8062=CARTESIAN_POINT('',(-7.5E-1,1.2E0,3.25E0));
#8063=DIRECTION('',(0.E0,1.E0,0.E0));
#8064=DIRECTION('',(0.E0,0.E0,-1.E0));
#8065=AXIS2_PLACEMENT_3D('',#8062,#8063,#8064);
#8066=PLANE('',#8065);
#8067=ORIENTED_EDGE('',*,*,#5020,.F.);
#8068=ORIENTED_EDGE('',*,*,#7975,.F.);
#8070=ORIENTED_EDGE('',*,*,#8069,.T.);
#8071=ORIENTED_EDGE('',*,*,#8025,.T.);
#8072=EDGE_LOOP('',(#8067,#8068,#8070,#8071));
#8073=FACE_OUTER_BOUND('',#8072,.F.);
#8074=ADVANCED_FACE('',(#8073),#8066,.T.);
#8075=CARTESIAN_POINT('',(-7.5E-1,7.E-1,3.25E0));
#8076=DIRECTION('',(-1.E0,0.E0,0.E0));
#8077=DIRECTION('',(0.E0,0.E0,1.E0));
#8078=AXIS2_PLACEMENT_3D('',#8075,#8076,#8077);
#8079=CYLINDRICAL_SURFACE('',#8078,5.E-1);
#8080=ORIENTED_EDGE('',*,*,#7973,.F.);
#8082=ORIENTED_EDGE('',*,*,#8081,.T.);
#8083=ORIENTED_EDGE('',*,*,#8027,.T.);
#8084=ORIENTED_EDGE('',*,*,#8069,.F.);
#8085=EDGE_LOOP('',(#8080,#8082,#8083,#8084));
#8086=FACE_OUTER_BOUND('',#8085,.F.);
#8087=ADVANCED_FACE('',(#8086),#8079,.T.);
#8088=CARTESIAN_POINT('',(-7.5E-1,-7.E-1,3.75E0));
#8089=DIRECTION('',(0.E0,0.E0,1.E0));
#8090=DIRECTION('',(0.E0,1.E0,0.E0));
#8091=AXIS2_PLACEMENT_3D('',#8088,#8089,#8090);
#8092=PLANE('',#8091);
#8093=ORIENTED_EDGE('',*,*,#7971,.F.);
#8095=ORIENTED_EDGE('',*,*,#8094,.T.);
#8096=ORIENTED_EDGE('',*,*,#8029,.T.);
#8097=ORIENTED_EDGE('',*,*,#8081,.F.);
#8098=EDGE_LOOP('',(#8093,#8095,#8096,#8097));
#8099=FACE_OUTER_BOUND('',#8098,.F.);
#8100=ADVANCED_FACE('',(#8099),#8092,.T.);
#8101=CARTESIAN_POINT('',(-7.5E-1,-7.E-1,3.25E0));
#8102=DIRECTION('',(-1.E0,0.E0,0.E0));
#8103=DIRECTION('',(0.E0,0.E0,1.E0));
#8104=AXIS2_PLACEMENT_3D('',#8101,#8102,#8103);
#8105=CYLINDRICAL_SURFACE('',#8104,5.E-1);
#8106=ORIENTED_EDGE('',*,*,#7969,.F.);
#8107=ORIENTED_EDGE('',*,*,#8013,.T.);
#8108=ORIENTED_EDGE('',*,*,#8031,.T.);
#8109=ORIENTED_EDGE('',*,*,#8094,.F.);
#8110=EDGE_LOOP('',(#8106,#8107,#8108,#8109));
#8111=FACE_OUTER_BOUND('',#8110,.F.);
#8112=ADVANCED_FACE('',(#8111),#8105,.T.);
#8113=CARTESIAN_POINT('',(-7.5E-1,-3.5E0,-2.65E0));
#8114=DIRECTION('',(0.E0,-1.E0,0.E0));
#8115=DIRECTION('',(0.E0,0.E0,1.E0));
#8116=AXIS2_PLACEMENT_3D('',#8113,#8114,#8115);
#8117=PLANE('',#8116);
#8118=ORIENTED_EDGE('',*,*,#7998,.F.);
#8119=ORIENTED_EDGE('',*,*,#7867,.T.);
#8120=ORIENTED_EDGE('',*,*,#8057,.T.);
#8121=ORIENTED_EDGE('',*,*,#7951,.F.);
#8122=EDGE_LOOP('',(#8118,#8119,#8120,#8121));
#8123=FACE_OUTER_BOUND('',#8122,.F.);
#8124=ADVANCED_FACE('',(#8123),#8117,.T.);
#8125=CARTESIAN_POINT('',(-7.5E-1,-1.8E0,-1.95E0));
#8126=DIRECTION('',(0.E0,-1.E0,0.E0));
#8127=DIRECTION('',(0.E0,0.E0,1.E0));
#8128=AXIS2_PLACEMENT_3D('',#8125,#8126,#8127);
#8129=PLANE('',#8128);
#8130=ORIENTED_EDGE('',*,*,#7956,.T.);
#8131=ORIENTED_EDGE('',*,*,#7826,.F.);
#8133=ORIENTED_EDGE('',*,*,#8132,.T.);
#8134=ORIENTED_EDGE('',*,*,#7894,.T.);
#8135=EDGE_LOOP('',(#8130,#8131,#8133,#8134));
#8136=FACE_OUTER_BOUND('',#8135,.F.);
#8137=ADVANCED_FACE('',(#8136),#8129,.T.);
#8138=CARTESIAN_POINT('',(-1.25E0,2.E0,-1.7E0));
#8139=DIRECTION('',(0.E0,0.E0,1.E0));
#8140=DIRECTION('',(1.E0,0.E0,0.E0));
#8141=AXIS2_PLACEMENT_3D('',#8138,#8139,#8140);
#8142=PLANE('',#8141);
#8144=ORIENTED_EDGE('',*,*,#8143,.T.);
#8145=ORIENTED_EDGE('',*,*,#7914,.F.);
#8146=ORIENTED_EDGE('',*,*,#6988,.F.);
#8147=ORIENTED_EDGE('',*,*,#7838,.T.);
#8148=EDGE_LOOP('',(#8144,#8145,#8146,#8147));
#8149=FACE_OUTER_BOUND('',#8148,.F.);
#8150=ADVANCED_FACE('',(#8149),#8142,.F.);
#8151=CARTESIAN_POINT('',(-1.25E0,2.E0,-1.7E0));
#8152=DIRECTION('',(0.E0,0.E0,1.E0));
#8153=DIRECTION('',(1.E0,0.E0,0.E0));
#8154=AXIS2_PLACEMENT_3D('',#8151,#8152,#8153);
#8155=PLANE('',#8154);
#8156=ORIENTED_EDGE('',*,*,#8132,.F.);
#8157=ORIENTED_EDGE('',*,*,#7824,.T.);
#8158=ORIENTED_EDGE('',*,*,#5487,.T.);
#8159=ORIENTED_EDGE('',*,*,#7896,.F.);
#8160=EDGE_LOOP('',(#8156,#8157,#8158,#8159));
#8161=FACE_OUTER_BOUND('',#8160,.F.);
#8162=ADVANCED_FACE('',(#8161),#8155,.F.);
#8163=CARTESIAN_POINT('',(-7.5E-1,1.8E0,-1.7E0));
#8164=DIRECTION('',(0.E0,1.E0,0.E0));
#8165=DIRECTION('',(0.E0,0.E0,-1.E0));
#8166=AXIS2_PLACEMENT_3D('',#8163,#8164,#8165);
#8167=PLANE('',#8166);
#8168=ORIENTED_EDGE('',*,*,#8143,.F.);
#8169=ORIENTED_EDGE('',*,*,#7836,.T.);
#8170=ORIENTED_EDGE('',*,*,#7859,.F.);
#8171=ORIENTED_EDGE('',*,*,#7907,.F.);
#8172=EDGE_LOOP('',(#8168,#8169,#8170,#8171));
#8173=FACE_OUTER_BOUND('',#8172,.F.);
#8174=ADVANCED_FACE('',(#8173),#8167,.T.);
#8175=CARTESIAN_POINT('',(2.5E-1,2.E0,-3.5E0));
#8176=DIRECTION('',(-7.071067811865E-1,0.E0,7.071067811866E-1));
#8177=DIRECTION('',(7.071067811866E-1,0.E0,7.071067811865E-1));
#8178=AXIS2_PLACEMENT_3D('',#8175,#8176,#8177);
#8179=PLANE('',#8178);
#8180=ORIENTED_EDGE('',*,*,#5911,.F.);
#8181=ORIENTED_EDGE('',*,*,#6650,.F.);
#8182=ORIENTED_EDGE('',*,*,#5475,.T.);
#8184=ORIENTED_EDGE('',*,*,#8183,.F.);
#8185=EDGE_LOOP('',(#8180,#8181,#8182,#8184));
#8186=FACE_OUTER_BOUND('',#8185,.F.);
#8187=ADVANCED_FACE('',(#8186),#8179,.F.);
#8188=CARTESIAN_POINT('',(2.5E-1,2.E0,-3.5E0));
#8189=DIRECTION('',(-7.071067811865E-1,0.E0,7.071067811866E-1));
#8190=DIRECTION('',(7.071067811866E-1,0.E0,7.071067811865E-1));
#8191=AXIS2_PLACEMENT_3D('',#8188,#8189,#8190);
#8192=PLANE('',#8191);
#8193=ORIENTED_EDGE('',*,*,#6459,.T.);
#8195=ORIENTED_EDGE('',*,*,#8194,.F.);
#8196=ORIENTED_EDGE('',*,*,#6996,.F.);
#8197=ORIENTED_EDGE('',*,*,#7220,.F.);
#8198=EDGE_LOOP('',(#8193,#8195,#8196,#8197));
#8199=FACE_OUTER_BOUND('',#8198,.F.);
#8200=ADVANCED_FACE('',(#8199),#8192,.F.);
#8201=CARTESIAN_POINT('',(7.5E-1,2.E0,-3.E0));
#8202=DIRECTION('',(-1.E0,0.E0,0.E0));
#8203=DIRECTION('',(0.E0,0.E0,1.E0));
#8204=AXIS2_PLACEMENT_3D('',#8201,#8202,#8203);
#8205=PLANE('',#8204);
#8207=ORIENTED_EDGE('',*,*,#8206,.T.);
#8208=ORIENTED_EDGE('',*,*,#5897,.T.);
#8209=ORIENTED_EDGE('',*,*,#8183,.T.);
#8210=ORIENTED_EDGE('',*,*,#5473,.T.);
#8211=EDGE_LOOP('',(#8207,#8208,#8209,#8210));
#8212=FACE_OUTER_BOUND('',#8211,.F.);
#8213=ADVANCED_FACE('',(#8212),#8205,.F.);
#8214=CARTESIAN_POINT('',(7.5E-1,2.E0,-3.E0));
#8215=DIRECTION('',(-1.E0,0.E0,0.E0));
#8216=DIRECTION('',(0.E0,0.E0,1.E0));
#8217=AXIS2_PLACEMENT_3D('',#8214,#8215,#8216);
#8218=PLANE('',#8217);
#8220=ORIENTED_EDGE('',*,*,#8219,.F.);
#8221=ORIENTED_EDGE('',*,*,#5469,.T.);
#8223=ORIENTED_EDGE('',*,*,#8222,.F.);
#8225=ORIENTED_EDGE('',*,*,#8224,.T.);
#8226=EDGE_LOOP('',(#8220,#8221,#8223,#8225));
#8227=FACE_OUTER_BOUND('',#8226,.F.);
#8228=ADVANCED_FACE('',(#8227),#8218,.F.);
#8229=CARTESIAN_POINT('',(7.5E-1,2.E0,-3.E0));
#8230=DIRECTION('',(-1.E0,0.E0,0.E0));
#8231=DIRECTION('',(0.E0,0.E0,1.E0));
#8232=AXIS2_PLACEMENT_3D('',#8229,#8230,#8231);
#8233=PLANE('',#8232);
#8235=ORIENTED_EDGE('',*,*,#8234,.F.);
#8237=ORIENTED_EDGE('',*,*,#8236,.F.);
#8238=ORIENTED_EDGE('',*,*,#6998,.F.);
#8239=ORIENTED_EDGE('',*,*,#8194,.T.);
#8240=ORIENTED_EDGE('',*,*,#6457,.F.);
#8242=ORIENTED_EDGE('',*,*,#8241,.T.);
#8243=EDGE_LOOP('',(#8235,#8237,#8238,#8239,#8240,#8242));
#8244=FACE_OUTER_BOUND('',#8243,.F.);
#8245=ADVANCED_FACE('',(#8244),#8233,.F.);
#8246=CARTESIAN_POINT('',(1.25E0,1.8E0,-2.65E0));
#8247=DIRECTION('',(0.E0,0.E0,-1.E0));
#8248=DIRECTION('',(0.E0,-1.E0,0.E0));
#8249=AXIS2_PLACEMENT_3D('',#8246,#8247,#8248);
#8250=PLANE('',#8249);
#8252=ORIENTED_EDGE('',*,*,#8251,.T.);
#8254=ORIENTED_EDGE('',*,*,#8253,.F.);
#8256=ORIENTED_EDGE('',*,*,#8255,.T.);
#8258=ORIENTED_EDGE('',*,*,#8257,.T.);
#8259=ORIENTED_EDGE('',*,*,#8241,.F.);
#8261=ORIENTED_EDGE('',*,*,#8260,.T.);
#8262=ORIENTED_EDGE('',*,*,#8206,.F.);
#8264=ORIENTED_EDGE('',*,*,#8263,.T.);
#8266=ORIENTED_EDGE('',*,*,#8265,.F.);
#8268=ORIENTED_EDGE('',*,*,#8267,.F.);
#8269=EDGE_LOOP('',(#8252,#8254,#8256,#8258,#8259,#8261,#8262,#8264,#8266,
#8268));
#8270=FACE_OUTER_BOUND('',#8269,.F.);
#8271=ADVANCED_FACE('',(#8270),#8250,.T.);
#8272=CARTESIAN_POINT('',(1.25E0,2.E0,-1.7E0));
#8273=DIRECTION('',(1.E0,0.E0,0.E0));
#8274=DIRECTION('',(0.E0,0.E0,-1.E0));
#8275=AXIS2_PLACEMENT_3D('',#8272,#8273,#8274);
#8276=PLANE('',#8275);
#8277=ORIENTED_EDGE('',*,*,#8251,.F.);
#8278=ORIENTED_EDGE('',*,*,#5461,.T.);
#8280=ORIENTED_EDGE('',*,*,#8279,.F.);
#8281=ORIENTED_EDGE('',*,*,#5929,.F.);
#8282=EDGE_LOOP('',(#8277,#8278,#8280,#8281));
#8283=FACE_OUTER_BOUND('',#8282,.F.);
#8284=ADVANCED_FACE('',(#8283),#8276,.F.);
#8285=CARTESIAN_POINT('',(1.25E0,2.E0,-1.7E0));
#8286=DIRECTION('',(1.E0,0.E0,0.E0));
#8287=DIRECTION('',(0.E0,0.E0,-1.E0));
#8288=AXIS2_PLACEMENT_3D('',#8285,#8286,#8287);
#8289=PLANE('',#8288);
#8291=ORIENTED_EDGE('',*,*,#8290,.T.);
#8293=ORIENTED_EDGE('',*,*,#8292,.F.);
#8295=ORIENTED_EDGE('',*,*,#8294,.T.);
#8296=ORIENTED_EDGE('',*,*,#5465,.T.);
#8297=EDGE_LOOP('',(#8291,#8293,#8295,#8296));
#8298=FACE_OUTER_BOUND('',#8297,.F.);
#8299=ADVANCED_FACE('',(#8298),#8289,.F.);
#8300=CARTESIAN_POINT('',(1.25E0,2.E0,-1.7E0));
#8301=DIRECTION('',(1.E0,0.E0,0.E0));
#8302=DIRECTION('',(0.E0,0.E0,-1.E0));
#8303=AXIS2_PLACEMENT_3D('',#8300,#8301,#8302);
#8304=PLANE('',#8303);
#8306=ORIENTED_EDGE('',*,*,#8305,.T.);
#8307=ORIENTED_EDGE('',*,*,#8255,.F.);
#8308=ORIENTED_EDGE('',*,*,#6488,.T.);
#8310=ORIENTED_EDGE('',*,*,#8309,.F.);
#8311=ORIENTED_EDGE('',*,*,#7002,.F.);
#8313=ORIENTED_EDGE('',*,*,#8312,.T.);
#8314=EDGE_LOOP('',(#8306,#8307,#8308,#8310,#8311,#8313));
#8315=FACE_OUTER_BOUND('',#8314,.F.);
#8316=ADVANCED_FACE('',(#8315),#8304,.F.);
#8317=CARTESIAN_POINT('',(1.25E0,2.E0,-3.E0));
#8318=DIRECTION('',(7.071067811865E-1,0.E0,7.071067811865E-1));
#8319=DIRECTION('',(7.071067811865E-1,0.E0,-7.071067811865E-1));
#8320=AXIS2_PLACEMENT_3D('',#8317,#8318,#8319);
#8321=PLANE('',#8320);
#8322=ORIENTED_EDGE('',*,*,#5931,.F.);
#8323=ORIENTED_EDGE('',*,*,#8279,.T.);
#8324=ORIENTED_EDGE('',*,*,#5459,.T.);
#8325=ORIENTED_EDGE('',*,*,#6706,.T.);
#8326=EDGE_LOOP('',(#8322,#8323,#8324,#8325));
#8327=FACE_OUTER_BOUND('',#8326,.F.);
#8328=ADVANCED_FACE('',(#8327),#8321,.F.);
#8329=CARTESIAN_POINT('',(1.25E0,2.E0,-3.E0));
#8330=DIRECTION('',(7.071067811865E-1,0.E0,7.071067811865E-1));
#8331=DIRECTION('',(7.071067811865E-1,0.E0,-7.071067811865E-1));
#8332=AXIS2_PLACEMENT_3D('',#8329,#8330,#8331);
#8333=PLANE('',#8332);
#8334=ORIENTED_EDGE('',*,*,#6486,.T.);
#8335=ORIENTED_EDGE('',*,*,#7275,.T.);
#8336=ORIENTED_EDGE('',*,*,#7004,.F.);
#8337=ORIENTED_EDGE('',*,*,#8309,.T.);
#8338=EDGE_LOOP('',(#8334,#8335,#8336,#8337));
#8339=FACE_OUTER_BOUND('',#8338,.F.);
#8340=ADVANCED_FACE('',(#8339),#8333,.F.);
#8341=CARTESIAN_POINT('',(1.25E0,-3.5E0,-1.95E0));
#8342=DIRECTION('',(0.E0,0.E0,1.E0));
#8343=DIRECTION('',(0.E0,1.E0,0.E0));
#8344=AXIS2_PLACEMENT_3D('',#8341,#8342,#8343);
#8345=PLANE('',#8344);
#8346=ORIENTED_EDGE('',*,*,#8290,.F.);
#8348=ORIENTED_EDGE('',*,*,#8347,.F.);
#8350=ORIENTED_EDGE('',*,*,#8349,.T.);
#8352=ORIENTED_EDGE('',*,*,#8351,.T.);
#8353=ORIENTED_EDGE('',*,*,#8219,.T.);
#8355=ORIENTED_EDGE('',*,*,#8354,.F.);
#8356=EDGE_LOOP('',(#8346,#8348,#8350,#8352,#8353,#8355));
#8357=FACE_OUTER_BOUND('',#8356,.F.);
#8358=ADVANCED_FACE('',(#8357),#8345,.T.);
#8359=CARTESIAN_POINT('',(1.25E0,0.E0,-1.7E0));
#8360=DIRECTION('',(-1.E0,0.E0,0.E0));
#8361=DIRECTION('',(0.E0,0.E0,1.E0));
#8362=AXIS2_PLACEMENT_3D('',#8359,#8360,#8361);
#8363=PLANE('',#8362);
#8364=ORIENTED_EDGE('',*,*,#5028,.F.);
#8366=ORIENTED_EDGE('',*,*,#8365,.T.);
#8368=ORIENTED_EDGE('',*,*,#8367,.T.);
#8370=ORIENTED_EDGE('',*,*,#8369,.T.);
#8372=ORIENTED_EDGE('',*,*,#8371,.T.);
#8374=ORIENTED_EDGE('',*,*,#8373,.T.);
#8375=EDGE_LOOP('',(#8364,#8366,#8368,#8370,#8372,#8374));
#8376=FACE_OUTER_BOUND('',#8375,.F.);
#8377=ADVANCED_FACE('',(#8376),#8363,.F.);
#8378=CARTESIAN_POINT('',(1.25E0,0.E0,-1.7E0));
#8379=DIRECTION('',(-1.E0,0.E0,0.E0));
#8380=DIRECTION('',(0.E0,0.E0,1.E0));
#8381=AXIS2_PLACEMENT_3D('',#8378,#8379,#8380);
#8382=PLANE('',#8381);
#8383=ORIENTED_EDGE('',*,*,#8253,.T.);
#8384=ORIENTED_EDGE('',*,*,#5927,.F.);
#8385=ORIENTED_EDGE('',*,*,#6319,.T.);
#8386=ORIENTED_EDGE('',*,*,#6490,.T.);
#8387=EDGE_LOOP('',(#8383,#8384,#8385,#8386));
#8388=FACE_OUTER_BOUND('',#8387,.F.);
#8389=ADVANCED_FACE('',(#8388),#8382,.F.);
#8390=CARTESIAN_POINT('',(1.25E0,0.E0,-1.7E0));
#8391=DIRECTION('',(-1.E0,0.E0,0.E0));
#8392=DIRECTION('',(0.E0,0.E0,1.E0));
#8393=AXIS2_PLACEMENT_3D('',#8390,#8391,#8392);
#8394=PLANE('',#8393);
#8395=ORIENTED_EDGE('',*,*,#8267,.T.);
#8397=ORIENTED_EDGE('',*,*,#8396,.T.);
#8398=ORIENTED_EDGE('',*,*,#8347,.T.);
#8399=ORIENTED_EDGE('',*,*,#5463,.T.);
#8400=EDGE_LOOP('',(#8395,#8397,#8398,#8399));
#8401=FACE_OUTER_BOUND('',#8400,.F.);
#8402=ADVANCED_FACE('',(#8401),#8394,.F.);
#8403=CARTESIAN_POINT('',(1.25E0,-1.2E0,0.E0));
#8404=DIRECTION('',(0.E0,-1.E0,0.E0));
#8405=DIRECTION('',(0.E0,0.E0,1.E0));
#8406=AXIS2_PLACEMENT_3D('',#8403,#8404,#8405);
#8407=PLANE('',#8406);
#8408=ORIENTED_EDGE('',*,*,#5034,.T.);
#8410=ORIENTED_EDGE('',*,*,#8409,.T.);
#8412=ORIENTED_EDGE('',*,*,#8411,.F.);
#8413=ORIENTED_EDGE('',*,*,#8365,.F.);
#8414=EDGE_LOOP('',(#8408,#8410,#8412,#8413));
#8415=FACE_OUTER_BOUND('',#8414,.F.);
#8416=ADVANCED_FACE('',(#8415),#8407,.T.);
#8417=CARTESIAN_POINT('',(7.5E-1,0.E0,-1.7E0));
#8418=DIRECTION('',(-1.E0,0.E0,0.E0));
#8419=DIRECTION('',(0.E0,0.E0,1.E0));
#8420=AXIS2_PLACEMENT_3D('',#8417,#8418,#8419);
#8421=PLANE('',#8420);
#8422=ORIENTED_EDGE('',*,*,#5032,.T.);
#8424=ORIENTED_EDGE('',*,*,#8423,.F.);
#8426=ORIENTED_EDGE('',*,*,#8425,.F.);
#8428=ORIENTED_EDGE('',*,*,#8427,.F.);
#8430=ORIENTED_EDGE('',*,*,#8429,.F.);
#8431=ORIENTED_EDGE('',*,*,#8409,.F.);
#8432=EDGE_LOOP('',(#8422,#8424,#8426,#8428,#8430,#8431));
#8433=FACE_OUTER_BOUND('',#8432,.F.);
#8434=ADVANCED_FACE('',(#8433),#8421,.T.);
#8435=CARTESIAN_POINT('',(7.5E-1,0.E0,-1.7E0));
#8436=DIRECTION('',(-1.E0,0.E0,0.E0));
#8437=DIRECTION('',(0.E0,0.E0,1.E0));
#8438=AXIS2_PLACEMENT_3D('',#8435,#8436,#8437);
#8439=PLANE('',#8438);
#8440=ORIENTED_EDGE('',*,*,#8260,.F.);
#8441=ORIENTED_EDGE('',*,*,#6470,.F.);
#8442=ORIENTED_EDGE('',*,*,#6307,.F.);
#8443=ORIENTED_EDGE('',*,*,#5899,.F.);
#8444=EDGE_LOOP('',(#8440,#8441,#8442,#8443));
#8445=FACE_OUTER_BOUND('',#8444,.F.);
#8446=ADVANCED_FACE('',(#8445),#8439,.T.);
#8447=CARTESIAN_POINT('',(7.5E-1,0.E0,-1.7E0));
#8448=DIRECTION('',(-1.E0,0.E0,0.E0));
#8449=DIRECTION('',(0.E0,0.E0,1.E0));
#8450=AXIS2_PLACEMENT_3D('',#8447,#8448,#8449);
#8451=PLANE('',#8450);
#8452=ORIENTED_EDGE('',*,*,#8263,.F.);
#8453=ORIENTED_EDGE('',*,*,#5471,.F.);
#8454=ORIENTED_EDGE('',*,*,#8351,.F.);
#8456=ORIENTED_EDGE('',*,*,#8455,.F.);
#8457=EDGE_LOOP('',(#8452,#8453,#8454,#8456));
#8458=FACE_OUTER_BOUND('',#8457,.F.);
#8459=ADVANCED_FACE('',(#8458),#8451,.T.);
#8460=CARTESIAN_POINT('',(1.25E0,1.2E0,3.25E0));
#8461=DIRECTION('',(0.E0,1.E0,0.E0));
#8462=DIRECTION('',(0.E0,0.E0,-1.E0));
#8463=AXIS2_PLACEMENT_3D('',#8460,#8461,#8462);
#8464=PLANE('',#8463);
#8465=ORIENTED_EDGE('',*,*,#5030,.F.);
#8466=ORIENTED_EDGE('',*,*,#8373,.F.);
#8468=ORIENTED_EDGE('',*,*,#8467,.T.);
#8469=ORIENTED_EDGE('',*,*,#8423,.T.);
#8470=EDGE_LOOP('',(#8465,#8466,#8468,#8469));
#8471=FACE_OUTER_BOUND('',#8470,.F.);
#8472=ADVANCED_FACE('',(#8471),#8464,.T.);
#8473=CARTESIAN_POINT('',(1.25E0,7.E-1,3.25E0));
#8474=DIRECTION('',(-1.E0,0.E0,0.E0));
#8475=DIRECTION('',(0.E0,0.E0,1.E0));
#8476=AXIS2_PLACEMENT_3D('',#8473,#8474,#8475);
#8477=CYLINDRICAL_SURFACE('',#8476,5.E-1);
#8478=ORIENTED_EDGE('',*,*,#8371,.F.);
#8480=ORIENTED_EDGE('',*,*,#8479,.T.);
#8481=ORIENTED_EDGE('',*,*,#8425,.T.);
#8482=ORIENTED_EDGE('',*,*,#8467,.F.);
#8483=EDGE_LOOP('',(#8478,#8480,#8481,#8482));
#8484=FACE_OUTER_BOUND('',#8483,.F.);
#8485=ADVANCED_FACE('',(#8484),#8477,.T.);
#8486=CARTESIAN_POINT('',(1.25E0,-7.E-1,3.75E0));
#8487=DIRECTION('',(0.E0,0.E0,1.E0));
#8488=DIRECTION('',(0.E0,1.E0,0.E0));
#8489=AXIS2_PLACEMENT_3D('',#8486,#8487,#8488);
#8490=PLANE('',#8489);
#8491=ORIENTED_EDGE('',*,*,#8369,.F.);
#8493=ORIENTED_EDGE('',*,*,#8492,.T.);
#8494=ORIENTED_EDGE('',*,*,#8427,.T.);
#8495=ORIENTED_EDGE('',*,*,#8479,.F.);
#8496=EDGE_LOOP('',(#8491,#8493,#8494,#8495));
#8497=FACE_OUTER_BOUND('',#8496,.F.);
#8498=ADVANCED_FACE('',(#8497),#8490,.T.);
#8499=CARTESIAN_POINT('',(1.25E0,-7.E-1,3.25E0));
#8500=DIRECTION('',(-1.E0,0.E0,0.E0));
#8501=DIRECTION('',(0.E0,0.E0,1.E0));
#8502=AXIS2_PLACEMENT_3D('',#8499,#8500,#8501);
#8503=CYLINDRICAL_SURFACE('',#8502,5.E-1);
#8504=ORIENTED_EDGE('',*,*,#8367,.F.);
#8505=ORIENTED_EDGE('',*,*,#8411,.T.);
#8506=ORIENTED_EDGE('',*,*,#8429,.T.);
#8507=ORIENTED_EDGE('',*,*,#8492,.F.);
#8508=EDGE_LOOP('',(#8504,#8505,#8506,#8507));
#8509=FACE_OUTER_BOUND('',#8508,.F.);
#8510=ADVANCED_FACE('',(#8509),#8503,.T.);
#8511=CARTESIAN_POINT('',(1.25E0,-3.5E0,-2.65E0));
#8512=DIRECTION('',(0.E0,-1.E0,0.E0));
#8513=DIRECTION('',(0.E0,0.E0,1.E0));
#8514=AXIS2_PLACEMENT_3D('',#8511,#8512,#8513);
#8515=PLANE('',#8514);
#8516=ORIENTED_EDGE('',*,*,#8396,.F.);
#8517=ORIENTED_EDGE('',*,*,#8265,.T.);
#8518=ORIENTED_EDGE('',*,*,#8455,.T.);
#8519=ORIENTED_EDGE('',*,*,#8349,.F.);
#8520=EDGE_LOOP('',(#8516,#8517,#8518,#8519));
#8521=FACE_OUTER_BOUND('',#8520,.F.);
#8522=ADVANCED_FACE('',(#8521),#8515,.T.);
#8523=CARTESIAN_POINT('',(1.25E0,-1.8E0,-1.95E0));
#8524=DIRECTION('',(0.E0,-1.E0,0.E0));
#8525=DIRECTION('',(0.E0,0.E0,1.E0));
#8526=AXIS2_PLACEMENT_3D('',#8523,#8524,#8525);
#8527=PLANE('',#8526);
#8528=ORIENTED_EDGE('',*,*,#8354,.T.);
#8529=ORIENTED_EDGE('',*,*,#8224,.F.);
#8531=ORIENTED_EDGE('',*,*,#8530,.T.);
#8532=ORIENTED_EDGE('',*,*,#8292,.T.);
#8533=EDGE_LOOP('',(#8528,#8529,#8531,#8532));
#8534=FACE_OUTER_BOUND('',#8533,.F.);
#8535=ADVANCED_FACE('',(#8534),#8527,.T.);
#8536=CARTESIAN_POINT('',(7.5E-1,2.E0,-1.7E0));
#8537=DIRECTION('',(0.E0,0.E0,1.E0));
#8538=DIRECTION('',(1.E0,0.E0,0.E0));
#8539=AXIS2_PLACEMENT_3D('',#8536,#8537,#8538);
#8540=PLANE('',#8539);
#8542=ORIENTED_EDGE('',*,*,#8541,.T.);
#8543=ORIENTED_EDGE('',*,*,#8312,.F.);
#8544=ORIENTED_EDGE('',*,*,#7000,.F.);
#8545=ORIENTED_EDGE('',*,*,#8236,.T.);
#8546=EDGE_LOOP('',(#8542,#8543,#8544,#8545));
#8547=FACE_OUTER_BOUND('',#8546,.F.);
#8548=ADVANCED_FACE('',(#8547),#8540,.F.);
#8549=CARTESIAN_POINT('',(7.5E-1,2.E0,-1.7E0));
#8550=DIRECTION('',(0.E0,0.E0,1.E0));
#8551=DIRECTION('',(1.E0,0.E0,0.E0));
#8552=AXIS2_PLACEMENT_3D('',#8549,#8550,#8551);
#8553=PLANE('',#8552);
#8554=ORIENTED_EDGE('',*,*,#8530,.F.);
#8555=ORIENTED_EDGE('',*,*,#8222,.T.);
#8556=ORIENTED_EDGE('',*,*,#5467,.T.);
#8557=ORIENTED_EDGE('',*,*,#8294,.F.);
#8558=EDGE_LOOP('',(#8554,#8555,#8556,#8557));
#8559=FACE_OUTER_BOUND('',#8558,.F.);
#8560=ADVANCED_FACE('',(#8559),#8553,.F.);
#8561=CARTESIAN_POINT('',(1.25E0,1.8E0,-1.7E0));
#8562=DIRECTION('',(0.E0,1.E0,0.E0));
#8563=DIRECTION('',(0.E0,0.E0,-1.E0));
#8564=AXIS2_PLACEMENT_3D('',#8561,#8562,#8563);
#8565=PLANE('',#8564);
#8566=ORIENTED_EDGE('',*,*,#8305,.F.);
#8567=ORIENTED_EDGE('',*,*,#8541,.F.);
#8568=ORIENTED_EDGE('',*,*,#8234,.T.);
#8569=ORIENTED_EDGE('',*,*,#8257,.F.);
#8570=EDGE_LOOP('',(#8566,#8567,#8568,#8569));
#8571=FACE_OUTER_BOUND('',#8570,.F.);
#8572=ADVANCED_FACE('',(#8571),#8565,.T.);
#8573=CARTESIAN_POINT('',(6.25E0,2.E0,-3.5E0));
#8574=DIRECTION('',(-7.071067811865E-1,0.E0,7.071067811866E-1));
#8575=DIRECTION('',(7.071067811866E-1,0.E0,7.071067811865E-1));
#8576=AXIS2_PLACEMENT_3D('',#8573,#8574,#8575);
#8577=PLANE('',#8576);
#8578=ORIENTED_EDGE('',*,*,#5970,.F.);
#8579=ORIENTED_EDGE('',*,*,#6661,.F.);
#8580=ORIENTED_EDGE('',*,*,#5572,.T.);
#8582=ORIENTED_EDGE('',*,*,#8581,.F.);
#8583=EDGE_LOOP('',(#8578,#8579,#8580,#8582));
#8584=FACE_OUTER_BOUND('',#8583,.F.);
#8585=ADVANCED_FACE('',(#8584),#8577,.F.);
#8586=CARTESIAN_POINT('',(6.25E0,2.E0,-3.5E0));
#8587=DIRECTION('',(-7.071067811865E-1,0.E0,7.071067811866E-1));
#8588=DIRECTION('',(7.071067811866E-1,0.E0,7.071067811865E-1));
#8589=AXIS2_PLACEMENT_3D('',#8586,#8587,#8588);
#8590=PLANE('',#8589);
#8591=ORIENTED_EDGE('',*,*,#6527,.T.);
#8593=ORIENTED_EDGE('',*,*,#8592,.F.);
#8594=ORIENTED_EDGE('',*,*,#7031,.F.);
#8595=ORIENTED_EDGE('',*,*,#7231,.F.);
#8596=EDGE_LOOP('',(#8591,#8593,#8594,#8595));
#8597=FACE_OUTER_BOUND('',#8596,.F.);
#8598=ADVANCED_FACE('',(#8597),#8590,.F.);
#8599=CARTESIAN_POINT('',(6.75E0,2.E0,-3.E0));
#8600=DIRECTION('',(-1.E0,0.E0,0.E0));
#8601=DIRECTION('',(0.E0,0.E0,1.E0));
#8602=AXIS2_PLACEMENT_3D('',#8599,#8600,#8601);
#8603=PLANE('',#8602);
#8604=ORIENTED_EDGE('',*,*,#5972,.T.);
#8605=ORIENTED_EDGE('',*,*,#8581,.T.);
#8606=ORIENTED_EDGE('',*,*,#5570,.T.);
#8608=ORIENTED_EDGE('',*,*,#8607,.T.);
#8609=EDGE_LOOP('',(#8604,#8605,#8606,#8608));
#8610=FACE_OUTER_BOUND('',#8609,.F.);
#8611=ADVANCED_FACE('',(#8610),#8603,.F.);
#8612=CARTESIAN_POINT('',(6.75E0,2.E0,-3.E0));
#8613=DIRECTION('',(-1.E0,0.E0,0.E0));
#8614=DIRECTION('',(0.E0,0.E0,1.E0));
#8615=AXIS2_PLACEMENT_3D('',#8612,#8613,#8614);
#8616=PLANE('',#8615);
#8618=ORIENTED_EDGE('',*,*,#8617,.F.);
#8620=ORIENTED_EDGE('',*,*,#8619,.F.);
#8621=ORIENTED_EDGE('',*,*,#7033,.F.);
#8622=ORIENTED_EDGE('',*,*,#8592,.T.);
#8623=ORIENTED_EDGE('',*,*,#6525,.F.);
#8625=ORIENTED_EDGE('',*,*,#8624,.T.);
#8626=EDGE_LOOP('',(#8618,#8620,#8621,#8622,#8623,#8625));
#8627=FACE_OUTER_BOUND('',#8626,.F.);
#8628=ADVANCED_FACE('',(#8627),#8616,.F.);
#8629=CARTESIAN_POINT('',(7.25E0,1.8E0,-2.65E0));
#8630=DIRECTION('',(0.E0,0.E0,-1.E0));
#8631=DIRECTION('',(0.E0,-1.E0,0.E0));
#8632=AXIS2_PLACEMENT_3D('',#8629,#8630,#8631);
#8633=PLANE('',#8632);
#8635=ORIENTED_EDGE('',*,*,#8634,.F.);
#8637=ORIENTED_EDGE('',*,*,#8636,.T.);
#8639=ORIENTED_EDGE('',*,*,#8638,.T.);
#8640=ORIENTED_EDGE('',*,*,#8624,.F.);
#8642=ORIENTED_EDGE('',*,*,#8641,.T.);
#8643=ORIENTED_EDGE('',*,*,#8607,.F.);
#8645=ORIENTED_EDGE('',*,*,#8644,.T.);
#8647=ORIENTED_EDGE('',*,*,#8646,.F.);
#8649=ORIENTED_EDGE('',*,*,#8648,.F.);
#8651=ORIENTED_EDGE('',*,*,#8650,.T.);
#8652=EDGE_LOOP('',(#8635,#8637,#8639,#8640,#8642,#8643,#8645,#8647,#8649,
#8651));
#8653=FACE_OUTER_BOUND('',#8652,.F.);
#8654=ADVANCED_FACE('',(#8653),#8633,.T.);
#8655=CARTESIAN_POINT('',(7.25E0,0.E0,-1.7E0));
#8656=DIRECTION('',(-1.E0,0.E0,0.E0));
#8657=DIRECTION('',(0.E0,0.E0,1.E0));
#8658=AXIS2_PLACEMENT_3D('',#8655,#8656,#8657);
#8659=PLANE('',#8658);
#8660=ORIENTED_EDGE('',*,*,#5048,.F.);
#8662=ORIENTED_EDGE('',*,*,#8661,.T.);
#8664=ORIENTED_EDGE('',*,*,#8663,.T.);
#8666=ORIENTED_EDGE('',*,*,#8665,.T.);
#8668=ORIENTED_EDGE('',*,*,#8667,.T.);
#8670=ORIENTED_EDGE('',*,*,#8669,.T.);
#8671=EDGE_LOOP('',(#8660,#8662,#8664,#8666,#8668,#8670));
#8672=FACE_OUTER_BOUND('',#8671,.F.);
#8673=ADVANCED_FACE('',(#8672),#8659,.F.);
#8674=CARTESIAN_POINT('',(7.25E0,0.E0,-1.7E0));
#8675=DIRECTION('',(-1.E0,0.E0,0.E0));
#8676=DIRECTION('',(0.E0,0.E0,1.E0));
#8677=AXIS2_PLACEMENT_3D('',#8674,#8675,#8676);
#8678=PLANE('',#8677);
#8679=ORIENTED_EDGE('',*,*,#8634,.T.);
#8680=ORIENTED_EDGE('',*,*,#5955,.F.);
#8681=ORIENTED_EDGE('',*,*,#6339,.T.);
#8682=ORIENTED_EDGE('',*,*,#6512,.T.);
#8683=EDGE_LOOP('',(#8679,#8680,#8681,#8682));
#8684=FACE_OUTER_BOUND('',#8683,.F.);
#8685=ADVANCED_FACE('',(#8684),#8678,.F.);
#8686=CARTESIAN_POINT('',(7.25E0,0.E0,-1.7E0));
#8687=DIRECTION('',(-1.E0,0.E0,0.E0));
#8688=DIRECTION('',(0.E0,0.E0,1.E0));
#8689=AXIS2_PLACEMENT_3D('',#8686,#8687,#8688);
#8690=PLANE('',#8689);
#8692=ORIENTED_EDGE('',*,*,#8691,.T.);
#8693=ORIENTED_EDGE('',*,*,#5564,.T.);
#8694=ORIENTED_EDGE('',*,*,#8648,.T.);
#8696=ORIENTED_EDGE('',*,*,#8695,.T.);
#8697=EDGE_LOOP('',(#8692,#8693,#8694,#8696));
#8698=FACE_OUTER_BOUND('',#8697,.F.);
#8699=ADVANCED_FACE('',(#8698),#8690,.F.);
#8700=CARTESIAN_POINT('',(7.25E0,-1.2E0,0.E0));
#8701=DIRECTION('',(0.E0,-1.E0,0.E0));
#8702=DIRECTION('',(0.E0,0.E0,1.E0));
#8703=AXIS2_PLACEMENT_3D('',#8700,#8701,#8702);
#8704=PLANE('',#8703);
#8705=ORIENTED_EDGE('',*,*,#5054,.T.);
#8707=ORIENTED_EDGE('',*,*,#8706,.T.);
#8709=ORIENTED_EDGE('',*,*,#8708,.F.);
#8710=ORIENTED_EDGE('',*,*,#8661,.F.);
#8711=EDGE_LOOP('',(#8705,#8707,#8709,#8710));
#8712=FACE_OUTER_BOUND('',#8711,.F.);
#8713=ADVANCED_FACE('',(#8712),#8704,.T.);
#8714=CARTESIAN_POINT('',(6.75E0,0.E0,-1.7E0));
#8715=DIRECTION('',(-1.E0,0.E0,0.E0));
#8716=DIRECTION('',(0.E0,0.E0,1.E0));
#8717=AXIS2_PLACEMENT_3D('',#8714,#8715,#8716);
#8718=PLANE('',#8717);
#8719=ORIENTED_EDGE('',*,*,#5052,.T.);
#8721=ORIENTED_EDGE('',*,*,#8720,.F.);
#8723=ORIENTED_EDGE('',*,*,#8722,.F.);
#8725=ORIENTED_EDGE('',*,*,#8724,.F.);
#8727=ORIENTED_EDGE('',*,*,#8726,.F.);
#8728=ORIENTED_EDGE('',*,*,#8706,.F.);
#8729=EDGE_LOOP('',(#8719,#8721,#8723,#8725,#8727,#8728));
#8730=FACE_OUTER_BOUND('',#8729,.F.);
#8731=ADVANCED_FACE('',(#8730),#8718,.T.);
#8732=CARTESIAN_POINT('',(6.75E0,0.E0,-1.7E0));
#8733=DIRECTION('',(-1.E0,0.E0,0.E0));
#8734=DIRECTION('',(0.E0,0.E0,1.E0));
#8735=AXIS2_PLACEMENT_3D('',#8732,#8733,#8734);
#8736=PLANE('',#8735);
#8737=ORIENTED_EDGE('',*,*,#8641,.F.);
#8738=ORIENTED_EDGE('',*,*,#6523,.F.);
#8739=ORIENTED_EDGE('',*,*,#6350,.F.);
#8740=ORIENTED_EDGE('',*,*,#5974,.F.);
#8741=EDGE_LOOP('',(#8737,#8738,#8739,#8740));
#8742=FACE_OUTER_BOUND('',#8741,.F.);
#8743=ADVANCED_FACE('',(#8742),#8736,.T.);
#8744=CARTESIAN_POINT('',(6.75E0,0.E0,-1.7E0));
#8745=DIRECTION('',(-1.E0,0.E0,0.E0));
#8746=DIRECTION('',(0.E0,0.E0,1.E0));
#8747=AXIS2_PLACEMENT_3D('',#8744,#8745,#8746);
#8748=PLANE('',#8747);
#8750=ORIENTED_EDGE('',*,*,#8749,.F.);
#8752=ORIENTED_EDGE('',*,*,#8751,.F.);
#8753=ORIENTED_EDGE('',*,*,#8644,.F.);
#8754=ORIENTED_EDGE('',*,*,#5568,.F.);
#8755=EDGE_LOOP('',(#8750,#8752,#8753,#8754));
#8756=FACE_OUTER_BOUND('',#8755,.F.);
#8757=ADVANCED_FACE('',(#8756),#8748,.T.);
#8758=CARTESIAN_POINT('',(7.25E0,1.2E0,4.05E0));
#8759=DIRECTION('',(0.E0,1.E0,0.E0));
#8760=DIRECTION('',(0.E0,0.E0,-1.E0));
#8761=AXIS2_PLACEMENT_3D('',#8758,#8759,#8760);
#8762=PLANE('',#8761);
#8763=ORIENTED_EDGE('',*,*,#5050,.F.);
#8764=ORIENTED_EDGE('',*,*,#8669,.F.);
#8766=ORIENTED_EDGE('',*,*,#8765,.T.);
#8767=ORIENTED_EDGE('',*,*,#8720,.T.);
#8768=EDGE_LOOP('',(#8763,#8764,#8766,#8767));
#8769=FACE_OUTER_BOUND('',#8768,.F.);
#8770=ADVANCED_FACE('',(#8769),#8762,.T.);
#8771=CARTESIAN_POINT('',(7.25E0,7.E-1,4.05E0));
#8772=DIRECTION('',(-1.E0,0.E0,0.E0));
#8773=DIRECTION('',(0.E0,0.E0,1.E0));
#8774=AXIS2_PLACEMENT_3D('',#8771,#8772,#8773);
#8775=CYLINDRICAL_SURFACE('',#8774,5.E-1);
#8776=ORIENTED_EDGE('',*,*,#8667,.F.);
#8778=ORIENTED_EDGE('',*,*,#8777,.T.);
#8779=ORIENTED_EDGE('',*,*,#8722,.T.);
#8780=ORIENTED_EDGE('',*,*,#8765,.F.);
#8781=EDGE_LOOP('',(#8776,#8778,#8779,#8780));
#8782=FACE_OUTER_BOUND('',#8781,.F.);
#8783=ADVANCED_FACE('',(#8782),#8775,.T.);
#8784=CARTESIAN_POINT('',(7.25E0,-7.E-1,4.55E0));
#8785=DIRECTION('',(0.E0,0.E0,1.E0));
#8786=DIRECTION('',(0.E0,1.E0,0.E0));
#8787=AXIS2_PLACEMENT_3D('',#8784,#8785,#8786);
#8788=PLANE('',#8787);
#8789=ORIENTED_EDGE('',*,*,#8665,.F.);
#8791=ORIENTED_EDGE('',*,*,#8790,.T.);
#8792=ORIENTED_EDGE('',*,*,#8724,.T.);
#8793=ORIENTED_EDGE('',*,*,#8777,.F.);
#8794=EDGE_LOOP('',(#8789,#8791,#8792,#8793));
#8795=FACE_OUTER_BOUND('',#8794,.F.);
#8796=ADVANCED_FACE('',(#8795),#8788,.T.);
#8797=CARTESIAN_POINT('',(7.25E0,-7.E-1,4.05E0));
#8798=DIRECTION('',(-1.E0,0.E0,0.E0));
#8799=DIRECTION('',(0.E0,0.E0,1.E0));
#8800=AXIS2_PLACEMENT_3D('',#8797,#8798,#8799);
#8801=CYLINDRICAL_SURFACE('',#8800,5.E-1);
#8802=ORIENTED_EDGE('',*,*,#8663,.F.);
#8803=ORIENTED_EDGE('',*,*,#8708,.T.);
#8804=ORIENTED_EDGE('',*,*,#8726,.T.);
#8805=ORIENTED_EDGE('',*,*,#8790,.F.);
#8806=EDGE_LOOP('',(#8802,#8803,#8804,#8805));
#8807=FACE_OUTER_BOUND('',#8806,.F.);
#8808=ADVANCED_FACE('',(#8807),#8801,.T.);
#8809=CARTESIAN_POINT('',(7.25E0,-3.5E0,-1.95E0));
#8810=DIRECTION('',(0.E0,0.E0,1.E0));
#8811=DIRECTION('',(0.E0,1.E0,0.E0));
#8812=AXIS2_PLACEMENT_3D('',#8809,#8810,#8811);
#8813=PLANE('',#8812);
#8814=ORIENTED_EDGE('',*,*,#8691,.F.);
#8816=ORIENTED_EDGE('',*,*,#8815,.T.);
#8817=ORIENTED_EDGE('',*,*,#8749,.T.);
#8818=ORIENTED_EDGE('',*,*,#5566,.F.);
#8819=EDGE_LOOP('',(#8814,#8816,#8817,#8818));
#8820=FACE_OUTER_BOUND('',#8819,.F.);
#8821=ADVANCED_FACE('',(#8820),#8813,.T.);
#8822=CARTESIAN_POINT('',(7.25E0,-3.5E0,-2.65E0));
#8823=DIRECTION('',(0.E0,-1.E0,0.E0));
#8824=DIRECTION('',(0.E0,0.E0,1.E0));
#8825=AXIS2_PLACEMENT_3D('',#8822,#8823,#8824);
#8826=PLANE('',#8825);
#8827=ORIENTED_EDGE('',*,*,#8695,.F.);
#8828=ORIENTED_EDGE('',*,*,#8646,.T.);
#8829=ORIENTED_EDGE('',*,*,#8751,.T.);
#8830=ORIENTED_EDGE('',*,*,#8815,.F.);
#8831=EDGE_LOOP('',(#8827,#8828,#8829,#8830));
#8832=FACE_OUTER_BOUND('',#8831,.F.);
#8833=ADVANCED_FACE('',(#8832),#8826,.T.);
#8834=CARTESIAN_POINT('',(7.25E0,2.E0,-1.7E0));
#8835=DIRECTION('',(1.E0,0.E0,0.E0));
#8836=DIRECTION('',(0.E0,0.E0,-1.E0));
#8837=AXIS2_PLACEMENT_3D('',#8834,#8835,#8836);
#8838=PLANE('',#8837);
#8839=ORIENTED_EDGE('',*,*,#5945,.F.);
#8840=ORIENTED_EDGE('',*,*,#8650,.F.);
#8841=ORIENTED_EDGE('',*,*,#5562,.T.);
#8843=ORIENTED_EDGE('',*,*,#8842,.F.);
#8844=EDGE_LOOP('',(#8839,#8840,#8841,#8843));
#8845=FACE_OUTER_BOUND('',#8844,.F.);
#8846=ADVANCED_FACE('',(#8845),#8838,.F.);
#8847=CARTESIAN_POINT('',(7.25E0,2.E0,-1.7E0));
#8848=DIRECTION('',(1.E0,0.E0,0.E0));
#8849=DIRECTION('',(0.E0,0.E0,-1.E0));
#8850=AXIS2_PLACEMENT_3D('',#8847,#8848,#8849);
#8851=PLANE('',#8850);
#8853=ORIENTED_EDGE('',*,*,#8852,.T.);
#8854=ORIENTED_EDGE('',*,*,#8636,.F.);
#8855=ORIENTED_EDGE('',*,*,#6510,.T.);
#8857=ORIENTED_EDGE('',*,*,#8856,.F.);
#8858=ORIENTED_EDGE('',*,*,#7037,.F.);
#8860=ORIENTED_EDGE('',*,*,#8859,.T.);
#8861=EDGE_LOOP('',(#8853,#8854,#8855,#8857,#8858,#8860));
#8862=FACE_OUTER_BOUND('',#8861,.F.);
#8863=ADVANCED_FACE('',(#8862),#8851,.F.);
#8864=CARTESIAN_POINT('',(7.25E0,2.E0,-3.E0));
#8865=DIRECTION('',(7.071067811865E-1,0.E0,7.071067811866E-1));
#8866=DIRECTION('',(7.071067811866E-1,0.E0,-7.071067811865E-1));
#8867=AXIS2_PLACEMENT_3D('',#8864,#8865,#8866);
#8868=PLANE('',#8867);
#8869=ORIENTED_EDGE('',*,*,#5947,.F.);
#8870=ORIENTED_EDGE('',*,*,#8842,.T.);
#8871=ORIENTED_EDGE('',*,*,#5560,.T.);
#8872=ORIENTED_EDGE('',*,*,#6675,.T.);
#8873=EDGE_LOOP('',(#8869,#8870,#8871,#8872));
#8874=FACE_OUTER_BOUND('',#8873,.F.);
#8875=ADVANCED_FACE('',(#8874),#8868,.F.);
#8876=CARTESIAN_POINT('',(7.25E0,2.E0,-3.E0));
#8877=DIRECTION('',(7.071067811865E-1,0.E0,7.071067811866E-1));
#8878=DIRECTION('',(7.071067811866E-1,0.E0,-7.071067811865E-1));
#8879=AXIS2_PLACEMENT_3D('',#8876,#8877,#8878);
#8880=PLANE('',#8879);
#8881=ORIENTED_EDGE('',*,*,#6508,.T.);
#8882=ORIENTED_EDGE('',*,*,#7245,.T.);
#8883=ORIENTED_EDGE('',*,*,#7039,.F.);
#8884=ORIENTED_EDGE('',*,*,#8856,.T.);
#8885=EDGE_LOOP('',(#8881,#8882,#8883,#8884));
#8886=FACE_OUTER_BOUND('',#8885,.F.);
#8887=ADVANCED_FACE('',(#8886),#8880,.F.);
#8888=CARTESIAN_POINT('',(7.25E0,1.8E0,-1.7E0));
#8889=DIRECTION('',(0.E0,1.E0,0.E0));
#8890=DIRECTION('',(0.E0,0.E0,-1.E0));
#8891=AXIS2_PLACEMENT_3D('',#8888,#8889,#8890);
#8892=PLANE('',#8891);
#8893=ORIENTED_EDGE('',*,*,#8617,.T.);
#8894=ORIENTED_EDGE('',*,*,#8638,.F.);
#8895=ORIENTED_EDGE('',*,*,#8852,.F.);
#8897=ORIENTED_EDGE('',*,*,#8896,.F.);
#8898=EDGE_LOOP('',(#8893,#8894,#8895,#8897));
#8899=FACE_OUTER_BOUND('',#8898,.F.);
#8900=ADVANCED_FACE('',(#8899),#8892,.T.);
#8901=CARTESIAN_POINT('',(6.75E0,2.E0,-1.7E0));
#8902=DIRECTION('',(0.E0,0.E0,1.E0));
#8903=DIRECTION('',(1.E0,0.E0,0.E0));
#8904=AXIS2_PLACEMENT_3D('',#8901,#8902,#8903);
#8905=PLANE('',#8904);
#8906=ORIENTED_EDGE('',*,*,#8896,.T.);
#8907=ORIENTED_EDGE('',*,*,#8859,.F.);
#8908=ORIENTED_EDGE('',*,*,#7035,.F.);
#8909=ORIENTED_EDGE('',*,*,#8619,.T.);
#8910=EDGE_LOOP('',(#8906,#8907,#8908,#8909));
#8911=FACE_OUTER_BOUND('',#8910,.F.);
#8912=ADVANCED_FACE('',(#8911),#8905,.F.);
#8913=CARTESIAN_POINT('',(5.25E0,2.E0,-3.E0));
#8914=DIRECTION('',(7.071067811865E-1,0.E0,7.071067811865E-1));
#8915=DIRECTION('',(7.071067811865E-1,0.E0,-7.071067811865E-1));
#8916=AXIS2_PLACEMENT_3D('',#8913,#8914,#8915);
#8917=PLANE('',#8916);
#8918=ORIENTED_EDGE('',*,*,#5966,.F.);
#8919=ORIENTED_EDGE('',*,*,#5780,.T.);
#8920=ORIENTED_EDGE('',*,*,#5576,.T.);
#8921=ORIENTED_EDGE('',*,*,#6664,.T.);
#8922=EDGE_LOOP('',(#8918,#8919,#8920,#8921));
#8923=FACE_OUTER_BOUND('',#8922,.F.);
#8924=ADVANCED_FACE('',(#8923),#8917,.F.);
#8925=CARTESIAN_POINT('',(5.25E0,2.E0,-3.E0));
#8926=DIRECTION('',(7.071067811865E-1,0.E0,7.071067811865E-1));
#8927=DIRECTION('',(7.071067811865E-1,0.E0,-7.071067811865E-1));
#8928=AXIS2_PLACEMENT_3D('',#8925,#8926,#8927);
#8929=PLANE('',#8928);
#8930=ORIENTED_EDGE('',*,*,#6531,.T.);
#8931=ORIENTED_EDGE('',*,*,#7234,.T.);
#8932=ORIENTED_EDGE('',*,*,#7027,.F.);
#8933=ORIENTED_EDGE('',*,*,#5795,.T.);
#8934=EDGE_LOOP('',(#8930,#8931,#8932,#8933));
#8935=FACE_OUTER_BOUND('',#8934,.F.);
#8936=ADVANCED_FACE('',(#8935),#8929,.F.);
#8937=CARTESIAN_POINT('',(4.25E0,2.E0,-3.5E0));
#8938=DIRECTION('',(-7.071067811865E-1,0.E0,7.071067811865E-1));
#8939=DIRECTION('',(7.071067811865E-1,0.E0,7.071067811865E-1));
#8940=AXIS2_PLACEMENT_3D('',#8937,#8938,#8939);
#8941=PLANE('',#8940);
#8942=ORIENTED_EDGE('',*,*,#6000,.F.);
#8943=ORIENTED_EDGE('',*,*,#6689,.F.);
#8944=ORIENTED_EDGE('',*,*,#5435,.T.);
#8946=ORIENTED_EDGE('',*,*,#8945,.F.);
#8947=EDGE_LOOP('',(#8942,#8943,#8944,#8946));
#8948=FACE_OUTER_BOUND('',#8947,.F.);
#8949=ADVANCED_FACE('',(#8948),#8941,.F.);
#8950=CARTESIAN_POINT('',(4.25E0,2.E0,-3.5E0));
#8951=DIRECTION('',(-7.071067811865E-1,0.E0,7.071067811865E-1));
#8952=DIRECTION('',(7.071067811865E-1,0.E0,7.071067811865E-1));
#8953=AXIS2_PLACEMENT_3D('',#8950,#8951,#8952);
#8954=PLANE('',#8953);
#8955=ORIENTED_EDGE('',*,*,#6545,.T.);
#8957=ORIENTED_EDGE('',*,*,#8956,.F.);
#8958=ORIENTED_EDGE('',*,*,#7020,.F.);
#8959=ORIENTED_EDGE('',*,*,#7258,.F.);
#8960=EDGE_LOOP('',(#8955,#8957,#8958,#8959));
#8961=FACE_OUTER_BOUND('',#8960,.F.);
#8962=ADVANCED_FACE('',(#8961),#8954,.F.);
#8963=CARTESIAN_POINT('',(4.75E0,2.E0,-3.E0));
#8964=DIRECTION('',(-1.E0,0.E0,0.E0));
#8965=DIRECTION('',(0.E0,0.E0,1.E0));
#8966=AXIS2_PLACEMENT_3D('',#8963,#8964,#8965);
#8967=PLANE('',#8966);
#8968=ORIENTED_EDGE('',*,*,#5987,.T.);
#8969=ORIENTED_EDGE('',*,*,#8945,.T.);
#8970=ORIENTED_EDGE('',*,*,#5433,.T.);
#8971=ORIENTED_EDGE('',*,*,#5760,.T.);
#8972=EDGE_LOOP('',(#8968,#8969,#8970,#8971));
#8973=FACE_OUTER_BOUND('',#8972,.F.);
#8974=ADVANCED_FACE('',(#8973),#8967,.F.);
#8975=CARTESIAN_POINT('',(4.75E0,2.E0,-3.E0));
#8976=DIRECTION('',(-1.E0,0.E0,0.E0));
#8977=DIRECTION('',(0.E0,0.E0,1.E0));
#8978=AXIS2_PLACEMENT_3D('',#8975,#8976,#8977);
#8979=PLANE('',#8978);
#8981=ORIENTED_EDGE('',*,*,#8980,.F.);
#8983=ORIENTED_EDGE('',*,*,#8982,.F.);
#8984=ORIENTED_EDGE('',*,*,#7022,.F.);
#8985=ORIENTED_EDGE('',*,*,#8956,.T.);
#8986=ORIENTED_EDGE('',*,*,#6543,.F.);
#8987=ORIENTED_EDGE('',*,*,#5757,.T.);
#8988=EDGE_LOOP('',(#8981,#8983,#8984,#8985,#8986,#8987));
#8989=FACE_OUTER_BOUND('',#8988,.F.);
#8990=ADVANCED_FACE('',(#8989),#8979,.F.);
#8991=CARTESIAN_POINT('',(5.25E0,1.8E0,-1.7E0));
#8992=DIRECTION('',(0.E0,1.E0,0.E0));
#8993=DIRECTION('',(0.E0,0.E0,-1.E0));
#8994=AXIS2_PLACEMENT_3D('',#8991,#8992,#8993);
#8995=PLANE('',#8994);
#8997=ORIENTED_EDGE('',*,*,#8996,.F.);
#8998=ORIENTED_EDGE('',*,*,#8980,.T.);
#8999=ORIENTED_EDGE('',*,*,#5755,.F.);
#9000=ORIENTED_EDGE('',*,*,#5790,.F.);
#9001=EDGE_LOOP('',(#8997,#8998,#8999,#9000));
#9002=FACE_OUTER_BOUND('',#9001,.F.);
#9003=ADVANCED_FACE('',(#9002),#8995,.T.);
#9004=CARTESIAN_POINT('',(4.75E0,2.E0,-1.7E0));
#9005=DIRECTION('',(0.E0,0.E0,1.E0));
#9006=DIRECTION('',(1.E0,0.E0,0.E0));
#9007=AXIS2_PLACEMENT_3D('',#9004,#9005,#9006);
#9008=PLANE('',#9007);
#9009=ORIENTED_EDGE('',*,*,#8996,.T.);
#9010=ORIENTED_EDGE('',*,*,#5799,.F.);
#9011=ORIENTED_EDGE('',*,*,#7024,.F.);
#9012=ORIENTED_EDGE('',*,*,#8982,.T.);
#9013=EDGE_LOOP('',(#9009,#9010,#9011,#9012));
#9014=FACE_OUTER_BOUND('',#9013,.F.);
#9015=ADVANCED_FACE('',(#9014),#9008,.F.);
#9016=CARTESIAN_POINT('',(3.25E0,2.E0,-3.E0));
#9017=DIRECTION('',(7.071067811865E-1,0.E0,7.071067811865E-1));
#9018=DIRECTION('',(7.071067811865E-1,0.E0,-7.071067811865E-1));
#9019=AXIS2_PLACEMENT_3D('',#9016,#9017,#9018);
#9020=PLANE('',#9019);
#9021=ORIENTED_EDGE('',*,*,#5996,.F.);
#9023=ORIENTED_EDGE('',*,*,#9022,.T.);
#9024=ORIENTED_EDGE('',*,*,#5439,.T.);
#9025=ORIENTED_EDGE('',*,*,#6692,.T.);
#9026=EDGE_LOOP('',(#9021,#9023,#9024,#9025));
#9027=FACE_OUTER_BOUND('',#9026,.F.);
#9028=ADVANCED_FACE('',(#9027),#9020,.F.);
#9029=CARTESIAN_POINT('',(3.25E0,2.E0,-3.E0));
#9030=DIRECTION('',(7.071067811865E-1,0.E0,7.071067811865E-1));
#9031=DIRECTION('',(7.071067811865E-1,0.E0,-7.071067811865E-1));
#9032=AXIS2_PLACEMENT_3D('',#9029,#9030,#9031);
#9033=PLANE('',#9032);
#9034=ORIENTED_EDGE('',*,*,#6549,.T.);
#9035=ORIENTED_EDGE('',*,*,#7261,.T.);
#9036=ORIENTED_EDGE('',*,*,#7016,.F.);
#9038=ORIENTED_EDGE('',*,*,#9037,.T.);
#9039=EDGE_LOOP('',(#9034,#9035,#9036,#9038));
#9040=FACE_OUTER_BOUND('',#9039,.F.);
#9041=ADVANCED_FACE('',(#9040),#9033,.F.);
#9042=CARTESIAN_POINT('',(3.25E0,2.E0,-1.7E0));
#9043=DIRECTION('',(1.E0,0.E0,0.E0));
#9044=DIRECTION('',(0.E0,0.E0,-1.E0));
#9045=AXIS2_PLACEMENT_3D('',#9042,#9043,#9044);
#9046=PLANE('',#9045);
#9048=ORIENTED_EDGE('',*,*,#9047,.F.);
#9049=ORIENTED_EDGE('',*,*,#5441,.T.);
#9050=ORIENTED_EDGE('',*,*,#9022,.F.);
#9051=ORIENTED_EDGE('',*,*,#5994,.F.);
#9052=EDGE_LOOP('',(#9048,#9049,#9050,#9051));
#9053=FACE_OUTER_BOUND('',#9052,.F.);
#9054=ADVANCED_FACE('',(#9053),#9046,.F.);
#9055=CARTESIAN_POINT('',(3.25E0,2.E0,-1.7E0));
#9056=DIRECTION('',(1.E0,0.E0,0.E0));
#9057=DIRECTION('',(0.E0,0.E0,-1.E0));
#9058=AXIS2_PLACEMENT_3D('',#9055,#9056,#9057);
#9059=PLANE('',#9058);
#9061=ORIENTED_EDGE('',*,*,#9060,.T.);
#9063=ORIENTED_EDGE('',*,*,#9062,.F.);
#9065=ORIENTED_EDGE('',*,*,#9064,.T.);
#9066=ORIENTED_EDGE('',*,*,#5445,.T.);
#9067=EDGE_LOOP('',(#9061,#9063,#9065,#9066));
#9068=FACE_OUTER_BOUND('',#9067,.F.);
#9069=ADVANCED_FACE('',(#9068),#9059,.F.);
#9070=CARTESIAN_POINT('',(3.25E0,2.E0,-1.7E0));
#9071=DIRECTION('',(1.E0,0.E0,0.E0));
#9072=DIRECTION('',(0.E0,0.E0,-1.E0));
#9073=AXIS2_PLACEMENT_3D('',#9070,#9071,#9072);
#9074=PLANE('',#9073);
#9076=ORIENTED_EDGE('',*,*,#9075,.T.);
#9078=ORIENTED_EDGE('',*,*,#9077,.F.);
#9079=ORIENTED_EDGE('',*,*,#6551,.T.);
#9080=ORIENTED_EDGE('',*,*,#9037,.F.);
#9081=ORIENTED_EDGE('',*,*,#7014,.F.);
#9083=ORIENTED_EDGE('',*,*,#9082,.T.);
#9084=EDGE_LOOP('',(#9076,#9078,#9079,#9080,#9081,#9083));
#9085=FACE_OUTER_BOUND('',#9084,.F.);
#9086=ADVANCED_FACE('',(#9085),#9074,.F.);
#9087=CARTESIAN_POINT('',(3.25E0,1.8E0,-2.65E0));
#9088=DIRECTION('',(0.E0,0.E0,-1.E0));
#9089=DIRECTION('',(0.E0,-1.E0,0.E0));
#9090=AXIS2_PLACEMENT_3D('',#9087,#9088,#9089);
#9091=PLANE('',#9090);
#9092=ORIENTED_EDGE('',*,*,#9047,.T.);
#9094=ORIENTED_EDGE('',*,*,#9093,.F.);
#9095=ORIENTED_EDGE('',*,*,#9077,.T.);
#9097=ORIENTED_EDGE('',*,*,#9096,.T.);
#9099=ORIENTED_EDGE('',*,*,#9098,.F.);
#9101=ORIENTED_EDGE('',*,*,#9100,.T.);
#9103=ORIENTED_EDGE('',*,*,#9102,.F.);
#9105=ORIENTED_EDGE('',*,*,#9104,.T.);
#9107=ORIENTED_EDGE('',*,*,#9106,.F.);
#9109=ORIENTED_EDGE('',*,*,#9108,.F.);
#9110=EDGE_LOOP('',(#9092,#9094,#9095,#9097,#9099,#9101,#9103,#9105,#9107,
#9109));
#9111=FACE_OUTER_BOUND('',#9110,.F.);
#9112=ADVANCED_FACE('',(#9111),#9091,.T.);
#9113=CARTESIAN_POINT('',(3.25E0,0.E0,-1.7E0));
#9114=DIRECTION('',(-1.E0,0.E0,0.E0));
#9115=DIRECTION('',(0.E0,0.E0,1.E0));
#9116=AXIS2_PLACEMENT_3D('',#9113,#9114,#9115);
#9117=PLANE('',#9116);
#9118=ORIENTED_EDGE('',*,*,#5038,.F.);
#9120=ORIENTED_EDGE('',*,*,#9119,.T.);
#9122=ORIENTED_EDGE('',*,*,#9121,.T.);
#9124=ORIENTED_EDGE('',*,*,#9123,.T.);
#9126=ORIENTED_EDGE('',*,*,#9125,.T.);
#9128=ORIENTED_EDGE('',*,*,#9127,.T.);
#9129=EDGE_LOOP('',(#9118,#9120,#9122,#9124,#9126,#9128));
#9130=FACE_OUTER_BOUND('',#9129,.F.);
#9131=ADVANCED_FACE('',(#9130),#9117,.F.);
#9132=CARTESIAN_POINT('',(3.25E0,0.E0,-1.7E0));
#9133=DIRECTION('',(-1.E0,0.E0,0.E0));
#9134=DIRECTION('',(0.E0,0.E0,1.E0));
#9135=AXIS2_PLACEMENT_3D('',#9132,#9133,#9134);
#9136=PLANE('',#9135);
#9137=ORIENTED_EDGE('',*,*,#9093,.T.);
#9138=ORIENTED_EDGE('',*,*,#5992,.F.);
#9139=ORIENTED_EDGE('',*,*,#6365,.T.);
#9140=ORIENTED_EDGE('',*,*,#6553,.T.);
#9141=EDGE_LOOP('',(#9137,#9138,#9139,#9140));
#9142=FACE_OUTER_BOUND('',#9141,.F.);
#9143=ADVANCED_FACE('',(#9142),#9136,.F.);
#9144=CARTESIAN_POINT('',(3.25E0,0.E0,-1.7E0));
#9145=DIRECTION('',(-1.E0,0.E0,0.E0));
#9146=DIRECTION('',(0.E0,0.E0,1.E0));
#9147=AXIS2_PLACEMENT_3D('',#9144,#9145,#9146);
#9148=PLANE('',#9147);
#9149=ORIENTED_EDGE('',*,*,#9108,.T.);
#9151=ORIENTED_EDGE('',*,*,#9150,.T.);
#9153=ORIENTED_EDGE('',*,*,#9152,.T.);
#9154=ORIENTED_EDGE('',*,*,#5443,.T.);
#9155=EDGE_LOOP('',(#9149,#9151,#9153,#9154));
#9156=FACE_OUTER_BOUND('',#9155,.F.);
#9157=ADVANCED_FACE('',(#9156),#9148,.F.);
#9158=CARTESIAN_POINT('',(3.25E0,-1.2E0,0.E0));
#9159=DIRECTION('',(0.E0,-1.E0,0.E0));
#9160=DIRECTION('',(0.E0,0.E0,1.E0));
#9161=AXIS2_PLACEMENT_3D('',#9158,#9159,#9160);
#9162=PLANE('',#9161);
#9163=ORIENTED_EDGE('',*,*,#5044,.T.);
#9165=ORIENTED_EDGE('',*,*,#9164,.T.);
#9167=ORIENTED_EDGE('',*,*,#9166,.F.);
#9168=ORIENTED_EDGE('',*,*,#9119,.F.);
#9169=EDGE_LOOP('',(#9163,#9165,#9167,#9168));
#9170=FACE_OUTER_BOUND('',#9169,.F.);
#9171=ADVANCED_FACE('',(#9170),#9162,.T.);
#9172=CARTESIAN_POINT('',(2.75E0,0.E0,-1.7E0));
#9173=DIRECTION('',(-1.E0,0.E0,0.E0));
#9174=DIRECTION('',(0.E0,0.E0,1.E0));
#9175=AXIS2_PLACEMENT_3D('',#9172,#9173,#9174);
#9176=PLANE('',#9175);
#9177=ORIENTED_EDGE('',*,*,#5042,.T.);
#9179=ORIENTED_EDGE('',*,*,#9178,.F.);
#9181=ORIENTED_EDGE('',*,*,#9180,.F.);
#9183=ORIENTED_EDGE('',*,*,#9182,.F.);
#9185=ORIENTED_EDGE('',*,*,#9184,.F.);
#9186=ORIENTED_EDGE('',*,*,#9164,.F.);
#9187=EDGE_LOOP('',(#9177,#9179,#9181,#9183,#9185,#9186));
#9188=FACE_OUTER_BOUND('',#9187,.F.);
#9189=ADVANCED_FACE('',(#9188),#9176,.T.);
#9190=CARTESIAN_POINT('',(2.75E0,0.E0,-1.7E0));
#9191=DIRECTION('',(-1.E0,0.E0,0.E0));
#9192=DIRECTION('',(0.E0,0.E0,1.E0));
#9193=AXIS2_PLACEMENT_3D('',#9190,#9191,#9192);
#9194=PLANE('',#9193);
#9195=ORIENTED_EDGE('',*,*,#9100,.F.);
#9196=ORIENTED_EDGE('',*,*,#6493,.F.);
#9197=ORIENTED_EDGE('',*,*,#6322,.F.);
#9198=ORIENTED_EDGE('',*,*,#5923,.F.);
#9199=EDGE_LOOP('',(#9195,#9196,#9197,#9198));
#9200=FACE_OUTER_BOUND('',#9199,.F.);
#9201=ADVANCED_FACE('',(#9200),#9194,.T.);
#9202=CARTESIAN_POINT('',(2.75E0,0.E0,-1.7E0));
#9203=DIRECTION('',(-1.E0,0.E0,0.E0));
#9204=DIRECTION('',(0.E0,0.E0,1.E0));
#9205=AXIS2_PLACEMENT_3D('',#9202,#9203,#9204);
#9206=PLANE('',#9205);
#9207=ORIENTED_EDGE('',*,*,#9104,.F.);
#9208=ORIENTED_EDGE('',*,*,#5451,.F.);
#9210=ORIENTED_EDGE('',*,*,#9209,.F.);
#9212=ORIENTED_EDGE('',*,*,#9211,.F.);
#9213=EDGE_LOOP('',(#9207,#9208,#9210,#9212));
#9214=FACE_OUTER_BOUND('',#9213,.F.);
#9215=ADVANCED_FACE('',(#9214),#9206,.T.);
#9216=CARTESIAN_POINT('',(3.25E0,1.2E0,3.25E0));
#9217=DIRECTION('',(0.E0,1.E0,0.E0));
#9218=DIRECTION('',(0.E0,0.E0,-1.E0));
#9219=AXIS2_PLACEMENT_3D('',#9216,#9217,#9218);
#9220=PLANE('',#9219);
#9221=ORIENTED_EDGE('',*,*,#5040,.F.);
#9222=ORIENTED_EDGE('',*,*,#9127,.F.);
#9224=ORIENTED_EDGE('',*,*,#9223,.T.);
#9225=ORIENTED_EDGE('',*,*,#9178,.T.);
#9226=EDGE_LOOP('',(#9221,#9222,#9224,#9225));
#9227=FACE_OUTER_BOUND('',#9226,.F.);
#9228=ADVANCED_FACE('',(#9227),#9220,.T.);
#9229=CARTESIAN_POINT('',(3.25E0,7.E-1,3.25E0));
#9230=DIRECTION('',(-1.E0,0.E0,0.E0));
#9231=DIRECTION('',(0.E0,0.E0,1.E0));
#9232=AXIS2_PLACEMENT_3D('',#9229,#9230,#9231);
#9233=CYLINDRICAL_SURFACE('',#9232,5.E-1);
#9234=ORIENTED_EDGE('',*,*,#9125,.F.);
#9236=ORIENTED_EDGE('',*,*,#9235,.T.);
#9237=ORIENTED_EDGE('',*,*,#9180,.T.);
#9238=ORIENTED_EDGE('',*,*,#9223,.F.);
#9239=EDGE_LOOP('',(#9234,#9236,#9237,#9238));
#9240=FACE_OUTER_BOUND('',#9239,.F.);
#9241=ADVANCED_FACE('',(#9240),#9233,.T.);
#9242=CARTESIAN_POINT('',(3.25E0,-7.E-1,3.75E0));
#9243=DIRECTION('',(0.E0,0.E0,1.E0));
#9244=DIRECTION('',(0.E0,1.E0,0.E0));
#9245=AXIS2_PLACEMENT_3D('',#9242,#9243,#9244);
#9246=PLANE('',#9245);
#9247=ORIENTED_EDGE('',*,*,#9123,.F.);
#9249=ORIENTED_EDGE('',*,*,#9248,.T.);
#9250=ORIENTED_EDGE('',*,*,#9182,.T.);
#9251=ORIENTED_EDGE('',*,*,#9235,.F.);
#9252=EDGE_LOOP('',(#9247,#9249,#9250,#9251));
#9253=FACE_OUTER_BOUND('',#9252,.F.);
#9254=ADVANCED_FACE('',(#9253),#9246,.T.);
#9255=CARTESIAN_POINT('',(3.25E0,-7.E-1,3.25E0));
#9256=DIRECTION('',(-1.E0,0.E0,0.E0));
#9257=DIRECTION('',(0.E0,0.E0,1.E0));
#9258=AXIS2_PLACEMENT_3D('',#9255,#9256,#9257);
#9259=CYLINDRICAL_SURFACE('',#9258,5.E-1);
#9260=ORIENTED_EDGE('',*,*,#9121,.F.);
#9261=ORIENTED_EDGE('',*,*,#9166,.T.);
#9262=ORIENTED_EDGE('',*,*,#9184,.T.);
#9263=ORIENTED_EDGE('',*,*,#9248,.F.);
#9264=EDGE_LOOP('',(#9260,#9261,#9262,#9263));
#9265=FACE_OUTER_BOUND('',#9264,.F.);
#9266=ADVANCED_FACE('',(#9265),#9259,.T.);
#9267=CARTESIAN_POINT('',(3.25E0,-3.5E0,-1.95E0));
#9268=DIRECTION('',(0.E0,0.E0,1.E0));
#9269=DIRECTION('',(0.E0,1.E0,0.E0));
#9270=AXIS2_PLACEMENT_3D('',#9267,#9268,#9269);
#9271=PLANE('',#9270);
#9272=ORIENTED_EDGE('',*,*,#9060,.F.);
#9273=ORIENTED_EDGE('',*,*,#9152,.F.);
#9275=ORIENTED_EDGE('',*,*,#9274,.T.);
#9276=ORIENTED_EDGE('',*,*,#9209,.T.);
#9278=ORIENTED_EDGE('',*,*,#9277,.T.);
#9280=ORIENTED_EDGE('',*,*,#9279,.F.);
#9281=EDGE_LOOP('',(#9272,#9273,#9275,#9276,#9278,#9280));
#9282=FACE_OUTER_BOUND('',#9281,.F.);
#9283=ADVANCED_FACE('',(#9282),#9271,.T.);
#9284=CARTESIAN_POINT('',(3.25E0,-3.5E0,-2.65E0));
#9285=DIRECTION('',(0.E0,-1.E0,0.E0));
#9286=DIRECTION('',(0.E0,0.E0,1.E0));
#9287=AXIS2_PLACEMENT_3D('',#9284,#9285,#9286);
#9288=PLANE('',#9287);
#9289=ORIENTED_EDGE('',*,*,#9150,.F.);
#9290=ORIENTED_EDGE('',*,*,#9106,.T.);
#9291=ORIENTED_EDGE('',*,*,#9211,.T.);
#9292=ORIENTED_EDGE('',*,*,#9274,.F.);
#9293=EDGE_LOOP('',(#9289,#9290,#9291,#9292));
#9294=FACE_OUTER_BOUND('',#9293,.F.);
#9295=ADVANCED_FACE('',(#9294),#9288,.T.);
#9296=CARTESIAN_POINT('',(2.75E0,2.E0,-3.E0));
#9297=DIRECTION('',(-1.E0,0.E0,0.E0));
#9298=DIRECTION('',(0.E0,0.E0,1.E0));
#9299=AXIS2_PLACEMENT_3D('',#9296,#9297,#9298);
#9300=PLANE('',#9299);
#9301=ORIENTED_EDGE('',*,*,#9102,.T.);
#9302=ORIENTED_EDGE('',*,*,#5921,.T.);
#9304=ORIENTED_EDGE('',*,*,#9303,.T.);
#9305=ORIENTED_EDGE('',*,*,#5453,.T.);
#9306=EDGE_LOOP('',(#9301,#9302,#9304,#9305));
#9307=FACE_OUTER_BOUND('',#9306,.F.);
#9308=ADVANCED_FACE('',(#9307),#9300,.F.);
#9309=CARTESIAN_POINT('',(2.75E0,2.E0,-3.E0));
#9310=DIRECTION('',(-1.E0,0.E0,0.E0));
#9311=DIRECTION('',(0.E0,0.E0,1.E0));
#9312=AXIS2_PLACEMENT_3D('',#9309,#9310,#9311);
#9313=PLANE('',#9312);
#9314=ORIENTED_EDGE('',*,*,#9277,.F.);
#9315=ORIENTED_EDGE('',*,*,#5449,.T.);
#9317=ORIENTED_EDGE('',*,*,#9316,.F.);
#9319=ORIENTED_EDGE('',*,*,#9318,.T.);
#9320=EDGE_LOOP('',(#9314,#9315,#9317,#9319));
#9321=FACE_OUTER_BOUND('',#9320,.F.);
#9322=ADVANCED_FACE('',(#9321),#9313,.F.);
#9323=CARTESIAN_POINT('',(2.75E0,2.E0,-3.E0));
#9324=DIRECTION('',(-1.E0,0.E0,0.E0));
#9325=DIRECTION('',(0.E0,0.E0,1.E0));
#9326=AXIS2_PLACEMENT_3D('',#9323,#9324,#9325);
#9327=PLANE('',#9326);
#9329=ORIENTED_EDGE('',*,*,#9328,.F.);
#9331=ORIENTED_EDGE('',*,*,#9330,.F.);
#9332=ORIENTED_EDGE('',*,*,#7010,.F.);
#9334=ORIENTED_EDGE('',*,*,#9333,.T.);
#9335=ORIENTED_EDGE('',*,*,#6480,.F.);
#9336=ORIENTED_EDGE('',*,*,#9098,.T.);
#9337=EDGE_LOOP('',(#9329,#9331,#9332,#9334,#9335,#9336));
#9338=FACE_OUTER_BOUND('',#9337,.F.);
#9339=ADVANCED_FACE('',(#9338),#9327,.F.);
#9340=CARTESIAN_POINT('',(2.25E0,2.E0,-3.5E0));
#9341=DIRECTION('',(-7.071067811865E-1,0.E0,7.071067811865E-1));
#9342=DIRECTION('',(7.071067811865E-1,0.E0,7.071067811865E-1));
#9343=AXIS2_PLACEMENT_3D('',#9340,#9341,#9342);
#9344=PLANE('',#9343);
#9345=ORIENTED_EDGE('',*,*,#5935,.F.);
#9346=ORIENTED_EDGE('',*,*,#6703,.F.);
#9347=ORIENTED_EDGE('',*,*,#5455,.T.);
#9348=ORIENTED_EDGE('',*,*,#9303,.F.);
#9349=EDGE_LOOP('',(#9345,#9346,#9347,#9348));
#9350=FACE_OUTER_BOUND('',#9349,.F.);
#9351=ADVANCED_FACE('',(#9350),#9344,.F.);
#9352=CARTESIAN_POINT('',(2.25E0,2.E0,-3.5E0));
#9353=DIRECTION('',(-7.071067811865E-1,0.E0,7.071067811865E-1));
#9354=DIRECTION('',(7.071067811865E-1,0.E0,7.071067811865E-1));
#9355=AXIS2_PLACEMENT_3D('',#9352,#9353,#9354);
#9356=PLANE('',#9355);
#9357=ORIENTED_EDGE('',*,*,#6482,.T.);
#9358=ORIENTED_EDGE('',*,*,#9333,.F.);
#9359=ORIENTED_EDGE('',*,*,#7008,.F.);
#9360=ORIENTED_EDGE('',*,*,#7272,.F.);
#9361=EDGE_LOOP('',(#9357,#9358,#9359,#9360));
#9362=FACE_OUTER_BOUND('',#9361,.F.);
#9363=ADVANCED_FACE('',(#9362),#9356,.F.);
#9364=CARTESIAN_POINT('',(2.75E0,2.E0,-1.7E0));
#9365=DIRECTION('',(0.E0,0.E0,1.E0));
#9366=DIRECTION('',(1.E0,0.E0,0.E0));
#9367=AXIS2_PLACEMENT_3D('',#9364,#9365,#9366);
#9368=PLANE('',#9367);
#9370=ORIENTED_EDGE('',*,*,#9369,.T.);
#9371=ORIENTED_EDGE('',*,*,#9082,.F.);
#9372=ORIENTED_EDGE('',*,*,#7012,.F.);
#9373=ORIENTED_EDGE('',*,*,#9330,.T.);
#9374=EDGE_LOOP('',(#9370,#9371,#9372,#9373));
#9375=FACE_OUTER_BOUND('',#9374,.F.);
#9376=ADVANCED_FACE('',(#9375),#9368,.F.);
#9377=CARTESIAN_POINT('',(2.75E0,2.E0,-1.7E0));
#9378=DIRECTION('',(0.E0,0.E0,1.E0));
#9379=DIRECTION('',(1.E0,0.E0,0.E0));
#9380=AXIS2_PLACEMENT_3D('',#9377,#9378,#9379);
#9381=PLANE('',#9380);
#9383=ORIENTED_EDGE('',*,*,#9382,.F.);
#9384=ORIENTED_EDGE('',*,*,#9316,.T.);
#9385=ORIENTED_EDGE('',*,*,#5447,.T.);
#9386=ORIENTED_EDGE('',*,*,#9064,.F.);
#9387=EDGE_LOOP('',(#9383,#9384,#9385,#9386));
#9388=FACE_OUTER_BOUND('',#9387,.F.);
#9389=ADVANCED_FACE('',(#9388),#9381,.F.);
#9390=CARTESIAN_POINT('',(3.25E0,1.8E0,-1.7E0));
#9391=DIRECTION('',(0.E0,1.E0,0.E0));
#9392=DIRECTION('',(0.E0,0.E0,-1.E0));
#9393=AXIS2_PLACEMENT_3D('',#9390,#9391,#9392);
#9394=PLANE('',#9393);
#9395=ORIENTED_EDGE('',*,*,#9369,.F.);
#9396=ORIENTED_EDGE('',*,*,#9328,.T.);
#9397=ORIENTED_EDGE('',*,*,#9096,.F.);
#9398=ORIENTED_EDGE('',*,*,#9075,.F.);
#9399=EDGE_LOOP('',(#9395,#9396,#9397,#9398));
#9400=FACE_OUTER_BOUND('',#9399,.F.);
#9401=ADVANCED_FACE('',(#9400),#9394,.T.);
#9402=CARTESIAN_POINT('',(3.25E0,-1.8E0,-1.95E0));
#9403=DIRECTION('',(0.E0,-1.E0,0.E0));
#9404=DIRECTION('',(0.E0,0.E0,1.E0));
#9405=AXIS2_PLACEMENT_3D('',#9402,#9403,#9404);
#9406=PLANE('',#9405);
#9407=ORIENTED_EDGE('',*,*,#9279,.T.);
#9408=ORIENTED_EDGE('',*,*,#9318,.F.);
#9409=ORIENTED_EDGE('',*,*,#9382,.T.);
#9410=ORIENTED_EDGE('',*,*,#9062,.T.);
#9411=EDGE_LOOP('',(#9407,#9408,#9409,#9410));
#9412=FACE_OUTER_BOUND('',#9411,.F.);
#9413=ADVANCED_FACE('',(#9412),#9406,.T.);
#9414=CARTESIAN_POINT('',(-6.75E0,-3.5E0,-1.95E0));
#9415=DIRECTION('',(0.E0,0.E0,1.E0));
#9416=DIRECTION('',(0.E0,1.E0,0.E0));
#9417=AXIS2_PLACEMENT_3D('',#9414,#9415,#9416);
#9418=PLANE('',#9417);
#9419=ORIENTED_EDGE('',*,*,#6024,.T.);
#9421=ORIENTED_EDGE('',*,*,#9420,.F.);
#9422=ORIENTED_EDGE('',*,*,#7110,.F.);
#9423=ORIENTED_EDGE('',*,*,#6181,.F.);
#9425=ORIENTED_EDGE('',*,*,#9424,.T.);
#9426=ORIENTED_EDGE('',*,*,#6120,.T.);
#9427=EDGE_LOOP('',(#9419,#9421,#9422,#9423,#9425,#9426));
#9428=FACE_OUTER_BOUND('',#9427,.F.);
#9429=ADVANCED_FACE('',(#9428),#9418,.T.);
#9430=CARTESIAN_POINT('',(-6.75E0,-1.8E0,-1.95E0));
#9431=DIRECTION('',(0.E0,-1.E0,0.E0));
#9432=DIRECTION('',(0.E0,0.E0,1.E0));
#9433=AXIS2_PLACEMENT_3D('',#9430,#9431,#9432);
#9434=PLANE('',#9433);
#9435=ORIENTED_EDGE('',*,*,#9420,.T.);
#9436=ORIENTED_EDGE('',*,*,#6029,.F.);
#9437=ORIENTED_EDGE('',*,*,#7070,.T.);
#9438=ORIENTED_EDGE('',*,*,#7112,.T.);
#9439=EDGE_LOOP('',(#9435,#9436,#9437,#9438));
#9440=FACE_OUTER_BOUND('',#9439,.F.);
#9441=ADVANCED_FACE('',(#9440),#9434,.T.);
#9442=CARTESIAN_POINT('',(-6.75E0,-3.5E0,-2.65E0));
#9443=DIRECTION('',(0.E0,-1.E0,0.E0));
#9444=DIRECTION('',(0.E0,0.E0,1.E0));
#9445=AXIS2_PLACEMENT_3D('',#9442,#9443,#9444);
#9446=PLANE('',#9445);
#9447=ORIENTED_EDGE('',*,*,#6179,.F.);
#9448=ORIENTED_EDGE('',*,*,#6062,.T.);
#9449=ORIENTED_EDGE('',*,*,#6122,.T.);
#9450=ORIENTED_EDGE('',*,*,#9424,.F.);
#9451=EDGE_LOOP('',(#9447,#9448,#9449,#9450));
#9452=FACE_OUTER_BOUND('',#9451,.F.);
#9453=ADVANCED_FACE('',(#9452),#9446,.T.);
#9454=CARTESIAN_POINT('',(9.9E0,0.E0,-5.6E0));
#9455=DIRECTION('',(1.E0,0.E0,0.E0));
#9456=DIRECTION('',(0.E0,0.E0,-1.E0));
#9457=AXIS2_PLACEMENT_3D('',#9454,#9455,#9456);
#9458=PLANE('',#9457);
#9459=ORIENTED_EDGE('',*,*,#6855,.F.);
#9461=ORIENTED_EDGE('',*,*,#9460,.T.);
#9463=ORIENTED_EDGE('',*,*,#9462,.T.);
#9465=ORIENTED_EDGE('',*,*,#9464,.T.);
#9467=ORIENTED_EDGE('',*,*,#9466,.T.);
#9469=ORIENTED_EDGE('',*,*,#9468,.T.);
#9471=ORIENTED_EDGE('',*,*,#9470,.T.);
#9473=ORIENTED_EDGE('',*,*,#9472,.T.);
#9474=EDGE_LOOP('',(#9459,#9461,#9463,#9465,#9467,#9469,#9471,#9473));
#9475=FACE_OUTER_BOUND('',#9474,.F.);
#9476=ADVANCED_FACE('',(#9475),#9458,.F.);
#9477=CARTESIAN_POINT('',(9.9E0,0.E0,-5.6E0));
#9478=DIRECTION('',(1.E0,0.E0,0.E0));
#9479=DIRECTION('',(0.E0,0.E0,-1.E0));
#9480=AXIS2_PLACEMENT_3D('',#9477,#9478,#9479);
#9481=PLANE('',#9480);
#9482=ORIENTED_EDGE('',*,*,#6865,.F.);
#9484=ORIENTED_EDGE('',*,*,#9483,.T.);
#9486=ORIENTED_EDGE('',*,*,#9485,.T.);
#9488=ORIENTED_EDGE('',*,*,#9487,.T.);
#9490=ORIENTED_EDGE('',*,*,#9489,.T.);
#9492=ORIENTED_EDGE('',*,*,#9491,.T.);
#9494=ORIENTED_EDGE('',*,*,#9493,.T.);
#9496=ORIENTED_EDGE('',*,*,#9495,.T.);
#9497=EDGE_LOOP('',(#9482,#9484,#9486,#9488,#9490,#9492,#9494,#9496));
#9498=FACE_OUTER_BOUND('',#9497,.F.);
#9499=ADVANCED_FACE('',(#9498),#9481,.F.);
#9500=CARTESIAN_POINT('',(9.9E0,-1.6E0,-1.581008683647E0));
#9501=DIRECTION('',(0.E0,0.E0,1.E0));
#9502=DIRECTION('',(0.E0,-1.E0,0.E0));
#9503=AXIS2_PLACEMENT_3D('',#9500,#9501,#9502);
#9504=PLANE('',#9503);
#9505=ORIENTED_EDGE('',*,*,#6861,.T.);
#9507=ORIENTED_EDGE('',*,*,#9506,.T.);
#9509=ORIENTED_EDGE('',*,*,#9508,.F.);
#9510=ORIENTED_EDGE('',*,*,#9460,.F.);
#9511=EDGE_LOOP('',(#9505,#9507,#9509,#9510));
#9512=FACE_OUTER_BOUND('',#9511,.F.);
#9513=ADVANCED_FACE('',(#9512),#9504,.T.);
#9514=CARTESIAN_POINT('',(1.03E1,0.E0,-5.6E0));
#9515=DIRECTION('',(1.E0,0.E0,0.E0));
#9516=DIRECTION('',(0.E0,0.E0,-1.E0));
#9517=AXIS2_PLACEMENT_3D('',#9514,#9515,#9516);
#9518=PLANE('',#9517);
#9519=ORIENTED_EDGE('',*,*,#6859,.T.);
#9521=ORIENTED_EDGE('',*,*,#9520,.F.);
#9523=ORIENTED_EDGE('',*,*,#9522,.F.);
#9525=ORIENTED_EDGE('',*,*,#9524,.F.);
#9527=ORIENTED_EDGE('',*,*,#9526,.F.);
#9529=ORIENTED_EDGE('',*,*,#9528,.F.);
#9531=ORIENTED_EDGE('',*,*,#9530,.F.);
#9532=ORIENTED_EDGE('',*,*,#9506,.F.);
#9533=EDGE_LOOP('',(#9519,#9521,#9523,#9525,#9527,#9529,#9531,#9532));
#9534=FACE_OUTER_BOUND('',#9533,.F.);
#9535=ADVANCED_FACE('',(#9534),#9518,.T.);
#9536=CARTESIAN_POINT('',(1.03E1,0.E0,-5.6E0));
#9537=DIRECTION('',(1.E0,0.E0,0.E0));
#9538=DIRECTION('',(0.E0,0.E0,-1.E0));
#9539=AXIS2_PLACEMENT_3D('',#9536,#9537,#9538);
#9540=PLANE('',#9539);
#9541=ORIENTED_EDGE('',*,*,#6869,.T.);
#9543=ORIENTED_EDGE('',*,*,#9542,.F.);
#9545=ORIENTED_EDGE('',*,*,#9544,.F.);
#9547=ORIENTED_EDGE('',*,*,#9546,.F.);
#9549=ORIENTED_EDGE('',*,*,#9548,.F.);
#9551=ORIENTED_EDGE('',*,*,#9550,.F.);
#9553=ORIENTED_EDGE('',*,*,#9552,.F.);
#9555=ORIENTED_EDGE('',*,*,#9554,.F.);
#9556=EDGE_LOOP('',(#9541,#9543,#9545,#9547,#9549,#9551,#9553,#9555));
#9557=FACE_OUTER_BOUND('',#9556,.F.);
#9558=ADVANCED_FACE('',(#9557),#9540,.T.);
#9559=CARTESIAN_POINT('',(9.9E0,-2.851930530822E0,-1.981008683647E0));
#9560=DIRECTION('',(0.E0,0.E0,-1.E0));
#9561=DIRECTION('',(0.E0,1.E0,0.E0));
#9562=AXIS2_PLACEMENT_3D('',#9559,#9560,#9561);
#9563=PLANE('',#9562);
#9564=ORIENTED_EDGE('',*,*,#6857,.F.);
#9565=ORIENTED_EDGE('',*,*,#9472,.F.);
#9567=ORIENTED_EDGE('',*,*,#9566,.T.);
#9568=ORIENTED_EDGE('',*,*,#9520,.T.);
#9569=EDGE_LOOP('',(#9564,#9565,#9567,#9568));
#9570=FACE_OUTER_BOUND('',#9569,.F.);
#9571=ADVANCED_FACE('',(#9570),#9563,.T.);
#9572=CARTESIAN_POINT('',(9.9E0,-2.851930530822E0,-2.231008683647E0));
#9573=DIRECTION('',(1.E0,0.E0,0.E0));
#9574=DIRECTION('',(0.E0,0.E0,-1.E0));
#9575=AXIS2_PLACEMENT_3D('',#9572,#9573,#9574);
#9576=CYLINDRICAL_SURFACE('',#9575,2.5E-1);
#9577=ORIENTED_EDGE('',*,*,#9470,.F.);
#9579=ORIENTED_EDGE('',*,*,#9578,.T.);
#9580=ORIENTED_EDGE('',*,*,#9522,.T.);
#9581=ORIENTED_EDGE('',*,*,#9566,.F.);
#9582=EDGE_LOOP('',(#9577,#9579,#9580,#9581));
#9583=FACE_OUTER_BOUND('',#9582,.F.);
#9584=ADVANCED_FACE('',(#9583),#9576,.F.);
#9585=CARTESIAN_POINT('',(9.9E0,-3.9E0,-2.1E0));
#9586=DIRECTION('',(0.E0,-1.240347345892E-1,-9.922778767137E-1));
#9587=DIRECTION('',(0.E0,9.922778767137E-1,-1.240347345892E-1));
#9588=AXIS2_PLACEMENT_3D('',#9585,#9586,#9587);
#9589=PLANE('',#9588);
#9590=ORIENTED_EDGE('',*,*,#9468,.F.);
#9592=ORIENTED_EDGE('',*,*,#9591,.T.);
#9593=ORIENTED_EDGE('',*,*,#9524,.T.);
#9594=ORIENTED_EDGE('',*,*,#9578,.F.);
#9595=EDGE_LOOP('',(#9590,#9592,#9593,#9594));
#9596=FACE_OUTER_BOUND('',#9595,.F.);
#9597=ADVANCED_FACE('',(#9596),#9589,.T.);
#9598=CARTESIAN_POINT('',(9.9E0,-3.9E0,-1.75E0));
#9599=DIRECTION('',(0.E0,-1.E0,0.E0));
#9600=DIRECTION('',(0.E0,0.E0,-1.E0));
#9601=AXIS2_PLACEMENT_3D('',#9598,#9599,#9600);
#9602=PLANE('',#9601);
#9603=ORIENTED_EDGE('',*,*,#9466,.F.);
#9605=ORIENTED_EDGE('',*,*,#9604,.T.);
#9606=ORIENTED_EDGE('',*,*,#9526,.T.);
#9607=ORIENTED_EDGE('',*,*,#9591,.F.);
#9608=EDGE_LOOP('',(#9603,#9605,#9606,#9607));
#9609=FACE_OUTER_BOUND('',#9608,.F.);
#9610=ADVANCED_FACE('',(#9609),#9602,.T.);
#9611=CARTESIAN_POINT('',(9.9E0,-3.073083403801E0,-2.549192681980E0));
#9612=DIRECTION('',(1.E0,0.E0,0.E0));
#9613=DIRECTION('',(0.E0,0.E0,-1.E0));
#9614=AXIS2_PLACEMENT_3D('',#9611,#9612,#9613);
#9615=CYLINDRICAL_SURFACE('',#9614,1.15E0);
#9616=ORIENTED_EDGE('',*,*,#9464,.F.);
#9618=ORIENTED_EDGE('',*,*,#9617,.T.);
#9619=ORIENTED_EDGE('',*,*,#9528,.T.);
#9620=ORIENTED_EDGE('',*,*,#9604,.F.);
#9621=EDGE_LOOP('',(#9616,#9618,#9619,#9620));
#9622=FACE_OUTER_BOUND('',#9621,.F.);
#9623=ADVANCED_FACE('',(#9622),#9615,.T.);
#9624=CARTESIAN_POINT('',(9.9E0,-2.848991316353E0,-1.581008683647E0));
#9625=DIRECTION('',(0.E0,7.071067811865E-1,7.071067811865E-1));
#9626=DIRECTION('',(0.E0,-7.071067811865E-1,7.071067811865E-1));
#9627=AXIS2_PLACEMENT_3D('',#9624,#9625,#9626);
#9628=PLANE('',#9627);
#9629=ORIENTED_EDGE('',*,*,#9462,.F.);
#9630=ORIENTED_EDGE('',*,*,#9508,.T.);
#9631=ORIENTED_EDGE('',*,*,#9530,.T.);
#9632=ORIENTED_EDGE('',*,*,#9617,.F.);
#9633=EDGE_LOOP('',(#9629,#9630,#9631,#9632));
#9634=FACE_OUTER_BOUND('',#9633,.F.);
#9635=ADVANCED_FACE('',(#9634),#9628,.T.);
#9636=CARTESIAN_POINT('',(9.9E0,-2.848991316353E0,-3.418991316353E0));
#9637=DIRECTION('',(0.E0,0.E0,-1.E0));
#9638=DIRECTION('',(0.E0,1.E0,0.E0));
#9639=AXIS2_PLACEMENT_3D('',#9636,#9637,#9638);
#9640=PLANE('',#9639);
#9641=ORIENTED_EDGE('',*,*,#6867,.F.);
#9642=ORIENTED_EDGE('',*,*,#9495,.F.);
#9644=ORIENTED_EDGE('',*,*,#9643,.T.);
#9645=ORIENTED_EDGE('',*,*,#9542,.T.);
#9646=EDGE_LOOP('',(#9641,#9642,#9644,#9645));
#9647=FACE_OUTER_BOUND('',#9646,.F.);
#9648=ADVANCED_FACE('',(#9647),#9640,.T.);
#9649=CARTESIAN_POINT('',(9.9E0,-3.03E0,-3.6E0));
#9650=DIRECTION('',(0.E0,7.071067811865E-1,-7.071067811866E-1));
#9651=DIRECTION('',(0.E0,7.071067811866E-1,7.071067811865E-1));
#9652=AXIS2_PLACEMENT_3D('',#9649,#9650,#9651);
#9653=PLANE('',#9652);
#9654=ORIENTED_EDGE('',*,*,#9493,.F.);
#9656=ORIENTED_EDGE('',*,*,#9655,.T.);
#9657=ORIENTED_EDGE('',*,*,#9544,.T.);
#9658=ORIENTED_EDGE('',*,*,#9643,.F.);
#9659=EDGE_LOOP('',(#9654,#9656,#9657,#9658));
#9660=FACE_OUTER_BOUND('',#9659,.F.);
#9661=ADVANCED_FACE('',(#9660),#9653,.T.);
#9662=CARTESIAN_POINT('',(9.9E0,-3.073083403801E0,-2.450807318020E0));
#9663=DIRECTION('',(1.E0,0.E0,0.E0));
#9664=DIRECTION('',(0.E0,0.E0,-1.E0));
#9665=AXIS2_PLACEMENT_3D('',#9662,#9663,#9664);
#9666=CYLINDRICAL_SURFACE('',#9665,1.15E0);
#9667=ORIENTED_EDGE('',*,*,#9491,.F.);
#9669=ORIENTED_EDGE('',*,*,#9668,.T.);
#9670=ORIENTED_EDGE('',*,*,#9546,.T.);
#9671=ORIENTED_EDGE('',*,*,#9655,.F.);
#9672=EDGE_LOOP('',(#9667,#9669,#9670,#9671));
#9673=FACE_OUTER_BOUND('',#9672,.F.);
#9674=ADVANCED_FACE('',(#9673),#9666,.T.);
#9675=CARTESIAN_POINT('',(9.9E0,-3.9E0,-2.9E0));
#9676=DIRECTION('',(0.E0,-1.E0,0.E0));
#9677=DIRECTION('',(0.E0,0.E0,-1.E0));
#9678=AXIS2_PLACEMENT_3D('',#9675,#9676,#9677);
#9679=PLANE('',#9678);
#9680=ORIENTED_EDGE('',*,*,#9489,.F.);
#9682=ORIENTED_EDGE('',*,*,#9681,.T.);
#9683=ORIENTED_EDGE('',*,*,#9548,.T.);
#9684=ORIENTED_EDGE('',*,*,#9668,.F.);
#9685=EDGE_LOOP('',(#9680,#9682,#9683,#9684));
#9686=FACE_OUTER_BOUND('',#9685,.F.);
#9687=ADVANCED_FACE('',(#9686),#9679,.T.);
#9688=CARTESIAN_POINT('',(9.9E0,-3.1E0,-2.8E0));
#9689=DIRECTION('',(0.E0,-1.240347345892E-1,9.922778767137E-1));
#9690=DIRECTION('',(0.E0,-9.922778767137E-1,-1.240347345892E-1));
#9691=AXIS2_PLACEMENT_3D('',#9688,#9689,#9690);
#9692=PLANE('',#9691);
#9693=ORIENTED_EDGE('',*,*,#9487,.F.);
#9695=ORIENTED_EDGE('',*,*,#9694,.T.);
#9696=ORIENTED_EDGE('',*,*,#9550,.T.);
#9697=ORIENTED_EDGE('',*,*,#9681,.F.);
#9698=EDGE_LOOP('',(#9693,#9695,#9696,#9697));
#9699=FACE_OUTER_BOUND('',#9698,.F.);
#9700=ADVANCED_FACE('',(#9699),#9692,.T.);
#9701=CARTESIAN_POINT('',(9.9E0,-2.851930530822E0,-2.768991316353E0));
#9702=DIRECTION('',(1.E0,0.E0,0.E0));
#9703=DIRECTION('',(0.E0,0.E0,-1.E0));
#9704=AXIS2_PLACEMENT_3D('',#9701,#9702,#9703);
#9705=CYLINDRICAL_SURFACE('',#9704,2.5E-1);
#9706=ORIENTED_EDGE('',*,*,#9485,.F.);
#9708=ORIENTED_EDGE('',*,*,#9707,.T.);
#9709=ORIENTED_EDGE('',*,*,#9552,.T.);
#9710=ORIENTED_EDGE('',*,*,#9694,.F.);
#9711=EDGE_LOOP('',(#9706,#9708,#9709,#9710));
#9712=FACE_OUTER_BOUND('',#9711,.F.);
#9713=ADVANCED_FACE('',(#9712),#9705,.F.);
#9714=CARTESIAN_POINT('',(9.9E0,-1.6E0,-3.018991316353E0));
#9715=DIRECTION('',(0.E0,0.E0,1.E0));
#9716=DIRECTION('',(0.E0,-1.E0,0.E0));
#9717=AXIS2_PLACEMENT_3D('',#9714,#9715,#9716);
#9718=PLANE('',#9717);
#9719=ORIENTED_EDGE('',*,*,#6871,.T.);
#9720=ORIENTED_EDGE('',*,*,#9554,.T.);
#9721=ORIENTED_EDGE('',*,*,#9707,.F.);
#9722=ORIENTED_EDGE('',*,*,#9483,.F.);
#9723=EDGE_LOOP('',(#9719,#9720,#9721,#9722));
#9724=FACE_OUTER_BOUND('',#9723,.F.);
#9725=ADVANCED_FACE('',(#9724),#9718,.T.);
#9726=CARTESIAN_POINT('',(-1.13E1,1.E0,0.E0));
#9727=DIRECTION('',(-1.E0,0.E0,0.E0));
#9728=DIRECTION('',(0.E0,-1.E0,0.E0));
#9729=AXIS2_PLACEMENT_3D('',#9726,#9727,#9728);
#9730=PLANE('',#9729);
#9731=ORIENTED_EDGE('',*,*,#4970,.T.);
#9733=ORIENTED_EDGE('',*,*,#9732,.T.);
#9734=ORIENTED_EDGE('',*,*,#6815,.F.);
#9735=ORIENTED_EDGE('',*,*,#4928,.F.);
#9736=EDGE_LOOP('',(#9731,#9733,#9734,#9735));
#9737=FACE_OUTER_BOUND('',#9736,.F.);
#9738=ADVANCED_FACE('',(#9737),#9730,.T.);
#9739=CARTESIAN_POINT('',(-1.13E1,-2.E0,0.E0));
#9740=DIRECTION('',(0.E0,-1.E0,0.E0));
#9741=DIRECTION('',(1.E0,0.E0,0.E0));
#9742=AXIS2_PLACEMENT_3D('',#9739,#9740,#9741);
#9743=PLANE('',#9742);
#9744=ORIENTED_EDGE('',*,*,#4968,.T.);
#9746=ORIENTED_EDGE('',*,*,#9745,.T.);
#9747=ORIENTED_EDGE('',*,*,#6817,.F.);
#9748=ORIENTED_EDGE('',*,*,#9732,.F.);
#9749=EDGE_LOOP('',(#9744,#9746,#9747,#9748));
#9750=FACE_OUTER_BOUND('',#9749,.F.);
#9751=ADVANCED_FACE('',(#9750),#9743,.T.);
#9752=CARTESIAN_POINT('',(-1.09E1,-2.E0,0.E0));
#9753=DIRECTION('',(1.E0,0.E0,0.E0));
#9754=DIRECTION('',(0.E0,1.E0,0.E0));
#9755=AXIS2_PLACEMENT_3D('',#9752,#9753,#9754);
#9756=PLANE('',#9755);
#9757=ORIENTED_EDGE('',*,*,#4966,.T.);
#9759=ORIENTED_EDGE('',*,*,#9758,.T.);
#9760=ORIENTED_EDGE('',*,*,#6819,.F.);
#9761=ORIENTED_EDGE('',*,*,#9745,.F.);
#9762=EDGE_LOOP('',(#9757,#9759,#9760,#9761));
#9763=FACE_OUTER_BOUND('',#9762,.F.);
#9764=ADVANCED_FACE('',(#9763),#9756,.T.);
#9765=CARTESIAN_POINT('',(-1.09E1,-1.6E0,0.E0));
#9766=DIRECTION('',(0.E0,-1.E0,0.E0));
#9767=DIRECTION('',(1.E0,0.E0,0.E0));
#9768=AXIS2_PLACEMENT_3D('',#9765,#9766,#9767);
#9769=PLANE('',#9768);
#9770=ORIENTED_EDGE('',*,*,#4964,.T.);
#9772=ORIENTED_EDGE('',*,*,#9771,.T.);
#9773=ORIENTED_EDGE('',*,*,#6821,.F.);
#9774=ORIENTED_EDGE('',*,*,#9758,.F.);
#9775=EDGE_LOOP('',(#9770,#9772,#9773,#9774));
#9776=FACE_OUTER_BOUND('',#9775,.F.);
#9778=ORIENTED_EDGE('',*,*,#9777,.T.);
#9780=ORIENTED_EDGE('',*,*,#9779,.T.);
#9782=ORIENTED_EDGE('',*,*,#9781,.F.);
#9784=ORIENTED_EDGE('',*,*,#9783,.F.);
#9785=EDGE_LOOP('',(#9778,#9780,#9782,#9784));
#9786=FACE_BOUND('',#9785,.F.);
#9788=ORIENTED_EDGE('',*,*,#9787,.T.);
#9790=ORIENTED_EDGE('',*,*,#9789,.T.);
#9792=ORIENTED_EDGE('',*,*,#9791,.F.);
#9794=ORIENTED_EDGE('',*,*,#9793,.F.);
#9795=EDGE_LOOP('',(#9788,#9790,#9792,#9794));
#9796=FACE_BOUND('',#9795,.F.);
#9797=ADVANCED_FACE('',(#9776,#9786,#9796),#9769,.T.);
#9798=CARTESIAN_POINT('',(-9.5E0,-1.6E0,0.E0));
#9799=DIRECTION('',(-1.E0,0.E0,0.E0));
#9800=DIRECTION('',(0.E0,-1.E0,0.E0));
#9801=AXIS2_PLACEMENT_3D('',#9798,#9799,#9800);
#9802=PLANE('',#9801);
#9803=ORIENTED_EDGE('',*,*,#4962,.T.);
#9804=ORIENTED_EDGE('',*,*,#6753,.T.);
#9805=ORIENTED_EDGE('',*,*,#6823,.F.);
#9806=ORIENTED_EDGE('',*,*,#9771,.F.);
#9807=EDGE_LOOP('',(#9803,#9804,#9805,#9806));
#9808=FACE_OUTER_BOUND('',#9807,.F.);
#9809=ADVANCED_FACE('',(#9808),#9802,.T.);
#9810=CARTESIAN_POINT('',(-9.9E0,0.E0,-5.6E0));
#9811=DIRECTION('',(-1.E0,0.E0,0.E0));
#9812=DIRECTION('',(0.E0,0.E0,1.E0));
#9813=AXIS2_PLACEMENT_3D('',#9810,#9811,#9812);
#9814=PLANE('',#9813);
#9815=ORIENTED_EDGE('',*,*,#9777,.F.);
#9817=ORIENTED_EDGE('',*,*,#9816,.T.);
#9819=ORIENTED_EDGE('',*,*,#9818,.T.);
#9821=ORIENTED_EDGE('',*,*,#9820,.T.);
#9823=ORIENTED_EDGE('',*,*,#9822,.T.);
#9825=ORIENTED_EDGE('',*,*,#9824,.T.);
#9827=ORIENTED_EDGE('',*,*,#9826,.T.);
#9829=ORIENTED_EDGE('',*,*,#9828,.T.);
#9830=EDGE_LOOP('',(#9815,#9817,#9819,#9821,#9823,#9825,#9827,#9829));
#9831=FACE_OUTER_BOUND('',#9830,.F.);
#9832=ADVANCED_FACE('',(#9831),#9814,.F.);
#9833=CARTESIAN_POINT('',(-9.9E0,0.E0,-5.6E0));
#9834=DIRECTION('',(-1.E0,0.E0,0.E0));
#9835=DIRECTION('',(0.E0,0.E0,1.E0));
#9836=AXIS2_PLACEMENT_3D('',#9833,#9834,#9835);
#9837=PLANE('',#9836);
#9838=ORIENTED_EDGE('',*,*,#9787,.F.);
#9840=ORIENTED_EDGE('',*,*,#9839,.T.);
#9842=ORIENTED_EDGE('',*,*,#9841,.T.);
#9844=ORIENTED_EDGE('',*,*,#9843,.T.);
#9846=ORIENTED_EDGE('',*,*,#9845,.T.);
#9848=ORIENTED_EDGE('',*,*,#9847,.T.);
#9850=ORIENTED_EDGE('',*,*,#9849,.T.);
#9852=ORIENTED_EDGE('',*,*,#9851,.T.);
#9853=EDGE_LOOP('',(#9838,#9840,#9842,#9844,#9846,#9848,#9850,#9852));
#9854=FACE_OUTER_BOUND('',#9853,.F.);
#9855=ADVANCED_FACE('',(#9854),#9837,.F.);
#9856=CARTESIAN_POINT('',(-9.9E0,-1.6E0,-3.418991316353E0));
#9857=DIRECTION('',(0.E0,0.E0,-1.E0));
#9858=DIRECTION('',(0.E0,-1.E0,0.E0));
#9859=AXIS2_PLACEMENT_3D('',#9856,#9857,#9858);
#9860=PLANE('',#9859);
#9861=ORIENTED_EDGE('',*,*,#9783,.T.);
#9863=ORIENTED_EDGE('',*,*,#9862,.T.);
#9865=ORIENTED_EDGE('',*,*,#9864,.F.);
#9866=ORIENTED_EDGE('',*,*,#9816,.F.);
#9867=EDGE_LOOP('',(#9861,#9863,#9865,#9866));
#9868=FACE_OUTER_BOUND('',#9867,.F.);
#9869=ADVANCED_FACE('',(#9868),#9860,.T.);
#9870=CARTESIAN_POINT('',(-1.03E1,0.E0,-5.6E0));
#9871=DIRECTION('',(-1.E0,0.E0,0.E0));
#9872=DIRECTION('',(0.E0,0.E0,1.E0));
#9873=AXIS2_PLACEMENT_3D('',#9870,#9871,#9872);
#9874=PLANE('',#9873);
#9875=ORIENTED_EDGE('',*,*,#9781,.T.);
#9877=ORIENTED_EDGE('',*,*,#9876,.F.);
#9879=ORIENTED_EDGE('',*,*,#9878,.F.);
#9881=ORIENTED_EDGE('',*,*,#9880,.F.);
#9883=ORIENTED_EDGE('',*,*,#9882,.F.);
#9885=ORIENTED_EDGE('',*,*,#9884,.F.);
#9887=ORIENTED_EDGE('',*,*,#9886,.F.);
#9888=ORIENTED_EDGE('',*,*,#9862,.F.);
#9889=EDGE_LOOP('',(#9875,#9877,#9879,#9881,#9883,#9885,#9887,#9888));
#9890=FACE_OUTER_BOUND('',#9889,.F.);
#9891=ADVANCED_FACE('',(#9890),#9874,.T.);
#9892=CARTESIAN_POINT('',(-1.03E1,0.E0,-5.6E0));
#9893=DIRECTION('',(-1.E0,0.E0,0.E0));
#9894=DIRECTION('',(0.E0,0.E0,1.E0));
#9895=AXIS2_PLACEMENT_3D('',#9892,#9893,#9894);
#9896=PLANE('',#9895);
#9897=ORIENTED_EDGE('',*,*,#9791,.T.);
#9899=ORIENTED_EDGE('',*,*,#9898,.F.);
#9901=ORIENTED_EDGE('',*,*,#9900,.F.);
#9903=ORIENTED_EDGE('',*,*,#9902,.F.);
#9905=ORIENTED_EDGE('',*,*,#9904,.F.);
#9907=ORIENTED_EDGE('',*,*,#9906,.F.);
#9909=ORIENTED_EDGE('',*,*,#9908,.F.);
#9911=ORIENTED_EDGE('',*,*,#9910,.F.);
#9912=EDGE_LOOP('',(#9897,#9899,#9901,#9903,#9905,#9907,#9909,#9911));
#9913=FACE_OUTER_BOUND('',#9912,.F.);
#9914=ADVANCED_FACE('',(#9913),#9896,.T.);
#9915=CARTESIAN_POINT('',(-9.9E0,-2.851930530822E0,-3.018991316353E0));
#9916=DIRECTION('',(0.E0,0.E0,1.E0));
#9917=DIRECTION('',(0.E0,1.E0,0.E0));
#9918=AXIS2_PLACEMENT_3D('',#9915,#9916,#9917);
#9919=PLANE('',#9918);
#9920=ORIENTED_EDGE('',*,*,#9779,.F.);
#9921=ORIENTED_EDGE('',*,*,#9828,.F.);
#9923=ORIENTED_EDGE('',*,*,#9922,.T.);
#9924=ORIENTED_EDGE('',*,*,#9876,.T.);
#9925=EDGE_LOOP('',(#9920,#9921,#9923,#9924));
#9926=FACE_OUTER_BOUND('',#9925,.F.);
#9927=ADVANCED_FACE('',(#9926),#9919,.T.);
#9928=CARTESIAN_POINT('',(-9.9E0,-2.851930530822E0,-2.768991316353E0));
#9929=DIRECTION('',(-1.E0,0.E0,0.E0));
#9930=DIRECTION('',(0.E0,0.E0,1.E0));
#9931=AXIS2_PLACEMENT_3D('',#9928,#9929,#9930);
#9932=CYLINDRICAL_SURFACE('',#9931,2.5E-1);
#9933=ORIENTED_EDGE('',*,*,#9826,.F.);
#9935=ORIENTED_EDGE('',*,*,#9934,.T.);
#9936=ORIENTED_EDGE('',*,*,#9878,.T.);
#9937=ORIENTED_EDGE('',*,*,#9922,.F.);
#9938=EDGE_LOOP('',(#9933,#9935,#9936,#9937));
#9939=FACE_OUTER_BOUND('',#9938,.F.);
#9940=ADVANCED_FACE('',(#9939),#9932,.F.);
#9941=CARTESIAN_POINT('',(-9.9E0,-3.9E0,-2.9E0));
#9942=DIRECTION('',(0.E0,-1.240347345892E-1,9.922778767137E-1));
#9943=DIRECTION('',(0.E0,9.922778767137E-1,1.240347345892E-1));
#9944=AXIS2_PLACEMENT_3D('',#9941,#9942,#9943);
#9945=PLANE('',#9944);
#9946=ORIENTED_EDGE('',*,*,#9824,.F.);
#9948=ORIENTED_EDGE('',*,*,#9947,.T.);
#9949=ORIENTED_EDGE('',*,*,#9880,.T.);
#9950=ORIENTED_EDGE('',*,*,#9934,.F.);
#9951=EDGE_LOOP('',(#9946,#9948,#9949,#9950));
#9952=FACE_OUTER_BOUND('',#9951,.F.);
#9953=ADVANCED_FACE('',(#9952),#9945,.T.);
#9954=CARTESIAN_POINT('',(-9.9E0,-3.9E0,-3.25E0));
#9955=DIRECTION('',(0.E0,-1.E0,0.E0));
#9956=DIRECTION('',(0.E0,0.E0,1.E0));
#9957=AXIS2_PLACEMENT_3D('',#9954,#9955,#9956);
#9958=PLANE('',#9957);
#9959=ORIENTED_EDGE('',*,*,#9822,.F.);
#9961=ORIENTED_EDGE('',*,*,#9960,.T.);
#9962=ORIENTED_EDGE('',*,*,#9882,.T.);
#9963=ORIENTED_EDGE('',*,*,#9947,.F.);
#9964=EDGE_LOOP('',(#9959,#9961,#9962,#9963));
#9965=FACE_OUTER_BOUND('',#9964,.F.);
#9966=ADVANCED_FACE('',(#9965),#9958,.T.);
#9967=CARTESIAN_POINT('',(-9.9E0,-3.073083403801E0,-2.450807318020E0));
#9968=DIRECTION('',(-1.E0,0.E0,0.E0));
#9969=DIRECTION('',(0.E0,0.E0,1.E0));
#9970=AXIS2_PLACEMENT_3D('',#9967,#9968,#9969);
#9971=CYLINDRICAL_SURFACE('',#9970,1.15E0);
#9972=ORIENTED_EDGE('',*,*,#9820,.F.);
#9974=ORIENTED_EDGE('',*,*,#9973,.T.);
#9975=ORIENTED_EDGE('',*,*,#9884,.T.);
#9976=ORIENTED_EDGE('',*,*,#9960,.F.);
#9977=EDGE_LOOP('',(#9972,#9974,#9975,#9976));
#9978=FACE_OUTER_BOUND('',#9977,.F.);
#9979=ADVANCED_FACE('',(#9978),#9971,.T.);
#9980=CARTESIAN_POINT('',(-9.9E0,-2.848991316353E0,-3.418991316353E0));
#9981=DIRECTION('',(0.E0,7.071067811865E-1,-7.071067811866E-1));
#9982=DIRECTION('',(0.E0,-7.071067811866E-1,-7.071067811865E-1));
#9983=AXIS2_PLACEMENT_3D('',#9980,#9981,#9982);
#9984=PLANE('',#9983);
#9985=ORIENTED_EDGE('',*,*,#9818,.F.);
#9986=ORIENTED_EDGE('',*,*,#9864,.T.);
#9987=ORIENTED_EDGE('',*,*,#9886,.T.);
#9988=ORIENTED_EDGE('',*,*,#9973,.F.);
#9989=EDGE_LOOP('',(#9985,#9986,#9987,#9988));
#9990=FACE_OUTER_BOUND('',#9989,.F.);
#9991=ADVANCED_FACE('',(#9990),#9984,.T.);
#9992=CARTESIAN_POINT('',(-9.9E0,-2.848991316353E0,-1.581008683647E0));
#9993=DIRECTION('',(0.E0,0.E0,1.E0));
#9994=DIRECTION('',(0.E0,1.E0,0.E0));
#9995=AXIS2_PLACEMENT_3D('',#9992,#9993,#9994);
#9996=PLANE('',#9995);
#9997=ORIENTED_EDGE('',*,*,#9789,.F.);
#9998=ORIENTED_EDGE('',*,*,#9851,.F.);
#10000=ORIENTED_EDGE('',*,*,#9999,.T.);
#10001=ORIENTED_EDGE('',*,*,#9898,.T.);
#10002=EDGE_LOOP('',(#9997,#9998,#10000,#10001));
#10003=FACE_OUTER_BOUND('',#10002,.F.);
#10004=ADVANCED_FACE('',(#10003),#9996,.T.);
#10005=CARTESIAN_POINT('',(-9.9E0,-3.03E0,-1.4E0));
#10006=DIRECTION('',(0.E0,7.071067811865E-1,7.071067811865E-1));
#10007=DIRECTION('',(0.E0,7.071067811865E-1,-7.071067811865E-1));
#10008=AXIS2_PLACEMENT_3D('',#10005,#10006,#10007);
#10009=PLANE('',#10008);
#10010=ORIENTED_EDGE('',*,*,#9849,.F.);
#10012=ORIENTED_EDGE('',*,*,#10011,.T.);
#10013=ORIENTED_EDGE('',*,*,#9900,.T.);
#10014=ORIENTED_EDGE('',*,*,#9999,.F.);
#10015=EDGE_LOOP('',(#10010,#10012,#10013,#10014));
#10016=FACE_OUTER_BOUND('',#10015,.F.);
#10017=ADVANCED_FACE('',(#10016),#10009,.T.);
#10018=CARTESIAN_POINT('',(-9.9E0,-3.073083403801E0,-2.549192681980E0));
#10019=DIRECTION('',(-1.E0,0.E0,0.E0));
#10020=DIRECTION('',(0.E0,0.E0,1.E0));
#10021=AXIS2_PLACEMENT_3D('',#10018,#10019,#10020);
#10022=CYLINDRICAL_SURFACE('',#10021,1.15E0);
#10023=ORIENTED_EDGE('',*,*,#9847,.F.);
#10025=ORIENTED_EDGE('',*,*,#10024,.T.);
#10026=ORIENTED_EDGE('',*,*,#9902,.T.);
#10027=ORIENTED_EDGE('',*,*,#10011,.F.);
#10028=EDGE_LOOP('',(#10023,#10025,#10026,#10027));
#10029=FACE_OUTER_BOUND('',#10028,.F.);
#10030=ADVANCED_FACE('',(#10029),#10022,.T.);
#10031=CARTESIAN_POINT('',(-9.9E0,-3.9E0,-2.1E0));
#10032=DIRECTION('',(0.E0,-1.E0,0.E0));
#10033=DIRECTION('',(0.E0,0.E0,1.E0));
#10034=AXIS2_PLACEMENT_3D('',#10031,#10032,#10033);
#10035=PLANE('',#10034);
#10036=ORIENTED_EDGE('',*,*,#9845,.F.);
#10038=ORIENTED_EDGE('',*,*,#10037,.T.);
#10039=ORIENTED_EDGE('',*,*,#9904,.T.);
#10040=ORIENTED_EDGE('',*,*,#10024,.F.);
#10041=EDGE_LOOP('',(#10036,#10038,#10039,#10040));
#10042=FACE_OUTER_BOUND('',#10041,.F.);
#10043=ADVANCED_FACE('',(#10042),#10035,.T.);
#10044=CARTESIAN_POINT('',(-9.9E0,-3.1E0,-2.2E0));
#10045=DIRECTION('',(0.E0,-1.240347345892E-1,-9.922778767137E-1));
#10046=DIRECTION('',(0.E0,-9.922778767137E-1,1.240347345892E-1));
#10047=AXIS2_PLACEMENT_3D('',#10044,#10045,#10046);
#10048=PLANE('',#10047);
#10049=ORIENTED_EDGE('',*,*,#9843,.F.);
#10051=ORIENTED_EDGE('',*,*,#10050,.T.);
#10052=ORIENTED_EDGE('',*,*,#9906,.T.);
#10053=ORIENTED_EDGE('',*,*,#10037,.F.);
#10054=EDGE_LOOP('',(#10049,#10051,#10052,#10053));
#10055=FACE_OUTER_BOUND('',#10054,.F.);
#10056=ADVANCED_FACE('',(#10055),#10048,.T.);
#10057=CARTESIAN_POINT('',(-9.9E0,-2.851930530822E0,-2.231008683647E0));
#10058=DIRECTION('',(-1.E0,0.E0,0.E0));
#10059=DIRECTION('',(0.E0,0.E0,1.E0));
#10060=AXIS2_PLACEMENT_3D('',#10057,#10058,#10059);
#10061=CYLINDRICAL_SURFACE('',#10060,2.5E-1);
#10062=ORIENTED_EDGE('',*,*,#9841,.F.);
#10064=ORIENTED_EDGE('',*,*,#10063,.T.);
#10065=ORIENTED_EDGE('',*,*,#9908,.T.);
#10066=ORIENTED_EDGE('',*,*,#10050,.F.);
#10067=EDGE_LOOP('',(#10062,#10064,#10065,#10066));
#10068=FACE_OUTER_BOUND('',#10067,.F.);
#10069=ADVANCED_FACE('',(#10068),#10061,.F.);
#10070=CARTESIAN_POINT('',(-9.9E0,-1.6E0,-1.981008683647E0));
#10071=DIRECTION('',(0.E0,0.E0,-1.E0));
#10072=DIRECTION('',(0.E0,-1.E0,0.E0));
#10073=AXIS2_PLACEMENT_3D('',#10070,#10071,#10072);
#10074=PLANE('',#10073);
#10075=ORIENTED_EDGE('',*,*,#9793,.T.);
#10076=ORIENTED_EDGE('',*,*,#9910,.T.);
#10077=ORIENTED_EDGE('',*,*,#10063,.F.);
#10078=ORIENTED_EDGE('',*,*,#9839,.F.);
#10079=EDGE_LOOP('',(#10075,#10076,#10077,#10078));
#10080=FACE_OUTER_BOUND('',#10079,.F.);
#10081=ADVANCED_FACE('',(#10080),#10074,.T.);
#10082=CARTESIAN_POINT('',(1.08E1,-1.E-1,-5.6E0));
#10083=DIRECTION('',(1.E0,0.E0,0.E0));
#10084=DIRECTION('',(0.E0,-1.E0,0.E0));
#10085=AXIS2_PLACEMENT_3D('',#10082,#10083,#10084);
#10086=PLANE('',#10085);
#10087=ORIENTED_EDGE('',*,*,#6798,.F.);
#10089=ORIENTED_EDGE('',*,*,#10088,.T.);
#10091=ORIENTED_EDGE('',*,*,#10090,.T.);
#10093=ORIENTED_EDGE('',*,*,#10092,.F.);
#10094=EDGE_LOOP('',(#10087,#10089,#10091,#10093));
#10095=FACE_OUTER_BOUND('',#10094,.F.);
#10096=ADVANCED_FACE('',(#10095),#10086,.F.);
#10097=CARTESIAN_POINT('',(9.7E0,-1.E-1,-5.6E0));
#10098=DIRECTION('',(0.E0,1.E0,0.E0));
#10099=DIRECTION('',(1.E0,0.E0,0.E0));
#10100=AXIS2_PLACEMENT_3D('',#10097,#10098,#10099);
#10101=PLANE('',#10100);
#10102=ORIENTED_EDGE('',*,*,#6804,.F.);
#10104=ORIENTED_EDGE('',*,*,#10103,.T.);
#10106=ORIENTED_EDGE('',*,*,#10105,.T.);
#10107=ORIENTED_EDGE('',*,*,#10088,.F.);
#10108=EDGE_LOOP('',(#10102,#10104,#10106,#10107));
#10109=FACE_OUTER_BOUND('',#10108,.F.);
#10110=ADVANCED_FACE('',(#10109),#10101,.F.);
#10111=CARTESIAN_POINT('',(9.7E0,-1.3E0,-5.6E0));
#10112=DIRECTION('',(-1.E0,0.E0,0.E0));
#10113=DIRECTION('',(0.E0,1.E0,0.E0));
#10114=AXIS2_PLACEMENT_3D('',#10111,#10112,#10113);
#10115=PLANE('',#10114);
#10116=ORIENTED_EDGE('',*,*,#6802,.F.);
#10118=ORIENTED_EDGE('',*,*,#10117,.T.);
#10120=ORIENTED_EDGE('',*,*,#10119,.T.);
#10121=ORIENTED_EDGE('',*,*,#10103,.F.);
#10122=EDGE_LOOP('',(#10116,#10118,#10120,#10121));
#10123=FACE_OUTER_BOUND('',#10122,.F.);
#10124=ADVANCED_FACE('',(#10123),#10115,.F.);
#10125=CARTESIAN_POINT('',(1.08E1,-1.3E0,-5.6E0));
#10126=DIRECTION('',(0.E0,-1.E0,0.E0));
#10127=DIRECTION('',(-1.E0,0.E0,0.E0));
#10128=AXIS2_PLACEMENT_3D('',#10125,#10126,#10127);
#10129=PLANE('',#10128);
#10130=ORIENTED_EDGE('',*,*,#6800,.F.);
#10131=ORIENTED_EDGE('',*,*,#10092,.T.);
#10133=ORIENTED_EDGE('',*,*,#10132,.T.);
#10134=ORIENTED_EDGE('',*,*,#10117,.F.);
#10135=EDGE_LOOP('',(#10130,#10131,#10133,#10134));
#10136=FACE_OUTER_BOUND('',#10135,.F.);
#10137=ADVANCED_FACE('',(#10136),#10129,.F.);
#10138=CARTESIAN_POINT('',(-8.85E0,0.E0,-5.4E0));
#10139=DIRECTION('',(0.E0,0.E0,-1.E0));
#10140=DIRECTION('',(-1.E0,0.E0,0.E0));
#10141=AXIS2_PLACEMENT_3D('',#10138,#10139,#10140);
#10142=PLANE('',#10141);
#10143=ORIENTED_EDGE('',*,*,#10090,.F.);
#10144=ORIENTED_EDGE('',*,*,#10105,.F.);
#10145=ORIENTED_EDGE('',*,*,#10119,.F.);
#10146=ORIENTED_EDGE('',*,*,#10132,.F.);
#10147=EDGE_LOOP('',(#10143,#10144,#10145,#10146));
#10148=FACE_OUTER_BOUND('',#10147,.F.);
#10150=ORIENTED_EDGE('',*,*,#10149,.T.);
#10152=ORIENTED_EDGE('',*,*,#10151,.T.);
#10154=ORIENTED_EDGE('',*,*,#10153,.T.);
#10156=ORIENTED_EDGE('',*,*,#10155,.T.);
#10158=ORIENTED_EDGE('',*,*,#10157,.T.);
#10160=ORIENTED_EDGE('',*,*,#10159,.T.);
#10162=ORIENTED_EDGE('',*,*,#10161,.T.);
#10164=ORIENTED_EDGE('',*,*,#10163,.T.);
#10165=EDGE_LOOP('',(#10150,#10152,#10154,#10156,#10158,#10160,#10162,#10164));
#10166=FACE_BOUND('',#10165,.F.);
#10167=ADVANCED_FACE('',(#10148,#10166),#10142,.T.);
#10168=CARTESIAN_POINT('',(-8.85E0,0.E0,-5.4E0));
#10169=DIRECTION('',(0.E0,0.E0,-1.E0));
#10170=DIRECTION('',(-1.E0,0.E0,0.E0));
#10171=AXIS2_PLACEMENT_3D('',#10168,#10169,#10170);
#10172=PLANE('',#10171);
#10174=ORIENTED_EDGE('',*,*,#10173,.T.);
#10176=ORIENTED_EDGE('',*,*,#10175,.T.);
#10178=ORIENTED_EDGE('',*,*,#10177,.T.);
#10179=EDGE_LOOP('',(#10174,#10176,#10178));
#10180=FACE_OUTER_BOUND('',#10179,.F.);
#10181=ADVANCED_FACE('',(#10180),#10172,.T.);
#10182=CARTESIAN_POINT('',(1.017E1,-2.E-1,-5.4E0));
#10183=DIRECTION('',(0.E0,1.E0,0.E0));
#10184=DIRECTION('',(1.E0,0.E0,0.E0));
#10185=AXIS2_PLACEMENT_3D('',#10182,#10183,#10184);
#10186=PLANE('',#10185);
#10187=ORIENTED_EDGE('',*,*,#10149,.F.);
#10189=ORIENTED_EDGE('',*,*,#10188,.T.);
#10191=ORIENTED_EDGE('',*,*,#10190,.T.);
#10193=ORIENTED_EDGE('',*,*,#10192,.F.);
#10194=EDGE_LOOP('',(#10187,#10189,#10191,#10193));
#10195=FACE_OUTER_BOUND('',#10194,.F.);
#10196=ADVANCED_FACE('',(#10195),#10186,.T.);
#10197=CARTESIAN_POINT('',(9.836666686535E0,-1.2E0,-5.4E0));
#10198=DIRECTION('',(-9.486833037051E-1,3.162277490531E-1,0.E0));
#10199=DIRECTION('',(3.162277490531E-1,9.486833037051E-1,0.E0));
#10200=AXIS2_PLACEMENT_3D('',#10197,#10198,#10199);
#10201=PLANE('',#10200);
#10202=ORIENTED_EDGE('',*,*,#10163,.F.);
#10204=ORIENTED_EDGE('',*,*,#10203,.T.);
#10206=ORIENTED_EDGE('',*,*,#10205,.T.);
#10207=ORIENTED_EDGE('',*,*,#10188,.F.);
#10208=EDGE_LOOP('',(#10202,#10204,#10206,#10207));
#10209=FACE_OUTER_BOUND('',#10208,.F.);
#10210=ADVANCED_FACE('',(#10209),#10201,.T.);
#10211=CARTESIAN_POINT('',(9.961666686535E0,-1.2E0,-5.4E0));
#10212=DIRECTION('',(0.E0,-1.E0,0.E0));
#10213=DIRECTION('',(-1.E0,0.E0,0.E0));
#10214=AXIS2_PLACEMENT_3D('',#10211,#10212,#10213);
#10215=PLANE('',#10214);
#10216=ORIENTED_EDGE('',*,*,#10161,.F.);
#10218=ORIENTED_EDGE('',*,*,#10217,.T.);
#10220=ORIENTED_EDGE('',*,*,#10219,.T.);
#10221=ORIENTED_EDGE('',*,*,#10203,.F.);
#10222=EDGE_LOOP('',(#10216,#10218,#10220,#10221));
#10223=FACE_OUTER_BOUND('',#10222,.F.);
#10224=ADVANCED_FACE('',(#10223),#10215,.T.);
#10225=CARTESIAN_POINT('',(1.0045E1,-9.446808516979E-1,-5.4E0));
#10226=DIRECTION('',(9.506452246141E-1,-3.102799653834E-1,0.E0));
#10227=DIRECTION('',(-3.102799653834E-1,-9.506452246141E-1,0.E0));
#10228=AXIS2_PLACEMENT_3D('',#10225,#10226,#10227);
#10229=PLANE('',#10228);
#10230=ORIENTED_EDGE('',*,*,#10159,.F.);
#10232=ORIENTED_EDGE('',*,*,#10231,.T.);
#10234=ORIENTED_EDGE('',*,*,#10233,.T.);
#10235=ORIENTED_EDGE('',*,*,#10217,.F.);
#10236=EDGE_LOOP('',(#10230,#10232,#10234,#10235));
#10237=FACE_OUTER_BOUND('',#10236,.F.);
#10238=ADVANCED_FACE('',(#10237),#10229,.T.);
#10239=CARTESIAN_POINT('',(1.046166667163E1,-9.446808516979E-1,-5.4E0));
#10240=DIRECTION('',(0.E0,-1.E0,0.E0));
#10241=DIRECTION('',(-1.E0,0.E0,0.E0));
#10242=AXIS2_PLACEMENT_3D('',#10239,#10240,#10241);
#10243=PLANE('',#10242);
#10244=ORIENTED_EDGE('',*,*,#10157,.F.);
#10246=ORIENTED_EDGE('',*,*,#10245,.T.);
#10248=ORIENTED_EDGE('',*,*,#10247,.T.);
#10249=ORIENTED_EDGE('',*,*,#10231,.F.);
#10250=EDGE_LOOP('',(#10244,#10246,#10248,#10249));
#10251=FACE_OUTER_BOUND('',#10250,.F.);
#10252=ADVANCED_FACE('',(#10251),#10243,.T.);
#10253=CARTESIAN_POINT('',(1.0545E1,-1.2E0,-5.4E0));
#10254=DIRECTION('',(-9.506452082487E-1,-3.102800155243E-1,0.E0));
#10255=DIRECTION('',(-3.102800155243E-1,9.506452082487E-1,0.E0));
#10256=AXIS2_PLACEMENT_3D('',#10253,#10254,#10255);
#10257=PLANE('',#10256);
#10258=ORIENTED_EDGE('',*,*,#10155,.F.);
#10260=ORIENTED_EDGE('',*,*,#10259,.T.);
#10262=ORIENTED_EDGE('',*,*,#10261,.T.);
#10263=ORIENTED_EDGE('',*,*,#10245,.F.);
#10264=EDGE_LOOP('',(#10258,#10260,#10262,#10263));
#10265=FACE_OUTER_BOUND('',#10264,.F.);
#10266=ADVANCED_FACE('',(#10265),#10257,.T.);
#10267=CARTESIAN_POINT('',(1.067E1,-1.2E0,-5.4E0));
#10268=DIRECTION('',(0.E0,-1.E0,0.E0));
#10269=DIRECTION('',(-1.E0,0.E0,0.E0));
#10270=AXIS2_PLACEMENT_3D('',#10267,#10268,#10269);
#10271=PLANE('',#10270);
#10272=ORIENTED_EDGE('',*,*,#10153,.F.);
#10274=ORIENTED_EDGE('',*,*,#10273,.T.);
#10276=ORIENTED_EDGE('',*,*,#10275,.T.);
#10277=ORIENTED_EDGE('',*,*,#10259,.F.);
#10278=EDGE_LOOP('',(#10272,#10274,#10276,#10277));
#10279=FACE_OUTER_BOUND('',#10278,.F.);
#10280=ADVANCED_FACE('',(#10279),#10271,.T.);
#10281=CARTESIAN_POINT('',(1.033666665673E1,-2.E-1,-5.4E0));
#10282=DIRECTION('',(9.486832952232E-1,3.162277744987E-1,0.E0));
#10283=DIRECTION('',(3.162277744987E-1,-9.486832952232E-1,0.E0));
#10284=AXIS2_PLACEMENT_3D('',#10281,#10282,#10283);
#10285=PLANE('',#10284);
#10286=ORIENTED_EDGE('',*,*,#10151,.F.);
#10287=ORIENTED_EDGE('',*,*,#10192,.T.);
#10289=ORIENTED_EDGE('',*,*,#10288,.T.);
#10290=ORIENTED_EDGE('',*,*,#10273,.F.);
#10291=EDGE_LOOP('',(#10286,#10287,#10289,#10290));
#10292=FACE_OUTER_BOUND('',#10291,.F.);
#10293=ADVANCED_FACE('',(#10292),#10285,.T.);
#10294=CARTESIAN_POINT('',(-8.85E0,0.E0,-5.55E0));
#10295=DIRECTION('',(0.E0,0.E0,-1.E0));
#10296=DIRECTION('',(-1.E0,0.E0,0.E0));
#10297=AXIS2_PLACEMENT_3D('',#10294,#10295,#10296);
#10298=PLANE('',#10297);
#10299=ORIENTED_EDGE('',*,*,#10190,.F.);
#10300=ORIENTED_EDGE('',*,*,#10205,.F.);
#10301=ORIENTED_EDGE('',*,*,#10219,.F.);
#10302=ORIENTED_EDGE('',*,*,#10233,.F.);
#10303=ORIENTED_EDGE('',*,*,#10247,.F.);
#10304=ORIENTED_EDGE('',*,*,#10261,.F.);
#10305=ORIENTED_EDGE('',*,*,#10275,.F.);
#10306=ORIENTED_EDGE('',*,*,#10288,.F.);
#10307=EDGE_LOOP('',(#10299,#10300,#10301,#10302,#10303,#10304,#10305,#10306));
#10308=FACE_OUTER_BOUND('',#10307,.F.);
#10310=ORIENTED_EDGE('',*,*,#10309,.F.);
#10312=ORIENTED_EDGE('',*,*,#10311,.F.);
#10314=ORIENTED_EDGE('',*,*,#10313,.F.);
#10315=EDGE_LOOP('',(#10310,#10312,#10314));
#10316=FACE_BOUND('',#10315,.F.);
#10317=ADVANCED_FACE('',(#10308,#10316),#10298,.T.);
#10318=CARTESIAN_POINT('',(1.025333334327E1,-2.851063728333E-1,-5.4E0));
#10319=DIRECTION('',(9.506451918075E-1,-3.102800658973E-1,0.E0));
#10320=DIRECTION('',(-3.102800658973E-1,-9.506451918075E-1,0.E0));
#10321=AXIS2_PLACEMENT_3D('',#10318,#10319,#10320);
#10322=PLANE('',#10321);
#10323=ORIENTED_EDGE('',*,*,#10173,.F.);
#10325=ORIENTED_EDGE('',*,*,#10324,.T.);
#10326=ORIENTED_EDGE('',*,*,#10309,.T.);
#10328=ORIENTED_EDGE('',*,*,#10327,.F.);
#10329=EDGE_LOOP('',(#10323,#10325,#10326,#10328));
#10330=FACE_OUTER_BOUND('',#10329,.F.);
#10331=ADVANCED_FACE('',(#10330),#10322,.T.);
#10332=CARTESIAN_POINT('',(1.044083332837E1,-8.595744788647E-1,-5.4E0));
#10333=DIRECTION('',(-9.506452136281E-1,-3.102799990428E-1,0.E0));
#10334=DIRECTION('',(-3.102799990428E-1,9.506452136281E-1,0.E0));
#10335=AXIS2_PLACEMENT_3D('',#10332,#10333,#10334);
#10336=PLANE('',#10335);
#10337=ORIENTED_EDGE('',*,*,#10177,.F.);
#10339=ORIENTED_EDGE('',*,*,#10338,.T.);
#10340=ORIENTED_EDGE('',*,*,#10311,.T.);
#10341=ORIENTED_EDGE('',*,*,#10324,.F.);
#10342=EDGE_LOOP('',(#10337,#10339,#10340,#10341));
#10343=FACE_OUTER_BOUND('',#10342,.F.);
#10344=ADVANCED_FACE('',(#10343),#10336,.T.);
#10345=CARTESIAN_POINT('',(1.006583331347E1,-8.595744788647E-1,-5.4E0));
#10346=DIRECTION('',(0.E0,1.E0,0.E0));
#10347=DIRECTION('',(1.E0,0.E0,0.E0));
#10348=AXIS2_PLACEMENT_3D('',#10345,#10346,#10347);
#10349=PLANE('',#10348);
#10350=ORIENTED_EDGE('',*,*,#10175,.F.);
#10351=ORIENTED_EDGE('',*,*,#10327,.T.);
#10352=ORIENTED_EDGE('',*,*,#10313,.T.);
#10353=ORIENTED_EDGE('',*,*,#10338,.F.);
#10354=EDGE_LOOP('',(#10350,#10351,#10352,#10353));
#10355=FACE_OUTER_BOUND('',#10354,.F.);
#10356=ADVANCED_FACE('',(#10355),#10349,.T.);
#10357=CARTESIAN_POINT('',(5.25E0,-3.5E0,-2.65E0));
#10358=DIRECTION('',(0.E0,-1.E0,0.E0));
#10359=DIRECTION('',(0.E0,0.E0,1.E0));
#10360=AXIS2_PLACEMENT_3D('',#10357,#10358,#10359);
#10361=PLANE('',#10360);
#10362=ORIENTED_EDGE('',*,*,#5628,.F.);
#10363=ORIENTED_EDGE('',*,*,#5763,.T.);
#10364=ORIENTED_EDGE('',*,*,#5688,.T.);
#10366=ORIENTED_EDGE('',*,*,#10365,.F.);
#10367=EDGE_LOOP('',(#10362,#10363,#10364,#10366));
#10368=FACE_OUTER_BOUND('',#10367,.F.);
#10369=ADVANCED_FACE('',(#10368),#10361,.T.);
#10370=CARTESIAN_POINT('',(5.25E0,-3.5E0,-1.95E0));
#10371=DIRECTION('',(0.E0,0.E0,1.E0));
#10372=DIRECTION('',(0.E0,1.E0,0.E0));
#10373=AXIS2_PLACEMENT_3D('',#10370,#10371,#10372);
#10374=PLANE('',#10373);
#10375=ORIENTED_EDGE('',*,*,#5623,.F.);
#10376=ORIENTED_EDGE('',*,*,#10365,.T.);
#10377=ORIENTED_EDGE('',*,*,#5686,.T.);
#10378=ORIENTED_EDGE('',*,*,#5429,.F.);
#10379=EDGE_LOOP('',(#10375,#10376,#10377,#10378));
#10380=FACE_OUTER_BOUND('',#10379,.F.);
#10381=ADVANCED_FACE('',(#10380),#10374,.T.);
#10382=CLOSED_SHELL('',(#4919,#4936,#5068,#5085,#5100,#5115,#5130,#5143,#5158,
#5176,#5190,#5203,#5218,#5232,#5248,#5261,#5278,#5291,#5304,#5317,#5331,#5346,
#5358,#5371,#5384,#5397,#5409,#5421,#5582,#5601,#5617,#5632,#5646,#5664,#5680,
#5695,#5708,#5721,#5734,#5746,#5770,#5784,#5803,#5823,#5845,#5869,#5891,#5915,
#5939,#5959,#5981,#6004,#6018,#6033,#6053,#6079,#6098,#6112,#6126,#6140,#6158,
#6172,#6186,#6199,#6212,#6225,#6237,#6252,#6267,#6281,#6296,#6311,#6326,#6343,
#6357,#6371,#6387,#6408,#6430,#6451,#6474,#6497,#6516,#6537,#6559,#6572,#6586,
#6599,#6613,#6627,#6641,#6655,#6669,#6683,#6697,#6711,#6729,#6744,#6758,#6776,
#6808,#6829,#6842,#6875,#6888,#6901,#6914,#6928,#6944,#7050,#7064,#7078,#7091,
#7104,#7118,#7133,#7145,#7158,#7170,#7183,#7197,#7211,#7225,#7239,#7252,#7266,
#7280,#7293,#7306,#7319,#7334,#7351,#7377,#7390,#7405,#7422,#7434,#7446,#7464,
#7483,#7495,#7508,#7522,#7540,#7552,#7565,#7578,#7591,#7604,#7616,#7628,#7641,
#7654,#7666,#7678,#7691,#7704,#7721,#7734,#7752,#7764,#7776,#7789,#7802,#7815,
#7830,#7847,#7873,#7886,#7901,#7918,#7930,#7942,#7960,#7979,#7991,#8004,#8018,
#8036,#8048,#8061,#8074,#8087,#8100,#8112,#8124,#8137,#8150,#8162,#8174,#8187,
#8200,#8213,#8228,#8245,#8271,#8284,#8299,#8316,#8328,#8340,#8358,#8377,#8389,
#8402,#8416,#8434,#8446,#8459,#8472,#8485,#8498,#8510,#8522,#8535,#8548,#8560,
#8572,#8585,#8598,#8611,#8628,#8654,#8673,#8685,#8699,#8713,#8731,#8743,#8757,
#8770,#8783,#8796,#8808,#8821,#8833,#8846,#8863,#8875,#8887,#8900,#8912,#8924,
#8936,#8949,#8962,#8974,#8990,#9003,#9015,#9028,#9041,#9054,#9069,#9086,#9112,
#9131,#9143,#9157,#9171,#9189,#9201,#9215,#9228,#9241,#9254,#9266,#9283,#9295,
#9308,#9322,#9339,#9351,#9363,#9376,#9389,#9401,#9413,#9429,#9441,#9453,#9476,
#9499,#9513,#9535,#9558,#9571,#9584,#9597,#9610,#9623,#9635,#9648,#9661,#9674,
#9687,#9700,#9713,#9725,#9738,#9751,#9764,#9797,#9809,#9832,#9855,#9869,#9891,
#9914,#9927,#9940,#9953,#9966,#9979,#9991,#10004,#10017,#10030,#10043,#10056,
#10069,#10081,#10096,#10110,#10124,#10137,#10167,#10181,#10196,#10210,#10224,
#10238,#10252,#10266,#10280,#10293,#10317,#10331,#10344,#10356,#10369,#10381));
#10383=MANIFOLD_SOLID_BREP('',#10382);
#10385=DIMENSIONAL_EXPONENTS(0.E0,0.E0,0.E0,0.E0,0.E0,0.E0,0.E0);
#10387=PLANE_ANGLE_MEASURE_WITH_UNIT(PLANE_ANGLE_MEASURE(1.745329251994E-2),
#10386);
#10388=(CONVERSION_BASED_UNIT('DEGREE',#10387)NAMED_UNIT(#10385)PLANE_ANGLE_UNIT());
#10390=UNCERTAINTY_MEASURE_WITH_UNIT(LENGTH_MEASURE(2.598992032848E-3),#10384,
'distance_accuracy_value',
'Maximum model space distance between geometric entities at asserted connectivities');
#10391=(GEOMETRIC_REPRESENTATION_CONTEXT(3)GLOBAL_UNCERTAINTY_ASSIGNED_CONTEXT((
#10390))GLOBAL_UNIT_ASSIGNED_CONTEXT((#10384,#10388,#10389))REPRESENTATION_CONTEXT('ID1','3'));
#10393=APPLICATION_CONTEXT('automotive_design');
#10394=APPLICATION_PROTOCOL_DEFINITION('international standard',
'automotive_design',2001,#10393);
#10395=PRODUCT_DEFINITION_CONTEXT('part definition',#10393,'design');
#10396=PRODUCT_CONTEXT('',#10393,'mechanical');
#10397=PRODUCT('C-1827654-1','C-1827654-1','NOT SPECIFIED',(#10396));
#10398=PRODUCT_DEFINITION_FORMATION('1','LAST_VERSION',#10397);
#10406=DERIVED_UNIT_ELEMENT(#10405,2.E0);
#10407=DERIVED_UNIT((#10406));
#10408=MEASURE_REPRESENTATION_ITEM('surface area measure',AREA_MEASURE(
6.949796428457E2),#10407);
#10413=DERIVED_UNIT_ELEMENT(#10412,3.E0);
#10414=DERIVED_UNIT((#10413));
#10415=MEASURE_REPRESENTATION_ITEM('volume measure',VOLUME_MEASURE(
3.216583227226E2),#10414);
#10419=CARTESIAN_POINT('centre point',(-1.005011091493E-1,-1.112808861187E-1,
-1.119511037799E0));
#10424=DERIVED_UNIT_ELEMENT(#10423,2.E0);
#10425=DERIVED_UNIT((#10424));
#10426=MEASURE_REPRESENTATION_ITEM('surface area measure',AREA_MEASURE(
6.949796428457E2),#10425);
#10431=DERIVED_UNIT_ELEMENT(#10430,3.E0);
#10432=DERIVED_UNIT((#10431));
#10433=MEASURE_REPRESENTATION_ITEM('volume measure',VOLUME_MEASURE(
3.216583227226E2),#10432);
#10437=CARTESIAN_POINT('centre point',(-1.005011091493E-1,-1.112808861187E-1,
-1.119511037799E0));
#10442=PRODUCT_RELATED_PRODUCT_CATEGORY('part','',(#10397));
#10444=GENERAL_PROPERTY('user defined attribute','','');
#10445=GENERAL_PROPERTY_ASSOCIATION('user defined attribute','',#10444,#10443);
#10446=DESCRIPTIVE_REPRESENTATION_ITEM('PART_NO','1827654');
#10450=GENERAL_PROPERTY('user defined attribute','','');
#10451=GENERAL_PROPERTY_ASSOCIATION('user defined attribute','',#10450,#10449);
#10452=DESCRIPTIVE_REPRESENTATION_ITEM('DWG_TITLE','PLUG ASSEMBLY 7POS.');
#10456=GENERAL_PROPERTY('user defined attribute','','');
#10457=GENERAL_PROPERTY_ASSOCIATION('user defined attribute','',#10456,#10455);
#10458=DESCRIPTIVE_REPRESENTATION_ITEM('DWG_TITLE_2',
'2mm PITCH BATTRY CONNECTOR');
#10462=GENERAL_PROPERTY('user defined attribute','','');
#10463=GENERAL_PROPERTY_ASSOCIATION('user defined attribute','',#10462,#10461);
#10464=DESCRIPTIVE_REPRESENTATION_ITEM('DESC',
'PLUG ASSEMBLY 7POS. 2mm PITCH BATTRY CONNECTOR');
#10468=GENERAL_PROPERTY('user defined attribute','','');
#10469=GENERAL_PROPERTY_ASSOCIATION('user defined attribute','',#10468,#10467);
#10470=DESCRIPTIVE_REPRESENTATION_ITEM('TIR','A');
#10474=GENERAL_PROPERTY('user defined attribute','','');
#10475=GENERAL_PROPERTY_ASSOCIATION('user defined attribute','',#10474,#10473);
#10476=DESCRIPTIVE_REPRESENTATION_ITEM('DOC_STATUS','Active');
#10480=GENERAL_PROPERTY('user defined attribute','','');
#10481=GENERAL_PROPERTY_ASSOCIATION('user defined attribute','',#10480,#10479);
#10482=DESCRIPTIVE_REPRESENTATION_ITEM('MOD_NUM','MOD42151');
#10486=GENERAL_PROPERTY('user defined attribute','','');
#10487=GENERAL_PROPERTY_ASSOCIATION('user defined attribute','',#10486,#10485);
#10488=DESCRIPTIVE_REPRESENTATION_ITEM('PDMREV','0+');
#10492=GENERAL_PROPERTY('user defined attribute','','');
#10493=GENERAL_PROPERTY_ASSOCIATION('user defined attribute','',#10492,#10491);
#10494=DESCRIPTIVE_REPRESENTATION_ITEM('PDMDB','');
#10498=GENERAL_PROPERTY('user defined attribute','','');
#10499=GENERAL_PROPERTY_ASSOCIATION('user defined attribute','',#10498,#10497);
#10500=DESCRIPTIVE_REPRESENTATION_ITEM('PDMRL','');
#10504=GENERAL_PROPERTY('user defined attribute','','');
#10505=GENERAL_PROPERTY_ASSOCIATION('user defined attribute','',#10504,#10503);
#10506=DESCRIPTIVE_REPRESENTATION_ITEM('PROI_REVISION','');
#10510=GENERAL_PROPERTY('user defined attribute','','');
#10511=GENERAL_PROPERTY_ASSOCIATION('user defined attribute','',#10510,#10509);
#10512=DESCRIPTIVE_REPRESENTATION_ITEM('PROI_VERSION','0');
#10516=GENERAL_PROPERTY('user defined attribute','','');
#10517=GENERAL_PROPERTY_ASSOCIATION('user defined attribute','',#10516,#10515);
#10518=DESCRIPTIVE_REPRESENTATION_ITEM('PROI_BRANCH','');
#10522=GENERAL_PROPERTY('user defined attribute','','');
#10523=GENERAL_PROPERTY_ASSOCIATION('user defined attribute','',#10522,#10521);
#10524=DESCRIPTIVE_REPRESENTATION_ITEM('PROI_RELEASE','');
#10528=GENERAL_PROPERTY('user defined attribute','','');
#10529=GENERAL_PROPERTY_ASSOCIATION('user defined attribute','',#10528,#10527);
#10530=DESCRIPTIVE_REPRESENTATION_ITEM('PTC_MODIFIED','NO');
#10534=GENERAL_PROPERTY('user defined attribute','','');
#10535=GENERAL_PROPERTY_ASSOCIATION('user defined attribute','',#10534,#10533);
#10536=DESCRIPTIVE_REPRESENTATION_ITEM('PROI_CREATED_BY','');
#10540=GENERAL_PROPERTY('user defined attribute','','');
#10541=GENERAL_PROPERTY_ASSOCIATION('user defined attribute','',#10540,#10539);
#10542=DESCRIPTIVE_REPRESENTATION_ITEM('PROI_CREATED_ON',
'10/8/2007 4:44:52 PM');
#10546=GENERAL_PROPERTY('user defined attribute','','');
#10547=GENERAL_PROPERTY_ASSOCIATION('user defined attribute','',#10546,#10545);
#10548=DESCRIPTIVE_REPRESENTATION_ITEM('PROI_LOCATION','');
#10552=GENERAL_PROPERTY('user defined attribute','','');
#10553=GENERAL_PROPERTY_ASSOCIATION('user defined attribute','',#10552,#10551);
#10554=DESCRIPTIVE_REPRESENTATION_ITEM('PTC_COMMON_NAME','c-1827654-1.prt');
#10558=GENERAL_PROPERTY('user defined attribute','','');
#10559=GENERAL_PROPERTY_ASSOCIATION('user defined attribute','',#10558,#10557);
#10560=DESCRIPTIVE_REPRESENTATION_ITEM('PTC_ORGANIZATION_ID','TE');
#10564=GENERAL_PROPERTY('user defined attribute','','');
#10565=GENERAL_PROPERTY_ASSOCIATION('user defined attribute','',#10564,#10563);
#10566=DESCRIPTIVE_REPRESENTATION_ITEM('PTC_WM_REVISION','GN');
#10570=GENERAL_PROPERTY('user defined attribute','','');
#10571=GENERAL_PROPERTY_ASSOCIATION('user defined attribute','',#10570,#10569);
#10572=DESCRIPTIVE_REPRESENTATION_ITEM('PTC_WM_ITERATION','0');
#10576=GENERAL_PROPERTY('user defined attribute','','');
#10577=GENERAL_PROPERTY_ASSOCIATION('user defined attribute','',#10576,#10575);
#10578=DESCRIPTIVE_REPRESENTATION_ITEM('PTC_WM_VERSION','GN.0');
#10582=GENERAL_PROPERTY('user defined attribute','','');
#10583=GENERAL_PROPERTY_ASSOCIATION('user defined attribute','',#10582,#10581);
#10584=DESCRIPTIVE_REPRESENTATION_ITEM('PTC_WM_LIFECYCLE_STATE','Concept');
#10588=GENERAL_PROPERTY('user defined attribute','','');
#10589=GENERAL_PROPERTY_ASSOCIATION('user defined attribute','',#10588,#10587);
#10590=DESCRIPTIVE_REPRESENTATION_ITEM('PTC_WM_LIFECYCLE',
'TE Standard Lifecycle');
#10594=GENERAL_PROPERTY('user defined attribute','','');
#10595=GENERAL_PROPERTY_ASSOCIATION('user defined attribute','',#10594,#10593);
#10596=DESCRIPTIVE_REPRESENTATION_ITEM('PTC_WM_LOCATION','');
#10600=GENERAL_PROPERTY('user defined attribute','','');
#10601=GENERAL_PROPERTY_ASSOCIATION('user defined attribute','',#10600,#10599);
#10602=DESCRIPTIVE_REPRESENTATION_ITEM('PTC_WM_CREATED_BY','Subramanya, N L');
#10606=GENERAL_PROPERTY('user defined attribute','','');
#10607=GENERAL_PROPERTY_ASSOCIATION('user defined attribute','',#10606,#10605);
#10608=DESCRIPTIVE_REPRESENTATION_ITEM('PTC_WM_CREATED_ON',
'05-Nov-12 04:52:17 PM');
#10612=GENERAL_PROPERTY('user defined attribute','','');
#10613=GENERAL_PROPERTY_ASSOCIATION('user defined attribute','',#10612,#10611);
#10614=DESCRIPTIVE_REPRESENTATION_ITEM('PTC_WM_MODIFIED_BY','Subramanya, N L');
#10618=GENERAL_PROPERTY('user defined attribute','','');
#10619=GENERAL_PROPERTY_ASSOCIATION('user defined attribute','',#10618,#10617);
#10620=DESCRIPTIVE_REPRESENTATION_ITEM('PTC_WM_MODIFIED_ON',
'05-Nov-12 05:10:04 PM');
#10624=GENERAL_PROPERTY('user defined attribute','','');
#10625=GENERAL_PROPERTY_ASSOCIATION('user defined attribute','',#10624,#10623);
#10626=DESCRIPTIVE_REPRESENTATION_ITEM('PTC_WM_TEAM','');
#10630=GENERAL_PROPERTY('user defined attribute','','');
#10631=GENERAL_PROPERTY_ASSOCIATION('user defined attribute','',#10630,#10629);
#10632=DESCRIPTIVE_REPRESENTATION_ITEM('PART_REV','B2');
#10636=GENERAL_PROPERTY('user defined attribute','','');
#10637=GENERAL_PROPERTY_ASSOCIATION('user defined attribute','',#10636,#10635);
#10638=DESCRIPTIVE_REPRESENTATION_ITEM('COMMENTS','-');
#776=CIRCLE('',#775,5.E-1);
#785=CIRCLE('',#784,5.E-1);
#814=CIRCLE('',#813,5.E-1);
#823=CIRCLE('',#822,5.E-1);
#1148=CIRCLE('',#1147,5.E-1);
#1157=CIRCLE('',#1156,5.E-1);
#1190=CIRCLE('',#1189,5.E-1);
#1199=CIRCLE('',#1198,5.E-1);
#2280=CIRCLE('',#2279,5.E-1);
#2289=CIRCLE('',#2288,5.E-1);
#2318=CIRCLE('',#2317,5.E-1);
#2327=CIRCLE('',#2326,5.E-1);
#2492=CIRCLE('',#2491,5.E-1);
#2501=CIRCLE('',#2500,5.E-1);
#2530=CIRCLE('',#2529,5.E-1);
#2539=CIRCLE('',#2538,5.E-1);
#2680=CIRCLE('',#2679,5.E-1);
#2689=CIRCLE('',#2688,5.E-1);
#2718=CIRCLE('',#2717,5.E-1);
#2727=CIRCLE('',#2726,5.E-1);
#2820=CIRCLE('',#2819,5.E-1);
#2829=CIRCLE('',#2828,5.E-1);
#2858=CIRCLE('',#2857,5.E-1);
#2867=CIRCLE('',#2866,5.E-1);
#3028=CIRCLE('',#3027,5.E-1);
#3037=CIRCLE('',#3036,5.E-1);
#3066=CIRCLE('',#3065,5.E-1);
#3075=CIRCLE('',#3074,5.E-1);
#3192=CIRCLE('',#3191,1.15E0);
#3205=CIRCLE('',#3204,2.5E-1);
#3218=CIRCLE('',#3217,2.5E-1);
#3231=CIRCLE('',#3230,1.15E0);
#3248=CIRCLE('',#3247,2.5E-1);
#3261=CIRCLE('',#3260,1.15E0);
#3282=CIRCLE('',#3281,1.15E0);
#3295=CIRCLE('',#3294,2.5E-1);
#3412=CIRCLE('',#3411,1.15E0);
#3425=CIRCLE('',#3424,2.5E-1);
#3438=CIRCLE('',#3437,2.5E-1);
#3451=CIRCLE('',#3450,1.15E0);
#3468=CIRCLE('',#3467,2.5E-1);
#3481=CIRCLE('',#3480,1.15E0);
#3502=CIRCLE('',#3501,1.15E0);
#3515=CIRCLE('',#3514,2.5E-1);
#4905=EDGE_CURVE('',#3814,#3815,#75,.T.);
#4907=EDGE_CURVE('',#3815,#3742,#79,.T.);
#4909=EDGE_CURVE('',#3742,#3743,#83,.T.);
#4911=EDGE_CURVE('',#3743,#3745,#87,.T.);
#4913=EDGE_CURVE('',#3745,#3747,#91,.T.);
#4915=EDGE_CURVE('',#3747,#3814,#95,.T.);
#4926=EDGE_CURVE('',#3814,#3770,#159,.T.);
#4928=EDGE_CURVE('',#3770,#3799,#3351,.T.);
#4930=EDGE_CURVE('',#3798,#3799,#1727,.T.);
#4932=EDGE_CURVE('',#3815,#3798,#99,.T.);
#4942=EDGE_CURVE('',#4674,#4675,#103,.T.);
#4944=EDGE_CURVE('',#4675,#4681,#107,.T.);
#4946=EDGE_CURVE('',#4681,#4683,#111,.T.);
#4948=EDGE_CURVE('',#4683,#4689,#115,.T.);
#4950=EDGE_CURVE('',#4689,#4693,#119,.T.);
#4952=EDGE_CURVE('',#4693,#4697,#123,.T.);
#4954=EDGE_CURVE('',#4697,#4699,#127,.T.);
#4956=EDGE_CURVE('',#4699,#4647,#131,.T.);
#4958=EDGE_CURVE('',#4646,#4647,#135,.T.);
#4960=EDGE_CURVE('',#3779,#4646,#1683,.T.);
#4962=EDGE_CURVE('',#3777,#3779,#139,.T.);
#4964=EDGE_CURVE('',#3775,#3777,#143,.T.);
#4966=EDGE_CURVE('',#3773,#3775,#147,.T.);
#4968=EDGE_CURVE('',#3771,#3773,#151,.T.);
#4970=EDGE_CURVE('',#3770,#3771,#155,.T.);
#4974=EDGE_CURVE('',#3747,#3755,#163,.T.);
#4976=EDGE_CURVE('',#3755,#3818,#1835,.T.);
#4978=EDGE_CURVE('',#3767,#3818,#167,.T.);
#4980=EDGE_CURVE('',#3765,#3767,#171,.T.);
#4982=EDGE_CURVE('',#3763,#3765,#175,.T.);
#4984=EDGE_CURVE('',#3761,#3763,#179,.T.);
#4986=EDGE_CURVE('',#3759,#3761,#183,.T.);
#4988=EDGE_CURVE('',#3758,#3759,#187,.T.);
#4990=EDGE_CURVE('',#4642,#3758,#1675,.T.);
#4992=EDGE_CURVE('',#4642,#4643,#191,.T.);
#4994=EDGE_CURVE('',#4643,#4674,#195,.T.);
#4998=EDGE_CURVE('',#4154,#4155,#199,.T.);
#5000=EDGE_CURVE('',#4155,#4159,#203,.T.);
#5002=EDGE_CURVE('',#4158,#4159,#207,.T.);
#5004=EDGE_CURVE('',#4154,#4158,#211,.T.);
#5008=EDGE_CURVE('',#4206,#4207,#215,.T.);
#5010=EDGE_CURVE('',#4207,#4211,#219,.T.);
#5012=EDGE_CURVE('',#4210,#4211,#223,.T.);
#5014=EDGE_CURVE('',#4206,#4210,#227,.T.);
#5018=EDGE_CURVE('',#4258,#4259,#231,.T.);
#5020=EDGE_CURVE('',#4259,#4263,#235,.T.);
#5022=EDGE_CURVE('',#4262,#4263,#239,.T.);
#5024=EDGE_CURVE('',#4258,#4262,#243,.T.);
#5028=EDGE_CURVE('',#4310,#4311,#247,.T.);
#5030=EDGE_CURVE('',#4311,#4315,#251,.T.);
#5032=EDGE_CURVE('',#4314,#4315,#255,.T.);
#5034=EDGE_CURVE('',#4310,#4314,#259,.T.);
#5038=EDGE_CURVE('',#4362,#4363,#263,.T.);
#5040=EDGE_CURVE('',#4363,#4367,#267,.T.);
#5042=EDGE_CURVE('',#4366,#4367,#271,.T.);
#5044=EDGE_CURVE('',#4362,#4366,#275,.T.);
#5048=EDGE_CURVE('',#4414,#4415,#279,.T.);
#5050=EDGE_CURVE('',#4415,#4419,#283,.T.);
#5052=EDGE_CURVE('',#4418,#4419,#287,.T.);
#5054=EDGE_CURVE('',#4414,#4418,#291,.T.);
#5058=EDGE_CURVE('',#4458,#4459,#295,.T.);
#5060=EDGE_CURVE('',#4459,#4463,#299,.T.);
#5062=EDGE_CURVE('',#4462,#4463,#303,.T.);
#5064=EDGE_CURVE('',#4458,#4462,#307,.T.);
#5075=EDGE_CURVE('',#4678,#4674,#311,.T.);
#5077=EDGE_CURVE('',#4678,#4679,#419,.T.);
#5079=EDGE_CURVE('',#4679,#4707,#411,.T.);
#5081=EDGE_CURVE('',#4707,#4675,#315,.T.);
#5091=EDGE_CURVE('',#4703,#4678,#331,.T.);
#5094=EDGE_CURVE('',#4699,#4674,#727,.T.);
#5096=EDGE_CURVE('',#4703,#4699,#319,.T.);
#5106=EDGE_CURVE('',#4703,#4897,#323,.T.);
#5108=EDGE_CURVE('',#4897,#4891,#327,.T.);
#5110=EDGE_CURVE('',#4678,#4891,#423,.T.);
#5121=EDGE_CURVE('',#4896,#4897,#335,.T.);
#5124=EDGE_CURVE('',#4702,#4703,#339,.T.);
#5126=EDGE_CURVE('',#4702,#4896,#343,.T.);
#5137=EDGE_CURVE('',#4896,#4899,#347,.T.);
#5139=EDGE_CURVE('',#4899,#4897,#427,.T.);
#5150=EDGE_CURVE('',#4885,#4896,#367,.T.);
#5152=EDGE_CURVE('',#4885,#4887,#351,.T.);
#5154=EDGE_CURVE('',#4887,#4899,#435,.T.);
#5165=EDGE_CURVE('',#4705,#4702,#371,.T.);
#5167=EDGE_CURVE('',#4705,#4855,#355,.T.);
#5169=EDGE_CURVE('',#4695,#4855,#359,.T.);
#5171=EDGE_CURVE('',#4695,#4885,#363,.T.);
#5183=EDGE_CURVE('',#4705,#4697,#375,.T.);
#5199=EDGE_CURVE('',#4855,#4693,#383,.T.);
#5210=EDGE_CURVE('',#4691,#4689,#379,.T.);
#5212=EDGE_CURVE('',#4691,#4695,#463,.T.);
#5225=EDGE_CURVE('',#4687,#4683,#387,.T.);
#5227=EDGE_CURVE('',#4687,#4691,#471,.T.);
#5239=EDGE_CURVE('',#4853,#4681,#395,.T.);
#5241=EDGE_CURVE('',#4853,#4686,#391,.T.);
#5243=EDGE_CURVE('',#4686,#4687,#487,.T.);
#5256=EDGE_CURVE('',#4853,#4707,#407,.T.);
#5267=EDGE_CURVE('',#4679,#4890,#399,.T.);
#5269=EDGE_CURVE('',#4890,#4878,#403,.T.);
#5271=EDGE_CURVE('',#4686,#4878,#491,.T.);
#5284=EDGE_CURVE('',#4890,#4891,#415,.T.);
#5298=EDGE_CURVE('',#4893,#4891,#431,.T.);
#5300=EDGE_CURVE('',#4893,#4890,#495,.T.);
#5311=EDGE_CURVE('',#4899,#4893,#447,.T.);
#5324=EDGE_CURVE('',#4881,#4887,#439,.T.);
#5326=EDGE_CURVE('',#4893,#4881,#443,.T.);
#5337=EDGE_CURVE('',#4884,#4887,#451,.T.);
#5339=EDGE_CURVE('',#4879,#4884,#479,.T.);
#5341=EDGE_CURVE('',#4879,#4881,#455,.T.);
#5352=EDGE_CURVE('',#4884,#4885,#459,.T.);
#5367=EDGE_CURVE('',#4691,#4884,#467,.T.);
#5379=EDGE_CURVE('',#4687,#4879,#475,.T.);
#5390=EDGE_CURVE('',#4878,#4879,#483,.T.);
#5404=EDGE_CURVE('',#4881,#4878,#499,.T.);
#5427=EDGE_CURVE('',#4471,#4637,#503,.T.);
#5429=EDGE_CURVE('',#4471,#4475,#507,.T.);
#5431=EDGE_CURVE('',#4475,#4639,#511,.T.);
#5433=EDGE_CURVE('',#4119,#4639,#515,.T.);
#5435=EDGE_CURVE('',#4083,#4119,#519,.T.);
#5437=EDGE_CURVE('',#4085,#4083,#1655,.T.);
#5439=EDGE_CURVE('',#4121,#4085,#523,.T.);
#5441=EDGE_CURVE('',#4370,#4121,#527,.T.);
#5443=EDGE_CURVE('',#4374,#4370,#531,.T.);
#5445=EDGE_CURVE('',#4667,#4374,#535,.T.);
#5447=EDGE_CURVE('',#4666,#4667,#539,.T.);
#5449=EDGE_CURVE('',#4382,#4666,#543,.T.);
#5451=EDGE_CURVE('',#4382,#4378,#547,.T.);
#5453=EDGE_CURVE('',#4123,#4378,#551,.T.);
#5455=EDGE_CURVE('',#4087,#4123,#555,.T.);
#5457=EDGE_CURVE('',#4089,#4087,#1667,.T.);
#5459=EDGE_CURVE('',#4125,#4089,#559,.T.);
#5461=EDGE_CURVE('',#4318,#4125,#563,.T.);
#5463=EDGE_CURVE('',#4322,#4318,#567,.T.);
#5465=EDGE_CURVE('',#4671,#4322,#571,.T.);
#5467=EDGE_CURVE('',#4670,#4671,#575,.T.);
#5469=EDGE_CURVE('',#4330,#4670,#579,.T.);
#5471=EDGE_CURVE('',#4330,#4326,#583,.T.);
#5473=EDGE_CURVE('',#4127,#4326,#587,.T.);
#5475=EDGE_CURVE('',#4091,#4127,#591,.T.);
#5477=EDGE_CURVE('',#4073,#4091,#1615,.T.);
#5479=EDGE_CURVE('',#4109,#4073,#595,.T.);
#5481=EDGE_CURVE('',#4266,#4109,#599,.T.);
#5483=EDGE_CURVE('',#4270,#4266,#603,.T.);
#5485=EDGE_CURVE('',#4663,#4270,#607,.T.);
#5487=EDGE_CURVE('',#4662,#4663,#611,.T.);
#5489=EDGE_CURVE('',#4278,#4662,#615,.T.);
#5491=EDGE_CURVE('',#4278,#4274,#619,.T.);
#5493=EDGE_CURVE('',#4111,#4274,#623,.T.);
#5495=EDGE_CURVE('',#4075,#4111,#627,.T.);
#5497=EDGE_CURVE('',#4069,#4075,#1603,.T.);
#5499=EDGE_CURVE('',#4103,#4069,#631,.T.);
#5501=EDGE_CURVE('',#4101,#4103,#635,.T.);
#5503=EDGE_CURVE('',#4107,#4101,#639,.T.);
#5505=EDGE_CURVE('',#4105,#4107,#643,.T.);
#5507=EDGE_CURVE('',#4071,#4105,#647,.T.);
#5509=EDGE_CURVE('',#4065,#4071,#1591,.T.);
#5511=EDGE_CURVE('',#4097,#4065,#651,.T.);
#5513=EDGE_CURVE('',#4214,#4097,#655,.T.);
#5515=EDGE_CURVE('',#4218,#4214,#659,.T.);
#5517=EDGE_CURVE('',#4659,#4218,#663,.T.);
#5519=EDGE_CURVE('',#4658,#4659,#667,.T.);
#5521=EDGE_CURVE('',#4226,#4658,#671,.T.);
#5523=EDGE_CURVE('',#4226,#4222,#675,.T.);
#5525=EDGE_CURVE('',#4099,#4222,#679,.T.);
#5527=EDGE_CURVE('',#4067,#4099,#683,.T.);
#5529=EDGE_CURVE('',#4063,#4067,#1579,.T.);
#5531=EDGE_CURVE('',#4095,#4063,#687,.T.);
#5533=EDGE_CURVE('',#4170,#4095,#691,.T.);
#5535=EDGE_CURVE('',#4174,#4170,#695,.T.);
#5537=EDGE_CURVE('',#4655,#4174,#699,.T.);
#5539=EDGE_CURVE('',#4654,#4655,#703,.T.);
#5541=EDGE_CURVE('',#4166,#4654,#707,.T.);
#5543=EDGE_CURVE('',#4166,#4162,#711,.T.);
#5545=EDGE_CURVE('',#4093,#4162,#715,.T.);
#5547=EDGE_CURVE('',#4061,#4093,#719,.T.);
#5549=EDGE_CURVE('',#4651,#4061,#1571,.T.);
#5551=EDGE_CURVE('',#4647,#4651,#723,.T.);
#5556=EDGE_CURVE('',#4649,#4643,#731,.T.);
#5558=EDGE_CURVE('',#4079,#4649,#1639,.T.);
#5560=EDGE_CURVE('',#4115,#4079,#735,.T.);
#5562=EDGE_CURVE('',#4631,#4115,#739,.T.);
#5564=EDGE_CURVE('',#4427,#4631,#743,.T.);
#5566=EDGE_CURVE('',#4427,#4431,#747,.T.);
#5568=EDGE_CURVE('',#4431,#4629,#751,.T.);
#5570=EDGE_CURVE('',#4113,#4629,#755,.T.);
#5572=EDGE_CURVE('',#4077,#4113,#759,.T.);
#5574=EDGE_CURVE('',#4081,#4077,#1631,.T.);
#5576=EDGE_CURVE('',#4117,#4081,#763,.T.);
#5578=EDGE_CURVE('',#4637,#4117,#767,.T.);
#5589=EDGE_CURVE('',#4458,#4434,#771,.T.);
#5591=EDGE_CURVE('',#4434,#4435,#776,.T.);
#5593=EDGE_CURVE('',#4435,#4437,#780,.T.);
#5595=EDGE_CURVE('',#4437,#4439,#785,.T.);
#5597=EDGE_CURVE('',#4439,#4459,#789,.T.);
#5607=EDGE_CURVE('',#4469,#4465,#793,.T.);
#5609=EDGE_CURVE('',#4633,#4465,#1079,.T.);
#5611=EDGE_CURVE('',#4633,#4849,#1327,.T.);
#5613=EDGE_CURVE('',#4849,#4469,#1531,.T.);
#5623=EDGE_CURVE('',#4443,#4471,#797,.T.);
#5626=EDGE_CURVE('',#4637,#4442,#801,.T.);
#5628=EDGE_CURVE('',#4442,#4443,#805,.T.);
#5639=EDGE_CURVE('',#4462,#4446,#827,.T.);
#5641=EDGE_CURVE('',#4434,#4446,#859,.T.);
#5653=EDGE_CURVE('',#4451,#4463,#809,.T.);
#5655=EDGE_CURVE('',#4449,#4451,#814,.T.);
#5657=EDGE_CURVE('',#4447,#4449,#818,.T.);
#5659=EDGE_CURVE('',#4446,#4447,#823,.T.);
#5670=EDGE_CURVE('',#4473,#4467,#831,.T.);
#5672=EDGE_CURVE('',#4851,#4473,#1559,.T.);
#5674=EDGE_CURVE('',#4635,#4851,#1339,.T.);
#5676=EDGE_CURVE('',#4467,#4635,#1087,.T.);
#5686=EDGE_CURVE('',#4455,#4475,#835,.T.);
#5688=EDGE_CURVE('',#4454,#4455,#839,.T.);
#5690=EDGE_CURVE('',#4639,#4454,#843,.T.);
#5703=EDGE_CURVE('',#4439,#4451,#847,.T.);
#5715=EDGE_CURVE('',#4437,#4449,#851,.T.);
#5728=EDGE_CURVE('',#4435,#4447,#855,.T.);
#5753=EDGE_CURVE('',#4469,#4845,#875,.T.);
#5755=EDGE_CURVE('',#4845,#4847,#863,.T.);
#5757=EDGE_CURVE('',#4473,#4847,#2971,.T.);
#5760=EDGE_CURVE('',#4639,#4467,#2959,.T.);
#5763=EDGE_CURVE('',#4442,#4454,#3735,.T.);
#5766=EDGE_CURVE('',#4637,#4465,#867,.T.);
#5776=EDGE_CURVE('',#4465,#3874,#1055,.T.);
#5780=EDGE_CURVE('',#3874,#4117,#2947,.T.);
#5790=EDGE_CURVE('',#4843,#4845,#871,.T.);
#5793=EDGE_CURVE('',#4469,#3942,#1527,.T.);
#5795=EDGE_CURVE('',#4041,#3942,#2951,.T.);
#5797=EDGE_CURVE('',#4039,#4041,#2011,.T.);
#5799=EDGE_CURVE('',#4039,#4843,#879,.T.);
#5809=EDGE_CURVE('',#4163,#3831,#883,.T.);
#5811=EDGE_CURVE('',#4163,#4607,#887,.T.);
#5813=EDGE_CURVE('',#3827,#4607,#1239,.T.);
#5815=EDGE_CURVE('',#3826,#3827,#891,.T.);
#5817=EDGE_CURVE('',#3826,#3830,#895,.T.);
#5819=EDGE_CURVE('',#3830,#3831,#899,.T.);
#5829=EDGE_CURVE('',#4215,#3838,#903,.T.);
#5831=EDGE_CURVE('',#3838,#3839,#907,.T.);
#5833=EDGE_CURVE('',#3839,#3852,#911,.T.);
#5835=EDGE_CURVE('',#3852,#3853,#915,.T.);
#5837=EDGE_CURVE('',#3855,#3853,#919,.T.);
#5839=EDGE_CURVE('',#4609,#3855,#1247,.T.);
#5841=EDGE_CURVE('',#4609,#4215,#923,.T.);
#5851=EDGE_CURVE('',#4223,#3843,#927,.T.);
#5853=EDGE_CURVE('',#4223,#4611,#931,.T.);
#5855=EDGE_CURVE('',#4605,#4611,#1263,.T.);
#5857=EDGE_CURVE('',#4605,#4171,#935,.T.);
#5859=EDGE_CURVE('',#4171,#3834,#939,.T.);
#5861=EDGE_CURVE('',#3834,#3835,#943,.T.);
#5863=EDGE_CURVE('',#3835,#3842,#947,.T.);
#5865=EDGE_CURVE('',#3842,#3843,#951,.T.);
#5875=EDGE_CURVE('',#4275,#3863,#955,.T.);
#5877=EDGE_CURVE('',#4275,#4615,#959,.T.);
#5879=EDGE_CURVE('',#3846,#4615,#1275,.T.);
#5881=EDGE_CURVE('',#3846,#3847,#963,.T.);
#5883=EDGE_CURVE('',#3847,#3849,#967,.T.);
#5885=EDGE_CURVE('',#3849,#3862,#971,.T.);
#5887=EDGE_CURVE('',#3862,#3863,#975,.T.);
#5897=EDGE_CURVE('',#4327,#3895,#979,.T.);
#5899=EDGE_CURVE('',#4327,#4619,#983,.T.);
#5901=EDGE_CURVE('',#4613,#4619,#1287,.T.);
#5903=EDGE_CURVE('',#4613,#4267,#987,.T.);
#5905=EDGE_CURVE('',#4267,#3858,#991,.T.);
#5907=EDGE_CURVE('',#3858,#3859,#995,.T.);
#5909=EDGE_CURVE('',#3859,#3894,#999,.T.);
#5911=EDGE_CURVE('',#3894,#3895,#1003,.T.);
#5921=EDGE_CURVE('',#4379,#3887,#1007,.T.);
#5923=EDGE_CURVE('',#4379,#4623,#1011,.T.);
#5925=EDGE_CURVE('',#4617,#4623,#1299,.T.);
#5927=EDGE_CURVE('',#4617,#4319,#1015,.T.);
#5929=EDGE_CURVE('',#4319,#3890,#1019,.T.);
#5931=EDGE_CURVE('',#3890,#3891,#1023,.T.);
#5933=EDGE_CURVE('',#3891,#3886,#1027,.T.);
#5935=EDGE_CURVE('',#3886,#3887,#1031,.T.);
#5945=EDGE_CURVE('',#4423,#3870,#1035,.T.);
#5947=EDGE_CURVE('',#3870,#3871,#1039,.T.);
#5949=EDGE_CURVE('',#3871,#3822,#1043,.T.);
#5951=EDGE_CURVE('',#3822,#3823,#1047,.T.);
#5953=EDGE_CURVE('',#4625,#3823,#1307,.T.);
#5955=EDGE_CURVE('',#4625,#4423,#1051,.T.);
#5966=EDGE_CURVE('',#3874,#3875,#1059,.T.);
#5968=EDGE_CURVE('',#3875,#3866,#1063,.T.);
#5970=EDGE_CURVE('',#3866,#3867,#1067,.T.);
#5972=EDGE_CURVE('',#4421,#3867,#1071,.T.);
#5974=EDGE_CURVE('',#4421,#4627,#1075,.T.);
#5976=EDGE_CURVE('',#4633,#4627,#1319,.T.);
#5987=EDGE_CURVE('',#4467,#3879,#1083,.T.);
#5990=EDGE_CURVE('',#4621,#4635,#1335,.T.);
#5992=EDGE_CURVE('',#4621,#4371,#1091,.T.);
#5994=EDGE_CURVE('',#4371,#3882,#1095,.T.);
#5996=EDGE_CURVE('',#3882,#3883,#1099,.T.);
#5998=EDGE_CURVE('',#3883,#3878,#1103,.T.);
#6000=EDGE_CURVE('',#3878,#3879,#1107,.T.);
#6010=EDGE_CURVE('',#4162,#4163,#1111,.T.);
#6013=EDGE_CURVE('',#3831,#4093,#1115,.T.);
#6024=EDGE_CURVE('',#4166,#4167,#1119,.T.);
#6027=EDGE_CURVE('',#4857,#4654,#2063,.T.);
#6029=EDGE_CURVE('',#4857,#4167,#1123,.T.);
#6039=EDGE_CURVE('',#4770,#4771,#1127,.T.);
#6041=EDGE_CURVE('',#3999,#4770,#2055,.T.);
#6043=EDGE_CURVE('',#3997,#3999,#1859,.T.);
#6045=EDGE_CURVE('',#3997,#3899,#1131,.T.);
#6047=EDGE_CURVE('',#4179,#3899,#1343,.T.);
#6049=EDGE_CURVE('',#4179,#4771,#1135,.T.);
#6060=EDGE_CURVE('',#4162,#4150,#1169,.T.);
#6062=EDGE_CURVE('',#4138,#4150,#3179,.T.);
#6064=EDGE_CURVE('',#4170,#4138,#1211,.T.);
#6066=EDGE_CURVE('',#4170,#4171,#2067,.T.);
#6068=EDGE_CURVE('',#4177,#4171,#1207,.T.);
#6070=EDGE_CURVE('',#4177,#4775,#2087,.T.);
#6072=EDGE_CURVE('',#4775,#4771,#1139,.T.);
#6075=EDGE_CURVE('',#4179,#4163,#1165,.T.);
#6086=EDGE_CURVE('',#4147,#4159,#1143,.T.);
#6088=EDGE_CURVE('',#4145,#4147,#1148,.T.);
#6090=EDGE_CURVE('',#4143,#4145,#1152,.T.);
#6092=EDGE_CURVE('',#4142,#4143,#1157,.T.);
#6094=EDGE_CURVE('',#4158,#4142,#1161,.T.);
#6105=EDGE_CURVE('',#4779,#4179,#1355,.T.);
#6107=EDGE_CURVE('',#4607,#4779,#1243,.T.);
#6120=EDGE_CURVE('',#4151,#4166,#1173,.T.);
#6122=EDGE_CURVE('',#4150,#4151,#1177,.T.);
#6133=EDGE_CURVE('',#4135,#4155,#1203,.T.);
#6135=EDGE_CURVE('',#4135,#4147,#1181,.T.);
#6147=EDGE_CURVE('',#4154,#4130,#1185,.T.);
#6149=EDGE_CURVE('',#4130,#4131,#1190,.T.);
#6151=EDGE_CURVE('',#4131,#4133,#1194,.T.);
#6153=EDGE_CURVE('',#4133,#4135,#1199,.T.);
#6166=EDGE_CURVE('',#4605,#4777,#1259,.T.);
#6168=EDGE_CURVE('',#4777,#4177,#1399,.T.);
#6179=EDGE_CURVE('',#4138,#4139,#1215,.T.);
#6181=EDGE_CURVE('',#4139,#4174,#1219,.T.);
#6194=EDGE_CURVE('',#4130,#4142,#1223,.T.);
#6208=EDGE_CURVE('',#4131,#4143,#1227,.T.);
#6221=EDGE_CURVE('',#4133,#4145,#1231,.T.);
#6243=EDGE_CURVE('',#3742,#4779,#1351,.T.);
#6246=EDGE_CURVE('',#3827,#3815,#1235,.T.);
#6259=EDGE_CURVE('',#3855,#3923,#1251,.T.);
#6261=EDGE_CURVE('',#4789,#3923,#1359,.T.);
#6263=EDGE_CURVE('',#4609,#4789,#1255,.T.);
#6273=EDGE_CURVE('',#4777,#4791,#1403,.T.);
#6277=EDGE_CURVE('',#4611,#4791,#1267,.T.);
#6287=EDGE_CURVE('',#3914,#4803,#1427,.T.);
#6289=EDGE_CURVE('',#3846,#3914,#1271,.T.);
#6292=EDGE_CURVE('',#4615,#4803,#1279,.T.);
#6302=EDGE_CURVE('',#4801,#4815,#1455,.T.);
#6304=EDGE_CURVE('',#4613,#4801,#1283,.T.);
#6307=EDGE_CURVE('',#4619,#4815,#1291,.T.);
#6317=EDGE_CURVE('',#4813,#4827,#1483,.T.);
#6319=EDGE_CURVE('',#4617,#4813,#1295,.T.);
#6322=EDGE_CURVE('',#4623,#4827,#1303,.T.);
#6333=EDGE_CURVE('',#3823,#3819,#1311,.T.);
#6335=EDGE_CURVE('',#3819,#3750,#1851,.T.);
#6337=EDGE_CURVE('',#4837,#3750,#1491,.T.);
#6339=EDGE_CURVE('',#4625,#4837,#1315,.T.);
#6350=EDGE_CURVE('',#4627,#4839,#1323,.T.);
#6352=EDGE_CURVE('',#4849,#4839,#1507,.T.);
#6363=EDGE_CURVE('',#4825,#4851,#1555,.T.);
#6365=EDGE_CURVE('',#4621,#4825,#1331,.T.);
#6378=EDGE_CURVE('',#3898,#3899,#1347,.T.);
#6380=EDGE_CURVE('',#3743,#3898,#2107,.T.);
#6394=EDGE_CURVE('',#3923,#3921,#1363,.T.);
#6396=EDGE_CURVE('',#3920,#3921,#1367,.T.);
#6398=EDGE_CURVE('',#3907,#3920,#2127,.T.);
#6400=EDGE_CURVE('',#3906,#3907,#1371,.T.);
#6402=EDGE_CURVE('',#4229,#3906,#1375,.T.);
#6404=EDGE_CURVE('',#4789,#4229,#1379,.T.);
#6414=EDGE_CURVE('',#4231,#3911,#1383,.T.);
#6416=EDGE_CURVE('',#3910,#3911,#1387,.T.);
#6418=EDGE_CURVE('',#3903,#3910,#2115,.T.);
#6420=EDGE_CURVE('',#3902,#3903,#1391,.T.);
#6422=EDGE_CURVE('',#4177,#3902,#1395,.T.);
#6426=EDGE_CURVE('',#4791,#4231,#1407,.T.);
#6436=EDGE_CURVE('',#4283,#3931,#1411,.T.);
#6438=EDGE_CURVE('',#3930,#3931,#1415,.T.);
#6440=EDGE_CURVE('',#3917,#3930,#2139,.T.);
#6442=EDGE_CURVE('',#3915,#3917,#1419,.T.);
#6444=EDGE_CURVE('',#3914,#3915,#1423,.T.);
#6447=EDGE_CURVE('',#4803,#4283,#1431,.T.);
#6457=EDGE_CURVE('',#4335,#3963,#1435,.T.);
#6459=EDGE_CURVE('',#3962,#3963,#1439,.T.);
#6461=EDGE_CURVE('',#3927,#3962,#2151,.T.);
#6463=EDGE_CURVE('',#3926,#3927,#1443,.T.);
#6465=EDGE_CURVE('',#4281,#3926,#1447,.T.);
#6467=EDGE_CURVE('',#4801,#4281,#1451,.T.);
#6470=EDGE_CURVE('',#4815,#4335,#1459,.T.);
#6480=EDGE_CURVE('',#4387,#3955,#1463,.T.);
#6482=EDGE_CURVE('',#3954,#3955,#1467,.T.);
#6484=EDGE_CURVE('',#3959,#3954,#2199,.T.);
#6486=EDGE_CURVE('',#3958,#3959,#1471,.T.);
#6488=EDGE_CURVE('',#4333,#3958,#1475,.T.);
#6490=EDGE_CURVE('',#4813,#4333,#1479,.T.);
#6493=EDGE_CURVE('',#4827,#4387,#1487,.T.);
#6504=EDGE_CURVE('',#3750,#3751,#1847,.T.);
#6506=EDGE_CURVE('',#3939,#3751,#2175,.T.);
#6508=EDGE_CURVE('',#3938,#3939,#1495,.T.);
#6510=EDGE_CURVE('',#4425,#3938,#1499,.T.);
#6512=EDGE_CURVE('',#4837,#4425,#1503,.T.);
#6523=EDGE_CURVE('',#4839,#4429,#1511,.T.);
#6525=EDGE_CURVE('',#4429,#3935,#1515,.T.);
#6527=EDGE_CURVE('',#3934,#3935,#1519,.T.);
#6529=EDGE_CURVE('',#3943,#3934,#2167,.T.);
#6531=EDGE_CURVE('',#3942,#3943,#1523,.T.);
#6543=EDGE_CURVE('',#4473,#3947,#1535,.T.);
#6545=EDGE_CURVE('',#3946,#3947,#1539,.T.);
#6547=EDGE_CURVE('',#3951,#3946,#2187,.T.);
#6549=EDGE_CURVE('',#3950,#3951,#1543,.T.);
#6551=EDGE_CURVE('',#4385,#3950,#1547,.T.);
#6553=EDGE_CURVE('',#4825,#4385,#1551,.T.);
#6566=EDGE_CURVE('',#4061,#3830,#1563,.T.);
#6580=EDGE_CURVE('',#3965,#3997,#1855,.T.);
#6582=EDGE_CURVE('',#3898,#3965,#2103,.T.);
#6594=EDGE_CURVE('',#4651,#3826,#1567,.T.);
#6605=EDGE_CURVE('',#4063,#3835,#1575,.T.);
#6608=EDGE_CURVE('',#4067,#3842,#1583,.T.);
#6619=EDGE_CURVE('',#4065,#3839,#1587,.T.);
#6622=EDGE_CURVE('',#4071,#3852,#1595,.T.);
#6633=EDGE_CURVE('',#4069,#3849,#1599,.T.);
#6636=EDGE_CURVE('',#4075,#3862,#1607,.T.);
#6647=EDGE_CURVE('',#4073,#3859,#1611,.T.);
#6650=EDGE_CURVE('',#4091,#3894,#1619,.T.);
#6661=EDGE_CURVE('',#4077,#3866,#1623,.T.);
#6664=EDGE_CURVE('',#4081,#3875,#1627,.T.);
#6675=EDGE_CURVE('',#4079,#3871,#1635,.T.);
#6678=EDGE_CURVE('',#4649,#3822,#1643,.T.);
#6689=EDGE_CURVE('',#4083,#3878,#1647,.T.);
#6692=EDGE_CURVE('',#4085,#3883,#1651,.T.);
#6703=EDGE_CURVE('',#4087,#3886,#1659,.T.);
#6706=EDGE_CURVE('',#4089,#3891,#1663,.T.);
#6717=EDGE_CURVE('',#3811,#4646,#1671,.T.);
#6725=EDGE_CURVE('',#3811,#3798,#1755,.T.);
#6735=EDGE_CURVE('',#4642,#3783,#1687,.T.);
#6738=EDGE_CURVE('',#3758,#3785,#1775,.T.);
#6740=EDGE_CURVE('',#3783,#3785,#1699,.T.);
#6751=EDGE_CURVE('',#3809,#3811,#1751,.T.);
#6753=EDGE_CURVE('',#3779,#3809,#1679,.T.);
#6768=EDGE_CURVE('',#3782,#3783,#1695,.T.);
#6770=EDGE_CURVE('',#3819,#3782,#1691,.T.);
#6784=EDGE_CURVE('',#3785,#3787,#1703,.T.);
#6786=EDGE_CURVE('',#3787,#3789,#1707,.T.);
#6788=EDGE_CURVE('',#3789,#3791,#1711,.T.);
#6790=EDGE_CURVE('',#3791,#3793,#1715,.T.);
#6792=EDGE_CURVE('',#3793,#3795,#1719,.T.);
#6794=EDGE_CURVE('',#3795,#3782,#1723,.T.);
#6798=EDGE_CURVE('',#4718,#4719,#1759,.T.);
#6800=EDGE_CURVE('',#4719,#4721,#1763,.T.);
#6802=EDGE_CURVE('',#4721,#4723,#1767,.T.);
#6804=EDGE_CURVE('',#4723,#4718,#1771,.T.);
#6815=EDGE_CURVE('',#3799,#3801,#1731,.T.);
#6817=EDGE_CURVE('',#3801,#3803,#1735,.T.);
#6819=EDGE_CURVE('',#3803,#3805,#1739,.T.);
#6821=EDGE_CURVE('',#3805,#3807,#1743,.T.);
#6823=EDGE_CURVE('',#3807,#3809,#1747,.T.);
#6836=EDGE_CURVE('',#3759,#3787,#1779,.T.);
#6849=EDGE_CURVE('',#3761,#3789,#1815,.T.);
#6855=EDGE_CURVE('',#4566,#4567,#1783,.T.);
#6857=EDGE_CURVE('',#4567,#4575,#1787,.T.);
#6859=EDGE_CURVE('',#4574,#4575,#1791,.T.);
#6861=EDGE_CURVE('',#4566,#4574,#1795,.T.);
#6865=EDGE_CURVE('',#4570,#4571,#1799,.T.);
#6867=EDGE_CURVE('',#4571,#4579,#1803,.T.);
#6869=EDGE_CURVE('',#4578,#4579,#1807,.T.);
#6871=EDGE_CURVE('',#4570,#4578,#1811,.T.);
#6882=EDGE_CURVE('',#3763,#3791,#1819,.T.);
#6895=EDGE_CURVE('',#3765,#3793,#1823,.T.);
#6908=EDGE_CURVE('',#3767,#3795,#1827,.T.);
#6920=EDGE_CURVE('',#3818,#3819,#1831,.T.);
#6936=EDGE_CURVE('',#3753,#3755,#1839,.T.);
#6938=EDGE_CURVE('',#3751,#3753,#1843,.T.);
#6952=EDGE_CURVE('',#3999,#4001,#1863,.T.);
#6954=EDGE_CURVE('',#4001,#4003,#1867,.T.);
#6956=EDGE_CURVE('',#4003,#3967,#1871,.T.);
#6958=EDGE_CURVE('',#3967,#3971,#1875,.T.);
#6960=EDGE_CURVE('',#3971,#4009,#1879,.T.);
#6962=EDGE_CURVE('',#4009,#4011,#1883,.T.);
#6964=EDGE_CURVE('',#4011,#4006,#1887,.T.);
#6966=EDGE_CURVE('',#4006,#4007,#1891,.T.);
#6968=EDGE_CURVE('',#4007,#3969,#1895,.T.);
#6970=EDGE_CURVE('',#3969,#3975,#1899,.T.);
#6972=EDGE_CURVE('',#3975,#4017,#1903,.T.);
#6974=EDGE_CURVE('',#4017,#4019,#1907,.T.);
#6976=EDGE_CURVE('',#4019,#4014,#1911,.T.);
#6978=EDGE_CURVE('',#4014,#4015,#1915,.T.);
#6980=EDGE_CURVE('',#4015,#3973,#1919,.T.);
#6982=EDGE_CURVE('',#3973,#3979,#1923,.T.);
#6984=EDGE_CURVE('',#3979,#4027,#1927,.T.);
#6986=EDGE_CURVE('',#4027,#4022,#1931,.T.);
#6988=EDGE_CURVE('',#4022,#4023,#1935,.T.);
#6990=EDGE_CURVE('',#4023,#4025,#1939,.T.);
#6992=EDGE_CURVE('',#4025,#3977,#1943,.T.);
#6994=EDGE_CURVE('',#3977,#3995,#1947,.T.);
#6996=EDGE_CURVE('',#3995,#4057,#1951,.T.);
#6998=EDGE_CURVE('',#4057,#4059,#1955,.T.);
#7000=EDGE_CURVE('',#4059,#4054,#1959,.T.);
#7002=EDGE_CURVE('',#4054,#4055,#1963,.T.);
#7004=EDGE_CURVE('',#4055,#3993,#1967,.T.);
#7006=EDGE_CURVE('',#3993,#3991,#1971,.T.);
#7008=EDGE_CURVE('',#3991,#4051,#1975,.T.);
#7010=EDGE_CURVE('',#4051,#4046,#1979,.T.);
#7012=EDGE_CURVE('',#4046,#4047,#1983,.T.);
#7014=EDGE_CURVE('',#4047,#4049,#1987,.T.);
#7016=EDGE_CURVE('',#4049,#3989,#1991,.T.);
#7018=EDGE_CURVE('',#3989,#3987,#1995,.T.);
#7020=EDGE_CURVE('',#3987,#4043,#1999,.T.);
#7022=EDGE_CURVE('',#4043,#4038,#2003,.T.);
#7024=EDGE_CURVE('',#4038,#4039,#2007,.T.);
#7027=EDGE_CURVE('',#4041,#3985,#2015,.T.);
#7029=EDGE_CURVE('',#3985,#3981,#2019,.T.);
#7031=EDGE_CURVE('',#3981,#4029,#2023,.T.);
#7033=EDGE_CURVE('',#4029,#4031,#2027,.T.);
#7035=EDGE_CURVE('',#4031,#4033,#2031,.T.);
#7037=EDGE_CURVE('',#4033,#4035,#2035,.T.);
#7039=EDGE_CURVE('',#4035,#3983,#2039,.T.);
#7041=EDGE_CURVE('',#3983,#3753,#2043,.T.);
#7046=EDGE_CURVE('',#3745,#3965,#2047,.T.);
#7056=EDGE_CURVE('',#4770,#4773,#2051,.T.);
#7058=EDGE_CURVE('',#4001,#4773,#2091,.T.);
#7070=EDGE_CURVE('',#4857,#4859,#2059,.T.);
#7074=EDGE_CURVE('',#4859,#4655,#2079,.T.);
#7086=EDGE_CURVE('',#4773,#4775,#2083,.T.);
#7099=EDGE_CURVE('',#3834,#4095,#2095,.T.);
#7110=EDGE_CURVE('',#4174,#4175,#2071,.T.);
#7112=EDGE_CURVE('',#4859,#4175,#2075,.T.);
#7127=EDGE_CURVE('',#4003,#3902,#2099,.T.);
#7152=EDGE_CURVE('',#3903,#3967,#2111,.T.);
#7178=EDGE_CURVE('',#3910,#3971,#2119,.T.);
#7189=EDGE_CURVE('',#3907,#3969,#2123,.T.);
#7192=EDGE_CURVE('',#3920,#3975,#2131,.T.);
#7203=EDGE_CURVE('',#3917,#3973,#2135,.T.);
#7206=EDGE_CURVE('',#3930,#3979,#2143,.T.);
#7217=EDGE_CURVE('',#3927,#3977,#2147,.T.);
#7220=EDGE_CURVE('',#3962,#3995,#2155,.T.);
#7231=EDGE_CURVE('',#3934,#3981,#2159,.T.);
#7234=EDGE_CURVE('',#3943,#3985,#2163,.T.);
#7245=EDGE_CURVE('',#3939,#3983,#2171,.T.);
#7258=EDGE_CURVE('',#3946,#3987,#2179,.T.);
#7261=EDGE_CURVE('',#3951,#3989,#2183,.T.);
#7272=EDGE_CURVE('',#3954,#3991,#2191,.T.);
#7275=EDGE_CURVE('',#3959,#3993,#2195,.T.);
#7289=EDGE_CURVE('',#3843,#4099,#2207,.T.);
#7300=EDGE_CURVE('',#4009,#3911,#2223,.T.);
#7312=EDGE_CURVE('',#4222,#4223,#2203,.T.);
#7325=EDGE_CURVE('',#4226,#4227,#2211,.T.);
#7328=EDGE_CURVE('',#4863,#4658,#2387,.T.);
#7330=EDGE_CURVE('',#4863,#4227,#2215,.T.);
#7340=EDGE_CURVE('',#4786,#4787,#2219,.T.);
#7342=EDGE_CURVE('',#4011,#4786,#2379,.T.);
#7347=EDGE_CURVE('',#4231,#4787,#2227,.T.);
#7357=EDGE_CURVE('',#4214,#4215,#2235,.T.);
#7359=EDGE_CURVE('',#4229,#4215,#2297,.T.);
#7361=EDGE_CURVE('',#4229,#4783,#2255,.T.);
#7363=EDGE_CURVE('',#4783,#4787,#2231,.T.);
#7366=EDGE_CURVE('',#4231,#4223,#2335,.T.);
#7369=EDGE_CURVE('',#4222,#4202,#2339,.T.);
#7371=EDGE_CURVE('',#4190,#4202,#2367,.T.);
#7373=EDGE_CURVE('',#4214,#4190,#2301,.T.);
#7385=EDGE_CURVE('',#3838,#4097,#2263,.T.);
#7396=EDGE_CURVE('',#4218,#4219,#2239,.T.);
#7398=EDGE_CURVE('',#4861,#4219,#2243,.T.);
#7400=EDGE_CURVE('',#4861,#4659,#2247,.T.);
#7411=EDGE_CURVE('',#4782,#4783,#2251,.T.);
#7415=EDGE_CURVE('',#4007,#3906,#2267,.T.);
#7418=EDGE_CURVE('',#4006,#4782,#2259,.T.);
#7453=EDGE_CURVE('',#4191,#4218,#2309,.T.);
#7455=EDGE_CURVE('',#4191,#4203,#2271,.T.);
#7457=EDGE_CURVE('',#4203,#4226,#2343,.T.);
#7460=EDGE_CURVE('',#4219,#4227,#2371,.T.);
#7471=EDGE_CURVE('',#4206,#4182,#2275,.T.);
#7473=EDGE_CURVE('',#4182,#4183,#2280,.T.);
#7475=EDGE_CURVE('',#4183,#4185,#2284,.T.);
#7477=EDGE_CURVE('',#4185,#4187,#2289,.T.);
#7479=EDGE_CURVE('',#4187,#4207,#2293,.T.);
#7502=EDGE_CURVE('',#4190,#4191,#2305,.T.);
#7515=EDGE_CURVE('',#4210,#4194,#2331,.T.);
#7517=EDGE_CURVE('',#4182,#4194,#2363,.T.);
#7529=EDGE_CURVE('',#4199,#4211,#2313,.T.);
#7531=EDGE_CURVE('',#4197,#4199,#2318,.T.);
#7533=EDGE_CURVE('',#4195,#4197,#2322,.T.);
#7535=EDGE_CURVE('',#4194,#4195,#2327,.T.);
#7561=EDGE_CURVE('',#4202,#4203,#2347,.T.);
#7573=EDGE_CURVE('',#4187,#4199,#2351,.T.);
#7585=EDGE_CURVE('',#4185,#4197,#2355,.T.);
#7598=EDGE_CURVE('',#4183,#4195,#2359,.T.);
#7636=EDGE_CURVE('',#4863,#4861,#2383,.T.);
#7647=EDGE_CURVE('',#4786,#4782,#2375,.T.);
#7687=EDGE_CURVE('',#3853,#4105,#2391,.T.);
#7698=EDGE_CURVE('',#4017,#3921,#2395,.T.);
#7713=EDGE_CURVE('',#4019,#4107,#2399,.T.);
#7730=EDGE_CURVE('',#4014,#4101,#2403,.T.);
#7743=EDGE_CURVE('',#4015,#3915,#2411,.T.);
#7748=EDGE_CURVE('',#3847,#4103,#2407,.T.);
#7785=EDGE_CURVE('',#3863,#4111,#2419,.T.);
#7796=EDGE_CURVE('',#4027,#3931,#2435,.T.);
#7808=EDGE_CURVE('',#4274,#4275,#2415,.T.);
#7821=EDGE_CURVE('',#4278,#4279,#2423,.T.);
#7824=EDGE_CURVE('',#4866,#4662,#2599,.T.);
#7826=EDGE_CURVE('',#4866,#4279,#2427,.T.);
#7836=EDGE_CURVE('',#4794,#4799,#2431,.T.);
#7838=EDGE_CURVE('',#4022,#4794,#2591,.T.);
#7843=EDGE_CURVE('',#4283,#4799,#2439,.T.);
#7853=EDGE_CURVE('',#4266,#4267,#2447,.T.);
#7855=EDGE_CURVE('',#4281,#4267,#2509,.T.);
#7857=EDGE_CURVE('',#4281,#4797,#2467,.T.);
#7859=EDGE_CURVE('',#4797,#4799,#2443,.T.);
#7862=EDGE_CURVE('',#4283,#4275,#2547,.T.);
#7865=EDGE_CURVE('',#4274,#4254,#2551,.T.);
#7867=EDGE_CURVE('',#4242,#4254,#2579,.T.);
#7869=EDGE_CURVE('',#4266,#4242,#2513,.T.);
#7881=EDGE_CURVE('',#3858,#4109,#2475,.T.);
#7892=EDGE_CURVE('',#4270,#4271,#2451,.T.);
#7894=EDGE_CURVE('',#4867,#4271,#2455,.T.);
#7896=EDGE_CURVE('',#4867,#4663,#2459,.T.);
#7907=EDGE_CURVE('',#4795,#4797,#2463,.T.);
#7911=EDGE_CURVE('',#4025,#3926,#2479,.T.);
#7914=EDGE_CURVE('',#4023,#4795,#2471,.T.);
#7949=EDGE_CURVE('',#4243,#4270,#2521,.T.);
#7951=EDGE_CURVE('',#4243,#4255,#2483,.T.);
#7953=EDGE_CURVE('',#4255,#4278,#2555,.T.);
#7956=EDGE_CURVE('',#4271,#4279,#2583,.T.);
#7967=EDGE_CURVE('',#4258,#4234,#2487,.T.);
#7969=EDGE_CURVE('',#4234,#4235,#2492,.T.);
#7971=EDGE_CURVE('',#4235,#4237,#2496,.T.);
#7973=EDGE_CURVE('',#4237,#4239,#2501,.T.);
#7975=EDGE_CURVE('',#4239,#4259,#2505,.T.);
#7998=EDGE_CURVE('',#4242,#4243,#2517,.T.);
#8011=EDGE_CURVE('',#4262,#4246,#2543,.T.);
#8013=EDGE_CURVE('',#4234,#4246,#2575,.T.);
#8025=EDGE_CURVE('',#4251,#4263,#2525,.T.);
#8027=EDGE_CURVE('',#4249,#4251,#2530,.T.);
#8029=EDGE_CURVE('',#4247,#4249,#2534,.T.);
#8031=EDGE_CURVE('',#4246,#4247,#2539,.T.);
#8057=EDGE_CURVE('',#4254,#4255,#2559,.T.);
#8069=EDGE_CURVE('',#4239,#4251,#2563,.T.);
#8081=EDGE_CURVE('',#4237,#4249,#2567,.T.);
#8094=EDGE_CURVE('',#4235,#4247,#2571,.T.);
#8132=EDGE_CURVE('',#4866,#4867,#2595,.T.);
#8143=EDGE_CURVE('',#4794,#4795,#2587,.T.);
#8183=EDGE_CURVE('',#3895,#4127,#2607,.T.);
#8194=EDGE_CURVE('',#4057,#3963,#2623,.T.);
#8206=EDGE_CURVE('',#4326,#4327,#2603,.T.);
#8219=EDGE_CURVE('',#4330,#4331,#2611,.T.);
#8222=EDGE_CURVE('',#4871,#4670,#2787,.T.);
#8224=EDGE_CURVE('',#4871,#4331,#2615,.T.);
#8234=EDGE_CURVE('',#4810,#4811,#2619,.T.);
#8236=EDGE_CURVE('',#4059,#4810,#2779,.T.);
#8241=EDGE_CURVE('',#4335,#4811,#2627,.T.);
#8251=EDGE_CURVE('',#4318,#4319,#2635,.T.);
#8253=EDGE_CURVE('',#4333,#4319,#2697,.T.);
#8255=EDGE_CURVE('',#4333,#4807,#2655,.T.);
#8257=EDGE_CURVE('',#4807,#4811,#2631,.T.);
#8260=EDGE_CURVE('',#4335,#4327,#2735,.T.);
#8263=EDGE_CURVE('',#4326,#4306,#2739,.T.);
#8265=EDGE_CURVE('',#4294,#4306,#2767,.T.);
#8267=EDGE_CURVE('',#4318,#4294,#2701,.T.);
#8279=EDGE_CURVE('',#3890,#4125,#2663,.T.);
#8290=EDGE_CURVE('',#4322,#4323,#2639,.T.);
#8292=EDGE_CURVE('',#4869,#4323,#2643,.T.);
#8294=EDGE_CURVE('',#4869,#4671,#2647,.T.);
#8305=EDGE_CURVE('',#4806,#4807,#2651,.T.);
#8309=EDGE_CURVE('',#4055,#3958,#2667,.T.);
#8312=EDGE_CURVE('',#4054,#4806,#2659,.T.);
#8347=EDGE_CURVE('',#4295,#4322,#2709,.T.);
#8349=EDGE_CURVE('',#4295,#4307,#2671,.T.);
#8351=EDGE_CURVE('',#4307,#4330,#2743,.T.);
#8354=EDGE_CURVE('',#4323,#4331,#2771,.T.);
#8365=EDGE_CURVE('',#4310,#4286,#2675,.T.);
#8367=EDGE_CURVE('',#4286,#4287,#2680,.T.);
#8369=EDGE_CURVE('',#4287,#4289,#2684,.T.);
#8371=EDGE_CURVE('',#4289,#4291,#2689,.T.);
#8373=EDGE_CURVE('',#4291,#4311,#2693,.T.);
#8396=EDGE_CURVE('',#4294,#4295,#2705,.T.);
#8409=EDGE_CURVE('',#4314,#4298,#2731,.T.);
#8411=EDGE_CURVE('',#4286,#4298,#2763,.T.);
#8423=EDGE_CURVE('',#4303,#4315,#2713,.T.);
#8425=EDGE_CURVE('',#4301,#4303,#2718,.T.);
#8427=EDGE_CURVE('',#4299,#4301,#2722,.T.);
#8429=EDGE_CURVE('',#4298,#4299,#2727,.T.);
#8455=EDGE_CURVE('',#4306,#4307,#2747,.T.);
#8467=EDGE_CURVE('',#4291,#4303,#2751,.T.);
#8479=EDGE_CURVE('',#4289,#4301,#2755,.T.);
#8492=EDGE_CURVE('',#4287,#4299,#2759,.T.);
#8530=EDGE_CURVE('',#4871,#4869,#2783,.T.);
#8541=EDGE_CURVE('',#4810,#4806,#2775,.T.);
#8581=EDGE_CURVE('',#3867,#4113,#2791,.T.);
#8592=EDGE_CURVE('',#4029,#3935,#2803,.T.);
#8607=EDGE_CURVE('',#4629,#4421,#2795,.T.);
#8617=EDGE_CURVE('',#4830,#4831,#2799,.T.);
#8619=EDGE_CURVE('',#4031,#4830,#2943,.T.);
#8624=EDGE_CURVE('',#4429,#4831,#2807,.T.);
#8634=EDGE_CURVE('',#4425,#4423,#2837,.T.);
#8636=EDGE_CURVE('',#4425,#4835,#2923,.T.);
#8638=EDGE_CURVE('',#4835,#4831,#2811,.T.);
#8641=EDGE_CURVE('',#4429,#4421,#2875,.T.);
#8644=EDGE_CURVE('',#4629,#4410,#2887,.T.);
#8646=EDGE_CURVE('',#4398,#4410,#2911,.T.);
#8648=EDGE_CURVE('',#4631,#4398,#2845,.T.);
#8650=EDGE_CURVE('',#4631,#4423,#2915,.T.);
#8661=EDGE_CURVE('',#4414,#4390,#2815,.T.);
#8663=EDGE_CURVE('',#4390,#4391,#2820,.T.);
#8665=EDGE_CURVE('',#4391,#4393,#2824,.T.);
#8667=EDGE_CURVE('',#4393,#4395,#2829,.T.);
#8669=EDGE_CURVE('',#4395,#4415,#2833,.T.);
#8691=EDGE_CURVE('',#4399,#4427,#2841,.T.);
#8695=EDGE_CURVE('',#4398,#4399,#2849,.T.);
#8706=EDGE_CURVE('',#4418,#4402,#2871,.T.);
#8708=EDGE_CURVE('',#4390,#4402,#2903,.T.);
#8720=EDGE_CURVE('',#4407,#4419,#2853,.T.);
#8722=EDGE_CURVE('',#4405,#4407,#2858,.T.);
#8724=EDGE_CURVE('',#4403,#4405,#2862,.T.);
#8726=EDGE_CURVE('',#4402,#4403,#2867,.T.);
#8749=EDGE_CURVE('',#4411,#4431,#2879,.T.);
#8751=EDGE_CURVE('',#4410,#4411,#2883,.T.);
#8765=EDGE_CURVE('',#4395,#4407,#2891,.T.);
#8777=EDGE_CURVE('',#4393,#4405,#2895,.T.);
#8790=EDGE_CURVE('',#4391,#4403,#2899,.T.);
#8815=EDGE_CURVE('',#4399,#4411,#2907,.T.);
#8842=EDGE_CURVE('',#3870,#4115,#2931,.T.);
#8852=EDGE_CURVE('',#4833,#4835,#2919,.T.);
#8856=EDGE_CURVE('',#4035,#3938,#2935,.T.);
#8859=EDGE_CURVE('',#4033,#4833,#2927,.T.);
#8896=EDGE_CURVE('',#4830,#4833,#2939,.T.);
#8945=EDGE_CURVE('',#3879,#4119,#2955,.T.);
#8956=EDGE_CURVE('',#4043,#3947,#2967,.T.);
#8980=EDGE_CURVE('',#4842,#4847,#2963,.T.);
#8982=EDGE_CURVE('',#4038,#4842,#2979,.T.);
#8996=EDGE_CURVE('',#4842,#4843,#2975,.T.);
#9022=EDGE_CURVE('',#3882,#4121,#2983,.T.);
#9037=EDGE_CURVE('',#4049,#3950,#2987,.T.);
#9047=EDGE_CURVE('',#4370,#4371,#2991,.T.);
#9060=EDGE_CURVE('',#4374,#4375,#2995,.T.);
#9062=EDGE_CURVE('',#4875,#4375,#2999,.T.);
#9064=EDGE_CURVE('',#4875,#4667,#3003,.T.);
#9075=EDGE_CURVE('',#4819,#4821,#3007,.T.);
#9077=EDGE_CURVE('',#4385,#4821,#3011,.T.);
#9082=EDGE_CURVE('',#4047,#4819,#3015,.T.);
#9093=EDGE_CURVE('',#4385,#4371,#3045,.T.);
#9096=EDGE_CURVE('',#4821,#4823,#3019,.T.);
#9098=EDGE_CURVE('',#4387,#4823,#3147,.T.);
#9100=EDGE_CURVE('',#4387,#4379,#3083,.T.);
#9102=EDGE_CURVE('',#4378,#4379,#3123,.T.);
#9104=EDGE_CURVE('',#4378,#4358,#3087,.T.);
#9106=EDGE_CURVE('',#4346,#4358,#3119,.T.);
#9108=EDGE_CURVE('',#4370,#4346,#3049,.T.);
#9119=EDGE_CURVE('',#4362,#4338,#3023,.T.);
#9121=EDGE_CURVE('',#4338,#4339,#3028,.T.);
#9123=EDGE_CURVE('',#4339,#4341,#3032,.T.);
#9125=EDGE_CURVE('',#4341,#4343,#3037,.T.);
#9127=EDGE_CURVE('',#4343,#4363,#3041,.T.);
#9150=EDGE_CURVE('',#4346,#4347,#3053,.T.);
#9152=EDGE_CURVE('',#4347,#4374,#3057,.T.);
#9164=EDGE_CURVE('',#4366,#4350,#3079,.T.);
#9166=EDGE_CURVE('',#4338,#4350,#3111,.T.);
#9178=EDGE_CURVE('',#4355,#4367,#3061,.T.);
#9180=EDGE_CURVE('',#4353,#4355,#3066,.T.);
#9182=EDGE_CURVE('',#4351,#4353,#3070,.T.);
#9184=EDGE_CURVE('',#4350,#4351,#3075,.T.);
#9209=EDGE_CURVE('',#4359,#4382,#3091,.T.);
#9211=EDGE_CURVE('',#4358,#4359,#3095,.T.);
#9223=EDGE_CURVE('',#4343,#4355,#3099,.T.);
#9235=EDGE_CURVE('',#4341,#4353,#3103,.T.);
#9248=EDGE_CURVE('',#4339,#4351,#3107,.T.);
#9274=EDGE_CURVE('',#4347,#4359,#3115,.T.);
#9277=EDGE_CURVE('',#4382,#4383,#3131,.T.);
#9279=EDGE_CURVE('',#4375,#4383,#3167,.T.);
#9303=EDGE_CURVE('',#3887,#4123,#3127,.T.);
#9316=EDGE_CURVE('',#4874,#4666,#3163,.T.);
#9318=EDGE_CURVE('',#4874,#4383,#3135,.T.);
#9328=EDGE_CURVE('',#4818,#4823,#3139,.T.);
#9330=EDGE_CURVE('',#4046,#4818,#3155,.T.);
#9333=EDGE_CURVE('',#4051,#3955,#3143,.T.);
#9369=EDGE_CURVE('',#4818,#4819,#3151,.T.);
#9382=EDGE_CURVE('',#4874,#4875,#3159,.T.);
#9420=EDGE_CURVE('',#4175,#4167,#3175,.T.);
#9424=EDGE_CURVE('',#4139,#4151,#3171,.T.);
#9460=EDGE_CURVE('',#4566,#4484,#3183,.T.);
#9462=EDGE_CURVE('',#4484,#4485,#3187,.T.);
#9464=EDGE_CURVE('',#4485,#4487,#3192,.T.);
#9466=EDGE_CURVE('',#4487,#4478,#3196,.T.);
#9468=EDGE_CURVE('',#4478,#4479,#3200,.T.);
#9470=EDGE_CURVE('',#4479,#4481,#3205,.T.);
#9472=EDGE_CURVE('',#4481,#4567,#3209,.T.);
#9483=EDGE_CURVE('',#4570,#4581,#3213,.T.);
#9485=EDGE_CURVE('',#4581,#4497,#3218,.T.);
#9487=EDGE_CURVE('',#4497,#4490,#3222,.T.);
#9489=EDGE_CURVE('',#4490,#4491,#3226,.T.);
#9491=EDGE_CURVE('',#4491,#4493,#3231,.T.);
#9493=EDGE_CURVE('',#4493,#4495,#3235,.T.);
#9495=EDGE_CURVE('',#4495,#4571,#3239,.T.);
#9506=EDGE_CURVE('',#4574,#4506,#3269,.T.);
#9508=EDGE_CURVE('',#4484,#4506,#3323,.T.);
#9520=EDGE_CURVE('',#4503,#4575,#3243,.T.);
#9522=EDGE_CURVE('',#4501,#4503,#3248,.T.);
#9524=EDGE_CURVE('',#4500,#4501,#3252,.T.);
#9526=EDGE_CURVE('',#4509,#4500,#3256,.T.);
#9528=EDGE_CURVE('',#4507,#4509,#3261,.T.);
#9530=EDGE_CURVE('',#4506,#4507,#3265,.T.);
#9542=EDGE_CURVE('',#4517,#4579,#3273,.T.);
#9544=EDGE_CURVE('',#4515,#4517,#3277,.T.);
#9546=EDGE_CURVE('',#4513,#4515,#3282,.T.);
#9548=EDGE_CURVE('',#4512,#4513,#3286,.T.);
#9550=EDGE_CURVE('',#4519,#4512,#3290,.T.);
#9552=EDGE_CURVE('',#4583,#4519,#3295,.T.);
#9554=EDGE_CURVE('',#4578,#4583,#3299,.T.);
#9566=EDGE_CURVE('',#4481,#4503,#3303,.T.);
#9578=EDGE_CURVE('',#4479,#4501,#3307,.T.);
#9591=EDGE_CURVE('',#4478,#4500,#3311,.T.);
#9604=EDGE_CURVE('',#4487,#4509,#3315,.T.);
#9617=EDGE_CURVE('',#4485,#4507,#3319,.T.);
#9643=EDGE_CURVE('',#4495,#4517,#3327,.T.);
#9655=EDGE_CURVE('',#4493,#4515,#3331,.T.);
#9668=EDGE_CURVE('',#4491,#4513,#3335,.T.);
#9681=EDGE_CURVE('',#4490,#4512,#3339,.T.);
#9694=EDGE_CURVE('',#4497,#4519,#3343,.T.);
#9707=EDGE_CURVE('',#4581,#4583,#3347,.T.);
#9732=EDGE_CURVE('',#3771,#3801,#3355,.T.);
#9745=EDGE_CURVE('',#3773,#3803,#3359,.T.);
#9758=EDGE_CURVE('',#3775,#3805,#3363,.T.);
#9771=EDGE_CURVE('',#3777,#3807,#3399,.T.);
#9777=EDGE_CURVE('',#4586,#4587,#3367,.T.);
#9779=EDGE_CURVE('',#4587,#4595,#3371,.T.);
#9781=EDGE_CURVE('',#4594,#4595,#3375,.T.);
#9783=EDGE_CURVE('',#4586,#4594,#3379,.T.);
#9787=EDGE_CURVE('',#4590,#4591,#3383,.T.);
#9789=EDGE_CURVE('',#4591,#4599,#3387,.T.);
#9791=EDGE_CURVE('',#4598,#4599,#3391,.T.);
#9793=EDGE_CURVE('',#4590,#4598,#3395,.T.);
#9816=EDGE_CURVE('',#4586,#4522,#3403,.T.);
#9818=EDGE_CURVE('',#4522,#4523,#3407,.T.);
#9820=EDGE_CURVE('',#4523,#4525,#3412,.T.);
#9822=EDGE_CURVE('',#4525,#4527,#3416,.T.);
#9824=EDGE_CURVE('',#4527,#4529,#3420,.T.);
#9826=EDGE_CURVE('',#4529,#4601,#3425,.T.);
#9828=EDGE_CURVE('',#4601,#4587,#3429,.T.);
#9839=EDGE_CURVE('',#4590,#4532,#3433,.T.);
#9841=EDGE_CURVE('',#4532,#4533,#3438,.T.);
#9843=EDGE_CURVE('',#4533,#4535,#3442,.T.);
#9845=EDGE_CURVE('',#4535,#4537,#3446,.T.);
#9847=EDGE_CURVE('',#4537,#4539,#3451,.T.);
#9849=EDGE_CURVE('',#4539,#4541,#3455,.T.);
#9851=EDGE_CURVE('',#4541,#4591,#3459,.T.);
#9862=EDGE_CURVE('',#4594,#4544,#3489,.T.);
#9864=EDGE_CURVE('',#4522,#4544,#3543,.T.);
#9876=EDGE_CURVE('',#4603,#4595,#3463,.T.);
#9878=EDGE_CURVE('',#4551,#4603,#3468,.T.);
#9880=EDGE_CURVE('',#4549,#4551,#3472,.T.);
#9882=EDGE_CURVE('',#4547,#4549,#3476,.T.);
#9884=EDGE_CURVE('',#4545,#4547,#3481,.T.);
#9886=EDGE_CURVE('',#4544,#4545,#3485,.T.);
#9898=EDGE_CURVE('',#4563,#4599,#3493,.T.);
#9900=EDGE_CURVE('',#4561,#4563,#3497,.T.);
#9902=EDGE_CURVE('',#4559,#4561,#3502,.T.);
#9904=EDGE_CURVE('',#4557,#4559,#3506,.T.);
#9906=EDGE_CURVE('',#4555,#4557,#3510,.T.);
#9908=EDGE_CURVE('',#4554,#4555,#3515,.T.);
#9910=EDGE_CURVE('',#4598,#4554,#3519,.T.);
#9922=EDGE_CURVE('',#4601,#4603,#3523,.T.);
#9934=EDGE_CURVE('',#4529,#4551,#3527,.T.);
#9947=EDGE_CURVE('',#4527,#4549,#3531,.T.);
#9960=EDGE_CURVE('',#4525,#4547,#3535,.T.);
#9973=EDGE_CURVE('',#4523,#4545,#3539,.T.);
#9999=EDGE_CURVE('',#4541,#4563,#3547,.T.);
#10011=EDGE_CURVE('',#4539,#4561,#3551,.T.);
#10024=EDGE_CURVE('',#4537,#4559,#3555,.T.);
#10037=EDGE_CURVE('',#4535,#4557,#3559,.T.);
#10050=EDGE_CURVE('',#4533,#4555,#3563,.T.);
#10063=EDGE_CURVE('',#4532,#4554,#3567,.T.);
#10088=EDGE_CURVE('',#4718,#4710,#3571,.T.);
#10090=EDGE_CURVE('',#4710,#4711,#3587,.T.);
#10092=EDGE_CURVE('',#4719,#4711,#3583,.T.);
#10103=EDGE_CURVE('',#4723,#4715,#3575,.T.);
#10105=EDGE_CURVE('',#4715,#4710,#3591,.T.);
#10117=EDGE_CURVE('',#4721,#4713,#3579,.T.);
#10119=EDGE_CURVE('',#4713,#4715,#3595,.T.);
#10132=EDGE_CURVE('',#4711,#4713,#3599,.T.);
#10149=EDGE_CURVE('',#4748,#4749,#3603,.T.);
#10151=EDGE_CURVE('',#4749,#4751,#3607,.T.);
#10153=EDGE_CURVE('',#4751,#4753,#3611,.T.);
#10155=EDGE_CURVE('',#4753,#4755,#3615,.T.);
#10157=EDGE_CURVE('',#4755,#4757,#3619,.T.);
#10159=EDGE_CURVE('',#4757,#4759,#3623,.T.);
#10161=EDGE_CURVE('',#4759,#4761,#3627,.T.);
#10163=EDGE_CURVE('',#4761,#4748,#3631,.T.);
#10173=EDGE_CURVE('',#4764,#4765,#3635,.T.);
#10175=EDGE_CURVE('',#4765,#4767,#3639,.T.);
#10177=EDGE_CURVE('',#4767,#4764,#3643,.T.);
#10188=EDGE_CURVE('',#4748,#4726,#3647,.T.);
#10190=EDGE_CURVE('',#4726,#4727,#3679,.T.);
#10192=EDGE_CURVE('',#4749,#4727,#3675,.T.);
#10203=EDGE_CURVE('',#4761,#4739,#3651,.T.);
#10205=EDGE_CURVE('',#4739,#4726,#3683,.T.);
#10217=EDGE_CURVE('',#4759,#4737,#3655,.T.);
#10219=EDGE_CURVE('',#4737,#4739,#3687,.T.);
#10231=EDGE_CURVE('',#4757,#4735,#3659,.T.);
#10233=EDGE_CURVE('',#4735,#4737,#3691,.T.);
#10245=EDGE_CURVE('',#4755,#4733,#3663,.T.);
#10247=EDGE_CURVE('',#4733,#4735,#3695,.T.);
#10259=EDGE_CURVE('',#4753,#4731,#3667,.T.);
#10261=EDGE_CURVE('',#4731,#4733,#3699,.T.);
#10273=EDGE_CURVE('',#4751,#4729,#3671,.T.);
#10275=EDGE_CURVE('',#4729,#4731,#3703,.T.);
#10288=EDGE_CURVE('',#4727,#4729,#3707,.T.);
#10309=EDGE_CURVE('',#4742,#4743,#3711,.T.);
#10311=EDGE_CURVE('',#4745,#4742,#3715,.T.);
#10313=EDGE_CURVE('',#4743,#4745,#3719,.T.);
#10324=EDGE_CURVE('',#4764,#4742,#3723,.T.);
#10327=EDGE_CURVE('',#4765,#4743,#3731,.T.);
#10338=EDGE_CURVE('',#4767,#4745,#3727,.T.);
#10365=EDGE_CURVE('',#4443,#4455,#3739,.T.);
#10384=(LENGTH_UNIT()NAMED_UNIT(*)SI_UNIT(.MILLI.,.METRE.));
#10386=(NAMED_UNIT(*)PLANE_ANGLE_UNIT()SI_UNIT($,.RADIAN.));
#10389=(NAMED_UNIT(*)SI_UNIT($,.STERADIAN.)SOLID_ANGLE_UNIT());
#10392=ADVANCED_BREP_SHAPE_REPRESENTATION('',(#10383),#10391);
#10399=PRODUCT_DEFINITION('part definition','',#10398,#10395);
#10400=PRODUCT_DEFINITION_SHAPE('','SHAPE FOR C-1827654-1.',#10399);
#10401=SHAPE_ASPECT('','solid data associated with C-1827654-1',#10400,.F.);
#10402=PROPERTY_DEFINITION('',
'shape for solid data with which properties are associated',#10401);
#10403=SHAPE_REPRESENTATION('',(#10383),#10391);
#10404=SHAPE_DEFINITION_REPRESENTATION(#10402,#10403);
#10405=(LENGTH_UNIT()NAMED_UNIT(*)SI_UNIT(.MILLI.,.METRE.));
#10409=PROPERTY_DEFINITION('geometric validation property',
'area of C-1827654-1',#10401);
#10410=REPRESENTATION('surface area',(#10408),#10391);
#10411=PROPERTY_DEFINITION_REPRESENTATION(#10409,#10410);
#10412=(LENGTH_UNIT()NAMED_UNIT(*)SI_UNIT(.MILLI.,.METRE.));
#10416=PROPERTY_DEFINITION('geometric validation property',
'volume of C-1827654-1',#10401);
#10417=REPRESENTATION('volume',(#10415),#10391);
#10418=PROPERTY_DEFINITION_REPRESENTATION(#10416,#10417);
#10420=PROPERTY_DEFINITION('geometric validation property',
'centroid of C-1827654-1',#10401);
#10421=REPRESENTATION('centroid',(#10419),#10391);
#10422=PROPERTY_DEFINITION_REPRESENTATION(#10420,#10421);
#10423=(LENGTH_UNIT()NAMED_UNIT(*)SI_UNIT(.MILLI.,.METRE.));
#10427=PROPERTY_DEFINITION('geometric validation property',
'area of C-1827654-1',#10400);
#10428=REPRESENTATION('surface area',(#10426),#10391);
#10429=PROPERTY_DEFINITION_REPRESENTATION(#10427,#10428);
#10430=(LENGTH_UNIT()NAMED_UNIT(*)SI_UNIT(.MILLI.,.METRE.));
#10434=PROPERTY_DEFINITION('geometric validation property',
'volume of C-1827654-1',#10400);
#10435=REPRESENTATION('volume',(#10433),#10391);
#10436=PROPERTY_DEFINITION_REPRESENTATION(#10434,#10435);
#10438=PROPERTY_DEFINITION('geometric validation property',
'centroid of C-1827654-1',#10400);
#10439=REPRESENTATION('centroid',(#10437),#10391);
#10440=PROPERTY_DEFINITION_REPRESENTATION(#10438,#10439);
#10441=SHAPE_DEFINITION_REPRESENTATION(#10400,#10392);
#10443=PROPERTY_DEFINITION('user defined attribute','',#10399);
#10447=REPRESENTATION('',(#10446),#10391);
#10448=PROPERTY_DEFINITION_REPRESENTATION(#10443,#10447);
#10449=PROPERTY_DEFINITION('user defined attribute','',#10399);
#10453=REPRESENTATION('',(#10452),#10391);
#10454=PROPERTY_DEFINITION_REPRESENTATION(#10449,#10453);
#10455=PROPERTY_DEFINITION('user defined attribute','',#10399);
#10459=REPRESENTATION('',(#10458),#10391);
#10460=PROPERTY_DEFINITION_REPRESENTATION(#10455,#10459);
#10461=PROPERTY_DEFINITION('user defined attribute','',#10399);
#10465=REPRESENTATION('',(#10464),#10391);
#10466=PROPERTY_DEFINITION_REPRESENTATION(#10461,#10465);
#10467=PROPERTY_DEFINITION('user defined attribute','',#10399);
#10471=REPRESENTATION('',(#10470),#10391);
#10472=PROPERTY_DEFINITION_REPRESENTATION(#10467,#10471);
#10473=PROPERTY_DEFINITION('user defined attribute','',#10399);
#10477=REPRESENTATION('',(#10476),#10391);
#10478=PROPERTY_DEFINITION_REPRESENTATION(#10473,#10477);
#10479=PROPERTY_DEFINITION('user defined attribute','',#10399);
#10483=REPRESENTATION('',(#10482),#10391);
#10484=PROPERTY_DEFINITION_REPRESENTATION(#10479,#10483);
#10485=PROPERTY_DEFINITION('user defined attribute','',#10399);
#10489=REPRESENTATION('',(#10488),#10391);
#10490=PROPERTY_DEFINITION_REPRESENTATION(#10485,#10489);
#10491=PROPERTY_DEFINITION('user defined attribute','',#10399);
#10495=REPRESENTATION('',(#10494),#10391);
#10496=PROPERTY_DEFINITION_REPRESENTATION(#10491,#10495);
#10497=PROPERTY_DEFINITION('user defined attribute','',#10399);
#10501=REPRESENTATION('',(#10500),#10391);
#10502=PROPERTY_DEFINITION_REPRESENTATION(#10497,#10501);
#10503=PROPERTY_DEFINITION('user defined attribute','',#10399);
#10507=REPRESENTATION('',(#10506),#10391);
#10508=PROPERTY_DEFINITION_REPRESENTATION(#10503,#10507);
#10509=PROPERTY_DEFINITION('user defined attribute','',#10399);
#10513=REPRESENTATION('',(#10512),#10391);
#10514=PROPERTY_DEFINITION_REPRESENTATION(#10509,#10513);
#10515=PROPERTY_DEFINITION('user defined attribute','',#10399);
#10519=REPRESENTATION('',(#10518),#10391);
#10520=PROPERTY_DEFINITION_REPRESENTATION(#10515,#10519);
#10521=PROPERTY_DEFINITION('user defined attribute','',#10399);
#10525=REPRESENTATION('',(#10524),#10391);
#10526=PROPERTY_DEFINITION_REPRESENTATION(#10521,#10525);
#10527=PROPERTY_DEFINITION('user defined attribute','',#10399);
#10531=REPRESENTATION('',(#10530),#10391);
#10532=PROPERTY_DEFINITION_REPRESENTATION(#10527,#10531);
#10533=PROPERTY_DEFINITION('user defined attribute','',#10399);
#10537=REPRESENTATION('',(#10536),#10391);
#10538=PROPERTY_DEFINITION_REPRESENTATION(#10533,#10537);
#10539=PROPERTY_DEFINITION('user defined attribute','',#10399);
#10543=REPRESENTATION('',(#10542),#10391);
#10544=PROPERTY_DEFINITION_REPRESENTATION(#10539,#10543);
#10545=PROPERTY_DEFINITION('user defined attribute','',#10399);
#10549=REPRESENTATION('',(#10548),#10391);
#10550=PROPERTY_DEFINITION_REPRESENTATION(#10545,#10549);
#10551=PROPERTY_DEFINITION('user defined attribute','',#10399);
#10555=REPRESENTATION('',(#10554),#10391);
#10556=PROPERTY_DEFINITION_REPRESENTATION(#10551,#10555);
#10557=PROPERTY_DEFINITION('user defined attribute','',#10399);
#10561=REPRESENTATION('',(#10560),#10391);
#10562=PROPERTY_DEFINITION_REPRESENTATION(#10557,#10561);
#10563=PROPERTY_DEFINITION('user defined attribute','',#10399);
#10567=REPRESENTATION('',(#10566),#10391);
#10568=PROPERTY_DEFINITION_REPRESENTATION(#10563,#10567);
#10569=PROPERTY_DEFINITION('user defined attribute','',#10399);
#10573=REPRESENTATION('',(#10572),#10391);
#10574=PROPERTY_DEFINITION_REPRESENTATION(#10569,#10573);
#10575=PROPERTY_DEFINITION('user defined attribute','',#10399);
#10579=REPRESENTATION('',(#10578),#10391);
#10580=PROPERTY_DEFINITION_REPRESENTATION(#10575,#10579);
#10581=PROPERTY_DEFINITION('user defined attribute','',#10399);
#10585=REPRESENTATION('',(#10584),#10391);
#10586=PROPERTY_DEFINITION_REPRESENTATION(#10581,#10585);
#10587=PROPERTY_DEFINITION('user defined attribute','',#10399);
#10591=REPRESENTATION('',(#10590),#10391);
#10592=PROPERTY_DEFINITION_REPRESENTATION(#10587,#10591);
#10593=PROPERTY_DEFINITION('user defined attribute','',#10399);
#10597=REPRESENTATION('',(#10596),#10391);
#10598=PROPERTY_DEFINITION_REPRESENTATION(#10593,#10597);
#10599=PROPERTY_DEFINITION('user defined attribute','',#10399);
#10603=REPRESENTATION('',(#10602),#10391);
#10604=PROPERTY_DEFINITION_REPRESENTATION(#10599,#10603);
#10605=PROPERTY_DEFINITION('user defined attribute','',#10399);
#10609=REPRESENTATION('',(#10608),#10391);
#10610=PROPERTY_DEFINITION_REPRESENTATION(#10605,#10609);
#10611=PROPERTY_DEFINITION('user defined attribute','',#10399);
#10615=REPRESENTATION('',(#10614),#10391);
#10616=PROPERTY_DEFINITION_REPRESENTATION(#10611,#10615);
#10617=PROPERTY_DEFINITION('user defined attribute','',#10399);
#10621=REPRESENTATION('',(#10620),#10391);
#10622=PROPERTY_DEFINITION_REPRESENTATION(#10617,#10621);
#10623=PROPERTY_DEFINITION('user defined attribute','',#10399);
#10627=REPRESENTATION('',(#10626),#10391);
#10628=PROPERTY_DEFINITION_REPRESENTATION(#10623,#10627);
#10629=PROPERTY_DEFINITION('user defined attribute','',#10399);
#10633=REPRESENTATION('',(#10632),#10391);
#10634=PROPERTY_DEFINITION_REPRESENTATION(#10629,#10633);
#10635=PROPERTY_DEFINITION('user defined attribute','',#10399);
#10639=REPRESENTATION('',(#10638),#10391);
#10640=PROPERTY_DEFINITION_REPRESENTATION(#10635,#10639);
ENDSEC;
END-ISO-10303-21;
