ISO-10303-21;
HEADER;
FILE_DESCRIPTION((''),'2;1');
FILE_NAME('C-6318977-3','2011-03-16T',('workeradm'),('Tyco Electronics Ltd.'),
'PRO/ENGINEER BY PARAMETRIC TECHNOLOGY CORPORATION, 2009300',
'PRO/ENGINEER BY PARAMETRIC TECHNOLOGY CORPORATION, 2009300','');
FILE_SCHEMA(('AUTOMOTIVE_DESIGN { 1 0 10303 214 1 1 1 1 }'));
ENDSEC;
DATA;
#1=DRAUGHTING_PRE_DEFINED_COLOUR('black');
#2=COLOUR_RGB('',0.E0,0.E0,3.6E-1);
#3=COLOUR_RGB('',0.E0,0.E0,4.8E-1);
#4=DRAUGHTING_PRE_DEFINED_COLOUR('blue');
#5=COLOUR_RGB('',0.E0,3.6E-1,9.E-2);
#6=COLOUR_RGB('',0.E0,3.6E-1,2.7E-1);
#7=COLOUR_RGB('',0.E0,5.6E-1,6.4E-1);
#8=COLOUR_RGB('',0.E0,5.8E-1,8.E-1);
#9=COLOUR_RGB('',0.E0,7.1E-1,6.6E-1);
#10=COLOUR_RGB('',0.E0,7.13E-1,0.E0);
#11=COLOUR_RGB('',0.E0,9.5E-1,8.4E-1);
#12=DRAUGHTING_PRE_DEFINED_COLOUR('green');
#13=DRAUGHTING_PRE_DEFINED_COLOUR('cyan');
#14=COLOUR_RGB('',4.E-2,0.E0,1.6E-1);
#15=COLOUR_RGB('',9.E-2,0.E0,1.2E-1);
#16=COLOUR_RGB('',1.E-1,0.E0,2.5E-1);
#17=COLOUR_RGB('',1.6E-1,3.2E-2,0.E0);
#18=COLOUR_RGB('',1.6E-1,4.6E-1,6.5E-1);
#19=COLOUR_RGB('',1.6E-1,1.E0,1.6E-1);
#20=COLOUR_RGB('',2.E-1,3.2E-2,0.E0);
#21=COLOUR_RGB('',3.1E-1,3.1E-1,5.6E-1);
#22=COLOUR_RGB('',3.2E-1,1.5E-1,0.E0);
#23=COLOUR_RGB('',4.E-1,4.E-1,4.E-1);
#24=COLOUR_RGB('',4.2E-1,4.2E-1,1.E0);
#25=COLOUR_RGB('',4.4E-1,8.5E-1,1.E0);
#26=COLOUR_RGB('',4.9E-1,4.9E-1,0.E0);
#27=COLOUR_RGB('',4.9E-1,1.E0,0.E0);
#28=COLOUR_RGB('',5.E-1,0.E0,0.E0);
#29=COLOUR_RGB('',5.E-1,0.E0,2.3E-1);
#30=COLOUR_RGB('',5.E-1,5.E-1,5.E-1);
#31=COLOUR_RGB('',5.3E-1,0.E0,0.E0);
#32=COLOUR_RGB('',5.4E-1,0.E0,4.4E-1);
#33=COLOUR_RGB('',5.5E-1,3.E-1,0.E0);
#34=COLOUR_RGB('',5.6E-1,1.E-1,5.E-2);
#35=COLOUR_RGB('',5.8E-1,2.2E-1,1.E-2);
#36=COLOUR_RGB('',6.E-1,6.E-1,6.E-1);
#37=COLOUR_RGB('',6.2E-1,0.E0,5.5E-1);
#38=COLOUR_RGB('',6.4E-1,0.E0,2.5E-1);
#39=COLOUR_RGB('',6.4E-1,1.E-2,0.E0);
#40=COLOUR_RGB('',6.8E-1,7.5E-1,1.E0);
#41=COLOUR_RGB('',7.1E-1,3.1E-1,0.E0);
#42=COLOUR_RGB('',7.2E-1,7.2E-1,7.2E-1);
#43=COLOUR_RGB('',7.4E-1,1.E0,2.6E-1);
#44=COLOUR_RGB('',7.5E-1,3.E-2,0.E0);
#45=COLOUR_RGB('',7.6E-1,0.E0,4.7E-1);
#46=COLOUR_RGB('',8.1E-1,4.E-2,0.E0);
#47=COLOUR_RGB('',8.1E-1,6.1E-1,0.E0);
#48=COLOUR_RGB('',8.2E-1,4.E-2,6.6E-1);
#49=COLOUR_RGB('',8.5E-1,8.5E-1,8.5E-1);
#50=COLOUR_RGB('',8.784E-1,9.49E-1,1.E0);
#51=COLOUR_RGB('',9.E-1,1.E0,0.E0);
#52=COLOUR_RGB('',9.37E-1,7.85E-1,0.E0);
#53=COLOUR_RGB('',9.5E-1,2.2E-1,8.1E-1);
#54=COLOUR_RGB('',9.6E-1,3.7E-1,3.E-1);
#55=COLOUR_RGB('',9.6E-1,7.1E-1,3.75E-1);
#56=DRAUGHTING_PRE_DEFINED_COLOUR('red');
#57=COLOUR_RGB('',1.E0,0.E0,6.1E-1);
#58=COLOUR_RGB('',1.E0,4.E-2,0.E0);
#59=COLOUR_RGB('',1.E0,2.3E-1,0.E0);
#60=COLOUR_RGB('',1.E0,3.5E-1,5.2E-1);
#61=COLOUR_RGB('',1.E0,3.6E-1,0.E0);
#62=COLOUR_RGB('',1.E0,4.9E-1,3.7E-1);
#63=COLOUR_RGB('',1.E0,5.E-1,0.E0);
#64=COLOUR_RGB('',1.E0,5.6E-1,7.8E-1);
#65=COLOUR_RGB('',1.E0,6.4E-1,4.9E-1);
#66=COLOUR_RGB('',1.E0,6.7E-1,0.E0);
#67=COLOUR_RGB('',1.E0,7.6E-1,6.5E-1);
#68=COLOUR_RGB('',1.E0,8.6E-1,4.E-2);
#69=COLOUR_RGB('',1.E0,9.8E-1,7.2E-1);
#70=DRAUGHTING_PRE_DEFINED_COLOUR('yellow');
#71=DRAUGHTING_PRE_DEFINED_COLOUR('white');
#72=DIRECTION('',(-1.E0,0.E0,0.E0));
#73=VECTOR('',#72,1.87E1);
#74=CARTESIAN_POINT('',(9.35E0,-2.4E0,0.E0));
#75=LINE('',#74,#73);
#76=DIRECTION('',(0.E0,1.E0,0.E0));
#77=VECTOR('',#76,2.8E0);
#78=CARTESIAN_POINT('',(-9.35E0,-2.4E0,0.E0));
#79=LINE('',#78,#77);
#80=DIRECTION('',(-1.E0,0.E0,0.E0));
#81=VECTOR('',#80,4.2E0);
#82=CARTESIAN_POINT('',(-9.35E0,4.E-1,0.E0));
#83=LINE('',#82,#81);
#84=DIRECTION('',(0.E0,1.E0,0.E0));
#85=VECTOR('',#84,2.E0);
#86=CARTESIAN_POINT('',(-1.355E1,4.E-1,0.E0));
#87=LINE('',#86,#85);
#88=DIRECTION('',(1.E0,0.E0,0.E0));
#89=VECTOR('',#88,2.71E1);
#90=CARTESIAN_POINT('',(-1.355E1,2.4E0,0.E0));
#91=LINE('',#90,#89);
#92=DIRECTION('',(0.E0,-1.E0,0.E0));
#93=VECTOR('',#92,2.E0);
#94=CARTESIAN_POINT('',(1.355E1,2.4E0,0.E0));
#95=LINE('',#94,#93);
#96=DIRECTION('',(-1.E0,0.E0,0.E0));
#97=VECTOR('',#96,4.2E0);
#98=CARTESIAN_POINT('',(1.355E1,4.E-1,0.E0));
#99=LINE('',#98,#97);
#100=DIRECTION('',(0.E0,-1.E0,0.E0));
#101=VECTOR('',#100,2.8E0);
#102=CARTESIAN_POINT('',(9.35E0,4.E-1,0.E0));
#103=LINE('',#102,#101);
#104=DIRECTION('',(7.071067811865E-1,-7.071067811865E-1,0.E0));
#105=VECTOR('',#104,8.313708498985E-1);
#106=CARTESIAN_POINT('',(5.362132034356E0,2.15E0,0.E0));
#107=LINE('',#106,#105);
#108=DIRECTION('',(-1.E0,0.E0,0.E0));
#109=VECTOR('',#108,7.242640687119E-1);
#110=CARTESIAN_POINT('',(5.362132034356E0,2.15E0,0.E0));
#111=LINE('',#110,#109);
#112=DIRECTION('',(7.071067811865E-1,7.071067811865E-1,0.E0));
#113=VECTOR('',#112,8.313708498985E-1);
#114=CARTESIAN_POINT('',(4.05E0,1.562132034356E0,0.E0));
#115=LINE('',#114,#113);
#116=DIRECTION('',(0.E0,-1.E0,0.E0));
#117=VECTOR('',#116,3.124264068712E0);
#118=CARTESIAN_POINT('',(4.05E0,1.562132034356E0,0.E0));
#119=LINE('',#118,#117);
#120=DIRECTION('',(-7.071067811865E-1,7.071067811865E-1,0.E0));
#121=VECTOR('',#120,8.313708498985E-1);
#122=CARTESIAN_POINT('',(4.637867965644E0,-2.15E0,0.E0));
#123=LINE('',#122,#121);
#124=DIRECTION('',(1.E0,0.E0,0.E0));
#125=VECTOR('',#124,7.242640687119E-1);
#126=CARTESIAN_POINT('',(4.637867965644E0,-2.15E0,0.E0));
#127=LINE('',#126,#125);
#128=DIRECTION('',(-7.071067811865E-1,-7.071067811865E-1,0.E0));
#129=VECTOR('',#128,8.313708498985E-1);
#130=CARTESIAN_POINT('',(5.95E0,-1.562132034356E0,0.E0));
#131=LINE('',#130,#129);
#132=DIRECTION('',(0.E0,1.E0,0.E0));
#133=VECTOR('',#132,3.124264068712E0);
#134=CARTESIAN_POINT('',(5.95E0,-1.562132034356E0,0.E0));
#135=LINE('',#134,#133);
#136=DIRECTION('',(0.E0,1.E0,0.E0));
#137=VECTOR('',#136,2.4E0);
#138=CARTESIAN_POINT('',(-7.85E0,-1.2E0,0.E0));
#139=LINE('',#138,#137);
#140=DIRECTION('',(1.E0,0.E0,0.E0));
#141=VECTOR('',#140,7.E-1);
#142=CARTESIAN_POINT('',(-7.85E0,-1.2E0,0.E0));
#143=LINE('',#142,#141);
#144=DIRECTION('',(0.E0,1.E0,0.E0));
#145=VECTOR('',#144,2.4E0);
#146=CARTESIAN_POINT('',(-7.15E0,-1.2E0,0.E0));
#147=LINE('',#146,#145);
#148=DIRECTION('',(1.E0,0.E0,0.E0));
#149=VECTOR('',#148,7.E-1);
#150=CARTESIAN_POINT('',(-7.85E0,1.2E0,0.E0));
#151=LINE('',#150,#149);
#152=DIRECTION('',(0.E0,1.E0,0.E0));
#153=VECTOR('',#152,2.4E0);
#154=CARTESIAN_POINT('',(-5.35E0,-1.2E0,0.E0));
#155=LINE('',#154,#153);
#156=DIRECTION('',(1.E0,0.E0,0.E0));
#157=VECTOR('',#156,7.E-1);
#158=CARTESIAN_POINT('',(-5.35E0,-1.2E0,0.E0));
#159=LINE('',#158,#157);
#160=DIRECTION('',(0.E0,1.E0,0.E0));
#161=VECTOR('',#160,2.4E0);
#162=CARTESIAN_POINT('',(-4.65E0,-1.2E0,0.E0));
#163=LINE('',#162,#161);
#164=DIRECTION('',(1.E0,0.E0,0.E0));
#165=VECTOR('',#164,7.E-1);
#166=CARTESIAN_POINT('',(-5.35E0,1.2E0,0.E0));
#167=LINE('',#166,#165);
#168=DIRECTION('',(0.E0,1.E0,0.E0));
#169=VECTOR('',#168,2.4E0);
#170=CARTESIAN_POINT('',(-2.85E0,-1.2E0,0.E0));
#171=LINE('',#170,#169);
#172=DIRECTION('',(1.E0,0.E0,0.E0));
#173=VECTOR('',#172,7.E-1);
#174=CARTESIAN_POINT('',(-2.85E0,-1.2E0,0.E0));
#175=LINE('',#174,#173);
#176=DIRECTION('',(0.E0,1.E0,0.E0));
#177=VECTOR('',#176,2.4E0);
#178=CARTESIAN_POINT('',(-2.15E0,-1.2E0,0.E0));
#179=LINE('',#178,#177);
#180=DIRECTION('',(1.E0,0.E0,0.E0));
#181=VECTOR('',#180,7.E-1);
#182=CARTESIAN_POINT('',(-2.85E0,1.2E0,0.E0));
#183=LINE('',#182,#181);
#184=DIRECTION('',(0.E0,1.E0,0.E0));
#185=VECTOR('',#184,2.4E0);
#186=CARTESIAN_POINT('',(-3.5E-1,-1.2E0,0.E0));
#187=LINE('',#186,#185);
#188=DIRECTION('',(1.E0,0.E0,0.E0));
#189=VECTOR('',#188,7.E-1);
#190=CARTESIAN_POINT('',(-3.5E-1,-1.2E0,0.E0));
#191=LINE('',#190,#189);
#192=DIRECTION('',(0.E0,1.E0,0.E0));
#193=VECTOR('',#192,2.4E0);
#194=CARTESIAN_POINT('',(3.5E-1,-1.2E0,0.E0));
#195=LINE('',#194,#193);
#196=DIRECTION('',(1.E0,0.E0,0.E0));
#197=VECTOR('',#196,7.E-1);
#198=CARTESIAN_POINT('',(-3.5E-1,1.2E0,0.E0));
#199=LINE('',#198,#197);
#200=DIRECTION('',(0.E0,1.E0,0.E0));
#201=VECTOR('',#200,2.4E0);
#202=CARTESIAN_POINT('',(2.15E0,-1.2E0,0.E0));
#203=LINE('',#202,#201);
#204=DIRECTION('',(1.E0,0.E0,0.E0));
#205=VECTOR('',#204,7.E-1);
#206=CARTESIAN_POINT('',(2.15E0,-1.2E0,0.E0));
#207=LINE('',#206,#205);
#208=DIRECTION('',(0.E0,1.E0,0.E0));
#209=VECTOR('',#208,2.4E0);
#210=CARTESIAN_POINT('',(2.85E0,-1.2E0,0.E0));
#211=LINE('',#210,#209);
#212=DIRECTION('',(1.E0,0.E0,0.E0));
#213=VECTOR('',#212,7.E-1);
#214=CARTESIAN_POINT('',(2.15E0,1.2E0,0.E0));
#215=LINE('',#214,#213);
#216=DIRECTION('',(0.E0,1.E0,0.E0));
#217=VECTOR('',#216,2.4E0);
#218=CARTESIAN_POINT('',(7.15E0,-1.2E0,0.E0));
#219=LINE('',#218,#217);
#220=DIRECTION('',(1.E0,0.E0,0.E0));
#221=VECTOR('',#220,7.E-1);
#222=CARTESIAN_POINT('',(7.15E0,-1.2E0,0.E0));
#223=LINE('',#222,#221);
#224=DIRECTION('',(0.E0,1.E0,0.E0));
#225=VECTOR('',#224,2.4E0);
#226=CARTESIAN_POINT('',(7.85E0,-1.2E0,0.E0));
#227=LINE('',#226,#225);
#228=DIRECTION('',(1.E0,0.E0,0.E0));
#229=VECTOR('',#228,7.E-1);
#230=CARTESIAN_POINT('',(7.15E0,1.2E0,0.E0));
#231=LINE('',#230,#229);
#232=DIRECTION('',(1.E0,0.E0,0.E0));
#233=VECTOR('',#232,1.87E1);
#234=CARTESIAN_POINT('',(-9.35E0,-2.4E0,-2.5E0));
#235=LINE('',#234,#233);
#236=DIRECTION('',(0.E0,0.E0,1.E0));
#237=VECTOR('',#236,2.5E0);
#238=CARTESIAN_POINT('',(-9.35E0,-2.4E0,-2.5E0));
#239=LINE('',#238,#237);
#240=DIRECTION('',(0.E0,-1.E0,0.E0));
#241=VECTOR('',#240,4.E0);
#242=CARTESIAN_POINT('',(7.15E0,1.8E0,-2.5E0));
#243=LINE('',#242,#241);
#244=DIRECTION('',(1.E0,0.E0,0.E0));
#245=VECTOR('',#244,4.3E0);
#246=CARTESIAN_POINT('',(2.85E0,1.8E0,-2.5E0));
#247=LINE('',#246,#245);
#248=DIRECTION('',(0.E0,-1.E0,0.E0));
#249=VECTOR('',#248,4.E0);
#250=CARTESIAN_POINT('',(2.85E0,1.8E0,-2.5E0));
#251=LINE('',#250,#249);
#252=DIRECTION('',(1.E0,0.E0,0.E0));
#253=VECTOR('',#252,7.E-1);
#254=CARTESIAN_POINT('',(2.15E0,-2.2E0,-2.5E0));
#255=LINE('',#254,#253);
#256=DIRECTION('',(0.E0,-1.E0,0.E0));
#257=VECTOR('',#256,4.E0);
#258=CARTESIAN_POINT('',(2.15E0,1.8E0,-2.5E0));
#259=LINE('',#258,#257);
#260=DIRECTION('',(1.E0,0.E0,0.E0));
#261=VECTOR('',#260,1.8E0);
#262=CARTESIAN_POINT('',(3.5E-1,1.8E0,-2.5E0));
#263=LINE('',#262,#261);
#264=DIRECTION('',(0.E0,-1.E0,0.E0));
#265=VECTOR('',#264,4.E0);
#266=CARTESIAN_POINT('',(3.5E-1,1.8E0,-2.5E0));
#267=LINE('',#266,#265);
#268=DIRECTION('',(1.E0,0.E0,0.E0));
#269=VECTOR('',#268,7.E-1);
#270=CARTESIAN_POINT('',(-3.5E-1,-2.2E0,-2.5E0));
#271=LINE('',#270,#269);
#272=DIRECTION('',(0.E0,-1.E0,0.E0));
#273=VECTOR('',#272,4.E0);
#274=CARTESIAN_POINT('',(-3.5E-1,1.8E0,-2.5E0));
#275=LINE('',#274,#273);
#276=DIRECTION('',(1.E0,0.E0,0.E0));
#277=VECTOR('',#276,1.8E0);
#278=CARTESIAN_POINT('',(-2.15E0,1.8E0,-2.5E0));
#279=LINE('',#278,#277);
#280=DIRECTION('',(0.E0,-1.E0,0.E0));
#281=VECTOR('',#280,4.E0);
#282=CARTESIAN_POINT('',(-2.15E0,1.8E0,-2.5E0));
#283=LINE('',#282,#281);
#284=DIRECTION('',(1.E0,0.E0,0.E0));
#285=VECTOR('',#284,7.E-1);
#286=CARTESIAN_POINT('',(-2.85E0,-2.2E0,-2.5E0));
#287=LINE('',#286,#285);
#288=DIRECTION('',(0.E0,-1.E0,0.E0));
#289=VECTOR('',#288,4.E0);
#290=CARTESIAN_POINT('',(-2.85E0,1.8E0,-2.5E0));
#291=LINE('',#290,#289);
#292=DIRECTION('',(1.E0,0.E0,0.E0));
#293=VECTOR('',#292,1.8E0);
#294=CARTESIAN_POINT('',(-4.65E0,1.8E0,-2.5E0));
#295=LINE('',#294,#293);
#296=DIRECTION('',(0.E0,-1.E0,0.E0));
#297=VECTOR('',#296,4.E0);
#298=CARTESIAN_POINT('',(-4.65E0,1.8E0,-2.5E0));
#299=LINE('',#298,#297);
#300=DIRECTION('',(1.E0,0.E0,0.E0));
#301=VECTOR('',#300,7.E-1);
#302=CARTESIAN_POINT('',(-5.35E0,-2.2E0,-2.5E0));
#303=LINE('',#302,#301);
#304=DIRECTION('',(0.E0,-1.E0,0.E0));
#305=VECTOR('',#304,4.E0);
#306=CARTESIAN_POINT('',(-5.35E0,1.8E0,-2.5E0));
#307=LINE('',#306,#305);
#308=DIRECTION('',(1.E0,0.E0,0.E0));
#309=VECTOR('',#308,1.8E0);
#310=CARTESIAN_POINT('',(-7.15E0,1.8E0,-2.5E0));
#311=LINE('',#310,#309);
#312=DIRECTION('',(0.E0,-1.E0,0.E0));
#313=VECTOR('',#312,4.E0);
#314=CARTESIAN_POINT('',(-7.15E0,1.8E0,-2.5E0));
#315=LINE('',#314,#313);
#316=DIRECTION('',(1.E0,0.E0,0.E0));
#317=VECTOR('',#316,7.E-1);
#318=CARTESIAN_POINT('',(-7.85E0,-2.2E0,-2.5E0));
#319=LINE('',#318,#317);
#320=DIRECTION('',(0.E0,-1.E0,0.E0));
#321=VECTOR('',#320,4.E0);
#322=CARTESIAN_POINT('',(-7.85E0,1.8E0,-2.5E0));
#323=LINE('',#322,#321);
#324=DIRECTION('',(1.E0,0.E0,0.E0));
#325=VECTOR('',#324,1.5E0);
#326=CARTESIAN_POINT('',(-9.35E0,1.8E0,-2.5E0));
#327=LINE('',#326,#325);
#328=DIRECTION('',(0.E0,-1.E0,0.E0));
#329=VECTOR('',#328,1.4E0);
#330=CARTESIAN_POINT('',(-9.35E0,1.8E0,-2.5E0));
#331=LINE('',#330,#329);
#332=DIRECTION('',(1.E0,0.E0,0.E0));
#333=VECTOR('',#332,1.5E0);
#334=CARTESIAN_POINT('',(7.85E0,1.8E0,-2.5E0));
#335=LINE('',#334,#333);
#336=DIRECTION('',(0.E0,-1.E0,0.E0));
#337=VECTOR('',#336,4.E0);
#338=CARTESIAN_POINT('',(7.85E0,1.8E0,-2.5E0));
#339=LINE('',#338,#337);
#340=DIRECTION('',(1.E0,0.E0,0.E0));
#341=VECTOR('',#340,7.E-1);
#342=CARTESIAN_POINT('',(7.15E0,-2.2E0,-2.5E0));
#343=LINE('',#342,#341);
#344=DIRECTION('',(0.E0,0.E0,1.E0));
#345=VECTOR('',#344,3.25E0);
#346=CARTESIAN_POINT('',(7.15E0,1.2E0,0.E0));
#347=LINE('',#346,#345);
#348=CARTESIAN_POINT('',(7.15E0,7.E-1,3.25E0));
#349=DIRECTION('',(1.E0,0.E0,0.E0));
#350=DIRECTION('',(0.E0,1.E0,0.E0));
#351=AXIS2_PLACEMENT_3D('',#348,#349,#350);
#353=DIRECTION('',(0.E0,-1.E0,0.E0));
#354=VECTOR('',#353,1.4E0);
#355=CARTESIAN_POINT('',(7.15E0,7.E-1,3.75E0));
#356=LINE('',#355,#354);
#357=CARTESIAN_POINT('',(7.15E0,-7.E-1,3.25E0));
#358=DIRECTION('',(1.E0,0.E0,0.E0));
#359=DIRECTION('',(0.E0,0.E0,1.E0));
#360=AXIS2_PLACEMENT_3D('',#357,#358,#359);
#362=DIRECTION('',(0.E0,0.E0,-1.E0));
#363=VECTOR('',#362,3.25E0);
#364=CARTESIAN_POINT('',(7.15E0,-1.2E0,3.25E0));
#365=LINE('',#364,#363);
#366=DIRECTION('',(1.332267629550E-14,0.E0,-1.E0));
#367=VECTOR('',#366,2.E-1);
#368=CARTESIAN_POINT('',(7.15E0,-2.2E0,-2.5E0));
#369=LINE('',#368,#367);
#370=DIRECTION('',(0.E0,1.E0,0.E0));
#371=VECTOR('',#370,2.9E0);
#372=CARTESIAN_POINT('',(7.15E0,-2.2E0,-2.7E0));
#373=LINE('',#372,#371);
#374=DIRECTION('',(0.E0,0.E0,-1.E0));
#375=VECTOR('',#374,1.E0);
#376=CARTESIAN_POINT('',(7.15E0,7.E-1,-2.7E0));
#377=LINE('',#376,#375);
#378=DIRECTION('',(0.E0,-1.E0,0.E0));
#379=VECTOR('',#378,3.E-1);
#380=CARTESIAN_POINT('',(7.15E0,7.E-1,-3.7E0));
#381=LINE('',#380,#379);
#382=DIRECTION('',(0.E0,0.E0,-1.E0));
#383=VECTOR('',#382,8.E-1);
#384=CARTESIAN_POINT('',(7.15E0,4.E-1,-3.7E0));
#385=LINE('',#384,#383);
#386=DIRECTION('',(0.E0,1.E0,0.E0));
#387=VECTOR('',#386,5.E-2);
#388=CARTESIAN_POINT('',(7.15E0,4.E-1,-4.5E0));
#389=LINE('',#388,#387);
#390=CARTESIAN_POINT('',(7.15E0,4.5E-1,-4.6E0));
#391=DIRECTION('',(-1.E0,0.E0,0.E0));
#392=DIRECTION('',(0.E0,0.E0,1.E0));
#393=AXIS2_PLACEMENT_3D('',#390,#391,#392);
#395=DIRECTION('',(0.E0,0.E0,-1.E0));
#396=VECTOR('',#395,1.E-1);
#397=CARTESIAN_POINT('',(7.15E0,5.5E-1,-4.6E0));
#398=LINE('',#397,#396);
#399=CARTESIAN_POINT('',(7.15E0,4.5E-1,-4.7E0));
#400=DIRECTION('',(-1.E0,0.E0,0.E0));
#401=DIRECTION('',(0.E0,1.E0,0.E0));
#402=AXIS2_PLACEMENT_3D('',#399,#400,#401);
#404=DIRECTION('',(0.E0,-1.E0,0.E0));
#405=VECTOR('',#404,5.E-1);
#406=CARTESIAN_POINT('',(7.15E0,4.5E-1,-4.8E0));
#407=LINE('',#406,#405);
#408=CARTESIAN_POINT('',(7.15E0,-4.999999999999E-2,-5.15E0));
#409=DIRECTION('',(1.E0,0.E0,0.E0));
#410=DIRECTION('',(0.E0,0.E0,1.E0));
#411=AXIS2_PLACEMENT_3D('',#408,#409,#410);
#413=DIRECTION('',(0.E0,1.E0,0.E0));
#414=VECTOR('',#413,5.E-1);
#415=CARTESIAN_POINT('',(7.15E0,-4.999999999999E-2,-5.5E0));
#416=LINE('',#415,#414);
#417=CARTESIAN_POINT('',(7.15E0,4.5E-1,-5.6E0));
#418=DIRECTION('',(-1.E0,0.E0,0.E0));
#419=DIRECTION('',(0.E0,0.E0,1.E0));
#420=AXIS2_PLACEMENT_3D('',#417,#418,#419);
#422=DIRECTION('',(0.E0,0.E0,-1.E0));
#423=VECTOR('',#422,1.E-1);
#424=CARTESIAN_POINT('',(7.15E0,5.5E-1,-5.6E0));
#425=LINE('',#424,#423);
#426=CARTESIAN_POINT('',(7.15E0,4.5E-1,-5.7E0));
#427=DIRECTION('',(-1.E0,0.E0,0.E0));
#428=DIRECTION('',(0.E0,1.E0,0.E0));
#429=AXIS2_PLACEMENT_3D('',#426,#427,#428);
#431=DIRECTION('',(0.E0,-1.E0,0.E0));
#432=VECTOR('',#431,5.E-2);
#433=CARTESIAN_POINT('',(7.15E0,4.5E-1,-5.8E0));
#434=LINE('',#433,#432);
#435=DIRECTION('',(0.E0,0.E0,-1.E0));
#436=VECTOR('',#435,9.E-1);
#437=CARTESIAN_POINT('',(7.15E0,4.E-1,-5.8E0));
#438=LINE('',#437,#436);
#439=DIRECTION('',(0.E0,1.E0,0.E0));
#440=VECTOR('',#439,3.465346024042E-1);
#441=CARTESIAN_POINT('',(7.15E0,4.E-1,-6.7E0));
#442=LINE('',#441,#440);
#443=CARTESIAN_POINT('',(7.15E0,7.465346024042E-1,-6.5E0));
#444=DIRECTION('',(1.E0,0.E0,0.E0));
#445=DIRECTION('',(0.E0,0.E0,-1.E0));
#446=AXIS2_PLACEMENT_3D('',#443,#444,#445);
#448=DIRECTION('',(0.E0,2.588190451025E-1,9.659258262891E-1));
#449=VECTOR('',#448,1.712560006189E0);
#450=CARTESIAN_POINT('',(7.15E0,9.397197676620E-1,-6.551763809021E0));
#451=LINE('',#450,#449);
#452=CARTESIAN_POINT('',(7.15E0,9.E-1,-4.768148347422E0));
#453=DIRECTION('',(1.E0,0.E0,0.E0));
#454=DIRECTION('',(0.E0,9.659258262891E-1,-2.588190451025E-1));
#455=AXIS2_PLACEMENT_3D('',#452,#453,#454);
#457=DIRECTION('',(0.E0,0.E0,1.E0));
#458=VECTOR('',#457,1.468148347422E0);
#459=CARTESIAN_POINT('',(7.15E0,1.4E0,-4.768148347422E0));
#460=LINE('',#459,#458);
#461=DIRECTION('',(0.E0,1.E0,0.E0));
#462=VECTOR('',#461,4.E-1);
#463=CARTESIAN_POINT('',(7.15E0,1.4E0,-3.3E0));
#464=LINE('',#463,#462);
#465=DIRECTION('',(0.E0,0.E0,-1.E0));
#466=VECTOR('',#465,3.25E0);
#467=CARTESIAN_POINT('',(7.85E0,-1.2E0,3.25E0));
#468=LINE('',#467,#466);
#469=CARTESIAN_POINT('',(7.85E0,-7.E-1,3.25E0));
#470=DIRECTION('',(1.E0,0.E0,0.E0));
#471=DIRECTION('',(0.E0,0.E0,1.E0));
#472=AXIS2_PLACEMENT_3D('',#469,#470,#471);
#474=DIRECTION('',(0.E0,-1.E0,0.E0));
#475=VECTOR('',#474,1.4E0);
#476=CARTESIAN_POINT('',(7.85E0,7.E-1,3.75E0));
#477=LINE('',#476,#475);
#478=CARTESIAN_POINT('',(7.85E0,7.E-1,3.25E0));
#479=DIRECTION('',(1.E0,0.E0,0.E0));
#480=DIRECTION('',(0.E0,1.E0,0.E0));
#481=AXIS2_PLACEMENT_3D('',#478,#479,#480);
#483=DIRECTION('',(0.E0,0.E0,1.E0));
#484=VECTOR('',#483,3.25E0);
#485=CARTESIAN_POINT('',(7.85E0,1.2E0,0.E0));
#486=LINE('',#485,#484);
#487=DIRECTION('',(0.E0,1.E0,0.E0));
#488=VECTOR('',#487,4.E-1);
#489=CARTESIAN_POINT('',(7.85E0,1.4E0,-3.3E0));
#490=LINE('',#489,#488);
#491=DIRECTION('',(0.E0,0.E0,1.E0));
#492=VECTOR('',#491,1.468148347422E0);
#493=CARTESIAN_POINT('',(7.85E0,1.4E0,-4.768148347422E0));
#494=LINE('',#493,#492);
#495=CARTESIAN_POINT('',(7.85E0,9.E-1,-4.768148347422E0));
#496=DIRECTION('',(1.E0,0.E0,0.E0));
#497=DIRECTION('',(0.E0,9.659258262891E-1,-2.588190451025E-1));
#498=AXIS2_PLACEMENT_3D('',#495,#496,#497);
#500=DIRECTION('',(0.E0,2.588190451025E-1,9.659258262891E-1));
#501=VECTOR('',#500,1.712560006189E0);
#502=CARTESIAN_POINT('',(7.85E0,9.397197676620E-1,-6.551763809021E0));
#503=LINE('',#502,#501);
#504=CARTESIAN_POINT('',(7.85E0,7.465346024042E-1,-6.5E0));
#505=DIRECTION('',(1.E0,0.E0,0.E0));
#506=DIRECTION('',(0.E0,0.E0,-1.E0));
#507=AXIS2_PLACEMENT_3D('',#504,#505,#506);
#509=DIRECTION('',(0.E0,1.E0,0.E0));
#510=VECTOR('',#509,3.465346024042E-1);
#511=CARTESIAN_POINT('',(7.85E0,4.E-1,-6.7E0));
#512=LINE('',#511,#510);
#513=DIRECTION('',(0.E0,0.E0,-1.E0));
#514=VECTOR('',#513,9.E-1);
#515=CARTESIAN_POINT('',(7.85E0,4.E-1,-5.8E0));
#516=LINE('',#515,#514);
#517=DIRECTION('',(0.E0,-1.E0,0.E0));
#518=VECTOR('',#517,5.E-2);
#519=CARTESIAN_POINT('',(7.85E0,4.5E-1,-5.8E0));
#520=LINE('',#519,#518);
#521=CARTESIAN_POINT('',(7.85E0,4.5E-1,-5.7E0));
#522=DIRECTION('',(-1.E0,0.E0,0.E0));
#523=DIRECTION('',(0.E0,1.E0,0.E0));
#524=AXIS2_PLACEMENT_3D('',#521,#522,#523);
#526=DIRECTION('',(0.E0,0.E0,-1.E0));
#527=VECTOR('',#526,1.E-1);
#528=CARTESIAN_POINT('',(7.85E0,5.5E-1,-5.6E0));
#529=LINE('',#528,#527);
#530=CARTESIAN_POINT('',(7.85E0,4.5E-1,-5.6E0));
#531=DIRECTION('',(-1.E0,0.E0,0.E0));
#532=DIRECTION('',(0.E0,0.E0,1.E0));
#533=AXIS2_PLACEMENT_3D('',#530,#531,#532);
#535=DIRECTION('',(0.E0,1.E0,0.E0));
#536=VECTOR('',#535,5.E-1);
#537=CARTESIAN_POINT('',(7.85E0,-4.999999999999E-2,-5.5E0));
#538=LINE('',#537,#536);
#539=CARTESIAN_POINT('',(7.85E0,-4.999999999999E-2,-5.15E0));
#540=DIRECTION('',(1.E0,0.E0,0.E0));
#541=DIRECTION('',(0.E0,0.E0,1.E0));
#542=AXIS2_PLACEMENT_3D('',#539,#540,#541);
#544=DIRECTION('',(0.E0,-1.E0,0.E0));
#545=VECTOR('',#544,5.E-1);
#546=CARTESIAN_POINT('',(7.85E0,4.5E-1,-4.8E0));
#547=LINE('',#546,#545);
#548=CARTESIAN_POINT('',(7.85E0,4.5E-1,-4.7E0));
#549=DIRECTION('',(-1.E0,0.E0,0.E0));
#550=DIRECTION('',(0.E0,1.E0,0.E0));
#551=AXIS2_PLACEMENT_3D('',#548,#549,#550);
#553=DIRECTION('',(0.E0,0.E0,-1.E0));
#554=VECTOR('',#553,1.E-1);
#555=CARTESIAN_POINT('',(7.85E0,5.5E-1,-4.6E0));
#556=LINE('',#555,#554);
#557=CARTESIAN_POINT('',(7.85E0,4.5E-1,-4.6E0));
#558=DIRECTION('',(-1.E0,0.E0,0.E0));
#559=DIRECTION('',(0.E0,0.E0,1.E0));
#560=AXIS2_PLACEMENT_3D('',#557,#558,#559);
#562=DIRECTION('',(0.E0,1.E0,0.E0));
#563=VECTOR('',#562,5.E-2);
#564=CARTESIAN_POINT('',(7.85E0,4.E-1,-4.5E0));
#565=LINE('',#564,#563);
#566=DIRECTION('',(0.E0,0.E0,-1.E0));
#567=VECTOR('',#566,8.E-1);
#568=CARTESIAN_POINT('',(7.85E0,4.E-1,-3.7E0));
#569=LINE('',#568,#567);
#570=DIRECTION('',(0.E0,-1.E0,0.E0));
#571=VECTOR('',#570,3.E-1);
#572=CARTESIAN_POINT('',(7.85E0,7.E-1,-3.7E0));
#573=LINE('',#572,#571);
#574=DIRECTION('',(0.E0,0.E0,-1.E0));
#575=VECTOR('',#574,1.E0);
#576=CARTESIAN_POINT('',(7.85E0,7.E-1,-2.7E0));
#577=LINE('',#576,#575);
#578=DIRECTION('',(0.E0,1.E0,0.E0));
#579=VECTOR('',#578,2.9E0);
#580=CARTESIAN_POINT('',(7.85E0,-2.2E0,-2.7E0));
#581=LINE('',#580,#579);
#582=DIRECTION('',(0.E0,0.E0,-1.E0));
#583=VECTOR('',#582,2.E-1);
#584=CARTESIAN_POINT('',(7.85E0,-2.2E0,-2.5E0));
#585=LINE('',#584,#583);
#586=DIRECTION('',(1.E0,0.E0,0.E0));
#587=VECTOR('',#586,7.E-1);
#588=CARTESIAN_POINT('',(7.15E0,-1.2E0,3.25E0));
#589=LINE('',#588,#587);
#590=DIRECTION('',(1.E0,0.E0,0.E0));
#591=VECTOR('',#590,7.E-1);
#592=CARTESIAN_POINT('',(7.15E0,-7.E-1,3.75E0));
#593=LINE('',#592,#591);
#594=DIRECTION('',(1.E0,0.E0,0.E0));
#595=VECTOR('',#594,7.E-1);
#596=CARTESIAN_POINT('',(7.15E0,7.E-1,3.75E0));
#597=LINE('',#596,#595);
#598=DIRECTION('',(1.E0,0.E0,0.E0));
#599=VECTOR('',#598,7.E-1);
#600=CARTESIAN_POINT('',(7.15E0,1.2E0,3.25E0));
#601=LINE('',#600,#599);
#602=DIRECTION('',(0.E0,0.E0,-1.E0));
#603=VECTOR('',#602,8.E-1);
#604=CARTESIAN_POINT('',(7.15E0,1.8E0,-2.5E0));
#605=LINE('',#604,#603);
#606=DIRECTION('',(1.E0,0.E0,0.E0));
#607=VECTOR('',#606,7.E-1);
#608=CARTESIAN_POINT('',(7.15E0,1.8E0,-3.3E0));
#609=LINE('',#608,#607);
#610=DIRECTION('',(0.E0,0.E0,-1.E0));
#611=VECTOR('',#610,8.E-1);
#612=CARTESIAN_POINT('',(7.85E0,1.8E0,-2.5E0));
#613=LINE('',#612,#611);
#614=DIRECTION('',(-1.E0,0.E0,0.E0));
#615=VECTOR('',#614,1.87E1);
#616=CARTESIAN_POINT('',(9.35E0,1.8E0,-3.5E0));
#617=LINE('',#616,#615);
#618=DIRECTION('',(0.E0,0.E0,-1.E0));
#619=VECTOR('',#618,8.E-1);
#620=CARTESIAN_POINT('',(-7.85E0,1.8E0,-2.5E0));
#621=LINE('',#620,#619);
#622=DIRECTION('',(1.E0,0.E0,0.E0));
#623=VECTOR('',#622,7.E-1);
#624=CARTESIAN_POINT('',(-7.85E0,1.8E0,-3.3E0));
#625=LINE('',#624,#623);
#626=DIRECTION('',(0.E0,0.E0,-1.E0));
#627=VECTOR('',#626,8.E-1);
#628=CARTESIAN_POINT('',(-7.15E0,1.8E0,-2.5E0));
#629=LINE('',#628,#627);
#630=DIRECTION('',(0.E0,0.E0,-1.E0));
#631=VECTOR('',#630,8.E-1);
#632=CARTESIAN_POINT('',(-5.35E0,1.8E0,-2.5E0));
#633=LINE('',#632,#631);
#634=DIRECTION('',(1.E0,0.E0,0.E0));
#635=VECTOR('',#634,7.E-1);
#636=CARTESIAN_POINT('',(-5.35E0,1.8E0,-3.3E0));
#637=LINE('',#636,#635);
#638=DIRECTION('',(0.E0,0.E0,-1.E0));
#639=VECTOR('',#638,8.E-1);
#640=CARTESIAN_POINT('',(-4.65E0,1.8E0,-2.5E0));
#641=LINE('',#640,#639);
#642=DIRECTION('',(0.E0,0.E0,-1.E0));
#643=VECTOR('',#642,8.E-1);
#644=CARTESIAN_POINT('',(-2.85E0,1.8E0,-2.5E0));
#645=LINE('',#644,#643);
#646=DIRECTION('',(1.E0,0.E0,0.E0));
#647=VECTOR('',#646,7.E-1);
#648=CARTESIAN_POINT('',(-2.85E0,1.8E0,-3.3E0));
#649=LINE('',#648,#647);
#650=DIRECTION('',(0.E0,0.E0,-1.E0));
#651=VECTOR('',#650,8.E-1);
#652=CARTESIAN_POINT('',(-2.15E0,1.8E0,-2.5E0));
#653=LINE('',#652,#651);
#654=DIRECTION('',(0.E0,0.E0,-1.E0));
#655=VECTOR('',#654,8.E-1);
#656=CARTESIAN_POINT('',(-3.5E-1,1.8E0,-2.5E0));
#657=LINE('',#656,#655);
#658=DIRECTION('',(1.E0,0.E0,0.E0));
#659=VECTOR('',#658,7.E-1);
#660=CARTESIAN_POINT('',(-3.5E-1,1.8E0,-3.3E0));
#661=LINE('',#660,#659);
#662=DIRECTION('',(0.E0,0.E0,-1.E0));
#663=VECTOR('',#662,8.E-1);
#664=CARTESIAN_POINT('',(3.5E-1,1.8E0,-2.5E0));
#665=LINE('',#664,#663);
#666=DIRECTION('',(0.E0,0.E0,-1.E0));
#667=VECTOR('',#666,8.E-1);
#668=CARTESIAN_POINT('',(2.15E0,1.8E0,-2.5E0));
#669=LINE('',#668,#667);
#670=DIRECTION('',(1.E0,0.E0,0.E0));
#671=VECTOR('',#670,7.E-1);
#672=CARTESIAN_POINT('',(2.15E0,1.8E0,-3.3E0));
#673=LINE('',#672,#671);
#674=DIRECTION('',(0.E0,0.E0,-1.E0));
#675=VECTOR('',#674,8.E-1);
#676=CARTESIAN_POINT('',(2.85E0,1.8E0,-2.5E0));
#677=LINE('',#676,#675);
#678=DIRECTION('',(1.E0,0.E0,0.E0));
#679=VECTOR('',#678,7.E-1);
#680=CARTESIAN_POINT('',(7.15E0,1.4E0,-3.3E0));
#681=LINE('',#680,#679);
#682=DIRECTION('',(1.E0,0.E0,0.E0));
#683=VECTOR('',#682,7.E-1);
#684=CARTESIAN_POINT('',(7.15E0,1.4E0,-4.768148347422E0));
#685=LINE('',#684,#683);
#686=DIRECTION('',(1.E0,0.E0,0.E0));
#687=VECTOR('',#686,7.E-1);
#688=CARTESIAN_POINT('',(7.15E0,1.382962913145E0,-4.897557869973E0));
#689=LINE('',#688,#687);
#690=DIRECTION('',(1.E0,0.E0,0.E0));
#691=VECTOR('',#690,7.E-1);
#692=CARTESIAN_POINT('',(7.15E0,9.397197676620E-1,-6.551763809021E0));
#693=LINE('',#692,#691);
#694=DIRECTION('',(1.E0,0.E0,0.E0));
#695=VECTOR('',#694,7.E-1);
#696=CARTESIAN_POINT('',(7.15E0,7.465346024042E-1,-6.7E0));
#697=LINE('',#696,#695);
#698=DIRECTION('',(1.E0,0.E0,0.E0));
#699=VECTOR('',#698,7.E-1);
#700=CARTESIAN_POINT('',(7.15E0,4.E-1,-6.7E0));
#701=LINE('',#700,#699);
#702=DIRECTION('',(1.E0,0.E0,0.E0));
#703=VECTOR('',#702,7.E-1);
#704=CARTESIAN_POINT('',(7.15E0,4.E-1,-5.8E0));
#705=LINE('',#704,#703);
#706=DIRECTION('',(1.E0,0.E0,0.E0));
#707=VECTOR('',#706,7.E-1);
#708=CARTESIAN_POINT('',(7.15E0,4.5E-1,-5.8E0));
#709=LINE('',#708,#707);
#710=DIRECTION('',(1.E0,0.E0,0.E0));
#711=VECTOR('',#710,7.E-1);
#712=CARTESIAN_POINT('',(7.15E0,5.5E-1,-5.7E0));
#713=LINE('',#712,#711);
#714=DIRECTION('',(1.E0,0.E0,0.E0));
#715=VECTOR('',#714,7.E-1);
#716=CARTESIAN_POINT('',(7.15E0,5.5E-1,-5.6E0));
#717=LINE('',#716,#715);
#718=DIRECTION('',(1.E0,0.E0,0.E0));
#719=VECTOR('',#718,7.E-1);
#720=CARTESIAN_POINT('',(7.15E0,4.5E-1,-5.5E0));
#721=LINE('',#720,#719);
#722=DIRECTION('',(1.E0,0.E0,0.E0));
#723=VECTOR('',#722,7.E-1);
#724=CARTESIAN_POINT('',(7.15E0,-4.999999999999E-2,-5.5E0));
#725=LINE('',#724,#723);
#726=DIRECTION('',(1.E0,0.E0,0.E0));
#727=VECTOR('',#726,7.E-1);
#728=CARTESIAN_POINT('',(7.15E0,-4.999999999999E-2,-4.8E0));
#729=LINE('',#728,#727);
#730=DIRECTION('',(1.E0,0.E0,0.E0));
#731=VECTOR('',#730,7.E-1);
#732=CARTESIAN_POINT('',(7.15E0,4.5E-1,-4.8E0));
#733=LINE('',#732,#731);
#734=DIRECTION('',(1.E0,0.E0,0.E0));
#735=VECTOR('',#734,7.E-1);
#736=CARTESIAN_POINT('',(7.15E0,5.5E-1,-4.7E0));
#737=LINE('',#736,#735);
#738=DIRECTION('',(1.E0,0.E0,0.E0));
#739=VECTOR('',#738,7.E-1);
#740=CARTESIAN_POINT('',(7.15E0,5.5E-1,-4.6E0));
#741=LINE('',#740,#739);
#742=DIRECTION('',(1.E0,0.E0,0.E0));
#743=VECTOR('',#742,7.E-1);
#744=CARTESIAN_POINT('',(7.15E0,4.5E-1,-4.5E0));
#745=LINE('',#744,#743);
#746=DIRECTION('',(1.E0,0.E0,0.E0));
#747=VECTOR('',#746,7.E-1);
#748=CARTESIAN_POINT('',(7.15E0,4.E-1,-4.5E0));
#749=LINE('',#748,#747);
#750=DIRECTION('',(1.E0,0.E0,0.E0));
#751=VECTOR('',#750,7.E-1);
#752=CARTESIAN_POINT('',(7.15E0,4.E-1,-3.7E0));
#753=LINE('',#752,#751);
#754=DIRECTION('',(1.E0,0.E0,0.E0));
#755=VECTOR('',#754,7.E-1);
#756=CARTESIAN_POINT('',(7.15E0,7.E-1,-3.7E0));
#757=LINE('',#756,#755);
#758=DIRECTION('',(1.E0,0.E0,0.E0));
#759=VECTOR('',#758,7.E-1);
#760=CARTESIAN_POINT('',(7.15E0,7.E-1,-2.7E0));
#761=LINE('',#760,#759);
#762=DIRECTION('',(1.E0,0.E0,0.E0));
#763=VECTOR('',#762,7.E-1);
#764=CARTESIAN_POINT('',(7.15E0,-2.2E0,-2.7E0));
#765=LINE('',#764,#763);
#766=CARTESIAN_POINT('',(9.349987683470E0,2.399985336541E0,-4.843526048583E0));
#767=CARTESIAN_POINT('',(9.349987683470E0,2.367850006926E0,-4.902754331161E0));
#768=CARTESIAN_POINT('',(9.350006158265E0,2.306422084075E0,-5.021241358898E0));
#769=CARTESIAN_POINT('',(9.35E0,2.251530413435E0,-5.140287295710E0));
#770=CARTESIAN_POINT('',(9.35E0,2.225858820099E0,-5.2E0));
#772=DIRECTION('',(0.E0,-1.E0,0.E0));
#773=VECTOR('',#772,6.E-1);
#774=CARTESIAN_POINT('',(9.35E0,2.4E0,-3.5E0));
#775=LINE('',#774,#773);
#776=DIRECTION('',(0.E0,0.E0,-1.E0));
#777=VECTOR('',#776,1.E0);
#778=CARTESIAN_POINT('',(9.35E0,1.8E0,-2.5E0));
#779=LINE('',#778,#777);
#780=DIRECTION('',(0.E0,-1.E0,0.E0));
#781=VECTOR('',#780,1.4E0);
#782=CARTESIAN_POINT('',(9.35E0,1.8E0,-2.5E0));
#783=LINE('',#782,#781);
#784=CARTESIAN_POINT('',(9.35E0,2.225942105626E0,-7.2E0));
#785=CARTESIAN_POINT('',(9.35E0,2.251677603931E0,-7.259859205219E0));
#786=CARTESIAN_POINT('',(9.349999891980E0,2.306675068242E0,-7.379026729090E0));
#787=CARTESIAN_POINT('',(9.350000216040E0,2.367947231605E0,-7.497391383628E0));
#788=CARTESIAN_POINT('',(9.350000216040E0,2.400000257187E0,-7.556465857071E0));
#790=DIRECTION('',(0.E0,-1.E0,0.E0));
#791=VECTOR('',#790,8.259421056261E-1);
#792=CARTESIAN_POINT('',(9.35E0,2.225942105626E0,-7.2E0));
#793=LINE('',#792,#791);
#794=DIRECTION('',(0.E0,0.E0,-1.E0));
#795=VECTOR('',#794,2.E0);
#796=CARTESIAN_POINT('',(9.35E0,1.4E0,-5.2E0));
#797=LINE('',#796,#795);
#798=DIRECTION('',(0.E0,-1.E0,0.E0));
#799=VECTOR('',#798,8.258588200993E-1);
#800=CARTESIAN_POINT('',(9.35E0,2.225858820099E0,-5.2E0));
#801=LINE('',#800,#799);
#802=CARTESIAN_POINT('',(9.35E0,2.225858820099E0,-5.2E0));
#803=CARTESIAN_POINT('',(9.373771907887E0,2.204396858284E0,-5.2E0));
#804=CARTESIAN_POINT('',(9.420923564384E0,2.161934426513E0,-5.200002932499E0));
#805=CARTESIAN_POINT('',(9.467376945660E0,2.120490623523E0,-5.199994135002E0));
#806=CARTESIAN_POINT('',(9.490396712772E0,2.099987096550E0,-5.199994135002E0));
#808=DIRECTION('',(-1.E0,0.E0,0.E0));
#809=VECTOR('',#808,1.596871942267E0);
#810=CARTESIAN_POINT('',(1.224843597113E1,1.4E0,-8.25E0));
#811=LINE('',#810,#809);
#812=CARTESIAN_POINT('',(1.145E1,1.4E0,-6.2E0));
#813=DIRECTION('',(0.E0,1.E0,0.E0));
#814=DIRECTION('',(8.907235428302E-1,0.E0,-4.545454545455E-1));
#815=AXIS2_PLACEMENT_3D('',#812,#813,#814);
#817=DIRECTION('',(-1.E0,0.E0,0.E0));
#818=VECTOR('',#817,1.404082057735E-1);
#819=CARTESIAN_POINT('',(1.355E1,1.4E0,-7.2E0));
#820=LINE('',#819,#818);
#821=DIRECTION('',(1.E0,0.E0,0.E0));
#822=VECTOR('',#821,1.404082057735E-1);
#823=CARTESIAN_POINT('',(1.340959179423E1,1.4E0,-5.2E0));
#824=LINE('',#823,#822);
#825=CARTESIAN_POINT('',(1.145E1,1.4E0,-6.2E0));
#826=DIRECTION('',(0.E0,1.E0,0.E0));
#827=DIRECTION('',(3.629254414243E-1,0.E0,9.318181818182E-1));
#828=AXIS2_PLACEMENT_3D('',#825,#826,#827);
#830=DIRECTION('',(1.E0,0.E0,0.E0));
#831=VECTOR('',#830,1.596871942267E0);
#832=CARTESIAN_POINT('',(1.065156402887E1,1.4E0,-4.15E0));
#833=LINE('',#832,#831);
#834=CARTESIAN_POINT('',(1.145E1,1.4E0,-6.2E0));
#835=DIRECTION('',(0.E0,1.E0,0.E0));
#836=DIRECTION('',(-8.907235428302E-1,0.E0,4.545454545455E-1));
#837=AXIS2_PLACEMENT_3D('',#834,#835,#836);
#839=DIRECTION('',(1.E0,0.E0,0.E0));
#840=VECTOR('',#839,1.404082057735E-1);
#841=CARTESIAN_POINT('',(9.35E0,1.4E0,-5.2E0));
#842=LINE('',#841,#840);
#843=DIRECTION('',(-1.E0,0.E0,0.E0));
#844=VECTOR('',#843,1.404082057735E-1);
#845=CARTESIAN_POINT('',(9.490408205773E0,1.4E0,-7.2E0));
#846=LINE('',#845,#844);
#847=CARTESIAN_POINT('',(1.145E1,1.4E0,-6.2E0));
#848=DIRECTION('',(0.E0,1.E0,0.E0));
#849=DIRECTION('',(-3.629254414243E-1,0.E0,-9.318181818182E-1));
#850=AXIS2_PLACEMENT_3D('',#847,#848,#849);
#852=CARTESIAN_POINT('',(1.145E1,1.400017431189E0,-6.2E0));
#853=DIRECTION('',(0.E0,1.E0,0.E0));
#854=DIRECTION('',(1.E0,0.E0,0.E0));
#855=AXIS2_PLACEMENT_3D('',#852,#853,#854);
#857=CARTESIAN_POINT('',(1.145E1,1.400017431189E0,-6.2E0));
#858=DIRECTION('',(0.E0,1.E0,0.E0));
#859=DIRECTION('',(-1.E0,0.E0,0.E0));
#860=AXIS2_PLACEMENT_3D('',#857,#858,#859);
#862=CARTESIAN_POINT('',(-1.145E1,1.400017431189E0,-6.2E0));
#863=DIRECTION('',(0.E0,1.E0,0.E0));
#864=DIRECTION('',(1.E0,0.E0,0.E0));
#865=AXIS2_PLACEMENT_3D('',#862,#863,#864);
#867=CARTESIAN_POINT('',(-1.145E1,1.400017431189E0,-6.2E0));
#868=DIRECTION('',(0.E0,1.E0,0.E0));
#869=DIRECTION('',(-1.E0,0.E0,0.E0));
#870=AXIS2_PLACEMENT_3D('',#867,#868,#869);
#872=DIRECTION('',(1.E0,0.E0,0.E0));
#873=VECTOR('',#872,1.596871942267E0);
#874=CARTESIAN_POINT('',(-1.224843597113E1,1.4E0,-4.15E0));
#875=LINE('',#874,#873);
#876=CARTESIAN_POINT('',(-1.145E1,1.4E0,-6.2E0));
#877=DIRECTION('',(0.E0,1.E0,0.E0));
#878=DIRECTION('',(-8.907235428302E-1,0.E0,4.545454545455E-1));
#879=AXIS2_PLACEMENT_3D('',#876,#877,#878);
#881=DIRECTION('',(1.E0,0.E0,0.E0));
#882=VECTOR('',#881,1.404082057735E-1);
#883=CARTESIAN_POINT('',(-1.355E1,1.4E0,-5.2E0));
#884=LINE('',#883,#882);
#885=DIRECTION('',(-1.E0,0.E0,0.E0));
#886=VECTOR('',#885,1.404082057735E-1);
#887=CARTESIAN_POINT('',(-1.340959179423E1,1.4E0,-7.2E0));
#888=LINE('',#887,#886);
#889=CARTESIAN_POINT('',(-1.145E1,1.4E0,-6.2E0));
#890=DIRECTION('',(0.E0,1.E0,0.E0));
#891=DIRECTION('',(-3.629254414243E-1,0.E0,-9.318181818182E-1));
#892=AXIS2_PLACEMENT_3D('',#889,#890,#891);
#894=DIRECTION('',(-1.E0,0.E0,0.E0));
#895=VECTOR('',#894,1.596871942267E0);
#896=CARTESIAN_POINT('',(-1.065156402887E1,1.4E0,-8.25E0));
#897=LINE('',#896,#895);
#898=CARTESIAN_POINT('',(-1.145E1,1.4E0,-6.2E0));
#899=DIRECTION('',(0.E0,1.E0,0.E0));
#900=DIRECTION('',(8.907235428302E-1,0.E0,-4.545454545455E-1));
#901=AXIS2_PLACEMENT_3D('',#898,#899,#900);
#903=DIRECTION('',(-1.E0,0.E0,0.E0));
#904=VECTOR('',#903,1.404082057735E-1);
#905=CARTESIAN_POINT('',(-9.35E0,1.4E0,-7.2E0));
#906=LINE('',#905,#904);
#907=DIRECTION('',(1.E0,0.E0,0.E0));
#908=VECTOR('',#907,1.404082057735E-1);
#909=CARTESIAN_POINT('',(-9.490408205773E0,1.4E0,-5.2E0));
#910=LINE('',#909,#908);
#911=CARTESIAN_POINT('',(-1.145E1,1.4E0,-6.2E0));
#912=DIRECTION('',(0.E0,1.E0,0.E0));
#913=DIRECTION('',(3.629254414243E-1,0.E0,9.318181818182E-1));
#914=AXIS2_PLACEMENT_3D('',#911,#912,#913);
#916=DIRECTION('',(0.E0,7.071067811866E-1,7.071067811865E-1));
#917=VECTOR('',#916,1.588695349089E-1);
#918=CARTESIAN_POINT('',(1.197E1,1.2E0,-8.45E0));
#919=LINE('',#918,#917);
#920=CARTESIAN_POINT('',(1.197E1,1.312337725458E0,-8.337662274542E0));
#921=CARTESIAN_POINT('',(1.206642701142E1,1.335794211796E0,-8.314205788204E0));
#922=CARTESIAN_POINT('',(1.215911576245E1,1.365211479237E0,-8.284788520763E0));
#923=CARTESIAN_POINT('',(1.224843597113E1,1.4E0,-8.25E0));
#925=CARTESIAN_POINT('',(1.065156402887E1,1.4E0,-8.25E0));
#926=CARTESIAN_POINT('',(1.074088423755E1,1.365211479237E0,-8.284788520763E0));
#927=CARTESIAN_POINT('',(1.083357298858E1,1.335794211796E0,-8.314205788204E0));
#928=CARTESIAN_POINT('',(1.093E1,1.312337725458E0,-8.337662274542E0));
#930=DIRECTION('',(0.E0,-7.071067811866E-1,-7.071067811865E-1));
#931=VECTOR('',#930,1.588695349089E-1);
#932=CARTESIAN_POINT('',(1.093E1,1.312337725458E0,-8.337662274542E0));
#933=LINE('',#932,#931);
#934=DIRECTION('',(-1.E0,0.E0,0.E0));
#935=VECTOR('',#934,1.04E0);
#936=CARTESIAN_POINT('',(1.197E1,1.2E0,-8.45E0));
#937=LINE('',#936,#935);
#938=DIRECTION('',(0.E0,-1.E0,0.E0));
#939=VECTOR('',#938,8.E-1);
#940=CARTESIAN_POINT('',(1.093E1,1.2E0,-8.45E0));
#941=LINE('',#940,#939);
#942=DIRECTION('',(5.183666555423E-8,1.E0,2.101333435273E-7));
#943=VECTOR('',#942,7.876624435584E-1);
#944=CARTESIAN_POINT('',(1.093E1,1.312337725458E0,-8.337662274542E0));
#945=LINE('',#944,#943);
#946=DIRECTION('',(-6.164496012764E-8,-2.551815461503E-7,-1.E0));
#947=VECTOR('',#946,6.623378909722E-1);
#948=CARTESIAN_POINT('',(1.093000004083E1,2.100000169016E0,-8.337662109028E0));
#949=LINE('',#948,#947);
#950=DIRECTION('',(0.E0,-1.E0,0.E0));
#951=VECTOR('',#950,1.7E0);
#952=CARTESIAN_POINT('',(1.093E1,2.1E0,-9.E0));
#953=LINE('',#952,#951);
#954=CARTESIAN_POINT('',(1.145E1,2.100001357966E0,-6.2E0));
#955=DIRECTION('',(0.E0,-1.E0,0.E0));
#956=DIRECTION('',(-8.907235428302E-1,0.E0,-4.545454545455E-1));
#957=AXIS2_PLACEMENT_3D('',#954,#955,#956);
#959=CARTESIAN_POINT('',(9.490408407369E0,2.100000226327E0,-7.199999897124E0));
#960=CARTESIAN_POINT('',(9.467386319239E0,2.120506554888E0,-7.199999897124E0));
#961=CARTESIAN_POINT('',(9.420965116267E0,2.162005768632E0,-7.200000051438E0));
#962=CARTESIAN_POINT('',(9.373782505034E0,2.204469807538E0,-7.2E0));
#963=CARTESIAN_POINT('',(9.35E0,2.225942105626E0,-7.2E0));
#965=DIRECTION('',(-2.879932566874E-7,-9.999999999999E-1,-1.469659461428E-7));
#966=VECTOR('',#965,7.000002263275E-1);
#967=CARTESIAN_POINT('',(9.490408407369E0,2.100000226327E0,-7.199999897124E0));
#968=LINE('',#967,#966);
#969=CARTESIAN_POINT('',(1.093000004083E1,2.100000169016E0,-8.337662109028E0));
#970=CARTESIAN_POINT('',(1.089842798926E1,2.131572220589E0,-8.362474730018E0));
#971=CARTESIAN_POINT('',(1.083411077271E1,2.195889174899E0,-8.412156103918E0));
#972=CARTESIAN_POINT('',(1.073411671619E1,2.295883152405E0,-8.486836662715E0));
#973=CARTESIAN_POINT('',(1.066509860934E1,2.364901732211E0,-8.536726340823E0));
#974=CARTESIAN_POINT('',(1.063000008436E1,2.400000257190E0,-8.561693783742E0));
#976=CARTESIAN_POINT('',(1.145E1,2.4E0,-6.2E0));
#977=DIRECTION('',(0.E0,-1.E0,0.E0));
#978=DIRECTION('',(8.4E-1,0.E0,5.425863986500E-1));
#979=AXIS2_PLACEMENT_3D('',#976,#977,#978);
#981=DIRECTION('',(7.424991843557E-7,-8.838923814031E-7,9.999999999993E-1));
#982=VECTOR('',#981,4.843536326653E0);
#983=CARTESIAN_POINT('',(1.354999640368E1,2.400004281165E0,-4.843536326650E0));
#984=LINE('',#983,#982);
#985=CARTESIAN_POINT('',(-1.145E1,2.4E0,-6.2E0));
#986=DIRECTION('',(0.E0,-1.E0,0.E0));
#987=DIRECTION('',(-3.279941500310E-1,0.E0,9.446797539619E-1));
#988=AXIS2_PLACEMENT_3D('',#985,#986,#987);
#990=DIRECTION('',(-6.453061616784E-6,-1.967465420135E-5,-9.999999997856E-1));
#991=VECTOR('',#990,7.382762384393E-1);
#992=CARTESIAN_POINT('',(-1.227E1,2.4E0,-3.1E0));
#993=LINE('',#992,#991);
#994=DIRECTION('',(-1.E0,0.E0,0.E0));
#995=VECTOR('',#994,1.64E0);
#996=CARTESIAN_POINT('',(-1.063E1,2.4E0,-3.1E0));
#997=LINE('',#996,#995);
#998=DIRECTION('',(1.040459349895E-7,-3.172130303488E-7,9.999999999999E-1));
#999=VECTOR('',#998,7.383061694791E-1);
#1000=CARTESIAN_POINT('',(-1.063000007682E1,2.400000234200E0,
-3.838306169479E0));
#1001=LINE('',#1000,#999);
#1002=CARTESIAN_POINT('',(-1.145E1,2.4E0,-6.2E0));
#1003=DIRECTION('',(0.E0,-1.E0,0.E0));
#1004=DIRECTION('',(8.4E-1,0.E0,5.425863986500E-1));
#1005=AXIS2_PLACEMENT_3D('',#1002,#1003,#1004);
#1007=DIRECTION('',(1.464258619486E-7,-1.743141908668E-7,1.E0));
#1008=VECTOR('',#1007,1.343534130455E0);
#1009=CARTESIAN_POINT('',(-9.350000196728E0,2.400000234197E0,
-4.843534130455E0));
#1010=LINE('',#1009,#1008);
#1011=DIRECTION('',(-1.E0,0.E0,0.E0));
#1012=VECTOR('',#1011,1.87E1);
#1013=CARTESIAN_POINT('',(9.35E0,2.4E0,-3.5E0));
#1014=LINE('',#1013,#1012);
#1015=DIRECTION('',(9.167317456437E-6,1.091416034885E-5,9.999999998984E-1));
#1016=VECTOR('',#1015,1.343526048720E0);
#1017=CARTESIAN_POINT('',(9.349987683470E0,2.399985336541E0,-4.843526048583E0));
#1018=LINE('',#1017,#1016);
#1019=CARTESIAN_POINT('',(1.145E1,2.4E0,-6.2E0));
#1020=DIRECTION('',(0.E0,-1.E0,0.E0));
#1021=DIRECTION('',(-3.279940945937E-1,0.E0,9.446797732098E-1));
#1022=AXIS2_PLACEMENT_3D('',#1019,#1020,#1021);
#1024=DIRECTION('',(-6.514228507033E-6,-1.986115168481E-5,-9.999999997815E-1));
#1025=VECTOR('',#1024,7.382759592872E-1);
#1026=CARTESIAN_POINT('',(1.063E1,2.4E0,-3.1E0));
#1027=LINE('',#1026,#1025);
#1028=DIRECTION('',(-1.E0,0.E0,0.E0));
#1029=VECTOR('',#1028,1.64E0);
#1030=CARTESIAN_POINT('',(1.227E1,2.4E0,-3.1E0));
#1031=LINE('',#1030,#1029);
#1032=DIRECTION('',(1.902011183929E-6,-5.798754984406E-6,9.999999999814E-1));
#1033=VECTOR('',#1032,7.383143766448E-1);
#1034=CARTESIAN_POINT('',(1.226999859572E1,2.400004281304E0,-3.838314376631E0));
#1035=LINE('',#1034,#1033);
#1036=CARTESIAN_POINT('',(1.145E1,2.4E0,-6.2E0));
#1037=DIRECTION('',(0.E0,-1.E0,0.E0));
#1038=DIRECTION('',(-8.4E-1,0.E0,-5.425863986500E-1));
#1039=AXIS2_PLACEMENT_3D('',#1036,#1037,#1038);
#1041=DIRECTION('',(1.111582044589E-7,1.323296570725E-7,1.E0));
#1042=VECTOR('',#1041,1.943534142929E0);
#1043=CARTESIAN_POINT('',(9.35E0,2.4E0,-9.5E0));
#1044=LINE('',#1043,#1042);
#1045=DIRECTION('',(6.277705917282E-6,-7.473928335248E-6,9.999999999524E-1));
#1046=VECTOR('',#1045,1.943526123370E0);
#1047=CARTESIAN_POINT('',(1.355E1,2.4E0,-9.5E0));
#1048=LINE('',#1047,#1046);
#1049=CARTESIAN_POINT('',(1.145E1,2.4E0,-6.2E0));
#1050=DIRECTION('',(0.E0,-1.E0,0.E0));
#1051=DIRECTION('',(3.279941500310E-1,0.E0,-9.446797539618E-1));
#1052=AXIS2_PLACEMENT_3D('',#1049,#1050,#1051);
#1054=DIRECTION('',(6.453061556629E-6,-1.967465399322E-5,9.999999997856E-1));
#1055=VECTOR('',#1054,7.382762384397E-1);
#1056=CARTESIAN_POINT('',(1.227E1,2.4E0,-9.3E0));
#1057=LINE('',#1056,#1055);
#1058=DIRECTION('',(1.E0,0.E0,0.E0));
#1059=VECTOR('',#1058,1.64E0);
#1060=CARTESIAN_POINT('',(1.063E1,2.4E0,-9.3E0));
#1061=LINE('',#1060,#1059);
#1062=DIRECTION('',(-1.142594707712E-7,-3.483518323388E-7,-9.999999999999E-1));
#1063=VECTOR('',#1062,7.383062162581E-1);
#1064=CARTESIAN_POINT('',(1.063000008436E1,2.400000257190E0,-8.561693783742E0));
#1065=LINE('',#1064,#1063);
#1066=CARTESIAN_POINT('',(-1.145E1,2.4E0,-6.2E0));
#1067=DIRECTION('',(0.E0,-1.E0,0.E0));
#1068=DIRECTION('',(-8.4E-1,0.E0,-5.425863986500E-1));
#1069=AXIS2_PLACEMENT_3D('',#1066,#1067,#1068);
#1071=DIRECTION('',(6.337208502035E-6,-7.544770875426E-6,9.999999999515E-1));
#1072=VECTOR('',#1071,1.943526048677E0);
#1073=CARTESIAN_POINT('',(-9.35E0,2.4E0,-9.5E0));
#1074=LINE('',#1073,#1072);
#1075=CARTESIAN_POINT('',(-1.145E1,2.4E0,-6.2E0));
#1076=DIRECTION('',(0.E0,-1.E0,0.E0));
#1077=DIRECTION('',(3.279940945937E-1,0.E0,-9.446797732098E-1));
#1078=AXIS2_PLACEMENT_3D('',#1075,#1076,#1077);
#1080=DIRECTION('',(6.514228509439E-6,-1.986115168481E-5,9.999999997815E-1));
#1081=VECTOR('',#1080,7.382759592872E-1);
#1082=CARTESIAN_POINT('',(-1.063E1,2.4E0,-9.3E0));
#1083=LINE('',#1082,#1081);
#1084=DIRECTION('',(1.E0,0.E0,0.E0));
#1085=VECTOR('',#1084,1.64E0);
#1086=CARTESIAN_POINT('',(-1.227E1,2.4E0,-9.3E0));
#1087=LINE('',#1086,#1085);
#1088=DIRECTION('',(-1.902110082267E-6,-5.799056508132E-6,-9.999999999814E-1));
#1089=VECTOR('',#1088,7.383143770963E-1);
#1090=CARTESIAN_POINT('',(-1.226999859564E1,2.400004281527E0,
-8.561685622917E0));
#1091=LINE('',#1090,#1089);
#1092=CARTESIAN_POINT('',(1.196999933158E1,2.100002825114E0,-4.062340471514E0));
#1093=CARTESIAN_POINT('',(1.200157139762E1,2.131574891153E0,-4.037528152973E0));
#1094=CARTESIAN_POINT('',(1.206589819591E1,2.195897323674E0,-3.987866813163E0));
#1095=CARTESIAN_POINT('',(1.216589338124E1,2.295891193769E0,-3.913186140116E0));
#1096=CARTESIAN_POINT('',(1.223490005721E1,2.364905742798E0,-3.863281470344E0));
#1097=CARTESIAN_POINT('',(1.226999859572E1,2.400004281304E0,-3.838314376631E0));
#1099=CARTESIAN_POINT('',(1.340958843835E1,2.100003767548E0,-5.200001712539E0));
#1100=CARTESIAN_POINT('',(1.343261221709E1,2.120511800040E0,-5.200001712539E0));
#1101=CARTESIAN_POINT('',(1.347902578996E1,2.162026906910E0,-5.199999143730E0));
#1102=CARTESIAN_POINT('',(1.352621569092E1,2.204490435226E0,-5.2E0));
#1103=CARTESIAN_POINT('',(1.355E1,2.225964569511E0,-5.2E0));
#1105=DIRECTION('',(4.794085468927E-6,-9.999999999855E-1,2.446471495647E-6));
#1106=VECTOR('',#1105,7.000037675578E-1);
#1107=CARTESIAN_POINT('',(1.340958843835E1,2.100003767548E0,-5.200001712539E0));
#1108=LINE('',#1107,#1106);
#1109=CARTESIAN_POINT('',(1.145E1,2.100022605518E0,-6.2E0));
#1110=DIRECTION('',(0.E0,-1.E0,0.E0));
#1111=DIRECTION('',(8.907235428302E-1,0.E0,4.545454545455E-1));
#1112=AXIS2_PLACEMENT_3D('',#1109,#1110,#1111);
#1114=DIRECTION('',(-8.486109828070E-7,9.999999999936E-1,-3.486324870654E-6));
#1115=VECTOR('',#1114,7.876650996611E-1);
#1116=CARTESIAN_POINT('',(1.197E1,1.312337725458E0,-4.062337725458E0));
#1117=LINE('',#1116,#1115);
#1118=DIRECTION('',(1.009180753499E-6,-4.265350174549E-6,9.999999999904E-1));
#1119=VECTOR('',#1118,6.623404715208E-1);
#1120=CARTESIAN_POINT('',(1.196999933158E1,2.100002825114E0,-4.062340471514E0));
#1121=LINE('',#1120,#1119);
#1122=DIRECTION('',(1.E0,0.E0,0.E0));
#1123=VECTOR('',#1122,1.04E0);
#1124=CARTESIAN_POINT('',(1.093E1,1.2E0,-3.95E0));
#1125=LINE('',#1124,#1123);
#1126=DIRECTION('',(0.E0,-1.E0,0.E0));
#1127=VECTOR('',#1126,8.E-1);
#1128=CARTESIAN_POINT('',(1.197E1,1.2E0,-3.95E0));
#1129=LINE('',#1128,#1127);
#1130=DIRECTION('',(0.E0,7.071067811865E-1,-7.071067811865E-1));
#1131=VECTOR('',#1130,1.588695349089E-1);
#1132=CARTESIAN_POINT('',(1.093E1,1.2E0,-3.95E0));
#1133=LINE('',#1132,#1131);
#1134=CARTESIAN_POINT('',(1.093E1,1.312337725458E0,-4.062337725458E0));
#1135=CARTESIAN_POINT('',(1.083357298858E1,1.335794211796E0,-4.085794211796E0));
#1136=CARTESIAN_POINT('',(1.074088423755E1,1.365211479237E0,-4.115211479237E0));
#1137=CARTESIAN_POINT('',(1.065156402887E1,1.4E0,-4.15E0));
#1139=CARTESIAN_POINT('',(1.224843597113E1,1.4E0,-4.15E0));
#1140=CARTESIAN_POINT('',(1.215911576245E1,1.365211479237E0,-4.115211479237E0));
#1141=CARTESIAN_POINT('',(1.206642701142E1,1.335794211796E0,-4.085794211796E0));
#1142=CARTESIAN_POINT('',(1.197E1,1.312337725458E0,-4.062337725458E0));
#1144=DIRECTION('',(0.E0,-7.071067811865E-1,7.071067811865E-1));
#1145=VECTOR('',#1144,1.588695349089E-1);
#1146=CARTESIAN_POINT('',(1.197E1,1.312337725458E0,-4.062337725458E0));
#1147=LINE('',#1146,#1145);
#1148=DIRECTION('',(0.E0,-1.E0,0.E0));
#1149=VECTOR('',#1148,8.E-1);
#1150=CARTESIAN_POINT('',(1.093E1,1.2E0,-3.95E0));
#1151=LINE('',#1150,#1149);
#1152=DIRECTION('',(-3.452567982101E-6,-1.461242275535E-5,-9.999999998873E-1));
#1153=VECTOR('',#1152,6.623283229972E-1);
#1154=CARTESIAN_POINT('',(1.093E1,2.1E0,-3.4E0));
#1155=LINE('',#1154,#1153);
#1156=DIRECTION('',(-2.903226082321E-6,9.999999999245E-1,1.193741449699E-5));
#1157=VECTOR('',#1156,7.876525963800E-1);
#1158=CARTESIAN_POINT('',(1.093E1,1.312337725458E0,-4.062337725458E0));
#1159=LINE('',#1158,#1157);
#1160=CARTESIAN_POINT('',(1.145E1,2.099922582027E0,-6.2E0));
#1161=DIRECTION('',(0.E0,-1.E0,0.E0));
#1162=DIRECTION('',(-2.363636363636E-1,0.E0,9.716646702464E-1));
#1163=AXIS2_PLACEMENT_3D('',#1160,#1161,#1162);
#1165=DIRECTION('',(1.641887667237E-5,-9.999999998301E-1,-8.378722917895E-6));
#1166=VECTOR('',#1165,6.999870966694E-1);
#1167=CARTESIAN_POINT('',(9.490396712772E0,2.099987096550E0,-5.199994135002E0));
#1168=LINE('',#1167,#1166);
#1169=CARTESIAN_POINT('',(1.145E1,4.E-1,-6.2E0));
#1170=DIRECTION('',(0.E0,1.E0,0.E0));
#1171=DIRECTION('',(1.E0,0.E0,0.E0));
#1172=AXIS2_PLACEMENT_3D('',#1169,#1170,#1171);
#1174=CARTESIAN_POINT('',(1.145E1,4.E-1,-6.2E0));
#1175=DIRECTION('',(0.E0,1.E0,0.E0));
#1176=DIRECTION('',(-1.E0,0.E0,0.E0));
#1177=AXIS2_PLACEMENT_3D('',#1174,#1175,#1176);
#1179=DIRECTION('',(0.E0,0.E0,1.E0));
#1180=VECTOR('',#1179,2.5E0);
#1181=CARTESIAN_POINT('',(9.35E0,4.E-1,-2.5E0));
#1182=LINE('',#1181,#1180);
#1183=DIRECTION('',(0.E0,0.E0,1.E0));
#1184=VECTOR('',#1183,7.E0);
#1185=CARTESIAN_POINT('',(9.35E0,4.E-1,-9.5E0));
#1186=LINE('',#1185,#1184);
#1187=DIRECTION('',(-1.E0,0.E0,0.E0));
#1188=VECTOR('',#1187,1.04E0);
#1189=CARTESIAN_POINT('',(1.197E1,4.E-1,-9.E0));
#1190=LINE('',#1189,#1188);
#1191=DIRECTION('',(0.E0,0.E0,-1.E0));
#1192=VECTOR('',#1191,5.5E-1);
#1193=CARTESIAN_POINT('',(1.197E1,4.E-1,-8.45E0));
#1194=LINE('',#1193,#1192);
#1195=DIRECTION('',(1.E0,0.E0,0.E0));
#1196=VECTOR('',#1195,1.04E0);
#1197=CARTESIAN_POINT('',(1.093E1,4.E-1,-8.45E0));
#1198=LINE('',#1197,#1196);
#1199=DIRECTION('',(0.E0,0.E0,1.E0));
#1200=VECTOR('',#1199,5.5E-1);
#1201=CARTESIAN_POINT('',(1.093E1,4.E-1,-9.E0));
#1202=LINE('',#1201,#1200);
#1203=DIRECTION('',(0.E0,0.E0,-1.E0));
#1204=VECTOR('',#1203,5.5E-1);
#1205=CARTESIAN_POINT('',(1.197E1,4.E-1,-3.4E0));
#1206=LINE('',#1205,#1204);
#1207=DIRECTION('',(1.E0,0.E0,0.E0));
#1208=VECTOR('',#1207,1.04E0);
#1209=CARTESIAN_POINT('',(1.093E1,4.E-1,-3.4E0));
#1210=LINE('',#1209,#1208);
#1211=DIRECTION('',(0.E0,0.E0,1.E0));
#1212=VECTOR('',#1211,5.5E-1);
#1213=CARTESIAN_POINT('',(1.093E1,4.E-1,-3.95E0));
#1214=LINE('',#1213,#1212);
#1215=DIRECTION('',(-1.E0,0.E0,0.E0));
#1216=VECTOR('',#1215,1.04E0);
#1217=CARTESIAN_POINT('',(1.197E1,4.E-1,-3.95E0));
#1218=LINE('',#1217,#1216);
#1219=CARTESIAN_POINT('',(1.145E1,1.200004819401E0,-6.2E0));
#1220=DIRECTION('',(0.E0,1.E0,0.E0));
#1221=DIRECTION('',(1.E0,0.E0,0.E0));
#1222=AXIS2_PLACEMENT_3D('',#1219,#1220,#1221);
#1224=DIRECTION('',(1.090922904930E-5,-9.999999999405E-1,1.689442370553E-9));
#1225=VECTOR('',#1224,8.000087237935E-1);
#1226=CARTESIAN_POINT('',(1.271499127252E1,1.200008723746E0,-6.200000001352E0));
#1227=LINE('',#1226,#1225);
#1228=DIRECTION('',(7.070899945246E-1,7.071235674500E-1,-2.600164189413E-9));
#1229=VECTOR('',#1228,2.828427111182E-1);
#1230=CARTESIAN_POINT('',(1.271499127252E1,1.200008723746E0,-6.200000001352E0));
#1231=LINE('',#1230,#1229);
#1232=DIRECTION('',(-7.070899945246E-1,7.071235674500E-1,2.600161049228E-9));
#1233=VECTOR('',#1232,2.828427111182E-1);
#1234=CARTESIAN_POINT('',(1.018500872748E1,1.200008723746E0,-6.199999998648E0));
#1235=LINE('',#1234,#1233);
#1236=CARTESIAN_POINT('',(1.145E1,1.200004819401E0,-6.2E0));
#1237=DIRECTION('',(0.E0,1.E0,0.E0));
#1238=DIRECTION('',(-1.E0,0.E0,0.E0));
#1239=AXIS2_PLACEMENT_3D('',#1236,#1237,#1238);
#1241=DIRECTION('',(-1.090922905374E-5,-9.999999999405E-1,-1.689439039920E-9));
#1242=VECTOR('',#1241,8.000087237935E-1);
#1243=CARTESIAN_POINT('',(1.018500872748E1,1.200008723746E0,-6.199999998648E0));
#1244=LINE('',#1243,#1242);
#1245=DIRECTION('',(0.E0,1.E0,0.E0));
#1246=VECTOR('',#1245,2.8E0);
#1247=CARTESIAN_POINT('',(9.35E0,-2.4E0,-2.5E0));
#1248=LINE('',#1247,#1246);
#1249=DIRECTION('',(0.E0,0.E0,1.E0));
#1250=VECTOR('',#1249,2.5E0);
#1251=CARTESIAN_POINT('',(9.35E0,-2.4E0,-2.5E0));
#1252=LINE('',#1251,#1250);
#1253=CARTESIAN_POINT('',(1.355E1,2.225964569511E0,-5.2E0));
#1254=CARTESIAN_POINT('',(1.355E1,2.251699454964E0,-5.140142798336E0));
#1255=CARTESIAN_POINT('',(1.355000179816E1,2.306703337348E0,-5.020982247959E0));
#1256=CARTESIAN_POINT('',(1.354999640368E1,2.367951897725E0,-4.902609046112E0));
#1257=CARTESIAN_POINT('',(1.354999640368E1,2.400004281165E0,-4.843536326650E0));
#1259=DIRECTION('',(0.E0,-1.E0,0.E0));
#1260=VECTOR('',#1259,8.259645695110E-1);
#1261=CARTESIAN_POINT('',(1.355E1,2.225964569511E0,-5.2E0));
#1262=LINE('',#1261,#1260);
#1263=DIRECTION('',(0.E0,0.E0,-1.E0));
#1264=VECTOR('',#1263,2.E0);
#1265=CARTESIAN_POINT('',(1.355E1,1.4E0,-5.2E0));
#1266=LINE('',#1265,#1264);
#1267=DIRECTION('',(0.E0,-1.E0,0.E0));
#1268=VECTOR('',#1267,8.258595886178E-1);
#1269=CARTESIAN_POINT('',(1.355E1,2.225859588618E0,-7.2E0));
#1270=LINE('',#1269,#1268);
#1271=CARTESIAN_POINT('',(1.355001220089E1,2.399985474225E0,-7.556473876723E0));
#1272=CARTESIAN_POINT('',(1.355001220089E1,2.367850166740E0,-7.497245654505E0));
#1273=CARTESIAN_POINT('',(1.354999389956E1,2.306423051313E0,-7.378758334269E0));
#1274=CARTESIAN_POINT('',(1.355E1,2.251531161029E0,-7.259712635889E0));
#1275=CARTESIAN_POINT('',(1.355E1,2.225859588618E0,-7.2E0));
#1277=DIRECTION('',(0.E0,0.E0,1.E0));
#1278=VECTOR('',#1277,9.5E0);
#1279=CARTESIAN_POINT('',(1.355E1,4.E-1,-9.5E0));
#1280=LINE('',#1279,#1278);
#1281=CARTESIAN_POINT('',(1.355E1,2.225859588618E0,-7.2E0));
#1282=CARTESIAN_POINT('',(1.352622803044E1,2.204397564035E0,-7.2E0));
#1283=CARTESIAN_POINT('',(1.347907612466E1,2.161935149841E0,-7.199997095035E0));
#1284=CARTESIAN_POINT('',(1.343262300407E1,2.120490802803E0,-7.200005809929E0));
#1285=CARTESIAN_POINT('',(1.340960317932E1,2.099987217710E0,-7.200005809929E0));
#1287=DIRECTION('',(2.875903808192E-6,9.999999999259E-1,-1.182527725583E-5));
#1288=VECTOR('',#1287,7.876526872037E-1);
#1289=CARTESIAN_POINT('',(1.197E1,1.312337725458E0,-8.337662274542E0));
#1290=LINE('',#1289,#1288);
#1291=CARTESIAN_POINT('',(1.145E1,2.099923308933E0,-6.2E0));
#1292=DIRECTION('',(0.E0,-1.E0,0.E0));
#1293=DIRECTION('',(2.363636363636E-1,0.E0,-9.716646702464E-1));
#1294=AXIS2_PLACEMENT_3D('',#1291,#1292,#1293);
#1296=DIRECTION('',(-1.626471090983E-5,-9.999999998333E-1,8.300050528455E-6));
#1297=VECTOR('',#1296,6.999872178267E-1);
#1298=CARTESIAN_POINT('',(1.340960317932E1,2.099987217710E0,-7.200005809929E0));
#1299=LINE('',#1298,#1297);
#1300=DIRECTION('',(0.E0,-1.E0,0.E0));
#1301=VECTOR('',#1300,8.E-1);
#1302=CARTESIAN_POINT('',(1.197E1,1.2E0,-8.45E0));
#1303=LINE('',#1302,#1301);
#1304=DIRECTION('',(0.E0,1.E0,0.E0));
#1305=VECTOR('',#1304,1.7E0);
#1306=CARTESIAN_POINT('',(1.197E1,4.E-1,-9.E0));
#1307=LINE('',#1306,#1305);
#1308=DIRECTION('',(3.420075787098E-6,-1.447529110452E-5,9.999999998894E-1));
#1309=VECTOR('',#1308,6.623284113199E-1);
#1310=CARTESIAN_POINT('',(1.197E1,2.1E0,-9.E0));
#1311=LINE('',#1310,#1309);
#1312=DIRECTION('',(1.E0,0.E0,0.E0));
#1313=VECTOR('',#1312,1.04E0);
#1314=CARTESIAN_POINT('',(1.093E1,2.1E0,-9.E0));
#1315=LINE('',#1314,#1313);
#1316=DIRECTION('',(5.773502691896E-1,5.773502691896E-1,-5.773502691896E-1));
#1317=VECTOR('',#1316,5.196152422707E-1);
#1318=CARTESIAN_POINT('',(1.197E1,2.1E0,-9.E0));
#1319=LINE('',#1318,#1317);
#1320=DIRECTION('',(-5.773502691896E-1,5.773502691896E-1,-5.773502691896E-1));
#1321=VECTOR('',#1320,5.196152422707E-1);
#1322=CARTESIAN_POINT('',(1.093E1,2.1E0,-9.E0));
#1323=LINE('',#1322,#1321);
#1324=CARTESIAN_POINT('',(1.197000226521E1,2.099990412603E0,-8.337671588753E0));
#1325=CARTESIAN_POINT('',(1.200157426997E1,2.131562417359E0,-8.362485325725E0));
#1326=CARTESIAN_POINT('',(1.206585626612E1,2.195859225405E0,-8.412240276238E0));
#1327=CARTESIAN_POINT('',(1.216584620839E1,2.295853629799E0,-8.486920438234E0));
#1328=CARTESIAN_POINT('',(1.223490628136E1,2.364886991890E0,-8.536755030669E0));
#1329=CARTESIAN_POINT('',(1.227000476414E1,2.399985474670E0,-8.561723761719E0));
#1331=DIRECTION('',(0.E0,1.E0,0.E0));
#1332=VECTOR('',#1331,2.E0);
#1333=CARTESIAN_POINT('',(-9.35E0,4.E-1,-9.5E0));
#1334=LINE('',#1333,#1332);
#1335=DIRECTION('',(1.E0,0.E0,0.E0));
#1336=VECTOR('',#1335,4.2E0);
#1337=CARTESIAN_POINT('',(-1.355E1,2.4E0,-9.5E0));
#1338=LINE('',#1337,#1336);
#1339=DIRECTION('',(0.E0,1.E0,0.E0));
#1340=VECTOR('',#1339,2.E0);
#1341=CARTESIAN_POINT('',(-1.355E1,4.E-1,-9.5E0));
#1342=LINE('',#1341,#1340);
#1343=DIRECTION('',(-1.E0,0.E0,0.E0));
#1344=VECTOR('',#1343,4.2E0);
#1345=CARTESIAN_POINT('',(-9.35E0,4.E-1,-9.5E0));
#1346=LINE('',#1345,#1344);
#1347=DIRECTION('',(0.E0,1.E0,0.E0));
#1348=VECTOR('',#1347,2.E0);
#1349=CARTESIAN_POINT('',(9.35E0,4.E-1,-9.5E0));
#1350=LINE('',#1349,#1348);
#1351=DIRECTION('',(-1.E0,0.E0,0.E0));
#1352=VECTOR('',#1351,4.2E0);
#1353=CARTESIAN_POINT('',(1.355E1,4.E-1,-9.5E0));
#1354=LINE('',#1353,#1352);
#1355=DIRECTION('',(0.E0,-1.E0,0.E0));
#1356=VECTOR('',#1355,2.E0);
#1357=CARTESIAN_POINT('',(1.355E1,2.4E0,-9.5E0));
#1358=LINE('',#1357,#1356);
#1359=DIRECTION('',(1.E0,0.E0,0.E0));
#1360=VECTOR('',#1359,4.2E0);
#1361=CARTESIAN_POINT('',(9.35E0,2.4E0,-9.5E0));
#1362=LINE('',#1361,#1360);
#1363=CARTESIAN_POINT('',(-9.35E0,2.225941977290E0,-5.2E0));
#1364=CARTESIAN_POINT('',(-9.35E0,2.251677479096E0,-5.140140783334E0));
#1365=CARTESIAN_POINT('',(-9.349999901636E0,2.306674906742E0,
-5.020973219622E0));
#1366=CARTESIAN_POINT('',(-9.350000196728E0,2.367947204944E0,
-4.902608613923E0));
#1367=CARTESIAN_POINT('',(-9.350000196728E0,2.400000234197E0,
-4.843534130455E0));
#1369=DIRECTION('',(0.E0,-1.E0,0.E0));
#1370=VECTOR('',#1369,8.259419772899E-1);
#1371=CARTESIAN_POINT('',(-9.35E0,2.225941977290E0,-5.2E0));
#1372=LINE('',#1371,#1370);
#1373=DIRECTION('',(0.E0,0.E0,-1.E0));
#1374=VECTOR('',#1373,2.E0);
#1375=CARTESIAN_POINT('',(-9.35E0,1.4E0,-5.2E0));
#1376=LINE('',#1375,#1374);
#1377=DIRECTION('',(0.E0,-1.E0,0.E0));
#1378=VECTOR('',#1377,8.258588200993E-1);
#1379=CARTESIAN_POINT('',(-9.35E0,2.225858820099E0,-7.2E0));
#1380=LINE('',#1379,#1378);
#1381=CARTESIAN_POINT('',(-9.349987683470E0,2.399985336541E0,
-7.556473951417E0));
#1382=CARTESIAN_POINT('',(-9.349987683470E0,2.367850006926E0,
-7.497245668839E0));
#1383=CARTESIAN_POINT('',(-9.350006158265E0,2.306422084075E0,
-7.378758641102E0));
#1384=CARTESIAN_POINT('',(-9.35E0,2.251530413435E0,-7.259712704290E0));
#1385=CARTESIAN_POINT('',(-9.35E0,2.225858820099E0,-7.2E0));
#1387=DIRECTION('',(0.E0,0.E0,-1.E0));
#1388=VECTOR('',#1387,1.E0);
#1389=CARTESIAN_POINT('',(-9.35E0,1.8E0,-2.5E0));
#1390=LINE('',#1389,#1388);
#1391=DIRECTION('',(0.E0,-1.E0,0.E0));
#1392=VECTOR('',#1391,6.E-1);
#1393=CARTESIAN_POINT('',(-9.35E0,2.4E0,-3.5E0));
#1394=LINE('',#1393,#1392);
#1395=CARTESIAN_POINT('',(-1.093000003725E1,2.100000153841E0,
-4.062337876231E0));
#1396=CARTESIAN_POINT('',(-1.089842798575E1,2.131572205333E0,
-4.037525253511E0));
#1397=CARTESIAN_POINT('',(-1.083411082396E1,2.195889128340E0,
-3.987843765138E0));
#1398=CARTESIAN_POINT('',(-1.073411677387E1,2.295883106470E0,
-3.913163207082E0));
#1399=CARTESIAN_POINT('',(-1.066509860172E1,2.364901709296E0,
-3.863273614395E0));
#1400=CARTESIAN_POINT('',(-1.063000007682E1,2.400000234200E0,
-3.838306169479E0));
#1402=CARTESIAN_POINT('',(-9.490408389348E0,2.100000206096E0,
-5.200000093680E0));
#1403=CARTESIAN_POINT('',(-9.467386310873E0,2.120506524926E0,
-5.200000093680E0));
#1404=CARTESIAN_POINT('',(-9.420965064316E0,2.162005647866E0,
-5.199999953160E0));
#1405=CARTESIAN_POINT('',(-9.373782494728E0,2.204469689691E0,-5.2E0));
#1406=CARTESIAN_POINT('',(-9.35E0,2.225941977290E0,-5.2E0));
#1408=DIRECTION('',(2.622498195068E-7,-1.E0,1.338287994022E-7));
#1409=VECTOR('',#1408,7.000002060963E-1);
#1410=CARTESIAN_POINT('',(-9.490408389348E0,2.100000206096E0,
-5.200000093680E0));
#1411=LINE('',#1410,#1409);
#1412=CARTESIAN_POINT('',(-1.145E1,2.100001236578E0,-6.2E0));
#1413=DIRECTION('',(0.E0,-1.E0,0.E0));
#1414=DIRECTION('',(8.907235428302E-1,0.E0,4.545454545455E-1));
#1415=AXIS2_PLACEMENT_3D('',#1412,#1413,#1414);
#1417=DIRECTION('',(-4.728643674437E-8,1.E0,-1.914178353684E-7));
#1418=VECTOR('',#1417,7.876624283825E-1);
#1419=CARTESIAN_POINT('',(-1.093E1,1.312337725458E0,-4.062337725458E0));
#1420=LINE('',#1419,#1418);
#1421=DIRECTION('',(5.623375795936E-8,-2.322689867710E-7,1.E0));
#1422=VECTOR('',#1421,6.623378762307E-1);
#1423=CARTESIAN_POINT('',(-1.093000003725E1,2.100000153841E0,
-4.062337876231E0));
#1424=LINE('',#1423,#1422);
#1425=DIRECTION('',(0.E0,-1.E0,0.E0));
#1426=VECTOR('',#1425,1.7E0);
#1427=CARTESIAN_POINT('',(-1.093E1,2.1E0,-3.4E0));
#1428=LINE('',#1427,#1426);
#1429=DIRECTION('',(1.E0,0.E0,0.E0));
#1430=VECTOR('',#1429,1.04E0);
#1431=CARTESIAN_POINT('',(-1.197E1,1.2E0,-3.95E0));
#1432=LINE('',#1431,#1430);
#1433=DIRECTION('',(0.E0,-1.E0,0.E0));
#1434=VECTOR('',#1433,8.E-1);
#1435=CARTESIAN_POINT('',(-1.093E1,1.2E0,-3.95E0));
#1436=LINE('',#1435,#1434);
#1437=DIRECTION('',(0.E0,7.071067811865E-1,-7.071067811865E-1));
#1438=VECTOR('',#1437,1.588695349089E-1);
#1439=CARTESIAN_POINT('',(-1.197E1,1.2E0,-3.95E0));
#1440=LINE('',#1439,#1438);
#1441=CARTESIAN_POINT('',(-1.197E1,1.312337725458E0,-4.062337725458E0));
#1442=CARTESIAN_POINT('',(-1.206642701142E1,1.335794211796E0,
-4.085794211796E0));
#1443=CARTESIAN_POINT('',(-1.215911576245E1,1.365211479237E0,
-4.115211479237E0));
#1444=CARTESIAN_POINT('',(-1.224843597113E1,1.4E0,-4.15E0));
#1446=CARTESIAN_POINT('',(-1.065156402887E1,1.4E0,-4.15E0));
#1447=CARTESIAN_POINT('',(-1.074088423755E1,1.365211479237E0,
-4.115211479237E0));
#1448=CARTESIAN_POINT('',(-1.083357298858E1,1.335794211796E0,
-4.085794211796E0));
#1449=CARTESIAN_POINT('',(-1.093E1,1.312337725458E0,-4.062337725458E0));
#1451=DIRECTION('',(0.E0,-7.071067811865E-1,7.071067811865E-1));
#1452=VECTOR('',#1451,1.588695349089E-1);
#1453=CARTESIAN_POINT('',(-1.093E1,1.312337725458E0,-4.062337725458E0));
#1454=LINE('',#1453,#1452);
#1455=DIRECTION('',(0.E0,-1.E0,0.E0));
#1456=VECTOR('',#1455,8.E-1);
#1457=CARTESIAN_POINT('',(-1.197E1,1.2E0,-3.95E0));
#1458=LINE('',#1457,#1456);
#1459=DIRECTION('',(0.E0,1.E0,0.E0));
#1460=VECTOR('',#1459,1.7E0);
#1461=CARTESIAN_POINT('',(-1.197E1,4.E-1,-3.4E0));
#1462=LINE('',#1461,#1460);
#1463=DIRECTION('',(-3.420075827328E-6,-1.447529125807E-5,-9.999999998894E-1));
#1464=VECTOR('',#1463,6.623284113198E-1);
#1465=CARTESIAN_POINT('',(-1.197E1,2.1E0,-3.4E0));
#1466=LINE('',#1465,#1464);
#1467=DIRECTION('',(-2.875903842021E-6,9.999999999259E-1,1.182527738100E-5));
#1468=VECTOR('',#1467,7.876526872036E-1);
#1469=CARTESIAN_POINT('',(-1.197E1,1.312337725458E0,-4.062337725458E0));
#1470=LINE('',#1469,#1468);
#1471=CARTESIAN_POINT('',(-1.145E1,2.099923308933E0,-6.2E0));
#1472=DIRECTION('',(0.E0,-1.E0,0.E0));
#1473=DIRECTION('',(-2.363636363636E-1,0.E0,9.716646702464E-1));
#1474=AXIS2_PLACEMENT_3D('',#1471,#1472,#1473);
#1476=DIRECTION('',(1.626471108239E-5,-9.999999998333E-1,-8.300050618545E-6));
#1477=VECTOR('',#1476,6.999872178266E-1);
#1478=CARTESIAN_POINT('',(-1.340960317932E1,2.099987217710E0,
-5.199994190071E0));
#1479=LINE('',#1478,#1477);
#1480=CARTESIAN_POINT('',(-1.355001220089E1,2.399985474225E0,
-4.843526123277E0));
#1481=CARTESIAN_POINT('',(-1.355001220089E1,2.367850166740E0,
-4.902754345495E0));
#1482=CARTESIAN_POINT('',(-1.354999389956E1,2.306423051312E0,
-5.021241665731E0));
#1483=CARTESIAN_POINT('',(-1.355E1,2.251531161028E0,-5.140287364111E0));
#1484=CARTESIAN_POINT('',(-1.355E1,2.225859588617E0,-5.2E0));
#1486=DIRECTION('',(2.519008933598E-6,2.999008315022E-6,9.999999999923E-1));
#1487=VECTOR('',#1486,4.843526123314E0);
#1488=CARTESIAN_POINT('',(-1.355001220089E1,2.399985474225E0,
-4.843526123277E0));
#1489=LINE('',#1488,#1487);
#1490=DIRECTION('',(1.850497328968E-6,2.202885253702E-6,9.999999999959E-1));
#1491=VECTOR('',#1490,1.943536326778E0);
#1492=CARTESIAN_POINT('',(-1.355E1,2.4E0,-9.5E0));
#1493=LINE('',#1492,#1491);
#1494=CARTESIAN_POINT('',(-1.355E1,2.225964570754E0,-7.2E0));
#1495=CARTESIAN_POINT('',(-1.355E1,2.251699456173E0,-7.259857201553E0));
#1496=CARTESIAN_POINT('',(-1.355000179825E1,2.306703338912E0,
-7.379017751544E0));
#1497=CARTESIAN_POINT('',(-1.354999640349E1,2.367951897983E0,
-7.497390953865E0));
#1498=CARTESIAN_POINT('',(-1.354999640349E1,2.400004281388E0,
-7.556463673230E0));
#1500=DIRECTION('',(0.E0,-1.E0,0.E0));
#1501=VECTOR('',#1500,8.259645707537E-1);
#1502=CARTESIAN_POINT('',(-1.355E1,2.225964570754E0,-7.2E0));
#1503=LINE('',#1502,#1501);
#1504=DIRECTION('',(0.E0,0.E0,-1.E0));
#1505=VECTOR('',#1504,2.E0);
#1506=CARTESIAN_POINT('',(-1.355E1,1.4E0,-5.2E0));
#1507=LINE('',#1506,#1505);
#1508=DIRECTION('',(0.E0,-1.E0,0.E0));
#1509=VECTOR('',#1508,8.258595886169E-1);
#1510=CARTESIAN_POINT('',(-1.355E1,2.225859588617E0,-5.2E0));
#1511=LINE('',#1510,#1509);
#1512=CARTESIAN_POINT('',(-1.145E1,4.E-1,-6.2E0));
#1513=DIRECTION('',(0.E0,1.E0,0.E0));
#1514=DIRECTION('',(1.E0,0.E0,0.E0));
#1515=AXIS2_PLACEMENT_3D('',#1512,#1513,#1514);
#1517=CARTESIAN_POINT('',(-1.145E1,4.E-1,-6.2E0));
#1518=DIRECTION('',(0.E0,1.E0,0.E0));
#1519=DIRECTION('',(-1.E0,0.E0,0.E0));
#1520=AXIS2_PLACEMENT_3D('',#1517,#1518,#1519);
#1522=DIRECTION('',(0.E0,0.E0,1.E0));
#1523=VECTOR('',#1522,9.5E0);
#1524=CARTESIAN_POINT('',(-1.355E1,4.E-1,-9.5E0));
#1525=LINE('',#1524,#1523);
#1526=DIRECTION('',(0.E0,0.E0,1.E0));
#1527=VECTOR('',#1526,7.E0);
#1528=CARTESIAN_POINT('',(-9.35E0,4.E-1,-9.5E0));
#1529=LINE('',#1528,#1527);
#1530=DIRECTION('',(0.E0,0.E0,1.E0));
#1531=VECTOR('',#1530,5.5E-1);
#1532=CARTESIAN_POINT('',(-1.197E1,4.E-1,-9.E0));
#1533=LINE('',#1532,#1531);
#1534=DIRECTION('',(-1.E0,0.E0,0.E0));
#1535=VECTOR('',#1534,1.04E0);
#1536=CARTESIAN_POINT('',(-1.093E1,4.E-1,-9.E0));
#1537=LINE('',#1536,#1535);
#1538=DIRECTION('',(0.E0,0.E0,-1.E0));
#1539=VECTOR('',#1538,5.5E-1);
#1540=CARTESIAN_POINT('',(-1.093E1,4.E-1,-8.45E0));
#1541=LINE('',#1540,#1539);
#1542=DIRECTION('',(1.E0,0.E0,0.E0));
#1543=VECTOR('',#1542,1.04E0);
#1544=CARTESIAN_POINT('',(-1.197E1,4.E-1,-8.45E0));
#1545=LINE('',#1544,#1543);
#1546=DIRECTION('',(1.E0,0.E0,0.E0));
#1547=VECTOR('',#1546,1.04E0);
#1548=CARTESIAN_POINT('',(-1.197E1,4.E-1,-3.4E0));
#1549=LINE('',#1548,#1547);
#1550=DIRECTION('',(0.E0,0.E0,1.E0));
#1551=VECTOR('',#1550,5.5E-1);
#1552=CARTESIAN_POINT('',(-1.197E1,4.E-1,-3.95E0));
#1553=LINE('',#1552,#1551);
#1554=DIRECTION('',(-1.E0,0.E0,0.E0));
#1555=VECTOR('',#1554,1.04E0);
#1556=CARTESIAN_POINT('',(-1.093E1,4.E-1,-3.95E0));
#1557=LINE('',#1556,#1555);
#1558=DIRECTION('',(0.E0,0.E0,-1.E0));
#1559=VECTOR('',#1558,5.5E-1);
#1560=CARTESIAN_POINT('',(-1.093E1,4.E-1,-3.4E0));
#1561=LINE('',#1560,#1559);
#1562=CARTESIAN_POINT('',(-1.145E1,1.200004819401E0,-6.2E0));
#1563=DIRECTION('',(0.E0,1.E0,0.E0));
#1564=DIRECTION('',(1.E0,0.E0,0.E0));
#1565=AXIS2_PLACEMENT_3D('',#1562,#1563,#1564);
#1567=DIRECTION('',(1.090922905374E-5,-9.999999999405E-1,1.689443480764E-9));
#1568=VECTOR('',#1567,8.000087237935E-1);
#1569=CARTESIAN_POINT('',(-1.018500872748E1,1.200008723746E0,
-6.200000001352E0));
#1570=LINE('',#1569,#1568);
#1571=DIRECTION('',(7.070899945246E-1,7.071235674499E-1,-2.600164189413E-9));
#1572=VECTOR('',#1571,2.828427111182E-1);
#1573=CARTESIAN_POINT('',(-1.018500872748E1,1.200008723746E0,
-6.200000001352E0));
#1574=LINE('',#1573,#1572);
#1575=DIRECTION('',(-7.070899945246E-1,7.071235674500E-1,2.600164189413E-9));
#1576=VECTOR('',#1575,2.828427111182E-1);
#1577=CARTESIAN_POINT('',(-1.271499127252E1,1.200008723746E0,
-6.199999998648E0));
#1578=LINE('',#1577,#1576);
#1579=CARTESIAN_POINT('',(-1.145E1,1.200004819401E0,-6.2E0));
#1580=DIRECTION('',(0.E0,1.E0,0.E0));
#1581=DIRECTION('',(-1.E0,0.E0,0.E0));
#1582=AXIS2_PLACEMENT_3D('',#1579,#1580,#1581);
#1584=DIRECTION('',(-1.090922905374E-5,-9.999999999405E-1,-1.689436819498E-9));
#1585=VECTOR('',#1584,8.000087237935E-1);
#1586=CARTESIAN_POINT('',(-1.271499127252E1,1.200008723746E0,
-6.199999998648E0));
#1587=LINE('',#1586,#1585);
#1588=DIRECTION('',(0.E0,-1.E0,0.E0));
#1589=VECTOR('',#1588,2.8E0);
#1590=CARTESIAN_POINT('',(-9.35E0,4.E-1,-2.5E0));
#1591=LINE('',#1590,#1589);
#1592=DIRECTION('',(0.E0,0.E0,1.E0));
#1593=VECTOR('',#1592,2.5E0);
#1594=CARTESIAN_POINT('',(-9.35E0,4.E-1,-2.5E0));
#1595=LINE('',#1594,#1593);
#1596=DIRECTION('',(8.486522486328E-7,9.999999999936E-1,3.486503820447E-6));
#1597=VECTOR('',#1596,7.876650998103E-1);
#1598=CARTESIAN_POINT('',(-1.197E1,1.312337725458E0,-8.337662274542E0));
#1599=LINE('',#1598,#1597);
#1600=DIRECTION('',(-1.009229824725E-6,-4.265575465246E-6,-9.999999999904E-1));
#1601=VECTOR('',#1600,6.623404716618E-1);
#1602=CARTESIAN_POINT('',(-1.196999933155E1,2.100002825263E0,
-8.337659528345E0));
#1603=LINE('',#1602,#1601);
#1604=DIRECTION('',(-1.E0,0.E0,0.E0));
#1605=VECTOR('',#1604,1.04E0);
#1606=CARTESIAN_POINT('',(-1.093E1,1.2E0,-8.45E0));
#1607=LINE('',#1606,#1605);
#1608=DIRECTION('',(0.E0,-1.E0,0.E0));
#1609=VECTOR('',#1608,8.E-1);
#1610=CARTESIAN_POINT('',(-1.197E1,1.2E0,-8.45E0));
#1611=LINE('',#1610,#1609);
#1612=DIRECTION('',(0.E0,7.071067811865E-1,7.071067811865E-1));
#1613=VECTOR('',#1612,1.588695349089E-1);
#1614=CARTESIAN_POINT('',(-1.093E1,1.2E0,-8.45E0));
#1615=LINE('',#1614,#1613);
#1616=CARTESIAN_POINT('',(-1.093E1,1.312337725458E0,-8.337662274542E0));
#1617=CARTESIAN_POINT('',(-1.083357298858E1,1.335794211796E0,
-8.314205788204E0));
#1618=CARTESIAN_POINT('',(-1.074088423755E1,1.365211479237E0,
-8.284788520763E0));
#1619=CARTESIAN_POINT('',(-1.065156402887E1,1.4E0,-8.25E0));
#1621=CARTESIAN_POINT('',(-1.224843597113E1,1.4E0,-8.25E0));
#1622=CARTESIAN_POINT('',(-1.215911576245E1,1.365211479237E0,
-8.284788520763E0));
#1623=CARTESIAN_POINT('',(-1.206642701142E1,1.335794211796E0,
-8.314205788204E0));
#1624=CARTESIAN_POINT('',(-1.197E1,1.312337725458E0,-8.337662274542E0));
#1626=DIRECTION('',(0.E0,-7.071067811866E-1,-7.071067811865E-1));
#1627=VECTOR('',#1626,1.588695349089E-1);
#1628=CARTESIAN_POINT('',(-1.197E1,1.312337725458E0,-8.337662274542E0));
#1629=LINE('',#1628,#1627);
#1630=DIRECTION('',(0.E0,-1.E0,0.E0));
#1631=VECTOR('',#1630,8.E-1);
#1632=CARTESIAN_POINT('',(-1.093E1,1.2E0,-8.45E0));
#1633=LINE('',#1632,#1631);
#1634=DIRECTION('',(3.452567982101E-6,-1.461242275535E-5,9.999999998873E-1));
#1635=VECTOR('',#1634,6.623283229972E-1);
#1636=CARTESIAN_POINT('',(-1.093E1,2.1E0,-9.E0));
#1637=LINE('',#1636,#1635);
#1638=DIRECTION('',(2.903226082321E-6,9.999999999245E-1,-1.193741449812E-5));
#1639=VECTOR('',#1638,7.876525963800E-1);
#1640=CARTESIAN_POINT('',(-1.093E1,1.312337725458E0,-8.337662274542E0));
#1641=LINE('',#1640,#1639);
#1642=CARTESIAN_POINT('',(-1.145E1,2.099922582027E0,-6.2E0));
#1643=DIRECTION('',(0.E0,-1.E0,0.E0));
#1644=DIRECTION('',(2.363636363636E-1,0.E0,-9.716646702464E-1));
#1645=AXIS2_PLACEMENT_3D('',#1642,#1643,#1644);
#1647=DIRECTION('',(-1.641887666984E-5,-9.999999998301E-1,8.378722914088E-6));
#1648=VECTOR('',#1647,6.999870966694E-1);
#1649=CARTESIAN_POINT('',(-9.490396712772E0,2.099987096550E0,
-7.200005864998E0));
#1650=LINE('',#1649,#1648);
#1651=CARTESIAN_POINT('',(-9.35E0,2.225858820099E0,-7.2E0));
#1652=CARTESIAN_POINT('',(-9.373771907887E0,2.204396858284E0,-7.2E0));
#1653=CARTESIAN_POINT('',(-9.420923564384E0,2.161934426513E0,
-7.199997067501E0));
#1654=CARTESIAN_POINT('',(-9.467376945660E0,2.120490623523E0,
-7.200005864998E0));
#1655=CARTESIAN_POINT('',(-9.490396712772E0,2.099987096550E0,
-7.200005864998E0));
#1657=CARTESIAN_POINT('',(-1.092999771327E1,2.099990321779E0,
-8.337671677078E0));
#1658=CARTESIAN_POINT('',(-1.089842570890E1,2.131562326145E0,
-8.362485424479E0));
#1659=CARTESIAN_POINT('',(-1.083414404100E1,2.195858946333E0,
-8.412241060082E0));
#1660=CARTESIAN_POINT('',(-1.073415413679E1,2.295853354964E0,
-8.486921218606E0));
#1661=CARTESIAN_POINT('',(-1.066509367314E1,2.364886854547E0,
-8.536755297788E0));
#1662=CARTESIAN_POINT('',(-1.062999519070E1,2.399985336989E0,
-8.561724040874E0));
#1664=DIRECTION('',(5.773502691896E-1,5.773502691896E-1,-5.773502691896E-1));
#1665=VECTOR('',#1664,5.196152422707E-1);
#1666=CARTESIAN_POINT('',(-1.093E1,2.1E0,-9.E0));
#1667=LINE('',#1666,#1665);
#1668=DIRECTION('',(1.E0,0.E0,0.E0));
#1669=VECTOR('',#1668,1.04E0);
#1670=CARTESIAN_POINT('',(-1.197E1,2.1E0,-9.E0));
#1671=LINE('',#1670,#1669);
#1672=DIRECTION('',(0.E0,-1.E0,0.E0));
#1673=VECTOR('',#1672,1.7E0);
#1674=CARTESIAN_POINT('',(-1.093E1,2.1E0,-9.E0));
#1675=LINE('',#1674,#1673);
#1676=DIRECTION('',(0.E0,1.E0,0.E0));
#1677=VECTOR('',#1676,1.7E0);
#1678=CARTESIAN_POINT('',(-1.197E1,4.E-1,-9.E0));
#1679=LINE('',#1678,#1677);
#1680=DIRECTION('',(-5.773502691896E-1,5.773502691896E-1,-5.773502691896E-1));
#1681=VECTOR('',#1680,5.196152422707E-1);
#1682=CARTESIAN_POINT('',(-1.197E1,2.1E0,-9.E0));
#1683=LINE('',#1682,#1681);
#1684=CARTESIAN_POINT('',(-1.196999933155E1,2.100002825263E0,
-8.337659528345E0));
#1685=CARTESIAN_POINT('',(-1.200157139759E1,2.131574891303E0,
-8.362471846869E0));
#1686=CARTESIAN_POINT('',(-1.206589819641E1,2.195897324124E0,
-8.412133185568E0));
#1687=CARTESIAN_POINT('',(-1.216589338180E1,2.295891194214E0,
-8.486813858623E0));
#1688=CARTESIAN_POINT('',(-1.223490005714E1,2.364905743020E0,
-8.536718529224E0));
#1689=CARTESIAN_POINT('',(-1.226999859564E1,2.400004281527E0,
-8.561685622917E0));
#1691=CARTESIAN_POINT('',(-1.340958843817E1,2.100003767744E0,
-7.199998287372E0));
#1692=CARTESIAN_POINT('',(-1.343261221701E1,2.120511800330E0,
-7.199998287372E0));
#1693=CARTESIAN_POINT('',(-1.347902578946E1,2.162026908079E0,
-7.200000856314E0));
#1694=CARTESIAN_POINT('',(-1.352621569082E1,2.204490436367E0,-7.2E0));
#1695=CARTESIAN_POINT('',(-1.355E1,2.225964570754E0,-7.2E0));
#1697=DIRECTION('',(-4.794334755087E-6,-9.999999999855E-1,-2.446598713148E-6));
#1698=VECTOR('',#1697,7.000037677537E-1);
#1699=CARTESIAN_POINT('',(-1.340958843817E1,2.100003767744E0,
-7.199998287372E0));
#1700=LINE('',#1699,#1698);
#1701=CARTESIAN_POINT('',(-1.145E1,2.100022606694E0,-6.2E0));
#1702=DIRECTION('',(0.E0,-1.E0,0.E0));
#1703=DIRECTION('',(-8.907235428302E-1,0.E0,-4.545454545455E-1));
#1704=AXIS2_PLACEMENT_3D('',#1701,#1702,#1703);
#1706=DIRECTION('',(-1.E0,0.E0,0.E0));
#1707=VECTOR('',#1706,1.04E0);
#1708=CARTESIAN_POINT('',(-1.093E1,2.1E0,-3.4E0));
#1709=LINE('',#1708,#1707);
#1710=DIRECTION('',(-5.773502691896E-1,5.773502691896E-1,5.773502691896E-1));
#1711=VECTOR('',#1710,5.196152422707E-1);
#1712=CARTESIAN_POINT('',(-1.197E1,2.1E0,-3.4E0));
#1713=LINE('',#1712,#1711);
#1714=CARTESIAN_POINT('',(-1.197000226521E1,2.099990412603E0,
-4.062328411247E0));
#1715=CARTESIAN_POINT('',(-1.200157426997E1,2.131562417359E0,
-4.037514674275E0));
#1716=CARTESIAN_POINT('',(-1.206585626612E1,2.195859225405E0,
-3.987759723761E0));
#1717=CARTESIAN_POINT('',(-1.216584620839E1,2.295853629798E0,
-3.913079561765E0));
#1718=CARTESIAN_POINT('',(-1.223490628136E1,2.364886991890E0,
-3.863244969330E0));
#1719=CARTESIAN_POINT('',(-1.227000476414E1,2.399985474670E0,
-3.838276238281E0));
#1721=DIRECTION('',(5.773502691896E-1,5.773502691896E-1,5.773502691896E-1));
#1722=VECTOR('',#1721,5.196152422707E-1);
#1723=CARTESIAN_POINT('',(-1.093E1,2.1E0,-3.4E0));
#1724=LINE('',#1723,#1722);
#1725=CARTESIAN_POINT('',(-1.355E1,2.225859588617E0,-5.2E0));
#1726=CARTESIAN_POINT('',(-1.352622803045E1,2.204397564034E0,-5.2E0));
#1727=CARTESIAN_POINT('',(-1.347907612466E1,2.161935149841E0,
-5.200002904965E0));
#1728=CARTESIAN_POINT('',(-1.343262300407E1,2.120490802803E0,
-5.199994190071E0));
#1729=CARTESIAN_POINT('',(-1.340960317932E1,2.099987217710E0,
-5.199994190071E0));
#1731=DIRECTION('',(-1.E0,0.E0,0.E0));
#1732=VECTOR('',#1731,1.04E0);
#1733=CARTESIAN_POINT('',(1.197E1,2.1E0,-3.4E0));
#1734=LINE('',#1733,#1732);
#1735=DIRECTION('',(0.E0,-1.E0,0.E0));
#1736=VECTOR('',#1735,1.7E0);
#1737=CARTESIAN_POINT('',(1.093E1,2.1E0,-3.4E0));
#1738=LINE('',#1737,#1736);
#1739=DIRECTION('',(0.E0,1.E0,0.E0));
#1740=VECTOR('',#1739,1.7E0);
#1741=CARTESIAN_POINT('',(1.197E1,4.E-1,-3.4E0));
#1742=LINE('',#1741,#1740);
#1743=DIRECTION('',(-5.773502691896E-1,5.773502691896E-1,5.773502691896E-1));
#1744=VECTOR('',#1743,5.196152422707E-1);
#1745=CARTESIAN_POINT('',(1.093E1,2.1E0,-3.4E0));
#1746=LINE('',#1745,#1744);
#1747=CARTESIAN_POINT('',(1.092999771327E1,2.099990321779E0,-4.062328322922E0));
#1748=CARTESIAN_POINT('',(1.089842570890E1,2.131562326145E0,-4.037514575521E0));
#1749=CARTESIAN_POINT('',(1.083414404100E1,2.195858946333E0,-3.987758939918E0));
#1750=CARTESIAN_POINT('',(1.073415413679E1,2.295853354964E0,-3.913078781394E0));
#1751=CARTESIAN_POINT('',(1.066509367314E1,2.364886854547E0,-3.863244702212E0));
#1752=CARTESIAN_POINT('',(1.062999519070E1,2.399985336989E0,-3.838275959126E0));
#1754=DIRECTION('',(5.773502691896E-1,5.773502691896E-1,5.773502691896E-1));
#1755=VECTOR('',#1754,5.196152422707E-1);
#1756=CARTESIAN_POINT('',(1.197E1,2.1E0,-3.4E0));
#1757=LINE('',#1756,#1755);
#1758=DIRECTION('',(0.E0,0.E0,-1.E0));
#1759=VECTOR('',#1758,2.E-1);
#1760=CARTESIAN_POINT('',(-7.85E0,-2.2E0,-2.5E0));
#1761=LINE('',#1760,#1759);
#1762=DIRECTION('',(0.E0,1.E0,0.E0));
#1763=VECTOR('',#1762,2.9E0);
#1764=CARTESIAN_POINT('',(-7.85E0,-2.2E0,-2.7E0));
#1765=LINE('',#1764,#1763);
#1766=DIRECTION('',(0.E0,0.E0,-1.E0));
#1767=VECTOR('',#1766,1.E0);
#1768=CARTESIAN_POINT('',(-7.85E0,7.E-1,-2.7E0));
#1769=LINE('',#1768,#1767);
#1770=DIRECTION('',(0.E0,-1.E0,0.E0));
#1771=VECTOR('',#1770,3.E-1);
#1772=CARTESIAN_POINT('',(-7.85E0,7.E-1,-3.7E0));
#1773=LINE('',#1772,#1771);
#1774=DIRECTION('',(0.E0,0.E0,-1.E0));
#1775=VECTOR('',#1774,8.E-1);
#1776=CARTESIAN_POINT('',(-7.85E0,4.E-1,-3.7E0));
#1777=LINE('',#1776,#1775);
#1778=DIRECTION('',(0.E0,1.E0,0.E0));
#1779=VECTOR('',#1778,5.E-2);
#1780=CARTESIAN_POINT('',(-7.85E0,4.E-1,-4.5E0));
#1781=LINE('',#1780,#1779);
#1782=CARTESIAN_POINT('',(-7.85E0,4.5E-1,-4.6E0));
#1783=DIRECTION('',(-1.E0,0.E0,0.E0));
#1784=DIRECTION('',(0.E0,0.E0,1.E0));
#1785=AXIS2_PLACEMENT_3D('',#1782,#1783,#1784);
#1787=DIRECTION('',(0.E0,0.E0,-1.E0));
#1788=VECTOR('',#1787,1.E-1);
#1789=CARTESIAN_POINT('',(-7.85E0,5.5E-1,-4.6E0));
#1790=LINE('',#1789,#1788);
#1791=CARTESIAN_POINT('',(-7.85E0,4.5E-1,-4.7E0));
#1792=DIRECTION('',(-1.E0,0.E0,0.E0));
#1793=DIRECTION('',(0.E0,1.E0,0.E0));
#1794=AXIS2_PLACEMENT_3D('',#1791,#1792,#1793);
#1796=DIRECTION('',(0.E0,-1.E0,0.E0));
#1797=VECTOR('',#1796,5.E-1);
#1798=CARTESIAN_POINT('',(-7.85E0,4.5E-1,-4.8E0));
#1799=LINE('',#1798,#1797);
#1800=CARTESIAN_POINT('',(-7.85E0,-4.999999999999E-2,-5.15E0));
#1801=DIRECTION('',(1.E0,0.E0,0.E0));
#1802=DIRECTION('',(0.E0,0.E0,1.E0));
#1803=AXIS2_PLACEMENT_3D('',#1800,#1801,#1802);
#1805=DIRECTION('',(0.E0,1.E0,0.E0));
#1806=VECTOR('',#1805,5.E-1);
#1807=CARTESIAN_POINT('',(-7.85E0,-4.999999999999E-2,-5.5E0));
#1808=LINE('',#1807,#1806);
#1809=CARTESIAN_POINT('',(-7.85E0,4.5E-1,-5.6E0));
#1810=DIRECTION('',(-1.E0,0.E0,0.E0));
#1811=DIRECTION('',(0.E0,0.E0,1.E0));
#1812=AXIS2_PLACEMENT_3D('',#1809,#1810,#1811);
#1814=DIRECTION('',(0.E0,0.E0,-1.E0));
#1815=VECTOR('',#1814,1.E-1);
#1816=CARTESIAN_POINT('',(-7.85E0,5.5E-1,-5.6E0));
#1817=LINE('',#1816,#1815);
#1818=CARTESIAN_POINT('',(-7.85E0,4.5E-1,-5.7E0));
#1819=DIRECTION('',(-1.E0,0.E0,0.E0));
#1820=DIRECTION('',(0.E0,1.E0,0.E0));
#1821=AXIS2_PLACEMENT_3D('',#1818,#1819,#1820);
#1823=DIRECTION('',(0.E0,-1.E0,0.E0));
#1824=VECTOR('',#1823,5.E-2);
#1825=CARTESIAN_POINT('',(-7.85E0,4.5E-1,-5.8E0));
#1826=LINE('',#1825,#1824);
#1827=DIRECTION('',(0.E0,0.E0,-1.E0));
#1828=VECTOR('',#1827,9.E-1);
#1829=CARTESIAN_POINT('',(-7.85E0,4.E-1,-5.8E0));
#1830=LINE('',#1829,#1828);
#1831=DIRECTION('',(0.E0,1.E0,0.E0));
#1832=VECTOR('',#1831,3.465346024042E-1);
#1833=CARTESIAN_POINT('',(-7.85E0,4.E-1,-6.7E0));
#1834=LINE('',#1833,#1832);
#1835=CARTESIAN_POINT('',(-7.85E0,7.465346024042E-1,-6.5E0));
#1836=DIRECTION('',(1.E0,0.E0,0.E0));
#1837=DIRECTION('',(0.E0,0.E0,-1.E0));
#1838=AXIS2_PLACEMENT_3D('',#1835,#1836,#1837);
#1840=DIRECTION('',(0.E0,2.588190451025E-1,9.659258262891E-1));
#1841=VECTOR('',#1840,1.712560006189E0);
#1842=CARTESIAN_POINT('',(-7.85E0,9.397197676620E-1,-6.551763809021E0));
#1843=LINE('',#1842,#1841);
#1844=CARTESIAN_POINT('',(-7.85E0,9.E-1,-4.768148347422E0));
#1845=DIRECTION('',(1.E0,0.E0,0.E0));
#1846=DIRECTION('',(0.E0,9.659258262891E-1,-2.588190451025E-1));
#1847=AXIS2_PLACEMENT_3D('',#1844,#1845,#1846);
#1849=DIRECTION('',(0.E0,0.E0,1.E0));
#1850=VECTOR('',#1849,1.468148347422E0);
#1851=CARTESIAN_POINT('',(-7.85E0,1.4E0,-4.768148347422E0));
#1852=LINE('',#1851,#1850);
#1853=DIRECTION('',(0.E0,1.E0,0.E0));
#1854=VECTOR('',#1853,4.E-1);
#1855=CARTESIAN_POINT('',(-7.85E0,1.4E0,-3.3E0));
#1856=LINE('',#1855,#1854);
#1857=DIRECTION('',(0.E0,0.E0,1.E0));
#1858=VECTOR('',#1857,4.05E0);
#1859=CARTESIAN_POINT('',(-7.85E0,1.2E0,0.E0));
#1860=LINE('',#1859,#1858);
#1861=CARTESIAN_POINT('',(-7.85E0,7.E-1,4.05E0));
#1862=DIRECTION('',(1.E0,0.E0,0.E0));
#1863=DIRECTION('',(0.E0,1.E0,0.E0));
#1864=AXIS2_PLACEMENT_3D('',#1861,#1862,#1863);
#1866=DIRECTION('',(0.E0,-1.E0,0.E0));
#1867=VECTOR('',#1866,1.4E0);
#1868=CARTESIAN_POINT('',(-7.85E0,7.E-1,4.55E0));
#1869=LINE('',#1868,#1867);
#1870=CARTESIAN_POINT('',(-7.85E0,-7.E-1,4.05E0));
#1871=DIRECTION('',(1.E0,0.E0,0.E0));
#1872=DIRECTION('',(0.E0,0.E0,1.E0));
#1873=AXIS2_PLACEMENT_3D('',#1870,#1871,#1872);
#1875=DIRECTION('',(0.E0,0.E0,-1.E0));
#1876=VECTOR('',#1875,4.05E0);
#1877=CARTESIAN_POINT('',(-7.85E0,-1.2E0,4.05E0));
#1878=LINE('',#1877,#1876);
#1879=DIRECTION('',(0.E0,1.E0,0.E0));
#1880=VECTOR('',#1879,4.E-1);
#1881=CARTESIAN_POINT('',(-7.15E0,1.4E0,-3.3E0));
#1882=LINE('',#1881,#1880);
#1883=DIRECTION('',(0.E0,0.E0,1.E0));
#1884=VECTOR('',#1883,1.468148347422E0);
#1885=CARTESIAN_POINT('',(-7.15E0,1.4E0,-4.768148347422E0));
#1886=LINE('',#1885,#1884);
#1887=CARTESIAN_POINT('',(-7.15E0,9.E-1,-4.768148347422E0));
#1888=DIRECTION('',(1.E0,0.E0,0.E0));
#1889=DIRECTION('',(0.E0,9.659258262891E-1,-2.588190451025E-1));
#1890=AXIS2_PLACEMENT_3D('',#1887,#1888,#1889);
#1892=DIRECTION('',(0.E0,2.588190451025E-1,9.659258262891E-1));
#1893=VECTOR('',#1892,1.712560006189E0);
#1894=CARTESIAN_POINT('',(-7.15E0,9.397197676620E-1,-6.551763809021E0));
#1895=LINE('',#1894,#1893);
#1896=CARTESIAN_POINT('',(-7.15E0,7.465346024042E-1,-6.5E0));
#1897=DIRECTION('',(1.E0,0.E0,0.E0));
#1898=DIRECTION('',(0.E0,0.E0,-1.E0));
#1899=AXIS2_PLACEMENT_3D('',#1896,#1897,#1898);
#1901=DIRECTION('',(0.E0,1.E0,0.E0));
#1902=VECTOR('',#1901,3.465346024042E-1);
#1903=CARTESIAN_POINT('',(-7.15E0,4.E-1,-6.7E0));
#1904=LINE('',#1903,#1902);
#1905=DIRECTION('',(0.E0,0.E0,-1.E0));
#1906=VECTOR('',#1905,9.E-1);
#1907=CARTESIAN_POINT('',(-7.15E0,4.E-1,-5.8E0));
#1908=LINE('',#1907,#1906);
#1909=DIRECTION('',(0.E0,-1.E0,0.E0));
#1910=VECTOR('',#1909,5.E-2);
#1911=CARTESIAN_POINT('',(-7.15E0,4.5E-1,-5.8E0));
#1912=LINE('',#1911,#1910);
#1913=CARTESIAN_POINT('',(-7.15E0,4.5E-1,-5.7E0));
#1914=DIRECTION('',(-1.E0,0.E0,0.E0));
#1915=DIRECTION('',(0.E0,1.E0,0.E0));
#1916=AXIS2_PLACEMENT_3D('',#1913,#1914,#1915);
#1918=DIRECTION('',(0.E0,0.E0,-1.E0));
#1919=VECTOR('',#1918,1.E-1);
#1920=CARTESIAN_POINT('',(-7.15E0,5.5E-1,-5.6E0));
#1921=LINE('',#1920,#1919);
#1922=CARTESIAN_POINT('',(-7.15E0,4.5E-1,-5.6E0));
#1923=DIRECTION('',(-1.E0,0.E0,0.E0));
#1924=DIRECTION('',(0.E0,0.E0,1.E0));
#1925=AXIS2_PLACEMENT_3D('',#1922,#1923,#1924);
#1927=DIRECTION('',(0.E0,1.E0,0.E0));
#1928=VECTOR('',#1927,5.E-1);
#1929=CARTESIAN_POINT('',(-7.15E0,-4.999999999999E-2,-5.5E0));
#1930=LINE('',#1929,#1928);
#1931=CARTESIAN_POINT('',(-7.15E0,-4.999999999999E-2,-5.15E0));
#1932=DIRECTION('',(1.E0,0.E0,0.E0));
#1933=DIRECTION('',(0.E0,0.E0,1.E0));
#1934=AXIS2_PLACEMENT_3D('',#1931,#1932,#1933);
#1936=DIRECTION('',(0.E0,-1.E0,0.E0));
#1937=VECTOR('',#1936,5.E-1);
#1938=CARTESIAN_POINT('',(-7.15E0,4.5E-1,-4.8E0));
#1939=LINE('',#1938,#1937);
#1940=CARTESIAN_POINT('',(-7.15E0,4.5E-1,-4.7E0));
#1941=DIRECTION('',(-1.E0,0.E0,0.E0));
#1942=DIRECTION('',(0.E0,1.E0,0.E0));
#1943=AXIS2_PLACEMENT_3D('',#1940,#1941,#1942);
#1945=DIRECTION('',(0.E0,0.E0,-1.E0));
#1946=VECTOR('',#1945,1.E-1);
#1947=CARTESIAN_POINT('',(-7.15E0,5.5E-1,-4.6E0));
#1948=LINE('',#1947,#1946);
#1949=CARTESIAN_POINT('',(-7.15E0,4.5E-1,-4.6E0));
#1950=DIRECTION('',(-1.E0,0.E0,0.E0));
#1951=DIRECTION('',(0.E0,0.E0,1.E0));
#1952=AXIS2_PLACEMENT_3D('',#1949,#1950,#1951);
#1954=DIRECTION('',(0.E0,1.E0,0.E0));
#1955=VECTOR('',#1954,5.E-2);
#1956=CARTESIAN_POINT('',(-7.15E0,4.E-1,-4.5E0));
#1957=LINE('',#1956,#1955);
#1958=DIRECTION('',(0.E0,0.E0,-1.E0));
#1959=VECTOR('',#1958,8.E-1);
#1960=CARTESIAN_POINT('',(-7.15E0,4.E-1,-3.7E0));
#1961=LINE('',#1960,#1959);
#1962=DIRECTION('',(0.E0,-1.E0,0.E0));
#1963=VECTOR('',#1962,3.E-1);
#1964=CARTESIAN_POINT('',(-7.15E0,7.E-1,-3.7E0));
#1965=LINE('',#1964,#1963);
#1966=DIRECTION('',(0.E0,0.E0,-1.E0));
#1967=VECTOR('',#1966,1.E0);
#1968=CARTESIAN_POINT('',(-7.15E0,7.E-1,-2.7E0));
#1969=LINE('',#1968,#1967);
#1970=DIRECTION('',(0.E0,1.E0,0.E0));
#1971=VECTOR('',#1970,2.9E0);
#1972=CARTESIAN_POINT('',(-7.15E0,-2.2E0,-2.7E0));
#1973=LINE('',#1972,#1971);
#1974=DIRECTION('',(0.E0,0.E0,-1.E0));
#1975=VECTOR('',#1974,2.E-1);
#1976=CARTESIAN_POINT('',(-7.15E0,-2.2E0,-2.5E0));
#1977=LINE('',#1976,#1975);
#1978=CARTESIAN_POINT('',(-7.15E0,-7.E-1,4.05E0));
#1979=DIRECTION('',(1.E0,0.E0,0.E0));
#1980=DIRECTION('',(0.E0,0.E0,1.E0));
#1981=AXIS2_PLACEMENT_3D('',#1978,#1979,#1980);
#1983=DIRECTION('',(0.E0,-1.E0,0.E0));
#1984=VECTOR('',#1983,1.4E0);
#1985=CARTESIAN_POINT('',(-7.15E0,7.E-1,4.55E0));
#1986=LINE('',#1985,#1984);
#1987=CARTESIAN_POINT('',(-7.15E0,7.E-1,4.05E0));
#1988=DIRECTION('',(1.E0,0.E0,0.E0));
#1989=DIRECTION('',(0.E0,1.E0,0.E0));
#1990=AXIS2_PLACEMENT_3D('',#1987,#1988,#1989);
#1992=DIRECTION('',(1.E0,0.E0,0.E0));
#1993=VECTOR('',#1992,7.E-1);
#1994=CARTESIAN_POINT('',(-7.85E0,1.4E0,-3.3E0));
#1995=LINE('',#1994,#1993);
#1996=DIRECTION('',(1.E0,0.E0,0.E0));
#1997=VECTOR('',#1996,7.E-1);
#1998=CARTESIAN_POINT('',(-7.85E0,1.4E0,-4.768148347422E0));
#1999=LINE('',#1998,#1997);
#2000=DIRECTION('',(1.E0,0.E0,0.E0));
#2001=VECTOR('',#2000,7.E-1);
#2002=CARTESIAN_POINT('',(-7.85E0,1.382962913145E0,-4.897557869973E0));
#2003=LINE('',#2002,#2001);
#2004=DIRECTION('',(1.E0,0.E0,0.E0));
#2005=VECTOR('',#2004,7.E-1);
#2006=CARTESIAN_POINT('',(-7.85E0,9.397197676620E-1,-6.551763809021E0));
#2007=LINE('',#2006,#2005);
#2008=DIRECTION('',(1.E0,0.E0,0.E0));
#2009=VECTOR('',#2008,7.E-1);
#2010=CARTESIAN_POINT('',(-7.85E0,7.465346024042E-1,-6.7E0));
#2011=LINE('',#2010,#2009);
#2012=DIRECTION('',(1.E0,0.E0,0.E0));
#2013=VECTOR('',#2012,7.E-1);
#2014=CARTESIAN_POINT('',(-7.85E0,4.E-1,-6.7E0));
#2015=LINE('',#2014,#2013);
#2016=DIRECTION('',(1.E0,0.E0,0.E0));
#2017=VECTOR('',#2016,7.E-1);
#2018=CARTESIAN_POINT('',(-7.85E0,4.E-1,-5.8E0));
#2019=LINE('',#2018,#2017);
#2020=DIRECTION('',(1.E0,0.E0,0.E0));
#2021=VECTOR('',#2020,7.E-1);
#2022=CARTESIAN_POINT('',(-7.85E0,4.5E-1,-5.8E0));
#2023=LINE('',#2022,#2021);
#2024=DIRECTION('',(1.E0,0.E0,0.E0));
#2025=VECTOR('',#2024,7.E-1);
#2026=CARTESIAN_POINT('',(-7.85E0,5.5E-1,-5.7E0));
#2027=LINE('',#2026,#2025);
#2028=DIRECTION('',(1.E0,0.E0,0.E0));
#2029=VECTOR('',#2028,7.E-1);
#2030=CARTESIAN_POINT('',(-7.85E0,5.5E-1,-5.6E0));
#2031=LINE('',#2030,#2029);
#2032=DIRECTION('',(1.E0,0.E0,0.E0));
#2033=VECTOR('',#2032,7.E-1);
#2034=CARTESIAN_POINT('',(-7.85E0,4.5E-1,-5.5E0));
#2035=LINE('',#2034,#2033);
#2036=DIRECTION('',(1.E0,0.E0,0.E0));
#2037=VECTOR('',#2036,7.E-1);
#2038=CARTESIAN_POINT('',(-7.85E0,-4.999999999999E-2,-5.5E0));
#2039=LINE('',#2038,#2037);
#2040=DIRECTION('',(1.E0,0.E0,0.E0));
#2041=VECTOR('',#2040,7.E-1);
#2042=CARTESIAN_POINT('',(-7.85E0,-4.999999999999E-2,-4.8E0));
#2043=LINE('',#2042,#2041);
#2044=DIRECTION('',(1.E0,0.E0,0.E0));
#2045=VECTOR('',#2044,7.E-1);
#2046=CARTESIAN_POINT('',(-7.85E0,4.5E-1,-4.8E0));
#2047=LINE('',#2046,#2045);
#2048=DIRECTION('',(1.E0,0.E0,0.E0));
#2049=VECTOR('',#2048,7.E-1);
#2050=CARTESIAN_POINT('',(-7.85E0,5.5E-1,-4.7E0));
#2051=LINE('',#2050,#2049);
#2052=DIRECTION('',(1.E0,0.E0,0.E0));
#2053=VECTOR('',#2052,7.E-1);
#2054=CARTESIAN_POINT('',(-7.85E0,5.5E-1,-4.6E0));
#2055=LINE('',#2054,#2053);
#2056=DIRECTION('',(1.E0,0.E0,0.E0));
#2057=VECTOR('',#2056,7.E-1);
#2058=CARTESIAN_POINT('',(-7.85E0,4.5E-1,-4.5E0));
#2059=LINE('',#2058,#2057);
#2060=DIRECTION('',(1.E0,0.E0,0.E0));
#2061=VECTOR('',#2060,7.E-1);
#2062=CARTESIAN_POINT('',(-7.85E0,4.E-1,-4.5E0));
#2063=LINE('',#2062,#2061);
#2064=DIRECTION('',(1.E0,0.E0,0.E0));
#2065=VECTOR('',#2064,7.E-1);
#2066=CARTESIAN_POINT('',(-7.85E0,4.E-1,-3.7E0));
#2067=LINE('',#2066,#2065);
#2068=DIRECTION('',(1.E0,0.E0,0.E0));
#2069=VECTOR('',#2068,7.E-1);
#2070=CARTESIAN_POINT('',(-7.85E0,7.E-1,-3.7E0));
#2071=LINE('',#2070,#2069);
#2072=DIRECTION('',(1.E0,0.E0,0.E0));
#2073=VECTOR('',#2072,7.E-1);
#2074=CARTESIAN_POINT('',(-7.85E0,7.E-1,-2.7E0));
#2075=LINE('',#2074,#2073);
#2076=DIRECTION('',(1.E0,0.E0,0.E0));
#2077=VECTOR('',#2076,7.E-1);
#2078=CARTESIAN_POINT('',(-7.85E0,-2.2E0,-2.7E0));
#2079=LINE('',#2078,#2077);
#2080=DIRECTION('',(-1.E0,0.E0,0.E0));
#2081=VECTOR('',#2080,7.E-1);
#2082=CARTESIAN_POINT('',(-7.15E0,-1.2E0,4.05E0));
#2083=LINE('',#2082,#2081);
#2084=DIRECTION('',(0.E0,0.E0,-1.E0));
#2085=VECTOR('',#2084,4.05E0);
#2086=CARTESIAN_POINT('',(-7.15E0,-1.2E0,4.05E0));
#2087=LINE('',#2086,#2085);
#2088=DIRECTION('',(-1.E0,0.E0,0.E0));
#2089=VECTOR('',#2088,7.E-1);
#2090=CARTESIAN_POINT('',(-7.15E0,-7.E-1,4.55E0));
#2091=LINE('',#2090,#2089);
#2092=DIRECTION('',(-1.E0,0.E0,0.E0));
#2093=VECTOR('',#2092,7.E-1);
#2094=CARTESIAN_POINT('',(-7.15E0,7.E-1,4.55E0));
#2095=LINE('',#2094,#2093);
#2096=DIRECTION('',(-1.E0,0.E0,0.E0));
#2097=VECTOR('',#2096,7.E-1);
#2098=CARTESIAN_POINT('',(-7.15E0,1.2E0,4.05E0));
#2099=LINE('',#2098,#2097);
#2100=DIRECTION('',(0.E0,0.E0,1.E0));
#2101=VECTOR('',#2100,4.05E0);
#2102=CARTESIAN_POINT('',(-7.15E0,1.2E0,0.E0));
#2103=LINE('',#2102,#2101);
#2104=DIRECTION('',(0.E0,0.E0,1.E0));
#2105=VECTOR('',#2104,3.25E0);
#2106=CARTESIAN_POINT('',(-5.35E0,1.2E0,0.E0));
#2107=LINE('',#2106,#2105);
#2108=CARTESIAN_POINT('',(-5.35E0,7.E-1,3.25E0));
#2109=DIRECTION('',(1.E0,0.E0,0.E0));
#2110=DIRECTION('',(0.E0,1.E0,0.E0));
#2111=AXIS2_PLACEMENT_3D('',#2108,#2109,#2110);
#2113=DIRECTION('',(0.E0,-1.E0,0.E0));
#2114=VECTOR('',#2113,1.4E0);
#2115=CARTESIAN_POINT('',(-5.35E0,7.E-1,3.75E0));
#2116=LINE('',#2115,#2114);
#2117=CARTESIAN_POINT('',(-5.35E0,-7.E-1,3.25E0));
#2118=DIRECTION('',(1.E0,0.E0,0.E0));
#2119=DIRECTION('',(0.E0,0.E0,1.E0));
#2120=AXIS2_PLACEMENT_3D('',#2117,#2118,#2119);
#2122=DIRECTION('',(0.E0,0.E0,-1.E0));
#2123=VECTOR('',#2122,3.25E0);
#2124=CARTESIAN_POINT('',(-5.35E0,-1.2E0,3.25E0));
#2125=LINE('',#2124,#2123);
#2126=DIRECTION('',(0.E0,0.E0,-1.E0));
#2127=VECTOR('',#2126,2.E-1);
#2128=CARTESIAN_POINT('',(-5.35E0,-2.2E0,-2.5E0));
#2129=LINE('',#2128,#2127);
#2130=DIRECTION('',(0.E0,1.E0,0.E0));
#2131=VECTOR('',#2130,2.9E0);
#2132=CARTESIAN_POINT('',(-5.35E0,-2.2E0,-2.7E0));
#2133=LINE('',#2132,#2131);
#2134=DIRECTION('',(0.E0,0.E0,-1.E0));
#2135=VECTOR('',#2134,1.E0);
#2136=CARTESIAN_POINT('',(-5.35E0,7.E-1,-2.7E0));
#2137=LINE('',#2136,#2135);
#2138=DIRECTION('',(0.E0,-1.E0,0.E0));
#2139=VECTOR('',#2138,3.E-1);
#2140=CARTESIAN_POINT('',(-5.35E0,7.E-1,-3.7E0));
#2141=LINE('',#2140,#2139);
#2142=DIRECTION('',(0.E0,0.E0,-1.E0));
#2143=VECTOR('',#2142,8.E-1);
#2144=CARTESIAN_POINT('',(-5.35E0,4.E-1,-3.7E0));
#2145=LINE('',#2144,#2143);
#2146=DIRECTION('',(0.E0,1.E0,0.E0));
#2147=VECTOR('',#2146,5.E-2);
#2148=CARTESIAN_POINT('',(-5.35E0,4.E-1,-4.5E0));
#2149=LINE('',#2148,#2147);
#2150=CARTESIAN_POINT('',(-5.35E0,4.5E-1,-4.6E0));
#2151=DIRECTION('',(-1.E0,0.E0,0.E0));
#2152=DIRECTION('',(0.E0,0.E0,1.E0));
#2153=AXIS2_PLACEMENT_3D('',#2150,#2151,#2152);
#2155=DIRECTION('',(0.E0,0.E0,-1.E0));
#2156=VECTOR('',#2155,1.E-1);
#2157=CARTESIAN_POINT('',(-5.35E0,5.5E-1,-4.6E0));
#2158=LINE('',#2157,#2156);
#2159=CARTESIAN_POINT('',(-5.35E0,4.5E-1,-4.7E0));
#2160=DIRECTION('',(-1.E0,0.E0,0.E0));
#2161=DIRECTION('',(0.E0,1.E0,0.E0));
#2162=AXIS2_PLACEMENT_3D('',#2159,#2160,#2161);
#2164=DIRECTION('',(0.E0,-1.E0,0.E0));
#2165=VECTOR('',#2164,5.E-1);
#2166=CARTESIAN_POINT('',(-5.35E0,4.5E-1,-4.8E0));
#2167=LINE('',#2166,#2165);
#2168=CARTESIAN_POINT('',(-5.35E0,-4.999999999999E-2,-5.15E0));
#2169=DIRECTION('',(1.E0,0.E0,0.E0));
#2170=DIRECTION('',(0.E0,0.E0,1.E0));
#2171=AXIS2_PLACEMENT_3D('',#2168,#2169,#2170);
#2173=DIRECTION('',(0.E0,1.E0,0.E0));
#2174=VECTOR('',#2173,5.E-1);
#2175=CARTESIAN_POINT('',(-5.35E0,-4.999999999999E-2,-5.5E0));
#2176=LINE('',#2175,#2174);
#2177=CARTESIAN_POINT('',(-5.35E0,4.5E-1,-5.6E0));
#2178=DIRECTION('',(-1.E0,0.E0,0.E0));
#2179=DIRECTION('',(0.E0,0.E0,1.E0));
#2180=AXIS2_PLACEMENT_3D('',#2177,#2178,#2179);
#2182=DIRECTION('',(0.E0,0.E0,-1.E0));
#2183=VECTOR('',#2182,1.E-1);
#2184=CARTESIAN_POINT('',(-5.35E0,5.5E-1,-5.6E0));
#2185=LINE('',#2184,#2183);
#2186=CARTESIAN_POINT('',(-5.35E0,4.5E-1,-5.7E0));
#2187=DIRECTION('',(-1.E0,0.E0,0.E0));
#2188=DIRECTION('',(0.E0,1.E0,0.E0));
#2189=AXIS2_PLACEMENT_3D('',#2186,#2187,#2188);
#2191=DIRECTION('',(0.E0,-1.E0,0.E0));
#2192=VECTOR('',#2191,5.E-2);
#2193=CARTESIAN_POINT('',(-5.35E0,4.5E-1,-5.8E0));
#2194=LINE('',#2193,#2192);
#2195=DIRECTION('',(0.E0,0.E0,-1.E0));
#2196=VECTOR('',#2195,9.E-1);
#2197=CARTESIAN_POINT('',(-5.35E0,4.E-1,-5.8E0));
#2198=LINE('',#2197,#2196);
#2199=DIRECTION('',(0.E0,1.E0,0.E0));
#2200=VECTOR('',#2199,3.465346024042E-1);
#2201=CARTESIAN_POINT('',(-5.35E0,4.E-1,-6.7E0));
#2202=LINE('',#2201,#2200);
#2203=CARTESIAN_POINT('',(-5.35E0,7.465346024042E-1,-6.5E0));
#2204=DIRECTION('',(1.E0,0.E0,0.E0));
#2205=DIRECTION('',(0.E0,0.E0,-1.E0));
#2206=AXIS2_PLACEMENT_3D('',#2203,#2204,#2205);
#2208=DIRECTION('',(0.E0,2.588190451025E-1,9.659258262891E-1));
#2209=VECTOR('',#2208,1.712560006189E0);
#2210=CARTESIAN_POINT('',(-5.35E0,9.397197676620E-1,-6.551763809021E0));
#2211=LINE('',#2210,#2209);
#2212=CARTESIAN_POINT('',(-5.35E0,9.E-1,-4.768148347422E0));
#2213=DIRECTION('',(1.E0,0.E0,0.E0));
#2214=DIRECTION('',(0.E0,9.659258262891E-1,-2.588190451025E-1));
#2215=AXIS2_PLACEMENT_3D('',#2212,#2213,#2214);
#2217=DIRECTION('',(0.E0,0.E0,1.E0));
#2218=VECTOR('',#2217,1.468148347422E0);
#2219=CARTESIAN_POINT('',(-5.35E0,1.4E0,-4.768148347422E0));
#2220=LINE('',#2219,#2218);
#2221=DIRECTION('',(0.E0,1.E0,0.E0));
#2222=VECTOR('',#2221,4.E-1);
#2223=CARTESIAN_POINT('',(-5.35E0,1.4E0,-3.3E0));
#2224=LINE('',#2223,#2222);
#2225=DIRECTION('',(0.E0,0.E0,-1.E0));
#2226=VECTOR('',#2225,3.25E0);
#2227=CARTESIAN_POINT('',(-4.65E0,-1.2E0,3.25E0));
#2228=LINE('',#2227,#2226);
#2229=CARTESIAN_POINT('',(-4.65E0,-7.E-1,3.25E0));
#2230=DIRECTION('',(1.E0,0.E0,0.E0));
#2231=DIRECTION('',(0.E0,0.E0,1.E0));
#2232=AXIS2_PLACEMENT_3D('',#2229,#2230,#2231);
#2234=DIRECTION('',(0.E0,-1.E0,0.E0));
#2235=VECTOR('',#2234,1.4E0);
#2236=CARTESIAN_POINT('',(-4.65E0,7.E-1,3.75E0));
#2237=LINE('',#2236,#2235);
#2238=CARTESIAN_POINT('',(-4.65E0,7.E-1,3.25E0));
#2239=DIRECTION('',(1.E0,0.E0,0.E0));
#2240=DIRECTION('',(0.E0,1.E0,0.E0));
#2241=AXIS2_PLACEMENT_3D('',#2238,#2239,#2240);
#2243=DIRECTION('',(0.E0,0.E0,1.E0));
#2244=VECTOR('',#2243,3.25E0);
#2245=CARTESIAN_POINT('',(-4.65E0,1.2E0,0.E0));
#2246=LINE('',#2245,#2244);
#2247=DIRECTION('',(0.E0,1.E0,0.E0));
#2248=VECTOR('',#2247,4.E-1);
#2249=CARTESIAN_POINT('',(-4.65E0,1.4E0,-3.3E0));
#2250=LINE('',#2249,#2248);
#2251=DIRECTION('',(0.E0,0.E0,1.E0));
#2252=VECTOR('',#2251,1.468148347422E0);
#2253=CARTESIAN_POINT('',(-4.65E0,1.4E0,-4.768148347422E0));
#2254=LINE('',#2253,#2252);
#2255=CARTESIAN_POINT('',(-4.65E0,9.E-1,-4.768148347422E0));
#2256=DIRECTION('',(1.E0,0.E0,0.E0));
#2257=DIRECTION('',(0.E0,9.659258262891E-1,-2.588190451025E-1));
#2258=AXIS2_PLACEMENT_3D('',#2255,#2256,#2257);
#2260=DIRECTION('',(0.E0,2.588190451025E-1,9.659258262891E-1));
#2261=VECTOR('',#2260,1.712560006189E0);
#2262=CARTESIAN_POINT('',(-4.65E0,9.397197676620E-1,-6.551763809021E0));
#2263=LINE('',#2262,#2261);
#2264=CARTESIAN_POINT('',(-4.65E0,7.465346024042E-1,-6.5E0));
#2265=DIRECTION('',(1.E0,0.E0,0.E0));
#2266=DIRECTION('',(0.E0,0.E0,-1.E0));
#2267=AXIS2_PLACEMENT_3D('',#2264,#2265,#2266);
#2269=DIRECTION('',(0.E0,1.E0,0.E0));
#2270=VECTOR('',#2269,3.465346024042E-1);
#2271=CARTESIAN_POINT('',(-4.65E0,4.E-1,-6.7E0));
#2272=LINE('',#2271,#2270);
#2273=DIRECTION('',(0.E0,0.E0,-1.E0));
#2274=VECTOR('',#2273,9.E-1);
#2275=CARTESIAN_POINT('',(-4.65E0,4.E-1,-5.8E0));
#2276=LINE('',#2275,#2274);
#2277=DIRECTION('',(0.E0,-1.E0,0.E0));
#2278=VECTOR('',#2277,5.E-2);
#2279=CARTESIAN_POINT('',(-4.65E0,4.5E-1,-5.8E0));
#2280=LINE('',#2279,#2278);
#2281=CARTESIAN_POINT('',(-4.65E0,4.5E-1,-5.7E0));
#2282=DIRECTION('',(-1.E0,0.E0,0.E0));
#2283=DIRECTION('',(0.E0,1.E0,0.E0));
#2284=AXIS2_PLACEMENT_3D('',#2281,#2282,#2283);
#2286=DIRECTION('',(0.E0,0.E0,-1.E0));
#2287=VECTOR('',#2286,1.E-1);
#2288=CARTESIAN_POINT('',(-4.65E0,5.5E-1,-5.6E0));
#2289=LINE('',#2288,#2287);
#2290=CARTESIAN_POINT('',(-4.65E0,4.5E-1,-5.6E0));
#2291=DIRECTION('',(-1.E0,0.E0,0.E0));
#2292=DIRECTION('',(0.E0,0.E0,1.E0));
#2293=AXIS2_PLACEMENT_3D('',#2290,#2291,#2292);
#2295=DIRECTION('',(0.E0,1.E0,0.E0));
#2296=VECTOR('',#2295,5.E-1);
#2297=CARTESIAN_POINT('',(-4.65E0,-4.999999999999E-2,-5.5E0));
#2298=LINE('',#2297,#2296);
#2299=CARTESIAN_POINT('',(-4.65E0,-4.999999999999E-2,-5.15E0));
#2300=DIRECTION('',(1.E0,0.E0,0.E0));
#2301=DIRECTION('',(0.E0,0.E0,1.E0));
#2302=AXIS2_PLACEMENT_3D('',#2299,#2300,#2301);
#2304=DIRECTION('',(0.E0,-1.E0,0.E0));
#2305=VECTOR('',#2304,5.E-1);
#2306=CARTESIAN_POINT('',(-4.65E0,4.5E-1,-4.8E0));
#2307=LINE('',#2306,#2305);
#2308=CARTESIAN_POINT('',(-4.65E0,4.5E-1,-4.7E0));
#2309=DIRECTION('',(-1.E0,0.E0,0.E0));
#2310=DIRECTION('',(0.E0,1.E0,0.E0));
#2311=AXIS2_PLACEMENT_3D('',#2308,#2309,#2310);
#2313=DIRECTION('',(0.E0,0.E0,-1.E0));
#2314=VECTOR('',#2313,1.E-1);
#2315=CARTESIAN_POINT('',(-4.65E0,5.5E-1,-4.6E0));
#2316=LINE('',#2315,#2314);
#2317=CARTESIAN_POINT('',(-4.65E0,4.5E-1,-4.6E0));
#2318=DIRECTION('',(-1.E0,0.E0,0.E0));
#2319=DIRECTION('',(0.E0,0.E0,1.E0));
#2320=AXIS2_PLACEMENT_3D('',#2317,#2318,#2319);
#2322=DIRECTION('',(0.E0,1.E0,0.E0));
#2323=VECTOR('',#2322,5.E-2);
#2324=CARTESIAN_POINT('',(-4.65E0,4.E-1,-4.5E0));
#2325=LINE('',#2324,#2323);
#2326=DIRECTION('',(0.E0,0.E0,-1.E0));
#2327=VECTOR('',#2326,8.E-1);
#2328=CARTESIAN_POINT('',(-4.65E0,4.E-1,-3.7E0));
#2329=LINE('',#2328,#2327);
#2330=DIRECTION('',(0.E0,-1.E0,0.E0));
#2331=VECTOR('',#2330,3.E-1);
#2332=CARTESIAN_POINT('',(-4.65E0,7.E-1,-3.7E0));
#2333=LINE('',#2332,#2331);
#2334=DIRECTION('',(0.E0,0.E0,-1.E0));
#2335=VECTOR('',#2334,1.E0);
#2336=CARTESIAN_POINT('',(-4.65E0,7.E-1,-2.7E0));
#2337=LINE('',#2336,#2335);
#2338=DIRECTION('',(0.E0,1.E0,0.E0));
#2339=VECTOR('',#2338,2.9E0);
#2340=CARTESIAN_POINT('',(-4.65E0,-2.2E0,-2.7E0));
#2341=LINE('',#2340,#2339);
#2342=DIRECTION('',(0.E0,0.E0,-1.E0));
#2343=VECTOR('',#2342,2.E-1);
#2344=CARTESIAN_POINT('',(-4.65E0,-2.2E0,-2.5E0));
#2345=LINE('',#2344,#2343);
#2346=DIRECTION('',(1.E0,0.E0,0.E0));
#2347=VECTOR('',#2346,7.E-1);
#2348=CARTESIAN_POINT('',(-5.35E0,-1.2E0,3.25E0));
#2349=LINE('',#2348,#2347);
#2350=DIRECTION('',(1.E0,0.E0,0.E0));
#2351=VECTOR('',#2350,7.E-1);
#2352=CARTESIAN_POINT('',(-5.35E0,-7.E-1,3.75E0));
#2353=LINE('',#2352,#2351);
#2354=DIRECTION('',(1.E0,0.E0,0.E0));
#2355=VECTOR('',#2354,7.E-1);
#2356=CARTESIAN_POINT('',(-5.35E0,7.E-1,3.75E0));
#2357=LINE('',#2356,#2355);
#2358=DIRECTION('',(1.E0,0.E0,0.E0));
#2359=VECTOR('',#2358,7.E-1);
#2360=CARTESIAN_POINT('',(-5.35E0,1.2E0,3.25E0));
#2361=LINE('',#2360,#2359);
#2362=DIRECTION('',(1.E0,0.E0,0.E0));
#2363=VECTOR('',#2362,7.E-1);
#2364=CARTESIAN_POINT('',(-5.35E0,1.4E0,-3.3E0));
#2365=LINE('',#2364,#2363);
#2366=DIRECTION('',(1.E0,0.E0,0.E0));
#2367=VECTOR('',#2366,7.E-1);
#2368=CARTESIAN_POINT('',(-5.35E0,1.4E0,-4.768148347422E0));
#2369=LINE('',#2368,#2367);
#2370=DIRECTION('',(1.E0,0.E0,0.E0));
#2371=VECTOR('',#2370,7.E-1);
#2372=CARTESIAN_POINT('',(-5.35E0,1.382962913145E0,-4.897557869973E0));
#2373=LINE('',#2372,#2371);
#2374=DIRECTION('',(1.E0,0.E0,0.E0));
#2375=VECTOR('',#2374,7.E-1);
#2376=CARTESIAN_POINT('',(-5.35E0,9.397197676620E-1,-6.551763809021E0));
#2377=LINE('',#2376,#2375);
#2378=DIRECTION('',(1.E0,0.E0,0.E0));
#2379=VECTOR('',#2378,7.E-1);
#2380=CARTESIAN_POINT('',(-5.35E0,7.465346024042E-1,-6.7E0));
#2381=LINE('',#2380,#2379);
#2382=DIRECTION('',(1.E0,0.E0,0.E0));
#2383=VECTOR('',#2382,7.E-1);
#2384=CARTESIAN_POINT('',(-5.35E0,4.E-1,-6.7E0));
#2385=LINE('',#2384,#2383);
#2386=DIRECTION('',(1.E0,0.E0,0.E0));
#2387=VECTOR('',#2386,7.E-1);
#2388=CARTESIAN_POINT('',(-5.35E0,4.E-1,-5.8E0));
#2389=LINE('',#2388,#2387);
#2390=DIRECTION('',(1.E0,0.E0,0.E0));
#2391=VECTOR('',#2390,7.E-1);
#2392=CARTESIAN_POINT('',(-5.35E0,4.5E-1,-5.8E0));
#2393=LINE('',#2392,#2391);
#2394=DIRECTION('',(1.E0,0.E0,0.E0));
#2395=VECTOR('',#2394,7.E-1);
#2396=CARTESIAN_POINT('',(-5.35E0,5.5E-1,-5.7E0));
#2397=LINE('',#2396,#2395);
#2398=DIRECTION('',(1.E0,0.E0,0.E0));
#2399=VECTOR('',#2398,7.E-1);
#2400=CARTESIAN_POINT('',(-5.35E0,5.5E-1,-5.6E0));
#2401=LINE('',#2400,#2399);
#2402=DIRECTION('',(1.E0,0.E0,0.E0));
#2403=VECTOR('',#2402,7.E-1);
#2404=CARTESIAN_POINT('',(-5.35E0,4.5E-1,-5.5E0));
#2405=LINE('',#2404,#2403);
#2406=DIRECTION('',(1.E0,0.E0,0.E0));
#2407=VECTOR('',#2406,7.E-1);
#2408=CARTESIAN_POINT('',(-5.35E0,-4.999999999999E-2,-5.5E0));
#2409=LINE('',#2408,#2407);
#2410=DIRECTION('',(1.E0,0.E0,0.E0));
#2411=VECTOR('',#2410,7.E-1);
#2412=CARTESIAN_POINT('',(-5.35E0,-4.999999999999E-2,-4.8E0));
#2413=LINE('',#2412,#2411);
#2414=DIRECTION('',(1.E0,0.E0,0.E0));
#2415=VECTOR('',#2414,7.E-1);
#2416=CARTESIAN_POINT('',(-5.35E0,4.5E-1,-4.8E0));
#2417=LINE('',#2416,#2415);
#2418=DIRECTION('',(1.E0,0.E0,0.E0));
#2419=VECTOR('',#2418,7.E-1);
#2420=CARTESIAN_POINT('',(-5.35E0,5.5E-1,-4.7E0));
#2421=LINE('',#2420,#2419);
#2422=DIRECTION('',(1.E0,0.E0,0.E0));
#2423=VECTOR('',#2422,7.E-1);
#2424=CARTESIAN_POINT('',(-5.35E0,5.5E-1,-4.6E0));
#2425=LINE('',#2424,#2423);
#2426=DIRECTION('',(1.E0,0.E0,0.E0));
#2427=VECTOR('',#2426,7.E-1);
#2428=CARTESIAN_POINT('',(-5.35E0,4.5E-1,-4.5E0));
#2429=LINE('',#2428,#2427);
#2430=DIRECTION('',(1.E0,0.E0,0.E0));
#2431=VECTOR('',#2430,7.E-1);
#2432=CARTESIAN_POINT('',(-5.35E0,4.E-1,-4.5E0));
#2433=LINE('',#2432,#2431);
#2434=DIRECTION('',(1.E0,0.E0,0.E0));
#2435=VECTOR('',#2434,7.E-1);
#2436=CARTESIAN_POINT('',(-5.35E0,4.E-1,-3.7E0));
#2437=LINE('',#2436,#2435);
#2438=DIRECTION('',(1.E0,0.E0,0.E0));
#2439=VECTOR('',#2438,7.E-1);
#2440=CARTESIAN_POINT('',(-5.35E0,7.E-1,-3.7E0));
#2441=LINE('',#2440,#2439);
#2442=DIRECTION('',(1.E0,0.E0,0.E0));
#2443=VECTOR('',#2442,7.E-1);
#2444=CARTESIAN_POINT('',(-5.35E0,7.E-1,-2.7E0));
#2445=LINE('',#2444,#2443);
#2446=DIRECTION('',(1.E0,0.E0,0.E0));
#2447=VECTOR('',#2446,7.E-1);
#2448=CARTESIAN_POINT('',(-5.35E0,-2.2E0,-2.7E0));
#2449=LINE('',#2448,#2447);
#2450=DIRECTION('',(0.E0,0.E0,1.E0));
#2451=VECTOR('',#2450,3.25E0);
#2452=CARTESIAN_POINT('',(-2.85E0,1.2E0,0.E0));
#2453=LINE('',#2452,#2451);
#2454=CARTESIAN_POINT('',(-2.85E0,7.E-1,3.25E0));
#2455=DIRECTION('',(1.E0,0.E0,0.E0));
#2456=DIRECTION('',(0.E0,1.E0,0.E0));
#2457=AXIS2_PLACEMENT_3D('',#2454,#2455,#2456);
#2459=DIRECTION('',(0.E0,-1.E0,0.E0));
#2460=VECTOR('',#2459,1.4E0);
#2461=CARTESIAN_POINT('',(-2.85E0,7.E-1,3.75E0));
#2462=LINE('',#2461,#2460);
#2463=CARTESIAN_POINT('',(-2.85E0,-7.E-1,3.25E0));
#2464=DIRECTION('',(1.E0,0.E0,0.E0));
#2465=DIRECTION('',(0.E0,0.E0,1.E0));
#2466=AXIS2_PLACEMENT_3D('',#2463,#2464,#2465);
#2468=DIRECTION('',(0.E0,0.E0,-1.E0));
#2469=VECTOR('',#2468,3.25E0);
#2470=CARTESIAN_POINT('',(-2.85E0,-1.2E0,3.25E0));
#2471=LINE('',#2470,#2469);
#2472=DIRECTION('',(0.E0,0.E0,-1.E0));
#2473=VECTOR('',#2472,2.E-1);
#2474=CARTESIAN_POINT('',(-2.85E0,-2.2E0,-2.5E0));
#2475=LINE('',#2474,#2473);
#2476=DIRECTION('',(0.E0,1.E0,0.E0));
#2477=VECTOR('',#2476,2.9E0);
#2478=CARTESIAN_POINT('',(-2.85E0,-2.2E0,-2.7E0));
#2479=LINE('',#2478,#2477);
#2480=DIRECTION('',(0.E0,0.E0,-1.E0));
#2481=VECTOR('',#2480,1.E0);
#2482=CARTESIAN_POINT('',(-2.85E0,7.E-1,-2.7E0));
#2483=LINE('',#2482,#2481);
#2484=DIRECTION('',(0.E0,-1.E0,0.E0));
#2485=VECTOR('',#2484,3.E-1);
#2486=CARTESIAN_POINT('',(-2.85E0,7.E-1,-3.7E0));
#2487=LINE('',#2486,#2485);
#2488=DIRECTION('',(0.E0,0.E0,-1.E0));
#2489=VECTOR('',#2488,8.E-1);
#2490=CARTESIAN_POINT('',(-2.85E0,4.E-1,-3.7E0));
#2491=LINE('',#2490,#2489);
#2492=DIRECTION('',(0.E0,1.E0,0.E0));
#2493=VECTOR('',#2492,5.E-2);
#2494=CARTESIAN_POINT('',(-2.85E0,4.E-1,-4.5E0));
#2495=LINE('',#2494,#2493);
#2496=CARTESIAN_POINT('',(-2.85E0,4.5E-1,-4.6E0));
#2497=DIRECTION('',(-1.E0,0.E0,0.E0));
#2498=DIRECTION('',(0.E0,0.E0,1.E0));
#2499=AXIS2_PLACEMENT_3D('',#2496,#2497,#2498);
#2501=DIRECTION('',(0.E0,0.E0,-1.E0));
#2502=VECTOR('',#2501,1.E-1);
#2503=CARTESIAN_POINT('',(-2.85E0,5.5E-1,-4.6E0));
#2504=LINE('',#2503,#2502);
#2505=CARTESIAN_POINT('',(-2.85E0,4.5E-1,-4.7E0));
#2506=DIRECTION('',(-1.E0,0.E0,0.E0));
#2507=DIRECTION('',(0.E0,1.E0,0.E0));
#2508=AXIS2_PLACEMENT_3D('',#2505,#2506,#2507);
#2510=DIRECTION('',(0.E0,-1.E0,0.E0));
#2511=VECTOR('',#2510,5.E-1);
#2512=CARTESIAN_POINT('',(-2.85E0,4.5E-1,-4.8E0));
#2513=LINE('',#2512,#2511);
#2514=CARTESIAN_POINT('',(-2.85E0,-4.999999999999E-2,-5.15E0));
#2515=DIRECTION('',(1.E0,0.E0,0.E0));
#2516=DIRECTION('',(0.E0,0.E0,1.E0));
#2517=AXIS2_PLACEMENT_3D('',#2514,#2515,#2516);
#2519=DIRECTION('',(0.E0,1.E0,0.E0));
#2520=VECTOR('',#2519,5.E-1);
#2521=CARTESIAN_POINT('',(-2.85E0,-4.999999999999E-2,-5.5E0));
#2522=LINE('',#2521,#2520);
#2523=CARTESIAN_POINT('',(-2.85E0,4.5E-1,-5.6E0));
#2524=DIRECTION('',(-1.E0,0.E0,0.E0));
#2525=DIRECTION('',(0.E0,0.E0,1.E0));
#2526=AXIS2_PLACEMENT_3D('',#2523,#2524,#2525);
#2528=DIRECTION('',(0.E0,0.E0,-1.E0));
#2529=VECTOR('',#2528,1.E-1);
#2530=CARTESIAN_POINT('',(-2.85E0,5.5E-1,-5.6E0));
#2531=LINE('',#2530,#2529);
#2532=CARTESIAN_POINT('',(-2.85E0,4.5E-1,-5.7E0));
#2533=DIRECTION('',(-1.E0,0.E0,0.E0));
#2534=DIRECTION('',(0.E0,1.E0,0.E0));
#2535=AXIS2_PLACEMENT_3D('',#2532,#2533,#2534);
#2537=DIRECTION('',(0.E0,-1.E0,0.E0));
#2538=VECTOR('',#2537,5.E-2);
#2539=CARTESIAN_POINT('',(-2.85E0,4.5E-1,-5.8E0));
#2540=LINE('',#2539,#2538);
#2541=DIRECTION('',(0.E0,0.E0,-1.E0));
#2542=VECTOR('',#2541,9.E-1);
#2543=CARTESIAN_POINT('',(-2.85E0,4.E-1,-5.8E0));
#2544=LINE('',#2543,#2542);
#2545=DIRECTION('',(0.E0,1.E0,0.E0));
#2546=VECTOR('',#2545,3.465346024042E-1);
#2547=CARTESIAN_POINT('',(-2.85E0,4.E-1,-6.7E0));
#2548=LINE('',#2547,#2546);
#2549=CARTESIAN_POINT('',(-2.85E0,7.465346024042E-1,-6.5E0));
#2550=DIRECTION('',(1.E0,0.E0,0.E0));
#2551=DIRECTION('',(0.E0,0.E0,-1.E0));
#2552=AXIS2_PLACEMENT_3D('',#2549,#2550,#2551);
#2554=DIRECTION('',(0.E0,2.588190451025E-1,9.659258262891E-1));
#2555=VECTOR('',#2554,1.712560006189E0);
#2556=CARTESIAN_POINT('',(-2.85E0,9.397197676620E-1,-6.551763809021E0));
#2557=LINE('',#2556,#2555);
#2558=CARTESIAN_POINT('',(-2.85E0,9.E-1,-4.768148347422E0));
#2559=DIRECTION('',(1.E0,0.E0,0.E0));
#2560=DIRECTION('',(0.E0,9.659258262891E-1,-2.588190451025E-1));
#2561=AXIS2_PLACEMENT_3D('',#2558,#2559,#2560);
#2563=DIRECTION('',(0.E0,0.E0,1.E0));
#2564=VECTOR('',#2563,1.468148347422E0);
#2565=CARTESIAN_POINT('',(-2.85E0,1.4E0,-4.768148347422E0));
#2566=LINE('',#2565,#2564);
#2567=DIRECTION('',(0.E0,1.E0,0.E0));
#2568=VECTOR('',#2567,4.E-1);
#2569=CARTESIAN_POINT('',(-2.85E0,1.4E0,-3.3E0));
#2570=LINE('',#2569,#2568);
#2571=DIRECTION('',(0.E0,0.E0,-1.E0));
#2572=VECTOR('',#2571,3.25E0);
#2573=CARTESIAN_POINT('',(-2.15E0,-1.2E0,3.25E0));
#2574=LINE('',#2573,#2572);
#2575=CARTESIAN_POINT('',(-2.15E0,-7.E-1,3.25E0));
#2576=DIRECTION('',(1.E0,0.E0,0.E0));
#2577=DIRECTION('',(0.E0,0.E0,1.E0));
#2578=AXIS2_PLACEMENT_3D('',#2575,#2576,#2577);
#2580=DIRECTION('',(0.E0,-1.E0,0.E0));
#2581=VECTOR('',#2580,1.4E0);
#2582=CARTESIAN_POINT('',(-2.15E0,7.E-1,3.75E0));
#2583=LINE('',#2582,#2581);
#2584=CARTESIAN_POINT('',(-2.15E0,7.E-1,3.25E0));
#2585=DIRECTION('',(1.E0,0.E0,0.E0));
#2586=DIRECTION('',(0.E0,1.E0,0.E0));
#2587=AXIS2_PLACEMENT_3D('',#2584,#2585,#2586);
#2589=DIRECTION('',(0.E0,0.E0,1.E0));
#2590=VECTOR('',#2589,3.25E0);
#2591=CARTESIAN_POINT('',(-2.15E0,1.2E0,0.E0));
#2592=LINE('',#2591,#2590);
#2593=DIRECTION('',(0.E0,1.E0,0.E0));
#2594=VECTOR('',#2593,4.E-1);
#2595=CARTESIAN_POINT('',(-2.15E0,1.4E0,-3.3E0));
#2596=LINE('',#2595,#2594);
#2597=DIRECTION('',(0.E0,0.E0,1.E0));
#2598=VECTOR('',#2597,1.468148347422E0);
#2599=CARTESIAN_POINT('',(-2.15E0,1.4E0,-4.768148347422E0));
#2600=LINE('',#2599,#2598);
#2601=CARTESIAN_POINT('',(-2.15E0,9.E-1,-4.768148347422E0));
#2602=DIRECTION('',(1.E0,0.E0,0.E0));
#2603=DIRECTION('',(0.E0,9.659258262891E-1,-2.588190451025E-1));
#2604=AXIS2_PLACEMENT_3D('',#2601,#2602,#2603);
#2606=DIRECTION('',(0.E0,2.588190451025E-1,9.659258262891E-1));
#2607=VECTOR('',#2606,1.712560006189E0);
#2608=CARTESIAN_POINT('',(-2.15E0,9.397197676620E-1,-6.551763809021E0));
#2609=LINE('',#2608,#2607);
#2610=CARTESIAN_POINT('',(-2.15E0,7.465346024042E-1,-6.5E0));
#2611=DIRECTION('',(1.E0,0.E0,0.E0));
#2612=DIRECTION('',(0.E0,0.E0,-1.E0));
#2613=AXIS2_PLACEMENT_3D('',#2610,#2611,#2612);
#2615=DIRECTION('',(0.E0,1.E0,0.E0));
#2616=VECTOR('',#2615,3.465346024042E-1);
#2617=CARTESIAN_POINT('',(-2.15E0,4.E-1,-6.7E0));
#2618=LINE('',#2617,#2616);
#2619=DIRECTION('',(0.E0,0.E0,-1.E0));
#2620=VECTOR('',#2619,9.E-1);
#2621=CARTESIAN_POINT('',(-2.15E0,4.E-1,-5.8E0));
#2622=LINE('',#2621,#2620);
#2623=DIRECTION('',(0.E0,-1.E0,0.E0));
#2624=VECTOR('',#2623,5.E-2);
#2625=CARTESIAN_POINT('',(-2.15E0,4.5E-1,-5.8E0));
#2626=LINE('',#2625,#2624);
#2627=CARTESIAN_POINT('',(-2.15E0,4.5E-1,-5.7E0));
#2628=DIRECTION('',(-1.E0,0.E0,0.E0));
#2629=DIRECTION('',(0.E0,1.E0,0.E0));
#2630=AXIS2_PLACEMENT_3D('',#2627,#2628,#2629);
#2632=DIRECTION('',(0.E0,0.E0,-1.E0));
#2633=VECTOR('',#2632,1.E-1);
#2634=CARTESIAN_POINT('',(-2.15E0,5.5E-1,-5.6E0));
#2635=LINE('',#2634,#2633);
#2636=CARTESIAN_POINT('',(-2.15E0,4.5E-1,-5.6E0));
#2637=DIRECTION('',(-1.E0,0.E0,0.E0));
#2638=DIRECTION('',(0.E0,0.E0,1.E0));
#2639=AXIS2_PLACEMENT_3D('',#2636,#2637,#2638);
#2641=DIRECTION('',(0.E0,1.E0,0.E0));
#2642=VECTOR('',#2641,5.E-1);
#2643=CARTESIAN_POINT('',(-2.15E0,-4.999999999999E-2,-5.5E0));
#2644=LINE('',#2643,#2642);
#2645=CARTESIAN_POINT('',(-2.15E0,-4.999999999999E-2,-5.15E0));
#2646=DIRECTION('',(1.E0,0.E0,0.E0));
#2647=DIRECTION('',(0.E0,0.E0,1.E0));
#2648=AXIS2_PLACEMENT_3D('',#2645,#2646,#2647);
#2650=DIRECTION('',(0.E0,-1.E0,0.E0));
#2651=VECTOR('',#2650,5.E-1);
#2652=CARTESIAN_POINT('',(-2.15E0,4.5E-1,-4.8E0));
#2653=LINE('',#2652,#2651);
#2654=CARTESIAN_POINT('',(-2.15E0,4.5E-1,-4.7E0));
#2655=DIRECTION('',(-1.E0,0.E0,0.E0));
#2656=DIRECTION('',(0.E0,1.E0,0.E0));
#2657=AXIS2_PLACEMENT_3D('',#2654,#2655,#2656);
#2659=DIRECTION('',(0.E0,0.E0,-1.E0));
#2660=VECTOR('',#2659,1.E-1);
#2661=CARTESIAN_POINT('',(-2.15E0,5.5E-1,-4.6E0));
#2662=LINE('',#2661,#2660);
#2663=CARTESIAN_POINT('',(-2.15E0,4.5E-1,-4.6E0));
#2664=DIRECTION('',(-1.E0,0.E0,0.E0));
#2665=DIRECTION('',(0.E0,0.E0,1.E0));
#2666=AXIS2_PLACEMENT_3D('',#2663,#2664,#2665);
#2668=DIRECTION('',(0.E0,1.E0,0.E0));
#2669=VECTOR('',#2668,5.E-2);
#2670=CARTESIAN_POINT('',(-2.15E0,4.E-1,-4.5E0));
#2671=LINE('',#2670,#2669);
#2672=DIRECTION('',(0.E0,0.E0,-1.E0));
#2673=VECTOR('',#2672,8.E-1);
#2674=CARTESIAN_POINT('',(-2.15E0,4.E-1,-3.7E0));
#2675=LINE('',#2674,#2673);
#2676=DIRECTION('',(0.E0,-1.E0,0.E0));
#2677=VECTOR('',#2676,3.E-1);
#2678=CARTESIAN_POINT('',(-2.15E0,7.E-1,-3.7E0));
#2679=LINE('',#2678,#2677);
#2680=DIRECTION('',(0.E0,0.E0,-1.E0));
#2681=VECTOR('',#2680,1.E0);
#2682=CARTESIAN_POINT('',(-2.15E0,7.E-1,-2.7E0));
#2683=LINE('',#2682,#2681);
#2684=DIRECTION('',(0.E0,1.E0,0.E0));
#2685=VECTOR('',#2684,2.9E0);
#2686=CARTESIAN_POINT('',(-2.15E0,-2.2E0,-2.7E0));
#2687=LINE('',#2686,#2685);
#2688=DIRECTION('',(0.E0,0.E0,-1.E0));
#2689=VECTOR('',#2688,2.E-1);
#2690=CARTESIAN_POINT('',(-2.15E0,-2.2E0,-2.5E0));
#2691=LINE('',#2690,#2689);
#2692=DIRECTION('',(1.E0,0.E0,0.E0));
#2693=VECTOR('',#2692,7.E-1);
#2694=CARTESIAN_POINT('',(-2.85E0,-1.2E0,3.25E0));
#2695=LINE('',#2694,#2693);
#2696=DIRECTION('',(1.E0,0.E0,0.E0));
#2697=VECTOR('',#2696,7.E-1);
#2698=CARTESIAN_POINT('',(-2.85E0,-7.E-1,3.75E0));
#2699=LINE('',#2698,#2697);
#2700=DIRECTION('',(1.E0,0.E0,0.E0));
#2701=VECTOR('',#2700,7.E-1);
#2702=CARTESIAN_POINT('',(-2.85E0,7.E-1,3.75E0));
#2703=LINE('',#2702,#2701);
#2704=DIRECTION('',(1.E0,0.E0,0.E0));
#2705=VECTOR('',#2704,7.E-1);
#2706=CARTESIAN_POINT('',(-2.85E0,1.2E0,3.25E0));
#2707=LINE('',#2706,#2705);
#2708=DIRECTION('',(1.E0,0.E0,0.E0));
#2709=VECTOR('',#2708,7.E-1);
#2710=CARTESIAN_POINT('',(-2.85E0,1.4E0,-3.3E0));
#2711=LINE('',#2710,#2709);
#2712=DIRECTION('',(1.E0,0.E0,0.E0));
#2713=VECTOR('',#2712,7.E-1);
#2714=CARTESIAN_POINT('',(-2.85E0,1.4E0,-4.768148347422E0));
#2715=LINE('',#2714,#2713);
#2716=DIRECTION('',(1.E0,0.E0,0.E0));
#2717=VECTOR('',#2716,7.E-1);
#2718=CARTESIAN_POINT('',(-2.85E0,1.382962913145E0,-4.897557869973E0));
#2719=LINE('',#2718,#2717);
#2720=DIRECTION('',(1.E0,0.E0,0.E0));
#2721=VECTOR('',#2720,7.E-1);
#2722=CARTESIAN_POINT('',(-2.85E0,9.397197676620E-1,-6.551763809021E0));
#2723=LINE('',#2722,#2721);
#2724=DIRECTION('',(1.E0,0.E0,0.E0));
#2725=VECTOR('',#2724,7.E-1);
#2726=CARTESIAN_POINT('',(-2.85E0,7.465346024042E-1,-6.7E0));
#2727=LINE('',#2726,#2725);
#2728=DIRECTION('',(1.E0,0.E0,0.E0));
#2729=VECTOR('',#2728,7.E-1);
#2730=CARTESIAN_POINT('',(-2.85E0,4.E-1,-6.7E0));
#2731=LINE('',#2730,#2729);
#2732=DIRECTION('',(1.E0,0.E0,0.E0));
#2733=VECTOR('',#2732,7.E-1);
#2734=CARTESIAN_POINT('',(-2.85E0,4.E-1,-5.8E0));
#2735=LINE('',#2734,#2733);
#2736=DIRECTION('',(1.E0,0.E0,0.E0));
#2737=VECTOR('',#2736,7.E-1);
#2738=CARTESIAN_POINT('',(-2.85E0,4.5E-1,-5.8E0));
#2739=LINE('',#2738,#2737);
#2740=DIRECTION('',(1.E0,0.E0,0.E0));
#2741=VECTOR('',#2740,7.E-1);
#2742=CARTESIAN_POINT('',(-2.85E0,5.5E-1,-5.7E0));
#2743=LINE('',#2742,#2741);
#2744=DIRECTION('',(1.E0,0.E0,0.E0));
#2745=VECTOR('',#2744,7.E-1);
#2746=CARTESIAN_POINT('',(-2.85E0,5.5E-1,-5.6E0));
#2747=LINE('',#2746,#2745);
#2748=DIRECTION('',(1.E0,0.E0,0.E0));
#2749=VECTOR('',#2748,7.E-1);
#2750=CARTESIAN_POINT('',(-2.85E0,4.5E-1,-5.5E0));
#2751=LINE('',#2750,#2749);
#2752=DIRECTION('',(1.E0,0.E0,0.E0));
#2753=VECTOR('',#2752,7.E-1);
#2754=CARTESIAN_POINT('',(-2.85E0,-4.999999999999E-2,-5.5E0));
#2755=LINE('',#2754,#2753);
#2756=DIRECTION('',(1.E0,0.E0,0.E0));
#2757=VECTOR('',#2756,7.E-1);
#2758=CARTESIAN_POINT('',(-2.85E0,-4.999999999999E-2,-4.8E0));
#2759=LINE('',#2758,#2757);
#2760=DIRECTION('',(1.E0,0.E0,0.E0));
#2761=VECTOR('',#2760,7.E-1);
#2762=CARTESIAN_POINT('',(-2.85E0,4.5E-1,-4.8E0));
#2763=LINE('',#2762,#2761);
#2764=DIRECTION('',(1.E0,0.E0,0.E0));
#2765=VECTOR('',#2764,7.E-1);
#2766=CARTESIAN_POINT('',(-2.85E0,5.5E-1,-4.7E0));
#2767=LINE('',#2766,#2765);
#2768=DIRECTION('',(1.E0,0.E0,0.E0));
#2769=VECTOR('',#2768,7.E-1);
#2770=CARTESIAN_POINT('',(-2.85E0,5.5E-1,-4.6E0));
#2771=LINE('',#2770,#2769);
#2772=DIRECTION('',(1.E0,0.E0,0.E0));
#2773=VECTOR('',#2772,7.E-1);
#2774=CARTESIAN_POINT('',(-2.85E0,4.5E-1,-4.5E0));
#2775=LINE('',#2774,#2773);
#2776=DIRECTION('',(1.E0,0.E0,0.E0));
#2777=VECTOR('',#2776,7.E-1);
#2778=CARTESIAN_POINT('',(-2.85E0,4.E-1,-4.5E0));
#2779=LINE('',#2778,#2777);
#2780=DIRECTION('',(1.E0,0.E0,0.E0));
#2781=VECTOR('',#2780,7.E-1);
#2782=CARTESIAN_POINT('',(-2.85E0,4.E-1,-3.7E0));
#2783=LINE('',#2782,#2781);
#2784=DIRECTION('',(1.E0,0.E0,0.E0));
#2785=VECTOR('',#2784,7.E-1);
#2786=CARTESIAN_POINT('',(-2.85E0,7.E-1,-3.7E0));
#2787=LINE('',#2786,#2785);
#2788=DIRECTION('',(1.E0,0.E0,0.E0));
#2789=VECTOR('',#2788,7.E-1);
#2790=CARTESIAN_POINT('',(-2.85E0,7.E-1,-2.7E0));
#2791=LINE('',#2790,#2789);
#2792=DIRECTION('',(1.E0,0.E0,0.E0));
#2793=VECTOR('',#2792,7.E-1);
#2794=CARTESIAN_POINT('',(-2.85E0,-2.2E0,-2.7E0));
#2795=LINE('',#2794,#2793);
#2796=DIRECTION('',(0.E0,0.E0,1.E0));
#2797=VECTOR('',#2796,3.25E0);
#2798=CARTESIAN_POINT('',(-3.5E-1,1.2E0,0.E0));
#2799=LINE('',#2798,#2797);
#2800=CARTESIAN_POINT('',(-3.5E-1,7.E-1,3.25E0));
#2801=DIRECTION('',(1.E0,0.E0,0.E0));
#2802=DIRECTION('',(0.E0,1.E0,0.E0));
#2803=AXIS2_PLACEMENT_3D('',#2800,#2801,#2802);
#2805=DIRECTION('',(0.E0,-1.E0,0.E0));
#2806=VECTOR('',#2805,1.4E0);
#2807=CARTESIAN_POINT('',(-3.5E-1,7.E-1,3.75E0));
#2808=LINE('',#2807,#2806);
#2809=CARTESIAN_POINT('',(-3.5E-1,-7.E-1,3.25E0));
#2810=DIRECTION('',(1.E0,0.E0,0.E0));
#2811=DIRECTION('',(0.E0,0.E0,1.E0));
#2812=AXIS2_PLACEMENT_3D('',#2809,#2810,#2811);
#2814=DIRECTION('',(0.E0,0.E0,-1.E0));
#2815=VECTOR('',#2814,3.25E0);
#2816=CARTESIAN_POINT('',(-3.5E-1,-1.2E0,3.25E0));
#2817=LINE('',#2816,#2815);
#2818=DIRECTION('',(0.E0,0.E0,-1.E0));
#2819=VECTOR('',#2818,2.E-1);
#2820=CARTESIAN_POINT('',(-3.5E-1,-2.2E0,-2.5E0));
#2821=LINE('',#2820,#2819);
#2822=DIRECTION('',(0.E0,1.E0,0.E0));
#2823=VECTOR('',#2822,2.9E0);
#2824=CARTESIAN_POINT('',(-3.5E-1,-2.2E0,-2.7E0));
#2825=LINE('',#2824,#2823);
#2826=DIRECTION('',(0.E0,0.E0,-1.E0));
#2827=VECTOR('',#2826,1.E0);
#2828=CARTESIAN_POINT('',(-3.5E-1,7.E-1,-2.7E0));
#2829=LINE('',#2828,#2827);
#2830=DIRECTION('',(0.E0,-1.E0,0.E0));
#2831=VECTOR('',#2830,3.E-1);
#2832=CARTESIAN_POINT('',(-3.5E-1,7.E-1,-3.7E0));
#2833=LINE('',#2832,#2831);
#2834=DIRECTION('',(0.E0,0.E0,-1.E0));
#2835=VECTOR('',#2834,8.E-1);
#2836=CARTESIAN_POINT('',(-3.5E-1,4.E-1,-3.7E0));
#2837=LINE('',#2836,#2835);
#2838=DIRECTION('',(0.E0,1.E0,0.E0));
#2839=VECTOR('',#2838,5.E-2);
#2840=CARTESIAN_POINT('',(-3.5E-1,4.E-1,-4.5E0));
#2841=LINE('',#2840,#2839);
#2842=CARTESIAN_POINT('',(-3.5E-1,4.5E-1,-4.6E0));
#2843=DIRECTION('',(-1.E0,0.E0,0.E0));
#2844=DIRECTION('',(0.E0,0.E0,1.E0));
#2845=AXIS2_PLACEMENT_3D('',#2842,#2843,#2844);
#2847=DIRECTION('',(0.E0,0.E0,-1.E0));
#2848=VECTOR('',#2847,1.E-1);
#2849=CARTESIAN_POINT('',(-3.5E-1,5.5E-1,-4.6E0));
#2850=LINE('',#2849,#2848);
#2851=CARTESIAN_POINT('',(-3.5E-1,4.5E-1,-4.7E0));
#2852=DIRECTION('',(-1.E0,0.E0,0.E0));
#2853=DIRECTION('',(0.E0,1.E0,0.E0));
#2854=AXIS2_PLACEMENT_3D('',#2851,#2852,#2853);
#2856=DIRECTION('',(0.E0,-1.E0,0.E0));
#2857=VECTOR('',#2856,5.E-1);
#2858=CARTESIAN_POINT('',(-3.5E-1,4.5E-1,-4.8E0));
#2859=LINE('',#2858,#2857);
#2860=CARTESIAN_POINT('',(-3.5E-1,-4.999999999999E-2,-5.15E0));
#2861=DIRECTION('',(1.E0,0.E0,0.E0));
#2862=DIRECTION('',(0.E0,0.E0,1.E0));
#2863=AXIS2_PLACEMENT_3D('',#2860,#2861,#2862);
#2865=DIRECTION('',(0.E0,1.E0,0.E0));
#2866=VECTOR('',#2865,5.E-1);
#2867=CARTESIAN_POINT('',(-3.5E-1,-4.999999999999E-2,-5.5E0));
#2868=LINE('',#2867,#2866);
#2869=CARTESIAN_POINT('',(-3.5E-1,4.5E-1,-5.6E0));
#2870=DIRECTION('',(-1.E0,0.E0,0.E0));
#2871=DIRECTION('',(0.E0,0.E0,1.E0));
#2872=AXIS2_PLACEMENT_3D('',#2869,#2870,#2871);
#2874=DIRECTION('',(0.E0,0.E0,-1.E0));
#2875=VECTOR('',#2874,1.E-1);
#2876=CARTESIAN_POINT('',(-3.5E-1,5.5E-1,-5.6E0));
#2877=LINE('',#2876,#2875);
#2878=CARTESIAN_POINT('',(-3.5E-1,4.5E-1,-5.7E0));
#2879=DIRECTION('',(-1.E0,0.E0,0.E0));
#2880=DIRECTION('',(0.E0,1.E0,0.E0));
#2881=AXIS2_PLACEMENT_3D('',#2878,#2879,#2880);
#2883=DIRECTION('',(0.E0,-1.E0,0.E0));
#2884=VECTOR('',#2883,5.E-2);
#2885=CARTESIAN_POINT('',(-3.5E-1,4.5E-1,-5.8E0));
#2886=LINE('',#2885,#2884);
#2887=DIRECTION('',(0.E0,0.E0,-1.E0));
#2888=VECTOR('',#2887,9.E-1);
#2889=CARTESIAN_POINT('',(-3.5E-1,4.E-1,-5.8E0));
#2890=LINE('',#2889,#2888);
#2891=DIRECTION('',(0.E0,1.E0,0.E0));
#2892=VECTOR('',#2891,3.465346024042E-1);
#2893=CARTESIAN_POINT('',(-3.5E-1,4.E-1,-6.7E0));
#2894=LINE('',#2893,#2892);
#2895=CARTESIAN_POINT('',(-3.5E-1,7.465346024042E-1,-6.5E0));
#2896=DIRECTION('',(1.E0,0.E0,0.E0));
#2897=DIRECTION('',(0.E0,0.E0,-1.E0));
#2898=AXIS2_PLACEMENT_3D('',#2895,#2896,#2897);
#2900=DIRECTION('',(0.E0,2.588190451025E-1,9.659258262891E-1));
#2901=VECTOR('',#2900,1.712560006189E0);
#2902=CARTESIAN_POINT('',(-3.5E-1,9.397197676620E-1,-6.551763809021E0));
#2903=LINE('',#2902,#2901);
#2904=CARTESIAN_POINT('',(-3.5E-1,9.E-1,-4.768148347422E0));
#2905=DIRECTION('',(1.E0,0.E0,0.E0));
#2906=DIRECTION('',(0.E0,9.659258262891E-1,-2.588190451025E-1));
#2907=AXIS2_PLACEMENT_3D('',#2904,#2905,#2906);
#2909=DIRECTION('',(0.E0,0.E0,1.E0));
#2910=VECTOR('',#2909,1.468148347422E0);
#2911=CARTESIAN_POINT('',(-3.5E-1,1.4E0,-4.768148347422E0));
#2912=LINE('',#2911,#2910);
#2913=DIRECTION('',(0.E0,1.E0,0.E0));
#2914=VECTOR('',#2913,4.E-1);
#2915=CARTESIAN_POINT('',(-3.5E-1,1.4E0,-3.3E0));
#2916=LINE('',#2915,#2914);
#2917=DIRECTION('',(0.E0,0.E0,-1.E0));
#2918=VECTOR('',#2917,3.25E0);
#2919=CARTESIAN_POINT('',(3.5E-1,-1.2E0,3.25E0));
#2920=LINE('',#2919,#2918);
#2921=CARTESIAN_POINT('',(3.5E-1,-7.E-1,3.25E0));
#2922=DIRECTION('',(1.E0,0.E0,0.E0));
#2923=DIRECTION('',(0.E0,0.E0,1.E0));
#2924=AXIS2_PLACEMENT_3D('',#2921,#2922,#2923);
#2926=DIRECTION('',(0.E0,-1.E0,0.E0));
#2927=VECTOR('',#2926,1.4E0);
#2928=CARTESIAN_POINT('',(3.5E-1,7.E-1,3.75E0));
#2929=LINE('',#2928,#2927);
#2930=CARTESIAN_POINT('',(3.5E-1,7.E-1,3.25E0));
#2931=DIRECTION('',(1.E0,0.E0,0.E0));
#2932=DIRECTION('',(0.E0,1.E0,0.E0));
#2933=AXIS2_PLACEMENT_3D('',#2930,#2931,#2932);
#2935=DIRECTION('',(0.E0,0.E0,1.E0));
#2936=VECTOR('',#2935,3.25E0);
#2937=CARTESIAN_POINT('',(3.5E-1,1.2E0,0.E0));
#2938=LINE('',#2937,#2936);
#2939=DIRECTION('',(0.E0,1.E0,0.E0));
#2940=VECTOR('',#2939,4.E-1);
#2941=CARTESIAN_POINT('',(3.5E-1,1.4E0,-3.3E0));
#2942=LINE('',#2941,#2940);
#2943=DIRECTION('',(0.E0,0.E0,1.E0));
#2944=VECTOR('',#2943,1.468148347422E0);
#2945=CARTESIAN_POINT('',(3.5E-1,1.4E0,-4.768148347422E0));
#2946=LINE('',#2945,#2944);
#2947=CARTESIAN_POINT('',(3.5E-1,9.E-1,-4.768148347422E0));
#2948=DIRECTION('',(1.E0,0.E0,0.E0));
#2949=DIRECTION('',(0.E0,9.659258262891E-1,-2.588190451025E-1));
#2950=AXIS2_PLACEMENT_3D('',#2947,#2948,#2949);
#2952=DIRECTION('',(0.E0,2.588190451025E-1,9.659258262891E-1));
#2953=VECTOR('',#2952,1.712560006189E0);
#2954=CARTESIAN_POINT('',(3.5E-1,9.397197676620E-1,-6.551763809021E0));
#2955=LINE('',#2954,#2953);
#2956=CARTESIAN_POINT('',(3.5E-1,7.465346024042E-1,-6.5E0));
#2957=DIRECTION('',(1.E0,0.E0,0.E0));
#2958=DIRECTION('',(0.E0,0.E0,-1.E0));
#2959=AXIS2_PLACEMENT_3D('',#2956,#2957,#2958);
#2961=DIRECTION('',(0.E0,1.E0,0.E0));
#2962=VECTOR('',#2961,3.465346024042E-1);
#2963=CARTESIAN_POINT('',(3.5E-1,4.E-1,-6.7E0));
#2964=LINE('',#2963,#2962);
#2965=DIRECTION('',(0.E0,0.E0,-1.E0));
#2966=VECTOR('',#2965,9.E-1);
#2967=CARTESIAN_POINT('',(3.5E-1,4.E-1,-5.8E0));
#2968=LINE('',#2967,#2966);
#2969=DIRECTION('',(0.E0,-1.E0,0.E0));
#2970=VECTOR('',#2969,5.E-2);
#2971=CARTESIAN_POINT('',(3.5E-1,4.5E-1,-5.8E0));
#2972=LINE('',#2971,#2970);
#2973=CARTESIAN_POINT('',(3.5E-1,4.5E-1,-5.7E0));
#2974=DIRECTION('',(-1.E0,0.E0,0.E0));
#2975=DIRECTION('',(0.E0,1.E0,0.E0));
#2976=AXIS2_PLACEMENT_3D('',#2973,#2974,#2975);
#2978=DIRECTION('',(0.E0,0.E0,-1.E0));
#2979=VECTOR('',#2978,1.E-1);
#2980=CARTESIAN_POINT('',(3.5E-1,5.5E-1,-5.6E0));
#2981=LINE('',#2980,#2979);
#2982=CARTESIAN_POINT('',(3.5E-1,4.5E-1,-5.6E0));
#2983=DIRECTION('',(-1.E0,0.E0,0.E0));
#2984=DIRECTION('',(0.E0,0.E0,1.E0));
#2985=AXIS2_PLACEMENT_3D('',#2982,#2983,#2984);
#2987=DIRECTION('',(0.E0,1.E0,0.E0));
#2988=VECTOR('',#2987,5.E-1);
#2989=CARTESIAN_POINT('',(3.5E-1,-4.999999999999E-2,-5.5E0));
#2990=LINE('',#2989,#2988);
#2991=CARTESIAN_POINT('',(3.5E-1,-4.999999999999E-2,-5.15E0));
#2992=DIRECTION('',(1.E0,0.E0,0.E0));
#2993=DIRECTION('',(0.E0,0.E0,1.E0));
#2994=AXIS2_PLACEMENT_3D('',#2991,#2992,#2993);
#2996=DIRECTION('',(0.E0,-1.E0,0.E0));
#2997=VECTOR('',#2996,5.E-1);
#2998=CARTESIAN_POINT('',(3.5E-1,4.5E-1,-4.8E0));
#2999=LINE('',#2998,#2997);
#3000=CARTESIAN_POINT('',(3.5E-1,4.5E-1,-4.7E0));
#3001=DIRECTION('',(-1.E0,0.E0,0.E0));
#3002=DIRECTION('',(0.E0,1.E0,0.E0));
#3003=AXIS2_PLACEMENT_3D('',#3000,#3001,#3002);
#3005=DIRECTION('',(0.E0,0.E0,-1.E0));
#3006=VECTOR('',#3005,1.E-1);
#3007=CARTESIAN_POINT('',(3.5E-1,5.5E-1,-4.6E0));
#3008=LINE('',#3007,#3006);
#3009=CARTESIAN_POINT('',(3.5E-1,4.5E-1,-4.6E0));
#3010=DIRECTION('',(-1.E0,0.E0,0.E0));
#3011=DIRECTION('',(0.E0,0.E0,1.E0));
#3012=AXIS2_PLACEMENT_3D('',#3009,#3010,#3011);
#3014=DIRECTION('',(0.E0,1.E0,0.E0));
#3015=VECTOR('',#3014,5.E-2);
#3016=CARTESIAN_POINT('',(3.5E-1,4.E-1,-4.5E0));
#3017=LINE('',#3016,#3015);
#3018=DIRECTION('',(0.E0,0.E0,-1.E0));
#3019=VECTOR('',#3018,8.E-1);
#3020=CARTESIAN_POINT('',(3.5E-1,4.E-1,-3.7E0));
#3021=LINE('',#3020,#3019);
#3022=DIRECTION('',(0.E0,-1.E0,0.E0));
#3023=VECTOR('',#3022,3.E-1);
#3024=CARTESIAN_POINT('',(3.5E-1,7.E-1,-3.7E0));
#3025=LINE('',#3024,#3023);
#3026=DIRECTION('',(0.E0,0.E0,-1.E0));
#3027=VECTOR('',#3026,1.E0);
#3028=CARTESIAN_POINT('',(3.5E-1,7.E-1,-2.7E0));
#3029=LINE('',#3028,#3027);
#3030=DIRECTION('',(0.E0,1.E0,0.E0));
#3031=VECTOR('',#3030,2.9E0);
#3032=CARTESIAN_POINT('',(3.5E-1,-2.2E0,-2.7E0));
#3033=LINE('',#3032,#3031);
#3034=DIRECTION('',(0.E0,0.E0,-1.E0));
#3035=VECTOR('',#3034,2.E-1);
#3036=CARTESIAN_POINT('',(3.5E-1,-2.2E0,-2.5E0));
#3037=LINE('',#3036,#3035);
#3038=DIRECTION('',(1.E0,0.E0,0.E0));
#3039=VECTOR('',#3038,7.E-1);
#3040=CARTESIAN_POINT('',(-3.5E-1,-1.2E0,3.25E0));
#3041=LINE('',#3040,#3039);
#3042=DIRECTION('',(1.E0,0.E0,0.E0));
#3043=VECTOR('',#3042,7.E-1);
#3044=CARTESIAN_POINT('',(-3.5E-1,-7.E-1,3.75E0));
#3045=LINE('',#3044,#3043);
#3046=DIRECTION('',(1.E0,0.E0,0.E0));
#3047=VECTOR('',#3046,7.E-1);
#3048=CARTESIAN_POINT('',(-3.5E-1,7.E-1,3.75E0));
#3049=LINE('',#3048,#3047);
#3050=DIRECTION('',(1.E0,0.E0,0.E0));
#3051=VECTOR('',#3050,7.E-1);
#3052=CARTESIAN_POINT('',(-3.5E-1,1.2E0,3.25E0));
#3053=LINE('',#3052,#3051);
#3054=DIRECTION('',(1.E0,0.E0,0.E0));
#3055=VECTOR('',#3054,7.E-1);
#3056=CARTESIAN_POINT('',(-3.5E-1,1.4E0,-3.3E0));
#3057=LINE('',#3056,#3055);
#3058=DIRECTION('',(1.E0,0.E0,0.E0));
#3059=VECTOR('',#3058,7.E-1);
#3060=CARTESIAN_POINT('',(-3.5E-1,1.4E0,-4.768148347422E0));
#3061=LINE('',#3060,#3059);
#3062=DIRECTION('',(1.E0,0.E0,0.E0));
#3063=VECTOR('',#3062,7.E-1);
#3064=CARTESIAN_POINT('',(-3.5E-1,1.382962913145E0,-4.897557869973E0));
#3065=LINE('',#3064,#3063);
#3066=DIRECTION('',(1.E0,0.E0,0.E0));
#3067=VECTOR('',#3066,7.E-1);
#3068=CARTESIAN_POINT('',(-3.5E-1,9.397197676620E-1,-6.551763809021E0));
#3069=LINE('',#3068,#3067);
#3070=DIRECTION('',(1.E0,0.E0,0.E0));
#3071=VECTOR('',#3070,7.E-1);
#3072=CARTESIAN_POINT('',(-3.5E-1,7.465346024042E-1,-6.7E0));
#3073=LINE('',#3072,#3071);
#3074=DIRECTION('',(1.E0,0.E0,0.E0));
#3075=VECTOR('',#3074,7.E-1);
#3076=CARTESIAN_POINT('',(-3.5E-1,4.E-1,-6.7E0));
#3077=LINE('',#3076,#3075);
#3078=DIRECTION('',(1.E0,0.E0,0.E0));
#3079=VECTOR('',#3078,7.E-1);
#3080=CARTESIAN_POINT('',(-3.5E-1,4.E-1,-5.8E0));
#3081=LINE('',#3080,#3079);
#3082=DIRECTION('',(1.E0,0.E0,0.E0));
#3083=VECTOR('',#3082,7.E-1);
#3084=CARTESIAN_POINT('',(-3.5E-1,4.5E-1,-5.8E0));
#3085=LINE('',#3084,#3083);
#3086=DIRECTION('',(1.E0,0.E0,0.E0));
#3087=VECTOR('',#3086,7.E-1);
#3088=CARTESIAN_POINT('',(-3.5E-1,5.5E-1,-5.7E0));
#3089=LINE('',#3088,#3087);
#3090=DIRECTION('',(1.E0,0.E0,0.E0));
#3091=VECTOR('',#3090,7.E-1);
#3092=CARTESIAN_POINT('',(-3.5E-1,5.5E-1,-5.6E0));
#3093=LINE('',#3092,#3091);
#3094=DIRECTION('',(1.E0,0.E0,0.E0));
#3095=VECTOR('',#3094,7.E-1);
#3096=CARTESIAN_POINT('',(-3.5E-1,4.5E-1,-5.5E0));
#3097=LINE('',#3096,#3095);
#3098=DIRECTION('',(1.E0,0.E0,0.E0));
#3099=VECTOR('',#3098,7.E-1);
#3100=CARTESIAN_POINT('',(-3.5E-1,-4.999999999999E-2,-5.5E0));
#3101=LINE('',#3100,#3099);
#3102=DIRECTION('',(1.E0,0.E0,0.E0));
#3103=VECTOR('',#3102,7.E-1);
#3104=CARTESIAN_POINT('',(-3.5E-1,-4.999999999999E-2,-4.8E0));
#3105=LINE('',#3104,#3103);
#3106=DIRECTION('',(1.E0,0.E0,0.E0));
#3107=VECTOR('',#3106,7.E-1);
#3108=CARTESIAN_POINT('',(-3.5E-1,4.5E-1,-4.8E0));
#3109=LINE('',#3108,#3107);
#3110=DIRECTION('',(1.E0,0.E0,0.E0));
#3111=VECTOR('',#3110,7.E-1);
#3112=CARTESIAN_POINT('',(-3.5E-1,5.5E-1,-4.7E0));
#3113=LINE('',#3112,#3111);
#3114=DIRECTION('',(1.E0,0.E0,0.E0));
#3115=VECTOR('',#3114,7.E-1);
#3116=CARTESIAN_POINT('',(-3.5E-1,5.5E-1,-4.6E0));
#3117=LINE('',#3116,#3115);
#3118=DIRECTION('',(1.E0,0.E0,0.E0));
#3119=VECTOR('',#3118,7.E-1);
#3120=CARTESIAN_POINT('',(-3.5E-1,4.5E-1,-4.5E0));
#3121=LINE('',#3120,#3119);
#3122=DIRECTION('',(1.E0,0.E0,0.E0));
#3123=VECTOR('',#3122,7.E-1);
#3124=CARTESIAN_POINT('',(-3.5E-1,4.E-1,-4.5E0));
#3125=LINE('',#3124,#3123);
#3126=DIRECTION('',(1.E0,0.E0,0.E0));
#3127=VECTOR('',#3126,7.E-1);
#3128=CARTESIAN_POINT('',(-3.5E-1,4.E-1,-3.7E0));
#3129=LINE('',#3128,#3127);
#3130=DIRECTION('',(1.E0,0.E0,0.E0));
#3131=VECTOR('',#3130,7.E-1);
#3132=CARTESIAN_POINT('',(-3.5E-1,7.E-1,-3.7E0));
#3133=LINE('',#3132,#3131);
#3134=DIRECTION('',(1.E0,0.E0,0.E0));
#3135=VECTOR('',#3134,7.E-1);
#3136=CARTESIAN_POINT('',(-3.5E-1,7.E-1,-2.7E0));
#3137=LINE('',#3136,#3135);
#3138=DIRECTION('',(1.E0,0.E0,0.E0));
#3139=VECTOR('',#3138,7.E-1);
#3140=CARTESIAN_POINT('',(-3.5E-1,-2.2E0,-2.7E0));
#3141=LINE('',#3140,#3139);
#3142=DIRECTION('',(0.E0,0.E0,1.E0));
#3143=VECTOR('',#3142,3.25E0);
#3144=CARTESIAN_POINT('',(2.15E0,1.2E0,0.E0));
#3145=LINE('',#3144,#3143);
#3146=CARTESIAN_POINT('',(2.15E0,7.E-1,3.25E0));
#3147=DIRECTION('',(1.E0,0.E0,0.E0));
#3148=DIRECTION('',(0.E0,1.E0,0.E0));
#3149=AXIS2_PLACEMENT_3D('',#3146,#3147,#3148);
#3151=DIRECTION('',(0.E0,-1.E0,0.E0));
#3152=VECTOR('',#3151,1.4E0);
#3153=CARTESIAN_POINT('',(2.15E0,7.E-1,3.75E0));
#3154=LINE('',#3153,#3152);
#3155=CARTESIAN_POINT('',(2.15E0,-7.E-1,3.25E0));
#3156=DIRECTION('',(1.E0,0.E0,0.E0));
#3157=DIRECTION('',(0.E0,0.E0,1.E0));
#3158=AXIS2_PLACEMENT_3D('',#3155,#3156,#3157);
#3160=DIRECTION('',(0.E0,0.E0,-1.E0));
#3161=VECTOR('',#3160,3.25E0);
#3162=CARTESIAN_POINT('',(2.15E0,-1.2E0,3.25E0));
#3163=LINE('',#3162,#3161);
#3164=DIRECTION('',(0.E0,0.E0,-1.E0));
#3165=VECTOR('',#3164,2.E-1);
#3166=CARTESIAN_POINT('',(2.15E0,-2.2E0,-2.5E0));
#3167=LINE('',#3166,#3165);
#3168=DIRECTION('',(0.E0,1.E0,0.E0));
#3169=VECTOR('',#3168,2.9E0);
#3170=CARTESIAN_POINT('',(2.15E0,-2.2E0,-2.7E0));
#3171=LINE('',#3170,#3169);
#3172=DIRECTION('',(0.E0,0.E0,-1.E0));
#3173=VECTOR('',#3172,1.E0);
#3174=CARTESIAN_POINT('',(2.15E0,7.E-1,-2.7E0));
#3175=LINE('',#3174,#3173);
#3176=DIRECTION('',(0.E0,-1.E0,0.E0));
#3177=VECTOR('',#3176,3.E-1);
#3178=CARTESIAN_POINT('',(2.15E0,7.E-1,-3.7E0));
#3179=LINE('',#3178,#3177);
#3180=DIRECTION('',(0.E0,0.E0,-1.E0));
#3181=VECTOR('',#3180,8.E-1);
#3182=CARTESIAN_POINT('',(2.15E0,4.E-1,-3.7E0));
#3183=LINE('',#3182,#3181);
#3184=DIRECTION('',(0.E0,1.E0,0.E0));
#3185=VECTOR('',#3184,5.E-2);
#3186=CARTESIAN_POINT('',(2.15E0,4.E-1,-4.5E0));
#3187=LINE('',#3186,#3185);
#3188=CARTESIAN_POINT('',(2.15E0,4.5E-1,-4.6E0));
#3189=DIRECTION('',(-1.E0,0.E0,0.E0));
#3190=DIRECTION('',(0.E0,0.E0,1.E0));
#3191=AXIS2_PLACEMENT_3D('',#3188,#3189,#3190);
#3193=DIRECTION('',(0.E0,0.E0,-1.E0));
#3194=VECTOR('',#3193,1.E-1);
#3195=CARTESIAN_POINT('',(2.15E0,5.5E-1,-4.6E0));
#3196=LINE('',#3195,#3194);
#3197=CARTESIAN_POINT('',(2.15E0,4.5E-1,-4.7E0));
#3198=DIRECTION('',(-1.E0,0.E0,0.E0));
#3199=DIRECTION('',(0.E0,1.E0,0.E0));
#3200=AXIS2_PLACEMENT_3D('',#3197,#3198,#3199);
#3202=DIRECTION('',(0.E0,-1.E0,0.E0));
#3203=VECTOR('',#3202,5.E-1);
#3204=CARTESIAN_POINT('',(2.15E0,4.5E-1,-4.8E0));
#3205=LINE('',#3204,#3203);
#3206=CARTESIAN_POINT('',(2.15E0,-4.999999999999E-2,-5.15E0));
#3207=DIRECTION('',(1.E0,0.E0,0.E0));
#3208=DIRECTION('',(0.E0,0.E0,1.E0));
#3209=AXIS2_PLACEMENT_3D('',#3206,#3207,#3208);
#3211=DIRECTION('',(0.E0,1.E0,0.E0));
#3212=VECTOR('',#3211,5.E-1);
#3213=CARTESIAN_POINT('',(2.15E0,-4.999999999999E-2,-5.5E0));
#3214=LINE('',#3213,#3212);
#3215=CARTESIAN_POINT('',(2.15E0,4.5E-1,-5.6E0));
#3216=DIRECTION('',(-1.E0,0.E0,0.E0));
#3217=DIRECTION('',(0.E0,0.E0,1.E0));
#3218=AXIS2_PLACEMENT_3D('',#3215,#3216,#3217);
#3220=DIRECTION('',(0.E0,0.E0,-1.E0));
#3221=VECTOR('',#3220,1.E-1);
#3222=CARTESIAN_POINT('',(2.15E0,5.5E-1,-5.6E0));
#3223=LINE('',#3222,#3221);
#3224=CARTESIAN_POINT('',(2.15E0,4.5E-1,-5.7E0));
#3225=DIRECTION('',(-1.E0,0.E0,0.E0));
#3226=DIRECTION('',(0.E0,1.E0,0.E0));
#3227=AXIS2_PLACEMENT_3D('',#3224,#3225,#3226);
#3229=DIRECTION('',(0.E0,-1.E0,0.E0));
#3230=VECTOR('',#3229,5.E-2);
#3231=CARTESIAN_POINT('',(2.15E0,4.5E-1,-5.8E0));
#3232=LINE('',#3231,#3230);
#3233=DIRECTION('',(0.E0,0.E0,-1.E0));
#3234=VECTOR('',#3233,9.E-1);
#3235=CARTESIAN_POINT('',(2.15E0,4.E-1,-5.8E0));
#3236=LINE('',#3235,#3234);
#3237=DIRECTION('',(0.E0,1.E0,0.E0));
#3238=VECTOR('',#3237,3.465346024042E-1);
#3239=CARTESIAN_POINT('',(2.15E0,4.E-1,-6.7E0));
#3240=LINE('',#3239,#3238);
#3241=CARTESIAN_POINT('',(2.15E0,7.465346024042E-1,-6.5E0));
#3242=DIRECTION('',(1.E0,0.E0,0.E0));
#3243=DIRECTION('',(0.E0,0.E0,-1.E0));
#3244=AXIS2_PLACEMENT_3D('',#3241,#3242,#3243);
#3246=DIRECTION('',(0.E0,2.588190451025E-1,9.659258262891E-1));
#3247=VECTOR('',#3246,1.712560006189E0);
#3248=CARTESIAN_POINT('',(2.15E0,9.397197676620E-1,-6.551763809021E0));
#3249=LINE('',#3248,#3247);
#3250=CARTESIAN_POINT('',(2.15E0,9.E-1,-4.768148347422E0));
#3251=DIRECTION('',(1.E0,0.E0,0.E0));
#3252=DIRECTION('',(0.E0,9.659258262891E-1,-2.588190451025E-1));
#3253=AXIS2_PLACEMENT_3D('',#3250,#3251,#3252);
#3255=DIRECTION('',(0.E0,0.E0,1.E0));
#3256=VECTOR('',#3255,1.468148347422E0);
#3257=CARTESIAN_POINT('',(2.15E0,1.4E0,-4.768148347422E0));
#3258=LINE('',#3257,#3256);
#3259=DIRECTION('',(0.E0,1.E0,0.E0));
#3260=VECTOR('',#3259,4.E-1);
#3261=CARTESIAN_POINT('',(2.15E0,1.4E0,-3.3E0));
#3262=LINE('',#3261,#3260);
#3263=DIRECTION('',(0.E0,0.E0,-1.E0));
#3264=VECTOR('',#3263,3.25E0);
#3265=CARTESIAN_POINT('',(2.85E0,-1.2E0,3.25E0));
#3266=LINE('',#3265,#3264);
#3267=CARTESIAN_POINT('',(2.85E0,-7.E-1,3.25E0));
#3268=DIRECTION('',(1.E0,0.E0,0.E0));
#3269=DIRECTION('',(0.E0,0.E0,1.E0));
#3270=AXIS2_PLACEMENT_3D('',#3267,#3268,#3269);
#3272=DIRECTION('',(0.E0,-1.E0,0.E0));
#3273=VECTOR('',#3272,1.4E0);
#3274=CARTESIAN_POINT('',(2.85E0,7.E-1,3.75E0));
#3275=LINE('',#3274,#3273);
#3276=CARTESIAN_POINT('',(2.85E0,7.E-1,3.25E0));
#3277=DIRECTION('',(1.E0,0.E0,0.E0));
#3278=DIRECTION('',(0.E0,1.E0,0.E0));
#3279=AXIS2_PLACEMENT_3D('',#3276,#3277,#3278);
#3281=DIRECTION('',(0.E0,0.E0,1.E0));
#3282=VECTOR('',#3281,3.25E0);
#3283=CARTESIAN_POINT('',(2.85E0,1.2E0,0.E0));
#3284=LINE('',#3283,#3282);
#3285=DIRECTION('',(0.E0,1.E0,0.E0));
#3286=VECTOR('',#3285,4.E-1);
#3287=CARTESIAN_POINT('',(2.85E0,1.4E0,-3.3E0));
#3288=LINE('',#3287,#3286);
#3289=DIRECTION('',(0.E0,0.E0,1.E0));
#3290=VECTOR('',#3289,1.468148347422E0);
#3291=CARTESIAN_POINT('',(2.85E0,1.4E0,-4.768148347422E0));
#3292=LINE('',#3291,#3290);
#3293=CARTESIAN_POINT('',(2.85E0,9.E-1,-4.768148347422E0));
#3294=DIRECTION('',(1.E0,0.E0,0.E0));
#3295=DIRECTION('',(0.E0,9.659258262891E-1,-2.588190451025E-1));
#3296=AXIS2_PLACEMENT_3D('',#3293,#3294,#3295);
#3298=DIRECTION('',(0.E0,2.588190451025E-1,9.659258262891E-1));
#3299=VECTOR('',#3298,1.712560006189E0);
#3300=CARTESIAN_POINT('',(2.85E0,9.397197676620E-1,-6.551763809021E0));
#3301=LINE('',#3300,#3299);
#3302=CARTESIAN_POINT('',(2.85E0,7.465346024042E-1,-6.5E0));
#3303=DIRECTION('',(1.E0,0.E0,0.E0));
#3304=DIRECTION('',(0.E0,0.E0,-1.E0));
#3305=AXIS2_PLACEMENT_3D('',#3302,#3303,#3304);
#3307=DIRECTION('',(0.E0,1.E0,0.E0));
#3308=VECTOR('',#3307,3.465346024042E-1);
#3309=CARTESIAN_POINT('',(2.85E0,4.E-1,-6.7E0));
#3310=LINE('',#3309,#3308);
#3311=DIRECTION('',(0.E0,0.E0,-1.E0));
#3312=VECTOR('',#3311,9.E-1);
#3313=CARTESIAN_POINT('',(2.85E0,4.E-1,-5.8E0));
#3314=LINE('',#3313,#3312);
#3315=DIRECTION('',(0.E0,-1.E0,0.E0));
#3316=VECTOR('',#3315,5.E-2);
#3317=CARTESIAN_POINT('',(2.85E0,4.5E-1,-5.8E0));
#3318=LINE('',#3317,#3316);
#3319=CARTESIAN_POINT('',(2.85E0,4.5E-1,-5.7E0));
#3320=DIRECTION('',(-1.E0,0.E0,0.E0));
#3321=DIRECTION('',(0.E0,1.E0,0.E0));
#3322=AXIS2_PLACEMENT_3D('',#3319,#3320,#3321);
#3324=DIRECTION('',(0.E0,0.E0,-1.E0));
#3325=VECTOR('',#3324,1.E-1);
#3326=CARTESIAN_POINT('',(2.85E0,5.5E-1,-5.6E0));
#3327=LINE('',#3326,#3325);
#3328=CARTESIAN_POINT('',(2.85E0,4.5E-1,-5.6E0));
#3329=DIRECTION('',(-1.E0,0.E0,0.E0));
#3330=DIRECTION('',(0.E0,0.E0,1.E0));
#3331=AXIS2_PLACEMENT_3D('',#3328,#3329,#3330);
#3333=DIRECTION('',(0.E0,1.E0,0.E0));
#3334=VECTOR('',#3333,5.E-1);
#3335=CARTESIAN_POINT('',(2.85E0,-4.999999999999E-2,-5.5E0));
#3336=LINE('',#3335,#3334);
#3337=CARTESIAN_POINT('',(2.85E0,-4.999999999999E-2,-5.15E0));
#3338=DIRECTION('',(1.E0,0.E0,0.E0));
#3339=DIRECTION('',(0.E0,0.E0,1.E0));
#3340=AXIS2_PLACEMENT_3D('',#3337,#3338,#3339);
#3342=DIRECTION('',(0.E0,-1.E0,0.E0));
#3343=VECTOR('',#3342,5.E-1);
#3344=CARTESIAN_POINT('',(2.85E0,4.5E-1,-4.8E0));
#3345=LINE('',#3344,#3343);
#3346=CARTESIAN_POINT('',(2.85E0,4.5E-1,-4.7E0));
#3347=DIRECTION('',(-1.E0,0.E0,0.E0));
#3348=DIRECTION('',(0.E0,1.E0,0.E0));
#3349=AXIS2_PLACEMENT_3D('',#3346,#3347,#3348);
#3351=DIRECTION('',(0.E0,0.E0,-1.E0));
#3352=VECTOR('',#3351,1.E-1);
#3353=CARTESIAN_POINT('',(2.85E0,5.5E-1,-4.6E0));
#3354=LINE('',#3353,#3352);
#3355=CARTESIAN_POINT('',(2.85E0,4.5E-1,-4.6E0));
#3356=DIRECTION('',(-1.E0,0.E0,0.E0));
#3357=DIRECTION('',(0.E0,0.E0,1.E0));
#3358=AXIS2_PLACEMENT_3D('',#3355,#3356,#3357);
#3360=DIRECTION('',(0.E0,1.E0,0.E0));
#3361=VECTOR('',#3360,5.E-2);
#3362=CARTESIAN_POINT('',(2.85E0,4.E-1,-4.5E0));
#3363=LINE('',#3362,#3361);
#3364=DIRECTION('',(0.E0,0.E0,-1.E0));
#3365=VECTOR('',#3364,8.E-1);
#3366=CARTESIAN_POINT('',(2.85E0,4.E-1,-3.7E0));
#3367=LINE('',#3366,#3365);
#3368=DIRECTION('',(0.E0,-1.E0,0.E0));
#3369=VECTOR('',#3368,3.E-1);
#3370=CARTESIAN_POINT('',(2.85E0,7.E-1,-3.7E0));
#3371=LINE('',#3370,#3369);
#3372=DIRECTION('',(0.E0,0.E0,-1.E0));
#3373=VECTOR('',#3372,1.E0);
#3374=CARTESIAN_POINT('',(2.85E0,7.E-1,-2.7E0));
#3375=LINE('',#3374,#3373);
#3376=DIRECTION('',(0.E0,1.E0,0.E0));
#3377=VECTOR('',#3376,2.9E0);
#3378=CARTESIAN_POINT('',(2.85E0,-2.2E0,-2.7E0));
#3379=LINE('',#3378,#3377);
#3380=DIRECTION('',(0.E0,0.E0,-1.E0));
#3381=VECTOR('',#3380,2.E-1);
#3382=CARTESIAN_POINT('',(2.85E0,-2.2E0,-2.5E0));
#3383=LINE('',#3382,#3381);
#3384=DIRECTION('',(1.E0,0.E0,0.E0));
#3385=VECTOR('',#3384,7.E-1);
#3386=CARTESIAN_POINT('',(2.15E0,-1.2E0,3.25E0));
#3387=LINE('',#3386,#3385);
#3388=DIRECTION('',(1.E0,0.E0,0.E0));
#3389=VECTOR('',#3388,7.E-1);
#3390=CARTESIAN_POINT('',(2.15E0,-7.E-1,3.75E0));
#3391=LINE('',#3390,#3389);
#3392=DIRECTION('',(1.E0,0.E0,0.E0));
#3393=VECTOR('',#3392,7.E-1);
#3394=CARTESIAN_POINT('',(2.15E0,7.E-1,3.75E0));
#3395=LINE('',#3394,#3393);
#3396=DIRECTION('',(1.E0,0.E0,0.E0));
#3397=VECTOR('',#3396,7.E-1);
#3398=CARTESIAN_POINT('',(2.15E0,1.2E0,3.25E0));
#3399=LINE('',#3398,#3397);
#3400=DIRECTION('',(1.E0,0.E0,0.E0));
#3401=VECTOR('',#3400,7.E-1);
#3402=CARTESIAN_POINT('',(2.15E0,1.4E0,-3.3E0));
#3403=LINE('',#3402,#3401);
#3404=DIRECTION('',(1.E0,0.E0,0.E0));
#3405=VECTOR('',#3404,7.E-1);
#3406=CARTESIAN_POINT('',(2.15E0,1.4E0,-4.768148347422E0));
#3407=LINE('',#3406,#3405);
#3408=DIRECTION('',(1.E0,0.E0,0.E0));
#3409=VECTOR('',#3408,7.E-1);
#3410=CARTESIAN_POINT('',(2.15E0,1.382962913145E0,-4.897557869973E0));
#3411=LINE('',#3410,#3409);
#3412=DIRECTION('',(1.E0,0.E0,0.E0));
#3413=VECTOR('',#3412,7.E-1);
#3414=CARTESIAN_POINT('',(2.15E0,9.397197676620E-1,-6.551763809021E0));
#3415=LINE('',#3414,#3413);
#3416=DIRECTION('',(1.E0,0.E0,0.E0));
#3417=VECTOR('',#3416,7.E-1);
#3418=CARTESIAN_POINT('',(2.15E0,7.465346024042E-1,-6.7E0));
#3419=LINE('',#3418,#3417);
#3420=DIRECTION('',(1.E0,0.E0,0.E0));
#3421=VECTOR('',#3420,7.E-1);
#3422=CARTESIAN_POINT('',(2.15E0,4.E-1,-6.7E0));
#3423=LINE('',#3422,#3421);
#3424=DIRECTION('',(1.E0,0.E0,0.E0));
#3425=VECTOR('',#3424,7.E-1);
#3426=CARTESIAN_POINT('',(2.15E0,4.E-1,-5.8E0));
#3427=LINE('',#3426,#3425);
#3428=DIRECTION('',(1.E0,0.E0,0.E0));
#3429=VECTOR('',#3428,7.E-1);
#3430=CARTESIAN_POINT('',(2.15E0,4.5E-1,-5.8E0));
#3431=LINE('',#3430,#3429);
#3432=DIRECTION('',(1.E0,0.E0,0.E0));
#3433=VECTOR('',#3432,7.E-1);
#3434=CARTESIAN_POINT('',(2.15E0,5.5E-1,-5.7E0));
#3435=LINE('',#3434,#3433);
#3436=DIRECTION('',(1.E0,0.E0,0.E0));
#3437=VECTOR('',#3436,7.E-1);
#3438=CARTESIAN_POINT('',(2.15E0,5.5E-1,-5.6E0));
#3439=LINE('',#3438,#3437);
#3440=DIRECTION('',(1.E0,0.E0,0.E0));
#3441=VECTOR('',#3440,7.E-1);
#3442=CARTESIAN_POINT('',(2.15E0,4.5E-1,-5.5E0));
#3443=LINE('',#3442,#3441);
#3444=DIRECTION('',(1.E0,0.E0,0.E0));
#3445=VECTOR('',#3444,7.E-1);
#3446=CARTESIAN_POINT('',(2.15E0,-4.999999999999E-2,-5.5E0));
#3447=LINE('',#3446,#3445);
#3448=DIRECTION('',(1.E0,0.E0,0.E0));
#3449=VECTOR('',#3448,7.E-1);
#3450=CARTESIAN_POINT('',(2.15E0,-4.999999999999E-2,-4.8E0));
#3451=LINE('',#3450,#3449);
#3452=DIRECTION('',(1.E0,0.E0,0.E0));
#3453=VECTOR('',#3452,7.E-1);
#3454=CARTESIAN_POINT('',(2.15E0,4.5E-1,-4.8E0));
#3455=LINE('',#3454,#3453);
#3456=DIRECTION('',(1.E0,0.E0,0.E0));
#3457=VECTOR('',#3456,7.E-1);
#3458=CARTESIAN_POINT('',(2.15E0,5.5E-1,-4.7E0));
#3459=LINE('',#3458,#3457);
#3460=DIRECTION('',(1.E0,0.E0,0.E0));
#3461=VECTOR('',#3460,7.E-1);
#3462=CARTESIAN_POINT('',(2.15E0,5.5E-1,-4.6E0));
#3463=LINE('',#3462,#3461);
#3464=DIRECTION('',(1.E0,0.E0,0.E0));
#3465=VECTOR('',#3464,7.E-1);
#3466=CARTESIAN_POINT('',(2.15E0,4.5E-1,-4.5E0));
#3467=LINE('',#3466,#3465);
#3468=DIRECTION('',(1.E0,0.E0,0.E0));
#3469=VECTOR('',#3468,7.E-1);
#3470=CARTESIAN_POINT('',(2.15E0,4.E-1,-4.5E0));
#3471=LINE('',#3470,#3469);
#3472=DIRECTION('',(1.E0,0.E0,0.E0));
#3473=VECTOR('',#3472,7.E-1);
#3474=CARTESIAN_POINT('',(2.15E0,4.E-1,-3.7E0));
#3475=LINE('',#3474,#3473);
#3476=DIRECTION('',(1.E0,0.E0,0.E0));
#3477=VECTOR('',#3476,7.E-1);
#3478=CARTESIAN_POINT('',(2.15E0,7.E-1,-3.7E0));
#3479=LINE('',#3478,#3477);
#3480=DIRECTION('',(1.E0,0.E0,0.E0));
#3481=VECTOR('',#3480,7.E-1);
#3482=CARTESIAN_POINT('',(2.15E0,7.E-1,-2.7E0));
#3483=LINE('',#3482,#3481);
#3484=DIRECTION('',(1.E0,0.E0,0.E0));
#3485=VECTOR('',#3484,7.E-1);
#3486=CARTESIAN_POINT('',(2.15E0,-2.2E0,-2.7E0));
#3487=LINE('',#3486,#3485);
#3488=DIRECTION('',(6.785983445458E-1,2.810846377148E-1,-6.785983445459E-1));
#3489=VECTOR('',#3488,2.210438637312E-1);
#3490=CARTESIAN_POINT('',(5.8E0,1.5E0,1.5E-1));
#3491=LINE('',#3490,#3489);
#3492=DIRECTION('',(6.785983445458E-1,-2.810846377148E-1,-6.785983445458E-1));
#3493=VECTOR('',#3492,2.210438637312E-1);
#3494=CARTESIAN_POINT('',(5.8E0,-1.5E0,1.5E-1));
#3495=LINE('',#3494,#3493);
#3496=DIRECTION('',(2.810846377148E-1,-6.785983445458E-1,-6.785983445458E-1));
#3497=VECTOR('',#3496,2.210438637312E-1);
#3498=CARTESIAN_POINT('',(5.3E0,-2.E0,1.5E-1));
#3499=LINE('',#3498,#3497);
#3500=DIRECTION('',(-7.071067811865E-1,-7.071067811865E-1,0.E0));
#3501=VECTOR('',#3500,7.071067811865E-1);
#3502=CARTESIAN_POINT('',(5.8E0,-1.5E0,1.5E-1));
#3503=LINE('',#3502,#3501);
#3504=DIRECTION('',(1.E0,0.E0,0.E0));
#3505=VECTOR('',#3504,6.E-1);
#3506=CARTESIAN_POINT('',(4.7E0,-2.E0,1.5E-1));
#3507=LINE('',#3506,#3505);
#3508=DIRECTION('',(0.E0,0.E0,1.E0));
#3509=VECTOR('',#3508,4.4E0);
#3510=CARTESIAN_POINT('',(4.7E0,-2.E0,1.5E-1));
#3511=LINE('',#3510,#3509);
#3512=DIRECTION('',(-1.E0,0.E0,0.E0));
#3513=VECTOR('',#3512,6.E-1);
#3514=CARTESIAN_POINT('',(5.3E0,-2.E0,4.55E0));
#3515=LINE('',#3514,#3513);
#3516=DIRECTION('',(0.E0,0.E0,-1.E0));
#3517=VECTOR('',#3516,4.4E0);
#3518=CARTESIAN_POINT('',(5.3E0,-2.E0,4.55E0));
#3519=LINE('',#3518,#3517);
#3520=DIRECTION('',(-2.810846377148E-1,-6.785983445458E-1,-6.785983445458E-1));
#3521=VECTOR('',#3520,2.210438637312E-1);
#3522=CARTESIAN_POINT('',(4.7E0,-2.E0,1.5E-1));
#3523=LINE('',#3522,#3521);
#3524=DIRECTION('',(-6.785983445458E-1,-2.810846377148E-1,-6.785983445458E-1));
#3525=VECTOR('',#3524,2.210438637312E-1);
#3526=CARTESIAN_POINT('',(4.2E0,-1.5E0,1.5E-1));
#3527=LINE('',#3526,#3525);
#3528=DIRECTION('',(-6.785983445459E-1,2.810846377148E-1,-6.785983445458E-1));
#3529=VECTOR('',#3528,2.210438637312E-1);
#3530=CARTESIAN_POINT('',(4.2E0,1.5E0,1.5E-1));
#3531=LINE('',#3530,#3529);
#3532=DIRECTION('',(-2.810846377148E-1,6.785983445458E-1,-6.785983445458E-1));
#3533=VECTOR('',#3532,2.210438637312E-1);
#3534=CARTESIAN_POINT('',(4.7E0,2.E0,1.5E-1));
#3535=LINE('',#3534,#3533);
#3536=DIRECTION('',(7.071067811865E-1,7.071067811865E-1,0.E0));
#3537=VECTOR('',#3536,7.071067811865E-1);
#3538=CARTESIAN_POINT('',(4.2E0,1.5E0,1.5E-1));
#3539=LINE('',#3538,#3537);
#3540=DIRECTION('',(-1.E0,0.E0,0.E0));
#3541=VECTOR('',#3540,6.E-1);
#3542=CARTESIAN_POINT('',(5.3E0,2.E0,1.5E-1));
#3543=LINE('',#3542,#3541);
#3544=DIRECTION('',(0.E0,0.E0,1.E0));
#3545=VECTOR('',#3544,4.4E0);
#3546=CARTESIAN_POINT('',(5.3E0,2.E0,1.5E-1));
#3547=LINE('',#3546,#3545);
#3548=DIRECTION('',(-1.E0,0.E0,0.E0));
#3549=VECTOR('',#3548,6.E-1);
#3550=CARTESIAN_POINT('',(5.3E0,2.E0,4.55E0));
#3551=LINE('',#3550,#3549);
#3552=DIRECTION('',(0.E0,0.E0,-1.E0));
#3553=VECTOR('',#3552,4.4E0);
#3554=CARTESIAN_POINT('',(4.7E0,2.E0,4.55E0));
#3555=LINE('',#3554,#3553);
#3556=DIRECTION('',(2.810846377148E-1,6.785983445458E-1,-6.785983445459E-1));
#3557=VECTOR('',#3556,2.210438637312E-1);
#3558=CARTESIAN_POINT('',(5.3E0,2.E0,1.5E-1));
#3559=LINE('',#3558,#3557);
#3560=DIRECTION('',(7.071067811865E-1,-7.071067811865E-1,0.E0));
#3561=VECTOR('',#3560,7.071067811865E-1);
#3562=CARTESIAN_POINT('',(5.3E0,2.E0,1.5E-1));
#3563=LINE('',#3562,#3561);
#3564=DIRECTION('',(0.E0,1.E0,0.E0));
#3565=VECTOR('',#3564,3.E0);
#3566=CARTESIAN_POINT('',(5.8E0,-1.5E0,1.5E-1));
#3567=LINE('',#3566,#3565);
#3568=DIRECTION('',(0.E0,0.E0,-1.E0));
#3569=VECTOR('',#3568,4.9E0);
#3570=CARTESIAN_POINT('',(5.8E0,-1.5E0,5.05E0));
#3571=LINE('',#3570,#3569);
#3572=DIRECTION('',(0.E0,-1.E0,0.E0));
#3573=VECTOR('',#3572,3.E0);
#3574=CARTESIAN_POINT('',(5.8E0,1.5E0,5.05E0));
#3575=LINE('',#3574,#3573);
#3576=DIRECTION('',(0.E0,0.E0,1.E0));
#3577=VECTOR('',#3576,4.9E0);
#3578=CARTESIAN_POINT('',(5.8E0,1.5E0,1.5E-1));
#3579=LINE('',#3578,#3577);
#3580=DIRECTION('',(-1.E0,0.E0,0.E0));
#3581=VECTOR('',#3580,1.6E0);
#3582=CARTESIAN_POINT('',(5.8E0,1.5E0,5.05E0));
#3583=LINE('',#3582,#3581);
#3584=DIRECTION('',(-1.E0,0.E0,0.E0));
#3585=VECTOR('',#3584,1.6E0);
#3586=CARTESIAN_POINT('',(5.8E0,-1.5E0,5.05E0));
#3587=LINE('',#3586,#3585);
#3588=DIRECTION('',(-5.773502691896E-1,-5.773502691896E-1,5.773502691896E-1));
#3589=VECTOR('',#3588,8.660254037844E-1);
#3590=CARTESIAN_POINT('',(4.7E0,2.E0,4.55E0));
#3591=LINE('',#3590,#3589);
#3592=DIRECTION('',(-5.773502691896E-1,5.773502691896E-1,-5.773502691896E-1));
#3593=VECTOR('',#3592,8.660254037844E-1);
#3594=CARTESIAN_POINT('',(5.8E0,1.5E0,5.05E0));
#3595=LINE('',#3594,#3593);
#3596=DIRECTION('',(5.773502691896E-1,5.773502691896E-1,5.773502691896E-1));
#3597=VECTOR('',#3596,8.660254037844E-1);
#3598=CARTESIAN_POINT('',(5.3E0,-2.E0,4.55E0));
#3599=LINE('',#3598,#3597);
#3600=DIRECTION('',(-7.071067811865E-1,7.071067811865E-1,0.E0));
#3601=VECTOR('',#3600,7.071067811865E-1);
#3602=CARTESIAN_POINT('',(4.7E0,-2.E0,1.5E-1));
#3603=LINE('',#3602,#3601);
#3604=DIRECTION('',(-5.773502691896E-1,5.773502691896E-1,5.773502691896E-1));
#3605=VECTOR('',#3604,8.660254037844E-1);
#3606=CARTESIAN_POINT('',(4.7E0,-2.E0,4.55E0));
#3607=LINE('',#3606,#3605);
#3608=DIRECTION('',(0.E0,-1.E0,0.E0));
#3609=VECTOR('',#3608,3.E0);
#3610=CARTESIAN_POINT('',(4.2E0,1.5E0,1.5E-1));
#3611=LINE('',#3610,#3609);
#3612=DIRECTION('',(0.E0,0.E0,-1.E0));
#3613=VECTOR('',#3612,4.9E0);
#3614=CARTESIAN_POINT('',(4.2E0,1.5E0,5.05E0));
#3615=LINE('',#3614,#3613);
#3616=DIRECTION('',(0.E0,-1.E0,0.E0));
#3617=VECTOR('',#3616,3.E0);
#3618=CARTESIAN_POINT('',(4.2E0,1.5E0,5.05E0));
#3619=LINE('',#3618,#3617);
#3620=DIRECTION('',(0.E0,0.E0,1.E0));
#3621=VECTOR('',#3620,4.9E0);
#3622=CARTESIAN_POINT('',(4.2E0,-1.5E0,1.5E-1));
#3623=LINE('',#3622,#3621);
#3624=CARTESIAN_POINT('',(9.35E0,-2.4E0,0.E0));
#3625=CARTESIAN_POINT('',(-9.35E0,-2.4E0,0.E0));
#3626=VERTEX_POINT('',#3624);
#3627=VERTEX_POINT('',#3625);
#3628=CARTESIAN_POINT('',(9.35E0,4.E-1,0.E0));
#3629=VERTEX_POINT('',#3628);
#3630=CARTESIAN_POINT('',(1.355E1,4.E-1,0.E0));
#3631=VERTEX_POINT('',#3630);
#3632=CARTESIAN_POINT('',(1.355E1,2.4E0,0.E0));
#3633=VERTEX_POINT('',#3632);
#3634=CARTESIAN_POINT('',(-1.355E1,2.4E0,0.E0));
#3635=VERTEX_POINT('',#3634);
#3636=CARTESIAN_POINT('',(-1.355E1,4.E-1,0.E0));
#3637=VERTEX_POINT('',#3636);
#3638=CARTESIAN_POINT('',(-9.35E0,4.E-1,0.E0));
#3639=VERTEX_POINT('',#3638);
#3640=CARTESIAN_POINT('',(1.355E1,2.4E0,-9.5E0));
#3641=CARTESIAN_POINT('',(1.355E1,4.E-1,-9.5E0));
#3642=VERTEX_POINT('',#3640);
#3643=VERTEX_POINT('',#3641);
#3644=CARTESIAN_POINT('',(-1.355E1,4.E-1,-9.5E0));
#3645=CARTESIAN_POINT('',(-1.355E1,2.4E0,-9.5E0));
#3646=VERTEX_POINT('',#3644);
#3647=VERTEX_POINT('',#3645);
#3648=CARTESIAN_POINT('',(1.2715E1,4.E-1,-6.2E0));
#3649=CARTESIAN_POINT('',(1.0185E1,4.E-1,-6.2E0));
#3650=VERTEX_POINT('',#3648);
#3651=VERTEX_POINT('',#3649);
#3652=CARTESIAN_POINT('',(-9.35E0,4.E-1,-9.5E0));
#3653=CARTESIAN_POINT('',(-9.35E0,2.4E0,-9.5E0));
#3654=VERTEX_POINT('',#3652);
#3655=VERTEX_POINT('',#3653);
#3656=CARTESIAN_POINT('',(9.35E0,4.E-1,-9.5E0));
#3657=CARTESIAN_POINT('',(9.35E0,2.4E0,-9.5E0));
#3658=VERTEX_POINT('',#3656);
#3659=VERTEX_POINT('',#3657);
#3660=CARTESIAN_POINT('',(-9.35E0,-2.4E0,-2.5E0));
#3661=CARTESIAN_POINT('',(9.35E0,-2.4E0,-2.5E0));
#3662=VERTEX_POINT('',#3660);
#3663=VERTEX_POINT('',#3661);
#3664=CARTESIAN_POINT('',(9.35E0,4.E-1,-2.5E0));
#3665=VERTEX_POINT('',#3664);
#3666=CARTESIAN_POINT('',(-9.35E0,4.E-1,-2.5E0));
#3667=VERTEX_POINT('',#3666);
#3668=CARTESIAN_POINT('',(-9.35E0,1.8E0,-2.5E0));
#3669=CARTESIAN_POINT('',(-9.35E0,1.8E0,-3.5E0));
#3670=VERTEX_POINT('',#3668);
#3671=VERTEX_POINT('',#3669);
#3672=CARTESIAN_POINT('',(-9.35E0,2.4E0,-3.5E0));
#3673=VERTEX_POINT('',#3672);
#3674=CARTESIAN_POINT('',(9.35E0,1.8E0,-2.5E0));
#3675=CARTESIAN_POINT('',(9.35E0,1.8E0,-3.5E0));
#3676=VERTEX_POINT('',#3674);
#3677=VERTEX_POINT('',#3675);
#3678=CARTESIAN_POINT('',(9.35E0,2.4E0,-3.5E0));
#3679=VERTEX_POINT('',#3678);
#3680=CARTESIAN_POINT('',(1.355E1,1.4E0,-5.2E0));
#3681=CARTESIAN_POINT('',(1.355E1,1.4E0,-7.2E0));
#3682=VERTEX_POINT('',#3680);
#3683=VERTEX_POINT('',#3681);
#3684=CARTESIAN_POINT('',(-1.355E1,1.4E0,-5.2E0));
#3685=CARTESIAN_POINT('',(-1.355E1,1.4E0,-7.2E0));
#3686=VERTEX_POINT('',#3684);
#3687=VERTEX_POINT('',#3685);
#3688=CARTESIAN_POINT('',(-9.35E0,1.4E0,-5.2E0));
#3689=CARTESIAN_POINT('',(-9.35E0,1.4E0,-7.2E0));
#3690=VERTEX_POINT('',#3688);
#3691=VERTEX_POINT('',#3689);
#3692=CARTESIAN_POINT('',(9.35E0,1.4E0,-5.2E0));
#3693=CARTESIAN_POINT('',(9.35E0,1.4E0,-7.2E0));
#3694=VERTEX_POINT('',#3692);
#3695=VERTEX_POINT('',#3693);
#3696=CARTESIAN_POINT('',(-1.340959179423E1,1.4E0,-7.2E0));
#3697=VERTEX_POINT('',#3696);
#3698=CARTESIAN_POINT('',(-1.340959179423E1,1.4E0,-5.2E0));
#3699=VERTEX_POINT('',#3698);
#3700=CARTESIAN_POINT('',(-9.490408205773E0,1.4E0,-5.2E0));
#3701=VERTEX_POINT('',#3700);
#3702=CARTESIAN_POINT('',(-9.490408205773E0,1.4E0,-7.2E0));
#3703=VERTEX_POINT('',#3702);
#3704=CARTESIAN_POINT('',(1.197E1,4.E-1,-9.E0));
#3705=CARTESIAN_POINT('',(1.093E1,4.E-1,-9.E0));
#3706=VERTEX_POINT('',#3704);
#3707=VERTEX_POINT('',#3705);
#3708=CARTESIAN_POINT('',(1.093E1,4.E-1,-8.45E0));
#3709=VERTEX_POINT('',#3708);
#3710=CARTESIAN_POINT('',(1.197E1,4.E-1,-8.45E0));
#3711=VERTEX_POINT('',#3710);
#3712=CARTESIAN_POINT('',(1.197E1,4.E-1,-3.4E0));
#3713=CARTESIAN_POINT('',(1.197E1,4.E-1,-3.95E0));
#3714=VERTEX_POINT('',#3712);
#3715=VERTEX_POINT('',#3713);
#3716=CARTESIAN_POINT('',(1.093E1,4.E-1,-3.95E0));
#3717=VERTEX_POINT('',#3716);
#3718=CARTESIAN_POINT('',(1.093E1,4.E-1,-3.4E0));
#3719=VERTEX_POINT('',#3718);
#3720=CARTESIAN_POINT('',(-1.197E1,4.E-1,-9.E0));
#3721=CARTESIAN_POINT('',(-1.197E1,4.E-1,-8.45E0));
#3722=VERTEX_POINT('',#3720);
#3723=VERTEX_POINT('',#3721);
#3724=CARTESIAN_POINT('',(-1.093E1,4.E-1,-8.45E0));
#3725=VERTEX_POINT('',#3724);
#3726=CARTESIAN_POINT('',(-1.093E1,4.E-1,-9.E0));
#3727=VERTEX_POINT('',#3726);
#3728=CARTESIAN_POINT('',(-1.197E1,4.E-1,-3.4E0));
#3729=CARTESIAN_POINT('',(-1.093E1,4.E-1,-3.4E0));
#3730=VERTEX_POINT('',#3728);
#3731=VERTEX_POINT('',#3729);
#3732=CARTESIAN_POINT('',(-1.093E1,4.E-1,-3.95E0));
#3733=VERTEX_POINT('',#3732);
#3734=CARTESIAN_POINT('',(-1.197E1,4.E-1,-3.95E0));
#3735=VERTEX_POINT('',#3734);
#3736=CARTESIAN_POINT('',(-7.85E0,-1.2E0,0.E0));
#3737=CARTESIAN_POINT('',(-7.85E0,1.2E0,0.E0));
#3738=VERTEX_POINT('',#3736);
#3739=VERTEX_POINT('',#3737);
#3740=CARTESIAN_POINT('',(-7.15E0,-1.2E0,0.E0));
#3741=CARTESIAN_POINT('',(-7.15E0,1.2E0,0.E0));
#3742=VERTEX_POINT('',#3740);
#3743=VERTEX_POINT('',#3741);
#3744=CARTESIAN_POINT('',(-7.85E0,7.E-1,-2.7E0));
#3745=CARTESIAN_POINT('',(-7.85E0,7.E-1,-3.7E0));
#3746=VERTEX_POINT('',#3744);
#3747=VERTEX_POINT('',#3745);
#3748=CARTESIAN_POINT('',(-7.85E0,4.E-1,-3.7E0));
#3749=VERTEX_POINT('',#3748);
#3750=CARTESIAN_POINT('',(-7.85E0,4.E-1,-4.5E0));
#3751=VERTEX_POINT('',#3750);
#3752=CARTESIAN_POINT('',(-7.85E0,4.5E-1,-4.5E0));
#3753=VERTEX_POINT('',#3752);
#3754=CARTESIAN_POINT('',(-7.85E0,5.5E-1,-4.6E0));
#3755=CARTESIAN_POINT('',(-7.85E0,5.5E-1,-4.7E0));
#3756=VERTEX_POINT('',#3754);
#3757=VERTEX_POINT('',#3755);
#3758=CARTESIAN_POINT('',(-7.85E0,4.5E-1,-4.8E0));
#3759=CARTESIAN_POINT('',(-7.85E0,-4.999999999999E-2,-4.8E0));
#3760=VERTEX_POINT('',#3758);
#3761=VERTEX_POINT('',#3759);
#3762=CARTESIAN_POINT('',(-7.85E0,-4.999999999999E-2,-5.5E0));
#3763=CARTESIAN_POINT('',(-7.85E0,4.5E-1,-5.5E0));
#3764=VERTEX_POINT('',#3762);
#3765=VERTEX_POINT('',#3763);
#3766=CARTESIAN_POINT('',(-7.85E0,4.5E-1,-5.8E0));
#3767=CARTESIAN_POINT('',(-7.85E0,4.E-1,-5.8E0));
#3768=VERTEX_POINT('',#3766);
#3769=VERTEX_POINT('',#3767);
#3770=CARTESIAN_POINT('',(-7.85E0,4.E-1,-6.7E0));
#3771=VERTEX_POINT('',#3770);
#3772=CARTESIAN_POINT('',(-7.85E0,7.465346024042E-1,-6.7E0));
#3773=VERTEX_POINT('',#3772);
#3774=CARTESIAN_POINT('',(-7.85E0,9.397197676620E-1,-6.551763809021E0));
#3775=CARTESIAN_POINT('',(-7.85E0,1.382962913145E0,-4.897557869973E0));
#3776=VERTEX_POINT('',#3774);
#3777=VERTEX_POINT('',#3775);
#3778=CARTESIAN_POINT('',(-7.85E0,1.4E0,-4.768148347422E0));
#3779=CARTESIAN_POINT('',(-7.85E0,1.4E0,-3.3E0));
#3780=VERTEX_POINT('',#3778);
#3781=VERTEX_POINT('',#3779);
#3782=CARTESIAN_POINT('',(-7.85E0,-2.2E0,-2.7E0));
#3783=VERTEX_POINT('',#3782);
#3784=CARTESIAN_POINT('',(-7.15E0,7.E-1,-2.7E0));
#3785=CARTESIAN_POINT('',(-7.15E0,7.E-1,-3.7E0));
#3786=VERTEX_POINT('',#3784);
#3787=VERTEX_POINT('',#3785);
#3788=CARTESIAN_POINT('',(-7.15E0,4.E-1,-3.7E0));
#3789=VERTEX_POINT('',#3788);
#3790=CARTESIAN_POINT('',(-7.15E0,4.E-1,-4.5E0));
#3791=VERTEX_POINT('',#3790);
#3792=CARTESIAN_POINT('',(-7.15E0,4.5E-1,-4.5E0));
#3793=VERTEX_POINT('',#3792);
#3794=CARTESIAN_POINT('',(-7.15E0,5.5E-1,-4.6E0));
#3795=CARTESIAN_POINT('',(-7.15E0,5.5E-1,-4.7E0));
#3796=VERTEX_POINT('',#3794);
#3797=VERTEX_POINT('',#3795);
#3798=CARTESIAN_POINT('',(-7.15E0,4.5E-1,-4.8E0));
#3799=CARTESIAN_POINT('',(-7.15E0,-4.999999999999E-2,-4.8E0));
#3800=VERTEX_POINT('',#3798);
#3801=VERTEX_POINT('',#3799);
#3802=CARTESIAN_POINT('',(-7.15E0,-4.999999999999E-2,-5.5E0));
#3803=CARTESIAN_POINT('',(-7.15E0,4.5E-1,-5.5E0));
#3804=VERTEX_POINT('',#3802);
#3805=VERTEX_POINT('',#3803);
#3806=CARTESIAN_POINT('',(-7.15E0,4.5E-1,-5.8E0));
#3807=CARTESIAN_POINT('',(-7.15E0,4.E-1,-5.8E0));
#3808=VERTEX_POINT('',#3806);
#3809=VERTEX_POINT('',#3807);
#3810=CARTESIAN_POINT('',(-7.15E0,4.E-1,-6.7E0));
#3811=VERTEX_POINT('',#3810);
#3812=CARTESIAN_POINT('',(-7.15E0,7.465346024042E-1,-6.7E0));
#3813=VERTEX_POINT('',#3812);
#3814=CARTESIAN_POINT('',(-7.15E0,9.397197676620E-1,-6.551763809021E0));
#3815=CARTESIAN_POINT('',(-7.15E0,1.382962913145E0,-4.897557869973E0));
#3816=VERTEX_POINT('',#3814);
#3817=VERTEX_POINT('',#3815);
#3818=CARTESIAN_POINT('',(-7.15E0,1.4E0,-4.768148347422E0));
#3819=CARTESIAN_POINT('',(-7.15E0,1.4E0,-3.3E0));
#3820=VERTEX_POINT('',#3818);
#3821=VERTEX_POINT('',#3819);
#3822=CARTESIAN_POINT('',(-7.15E0,-2.2E0,-2.7E0));
#3823=VERTEX_POINT('',#3822);
#3824=CARTESIAN_POINT('',(-7.85E0,1.8E0,-2.5E0));
#3825=CARTESIAN_POINT('',(-7.85E0,-2.2E0,-2.5E0));
#3826=VERTEX_POINT('',#3824);
#3827=VERTEX_POINT('',#3825);
#3828=CARTESIAN_POINT('',(-7.15E0,1.8E0,-2.5E0));
#3829=CARTESIAN_POINT('',(-7.15E0,-2.2E0,-2.5E0));
#3830=VERTEX_POINT('',#3828);
#3831=VERTEX_POINT('',#3829);
#3832=CARTESIAN_POINT('',(-7.85E0,1.8E0,-3.3E0));
#3833=VERTEX_POINT('',#3832);
#3834=CARTESIAN_POINT('',(-7.15E0,1.8E0,-3.3E0));
#3835=VERTEX_POINT('',#3834);
#3836=CARTESIAN_POINT('',(-1.0185E1,4.E-1,-6.2E0));
#3837=CARTESIAN_POINT('',(-1.2715E1,4.E-1,-6.2E0));
#3838=VERTEX_POINT('',#3836);
#3839=VERTEX_POINT('',#3837);
#3840=CARTESIAN_POINT('',(9.490408205773E0,1.4E0,-7.2E0));
#3841=VERTEX_POINT('',#3840);
#3842=CARTESIAN_POINT('',(9.490408205773E0,1.4E0,-5.2E0));
#3843=VERTEX_POINT('',#3842);
#3844=CARTESIAN_POINT('',(1.340959179423E1,1.4E0,-5.2E0));
#3845=VERTEX_POINT('',#3844);
#3846=CARTESIAN_POINT('',(1.340959179423E1,1.4E0,-7.2E0));
#3847=VERTEX_POINT('',#3846);
#3848=CARTESIAN_POINT('',(-7.85E0,5.5E-1,-5.6E0));
#3849=VERTEX_POINT('',#3848);
#3850=CARTESIAN_POINT('',(-7.85E0,5.5E-1,-5.7E0));
#3851=VERTEX_POINT('',#3850);
#3852=CARTESIAN_POINT('',(-7.15E0,5.5E-1,-5.6E0));
#3853=VERTEX_POINT('',#3852);
#3854=CARTESIAN_POINT('',(-7.15E0,5.5E-1,-5.7E0));
#3855=VERTEX_POINT('',#3854);
#3856=CARTESIAN_POINT('',(-5.35E0,1.2E0,3.25E0));
#3857=CARTESIAN_POINT('',(-5.35E0,7.E-1,3.75E0));
#3858=VERTEX_POINT('',#3856);
#3859=VERTEX_POINT('',#3857);
#3860=CARTESIAN_POINT('',(-5.35E0,-7.E-1,3.75E0));
#3861=VERTEX_POINT('',#3860);
#3862=CARTESIAN_POINT('',(-5.35E0,-1.2E0,3.25E0));
#3863=VERTEX_POINT('',#3862);
#3864=CARTESIAN_POINT('',(-5.35E0,7.E-1,-2.7E0));
#3865=CARTESIAN_POINT('',(-5.35E0,7.E-1,-3.7E0));
#3866=VERTEX_POINT('',#3864);
#3867=VERTEX_POINT('',#3865);
#3868=CARTESIAN_POINT('',(-5.35E0,4.E-1,-3.7E0));
#3869=VERTEX_POINT('',#3868);
#3870=CARTESIAN_POINT('',(-5.35E0,4.E-1,-4.5E0));
#3871=VERTEX_POINT('',#3870);
#3872=CARTESIAN_POINT('',(-5.35E0,4.5E-1,-4.5E0));
#3873=VERTEX_POINT('',#3872);
#3874=CARTESIAN_POINT('',(-5.35E0,5.5E-1,-4.6E0));
#3875=VERTEX_POINT('',#3874);
#3876=CARTESIAN_POINT('',(-5.35E0,5.5E-1,-4.7E0));
#3877=VERTEX_POINT('',#3876);
#3878=CARTESIAN_POINT('',(-5.35E0,4.5E-1,-4.8E0));
#3879=VERTEX_POINT('',#3878);
#3880=CARTESIAN_POINT('',(-5.35E0,-4.999999999999E-2,-4.8E0));
#3881=VERTEX_POINT('',#3880);
#3882=CARTESIAN_POINT('',(-5.35E0,-4.999999999999E-2,-5.5E0));
#3883=VERTEX_POINT('',#3882);
#3884=CARTESIAN_POINT('',(-5.35E0,4.5E-1,-5.5E0));
#3885=VERTEX_POINT('',#3884);
#3886=CARTESIAN_POINT('',(-5.35E0,5.5E-1,-5.6E0));
#3887=VERTEX_POINT('',#3886);
#3888=CARTESIAN_POINT('',(-5.35E0,5.5E-1,-5.7E0));
#3889=VERTEX_POINT('',#3888);
#3890=CARTESIAN_POINT('',(-5.35E0,4.5E-1,-5.8E0));
#3891=VERTEX_POINT('',#3890);
#3892=CARTESIAN_POINT('',(-5.35E0,4.E-1,-5.8E0));
#3893=VERTEX_POINT('',#3892);
#3894=CARTESIAN_POINT('',(-5.35E0,4.E-1,-6.7E0));
#3895=VERTEX_POINT('',#3894);
#3896=CARTESIAN_POINT('',(-5.35E0,7.465346024042E-1,-6.7E0));
#3897=VERTEX_POINT('',#3896);
#3898=CARTESIAN_POINT('',(-5.35E0,9.397197676620E-1,-6.551763809021E0));
#3899=CARTESIAN_POINT('',(-5.35E0,1.382962913145E0,-4.897557869973E0));
#3900=VERTEX_POINT('',#3898);
#3901=VERTEX_POINT('',#3899);
#3902=CARTESIAN_POINT('',(-5.35E0,1.4E0,-4.768148347422E0));
#3903=CARTESIAN_POINT('',(-5.35E0,1.4E0,-3.3E0));
#3904=VERTEX_POINT('',#3902);
#3905=VERTEX_POINT('',#3903);
#3906=CARTESIAN_POINT('',(-5.35E0,-2.2E0,-2.7E0));
#3907=VERTEX_POINT('',#3906);
#3908=CARTESIAN_POINT('',(-4.65E0,1.2E0,3.25E0));
#3909=CARTESIAN_POINT('',(-4.65E0,7.E-1,3.75E0));
#3910=VERTEX_POINT('',#3908);
#3911=VERTEX_POINT('',#3909);
#3912=CARTESIAN_POINT('',(-4.65E0,-7.E-1,3.75E0));
#3913=VERTEX_POINT('',#3912);
#3914=CARTESIAN_POINT('',(-4.65E0,-1.2E0,3.25E0));
#3915=VERTEX_POINT('',#3914);
#3916=CARTESIAN_POINT('',(-4.65E0,7.E-1,-2.7E0));
#3917=CARTESIAN_POINT('',(-4.65E0,7.E-1,-3.7E0));
#3918=VERTEX_POINT('',#3916);
#3919=VERTEX_POINT('',#3917);
#3920=CARTESIAN_POINT('',(-4.65E0,4.E-1,-3.7E0));
#3921=VERTEX_POINT('',#3920);
#3922=CARTESIAN_POINT('',(-4.65E0,4.E-1,-4.5E0));
#3923=VERTEX_POINT('',#3922);
#3924=CARTESIAN_POINT('',(-4.65E0,4.5E-1,-4.5E0));
#3925=VERTEX_POINT('',#3924);
#3926=CARTESIAN_POINT('',(-4.65E0,5.5E-1,-4.6E0));
#3927=VERTEX_POINT('',#3926);
#3928=CARTESIAN_POINT('',(-4.65E0,5.5E-1,-4.7E0));
#3929=VERTEX_POINT('',#3928);
#3930=CARTESIAN_POINT('',(-4.65E0,4.5E-1,-4.8E0));
#3931=VERTEX_POINT('',#3930);
#3932=CARTESIAN_POINT('',(-4.65E0,-4.999999999999E-2,-4.8E0));
#3933=VERTEX_POINT('',#3932);
#3934=CARTESIAN_POINT('',(-4.65E0,-4.999999999999E-2,-5.5E0));
#3935=VERTEX_POINT('',#3934);
#3936=CARTESIAN_POINT('',(-4.65E0,4.5E-1,-5.5E0));
#3937=VERTEX_POINT('',#3936);
#3938=CARTESIAN_POINT('',(-4.65E0,5.5E-1,-5.6E0));
#3939=VERTEX_POINT('',#3938);
#3940=CARTESIAN_POINT('',(-4.65E0,5.5E-1,-5.7E0));
#3941=VERTEX_POINT('',#3940);
#3942=CARTESIAN_POINT('',(-4.65E0,4.5E-1,-5.8E0));
#3943=VERTEX_POINT('',#3942);
#3944=CARTESIAN_POINT('',(-4.65E0,4.E-1,-5.8E0));
#3945=VERTEX_POINT('',#3944);
#3946=CARTESIAN_POINT('',(-4.65E0,4.E-1,-6.7E0));
#3947=VERTEX_POINT('',#3946);
#3948=CARTESIAN_POINT('',(-4.65E0,7.465346024042E-1,-6.7E0));
#3949=VERTEX_POINT('',#3948);
#3950=CARTESIAN_POINT('',(-4.65E0,9.397197676620E-1,-6.551763809021E0));
#3951=CARTESIAN_POINT('',(-4.65E0,1.382962913145E0,-4.897557869973E0));
#3952=VERTEX_POINT('',#3950);
#3953=VERTEX_POINT('',#3951);
#3954=CARTESIAN_POINT('',(-4.65E0,1.4E0,-4.768148347422E0));
#3955=CARTESIAN_POINT('',(-4.65E0,1.4E0,-3.3E0));
#3956=VERTEX_POINT('',#3954);
#3957=VERTEX_POINT('',#3955);
#3958=CARTESIAN_POINT('',(-4.65E0,-2.2E0,-2.7E0));
#3959=VERTEX_POINT('',#3958);
#3960=CARTESIAN_POINT('',(-5.35E0,-1.2E0,0.E0));
#3961=CARTESIAN_POINT('',(-5.35E0,1.2E0,0.E0));
#3962=VERTEX_POINT('',#3960);
#3963=VERTEX_POINT('',#3961);
#3964=CARTESIAN_POINT('',(-4.65E0,-1.2E0,0.E0));
#3965=CARTESIAN_POINT('',(-4.65E0,1.2E0,0.E0));
#3966=VERTEX_POINT('',#3964);
#3967=VERTEX_POINT('',#3965);
#3968=CARTESIAN_POINT('',(-5.35E0,1.8E0,-2.5E0));
#3969=CARTESIAN_POINT('',(-5.35E0,-2.2E0,-2.5E0));
#3970=VERTEX_POINT('',#3968);
#3971=VERTEX_POINT('',#3969);
#3972=CARTESIAN_POINT('',(-4.65E0,1.8E0,-2.5E0));
#3973=CARTESIAN_POINT('',(-4.65E0,-2.2E0,-2.5E0));
#3974=VERTEX_POINT('',#3972);
#3975=VERTEX_POINT('',#3973);
#3976=CARTESIAN_POINT('',(-5.35E0,1.8E0,-3.3E0));
#3977=VERTEX_POINT('',#3976);
#3978=CARTESIAN_POINT('',(-4.65E0,1.8E0,-3.3E0));
#3979=VERTEX_POINT('',#3978);
#3980=CARTESIAN_POINT('',(-2.85E0,1.2E0,3.25E0));
#3981=CARTESIAN_POINT('',(-2.85E0,7.E-1,3.75E0));
#3982=VERTEX_POINT('',#3980);
#3983=VERTEX_POINT('',#3981);
#3984=CARTESIAN_POINT('',(-2.85E0,-7.E-1,3.75E0));
#3985=VERTEX_POINT('',#3984);
#3986=CARTESIAN_POINT('',(-2.85E0,-1.2E0,3.25E0));
#3987=VERTEX_POINT('',#3986);
#3988=CARTESIAN_POINT('',(-2.85E0,7.E-1,-2.7E0));
#3989=CARTESIAN_POINT('',(-2.85E0,7.E-1,-3.7E0));
#3990=VERTEX_POINT('',#3988);
#3991=VERTEX_POINT('',#3989);
#3992=CARTESIAN_POINT('',(-2.85E0,4.E-1,-3.7E0));
#3993=VERTEX_POINT('',#3992);
#3994=CARTESIAN_POINT('',(-2.85E0,4.E-1,-4.5E0));
#3995=VERTEX_POINT('',#3994);
#3996=CARTESIAN_POINT('',(-2.85E0,4.5E-1,-4.5E0));
#3997=VERTEX_POINT('',#3996);
#3998=CARTESIAN_POINT('',(-2.85E0,5.5E-1,-4.6E0));
#3999=VERTEX_POINT('',#3998);
#4000=CARTESIAN_POINT('',(-2.85E0,5.5E-1,-4.7E0));
#4001=VERTEX_POINT('',#4000);
#4002=CARTESIAN_POINT('',(-2.85E0,4.5E-1,-4.8E0));
#4003=VERTEX_POINT('',#4002);
#4004=CARTESIAN_POINT('',(-2.85E0,-4.999999999999E-2,-4.8E0));
#4005=VERTEX_POINT('',#4004);
#4006=CARTESIAN_POINT('',(-2.85E0,-4.999999999999E-2,-5.5E0));
#4007=VERTEX_POINT('',#4006);
#4008=CARTESIAN_POINT('',(-2.85E0,4.5E-1,-5.5E0));
#4009=VERTEX_POINT('',#4008);
#4010=CARTESIAN_POINT('',(-2.85E0,5.5E-1,-5.6E0));
#4011=VERTEX_POINT('',#4010);
#4012=CARTESIAN_POINT('',(-2.85E0,5.5E-1,-5.7E0));
#4013=VERTEX_POINT('',#4012);
#4014=CARTESIAN_POINT('',(-2.85E0,4.5E-1,-5.8E0));
#4015=VERTEX_POINT('',#4014);
#4016=CARTESIAN_POINT('',(-2.85E0,4.E-1,-5.8E0));
#4017=VERTEX_POINT('',#4016);
#4018=CARTESIAN_POINT('',(-2.85E0,4.E-1,-6.7E0));
#4019=VERTEX_POINT('',#4018);
#4020=CARTESIAN_POINT('',(-2.85E0,7.465346024042E-1,-6.7E0));
#4021=VERTEX_POINT('',#4020);
#4022=CARTESIAN_POINT('',(-2.85E0,9.397197676620E-1,-6.551763809021E0));
#4023=CARTESIAN_POINT('',(-2.85E0,1.382962913145E0,-4.897557869973E0));
#4024=VERTEX_POINT('',#4022);
#4025=VERTEX_POINT('',#4023);
#4026=CARTESIAN_POINT('',(-2.85E0,1.4E0,-4.768148347422E0));
#4027=CARTESIAN_POINT('',(-2.85E0,1.4E0,-3.3E0));
#4028=VERTEX_POINT('',#4026);
#4029=VERTEX_POINT('',#4027);
#4030=CARTESIAN_POINT('',(-2.85E0,-2.2E0,-2.7E0));
#4031=VERTEX_POINT('',#4030);
#4032=CARTESIAN_POINT('',(-2.15E0,1.2E0,3.25E0));
#4033=CARTESIAN_POINT('',(-2.15E0,7.E-1,3.75E0));
#4034=VERTEX_POINT('',#4032);
#4035=VERTEX_POINT('',#4033);
#4036=CARTESIAN_POINT('',(-2.15E0,-7.E-1,3.75E0));
#4037=VERTEX_POINT('',#4036);
#4038=CARTESIAN_POINT('',(-2.15E0,-1.2E0,3.25E0));
#4039=VERTEX_POINT('',#4038);
#4040=CARTESIAN_POINT('',(-2.15E0,7.E-1,-2.7E0));
#4041=CARTESIAN_POINT('',(-2.15E0,7.E-1,-3.7E0));
#4042=VERTEX_POINT('',#4040);
#4043=VERTEX_POINT('',#4041);
#4044=CARTESIAN_POINT('',(-2.15E0,4.E-1,-3.7E0));
#4045=VERTEX_POINT('',#4044);
#4046=CARTESIAN_POINT('',(-2.15E0,4.E-1,-4.5E0));
#4047=VERTEX_POINT('',#4046);
#4048=CARTESIAN_POINT('',(-2.15E0,4.5E-1,-4.5E0));
#4049=VERTEX_POINT('',#4048);
#4050=CARTESIAN_POINT('',(-2.15E0,5.5E-1,-4.6E0));
#4051=VERTEX_POINT('',#4050);
#4052=CARTESIAN_POINT('',(-2.15E0,5.5E-1,-4.7E0));
#4053=VERTEX_POINT('',#4052);
#4054=CARTESIAN_POINT('',(-2.15E0,4.5E-1,-4.8E0));
#4055=VERTEX_POINT('',#4054);
#4056=CARTESIAN_POINT('',(-2.15E0,-4.999999999999E-2,-4.8E0));
#4057=VERTEX_POINT('',#4056);
#4058=CARTESIAN_POINT('',(-2.15E0,-4.999999999999E-2,-5.5E0));
#4059=VERTEX_POINT('',#4058);
#4060=CARTESIAN_POINT('',(-2.15E0,4.5E-1,-5.5E0));
#4061=VERTEX_POINT('',#4060);
#4062=CARTESIAN_POINT('',(-2.15E0,5.5E-1,-5.6E0));
#4063=VERTEX_POINT('',#4062);
#4064=CARTESIAN_POINT('',(-2.15E0,5.5E-1,-5.7E0));
#4065=VERTEX_POINT('',#4064);
#4066=CARTESIAN_POINT('',(-2.15E0,4.5E-1,-5.8E0));
#4067=VERTEX_POINT('',#4066);
#4068=CARTESIAN_POINT('',(-2.15E0,4.E-1,-5.8E0));
#4069=VERTEX_POINT('',#4068);
#4070=CARTESIAN_POINT('',(-2.15E0,4.E-1,-6.7E0));
#4071=VERTEX_POINT('',#4070);
#4072=CARTESIAN_POINT('',(-2.15E0,7.465346024042E-1,-6.7E0));
#4073=VERTEX_POINT('',#4072);
#4074=CARTESIAN_POINT('',(-2.15E0,9.397197676620E-1,-6.551763809021E0));
#4075=CARTESIAN_POINT('',(-2.15E0,1.382962913145E0,-4.897557869973E0));
#4076=VERTEX_POINT('',#4074);
#4077=VERTEX_POINT('',#4075);
#4078=CARTESIAN_POINT('',(-2.15E0,1.4E0,-4.768148347422E0));
#4079=CARTESIAN_POINT('',(-2.15E0,1.4E0,-3.3E0));
#4080=VERTEX_POINT('',#4078);
#4081=VERTEX_POINT('',#4079);
#4082=CARTESIAN_POINT('',(-2.15E0,-2.2E0,-2.7E0));
#4083=VERTEX_POINT('',#4082);
#4084=CARTESIAN_POINT('',(-2.85E0,-1.2E0,0.E0));
#4085=CARTESIAN_POINT('',(-2.85E0,1.2E0,0.E0));
#4086=VERTEX_POINT('',#4084);
#4087=VERTEX_POINT('',#4085);
#4088=CARTESIAN_POINT('',(-2.15E0,-1.2E0,0.E0));
#4089=CARTESIAN_POINT('',(-2.15E0,1.2E0,0.E0));
#4090=VERTEX_POINT('',#4088);
#4091=VERTEX_POINT('',#4089);
#4092=CARTESIAN_POINT('',(-2.85E0,1.8E0,-2.5E0));
#4093=CARTESIAN_POINT('',(-2.85E0,-2.2E0,-2.5E0));
#4094=VERTEX_POINT('',#4092);
#4095=VERTEX_POINT('',#4093);
#4096=CARTESIAN_POINT('',(-2.15E0,1.8E0,-2.5E0));
#4097=CARTESIAN_POINT('',(-2.15E0,-2.2E0,-2.5E0));
#4098=VERTEX_POINT('',#4096);
#4099=VERTEX_POINT('',#4097);
#4100=CARTESIAN_POINT('',(-2.85E0,1.8E0,-3.3E0));
#4101=VERTEX_POINT('',#4100);
#4102=CARTESIAN_POINT('',(-2.15E0,1.8E0,-3.3E0));
#4103=VERTEX_POINT('',#4102);
#4104=CARTESIAN_POINT('',(-3.5E-1,1.2E0,3.25E0));
#4105=CARTESIAN_POINT('',(-3.5E-1,7.E-1,3.75E0));
#4106=VERTEX_POINT('',#4104);
#4107=VERTEX_POINT('',#4105);
#4108=CARTESIAN_POINT('',(-3.5E-1,-7.E-1,3.75E0));
#4109=VERTEX_POINT('',#4108);
#4110=CARTESIAN_POINT('',(-3.5E-1,-1.2E0,3.25E0));
#4111=VERTEX_POINT('',#4110);
#4112=CARTESIAN_POINT('',(-3.5E-1,7.E-1,-2.7E0));
#4113=CARTESIAN_POINT('',(-3.5E-1,7.E-1,-3.7E0));
#4114=VERTEX_POINT('',#4112);
#4115=VERTEX_POINT('',#4113);
#4116=CARTESIAN_POINT('',(-3.5E-1,4.E-1,-3.7E0));
#4117=VERTEX_POINT('',#4116);
#4118=CARTESIAN_POINT('',(-3.5E-1,4.E-1,-4.5E0));
#4119=VERTEX_POINT('',#4118);
#4120=CARTESIAN_POINT('',(-3.5E-1,4.5E-1,-4.5E0));
#4121=VERTEX_POINT('',#4120);
#4122=CARTESIAN_POINT('',(-3.5E-1,5.5E-1,-4.6E0));
#4123=VERTEX_POINT('',#4122);
#4124=CARTESIAN_POINT('',(-3.5E-1,5.5E-1,-4.7E0));
#4125=VERTEX_POINT('',#4124);
#4126=CARTESIAN_POINT('',(-3.5E-1,4.5E-1,-4.8E0));
#4127=VERTEX_POINT('',#4126);
#4128=CARTESIAN_POINT('',(-3.5E-1,-4.999999999999E-2,-4.8E0));
#4129=VERTEX_POINT('',#4128);
#4130=CARTESIAN_POINT('',(-3.5E-1,-4.999999999999E-2,-5.5E0));
#4131=VERTEX_POINT('',#4130);
#4132=CARTESIAN_POINT('',(-3.5E-1,4.5E-1,-5.5E0));
#4133=VERTEX_POINT('',#4132);
#4134=CARTESIAN_POINT('',(-3.5E-1,5.5E-1,-5.6E0));
#4135=VERTEX_POINT('',#4134);
#4136=CARTESIAN_POINT('',(-3.5E-1,5.5E-1,-5.7E0));
#4137=VERTEX_POINT('',#4136);
#4138=CARTESIAN_POINT('',(-3.5E-1,4.5E-1,-5.8E0));
#4139=VERTEX_POINT('',#4138);
#4140=CARTESIAN_POINT('',(-3.5E-1,4.E-1,-5.8E0));
#4141=VERTEX_POINT('',#4140);
#4142=CARTESIAN_POINT('',(-3.5E-1,4.E-1,-6.7E0));
#4143=VERTEX_POINT('',#4142);
#4144=CARTESIAN_POINT('',(-3.5E-1,7.465346024042E-1,-6.7E0));
#4145=VERTEX_POINT('',#4144);
#4146=CARTESIAN_POINT('',(-3.5E-1,9.397197676620E-1,-6.551763809021E0));
#4147=CARTESIAN_POINT('',(-3.5E-1,1.382962913145E0,-4.897557869973E0));
#4148=VERTEX_POINT('',#4146);
#4149=VERTEX_POINT('',#4147);
#4150=CARTESIAN_POINT('',(-3.5E-1,1.4E0,-4.768148347422E0));
#4151=CARTESIAN_POINT('',(-3.5E-1,1.4E0,-3.3E0));
#4152=VERTEX_POINT('',#4150);
#4153=VERTEX_POINT('',#4151);
#4154=CARTESIAN_POINT('',(-3.5E-1,-2.2E0,-2.7E0));
#4155=VERTEX_POINT('',#4154);
#4156=CARTESIAN_POINT('',(3.5E-1,1.2E0,3.25E0));
#4157=CARTESIAN_POINT('',(3.5E-1,7.E-1,3.75E0));
#4158=VERTEX_POINT('',#4156);
#4159=VERTEX_POINT('',#4157);
#4160=CARTESIAN_POINT('',(3.5E-1,-7.E-1,3.75E0));
#4161=VERTEX_POINT('',#4160);
#4162=CARTESIAN_POINT('',(3.5E-1,-1.2E0,3.25E0));
#4163=VERTEX_POINT('',#4162);
#4164=CARTESIAN_POINT('',(3.5E-1,7.E-1,-2.7E0));
#4165=CARTESIAN_POINT('',(3.5E-1,7.E-1,-3.7E0));
#4166=VERTEX_POINT('',#4164);
#4167=VERTEX_POINT('',#4165);
#4168=CARTESIAN_POINT('',(3.5E-1,4.E-1,-3.7E0));
#4169=VERTEX_POINT('',#4168);
#4170=CARTESIAN_POINT('',(3.5E-1,4.E-1,-4.5E0));
#4171=VERTEX_POINT('',#4170);
#4172=CARTESIAN_POINT('',(3.5E-1,4.5E-1,-4.5E0));
#4173=VERTEX_POINT('',#4172);
#4174=CARTESIAN_POINT('',(3.5E-1,5.5E-1,-4.6E0));
#4175=VERTEX_POINT('',#4174);
#4176=CARTESIAN_POINT('',(3.5E-1,5.5E-1,-4.7E0));
#4177=VERTEX_POINT('',#4176);
#4178=CARTESIAN_POINT('',(3.5E-1,4.5E-1,-4.8E0));
#4179=VERTEX_POINT('',#4178);
#4180=CARTESIAN_POINT('',(3.5E-1,-4.999999999999E-2,-4.8E0));
#4181=VERTEX_POINT('',#4180);
#4182=CARTESIAN_POINT('',(3.5E-1,-4.999999999999E-2,-5.5E0));
#4183=VERTEX_POINT('',#4182);
#4184=CARTESIAN_POINT('',(3.5E-1,4.5E-1,-5.5E0));
#4185=VERTEX_POINT('',#4184);
#4186=CARTESIAN_POINT('',(3.5E-1,5.5E-1,-5.6E0));
#4187=VERTEX_POINT('',#4186);
#4188=CARTESIAN_POINT('',(3.5E-1,5.5E-1,-5.7E0));
#4189=VERTEX_POINT('',#4188);
#4190=CARTESIAN_POINT('',(3.5E-1,4.5E-1,-5.8E0));
#4191=VERTEX_POINT('',#4190);
#4192=CARTESIAN_POINT('',(3.5E-1,4.E-1,-5.8E0));
#4193=VERTEX_POINT('',#4192);
#4194=CARTESIAN_POINT('',(3.5E-1,4.E-1,-6.7E0));
#4195=VERTEX_POINT('',#4194);
#4196=CARTESIAN_POINT('',(3.5E-1,7.465346024042E-1,-6.7E0));
#4197=VERTEX_POINT('',#4196);
#4198=CARTESIAN_POINT('',(3.5E-1,9.397197676620E-1,-6.551763809021E0));
#4199=CARTESIAN_POINT('',(3.5E-1,1.382962913145E0,-4.897557869973E0));
#4200=VERTEX_POINT('',#4198);
#4201=VERTEX_POINT('',#4199);
#4202=CARTESIAN_POINT('',(3.5E-1,1.4E0,-4.768148347422E0));
#4203=CARTESIAN_POINT('',(3.5E-1,1.4E0,-3.3E0));
#4204=VERTEX_POINT('',#4202);
#4205=VERTEX_POINT('',#4203);
#4206=CARTESIAN_POINT('',(3.5E-1,-2.2E0,-2.7E0));
#4207=VERTEX_POINT('',#4206);
#4208=CARTESIAN_POINT('',(-3.5E-1,-1.2E0,0.E0));
#4209=CARTESIAN_POINT('',(-3.5E-1,1.2E0,0.E0));
#4210=VERTEX_POINT('',#4208);
#4211=VERTEX_POINT('',#4209);
#4212=CARTESIAN_POINT('',(3.5E-1,-1.2E0,0.E0));
#4213=CARTESIAN_POINT('',(3.5E-1,1.2E0,0.E0));
#4214=VERTEX_POINT('',#4212);
#4215=VERTEX_POINT('',#4213);
#4216=CARTESIAN_POINT('',(-3.5E-1,1.8E0,-2.5E0));
#4217=CARTESIAN_POINT('',(-3.5E-1,-2.2E0,-2.5E0));
#4218=VERTEX_POINT('',#4216);
#4219=VERTEX_POINT('',#4217);
#4220=CARTESIAN_POINT('',(3.5E-1,1.8E0,-2.5E0));
#4221=CARTESIAN_POINT('',(3.5E-1,-2.2E0,-2.5E0));
#4222=VERTEX_POINT('',#4220);
#4223=VERTEX_POINT('',#4221);
#4224=CARTESIAN_POINT('',(-3.5E-1,1.8E0,-3.3E0));
#4225=VERTEX_POINT('',#4224);
#4226=CARTESIAN_POINT('',(3.5E-1,1.8E0,-3.3E0));
#4227=VERTEX_POINT('',#4226);
#4228=CARTESIAN_POINT('',(2.15E0,1.2E0,3.25E0));
#4229=CARTESIAN_POINT('',(2.15E0,7.E-1,3.75E0));
#4230=VERTEX_POINT('',#4228);
#4231=VERTEX_POINT('',#4229);
#4232=CARTESIAN_POINT('',(2.15E0,-7.E-1,3.75E0));
#4233=VERTEX_POINT('',#4232);
#4234=CARTESIAN_POINT('',(2.15E0,-1.2E0,3.25E0));
#4235=VERTEX_POINT('',#4234);
#4236=CARTESIAN_POINT('',(2.15E0,7.E-1,-2.7E0));
#4237=CARTESIAN_POINT('',(2.15E0,7.E-1,-3.7E0));
#4238=VERTEX_POINT('',#4236);
#4239=VERTEX_POINT('',#4237);
#4240=CARTESIAN_POINT('',(2.15E0,4.E-1,-3.7E0));
#4241=VERTEX_POINT('',#4240);
#4242=CARTESIAN_POINT('',(2.15E0,4.E-1,-4.5E0));
#4243=VERTEX_POINT('',#4242);
#4244=CARTESIAN_POINT('',(2.15E0,4.5E-1,-4.5E0));
#4245=VERTEX_POINT('',#4244);
#4246=CARTESIAN_POINT('',(2.15E0,5.5E-1,-4.6E0));
#4247=VERTEX_POINT('',#4246);
#4248=CARTESIAN_POINT('',(2.15E0,5.5E-1,-4.7E0));
#4249=VERTEX_POINT('',#4248);
#4250=CARTESIAN_POINT('',(2.15E0,4.5E-1,-4.8E0));
#4251=VERTEX_POINT('',#4250);
#4252=CARTESIAN_POINT('',(2.15E0,-4.999999999999E-2,-4.8E0));
#4253=VERTEX_POINT('',#4252);
#4254=CARTESIAN_POINT('',(2.15E0,-4.999999999999E-2,-5.5E0));
#4255=VERTEX_POINT('',#4254);
#4256=CARTESIAN_POINT('',(2.15E0,4.5E-1,-5.5E0));
#4257=VERTEX_POINT('',#4256);
#4258=CARTESIAN_POINT('',(2.15E0,5.5E-1,-5.6E0));
#4259=VERTEX_POINT('',#4258);
#4260=CARTESIAN_POINT('',(2.15E0,5.5E-1,-5.7E0));
#4261=VERTEX_POINT('',#4260);
#4262=CARTESIAN_POINT('',(2.15E0,4.5E-1,-5.8E0));
#4263=VERTEX_POINT('',#4262);
#4264=CARTESIAN_POINT('',(2.15E0,4.E-1,-5.8E0));
#4265=VERTEX_POINT('',#4264);
#4266=CARTESIAN_POINT('',(2.15E0,4.E-1,-6.7E0));
#4267=VERTEX_POINT('',#4266);
#4268=CARTESIAN_POINT('',(2.15E0,7.465346024042E-1,-6.7E0));
#4269=VERTEX_POINT('',#4268);
#4270=CARTESIAN_POINT('',(2.15E0,9.397197676620E-1,-6.551763809021E0));
#4271=CARTESIAN_POINT('',(2.15E0,1.382962913145E0,-4.897557869973E0));
#4272=VERTEX_POINT('',#4270);
#4273=VERTEX_POINT('',#4271);
#4274=CARTESIAN_POINT('',(2.15E0,1.4E0,-4.768148347422E0));
#4275=CARTESIAN_POINT('',(2.15E0,1.4E0,-3.3E0));
#4276=VERTEX_POINT('',#4274);
#4277=VERTEX_POINT('',#4275);
#4278=CARTESIAN_POINT('',(2.15E0,-2.2E0,-2.7E0));
#4279=VERTEX_POINT('',#4278);
#4280=CARTESIAN_POINT('',(2.85E0,1.2E0,3.25E0));
#4281=CARTESIAN_POINT('',(2.85E0,7.E-1,3.75E0));
#4282=VERTEX_POINT('',#4280);
#4283=VERTEX_POINT('',#4281);
#4284=CARTESIAN_POINT('',(2.85E0,-7.E-1,3.75E0));
#4285=VERTEX_POINT('',#4284);
#4286=CARTESIAN_POINT('',(2.85E0,-1.2E0,3.25E0));
#4287=VERTEX_POINT('',#4286);
#4288=CARTESIAN_POINT('',(2.85E0,7.E-1,-2.7E0));
#4289=CARTESIAN_POINT('',(2.85E0,7.E-1,-3.7E0));
#4290=VERTEX_POINT('',#4288);
#4291=VERTEX_POINT('',#4289);
#4292=CARTESIAN_POINT('',(2.85E0,4.E-1,-3.7E0));
#4293=VERTEX_POINT('',#4292);
#4294=CARTESIAN_POINT('',(2.85E0,4.E-1,-4.5E0));
#4295=VERTEX_POINT('',#4294);
#4296=CARTESIAN_POINT('',(2.85E0,4.5E-1,-4.5E0));
#4297=VERTEX_POINT('',#4296);
#4298=CARTESIAN_POINT('',(2.85E0,5.5E-1,-4.6E0));
#4299=VERTEX_POINT('',#4298);
#4300=CARTESIAN_POINT('',(2.85E0,5.5E-1,-4.7E0));
#4301=VERTEX_POINT('',#4300);
#4302=CARTESIAN_POINT('',(2.85E0,4.5E-1,-4.8E0));
#4303=VERTEX_POINT('',#4302);
#4304=CARTESIAN_POINT('',(2.85E0,-4.999999999999E-2,-4.8E0));
#4305=VERTEX_POINT('',#4304);
#4306=CARTESIAN_POINT('',(2.85E0,-4.999999999999E-2,-5.5E0));
#4307=VERTEX_POINT('',#4306);
#4308=CARTESIAN_POINT('',(2.85E0,4.5E-1,-5.5E0));
#4309=VERTEX_POINT('',#4308);
#4310=CARTESIAN_POINT('',(2.85E0,5.5E-1,-5.6E0));
#4311=VERTEX_POINT('',#4310);
#4312=CARTESIAN_POINT('',(2.85E0,5.5E-1,-5.7E0));
#4313=VERTEX_POINT('',#4312);
#4314=CARTESIAN_POINT('',(2.85E0,4.5E-1,-5.8E0));
#4315=VERTEX_POINT('',#4314);
#4316=CARTESIAN_POINT('',(2.85E0,4.E-1,-5.8E0));
#4317=VERTEX_POINT('',#4316);
#4318=CARTESIAN_POINT('',(2.85E0,4.E-1,-6.7E0));
#4319=VERTEX_POINT('',#4318);
#4320=CARTESIAN_POINT('',(2.85E0,7.465346024042E-1,-6.7E0));
#4321=VERTEX_POINT('',#4320);
#4322=CARTESIAN_POINT('',(2.85E0,9.397197676620E-1,-6.551763809021E0));
#4323=CARTESIAN_POINT('',(2.85E0,1.382962913145E0,-4.897557869973E0));
#4324=VERTEX_POINT('',#4322);
#4325=VERTEX_POINT('',#4323);
#4326=CARTESIAN_POINT('',(2.85E0,1.4E0,-4.768148347422E0));
#4327=CARTESIAN_POINT('',(2.85E0,1.4E0,-3.3E0));
#4328=VERTEX_POINT('',#4326);
#4329=VERTEX_POINT('',#4327);
#4330=CARTESIAN_POINT('',(2.85E0,-2.2E0,-2.7E0));
#4331=VERTEX_POINT('',#4330);
#4332=CARTESIAN_POINT('',(2.15E0,-1.2E0,0.E0));
#4333=CARTESIAN_POINT('',(2.15E0,1.2E0,0.E0));
#4334=VERTEX_POINT('',#4332);
#4335=VERTEX_POINT('',#4333);
#4336=CARTESIAN_POINT('',(2.85E0,-1.2E0,0.E0));
#4337=CARTESIAN_POINT('',(2.85E0,1.2E0,0.E0));
#4338=VERTEX_POINT('',#4336);
#4339=VERTEX_POINT('',#4337);
#4340=CARTESIAN_POINT('',(2.15E0,1.8E0,-2.5E0));
#4341=CARTESIAN_POINT('',(2.15E0,-2.2E0,-2.5E0));
#4342=VERTEX_POINT('',#4340);
#4343=VERTEX_POINT('',#4341);
#4344=CARTESIAN_POINT('',(2.85E0,1.8E0,-2.5E0));
#4345=CARTESIAN_POINT('',(2.85E0,-2.2E0,-2.5E0));
#4346=VERTEX_POINT('',#4344);
#4347=VERTEX_POINT('',#4345);
#4348=CARTESIAN_POINT('',(2.15E0,1.8E0,-3.3E0));
#4349=VERTEX_POINT('',#4348);
#4350=CARTESIAN_POINT('',(2.85E0,1.8E0,-3.3E0));
#4351=VERTEX_POINT('',#4350);
#4352=CARTESIAN_POINT('',(7.15E0,1.2E0,3.25E0));
#4353=CARTESIAN_POINT('',(7.15E0,7.E-1,3.75E0));
#4354=VERTEX_POINT('',#4352);
#4355=VERTEX_POINT('',#4353);
#4356=CARTESIAN_POINT('',(7.15E0,-7.E-1,3.75E0));
#4357=VERTEX_POINT('',#4356);
#4358=CARTESIAN_POINT('',(7.15E0,-1.2E0,3.25E0));
#4359=VERTEX_POINT('',#4358);
#4360=CARTESIAN_POINT('',(7.15E0,7.E-1,-2.7E0));
#4361=CARTESIAN_POINT('',(7.15E0,7.E-1,-3.7E0));
#4362=VERTEX_POINT('',#4360);
#4363=VERTEX_POINT('',#4361);
#4364=CARTESIAN_POINT('',(7.15E0,4.E-1,-3.7E0));
#4365=VERTEX_POINT('',#4364);
#4366=CARTESIAN_POINT('',(7.15E0,4.E-1,-4.5E0));
#4367=VERTEX_POINT('',#4366);
#4368=CARTESIAN_POINT('',(7.15E0,4.5E-1,-4.5E0));
#4369=VERTEX_POINT('',#4368);
#4370=CARTESIAN_POINT('',(7.15E0,5.5E-1,-4.6E0));
#4371=VERTEX_POINT('',#4370);
#4372=CARTESIAN_POINT('',(7.15E0,5.5E-1,-4.7E0));
#4373=VERTEX_POINT('',#4372);
#4374=CARTESIAN_POINT('',(7.15E0,4.5E-1,-4.8E0));
#4375=VERTEX_POINT('',#4374);
#4376=CARTESIAN_POINT('',(7.15E0,-4.999999999999E-2,-4.8E0));
#4377=VERTEX_POINT('',#4376);
#4378=CARTESIAN_POINT('',(7.15E0,-4.999999999999E-2,-5.5E0));
#4379=VERTEX_POINT('',#4378);
#4380=CARTESIAN_POINT('',(7.15E0,4.5E-1,-5.5E0));
#4381=VERTEX_POINT('',#4380);
#4382=CARTESIAN_POINT('',(7.15E0,5.5E-1,-5.6E0));
#4383=VERTEX_POINT('',#4382);
#4384=CARTESIAN_POINT('',(7.15E0,5.5E-1,-5.7E0));
#4385=VERTEX_POINT('',#4384);
#4386=CARTESIAN_POINT('',(7.15E0,4.5E-1,-5.8E0));
#4387=VERTEX_POINT('',#4386);
#4388=CARTESIAN_POINT('',(7.15E0,4.E-1,-5.8E0));
#4389=VERTEX_POINT('',#4388);
#4390=CARTESIAN_POINT('',(7.15E0,4.E-1,-6.7E0));
#4391=VERTEX_POINT('',#4390);
#4392=CARTESIAN_POINT('',(7.15E0,7.465346024042E-1,-6.7E0));
#4393=VERTEX_POINT('',#4392);
#4394=CARTESIAN_POINT('',(7.15E0,9.397197676620E-1,-6.551763809021E0));
#4395=CARTESIAN_POINT('',(7.15E0,1.382962913145E0,-4.897557869973E0));
#4396=VERTEX_POINT('',#4394);
#4397=VERTEX_POINT('',#4395);
#4398=CARTESIAN_POINT('',(7.15E0,1.4E0,-4.768148347422E0));
#4399=CARTESIAN_POINT('',(7.15E0,1.4E0,-3.3E0));
#4400=VERTEX_POINT('',#4398);
#4401=VERTEX_POINT('',#4399);
#4402=CARTESIAN_POINT('',(7.15E0,-2.2E0,-2.7E0));
#4403=VERTEX_POINT('',#4402);
#4404=CARTESIAN_POINT('',(7.85E0,1.2E0,3.25E0));
#4405=CARTESIAN_POINT('',(7.85E0,7.E-1,3.75E0));
#4406=VERTEX_POINT('',#4404);
#4407=VERTEX_POINT('',#4405);
#4408=CARTESIAN_POINT('',(7.85E0,-7.E-1,3.75E0));
#4409=VERTEX_POINT('',#4408);
#4410=CARTESIAN_POINT('',(7.85E0,-1.2E0,3.25E0));
#4411=VERTEX_POINT('',#4410);
#4412=CARTESIAN_POINT('',(7.85E0,7.E-1,-2.7E0));
#4413=CARTESIAN_POINT('',(7.85E0,7.E-1,-3.7E0));
#4414=VERTEX_POINT('',#4412);
#4415=VERTEX_POINT('',#4413);
#4416=CARTESIAN_POINT('',(7.85E0,4.E-1,-3.7E0));
#4417=VERTEX_POINT('',#4416);
#4418=CARTESIAN_POINT('',(7.85E0,4.E-1,-4.5E0));
#4419=VERTEX_POINT('',#4418);
#4420=CARTESIAN_POINT('',(7.85E0,4.5E-1,-4.5E0));
#4421=VERTEX_POINT('',#4420);
#4422=CARTESIAN_POINT('',(7.85E0,5.5E-1,-4.6E0));
#4423=VERTEX_POINT('',#4422);
#4424=CARTESIAN_POINT('',(7.85E0,5.5E-1,-4.7E0));
#4425=VERTEX_POINT('',#4424);
#4426=CARTESIAN_POINT('',(7.85E0,4.5E-1,-4.8E0));
#4427=VERTEX_POINT('',#4426);
#4428=CARTESIAN_POINT('',(7.85E0,-4.999999999999E-2,-4.8E0));
#4429=VERTEX_POINT('',#4428);
#4430=CARTESIAN_POINT('',(7.85E0,-4.999999999999E-2,-5.5E0));
#4431=VERTEX_POINT('',#4430);
#4432=CARTESIAN_POINT('',(7.85E0,4.5E-1,-5.5E0));
#4433=VERTEX_POINT('',#4432);
#4434=CARTESIAN_POINT('',(7.85E0,5.5E-1,-5.6E0));
#4435=VERTEX_POINT('',#4434);
#4436=CARTESIAN_POINT('',(7.85E0,5.5E-1,-5.7E0));
#4437=VERTEX_POINT('',#4436);
#4438=CARTESIAN_POINT('',(7.85E0,4.5E-1,-5.8E0));
#4439=VERTEX_POINT('',#4438);
#4440=CARTESIAN_POINT('',(7.85E0,4.E-1,-5.8E0));
#4441=VERTEX_POINT('',#4440);
#4442=CARTESIAN_POINT('',(7.85E0,4.E-1,-6.7E0));
#4443=VERTEX_POINT('',#4442);
#4444=CARTESIAN_POINT('',(7.85E0,7.465346024042E-1,-6.7E0));
#4445=VERTEX_POINT('',#4444);
#4446=CARTESIAN_POINT('',(7.85E0,9.397197676620E-1,-6.551763809021E0));
#4447=CARTESIAN_POINT('',(7.85E0,1.382962913145E0,-4.897557869973E0));
#4448=VERTEX_POINT('',#4446);
#4449=VERTEX_POINT('',#4447);
#4450=CARTESIAN_POINT('',(7.85E0,1.4E0,-4.768148347422E0));
#4451=CARTESIAN_POINT('',(7.85E0,1.4E0,-3.3E0));
#4452=VERTEX_POINT('',#4450);
#4453=VERTEX_POINT('',#4451);
#4454=CARTESIAN_POINT('',(7.85E0,-2.2E0,-2.7E0));
#4455=VERTEX_POINT('',#4454);
#4456=CARTESIAN_POINT('',(7.15E0,-1.2E0,0.E0));
#4457=CARTESIAN_POINT('',(7.15E0,1.2E0,0.E0));
#4458=VERTEX_POINT('',#4456);
#4459=VERTEX_POINT('',#4457);
#4460=CARTESIAN_POINT('',(7.85E0,-1.2E0,0.E0));
#4461=CARTESIAN_POINT('',(7.85E0,1.2E0,0.E0));
#4462=VERTEX_POINT('',#4460);
#4463=VERTEX_POINT('',#4461);
#4464=CARTESIAN_POINT('',(7.15E0,1.8E0,-2.5E0));
#4465=CARTESIAN_POINT('',(7.15E0,-2.2E0,-2.5E0));
#4466=VERTEX_POINT('',#4464);
#4467=VERTEX_POINT('',#4465);
#4468=CARTESIAN_POINT('',(7.85E0,1.8E0,-2.5E0));
#4469=CARTESIAN_POINT('',(7.85E0,-2.2E0,-2.5E0));
#4470=VERTEX_POINT('',#4468);
#4471=VERTEX_POINT('',#4469);
#4472=CARTESIAN_POINT('',(7.15E0,1.8E0,-3.3E0));
#4473=VERTEX_POINT('',#4472);
#4474=CARTESIAN_POINT('',(7.85E0,1.8E0,-3.3E0));
#4475=VERTEX_POINT('',#4474);
#4476=CARTESIAN_POINT('',(-7.15E0,1.2E0,4.05E0));
#4477=CARTESIAN_POINT('',(-7.15E0,7.E-1,4.55E0));
#4478=VERTEX_POINT('',#4476);
#4479=VERTEX_POINT('',#4477);
#4480=CARTESIAN_POINT('',(-7.15E0,-7.E-1,4.55E0));
#4481=VERTEX_POINT('',#4480);
#4482=CARTESIAN_POINT('',(-7.15E0,-1.2E0,4.05E0));
#4483=VERTEX_POINT('',#4482);
#4484=CARTESIAN_POINT('',(-7.85E0,1.2E0,4.05E0));
#4485=CARTESIAN_POINT('',(-7.85E0,7.E-1,4.55E0));
#4486=VERTEX_POINT('',#4484);
#4487=VERTEX_POINT('',#4485);
#4488=CARTESIAN_POINT('',(-7.85E0,-7.E-1,4.55E0));
#4489=VERTEX_POINT('',#4488);
#4490=CARTESIAN_POINT('',(-7.85E0,-1.2E0,4.05E0));
#4491=VERTEX_POINT('',#4490);
#4492=CARTESIAN_POINT('',(1.197E1,1.2E0,-8.45E0));
#4493=CARTESIAN_POINT('',(1.093E1,1.2E0,-8.45E0));
#4494=VERTEX_POINT('',#4492);
#4495=VERTEX_POINT('',#4493);
#4496=CARTESIAN_POINT('',(1.224843597113E1,1.4E0,-8.25E0));
#4497=CARTESIAN_POINT('',(1.065156402887E1,1.4E0,-8.25E0));
#4498=VERTEX_POINT('',#4496);
#4499=VERTEX_POINT('',#4497);
#4500=CARTESIAN_POINT('',(1.093E1,1.2E0,-3.95E0));
#4501=CARTESIAN_POINT('',(1.197E1,1.2E0,-3.95E0));
#4502=VERTEX_POINT('',#4500);
#4503=VERTEX_POINT('',#4501);
#4504=CARTESIAN_POINT('',(1.065156402887E1,1.4E0,-4.15E0));
#4505=CARTESIAN_POINT('',(1.224843597113E1,1.4E0,-4.15E0));
#4506=VERTEX_POINT('',#4504);
#4507=VERTEX_POINT('',#4505);
#4508=CARTESIAN_POINT('',(1.2715E1,1.200004819401E0,-6.2E0));
#4509=CARTESIAN_POINT('',(1.0185E1,1.200004819401E0,-6.2E0));
#4510=VERTEX_POINT('',#4508);
#4511=VERTEX_POINT('',#4509);
#4512=CARTESIAN_POINT('',(1.291497701064E1,1.400017431189E0,-6.2E0));
#4513=CARTESIAN_POINT('',(9.985022989357E0,1.400017431189E0,-6.2E0));
#4514=VERTEX_POINT('',#4512);
#4515=VERTEX_POINT('',#4513);
#4516=CARTESIAN_POINT('',(-1.0185E1,1.200004819401E0,-6.2E0));
#4517=CARTESIAN_POINT('',(-1.2715E1,1.200004819401E0,-6.2E0));
#4518=VERTEX_POINT('',#4516);
#4519=VERTEX_POINT('',#4517);
#4520=CARTESIAN_POINT('',(-9.985022989357E0,1.400017431189E0,-6.2E0));
#4521=CARTESIAN_POINT('',(-1.291497701064E1,1.400017431189E0,-6.2E0));
#4522=VERTEX_POINT('',#4520);
#4523=VERTEX_POINT('',#4521);
#4524=CARTESIAN_POINT('',(-1.197E1,1.2E0,-3.95E0));
#4525=CARTESIAN_POINT('',(-1.093E1,1.2E0,-3.95E0));
#4526=VERTEX_POINT('',#4524);
#4527=VERTEX_POINT('',#4525);
#4528=CARTESIAN_POINT('',(-1.224843597113E1,1.4E0,-4.15E0));
#4529=CARTESIAN_POINT('',(-1.065156402887E1,1.4E0,-4.15E0));
#4530=VERTEX_POINT('',#4528);
#4531=VERTEX_POINT('',#4529);
#4532=CARTESIAN_POINT('',(-1.093E1,1.2E0,-8.45E0));
#4533=CARTESIAN_POINT('',(-1.197E1,1.2E0,-8.45E0));
#4534=VERTEX_POINT('',#4532);
#4535=VERTEX_POINT('',#4533);
#4536=CARTESIAN_POINT('',(-1.065156402887E1,1.4E0,-8.25E0));
#4537=CARTESIAN_POINT('',(-1.224843597113E1,1.4E0,-8.25E0));
#4538=VERTEX_POINT('',#4536);
#4539=VERTEX_POINT('',#4537);
#4540=VERTEX_POINT('',#1099);
#4541=VERTEX_POINT('',#1103);
#4542=VERTEX_POINT('',#1257);
#4543=CARTESIAN_POINT('',(1.226999588680E1,2.4E0,-3.838331456962E0));
#4544=VERTEX_POINT('',#4543);
#4545=CARTESIAN_POINT('',(1.197E1,2.100022605518E0,-4.062337725458E0));
#4546=VERTEX_POINT('',#4545);
#4547=CARTESIAN_POINT('',(1.227E1,2.4E0,-3.1E0));
#4548=VERTEX_POINT('',#4547);
#4549=CARTESIAN_POINT('',(1.197E1,2.1E0,-3.4E0));
#4550=VERTEX_POINT('',#4549);
#4551=CARTESIAN_POINT('',(1.063E1,2.4E0,-3.1E0));
#4552=VERTEX_POINT('',#4551);
#4553=CARTESIAN_POINT('',(1.093E1,2.1E0,-3.4E0));
#4554=VERTEX_POINT('',#4553);
#4555=CARTESIAN_POINT('',(1.062999519070E1,2.399985336989E0,-3.838275959126E0));
#4556=VERTEX_POINT('',#4555);
#4557=CARTESIAN_POINT('',(1.092999771327E1,2.099990321779E0,-4.062328322922E0));
#4558=VERTEX_POINT('',#4557);
#4559=VERTEX_POINT('',#766);
#4560=VERTEX_POINT('',#770);
#4561=VERTEX_POINT('',#806);
#4562=VERTEX_POINT('',#959);
#4563=VERTEX_POINT('',#963);
#4564=VERTEX_POINT('',#788);
#4565=CARTESIAN_POINT('',(1.063000024554E1,2.4E0,-8.561692758803E0));
#4566=VERTEX_POINT('',#4565);
#4567=CARTESIAN_POINT('',(1.093E1,2.100001357966E0,-8.337662274542E0));
#4568=VERTEX_POINT('',#4567);
#4569=CARTESIAN_POINT('',(1.063E1,2.4E0,-9.3E0));
#4570=VERTEX_POINT('',#4569);
#4571=CARTESIAN_POINT('',(1.093E1,2.1E0,-9.E0));
#4572=VERTEX_POINT('',#4571);
#4573=CARTESIAN_POINT('',(1.197E1,2.1E0,-9.E0));
#4574=VERTEX_POINT('',#4573);
#4575=CARTESIAN_POINT('',(1.227E1,2.4E0,-9.3E0));
#4576=VERTEX_POINT('',#4575);
#4577=CARTESIAN_POINT('',(1.197000226521E1,2.099990412603E0,-8.337671588753E0));
#4578=VERTEX_POINT('',#4577);
#4579=CARTESIAN_POINT('',(1.227000476414E1,2.399985474670E0,-8.561723761719E0));
#4580=VERTEX_POINT('',#4579);
#4581=VERTEX_POINT('',#1271);
#4582=VERTEX_POINT('',#1275);
#4583=VERTEX_POINT('',#1285);
#4584=VERTEX_POINT('',#1402);
#4585=VERTEX_POINT('',#1406);
#4586=VERTEX_POINT('',#1367);
#4587=CARTESIAN_POINT('',(-1.063000022359E1,2.4E0,-3.838307102800E0));
#4588=VERTEX_POINT('',#4587);
#4589=CARTESIAN_POINT('',(-1.093E1,2.100001236578E0,-4.062337725458E0));
#4590=VERTEX_POINT('',#4589);
#4591=CARTESIAN_POINT('',(-1.063E1,2.4E0,-3.1E0));
#4592=VERTEX_POINT('',#4591);
#4593=CARTESIAN_POINT('',(-1.093E1,2.1E0,-3.4E0));
#4594=VERTEX_POINT('',#4593);
#4595=CARTESIAN_POINT('',(-1.227E1,2.4E0,-3.1E0));
#4596=VERTEX_POINT('',#4595);
#4597=CARTESIAN_POINT('',(-1.197E1,2.1E0,-3.4E0));
#4598=VERTEX_POINT('',#4597);
#4599=CARTESIAN_POINT('',(-1.227000476414E1,2.399985474670E0,
-3.838276238281E0));
#4600=VERTEX_POINT('',#4599);
#4601=CARTESIAN_POINT('',(-1.197000226521E1,2.099990412603E0,
-4.062328411247E0));
#4602=VERTEX_POINT('',#4601);
#4603=VERTEX_POINT('',#1480);
#4604=VERTEX_POINT('',#1484);
#4605=VERTEX_POINT('',#1729);
#4606=VERTEX_POINT('',#1691);
#4607=VERTEX_POINT('',#1695);
#4608=VERTEX_POINT('',#1498);
#4609=CARTESIAN_POINT('',(-1.226999588658E1,2.4E0,-8.561668541698E0));
#4610=VERTEX_POINT('',#4609);
#4611=CARTESIAN_POINT('',(-1.197E1,2.100022606694E0,-8.337662274542E0));
#4612=VERTEX_POINT('',#4611);
#4613=CARTESIAN_POINT('',(-1.197E1,2.1E0,-9.E0));
#4614=VERTEX_POINT('',#4613);
#4615=CARTESIAN_POINT('',(-1.227E1,2.4E0,-9.3E0));
#4616=VERTEX_POINT('',#4615);
#4617=CARTESIAN_POINT('',(-1.093E1,2.1E0,-9.E0));
#4618=VERTEX_POINT('',#4617);
#4619=CARTESIAN_POINT('',(-1.063E1,2.4E0,-9.3E0));
#4620=VERTEX_POINT('',#4619);
#4621=CARTESIAN_POINT('',(-1.062999519070E1,2.399985336989E0,
-8.561724040874E0));
#4622=VERTEX_POINT('',#4621);
#4623=CARTESIAN_POINT('',(-1.092999771327E1,2.099990321779E0,
-8.337671677078E0));
#4624=VERTEX_POINT('',#4623);
#4625=VERTEX_POINT('',#1381);
#4626=VERTEX_POINT('',#1385);
#4627=VERTEX_POINT('',#1655);
#4628=CARTESIAN_POINT('',(-1.093E1,1.312337725458E0,-8.337662274542E0));
#4629=VERTEX_POINT('',#4628);
#4630=VERTEX_POINT('',#1624);
#4631=CARTESIAN_POINT('',(-1.197E1,1.312337725458E0,-4.062337725458E0));
#4632=VERTEX_POINT('',#4631);
#4633=VERTEX_POINT('',#1449);
#4634=CARTESIAN_POINT('',(1.093E1,1.312337725458E0,-4.062337725458E0));
#4635=VERTEX_POINT('',#4634);
#4636=VERTEX_POINT('',#1142);
#4637=CARTESIAN_POINT('',(1.197E1,1.312337725458E0,-8.337662274542E0));
#4638=VERTEX_POINT('',#4637);
#4639=VERTEX_POINT('',#928);
#4640=CARTESIAN_POINT('',(5.8E0,1.5E0,5.05E0));
#4641=CARTESIAN_POINT('',(4.2E0,1.5E0,5.05E0));
#4642=VERTEX_POINT('',#4640);
#4643=VERTEX_POINT('',#4641);
#4644=CARTESIAN_POINT('',(5.3E0,2.E0,4.55E0));
#4645=CARTESIAN_POINT('',(4.7E0,2.E0,4.55E0));
#4646=VERTEX_POINT('',#4644);
#4647=VERTEX_POINT('',#4645);
#4648=CARTESIAN_POINT('',(5.8E0,-1.5E0,5.05E0));
#4649=CARTESIAN_POINT('',(4.2E0,-1.5E0,5.05E0));
#4650=VERTEX_POINT('',#4648);
#4651=VERTEX_POINT('',#4649);
#4652=CARTESIAN_POINT('',(5.3E0,-2.E0,4.55E0));
#4653=CARTESIAN_POINT('',(4.7E0,-2.E0,4.55E0));
#4654=VERTEX_POINT('',#4652);
#4655=VERTEX_POINT('',#4653);
#4656=CARTESIAN_POINT('',(5.362132034356E0,2.15E0,0.E0));
#4657=CARTESIAN_POINT('',(5.95E0,1.562132034356E0,0.E0));
#4658=VERTEX_POINT('',#4656);
#4659=VERTEX_POINT('',#4657);
#4660=CARTESIAN_POINT('',(5.3E0,2.E0,1.5E-1));
#4661=CARTESIAN_POINT('',(5.8E0,1.5E0,1.5E-1));
#4662=VERTEX_POINT('',#4660);
#4663=VERTEX_POINT('',#4661);
#4664=CARTESIAN_POINT('',(4.637867965644E0,2.15E0,0.E0));
#4665=VERTEX_POINT('',#4664);
#4666=CARTESIAN_POINT('',(4.7E0,2.E0,1.5E-1));
#4667=VERTEX_POINT('',#4666);
#4668=CARTESIAN_POINT('',(4.2E0,1.5E0,1.5E-1));
#4669=VERTEX_POINT('',#4668);
#4670=CARTESIAN_POINT('',(4.05E0,1.562132034356E0,0.E0));
#4671=VERTEX_POINT('',#4670);
#4672=CARTESIAN_POINT('',(4.05E0,-1.562132034356E0,0.E0));
#4673=VERTEX_POINT('',#4672);
#4674=CARTESIAN_POINT('',(4.2E0,-1.5E0,1.5E-1));
#4675=VERTEX_POINT('',#4674);
#4676=CARTESIAN_POINT('',(4.637867965644E0,-2.15E0,0.E0));
#4677=VERTEX_POINT('',#4676);
#4678=CARTESIAN_POINT('',(4.7E0,-2.E0,1.5E-1));
#4679=VERTEX_POINT('',#4678);
#4680=CARTESIAN_POINT('',(5.362132034356E0,-2.15E0,0.E0));
#4681=VERTEX_POINT('',#4680);
#4682=CARTESIAN_POINT('',(5.3E0,-2.E0,1.5E-1));
#4683=VERTEX_POINT('',#4682);
#4684=CARTESIAN_POINT('',(5.8E0,-1.5E0,1.5E-1));
#4685=VERTEX_POINT('',#4684);
#4686=CARTESIAN_POINT('',(5.95E0,-1.562132034356E0,0.E0));
#4687=VERTEX_POINT('',#4686);
#4688=CARTESIAN_POINT('',(0.E0,0.E0,0.E0));
#4689=DIRECTION('',(0.E0,0.E0,1.E0));
#4690=DIRECTION('',(1.E0,0.E0,0.E0));
#4691=AXIS2_PLACEMENT_3D('',#4688,#4689,#4690);
#4692=PLANE('',#4691);
#4694=ORIENTED_EDGE('',*,*,#4693,.T.);
#4696=ORIENTED_EDGE('',*,*,#4695,.T.);
#4698=ORIENTED_EDGE('',*,*,#4697,.T.);
#4700=ORIENTED_EDGE('',*,*,#4699,.T.);
#4702=ORIENTED_EDGE('',*,*,#4701,.T.);
#4704=ORIENTED_EDGE('',*,*,#4703,.T.);
#4706=ORIENTED_EDGE('',*,*,#4705,.T.);
#4708=ORIENTED_EDGE('',*,*,#4707,.T.);
#4709=EDGE_LOOP('',(#4694,#4696,#4698,#4700,#4702,#4704,#4706,#4708));
#4710=FACE_OUTER_BOUND('',#4709,.F.);
#4712=ORIENTED_EDGE('',*,*,#4711,.F.);
#4714=ORIENTED_EDGE('',*,*,#4713,.T.);
#4716=ORIENTED_EDGE('',*,*,#4715,.F.);
#4718=ORIENTED_EDGE('',*,*,#4717,.T.);
#4720=ORIENTED_EDGE('',*,*,#4719,.F.);
#4722=ORIENTED_EDGE('',*,*,#4721,.T.);
#4724=ORIENTED_EDGE('',*,*,#4723,.F.);
#4726=ORIENTED_EDGE('',*,*,#4725,.T.);
#4727=EDGE_LOOP('',(#4712,#4714,#4716,#4718,#4720,#4722,#4724,#4726));
#4728=FACE_BOUND('',#4727,.F.);
#4730=ORIENTED_EDGE('',*,*,#4729,.F.);
#4732=ORIENTED_EDGE('',*,*,#4731,.T.);
#4734=ORIENTED_EDGE('',*,*,#4733,.T.);
#4736=ORIENTED_EDGE('',*,*,#4735,.F.);
#4737=EDGE_LOOP('',(#4730,#4732,#4734,#4736));
#4738=FACE_BOUND('',#4737,.F.);
#4740=ORIENTED_EDGE('',*,*,#4739,.F.);
#4742=ORIENTED_EDGE('',*,*,#4741,.T.);
#4744=ORIENTED_EDGE('',*,*,#4743,.T.);
#4746=ORIENTED_EDGE('',*,*,#4745,.F.);
#4747=EDGE_LOOP('',(#4740,#4742,#4744,#4746));
#4748=FACE_BOUND('',#4747,.F.);
#4750=ORIENTED_EDGE('',*,*,#4749,.F.);
#4752=ORIENTED_EDGE('',*,*,#4751,.T.);
#4754=ORIENTED_EDGE('',*,*,#4753,.T.);
#4756=ORIENTED_EDGE('',*,*,#4755,.F.);
#4757=EDGE_LOOP('',(#4750,#4752,#4754,#4756));
#4758=FACE_BOUND('',#4757,.F.);
#4760=ORIENTED_EDGE('',*,*,#4759,.F.);
#4762=ORIENTED_EDGE('',*,*,#4761,.T.);
#4764=ORIENTED_EDGE('',*,*,#4763,.T.);
#4766=ORIENTED_EDGE('',*,*,#4765,.F.);
#4767=EDGE_LOOP('',(#4760,#4762,#4764,#4766));
#4768=FACE_BOUND('',#4767,.F.);
#4770=ORIENTED_EDGE('',*,*,#4769,.F.);
#4772=ORIENTED_EDGE('',*,*,#4771,.T.);
#4774=ORIENTED_EDGE('',*,*,#4773,.T.);
#4776=ORIENTED_EDGE('',*,*,#4775,.F.);
#4777=EDGE_LOOP('',(#4770,#4772,#4774,#4776));
#4778=FACE_BOUND('',#4777,.F.);
#4780=ORIENTED_EDGE('',*,*,#4779,.F.);
#4782=ORIENTED_EDGE('',*,*,#4781,.T.);
#4784=ORIENTED_EDGE('',*,*,#4783,.T.);
#4786=ORIENTED_EDGE('',*,*,#4785,.F.);
#4787=EDGE_LOOP('',(#4780,#4782,#4784,#4786));
#4788=FACE_BOUND('',#4787,.F.);
#4789=ADVANCED_FACE('',(#4710,#4728,#4738,#4748,#4758,#4768,#4778,#4788),#4692,
.T.);
#4790=CARTESIAN_POINT('',(-9.35E0,-2.4E0,0.E0));
#4791=DIRECTION('',(0.E0,-1.E0,0.E0));
#4792=DIRECTION('',(1.E0,0.E0,0.E0));
#4793=AXIS2_PLACEMENT_3D('',#4790,#4791,#4792);
#4794=PLANE('',#4793);
#4796=ORIENTED_EDGE('',*,*,#4795,.F.);
#4798=ORIENTED_EDGE('',*,*,#4797,.T.);
#4799=ORIENTED_EDGE('',*,*,#4693,.F.);
#4801=ORIENTED_EDGE('',*,*,#4800,.F.);
#4802=EDGE_LOOP('',(#4796,#4798,#4799,#4801));
#4803=FACE_OUTER_BOUND('',#4802,.F.);
#4804=ADVANCED_FACE('',(#4803),#4794,.T.);
#4805=CARTESIAN_POINT('',(-9.35E0,2.4E0,-2.5E0));
#4806=DIRECTION('',(0.E0,0.E0,1.E0));
#4807=DIRECTION('',(1.E0,0.E0,0.E0));
#4808=AXIS2_PLACEMENT_3D('',#4805,#4806,#4807);
#4809=PLANE('',#4808);
#4811=ORIENTED_EDGE('',*,*,#4810,.F.);
#4813=ORIENTED_EDGE('',*,*,#4812,.F.);
#4815=ORIENTED_EDGE('',*,*,#4814,.T.);
#4817=ORIENTED_EDGE('',*,*,#4816,.F.);
#4819=ORIENTED_EDGE('',*,*,#4818,.F.);
#4821=ORIENTED_EDGE('',*,*,#4820,.F.);
#4823=ORIENTED_EDGE('',*,*,#4822,.T.);
#4825=ORIENTED_EDGE('',*,*,#4824,.F.);
#4827=ORIENTED_EDGE('',*,*,#4826,.F.);
#4829=ORIENTED_EDGE('',*,*,#4828,.F.);
#4831=ORIENTED_EDGE('',*,*,#4830,.T.);
#4833=ORIENTED_EDGE('',*,*,#4832,.F.);
#4835=ORIENTED_EDGE('',*,*,#4834,.F.);
#4837=ORIENTED_EDGE('',*,*,#4836,.F.);
#4839=ORIENTED_EDGE('',*,*,#4838,.T.);
#4841=ORIENTED_EDGE('',*,*,#4840,.F.);
#4843=ORIENTED_EDGE('',*,*,#4842,.F.);
#4845=ORIENTED_EDGE('',*,*,#4844,.F.);
#4847=ORIENTED_EDGE('',*,*,#4846,.T.);
#4849=ORIENTED_EDGE('',*,*,#4848,.F.);
#4851=ORIENTED_EDGE('',*,*,#4850,.F.);
#4853=ORIENTED_EDGE('',*,*,#4852,.F.);
#4855=ORIENTED_EDGE('',*,*,#4854,.T.);
#4857=ORIENTED_EDGE('',*,*,#4856,.T.);
#4858=ORIENTED_EDGE('',*,*,#4795,.T.);
#4860=ORIENTED_EDGE('',*,*,#4859,.T.);
#4862=ORIENTED_EDGE('',*,*,#4861,.F.);
#4864=ORIENTED_EDGE('',*,*,#4863,.F.);
#4866=ORIENTED_EDGE('',*,*,#4865,.T.);
#4868=ORIENTED_EDGE('',*,*,#4867,.F.);
#4869=EDGE_LOOP('',(#4811,#4813,#4815,#4817,#4819,#4821,#4823,#4825,#4827,#4829,
#4831,#4833,#4835,#4837,#4839,#4841,#4843,#4845,#4847,#4849,#4851,#4853,#4855,
#4857,#4858,#4860,#4862,#4864,#4866,#4868));
#4870=FACE_OUTER_BOUND('',#4869,.F.);
#4871=ADVANCED_FACE('',(#4870),#4809,.F.);
#4872=CARTESIAN_POINT('',(7.15E0,0.E0,-6.2E0));
#4873=DIRECTION('',(1.E0,0.E0,0.E0));
#4874=DIRECTION('',(0.E0,0.E0,-1.E0));
#4875=AXIS2_PLACEMENT_3D('',#4872,#4873,#4874);
#4876=PLANE('',#4875);
#4877=ORIENTED_EDGE('',*,*,#4779,.T.);
#4879=ORIENTED_EDGE('',*,*,#4878,.T.);
#4881=ORIENTED_EDGE('',*,*,#4880,.T.);
#4883=ORIENTED_EDGE('',*,*,#4882,.T.);
#4885=ORIENTED_EDGE('',*,*,#4884,.T.);
#4887=ORIENTED_EDGE('',*,*,#4886,.T.);
#4888=EDGE_LOOP('',(#4877,#4879,#4881,#4883,#4885,#4887));
#4889=FACE_OUTER_BOUND('',#4888,.F.);
#4890=ADVANCED_FACE('',(#4889),#4876,.F.);
#4891=CARTESIAN_POINT('',(7.15E0,0.E0,-6.2E0));
#4892=DIRECTION('',(1.E0,0.E0,0.E0));
#4893=DIRECTION('',(0.E0,0.E0,-1.E0));
#4894=AXIS2_PLACEMENT_3D('',#4891,#4892,#4893);
#4895=PLANE('',#4894);
#4896=ORIENTED_EDGE('',*,*,#4810,.T.);
#4898=ORIENTED_EDGE('',*,*,#4897,.T.);
#4900=ORIENTED_EDGE('',*,*,#4899,.T.);
#4902=ORIENTED_EDGE('',*,*,#4901,.T.);
#4904=ORIENTED_EDGE('',*,*,#4903,.T.);
#4906=ORIENTED_EDGE('',*,*,#4905,.T.);
#4908=ORIENTED_EDGE('',*,*,#4907,.T.);
#4910=ORIENTED_EDGE('',*,*,#4909,.T.);
#4912=ORIENTED_EDGE('',*,*,#4911,.T.);
#4914=ORIENTED_EDGE('',*,*,#4913,.T.);
#4916=ORIENTED_EDGE('',*,*,#4915,.T.);
#4918=ORIENTED_EDGE('',*,*,#4917,.T.);
#4920=ORIENTED_EDGE('',*,*,#4919,.T.);
#4922=ORIENTED_EDGE('',*,*,#4921,.T.);
#4924=ORIENTED_EDGE('',*,*,#4923,.T.);
#4926=ORIENTED_EDGE('',*,*,#4925,.T.);
#4928=ORIENTED_EDGE('',*,*,#4927,.T.);
#4930=ORIENTED_EDGE('',*,*,#4929,.T.);
#4932=ORIENTED_EDGE('',*,*,#4931,.T.);
#4934=ORIENTED_EDGE('',*,*,#4933,.T.);
#4936=ORIENTED_EDGE('',*,*,#4935,.T.);
#4938=ORIENTED_EDGE('',*,*,#4937,.T.);
#4940=ORIENTED_EDGE('',*,*,#4939,.T.);
#4942=ORIENTED_EDGE('',*,*,#4941,.T.);
#4944=ORIENTED_EDGE('',*,*,#4943,.F.);
#4945=EDGE_LOOP('',(#4896,#4898,#4900,#4902,#4904,#4906,#4908,#4910,#4912,#4914,
#4916,#4918,#4920,#4922,#4924,#4926,#4928,#4930,#4932,#4934,#4936,#4938,#4940,
#4942,#4944));
#4946=FACE_OUTER_BOUND('',#4945,.F.);
#4947=ADVANCED_FACE('',(#4946),#4895,.F.);
#4948=CARTESIAN_POINT('',(7.15E0,1.2E0,0.E0));
#4949=DIRECTION('',(0.E0,1.E0,0.E0));
#4950=DIRECTION('',(0.E0,0.E0,1.E0));
#4951=AXIS2_PLACEMENT_3D('',#4948,#4949,#4950);
#4952=PLANE('',#4951);
#4953=ORIENTED_EDGE('',*,*,#4785,.T.);
#4955=ORIENTED_EDGE('',*,*,#4954,.T.);
#4957=ORIENTED_EDGE('',*,*,#4956,.F.);
#4958=ORIENTED_EDGE('',*,*,#4878,.F.);
#4959=EDGE_LOOP('',(#4953,#4955,#4957,#4958));
#4960=FACE_OUTER_BOUND('',#4959,.F.);
#4961=ADVANCED_FACE('',(#4960),#4952,.T.);
#4962=CARTESIAN_POINT('',(7.85E0,0.E0,-6.2E0));
#4963=DIRECTION('',(1.E0,0.E0,0.E0));
#4964=DIRECTION('',(0.E0,0.E0,-1.E0));
#4965=AXIS2_PLACEMENT_3D('',#4962,#4963,#4964);
#4966=PLANE('',#4965);
#4967=ORIENTED_EDGE('',*,*,#4783,.F.);
#4969=ORIENTED_EDGE('',*,*,#4968,.F.);
#4971=ORIENTED_EDGE('',*,*,#4970,.F.);
#4973=ORIENTED_EDGE('',*,*,#4972,.F.);
#4975=ORIENTED_EDGE('',*,*,#4974,.F.);
#4976=ORIENTED_EDGE('',*,*,#4954,.F.);
#4977=EDGE_LOOP('',(#4967,#4969,#4971,#4973,#4975,#4976));
#4978=FACE_OUTER_BOUND('',#4977,.F.);
#4979=ADVANCED_FACE('',(#4978),#4966,.T.);
#4980=CARTESIAN_POINT('',(7.85E0,0.E0,-6.2E0));
#4981=DIRECTION('',(1.E0,0.E0,0.E0));
#4982=DIRECTION('',(0.E0,0.E0,-1.E0));
#4983=AXIS2_PLACEMENT_3D('',#4980,#4981,#4982);
#4984=PLANE('',#4983);
#4985=ORIENTED_EDGE('',*,*,#4865,.F.);
#4987=ORIENTED_EDGE('',*,*,#4986,.T.);
#4989=ORIENTED_EDGE('',*,*,#4988,.F.);
#4991=ORIENTED_EDGE('',*,*,#4990,.F.);
#4993=ORIENTED_EDGE('',*,*,#4992,.F.);
#4995=ORIENTED_EDGE('',*,*,#4994,.F.);
#4997=ORIENTED_EDGE('',*,*,#4996,.F.);
#4999=ORIENTED_EDGE('',*,*,#4998,.F.);
#5001=ORIENTED_EDGE('',*,*,#5000,.F.);
#5003=ORIENTED_EDGE('',*,*,#5002,.F.);
#5005=ORIENTED_EDGE('',*,*,#5004,.F.);
#5007=ORIENTED_EDGE('',*,*,#5006,.F.);
#5009=ORIENTED_EDGE('',*,*,#5008,.F.);
#5011=ORIENTED_EDGE('',*,*,#5010,.F.);
#5013=ORIENTED_EDGE('',*,*,#5012,.F.);
#5015=ORIENTED_EDGE('',*,*,#5014,.F.);
#5017=ORIENTED_EDGE('',*,*,#5016,.F.);
#5019=ORIENTED_EDGE('',*,*,#5018,.F.);
#5021=ORIENTED_EDGE('',*,*,#5020,.F.);
#5023=ORIENTED_EDGE('',*,*,#5022,.F.);
#5025=ORIENTED_EDGE('',*,*,#5024,.F.);
#5027=ORIENTED_EDGE('',*,*,#5026,.F.);
#5029=ORIENTED_EDGE('',*,*,#5028,.F.);
#5031=ORIENTED_EDGE('',*,*,#5030,.F.);
#5033=ORIENTED_EDGE('',*,*,#5032,.F.);
#5034=EDGE_LOOP('',(#4985,#4987,#4989,#4991,#4993,#4995,#4997,#4999,#5001,#5003,
#5005,#5007,#5009,#5011,#5013,#5015,#5017,#5019,#5021,#5023,#5025,#5027,#5029,
#5031,#5033));
#5035=FACE_OUTER_BOUND('',#5034,.F.);
#5036=ADVANCED_FACE('',(#5035),#4984,.T.);
#5037=CARTESIAN_POINT('',(7.15E0,-1.2E0,3.25E0));
#5038=DIRECTION('',(0.E0,-1.E0,0.E0));
#5039=DIRECTION('',(0.E0,0.E0,-1.E0));
#5040=AXIS2_PLACEMENT_3D('',#5037,#5038,#5039);
#5041=PLANE('',#5040);
#5042=ORIENTED_EDGE('',*,*,#4781,.F.);
#5043=ORIENTED_EDGE('',*,*,#4886,.F.);
#5045=ORIENTED_EDGE('',*,*,#5044,.T.);
#5046=ORIENTED_EDGE('',*,*,#4968,.T.);
#5047=EDGE_LOOP('',(#5042,#5043,#5045,#5046));
#5048=FACE_OUTER_BOUND('',#5047,.F.);
#5049=ADVANCED_FACE('',(#5048),#5041,.T.);
#5050=CARTESIAN_POINT('',(7.15E0,-7.E-1,3.25E0));
#5051=DIRECTION('',(1.E0,0.E0,0.E0));
#5052=DIRECTION('',(0.E0,0.E0,-1.E0));
#5053=AXIS2_PLACEMENT_3D('',#5050,#5051,#5052);
#5054=CYLINDRICAL_SURFACE('',#5053,5.E-1);
#5055=ORIENTED_EDGE('',*,*,#4884,.F.);
#5057=ORIENTED_EDGE('',*,*,#5056,.T.);
#5058=ORIENTED_EDGE('',*,*,#4970,.T.);
#5059=ORIENTED_EDGE('',*,*,#5044,.F.);
#5060=EDGE_LOOP('',(#5055,#5057,#5058,#5059));
#5061=FACE_OUTER_BOUND('',#5060,.F.);
#5062=ADVANCED_FACE('',(#5061),#5054,.T.);
#5063=CARTESIAN_POINT('',(7.15E0,7.E-1,3.75E0));
#5064=DIRECTION('',(0.E0,0.E0,1.E0));
#5065=DIRECTION('',(0.E0,-1.E0,0.E0));
#5066=AXIS2_PLACEMENT_3D('',#5063,#5064,#5065);
#5067=PLANE('',#5066);
#5068=ORIENTED_EDGE('',*,*,#4882,.F.);
#5070=ORIENTED_EDGE('',*,*,#5069,.T.);
#5071=ORIENTED_EDGE('',*,*,#4972,.T.);
#5072=ORIENTED_EDGE('',*,*,#5056,.F.);
#5073=EDGE_LOOP('',(#5068,#5070,#5071,#5072));
#5074=FACE_OUTER_BOUND('',#5073,.F.);
#5075=ADVANCED_FACE('',(#5074),#5067,.T.);
#5076=CARTESIAN_POINT('',(7.15E0,7.E-1,3.25E0));
#5077=DIRECTION('',(1.E0,0.E0,0.E0));
#5078=DIRECTION('',(0.E0,0.E0,-1.E0));
#5079=AXIS2_PLACEMENT_3D('',#5076,#5077,#5078);
#5080=CYLINDRICAL_SURFACE('',#5079,5.E-1);
#5081=ORIENTED_EDGE('',*,*,#4880,.F.);
#5082=ORIENTED_EDGE('',*,*,#4956,.T.);
#5083=ORIENTED_EDGE('',*,*,#4974,.T.);
#5084=ORIENTED_EDGE('',*,*,#5069,.F.);
#5085=EDGE_LOOP('',(#5081,#5082,#5083,#5084));
#5086=FACE_OUTER_BOUND('',#5085,.F.);
#5087=ADVANCED_FACE('',(#5086),#5080,.T.);
#5088=CARTESIAN_POINT('',(0.E0,1.8E0,0.E0));
#5089=DIRECTION('',(0.E0,1.E0,0.E0));
#5090=DIRECTION('',(1.E0,0.E0,0.E0));
#5091=AXIS2_PLACEMENT_3D('',#5088,#5089,#5090);
#5092=PLANE('',#5091);
#5093=ORIENTED_EDGE('',*,*,#4943,.T.);
#5095=ORIENTED_EDGE('',*,*,#5094,.T.);
#5096=ORIENTED_EDGE('',*,*,#4986,.F.);
#5097=ORIENTED_EDGE('',*,*,#4863,.T.);
#5099=ORIENTED_EDGE('',*,*,#5098,.T.);
#5101=ORIENTED_EDGE('',*,*,#5100,.T.);
#5103=ORIENTED_EDGE('',*,*,#5102,.F.);
#5104=ORIENTED_EDGE('',*,*,#4852,.T.);
#5106=ORIENTED_EDGE('',*,*,#5105,.T.);
#5108=ORIENTED_EDGE('',*,*,#5107,.T.);
#5110=ORIENTED_EDGE('',*,*,#5109,.F.);
#5111=ORIENTED_EDGE('',*,*,#4844,.T.);
#5113=ORIENTED_EDGE('',*,*,#5112,.T.);
#5115=ORIENTED_EDGE('',*,*,#5114,.T.);
#5117=ORIENTED_EDGE('',*,*,#5116,.F.);
#5118=ORIENTED_EDGE('',*,*,#4836,.T.);
#5120=ORIENTED_EDGE('',*,*,#5119,.T.);
#5122=ORIENTED_EDGE('',*,*,#5121,.T.);
#5124=ORIENTED_EDGE('',*,*,#5123,.F.);
#5125=ORIENTED_EDGE('',*,*,#4828,.T.);
#5127=ORIENTED_EDGE('',*,*,#5126,.T.);
#5129=ORIENTED_EDGE('',*,*,#5128,.T.);
#5131=ORIENTED_EDGE('',*,*,#5130,.F.);
#5132=ORIENTED_EDGE('',*,*,#4820,.T.);
#5134=ORIENTED_EDGE('',*,*,#5133,.T.);
#5136=ORIENTED_EDGE('',*,*,#5135,.T.);
#5138=ORIENTED_EDGE('',*,*,#5137,.F.);
#5139=ORIENTED_EDGE('',*,*,#4812,.T.);
#5140=EDGE_LOOP('',(#5093,#5095,#5096,#5097,#5099,#5101,#5103,#5104,#5106,#5108,
#5110,#5111,#5113,#5115,#5117,#5118,#5120,#5122,#5124,#5125,#5127,#5129,#5131,
#5132,#5134,#5136,#5138,#5139));
#5141=FACE_OUTER_BOUND('',#5140,.F.);
#5142=ADVANCED_FACE('',(#5141),#5092,.F.);
#5143=CARTESIAN_POINT('',(7.15E0,1.4E0,-3.3E0));
#5144=DIRECTION('',(0.E0,0.E0,-1.E0));
#5145=DIRECTION('',(0.E0,1.E0,0.E0));
#5146=AXIS2_PLACEMENT_3D('',#5143,#5144,#5145);
#5147=PLANE('',#5146);
#5148=ORIENTED_EDGE('',*,*,#5094,.F.);
#5149=ORIENTED_EDGE('',*,*,#4941,.F.);
#5151=ORIENTED_EDGE('',*,*,#5150,.T.);
#5152=ORIENTED_EDGE('',*,*,#4988,.T.);
#5153=EDGE_LOOP('',(#5148,#5149,#5151,#5152));
#5154=FACE_OUTER_BOUND('',#5153,.F.);
#5155=ADVANCED_FACE('',(#5154),#5147,.T.);
#5156=CARTESIAN_POINT('',(7.15E0,1.4E0,-4.768148347422E0));
#5157=DIRECTION('',(0.E0,1.E0,0.E0));
#5158=DIRECTION('',(0.E0,0.E0,1.E0));
#5159=AXIS2_PLACEMENT_3D('',#5156,#5157,#5158);
#5160=PLANE('',#5159);
#5161=ORIENTED_EDGE('',*,*,#4939,.F.);
#5163=ORIENTED_EDGE('',*,*,#5162,.T.);
#5164=ORIENTED_EDGE('',*,*,#4990,.T.);
#5165=ORIENTED_EDGE('',*,*,#5150,.F.);
#5166=EDGE_LOOP('',(#5161,#5163,#5164,#5165));
#5167=FACE_OUTER_BOUND('',#5166,.F.);
#5168=ADVANCED_FACE('',(#5167),#5160,.T.);
#5169=CARTESIAN_POINT('',(7.15E0,9.E-1,-4.768148347422E0));
#5170=DIRECTION('',(1.E0,0.E0,0.E0));
#5171=DIRECTION('',(0.E0,0.E0,-1.E0));
#5172=AXIS2_PLACEMENT_3D('',#5169,#5170,#5171);
#5173=CYLINDRICAL_SURFACE('',#5172,5.E-1);
#5174=ORIENTED_EDGE('',*,*,#4937,.F.);
#5176=ORIENTED_EDGE('',*,*,#5175,.T.);
#5177=ORIENTED_EDGE('',*,*,#4992,.T.);
#5178=ORIENTED_EDGE('',*,*,#5162,.F.);
#5179=EDGE_LOOP('',(#5174,#5176,#5177,#5178));
#5180=FACE_OUTER_BOUND('',#5179,.F.);
#5181=ADVANCED_FACE('',(#5180),#5173,.T.);
#5182=CARTESIAN_POINT('',(7.15E0,9.397197676620E-1,-6.551763809021E0));
#5183=DIRECTION('',(0.E0,9.659258262891E-1,-2.588190451025E-1));
#5184=DIRECTION('',(0.E0,2.588190451025E-1,9.659258262891E-1));
#5185=AXIS2_PLACEMENT_3D('',#5182,#5183,#5184);
#5186=PLANE('',#5185);
#5187=ORIENTED_EDGE('',*,*,#4935,.F.);
#5189=ORIENTED_EDGE('',*,*,#5188,.T.);
#5190=ORIENTED_EDGE('',*,*,#4994,.T.);
#5191=ORIENTED_EDGE('',*,*,#5175,.F.);
#5192=EDGE_LOOP('',(#5187,#5189,#5190,#5191));
#5193=FACE_OUTER_BOUND('',#5192,.F.);
#5194=ADVANCED_FACE('',(#5193),#5186,.T.);
#5195=CARTESIAN_POINT('',(7.15E0,7.465346024042E-1,-6.5E0));
#5196=DIRECTION('',(1.E0,0.E0,0.E0));
#5197=DIRECTION('',(0.E0,0.E0,-1.E0));
#5198=AXIS2_PLACEMENT_3D('',#5195,#5196,#5197);
#5199=CYLINDRICAL_SURFACE('',#5198,2.E-1);
#5200=ORIENTED_EDGE('',*,*,#4933,.F.);
#5202=ORIENTED_EDGE('',*,*,#5201,.T.);
#5203=ORIENTED_EDGE('',*,*,#4996,.T.);
#5204=ORIENTED_EDGE('',*,*,#5188,.F.);
#5205=EDGE_LOOP('',(#5200,#5202,#5203,#5204));
#5206=FACE_OUTER_BOUND('',#5205,.F.);
#5207=ADVANCED_FACE('',(#5206),#5199,.T.);
#5208=CARTESIAN_POINT('',(7.15E0,4.E-1,-6.7E0));
#5209=DIRECTION('',(0.E0,0.E0,-1.E0));
#5210=DIRECTION('',(0.E0,1.E0,0.E0));
#5211=AXIS2_PLACEMENT_3D('',#5208,#5209,#5210);
#5212=PLANE('',#5211);
#5213=ORIENTED_EDGE('',*,*,#4931,.F.);
#5215=ORIENTED_EDGE('',*,*,#5214,.T.);
#5216=ORIENTED_EDGE('',*,*,#4998,.T.);
#5217=ORIENTED_EDGE('',*,*,#5201,.F.);
#5218=EDGE_LOOP('',(#5213,#5215,#5216,#5217));
#5219=FACE_OUTER_BOUND('',#5218,.F.);
#5220=ADVANCED_FACE('',(#5219),#5212,.T.);
#5221=CARTESIAN_POINT('',(7.15E0,4.E-1,-5.8E0));
#5222=DIRECTION('',(0.E0,-1.E0,0.E0));
#5223=DIRECTION('',(0.E0,0.E0,-1.E0));
#5224=AXIS2_PLACEMENT_3D('',#5221,#5222,#5223);
#5225=PLANE('',#5224);
#5226=ORIENTED_EDGE('',*,*,#4929,.F.);
#5228=ORIENTED_EDGE('',*,*,#5227,.T.);
#5229=ORIENTED_EDGE('',*,*,#5000,.T.);
#5230=ORIENTED_EDGE('',*,*,#5214,.F.);
#5231=EDGE_LOOP('',(#5226,#5228,#5229,#5230));
#5232=FACE_OUTER_BOUND('',#5231,.F.);
#5233=ADVANCED_FACE('',(#5232),#5225,.T.);
#5234=CARTESIAN_POINT('',(7.15E0,4.5E-1,-5.8E0));
#5235=DIRECTION('',(0.E0,0.E0,1.E0));
#5236=DIRECTION('',(0.E0,-1.E0,0.E0));
#5237=AXIS2_PLACEMENT_3D('',#5234,#5235,#5236);
#5238=PLANE('',#5237);
#5239=ORIENTED_EDGE('',*,*,#4927,.F.);
#5241=ORIENTED_EDGE('',*,*,#5240,.T.);
#5242=ORIENTED_EDGE('',*,*,#5002,.T.);
#5243=ORIENTED_EDGE('',*,*,#5227,.F.);
#5244=EDGE_LOOP('',(#5239,#5241,#5242,#5243));
#5245=FACE_OUTER_BOUND('',#5244,.F.);
#5246=ADVANCED_FACE('',(#5245),#5238,.T.);
#5247=CARTESIAN_POINT('',(7.15E0,4.5E-1,-5.7E0));
#5248=DIRECTION('',(1.E0,0.E0,0.E0));
#5249=DIRECTION('',(0.E0,0.E0,-1.E0));
#5250=AXIS2_PLACEMENT_3D('',#5247,#5248,#5249);
#5251=CYLINDRICAL_SURFACE('',#5250,1.E-1);
#5252=ORIENTED_EDGE('',*,*,#4925,.F.);
#5254=ORIENTED_EDGE('',*,*,#5253,.T.);
#5255=ORIENTED_EDGE('',*,*,#5004,.T.);
#5256=ORIENTED_EDGE('',*,*,#5240,.F.);
#5257=EDGE_LOOP('',(#5252,#5254,#5255,#5256));
#5258=FACE_OUTER_BOUND('',#5257,.F.);
#5259=ADVANCED_FACE('',(#5258),#5251,.F.);
#5260=CARTESIAN_POINT('',(7.15E0,5.5E-1,-5.6E0));
#5261=DIRECTION('',(0.E0,-1.E0,0.E0));
#5262=DIRECTION('',(0.E0,0.E0,-1.E0));
#5263=AXIS2_PLACEMENT_3D('',#5260,#5261,#5262);
#5264=PLANE('',#5263);
#5265=ORIENTED_EDGE('',*,*,#4923,.F.);
#5267=ORIENTED_EDGE('',*,*,#5266,.T.);
#5268=ORIENTED_EDGE('',*,*,#5006,.T.);
#5269=ORIENTED_EDGE('',*,*,#5253,.F.);
#5270=EDGE_LOOP('',(#5265,#5267,#5268,#5269));
#5271=FACE_OUTER_BOUND('',#5270,.F.);
#5272=ADVANCED_FACE('',(#5271),#5264,.T.);
#5273=CARTESIAN_POINT('',(7.15E0,4.5E-1,-5.6E0));
#5274=DIRECTION('',(1.E0,0.E0,0.E0));
#5275=DIRECTION('',(0.E0,0.E0,-1.E0));
#5276=AXIS2_PLACEMENT_3D('',#5273,#5274,#5275);
#5277=CYLINDRICAL_SURFACE('',#5276,1.E-1);
#5278=ORIENTED_EDGE('',*,*,#4921,.F.);
#5280=ORIENTED_EDGE('',*,*,#5279,.T.);
#5281=ORIENTED_EDGE('',*,*,#5008,.T.);
#5282=ORIENTED_EDGE('',*,*,#5266,.F.);
#5283=EDGE_LOOP('',(#5278,#5280,#5281,#5282));
#5284=FACE_OUTER_BOUND('',#5283,.F.);
#5285=ADVANCED_FACE('',(#5284),#5277,.F.);
#5286=CARTESIAN_POINT('',(7.15E0,-4.999999999999E-2,-5.5E0));
#5287=DIRECTION('',(0.E0,0.E0,-1.E0));
#5288=DIRECTION('',(0.E0,1.E0,0.E0));
#5289=AXIS2_PLACEMENT_3D('',#5286,#5287,#5288);
#5290=PLANE('',#5289);
#5291=ORIENTED_EDGE('',*,*,#4919,.F.);
#5293=ORIENTED_EDGE('',*,*,#5292,.T.);
#5294=ORIENTED_EDGE('',*,*,#5010,.T.);
#5295=ORIENTED_EDGE('',*,*,#5279,.F.);
#5296=EDGE_LOOP('',(#5291,#5293,#5294,#5295));
#5297=FACE_OUTER_BOUND('',#5296,.F.);
#5298=ADVANCED_FACE('',(#5297),#5290,.T.);
#5299=CARTESIAN_POINT('',(7.15E0,-4.999999999999E-2,-5.15E0));
#5300=DIRECTION('',(1.E0,0.E0,0.E0));
#5301=DIRECTION('',(0.E0,0.E0,-1.E0));
#5302=AXIS2_PLACEMENT_3D('',#5299,#5300,#5301);
#5303=CYLINDRICAL_SURFACE('',#5302,3.5E-1);
#5304=ORIENTED_EDGE('',*,*,#4917,.F.);
#5306=ORIENTED_EDGE('',*,*,#5305,.T.);
#5307=ORIENTED_EDGE('',*,*,#5012,.T.);
#5308=ORIENTED_EDGE('',*,*,#5292,.F.);
#5309=EDGE_LOOP('',(#5304,#5306,#5307,#5308));
#5310=FACE_OUTER_BOUND('',#5309,.F.);
#5311=ADVANCED_FACE('',(#5310),#5303,.T.);
#5312=CARTESIAN_POINT('',(7.15E0,4.5E-1,-4.8E0));
#5313=DIRECTION('',(0.E0,0.E0,1.E0));
#5314=DIRECTION('',(0.E0,-1.E0,0.E0));
#5315=AXIS2_PLACEMENT_3D('',#5312,#5313,#5314);
#5316=PLANE('',#5315);
#5317=ORIENTED_EDGE('',*,*,#4915,.F.);
#5319=ORIENTED_EDGE('',*,*,#5318,.T.);
#5320=ORIENTED_EDGE('',*,*,#5014,.T.);
#5321=ORIENTED_EDGE('',*,*,#5305,.F.);
#5322=EDGE_LOOP('',(#5317,#5319,#5320,#5321));
#5323=FACE_OUTER_BOUND('',#5322,.F.);
#5324=ADVANCED_FACE('',(#5323),#5316,.T.);
#5325=CARTESIAN_POINT('',(7.15E0,4.5E-1,-4.7E0));
#5326=DIRECTION('',(1.E0,0.E0,0.E0));
#5327=DIRECTION('',(0.E0,0.E0,-1.E0));
#5328=AXIS2_PLACEMENT_3D('',#5325,#5326,#5327);
#5329=CYLINDRICAL_SURFACE('',#5328,1.E-1);
#5330=ORIENTED_EDGE('',*,*,#4913,.F.);
#5332=ORIENTED_EDGE('',*,*,#5331,.T.);
#5333=ORIENTED_EDGE('',*,*,#5016,.T.);
#5334=ORIENTED_EDGE('',*,*,#5318,.F.);
#5335=EDGE_LOOP('',(#5330,#5332,#5333,#5334));
#5336=FACE_OUTER_BOUND('',#5335,.F.);
#5337=ADVANCED_FACE('',(#5336),#5329,.F.);
#5338=CARTESIAN_POINT('',(7.15E0,5.5E-1,-4.6E0));
#5339=DIRECTION('',(0.E0,-1.E0,0.E0));
#5340=DIRECTION('',(0.E0,0.E0,-1.E0));
#5341=AXIS2_PLACEMENT_3D('',#5338,#5339,#5340);
#5342=PLANE('',#5341);
#5343=ORIENTED_EDGE('',*,*,#4911,.F.);
#5345=ORIENTED_EDGE('',*,*,#5344,.T.);
#5346=ORIENTED_EDGE('',*,*,#5018,.T.);
#5347=ORIENTED_EDGE('',*,*,#5331,.F.);
#5348=EDGE_LOOP('',(#5343,#5345,#5346,#5347));
#5349=FACE_OUTER_BOUND('',#5348,.F.);
#5350=ADVANCED_FACE('',(#5349),#5342,.T.);
#5351=CARTESIAN_POINT('',(7.15E0,4.5E-1,-4.6E0));
#5352=DIRECTION('',(1.E0,0.E0,0.E0));
#5353=DIRECTION('',(0.E0,0.E0,-1.E0));
#5354=AXIS2_PLACEMENT_3D('',#5351,#5352,#5353);
#5355=CYLINDRICAL_SURFACE('',#5354,1.E-1);
#5356=ORIENTED_EDGE('',*,*,#4909,.F.);
#5358=ORIENTED_EDGE('',*,*,#5357,.T.);
#5359=ORIENTED_EDGE('',*,*,#5020,.T.);
#5360=ORIENTED_EDGE('',*,*,#5344,.F.);
#5361=EDGE_LOOP('',(#5356,#5358,#5359,#5360));
#5362=FACE_OUTER_BOUND('',#5361,.F.);
#5363=ADVANCED_FACE('',(#5362),#5355,.F.);
#5364=CARTESIAN_POINT('',(7.15E0,4.E-1,-4.5E0));
#5365=DIRECTION('',(0.E0,0.E0,-1.E0));
#5366=DIRECTION('',(0.E0,1.E0,0.E0));
#5367=AXIS2_PLACEMENT_3D('',#5364,#5365,#5366);
#5368=PLANE('',#5367);
#5369=ORIENTED_EDGE('',*,*,#4907,.F.);
#5371=ORIENTED_EDGE('',*,*,#5370,.T.);
#5372=ORIENTED_EDGE('',*,*,#5022,.T.);
#5373=ORIENTED_EDGE('',*,*,#5357,.F.);
#5374=EDGE_LOOP('',(#5369,#5371,#5372,#5373));
#5375=FACE_OUTER_BOUND('',#5374,.F.);
#5376=ADVANCED_FACE('',(#5375),#5368,.T.);
#5377=CARTESIAN_POINT('',(7.15E0,4.E-1,-3.7E0));
#5378=DIRECTION('',(0.E0,-1.E0,0.E0));
#5379=DIRECTION('',(0.E0,0.E0,-1.E0));
#5380=AXIS2_PLACEMENT_3D('',#5377,#5378,#5379);
#5381=PLANE('',#5380);
#5382=ORIENTED_EDGE('',*,*,#4905,.F.);
#5384=ORIENTED_EDGE('',*,*,#5383,.T.);
#5385=ORIENTED_EDGE('',*,*,#5024,.T.);
#5386=ORIENTED_EDGE('',*,*,#5370,.F.);
#5387=EDGE_LOOP('',(#5382,#5384,#5385,#5386));
#5388=FACE_OUTER_BOUND('',#5387,.F.);
#5389=ADVANCED_FACE('',(#5388),#5381,.T.);
#5390=CARTESIAN_POINT('',(7.15E0,7.E-1,-3.7E0));
#5391=DIRECTION('',(0.E0,0.E0,1.E0));
#5392=DIRECTION('',(0.E0,-1.E0,0.E0));
#5393=AXIS2_PLACEMENT_3D('',#5390,#5391,#5392);
#5394=PLANE('',#5393);
#5395=ORIENTED_EDGE('',*,*,#4903,.F.);
#5397=ORIENTED_EDGE('',*,*,#5396,.T.);
#5398=ORIENTED_EDGE('',*,*,#5026,.T.);
#5399=ORIENTED_EDGE('',*,*,#5383,.F.);
#5400=EDGE_LOOP('',(#5395,#5397,#5398,#5399));
#5401=FACE_OUTER_BOUND('',#5400,.F.);
#5402=ADVANCED_FACE('',(#5401),#5394,.T.);
#5403=CARTESIAN_POINT('',(7.15E0,7.E-1,-2.7E0));
#5404=DIRECTION('',(0.E0,-1.E0,0.E0));
#5405=DIRECTION('',(0.E0,0.E0,-1.E0));
#5406=AXIS2_PLACEMENT_3D('',#5403,#5404,#5405);
#5407=PLANE('',#5406);
#5408=ORIENTED_EDGE('',*,*,#4901,.F.);
#5410=ORIENTED_EDGE('',*,*,#5409,.T.);
#5411=ORIENTED_EDGE('',*,*,#5028,.T.);
#5412=ORIENTED_EDGE('',*,*,#5396,.F.);
#5413=EDGE_LOOP('',(#5408,#5410,#5411,#5412));
#5414=FACE_OUTER_BOUND('',#5413,.F.);
#5415=ADVANCED_FACE('',(#5414),#5407,.T.);
#5416=CARTESIAN_POINT('',(7.15E0,-2.2E0,-2.7E0));
#5417=DIRECTION('',(0.E0,0.E0,-1.E0));
#5418=DIRECTION('',(0.E0,1.E0,0.E0));
#5419=AXIS2_PLACEMENT_3D('',#5416,#5417,#5418);
#5420=PLANE('',#5419);
#5421=ORIENTED_EDGE('',*,*,#4899,.F.);
#5423=ORIENTED_EDGE('',*,*,#5422,.T.);
#5424=ORIENTED_EDGE('',*,*,#5030,.T.);
#5425=ORIENTED_EDGE('',*,*,#5409,.F.);
#5426=EDGE_LOOP('',(#5421,#5423,#5424,#5425));
#5427=FACE_OUTER_BOUND('',#5426,.F.);
#5428=ADVANCED_FACE('',(#5427),#5420,.T.);
#5429=CARTESIAN_POINT('',(7.15E0,-2.2E0,-2.5E0));
#5430=DIRECTION('',(0.E0,-1.E0,0.E0));
#5431=DIRECTION('',(0.E0,0.E0,-1.E0));
#5432=AXIS2_PLACEMENT_3D('',#5429,#5430,#5431);
#5433=PLANE('',#5432);
#5434=ORIENTED_EDGE('',*,*,#4867,.T.);
#5435=ORIENTED_EDGE('',*,*,#5032,.T.);
#5436=ORIENTED_EDGE('',*,*,#5422,.F.);
#5437=ORIENTED_EDGE('',*,*,#4897,.F.);
#5438=EDGE_LOOP('',(#5434,#5435,#5436,#5437));
#5439=FACE_OUTER_BOUND('',#5438,.F.);
#5440=ADVANCED_FACE('',(#5439),#5433,.T.);
#5441=CARTESIAN_POINT('',(9.35E0,2.4E0,-2.5E0));
#5442=DIRECTION('',(1.E0,0.E0,0.E0));
#5443=DIRECTION('',(0.E0,0.E0,-1.E0));
#5444=AXIS2_PLACEMENT_3D('',#5441,#5442,#5443);
#5445=PLANE('',#5444);
#5447=ORIENTED_EDGE('',*,*,#5446,.F.);
#5449=ORIENTED_EDGE('',*,*,#5448,.T.);
#5451=ORIENTED_EDGE('',*,*,#5450,.T.);
#5452=ORIENTED_EDGE('',*,*,#5098,.F.);
#5453=ORIENTED_EDGE('',*,*,#4861,.T.);
#5455=ORIENTED_EDGE('',*,*,#5454,.F.);
#5457=ORIENTED_EDGE('',*,*,#5456,.T.);
#5459=ORIENTED_EDGE('',*,*,#5458,.T.);
#5461=ORIENTED_EDGE('',*,*,#5460,.F.);
#5463=ORIENTED_EDGE('',*,*,#5462,.T.);
#5465=ORIENTED_EDGE('',*,*,#5464,.F.);
#5467=ORIENTED_EDGE('',*,*,#5466,.F.);
#5468=EDGE_LOOP('',(#5447,#5449,#5451,#5452,#5453,#5455,#5457,#5459,#5461,#5463,
#5465,#5467));
#5469=FACE_OUTER_BOUND('',#5468,.F.);
#5470=ADVANCED_FACE('',(#5469),#5445,.F.);
#5471=CARTESIAN_POINT('',(1.145E1,2.249961545368E0,-6.2E0));
#5472=DIRECTION('',(0.E0,1.E0,0.E0));
#5473=DIRECTION('',(0.E0,0.E0,-1.E0));
#5474=AXIS2_PLACEMENT_3D('',#5471,#5472,#5473);
#5475=CONICAL_SURFACE('',#5474,2.350044243396E0,4.500100813662E1);
#5476=ORIENTED_EDGE('',*,*,#5446,.T.);
#5478=ORIENTED_EDGE('',*,*,#5477,.T.);
#5480=ORIENTED_EDGE('',*,*,#5479,.F.);
#5482=ORIENTED_EDGE('',*,*,#5481,.T.);
#5484=ORIENTED_EDGE('',*,*,#5483,.T.);
#5485=EDGE_LOOP('',(#5476,#5478,#5480,#5482,#5484));
#5486=FACE_OUTER_BOUND('',#5485,.F.);
#5487=ADVANCED_FACE('',(#5486),#5475,.F.);
#5488=CARTESIAN_POINT('',(9.35E0,2.4E0,-5.2E0));
#5489=DIRECTION('',(0.E0,0.E0,1.E0));
#5490=DIRECTION('',(1.E0,0.E0,0.E0));
#5491=AXIS2_PLACEMENT_3D('',#5488,#5489,#5490);
#5492=PLANE('',#5491);
#5493=ORIENTED_EDGE('',*,*,#5477,.F.);
#5494=ORIENTED_EDGE('',*,*,#5466,.T.);
#5496=ORIENTED_EDGE('',*,*,#5495,.T.);
#5498=ORIENTED_EDGE('',*,*,#5497,.F.);
#5499=EDGE_LOOP('',(#5493,#5494,#5496,#5498));
#5500=FACE_OUTER_BOUND('',#5499,.F.);
#5501=ADVANCED_FACE('',(#5500),#5492,.F.);
#5502=CARTESIAN_POINT('',(0.E0,1.4E0,0.E0));
#5503=DIRECTION('',(0.E0,1.E0,0.E0));
#5504=DIRECTION('',(1.E0,0.E0,0.E0));
#5505=AXIS2_PLACEMENT_3D('',#5502,#5503,#5504);
#5506=PLANE('',#5505);
#5508=ORIENTED_EDGE('',*,*,#5507,.F.);
#5510=ORIENTED_EDGE('',*,*,#5509,.F.);
#5512=ORIENTED_EDGE('',*,*,#5511,.F.);
#5514=ORIENTED_EDGE('',*,*,#5513,.F.);
#5516=ORIENTED_EDGE('',*,*,#5515,.F.);
#5518=ORIENTED_EDGE('',*,*,#5517,.F.);
#5520=ORIENTED_EDGE('',*,*,#5519,.F.);
#5522=ORIENTED_EDGE('',*,*,#5521,.F.);
#5523=ORIENTED_EDGE('',*,*,#5495,.F.);
#5524=ORIENTED_EDGE('',*,*,#5464,.T.);
#5526=ORIENTED_EDGE('',*,*,#5525,.F.);
#5528=ORIENTED_EDGE('',*,*,#5527,.F.);
#5529=EDGE_LOOP('',(#5508,#5510,#5512,#5514,#5516,#5518,#5520,#5522,#5523,#5524,
#5526,#5528));
#5530=FACE_OUTER_BOUND('',#5529,.F.);
#5532=ORIENTED_EDGE('',*,*,#5531,.T.);
#5534=ORIENTED_EDGE('',*,*,#5533,.T.);
#5535=EDGE_LOOP('',(#5532,#5534));
#5536=FACE_BOUND('',#5535,.F.);
#5537=ADVANCED_FACE('',(#5530,#5536),#5506,.T.);
#5538=CARTESIAN_POINT('',(0.E0,1.4E0,0.E0));
#5539=DIRECTION('',(0.E0,1.E0,0.E0));
#5540=DIRECTION('',(1.E0,0.E0,0.E0));
#5541=AXIS2_PLACEMENT_3D('',#5538,#5539,#5540);
#5542=PLANE('',#5541);
#5544=ORIENTED_EDGE('',*,*,#5543,.F.);
#5546=ORIENTED_EDGE('',*,*,#5545,.F.);
#5548=ORIENTED_EDGE('',*,*,#5547,.F.);
#5550=ORIENTED_EDGE('',*,*,#5549,.T.);
#5552=ORIENTED_EDGE('',*,*,#5551,.F.);
#5554=ORIENTED_EDGE('',*,*,#5553,.F.);
#5556=ORIENTED_EDGE('',*,*,#5555,.F.);
#5558=ORIENTED_EDGE('',*,*,#5557,.F.);
#5560=ORIENTED_EDGE('',*,*,#5559,.F.);
#5562=ORIENTED_EDGE('',*,*,#5561,.F.);
#5564=ORIENTED_EDGE('',*,*,#5563,.F.);
#5566=ORIENTED_EDGE('',*,*,#5565,.F.);
#5567=EDGE_LOOP('',(#5544,#5546,#5548,#5550,#5552,#5554,#5556,#5558,#5560,#5562,
#5564,#5566));
#5568=FACE_OUTER_BOUND('',#5567,.F.);
#5570=ORIENTED_EDGE('',*,*,#5569,.T.);
#5572=ORIENTED_EDGE('',*,*,#5571,.T.);
#5573=EDGE_LOOP('',(#5570,#5572));
#5574=FACE_BOUND('',#5573,.F.);
#5575=ADVANCED_FACE('',(#5568,#5574),#5542,.T.);
#5576=CARTESIAN_POINT('',(1.145E1,1.3E0,-8.35E0));
#5577=DIRECTION('',(0.E0,7.071067811865E-1,-7.071067811865E-1));
#5578=DIRECTION('',(-1.E0,0.E0,0.E0));
#5579=AXIS2_PLACEMENT_3D('',#5576,#5577,#5578);
#5580=PLANE('',#5579);
#5582=ORIENTED_EDGE('',*,*,#5581,.F.);
#5584=ORIENTED_EDGE('',*,*,#5583,.T.);
#5586=ORIENTED_EDGE('',*,*,#5585,.T.);
#5587=ORIENTED_EDGE('',*,*,#5507,.T.);
#5589=ORIENTED_EDGE('',*,*,#5588,.T.);
#5591=ORIENTED_EDGE('',*,*,#5590,.T.);
#5592=EDGE_LOOP('',(#5582,#5584,#5586,#5587,#5589,#5591));
#5593=FACE_OUTER_BOUND('',#5592,.F.);
#5594=ADVANCED_FACE('',(#5593),#5580,.T.);
#5595=CARTESIAN_POINT('',(1.093E1,1.4E0,-8.45E0));
#5596=DIRECTION('',(0.E0,0.E0,1.E0));
#5597=DIRECTION('',(1.E0,0.E0,0.E0));
#5598=AXIS2_PLACEMENT_3D('',#5595,#5596,#5597);
#5599=PLANE('',#5598);
#5600=ORIENTED_EDGE('',*,*,#5581,.T.);
#5602=ORIENTED_EDGE('',*,*,#5601,.T.);
#5604=ORIENTED_EDGE('',*,*,#5603,.T.);
#5606=ORIENTED_EDGE('',*,*,#5605,.F.);
#5607=EDGE_LOOP('',(#5600,#5602,#5604,#5606));
#5608=FACE_OUTER_BOUND('',#5607,.F.);
#5609=ADVANCED_FACE('',(#5608),#5599,.F.);
#5610=CARTESIAN_POINT('',(1.093E1,2.4E0,-9.E0));
#5611=DIRECTION('',(-1.E0,0.E0,0.E0));
#5612=DIRECTION('',(0.E0,0.E0,1.E0));
#5613=AXIS2_PLACEMENT_3D('',#5610,#5611,#5612);
#5614=PLANE('',#5613);
#5615=ORIENTED_EDGE('',*,*,#5601,.F.);
#5616=ORIENTED_EDGE('',*,*,#5590,.F.);
#5618=ORIENTED_EDGE('',*,*,#5617,.T.);
#5620=ORIENTED_EDGE('',*,*,#5619,.T.);
#5622=ORIENTED_EDGE('',*,*,#5621,.T.);
#5624=ORIENTED_EDGE('',*,*,#5623,.T.);
#5625=EDGE_LOOP('',(#5615,#5616,#5618,#5620,#5622,#5624));
#5626=FACE_OUTER_BOUND('',#5625,.F.);
#5627=ADVANCED_FACE('',(#5626),#5614,.F.);
#5628=CARTESIAN_POINT('',(1.145E1,2.4E0,-6.2E0));
#5629=DIRECTION('',(0.E0,1.E0,0.E0));
#5630=DIRECTION('',(1.E0,0.E0,0.E0));
#5631=AXIS2_PLACEMENT_3D('',#5628,#5629,#5630);
#5632=CYLINDRICAL_SURFACE('',#5631,2.2E0);
#5633=ORIENTED_EDGE('',*,*,#5617,.F.);
#5634=ORIENTED_EDGE('',*,*,#5588,.F.);
#5635=ORIENTED_EDGE('',*,*,#5527,.T.);
#5637=ORIENTED_EDGE('',*,*,#5636,.F.);
#5639=ORIENTED_EDGE('',*,*,#5638,.T.);
#5640=EDGE_LOOP('',(#5633,#5634,#5635,#5637,#5639));
#5641=FACE_OUTER_BOUND('',#5640,.F.);
#5642=ADVANCED_FACE('',(#5641),#5632,.F.);
#5643=CARTESIAN_POINT('',(9.490408205773E0,2.4E0,-7.2E0));
#5644=DIRECTION('',(0.E0,0.E0,-1.E0));
#5645=DIRECTION('',(-1.E0,0.E0,0.E0));
#5646=AXIS2_PLACEMENT_3D('',#5643,#5644,#5645);
#5647=PLANE('',#5646);
#5649=ORIENTED_EDGE('',*,*,#5648,.F.);
#5650=ORIENTED_EDGE('',*,*,#5636,.T.);
#5651=ORIENTED_EDGE('',*,*,#5525,.T.);
#5652=ORIENTED_EDGE('',*,*,#5462,.F.);
#5653=EDGE_LOOP('',(#5649,#5650,#5651,#5652));
#5654=FACE_OUTER_BOUND('',#5653,.F.);
#5655=ADVANCED_FACE('',(#5654),#5647,.F.);
#5656=CARTESIAN_POINT('',(1.145E1,2.250000723818E0,-6.2E0));
#5657=DIRECTION('',(0.E0,1.E0,0.E0));
#5658=DIRECTION('',(0.E0,0.E0,-1.E0));
#5659=AXIS2_PLACEMENT_3D('',#5656,#5657,#5658);
#5660=CONICAL_SURFACE('',#5659,2.349999273264E0,4.499998231689E1);
#5661=ORIENTED_EDGE('',*,*,#5648,.T.);
#5662=ORIENTED_EDGE('',*,*,#5460,.T.);
#5664=ORIENTED_EDGE('',*,*,#5663,.T.);
#5666=ORIENTED_EDGE('',*,*,#5665,.F.);
#5667=ORIENTED_EDGE('',*,*,#5638,.F.);
#5668=EDGE_LOOP('',(#5661,#5662,#5664,#5666,#5667));
#5669=FACE_OUTER_BOUND('',#5668,.F.);
#5670=ADVANCED_FACE('',(#5669),#5660,.F.);
#5671=CARTESIAN_POINT('',(1.355E1,2.4E0,0.E0));
#5672=DIRECTION('',(0.E0,1.E0,0.E0));
#5673=DIRECTION('',(-1.E0,0.E0,0.E0));
#5674=AXIS2_PLACEMENT_3D('',#5671,#5672,#5673);
#5675=PLANE('',#5674);
#5677=ORIENTED_EDGE('',*,*,#5676,.F.);
#5679=ORIENTED_EDGE('',*,*,#5678,.T.);
#5680=ORIENTED_EDGE('',*,*,#4701,.F.);
#5682=ORIENTED_EDGE('',*,*,#5681,.F.);
#5684=ORIENTED_EDGE('',*,*,#5683,.F.);
#5686=ORIENTED_EDGE('',*,*,#5685,.F.);
#5688=ORIENTED_EDGE('',*,*,#5687,.F.);
#5690=ORIENTED_EDGE('',*,*,#5689,.F.);
#5692=ORIENTED_EDGE('',*,*,#5691,.F.);
#5694=ORIENTED_EDGE('',*,*,#5693,.T.);
#5696=ORIENTED_EDGE('',*,*,#5695,.F.);
#5697=ORIENTED_EDGE('',*,*,#5448,.F.);
#5698=ORIENTED_EDGE('',*,*,#5483,.F.);
#5700=ORIENTED_EDGE('',*,*,#5699,.F.);
#5702=ORIENTED_EDGE('',*,*,#5701,.F.);
#5704=ORIENTED_EDGE('',*,*,#5703,.F.);
#5705=EDGE_LOOP('',(#5677,#5679,#5680,#5682,#5684,#5686,#5688,#5690,#5692,#5694,
#5696,#5697,#5698,#5700,#5702,#5704));
#5706=FACE_OUTER_BOUND('',#5705,.F.);
#5707=ADVANCED_FACE('',(#5706),#5675,.T.);
#5708=CARTESIAN_POINT('',(1.355E1,2.4E0,0.E0));
#5709=DIRECTION('',(0.E0,1.E0,0.E0));
#5710=DIRECTION('',(-1.E0,0.E0,0.E0));
#5711=AXIS2_PLACEMENT_3D('',#5708,#5709,#5710);
#5712=PLANE('',#5711);
#5713=ORIENTED_EDGE('',*,*,#5663,.F.);
#5714=ORIENTED_EDGE('',*,*,#5458,.F.);
#5716=ORIENTED_EDGE('',*,*,#5715,.T.);
#5718=ORIENTED_EDGE('',*,*,#5717,.T.);
#5720=ORIENTED_EDGE('',*,*,#5719,.F.);
#5722=ORIENTED_EDGE('',*,*,#5721,.F.);
#5724=ORIENTED_EDGE('',*,*,#5723,.F.);
#5726=ORIENTED_EDGE('',*,*,#5725,.F.);
#5727=EDGE_LOOP('',(#5713,#5714,#5716,#5718,#5720,#5722,#5724,#5726));
#5728=FACE_OUTER_BOUND('',#5727,.F.);
#5729=ADVANCED_FACE('',(#5728),#5712,.T.);
#5730=CARTESIAN_POINT('',(1.355E1,2.4E0,0.E0));
#5731=DIRECTION('',(0.E0,1.E0,0.E0));
#5732=DIRECTION('',(-1.E0,0.E0,0.E0));
#5733=AXIS2_PLACEMENT_3D('',#5730,#5731,#5732);
#5734=PLANE('',#5733);
#5736=ORIENTED_EDGE('',*,*,#5735,.F.);
#5738=ORIENTED_EDGE('',*,*,#5737,.F.);
#5740=ORIENTED_EDGE('',*,*,#5739,.T.);
#5742=ORIENTED_EDGE('',*,*,#5741,.T.);
#5744=ORIENTED_EDGE('',*,*,#5743,.F.);
#5746=ORIENTED_EDGE('',*,*,#5745,.F.);
#5748=ORIENTED_EDGE('',*,*,#5747,.F.);
#5750=ORIENTED_EDGE('',*,*,#5749,.F.);
#5751=EDGE_LOOP('',(#5736,#5738,#5740,#5742,#5744,#5746,#5748,#5750));
#5752=FACE_OUTER_BOUND('',#5751,.F.);
#5753=ADVANCED_FACE('',(#5752),#5734,.T.);
#5754=CARTESIAN_POINT('',(1.145E1,2.250012072184E0,-6.2E0));
#5755=DIRECTION('',(0.E0,1.E0,0.E0));
#5756=DIRECTION('',(0.E0,0.E0,-1.E0));
#5757=AXIS2_PLACEMENT_3D('',#5754,#5755,#5756);
#5758=CONICAL_SURFACE('',#5757,2.349987925505E0,4.499970563770E1);
#5760=ORIENTED_EDGE('',*,*,#5759,.T.);
#5762=ORIENTED_EDGE('',*,*,#5761,.T.);
#5763=ORIENTED_EDGE('',*,*,#5676,.T.);
#5765=ORIENTED_EDGE('',*,*,#5764,.F.);
#5767=ORIENTED_EDGE('',*,*,#5766,.F.);
#5768=EDGE_LOOP('',(#5760,#5762,#5763,#5765,#5767));
#5769=FACE_OUTER_BOUND('',#5768,.F.);
#5770=ADVANCED_FACE('',(#5769),#5758,.F.);
#5771=CARTESIAN_POINT('',(1.340959179423E1,2.4E0,-5.2E0));
#5772=DIRECTION('',(0.E0,0.E0,1.E0));
#5773=DIRECTION('',(1.E0,0.E0,0.E0));
#5774=AXIS2_PLACEMENT_3D('',#5771,#5772,#5773);
#5775=PLANE('',#5774);
#5776=ORIENTED_EDGE('',*,*,#5759,.F.);
#5778=ORIENTED_EDGE('',*,*,#5777,.T.);
#5779=ORIENTED_EDGE('',*,*,#5515,.T.);
#5781=ORIENTED_EDGE('',*,*,#5780,.F.);
#5782=EDGE_LOOP('',(#5776,#5778,#5779,#5781));
#5783=FACE_OUTER_BOUND('',#5782,.F.);
#5784=ADVANCED_FACE('',(#5783),#5775,.F.);
#5785=CARTESIAN_POINT('',(1.145E1,2.4E0,-6.2E0));
#5786=DIRECTION('',(0.E0,1.E0,0.E0));
#5787=DIRECTION('',(1.E0,0.E0,0.E0));
#5788=AXIS2_PLACEMENT_3D('',#5785,#5786,#5787);
#5789=CYLINDRICAL_SURFACE('',#5788,2.2E0);
#5791=ORIENTED_EDGE('',*,*,#5790,.F.);
#5793=ORIENTED_EDGE('',*,*,#5792,.F.);
#5794=ORIENTED_EDGE('',*,*,#5517,.T.);
#5795=ORIENTED_EDGE('',*,*,#5777,.F.);
#5796=ORIENTED_EDGE('',*,*,#5766,.T.);
#5797=EDGE_LOOP('',(#5791,#5793,#5794,#5795,#5796));
#5798=FACE_OUTER_BOUND('',#5797,.F.);
#5799=ADVANCED_FACE('',(#5798),#5789,.F.);
#5800=CARTESIAN_POINT('',(1.197E1,2.4E0,-3.4E0));
#5801=DIRECTION('',(1.E0,0.E0,0.E0));
#5802=DIRECTION('',(0.E0,0.E0,-1.E0));
#5803=AXIS2_PLACEMENT_3D('',#5800,#5801,#5802);
#5804=PLANE('',#5803);
#5806=ORIENTED_EDGE('',*,*,#5805,.F.);
#5808=ORIENTED_EDGE('',*,*,#5807,.F.);
#5809=ORIENTED_EDGE('',*,*,#5790,.T.);
#5811=ORIENTED_EDGE('',*,*,#5810,.T.);
#5813=ORIENTED_EDGE('',*,*,#5812,.F.);
#5815=ORIENTED_EDGE('',*,*,#5814,.T.);
#5816=EDGE_LOOP('',(#5806,#5808,#5809,#5811,#5813,#5815));
#5817=FACE_OUTER_BOUND('',#5816,.F.);
#5818=ADVANCED_FACE('',(#5817),#5804,.F.);
#5819=CARTESIAN_POINT('',(1.197E1,1.4E0,-3.95E0));
#5820=DIRECTION('',(0.E0,0.E0,-1.E0));
#5821=DIRECTION('',(-1.E0,0.E0,0.E0));
#5822=AXIS2_PLACEMENT_3D('',#5819,#5820,#5821);
#5823=PLANE('',#5822);
#5825=ORIENTED_EDGE('',*,*,#5824,.T.);
#5826=ORIENTED_EDGE('',*,*,#5805,.T.);
#5828=ORIENTED_EDGE('',*,*,#5827,.T.);
#5830=ORIENTED_EDGE('',*,*,#5829,.F.);
#5831=EDGE_LOOP('',(#5825,#5826,#5828,#5830));
#5832=FACE_OUTER_BOUND('',#5831,.F.);
#5833=ADVANCED_FACE('',(#5832),#5823,.F.);
#5834=CARTESIAN_POINT('',(1.145E1,1.3E0,-4.05E0));
#5835=DIRECTION('',(0.E0,7.071067811865E-1,7.071067811865E-1));
#5836=DIRECTION('',(-1.E0,0.E0,0.E0));
#5837=AXIS2_PLACEMENT_3D('',#5834,#5835,#5836);
#5838=PLANE('',#5837);
#5839=ORIENTED_EDGE('',*,*,#5824,.F.);
#5841=ORIENTED_EDGE('',*,*,#5840,.T.);
#5843=ORIENTED_EDGE('',*,*,#5842,.T.);
#5844=ORIENTED_EDGE('',*,*,#5519,.T.);
#5845=ORIENTED_EDGE('',*,*,#5792,.T.);
#5846=ORIENTED_EDGE('',*,*,#5807,.T.);
#5847=EDGE_LOOP('',(#5839,#5841,#5843,#5844,#5845,#5846));
#5848=FACE_OUTER_BOUND('',#5847,.F.);
#5849=ADVANCED_FACE('',(#5848),#5838,.T.);
#5850=CARTESIAN_POINT('',(1.093E1,2.4E0,-4.062337725458E0));
#5851=DIRECTION('',(-1.E0,0.E0,0.E0));
#5852=DIRECTION('',(0.E0,0.E0,1.E0));
#5853=AXIS2_PLACEMENT_3D('',#5850,#5851,#5852);
#5854=PLANE('',#5853);
#5856=ORIENTED_EDGE('',*,*,#5855,.F.);
#5857=ORIENTED_EDGE('',*,*,#5840,.F.);
#5858=ORIENTED_EDGE('',*,*,#5829,.T.);
#5860=ORIENTED_EDGE('',*,*,#5859,.T.);
#5862=ORIENTED_EDGE('',*,*,#5861,.F.);
#5864=ORIENTED_EDGE('',*,*,#5863,.T.);
#5865=EDGE_LOOP('',(#5856,#5857,#5858,#5860,#5862,#5864));
#5866=FACE_OUTER_BOUND('',#5865,.F.);
#5867=ADVANCED_FACE('',(#5866),#5854,.F.);
#5868=CARTESIAN_POINT('',(1.145E1,2.4E0,-6.2E0));
#5869=DIRECTION('',(0.E0,1.E0,0.E0));
#5870=DIRECTION('',(1.E0,0.E0,0.E0));
#5871=AXIS2_PLACEMENT_3D('',#5868,#5869,#5870);
#5872=CYLINDRICAL_SURFACE('',#5871,2.2E0);
#5873=ORIENTED_EDGE('',*,*,#5521,.T.);
#5874=ORIENTED_EDGE('',*,*,#5842,.F.);
#5875=ORIENTED_EDGE('',*,*,#5855,.T.);
#5876=ORIENTED_EDGE('',*,*,#5479,.T.);
#5877=ORIENTED_EDGE('',*,*,#5497,.T.);
#5878=EDGE_LOOP('',(#5873,#5874,#5875,#5876,#5877));
#5879=FACE_OUTER_BOUND('',#5878,.F.);
#5880=ADVANCED_FACE('',(#5879),#5872,.F.);
#5881=CARTESIAN_POINT('',(9.35E0,4.E-1,0.E0));
#5882=DIRECTION('',(0.E0,-1.E0,0.E0));
#5883=DIRECTION('',(1.E0,0.E0,0.E0));
#5884=AXIS2_PLACEMENT_3D('',#5881,#5882,#5883);
#5885=PLANE('',#5884);
#5887=ORIENTED_EDGE('',*,*,#5886,.T.);
#5888=ORIENTED_EDGE('',*,*,#4705,.F.);
#5890=ORIENTED_EDGE('',*,*,#5889,.F.);
#5892=ORIENTED_EDGE('',*,*,#5891,.T.);
#5893=ORIENTED_EDGE('',*,*,#5454,.T.);
#5894=EDGE_LOOP('',(#5887,#5888,#5890,#5892,#5893));
#5895=FACE_OUTER_BOUND('',#5894,.F.);
#5897=ORIENTED_EDGE('',*,*,#5896,.F.);
#5899=ORIENTED_EDGE('',*,*,#5898,.F.);
#5900=EDGE_LOOP('',(#5897,#5899));
#5901=FACE_BOUND('',#5900,.F.);
#5903=ORIENTED_EDGE('',*,*,#5902,.F.);
#5905=ORIENTED_EDGE('',*,*,#5904,.F.);
#5906=ORIENTED_EDGE('',*,*,#5603,.F.);
#5907=ORIENTED_EDGE('',*,*,#5623,.F.);
#5908=EDGE_LOOP('',(#5903,#5905,#5906,#5907));
#5909=FACE_BOUND('',#5908,.F.);
#5910=ORIENTED_EDGE('',*,*,#5814,.F.);
#5912=ORIENTED_EDGE('',*,*,#5911,.F.);
#5913=ORIENTED_EDGE('',*,*,#5859,.F.);
#5914=ORIENTED_EDGE('',*,*,#5827,.F.);
#5915=EDGE_LOOP('',(#5910,#5912,#5913,#5914));
#5916=FACE_BOUND('',#5915,.F.);
#5917=ADVANCED_FACE('',(#5895,#5901,#5909,#5916),#5885,.T.);
#5918=CARTESIAN_POINT('',(1.145E1,2.4E0,-6.2E0));
#5919=DIRECTION('',(0.E0,1.E0,0.E0));
#5920=DIRECTION('',(1.E0,0.E0,0.E0));
#5921=AXIS2_PLACEMENT_3D('',#5918,#5919,#5920);
#5922=CYLINDRICAL_SURFACE('',#5921,1.265E0);
#5924=ORIENTED_EDGE('',*,*,#5923,.F.);
#5926=ORIENTED_EDGE('',*,*,#5925,.T.);
#5927=ORIENTED_EDGE('',*,*,#5896,.T.);
#5929=ORIENTED_EDGE('',*,*,#5928,.F.);
#5930=EDGE_LOOP('',(#5924,#5926,#5927,#5929));
#5931=FACE_OUTER_BOUND('',#5930,.F.);
#5932=ADVANCED_FACE('',(#5931),#5922,.F.);
#5933=CARTESIAN_POINT('',(1.145E1,1.300019009999E0,-6.2E0));
#5934=DIRECTION('',(0.E0,1.E0,0.E0));
#5935=DIRECTION('',(0.E0,0.E0,-1.E0));
#5936=AXIS2_PLACEMENT_3D('',#5933,#5934,#5935);
#5937=CONICAL_SURFACE('',#5936,1.364981348459E0,4.499920957984E1);
#5938=ORIENTED_EDGE('',*,*,#5923,.T.);
#5940=ORIENTED_EDGE('',*,*,#5939,.T.);
#5941=ORIENTED_EDGE('',*,*,#5531,.F.);
#5943=ORIENTED_EDGE('',*,*,#5942,.F.);
#5944=EDGE_LOOP('',(#5938,#5940,#5941,#5943));
#5945=FACE_OUTER_BOUND('',#5944,.F.);
#5946=ADVANCED_FACE('',(#5945),#5937,.F.);
#5947=CARTESIAN_POINT('',(1.145E1,1.300019009999E0,-6.2E0));
#5948=DIRECTION('',(0.E0,1.E0,0.E0));
#5949=DIRECTION('',(0.E0,0.E0,-1.E0));
#5950=AXIS2_PLACEMENT_3D('',#5947,#5948,#5949);
#5951=CONICAL_SURFACE('',#5950,1.364981348459E0,4.499920957984E1);
#5953=ORIENTED_EDGE('',*,*,#5952,.T.);
#5954=ORIENTED_EDGE('',*,*,#5942,.T.);
#5955=ORIENTED_EDGE('',*,*,#5533,.F.);
#5956=ORIENTED_EDGE('',*,*,#5939,.F.);
#5957=EDGE_LOOP('',(#5953,#5954,#5955,#5956));
#5958=FACE_OUTER_BOUND('',#5957,.F.);
#5959=ADVANCED_FACE('',(#5958),#5951,.F.);
#5960=CARTESIAN_POINT('',(1.145E1,2.4E0,-6.2E0));
#5961=DIRECTION('',(0.E0,1.E0,0.E0));
#5962=DIRECTION('',(1.E0,0.E0,0.E0));
#5963=AXIS2_PLACEMENT_3D('',#5960,#5961,#5962);
#5964=CYLINDRICAL_SURFACE('',#5963,1.265E0);
#5965=ORIENTED_EDGE('',*,*,#5952,.F.);
#5966=ORIENTED_EDGE('',*,*,#5928,.T.);
#5967=ORIENTED_EDGE('',*,*,#5898,.T.);
#5968=ORIENTED_EDGE('',*,*,#5925,.F.);
#5969=EDGE_LOOP('',(#5965,#5966,#5967,#5968));
#5970=FACE_OUTER_BOUND('',#5969,.F.);
#5971=ADVANCED_FACE('',(#5970),#5964,.F.);
#5972=CARTESIAN_POINT('',(9.35E0,-2.4E0,0.E0));
#5973=DIRECTION('',(1.E0,0.E0,0.E0));
#5974=DIRECTION('',(0.E0,1.E0,0.E0));
#5975=AXIS2_PLACEMENT_3D('',#5972,#5973,#5974);
#5976=PLANE('',#5975);
#5977=ORIENTED_EDGE('',*,*,#4859,.F.);
#5978=ORIENTED_EDGE('',*,*,#4800,.T.);
#5979=ORIENTED_EDGE('',*,*,#4707,.F.);
#5980=ORIENTED_EDGE('',*,*,#5886,.F.);
#5981=EDGE_LOOP('',(#5977,#5978,#5979,#5980));
#5982=FACE_OUTER_BOUND('',#5981,.F.);
#5983=ADVANCED_FACE('',(#5982),#5976,.T.);
#5984=CARTESIAN_POINT('',(1.355E1,4.E-1,0.E0));
#5985=DIRECTION('',(1.E0,0.E0,0.E0));
#5986=DIRECTION('',(0.E0,1.E0,0.E0));
#5987=AXIS2_PLACEMENT_3D('',#5984,#5985,#5986);
#5988=PLANE('',#5987);
#5989=ORIENTED_EDGE('',*,*,#5761,.F.);
#5990=ORIENTED_EDGE('',*,*,#5780,.T.);
#5991=ORIENTED_EDGE('',*,*,#5513,.T.);
#5993=ORIENTED_EDGE('',*,*,#5992,.F.);
#5995=ORIENTED_EDGE('',*,*,#5994,.F.);
#5996=ORIENTED_EDGE('',*,*,#5717,.F.);
#5998=ORIENTED_EDGE('',*,*,#5997,.T.);
#5999=ORIENTED_EDGE('',*,*,#5889,.T.);
#6000=ORIENTED_EDGE('',*,*,#4703,.F.);
#6001=ORIENTED_EDGE('',*,*,#5678,.F.);
#6002=EDGE_LOOP('',(#5989,#5990,#5991,#5993,#5995,#5996,#5998,#5999,#6000,
#6001));
#6003=FACE_OUTER_BOUND('',#6002,.F.);
#6004=ADVANCED_FACE('',(#6003),#5988,.T.);
#6005=CARTESIAN_POINT('',(1.355E1,2.4E0,-7.2E0));
#6006=DIRECTION('',(0.E0,0.E0,-1.E0));
#6007=DIRECTION('',(-1.E0,0.E0,0.E0));
#6008=AXIS2_PLACEMENT_3D('',#6005,#6006,#6007);
#6009=PLANE('',#6008);
#6011=ORIENTED_EDGE('',*,*,#6010,.F.);
#6012=ORIENTED_EDGE('',*,*,#5992,.T.);
#6013=ORIENTED_EDGE('',*,*,#5511,.T.);
#6015=ORIENTED_EDGE('',*,*,#6014,.F.);
#6016=EDGE_LOOP('',(#6011,#6012,#6013,#6015));
#6017=FACE_OUTER_BOUND('',#6016,.F.);
#6018=ADVANCED_FACE('',(#6017),#6009,.F.);
#6019=CARTESIAN_POINT('',(1.145E1,2.249961906432E0,-6.2E0));
#6020=DIRECTION('',(0.E0,1.E0,0.E0));
#6021=DIRECTION('',(0.E0,0.E0,-1.E0));
#6022=AXIS2_PLACEMENT_3D('',#6019,#6020,#6021);
#6023=CONICAL_SURFACE('',#6022,2.350043827963E0,4.500099867069E1);
#6024=ORIENTED_EDGE('',*,*,#5994,.T.);
#6025=ORIENTED_EDGE('',*,*,#6010,.T.);
#6027=ORIENTED_EDGE('',*,*,#6026,.F.);
#6029=ORIENTED_EDGE('',*,*,#6028,.T.);
#6030=ORIENTED_EDGE('',*,*,#5719,.T.);
#6031=EDGE_LOOP('',(#6024,#6025,#6027,#6029,#6030));
#6032=FACE_OUTER_BOUND('',#6031,.F.);
#6033=ADVANCED_FACE('',(#6032),#6023,.F.);
#6034=CARTESIAN_POINT('',(1.145E1,2.4E0,-6.2E0));
#6035=DIRECTION('',(0.E0,1.E0,0.E0));
#6036=DIRECTION('',(1.E0,0.E0,0.E0));
#6037=AXIS2_PLACEMENT_3D('',#6034,#6035,#6036);
#6038=CYLINDRICAL_SURFACE('',#6037,2.2E0);
#6039=ORIENTED_EDGE('',*,*,#5509,.T.);
#6040=ORIENTED_EDGE('',*,*,#5585,.F.);
#6042=ORIENTED_EDGE('',*,*,#6041,.T.);
#6043=ORIENTED_EDGE('',*,*,#6026,.T.);
#6044=ORIENTED_EDGE('',*,*,#6014,.T.);
#6045=EDGE_LOOP('',(#6039,#6040,#6042,#6043,#6044));
#6046=FACE_OUTER_BOUND('',#6045,.F.);
#6047=ADVANCED_FACE('',(#6046),#6038,.F.);
#6048=CARTESIAN_POINT('',(1.197E1,2.4E0,-8.337662274542E0));
#6049=DIRECTION('',(1.E0,0.E0,0.E0));
#6050=DIRECTION('',(0.E0,0.E0,-1.E0));
#6051=AXIS2_PLACEMENT_3D('',#6048,#6049,#6050);
#6052=PLANE('',#6051);
#6053=ORIENTED_EDGE('',*,*,#6041,.F.);
#6054=ORIENTED_EDGE('',*,*,#5583,.F.);
#6055=ORIENTED_EDGE('',*,*,#5605,.T.);
#6056=ORIENTED_EDGE('',*,*,#5904,.T.);
#6058=ORIENTED_EDGE('',*,*,#6057,.T.);
#6060=ORIENTED_EDGE('',*,*,#6059,.T.);
#6061=EDGE_LOOP('',(#6053,#6054,#6055,#6056,#6058,#6060));
#6062=FACE_OUTER_BOUND('',#6061,.F.);
#6063=ADVANCED_FACE('',(#6062),#6052,.F.);
#6064=CARTESIAN_POINT('',(1.197E1,2.4E0,-9.E0));
#6065=DIRECTION('',(0.E0,0.E0,-1.E0));
#6066=DIRECTION('',(-1.E0,0.E0,0.E0));
#6067=AXIS2_PLACEMENT_3D('',#6064,#6065,#6066);
#6068=PLANE('',#6067);
#6070=ORIENTED_EDGE('',*,*,#6069,.T.);
#6071=ORIENTED_EDGE('',*,*,#6057,.F.);
#6072=ORIENTED_EDGE('',*,*,#5902,.T.);
#6073=ORIENTED_EDGE('',*,*,#5621,.F.);
#6074=EDGE_LOOP('',(#6070,#6071,#6072,#6073));
#6075=FACE_OUTER_BOUND('',#6074,.F.);
#6076=ADVANCED_FACE('',(#6075),#6068,.F.);
#6077=CARTESIAN_POINT('',(1.145E1,2.25E0,-9.15E0));
#6078=DIRECTION('',(0.E0,7.071067811865E-1,7.071067811865E-1));
#6079=DIRECTION('',(-1.E0,0.E0,0.E0));
#6080=AXIS2_PLACEMENT_3D('',#6077,#6078,#6079);
#6081=PLANE('',#6080);
#6082=ORIENTED_EDGE('',*,*,#6069,.F.);
#6084=ORIENTED_EDGE('',*,*,#6083,.T.);
#6085=ORIENTED_EDGE('',*,*,#5723,.T.);
#6087=ORIENTED_EDGE('',*,*,#6086,.F.);
#6088=EDGE_LOOP('',(#6082,#6084,#6085,#6087));
#6089=FACE_OUTER_BOUND('',#6088,.F.);
#6090=ADVANCED_FACE('',(#6089),#6081,.T.);
#6091=CARTESIAN_POINT('',(1.078E1,2.25E0,-8.668831137271E0));
#6092=DIRECTION('',(7.071067811865E-1,7.071067811865E-1,0.E0));
#6093=DIRECTION('',(0.E0,0.E0,-1.E0));
#6094=AXIS2_PLACEMENT_3D('',#6091,#6092,#6093);
#6095=PLANE('',#6094);
#6096=ORIENTED_EDGE('',*,*,#5725,.T.);
#6097=ORIENTED_EDGE('',*,*,#6083,.F.);
#6098=ORIENTED_EDGE('',*,*,#5619,.F.);
#6099=ORIENTED_EDGE('',*,*,#5665,.T.);
#6100=EDGE_LOOP('',(#6096,#6097,#6098,#6099));
#6101=FACE_OUTER_BOUND('',#6100,.F.);
#6102=ADVANCED_FACE('',(#6101),#6095,.T.);
#6103=CARTESIAN_POINT('',(1.212E1,2.25E0,-8.668831137271E0));
#6104=DIRECTION('',(-7.071067811865E-1,7.071067811865E-1,0.E0));
#6105=DIRECTION('',(0.E0,0.E0,-1.E0));
#6106=AXIS2_PLACEMENT_3D('',#6103,#6104,#6105);
#6107=PLANE('',#6106);
#6108=ORIENTED_EDGE('',*,*,#6059,.F.);
#6109=ORIENTED_EDGE('',*,*,#6086,.T.);
#6110=ORIENTED_EDGE('',*,*,#5721,.T.);
#6111=ORIENTED_EDGE('',*,*,#6028,.F.);
#6112=EDGE_LOOP('',(#6108,#6109,#6110,#6111));
#6113=FACE_OUTER_BOUND('',#6112,.F.);
#6114=ADVANCED_FACE('',(#6113),#6107,.T.);
#6115=CARTESIAN_POINT('',(0.E0,0.E0,-9.5E0));
#6116=DIRECTION('',(0.E0,0.E0,1.E0));
#6117=DIRECTION('',(1.E0,0.E0,0.E0));
#6118=AXIS2_PLACEMENT_3D('',#6115,#6116,#6117);
#6119=PLANE('',#6118);
#6121=ORIENTED_EDGE('',*,*,#6120,.T.);
#6122=ORIENTED_EDGE('',*,*,#5739,.F.);
#6124=ORIENTED_EDGE('',*,*,#6123,.F.);
#6126=ORIENTED_EDGE('',*,*,#6125,.F.);
#6127=EDGE_LOOP('',(#6121,#6122,#6124,#6126));
#6128=FACE_OUTER_BOUND('',#6127,.F.);
#6129=ADVANCED_FACE('',(#6128),#6119,.F.);
#6130=CARTESIAN_POINT('',(0.E0,0.E0,-9.5E0));
#6131=DIRECTION('',(0.E0,0.E0,1.E0));
#6132=DIRECTION('',(1.E0,0.E0,0.E0));
#6133=AXIS2_PLACEMENT_3D('',#6130,#6131,#6132);
#6134=PLANE('',#6133);
#6135=ORIENTED_EDGE('',*,*,#5456,.F.);
#6136=ORIENTED_EDGE('',*,*,#5891,.F.);
#6137=ORIENTED_EDGE('',*,*,#5997,.F.);
#6138=ORIENTED_EDGE('',*,*,#5715,.F.);
#6139=EDGE_LOOP('',(#6135,#6136,#6137,#6138));
#6140=FACE_OUTER_BOUND('',#6139,.F.);
#6141=ADVANCED_FACE('',(#6140),#6134,.F.);
#6142=CARTESIAN_POINT('',(-9.35E0,2.4E0,-9.5E0));
#6143=DIRECTION('',(-1.E0,0.E0,0.E0));
#6144=DIRECTION('',(0.E0,0.E0,1.E0));
#6145=AXIS2_PLACEMENT_3D('',#6142,#6143,#6144);
#6146=PLANE('',#6145);
#6148=ORIENTED_EDGE('',*,*,#6147,.F.);
#6150=ORIENTED_EDGE('',*,*,#6149,.T.);
#6151=ORIENTED_EDGE('',*,*,#5561,.T.);
#6153=ORIENTED_EDGE('',*,*,#6152,.F.);
#6155=ORIENTED_EDGE('',*,*,#6154,.F.);
#6156=ORIENTED_EDGE('',*,*,#5741,.F.);
#6157=ORIENTED_EDGE('',*,*,#6120,.F.);
#6159=ORIENTED_EDGE('',*,*,#6158,.T.);
#6160=ORIENTED_EDGE('',*,*,#4854,.F.);
#6161=ORIENTED_EDGE('',*,*,#5102,.T.);
#6163=ORIENTED_EDGE('',*,*,#6162,.F.);
#6164=ORIENTED_EDGE('',*,*,#5693,.F.);
#6165=EDGE_LOOP('',(#6148,#6150,#6151,#6153,#6155,#6156,#6157,#6159,#6160,#6161,
#6163,#6164));
#6166=FACE_OUTER_BOUND('',#6165,.F.);
#6167=ADVANCED_FACE('',(#6166),#6146,.F.);
#6168=CARTESIAN_POINT('',(-1.145E1,2.250000658982E0,-6.2E0));
#6169=DIRECTION('',(0.E0,1.E0,0.E0));
#6170=DIRECTION('',(0.E0,0.E0,-1.E0));
#6171=AXIS2_PLACEMENT_3D('',#6168,#6169,#6170);
#6172=CONICAL_SURFACE('',#6171,2.349999338091E0,4.499998389757E1);
#6174=ORIENTED_EDGE('',*,*,#6173,.T.);
#6175=ORIENTED_EDGE('',*,*,#6147,.T.);
#6176=ORIENTED_EDGE('',*,*,#5691,.T.);
#6178=ORIENTED_EDGE('',*,*,#6177,.F.);
#6180=ORIENTED_EDGE('',*,*,#6179,.F.);
#6181=EDGE_LOOP('',(#6174,#6175,#6176,#6178,#6180));
#6182=FACE_OUTER_BOUND('',#6181,.F.);
#6183=ADVANCED_FACE('',(#6182),#6172,.F.);
#6184=CARTESIAN_POINT('',(-9.490408205773E0,2.4E0,-5.2E0));
#6185=DIRECTION('',(0.E0,0.E0,1.E0));
#6186=DIRECTION('',(1.E0,0.E0,0.E0));
#6187=AXIS2_PLACEMENT_3D('',#6184,#6185,#6186);
#6188=PLANE('',#6187);
#6189=ORIENTED_EDGE('',*,*,#6173,.F.);
#6191=ORIENTED_EDGE('',*,*,#6190,.T.);
#6192=ORIENTED_EDGE('',*,*,#5563,.T.);
#6193=ORIENTED_EDGE('',*,*,#6149,.F.);
#6194=EDGE_LOOP('',(#6189,#6191,#6192,#6193));
#6195=FACE_OUTER_BOUND('',#6194,.F.);
#6196=ADVANCED_FACE('',(#6195),#6188,.F.);
#6197=CARTESIAN_POINT('',(-1.145E1,2.4E0,-6.2E0));
#6198=DIRECTION('',(0.E0,1.E0,0.E0));
#6199=DIRECTION('',(1.E0,0.E0,0.E0));
#6200=AXIS2_PLACEMENT_3D('',#6197,#6198,#6199);
#6201=CYLINDRICAL_SURFACE('',#6200,2.2E0);
#6203=ORIENTED_EDGE('',*,*,#6202,.F.);
#6205=ORIENTED_EDGE('',*,*,#6204,.F.);
#6206=ORIENTED_EDGE('',*,*,#5565,.T.);
#6207=ORIENTED_EDGE('',*,*,#6190,.F.);
#6208=ORIENTED_EDGE('',*,*,#6179,.T.);
#6209=EDGE_LOOP('',(#6203,#6205,#6206,#6207,#6208));
#6210=FACE_OUTER_BOUND('',#6209,.F.);
#6211=ADVANCED_FACE('',(#6210),#6201,.F.);
#6212=CARTESIAN_POINT('',(-1.093E1,2.4E0,-3.4E0));
#6213=DIRECTION('',(1.E0,0.E0,0.E0));
#6214=DIRECTION('',(0.E0,0.E0,-1.E0));
#6215=AXIS2_PLACEMENT_3D('',#6212,#6213,#6214);
#6216=PLANE('',#6215);
#6218=ORIENTED_EDGE('',*,*,#6217,.F.);
#6220=ORIENTED_EDGE('',*,*,#6219,.F.);
#6221=ORIENTED_EDGE('',*,*,#6202,.T.);
#6223=ORIENTED_EDGE('',*,*,#6222,.T.);
#6225=ORIENTED_EDGE('',*,*,#6224,.T.);
#6227=ORIENTED_EDGE('',*,*,#6226,.T.);
#6228=EDGE_LOOP('',(#6218,#6220,#6221,#6223,#6225,#6227));
#6229=FACE_OUTER_BOUND('',#6228,.F.);
#6230=ADVANCED_FACE('',(#6229),#6216,.F.);
#6231=CARTESIAN_POINT('',(-1.093E1,1.4E0,-3.95E0));
#6232=DIRECTION('',(0.E0,0.E0,-1.E0));
#6233=DIRECTION('',(-1.E0,0.E0,0.E0));
#6234=AXIS2_PLACEMENT_3D('',#6231,#6232,#6233);
#6235=PLANE('',#6234);
#6237=ORIENTED_EDGE('',*,*,#6236,.T.);
#6238=ORIENTED_EDGE('',*,*,#6217,.T.);
#6240=ORIENTED_EDGE('',*,*,#6239,.T.);
#6242=ORIENTED_EDGE('',*,*,#6241,.F.);
#6243=EDGE_LOOP('',(#6237,#6238,#6240,#6242));
#6244=FACE_OUTER_BOUND('',#6243,.F.);
#6245=ADVANCED_FACE('',(#6244),#6235,.F.);
#6246=CARTESIAN_POINT('',(-1.145E1,1.3E0,-4.05E0));
#6247=DIRECTION('',(0.E0,7.071067811865E-1,7.071067811865E-1));
#6248=DIRECTION('',(-1.E0,0.E0,0.E0));
#6249=AXIS2_PLACEMENT_3D('',#6246,#6247,#6248);
#6250=PLANE('',#6249);
#6251=ORIENTED_EDGE('',*,*,#6236,.F.);
#6253=ORIENTED_EDGE('',*,*,#6252,.T.);
#6255=ORIENTED_EDGE('',*,*,#6254,.T.);
#6256=ORIENTED_EDGE('',*,*,#5543,.T.);
#6257=ORIENTED_EDGE('',*,*,#6204,.T.);
#6258=ORIENTED_EDGE('',*,*,#6219,.T.);
#6259=EDGE_LOOP('',(#6251,#6253,#6255,#6256,#6257,#6258));
#6260=FACE_OUTER_BOUND('',#6259,.F.);
#6261=ADVANCED_FACE('',(#6260),#6250,.T.);
#6262=CARTESIAN_POINT('',(-1.197E1,2.4E0,-4.062337725458E0));
#6263=DIRECTION('',(-1.E0,0.E0,0.E0));
#6264=DIRECTION('',(0.E0,0.E0,1.E0));
#6265=AXIS2_PLACEMENT_3D('',#6262,#6263,#6264);
#6266=PLANE('',#6265);
#6268=ORIENTED_EDGE('',*,*,#6267,.F.);
#6269=ORIENTED_EDGE('',*,*,#6252,.F.);
#6270=ORIENTED_EDGE('',*,*,#6241,.T.);
#6272=ORIENTED_EDGE('',*,*,#6271,.T.);
#6274=ORIENTED_EDGE('',*,*,#6273,.T.);
#6276=ORIENTED_EDGE('',*,*,#6275,.T.);
#6277=EDGE_LOOP('',(#6268,#6269,#6270,#6272,#6274,#6276));
#6278=FACE_OUTER_BOUND('',#6277,.F.);
#6279=ADVANCED_FACE('',(#6278),#6266,.F.);
#6280=CARTESIAN_POINT('',(-1.145E1,2.4E0,-6.2E0));
#6281=DIRECTION('',(0.E0,1.E0,0.E0));
#6282=DIRECTION('',(1.E0,0.E0,0.E0));
#6283=AXIS2_PLACEMENT_3D('',#6280,#6281,#6282);
#6284=CYLINDRICAL_SURFACE('',#6283,2.2E0);
#6285=ORIENTED_EDGE('',*,*,#5545,.T.);
#6286=ORIENTED_EDGE('',*,*,#6254,.F.);
#6287=ORIENTED_EDGE('',*,*,#6267,.T.);
#6289=ORIENTED_EDGE('',*,*,#6288,.T.);
#6291=ORIENTED_EDGE('',*,*,#6290,.T.);
#6292=EDGE_LOOP('',(#6285,#6286,#6287,#6289,#6291));
#6293=FACE_OUTER_BOUND('',#6292,.F.);
#6294=ADVANCED_FACE('',(#6293),#6284,.F.);
#6295=CARTESIAN_POINT('',(-1.145E1,2.249961906432E0,-6.2E0));
#6296=DIRECTION('',(0.E0,1.E0,0.E0));
#6297=DIRECTION('',(0.E0,0.E0,-1.E0));
#6298=AXIS2_PLACEMENT_3D('',#6295,#6296,#6297);
#6299=CONICAL_SURFACE('',#6298,2.350043827963E0,4.500099867070E1);
#6301=ORIENTED_EDGE('',*,*,#6300,.T.);
#6303=ORIENTED_EDGE('',*,*,#6302,.T.);
#6304=ORIENTED_EDGE('',*,*,#6288,.F.);
#6306=ORIENTED_EDGE('',*,*,#6305,.T.);
#6307=ORIENTED_EDGE('',*,*,#5683,.T.);
#6308=EDGE_LOOP('',(#6301,#6303,#6304,#6306,#6307));
#6309=FACE_OUTER_BOUND('',#6308,.F.);
#6310=ADVANCED_FACE('',(#6309),#6299,.F.);
#6311=CARTESIAN_POINT('',(-1.355E1,2.4E0,0.E0));
#6312=DIRECTION('',(-1.E0,0.E0,0.E0));
#6313=DIRECTION('',(0.E0,-1.E0,0.E0));
#6314=AXIS2_PLACEMENT_3D('',#6311,#6312,#6313);
#6315=PLANE('',#6314);
#6316=ORIENTED_EDGE('',*,*,#6300,.F.);
#6317=ORIENTED_EDGE('',*,*,#5681,.T.);
#6318=ORIENTED_EDGE('',*,*,#4699,.F.);
#6320=ORIENTED_EDGE('',*,*,#6319,.F.);
#6321=ORIENTED_EDGE('',*,*,#6123,.T.);
#6322=ORIENTED_EDGE('',*,*,#5737,.T.);
#6324=ORIENTED_EDGE('',*,*,#6323,.F.);
#6326=ORIENTED_EDGE('',*,*,#6325,.T.);
#6327=ORIENTED_EDGE('',*,*,#5549,.F.);
#6329=ORIENTED_EDGE('',*,*,#6328,.F.);
#6330=EDGE_LOOP('',(#6316,#6317,#6318,#6320,#6321,#6322,#6324,#6326,#6327,
#6329));
#6331=FACE_OUTER_BOUND('',#6330,.F.);
#6332=ADVANCED_FACE('',(#6331),#6315,.T.);
#6333=CARTESIAN_POINT('',(-1.355E1,4.E-1,0.E0));
#6334=DIRECTION('',(0.E0,-1.E0,0.E0));
#6335=DIRECTION('',(1.E0,0.E0,0.E0));
#6336=AXIS2_PLACEMENT_3D('',#6333,#6334,#6335);
#6337=PLANE('',#6336);
#6338=ORIENTED_EDGE('',*,*,#6125,.T.);
#6339=ORIENTED_EDGE('',*,*,#6319,.T.);
#6340=ORIENTED_EDGE('',*,*,#4697,.F.);
#6342=ORIENTED_EDGE('',*,*,#6341,.F.);
#6343=ORIENTED_EDGE('',*,*,#6158,.F.);
#6344=EDGE_LOOP('',(#6338,#6339,#6340,#6342,#6343));
#6345=FACE_OUTER_BOUND('',#6344,.F.);
#6347=ORIENTED_EDGE('',*,*,#6346,.F.);
#6349=ORIENTED_EDGE('',*,*,#6348,.F.);
#6350=EDGE_LOOP('',(#6347,#6349));
#6351=FACE_BOUND('',#6350,.F.);
#6353=ORIENTED_EDGE('',*,*,#6352,.F.);
#6355=ORIENTED_EDGE('',*,*,#6354,.F.);
#6357=ORIENTED_EDGE('',*,*,#6356,.F.);
#6359=ORIENTED_EDGE('',*,*,#6358,.F.);
#6360=EDGE_LOOP('',(#6353,#6355,#6357,#6359));
#6361=FACE_BOUND('',#6360,.F.);
#6363=ORIENTED_EDGE('',*,*,#6362,.F.);
#6364=ORIENTED_EDGE('',*,*,#6271,.F.);
#6365=ORIENTED_EDGE('',*,*,#6239,.F.);
#6366=ORIENTED_EDGE('',*,*,#6226,.F.);
#6367=EDGE_LOOP('',(#6363,#6364,#6365,#6366));
#6368=FACE_BOUND('',#6367,.F.);
#6369=ADVANCED_FACE('',(#6345,#6351,#6361,#6368),#6337,.T.);
#6370=CARTESIAN_POINT('',(-1.145E1,2.4E0,-6.2E0));
#6371=DIRECTION('',(0.E0,1.E0,0.E0));
#6372=DIRECTION('',(1.E0,0.E0,0.E0));
#6373=AXIS2_PLACEMENT_3D('',#6370,#6371,#6372);
#6374=CYLINDRICAL_SURFACE('',#6373,1.265E0);
#6376=ORIENTED_EDGE('',*,*,#6375,.F.);
#6378=ORIENTED_EDGE('',*,*,#6377,.T.);
#6379=ORIENTED_EDGE('',*,*,#6346,.T.);
#6381=ORIENTED_EDGE('',*,*,#6380,.F.);
#6382=EDGE_LOOP('',(#6376,#6378,#6379,#6381));
#6383=FACE_OUTER_BOUND('',#6382,.F.);
#6384=ADVANCED_FACE('',(#6383),#6374,.F.);
#6385=CARTESIAN_POINT('',(-1.145E1,1.300019009999E0,-6.2E0));
#6386=DIRECTION('',(0.E0,1.E0,0.E0));
#6387=DIRECTION('',(0.E0,0.E0,-1.E0));
#6388=AXIS2_PLACEMENT_3D('',#6385,#6386,#6387);
#6389=CONICAL_SURFACE('',#6388,1.364981348459E0,4.499920957984E1);
#6390=ORIENTED_EDGE('',*,*,#6375,.T.);
#6392=ORIENTED_EDGE('',*,*,#6391,.T.);
#6393=ORIENTED_EDGE('',*,*,#5569,.F.);
#6395=ORIENTED_EDGE('',*,*,#6394,.F.);
#6396=EDGE_LOOP('',(#6390,#6392,#6393,#6395));
#6397=FACE_OUTER_BOUND('',#6396,.F.);
#6398=ADVANCED_FACE('',(#6397),#6389,.F.);
#6399=CARTESIAN_POINT('',(-1.145E1,1.300019009999E0,-6.2E0));
#6400=DIRECTION('',(0.E0,1.E0,0.E0));
#6401=DIRECTION('',(0.E0,0.E0,-1.E0));
#6402=AXIS2_PLACEMENT_3D('',#6399,#6400,#6401);
#6403=CONICAL_SURFACE('',#6402,1.364981348459E0,4.499920957984E1);
#6405=ORIENTED_EDGE('',*,*,#6404,.T.);
#6406=ORIENTED_EDGE('',*,*,#6394,.T.);
#6407=ORIENTED_EDGE('',*,*,#5571,.F.);
#6408=ORIENTED_EDGE('',*,*,#6391,.F.);
#6409=EDGE_LOOP('',(#6405,#6406,#6407,#6408));
#6410=FACE_OUTER_BOUND('',#6409,.F.);
#6411=ADVANCED_FACE('',(#6410),#6403,.F.);
#6412=CARTESIAN_POINT('',(-1.145E1,2.4E0,-6.2E0));
#6413=DIRECTION('',(0.E0,1.E0,0.E0));
#6414=DIRECTION('',(1.E0,0.E0,0.E0));
#6415=AXIS2_PLACEMENT_3D('',#6412,#6413,#6414);
#6416=CYLINDRICAL_SURFACE('',#6415,1.265E0);
#6417=ORIENTED_EDGE('',*,*,#6404,.F.);
#6418=ORIENTED_EDGE('',*,*,#6380,.T.);
#6419=ORIENTED_EDGE('',*,*,#6348,.T.);
#6420=ORIENTED_EDGE('',*,*,#6377,.F.);
#6421=EDGE_LOOP('',(#6417,#6418,#6419,#6420));
#6422=FACE_OUTER_BOUND('',#6421,.F.);
#6423=ADVANCED_FACE('',(#6422),#6416,.F.);
#6424=CARTESIAN_POINT('',(-9.35E0,4.E-1,0.E0));
#6425=DIRECTION('',(-1.E0,0.E0,0.E0));
#6426=DIRECTION('',(0.E0,-1.E0,0.E0));
#6427=AXIS2_PLACEMENT_3D('',#6424,#6425,#6426);
#6428=PLANE('',#6427);
#6429=ORIENTED_EDGE('',*,*,#4856,.F.);
#6430=ORIENTED_EDGE('',*,*,#6341,.T.);
#6431=ORIENTED_EDGE('',*,*,#4695,.F.);
#6432=ORIENTED_EDGE('',*,*,#4797,.F.);
#6433=EDGE_LOOP('',(#6429,#6430,#6431,#6432));
#6434=FACE_OUTER_BOUND('',#6433,.F.);
#6435=ADVANCED_FACE('',(#6434),#6428,.T.);
#6436=CARTESIAN_POINT('',(-1.197E1,2.4E0,-9.E0));
#6437=DIRECTION('',(-1.E0,0.E0,0.E0));
#6438=DIRECTION('',(0.E0,0.E0,1.E0));
#6439=AXIS2_PLACEMENT_3D('',#6436,#6437,#6438);
#6440=PLANE('',#6439);
#6442=ORIENTED_EDGE('',*,*,#6441,.F.);
#6444=ORIENTED_EDGE('',*,*,#6443,.F.);
#6446=ORIENTED_EDGE('',*,*,#6445,.T.);
#6448=ORIENTED_EDGE('',*,*,#6447,.T.);
#6450=ORIENTED_EDGE('',*,*,#6449,.F.);
#6451=ORIENTED_EDGE('',*,*,#6352,.T.);
#6452=EDGE_LOOP('',(#6442,#6444,#6446,#6448,#6450,#6451));
#6453=FACE_OUTER_BOUND('',#6452,.F.);
#6454=ADVANCED_FACE('',(#6453),#6440,.F.);
#6455=CARTESIAN_POINT('',(-1.197E1,1.4E0,-8.45E0));
#6456=DIRECTION('',(0.E0,0.E0,1.E0));
#6457=DIRECTION('',(1.E0,0.E0,0.E0));
#6458=AXIS2_PLACEMENT_3D('',#6455,#6456,#6457);
#6459=PLANE('',#6458);
#6461=ORIENTED_EDGE('',*,*,#6460,.T.);
#6462=ORIENTED_EDGE('',*,*,#6441,.T.);
#6463=ORIENTED_EDGE('',*,*,#6358,.T.);
#6465=ORIENTED_EDGE('',*,*,#6464,.F.);
#6466=EDGE_LOOP('',(#6461,#6462,#6463,#6465));
#6467=FACE_OUTER_BOUND('',#6466,.F.);
#6468=ADVANCED_FACE('',(#6467),#6459,.F.);
#6469=CARTESIAN_POINT('',(-1.145E1,1.3E0,-8.35E0));
#6470=DIRECTION('',(0.E0,7.071067811865E-1,-7.071067811865E-1));
#6471=DIRECTION('',(-1.E0,0.E0,0.E0));
#6472=AXIS2_PLACEMENT_3D('',#6469,#6470,#6471);
#6473=PLANE('',#6472);
#6474=ORIENTED_EDGE('',*,*,#6460,.F.);
#6476=ORIENTED_EDGE('',*,*,#6475,.T.);
#6478=ORIENTED_EDGE('',*,*,#6477,.T.);
#6479=ORIENTED_EDGE('',*,*,#5555,.T.);
#6481=ORIENTED_EDGE('',*,*,#6480,.T.);
#6482=ORIENTED_EDGE('',*,*,#6443,.T.);
#6483=EDGE_LOOP('',(#6474,#6476,#6478,#6479,#6481,#6482));
#6484=FACE_OUTER_BOUND('',#6483,.F.);
#6485=ADVANCED_FACE('',(#6484),#6473,.T.);
#6486=CARTESIAN_POINT('',(-1.093E1,2.4E0,-8.337662274542E0));
#6487=DIRECTION('',(1.E0,0.E0,0.E0));
#6488=DIRECTION('',(0.E0,0.E0,-1.E0));
#6489=AXIS2_PLACEMENT_3D('',#6486,#6487,#6488);
#6490=PLANE('',#6489);
#6492=ORIENTED_EDGE('',*,*,#6491,.F.);
#6493=ORIENTED_EDGE('',*,*,#6475,.F.);
#6494=ORIENTED_EDGE('',*,*,#6464,.T.);
#6495=ORIENTED_EDGE('',*,*,#6356,.T.);
#6497=ORIENTED_EDGE('',*,*,#6496,.F.);
#6499=ORIENTED_EDGE('',*,*,#6498,.T.);
#6500=EDGE_LOOP('',(#6492,#6493,#6494,#6495,#6497,#6499));
#6501=FACE_OUTER_BOUND('',#6500,.F.);
#6502=ADVANCED_FACE('',(#6501),#6490,.F.);
#6503=CARTESIAN_POINT('',(-1.145E1,2.4E0,-6.2E0));
#6504=DIRECTION('',(0.E0,1.E0,0.E0));
#6505=DIRECTION('',(1.E0,0.E0,0.E0));
#6506=AXIS2_PLACEMENT_3D('',#6503,#6504,#6505);
#6507=CYLINDRICAL_SURFACE('',#6506,2.2E0);
#6508=ORIENTED_EDGE('',*,*,#5557,.T.);
#6509=ORIENTED_EDGE('',*,*,#6477,.F.);
#6510=ORIENTED_EDGE('',*,*,#6491,.T.);
#6512=ORIENTED_EDGE('',*,*,#6511,.T.);
#6514=ORIENTED_EDGE('',*,*,#6513,.T.);
#6515=EDGE_LOOP('',(#6508,#6509,#6510,#6512,#6514));
#6516=FACE_OUTER_BOUND('',#6515,.F.);
#6517=ADVANCED_FACE('',(#6516),#6507,.F.);
#6518=CARTESIAN_POINT('',(-1.145E1,2.249961545368E0,-6.2E0));
#6519=DIRECTION('',(0.E0,1.E0,0.E0));
#6520=DIRECTION('',(0.E0,0.E0,-1.E0));
#6521=AXIS2_PLACEMENT_3D('',#6518,#6519,#6520);
#6522=CONICAL_SURFACE('',#6521,2.350044243396E0,4.500100813662E1);
#6523=ORIENTED_EDGE('',*,*,#6154,.T.);
#6525=ORIENTED_EDGE('',*,*,#6524,.T.);
#6526=ORIENTED_EDGE('',*,*,#6511,.F.);
#6528=ORIENTED_EDGE('',*,*,#6527,.T.);
#6529=ORIENTED_EDGE('',*,*,#5743,.T.);
#6530=EDGE_LOOP('',(#6523,#6525,#6526,#6528,#6529));
#6531=FACE_OUTER_BOUND('',#6530,.F.);
#6532=ADVANCED_FACE('',(#6531),#6522,.F.);
#6533=CARTESIAN_POINT('',(-9.35E0,2.4E0,-7.2E0));
#6534=DIRECTION('',(0.E0,0.E0,-1.E0));
#6535=DIRECTION('',(-1.E0,0.E0,0.E0));
#6536=AXIS2_PLACEMENT_3D('',#6533,#6534,#6535);
#6537=PLANE('',#6536);
#6538=ORIENTED_EDGE('',*,*,#6524,.F.);
#6539=ORIENTED_EDGE('',*,*,#6152,.T.);
#6540=ORIENTED_EDGE('',*,*,#5559,.T.);
#6541=ORIENTED_EDGE('',*,*,#6513,.F.);
#6542=EDGE_LOOP('',(#6538,#6539,#6540,#6541));
#6543=FACE_OUTER_BOUND('',#6542,.F.);
#6544=ADVANCED_FACE('',(#6543),#6537,.F.);
#6545=CARTESIAN_POINT('',(-1.078E1,2.25E0,-8.668831137271E0));
#6546=DIRECTION('',(-7.071067811865E-1,7.071067811865E-1,0.E0));
#6547=DIRECTION('',(0.E0,0.E0,-1.E0));
#6548=AXIS2_PLACEMENT_3D('',#6545,#6546,#6547);
#6549=PLANE('',#6548);
#6550=ORIENTED_EDGE('',*,*,#5745,.T.);
#6551=ORIENTED_EDGE('',*,*,#6527,.F.);
#6552=ORIENTED_EDGE('',*,*,#6498,.F.);
#6554=ORIENTED_EDGE('',*,*,#6553,.T.);
#6555=EDGE_LOOP('',(#6550,#6551,#6552,#6554));
#6556=FACE_OUTER_BOUND('',#6555,.F.);
#6557=ADVANCED_FACE('',(#6556),#6549,.T.);
#6558=CARTESIAN_POINT('',(-1.145E1,2.25E0,-9.15E0));
#6559=DIRECTION('',(0.E0,7.071067811865E-1,7.071067811865E-1));
#6560=DIRECTION('',(-1.E0,0.E0,0.E0));
#6561=AXIS2_PLACEMENT_3D('',#6558,#6559,#6560);
#6562=PLANE('',#6561);
#6564=ORIENTED_EDGE('',*,*,#6563,.F.);
#6566=ORIENTED_EDGE('',*,*,#6565,.T.);
#6567=ORIENTED_EDGE('',*,*,#5747,.T.);
#6568=ORIENTED_EDGE('',*,*,#6553,.F.);
#6569=EDGE_LOOP('',(#6564,#6566,#6567,#6568));
#6570=FACE_OUTER_BOUND('',#6569,.F.);
#6571=ADVANCED_FACE('',(#6570),#6562,.T.);
#6572=CARTESIAN_POINT('',(-1.093E1,2.4E0,-9.E0));
#6573=DIRECTION('',(0.E0,0.E0,-1.E0));
#6574=DIRECTION('',(-1.E0,0.E0,0.E0));
#6575=AXIS2_PLACEMENT_3D('',#6572,#6573,#6574);
#6576=PLANE('',#6575);
#6577=ORIENTED_EDGE('',*,*,#6563,.T.);
#6578=ORIENTED_EDGE('',*,*,#6496,.T.);
#6579=ORIENTED_EDGE('',*,*,#6354,.T.);
#6580=ORIENTED_EDGE('',*,*,#6449,.T.);
#6581=EDGE_LOOP('',(#6577,#6578,#6579,#6580));
#6582=FACE_OUTER_BOUND('',#6581,.F.);
#6583=ADVANCED_FACE('',(#6582),#6576,.F.);
#6584=CARTESIAN_POINT('',(-1.212E1,2.25E0,-8.668831137271E0));
#6585=DIRECTION('',(7.071067811865E-1,7.071067811865E-1,0.E0));
#6586=DIRECTION('',(0.E0,0.E0,-1.E0));
#6587=AXIS2_PLACEMENT_3D('',#6584,#6585,#6586);
#6588=PLANE('',#6587);
#6589=ORIENTED_EDGE('',*,*,#6447,.F.);
#6591=ORIENTED_EDGE('',*,*,#6590,.T.);
#6592=ORIENTED_EDGE('',*,*,#5749,.T.);
#6593=ORIENTED_EDGE('',*,*,#6565,.F.);
#6594=EDGE_LOOP('',(#6589,#6591,#6592,#6593));
#6595=FACE_OUTER_BOUND('',#6594,.F.);
#6596=ADVANCED_FACE('',(#6595),#6588,.T.);
#6597=CARTESIAN_POINT('',(-1.145E1,2.250012072817E0,-6.2E0));
#6598=DIRECTION('',(0.E0,1.E0,0.E0));
#6599=DIRECTION('',(0.E0,0.E0,-1.E0));
#6600=AXIS2_PLACEMENT_3D('',#6597,#6598,#6599);
#6601=CONICAL_SURFACE('',#6600,2.349987924882E0,4.499970562239E1);
#6603=ORIENTED_EDGE('',*,*,#6602,.T.);
#6604=ORIENTED_EDGE('',*,*,#6323,.T.);
#6605=ORIENTED_EDGE('',*,*,#5735,.T.);
#6606=ORIENTED_EDGE('',*,*,#6590,.F.);
#6608=ORIENTED_EDGE('',*,*,#6607,.F.);
#6609=EDGE_LOOP('',(#6603,#6604,#6605,#6606,#6608));
#6610=FACE_OUTER_BOUND('',#6609,.F.);
#6611=ADVANCED_FACE('',(#6610),#6601,.F.);
#6612=CARTESIAN_POINT('',(-1.340959179423E1,2.4E0,-7.2E0));
#6613=DIRECTION('',(0.E0,0.E0,-1.E0));
#6614=DIRECTION('',(-1.E0,0.E0,0.E0));
#6615=AXIS2_PLACEMENT_3D('',#6612,#6613,#6614);
#6616=PLANE('',#6615);
#6617=ORIENTED_EDGE('',*,*,#6602,.F.);
#6619=ORIENTED_EDGE('',*,*,#6618,.T.);
#6620=ORIENTED_EDGE('',*,*,#5551,.T.);
#6621=ORIENTED_EDGE('',*,*,#6325,.F.);
#6622=EDGE_LOOP('',(#6617,#6619,#6620,#6621));
#6623=FACE_OUTER_BOUND('',#6622,.F.);
#6624=ADVANCED_FACE('',(#6623),#6616,.F.);
#6625=CARTESIAN_POINT('',(-1.145E1,2.4E0,-6.2E0));
#6626=DIRECTION('',(0.E0,1.E0,0.E0));
#6627=DIRECTION('',(1.E0,0.E0,0.E0));
#6628=AXIS2_PLACEMENT_3D('',#6625,#6626,#6627);
#6629=CYLINDRICAL_SURFACE('',#6628,2.2E0);
#6630=ORIENTED_EDGE('',*,*,#6445,.F.);
#6631=ORIENTED_EDGE('',*,*,#6480,.F.);
#6632=ORIENTED_EDGE('',*,*,#5553,.T.);
#6633=ORIENTED_EDGE('',*,*,#6618,.F.);
#6634=ORIENTED_EDGE('',*,*,#6607,.T.);
#6635=EDGE_LOOP('',(#6630,#6631,#6632,#6633,#6634));
#6636=FACE_OUTER_BOUND('',#6635,.F.);
#6637=ADVANCED_FACE('',(#6636),#6629,.F.);
#6638=CARTESIAN_POINT('',(-1.197E1,2.4E0,-3.4E0));
#6639=DIRECTION('',(0.E0,0.E0,1.E0));
#6640=DIRECTION('',(1.E0,0.E0,0.E0));
#6641=AXIS2_PLACEMENT_3D('',#6638,#6639,#6640);
#6642=PLANE('',#6641);
#6644=ORIENTED_EDGE('',*,*,#6643,.T.);
#6645=ORIENTED_EDGE('',*,*,#6273,.F.);
#6646=ORIENTED_EDGE('',*,*,#6362,.T.);
#6647=ORIENTED_EDGE('',*,*,#6224,.F.);
#6648=EDGE_LOOP('',(#6644,#6645,#6646,#6647));
#6649=FACE_OUTER_BOUND('',#6648,.F.);
#6650=ADVANCED_FACE('',(#6649),#6642,.F.);
#6651=CARTESIAN_POINT('',(-1.145E1,2.25E0,-3.25E0));
#6652=DIRECTION('',(0.E0,7.071067811865E-1,-7.071067811865E-1));
#6653=DIRECTION('',(-1.E0,0.E0,0.E0));
#6654=AXIS2_PLACEMENT_3D('',#6651,#6652,#6653);
#6655=PLANE('',#6654);
#6656=ORIENTED_EDGE('',*,*,#5687,.T.);
#6658=ORIENTED_EDGE('',*,*,#6657,.F.);
#6659=ORIENTED_EDGE('',*,*,#6643,.F.);
#6661=ORIENTED_EDGE('',*,*,#6660,.T.);
#6662=EDGE_LOOP('',(#6656,#6658,#6659,#6661));
#6663=FACE_OUTER_BOUND('',#6662,.F.);
#6664=ADVANCED_FACE('',(#6663),#6655,.T.);
#6665=CARTESIAN_POINT('',(-1.212E1,2.25E0,-3.731168862729E0));
#6666=DIRECTION('',(7.071067811865E-1,7.071067811865E-1,0.E0));
#6667=DIRECTION('',(0.E0,0.E0,-1.E0));
#6668=AXIS2_PLACEMENT_3D('',#6665,#6666,#6667);
#6669=PLANE('',#6668);
#6670=ORIENTED_EDGE('',*,*,#5685,.T.);
#6671=ORIENTED_EDGE('',*,*,#6305,.F.);
#6672=ORIENTED_EDGE('',*,*,#6275,.F.);
#6673=ORIENTED_EDGE('',*,*,#6657,.T.);
#6674=EDGE_LOOP('',(#6670,#6671,#6672,#6673));
#6675=FACE_OUTER_BOUND('',#6674,.F.);
#6676=ADVANCED_FACE('',(#6675),#6669,.T.);
#6677=CARTESIAN_POINT('',(-1.078E1,2.25E0,-3.731168862729E0));
#6678=DIRECTION('',(-7.071067811865E-1,7.071067811865E-1,0.E0));
#6679=DIRECTION('',(0.E0,0.E0,-1.E0));
#6680=AXIS2_PLACEMENT_3D('',#6677,#6678,#6679);
#6681=PLANE('',#6680);
#6682=ORIENTED_EDGE('',*,*,#5689,.T.);
#6683=ORIENTED_EDGE('',*,*,#6660,.F.);
#6684=ORIENTED_EDGE('',*,*,#6222,.F.);
#6685=ORIENTED_EDGE('',*,*,#6177,.T.);
#6686=EDGE_LOOP('',(#6682,#6683,#6684,#6685));
#6687=FACE_OUTER_BOUND('',#6686,.F.);
#6688=ADVANCED_FACE('',(#6687),#6681,.T.);
#6689=CARTESIAN_POINT('',(-1.355E1,2.4E0,-5.2E0));
#6690=DIRECTION('',(0.E0,0.E0,1.E0));
#6691=DIRECTION('',(1.E0,0.E0,0.E0));
#6692=AXIS2_PLACEMENT_3D('',#6689,#6690,#6691);
#6693=PLANE('',#6692);
#6694=ORIENTED_EDGE('',*,*,#6302,.F.);
#6695=ORIENTED_EDGE('',*,*,#6328,.T.);
#6696=ORIENTED_EDGE('',*,*,#5547,.T.);
#6697=ORIENTED_EDGE('',*,*,#6290,.F.);
#6698=EDGE_LOOP('',(#6694,#6695,#6696,#6697));
#6699=FACE_OUTER_BOUND('',#6698,.F.);
#6700=ADVANCED_FACE('',(#6699),#6693,.F.);
#6701=CARTESIAN_POINT('',(9.35E0,2.4E0,-3.5E0));
#6702=DIRECTION('',(0.E0,0.E0,-1.E0));
#6703=DIRECTION('',(-1.E0,0.E0,0.E0));
#6704=AXIS2_PLACEMENT_3D('',#6701,#6702,#6703);
#6705=PLANE('',#6704);
#6706=ORIENTED_EDGE('',*,*,#6162,.T.);
#6707=ORIENTED_EDGE('',*,*,#5100,.F.);
#6708=ORIENTED_EDGE('',*,*,#5450,.F.);
#6709=ORIENTED_EDGE('',*,*,#5695,.T.);
#6710=EDGE_LOOP('',(#6706,#6707,#6708,#6709));
#6711=FACE_OUTER_BOUND('',#6710,.F.);
#6712=ADVANCED_FACE('',(#6711),#6705,.T.);
#6713=CARTESIAN_POINT('',(1.093E1,2.4E0,-3.4E0));
#6714=DIRECTION('',(0.E0,0.E0,1.E0));
#6715=DIRECTION('',(1.E0,0.E0,0.E0));
#6716=AXIS2_PLACEMENT_3D('',#6713,#6714,#6715);
#6717=PLANE('',#6716);
#6719=ORIENTED_EDGE('',*,*,#6718,.T.);
#6720=ORIENTED_EDGE('',*,*,#5861,.T.);
#6721=ORIENTED_EDGE('',*,*,#5911,.T.);
#6722=ORIENTED_EDGE('',*,*,#5812,.T.);
#6723=EDGE_LOOP('',(#6719,#6720,#6721,#6722));
#6724=FACE_OUTER_BOUND('',#6723,.F.);
#6725=ADVANCED_FACE('',(#6724),#6717,.F.);
#6726=CARTESIAN_POINT('',(1.145E1,2.25E0,-3.25E0));
#6727=DIRECTION('',(0.E0,7.071067811865E-1,-7.071067811865E-1));
#6728=DIRECTION('',(-1.E0,0.E0,0.E0));
#6729=AXIS2_PLACEMENT_3D('',#6726,#6727,#6728);
#6730=PLANE('',#6729);
#6731=ORIENTED_EDGE('',*,*,#5701,.T.);
#6733=ORIENTED_EDGE('',*,*,#6732,.F.);
#6734=ORIENTED_EDGE('',*,*,#6718,.F.);
#6736=ORIENTED_EDGE('',*,*,#6735,.T.);
#6737=EDGE_LOOP('',(#6731,#6733,#6734,#6736));
#6738=FACE_OUTER_BOUND('',#6737,.F.);
#6739=ADVANCED_FACE('',(#6738),#6730,.T.);
#6740=CARTESIAN_POINT('',(1.078E1,2.25E0,-3.731168862729E0));
#6741=DIRECTION('',(7.071067811865E-1,7.071067811865E-1,0.E0));
#6742=DIRECTION('',(0.E0,0.E0,-1.E0));
#6743=AXIS2_PLACEMENT_3D('',#6740,#6741,#6742);
#6744=PLANE('',#6743);
#6745=ORIENTED_EDGE('',*,*,#5699,.T.);
#6746=ORIENTED_EDGE('',*,*,#5481,.F.);
#6747=ORIENTED_EDGE('',*,*,#5863,.F.);
#6748=ORIENTED_EDGE('',*,*,#6732,.T.);
#6749=EDGE_LOOP('',(#6745,#6746,#6747,#6748));
#6750=FACE_OUTER_BOUND('',#6749,.F.);
#6751=ADVANCED_FACE('',(#6750),#6744,.T.);
#6752=CARTESIAN_POINT('',(1.212E1,2.25E0,-3.731168862729E0));
#6753=DIRECTION('',(-7.071067811865E-1,7.071067811866E-1,0.E0));
#6754=DIRECTION('',(0.E0,0.E0,-1.E0));
#6755=AXIS2_PLACEMENT_3D('',#6752,#6753,#6754);
#6756=PLANE('',#6755);
#6757=ORIENTED_EDGE('',*,*,#5703,.T.);
#6758=ORIENTED_EDGE('',*,*,#6735,.F.);
#6759=ORIENTED_EDGE('',*,*,#5810,.F.);
#6760=ORIENTED_EDGE('',*,*,#5764,.T.);
#6761=EDGE_LOOP('',(#6757,#6758,#6759,#6760));
#6762=FACE_OUTER_BOUND('',#6761,.F.);
#6763=ADVANCED_FACE('',(#6762),#6756,.T.);
#6764=CARTESIAN_POINT('',(-7.85E0,0.E0,-6.2E0));
#6765=DIRECTION('',(1.E0,0.E0,0.E0));
#6766=DIRECTION('',(0.E0,0.E0,-1.E0));
#6767=AXIS2_PLACEMENT_3D('',#6764,#6765,#6766);
#6768=PLANE('',#6767);
#6769=ORIENTED_EDGE('',*,*,#4850,.T.);
#6771=ORIENTED_EDGE('',*,*,#6770,.T.);
#6773=ORIENTED_EDGE('',*,*,#6772,.T.);
#6775=ORIENTED_EDGE('',*,*,#6774,.T.);
#6777=ORIENTED_EDGE('',*,*,#6776,.T.);
#6779=ORIENTED_EDGE('',*,*,#6778,.T.);
#6781=ORIENTED_EDGE('',*,*,#6780,.T.);
#6783=ORIENTED_EDGE('',*,*,#6782,.T.);
#6785=ORIENTED_EDGE('',*,*,#6784,.T.);
#6787=ORIENTED_EDGE('',*,*,#6786,.T.);
#6789=ORIENTED_EDGE('',*,*,#6788,.T.);
#6791=ORIENTED_EDGE('',*,*,#6790,.T.);
#6793=ORIENTED_EDGE('',*,*,#6792,.T.);
#6795=ORIENTED_EDGE('',*,*,#6794,.T.);
#6797=ORIENTED_EDGE('',*,*,#6796,.T.);
#6799=ORIENTED_EDGE('',*,*,#6798,.T.);
#6801=ORIENTED_EDGE('',*,*,#6800,.T.);
#6803=ORIENTED_EDGE('',*,*,#6802,.T.);
#6805=ORIENTED_EDGE('',*,*,#6804,.T.);
#6807=ORIENTED_EDGE('',*,*,#6806,.T.);
#6809=ORIENTED_EDGE('',*,*,#6808,.T.);
#6811=ORIENTED_EDGE('',*,*,#6810,.T.);
#6813=ORIENTED_EDGE('',*,*,#6812,.T.);
#6815=ORIENTED_EDGE('',*,*,#6814,.T.);
#6816=ORIENTED_EDGE('',*,*,#5105,.F.);
#6817=EDGE_LOOP('',(#6769,#6771,#6773,#6775,#6777,#6779,#6781,#6783,#6785,#6787,
#6789,#6791,#6793,#6795,#6797,#6799,#6801,#6803,#6805,#6807,#6809,#6811,#6813,
#6815,#6816));
#6818=FACE_OUTER_BOUND('',#6817,.F.);
#6819=ADVANCED_FACE('',(#6818),#6768,.F.);
#6820=CARTESIAN_POINT('',(-7.85E0,0.E0,-6.2E0));
#6821=DIRECTION('',(1.E0,0.E0,0.E0));
#6822=DIRECTION('',(0.E0,0.E0,-1.E0));
#6823=AXIS2_PLACEMENT_3D('',#6820,#6821,#6822);
#6824=PLANE('',#6823);
#6826=ORIENTED_EDGE('',*,*,#6825,.T.);
#6828=ORIENTED_EDGE('',*,*,#6827,.T.);
#6830=ORIENTED_EDGE('',*,*,#6829,.T.);
#6832=ORIENTED_EDGE('',*,*,#6831,.T.);
#6834=ORIENTED_EDGE('',*,*,#6833,.T.);
#6835=ORIENTED_EDGE('',*,*,#4729,.T.);
#6836=EDGE_LOOP('',(#6826,#6828,#6830,#6832,#6834,#6835));
#6837=FACE_OUTER_BOUND('',#6836,.F.);
#6838=ADVANCED_FACE('',(#6837),#6824,.F.);
#6839=CARTESIAN_POINT('',(-7.85E0,-2.2E0,-2.5E0));
#6840=DIRECTION('',(0.E0,-1.E0,0.E0));
#6841=DIRECTION('',(0.E0,0.E0,-1.E0));
#6842=AXIS2_PLACEMENT_3D('',#6839,#6840,#6841);
#6843=PLANE('',#6842);
#6844=ORIENTED_EDGE('',*,*,#4848,.T.);
#6846=ORIENTED_EDGE('',*,*,#6845,.T.);
#6848=ORIENTED_EDGE('',*,*,#6847,.F.);
#6849=ORIENTED_EDGE('',*,*,#6770,.F.);
#6850=EDGE_LOOP('',(#6844,#6846,#6848,#6849));
#6851=FACE_OUTER_BOUND('',#6850,.F.);
#6852=ADVANCED_FACE('',(#6851),#6843,.T.);
#6853=CARTESIAN_POINT('',(-7.15E0,0.E0,-6.2E0));
#6854=DIRECTION('',(1.E0,0.E0,0.E0));
#6855=DIRECTION('',(0.E0,0.E0,-1.E0));
#6856=AXIS2_PLACEMENT_3D('',#6853,#6854,#6855);
#6857=PLANE('',#6856);
#6858=ORIENTED_EDGE('',*,*,#4846,.F.);
#6859=ORIENTED_EDGE('',*,*,#5109,.T.);
#6861=ORIENTED_EDGE('',*,*,#6860,.F.);
#6863=ORIENTED_EDGE('',*,*,#6862,.F.);
#6865=ORIENTED_EDGE('',*,*,#6864,.F.);
#6867=ORIENTED_EDGE('',*,*,#6866,.F.);
#6869=ORIENTED_EDGE('',*,*,#6868,.F.);
#6871=ORIENTED_EDGE('',*,*,#6870,.F.);
#6873=ORIENTED_EDGE('',*,*,#6872,.F.);
#6875=ORIENTED_EDGE('',*,*,#6874,.F.);
#6877=ORIENTED_EDGE('',*,*,#6876,.F.);
#6879=ORIENTED_EDGE('',*,*,#6878,.F.);
#6881=ORIENTED_EDGE('',*,*,#6880,.F.);
#6883=ORIENTED_EDGE('',*,*,#6882,.F.);
#6885=ORIENTED_EDGE('',*,*,#6884,.F.);
#6887=ORIENTED_EDGE('',*,*,#6886,.F.);
#6889=ORIENTED_EDGE('',*,*,#6888,.F.);
#6891=ORIENTED_EDGE('',*,*,#6890,.F.);
#6893=ORIENTED_EDGE('',*,*,#6892,.F.);
#6895=ORIENTED_EDGE('',*,*,#6894,.F.);
#6897=ORIENTED_EDGE('',*,*,#6896,.F.);
#6899=ORIENTED_EDGE('',*,*,#6898,.F.);
#6901=ORIENTED_EDGE('',*,*,#6900,.F.);
#6903=ORIENTED_EDGE('',*,*,#6902,.F.);
#6904=ORIENTED_EDGE('',*,*,#6845,.F.);
#6905=EDGE_LOOP('',(#6858,#6859,#6861,#6863,#6865,#6867,#6869,#6871,#6873,#6875,
#6877,#6879,#6881,#6883,#6885,#6887,#6889,#6891,#6893,#6895,#6897,#6899,#6901,
#6903,#6904));
#6906=FACE_OUTER_BOUND('',#6905,.F.);
#6907=ADVANCED_FACE('',(#6906),#6857,.T.);
#6908=CARTESIAN_POINT('',(-7.15E0,0.E0,-6.2E0));
#6909=DIRECTION('',(1.E0,0.E0,0.E0));
#6910=DIRECTION('',(0.E0,0.E0,-1.E0));
#6911=AXIS2_PLACEMENT_3D('',#6908,#6909,#6910);
#6912=PLANE('',#6911);
#6914=ORIENTED_EDGE('',*,*,#6913,.F.);
#6916=ORIENTED_EDGE('',*,*,#6915,.F.);
#6918=ORIENTED_EDGE('',*,*,#6917,.F.);
#6920=ORIENTED_EDGE('',*,*,#6919,.F.);
#6922=ORIENTED_EDGE('',*,*,#6921,.F.);
#6923=ORIENTED_EDGE('',*,*,#4733,.F.);
#6924=EDGE_LOOP('',(#6914,#6916,#6918,#6920,#6922,#6923));
#6925=FACE_OUTER_BOUND('',#6924,.F.);
#6926=ADVANCED_FACE('',(#6925),#6912,.T.);
#6927=CARTESIAN_POINT('',(-7.85E0,1.4E0,-3.3E0));
#6928=DIRECTION('',(0.E0,0.E0,-1.E0));
#6929=DIRECTION('',(0.E0,1.E0,0.E0));
#6930=AXIS2_PLACEMENT_3D('',#6927,#6928,#6929);
#6931=PLANE('',#6930);
#6932=ORIENTED_EDGE('',*,*,#5107,.F.);
#6933=ORIENTED_EDGE('',*,*,#6814,.F.);
#6935=ORIENTED_EDGE('',*,*,#6934,.T.);
#6936=ORIENTED_EDGE('',*,*,#6860,.T.);
#6937=EDGE_LOOP('',(#6932,#6933,#6935,#6936));
#6938=FACE_OUTER_BOUND('',#6937,.F.);
#6939=ADVANCED_FACE('',(#6938),#6931,.T.);
#6940=CARTESIAN_POINT('',(-7.85E0,1.4E0,-4.768148347422E0));
#6941=DIRECTION('',(0.E0,1.E0,0.E0));
#6942=DIRECTION('',(0.E0,0.E0,1.E0));
#6943=AXIS2_PLACEMENT_3D('',#6940,#6941,#6942);
#6944=PLANE('',#6943);
#6945=ORIENTED_EDGE('',*,*,#6812,.F.);
#6947=ORIENTED_EDGE('',*,*,#6946,.T.);
#6948=ORIENTED_EDGE('',*,*,#6862,.T.);
#6949=ORIENTED_EDGE('',*,*,#6934,.F.);
#6950=EDGE_LOOP('',(#6945,#6947,#6948,#6949));
#6951=FACE_OUTER_BOUND('',#6950,.F.);
#6952=ADVANCED_FACE('',(#6951),#6944,.T.);
#6953=CARTESIAN_POINT('',(-7.85E0,9.E-1,-4.768148347422E0));
#6954=DIRECTION('',(1.E0,0.E0,0.E0));
#6955=DIRECTION('',(0.E0,0.E0,-1.E0));
#6956=AXIS2_PLACEMENT_3D('',#6953,#6954,#6955);
#6957=CYLINDRICAL_SURFACE('',#6956,5.E-1);
#6958=ORIENTED_EDGE('',*,*,#6810,.F.);
#6960=ORIENTED_EDGE('',*,*,#6959,.T.);
#6961=ORIENTED_EDGE('',*,*,#6864,.T.);
#6962=ORIENTED_EDGE('',*,*,#6946,.F.);
#6963=EDGE_LOOP('',(#6958,#6960,#6961,#6962));
#6964=FACE_OUTER_BOUND('',#6963,.F.);
#6965=ADVANCED_FACE('',(#6964),#6957,.T.);
#6966=CARTESIAN_POINT('',(-7.85E0,9.397197676620E-1,-6.551763809021E0));
#6967=DIRECTION('',(0.E0,9.659258262891E-1,-2.588190451025E-1));
#6968=DIRECTION('',(0.E0,2.588190451025E-1,9.659258262891E-1));
#6969=AXIS2_PLACEMENT_3D('',#6966,#6967,#6968);
#6970=PLANE('',#6969);
#6971=ORIENTED_EDGE('',*,*,#6808,.F.);
#6973=ORIENTED_EDGE('',*,*,#6972,.T.);
#6974=ORIENTED_EDGE('',*,*,#6866,.T.);
#6975=ORIENTED_EDGE('',*,*,#6959,.F.);
#6976=EDGE_LOOP('',(#6971,#6973,#6974,#6975));
#6977=FACE_OUTER_BOUND('',#6976,.F.);
#6978=ADVANCED_FACE('',(#6977),#6970,.T.);
#6979=CARTESIAN_POINT('',(-7.85E0,7.465346024042E-1,-6.5E0));
#6980=DIRECTION('',(1.E0,0.E0,0.E0));
#6981=DIRECTION('',(0.E0,0.E0,-1.E0));
#6982=AXIS2_PLACEMENT_3D('',#6979,#6980,#6981);
#6983=CYLINDRICAL_SURFACE('',#6982,2.E-1);
#6984=ORIENTED_EDGE('',*,*,#6806,.F.);
#6986=ORIENTED_EDGE('',*,*,#6985,.T.);
#6987=ORIENTED_EDGE('',*,*,#6868,.T.);
#6988=ORIENTED_EDGE('',*,*,#6972,.F.);
#6989=EDGE_LOOP('',(#6984,#6986,#6987,#6988));
#6990=FACE_OUTER_BOUND('',#6989,.F.);
#6991=ADVANCED_FACE('',(#6990),#6983,.T.);
#6992=CARTESIAN_POINT('',(-7.85E0,4.E-1,-6.7E0));
#6993=DIRECTION('',(0.E0,0.E0,-1.E0));
#6994=DIRECTION('',(0.E0,1.E0,0.E0));
#6995=AXIS2_PLACEMENT_3D('',#6992,#6993,#6994);
#6996=PLANE('',#6995);
#6997=ORIENTED_EDGE('',*,*,#6804,.F.);
#6999=ORIENTED_EDGE('',*,*,#6998,.T.);
#7000=ORIENTED_EDGE('',*,*,#6870,.T.);
#7001=ORIENTED_EDGE('',*,*,#6985,.F.);
#7002=EDGE_LOOP('',(#6997,#6999,#7000,#7001));
#7003=FACE_OUTER_BOUND('',#7002,.F.);
#7004=ADVANCED_FACE('',(#7003),#6996,.T.);
#7005=CARTESIAN_POINT('',(-7.85E0,4.E-1,-5.8E0));
#7006=DIRECTION('',(0.E0,-1.E0,0.E0));
#7007=DIRECTION('',(0.E0,0.E0,-1.E0));
#7008=AXIS2_PLACEMENT_3D('',#7005,#7006,#7007);
#7009=PLANE('',#7008);
#7010=ORIENTED_EDGE('',*,*,#6802,.F.);
#7012=ORIENTED_EDGE('',*,*,#7011,.T.);
#7013=ORIENTED_EDGE('',*,*,#6872,.T.);
#7014=ORIENTED_EDGE('',*,*,#6998,.F.);
#7015=EDGE_LOOP('',(#7010,#7012,#7013,#7014));
#7016=FACE_OUTER_BOUND('',#7015,.F.);
#7017=ADVANCED_FACE('',(#7016),#7009,.T.);
#7018=CARTESIAN_POINT('',(-7.85E0,4.5E-1,-5.8E0));
#7019=DIRECTION('',(0.E0,0.E0,1.E0));
#7020=DIRECTION('',(0.E0,-1.E0,0.E0));
#7021=AXIS2_PLACEMENT_3D('',#7018,#7019,#7020);
#7022=PLANE('',#7021);
#7023=ORIENTED_EDGE('',*,*,#6800,.F.);
#7025=ORIENTED_EDGE('',*,*,#7024,.T.);
#7026=ORIENTED_EDGE('',*,*,#6874,.T.);
#7027=ORIENTED_EDGE('',*,*,#7011,.F.);
#7028=EDGE_LOOP('',(#7023,#7025,#7026,#7027));
#7029=FACE_OUTER_BOUND('',#7028,.F.);
#7030=ADVANCED_FACE('',(#7029),#7022,.T.);
#7031=CARTESIAN_POINT('',(-7.85E0,4.5E-1,-5.7E0));
#7032=DIRECTION('',(1.E0,0.E0,0.E0));
#7033=DIRECTION('',(0.E0,0.E0,-1.E0));
#7034=AXIS2_PLACEMENT_3D('',#7031,#7032,#7033);
#7035=CYLINDRICAL_SURFACE('',#7034,1.E-1);
#7036=ORIENTED_EDGE('',*,*,#6798,.F.);
#7038=ORIENTED_EDGE('',*,*,#7037,.T.);
#7039=ORIENTED_EDGE('',*,*,#6876,.T.);
#7040=ORIENTED_EDGE('',*,*,#7024,.F.);
#7041=EDGE_LOOP('',(#7036,#7038,#7039,#7040));
#7042=FACE_OUTER_BOUND('',#7041,.F.);
#7043=ADVANCED_FACE('',(#7042),#7035,.F.);
#7044=CARTESIAN_POINT('',(-7.85E0,5.5E-1,-5.6E0));
#7045=DIRECTION('',(0.E0,-1.E0,0.E0));
#7046=DIRECTION('',(0.E0,0.E0,-1.E0));
#7047=AXIS2_PLACEMENT_3D('',#7044,#7045,#7046);
#7048=PLANE('',#7047);
#7049=ORIENTED_EDGE('',*,*,#6796,.F.);
#7051=ORIENTED_EDGE('',*,*,#7050,.T.);
#7052=ORIENTED_EDGE('',*,*,#6878,.T.);
#7053=ORIENTED_EDGE('',*,*,#7037,.F.);
#7054=EDGE_LOOP('',(#7049,#7051,#7052,#7053));
#7055=FACE_OUTER_BOUND('',#7054,.F.);
#7056=ADVANCED_FACE('',(#7055),#7048,.T.);
#7057=CARTESIAN_POINT('',(-7.85E0,4.5E-1,-5.6E0));
#7058=DIRECTION('',(1.E0,0.E0,0.E0));
#7059=DIRECTION('',(0.E0,0.E0,-1.E0));
#7060=AXIS2_PLACEMENT_3D('',#7057,#7058,#7059);
#7061=CYLINDRICAL_SURFACE('',#7060,1.E-1);
#7062=ORIENTED_EDGE('',*,*,#6794,.F.);
#7064=ORIENTED_EDGE('',*,*,#7063,.T.);
#7065=ORIENTED_EDGE('',*,*,#6880,.T.);
#7066=ORIENTED_EDGE('',*,*,#7050,.F.);
#7067=EDGE_LOOP('',(#7062,#7064,#7065,#7066));
#7068=FACE_OUTER_BOUND('',#7067,.F.);
#7069=ADVANCED_FACE('',(#7068),#7061,.F.);
#7070=CARTESIAN_POINT('',(-7.85E0,-4.999999999999E-2,-5.5E0));
#7071=DIRECTION('',(0.E0,0.E0,-1.E0));
#7072=DIRECTION('',(0.E0,1.E0,0.E0));
#7073=AXIS2_PLACEMENT_3D('',#7070,#7071,#7072);
#7074=PLANE('',#7073);
#7075=ORIENTED_EDGE('',*,*,#6792,.F.);
#7077=ORIENTED_EDGE('',*,*,#7076,.T.);
#7078=ORIENTED_EDGE('',*,*,#6882,.T.);
#7079=ORIENTED_EDGE('',*,*,#7063,.F.);
#7080=EDGE_LOOP('',(#7075,#7077,#7078,#7079));
#7081=FACE_OUTER_BOUND('',#7080,.F.);
#7082=ADVANCED_FACE('',(#7081),#7074,.T.);
#7083=CARTESIAN_POINT('',(-7.85E0,-4.999999999999E-2,-5.15E0));
#7084=DIRECTION('',(1.E0,0.E0,0.E0));
#7085=DIRECTION('',(0.E0,0.E0,-1.E0));
#7086=AXIS2_PLACEMENT_3D('',#7083,#7084,#7085);
#7087=CYLINDRICAL_SURFACE('',#7086,3.5E-1);
#7088=ORIENTED_EDGE('',*,*,#6790,.F.);
#7090=ORIENTED_EDGE('',*,*,#7089,.T.);
#7091=ORIENTED_EDGE('',*,*,#6884,.T.);
#7092=ORIENTED_EDGE('',*,*,#7076,.F.);
#7093=EDGE_LOOP('',(#7088,#7090,#7091,#7092));
#7094=FACE_OUTER_BOUND('',#7093,.F.);
#7095=ADVANCED_FACE('',(#7094),#7087,.T.);
#7096=CARTESIAN_POINT('',(-7.85E0,4.5E-1,-4.8E0));
#7097=DIRECTION('',(0.E0,0.E0,1.E0));
#7098=DIRECTION('',(0.E0,-1.E0,0.E0));
#7099=AXIS2_PLACEMENT_3D('',#7096,#7097,#7098);
#7100=PLANE('',#7099);
#7101=ORIENTED_EDGE('',*,*,#6788,.F.);
#7103=ORIENTED_EDGE('',*,*,#7102,.T.);
#7104=ORIENTED_EDGE('',*,*,#6886,.T.);
#7105=ORIENTED_EDGE('',*,*,#7089,.F.);
#7106=EDGE_LOOP('',(#7101,#7103,#7104,#7105));
#7107=FACE_OUTER_BOUND('',#7106,.F.);
#7108=ADVANCED_FACE('',(#7107),#7100,.T.);
#7109=CARTESIAN_POINT('',(-7.85E0,4.5E-1,-4.7E0));
#7110=DIRECTION('',(1.E0,0.E0,0.E0));
#7111=DIRECTION('',(0.E0,0.E0,-1.E0));
#7112=AXIS2_PLACEMENT_3D('',#7109,#7110,#7111);
#7113=CYLINDRICAL_SURFACE('',#7112,1.E-1);
#7114=ORIENTED_EDGE('',*,*,#6786,.F.);
#7116=ORIENTED_EDGE('',*,*,#7115,.T.);
#7117=ORIENTED_EDGE('',*,*,#6888,.T.);
#7118=ORIENTED_EDGE('',*,*,#7102,.F.);
#7119=EDGE_LOOP('',(#7114,#7116,#7117,#7118));
#7120=FACE_OUTER_BOUND('',#7119,.F.);
#7121=ADVANCED_FACE('',(#7120),#7113,.F.);
#7122=CARTESIAN_POINT('',(-7.85E0,5.5E-1,-4.6E0));
#7123=DIRECTION('',(0.E0,-1.E0,0.E0));
#7124=DIRECTION('',(0.E0,0.E0,-1.E0));
#7125=AXIS2_PLACEMENT_3D('',#7122,#7123,#7124);
#7126=PLANE('',#7125);
#7127=ORIENTED_EDGE('',*,*,#6784,.F.);
#7129=ORIENTED_EDGE('',*,*,#7128,.T.);
#7130=ORIENTED_EDGE('',*,*,#6890,.T.);
#7131=ORIENTED_EDGE('',*,*,#7115,.F.);
#7132=EDGE_LOOP('',(#7127,#7129,#7130,#7131));
#7133=FACE_OUTER_BOUND('',#7132,.F.);
#7134=ADVANCED_FACE('',(#7133),#7126,.T.);
#7135=CARTESIAN_POINT('',(-7.85E0,4.5E-1,-4.6E0));
#7136=DIRECTION('',(1.E0,0.E0,0.E0));
#7137=DIRECTION('',(0.E0,0.E0,-1.E0));
#7138=AXIS2_PLACEMENT_3D('',#7135,#7136,#7137);
#7139=CYLINDRICAL_SURFACE('',#7138,1.E-1);
#7140=ORIENTED_EDGE('',*,*,#6782,.F.);
#7142=ORIENTED_EDGE('',*,*,#7141,.T.);
#7143=ORIENTED_EDGE('',*,*,#6892,.T.);
#7144=ORIENTED_EDGE('',*,*,#7128,.F.);
#7145=EDGE_LOOP('',(#7140,#7142,#7143,#7144));
#7146=FACE_OUTER_BOUND('',#7145,.F.);
#7147=ADVANCED_FACE('',(#7146),#7139,.F.);
#7148=CARTESIAN_POINT('',(-7.85E0,4.E-1,-4.5E0));
#7149=DIRECTION('',(0.E0,0.E0,-1.E0));
#7150=DIRECTION('',(0.E0,1.E0,0.E0));
#7151=AXIS2_PLACEMENT_3D('',#7148,#7149,#7150);
#7152=PLANE('',#7151);
#7153=ORIENTED_EDGE('',*,*,#6780,.F.);
#7155=ORIENTED_EDGE('',*,*,#7154,.T.);
#7156=ORIENTED_EDGE('',*,*,#6894,.T.);
#7157=ORIENTED_EDGE('',*,*,#7141,.F.);
#7158=EDGE_LOOP('',(#7153,#7155,#7156,#7157));
#7159=FACE_OUTER_BOUND('',#7158,.F.);
#7160=ADVANCED_FACE('',(#7159),#7152,.T.);
#7161=CARTESIAN_POINT('',(-7.85E0,4.E-1,-3.7E0));
#7162=DIRECTION('',(0.E0,-1.E0,0.E0));
#7163=DIRECTION('',(0.E0,0.E0,-1.E0));
#7164=AXIS2_PLACEMENT_3D('',#7161,#7162,#7163);
#7165=PLANE('',#7164);
#7166=ORIENTED_EDGE('',*,*,#6778,.F.);
#7168=ORIENTED_EDGE('',*,*,#7167,.T.);
#7169=ORIENTED_EDGE('',*,*,#6896,.T.);
#7170=ORIENTED_EDGE('',*,*,#7154,.F.);
#7171=EDGE_LOOP('',(#7166,#7168,#7169,#7170));
#7172=FACE_OUTER_BOUND('',#7171,.F.);
#7173=ADVANCED_FACE('',(#7172),#7165,.T.);
#7174=CARTESIAN_POINT('',(-7.85E0,7.E-1,-3.7E0));
#7175=DIRECTION('',(0.E0,0.E0,1.E0));
#7176=DIRECTION('',(0.E0,-1.E0,0.E0));
#7177=AXIS2_PLACEMENT_3D('',#7174,#7175,#7176);
#7178=PLANE('',#7177);
#7179=ORIENTED_EDGE('',*,*,#6776,.F.);
#7181=ORIENTED_EDGE('',*,*,#7180,.T.);
#7182=ORIENTED_EDGE('',*,*,#6898,.T.);
#7183=ORIENTED_EDGE('',*,*,#7167,.F.);
#7184=EDGE_LOOP('',(#7179,#7181,#7182,#7183));
#7185=FACE_OUTER_BOUND('',#7184,.F.);
#7186=ADVANCED_FACE('',(#7185),#7178,.T.);
#7187=CARTESIAN_POINT('',(-7.85E0,7.E-1,-2.7E0));
#7188=DIRECTION('',(0.E0,-1.E0,0.E0));
#7189=DIRECTION('',(0.E0,0.E0,-1.E0));
#7190=AXIS2_PLACEMENT_3D('',#7187,#7188,#7189);
#7191=PLANE('',#7190);
#7192=ORIENTED_EDGE('',*,*,#6774,.F.);
#7194=ORIENTED_EDGE('',*,*,#7193,.T.);
#7195=ORIENTED_EDGE('',*,*,#6900,.T.);
#7196=ORIENTED_EDGE('',*,*,#7180,.F.);
#7197=EDGE_LOOP('',(#7192,#7194,#7195,#7196));
#7198=FACE_OUTER_BOUND('',#7197,.F.);
#7199=ADVANCED_FACE('',(#7198),#7191,.T.);
#7200=CARTESIAN_POINT('',(-7.85E0,-2.2E0,-2.7E0));
#7201=DIRECTION('',(0.E0,0.E0,-1.E0));
#7202=DIRECTION('',(0.E0,1.E0,0.E0));
#7203=AXIS2_PLACEMENT_3D('',#7200,#7201,#7202);
#7204=PLANE('',#7203);
#7205=ORIENTED_EDGE('',*,*,#6772,.F.);
#7206=ORIENTED_EDGE('',*,*,#6847,.T.);
#7207=ORIENTED_EDGE('',*,*,#6902,.T.);
#7208=ORIENTED_EDGE('',*,*,#7193,.F.);
#7209=EDGE_LOOP('',(#7205,#7206,#7207,#7208));
#7210=FACE_OUTER_BOUND('',#7209,.F.);
#7211=ADVANCED_FACE('',(#7210),#7204,.T.);
#7212=CARTESIAN_POINT('',(-7.85E0,-1.2E0,3.25E0));
#7213=DIRECTION('',(0.E0,-1.E0,0.E0));
#7214=DIRECTION('',(0.E0,0.E0,-1.E0));
#7215=AXIS2_PLACEMENT_3D('',#7212,#7213,#7214);
#7216=PLANE('',#7215);
#7217=ORIENTED_EDGE('',*,*,#6833,.F.);
#7219=ORIENTED_EDGE('',*,*,#7218,.F.);
#7220=ORIENTED_EDGE('',*,*,#6913,.T.);
#7221=ORIENTED_EDGE('',*,*,#4731,.F.);
#7222=EDGE_LOOP('',(#7217,#7219,#7220,#7221));
#7223=FACE_OUTER_BOUND('',#7222,.F.);
#7224=ADVANCED_FACE('',(#7223),#7216,.T.);
#7225=CARTESIAN_POINT('',(-7.15E0,-7.E-1,4.05E0));
#7226=DIRECTION('',(1.E0,0.E0,0.E0));
#7227=DIRECTION('',(0.E0,-1.E0,0.E0));
#7228=AXIS2_PLACEMENT_3D('',#7225,#7226,#7227);
#7229=CYLINDRICAL_SURFACE('',#7228,5.E-1);
#7230=ORIENTED_EDGE('',*,*,#6915,.T.);
#7231=ORIENTED_EDGE('',*,*,#7218,.T.);
#7232=ORIENTED_EDGE('',*,*,#6831,.F.);
#7234=ORIENTED_EDGE('',*,*,#7233,.F.);
#7235=EDGE_LOOP('',(#7230,#7231,#7232,#7234));
#7236=FACE_OUTER_BOUND('',#7235,.F.);
#7237=ADVANCED_FACE('',(#7236),#7229,.T.);
#7238=CARTESIAN_POINT('',(-7.15E0,7.E-1,4.55E0));
#7239=DIRECTION('',(0.E0,0.E0,1.E0));
#7240=DIRECTION('',(0.E0,-1.E0,0.E0));
#7241=AXIS2_PLACEMENT_3D('',#7238,#7239,#7240);
#7242=PLANE('',#7241);
#7243=ORIENTED_EDGE('',*,*,#6917,.T.);
#7244=ORIENTED_EDGE('',*,*,#7233,.T.);
#7245=ORIENTED_EDGE('',*,*,#6829,.F.);
#7247=ORIENTED_EDGE('',*,*,#7246,.F.);
#7248=EDGE_LOOP('',(#7243,#7244,#7245,#7247));
#7249=FACE_OUTER_BOUND('',#7248,.F.);
#7250=ADVANCED_FACE('',(#7249),#7242,.T.);
#7251=CARTESIAN_POINT('',(-7.15E0,7.E-1,4.05E0));
#7252=DIRECTION('',(1.E0,0.E0,0.E0));
#7253=DIRECTION('',(0.E0,-1.E0,0.E0));
#7254=AXIS2_PLACEMENT_3D('',#7251,#7252,#7253);
#7255=CYLINDRICAL_SURFACE('',#7254,5.E-1);
#7256=ORIENTED_EDGE('',*,*,#6919,.T.);
#7257=ORIENTED_EDGE('',*,*,#7246,.T.);
#7258=ORIENTED_EDGE('',*,*,#6827,.F.);
#7260=ORIENTED_EDGE('',*,*,#7259,.F.);
#7261=EDGE_LOOP('',(#7256,#7257,#7258,#7260));
#7262=FACE_OUTER_BOUND('',#7261,.F.);
#7263=ADVANCED_FACE('',(#7262),#7255,.T.);
#7264=CARTESIAN_POINT('',(-7.85E0,1.2E0,0.E0));
#7265=DIRECTION('',(0.E0,1.E0,0.E0));
#7266=DIRECTION('',(0.E0,0.E0,1.E0));
#7267=AXIS2_PLACEMENT_3D('',#7264,#7265,#7266);
#7268=PLANE('',#7267);
#7269=ORIENTED_EDGE('',*,*,#6921,.T.);
#7270=ORIENTED_EDGE('',*,*,#7259,.T.);
#7271=ORIENTED_EDGE('',*,*,#6825,.F.);
#7272=ORIENTED_EDGE('',*,*,#4735,.T.);
#7273=EDGE_LOOP('',(#7269,#7270,#7271,#7272));
#7274=FACE_OUTER_BOUND('',#7273,.F.);
#7275=ADVANCED_FACE('',(#7274),#7268,.T.);
#7276=CARTESIAN_POINT('',(-5.35E0,0.E0,-6.2E0));
#7277=DIRECTION('',(1.E0,0.E0,0.E0));
#7278=DIRECTION('',(0.E0,0.E0,-1.E0));
#7279=AXIS2_PLACEMENT_3D('',#7276,#7277,#7278);
#7280=PLANE('',#7279);
#7281=ORIENTED_EDGE('',*,*,#4739,.T.);
#7283=ORIENTED_EDGE('',*,*,#7282,.T.);
#7285=ORIENTED_EDGE('',*,*,#7284,.T.);
#7287=ORIENTED_EDGE('',*,*,#7286,.T.);
#7289=ORIENTED_EDGE('',*,*,#7288,.T.);
#7291=ORIENTED_EDGE('',*,*,#7290,.T.);
#7292=EDGE_LOOP('',(#7281,#7283,#7285,#7287,#7289,#7291));
#7293=FACE_OUTER_BOUND('',#7292,.F.);
#7294=ADVANCED_FACE('',(#7293),#7280,.F.);
#7295=CARTESIAN_POINT('',(-5.35E0,0.E0,-6.2E0));
#7296=DIRECTION('',(1.E0,0.E0,0.E0));
#7297=DIRECTION('',(0.E0,0.E0,-1.E0));
#7298=AXIS2_PLACEMENT_3D('',#7295,#7296,#7297);
#7299=PLANE('',#7298);
#7300=ORIENTED_EDGE('',*,*,#4842,.T.);
#7302=ORIENTED_EDGE('',*,*,#7301,.T.);
#7304=ORIENTED_EDGE('',*,*,#7303,.T.);
#7306=ORIENTED_EDGE('',*,*,#7305,.T.);
#7308=ORIENTED_EDGE('',*,*,#7307,.T.);
#7310=ORIENTED_EDGE('',*,*,#7309,.T.);
#7312=ORIENTED_EDGE('',*,*,#7311,.T.);
#7314=ORIENTED_EDGE('',*,*,#7313,.T.);
#7316=ORIENTED_EDGE('',*,*,#7315,.T.);
#7318=ORIENTED_EDGE('',*,*,#7317,.T.);
#7320=ORIENTED_EDGE('',*,*,#7319,.T.);
#7322=ORIENTED_EDGE('',*,*,#7321,.T.);
#7324=ORIENTED_EDGE('',*,*,#7323,.T.);
#7326=ORIENTED_EDGE('',*,*,#7325,.T.);
#7328=ORIENTED_EDGE('',*,*,#7327,.T.);
#7330=ORIENTED_EDGE('',*,*,#7329,.T.);
#7332=ORIENTED_EDGE('',*,*,#7331,.T.);
#7334=ORIENTED_EDGE('',*,*,#7333,.T.);
#7336=ORIENTED_EDGE('',*,*,#7335,.T.);
#7338=ORIENTED_EDGE('',*,*,#7337,.T.);
#7340=ORIENTED_EDGE('',*,*,#7339,.T.);
#7342=ORIENTED_EDGE('',*,*,#7341,.T.);
#7344=ORIENTED_EDGE('',*,*,#7343,.T.);
#7346=ORIENTED_EDGE('',*,*,#7345,.T.);
#7347=ORIENTED_EDGE('',*,*,#5112,.F.);
#7348=EDGE_LOOP('',(#7300,#7302,#7304,#7306,#7308,#7310,#7312,#7314,#7316,#7318,
#7320,#7322,#7324,#7326,#7328,#7330,#7332,#7334,#7336,#7338,#7340,#7342,#7344,
#7346,#7347));
#7349=FACE_OUTER_BOUND('',#7348,.F.);
#7350=ADVANCED_FACE('',(#7349),#7299,.F.);
#7351=CARTESIAN_POINT('',(-5.35E0,1.2E0,0.E0));
#7352=DIRECTION('',(0.E0,1.E0,0.E0));
#7353=DIRECTION('',(0.E0,0.E0,1.E0));
#7354=AXIS2_PLACEMENT_3D('',#7351,#7352,#7353);
#7355=PLANE('',#7354);
#7356=ORIENTED_EDGE('',*,*,#4745,.T.);
#7358=ORIENTED_EDGE('',*,*,#7357,.T.);
#7360=ORIENTED_EDGE('',*,*,#7359,.F.);
#7361=ORIENTED_EDGE('',*,*,#7282,.F.);
#7362=EDGE_LOOP('',(#7356,#7358,#7360,#7361));
#7363=FACE_OUTER_BOUND('',#7362,.F.);
#7364=ADVANCED_FACE('',(#7363),#7355,.T.);
#7365=CARTESIAN_POINT('',(-4.65E0,0.E0,-6.2E0));
#7366=DIRECTION('',(1.E0,0.E0,0.E0));
#7367=DIRECTION('',(0.E0,0.E0,-1.E0));
#7368=AXIS2_PLACEMENT_3D('',#7365,#7366,#7367);
#7369=PLANE('',#7368);
#7370=ORIENTED_EDGE('',*,*,#4743,.F.);
#7372=ORIENTED_EDGE('',*,*,#7371,.F.);
#7374=ORIENTED_EDGE('',*,*,#7373,.F.);
#7376=ORIENTED_EDGE('',*,*,#7375,.F.);
#7378=ORIENTED_EDGE('',*,*,#7377,.F.);
#7379=ORIENTED_EDGE('',*,*,#7357,.F.);
#7380=EDGE_LOOP('',(#7370,#7372,#7374,#7376,#7378,#7379));
#7381=FACE_OUTER_BOUND('',#7380,.F.);
#7382=ADVANCED_FACE('',(#7381),#7369,.T.);
#7383=CARTESIAN_POINT('',(-4.65E0,0.E0,-6.2E0));
#7384=DIRECTION('',(1.E0,0.E0,0.E0));
#7385=DIRECTION('',(0.E0,0.E0,-1.E0));
#7386=AXIS2_PLACEMENT_3D('',#7383,#7384,#7385);
#7387=PLANE('',#7386);
#7388=ORIENTED_EDGE('',*,*,#4838,.F.);
#7389=ORIENTED_EDGE('',*,*,#5116,.T.);
#7391=ORIENTED_EDGE('',*,*,#7390,.F.);
#7393=ORIENTED_EDGE('',*,*,#7392,.F.);
#7395=ORIENTED_EDGE('',*,*,#7394,.F.);
#7397=ORIENTED_EDGE('',*,*,#7396,.F.);
#7399=ORIENTED_EDGE('',*,*,#7398,.F.);
#7401=ORIENTED_EDGE('',*,*,#7400,.F.);
#7403=ORIENTED_EDGE('',*,*,#7402,.F.);
#7405=ORIENTED_EDGE('',*,*,#7404,.F.);
#7407=ORIENTED_EDGE('',*,*,#7406,.F.);
#7409=ORIENTED_EDGE('',*,*,#7408,.F.);
#7411=ORIENTED_EDGE('',*,*,#7410,.F.);
#7413=ORIENTED_EDGE('',*,*,#7412,.F.);
#7415=ORIENTED_EDGE('',*,*,#7414,.F.);
#7417=ORIENTED_EDGE('',*,*,#7416,.F.);
#7419=ORIENTED_EDGE('',*,*,#7418,.F.);
#7421=ORIENTED_EDGE('',*,*,#7420,.F.);
#7423=ORIENTED_EDGE('',*,*,#7422,.F.);
#7425=ORIENTED_EDGE('',*,*,#7424,.F.);
#7427=ORIENTED_EDGE('',*,*,#7426,.F.);
#7429=ORIENTED_EDGE('',*,*,#7428,.F.);
#7431=ORIENTED_EDGE('',*,*,#7430,.F.);
#7433=ORIENTED_EDGE('',*,*,#7432,.F.);
#7435=ORIENTED_EDGE('',*,*,#7434,.F.);
#7436=EDGE_LOOP('',(#7388,#7389,#7391,#7393,#7395,#7397,#7399,#7401,#7403,#7405,
#7407,#7409,#7411,#7413,#7415,#7417,#7419,#7421,#7423,#7425,#7427,#7429,#7431,
#7433,#7435));
#7437=FACE_OUTER_BOUND('',#7436,.F.);
#7438=ADVANCED_FACE('',(#7437),#7387,.T.);
#7439=CARTESIAN_POINT('',(-5.35E0,-1.2E0,3.25E0));
#7440=DIRECTION('',(0.E0,-1.E0,0.E0));
#7441=DIRECTION('',(0.E0,0.E0,-1.E0));
#7442=AXIS2_PLACEMENT_3D('',#7439,#7440,#7441);
#7443=PLANE('',#7442);
#7444=ORIENTED_EDGE('',*,*,#4741,.F.);
#7445=ORIENTED_EDGE('',*,*,#7290,.F.);
#7447=ORIENTED_EDGE('',*,*,#7446,.T.);
#7448=ORIENTED_EDGE('',*,*,#7371,.T.);
#7449=EDGE_LOOP('',(#7444,#7445,#7447,#7448));
#7450=FACE_OUTER_BOUND('',#7449,.F.);
#7451=ADVANCED_FACE('',(#7450),#7443,.T.);
#7452=CARTESIAN_POINT('',(-5.35E0,-7.E-1,3.25E0));
#7453=DIRECTION('',(1.E0,0.E0,0.E0));
#7454=DIRECTION('',(0.E0,0.E0,-1.E0));
#7455=AXIS2_PLACEMENT_3D('',#7452,#7453,#7454);
#7456=CYLINDRICAL_SURFACE('',#7455,5.E-1);
#7457=ORIENTED_EDGE('',*,*,#7288,.F.);
#7459=ORIENTED_EDGE('',*,*,#7458,.T.);
#7460=ORIENTED_EDGE('',*,*,#7373,.T.);
#7461=ORIENTED_EDGE('',*,*,#7446,.F.);
#7462=EDGE_LOOP('',(#7457,#7459,#7460,#7461));
#7463=FACE_OUTER_BOUND('',#7462,.F.);
#7464=ADVANCED_FACE('',(#7463),#7456,.T.);
#7465=CARTESIAN_POINT('',(-5.35E0,7.E-1,3.75E0));
#7466=DIRECTION('',(0.E0,0.E0,1.E0));
#7467=DIRECTION('',(0.E0,-1.E0,0.E0));
#7468=AXIS2_PLACEMENT_3D('',#7465,#7466,#7467);
#7469=PLANE('',#7468);
#7470=ORIENTED_EDGE('',*,*,#7286,.F.);
#7472=ORIENTED_EDGE('',*,*,#7471,.T.);
#7473=ORIENTED_EDGE('',*,*,#7375,.T.);
#7474=ORIENTED_EDGE('',*,*,#7458,.F.);
#7475=EDGE_LOOP('',(#7470,#7472,#7473,#7474));
#7476=FACE_OUTER_BOUND('',#7475,.F.);
#7477=ADVANCED_FACE('',(#7476),#7469,.T.);
#7478=CARTESIAN_POINT('',(-5.35E0,7.E-1,3.25E0));
#7479=DIRECTION('',(1.E0,0.E0,0.E0));
#7480=DIRECTION('',(0.E0,0.E0,-1.E0));
#7481=AXIS2_PLACEMENT_3D('',#7478,#7479,#7480);
#7482=CYLINDRICAL_SURFACE('',#7481,5.E-1);
#7483=ORIENTED_EDGE('',*,*,#7284,.F.);
#7484=ORIENTED_EDGE('',*,*,#7359,.T.);
#7485=ORIENTED_EDGE('',*,*,#7377,.T.);
#7486=ORIENTED_EDGE('',*,*,#7471,.F.);
#7487=EDGE_LOOP('',(#7483,#7484,#7485,#7486));
#7488=FACE_OUTER_BOUND('',#7487,.F.);
#7489=ADVANCED_FACE('',(#7488),#7482,.T.);
#7490=CARTESIAN_POINT('',(-5.35E0,1.4E0,-3.3E0));
#7491=DIRECTION('',(0.E0,0.E0,-1.E0));
#7492=DIRECTION('',(0.E0,1.E0,0.E0));
#7493=AXIS2_PLACEMENT_3D('',#7490,#7491,#7492);
#7494=PLANE('',#7493);
#7495=ORIENTED_EDGE('',*,*,#5114,.F.);
#7496=ORIENTED_EDGE('',*,*,#7345,.F.);
#7498=ORIENTED_EDGE('',*,*,#7497,.T.);
#7499=ORIENTED_EDGE('',*,*,#7390,.T.);
#7500=EDGE_LOOP('',(#7495,#7496,#7498,#7499));
#7501=FACE_OUTER_BOUND('',#7500,.F.);
#7502=ADVANCED_FACE('',(#7501),#7494,.T.);
#7503=CARTESIAN_POINT('',(-5.35E0,1.4E0,-4.768148347422E0));
#7504=DIRECTION('',(0.E0,1.E0,0.E0));
#7505=DIRECTION('',(0.E0,0.E0,1.E0));
#7506=AXIS2_PLACEMENT_3D('',#7503,#7504,#7505);
#7507=PLANE('',#7506);
#7508=ORIENTED_EDGE('',*,*,#7343,.F.);
#7510=ORIENTED_EDGE('',*,*,#7509,.T.);
#7511=ORIENTED_EDGE('',*,*,#7392,.T.);
#7512=ORIENTED_EDGE('',*,*,#7497,.F.);
#7513=EDGE_LOOP('',(#7508,#7510,#7511,#7512));
#7514=FACE_OUTER_BOUND('',#7513,.F.);
#7515=ADVANCED_FACE('',(#7514),#7507,.T.);
#7516=CARTESIAN_POINT('',(-5.35E0,9.E-1,-4.768148347422E0));
#7517=DIRECTION('',(1.E0,0.E0,0.E0));
#7518=DIRECTION('',(0.E0,0.E0,-1.E0));
#7519=AXIS2_PLACEMENT_3D('',#7516,#7517,#7518);
#7520=CYLINDRICAL_SURFACE('',#7519,5.E-1);
#7521=ORIENTED_EDGE('',*,*,#7341,.F.);
#7523=ORIENTED_EDGE('',*,*,#7522,.T.);
#7524=ORIENTED_EDGE('',*,*,#7394,.T.);
#7525=ORIENTED_EDGE('',*,*,#7509,.F.);
#7526=EDGE_LOOP('',(#7521,#7523,#7524,#7525));
#7527=FACE_OUTER_BOUND('',#7526,.F.);
#7528=ADVANCED_FACE('',(#7527),#7520,.T.);
#7529=CARTESIAN_POINT('',(-5.35E0,9.397197676620E-1,-6.551763809021E0));
#7530=DIRECTION('',(0.E0,9.659258262891E-1,-2.588190451025E-1));
#7531=DIRECTION('',(0.E0,2.588190451025E-1,9.659258262891E-1));
#7532=AXIS2_PLACEMENT_3D('',#7529,#7530,#7531);
#7533=PLANE('',#7532);
#7534=ORIENTED_EDGE('',*,*,#7339,.F.);
#7536=ORIENTED_EDGE('',*,*,#7535,.T.);
#7537=ORIENTED_EDGE('',*,*,#7396,.T.);
#7538=ORIENTED_EDGE('',*,*,#7522,.F.);
#7539=EDGE_LOOP('',(#7534,#7536,#7537,#7538));
#7540=FACE_OUTER_BOUND('',#7539,.F.);
#7541=ADVANCED_FACE('',(#7540),#7533,.T.);
#7542=CARTESIAN_POINT('',(-5.35E0,7.465346024042E-1,-6.5E0));
#7543=DIRECTION('',(1.E0,0.E0,0.E0));
#7544=DIRECTION('',(0.E0,0.E0,-1.E0));
#7545=AXIS2_PLACEMENT_3D('',#7542,#7543,#7544);
#7546=CYLINDRICAL_SURFACE('',#7545,2.E-1);
#7547=ORIENTED_EDGE('',*,*,#7337,.F.);
#7549=ORIENTED_EDGE('',*,*,#7548,.T.);
#7550=ORIENTED_EDGE('',*,*,#7398,.T.);
#7551=ORIENTED_EDGE('',*,*,#7535,.F.);
#7552=EDGE_LOOP('',(#7547,#7549,#7550,#7551));
#7553=FACE_OUTER_BOUND('',#7552,.F.);
#7554=ADVANCED_FACE('',(#7553),#7546,.T.);
#7555=CARTESIAN_POINT('',(-5.35E0,4.E-1,-6.7E0));
#7556=DIRECTION('',(0.E0,0.E0,-1.E0));
#7557=DIRECTION('',(0.E0,1.E0,0.E0));
#7558=AXIS2_PLACEMENT_3D('',#7555,#7556,#7557);
#7559=PLANE('',#7558);
#7560=ORIENTED_EDGE('',*,*,#7335,.F.);
#7562=ORIENTED_EDGE('',*,*,#7561,.T.);
#7563=ORIENTED_EDGE('',*,*,#7400,.T.);
#7564=ORIENTED_EDGE('',*,*,#7548,.F.);
#7565=EDGE_LOOP('',(#7560,#7562,#7563,#7564));
#7566=FACE_OUTER_BOUND('',#7565,.F.);
#7567=ADVANCED_FACE('',(#7566),#7559,.T.);
#7568=CARTESIAN_POINT('',(-5.35E0,4.E-1,-5.8E0));
#7569=DIRECTION('',(0.E0,-1.E0,0.E0));
#7570=DIRECTION('',(0.E0,0.E0,-1.E0));
#7571=AXIS2_PLACEMENT_3D('',#7568,#7569,#7570);
#7572=PLANE('',#7571);
#7573=ORIENTED_EDGE('',*,*,#7333,.F.);
#7575=ORIENTED_EDGE('',*,*,#7574,.T.);
#7576=ORIENTED_EDGE('',*,*,#7402,.T.);
#7577=ORIENTED_EDGE('',*,*,#7561,.F.);
#7578=EDGE_LOOP('',(#7573,#7575,#7576,#7577));
#7579=FACE_OUTER_BOUND('',#7578,.F.);
#7580=ADVANCED_FACE('',(#7579),#7572,.T.);
#7581=CARTESIAN_POINT('',(-5.35E0,4.5E-1,-5.8E0));
#7582=DIRECTION('',(0.E0,0.E0,1.E0));
#7583=DIRECTION('',(0.E0,-1.E0,0.E0));
#7584=AXIS2_PLACEMENT_3D('',#7581,#7582,#7583);
#7585=PLANE('',#7584);
#7586=ORIENTED_EDGE('',*,*,#7331,.F.);
#7588=ORIENTED_EDGE('',*,*,#7587,.T.);
#7589=ORIENTED_EDGE('',*,*,#7404,.T.);
#7590=ORIENTED_EDGE('',*,*,#7574,.F.);
#7591=EDGE_LOOP('',(#7586,#7588,#7589,#7590));
#7592=FACE_OUTER_BOUND('',#7591,.F.);
#7593=ADVANCED_FACE('',(#7592),#7585,.T.);
#7594=CARTESIAN_POINT('',(-5.35E0,4.5E-1,-5.7E0));
#7595=DIRECTION('',(1.E0,0.E0,0.E0));
#7596=DIRECTION('',(0.E0,0.E0,-1.E0));
#7597=AXIS2_PLACEMENT_3D('',#7594,#7595,#7596);
#7598=CYLINDRICAL_SURFACE('',#7597,1.E-1);
#7599=ORIENTED_EDGE('',*,*,#7329,.F.);
#7601=ORIENTED_EDGE('',*,*,#7600,.T.);
#7602=ORIENTED_EDGE('',*,*,#7406,.T.);
#7603=ORIENTED_EDGE('',*,*,#7587,.F.);
#7604=EDGE_LOOP('',(#7599,#7601,#7602,#7603));
#7605=FACE_OUTER_BOUND('',#7604,.F.);
#7606=ADVANCED_FACE('',(#7605),#7598,.F.);
#7607=CARTESIAN_POINT('',(-5.35E0,5.5E-1,-5.6E0));
#7608=DIRECTION('',(0.E0,-1.E0,0.E0));
#7609=DIRECTION('',(0.E0,0.E0,-1.E0));
#7610=AXIS2_PLACEMENT_3D('',#7607,#7608,#7609);
#7611=PLANE('',#7610);
#7612=ORIENTED_EDGE('',*,*,#7327,.F.);
#7614=ORIENTED_EDGE('',*,*,#7613,.T.);
#7615=ORIENTED_EDGE('',*,*,#7408,.T.);
#7616=ORIENTED_EDGE('',*,*,#7600,.F.);
#7617=EDGE_LOOP('',(#7612,#7614,#7615,#7616));
#7618=FACE_OUTER_BOUND('',#7617,.F.);
#7619=ADVANCED_FACE('',(#7618),#7611,.T.);
#7620=CARTESIAN_POINT('',(-5.35E0,4.5E-1,-5.6E0));
#7621=DIRECTION('',(1.E0,0.E0,0.E0));
#7622=DIRECTION('',(0.E0,0.E0,-1.E0));
#7623=AXIS2_PLACEMENT_3D('',#7620,#7621,#7622);
#7624=CYLINDRICAL_SURFACE('',#7623,1.E-1);
#7625=ORIENTED_EDGE('',*,*,#7325,.F.);
#7627=ORIENTED_EDGE('',*,*,#7626,.T.);
#7628=ORIENTED_EDGE('',*,*,#7410,.T.);
#7629=ORIENTED_EDGE('',*,*,#7613,.F.);
#7630=EDGE_LOOP('',(#7625,#7627,#7628,#7629));
#7631=FACE_OUTER_BOUND('',#7630,.F.);
#7632=ADVANCED_FACE('',(#7631),#7624,.F.);
#7633=CARTESIAN_POINT('',(-5.35E0,-4.999999999999E-2,-5.5E0));
#7634=DIRECTION('',(0.E0,0.E0,-1.E0));
#7635=DIRECTION('',(0.E0,1.E0,0.E0));
#7636=AXIS2_PLACEMENT_3D('',#7633,#7634,#7635);
#7637=PLANE('',#7636);
#7638=ORIENTED_EDGE('',*,*,#7323,.F.);
#7640=ORIENTED_EDGE('',*,*,#7639,.T.);
#7641=ORIENTED_EDGE('',*,*,#7412,.T.);
#7642=ORIENTED_EDGE('',*,*,#7626,.F.);
#7643=EDGE_LOOP('',(#7638,#7640,#7641,#7642));
#7644=FACE_OUTER_BOUND('',#7643,.F.);
#7645=ADVANCED_FACE('',(#7644),#7637,.T.);
#7646=CARTESIAN_POINT('',(-5.35E0,-4.999999999999E-2,-5.15E0));
#7647=DIRECTION('',(1.E0,0.E0,0.E0));
#7648=DIRECTION('',(0.E0,0.E0,-1.E0));
#7649=AXIS2_PLACEMENT_3D('',#7646,#7647,#7648);
#7650=CYLINDRICAL_SURFACE('',#7649,3.5E-1);
#7651=ORIENTED_EDGE('',*,*,#7321,.F.);
#7653=ORIENTED_EDGE('',*,*,#7652,.T.);
#7654=ORIENTED_EDGE('',*,*,#7414,.T.);
#7655=ORIENTED_EDGE('',*,*,#7639,.F.);
#7656=EDGE_LOOP('',(#7651,#7653,#7654,#7655));
#7657=FACE_OUTER_BOUND('',#7656,.F.);
#7658=ADVANCED_FACE('',(#7657),#7650,.T.);
#7659=CARTESIAN_POINT('',(-5.35E0,4.5E-1,-4.8E0));
#7660=DIRECTION('',(0.E0,0.E0,1.E0));
#7661=DIRECTION('',(0.E0,-1.E0,0.E0));
#7662=AXIS2_PLACEMENT_3D('',#7659,#7660,#7661);
#7663=PLANE('',#7662);
#7664=ORIENTED_EDGE('',*,*,#7319,.F.);
#7666=ORIENTED_EDGE('',*,*,#7665,.T.);
#7667=ORIENTED_EDGE('',*,*,#7416,.T.);
#7668=ORIENTED_EDGE('',*,*,#7652,.F.);
#7669=EDGE_LOOP('',(#7664,#7666,#7667,#7668));
#7670=FACE_OUTER_BOUND('',#7669,.F.);
#7671=ADVANCED_FACE('',(#7670),#7663,.T.);
#7672=CARTESIAN_POINT('',(-5.35E0,4.5E-1,-4.7E0));
#7673=DIRECTION('',(1.E0,0.E0,0.E0));
#7674=DIRECTION('',(0.E0,0.E0,-1.E0));
#7675=AXIS2_PLACEMENT_3D('',#7672,#7673,#7674);
#7676=CYLINDRICAL_SURFACE('',#7675,1.E-1);
#7677=ORIENTED_EDGE('',*,*,#7317,.F.);
#7679=ORIENTED_EDGE('',*,*,#7678,.T.);
#7680=ORIENTED_EDGE('',*,*,#7418,.T.);
#7681=ORIENTED_EDGE('',*,*,#7665,.F.);
#7682=EDGE_LOOP('',(#7677,#7679,#7680,#7681));
#7683=FACE_OUTER_BOUND('',#7682,.F.);
#7684=ADVANCED_FACE('',(#7683),#7676,.F.);
#7685=CARTESIAN_POINT('',(-5.35E0,5.5E-1,-4.6E0));
#7686=DIRECTION('',(0.E0,-1.E0,0.E0));
#7687=DIRECTION('',(0.E0,0.E0,-1.E0));
#7688=AXIS2_PLACEMENT_3D('',#7685,#7686,#7687);
#7689=PLANE('',#7688);
#7690=ORIENTED_EDGE('',*,*,#7315,.F.);
#7692=ORIENTED_EDGE('',*,*,#7691,.T.);
#7693=ORIENTED_EDGE('',*,*,#7420,.T.);
#7694=ORIENTED_EDGE('',*,*,#7678,.F.);
#7695=EDGE_LOOP('',(#7690,#7692,#7693,#7694));
#7696=FACE_OUTER_BOUND('',#7695,.F.);
#7697=ADVANCED_FACE('',(#7696),#7689,.T.);
#7698=CARTESIAN_POINT('',(-5.35E0,4.5E-1,-4.6E0));
#7699=DIRECTION('',(1.E0,0.E0,0.E0));
#7700=DIRECTION('',(0.E0,0.E0,-1.E0));
#7701=AXIS2_PLACEMENT_3D('',#7698,#7699,#7700);
#7702=CYLINDRICAL_SURFACE('',#7701,1.E-1);
#7703=ORIENTED_EDGE('',*,*,#7313,.F.);
#7705=ORIENTED_EDGE('',*,*,#7704,.T.);
#7706=ORIENTED_EDGE('',*,*,#7422,.T.);
#7707=ORIENTED_EDGE('',*,*,#7691,.F.);
#7708=EDGE_LOOP('',(#7703,#7705,#7706,#7707));
#7709=FACE_OUTER_BOUND('',#7708,.F.);
#7710=ADVANCED_FACE('',(#7709),#7702,.F.);
#7711=CARTESIAN_POINT('',(-5.35E0,4.E-1,-4.5E0));
#7712=DIRECTION('',(0.E0,0.E0,-1.E0));
#7713=DIRECTION('',(0.E0,1.E0,0.E0));
#7714=AXIS2_PLACEMENT_3D('',#7711,#7712,#7713);
#7715=PLANE('',#7714);
#7716=ORIENTED_EDGE('',*,*,#7311,.F.);
#7718=ORIENTED_EDGE('',*,*,#7717,.T.);
#7719=ORIENTED_EDGE('',*,*,#7424,.T.);
#7720=ORIENTED_EDGE('',*,*,#7704,.F.);
#7721=EDGE_LOOP('',(#7716,#7718,#7719,#7720));
#7722=FACE_OUTER_BOUND('',#7721,.F.);
#7723=ADVANCED_FACE('',(#7722),#7715,.T.);
#7724=CARTESIAN_POINT('',(-5.35E0,4.E-1,-3.7E0));
#7725=DIRECTION('',(0.E0,-1.E0,0.E0));
#7726=DIRECTION('',(0.E0,0.E0,-1.E0));
#7727=AXIS2_PLACEMENT_3D('',#7724,#7725,#7726);
#7728=PLANE('',#7727);
#7729=ORIENTED_EDGE('',*,*,#7309,.F.);
#7731=ORIENTED_EDGE('',*,*,#7730,.T.);
#7732=ORIENTED_EDGE('',*,*,#7426,.T.);
#7733=ORIENTED_EDGE('',*,*,#7717,.F.);
#7734=EDGE_LOOP('',(#7729,#7731,#7732,#7733));
#7735=FACE_OUTER_BOUND('',#7734,.F.);
#7736=ADVANCED_FACE('',(#7735),#7728,.T.);
#7737=CARTESIAN_POINT('',(-5.35E0,7.E-1,-3.7E0));
#7738=DIRECTION('',(0.E0,0.E0,1.E0));
#7739=DIRECTION('',(0.E0,-1.E0,0.E0));
#7740=AXIS2_PLACEMENT_3D('',#7737,#7738,#7739);
#7741=PLANE('',#7740);
#7742=ORIENTED_EDGE('',*,*,#7307,.F.);
#7744=ORIENTED_EDGE('',*,*,#7743,.T.);
#7745=ORIENTED_EDGE('',*,*,#7428,.T.);
#7746=ORIENTED_EDGE('',*,*,#7730,.F.);
#7747=EDGE_LOOP('',(#7742,#7744,#7745,#7746));
#7748=FACE_OUTER_BOUND('',#7747,.F.);
#7749=ADVANCED_FACE('',(#7748),#7741,.T.);
#7750=CARTESIAN_POINT('',(-5.35E0,7.E-1,-2.7E0));
#7751=DIRECTION('',(0.E0,-1.E0,0.E0));
#7752=DIRECTION('',(0.E0,0.E0,-1.E0));
#7753=AXIS2_PLACEMENT_3D('',#7750,#7751,#7752);
#7754=PLANE('',#7753);
#7755=ORIENTED_EDGE('',*,*,#7305,.F.);
#7757=ORIENTED_EDGE('',*,*,#7756,.T.);
#7758=ORIENTED_EDGE('',*,*,#7430,.T.);
#7759=ORIENTED_EDGE('',*,*,#7743,.F.);
#7760=EDGE_LOOP('',(#7755,#7757,#7758,#7759));
#7761=FACE_OUTER_BOUND('',#7760,.F.);
#7762=ADVANCED_FACE('',(#7761),#7754,.T.);
#7763=CARTESIAN_POINT('',(-5.35E0,-2.2E0,-2.7E0));
#7764=DIRECTION('',(0.E0,0.E0,-1.E0));
#7765=DIRECTION('',(0.E0,1.E0,0.E0));
#7766=AXIS2_PLACEMENT_3D('',#7763,#7764,#7765);
#7767=PLANE('',#7766);
#7768=ORIENTED_EDGE('',*,*,#7303,.F.);
#7770=ORIENTED_EDGE('',*,*,#7769,.T.);
#7771=ORIENTED_EDGE('',*,*,#7432,.T.);
#7772=ORIENTED_EDGE('',*,*,#7756,.F.);
#7773=EDGE_LOOP('',(#7768,#7770,#7771,#7772));
#7774=FACE_OUTER_BOUND('',#7773,.F.);
#7775=ADVANCED_FACE('',(#7774),#7767,.T.);
#7776=CARTESIAN_POINT('',(-5.35E0,-2.2E0,-2.5E0));
#7777=DIRECTION('',(0.E0,-1.E0,0.E0));
#7778=DIRECTION('',(0.E0,0.E0,-1.E0));
#7779=AXIS2_PLACEMENT_3D('',#7776,#7777,#7778);
#7780=PLANE('',#7779);
#7781=ORIENTED_EDGE('',*,*,#4840,.T.);
#7782=ORIENTED_EDGE('',*,*,#7434,.T.);
#7783=ORIENTED_EDGE('',*,*,#7769,.F.);
#7784=ORIENTED_EDGE('',*,*,#7301,.F.);
#7785=EDGE_LOOP('',(#7781,#7782,#7783,#7784));
#7786=FACE_OUTER_BOUND('',#7785,.F.);
#7787=ADVANCED_FACE('',(#7786),#7780,.T.);
#7788=CARTESIAN_POINT('',(-2.85E0,0.E0,-6.2E0));
#7789=DIRECTION('',(1.E0,0.E0,0.E0));
#7790=DIRECTION('',(0.E0,0.E0,-1.E0));
#7791=AXIS2_PLACEMENT_3D('',#7788,#7789,#7790);
#7792=PLANE('',#7791);
#7793=ORIENTED_EDGE('',*,*,#4749,.T.);
#7795=ORIENTED_EDGE('',*,*,#7794,.T.);
#7797=ORIENTED_EDGE('',*,*,#7796,.T.);
#7799=ORIENTED_EDGE('',*,*,#7798,.T.);
#7801=ORIENTED_EDGE('',*,*,#7800,.T.);
#7803=ORIENTED_EDGE('',*,*,#7802,.T.);
#7804=EDGE_LOOP('',(#7793,#7795,#7797,#7799,#7801,#7803));
#7805=FACE_OUTER_BOUND('',#7804,.F.);
#7806=ADVANCED_FACE('',(#7805),#7792,.F.);
#7807=CARTESIAN_POINT('',(-2.85E0,0.E0,-6.2E0));
#7808=DIRECTION('',(1.E0,0.E0,0.E0));
#7809=DIRECTION('',(0.E0,0.E0,-1.E0));
#7810=AXIS2_PLACEMENT_3D('',#7807,#7808,#7809);
#7811=PLANE('',#7810);
#7812=ORIENTED_EDGE('',*,*,#4834,.T.);
#7814=ORIENTED_EDGE('',*,*,#7813,.T.);
#7816=ORIENTED_EDGE('',*,*,#7815,.T.);
#7818=ORIENTED_EDGE('',*,*,#7817,.T.);
#7820=ORIENTED_EDGE('',*,*,#7819,.T.);
#7822=ORIENTED_EDGE('',*,*,#7821,.T.);
#7824=ORIENTED_EDGE('',*,*,#7823,.T.);
#7826=ORIENTED_EDGE('',*,*,#7825,.T.);
#7828=ORIENTED_EDGE('',*,*,#7827,.T.);
#7830=ORIENTED_EDGE('',*,*,#7829,.T.);
#7832=ORIENTED_EDGE('',*,*,#7831,.T.);
#7834=ORIENTED_EDGE('',*,*,#7833,.T.);
#7836=ORIENTED_EDGE('',*,*,#7835,.T.);
#7838=ORIENTED_EDGE('',*,*,#7837,.T.);
#7840=ORIENTED_EDGE('',*,*,#7839,.T.);
#7842=ORIENTED_EDGE('',*,*,#7841,.T.);
#7844=ORIENTED_EDGE('',*,*,#7843,.T.);
#7846=ORIENTED_EDGE('',*,*,#7845,.T.);
#7848=ORIENTED_EDGE('',*,*,#7847,.T.);
#7850=ORIENTED_EDGE('',*,*,#7849,.T.);
#7852=ORIENTED_EDGE('',*,*,#7851,.T.);
#7854=ORIENTED_EDGE('',*,*,#7853,.T.);
#7856=ORIENTED_EDGE('',*,*,#7855,.T.);
#7858=ORIENTED_EDGE('',*,*,#7857,.T.);
#7859=ORIENTED_EDGE('',*,*,#5119,.F.);
#7860=EDGE_LOOP('',(#7812,#7814,#7816,#7818,#7820,#7822,#7824,#7826,#7828,#7830,
#7832,#7834,#7836,#7838,#7840,#7842,#7844,#7846,#7848,#7850,#7852,#7854,#7856,
#7858,#7859));
#7861=FACE_OUTER_BOUND('',#7860,.F.);
#7862=ADVANCED_FACE('',(#7861),#7811,.F.);
#7863=CARTESIAN_POINT('',(-2.85E0,1.2E0,0.E0));
#7864=DIRECTION('',(0.E0,1.E0,0.E0));
#7865=DIRECTION('',(0.E0,0.E0,1.E0));
#7866=AXIS2_PLACEMENT_3D('',#7863,#7864,#7865);
#7867=PLANE('',#7866);
#7868=ORIENTED_EDGE('',*,*,#4755,.T.);
#7870=ORIENTED_EDGE('',*,*,#7869,.T.);
#7872=ORIENTED_EDGE('',*,*,#7871,.F.);
#7873=ORIENTED_EDGE('',*,*,#7794,.F.);
#7874=EDGE_LOOP('',(#7868,#7870,#7872,#7873));
#7875=FACE_OUTER_BOUND('',#7874,.F.);
#7876=ADVANCED_FACE('',(#7875),#7867,.T.);
#7877=CARTESIAN_POINT('',(-2.15E0,0.E0,-6.2E0));
#7878=DIRECTION('',(1.E0,0.E0,0.E0));
#7879=DIRECTION('',(0.E0,0.E0,-1.E0));
#7880=AXIS2_PLACEMENT_3D('',#7877,#7878,#7879);
#7881=PLANE('',#7880);
#7882=ORIENTED_EDGE('',*,*,#4753,.F.);
#7884=ORIENTED_EDGE('',*,*,#7883,.F.);
#7886=ORIENTED_EDGE('',*,*,#7885,.F.);
#7888=ORIENTED_EDGE('',*,*,#7887,.F.);
#7890=ORIENTED_EDGE('',*,*,#7889,.F.);
#7891=ORIENTED_EDGE('',*,*,#7869,.F.);
#7892=EDGE_LOOP('',(#7882,#7884,#7886,#7888,#7890,#7891));
#7893=FACE_OUTER_BOUND('',#7892,.F.);
#7894=ADVANCED_FACE('',(#7893),#7881,.T.);
#7895=CARTESIAN_POINT('',(-2.15E0,0.E0,-6.2E0));
#7896=DIRECTION('',(1.E0,0.E0,0.E0));
#7897=DIRECTION('',(0.E0,0.E0,-1.E0));
#7898=AXIS2_PLACEMENT_3D('',#7895,#7896,#7897);
#7899=PLANE('',#7898);
#7900=ORIENTED_EDGE('',*,*,#4830,.F.);
#7901=ORIENTED_EDGE('',*,*,#5123,.T.);
#7903=ORIENTED_EDGE('',*,*,#7902,.F.);
#7905=ORIENTED_EDGE('',*,*,#7904,.F.);
#7907=ORIENTED_EDGE('',*,*,#7906,.F.);
#7909=ORIENTED_EDGE('',*,*,#7908,.F.);
#7911=ORIENTED_EDGE('',*,*,#7910,.F.);
#7913=ORIENTED_EDGE('',*,*,#7912,.F.);
#7915=ORIENTED_EDGE('',*,*,#7914,.F.);
#7917=ORIENTED_EDGE('',*,*,#7916,.F.);
#7919=ORIENTED_EDGE('',*,*,#7918,.F.);
#7921=ORIENTED_EDGE('',*,*,#7920,.F.);
#7923=ORIENTED_EDGE('',*,*,#7922,.F.);
#7925=ORIENTED_EDGE('',*,*,#7924,.F.);
#7927=ORIENTED_EDGE('',*,*,#7926,.F.);
#7929=ORIENTED_EDGE('',*,*,#7928,.F.);
#7931=ORIENTED_EDGE('',*,*,#7930,.F.);
#7933=ORIENTED_EDGE('',*,*,#7932,.F.);
#7935=ORIENTED_EDGE('',*,*,#7934,.F.);
#7937=ORIENTED_EDGE('',*,*,#7936,.F.);
#7939=ORIENTED_EDGE('',*,*,#7938,.F.);
#7941=ORIENTED_EDGE('',*,*,#7940,.F.);
#7943=ORIENTED_EDGE('',*,*,#7942,.F.);
#7945=ORIENTED_EDGE('',*,*,#7944,.F.);
#7947=ORIENTED_EDGE('',*,*,#7946,.F.);
#7948=EDGE_LOOP('',(#7900,#7901,#7903,#7905,#7907,#7909,#7911,#7913,#7915,#7917,
#7919,#7921,#7923,#7925,#7927,#7929,#7931,#7933,#7935,#7937,#7939,#7941,#7943,
#7945,#7947));
#7949=FACE_OUTER_BOUND('',#7948,.F.);
#7950=ADVANCED_FACE('',(#7949),#7899,.T.);
#7951=CARTESIAN_POINT('',(-2.85E0,-1.2E0,3.25E0));
#7952=DIRECTION('',(0.E0,-1.E0,0.E0));
#7953=DIRECTION('',(0.E0,0.E0,-1.E0));
#7954=AXIS2_PLACEMENT_3D('',#7951,#7952,#7953);
#7955=PLANE('',#7954);
#7956=ORIENTED_EDGE('',*,*,#4751,.F.);
#7957=ORIENTED_EDGE('',*,*,#7802,.F.);
#7959=ORIENTED_EDGE('',*,*,#7958,.T.);
#7960=ORIENTED_EDGE('',*,*,#7883,.T.);
#7961=EDGE_LOOP('',(#7956,#7957,#7959,#7960));
#7962=FACE_OUTER_BOUND('',#7961,.F.);
#7963=ADVANCED_FACE('',(#7962),#7955,.T.);
#7964=CARTESIAN_POINT('',(-2.85E0,-7.E-1,3.25E0));
#7965=DIRECTION('',(1.E0,0.E0,0.E0));
#7966=DIRECTION('',(0.E0,0.E0,-1.E0));
#7967=AXIS2_PLACEMENT_3D('',#7964,#7965,#7966);
#7968=CYLINDRICAL_SURFACE('',#7967,5.E-1);
#7969=ORIENTED_EDGE('',*,*,#7800,.F.);
#7971=ORIENTED_EDGE('',*,*,#7970,.T.);
#7972=ORIENTED_EDGE('',*,*,#7885,.T.);
#7973=ORIENTED_EDGE('',*,*,#7958,.F.);
#7974=EDGE_LOOP('',(#7969,#7971,#7972,#7973));
#7975=FACE_OUTER_BOUND('',#7974,.F.);
#7976=ADVANCED_FACE('',(#7975),#7968,.T.);
#7977=CARTESIAN_POINT('',(-2.85E0,7.E-1,3.75E0));
#7978=DIRECTION('',(0.E0,0.E0,1.E0));
#7979=DIRECTION('',(0.E0,-1.E0,0.E0));
#7980=AXIS2_PLACEMENT_3D('',#7977,#7978,#7979);
#7981=PLANE('',#7980);
#7982=ORIENTED_EDGE('',*,*,#7798,.F.);
#7984=ORIENTED_EDGE('',*,*,#7983,.T.);
#7985=ORIENTED_EDGE('',*,*,#7887,.T.);
#7986=ORIENTED_EDGE('',*,*,#7970,.F.);
#7987=EDGE_LOOP('',(#7982,#7984,#7985,#7986));
#7988=FACE_OUTER_BOUND('',#7987,.F.);
#7989=ADVANCED_FACE('',(#7988),#7981,.T.);
#7990=CARTESIAN_POINT('',(-2.85E0,7.E-1,3.25E0));
#7991=DIRECTION('',(1.E0,0.E0,0.E0));
#7992=DIRECTION('',(0.E0,0.E0,-1.E0));
#7993=AXIS2_PLACEMENT_3D('',#7990,#7991,#7992);
#7994=CYLINDRICAL_SURFACE('',#7993,5.E-1);
#7995=ORIENTED_EDGE('',*,*,#7796,.F.);
#7996=ORIENTED_EDGE('',*,*,#7871,.T.);
#7997=ORIENTED_EDGE('',*,*,#7889,.T.);
#7998=ORIENTED_EDGE('',*,*,#7983,.F.);
#7999=EDGE_LOOP('',(#7995,#7996,#7997,#7998));
#8000=FACE_OUTER_BOUND('',#7999,.F.);
#8001=ADVANCED_FACE('',(#8000),#7994,.T.);
#8002=CARTESIAN_POINT('',(-2.85E0,1.4E0,-3.3E0));
#8003=DIRECTION('',(0.E0,0.E0,-1.E0));
#8004=DIRECTION('',(0.E0,1.E0,0.E0));
#8005=AXIS2_PLACEMENT_3D('',#8002,#8003,#8004);
#8006=PLANE('',#8005);
#8007=ORIENTED_EDGE('',*,*,#5121,.F.);
#8008=ORIENTED_EDGE('',*,*,#7857,.F.);
#8010=ORIENTED_EDGE('',*,*,#8009,.T.);
#8011=ORIENTED_EDGE('',*,*,#7902,.T.);
#8012=EDGE_LOOP('',(#8007,#8008,#8010,#8011));
#8013=FACE_OUTER_BOUND('',#8012,.F.);
#8014=ADVANCED_FACE('',(#8013),#8006,.T.);
#8015=CARTESIAN_POINT('',(-2.85E0,1.4E0,-4.768148347422E0));
#8016=DIRECTION('',(0.E0,1.E0,0.E0));
#8017=DIRECTION('',(0.E0,0.E0,1.E0));
#8018=AXIS2_PLACEMENT_3D('',#8015,#8016,#8017);
#8019=PLANE('',#8018);
#8020=ORIENTED_EDGE('',*,*,#7855,.F.);
#8022=ORIENTED_EDGE('',*,*,#8021,.T.);
#8023=ORIENTED_EDGE('',*,*,#7904,.T.);
#8024=ORIENTED_EDGE('',*,*,#8009,.F.);
#8025=EDGE_LOOP('',(#8020,#8022,#8023,#8024));
#8026=FACE_OUTER_BOUND('',#8025,.F.);
#8027=ADVANCED_FACE('',(#8026),#8019,.T.);
#8028=CARTESIAN_POINT('',(-2.85E0,9.E-1,-4.768148347422E0));
#8029=DIRECTION('',(1.E0,0.E0,0.E0));
#8030=DIRECTION('',(0.E0,0.E0,-1.E0));
#8031=AXIS2_PLACEMENT_3D('',#8028,#8029,#8030);
#8032=CYLINDRICAL_SURFACE('',#8031,5.E-1);
#8033=ORIENTED_EDGE('',*,*,#7853,.F.);
#8035=ORIENTED_EDGE('',*,*,#8034,.T.);
#8036=ORIENTED_EDGE('',*,*,#7906,.T.);
#8037=ORIENTED_EDGE('',*,*,#8021,.F.);
#8038=EDGE_LOOP('',(#8033,#8035,#8036,#8037));
#8039=FACE_OUTER_BOUND('',#8038,.F.);
#8040=ADVANCED_FACE('',(#8039),#8032,.T.);
#8041=CARTESIAN_POINT('',(-2.85E0,9.397197676620E-1,-6.551763809021E0));
#8042=DIRECTION('',(0.E0,9.659258262891E-1,-2.588190451025E-1));
#8043=DIRECTION('',(0.E0,2.588190451025E-1,9.659258262891E-1));
#8044=AXIS2_PLACEMENT_3D('',#8041,#8042,#8043);
#8045=PLANE('',#8044);
#8046=ORIENTED_EDGE('',*,*,#7851,.F.);
#8048=ORIENTED_EDGE('',*,*,#8047,.T.);
#8049=ORIENTED_EDGE('',*,*,#7908,.T.);
#8050=ORIENTED_EDGE('',*,*,#8034,.F.);
#8051=EDGE_LOOP('',(#8046,#8048,#8049,#8050));
#8052=FACE_OUTER_BOUND('',#8051,.F.);
#8053=ADVANCED_FACE('',(#8052),#8045,.T.);
#8054=CARTESIAN_POINT('',(-2.85E0,7.465346024042E-1,-6.5E0));
#8055=DIRECTION('',(1.E0,0.E0,0.E0));
#8056=DIRECTION('',(0.E0,0.E0,-1.E0));
#8057=AXIS2_PLACEMENT_3D('',#8054,#8055,#8056);
#8058=CYLINDRICAL_SURFACE('',#8057,2.E-1);
#8059=ORIENTED_EDGE('',*,*,#7849,.F.);
#8061=ORIENTED_EDGE('',*,*,#8060,.T.);
#8062=ORIENTED_EDGE('',*,*,#7910,.T.);
#8063=ORIENTED_EDGE('',*,*,#8047,.F.);
#8064=EDGE_LOOP('',(#8059,#8061,#8062,#8063));
#8065=FACE_OUTER_BOUND('',#8064,.F.);
#8066=ADVANCED_FACE('',(#8065),#8058,.T.);
#8067=CARTESIAN_POINT('',(-2.85E0,4.E-1,-6.7E0));
#8068=DIRECTION('',(0.E0,0.E0,-1.E0));
#8069=DIRECTION('',(0.E0,1.E0,0.E0));
#8070=AXIS2_PLACEMENT_3D('',#8067,#8068,#8069);
#8071=PLANE('',#8070);
#8072=ORIENTED_EDGE('',*,*,#7847,.F.);
#8074=ORIENTED_EDGE('',*,*,#8073,.T.);
#8075=ORIENTED_EDGE('',*,*,#7912,.T.);
#8076=ORIENTED_EDGE('',*,*,#8060,.F.);
#8077=EDGE_LOOP('',(#8072,#8074,#8075,#8076));
#8078=FACE_OUTER_BOUND('',#8077,.F.);
#8079=ADVANCED_FACE('',(#8078),#8071,.T.);
#8080=CARTESIAN_POINT('',(-2.85E0,4.E-1,-5.8E0));
#8081=DIRECTION('',(0.E0,-1.E0,0.E0));
#8082=DIRECTION('',(0.E0,0.E0,-1.E0));
#8083=AXIS2_PLACEMENT_3D('',#8080,#8081,#8082);
#8084=PLANE('',#8083);
#8085=ORIENTED_EDGE('',*,*,#7845,.F.);
#8087=ORIENTED_EDGE('',*,*,#8086,.T.);
#8088=ORIENTED_EDGE('',*,*,#7914,.T.);
#8089=ORIENTED_EDGE('',*,*,#8073,.F.);
#8090=EDGE_LOOP('',(#8085,#8087,#8088,#8089));
#8091=FACE_OUTER_BOUND('',#8090,.F.);
#8092=ADVANCED_FACE('',(#8091),#8084,.T.);
#8093=CARTESIAN_POINT('',(-2.85E0,4.5E-1,-5.8E0));
#8094=DIRECTION('',(0.E0,0.E0,1.E0));
#8095=DIRECTION('',(0.E0,-1.E0,0.E0));
#8096=AXIS2_PLACEMENT_3D('',#8093,#8094,#8095);
#8097=PLANE('',#8096);
#8098=ORIENTED_EDGE('',*,*,#7843,.F.);
#8100=ORIENTED_EDGE('',*,*,#8099,.T.);
#8101=ORIENTED_EDGE('',*,*,#7916,.T.);
#8102=ORIENTED_EDGE('',*,*,#8086,.F.);
#8103=EDGE_LOOP('',(#8098,#8100,#8101,#8102));
#8104=FACE_OUTER_BOUND('',#8103,.F.);
#8105=ADVANCED_FACE('',(#8104),#8097,.T.);
#8106=CARTESIAN_POINT('',(-2.85E0,4.5E-1,-5.7E0));
#8107=DIRECTION('',(1.E0,0.E0,0.E0));
#8108=DIRECTION('',(0.E0,0.E0,-1.E0));
#8109=AXIS2_PLACEMENT_3D('',#8106,#8107,#8108);
#8110=CYLINDRICAL_SURFACE('',#8109,1.E-1);
#8111=ORIENTED_EDGE('',*,*,#7841,.F.);
#8113=ORIENTED_EDGE('',*,*,#8112,.T.);
#8114=ORIENTED_EDGE('',*,*,#7918,.T.);
#8115=ORIENTED_EDGE('',*,*,#8099,.F.);
#8116=EDGE_LOOP('',(#8111,#8113,#8114,#8115));
#8117=FACE_OUTER_BOUND('',#8116,.F.);
#8118=ADVANCED_FACE('',(#8117),#8110,.F.);
#8119=CARTESIAN_POINT('',(-2.85E0,5.5E-1,-5.6E0));
#8120=DIRECTION('',(0.E0,-1.E0,0.E0));
#8121=DIRECTION('',(0.E0,0.E0,-1.E0));
#8122=AXIS2_PLACEMENT_3D('',#8119,#8120,#8121);
#8123=PLANE('',#8122);
#8124=ORIENTED_EDGE('',*,*,#7839,.F.);
#8126=ORIENTED_EDGE('',*,*,#8125,.T.);
#8127=ORIENTED_EDGE('',*,*,#7920,.T.);
#8128=ORIENTED_EDGE('',*,*,#8112,.F.);
#8129=EDGE_LOOP('',(#8124,#8126,#8127,#8128));
#8130=FACE_OUTER_BOUND('',#8129,.F.);
#8131=ADVANCED_FACE('',(#8130),#8123,.T.);
#8132=CARTESIAN_POINT('',(-2.85E0,4.5E-1,-5.6E0));
#8133=DIRECTION('',(1.E0,0.E0,0.E0));
#8134=DIRECTION('',(0.E0,0.E0,-1.E0));
#8135=AXIS2_PLACEMENT_3D('',#8132,#8133,#8134);
#8136=CYLINDRICAL_SURFACE('',#8135,1.E-1);
#8137=ORIENTED_EDGE('',*,*,#7837,.F.);
#8139=ORIENTED_EDGE('',*,*,#8138,.T.);
#8140=ORIENTED_EDGE('',*,*,#7922,.T.);
#8141=ORIENTED_EDGE('',*,*,#8125,.F.);
#8142=EDGE_LOOP('',(#8137,#8139,#8140,#8141));
#8143=FACE_OUTER_BOUND('',#8142,.F.);
#8144=ADVANCED_FACE('',(#8143),#8136,.F.);
#8145=CARTESIAN_POINT('',(-2.85E0,-4.999999999999E-2,-5.5E0));
#8146=DIRECTION('',(0.E0,0.E0,-1.E0));
#8147=DIRECTION('',(0.E0,1.E0,0.E0));
#8148=AXIS2_PLACEMENT_3D('',#8145,#8146,#8147);
#8149=PLANE('',#8148);
#8150=ORIENTED_EDGE('',*,*,#7835,.F.);
#8152=ORIENTED_EDGE('',*,*,#8151,.T.);
#8153=ORIENTED_EDGE('',*,*,#7924,.T.);
#8154=ORIENTED_EDGE('',*,*,#8138,.F.);
#8155=EDGE_LOOP('',(#8150,#8152,#8153,#8154));
#8156=FACE_OUTER_BOUND('',#8155,.F.);
#8157=ADVANCED_FACE('',(#8156),#8149,.T.);
#8158=CARTESIAN_POINT('',(-2.85E0,-4.999999999999E-2,-5.15E0));
#8159=DIRECTION('',(1.E0,0.E0,0.E0));
#8160=DIRECTION('',(0.E0,0.E0,-1.E0));
#8161=AXIS2_PLACEMENT_3D('',#8158,#8159,#8160);
#8162=CYLINDRICAL_SURFACE('',#8161,3.5E-1);
#8163=ORIENTED_EDGE('',*,*,#7833,.F.);
#8165=ORIENTED_EDGE('',*,*,#8164,.T.);
#8166=ORIENTED_EDGE('',*,*,#7926,.T.);
#8167=ORIENTED_EDGE('',*,*,#8151,.F.);
#8168=EDGE_LOOP('',(#8163,#8165,#8166,#8167));
#8169=FACE_OUTER_BOUND('',#8168,.F.);
#8170=ADVANCED_FACE('',(#8169),#8162,.T.);
#8171=CARTESIAN_POINT('',(-2.85E0,4.5E-1,-4.8E0));
#8172=DIRECTION('',(0.E0,0.E0,1.E0));
#8173=DIRECTION('',(0.E0,-1.E0,0.E0));
#8174=AXIS2_PLACEMENT_3D('',#8171,#8172,#8173);
#8175=PLANE('',#8174);
#8176=ORIENTED_EDGE('',*,*,#7831,.F.);
#8178=ORIENTED_EDGE('',*,*,#8177,.T.);
#8179=ORIENTED_EDGE('',*,*,#7928,.T.);
#8180=ORIENTED_EDGE('',*,*,#8164,.F.);
#8181=EDGE_LOOP('',(#8176,#8178,#8179,#8180));
#8182=FACE_OUTER_BOUND('',#8181,.F.);
#8183=ADVANCED_FACE('',(#8182),#8175,.T.);
#8184=CARTESIAN_POINT('',(-2.85E0,4.5E-1,-4.7E0));
#8185=DIRECTION('',(1.E0,0.E0,0.E0));
#8186=DIRECTION('',(0.E0,0.E0,-1.E0));
#8187=AXIS2_PLACEMENT_3D('',#8184,#8185,#8186);
#8188=CYLINDRICAL_SURFACE('',#8187,1.E-1);
#8189=ORIENTED_EDGE('',*,*,#7829,.F.);
#8191=ORIENTED_EDGE('',*,*,#8190,.T.);
#8192=ORIENTED_EDGE('',*,*,#7930,.T.);
#8193=ORIENTED_EDGE('',*,*,#8177,.F.);
#8194=EDGE_LOOP('',(#8189,#8191,#8192,#8193));
#8195=FACE_OUTER_BOUND('',#8194,.F.);
#8196=ADVANCED_FACE('',(#8195),#8188,.F.);
#8197=CARTESIAN_POINT('',(-2.85E0,5.5E-1,-4.6E0));
#8198=DIRECTION('',(0.E0,-1.E0,0.E0));
#8199=DIRECTION('',(0.E0,0.E0,-1.E0));
#8200=AXIS2_PLACEMENT_3D('',#8197,#8198,#8199);
#8201=PLANE('',#8200);
#8202=ORIENTED_EDGE('',*,*,#7827,.F.);
#8204=ORIENTED_EDGE('',*,*,#8203,.T.);
#8205=ORIENTED_EDGE('',*,*,#7932,.T.);
#8206=ORIENTED_EDGE('',*,*,#8190,.F.);
#8207=EDGE_LOOP('',(#8202,#8204,#8205,#8206));
#8208=FACE_OUTER_BOUND('',#8207,.F.);
#8209=ADVANCED_FACE('',(#8208),#8201,.T.);
#8210=CARTESIAN_POINT('',(-2.85E0,4.5E-1,-4.6E0));
#8211=DIRECTION('',(1.E0,0.E0,0.E0));
#8212=DIRECTION('',(0.E0,0.E0,-1.E0));
#8213=AXIS2_PLACEMENT_3D('',#8210,#8211,#8212);
#8214=CYLINDRICAL_SURFACE('',#8213,1.E-1);
#8215=ORIENTED_EDGE('',*,*,#7825,.F.);
#8217=ORIENTED_EDGE('',*,*,#8216,.T.);
#8218=ORIENTED_EDGE('',*,*,#7934,.T.);
#8219=ORIENTED_EDGE('',*,*,#8203,.F.);
#8220=EDGE_LOOP('',(#8215,#8217,#8218,#8219));
#8221=FACE_OUTER_BOUND('',#8220,.F.);
#8222=ADVANCED_FACE('',(#8221),#8214,.F.);
#8223=CARTESIAN_POINT('',(-2.85E0,4.E-1,-4.5E0));
#8224=DIRECTION('',(0.E0,0.E0,-1.E0));
#8225=DIRECTION('',(0.E0,1.E0,0.E0));
#8226=AXIS2_PLACEMENT_3D('',#8223,#8224,#8225);
#8227=PLANE('',#8226);
#8228=ORIENTED_EDGE('',*,*,#7823,.F.);
#8230=ORIENTED_EDGE('',*,*,#8229,.T.);
#8231=ORIENTED_EDGE('',*,*,#7936,.T.);
#8232=ORIENTED_EDGE('',*,*,#8216,.F.);
#8233=EDGE_LOOP('',(#8228,#8230,#8231,#8232));
#8234=FACE_OUTER_BOUND('',#8233,.F.);
#8235=ADVANCED_FACE('',(#8234),#8227,.T.);
#8236=CARTESIAN_POINT('',(-2.85E0,4.E-1,-3.7E0));
#8237=DIRECTION('',(0.E0,-1.E0,0.E0));
#8238=DIRECTION('',(0.E0,0.E0,-1.E0));
#8239=AXIS2_PLACEMENT_3D('',#8236,#8237,#8238);
#8240=PLANE('',#8239);
#8241=ORIENTED_EDGE('',*,*,#7821,.F.);
#8243=ORIENTED_EDGE('',*,*,#8242,.T.);
#8244=ORIENTED_EDGE('',*,*,#7938,.T.);
#8245=ORIENTED_EDGE('',*,*,#8229,.F.);
#8246=EDGE_LOOP('',(#8241,#8243,#8244,#8245));
#8247=FACE_OUTER_BOUND('',#8246,.F.);
#8248=ADVANCED_FACE('',(#8247),#8240,.T.);
#8249=CARTESIAN_POINT('',(-2.85E0,7.E-1,-3.7E0));
#8250=DIRECTION('',(0.E0,0.E0,1.E0));
#8251=DIRECTION('',(0.E0,-1.E0,0.E0));
#8252=AXIS2_PLACEMENT_3D('',#8249,#8250,#8251);
#8253=PLANE('',#8252);
#8254=ORIENTED_EDGE('',*,*,#7819,.F.);
#8256=ORIENTED_EDGE('',*,*,#8255,.T.);
#8257=ORIENTED_EDGE('',*,*,#7940,.T.);
#8258=ORIENTED_EDGE('',*,*,#8242,.F.);
#8259=EDGE_LOOP('',(#8254,#8256,#8257,#8258));
#8260=FACE_OUTER_BOUND('',#8259,.F.);
#8261=ADVANCED_FACE('',(#8260),#8253,.T.);
#8262=CARTESIAN_POINT('',(-2.85E0,7.E-1,-2.7E0));
#8263=DIRECTION('',(0.E0,-1.E0,0.E0));
#8264=DIRECTION('',(0.E0,0.E0,-1.E0));
#8265=AXIS2_PLACEMENT_3D('',#8262,#8263,#8264);
#8266=PLANE('',#8265);
#8267=ORIENTED_EDGE('',*,*,#7817,.F.);
#8269=ORIENTED_EDGE('',*,*,#8268,.T.);
#8270=ORIENTED_EDGE('',*,*,#7942,.T.);
#8271=ORIENTED_EDGE('',*,*,#8255,.F.);
#8272=EDGE_LOOP('',(#8267,#8269,#8270,#8271));
#8273=FACE_OUTER_BOUND('',#8272,.F.);
#8274=ADVANCED_FACE('',(#8273),#8266,.T.);
#8275=CARTESIAN_POINT('',(-2.85E0,-2.2E0,-2.7E0));
#8276=DIRECTION('',(0.E0,0.E0,-1.E0));
#8277=DIRECTION('',(0.E0,1.E0,0.E0));
#8278=AXIS2_PLACEMENT_3D('',#8275,#8276,#8277);
#8279=PLANE('',#8278);
#8280=ORIENTED_EDGE('',*,*,#7815,.F.);
#8282=ORIENTED_EDGE('',*,*,#8281,.T.);
#8283=ORIENTED_EDGE('',*,*,#7944,.T.);
#8284=ORIENTED_EDGE('',*,*,#8268,.F.);
#8285=EDGE_LOOP('',(#8280,#8282,#8283,#8284));
#8286=FACE_OUTER_BOUND('',#8285,.F.);
#8287=ADVANCED_FACE('',(#8286),#8279,.T.);
#8288=CARTESIAN_POINT('',(-2.85E0,-2.2E0,-2.5E0));
#8289=DIRECTION('',(0.E0,-1.E0,0.E0));
#8290=DIRECTION('',(0.E0,0.E0,-1.E0));
#8291=AXIS2_PLACEMENT_3D('',#8288,#8289,#8290);
#8292=PLANE('',#8291);
#8293=ORIENTED_EDGE('',*,*,#4832,.T.);
#8294=ORIENTED_EDGE('',*,*,#7946,.T.);
#8295=ORIENTED_EDGE('',*,*,#8281,.F.);
#8296=ORIENTED_EDGE('',*,*,#7813,.F.);
#8297=EDGE_LOOP('',(#8293,#8294,#8295,#8296));
#8298=FACE_OUTER_BOUND('',#8297,.F.);
#8299=ADVANCED_FACE('',(#8298),#8292,.T.);
#8300=CARTESIAN_POINT('',(-3.5E-1,0.E0,-6.2E0));
#8301=DIRECTION('',(1.E0,0.E0,0.E0));
#8302=DIRECTION('',(0.E0,0.E0,-1.E0));
#8303=AXIS2_PLACEMENT_3D('',#8300,#8301,#8302);
#8304=PLANE('',#8303);
#8305=ORIENTED_EDGE('',*,*,#4759,.T.);
#8307=ORIENTED_EDGE('',*,*,#8306,.T.);
#8309=ORIENTED_EDGE('',*,*,#8308,.T.);
#8311=ORIENTED_EDGE('',*,*,#8310,.T.);
#8313=ORIENTED_EDGE('',*,*,#8312,.T.);
#8315=ORIENTED_EDGE('',*,*,#8314,.T.);
#8316=EDGE_LOOP('',(#8305,#8307,#8309,#8311,#8313,#8315));
#8317=FACE_OUTER_BOUND('',#8316,.F.);
#8318=ADVANCED_FACE('',(#8317),#8304,.F.);
#8319=CARTESIAN_POINT('',(-3.5E-1,0.E0,-6.2E0));
#8320=DIRECTION('',(1.E0,0.E0,0.E0));
#8321=DIRECTION('',(0.E0,0.E0,-1.E0));
#8322=AXIS2_PLACEMENT_3D('',#8319,#8320,#8321);
#8323=PLANE('',#8322);
#8324=ORIENTED_EDGE('',*,*,#4826,.T.);
#8326=ORIENTED_EDGE('',*,*,#8325,.T.);
#8328=ORIENTED_EDGE('',*,*,#8327,.T.);
#8330=ORIENTED_EDGE('',*,*,#8329,.T.);
#8332=ORIENTED_EDGE('',*,*,#8331,.T.);
#8334=ORIENTED_EDGE('',*,*,#8333,.T.);
#8336=ORIENTED_EDGE('',*,*,#8335,.T.);
#8338=ORIENTED_EDGE('',*,*,#8337,.T.);
#8340=ORIENTED_EDGE('',*,*,#8339,.T.);
#8342=ORIENTED_EDGE('',*,*,#8341,.T.);
#8344=ORIENTED_EDGE('',*,*,#8343,.T.);
#8346=ORIENTED_EDGE('',*,*,#8345,.T.);
#8348=ORIENTED_EDGE('',*,*,#8347,.T.);
#8350=ORIENTED_EDGE('',*,*,#8349,.T.);
#8352=ORIENTED_EDGE('',*,*,#8351,.T.);
#8354=ORIENTED_EDGE('',*,*,#8353,.T.);
#8356=ORIENTED_EDGE('',*,*,#8355,.T.);
#8358=ORIENTED_EDGE('',*,*,#8357,.T.);
#8360=ORIENTED_EDGE('',*,*,#8359,.T.);
#8362=ORIENTED_EDGE('',*,*,#8361,.T.);
#8364=ORIENTED_EDGE('',*,*,#8363,.T.);
#8366=ORIENTED_EDGE('',*,*,#8365,.T.);
#8368=ORIENTED_EDGE('',*,*,#8367,.T.);
#8370=ORIENTED_EDGE('',*,*,#8369,.T.);
#8371=ORIENTED_EDGE('',*,*,#5126,.F.);
#8372=EDGE_LOOP('',(#8324,#8326,#8328,#8330,#8332,#8334,#8336,#8338,#8340,#8342,
#8344,#8346,#8348,#8350,#8352,#8354,#8356,#8358,#8360,#8362,#8364,#8366,#8368,
#8370,#8371));
#8373=FACE_OUTER_BOUND('',#8372,.F.);
#8374=ADVANCED_FACE('',(#8373),#8323,.F.);
#8375=CARTESIAN_POINT('',(-3.5E-1,1.2E0,0.E0));
#8376=DIRECTION('',(0.E0,1.E0,0.E0));
#8377=DIRECTION('',(0.E0,0.E0,1.E0));
#8378=AXIS2_PLACEMENT_3D('',#8375,#8376,#8377);
#8379=PLANE('',#8378);
#8380=ORIENTED_EDGE('',*,*,#4765,.T.);
#8382=ORIENTED_EDGE('',*,*,#8381,.T.);
#8384=ORIENTED_EDGE('',*,*,#8383,.F.);
#8385=ORIENTED_EDGE('',*,*,#8306,.F.);
#8386=EDGE_LOOP('',(#8380,#8382,#8384,#8385));
#8387=FACE_OUTER_BOUND('',#8386,.F.);
#8388=ADVANCED_FACE('',(#8387),#8379,.T.);
#8389=CARTESIAN_POINT('',(3.5E-1,0.E0,-6.2E0));
#8390=DIRECTION('',(1.E0,0.E0,0.E0));
#8391=DIRECTION('',(0.E0,0.E0,-1.E0));
#8392=AXIS2_PLACEMENT_3D('',#8389,#8390,#8391);
#8393=PLANE('',#8392);
#8394=ORIENTED_EDGE('',*,*,#4763,.F.);
#8396=ORIENTED_EDGE('',*,*,#8395,.F.);
#8398=ORIENTED_EDGE('',*,*,#8397,.F.);
#8400=ORIENTED_EDGE('',*,*,#8399,.F.);
#8402=ORIENTED_EDGE('',*,*,#8401,.F.);
#8403=ORIENTED_EDGE('',*,*,#8381,.F.);
#8404=EDGE_LOOP('',(#8394,#8396,#8398,#8400,#8402,#8403));
#8405=FACE_OUTER_BOUND('',#8404,.F.);
#8406=ADVANCED_FACE('',(#8405),#8393,.T.);
#8407=CARTESIAN_POINT('',(3.5E-1,0.E0,-6.2E0));
#8408=DIRECTION('',(1.E0,0.E0,0.E0));
#8409=DIRECTION('',(0.E0,0.E0,-1.E0));
#8410=AXIS2_PLACEMENT_3D('',#8407,#8408,#8409);
#8411=PLANE('',#8410);
#8412=ORIENTED_EDGE('',*,*,#4822,.F.);
#8413=ORIENTED_EDGE('',*,*,#5130,.T.);
#8415=ORIENTED_EDGE('',*,*,#8414,.F.);
#8417=ORIENTED_EDGE('',*,*,#8416,.F.);
#8419=ORIENTED_EDGE('',*,*,#8418,.F.);
#8421=ORIENTED_EDGE('',*,*,#8420,.F.);
#8423=ORIENTED_EDGE('',*,*,#8422,.F.);
#8425=ORIENTED_EDGE('',*,*,#8424,.F.);
#8427=ORIENTED_EDGE('',*,*,#8426,.F.);
#8429=ORIENTED_EDGE('',*,*,#8428,.F.);
#8431=ORIENTED_EDGE('',*,*,#8430,.F.);
#8433=ORIENTED_EDGE('',*,*,#8432,.F.);
#8435=ORIENTED_EDGE('',*,*,#8434,.F.);
#8437=ORIENTED_EDGE('',*,*,#8436,.F.);
#8439=ORIENTED_EDGE('',*,*,#8438,.F.);
#8441=ORIENTED_EDGE('',*,*,#8440,.F.);
#8443=ORIENTED_EDGE('',*,*,#8442,.F.);
#8445=ORIENTED_EDGE('',*,*,#8444,.F.);
#8447=ORIENTED_EDGE('',*,*,#8446,.F.);
#8449=ORIENTED_EDGE('',*,*,#8448,.F.);
#8451=ORIENTED_EDGE('',*,*,#8450,.F.);
#8453=ORIENTED_EDGE('',*,*,#8452,.F.);
#8455=ORIENTED_EDGE('',*,*,#8454,.F.);
#8457=ORIENTED_EDGE('',*,*,#8456,.F.);
#8459=ORIENTED_EDGE('',*,*,#8458,.F.);
#8460=EDGE_LOOP('',(#8412,#8413,#8415,#8417,#8419,#8421,#8423,#8425,#8427,#8429,
#8431,#8433,#8435,#8437,#8439,#8441,#8443,#8445,#8447,#8449,#8451,#8453,#8455,
#8457,#8459));
#8461=FACE_OUTER_BOUND('',#8460,.F.);
#8462=ADVANCED_FACE('',(#8461),#8411,.T.);
#8463=CARTESIAN_POINT('',(-3.5E-1,-1.2E0,3.25E0));
#8464=DIRECTION('',(0.E0,-1.E0,0.E0));
#8465=DIRECTION('',(0.E0,0.E0,-1.E0));
#8466=AXIS2_PLACEMENT_3D('',#8463,#8464,#8465);
#8467=PLANE('',#8466);
#8468=ORIENTED_EDGE('',*,*,#4761,.F.);
#8469=ORIENTED_EDGE('',*,*,#8314,.F.);
#8471=ORIENTED_EDGE('',*,*,#8470,.T.);
#8472=ORIENTED_EDGE('',*,*,#8395,.T.);
#8473=EDGE_LOOP('',(#8468,#8469,#8471,#8472));
#8474=FACE_OUTER_BOUND('',#8473,.F.);
#8475=ADVANCED_FACE('',(#8474),#8467,.T.);
#8476=CARTESIAN_POINT('',(-3.5E-1,-7.E-1,3.25E0));
#8477=DIRECTION('',(1.E0,0.E0,0.E0));
#8478=DIRECTION('',(0.E0,0.E0,-1.E0));
#8479=AXIS2_PLACEMENT_3D('',#8476,#8477,#8478);
#8480=CYLINDRICAL_SURFACE('',#8479,5.E-1);
#8481=ORIENTED_EDGE('',*,*,#8312,.F.);
#8483=ORIENTED_EDGE('',*,*,#8482,.T.);
#8484=ORIENTED_EDGE('',*,*,#8397,.T.);
#8485=ORIENTED_EDGE('',*,*,#8470,.F.);
#8486=EDGE_LOOP('',(#8481,#8483,#8484,#8485));
#8487=FACE_OUTER_BOUND('',#8486,.F.);
#8488=ADVANCED_FACE('',(#8487),#8480,.T.);
#8489=CARTESIAN_POINT('',(-3.5E-1,7.E-1,3.75E0));
#8490=DIRECTION('',(0.E0,0.E0,1.E0));
#8491=DIRECTION('',(0.E0,-1.E0,0.E0));
#8492=AXIS2_PLACEMENT_3D('',#8489,#8490,#8491);
#8493=PLANE('',#8492);
#8494=ORIENTED_EDGE('',*,*,#8310,.F.);
#8496=ORIENTED_EDGE('',*,*,#8495,.T.);
#8497=ORIENTED_EDGE('',*,*,#8399,.T.);
#8498=ORIENTED_EDGE('',*,*,#8482,.F.);
#8499=EDGE_LOOP('',(#8494,#8496,#8497,#8498));
#8500=FACE_OUTER_BOUND('',#8499,.F.);
#8501=ADVANCED_FACE('',(#8500),#8493,.T.);
#8502=CARTESIAN_POINT('',(-3.5E-1,7.E-1,3.25E0));
#8503=DIRECTION('',(1.E0,0.E0,0.E0));
#8504=DIRECTION('',(0.E0,0.E0,-1.E0));
#8505=AXIS2_PLACEMENT_3D('',#8502,#8503,#8504);
#8506=CYLINDRICAL_SURFACE('',#8505,5.E-1);
#8507=ORIENTED_EDGE('',*,*,#8308,.F.);
#8508=ORIENTED_EDGE('',*,*,#8383,.T.);
#8509=ORIENTED_EDGE('',*,*,#8401,.T.);
#8510=ORIENTED_EDGE('',*,*,#8495,.F.);
#8511=EDGE_LOOP('',(#8507,#8508,#8509,#8510));
#8512=FACE_OUTER_BOUND('',#8511,.F.);
#8513=ADVANCED_FACE('',(#8512),#8506,.T.);
#8514=CARTESIAN_POINT('',(-3.5E-1,1.4E0,-3.3E0));
#8515=DIRECTION('',(0.E0,0.E0,-1.E0));
#8516=DIRECTION('',(0.E0,1.E0,0.E0));
#8517=AXIS2_PLACEMENT_3D('',#8514,#8515,#8516);
#8518=PLANE('',#8517);
#8519=ORIENTED_EDGE('',*,*,#5128,.F.);
#8520=ORIENTED_EDGE('',*,*,#8369,.F.);
#8522=ORIENTED_EDGE('',*,*,#8521,.T.);
#8523=ORIENTED_EDGE('',*,*,#8414,.T.);
#8524=EDGE_LOOP('',(#8519,#8520,#8522,#8523));
#8525=FACE_OUTER_BOUND('',#8524,.F.);
#8526=ADVANCED_FACE('',(#8525),#8518,.T.);
#8527=CARTESIAN_POINT('',(-3.5E-1,1.4E0,-4.768148347422E0));
#8528=DIRECTION('',(0.E0,1.E0,0.E0));
#8529=DIRECTION('',(0.E0,0.E0,1.E0));
#8530=AXIS2_PLACEMENT_3D('',#8527,#8528,#8529);
#8531=PLANE('',#8530);
#8532=ORIENTED_EDGE('',*,*,#8367,.F.);
#8534=ORIENTED_EDGE('',*,*,#8533,.T.);
#8535=ORIENTED_EDGE('',*,*,#8416,.T.);
#8536=ORIENTED_EDGE('',*,*,#8521,.F.);
#8537=EDGE_LOOP('',(#8532,#8534,#8535,#8536));
#8538=FACE_OUTER_BOUND('',#8537,.F.);
#8539=ADVANCED_FACE('',(#8538),#8531,.T.);
#8540=CARTESIAN_POINT('',(-3.5E-1,9.E-1,-4.768148347422E0));
#8541=DIRECTION('',(1.E0,0.E0,0.E0));
#8542=DIRECTION('',(0.E0,0.E0,-1.E0));
#8543=AXIS2_PLACEMENT_3D('',#8540,#8541,#8542);
#8544=CYLINDRICAL_SURFACE('',#8543,5.E-1);
#8545=ORIENTED_EDGE('',*,*,#8365,.F.);
#8547=ORIENTED_EDGE('',*,*,#8546,.T.);
#8548=ORIENTED_EDGE('',*,*,#8418,.T.);
#8549=ORIENTED_EDGE('',*,*,#8533,.F.);
#8550=EDGE_LOOP('',(#8545,#8547,#8548,#8549));
#8551=FACE_OUTER_BOUND('',#8550,.F.);
#8552=ADVANCED_FACE('',(#8551),#8544,.T.);
#8553=CARTESIAN_POINT('',(-3.5E-1,9.397197676620E-1,-6.551763809021E0));
#8554=DIRECTION('',(0.E0,9.659258262891E-1,-2.588190451025E-1));
#8555=DIRECTION('',(0.E0,2.588190451025E-1,9.659258262891E-1));
#8556=AXIS2_PLACEMENT_3D('',#8553,#8554,#8555);
#8557=PLANE('',#8556);
#8558=ORIENTED_EDGE('',*,*,#8363,.F.);
#8560=ORIENTED_EDGE('',*,*,#8559,.T.);
#8561=ORIENTED_EDGE('',*,*,#8420,.T.);
#8562=ORIENTED_EDGE('',*,*,#8546,.F.);
#8563=EDGE_LOOP('',(#8558,#8560,#8561,#8562));
#8564=FACE_OUTER_BOUND('',#8563,.F.);
#8565=ADVANCED_FACE('',(#8564),#8557,.T.);
#8566=CARTESIAN_POINT('',(-3.5E-1,7.465346024042E-1,-6.5E0));
#8567=DIRECTION('',(1.E0,0.E0,0.E0));
#8568=DIRECTION('',(0.E0,0.E0,-1.E0));
#8569=AXIS2_PLACEMENT_3D('',#8566,#8567,#8568);
#8570=CYLINDRICAL_SURFACE('',#8569,2.E-1);
#8571=ORIENTED_EDGE('',*,*,#8361,.F.);
#8573=ORIENTED_EDGE('',*,*,#8572,.T.);
#8574=ORIENTED_EDGE('',*,*,#8422,.T.);
#8575=ORIENTED_EDGE('',*,*,#8559,.F.);
#8576=EDGE_LOOP('',(#8571,#8573,#8574,#8575));
#8577=FACE_OUTER_BOUND('',#8576,.F.);
#8578=ADVANCED_FACE('',(#8577),#8570,.T.);
#8579=CARTESIAN_POINT('',(-3.5E-1,4.E-1,-6.7E0));
#8580=DIRECTION('',(0.E0,0.E0,-1.E0));
#8581=DIRECTION('',(0.E0,1.E0,0.E0));
#8582=AXIS2_PLACEMENT_3D('',#8579,#8580,#8581);
#8583=PLANE('',#8582);
#8584=ORIENTED_EDGE('',*,*,#8359,.F.);
#8586=ORIENTED_EDGE('',*,*,#8585,.T.);
#8587=ORIENTED_EDGE('',*,*,#8424,.T.);
#8588=ORIENTED_EDGE('',*,*,#8572,.F.);
#8589=EDGE_LOOP('',(#8584,#8586,#8587,#8588));
#8590=FACE_OUTER_BOUND('',#8589,.F.);
#8591=ADVANCED_FACE('',(#8590),#8583,.T.);
#8592=CARTESIAN_POINT('',(-3.5E-1,4.E-1,-5.8E0));
#8593=DIRECTION('',(0.E0,-1.E0,0.E0));
#8594=DIRECTION('',(0.E0,0.E0,-1.E0));
#8595=AXIS2_PLACEMENT_3D('',#8592,#8593,#8594);
#8596=PLANE('',#8595);
#8597=ORIENTED_EDGE('',*,*,#8357,.F.);
#8599=ORIENTED_EDGE('',*,*,#8598,.T.);
#8600=ORIENTED_EDGE('',*,*,#8426,.T.);
#8601=ORIENTED_EDGE('',*,*,#8585,.F.);
#8602=EDGE_LOOP('',(#8597,#8599,#8600,#8601));
#8603=FACE_OUTER_BOUND('',#8602,.F.);
#8604=ADVANCED_FACE('',(#8603),#8596,.T.);
#8605=CARTESIAN_POINT('',(-3.5E-1,4.5E-1,-5.8E0));
#8606=DIRECTION('',(0.E0,0.E0,1.E0));
#8607=DIRECTION('',(0.E0,-1.E0,0.E0));
#8608=AXIS2_PLACEMENT_3D('',#8605,#8606,#8607);
#8609=PLANE('',#8608);
#8610=ORIENTED_EDGE('',*,*,#8355,.F.);
#8612=ORIENTED_EDGE('',*,*,#8611,.T.);
#8613=ORIENTED_EDGE('',*,*,#8428,.T.);
#8614=ORIENTED_EDGE('',*,*,#8598,.F.);
#8615=EDGE_LOOP('',(#8610,#8612,#8613,#8614));
#8616=FACE_OUTER_BOUND('',#8615,.F.);
#8617=ADVANCED_FACE('',(#8616),#8609,.T.);
#8618=CARTESIAN_POINT('',(-3.5E-1,4.5E-1,-5.7E0));
#8619=DIRECTION('',(1.E0,0.E0,0.E0));
#8620=DIRECTION('',(0.E0,0.E0,-1.E0));
#8621=AXIS2_PLACEMENT_3D('',#8618,#8619,#8620);
#8622=CYLINDRICAL_SURFACE('',#8621,1.E-1);
#8623=ORIENTED_EDGE('',*,*,#8353,.F.);
#8625=ORIENTED_EDGE('',*,*,#8624,.T.);
#8626=ORIENTED_EDGE('',*,*,#8430,.T.);
#8627=ORIENTED_EDGE('',*,*,#8611,.F.);
#8628=EDGE_LOOP('',(#8623,#8625,#8626,#8627));
#8629=FACE_OUTER_BOUND('',#8628,.F.);
#8630=ADVANCED_FACE('',(#8629),#8622,.F.);
#8631=CARTESIAN_POINT('',(-3.5E-1,5.5E-1,-5.6E0));
#8632=DIRECTION('',(0.E0,-1.E0,0.E0));
#8633=DIRECTION('',(0.E0,0.E0,-1.E0));
#8634=AXIS2_PLACEMENT_3D('',#8631,#8632,#8633);
#8635=PLANE('',#8634);
#8636=ORIENTED_EDGE('',*,*,#8351,.F.);
#8638=ORIENTED_EDGE('',*,*,#8637,.T.);
#8639=ORIENTED_EDGE('',*,*,#8432,.T.);
#8640=ORIENTED_EDGE('',*,*,#8624,.F.);
#8641=EDGE_LOOP('',(#8636,#8638,#8639,#8640));
#8642=FACE_OUTER_BOUND('',#8641,.F.);
#8643=ADVANCED_FACE('',(#8642),#8635,.T.);
#8644=CARTESIAN_POINT('',(-3.5E-1,4.5E-1,-5.6E0));
#8645=DIRECTION('',(1.E0,0.E0,0.E0));
#8646=DIRECTION('',(0.E0,0.E0,-1.E0));
#8647=AXIS2_PLACEMENT_3D('',#8644,#8645,#8646);
#8648=CYLINDRICAL_SURFACE('',#8647,1.E-1);
#8649=ORIENTED_EDGE('',*,*,#8349,.F.);
#8651=ORIENTED_EDGE('',*,*,#8650,.T.);
#8652=ORIENTED_EDGE('',*,*,#8434,.T.);
#8653=ORIENTED_EDGE('',*,*,#8637,.F.);
#8654=EDGE_LOOP('',(#8649,#8651,#8652,#8653));
#8655=FACE_OUTER_BOUND('',#8654,.F.);
#8656=ADVANCED_FACE('',(#8655),#8648,.F.);
#8657=CARTESIAN_POINT('',(-3.5E-1,-4.999999999999E-2,-5.5E0));
#8658=DIRECTION('',(0.E0,0.E0,-1.E0));
#8659=DIRECTION('',(0.E0,1.E0,0.E0));
#8660=AXIS2_PLACEMENT_3D('',#8657,#8658,#8659);
#8661=PLANE('',#8660);
#8662=ORIENTED_EDGE('',*,*,#8347,.F.);
#8664=ORIENTED_EDGE('',*,*,#8663,.T.);
#8665=ORIENTED_EDGE('',*,*,#8436,.T.);
#8666=ORIENTED_EDGE('',*,*,#8650,.F.);
#8667=EDGE_LOOP('',(#8662,#8664,#8665,#8666));
#8668=FACE_OUTER_BOUND('',#8667,.F.);
#8669=ADVANCED_FACE('',(#8668),#8661,.T.);
#8670=CARTESIAN_POINT('',(-3.5E-1,-4.999999999999E-2,-5.15E0));
#8671=DIRECTION('',(1.E0,0.E0,0.E0));
#8672=DIRECTION('',(0.E0,0.E0,-1.E0));
#8673=AXIS2_PLACEMENT_3D('',#8670,#8671,#8672);
#8674=CYLINDRICAL_SURFACE('',#8673,3.5E-1);
#8675=ORIENTED_EDGE('',*,*,#8345,.F.);
#8677=ORIENTED_EDGE('',*,*,#8676,.T.);
#8678=ORIENTED_EDGE('',*,*,#8438,.T.);
#8679=ORIENTED_EDGE('',*,*,#8663,.F.);
#8680=EDGE_LOOP('',(#8675,#8677,#8678,#8679));
#8681=FACE_OUTER_BOUND('',#8680,.F.);
#8682=ADVANCED_FACE('',(#8681),#8674,.T.);
#8683=CARTESIAN_POINT('',(-3.5E-1,4.5E-1,-4.8E0));
#8684=DIRECTION('',(0.E0,0.E0,1.E0));
#8685=DIRECTION('',(0.E0,-1.E0,0.E0));
#8686=AXIS2_PLACEMENT_3D('',#8683,#8684,#8685);
#8687=PLANE('',#8686);
#8688=ORIENTED_EDGE('',*,*,#8343,.F.);
#8690=ORIENTED_EDGE('',*,*,#8689,.T.);
#8691=ORIENTED_EDGE('',*,*,#8440,.T.);
#8692=ORIENTED_EDGE('',*,*,#8676,.F.);
#8693=EDGE_LOOP('',(#8688,#8690,#8691,#8692));
#8694=FACE_OUTER_BOUND('',#8693,.F.);
#8695=ADVANCED_FACE('',(#8694),#8687,.T.);
#8696=CARTESIAN_POINT('',(-3.5E-1,4.5E-1,-4.7E0));
#8697=DIRECTION('',(1.E0,0.E0,0.E0));
#8698=DIRECTION('',(0.E0,0.E0,-1.E0));
#8699=AXIS2_PLACEMENT_3D('',#8696,#8697,#8698);
#8700=CYLINDRICAL_SURFACE('',#8699,1.E-1);
#8701=ORIENTED_EDGE('',*,*,#8341,.F.);
#8703=ORIENTED_EDGE('',*,*,#8702,.T.);
#8704=ORIENTED_EDGE('',*,*,#8442,.T.);
#8705=ORIENTED_EDGE('',*,*,#8689,.F.);
#8706=EDGE_LOOP('',(#8701,#8703,#8704,#8705));
#8707=FACE_OUTER_BOUND('',#8706,.F.);
#8708=ADVANCED_FACE('',(#8707),#8700,.F.);
#8709=CARTESIAN_POINT('',(-3.5E-1,5.5E-1,-4.6E0));
#8710=DIRECTION('',(0.E0,-1.E0,0.E0));
#8711=DIRECTION('',(0.E0,0.E0,-1.E0));
#8712=AXIS2_PLACEMENT_3D('',#8709,#8710,#8711);
#8713=PLANE('',#8712);
#8714=ORIENTED_EDGE('',*,*,#8339,.F.);
#8716=ORIENTED_EDGE('',*,*,#8715,.T.);
#8717=ORIENTED_EDGE('',*,*,#8444,.T.);
#8718=ORIENTED_EDGE('',*,*,#8702,.F.);
#8719=EDGE_LOOP('',(#8714,#8716,#8717,#8718));
#8720=FACE_OUTER_BOUND('',#8719,.F.);
#8721=ADVANCED_FACE('',(#8720),#8713,.T.);
#8722=CARTESIAN_POINT('',(-3.5E-1,4.5E-1,-4.6E0));
#8723=DIRECTION('',(1.E0,0.E0,0.E0));
#8724=DIRECTION('',(0.E0,0.E0,-1.E0));
#8725=AXIS2_PLACEMENT_3D('',#8722,#8723,#8724);
#8726=CYLINDRICAL_SURFACE('',#8725,1.E-1);
#8727=ORIENTED_EDGE('',*,*,#8337,.F.);
#8729=ORIENTED_EDGE('',*,*,#8728,.T.);
#8730=ORIENTED_EDGE('',*,*,#8446,.T.);
#8731=ORIENTED_EDGE('',*,*,#8715,.F.);
#8732=EDGE_LOOP('',(#8727,#8729,#8730,#8731));
#8733=FACE_OUTER_BOUND('',#8732,.F.);
#8734=ADVANCED_FACE('',(#8733),#8726,.F.);
#8735=CARTESIAN_POINT('',(-3.5E-1,4.E-1,-4.5E0));
#8736=DIRECTION('',(0.E0,0.E0,-1.E0));
#8737=DIRECTION('',(0.E0,1.E0,0.E0));
#8738=AXIS2_PLACEMENT_3D('',#8735,#8736,#8737);
#8739=PLANE('',#8738);
#8740=ORIENTED_EDGE('',*,*,#8335,.F.);
#8742=ORIENTED_EDGE('',*,*,#8741,.T.);
#8743=ORIENTED_EDGE('',*,*,#8448,.T.);
#8744=ORIENTED_EDGE('',*,*,#8728,.F.);
#8745=EDGE_LOOP('',(#8740,#8742,#8743,#8744));
#8746=FACE_OUTER_BOUND('',#8745,.F.);
#8747=ADVANCED_FACE('',(#8746),#8739,.T.);
#8748=CARTESIAN_POINT('',(-3.5E-1,4.E-1,-3.7E0));
#8749=DIRECTION('',(0.E0,-1.E0,0.E0));
#8750=DIRECTION('',(0.E0,0.E0,-1.E0));
#8751=AXIS2_PLACEMENT_3D('',#8748,#8749,#8750);
#8752=PLANE('',#8751);
#8753=ORIENTED_EDGE('',*,*,#8333,.F.);
#8755=ORIENTED_EDGE('',*,*,#8754,.T.);
#8756=ORIENTED_EDGE('',*,*,#8450,.T.);
#8757=ORIENTED_EDGE('',*,*,#8741,.F.);
#8758=EDGE_LOOP('',(#8753,#8755,#8756,#8757));
#8759=FACE_OUTER_BOUND('',#8758,.F.);
#8760=ADVANCED_FACE('',(#8759),#8752,.T.);
#8761=CARTESIAN_POINT('',(-3.5E-1,7.E-1,-3.7E0));
#8762=DIRECTION('',(0.E0,0.E0,1.E0));
#8763=DIRECTION('',(0.E0,-1.E0,0.E0));
#8764=AXIS2_PLACEMENT_3D('',#8761,#8762,#8763);
#8765=PLANE('',#8764);
#8766=ORIENTED_EDGE('',*,*,#8331,.F.);
#8768=ORIENTED_EDGE('',*,*,#8767,.T.);
#8769=ORIENTED_EDGE('',*,*,#8452,.T.);
#8770=ORIENTED_EDGE('',*,*,#8754,.F.);
#8771=EDGE_LOOP('',(#8766,#8768,#8769,#8770));
#8772=FACE_OUTER_BOUND('',#8771,.F.);
#8773=ADVANCED_FACE('',(#8772),#8765,.T.);
#8774=CARTESIAN_POINT('',(-3.5E-1,7.E-1,-2.7E0));
#8775=DIRECTION('',(0.E0,-1.E0,0.E0));
#8776=DIRECTION('',(0.E0,0.E0,-1.E0));
#8777=AXIS2_PLACEMENT_3D('',#8774,#8775,#8776);
#8778=PLANE('',#8777);
#8779=ORIENTED_EDGE('',*,*,#8329,.F.);
#8781=ORIENTED_EDGE('',*,*,#8780,.T.);
#8782=ORIENTED_EDGE('',*,*,#8454,.T.);
#8783=ORIENTED_EDGE('',*,*,#8767,.F.);
#8784=EDGE_LOOP('',(#8779,#8781,#8782,#8783));
#8785=FACE_OUTER_BOUND('',#8784,.F.);
#8786=ADVANCED_FACE('',(#8785),#8778,.T.);
#8787=CARTESIAN_POINT('',(-3.5E-1,-2.2E0,-2.7E0));
#8788=DIRECTION('',(0.E0,0.E0,-1.E0));
#8789=DIRECTION('',(0.E0,1.E0,0.E0));
#8790=AXIS2_PLACEMENT_3D('',#8787,#8788,#8789);
#8791=PLANE('',#8790);
#8792=ORIENTED_EDGE('',*,*,#8327,.F.);
#8794=ORIENTED_EDGE('',*,*,#8793,.T.);
#8795=ORIENTED_EDGE('',*,*,#8456,.T.);
#8796=ORIENTED_EDGE('',*,*,#8780,.F.);
#8797=EDGE_LOOP('',(#8792,#8794,#8795,#8796));
#8798=FACE_OUTER_BOUND('',#8797,.F.);
#8799=ADVANCED_FACE('',(#8798),#8791,.T.);
#8800=CARTESIAN_POINT('',(-3.5E-1,-2.2E0,-2.5E0));
#8801=DIRECTION('',(0.E0,-1.E0,0.E0));
#8802=DIRECTION('',(0.E0,0.E0,-1.E0));
#8803=AXIS2_PLACEMENT_3D('',#8800,#8801,#8802);
#8804=PLANE('',#8803);
#8805=ORIENTED_EDGE('',*,*,#4824,.T.);
#8806=ORIENTED_EDGE('',*,*,#8458,.T.);
#8807=ORIENTED_EDGE('',*,*,#8793,.F.);
#8808=ORIENTED_EDGE('',*,*,#8325,.F.);
#8809=EDGE_LOOP('',(#8805,#8806,#8807,#8808));
#8810=FACE_OUTER_BOUND('',#8809,.F.);
#8811=ADVANCED_FACE('',(#8810),#8804,.T.);
#8812=CARTESIAN_POINT('',(2.15E0,0.E0,-6.2E0));
#8813=DIRECTION('',(1.E0,0.E0,0.E0));
#8814=DIRECTION('',(0.E0,0.E0,-1.E0));
#8815=AXIS2_PLACEMENT_3D('',#8812,#8813,#8814);
#8816=PLANE('',#8815);
#8817=ORIENTED_EDGE('',*,*,#4769,.T.);
#8819=ORIENTED_EDGE('',*,*,#8818,.T.);
#8821=ORIENTED_EDGE('',*,*,#8820,.T.);
#8823=ORIENTED_EDGE('',*,*,#8822,.T.);
#8825=ORIENTED_EDGE('',*,*,#8824,.T.);
#8827=ORIENTED_EDGE('',*,*,#8826,.T.);
#8828=EDGE_LOOP('',(#8817,#8819,#8821,#8823,#8825,#8827));
#8829=FACE_OUTER_BOUND('',#8828,.F.);
#8830=ADVANCED_FACE('',(#8829),#8816,.F.);
#8831=CARTESIAN_POINT('',(2.15E0,0.E0,-6.2E0));
#8832=DIRECTION('',(1.E0,0.E0,0.E0));
#8833=DIRECTION('',(0.E0,0.E0,-1.E0));
#8834=AXIS2_PLACEMENT_3D('',#8831,#8832,#8833);
#8835=PLANE('',#8834);
#8836=ORIENTED_EDGE('',*,*,#4818,.T.);
#8838=ORIENTED_EDGE('',*,*,#8837,.T.);
#8840=ORIENTED_EDGE('',*,*,#8839,.T.);
#8842=ORIENTED_EDGE('',*,*,#8841,.T.);
#8844=ORIENTED_EDGE('',*,*,#8843,.T.);
#8846=ORIENTED_EDGE('',*,*,#8845,.T.);
#8848=ORIENTED_EDGE('',*,*,#8847,.T.);
#8850=ORIENTED_EDGE('',*,*,#8849,.T.);
#8852=ORIENTED_EDGE('',*,*,#8851,.T.);
#8854=ORIENTED_EDGE('',*,*,#8853,.T.);
#8856=ORIENTED_EDGE('',*,*,#8855,.T.);
#8858=ORIENTED_EDGE('',*,*,#8857,.T.);
#8860=ORIENTED_EDGE('',*,*,#8859,.T.);
#8862=ORIENTED_EDGE('',*,*,#8861,.T.);
#8864=ORIENTED_EDGE('',*,*,#8863,.T.);
#8866=ORIENTED_EDGE('',*,*,#8865,.T.);
#8868=ORIENTED_EDGE('',*,*,#8867,.T.);
#8870=ORIENTED_EDGE('',*,*,#8869,.T.);
#8872=ORIENTED_EDGE('',*,*,#8871,.T.);
#8874=ORIENTED_EDGE('',*,*,#8873,.T.);
#8876=ORIENTED_EDGE('',*,*,#8875,.T.);
#8878=ORIENTED_EDGE('',*,*,#8877,.T.);
#8880=ORIENTED_EDGE('',*,*,#8879,.T.);
#8882=ORIENTED_EDGE('',*,*,#8881,.T.);
#8883=ORIENTED_EDGE('',*,*,#5133,.F.);
#8884=EDGE_LOOP('',(#8836,#8838,#8840,#8842,#8844,#8846,#8848,#8850,#8852,#8854,
#8856,#8858,#8860,#8862,#8864,#8866,#8868,#8870,#8872,#8874,#8876,#8878,#8880,
#8882,#8883));
#8885=FACE_OUTER_BOUND('',#8884,.F.);
#8886=ADVANCED_FACE('',(#8885),#8835,.F.);
#8887=CARTESIAN_POINT('',(2.15E0,1.2E0,0.E0));
#8888=DIRECTION('',(0.E0,1.E0,0.E0));
#8889=DIRECTION('',(0.E0,0.E0,1.E0));
#8890=AXIS2_PLACEMENT_3D('',#8887,#8888,#8889);
#8891=PLANE('',#8890);
#8892=ORIENTED_EDGE('',*,*,#4775,.T.);
#8894=ORIENTED_EDGE('',*,*,#8893,.T.);
#8896=ORIENTED_EDGE('',*,*,#8895,.F.);
#8897=ORIENTED_EDGE('',*,*,#8818,.F.);
#8898=EDGE_LOOP('',(#8892,#8894,#8896,#8897));
#8899=FACE_OUTER_BOUND('',#8898,.F.);
#8900=ADVANCED_FACE('',(#8899),#8891,.T.);
#8901=CARTESIAN_POINT('',(2.85E0,0.E0,-6.2E0));
#8902=DIRECTION('',(1.E0,0.E0,0.E0));
#8903=DIRECTION('',(0.E0,0.E0,-1.E0));
#8904=AXIS2_PLACEMENT_3D('',#8901,#8902,#8903);
#8905=PLANE('',#8904);
#8906=ORIENTED_EDGE('',*,*,#4773,.F.);
#8908=ORIENTED_EDGE('',*,*,#8907,.F.);
#8910=ORIENTED_EDGE('',*,*,#8909,.F.);
#8912=ORIENTED_EDGE('',*,*,#8911,.F.);
#8914=ORIENTED_EDGE('',*,*,#8913,.F.);
#8915=ORIENTED_EDGE('',*,*,#8893,.F.);
#8916=EDGE_LOOP('',(#8906,#8908,#8910,#8912,#8914,#8915));
#8917=FACE_OUTER_BOUND('',#8916,.F.);
#8918=ADVANCED_FACE('',(#8917),#8905,.T.);
#8919=CARTESIAN_POINT('',(2.85E0,0.E0,-6.2E0));
#8920=DIRECTION('',(1.E0,0.E0,0.E0));
#8921=DIRECTION('',(0.E0,0.E0,-1.E0));
#8922=AXIS2_PLACEMENT_3D('',#8919,#8920,#8921);
#8923=PLANE('',#8922);
#8924=ORIENTED_EDGE('',*,*,#4814,.F.);
#8925=ORIENTED_EDGE('',*,*,#5137,.T.);
#8927=ORIENTED_EDGE('',*,*,#8926,.F.);
#8929=ORIENTED_EDGE('',*,*,#8928,.F.);
#8931=ORIENTED_EDGE('',*,*,#8930,.F.);
#8933=ORIENTED_EDGE('',*,*,#8932,.F.);
#8935=ORIENTED_EDGE('',*,*,#8934,.F.);
#8937=ORIENTED_EDGE('',*,*,#8936,.F.);
#8939=ORIENTED_EDGE('',*,*,#8938,.F.);
#8941=ORIENTED_EDGE('',*,*,#8940,.F.);
#8943=ORIENTED_EDGE('',*,*,#8942,.F.);
#8945=ORIENTED_EDGE('',*,*,#8944,.F.);
#8947=ORIENTED_EDGE('',*,*,#8946,.F.);
#8949=ORIENTED_EDGE('',*,*,#8948,.F.);
#8951=ORIENTED_EDGE('',*,*,#8950,.F.);
#8953=ORIENTED_EDGE('',*,*,#8952,.F.);
#8955=ORIENTED_EDGE('',*,*,#8954,.F.);
#8957=ORIENTED_EDGE('',*,*,#8956,.F.);
#8959=ORIENTED_EDGE('',*,*,#8958,.F.);
#8961=ORIENTED_EDGE('',*,*,#8960,.F.);
#8963=ORIENTED_EDGE('',*,*,#8962,.F.);
#8965=ORIENTED_EDGE('',*,*,#8964,.F.);
#8967=ORIENTED_EDGE('',*,*,#8966,.F.);
#8969=ORIENTED_EDGE('',*,*,#8968,.F.);
#8971=ORIENTED_EDGE('',*,*,#8970,.F.);
#8972=EDGE_LOOP('',(#8924,#8925,#8927,#8929,#8931,#8933,#8935,#8937,#8939,#8941,
#8943,#8945,#8947,#8949,#8951,#8953,#8955,#8957,#8959,#8961,#8963,#8965,#8967,
#8969,#8971));
#8973=FACE_OUTER_BOUND('',#8972,.F.);
#8974=ADVANCED_FACE('',(#8973),#8923,.T.);
#8975=CARTESIAN_POINT('',(2.15E0,-1.2E0,3.25E0));
#8976=DIRECTION('',(0.E0,-1.E0,0.E0));
#8977=DIRECTION('',(0.E0,0.E0,-1.E0));
#8978=AXIS2_PLACEMENT_3D('',#8975,#8976,#8977);
#8979=PLANE('',#8978);
#8980=ORIENTED_EDGE('',*,*,#4771,.F.);
#8981=ORIENTED_EDGE('',*,*,#8826,.F.);
#8983=ORIENTED_EDGE('',*,*,#8982,.T.);
#8984=ORIENTED_EDGE('',*,*,#8907,.T.);
#8985=EDGE_LOOP('',(#8980,#8981,#8983,#8984));
#8986=FACE_OUTER_BOUND('',#8985,.F.);
#8987=ADVANCED_FACE('',(#8986),#8979,.T.);
#8988=CARTESIAN_POINT('',(2.15E0,-7.E-1,3.25E0));
#8989=DIRECTION('',(1.E0,0.E0,0.E0));
#8990=DIRECTION('',(0.E0,0.E0,-1.E0));
#8991=AXIS2_PLACEMENT_3D('',#8988,#8989,#8990);
#8992=CYLINDRICAL_SURFACE('',#8991,5.E-1);
#8993=ORIENTED_EDGE('',*,*,#8824,.F.);
#8995=ORIENTED_EDGE('',*,*,#8994,.T.);
#8996=ORIENTED_EDGE('',*,*,#8909,.T.);
#8997=ORIENTED_EDGE('',*,*,#8982,.F.);
#8998=EDGE_LOOP('',(#8993,#8995,#8996,#8997));
#8999=FACE_OUTER_BOUND('',#8998,.F.);
#9000=ADVANCED_FACE('',(#8999),#8992,.T.);
#9001=CARTESIAN_POINT('',(2.15E0,7.E-1,3.75E0));
#9002=DIRECTION('',(0.E0,0.E0,1.E0));
#9003=DIRECTION('',(0.E0,-1.E0,0.E0));
#9004=AXIS2_PLACEMENT_3D('',#9001,#9002,#9003);
#9005=PLANE('',#9004);
#9006=ORIENTED_EDGE('',*,*,#8822,.F.);
#9008=ORIENTED_EDGE('',*,*,#9007,.T.);
#9009=ORIENTED_EDGE('',*,*,#8911,.T.);
#9010=ORIENTED_EDGE('',*,*,#8994,.F.);
#9011=EDGE_LOOP('',(#9006,#9008,#9009,#9010));
#9012=FACE_OUTER_BOUND('',#9011,.F.);
#9013=ADVANCED_FACE('',(#9012),#9005,.T.);
#9014=CARTESIAN_POINT('',(2.15E0,7.E-1,3.25E0));
#9015=DIRECTION('',(1.E0,0.E0,0.E0));
#9016=DIRECTION('',(0.E0,0.E0,-1.E0));
#9017=AXIS2_PLACEMENT_3D('',#9014,#9015,#9016);
#9018=CYLINDRICAL_SURFACE('',#9017,5.E-1);
#9019=ORIENTED_EDGE('',*,*,#8820,.F.);
#9020=ORIENTED_EDGE('',*,*,#8895,.T.);
#9021=ORIENTED_EDGE('',*,*,#8913,.T.);
#9022=ORIENTED_EDGE('',*,*,#9007,.F.);
#9023=EDGE_LOOP('',(#9019,#9020,#9021,#9022));
#9024=FACE_OUTER_BOUND('',#9023,.F.);
#9025=ADVANCED_FACE('',(#9024),#9018,.T.);
#9026=CARTESIAN_POINT('',(2.15E0,1.4E0,-3.3E0));
#9027=DIRECTION('',(0.E0,0.E0,-1.E0));
#9028=DIRECTION('',(0.E0,1.E0,0.E0));
#9029=AXIS2_PLACEMENT_3D('',#9026,#9027,#9028);
#9030=PLANE('',#9029);
#9031=ORIENTED_EDGE('',*,*,#5135,.F.);
#9032=ORIENTED_EDGE('',*,*,#8881,.F.);
#9034=ORIENTED_EDGE('',*,*,#9033,.T.);
#9035=ORIENTED_EDGE('',*,*,#8926,.T.);
#9036=EDGE_LOOP('',(#9031,#9032,#9034,#9035));
#9037=FACE_OUTER_BOUND('',#9036,.F.);
#9038=ADVANCED_FACE('',(#9037),#9030,.T.);
#9039=CARTESIAN_POINT('',(2.15E0,1.4E0,-4.768148347422E0));
#9040=DIRECTION('',(0.E0,1.E0,0.E0));
#9041=DIRECTION('',(0.E0,0.E0,1.E0));
#9042=AXIS2_PLACEMENT_3D('',#9039,#9040,#9041);
#9043=PLANE('',#9042);
#9044=ORIENTED_EDGE('',*,*,#8879,.F.);
#9046=ORIENTED_EDGE('',*,*,#9045,.T.);
#9047=ORIENTED_EDGE('',*,*,#8928,.T.);
#9048=ORIENTED_EDGE('',*,*,#9033,.F.);
#9049=EDGE_LOOP('',(#9044,#9046,#9047,#9048));
#9050=FACE_OUTER_BOUND('',#9049,.F.);
#9051=ADVANCED_FACE('',(#9050),#9043,.T.);
#9052=CARTESIAN_POINT('',(2.15E0,9.E-1,-4.768148347422E0));
#9053=DIRECTION('',(1.E0,0.E0,0.E0));
#9054=DIRECTION('',(0.E0,0.E0,-1.E0));
#9055=AXIS2_PLACEMENT_3D('',#9052,#9053,#9054);
#9056=CYLINDRICAL_SURFACE('',#9055,5.E-1);
#9057=ORIENTED_EDGE('',*,*,#8877,.F.);
#9059=ORIENTED_EDGE('',*,*,#9058,.T.);
#9060=ORIENTED_EDGE('',*,*,#8930,.T.);
#9061=ORIENTED_EDGE('',*,*,#9045,.F.);
#9062=EDGE_LOOP('',(#9057,#9059,#9060,#9061));
#9063=FACE_OUTER_BOUND('',#9062,.F.);
#9064=ADVANCED_FACE('',(#9063),#9056,.T.);
#9065=CARTESIAN_POINT('',(2.15E0,9.397197676620E-1,-6.551763809021E0));
#9066=DIRECTION('',(0.E0,9.659258262891E-1,-2.588190451025E-1));
#9067=DIRECTION('',(0.E0,2.588190451025E-1,9.659258262891E-1));
#9068=AXIS2_PLACEMENT_3D('',#9065,#9066,#9067);
#9069=PLANE('',#9068);
#9070=ORIENTED_EDGE('',*,*,#8875,.F.);
#9072=ORIENTED_EDGE('',*,*,#9071,.T.);
#9073=ORIENTED_EDGE('',*,*,#8932,.T.);
#9074=ORIENTED_EDGE('',*,*,#9058,.F.);
#9075=EDGE_LOOP('',(#9070,#9072,#9073,#9074));
#9076=FACE_OUTER_BOUND('',#9075,.F.);
#9077=ADVANCED_FACE('',(#9076),#9069,.T.);
#9078=CARTESIAN_POINT('',(2.15E0,7.465346024042E-1,-6.5E0));
#9079=DIRECTION('',(1.E0,0.E0,0.E0));
#9080=DIRECTION('',(0.E0,0.E0,-1.E0));
#9081=AXIS2_PLACEMENT_3D('',#9078,#9079,#9080);
#9082=CYLINDRICAL_SURFACE('',#9081,2.E-1);
#9083=ORIENTED_EDGE('',*,*,#8873,.F.);
#9085=ORIENTED_EDGE('',*,*,#9084,.T.);
#9086=ORIENTED_EDGE('',*,*,#8934,.T.);
#9087=ORIENTED_EDGE('',*,*,#9071,.F.);
#9088=EDGE_LOOP('',(#9083,#9085,#9086,#9087));
#9089=FACE_OUTER_BOUND('',#9088,.F.);
#9090=ADVANCED_FACE('',(#9089),#9082,.T.);
#9091=CARTESIAN_POINT('',(2.15E0,4.E-1,-6.7E0));
#9092=DIRECTION('',(0.E0,0.E0,-1.E0));
#9093=DIRECTION('',(0.E0,1.E0,0.E0));
#9094=AXIS2_PLACEMENT_3D('',#9091,#9092,#9093);
#9095=PLANE('',#9094);
#9096=ORIENTED_EDGE('',*,*,#8871,.F.);
#9098=ORIENTED_EDGE('',*,*,#9097,.T.);
#9099=ORIENTED_EDGE('',*,*,#8936,.T.);
#9100=ORIENTED_EDGE('',*,*,#9084,.F.);
#9101=EDGE_LOOP('',(#9096,#9098,#9099,#9100));
#9102=FACE_OUTER_BOUND('',#9101,.F.);
#9103=ADVANCED_FACE('',(#9102),#9095,.T.);
#9104=CARTESIAN_POINT('',(2.15E0,4.E-1,-5.8E0));
#9105=DIRECTION('',(0.E0,-1.E0,0.E0));
#9106=DIRECTION('',(0.E0,0.E0,-1.E0));
#9107=AXIS2_PLACEMENT_3D('',#9104,#9105,#9106);
#9108=PLANE('',#9107);
#9109=ORIENTED_EDGE('',*,*,#8869,.F.);
#9111=ORIENTED_EDGE('',*,*,#9110,.T.);
#9112=ORIENTED_EDGE('',*,*,#8938,.T.);
#9113=ORIENTED_EDGE('',*,*,#9097,.F.);
#9114=EDGE_LOOP('',(#9109,#9111,#9112,#9113));
#9115=FACE_OUTER_BOUND('',#9114,.F.);
#9116=ADVANCED_FACE('',(#9115),#9108,.T.);
#9117=CARTESIAN_POINT('',(2.15E0,4.5E-1,-5.8E0));
#9118=DIRECTION('',(0.E0,0.E0,1.E0));
#9119=DIRECTION('',(0.E0,-1.E0,0.E0));
#9120=AXIS2_PLACEMENT_3D('',#9117,#9118,#9119);
#9121=PLANE('',#9120);
#9122=ORIENTED_EDGE('',*,*,#8867,.F.);
#9124=ORIENTED_EDGE('',*,*,#9123,.T.);
#9125=ORIENTED_EDGE('',*,*,#8940,.T.);
#9126=ORIENTED_EDGE('',*,*,#9110,.F.);
#9127=EDGE_LOOP('',(#9122,#9124,#9125,#9126));
#9128=FACE_OUTER_BOUND('',#9127,.F.);
#9129=ADVANCED_FACE('',(#9128),#9121,.T.);
#9130=CARTESIAN_POINT('',(2.15E0,4.5E-1,-5.7E0));
#9131=DIRECTION('',(1.E0,0.E0,0.E0));
#9132=DIRECTION('',(0.E0,0.E0,-1.E0));
#9133=AXIS2_PLACEMENT_3D('',#9130,#9131,#9132);
#9134=CYLINDRICAL_SURFACE('',#9133,1.E-1);
#9135=ORIENTED_EDGE('',*,*,#8865,.F.);
#9137=ORIENTED_EDGE('',*,*,#9136,.T.);
#9138=ORIENTED_EDGE('',*,*,#8942,.T.);
#9139=ORIENTED_EDGE('',*,*,#9123,.F.);
#9140=EDGE_LOOP('',(#9135,#9137,#9138,#9139));
#9141=FACE_OUTER_BOUND('',#9140,.F.);
#9142=ADVANCED_FACE('',(#9141),#9134,.F.);
#9143=CARTESIAN_POINT('',(2.15E0,5.5E-1,-5.6E0));
#9144=DIRECTION('',(0.E0,-1.E0,0.E0));
#9145=DIRECTION('',(0.E0,0.E0,-1.E0));
#9146=AXIS2_PLACEMENT_3D('',#9143,#9144,#9145);
#9147=PLANE('',#9146);
#9148=ORIENTED_EDGE('',*,*,#8863,.F.);
#9150=ORIENTED_EDGE('',*,*,#9149,.T.);
#9151=ORIENTED_EDGE('',*,*,#8944,.T.);
#9152=ORIENTED_EDGE('',*,*,#9136,.F.);
#9153=EDGE_LOOP('',(#9148,#9150,#9151,#9152));
#9154=FACE_OUTER_BOUND('',#9153,.F.);
#9155=ADVANCED_FACE('',(#9154),#9147,.T.);
#9156=CARTESIAN_POINT('',(2.15E0,4.5E-1,-5.6E0));
#9157=DIRECTION('',(1.E0,0.E0,0.E0));
#9158=DIRECTION('',(0.E0,0.E0,-1.E0));
#9159=AXIS2_PLACEMENT_3D('',#9156,#9157,#9158);
#9160=CYLINDRICAL_SURFACE('',#9159,1.E-1);
#9161=ORIENTED_EDGE('',*,*,#8861,.F.);
#9163=ORIENTED_EDGE('',*,*,#9162,.T.);
#9164=ORIENTED_EDGE('',*,*,#8946,.T.);
#9165=ORIENTED_EDGE('',*,*,#9149,.F.);
#9166=EDGE_LOOP('',(#9161,#9163,#9164,#9165));
#9167=FACE_OUTER_BOUND('',#9166,.F.);
#9168=ADVANCED_FACE('',(#9167),#9160,.F.);
#9169=CARTESIAN_POINT('',(2.15E0,-4.999999999999E-2,-5.5E0));
#9170=DIRECTION('',(0.E0,0.E0,-1.E0));
#9171=DIRECTION('',(0.E0,1.E0,0.E0));
#9172=AXIS2_PLACEMENT_3D('',#9169,#9170,#9171);
#9173=PLANE('',#9172);
#9174=ORIENTED_EDGE('',*,*,#8859,.F.);
#9176=ORIENTED_EDGE('',*,*,#9175,.T.);
#9177=ORIENTED_EDGE('',*,*,#8948,.T.);
#9178=ORIENTED_EDGE('',*,*,#9162,.F.);
#9179=EDGE_LOOP('',(#9174,#9176,#9177,#9178));
#9180=FACE_OUTER_BOUND('',#9179,.F.);
#9181=ADVANCED_FACE('',(#9180),#9173,.T.);
#9182=CARTESIAN_POINT('',(2.15E0,-4.999999999999E-2,-5.15E0));
#9183=DIRECTION('',(1.E0,0.E0,0.E0));
#9184=DIRECTION('',(0.E0,0.E0,-1.E0));
#9185=AXIS2_PLACEMENT_3D('',#9182,#9183,#9184);
#9186=CYLINDRICAL_SURFACE('',#9185,3.5E-1);
#9187=ORIENTED_EDGE('',*,*,#8857,.F.);
#9189=ORIENTED_EDGE('',*,*,#9188,.T.);
#9190=ORIENTED_EDGE('',*,*,#8950,.T.);
#9191=ORIENTED_EDGE('',*,*,#9175,.F.);
#9192=EDGE_LOOP('',(#9187,#9189,#9190,#9191));
#9193=FACE_OUTER_BOUND('',#9192,.F.);
#9194=ADVANCED_FACE('',(#9193),#9186,.T.);
#9195=CARTESIAN_POINT('',(2.15E0,4.5E-1,-4.8E0));
#9196=DIRECTION('',(0.E0,0.E0,1.E0));
#9197=DIRECTION('',(0.E0,-1.E0,0.E0));
#9198=AXIS2_PLACEMENT_3D('',#9195,#9196,#9197);
#9199=PLANE('',#9198);
#9200=ORIENTED_EDGE('',*,*,#8855,.F.);
#9202=ORIENTED_EDGE('',*,*,#9201,.T.);
#9203=ORIENTED_EDGE('',*,*,#8952,.T.);
#9204=ORIENTED_EDGE('',*,*,#9188,.F.);
#9205=EDGE_LOOP('',(#9200,#9202,#9203,#9204));
#9206=FACE_OUTER_BOUND('',#9205,.F.);
#9207=ADVANCED_FACE('',(#9206),#9199,.T.);
#9208=CARTESIAN_POINT('',(2.15E0,4.5E-1,-4.7E0));
#9209=DIRECTION('',(1.E0,0.E0,0.E0));
#9210=DIRECTION('',(0.E0,0.E0,-1.E0));
#9211=AXIS2_PLACEMENT_3D('',#9208,#9209,#9210);
#9212=CYLINDRICAL_SURFACE('',#9211,1.E-1);
#9213=ORIENTED_EDGE('',*,*,#8853,.F.);
#9215=ORIENTED_EDGE('',*,*,#9214,.T.);
#9216=ORIENTED_EDGE('',*,*,#8954,.T.);
#9217=ORIENTED_EDGE('',*,*,#9201,.F.);
#9218=EDGE_LOOP('',(#9213,#9215,#9216,#9217));
#9219=FACE_OUTER_BOUND('',#9218,.F.);
#9220=ADVANCED_FACE('',(#9219),#9212,.F.);
#9221=CARTESIAN_POINT('',(2.15E0,5.5E-1,-4.6E0));
#9222=DIRECTION('',(0.E0,-1.E0,0.E0));
#9223=DIRECTION('',(0.E0,0.E0,-1.E0));
#9224=AXIS2_PLACEMENT_3D('',#9221,#9222,#9223);
#9225=PLANE('',#9224);
#9226=ORIENTED_EDGE('',*,*,#8851,.F.);
#9228=ORIENTED_EDGE('',*,*,#9227,.T.);
#9229=ORIENTED_EDGE('',*,*,#8956,.T.);
#9230=ORIENTED_EDGE('',*,*,#9214,.F.);
#9231=EDGE_LOOP('',(#9226,#9228,#9229,#9230));
#9232=FACE_OUTER_BOUND('',#9231,.F.);
#9233=ADVANCED_FACE('',(#9232),#9225,.T.);
#9234=CARTESIAN_POINT('',(2.15E0,4.5E-1,-4.6E0));
#9235=DIRECTION('',(1.E0,0.E0,0.E0));
#9236=DIRECTION('',(0.E0,0.E0,-1.E0));
#9237=AXIS2_PLACEMENT_3D('',#9234,#9235,#9236);
#9238=CYLINDRICAL_SURFACE('',#9237,1.E-1);
#9239=ORIENTED_EDGE('',*,*,#8849,.F.);
#9241=ORIENTED_EDGE('',*,*,#9240,.T.);
#9242=ORIENTED_EDGE('',*,*,#8958,.T.);
#9243=ORIENTED_EDGE('',*,*,#9227,.F.);
#9244=EDGE_LOOP('',(#9239,#9241,#9242,#9243));
#9245=FACE_OUTER_BOUND('',#9244,.F.);
#9246=ADVANCED_FACE('',(#9245),#9238,.F.);
#9247=CARTESIAN_POINT('',(2.15E0,4.E-1,-4.5E0));
#9248=DIRECTION('',(0.E0,0.E0,-1.E0));
#9249=DIRECTION('',(0.E0,1.E0,0.E0));
#9250=AXIS2_PLACEMENT_3D('',#9247,#9248,#9249);
#9251=PLANE('',#9250);
#9252=ORIENTED_EDGE('',*,*,#8847,.F.);
#9254=ORIENTED_EDGE('',*,*,#9253,.T.);
#9255=ORIENTED_EDGE('',*,*,#8960,.T.);
#9256=ORIENTED_EDGE('',*,*,#9240,.F.);
#9257=EDGE_LOOP('',(#9252,#9254,#9255,#9256));
#9258=FACE_OUTER_BOUND('',#9257,.F.);
#9259=ADVANCED_FACE('',(#9258),#9251,.T.);
#9260=CARTESIAN_POINT('',(2.15E0,4.E-1,-3.7E0));
#9261=DIRECTION('',(0.E0,-1.E0,0.E0));
#9262=DIRECTION('',(0.E0,0.E0,-1.E0));
#9263=AXIS2_PLACEMENT_3D('',#9260,#9261,#9262);
#9264=PLANE('',#9263);
#9265=ORIENTED_EDGE('',*,*,#8845,.F.);
#9267=ORIENTED_EDGE('',*,*,#9266,.T.);
#9268=ORIENTED_EDGE('',*,*,#8962,.T.);
#9269=ORIENTED_EDGE('',*,*,#9253,.F.);
#9270=EDGE_LOOP('',(#9265,#9267,#9268,#9269));
#9271=FACE_OUTER_BOUND('',#9270,.F.);
#9272=ADVANCED_FACE('',(#9271),#9264,.T.);
#9273=CARTESIAN_POINT('',(2.15E0,7.E-1,-3.7E0));
#9274=DIRECTION('',(0.E0,0.E0,1.E0));
#9275=DIRECTION('',(0.E0,-1.E0,0.E0));
#9276=AXIS2_PLACEMENT_3D('',#9273,#9274,#9275);
#9277=PLANE('',#9276);
#9278=ORIENTED_EDGE('',*,*,#8843,.F.);
#9280=ORIENTED_EDGE('',*,*,#9279,.T.);
#9281=ORIENTED_EDGE('',*,*,#8964,.T.);
#9282=ORIENTED_EDGE('',*,*,#9266,.F.);
#9283=EDGE_LOOP('',(#9278,#9280,#9281,#9282));
#9284=FACE_OUTER_BOUND('',#9283,.F.);
#9285=ADVANCED_FACE('',(#9284),#9277,.T.);
#9286=CARTESIAN_POINT('',(2.15E0,7.E-1,-2.7E0));
#9287=DIRECTION('',(0.E0,-1.E0,0.E0));
#9288=DIRECTION('',(0.E0,0.E0,-1.E0));
#9289=AXIS2_PLACEMENT_3D('',#9286,#9287,#9288);
#9290=PLANE('',#9289);
#9291=ORIENTED_EDGE('',*,*,#8841,.F.);
#9293=ORIENTED_EDGE('',*,*,#9292,.T.);
#9294=ORIENTED_EDGE('',*,*,#8966,.T.);
#9295=ORIENTED_EDGE('',*,*,#9279,.F.);
#9296=EDGE_LOOP('',(#9291,#9293,#9294,#9295));
#9297=FACE_OUTER_BOUND('',#9296,.F.);
#9298=ADVANCED_FACE('',(#9297),#9290,.T.);
#9299=CARTESIAN_POINT('',(2.15E0,-2.2E0,-2.7E0));
#9300=DIRECTION('',(0.E0,0.E0,-1.E0));
#9301=DIRECTION('',(0.E0,1.E0,0.E0));
#9302=AXIS2_PLACEMENT_3D('',#9299,#9300,#9301);
#9303=PLANE('',#9302);
#9304=ORIENTED_EDGE('',*,*,#8839,.F.);
#9306=ORIENTED_EDGE('',*,*,#9305,.T.);
#9307=ORIENTED_EDGE('',*,*,#8968,.T.);
#9308=ORIENTED_EDGE('',*,*,#9292,.F.);
#9309=EDGE_LOOP('',(#9304,#9306,#9307,#9308));
#9310=FACE_OUTER_BOUND('',#9309,.F.);
#9311=ADVANCED_FACE('',(#9310),#9303,.T.);
#9312=CARTESIAN_POINT('',(2.15E0,-2.2E0,-2.5E0));
#9313=DIRECTION('',(0.E0,-1.E0,0.E0));
#9314=DIRECTION('',(0.E0,0.E0,-1.E0));
#9315=AXIS2_PLACEMENT_3D('',#9312,#9313,#9314);
#9316=PLANE('',#9315);
#9317=ORIENTED_EDGE('',*,*,#4816,.T.);
#9318=ORIENTED_EDGE('',*,*,#8970,.T.);
#9319=ORIENTED_EDGE('',*,*,#9305,.F.);
#9320=ORIENTED_EDGE('',*,*,#8837,.F.);
#9321=EDGE_LOOP('',(#9317,#9318,#9319,#9320));
#9322=FACE_OUTER_BOUND('',#9321,.F.);
#9323=ADVANCED_FACE('',(#9322),#9316,.T.);
#9324=CARTESIAN_POINT('',(5.603033008589E0,1.803033008589E0,7.5E-2));
#9325=DIRECTION('',(5.E-1,5.E-1,7.071067811865E-1));
#9326=DIRECTION('',(-5.E-1,-5.E-1,7.071067811866E-1));
#9327=AXIS2_PLACEMENT_3D('',#9324,#9325,#9326);
#9328=PLANE('',#9327);
#9329=ORIENTED_EDGE('',*,*,#4711,.T.);
#9331=ORIENTED_EDGE('',*,*,#9330,.F.);
#9333=ORIENTED_EDGE('',*,*,#9332,.F.);
#9335=ORIENTED_EDGE('',*,*,#9334,.T.);
#9336=EDGE_LOOP('',(#9329,#9331,#9333,#9335));
#9337=FACE_OUTER_BOUND('',#9336,.F.);
#9338=ADVANCED_FACE('',(#9337),#9328,.T.);
#9339=CARTESIAN_POINT('',(5.875E0,0.E0,7.5E-2));
#9340=DIRECTION('',(7.071067811865E-1,0.E0,7.071067811865E-1));
#9341=DIRECTION('',(7.071067811865E-1,0.E0,-7.071067811865E-1));
#9342=AXIS2_PLACEMENT_3D('',#9339,#9340,#9341);
#9343=PLANE('',#9342);
#9344=ORIENTED_EDGE('',*,*,#4725,.F.);
#9346=ORIENTED_EDGE('',*,*,#9345,.F.);
#9348=ORIENTED_EDGE('',*,*,#9347,.T.);
#9349=ORIENTED_EDGE('',*,*,#9330,.T.);
#9350=EDGE_LOOP('',(#9344,#9346,#9348,#9349));
#9351=FACE_OUTER_BOUND('',#9350,.F.);
#9352=ADVANCED_FACE('',(#9351),#9343,.T.);
#9353=CARTESIAN_POINT('',(5.603033008589E0,-1.803033008589E0,7.5E-2));
#9354=DIRECTION('',(5.E-1,-5.E-1,7.071067811865E-1));
#9355=DIRECTION('',(-5.E-1,5.E-1,7.071067811866E-1));
#9356=AXIS2_PLACEMENT_3D('',#9353,#9354,#9355);
#9357=PLANE('',#9356);
#9359=ORIENTED_EDGE('',*,*,#9358,.F.);
#9360=ORIENTED_EDGE('',*,*,#9345,.T.);
#9361=ORIENTED_EDGE('',*,*,#4723,.T.);
#9363=ORIENTED_EDGE('',*,*,#9362,.F.);
#9364=EDGE_LOOP('',(#9359,#9360,#9361,#9363));
#9365=FACE_OUTER_BOUND('',#9364,.F.);
#9366=ADVANCED_FACE('',(#9365),#9357,.T.);
#9367=CARTESIAN_POINT('',(5.55E0,-1.75E0,2.525E0));
#9368=DIRECTION('',(7.071067811865E-1,-7.071067811865E-1,0.E0));
#9369=DIRECTION('',(-7.071067811865E-1,-7.071067811865E-1,0.E0));
#9370=AXIS2_PLACEMENT_3D('',#9367,#9368,#9369);
#9371=PLANE('',#9370);
#9372=ORIENTED_EDGE('',*,*,#9358,.T.);
#9374=ORIENTED_EDGE('',*,*,#9373,.F.);
#9376=ORIENTED_EDGE('',*,*,#9375,.T.);
#9378=ORIENTED_EDGE('',*,*,#9377,.T.);
#9379=EDGE_LOOP('',(#9372,#9374,#9376,#9378));
#9380=FACE_OUTER_BOUND('',#9379,.F.);
#9381=ADVANCED_FACE('',(#9380),#9371,.T.);
#9382=CARTESIAN_POINT('',(4.2E0,-2.E0,5.05E0));
#9383=DIRECTION('',(0.E0,-1.E0,0.E0));
#9384=DIRECTION('',(0.E0,0.E0,-1.E0));
#9385=AXIS2_PLACEMENT_3D('',#9382,#9383,#9384);
#9386=PLANE('',#9385);
#9388=ORIENTED_EDGE('',*,*,#9387,.F.);
#9390=ORIENTED_EDGE('',*,*,#9389,.T.);
#9392=ORIENTED_EDGE('',*,*,#9391,.F.);
#9393=ORIENTED_EDGE('',*,*,#9373,.T.);
#9394=EDGE_LOOP('',(#9388,#9390,#9392,#9393));
#9395=FACE_OUTER_BOUND('',#9394,.F.);
#9396=ADVANCED_FACE('',(#9395),#9386,.T.);
#9397=CARTESIAN_POINT('',(5.E0,-2.075E0,7.5E-2));
#9398=DIRECTION('',(0.E0,-7.071067811865E-1,7.071067811865E-1));
#9399=DIRECTION('',(0.E0,-7.071067811865E-1,-7.071067811865E-1));
#9400=AXIS2_PLACEMENT_3D('',#9397,#9398,#9399);
#9401=PLANE('',#9400);
#9402=ORIENTED_EDGE('',*,*,#4721,.F.);
#9404=ORIENTED_EDGE('',*,*,#9403,.F.);
#9405=ORIENTED_EDGE('',*,*,#9387,.T.);
#9406=ORIENTED_EDGE('',*,*,#9362,.T.);
#9407=EDGE_LOOP('',(#9402,#9404,#9405,#9406));
#9408=FACE_OUTER_BOUND('',#9407,.F.);
#9409=ADVANCED_FACE('',(#9408),#9401,.T.);
#9410=CARTESIAN_POINT('',(4.396966991411E0,-1.803033008589E0,7.5E-2));
#9411=DIRECTION('',(-5.E-1,-5.E-1,7.071067811865E-1));
#9412=DIRECTION('',(5.E-1,5.E-1,7.071067811865E-1));
#9413=AXIS2_PLACEMENT_3D('',#9410,#9411,#9412);
#9414=PLANE('',#9413);
#9415=ORIENTED_EDGE('',*,*,#4719,.T.);
#9417=ORIENTED_EDGE('',*,*,#9416,.F.);
#9419=ORIENTED_EDGE('',*,*,#9418,.F.);
#9420=ORIENTED_EDGE('',*,*,#9403,.T.);
#9421=EDGE_LOOP('',(#9415,#9417,#9419,#9420));
#9422=FACE_OUTER_BOUND('',#9421,.F.);
#9423=ADVANCED_FACE('',(#9422),#9414,.T.);
#9424=CARTESIAN_POINT('',(4.125E0,0.E0,7.5E-2));
#9425=DIRECTION('',(-7.071067811865E-1,0.E0,7.071067811865E-1));
#9426=DIRECTION('',(-7.071067811865E-1,0.E0,-7.071067811865E-1));
#9427=AXIS2_PLACEMENT_3D('',#9424,#9425,#9426);
#9428=PLANE('',#9427);
#9429=ORIENTED_EDGE('',*,*,#4717,.F.);
#9431=ORIENTED_EDGE('',*,*,#9430,.F.);
#9433=ORIENTED_EDGE('',*,*,#9432,.T.);
#9434=ORIENTED_EDGE('',*,*,#9416,.T.);
#9435=EDGE_LOOP('',(#9429,#9431,#9433,#9434));
#9436=FACE_OUTER_BOUND('',#9435,.F.);
#9437=ADVANCED_FACE('',(#9436),#9428,.T.);
#9438=CARTESIAN_POINT('',(4.396966991411E0,1.803033008589E0,7.5E-2));
#9439=DIRECTION('',(-5.E-1,5.E-1,7.071067811865E-1));
#9440=DIRECTION('',(5.E-1,-5.E-1,7.071067811866E-1));
#9441=AXIS2_PLACEMENT_3D('',#9438,#9439,#9440);
#9442=PLANE('',#9441);
#9444=ORIENTED_EDGE('',*,*,#9443,.F.);
#9445=ORIENTED_EDGE('',*,*,#9430,.T.);
#9446=ORIENTED_EDGE('',*,*,#4715,.T.);
#9448=ORIENTED_EDGE('',*,*,#9447,.F.);
#9449=EDGE_LOOP('',(#9444,#9445,#9446,#9448));
#9450=FACE_OUTER_BOUND('',#9449,.F.);
#9451=ADVANCED_FACE('',(#9450),#9442,.T.);
#9452=CARTESIAN_POINT('',(4.45E0,1.75E0,2.525E0));
#9453=DIRECTION('',(-7.071067811865E-1,7.071067811865E-1,0.E0));
#9454=DIRECTION('',(7.071067811865E-1,7.071067811865E-1,0.E0));
#9455=AXIS2_PLACEMENT_3D('',#9452,#9453,#9454);
#9456=PLANE('',#9455);
#9457=ORIENTED_EDGE('',*,*,#9443,.T.);
#9459=ORIENTED_EDGE('',*,*,#9458,.F.);
#9461=ORIENTED_EDGE('',*,*,#9460,.T.);
#9463=ORIENTED_EDGE('',*,*,#9462,.T.);
#9464=EDGE_LOOP('',(#9457,#9459,#9461,#9463));
#9465=FACE_OUTER_BOUND('',#9464,.F.);
#9466=ADVANCED_FACE('',(#9465),#9456,.T.);
#9467=CARTESIAN_POINT('',(4.2E0,2.E0,0.E0));
#9468=DIRECTION('',(0.E0,1.E0,0.E0));
#9469=DIRECTION('',(0.E0,0.E0,1.E0));
#9470=AXIS2_PLACEMENT_3D('',#9467,#9468,#9469);
#9471=PLANE('',#9470);
#9473=ORIENTED_EDGE('',*,*,#9472,.F.);
#9475=ORIENTED_EDGE('',*,*,#9474,.T.);
#9477=ORIENTED_EDGE('',*,*,#9476,.T.);
#9478=ORIENTED_EDGE('',*,*,#9458,.T.);
#9479=EDGE_LOOP('',(#9473,#9475,#9477,#9478));
#9480=FACE_OUTER_BOUND('',#9479,.F.);
#9481=ADVANCED_FACE('',(#9480),#9471,.T.);
#9482=CARTESIAN_POINT('',(5.E0,2.075E0,7.5E-2));
#9483=DIRECTION('',(0.E0,7.071067811865E-1,7.071067811865E-1));
#9484=DIRECTION('',(0.E0,7.071067811865E-1,-7.071067811865E-1));
#9485=AXIS2_PLACEMENT_3D('',#9482,#9483,#9484);
#9486=PLANE('',#9485);
#9487=ORIENTED_EDGE('',*,*,#4713,.F.);
#9488=ORIENTED_EDGE('',*,*,#9334,.F.);
#9489=ORIENTED_EDGE('',*,*,#9472,.T.);
#9490=ORIENTED_EDGE('',*,*,#9447,.T.);
#9491=EDGE_LOOP('',(#9487,#9488,#9489,#9490));
#9492=FACE_OUTER_BOUND('',#9491,.F.);
#9493=ADVANCED_FACE('',(#9492),#9486,.T.);
#9494=CARTESIAN_POINT('',(5.55E0,1.75E0,2.525E0));
#9495=DIRECTION('',(7.071067811865E-1,7.071067811865E-1,0.E0));
#9496=DIRECTION('',(-7.071067811865E-1,7.071067811865E-1,0.E0));
#9497=AXIS2_PLACEMENT_3D('',#9494,#9495,#9496);
#9498=PLANE('',#9497);
#9499=ORIENTED_EDGE('',*,*,#9332,.T.);
#9501=ORIENTED_EDGE('',*,*,#9500,.T.);
#9503=ORIENTED_EDGE('',*,*,#9502,.T.);
#9504=ORIENTED_EDGE('',*,*,#9474,.F.);
#9505=EDGE_LOOP('',(#9499,#9501,#9503,#9504));
#9506=FACE_OUTER_BOUND('',#9505,.F.);
#9507=ADVANCED_FACE('',(#9506),#9498,.T.);
#9508=CARTESIAN_POINT('',(5.8E0,0.E0,-6.2E0));
#9509=DIRECTION('',(1.E0,0.E0,0.E0));
#9510=DIRECTION('',(0.E0,0.E0,-1.E0));
#9511=AXIS2_PLACEMENT_3D('',#9508,#9509,#9510);
#9512=PLANE('',#9511);
#9513=ORIENTED_EDGE('',*,*,#9347,.F.);
#9514=ORIENTED_EDGE('',*,*,#9377,.F.);
#9516=ORIENTED_EDGE('',*,*,#9515,.F.);
#9517=ORIENTED_EDGE('',*,*,#9500,.F.);
#9518=EDGE_LOOP('',(#9513,#9514,#9516,#9517));
#9519=FACE_OUTER_BOUND('',#9518,.F.);
#9520=ADVANCED_FACE('',(#9519),#9512,.T.);
#9521=CARTESIAN_POINT('',(4.2E0,2.E0,5.05E0));
#9522=DIRECTION('',(0.E0,0.E0,1.E0));
#9523=DIRECTION('',(0.E0,-1.E0,0.E0));
#9524=AXIS2_PLACEMENT_3D('',#9521,#9522,#9523);
#9525=PLANE('',#9524);
#9527=ORIENTED_EDGE('',*,*,#9526,.F.);
#9528=ORIENTED_EDGE('',*,*,#9515,.T.);
#9530=ORIENTED_EDGE('',*,*,#9529,.T.);
#9532=ORIENTED_EDGE('',*,*,#9531,.F.);
#9533=EDGE_LOOP('',(#9527,#9528,#9530,#9532));
#9534=FACE_OUTER_BOUND('',#9533,.F.);
#9535=ADVANCED_FACE('',(#9534),#9525,.T.);
#9536=CARTESIAN_POINT('',(5.E0,1.75E0,4.8E0));
#9537=DIRECTION('',(0.E0,7.071067811865E-1,7.071067811865E-1));
#9538=DIRECTION('',(0.E0,7.071067811865E-1,-7.071067811865E-1));
#9539=AXIS2_PLACEMENT_3D('',#9536,#9537,#9538);
#9540=PLANE('',#9539);
#9541=ORIENTED_EDGE('',*,*,#9526,.T.);
#9542=ORIENTED_EDGE('',*,*,#9460,.F.);
#9543=ORIENTED_EDGE('',*,*,#9476,.F.);
#9544=ORIENTED_EDGE('',*,*,#9502,.F.);
#9545=EDGE_LOOP('',(#9541,#9542,#9543,#9544));
#9546=FACE_OUTER_BOUND('',#9545,.F.);
#9547=ADVANCED_FACE('',(#9546),#9540,.T.);
#9548=CARTESIAN_POINT('',(5.E0,-1.75E0,4.8E0));
#9549=DIRECTION('',(0.E0,-7.071067811865E-1,7.071067811865E-1));
#9550=DIRECTION('',(0.E0,7.071067811865E-1,7.071067811865E-1));
#9551=AXIS2_PLACEMENT_3D('',#9548,#9549,#9550);
#9552=PLANE('',#9551);
#9553=ORIENTED_EDGE('',*,*,#9529,.F.);
#9554=ORIENTED_EDGE('',*,*,#9375,.F.);
#9555=ORIENTED_EDGE('',*,*,#9391,.T.);
#9557=ORIENTED_EDGE('',*,*,#9556,.T.);
#9558=EDGE_LOOP('',(#9553,#9554,#9555,#9557));
#9559=FACE_OUTER_BOUND('',#9558,.F.);
#9560=ADVANCED_FACE('',(#9559),#9552,.T.);
#9561=CARTESIAN_POINT('',(4.45E0,-1.75E0,2.525E0));
#9562=DIRECTION('',(-7.071067811865E-1,-7.071067811865E-1,0.E0));
#9563=DIRECTION('',(7.071067811865E-1,-7.071067811865E-1,0.E0));
#9564=AXIS2_PLACEMENT_3D('',#9561,#9562,#9563);
#9565=PLANE('',#9564);
#9566=ORIENTED_EDGE('',*,*,#9418,.T.);
#9568=ORIENTED_EDGE('',*,*,#9567,.T.);
#9569=ORIENTED_EDGE('',*,*,#9556,.F.);
#9570=ORIENTED_EDGE('',*,*,#9389,.F.);
#9571=EDGE_LOOP('',(#9566,#9568,#9569,#9570));
#9572=FACE_OUTER_BOUND('',#9571,.F.);
#9573=ADVANCED_FACE('',(#9572),#9565,.T.);
#9574=CARTESIAN_POINT('',(4.2E0,0.E0,-6.2E0));
#9575=DIRECTION('',(1.E0,0.E0,0.E0));
#9576=DIRECTION('',(0.E0,0.E0,-1.E0));
#9577=AXIS2_PLACEMENT_3D('',#9574,#9575,#9576);
#9578=PLANE('',#9577);
#9579=ORIENTED_EDGE('',*,*,#9432,.F.);
#9580=ORIENTED_EDGE('',*,*,#9462,.F.);
#9581=ORIENTED_EDGE('',*,*,#9531,.T.);
#9582=ORIENTED_EDGE('',*,*,#9567,.F.);
#9583=EDGE_LOOP('',(#9579,#9580,#9581,#9582));
#9584=FACE_OUTER_BOUND('',#9583,.F.);
#9585=ADVANCED_FACE('',(#9584),#9578,.F.);
#9586=CLOSED_SHELL('',(#4789,#4804,#4871,#4890,#4947,#4961,#4979,#5036,#5049,
#5062,#5075,#5087,#5142,#5155,#5168,#5181,#5194,#5207,#5220,#5233,#5246,#5259,
#5272,#5285,#5298,#5311,#5324,#5337,#5350,#5363,#5376,#5389,#5402,#5415,#5428,
#5440,#5470,#5487,#5501,#5537,#5575,#5594,#5609,#5627,#5642,#5655,#5670,#5707,
#5729,#5753,#5770,#5784,#5799,#5818,#5833,#5849,#5867,#5880,#5917,#5932,#5946,
#5959,#5971,#5983,#6004,#6018,#6033,#6047,#6063,#6076,#6090,#6102,#6114,#6129,
#6141,#6167,#6183,#6196,#6211,#6230,#6245,#6261,#6279,#6294,#6310,#6332,#6369,
#6384,#6398,#6411,#6423,#6435,#6454,#6468,#6485,#6502,#6517,#6532,#6544,#6557,
#6571,#6583,#6596,#6611,#6624,#6637,#6650,#6664,#6676,#6688,#6700,#6712,#6725,
#6739,#6751,#6763,#6819,#6838,#6852,#6907,#6926,#6939,#6952,#6965,#6978,#6991,
#7004,#7017,#7030,#7043,#7056,#7069,#7082,#7095,#7108,#7121,#7134,#7147,#7160,
#7173,#7186,#7199,#7211,#7224,#7237,#7250,#7263,#7275,#7294,#7350,#7364,#7382,
#7438,#7451,#7464,#7477,#7489,#7502,#7515,#7528,#7541,#7554,#7567,#7580,#7593,
#7606,#7619,#7632,#7645,#7658,#7671,#7684,#7697,#7710,#7723,#7736,#7749,#7762,
#7775,#7787,#7806,#7862,#7876,#7894,#7950,#7963,#7976,#7989,#8001,#8014,#8027,
#8040,#8053,#8066,#8079,#8092,#8105,#8118,#8131,#8144,#8157,#8170,#8183,#8196,
#8209,#8222,#8235,#8248,#8261,#8274,#8287,#8299,#8318,#8374,#8388,#8406,#8462,
#8475,#8488,#8501,#8513,#8526,#8539,#8552,#8565,#8578,#8591,#8604,#8617,#8630,
#8643,#8656,#8669,#8682,#8695,#8708,#8721,#8734,#8747,#8760,#8773,#8786,#8799,
#8811,#8830,#8886,#8900,#8918,#8974,#8987,#9000,#9013,#9025,#9038,#9051,#9064,
#9077,#9090,#9103,#9116,#9129,#9142,#9155,#9168,#9181,#9194,#9207,#9220,#9233,
#9246,#9259,#9272,#9285,#9298,#9311,#9323,#9338,#9352,#9366,#9381,#9396,#9409,
#9423,#9437,#9451,#9466,#9481,#9493,#9507,#9520,#9535,#9547,#9560,#9573,#9585));
#9587=MANIFOLD_SOLID_BREP('',#9586);
#9588=(LENGTH_UNIT()NAMED_UNIT(*)SI_UNIT(.MILLI.,.METRE.));
#9589=DIMENSIONAL_EXPONENTS(0.E0,0.E0,0.E0,0.E0,0.E0,0.E0,0.E0);
#9590=(NAMED_UNIT(*)PLANE_ANGLE_UNIT()SI_UNIT($,.RADIAN.));
#9591=PLANE_ANGLE_MEASURE_WITH_UNIT(PLANE_ANGLE_MEASURE(1.745329251994E-2),
#9590);
#9592=(CONVERSION_BASED_UNIT('DEGREE',#9591)NAMED_UNIT(#9589)PLANE_ANGLE_UNIT(
));
#9593=(NAMED_UNIT(*)SI_UNIT($,.STERADIAN.)SOLID_ANGLE_UNIT());
#9594=UNCERTAINTY_MEASURE_WITH_UNIT(LENGTH_MEASURE(3.140408814076E-3),#9588,
'distance_accuracy_value',
'Maximum model space distance between geometric entities at asserted connectivities');
#9595=(GEOMETRIC_REPRESENTATION_CONTEXT(3)GLOBAL_UNCERTAINTY_ASSIGNED_CONTEXT((
#9594))GLOBAL_UNIT_ASSIGNED_CONTEXT((#9588,#9592,#9593))REPRESENTATION_CONTEXT(
'ID1','3'));
#9597=APPLICATION_CONTEXT('automotive_design');
#9598=APPLICATION_PROTOCOL_DEFINITION('international standard',
'automotive_design',2001,#9597);
#9599=PRODUCT_DEFINITION_CONTEXT('part definition',#9597,'design');
#9600=PRODUCT_CONTEXT('',#9597,'mechanical');
#9601=PRODUCT('C-6318977-3','C-6318977-3','NOT SPECIFIED',(#9600));
#9602=PRODUCT_DEFINITION_FORMATION('1','LAST_VERSION',#9601);
#9609=(LENGTH_UNIT()NAMED_UNIT(*)SI_UNIT(.MILLI.,.METRE.));
#9610=DERIVED_UNIT_ELEMENT(#9609,2.E0);
#9611=MEASURE_REPRESENTATION_ITEM('surface area measure',AREA_MEASURE(
8.803843024471E2),#9790);
#9615=(LENGTH_UNIT()NAMED_UNIT(*)SI_UNIT(.MILLI.,.METRE.));
#9616=DERIVED_UNIT_ELEMENT(#9615,3.E0);
#9617=MEASURE_REPRESENTATION_ITEM('volume measure',VOLUME_MEASURE(
4.365720710206E2),#9791);
#9621=CARTESIAN_POINT('centre point',(2.078745281635E-1,4.195469841414E-1,
-1.643491203422E0));
#9625=(LENGTH_UNIT()NAMED_UNIT(*)SI_UNIT(.MILLI.,.METRE.));
#9626=DERIVED_UNIT_ELEMENT(#9625,2.E0);
#9627=MEASURE_REPRESENTATION_ITEM('surface area measure',AREA_MEASURE(
8.803843024471E2),#9792);
#9631=(LENGTH_UNIT()NAMED_UNIT(*)SI_UNIT(.MILLI.,.METRE.));
#9632=DERIVED_UNIT_ELEMENT(#9631,3.E0);
#9633=MEASURE_REPRESENTATION_ITEM('volume measure',VOLUME_MEASURE(
4.365720710206E2),#9793);
#9637=CARTESIAN_POINT('centre point',(2.078745281635E-1,4.195469841414E-1,
-1.643491203422E0));
#9642=PRODUCT_RELATED_PRODUCT_CATEGORY('part','',(#9601));
#9644=GENERAL_PROPERTY('user defined attribute','','');
#9645=GENERAL_PROPERTY_ASSOCIATION('user defined attribute','',#9644,#9643);
#9646=DESCRIPTIVE_REPRESENTATION_ITEM('PART_NO','6318977');
#9650=GENERAL_PROPERTY('user defined attribute','','');
#9651=GENERAL_PROPERTY_ASSOCIATION('user defined attribute','',#9650,#9649);
#9652=DESCRIPTIVE_REPRESENTATION_ITEM('DWG_TITLE','PLUG ASSEMBLY 2.5mm PITCH');
#9656=GENERAL_PROPERTY('user defined attribute','','');
#9657=GENERAL_PROPERTY_ASSOCIATION('user defined attribute','',#9656,#9655);
#9658=DESCRIPTIVE_REPRESENTATION_ITEM('DWG_TITLE_2',
'BATTERY CONNECTOR WITHOUT NUT PLATE');
#9662=GENERAL_PROPERTY('user defined attribute','','');
#9663=GENERAL_PROPERTY_ASSOCIATION('user defined attribute','',#9662,#9661);
#9664=DESCRIPTIVE_REPRESENTATION_ITEM('DESC',
'PLUG ASSEMBLY 2.5mm PITCH BATTERY CONNECTOR WITHOUT NUT PLATE');
#9668=GENERAL_PROPERTY('user defined attribute','','');
#9669=GENERAL_PROPERTY_ASSOCIATION('user defined attribute','',#9668,#9667);
#9670=VALUE_REPRESENTATION_ITEM('SORT',NUMERIC_MEASURE(0.E0));
#9674=GENERAL_PROPERTY('user defined attribute','','');
#9675=GENERAL_PROPERTY_ASSOCIATION('user defined attribute','',#9674,#9673);
#9676=DESCRIPTIVE_REPRESENTATION_ITEM('TIR','A');
#9680=GENERAL_PROPERTY('user defined attribute','','');
#9681=GENERAL_PROPERTY_ASSOCIATION('user defined attribute','',#9680,#9679);
#9682=DESCRIPTIVE_REPRESENTATION_ITEM('DOC_STATUS','Active');
#9686=GENERAL_PROPERTY('user defined attribute','','');
#9687=GENERAL_PROPERTY_ASSOCIATION('user defined attribute','',#9686,#9685);
#9688=DESCRIPTIVE_REPRESENTATION_ITEM('AMPTYPE','F');
#9692=GENERAL_PROPERTY('user defined attribute','','');
#9693=GENERAL_PROPERTY_ASSOCIATION('user defined attribute','',#9692,#9691);
#9694=DESCRIPTIVE_REPRESENTATION_ITEM('MOD_NUM','MOD38094');
#9698=GENERAL_PROPERTY('user defined attribute','','');
#9699=GENERAL_PROPERTY_ASSOCIATION('user defined attribute','',#9698,#9697);
#9700=DESCRIPTIVE_REPRESENTATION_ITEM('PROI_CREATED_BY','FR015207');
#9704=GENERAL_PROPERTY('user defined attribute','','');
#9705=GENERAL_PROPERTY_ASSOCIATION('user defined attribute','',#9704,#9703);
#9706=DESCRIPTIVE_REPRESENTATION_ITEM('PROI_CREATED_ON','10/09/07 10:20:51');
#9710=GENERAL_PROPERTY('user defined attribute','','');
#9711=GENERAL_PROPERTY_ASSOCIATION('user defined attribute','',#9710,#9709);
#9712=DESCRIPTIVE_REPRESENTATION_ITEM('PROI_LOCATION',
'Root Folder/EMCS MOD SVCS/GPL-519');
#9716=GENERAL_PROPERTY('user defined attribute','','');
#9717=GENERAL_PROPERTY_ASSOCIATION('user defined attribute','',#9716,#9715);
#9718=DESCRIPTIVE_REPRESENTATION_ITEM('PTC_COMMON_NAME','');
#9722=GENERAL_PROPERTY('user defined attribute','','');
#9723=GENERAL_PROPERTY_ASSOCIATION('user defined attribute','',#9722,#9721);
#9724=DESCRIPTIVE_REPRESENTATION_ITEM('PART_REV','A');
#9728=GENERAL_PROPERTY('user defined attribute','','');
#9729=GENERAL_PROPERTY_ASSOCIATION('user defined attribute','',#9728,#9727);
#9730=DESCRIPTIVE_REPRESENTATION_ITEM('PDMREV','');
#9734=GENERAL_PROPERTY('user defined attribute','','');
#9735=GENERAL_PROPERTY_ASSOCIATION('user defined attribute','',#9734,#9733);
#9736=DESCRIPTIVE_REPRESENTATION_ITEM('PDMDB','');
#9740=GENERAL_PROPERTY('user defined attribute','','');
#9741=GENERAL_PROPERTY_ASSOCIATION('user defined attribute','',#9740,#9739);
#9742=DESCRIPTIVE_REPRESENTATION_ITEM('PDMRL','');
#9746=GENERAL_PROPERTY('user defined attribute','','');
#9747=GENERAL_PROPERTY_ASSOCIATION('user defined attribute','',#9746,#9745);
#9748=DESCRIPTIVE_REPRESENTATION_ITEM('PROI_REVISION','');
#9752=GENERAL_PROPERTY('user defined attribute','','');
#9753=GENERAL_PROPERTY_ASSOCIATION('user defined attribute','',#9752,#9751);
#9754=DESCRIPTIVE_REPRESENTATION_ITEM('PROI_VERSION','');
#9758=GENERAL_PROPERTY('user defined attribute','','');
#9759=GENERAL_PROPERTY_ASSOCIATION('user defined attribute','',#9758,#9757);
#9760=DESCRIPTIVE_REPRESENTATION_ITEM('PROI_BRANCH','');
#9764=GENERAL_PROPERTY('user defined attribute','','');
#9765=GENERAL_PROPERTY_ASSOCIATION('user defined attribute','',#9764,#9763);
#9766=DESCRIPTIVE_REPRESENTATION_ITEM('PROI_RELEASE','');
#9770=GENERAL_PROPERTY('user defined attribute','','');
#9771=GENERAL_PROPERTY_ASSOCIATION('user defined attribute','',#9770,#9769);
#9773=GENERAL_PROPERTY('user defined attribute','','');
#9774=GENERAL_PROPERTY_ASSOCIATION('user defined attribute','',#9773,#9772);
#9775=DESCRIPTIVE_REPRESENTATION_ITEM('DOC_LANGUAGE','English');
#9779=GENERAL_PROPERTY('user defined attribute','','');
#9780=GENERAL_PROPERTY_ASSOCIATION('user defined attribute','',#9779,#9778);
#9781=DESCRIPTIVE_REPRESENTATION_ITEM('REASON_DOC_CHANGE','Not Specified');
#9785=GENERAL_PROPERTY('user defined attribute','','');
#9786=GENERAL_PROPERTY_ASSOCIATION('user defined attribute','',#9785,#9784);
#9787=DESCRIPTIVE_REPRESENTATION_ITEM('SEND_WEIGHT','NO');
#352=CIRCLE('',#351,5.E-1);
#361=CIRCLE('',#360,5.E-1);
#394=CIRCLE('',#393,1.E-1);
#403=CIRCLE('',#402,1.E-1);
#412=CIRCLE('',#411,3.5E-1);
#421=CIRCLE('',#420,1.E-1);
#430=CIRCLE('',#429,1.E-1);
#447=CIRCLE('',#446,2.E-1);
#456=CIRCLE('',#455,5.E-1);
#473=CIRCLE('',#472,5.E-1);
#482=CIRCLE('',#481,5.E-1);
#499=CIRCLE('',#498,5.E-1);
#508=CIRCLE('',#507,2.E-1);
#525=CIRCLE('',#524,1.E-1);
#534=CIRCLE('',#533,1.E-1);
#543=CIRCLE('',#542,3.5E-1);
#552=CIRCLE('',#551,1.E-1);
#561=CIRCLE('',#560,1.E-1);
#771=B_SPLINE_CURVE_WITH_KNOTS('',3,(#766,#767,#768,#769,#770),.UNSPECIFIED.,
.F.,.F.,(4,1,4),(0.E0,5.E-1,1.E0),.UNSPECIFIED.);
#789=B_SPLINE_CURVE_WITH_KNOTS('',3,(#784,#785,#786,#787,#788),.UNSPECIFIED.,
.F.,.F.,(4,1,4),(0.E0,5.E-1,1.E0),.UNSPECIFIED.);
#807=B_SPLINE_CURVE_WITH_KNOTS('',3,(#802,#803,#804,#805,#806),.UNSPECIFIED.,
.F.,.F.,(4,1,4),(0.E0,5.E-1,1.E0),.UNSPECIFIED.);
#816=CIRCLE('',#815,2.2E0);
#829=CIRCLE('',#828,2.2E0);
#838=CIRCLE('',#837,2.2E0);
#851=CIRCLE('',#850,2.2E0);
#856=CIRCLE('',#855,1.464977010643E0);
#861=CIRCLE('',#860,1.464977010643E0);
#866=CIRCLE('',#865,1.464977010643E0);
#871=CIRCLE('',#870,1.464977010643E0);
#880=CIRCLE('',#879,2.2E0);
#893=CIRCLE('',#892,2.2E0);
#902=CIRCLE('',#901,2.2E0);
#915=CIRCLE('',#914,2.2E0);
#924=B_SPLINE_CURVE_WITH_KNOTS('',3,(#920,#921,#922,#923),.UNSPECIFIED.,.F.,.F.,
(4,4),(0.E0,1.E0),.UNSPECIFIED.);
#929=B_SPLINE_CURVE_WITH_KNOTS('',3,(#925,#926,#927,#928),.UNSPECIFIED.,.F.,.F.,
(4,4),(0.E0,1.E0),.UNSPECIFIED.);
#958=CIRCLE('',#957,2.2E0);
#964=B_SPLINE_CURVE_WITH_KNOTS('',3,(#959,#960,#961,#962,#963),.UNSPECIFIED.,
.F.,.F.,(4,1,4),(0.E0,5.E-1,1.E0),.UNSPECIFIED.);
#975=B_SPLINE_CURVE_WITH_KNOTS('',3,(#969,#970,#971,#972,#973,#974),
.UNSPECIFIED.,.F.,.F.,(4,1,1,4),(0.E0,3.333333333333E-1,6.666666666667E-1,1.E0),
.UNSPECIFIED.);
#980=CIRCLE('',#979,2.499974312175E0);
#989=CIRCLE('',#988,2.500087151978E0);
#1006=CIRCLE('',#1005,2.499998594798E0);
#1023=CIRCLE('',#1022,2.500087978065E0);
#1040=CIRCLE('',#1039,2.499998456858E0);
#1053=CIRCLE('',#1052,2.500087151977E0);
#1070=CIRCLE('',#1069,2.499974310839E0);
#1079=CIRCLE('',#1078,2.500087978065E0);
#1098=B_SPLINE_CURVE_WITH_KNOTS('',3,(#1092,#1093,#1094,#1095,#1096,#1097),
.UNSPECIFIED.,.F.,.F.,(4,1,1,4),(0.E0,3.333333333333E-1,6.666666666667E-1,1.E0),
.UNSPECIFIED.);
#1104=B_SPLINE_CURVE_WITH_KNOTS('',3,(#1099,#1100,#1101,#1102,#1103),
.UNSPECIFIED.,.F.,.F.,(4,1,4),(0.E0,5.E-1,1.E0),.UNSPECIFIED.);
#1113=CIRCLE('',#1112,2.2E0);
#1138=B_SPLINE_CURVE_WITH_KNOTS('',3,(#1134,#1135,#1136,#1137),.UNSPECIFIED.,
.F.,.F.,(4,4),(0.E0,1.E0),.UNSPECIFIED.);
#1143=B_SPLINE_CURVE_WITH_KNOTS('',3,(#1139,#1140,#1141,#1142),.UNSPECIFIED.,
.F.,.F.,(4,4),(0.E0,1.E0),.UNSPECIFIED.);
#1164=CIRCLE('',#1163,2.2E0);
#1173=CIRCLE('',#1172,1.265E0);
#1178=CIRCLE('',#1177,1.265E0);
#1223=CIRCLE('',#1222,1.265E0);
#1240=CIRCLE('',#1239,1.265E0);
#1258=B_SPLINE_CURVE_WITH_KNOTS('',3,(#1253,#1254,#1255,#1256,#1257),
.UNSPECIFIED.,.F.,.F.,(4,1,4),(0.E0,5.E-1,1.E0),.UNSPECIFIED.);
#1276=B_SPLINE_CURVE_WITH_KNOTS('',3,(#1271,#1272,#1273,#1274,#1275),
.UNSPECIFIED.,.F.,.F.,(4,1,4),(0.E0,5.E-1,1.E0),.UNSPECIFIED.);
#1286=B_SPLINE_CURVE_WITH_KNOTS('',3,(#1281,#1282,#1283,#1284,#1285),
.UNSPECIFIED.,.F.,.F.,(4,1,4),(0.E0,5.E-1,1.E0),.UNSPECIFIED.);
#1295=CIRCLE('',#1294,2.2E0);
#1330=B_SPLINE_CURVE_WITH_KNOTS('',3,(#1324,#1325,#1326,#1327,#1328,#1329),
.UNSPECIFIED.,.F.,.F.,(4,1,1,4),(0.E0,3.333333333333E-1,6.666666666667E-1,1.E0),
.UNSPECIFIED.);
#1368=B_SPLINE_CURVE_WITH_KNOTS('',3,(#1363,#1364,#1365,#1366,#1367),
.UNSPECIFIED.,.F.,.F.,(4,1,4),(0.E0,5.E-1,1.E0),.UNSPECIFIED.);
#1386=B_SPLINE_CURVE_WITH_KNOTS('',3,(#1381,#1382,#1383,#1384,#1385),
.UNSPECIFIED.,.F.,.F.,(4,1,4),(0.E0,5.E-1,1.E0),.UNSPECIFIED.);
#1401=B_SPLINE_CURVE_WITH_KNOTS('',3,(#1395,#1396,#1397,#1398,#1399,#1400),
.UNSPECIFIED.,.F.,.F.,(4,1,1,4),(0.E0,3.333333333333E-1,6.666666666667E-1,1.E0),
.UNSPECIFIED.);
#1407=B_SPLINE_CURVE_WITH_KNOTS('',3,(#1402,#1403,#1404,#1405,#1406),
.UNSPECIFIED.,.F.,.F.,(4,1,4),(0.E0,5.E-1,1.E0),.UNSPECIFIED.);
#1416=CIRCLE('',#1415,2.2E0);
#1445=B_SPLINE_CURVE_WITH_KNOTS('',3,(#1441,#1442,#1443,#1444),.UNSPECIFIED.,
.F.,.F.,(4,4),(0.E0,1.E0),.UNSPECIFIED.);
#1450=B_SPLINE_CURVE_WITH_KNOTS('',3,(#1446,#1447,#1448,#1449),.UNSPECIFIED.,
.F.,.F.,(4,4),(0.E0,1.E0),.UNSPECIFIED.);
#1475=CIRCLE('',#1474,2.2E0);
#1485=B_SPLINE_CURVE_WITH_KNOTS('',3,(#1480,#1481,#1482,#1483,#1484),
.UNSPECIFIED.,.F.,.F.,(4,1,4),(0.E0,5.E-1,1.E0),.UNSPECIFIED.);
#1499=B_SPLINE_CURVE_WITH_KNOTS('',3,(#1494,#1495,#1496,#1497,#1498),
.UNSPECIFIED.,.F.,.F.,(4,1,4),(0.E0,5.E-1,1.E0),.UNSPECIFIED.);
#1516=CIRCLE('',#1515,1.265E0);
#1521=CIRCLE('',#1520,1.265E0);
#1566=CIRCLE('',#1565,1.265E0);
#1583=CIRCLE('',#1582,1.265E0);
#1620=B_SPLINE_CURVE_WITH_KNOTS('',3,(#1616,#1617,#1618,#1619),.UNSPECIFIED.,
.F.,.F.,(4,4),(0.E0,1.E0),.UNSPECIFIED.);
#1625=B_SPLINE_CURVE_WITH_KNOTS('',3,(#1621,#1622,#1623,#1624),.UNSPECIFIED.,
.F.,.F.,(4,4),(0.E0,1.E0),.UNSPECIFIED.);
#1646=CIRCLE('',#1645,2.2E0);
#1656=B_SPLINE_CURVE_WITH_KNOTS('',3,(#1651,#1652,#1653,#1654,#1655),
.UNSPECIFIED.,.F.,.F.,(4,1,4),(0.E0,5.E-1,1.E0),.UNSPECIFIED.);
#1663=B_SPLINE_CURVE_WITH_KNOTS('',3,(#1657,#1658,#1659,#1660,#1661,#1662),
.UNSPECIFIED.,.F.,.F.,(4,1,1,4),(0.E0,3.333333333333E-1,6.666666666667E-1,1.E0),
.UNSPECIFIED.);
#1690=B_SPLINE_CURVE_WITH_KNOTS('',3,(#1684,#1685,#1686,#1687,#1688,#1689),
.UNSPECIFIED.,.F.,.F.,(4,1,1,4),(0.E0,3.333333333333E-1,6.666666666667E-1,1.E0),
.UNSPECIFIED.);
#1696=B_SPLINE_CURVE_WITH_KNOTS('',3,(#1691,#1692,#1693,#1694,#1695),
.UNSPECIFIED.,.F.,.F.,(4,1,4),(0.E0,5.E-1,1.E0),.UNSPECIFIED.);
#1705=CIRCLE('',#1704,2.2E0);
#1720=B_SPLINE_CURVE_WITH_KNOTS('',3,(#1714,#1715,#1716,#1717,#1718,#1719),
.UNSPECIFIED.,.F.,.F.,(4,1,1,4),(0.E0,3.333333333333E-1,6.666666666667E-1,1.E0),
.UNSPECIFIED.);
#1730=B_SPLINE_CURVE_WITH_KNOTS('',3,(#1725,#1726,#1727,#1728,#1729),
.UNSPECIFIED.,.F.,.F.,(4,1,4),(0.E0,5.E-1,1.E0),.UNSPECIFIED.);
#1753=B_SPLINE_CURVE_WITH_KNOTS('',3,(#1747,#1748,#1749,#1750,#1751,#1752),
.UNSPECIFIED.,.F.,.F.,(4,1,1,4),(0.E0,3.333333333333E-1,6.666666666667E-1,1.E0),
.UNSPECIFIED.);
#1786=CIRCLE('',#1785,1.E-1);
#1795=CIRCLE('',#1794,1.E-1);
#1804=CIRCLE('',#1803,3.5E-1);
#1813=CIRCLE('',#1812,1.E-1);
#1822=CIRCLE('',#1821,1.E-1);
#1839=CIRCLE('',#1838,2.E-1);
#1848=CIRCLE('',#1847,5.E-1);
#1865=CIRCLE('',#1864,5.E-1);
#1874=CIRCLE('',#1873,5.E-1);
#1891=CIRCLE('',#1890,5.E-1);
#1900=CIRCLE('',#1899,2.E-1);
#1917=CIRCLE('',#1916,1.E-1);
#1926=CIRCLE('',#1925,1.E-1);
#1935=CIRCLE('',#1934,3.5E-1);
#1944=CIRCLE('',#1943,1.E-1);
#1953=CIRCLE('',#1952,1.E-1);
#1982=CIRCLE('',#1981,5.E-1);
#1991=CIRCLE('',#1990,5.E-1);
#2112=CIRCLE('',#2111,5.E-1);
#2121=CIRCLE('',#2120,5.E-1);
#2154=CIRCLE('',#2153,1.E-1);
#2163=CIRCLE('',#2162,1.E-1);
#2172=CIRCLE('',#2171,3.5E-1);
#2181=CIRCLE('',#2180,1.E-1);
#2190=CIRCLE('',#2189,1.E-1);
#2207=CIRCLE('',#2206,2.E-1);
#2216=CIRCLE('',#2215,5.E-1);
#2233=CIRCLE('',#2232,5.E-1);
#2242=CIRCLE('',#2241,5.E-1);
#2259=CIRCLE('',#2258,5.E-1);
#2268=CIRCLE('',#2267,2.E-1);
#2285=CIRCLE('',#2284,1.E-1);
#2294=CIRCLE('',#2293,1.E-1);
#2303=CIRCLE('',#2302,3.5E-1);
#2312=CIRCLE('',#2311,1.E-1);
#2321=CIRCLE('',#2320,1.E-1);
#2458=CIRCLE('',#2457,5.E-1);
#2467=CIRCLE('',#2466,5.E-1);
#2500=CIRCLE('',#2499,1.E-1);
#2509=CIRCLE('',#2508,1.E-1);
#2518=CIRCLE('',#2517,3.5E-1);
#2527=CIRCLE('',#2526,1.E-1);
#2536=CIRCLE('',#2535,1.E-1);
#2553=CIRCLE('',#2552,2.E-1);
#2562=CIRCLE('',#2561,5.E-1);
#2579=CIRCLE('',#2578,5.E-1);
#2588=CIRCLE('',#2587,5.E-1);
#2605=CIRCLE('',#2604,5.E-1);
#2614=CIRCLE('',#2613,2.E-1);
#2631=CIRCLE('',#2630,1.E-1);
#2640=CIRCLE('',#2639,1.E-1);
#2649=CIRCLE('',#2648,3.5E-1);
#2658=CIRCLE('',#2657,1.E-1);
#2667=CIRCLE('',#2666,1.E-1);
#2804=CIRCLE('',#2803,5.E-1);
#2813=CIRCLE('',#2812,5.E-1);
#2846=CIRCLE('',#2845,1.E-1);
#2855=CIRCLE('',#2854,1.E-1);
#2864=CIRCLE('',#2863,3.5E-1);
#2873=CIRCLE('',#2872,1.E-1);
#2882=CIRCLE('',#2881,1.E-1);
#2899=CIRCLE('',#2898,2.E-1);
#2908=CIRCLE('',#2907,5.E-1);
#2925=CIRCLE('',#2924,5.E-1);
#2934=CIRCLE('',#2933,5.E-1);
#2951=CIRCLE('',#2950,5.E-1);
#2960=CIRCLE('',#2959,2.E-1);
#2977=CIRCLE('',#2976,1.E-1);
#2986=CIRCLE('',#2985,1.E-1);
#2995=CIRCLE('',#2994,3.5E-1);
#3004=CIRCLE('',#3003,1.E-1);
#3013=CIRCLE('',#3012,1.E-1);
#3150=CIRCLE('',#3149,5.E-1);
#3159=CIRCLE('',#3158,5.E-1);
#3192=CIRCLE('',#3191,1.E-1);
#3201=CIRCLE('',#3200,1.E-1);
#3210=CIRCLE('',#3209,3.5E-1);
#3219=CIRCLE('',#3218,1.E-1);
#3228=CIRCLE('',#3227,1.E-1);
#3245=CIRCLE('',#3244,2.E-1);
#3254=CIRCLE('',#3253,5.E-1);
#3271=CIRCLE('',#3270,5.E-1);
#3280=CIRCLE('',#3279,5.E-1);
#3297=CIRCLE('',#3296,5.E-1);
#3306=CIRCLE('',#3305,2.E-1);
#3323=CIRCLE('',#3322,1.E-1);
#3332=CIRCLE('',#3331,1.E-1);
#3341=CIRCLE('',#3340,3.5E-1);
#3350=CIRCLE('',#3349,1.E-1);
#3359=CIRCLE('',#3358,1.E-1);
#4693=EDGE_CURVE('',#3626,#3627,#75,.T.);
#4695=EDGE_CURVE('',#3627,#3639,#79,.T.);
#4697=EDGE_CURVE('',#3639,#3637,#83,.T.);
#4699=EDGE_CURVE('',#3637,#3635,#87,.T.);
#4701=EDGE_CURVE('',#3635,#3633,#91,.T.);
#4703=EDGE_CURVE('',#3633,#3631,#95,.T.);
#4705=EDGE_CURVE('',#3631,#3629,#99,.T.);
#4707=EDGE_CURVE('',#3629,#3626,#103,.T.);
#4711=EDGE_CURVE('',#4658,#4659,#107,.T.);
#4713=EDGE_CURVE('',#4658,#4665,#111,.T.);
#4715=EDGE_CURVE('',#4671,#4665,#115,.T.);
#4717=EDGE_CURVE('',#4671,#4673,#119,.T.);
#4719=EDGE_CURVE('',#4677,#4673,#123,.T.);
#4721=EDGE_CURVE('',#4677,#4681,#127,.T.);
#4723=EDGE_CURVE('',#4687,#4681,#131,.T.);
#4725=EDGE_CURVE('',#4687,#4659,#135,.T.);
#4729=EDGE_CURVE('',#3738,#3739,#139,.T.);
#4731=EDGE_CURVE('',#3738,#3742,#143,.T.);
#4733=EDGE_CURVE('',#3742,#3743,#147,.T.);
#4735=EDGE_CURVE('',#3739,#3743,#151,.T.);
#4739=EDGE_CURVE('',#3962,#3963,#155,.T.);
#4741=EDGE_CURVE('',#3962,#3966,#159,.T.);
#4743=EDGE_CURVE('',#3966,#3967,#163,.T.);
#4745=EDGE_CURVE('',#3963,#3967,#167,.T.);
#4749=EDGE_CURVE('',#4086,#4087,#171,.T.);
#4751=EDGE_CURVE('',#4086,#4090,#175,.T.);
#4753=EDGE_CURVE('',#4090,#4091,#179,.T.);
#4755=EDGE_CURVE('',#4087,#4091,#183,.T.);
#4759=EDGE_CURVE('',#4210,#4211,#187,.T.);
#4761=EDGE_CURVE('',#4210,#4214,#191,.T.);
#4763=EDGE_CURVE('',#4214,#4215,#195,.T.);
#4765=EDGE_CURVE('',#4211,#4215,#199,.T.);
#4769=EDGE_CURVE('',#4334,#4335,#203,.T.);
#4771=EDGE_CURVE('',#4334,#4338,#207,.T.);
#4773=EDGE_CURVE('',#4338,#4339,#211,.T.);
#4775=EDGE_CURVE('',#4335,#4339,#215,.T.);
#4779=EDGE_CURVE('',#4458,#4459,#219,.T.);
#4781=EDGE_CURVE('',#4458,#4462,#223,.T.);
#4783=EDGE_CURVE('',#4462,#4463,#227,.T.);
#4785=EDGE_CURVE('',#4459,#4463,#231,.T.);
#4795=EDGE_CURVE('',#3662,#3663,#235,.T.);
#4797=EDGE_CURVE('',#3662,#3627,#239,.T.);
#4800=EDGE_CURVE('',#3663,#3626,#1252,.T.);
#4810=EDGE_CURVE('',#4466,#4467,#243,.T.);
#4812=EDGE_CURVE('',#4346,#4466,#247,.T.);
#4814=EDGE_CURVE('',#4346,#4347,#251,.T.);
#4816=EDGE_CURVE('',#4343,#4347,#255,.T.);
#4818=EDGE_CURVE('',#4342,#4343,#259,.T.);
#4820=EDGE_CURVE('',#4222,#4342,#263,.T.);
#4822=EDGE_CURVE('',#4222,#4223,#267,.T.);
#4824=EDGE_CURVE('',#4219,#4223,#271,.T.);
#4826=EDGE_CURVE('',#4218,#4219,#275,.T.);
#4828=EDGE_CURVE('',#4098,#4218,#279,.T.);
#4830=EDGE_CURVE('',#4098,#4099,#283,.T.);
#4832=EDGE_CURVE('',#4095,#4099,#287,.T.);
#4834=EDGE_CURVE('',#4094,#4095,#291,.T.);
#4836=EDGE_CURVE('',#3974,#4094,#295,.T.);
#4838=EDGE_CURVE('',#3974,#3975,#299,.T.);
#4840=EDGE_CURVE('',#3971,#3975,#303,.T.);
#4842=EDGE_CURVE('',#3970,#3971,#307,.T.);
#4844=EDGE_CURVE('',#3830,#3970,#311,.T.);
#4846=EDGE_CURVE('',#3830,#3831,#315,.T.);
#4848=EDGE_CURVE('',#3827,#3831,#319,.T.);
#4850=EDGE_CURVE('',#3826,#3827,#323,.T.);
#4852=EDGE_CURVE('',#3670,#3826,#327,.T.);
#4854=EDGE_CURVE('',#3670,#3667,#331,.T.);
#4856=EDGE_CURVE('',#3667,#3662,#1591,.T.);
#4859=EDGE_CURVE('',#3663,#3665,#1248,.T.);
#4861=EDGE_CURVE('',#3676,#3665,#783,.T.);
#4863=EDGE_CURVE('',#4470,#3676,#335,.T.);
#4865=EDGE_CURVE('',#4470,#4471,#339,.T.);
#4867=EDGE_CURVE('',#4467,#4471,#343,.T.);
#4878=EDGE_CURVE('',#4459,#4354,#347,.T.);
#4880=EDGE_CURVE('',#4354,#4355,#352,.T.);
#4882=EDGE_CURVE('',#4355,#4357,#356,.T.);
#4884=EDGE_CURVE('',#4357,#4359,#361,.T.);
#4886=EDGE_CURVE('',#4359,#4458,#365,.T.);
#4897=EDGE_CURVE('',#4467,#4403,#369,.T.);
#4899=EDGE_CURVE('',#4403,#4362,#373,.T.);
#4901=EDGE_CURVE('',#4362,#4363,#377,.T.);
#4903=EDGE_CURVE('',#4363,#4365,#381,.T.);
#4905=EDGE_CURVE('',#4365,#4367,#385,.T.);
#4907=EDGE_CURVE('',#4367,#4369,#389,.T.);
#4909=EDGE_CURVE('',#4369,#4371,#394,.T.);
#4911=EDGE_CURVE('',#4371,#4373,#398,.T.);
#4913=EDGE_CURVE('',#4373,#4375,#403,.T.);
#4915=EDGE_CURVE('',#4375,#4377,#407,.T.);
#4917=EDGE_CURVE('',#4377,#4379,#412,.T.);
#4919=EDGE_CURVE('',#4379,#4381,#416,.T.);
#4921=EDGE_CURVE('',#4381,#4383,#421,.T.);
#4923=EDGE_CURVE('',#4383,#4385,#425,.T.);
#4925=EDGE_CURVE('',#4385,#4387,#430,.T.);
#4927=EDGE_CURVE('',#4387,#4389,#434,.T.);
#4929=EDGE_CURVE('',#4389,#4391,#438,.T.);
#4931=EDGE_CURVE('',#4391,#4393,#442,.T.);
#4933=EDGE_CURVE('',#4393,#4396,#447,.T.);
#4935=EDGE_CURVE('',#4396,#4397,#451,.T.);
#4937=EDGE_CURVE('',#4397,#4400,#456,.T.);
#4939=EDGE_CURVE('',#4400,#4401,#460,.T.);
#4941=EDGE_CURVE('',#4401,#4473,#464,.T.);
#4943=EDGE_CURVE('',#4466,#4473,#605,.T.);
#4954=EDGE_CURVE('',#4463,#4406,#486,.T.);
#4956=EDGE_CURVE('',#4354,#4406,#601,.T.);
#4968=EDGE_CURVE('',#4411,#4462,#468,.T.);
#4970=EDGE_CURVE('',#4409,#4411,#473,.T.);
#4972=EDGE_CURVE('',#4407,#4409,#477,.T.);
#4974=EDGE_CURVE('',#4406,#4407,#482,.T.);
#4986=EDGE_CURVE('',#4470,#4475,#613,.T.);
#4988=EDGE_CURVE('',#4453,#4475,#490,.T.);
#4990=EDGE_CURVE('',#4452,#4453,#494,.T.);
#4992=EDGE_CURVE('',#4449,#4452,#499,.T.);
#4994=EDGE_CURVE('',#4448,#4449,#503,.T.);
#4996=EDGE_CURVE('',#4445,#4448,#508,.T.);
#4998=EDGE_CURVE('',#4443,#4445,#512,.T.);
#5000=EDGE_CURVE('',#4441,#4443,#516,.T.);
#5002=EDGE_CURVE('',#4439,#4441,#520,.T.);
#5004=EDGE_CURVE('',#4437,#4439,#525,.T.);
#5006=EDGE_CURVE('',#4435,#4437,#529,.T.);
#5008=EDGE_CURVE('',#4433,#4435,#534,.T.);
#5010=EDGE_CURVE('',#4431,#4433,#538,.T.);
#5012=EDGE_CURVE('',#4429,#4431,#543,.T.);
#5014=EDGE_CURVE('',#4427,#4429,#547,.T.);
#5016=EDGE_CURVE('',#4425,#4427,#552,.T.);
#5018=EDGE_CURVE('',#4423,#4425,#556,.T.);
#5020=EDGE_CURVE('',#4421,#4423,#561,.T.);
#5022=EDGE_CURVE('',#4419,#4421,#565,.T.);
#5024=EDGE_CURVE('',#4417,#4419,#569,.T.);
#5026=EDGE_CURVE('',#4415,#4417,#573,.T.);
#5028=EDGE_CURVE('',#4414,#4415,#577,.T.);
#5030=EDGE_CURVE('',#4455,#4414,#581,.T.);
#5032=EDGE_CURVE('',#4471,#4455,#585,.T.);
#5044=EDGE_CURVE('',#4359,#4411,#589,.T.);
#5056=EDGE_CURVE('',#4357,#4409,#593,.T.);
#5069=EDGE_CURVE('',#4355,#4407,#597,.T.);
#5094=EDGE_CURVE('',#4473,#4475,#609,.T.);
#5098=EDGE_CURVE('',#3676,#3677,#779,.T.);
#5100=EDGE_CURVE('',#3677,#3671,#617,.T.);
#5102=EDGE_CURVE('',#3670,#3671,#1390,.T.);
#5105=EDGE_CURVE('',#3826,#3833,#621,.T.);
#5107=EDGE_CURVE('',#3833,#3835,#625,.T.);
#5109=EDGE_CURVE('',#3830,#3835,#629,.T.);
#5112=EDGE_CURVE('',#3970,#3977,#633,.T.);
#5114=EDGE_CURVE('',#3977,#3979,#637,.T.);
#5116=EDGE_CURVE('',#3974,#3979,#641,.T.);
#5119=EDGE_CURVE('',#4094,#4101,#645,.T.);
#5121=EDGE_CURVE('',#4101,#4103,#649,.T.);
#5123=EDGE_CURVE('',#4098,#4103,#653,.T.);
#5126=EDGE_CURVE('',#4218,#4225,#657,.T.);
#5128=EDGE_CURVE('',#4225,#4227,#661,.T.);
#5130=EDGE_CURVE('',#4222,#4227,#665,.T.);
#5133=EDGE_CURVE('',#4342,#4349,#669,.T.);
#5135=EDGE_CURVE('',#4349,#4351,#673,.T.);
#5137=EDGE_CURVE('',#4346,#4351,#677,.T.);
#5150=EDGE_CURVE('',#4401,#4453,#681,.T.);
#5162=EDGE_CURVE('',#4400,#4452,#685,.T.);
#5175=EDGE_CURVE('',#4397,#4449,#689,.T.);
#5188=EDGE_CURVE('',#4396,#4448,#693,.T.);
#5201=EDGE_CURVE('',#4393,#4445,#697,.T.);
#5214=EDGE_CURVE('',#4391,#4443,#701,.T.);
#5227=EDGE_CURVE('',#4389,#4441,#705,.T.);
#5240=EDGE_CURVE('',#4387,#4439,#709,.T.);
#5253=EDGE_CURVE('',#4385,#4437,#713,.T.);
#5266=EDGE_CURVE('',#4383,#4435,#717,.T.);
#5279=EDGE_CURVE('',#4381,#4433,#721,.T.);
#5292=EDGE_CURVE('',#4379,#4431,#725,.T.);
#5305=EDGE_CURVE('',#4377,#4429,#729,.T.);
#5318=EDGE_CURVE('',#4375,#4427,#733,.T.);
#5331=EDGE_CURVE('',#4373,#4425,#737,.T.);
#5344=EDGE_CURVE('',#4371,#4423,#741,.T.);
#5357=EDGE_CURVE('',#4369,#4421,#745,.T.);
#5370=EDGE_CURVE('',#4367,#4419,#749,.T.);
#5383=EDGE_CURVE('',#4365,#4417,#753,.T.);
#5396=EDGE_CURVE('',#4363,#4415,#757,.T.);
#5409=EDGE_CURVE('',#4362,#4414,#761,.T.);
#5422=EDGE_CURVE('',#4403,#4455,#765,.T.);
#5446=EDGE_CURVE('',#4559,#4560,#771,.T.);
#5448=EDGE_CURVE('',#4559,#3679,#1018,.T.);
#5450=EDGE_CURVE('',#3679,#3677,#775,.T.);
#5454=EDGE_CURVE('',#3658,#3665,#1186,.T.);
#5456=EDGE_CURVE('',#3658,#3659,#1350,.T.);
#5458=EDGE_CURVE('',#3659,#4564,#1044,.T.);
#5460=EDGE_CURVE('',#4563,#4564,#789,.T.);
#5462=EDGE_CURVE('',#4563,#3695,#793,.T.);
#5464=EDGE_CURVE('',#3694,#3695,#797,.T.);
#5466=EDGE_CURVE('',#4560,#3694,#801,.T.);
#5477=EDGE_CURVE('',#4560,#4561,#807,.T.);
#5479=EDGE_CURVE('',#4558,#4561,#1164,.T.);
#5481=EDGE_CURVE('',#4558,#4556,#1753,.T.);
#5483=EDGE_CURVE('',#4556,#4559,#1023,.T.);
#5495=EDGE_CURVE('',#3694,#3843,#842,.T.);
#5497=EDGE_CURVE('',#4561,#3843,#1168,.T.);
#5507=EDGE_CURVE('',#4498,#4499,#811,.T.);
#5509=EDGE_CURVE('',#3847,#4498,#816,.T.);
#5511=EDGE_CURVE('',#3683,#3847,#820,.T.);
#5513=EDGE_CURVE('',#3682,#3683,#1266,.T.);
#5515=EDGE_CURVE('',#3845,#3682,#824,.T.);
#5517=EDGE_CURVE('',#4507,#3845,#829,.T.);
#5519=EDGE_CURVE('',#4506,#4507,#833,.T.);
#5521=EDGE_CURVE('',#3843,#4506,#838,.T.);
#5525=EDGE_CURVE('',#3841,#3695,#846,.T.);
#5527=EDGE_CURVE('',#4499,#3841,#851,.T.);
#5531=EDGE_CURVE('',#4514,#4515,#856,.T.);
#5533=EDGE_CURVE('',#4515,#4514,#861,.T.);
#5543=EDGE_CURVE('',#4530,#4531,#875,.T.);
#5545=EDGE_CURVE('',#3699,#4530,#880,.T.);
#5547=EDGE_CURVE('',#3686,#3699,#884,.T.);
#5549=EDGE_CURVE('',#3686,#3687,#1507,.T.);
#5551=EDGE_CURVE('',#3697,#3687,#888,.T.);
#5553=EDGE_CURVE('',#4539,#3697,#893,.T.);
#5555=EDGE_CURVE('',#4538,#4539,#897,.T.);
#5557=EDGE_CURVE('',#3703,#4538,#902,.T.);
#5559=EDGE_CURVE('',#3691,#3703,#906,.T.);
#5561=EDGE_CURVE('',#3690,#3691,#1376,.T.);
#5563=EDGE_CURVE('',#3701,#3690,#910,.T.);
#5565=EDGE_CURVE('',#4531,#3701,#915,.T.);
#5569=EDGE_CURVE('',#4522,#4523,#866,.T.);
#5571=EDGE_CURVE('',#4523,#4522,#871,.T.);
#5581=EDGE_CURVE('',#4494,#4495,#937,.T.);
#5583=EDGE_CURVE('',#4494,#4638,#919,.T.);
#5585=EDGE_CURVE('',#4638,#4498,#924,.T.);
#5588=EDGE_CURVE('',#4499,#4639,#929,.T.);
#5590=EDGE_CURVE('',#4639,#4495,#933,.T.);
#5601=EDGE_CURVE('',#4495,#3709,#941,.T.);
#5603=EDGE_CURVE('',#3709,#3711,#1198,.T.);
#5605=EDGE_CURVE('',#4494,#3711,#1303,.T.);
#5617=EDGE_CURVE('',#4639,#4568,#945,.T.);
#5619=EDGE_CURVE('',#4568,#4572,#949,.T.);
#5621=EDGE_CURVE('',#4572,#3707,#953,.T.);
#5623=EDGE_CURVE('',#3707,#3709,#1202,.T.);
#5636=EDGE_CURVE('',#4562,#3841,#968,.T.);
#5638=EDGE_CURVE('',#4562,#4568,#958,.T.);
#5648=EDGE_CURVE('',#4562,#4563,#964,.T.);
#5663=EDGE_CURVE('',#4564,#4566,#1040,.T.);
#5665=EDGE_CURVE('',#4568,#4566,#975,.T.);
#5676=EDGE_CURVE('',#4542,#4544,#980,.T.);
#5678=EDGE_CURVE('',#4542,#3633,#984,.T.);
#5681=EDGE_CURVE('',#4603,#3635,#1489,.T.);
#5683=EDGE_CURVE('',#4600,#4603,#989,.T.);
#5685=EDGE_CURVE('',#4596,#4600,#993,.T.);
#5687=EDGE_CURVE('',#4592,#4596,#997,.T.);
#5689=EDGE_CURVE('',#4588,#4592,#1001,.T.);
#5691=EDGE_CURVE('',#4586,#4588,#1006,.T.);
#5693=EDGE_CURVE('',#4586,#3673,#1010,.T.);
#5695=EDGE_CURVE('',#3679,#3673,#1014,.T.);
#5699=EDGE_CURVE('',#4552,#4556,#1027,.T.);
#5701=EDGE_CURVE('',#4548,#4552,#1031,.T.);
#5703=EDGE_CURVE('',#4544,#4548,#1035,.T.);
#5715=EDGE_CURVE('',#3659,#3642,#1362,.T.);
#5717=EDGE_CURVE('',#3642,#4581,#1048,.T.);
#5719=EDGE_CURVE('',#4580,#4581,#1053,.T.);
#5721=EDGE_CURVE('',#4576,#4580,#1057,.T.);
#5723=EDGE_CURVE('',#4570,#4576,#1061,.T.);
#5725=EDGE_CURVE('',#4566,#4570,#1065,.T.);
#5735=EDGE_CURVE('',#4608,#4610,#1070,.T.);
#5737=EDGE_CURVE('',#3647,#4608,#1493,.T.);
#5739=EDGE_CURVE('',#3647,#3655,#1338,.T.);
#5741=EDGE_CURVE('',#3655,#4625,#1074,.T.);
#5743=EDGE_CURVE('',#4622,#4625,#1079,.T.);
#5745=EDGE_CURVE('',#4620,#4622,#1083,.T.);
#5747=EDGE_CURVE('',#4616,#4620,#1087,.T.);
#5749=EDGE_CURVE('',#4610,#4616,#1091,.T.);
#5759=EDGE_CURVE('',#4540,#4541,#1104,.T.);
#5761=EDGE_CURVE('',#4541,#4542,#1258,.T.);
#5764=EDGE_CURVE('',#4546,#4544,#1098,.T.);
#5766=EDGE_CURVE('',#4540,#4546,#1113,.T.);
#5777=EDGE_CURVE('',#4540,#3845,#1108,.T.);
#5780=EDGE_CURVE('',#4541,#3682,#1262,.T.);
#5790=EDGE_CURVE('',#4636,#4546,#1117,.T.);
#5792=EDGE_CURVE('',#4507,#4636,#1143,.T.);
#5805=EDGE_CURVE('',#4503,#3715,#1129,.T.);
#5807=EDGE_CURVE('',#4636,#4503,#1147,.T.);
#5810=EDGE_CURVE('',#4546,#4550,#1121,.T.);
#5812=EDGE_CURVE('',#3714,#4550,#1742,.T.);
#5814=EDGE_CURVE('',#3714,#3715,#1206,.T.);
#5824=EDGE_CURVE('',#4502,#4503,#1125,.T.);
#5827=EDGE_CURVE('',#3715,#3717,#1218,.T.);
#5829=EDGE_CURVE('',#4502,#3717,#1151,.T.);
#5840=EDGE_CURVE('',#4502,#4635,#1133,.T.);
#5842=EDGE_CURVE('',#4635,#4506,#1138,.T.);
#5855=EDGE_CURVE('',#4635,#4558,#1159,.T.);
#5859=EDGE_CURVE('',#3717,#3719,#1214,.T.);
#5861=EDGE_CURVE('',#4554,#3719,#1738,.T.);
#5863=EDGE_CURVE('',#4554,#4558,#1155,.T.);
#5886=EDGE_CURVE('',#3665,#3629,#1182,.T.);
#5889=EDGE_CURVE('',#3643,#3631,#1280,.T.);
#5891=EDGE_CURVE('',#3643,#3658,#1354,.T.);
#5896=EDGE_CURVE('',#3650,#3651,#1173,.T.);
#5898=EDGE_CURVE('',#3651,#3650,#1178,.T.);
#5902=EDGE_CURVE('',#3706,#3707,#1190,.T.);
#5904=EDGE_CURVE('',#3711,#3706,#1194,.T.);
#5911=EDGE_CURVE('',#3719,#3714,#1210,.T.);
#5923=EDGE_CURVE('',#4510,#4511,#1223,.T.);
#5925=EDGE_CURVE('',#4510,#3650,#1227,.T.);
#5928=EDGE_CURVE('',#4511,#3651,#1244,.T.);
#5939=EDGE_CURVE('',#4511,#4515,#1235,.T.);
#5942=EDGE_CURVE('',#4510,#4514,#1231,.T.);
#5952=EDGE_CURVE('',#4511,#4510,#1240,.T.);
#5992=EDGE_CURVE('',#4582,#3683,#1270,.T.);
#5994=EDGE_CURVE('',#4581,#4582,#1276,.T.);
#5997=EDGE_CURVE('',#3642,#3643,#1358,.T.);
#6010=EDGE_CURVE('',#4582,#4583,#1286,.T.);
#6014=EDGE_CURVE('',#4583,#3847,#1299,.T.);
#6026=EDGE_CURVE('',#4578,#4583,#1295,.T.);
#6028=EDGE_CURVE('',#4578,#4580,#1330,.T.);
#6041=EDGE_CURVE('',#4638,#4578,#1290,.T.);
#6057=EDGE_CURVE('',#3706,#4574,#1307,.T.);
#6059=EDGE_CURVE('',#4574,#4578,#1311,.T.);
#6069=EDGE_CURVE('',#4572,#4574,#1315,.T.);
#6083=EDGE_CURVE('',#4572,#4570,#1323,.T.);
#6086=EDGE_CURVE('',#4574,#4576,#1319,.T.);
#6120=EDGE_CURVE('',#3654,#3655,#1334,.T.);
#6123=EDGE_CURVE('',#3646,#3647,#1342,.T.);
#6125=EDGE_CURVE('',#3654,#3646,#1346,.T.);
#6147=EDGE_CURVE('',#4585,#4586,#1368,.T.);
#6149=EDGE_CURVE('',#4585,#3690,#1372,.T.);
#6152=EDGE_CURVE('',#4626,#3691,#1380,.T.);
#6154=EDGE_CURVE('',#4625,#4626,#1386,.T.);
#6158=EDGE_CURVE('',#3654,#3667,#1529,.T.);
#6162=EDGE_CURVE('',#3673,#3671,#1394,.T.);
#6173=EDGE_CURVE('',#4584,#4585,#1407,.T.);
#6177=EDGE_CURVE('',#4590,#4588,#1401,.T.);
#6179=EDGE_CURVE('',#4584,#4590,#1416,.T.);
#6190=EDGE_CURVE('',#4584,#3701,#1411,.T.);
#6202=EDGE_CURVE('',#4633,#4590,#1420,.T.);
#6204=EDGE_CURVE('',#4531,#4633,#1450,.T.);
#6217=EDGE_CURVE('',#4527,#3733,#1436,.T.);
#6219=EDGE_CURVE('',#4633,#4527,#1454,.T.);
#6222=EDGE_CURVE('',#4590,#4594,#1424,.T.);
#6224=EDGE_CURVE('',#4594,#3731,#1428,.T.);
#6226=EDGE_CURVE('',#3731,#3733,#1561,.T.);
#6236=EDGE_CURVE('',#4526,#4527,#1432,.T.);
#6239=EDGE_CURVE('',#3733,#3735,#1557,.T.);
#6241=EDGE_CURVE('',#4526,#3735,#1458,.T.);
#6252=EDGE_CURVE('',#4526,#4632,#1440,.T.);
#6254=EDGE_CURVE('',#4632,#4530,#1445,.T.);
#6267=EDGE_CURVE('',#4632,#4602,#1470,.T.);
#6271=EDGE_CURVE('',#3735,#3730,#1553,.T.);
#6273=EDGE_CURVE('',#3730,#4598,#1462,.T.);
#6275=EDGE_CURVE('',#4598,#4602,#1466,.T.);
#6288=EDGE_CURVE('',#4602,#4605,#1475,.T.);
#6290=EDGE_CURVE('',#4605,#3699,#1479,.T.);
#6300=EDGE_CURVE('',#4603,#4604,#1485,.T.);
#6302=EDGE_CURVE('',#4604,#4605,#1730,.T.);
#6305=EDGE_CURVE('',#4602,#4600,#1720,.T.);
#6319=EDGE_CURVE('',#3646,#3637,#1525,.T.);
#6323=EDGE_CURVE('',#4607,#4608,#1499,.T.);
#6325=EDGE_CURVE('',#4607,#3687,#1503,.T.);
#6328=EDGE_CURVE('',#4604,#3686,#1511,.T.);
#6341=EDGE_CURVE('',#3667,#3639,#1595,.T.);
#6346=EDGE_CURVE('',#3838,#3839,#1516,.T.);
#6348=EDGE_CURVE('',#3839,#3838,#1521,.T.);
#6352=EDGE_CURVE('',#3722,#3723,#1533,.T.);
#6354=EDGE_CURVE('',#3727,#3722,#1537,.T.);
#6356=EDGE_CURVE('',#3725,#3727,#1541,.T.);
#6358=EDGE_CURVE('',#3723,#3725,#1545,.T.);
#6362=EDGE_CURVE('',#3730,#3731,#1549,.T.);
#6375=EDGE_CURVE('',#4518,#4519,#1566,.T.);
#6377=EDGE_CURVE('',#4518,#3838,#1570,.T.);
#6380=EDGE_CURVE('',#4519,#3839,#1587,.T.);
#6391=EDGE_CURVE('',#4519,#4523,#1578,.T.);
#6394=EDGE_CURVE('',#4518,#4522,#1574,.T.);
#6404=EDGE_CURVE('',#4519,#4518,#1583,.T.);
#6441=EDGE_CURVE('',#4535,#3723,#1611,.T.);
#6443=EDGE_CURVE('',#4630,#4535,#1629,.T.);
#6445=EDGE_CURVE('',#4630,#4612,#1599,.T.);
#6447=EDGE_CURVE('',#4612,#4614,#1603,.T.);
#6449=EDGE_CURVE('',#3722,#4614,#1679,.T.);
#6460=EDGE_CURVE('',#4534,#4535,#1607,.T.);
#6464=EDGE_CURVE('',#4534,#3725,#1633,.T.);
#6475=EDGE_CURVE('',#4534,#4629,#1615,.T.);
#6477=EDGE_CURVE('',#4629,#4538,#1620,.T.);
#6480=EDGE_CURVE('',#4539,#4630,#1625,.T.);
#6491=EDGE_CURVE('',#4629,#4624,#1641,.T.);
#6496=EDGE_CURVE('',#4618,#3727,#1675,.T.);
#6498=EDGE_CURVE('',#4618,#4624,#1637,.T.);
#6511=EDGE_CURVE('',#4624,#4627,#1646,.T.);
#6513=EDGE_CURVE('',#4627,#3703,#1650,.T.);
#6524=EDGE_CURVE('',#4626,#4627,#1656,.T.);
#6527=EDGE_CURVE('',#4624,#4622,#1663,.T.);
#6553=EDGE_CURVE('',#4618,#4620,#1667,.T.);
#6563=EDGE_CURVE('',#4614,#4618,#1671,.T.);
#6565=EDGE_CURVE('',#4614,#4616,#1683,.T.);
#6590=EDGE_CURVE('',#4612,#4610,#1690,.T.);
#6602=EDGE_CURVE('',#4606,#4607,#1696,.T.);
#6607=EDGE_CURVE('',#4606,#4612,#1705,.T.);
#6618=EDGE_CURVE('',#4606,#3697,#1700,.T.);
#6643=EDGE_CURVE('',#4594,#4598,#1709,.T.);
#6657=EDGE_CURVE('',#4598,#4596,#1713,.T.);
#6660=EDGE_CURVE('',#4594,#4592,#1724,.T.);
#6718=EDGE_CURVE('',#4550,#4554,#1734,.T.);
#6732=EDGE_CURVE('',#4554,#4552,#1746,.T.);
#6735=EDGE_CURVE('',#4550,#4548,#1757,.T.);
#6770=EDGE_CURVE('',#3827,#3783,#1761,.T.);
#6772=EDGE_CURVE('',#3783,#3746,#1765,.T.);
#6774=EDGE_CURVE('',#3746,#3747,#1769,.T.);
#6776=EDGE_CURVE('',#3747,#3749,#1773,.T.);
#6778=EDGE_CURVE('',#3749,#3751,#1777,.T.);
#6780=EDGE_CURVE('',#3751,#3753,#1781,.T.);
#6782=EDGE_CURVE('',#3753,#3756,#1786,.T.);
#6784=EDGE_CURVE('',#3756,#3757,#1790,.T.);
#6786=EDGE_CURVE('',#3757,#3760,#1795,.T.);
#6788=EDGE_CURVE('',#3760,#3761,#1799,.T.);
#6790=EDGE_CURVE('',#3761,#3764,#1804,.T.);
#6792=EDGE_CURVE('',#3764,#3765,#1808,.T.);
#6794=EDGE_CURVE('',#3765,#3849,#1813,.T.);
#6796=EDGE_CURVE('',#3849,#3851,#1817,.T.);
#6798=EDGE_CURVE('',#3851,#3768,#1822,.T.);
#6800=EDGE_CURVE('',#3768,#3769,#1826,.T.);
#6802=EDGE_CURVE('',#3769,#3771,#1830,.T.);
#6804=EDGE_CURVE('',#3771,#3773,#1834,.T.);
#6806=EDGE_CURVE('',#3773,#3776,#1839,.T.);
#6808=EDGE_CURVE('',#3776,#3777,#1843,.T.);
#6810=EDGE_CURVE('',#3777,#3780,#1848,.T.);
#6812=EDGE_CURVE('',#3780,#3781,#1852,.T.);
#6814=EDGE_CURVE('',#3781,#3833,#1856,.T.);
#6825=EDGE_CURVE('',#3739,#4486,#1860,.T.);
#6827=EDGE_CURVE('',#4486,#4487,#1865,.T.);
#6829=EDGE_CURVE('',#4487,#4489,#1869,.T.);
#6831=EDGE_CURVE('',#4489,#4491,#1874,.T.);
#6833=EDGE_CURVE('',#4491,#3738,#1878,.T.);
#6845=EDGE_CURVE('',#3831,#3823,#1977,.T.);
#6847=EDGE_CURVE('',#3783,#3823,#2079,.T.);
#6860=EDGE_CURVE('',#3821,#3835,#1882,.T.);
#6862=EDGE_CURVE('',#3820,#3821,#1886,.T.);
#6864=EDGE_CURVE('',#3817,#3820,#1891,.T.);
#6866=EDGE_CURVE('',#3816,#3817,#1895,.T.);
#6868=EDGE_CURVE('',#3813,#3816,#1900,.T.);
#6870=EDGE_CURVE('',#3811,#3813,#1904,.T.);
#6872=EDGE_CURVE('',#3809,#3811,#1908,.T.);
#6874=EDGE_CURVE('',#3808,#3809,#1912,.T.);
#6876=EDGE_CURVE('',#3855,#3808,#1917,.T.);
#6878=EDGE_CURVE('',#3853,#3855,#1921,.T.);
#6880=EDGE_CURVE('',#3805,#3853,#1926,.T.);
#6882=EDGE_CURVE('',#3804,#3805,#1930,.T.);
#6884=EDGE_CURVE('',#3801,#3804,#1935,.T.);
#6886=EDGE_CURVE('',#3800,#3801,#1939,.T.);
#6888=EDGE_CURVE('',#3797,#3800,#1944,.T.);
#6890=EDGE_CURVE('',#3796,#3797,#1948,.T.);
#6892=EDGE_CURVE('',#3793,#3796,#1953,.T.);
#6894=EDGE_CURVE('',#3791,#3793,#1957,.T.);
#6896=EDGE_CURVE('',#3789,#3791,#1961,.T.);
#6898=EDGE_CURVE('',#3787,#3789,#1965,.T.);
#6900=EDGE_CURVE('',#3786,#3787,#1969,.T.);
#6902=EDGE_CURVE('',#3823,#3786,#1973,.T.);
#6913=EDGE_CURVE('',#4483,#3742,#2087,.T.);
#6915=EDGE_CURVE('',#4481,#4483,#1982,.T.);
#6917=EDGE_CURVE('',#4479,#4481,#1986,.T.);
#6919=EDGE_CURVE('',#4478,#4479,#1991,.T.);
#6921=EDGE_CURVE('',#3743,#4478,#2103,.T.);
#6934=EDGE_CURVE('',#3781,#3821,#1995,.T.);
#6946=EDGE_CURVE('',#3780,#3820,#1999,.T.);
#6959=EDGE_CURVE('',#3777,#3817,#2003,.T.);
#6972=EDGE_CURVE('',#3776,#3816,#2007,.T.);
#6985=EDGE_CURVE('',#3773,#3813,#2011,.T.);
#6998=EDGE_CURVE('',#3771,#3811,#2015,.T.);
#7011=EDGE_CURVE('',#3769,#3809,#2019,.T.);
#7024=EDGE_CURVE('',#3768,#3808,#2023,.T.);
#7037=EDGE_CURVE('',#3851,#3855,#2027,.T.);
#7050=EDGE_CURVE('',#3849,#3853,#2031,.T.);
#7063=EDGE_CURVE('',#3765,#3805,#2035,.T.);
#7076=EDGE_CURVE('',#3764,#3804,#2039,.T.);
#7089=EDGE_CURVE('',#3761,#3801,#2043,.T.);
#7102=EDGE_CURVE('',#3760,#3800,#2047,.T.);
#7115=EDGE_CURVE('',#3757,#3797,#2051,.T.);
#7128=EDGE_CURVE('',#3756,#3796,#2055,.T.);
#7141=EDGE_CURVE('',#3753,#3793,#2059,.T.);
#7154=EDGE_CURVE('',#3751,#3791,#2063,.T.);
#7167=EDGE_CURVE('',#3749,#3789,#2067,.T.);
#7180=EDGE_CURVE('',#3747,#3787,#2071,.T.);
#7193=EDGE_CURVE('',#3746,#3786,#2075,.T.);
#7218=EDGE_CURVE('',#4483,#4491,#2083,.T.);
#7233=EDGE_CURVE('',#4481,#4489,#2091,.T.);
#7246=EDGE_CURVE('',#4479,#4487,#2095,.T.);
#7259=EDGE_CURVE('',#4478,#4486,#2099,.T.);
#7282=EDGE_CURVE('',#3963,#3858,#2107,.T.);
#7284=EDGE_CURVE('',#3858,#3859,#2112,.T.);
#7286=EDGE_CURVE('',#3859,#3861,#2116,.T.);
#7288=EDGE_CURVE('',#3861,#3863,#2121,.T.);
#7290=EDGE_CURVE('',#3863,#3962,#2125,.T.);
#7301=EDGE_CURVE('',#3971,#3907,#2129,.T.);
#7303=EDGE_CURVE('',#3907,#3866,#2133,.T.);
#7305=EDGE_CURVE('',#3866,#3867,#2137,.T.);
#7307=EDGE_CURVE('',#3867,#3869,#2141,.T.);
#7309=EDGE_CURVE('',#3869,#3871,#2145,.T.);
#7311=EDGE_CURVE('',#3871,#3873,#2149,.T.);
#7313=EDGE_CURVE('',#3873,#3875,#2154,.T.);
#7315=EDGE_CURVE('',#3875,#3877,#2158,.T.);
#7317=EDGE_CURVE('',#3877,#3879,#2163,.T.);
#7319=EDGE_CURVE('',#3879,#3881,#2167,.T.);
#7321=EDGE_CURVE('',#3881,#3883,#2172,.T.);
#7323=EDGE_CURVE('',#3883,#3885,#2176,.T.);
#7325=EDGE_CURVE('',#3885,#3887,#2181,.T.);
#7327=EDGE_CURVE('',#3887,#3889,#2185,.T.);
#7329=EDGE_CURVE('',#3889,#3891,#2190,.T.);
#7331=EDGE_CURVE('',#3891,#3893,#2194,.T.);
#7333=EDGE_CURVE('',#3893,#3895,#2198,.T.);
#7335=EDGE_CURVE('',#3895,#3897,#2202,.T.);
#7337=EDGE_CURVE('',#3897,#3900,#2207,.T.);
#7339=EDGE_CURVE('',#3900,#3901,#2211,.T.);
#7341=EDGE_CURVE('',#3901,#3904,#2216,.T.);
#7343=EDGE_CURVE('',#3904,#3905,#2220,.T.);
#7345=EDGE_CURVE('',#3905,#3977,#2224,.T.);
#7357=EDGE_CURVE('',#3967,#3910,#2246,.T.);
#7359=EDGE_CURVE('',#3858,#3910,#2361,.T.);
#7371=EDGE_CURVE('',#3915,#3966,#2228,.T.);
#7373=EDGE_CURVE('',#3913,#3915,#2233,.T.);
#7375=EDGE_CURVE('',#3911,#3913,#2237,.T.);
#7377=EDGE_CURVE('',#3910,#3911,#2242,.T.);
#7390=EDGE_CURVE('',#3957,#3979,#2250,.T.);
#7392=EDGE_CURVE('',#3956,#3957,#2254,.T.);
#7394=EDGE_CURVE('',#3953,#3956,#2259,.T.);
#7396=EDGE_CURVE('',#3952,#3953,#2263,.T.);
#7398=EDGE_CURVE('',#3949,#3952,#2268,.T.);
#7400=EDGE_CURVE('',#3947,#3949,#2272,.T.);
#7402=EDGE_CURVE('',#3945,#3947,#2276,.T.);
#7404=EDGE_CURVE('',#3943,#3945,#2280,.T.);
#7406=EDGE_CURVE('',#3941,#3943,#2285,.T.);
#7408=EDGE_CURVE('',#3939,#3941,#2289,.T.);
#7410=EDGE_CURVE('',#3937,#3939,#2294,.T.);
#7412=EDGE_CURVE('',#3935,#3937,#2298,.T.);
#7414=EDGE_CURVE('',#3933,#3935,#2303,.T.);
#7416=EDGE_CURVE('',#3931,#3933,#2307,.T.);
#7418=EDGE_CURVE('',#3929,#3931,#2312,.T.);
#7420=EDGE_CURVE('',#3927,#3929,#2316,.T.);
#7422=EDGE_CURVE('',#3925,#3927,#2321,.T.);
#7424=EDGE_CURVE('',#3923,#3925,#2325,.T.);
#7426=EDGE_CURVE('',#3921,#3923,#2329,.T.);
#7428=EDGE_CURVE('',#3919,#3921,#2333,.T.);
#7430=EDGE_CURVE('',#3918,#3919,#2337,.T.);
#7432=EDGE_CURVE('',#3959,#3918,#2341,.T.);
#7434=EDGE_CURVE('',#3975,#3959,#2345,.T.);
#7446=EDGE_CURVE('',#3863,#3915,#2349,.T.);
#7458=EDGE_CURVE('',#3861,#3913,#2353,.T.);
#7471=EDGE_CURVE('',#3859,#3911,#2357,.T.);
#7497=EDGE_CURVE('',#3905,#3957,#2365,.T.);
#7509=EDGE_CURVE('',#3904,#3956,#2369,.T.);
#7522=EDGE_CURVE('',#3901,#3953,#2373,.T.);
#7535=EDGE_CURVE('',#3900,#3952,#2377,.T.);
#7548=EDGE_CURVE('',#3897,#3949,#2381,.T.);
#7561=EDGE_CURVE('',#3895,#3947,#2385,.T.);
#7574=EDGE_CURVE('',#3893,#3945,#2389,.T.);
#7587=EDGE_CURVE('',#3891,#3943,#2393,.T.);
#7600=EDGE_CURVE('',#3889,#3941,#2397,.T.);
#7613=EDGE_CURVE('',#3887,#3939,#2401,.T.);
#7626=EDGE_CURVE('',#3885,#3937,#2405,.T.);
#7639=EDGE_CURVE('',#3883,#3935,#2409,.T.);
#7652=EDGE_CURVE('',#3881,#3933,#2413,.T.);
#7665=EDGE_CURVE('',#3879,#3931,#2417,.T.);
#7678=EDGE_CURVE('',#3877,#3929,#2421,.T.);
#7691=EDGE_CURVE('',#3875,#3927,#2425,.T.);
#7704=EDGE_CURVE('',#3873,#3925,#2429,.T.);
#7717=EDGE_CURVE('',#3871,#3923,#2433,.T.);
#7730=EDGE_CURVE('',#3869,#3921,#2437,.T.);
#7743=EDGE_CURVE('',#3867,#3919,#2441,.T.);
#7756=EDGE_CURVE('',#3866,#3918,#2445,.T.);
#7769=EDGE_CURVE('',#3907,#3959,#2449,.T.);
#7794=EDGE_CURVE('',#4087,#3982,#2453,.T.);
#7796=EDGE_CURVE('',#3982,#3983,#2458,.T.);
#7798=EDGE_CURVE('',#3983,#3985,#2462,.T.);
#7800=EDGE_CURVE('',#3985,#3987,#2467,.T.);
#7802=EDGE_CURVE('',#3987,#4086,#2471,.T.);
#7813=EDGE_CURVE('',#4095,#4031,#2475,.T.);
#7815=EDGE_CURVE('',#4031,#3990,#2479,.T.);
#7817=EDGE_CURVE('',#3990,#3991,#2483,.T.);
#7819=EDGE_CURVE('',#3991,#3993,#2487,.T.);
#7821=EDGE_CURVE('',#3993,#3995,#2491,.T.);
#7823=EDGE_CURVE('',#3995,#3997,#2495,.T.);
#7825=EDGE_CURVE('',#3997,#3999,#2500,.T.);
#7827=EDGE_CURVE('',#3999,#4001,#2504,.T.);
#7829=EDGE_CURVE('',#4001,#4003,#2509,.T.);
#7831=EDGE_CURVE('',#4003,#4005,#2513,.T.);
#7833=EDGE_CURVE('',#4005,#4007,#2518,.T.);
#7835=EDGE_CURVE('',#4007,#4009,#2522,.T.);
#7837=EDGE_CURVE('',#4009,#4011,#2527,.T.);
#7839=EDGE_CURVE('',#4011,#4013,#2531,.T.);
#7841=EDGE_CURVE('',#4013,#4015,#2536,.T.);
#7843=EDGE_CURVE('',#4015,#4017,#2540,.T.);
#7845=EDGE_CURVE('',#4017,#4019,#2544,.T.);
#7847=EDGE_CURVE('',#4019,#4021,#2548,.T.);
#7849=EDGE_CURVE('',#4021,#4024,#2553,.T.);
#7851=EDGE_CURVE('',#4024,#4025,#2557,.T.);
#7853=EDGE_CURVE('',#4025,#4028,#2562,.T.);
#7855=EDGE_CURVE('',#4028,#4029,#2566,.T.);
#7857=EDGE_CURVE('',#4029,#4101,#2570,.T.);
#7869=EDGE_CURVE('',#4091,#4034,#2592,.T.);
#7871=EDGE_CURVE('',#3982,#4034,#2707,.T.);
#7883=EDGE_CURVE('',#4039,#4090,#2574,.T.);
#7885=EDGE_CURVE('',#4037,#4039,#2579,.T.);
#7887=EDGE_CURVE('',#4035,#4037,#2583,.T.);
#7889=EDGE_CURVE('',#4034,#4035,#2588,.T.);
#7902=EDGE_CURVE('',#4081,#4103,#2596,.T.);
#7904=EDGE_CURVE('',#4080,#4081,#2600,.T.);
#7906=EDGE_CURVE('',#4077,#4080,#2605,.T.);
#7908=EDGE_CURVE('',#4076,#4077,#2609,.T.);
#7910=EDGE_CURVE('',#4073,#4076,#2614,.T.);
#7912=EDGE_CURVE('',#4071,#4073,#2618,.T.);
#7914=EDGE_CURVE('',#4069,#4071,#2622,.T.);
#7916=EDGE_CURVE('',#4067,#4069,#2626,.T.);
#7918=EDGE_CURVE('',#4065,#4067,#2631,.T.);
#7920=EDGE_CURVE('',#4063,#4065,#2635,.T.);
#7922=EDGE_CURVE('',#4061,#4063,#2640,.T.);
#7924=EDGE_CURVE('',#4059,#4061,#2644,.T.);
#7926=EDGE_CURVE('',#4057,#4059,#2649,.T.);
#7928=EDGE_CURVE('',#4055,#4057,#2653,.T.);
#7930=EDGE_CURVE('',#4053,#4055,#2658,.T.);
#7932=EDGE_CURVE('',#4051,#4053,#2662,.T.);
#7934=EDGE_CURVE('',#4049,#4051,#2667,.T.);
#7936=EDGE_CURVE('',#4047,#4049,#2671,.T.);
#7938=EDGE_CURVE('',#4045,#4047,#2675,.T.);
#7940=EDGE_CURVE('',#4043,#4045,#2679,.T.);
#7942=EDGE_CURVE('',#4042,#4043,#2683,.T.);
#7944=EDGE_CURVE('',#4083,#4042,#2687,.T.);
#7946=EDGE_CURVE('',#4099,#4083,#2691,.T.);
#7958=EDGE_CURVE('',#3987,#4039,#2695,.T.);
#7970=EDGE_CURVE('',#3985,#4037,#2699,.T.);
#7983=EDGE_CURVE('',#3983,#4035,#2703,.T.);
#8009=EDGE_CURVE('',#4029,#4081,#2711,.T.);
#8021=EDGE_CURVE('',#4028,#4080,#2715,.T.);
#8034=EDGE_CURVE('',#4025,#4077,#2719,.T.);
#8047=EDGE_CURVE('',#4024,#4076,#2723,.T.);
#8060=EDGE_CURVE('',#4021,#4073,#2727,.T.);
#8073=EDGE_CURVE('',#4019,#4071,#2731,.T.);
#8086=EDGE_CURVE('',#4017,#4069,#2735,.T.);
#8099=EDGE_CURVE('',#4015,#4067,#2739,.T.);
#8112=EDGE_CURVE('',#4013,#4065,#2743,.T.);
#8125=EDGE_CURVE('',#4011,#4063,#2747,.T.);
#8138=EDGE_CURVE('',#4009,#4061,#2751,.T.);
#8151=EDGE_CURVE('',#4007,#4059,#2755,.T.);
#8164=EDGE_CURVE('',#4005,#4057,#2759,.T.);
#8177=EDGE_CURVE('',#4003,#4055,#2763,.T.);
#8190=EDGE_CURVE('',#4001,#4053,#2767,.T.);
#8203=EDGE_CURVE('',#3999,#4051,#2771,.T.);
#8216=EDGE_CURVE('',#3997,#4049,#2775,.T.);
#8229=EDGE_CURVE('',#3995,#4047,#2779,.T.);
#8242=EDGE_CURVE('',#3993,#4045,#2783,.T.);
#8255=EDGE_CURVE('',#3991,#4043,#2787,.T.);
#8268=EDGE_CURVE('',#3990,#4042,#2791,.T.);
#8281=EDGE_CURVE('',#4031,#4083,#2795,.T.);
#8306=EDGE_CURVE('',#4211,#4106,#2799,.T.);
#8308=EDGE_CURVE('',#4106,#4107,#2804,.T.);
#8310=EDGE_CURVE('',#4107,#4109,#2808,.T.);
#8312=EDGE_CURVE('',#4109,#4111,#2813,.T.);
#8314=EDGE_CURVE('',#4111,#4210,#2817,.T.);
#8325=EDGE_CURVE('',#4219,#4155,#2821,.T.);
#8327=EDGE_CURVE('',#4155,#4114,#2825,.T.);
#8329=EDGE_CURVE('',#4114,#4115,#2829,.T.);
#8331=EDGE_CURVE('',#4115,#4117,#2833,.T.);
#8333=EDGE_CURVE('',#4117,#4119,#2837,.T.);
#8335=EDGE_CURVE('',#4119,#4121,#2841,.T.);
#8337=EDGE_CURVE('',#4121,#4123,#2846,.T.);
#8339=EDGE_CURVE('',#4123,#4125,#2850,.T.);
#8341=EDGE_CURVE('',#4125,#4127,#2855,.T.);
#8343=EDGE_CURVE('',#4127,#4129,#2859,.T.);
#8345=EDGE_CURVE('',#4129,#4131,#2864,.T.);
#8347=EDGE_CURVE('',#4131,#4133,#2868,.T.);
#8349=EDGE_CURVE('',#4133,#4135,#2873,.T.);
#8351=EDGE_CURVE('',#4135,#4137,#2877,.T.);
#8353=EDGE_CURVE('',#4137,#4139,#2882,.T.);
#8355=EDGE_CURVE('',#4139,#4141,#2886,.T.);
#8357=EDGE_CURVE('',#4141,#4143,#2890,.T.);
#8359=EDGE_CURVE('',#4143,#4145,#2894,.T.);
#8361=EDGE_CURVE('',#4145,#4148,#2899,.T.);
#8363=EDGE_CURVE('',#4148,#4149,#2903,.T.);
#8365=EDGE_CURVE('',#4149,#4152,#2908,.T.);
#8367=EDGE_CURVE('',#4152,#4153,#2912,.T.);
#8369=EDGE_CURVE('',#4153,#4225,#2916,.T.);
#8381=EDGE_CURVE('',#4215,#4158,#2938,.T.);
#8383=EDGE_CURVE('',#4106,#4158,#3053,.T.);
#8395=EDGE_CURVE('',#4163,#4214,#2920,.T.);
#8397=EDGE_CURVE('',#4161,#4163,#2925,.T.);
#8399=EDGE_CURVE('',#4159,#4161,#2929,.T.);
#8401=EDGE_CURVE('',#4158,#4159,#2934,.T.);
#8414=EDGE_CURVE('',#4205,#4227,#2942,.T.);
#8416=EDGE_CURVE('',#4204,#4205,#2946,.T.);
#8418=EDGE_CURVE('',#4201,#4204,#2951,.T.);
#8420=EDGE_CURVE('',#4200,#4201,#2955,.T.);
#8422=EDGE_CURVE('',#4197,#4200,#2960,.T.);
#8424=EDGE_CURVE('',#4195,#4197,#2964,.T.);
#8426=EDGE_CURVE('',#4193,#4195,#2968,.T.);
#8428=EDGE_CURVE('',#4191,#4193,#2972,.T.);
#8430=EDGE_CURVE('',#4189,#4191,#2977,.T.);
#8432=EDGE_CURVE('',#4187,#4189,#2981,.T.);
#8434=EDGE_CURVE('',#4185,#4187,#2986,.T.);
#8436=EDGE_CURVE('',#4183,#4185,#2990,.T.);
#8438=EDGE_CURVE('',#4181,#4183,#2995,.T.);
#8440=EDGE_CURVE('',#4179,#4181,#2999,.T.);
#8442=EDGE_CURVE('',#4177,#4179,#3004,.T.);
#8444=EDGE_CURVE('',#4175,#4177,#3008,.T.);
#8446=EDGE_CURVE('',#4173,#4175,#3013,.T.);
#8448=EDGE_CURVE('',#4171,#4173,#3017,.T.);
#8450=EDGE_CURVE('',#4169,#4171,#3021,.T.);
#8452=EDGE_CURVE('',#4167,#4169,#3025,.T.);
#8454=EDGE_CURVE('',#4166,#4167,#3029,.T.);
#8456=EDGE_CURVE('',#4207,#4166,#3033,.T.);
#8458=EDGE_CURVE('',#4223,#4207,#3037,.T.);
#8470=EDGE_CURVE('',#4111,#4163,#3041,.T.);
#8482=EDGE_CURVE('',#4109,#4161,#3045,.T.);
#8495=EDGE_CURVE('',#4107,#4159,#3049,.T.);
#8521=EDGE_CURVE('',#4153,#4205,#3057,.T.);
#8533=EDGE_CURVE('',#4152,#4204,#3061,.T.);
#8546=EDGE_CURVE('',#4149,#4201,#3065,.T.);
#8559=EDGE_CURVE('',#4148,#4200,#3069,.T.);
#8572=EDGE_CURVE('',#4145,#4197,#3073,.T.);
#8585=EDGE_CURVE('',#4143,#4195,#3077,.T.);
#8598=EDGE_CURVE('',#4141,#4193,#3081,.T.);
#8611=EDGE_CURVE('',#4139,#4191,#3085,.T.);
#8624=EDGE_CURVE('',#4137,#4189,#3089,.T.);
#8637=EDGE_CURVE('',#4135,#4187,#3093,.T.);
#8650=EDGE_CURVE('',#4133,#4185,#3097,.T.);
#8663=EDGE_CURVE('',#4131,#4183,#3101,.T.);
#8676=EDGE_CURVE('',#4129,#4181,#3105,.T.);
#8689=EDGE_CURVE('',#4127,#4179,#3109,.T.);
#8702=EDGE_CURVE('',#4125,#4177,#3113,.T.);
#8715=EDGE_CURVE('',#4123,#4175,#3117,.T.);
#8728=EDGE_CURVE('',#4121,#4173,#3121,.T.);
#8741=EDGE_CURVE('',#4119,#4171,#3125,.T.);
#8754=EDGE_CURVE('',#4117,#4169,#3129,.T.);
#8767=EDGE_CURVE('',#4115,#4167,#3133,.T.);
#8780=EDGE_CURVE('',#4114,#4166,#3137,.T.);
#8793=EDGE_CURVE('',#4155,#4207,#3141,.T.);
#8818=EDGE_CURVE('',#4335,#4230,#3145,.T.);
#8820=EDGE_CURVE('',#4230,#4231,#3150,.T.);
#8822=EDGE_CURVE('',#4231,#4233,#3154,.T.);
#8824=EDGE_CURVE('',#4233,#4235,#3159,.T.);
#8826=EDGE_CURVE('',#4235,#4334,#3163,.T.);
#8837=EDGE_CURVE('',#4343,#4279,#3167,.T.);
#8839=EDGE_CURVE('',#4279,#4238,#3171,.T.);
#8841=EDGE_CURVE('',#4238,#4239,#3175,.T.);
#8843=EDGE_CURVE('',#4239,#4241,#3179,.T.);
#8845=EDGE_CURVE('',#4241,#4243,#3183,.T.);
#8847=EDGE_CURVE('',#4243,#4245,#3187,.T.);
#8849=EDGE_CURVE('',#4245,#4247,#3192,.T.);
#8851=EDGE_CURVE('',#4247,#4249,#3196,.T.);
#8853=EDGE_CURVE('',#4249,#4251,#3201,.T.);
#8855=EDGE_CURVE('',#4251,#4253,#3205,.T.);
#8857=EDGE_CURVE('',#4253,#4255,#3210,.T.);
#8859=EDGE_CURVE('',#4255,#4257,#3214,.T.);
#8861=EDGE_CURVE('',#4257,#4259,#3219,.T.);
#8863=EDGE_CURVE('',#4259,#4261,#3223,.T.);
#8865=EDGE_CURVE('',#4261,#4263,#3228,.T.);
#8867=EDGE_CURVE('',#4263,#4265,#3232,.T.);
#8869=EDGE_CURVE('',#4265,#4267,#3236,.T.);
#8871=EDGE_CURVE('',#4267,#4269,#3240,.T.);
#8873=EDGE_CURVE('',#4269,#4272,#3245,.T.);
#8875=EDGE_CURVE('',#4272,#4273,#3249,.T.);
#8877=EDGE_CURVE('',#4273,#4276,#3254,.T.);
#8879=EDGE_CURVE('',#4276,#4277,#3258,.T.);
#8881=EDGE_CURVE('',#4277,#4349,#3262,.T.);
#8893=EDGE_CURVE('',#4339,#4282,#3284,.T.);
#8895=EDGE_CURVE('',#4230,#4282,#3399,.T.);
#8907=EDGE_CURVE('',#4287,#4338,#3266,.T.);
#8909=EDGE_CURVE('',#4285,#4287,#3271,.T.);
#8911=EDGE_CURVE('',#4283,#4285,#3275,.T.);
#8913=EDGE_CURVE('',#4282,#4283,#3280,.T.);
#8926=EDGE_CURVE('',#4329,#4351,#3288,.T.);
#8928=EDGE_CURVE('',#4328,#4329,#3292,.T.);
#8930=EDGE_CURVE('',#4325,#4328,#3297,.T.);
#8932=EDGE_CURVE('',#4324,#4325,#3301,.T.);
#8934=EDGE_CURVE('',#4321,#4324,#3306,.T.);
#8936=EDGE_CURVE('',#4319,#4321,#3310,.T.);
#8938=EDGE_CURVE('',#4317,#4319,#3314,.T.);
#8940=EDGE_CURVE('',#4315,#4317,#3318,.T.);
#8942=EDGE_CURVE('',#4313,#4315,#3323,.T.);
#8944=EDGE_CURVE('',#4311,#4313,#3327,.T.);
#8946=EDGE_CURVE('',#4309,#4311,#3332,.T.);
#8948=EDGE_CURVE('',#4307,#4309,#3336,.T.);
#8950=EDGE_CURVE('',#4305,#4307,#3341,.T.);
#8952=EDGE_CURVE('',#4303,#4305,#3345,.T.);
#8954=EDGE_CURVE('',#4301,#4303,#3350,.T.);
#8956=EDGE_CURVE('',#4299,#4301,#3354,.T.);
#8958=EDGE_CURVE('',#4297,#4299,#3359,.T.);
#8960=EDGE_CURVE('',#4295,#4297,#3363,.T.);
#8962=EDGE_CURVE('',#4293,#4295,#3367,.T.);
#8964=EDGE_CURVE('',#4291,#4293,#3371,.T.);
#8966=EDGE_CURVE('',#4290,#4291,#3375,.T.);
#8968=EDGE_CURVE('',#4331,#4290,#3379,.T.);
#8970=EDGE_CURVE('',#4347,#4331,#3383,.T.);
#8982=EDGE_CURVE('',#4235,#4287,#3387,.T.);
#8994=EDGE_CURVE('',#4233,#4285,#3391,.T.);
#9007=EDGE_CURVE('',#4231,#4283,#3395,.T.);
#9033=EDGE_CURVE('',#4277,#4329,#3403,.T.);
#9045=EDGE_CURVE('',#4276,#4328,#3407,.T.);
#9058=EDGE_CURVE('',#4273,#4325,#3411,.T.);
#9071=EDGE_CURVE('',#4272,#4324,#3415,.T.);
#9084=EDGE_CURVE('',#4269,#4321,#3419,.T.);
#9097=EDGE_CURVE('',#4267,#4319,#3423,.T.);
#9110=EDGE_CURVE('',#4265,#4317,#3427,.T.);
#9123=EDGE_CURVE('',#4263,#4315,#3431,.T.);
#9136=EDGE_CURVE('',#4261,#4313,#3435,.T.);
#9149=EDGE_CURVE('',#4259,#4311,#3439,.T.);
#9162=EDGE_CURVE('',#4257,#4309,#3443,.T.);
#9175=EDGE_CURVE('',#4255,#4307,#3447,.T.);
#9188=EDGE_CURVE('',#4253,#4305,#3451,.T.);
#9201=EDGE_CURVE('',#4251,#4303,#3455,.T.);
#9214=EDGE_CURVE('',#4249,#4301,#3459,.T.);
#9227=EDGE_CURVE('',#4247,#4299,#3463,.T.);
#9240=EDGE_CURVE('',#4245,#4297,#3467,.T.);
#9253=EDGE_CURVE('',#4243,#4295,#3471,.T.);
#9266=EDGE_CURVE('',#4241,#4293,#3475,.T.);
#9279=EDGE_CURVE('',#4239,#4291,#3479,.T.);
#9292=EDGE_CURVE('',#4238,#4290,#3483,.T.);
#9305=EDGE_CURVE('',#4279,#4331,#3487,.T.);
#9330=EDGE_CURVE('',#4663,#4659,#3491,.T.);
#9332=EDGE_CURVE('',#4662,#4663,#3563,.T.);
#9334=EDGE_CURVE('',#4662,#4658,#3559,.T.);
#9345=EDGE_CURVE('',#4685,#4687,#3495,.T.);
#9347=EDGE_CURVE('',#4685,#4663,#3567,.T.);
#9358=EDGE_CURVE('',#4685,#4683,#3503,.T.);
#9362=EDGE_CURVE('',#4683,#4681,#3499,.T.);
#9373=EDGE_CURVE('',#4654,#4683,#3519,.T.);
#9375=EDGE_CURVE('',#4654,#4650,#3599,.T.);
#9377=EDGE_CURVE('',#4650,#4685,#3571,.T.);
#9387=EDGE_CURVE('',#4679,#4683,#3507,.T.);
#9389=EDGE_CURVE('',#4679,#4655,#3511,.T.);
#9391=EDGE_CURVE('',#4654,#4655,#3515,.T.);
#9403=EDGE_CURVE('',#4679,#4677,#3523,.T.);
#9416=EDGE_CURVE('',#4675,#4673,#3527,.T.);
#9418=EDGE_CURVE('',#4679,#4675,#3603,.T.);
#9430=EDGE_CURVE('',#4669,#4671,#3531,.T.);
#9432=EDGE_CURVE('',#4669,#4675,#3611,.T.);
#9443=EDGE_CURVE('',#4669,#4667,#3539,.T.);
#9447=EDGE_CURVE('',#4667,#4665,#3535,.T.);
#9458=EDGE_CURVE('',#4647,#4667,#3555,.T.);
#9460=EDGE_CURVE('',#4647,#4643,#3591,.T.);
#9462=EDGE_CURVE('',#4643,#4669,#3615,.T.);
#9472=EDGE_CURVE('',#4662,#4667,#3543,.T.);
#9474=EDGE_CURVE('',#4662,#4646,#3547,.T.);
#9476=EDGE_CURVE('',#4646,#4647,#3551,.T.);
#9500=EDGE_CURVE('',#4663,#4642,#3579,.T.);
#9502=EDGE_CURVE('',#4642,#4646,#3595,.T.);
#9515=EDGE_CURVE('',#4642,#4650,#3575,.T.);
#9526=EDGE_CURVE('',#4642,#4643,#3583,.T.);
#9529=EDGE_CURVE('',#4650,#4651,#3587,.T.);
#9531=EDGE_CURVE('',#4643,#4651,#3619,.T.);
#9556=EDGE_CURVE('',#4655,#4651,#3607,.T.);
#9567=EDGE_CURVE('',#4675,#4651,#3623,.T.);
#9596=ADVANCED_BREP_SHAPE_REPRESENTATION('',(#9587),#9595);
#9603=PRODUCT_DEFINITION('part definition','',#9602,#9599);
#9604=PRODUCT_DEFINITION_SHAPE('','SHAPE FOR C-6318977-3.',#9603);
#9605=SHAPE_ASPECT('','solid data associated with C-6318977-3',#9604,.F.);
#9606=PROPERTY_DEFINITION('',
'shape for solid data with which properties are associated',#9605);
#9607=SHAPE_REPRESENTATION('',(#9587),#9595);
#9608=SHAPE_DEFINITION_REPRESENTATION(#9606,#9607);
#9612=PROPERTY_DEFINITION('geometric_validation_property','area of C-6318977-3',
#9605);
#9613=REPRESENTATION('surface area',(#9611),#9595);
#9614=PROPERTY_DEFINITION_REPRESENTATION(#9612,#9613);
#9618=PROPERTY_DEFINITION('geometric_validation_property',
'volume of C-6318977-3',#9605);
#9619=REPRESENTATION('volume',(#9617),#9595);
#9620=PROPERTY_DEFINITION_REPRESENTATION(#9618,#9619);
#9622=PROPERTY_DEFINITION('geometric_validation_property',
'centroid of C-6318977-3',#9605);
#9623=REPRESENTATION('centroid',(#9621),#9595);
#9624=PROPERTY_DEFINITION_REPRESENTATION(#9622,#9623);
#9628=PROPERTY_DEFINITION('geometric_validation_property','area of C-6318977-3',
#9604);
#9629=REPRESENTATION('surface area',(#9627),#9595);
#9630=PROPERTY_DEFINITION_REPRESENTATION(#9628,#9629);
#9634=PROPERTY_DEFINITION('geometric_validation_property',
'volume of C-6318977-3',#9604);
#9635=REPRESENTATION('volume',(#9633),#9595);
#9636=PROPERTY_DEFINITION_REPRESENTATION(#9634,#9635);
#9638=PROPERTY_DEFINITION('geometric_validation_property',
'centroid of C-6318977-3',#9604);
#9639=REPRESENTATION('centroid',(#9637),#9595);
#9640=PROPERTY_DEFINITION_REPRESENTATION(#9638,#9639);
#9641=SHAPE_DEFINITION_REPRESENTATION(#9604,#9596);
#9643=PROPERTY_DEFINITION('user defined attribute','',#9603);
#9647=REPRESENTATION('',(#9646),#9595);
#9648=PROPERTY_DEFINITION_REPRESENTATION(#9643,#9647);
#9649=PROPERTY_DEFINITION('user defined attribute','',#9603);
#9653=REPRESENTATION('',(#9652),#9595);
#9654=PROPERTY_DEFINITION_REPRESENTATION(#9649,#9653);
#9655=PROPERTY_DEFINITION('user defined attribute','',#9603);
#9659=REPRESENTATION('',(#9658),#9595);
#9660=PROPERTY_DEFINITION_REPRESENTATION(#9655,#9659);
#9661=PROPERTY_DEFINITION('user defined attribute','',#9603);
#9665=REPRESENTATION('',(#9664),#9595);
#9666=PROPERTY_DEFINITION_REPRESENTATION(#9661,#9665);
#9667=PROPERTY_DEFINITION('user defined attribute','',#9603);
#9671=REPRESENTATION('',(#9670),#9595);
#9672=PROPERTY_DEFINITION_REPRESENTATION(#9667,#9671);
#9673=PROPERTY_DEFINITION('user defined attribute','',#9603);
#9677=REPRESENTATION('',(#9676),#9595);
#9678=PROPERTY_DEFINITION_REPRESENTATION(#9673,#9677);
#9679=PROPERTY_DEFINITION('user defined attribute','',#9603);
#9683=REPRESENTATION('',(#9682),#9595);
#9684=PROPERTY_DEFINITION_REPRESENTATION(#9679,#9683);
#9685=PROPERTY_DEFINITION('user defined attribute','',#9603);
#9689=REPRESENTATION('',(#9688),#9595);
#9690=PROPERTY_DEFINITION_REPRESENTATION(#9685,#9689);
#9691=PROPERTY_DEFINITION('user defined attribute','',#9603);
#9695=REPRESENTATION('',(#9694),#9595);
#9696=PROPERTY_DEFINITION_REPRESENTATION(#9691,#9695);
#9697=PROPERTY_DEFINITION('user defined attribute','',#9603);
#9701=REPRESENTATION('',(#9700),#9595);
#9702=PROPERTY_DEFINITION_REPRESENTATION(#9697,#9701);
#9703=PROPERTY_DEFINITION('user defined attribute','',#9603);
#9707=REPRESENTATION('',(#9706),#9595);
#9708=PROPERTY_DEFINITION_REPRESENTATION(#9703,#9707);
#9709=PROPERTY_DEFINITION('user defined attribute','',#9603);
#9713=REPRESENTATION('',(#9712),#9595);
#9714=PROPERTY_DEFINITION_REPRESENTATION(#9709,#9713);
#9715=PROPERTY_DEFINITION('user defined attribute','',#9603);
#9719=REPRESENTATION('',(#9718),#9595);
#9720=PROPERTY_DEFINITION_REPRESENTATION(#9715,#9719);
#9721=PROPERTY_DEFINITION('user defined attribute','',#9603);
#9725=REPRESENTATION('',(#9724),#9595);
#9726=PROPERTY_DEFINITION_REPRESENTATION(#9721,#9725);
#9727=PROPERTY_DEFINITION('user defined attribute','',#9603);
#9731=REPRESENTATION('',(#9730),#9595);
#9732=PROPERTY_DEFINITION_REPRESENTATION(#9727,#9731);
#9733=PROPERTY_DEFINITION('user defined attribute','',#9603);
#9737=REPRESENTATION('',(#9736),#9595);
#9738=PROPERTY_DEFINITION_REPRESENTATION(#9733,#9737);
#9739=PROPERTY_DEFINITION('user defined attribute','',#9603);
#9743=REPRESENTATION('',(#9742),#9595);
#9744=PROPERTY_DEFINITION_REPRESENTATION(#9739,#9743);
#9745=PROPERTY_DEFINITION('user defined attribute','',#9603);
#9749=REPRESENTATION('',(#9748),#9595);
#9750=PROPERTY_DEFINITION_REPRESENTATION(#9745,#9749);
#9751=PROPERTY_DEFINITION('user defined attribute','',#9603);
#9755=REPRESENTATION('',(#9754),#9595);
#9756=PROPERTY_DEFINITION_REPRESENTATION(#9751,#9755);
#9757=PROPERTY_DEFINITION('user defined attribute','',#9603);
#9761=REPRESENTATION('',(#9760),#9595);
#9762=PROPERTY_DEFINITION_REPRESENTATION(#9757,#9761);
#9763=PROPERTY_DEFINITION('user defined attribute','',#9603);
#9767=REPRESENTATION('',(#9766),#9595);
#9768=PROPERTY_DEFINITION_REPRESENTATION(#9763,#9767);
#9769=PROPERTY_DEFINITION('user defined attribute','',#9603);
#9772=PROPERTY_DEFINITION('user defined attribute','',#9603);
#9776=REPRESENTATION('',(#9775),#9595);
#9777=PROPERTY_DEFINITION_REPRESENTATION(#9772,#9776);
#9778=PROPERTY_DEFINITION('user defined attribute','',#9603);
#9782=REPRESENTATION('',(#9781),#9595);
#9783=PROPERTY_DEFINITION_REPRESENTATION(#9778,#9782);
#9784=PROPERTY_DEFINITION('user defined attribute','',#9603);
#9788=REPRESENTATION('',(#9787),#9595);
#9789=PROPERTY_DEFINITION_REPRESENTATION(#9784,#9788);
#9790=DERIVED_UNIT((#9610));
#9791=DERIVED_UNIT((#9616));
#9792=DERIVED_UNIT((#9626));
#9793=DERIVED_UNIT((#9632));
ENDSEC;
END-ISO-10303-21;
