#VRML V2.0 utf8
# 3D model generated by easyeda2kicad.py (https://github.com/uPesy/easyeda2kicad.py)

Shape{
    appearance Appearance {
        material  Material 	{
            diffuseColor 1.0 1.0 0.8352941176470589
            specularColor 0.5019607843137255 0.5019607843137255 0.41568627450980394
            ambientIntensity 0.2
            transparency 0
            shininess 0.5
        }
    }
    geometry IndexedFaceSet {
        ccw TRUE
        solid FALSE
        coord DEF co Coordinate {
            point [
                -0.7874 -0.2854 1.187, -0.7874 -0.2854 1.1476, -0.748 -0.2854 1.187, -0.748 -0.2854 1.1476, 0.7874 -0.2854 1.1476, 0.7874 -0.2854 1.187, -0.1575 -0.2854 1.1476, -0.1575 -0.2854 1.187, -0.7874 -0.876 1.1476, -0.7874 -0.876 1.187, -0.748 -0.876 1.1476, -0.748 -0.876 1.187, 0.7874 -0.876 1.187, 0.7874 -0.876 1.1476, -0.1575 -0.876 1.187, -0.1575 -0.876 1.1476, -0.1575 -0.876 1.1476
            ]
        }
        coordIndex [
            0,1,2,-1,2,1,3,-1,4,5,6,-1,6,5,7,-1,8,9,10,-1,10,9,11,-1,12,13,14,-1,14,13,15,-1,3,1,10,-1,10,1,8,-1,15,13,6,-1,6,13,4,-1,
        ]
    }
}
Shape{
    appearance Appearance {
        material  Material 	{
            diffuseColor 0.7529411764705882 0.7529411764705882 0.7529411764705882
            specularColor 0.6039215686274509 0.6039215686274509 0.6039215686274509
            ambientIntensity 0.2
            transparency 0
            shininess 0.5
        }
    }
    geometry IndexedFaceSet {
        ccw TRUE
        solid FALSE
        coord DEF co Coordinate {
            point [
                -0.1181 -1.1516 -0.1927, -0.1181 -1.1468 -0.187, 0.1181 -1.1516 -0.1927, 0.1181 -1.1468 -0.187, 0.1181 -1.1516 -0.187, -0.1181 -1.1516 -0.187, -0.1181 -1.1516 -0.187
            ]
        }
        coordIndex [
            0,1,2,-1,2,1,3,-1,4,2,3,-1,5,1,0,-1,
        ]
    }
}
Shape{
    appearance Appearance {
        material  Material 	{
            diffuseColor 0.2235294117647059 0.2235294117647059 0.2235294117647059
            specularColor 0.11372549019607843 0.11372549019607843 0.11372549019607843
            ambientIntensity 0.2
            transparency 0
            shininess 0.5
        }
    }
    geometry IndexedFaceSet {
        ccw TRUE
        solid FALSE
        coord DEF co Coordinate {
            point [
                -0.1181 -0.0098 -0.0689, -0.1181 -0.0098 -0.187, -0.1342 -0.0098 -0.187, -0.2702 -0.0098 -0.187, -0.3966 -0.0098 -0.187, -0.5156 -0.0098 -0.187, -0.6367 -0.0098 -0.187, -0.7793 -0.0098 -0.187, -1.5551 -0.0098 -0.0689, -1.3723 -0.0098 -0.187, -1.5551 -0.0098 -0.187, -0.1664 -0.2528 -0.187, -0.2503 -0.2528 -0.187, -0.2507 -0.2512 -0.187, -0.6367 -0.4779 -0.187, -0.7211 -0.4779 -0.187, -0.7081 -0.4616 -0.187, -0.7132 -0.4402 -0.187, -0.7132 -0.2669 -0.187, -0.687 -0.2691 -0.187, -0.7104 -0.2543 -0.187, -0.7183 -0.2537 -0.187, -0.7207 -0.2531 -0.187, -0.7117 -0.454 -0.187, -0.7131 -0.4443 -0.187, -0.6509 -0.2666 -0.187, -0.6498 -0.2655 -0.187, -0.6493 -0.2646 -0.187, -0.6367 -0.2528 -0.187, -0.6488 -0.2631 -0.187, -0.6486 -0.2618 -0.187, -0.722 -0.2533 -0.187, -0.7224 -0.2535 -0.187, -0.7793 -0.2528 -0.187, -0.6746 -0.271 -0.187, -0.6701 -0.2721 -0.187, -0.6675 -0.2735 -0.187, -0.664 -0.2764 -0.187, -0.6626 -0.2771 -0.187, -0.6547 -0.2701 -0.187, -0.649 -0.2611 -0.187, -0.6493 -0.2607 -0.187, -0.6498 -0.2604 -0.187, -0.7228 -0.2538 -0.187, -0.7232 -0.2543 -0.187, -0.7237 -0.2553 -0.187, -0.7238 -0.2561 -0.187, -0.7238 -0.2581 -0.187, -0.7227 -0.2677 -0.187, -0.7223 -0.4578 -0.187, -0.7247 -0.4741 -0.187, -0.7793 -0.4779 -0.187, -0.6507 -0.2601 -0.187, -0.6514 -0.2599 -0.187, -0.6565 -0.2599 -0.187, -0.7227 -0.2683 -0.187, -0.722 -0.2883 -0.187, -0.722 -0.4412 -0.187, -0.6705 -0.258 -0.187, -0.6764 -0.2573 -0.187, -0.6962 -0.2557 -0.187, -0.7215 -0.2532 -0.187, -0.7254 -0.4776 -0.187, -0.7251 -0.4779 -0.187, -0.7793 -1.1516 -0.187, -0.723 -0.4803 -0.187, -0.6367 -1.1516 -0.187, -0.4098 -0.2654 -0.187, -0.41 -0.2652 -0.187, -0.3966 -0.2528 -0.187, -0.4932 -0.2528 -0.187, -0.4933 -0.2528 -0.187, -0.5156 -0.2528 -0.187, -0.4942 -0.2532 -0.187, -0.5009 -0.4576 -0.187, -0.5013 -0.459 -0.187, -0.5156 -0.4779 -0.187, -0.4831 -0.3726 -0.187, -0.4545 -0.3763 -0.187, -0.4831 -0.4473 -0.187, -0.4428 -0.3787 -0.187, -0.4287 -0.3851 -0.187, -0.4189 -0.4572 -0.187, -0.4243 -0.4565 -0.187, -0.495 -0.2537 -0.187, -0.4955 -0.2544 -0.187, -0.4959 -0.2553 -0.187, -0.5014 -0.4613 -0.187, -0.5013 -0.4615 -0.187, -0.5012 -0.4617 -0.187, -0.501 -0.4619 -0.187, -0.4352 -0.3814 -0.187, -0.4318 -0.3834 -0.187, -0.4403 -0.4545 -0.187, -0.4323 -0.4554 -0.187, -0.427 -0.4728 -0.187, -0.3966 -0.4779 -0.187, -0.4172 -0.4626 -0.187, -0.4173 -0.3722 -0.187, -0.4173 -0.4575 -0.187, -0.4174 -0.3728 -0.187, -0.4179 -0.4573 -0.187, -0.4177 -0.3735 -0.187, -0.4181 -0.3743 -0.187, -0.4199 -0.2808 -0.187, -0.4104 -0.2703 -0.187, -0.4095 -0.269 -0.187, -0.4091 -0.2683 -0.187, -0.409 -0.2676 -0.187, -0.409 -0.267 -0.187, -0.4092 -0.2664 -0.187, -0.4096 -0.2657 -0.187, -0.4104 -0.2651 -0.187, -0.4115 -0.2649 -0.187, -0.4124 -0.2648 -0.187, -0.5013 -0.4599 -0.187, -0.5014 -0.4606 -0.187, -0.5007 -0.4622 -0.187, -0.5002 -0.4623 -0.187, -0.4996 -0.4624 -0.187, -0.4176 -0.371 -0.187, -0.418 -0.3705 -0.187, -0.4185 -0.37 -0.187, -0.4189 -0.3698 -0.187, -0.4984 -0.4623 -0.187, -0.4919 -0.4612 -0.187, -0.4862 -0.4605 -0.187, -0.4159 -0.4601 -0.187, -0.4158 -0.4596 -0.187, -0.4159 -0.4591 -0.187, -0.4831 -0.3607 -0.187, -0.4831 -0.2686 -0.187, -0.4324 -0.2757 -0.187, -0.4189 -0.3753 -0.187, -0.4688 -0.2574 -0.187, -0.4844 -0.2547 -0.187, -0.4962 -0.2567 -0.187, -0.496 -0.2594 -0.187, -0.496 -0.2594 -0.187, -0.4165 -0.4615 -0.187, -0.4161 -0.4607 -0.187, -0.416 -0.4586 -0.187, -0.4163 -0.4582 -0.187, -0.4167 -0.4578 -0.187, -0.4196 -0.3696 -0.187, -0.4206 -0.3695 -0.187, -0.4229 -0.2791 -0.187, -0.4275 -0.277 -0.187, -0.4175 -0.2645 -0.187, -0.4432 -0.2614 -0.187, -0.4804 -0.4605 -0.187, -0.4794 -0.4605 -0.187, -0.4727 -0.4607 -0.187, -0.4661 -0.4616 -0.187, -0.4528 -0.464 -0.187, -0.4411 -0.4663 -0.187, -0.4174 -0.3716 -0.187, -0.4938 -0.268 -0.187, -0.493 -0.2768 -0.187, -0.493 -0.2832 -0.187, -0.5002 -0.4561 -0.187, -0.4988 -0.4542 -0.187, -0.4966 -0.4515 -0.187, -0.4318 -0.4698 -0.187, -0.4301 -0.4708 -0.187, -0.493 -0.4473 -0.187, -0.4926 -0.2917 -0.187, -0.4927 -0.2875 -0.187, -0.492 -0.2526 -0.187, -0.5156 -0.2512 -0.187, -0.3966 -0.2512 -0.187, -0.4882 -0.2533 -0.187, -0.49 -0.2528 -0.187, -0.4904 -0.2527 -0.187, -0.1876 -0.3423 -0.187, -0.2338 -0.3311 -0.187, -0.1676 -0.2598 -0.187, -0.2447 -0.2805 -0.187, -0.2498 -0.2547 -0.187, -0.2702 -0.1265 -0.187, -0.2546 -0.2432 -0.187, -0.2547 -0.2433 -0.187, -0.164 -0.244 -0.187, -0.1643 -0.2442 -0.187, -0.2551 -0.2437 -0.187, -0.2555 -0.2443 -0.187, -0.2702 -0.2512 -0.187, -0.1342 -0.1265 -0.187, -0.1625 -0.2441 -0.187, -0.1627 -0.2439 -0.187, -0.2549 -0.2434 -0.187, -0.2557 -0.2451 -0.187, -0.2561 -0.2487 -0.187, -0.2564 -0.2512 -0.187, -0.1623 -0.2444 -0.187, -0.1342 -0.2512 -0.187, -0.1621 -0.2448 -0.187, -0.1637 -0.2438 -0.187, -0.1646 -0.2446 -0.187, -0.165 -0.2454 -0.187, -0.163 -0.2438 -0.187, -0.1632 -0.2438 -0.187, -0.1635 -0.2438 -0.187, -0.2538 -0.2434 -0.187, -0.2541 -0.2432 -0.187, -0.2543 -0.2432 -0.187, -0.1652 -0.2462 -0.187, -0.1661 -0.2512 -0.187, -0.1342 -0.2528 -0.187, -0.1613 -0.2512 -0.187, -0.1615 -0.2492 -0.187, -0.1616 -0.2474 -0.187, -0.1618 -0.2462 -0.187, -0.162 -0.2453 -0.187, -0.2523 -0.2453 -0.187, -0.2527 -0.2445 -0.187, -0.2531 -0.244 -0.187, -0.2534 -0.2436 -0.187, -0.2518 -0.2465 -0.187, -0.1589 -0.2796 -0.187, -0.1588 -0.2788 -0.187, -0.2583 -0.2676 -0.187, -0.2702 -0.2528 -0.187, -0.2566 -0.2533 -0.187, -0.2566 -0.2528 -0.187, -0.159 -0.2801 -0.187, -0.1342 -0.4779 -0.187, -0.1594 -0.2807 -0.187, -0.1594 -0.2703 -0.187, -0.1608 -0.255 -0.187, -0.1611 -0.2528 -0.187, -0.2474 -0.3135 -0.187, -0.2702 -0.4779 -0.187, -0.2511 -0.2984 -0.187, -0.2573 -0.2805 -0.187, -0.2556 -0.2836 -0.187, -0.2588 -0.2742 -0.187, -0.2586 -0.2773 -0.187, -0.2579 -0.2793 -0.187, -0.2124 -0.4755 -0.187, -0.2077 -0.4755 -0.187, -0.1747 -0.3298 -0.187, -0.1707 -0.3128 -0.187, -0.1591 -0.2753 -0.187, -0.1592 -0.2739 -0.187, -0.1689 -0.3047 -0.187, -0.1666 -0.2968 -0.187, -0.1642 -0.2904 -0.187, -0.162 -0.2843 -0.187, -0.1606 -0.2821 -0.187, -0.1181 -0.0147 -0.187, 0.1181 -0.0098 -0.187, 0.5728 -0.0098 -0.187, 0.1181 -0.0147 -0.187, 0.5728 -0.1265 -0.187, -1.1024 -1.1468 -0.187, -1.1024 -1.1516 -0.187, -1.3723 -1.1516 -0.187, -1.1894 -0.7095 -0.187, -0.8332 -0.7095 -0.187, -0.8661 -1.1468 -0.187, -0.1096 -0.4779 -0.187, -0.1096 -0.7095 -0.187, -0.1181 -1.1468 -0.187, -0.1181 -1.1516 -0.187, -0.1342 -1.1516 -0.187, 0.5728 -1.1516 -0.187, 0.1181 -1.1516 -0.187, 0.2795 -0.7095 -0.187, 0.1181 -1.1468 -0.187, 0.8661 -1.1468 -0.187, 0.8661 -1.1516 -0.187, 0.866 -0.7095 -0.187, 1.2333 -0.7095 -0.187, 1.1024 -1.1468 -0.187, -0.3182 -0.4674 -0.187, -0.3103 -0.4654 -0.187, -0.3044 -0.4623 -0.187, -0.3839 -0.4572 -0.187, -0.3842 -0.4582 -0.187, -0.2993 -0.4579 -0.187, -0.2939 -0.4506 -0.187, -0.2889 -0.4386 -0.187, -0.3705 -0.2686 -0.187, -0.3705 -0.4467 -0.187, -0.3807 -0.2686 -0.187, -0.3821 -0.2687 -0.187, -0.3042 -0.2685 -0.187, -0.2984 -0.2755 -0.187, -0.2915 -0.2879 -0.187, -0.3839 -0.2666 -0.187, -0.384 -0.2669 -0.187, -0.3839 -0.2672 -0.187, -0.3836 -0.2679 -0.187, -0.3834 -0.4562 -0.187, -0.3833 -0.2684 -0.187, -0.3835 -0.2682 -0.187, -0.3842 -0.4591 -0.187, -0.384 -0.46 -0.187, -0.3837 -0.4606 -0.187, -0.3831 -0.2685 -0.187, -0.3828 -0.2686 -0.187, -0.3828 -0.2687 -0.187, -0.3288 -0.468 -0.187, -0.3363 -0.4674 -0.187, -0.3099 -0.264 -0.187, -0.3142 -0.2619 -0.187, -0.3233 -0.2596 -0.187, -0.3832 -0.2651 -0.187, -0.3836 -0.2657 -0.187, -0.3838 -0.2662 -0.187, -0.2834 -0.4037 -0.187, -0.2815 -0.3505 -0.187, -0.2851 -0.3097 -0.187, -0.3637 -0.4616 -0.187, -0.3566 -0.4623 -0.187, -0.3437 -0.466 -0.187, -0.375 -0.449 -0.187, -0.3811 -0.4541 -0.187, -0.3825 -0.4552 -0.187, -0.3833 -0.4612 -0.187, -0.3828 -0.4616 -0.187, -0.3766 -0.4605 -0.187, -0.342 -0.257 -0.187, -0.3569 -0.2553 -0.187, -0.3625 -0.2538 -0.187, -0.3728 -0.4477 -0.187, -0.3695 -0.4605 -0.187, -0.3666 -0.4611 -0.187, -0.3746 -0.2559 -0.187, -0.3777 -0.2591 -0.187, -0.3818 -0.2635 -0.187, -0.3826 -0.2644 -0.187, -0.3687 -0.2511 -0.187, -0.3687 -0.2512 -0.187, -0.3698 -0.2518 -0.187, -0.371 -0.2528 -0.187, -0.3966 -0.1265 -0.187, -0.3682 -0.251 -0.187, -0.3642 -0.2528 -0.187, -0.3661 -0.2517 -0.187, -0.367 -0.2512 -0.187, -0.3672 -0.251 -0.187, -0.3675 -0.251 -0.187, -0.542 -0.2677 -0.187, -0.5478 -0.2607 -0.187, -0.5553 -0.2554 -0.187, -0.6132 -0.4348 -0.187, -0.6049 -0.4525 -0.187, -0.5348 -0.4677 -0.187, -0.5348 -0.377 -0.187, -0.5564 -0.4647 -0.187, -0.5399 -0.4677 -0.187, -0.564 -0.4688 -0.187, -0.5739 -0.4714 -0.187, -0.5297 -0.3352 -0.187, -0.5324 -0.2945 -0.187, -0.5365 -0.2786 -0.187, -0.5491 -0.4581 -0.187, -0.5453 -0.4531 -0.187, -0.5423 -0.4477 -0.187, -0.5789 -0.2521 -0.187, -0.581 -0.2528 -0.187, -0.5881 -0.2552 -0.187, -0.5413 -0.377 -0.187, -0.5352 -0.3355 -0.187, -0.5977 -0.4611 -0.187, -0.5886 -0.4679 -0.187, -0.5835 -0.4704 -0.187, -0.595 -0.2595 -0.187, -0.6008 -0.2656 -0.187, -0.6081 -0.2776 -0.187, -0.5786 -0.4714 -0.187, -0.5929 -0.2723 -0.187, -0.588 -0.2676 -0.187, -0.539 -0.3032 -0.187, -0.5999 -0.2823 -0.187, -0.5739 -0.2628 -0.187, -0.5438 -0.2837 -0.187, -0.5481 -0.2756 -0.187, -0.5712 -0.4602 -0.187, -0.5783 -0.4598 -0.187, -0.5843 -0.4577 -0.187, -0.6094 -0.4166 -0.187, -0.5676 -0.4595 -0.187, -0.6016 -0.4392 -0.187, -0.5957 -0.4485 -0.187, -0.6123 -0.3998 -0.187, -0.5369 -0.3175 -0.187, -0.6137 -0.345 -0.187, -0.6052 -0.2965 -0.187, -0.5836 -0.2649 -0.187, -0.5792 -0.2634 -0.187, -0.5662 -0.2634 -0.187, -0.5588 -0.2662 -0.187, -0.5529 -0.2702 -0.187, -0.5441 -0.4248 -0.187, -0.5484 -0.4403 -0.187, -0.5529 -0.449 -0.187, -0.5901 -0.4541 -0.187, -0.6174 -0.3051 -0.187, -0.6217 -0.3325 -0.187, -0.6215 -0.3977 -0.187, -0.5571 -0.4539 -0.187, -0.5625 -0.4576 -0.187, -0.5623 -0.2528 -0.187, -0.6367 -0.2512 -0.187, -0.5692 -0.2516 -0.187, -0.5636 -0.2524 -0.187, 1.1024 -1.1516 -0.187, 1.5551 -1.1516 -0.187, 1.5551 -0.4779 -0.187, 1.2333 -0.4779 -0.187, 1.5551 -0.2528 -0.187, 0.866 -0.4779 -0.187, 0.5728 -0.4779 -0.187, 0.866 -0.3971 -0.187, 0.5728 -0.2528 -0.187, 1.2333 -0.3971 -0.187, 0.2795 -0.4779 -0.187, -0.1096 -0.3861 -0.187, 0.2795 -0.3861 -0.187, -1.1894 -0.4779 -0.187, -1.3723 -0.4779 -0.187, -1.1894 -0.3971 -0.187, -1.3723 -0.2528 -0.187, -0.8332 -0.3971 -0.187, -0.8332 -0.4779 -0.187, -0.8661 -1.1516 -0.187, -1.5551 -0.2528 -0.187, -1.5551 -0.4779 -0.187, -1.5551 -1.1516 -0.187, -0.7793 -0.2512 -0.187, -1.3723 -0.2512 -0.187, -1.5551 -0.2512 -0.187, -0.5156 -0.1265 -0.187, -0.6367 -0.1265 -0.187, -0.7793 -0.1265 -0.187, -1.3723 -0.1265 -0.187, -1.5551 -0.1265 -0.187, -0.2702 -1.1516 -0.187, -0.3966 -1.1516 -0.187, -0.5156 -1.1516 -0.187, 0.5728 -0.2512 -0.187, 1.5551 -0.0098 -0.187, 1.5551 -0.1265 -0.187, 1.5551 -0.2512 -0.187, 1.5551 -0.2512 -0.187
            ]
        }
        coordIndex [
            0,1,2,-1,2,3,0,-1,0,3,4,-1,0,4,5,-1,5,6,0,-1,0,6,7,-1,0,7,8,-1,8,7,9,-1,8,9,10,-1,11,12,13,-1,14,15,16,-1,17,18,19,-1,20,21,22,-1,16,23,14,-1,14,23,24,-1,14,24,17,-1,25,26,14,-1,14,26,27,-1,14,27,28,-1,28,27,29,-1,28,29,30,-1,31,32,33,-1,19,34,17,-1,17,34,35,-1,17,35,36,-1,36,37,17,-1,17,37,38,-1,17,38,14,-1,14,38,39,-1,14,39,25,-1,30,40,28,-1,28,40,41,-1,28,41,42,-1,32,43,33,-1,33,43,44,-1,33,44,45,-1,45,46,33,-1,33,46,47,-1,33,47,48,-1,49,50,51,-1,42,52,28,-1,28,52,53,-1,28,53,54,-1,48,55,33,-1,33,55,56,-1,33,56,51,-1,51,56,57,-1,51,57,49,-1,54,58,28,-1,28,58,59,-1,28,59,60,-1,60,20,28,-1,28,20,22,-1,28,22,33,-1,33,22,61,-1,33,61,31,-1,50,62,51,-1,51,62,63,-1,51,63,64,-1,64,63,65,-1,64,65,66,-1,67,68,69,-1,70,71,72,-1,72,71,73,-1,74,75,76,-1,77,78,79,-1,79,78,80,-1,81,82,83,-1,73,84,72,-1,72,84,85,-1,72,85,86,-1,87,88,76,-1,76,88,89,-1,76,89,90,-1,80,91,79,-1,79,91,92,-1,79,92,93,-1,93,92,81,-1,93,81,94,-1,94,81,83,-1,76,95,96,-1,96,95,97,-1,98,99,100,-1,100,99,101,-1,100,101,102,-1,102,101,103,-1,96,104,105,-1,105,106,96,-1,96,106,107,-1,96,107,69,-1,69,107,108,-1,69,108,109,-1,109,110,69,-1,69,110,111,-1,69,111,67,-1,68,112,69,-1,69,112,113,-1,69,113,114,-1,75,115,76,-1,76,115,116,-1,76,116,87,-1,90,117,76,-1,76,117,118,-1,76,118,119,-1,120,121,104,-1,104,121,122,-1,104,122,123,-1,119,124,76,-1,76,124,125,-1,76,125,126,-1,127,128,96,-1,96,128,129,-1,130,131,132,-1,82,81,101,-1,101,81,133,-1,101,133,103,-1,69,134,135,-1,86,136,72,-1,72,136,137,-1,72,137,138,-1,97,139,96,-1,96,139,140,-1,96,140,127,-1,141,142,98,-1,98,142,143,-1,98,143,99,-1,123,144,104,-1,104,144,145,-1,104,145,146,-1,146,145,130,-1,146,130,147,-1,147,130,132,-1,114,148,69,-1,69,148,149,-1,69,149,134,-1,126,150,76,-1,76,150,151,-1,76,151,152,-1,152,153,76,-1,76,153,154,-1,76,154,155,-1,129,141,96,-1,96,141,98,-1,96,98,104,-1,104,98,156,-1,104,156,120,-1,138,157,72,-1,72,157,158,-1,72,158,159,-1,160,72,161,-1,161,72,162,-1,155,163,76,-1,76,163,164,-1,76,164,95,-1,165,162,166,-1,166,162,72,-1,166,72,167,-1,167,72,159,-1,168,169,170,-1,135,171,69,-1,69,171,172,-1,69,172,170,-1,170,172,173,-1,170,173,168,-1,174,175,176,-1,176,175,177,-1,176,177,11,-1,11,177,178,-1,11,178,12,-1,179,180,181,-1,182,183,179,-1,184,185,186,-1,187,188,189,-1,179,181,186,-1,186,181,190,-1,186,190,184,-1,185,191,186,-1,186,191,192,-1,186,192,193,-1,188,187,194,-1,194,187,195,-1,194,195,196,-1,182,179,197,-1,13,198,199,-1,189,200,187,-1,187,200,201,-1,187,201,179,-1,179,201,202,-1,179,202,197,-1,203,204,179,-1,179,204,205,-1,179,205,180,-1,199,206,13,-1,13,206,207,-1,13,207,11,-1,208,209,195,-1,195,209,210,-1,195,210,211,-1,211,212,195,-1,195,212,213,-1,195,213,196,-1,214,215,183,-1,183,215,216,-1,183,216,179,-1,179,216,217,-1,179,217,203,-1,198,13,183,-1,183,13,218,-1,183,218,214,-1,208,219,220,-1,221,222,223,-1,223,222,224,-1,219,208,225,-1,225,208,226,-1,225,226,227,-1,228,229,208,-1,208,229,230,-1,208,230,209,-1,231,232,233,-1,233,232,234,-1,233,234,235,-1,221,236,222,-1,222,236,237,-1,222,237,232,-1,232,237,238,-1,232,238,234,-1,231,239,232,-1,232,239,240,-1,232,240,226,-1,226,240,241,-1,226,241,242,-1,220,243,208,-1,208,243,244,-1,208,244,228,-1,242,245,226,-1,226,245,246,-1,226,246,247,-1,247,248,226,-1,226,248,249,-1,226,249,227,-1,2,1,250,-1,251,252,253,-1,253,252,254,-1,255,256,257,-1,258,259,260,-1,226,261,262,-1,263,264,265,-1,266,267,268,-1,268,267,269,-1,268,269,262,-1,270,271,266,-1,272,273,274,-1,275,276,232,-1,232,276,277,-1,278,279,96,-1,277,280,232,-1,232,280,281,-1,232,281,282,-1,283,284,285,-1,285,284,286,-1,287,222,288,-1,288,222,289,-1,290,291,69,-1,69,291,292,-1,69,292,96,-1,96,292,293,-1,294,278,295,-1,295,278,96,-1,295,96,296,-1,296,96,293,-1,279,297,96,-1,96,297,298,-1,96,298,299,-1,300,301,284,-1,284,301,302,-1,284,302,286,-1,275,232,303,-1,303,232,96,-1,303,96,304,-1,287,305,222,-1,222,305,306,-1,222,306,307,-1,308,309,69,-1,69,309,310,-1,69,310,290,-1,282,311,232,-1,232,311,312,-1,232,312,222,-1,222,312,313,-1,222,313,289,-1,314,315,96,-1,96,315,316,-1,96,316,304,-1,317,318,295,-1,295,318,319,-1,295,319,294,-1,299,320,96,-1,96,320,321,-1,96,321,322,-1,307,323,222,-1,222,323,324,-1,222,324,325,-1,300,284,295,-1,295,284,326,-1,295,326,317,-1,322,327,96,-1,96,327,328,-1,96,328,314,-1,69,329,330,-1,330,331,69,-1,69,331,332,-1,69,332,308,-1,333,334,170,-1,170,334,335,-1,170,335,69,-1,69,335,336,-1,69,336,329,-1,337,338,333,-1,325,339,222,-1,222,339,186,-1,222,186,224,-1,224,186,193,-1,339,340,186,-1,186,340,341,-1,186,341,179,-1,179,341,342,-1,179,342,337,-1,337,342,343,-1,337,343,338,-1,344,345,72,-1,72,345,346,-1,347,348,14,-1,76,349,350,-1,351,352,353,-1,353,352,354,-1,355,356,72,-1,72,356,357,-1,72,357,344,-1,351,358,352,-1,352,358,359,-1,352,359,360,-1,361,362,28,-1,28,362,363,-1,364,365,350,-1,350,365,355,-1,350,355,76,-1,76,355,72,-1,76,72,74,-1,74,72,160,-1,348,366,14,-1,14,366,367,-1,14,367,368,-1,363,369,28,-1,28,369,370,-1,28,370,371,-1,368,372,14,-1,14,372,354,-1,14,354,76,-1,76,354,352,-1,76,352,349,-1,373,374,375,-1,373,375,376,-1,375,377,378,-1,378,377,379,-1,380,381,382,-1,383,384,385,-1,385,384,386,-1,364,383,365,-1,365,383,387,-1,365,387,388,-1,388,387,389,-1,388,389,375,-1,375,389,390,-1,375,390,376,-1,374,391,375,-1,375,391,392,-1,375,392,377,-1,393,394,377,-1,377,394,395,-1,377,395,379,-1,364,396,383,-1,383,396,397,-1,383,397,398,-1,380,382,384,-1,384,382,399,-1,384,399,386,-1,371,400,28,-1,28,400,401,-1,28,401,14,-1,14,401,402,-1,14,402,347,-1,398,403,383,-1,383,403,404,-1,383,404,384,-1,346,405,72,-1,72,405,169,-1,72,169,70,-1,70,169,168,-1,361,406,407,-1,407,406,169,-1,407,169,408,-1,408,169,405,-1,409,274,410,-1,410,274,273,-1,410,273,411,-1,411,273,412,-1,411,412,413,-1,274,270,272,-1,272,270,266,-1,272,266,414,-1,414,266,415,-1,414,415,416,-1,416,415,417,-1,416,417,418,-1,266,268,415,-1,415,268,419,-1,415,419,417,-1,261,226,420,-1,420,226,208,-1,420,208,421,-1,260,255,258,-1,258,255,257,-1,258,257,422,-1,422,257,423,-1,422,423,424,-1,424,423,425,-1,424,425,426,-1,426,425,33,-1,426,33,427,-1,427,33,51,-1,427,51,259,-1,259,51,64,-1,259,64,260,-1,260,64,428,-1,429,425,430,-1,430,425,423,-1,430,423,431,-1,431,423,257,-1,361,28,406,-1,406,28,33,-1,406,33,432,-1,432,33,425,-1,432,425,433,-1,433,425,429,-1,433,429,434,-1,333,170,337,-1,337,170,169,-1,337,169,435,-1,435,169,406,-1,435,406,436,-1,436,406,432,-1,436,432,437,-1,437,432,433,-1,437,433,438,-1,438,433,434,-1,438,434,439,-1,269,263,262,-1,262,263,265,-1,262,265,226,-1,226,265,440,-1,226,440,232,-1,232,440,441,-1,232,441,96,-1,96,441,442,-1,96,442,76,-1,76,442,66,-1,76,66,14,-1,14,66,65,-1,14,65,15,-1,250,187,2,-1,2,187,179,-1,2,179,3,-1,3,179,337,-1,3,337,4,-1,4,337,435,-1,4,435,5,-1,5,435,436,-1,5,436,6,-1,6,436,437,-1,6,437,7,-1,7,437,438,-1,7,438,9,-1,9,438,439,-1,9,439,10,-1,250,253,187,-1,187,253,254,-1,187,254,195,-1,195,254,443,-1,195,443,208,-1,208,443,417,-1,208,417,421,-1,421,417,419,-1,252,444,254,-1,254,444,445,-1,254,445,443,-1,443,445,446,-1,443,446,417,-1,417,446,413,-1,417,413,418,-1,418,413,412,-1,
        ]
    }
}
Shape{
    appearance Appearance {
        material  Material 	{
            diffuseColor 0.7529411764705882 0.7529411764705882 0.7529411764705882
            specularColor 0.6039215686274509 0.6039215686274509 0.6039215686274509
            ambientIntensity 0.2
            transparency 0
            shininess 0.5
        }
    }
    geometry IndexedFaceSet {
        ccw TRUE
        solid FALSE
        coord DEF co Coordinate {
            point [
                1.3828 -0.7538 1.187, 1.3584 -0.7538 1.187, 1.3682 -1.178 1.187, 1.5512 -1.178 1.187, 1.5512 -0.7148 1.187, 1.329 -0.7176 1.187, 1.3161 -0.7377 1.187, 1.5512 -0.3416 1.187, 1.5512 0.0166 1.187, 1.5448 -0.3416 1.187, 1.3682 0.0166 1.187, -1.5512 0.0166 1.187, -1.5512 -1.178 1.187, -1.3682 0.0166 1.187, -1.3682 -1.178 1.187, 1.4309 -0.4107 1.187, 1.4309 -0.5415 1.187, 1.5141 -0.4169 1.187, 1.2961 -0.7547 1.187, 1.2761 -0.7651 1.187, -0.1575 -0.2854 1.187, -1.3682 0.1083 1.187, 0.7874 -0.2854 1.187, 1.414 -0.3314 1.187, 1.3682 0.1083 1.187, 1.4371 -0.3648 1.187, 1.5419 -0.3552 1.187, 1.5405 -0.3618 1.187, 1.3682 -1.2697 1.187, 0.7874 -0.876 1.187, -1.3682 -1.2697 1.187, -0.1575 -0.876 1.187, -0.748 -0.876 1.187, -0.7874 -0.876 1.187, -0.7874 -0.2854 1.187, -0.748 -0.2854 1.187, 1.4089 -0.6844 1.187, 1.3425 -0.6457 1.187, 1.4083 -0.6862 1.187, 1.3392 -0.6819 1.187, 1.4083 -0.6871 1.187, 1.3358 -0.6967 1.187, 1.0195 -0.3505 1.187, 1.0298 -0.3501 1.187, 1.5425 -0.7148 1.187, 1.4248 -0.7364 1.187, 1.4247 -0.7364 1.187, 1.4245 -0.7364 1.187, 1.4241 -0.7363 1.187, 1.4231 -0.7359 1.187, 1.4223 -0.7354 1.187, 1.4217 -0.7348 1.187, 1.0463 -0.3544 1.187, 1.059 -0.3613 1.187, 1.0865 -0.3564 1.187, 1.2513 -0.772 1.187, 1.2401 -0.7731 1.187, 1.2193 -0.7719 1.187, 1.4252 -0.7359 1.187, 1.4251 -0.7362 1.187, 1.4249 -0.7363 1.187, 1.4122 -0.7023 1.187, 1.4094 -0.6918 1.187, 1.4087 -0.6889 1.187, 1.4321 -0.3875 1.187, 1.531 -0.3873 1.187, 1.5376 -0.3724 1.187, 1.4089 -0.3371 1.187, 1.0949 -0.3564 1.187, 1.0712 -0.3723 1.187, 1.0774 -0.3807 1.187, 1.0824 -0.3897 1.187, 1.0519 -0.7139 1.187, 1.0377 -0.7165 1.187, 1.0215 -0.7157 1.187, 1.0061 -0.7105 1.187, 0.986 -0.3715 1.187, 1.0016 -0.3584 1.187, 1.0109 -0.353 1.187, 1.3284 -0.5421 1.187, 1.282 -0.4466 1.187, 1.2799 -0.4815 1.187, 1.2792 -0.4855 1.187, 1.2661 -0.521 1.187, 1.3278 -0.5868 1.187, 1.2557 -0.538 1.187, 1.3264 -0.6339 1.187, 1.2469 -0.5475 1.187, 1.3227 -0.6808 1.187, 1.2429 -0.5506 1.187, 1.2259 -0.5631 1.187, 1.1954 -0.5551 1.187, 1.1706 -0.5156 1.187, 1.1829 -0.5653 1.187, 1.0949 -0.5075 1.187, 1.1748 -0.573 1.187, 1.1638 -0.5897 1.187, 0.9981 -0.682 1.187, 1.0063 -0.6898 1.187, 1.0879 -0.6305 1.187, 1.0756 -0.6991 1.187, 1.0649 -0.7078 1.187, 1.1506 -0.7068 1.187, 1.1601 -0.729 1.187, 1.4278 -0.7264 1.187, 1.4274 -0.7289 1.187, 1.4261 -0.7339 1.187, 1.4204 -0.7323 1.187, 1.4177 -0.7249 1.187, 1.4173 -0.7227 1.187, 0.9947 -0.7033 1.187, 0.985 -0.6932 1.187, 0.9729 -0.6731 1.187, 1.2709 -0.4055 1.187, 1.4111 -0.3461 1.187, 1.278 -0.4221 1.187, 1.4162 -0.4027 1.187, 1.4154 -0.3743 1.187, 1.4141 -0.3606 1.187, 0.9865 -0.6654 1.187, 1.0298 -0.6978 1.187, 1.0801 -0.663 1.187, 1.0728 -0.6765 1.187, 1.2002 -0.7656 1.187, 1.1815 -0.7548 1.187, 1.1693 -0.7427 1.187, 1.4258 -0.7346 1.187, 1.4255 -0.7355 1.187, 0.9506 -0.473 1.187, 0.9624 -0.4168 1.187, 0.9746 -0.3874 1.187, 1.2014 -0.3767 1.187, 1.2106 -0.3739 1.187, 1.2244 -0.373 1.187, 1.2361 -0.3752 1.187, 1.2476 -0.3806 1.187, 1.2485 -0.3811 1.187, 1.2601 -0.3907 1.187, 1.4124 -0.6753 1.187, 1.4152 -0.6589 1.187, 1.3432 -0.6121 1.187, 1.4162 -0.6236 1.187, 1.3449 -0.5421 1.187, 0.9706 -0.4416 1.187, 0.9658 -0.4696 1.187, 1.0944 -0.5766 1.187, 0.9633 -0.5551 1.187, 1.0915 -0.6066 1.187, 0.9636 -0.5608 1.187, 0.9776 -0.6417 1.187, 1.0137 -0.6944 1.187, 1.021 -0.6968 1.187, 1.0427 -0.6968 1.187, 1.0549 -0.6922 1.187, 1.0648 -0.6855 1.187, 1.0743 -0.4076 1.187, 1.0665 -0.3902 1.187, 1.1523 -0.6181 1.187, 1.1034 -0.5772 1.187, 1.0842 -0.5075 1.187, 1.0812 -0.4391 1.187, 1.1648 -0.4181 1.187, 1.1727 -0.4013 1.187, 1.0598 -0.3813 1.187, 1.0517 -0.3748 1.187, 0.9837 -0.4038 1.187, 0.9935 -0.3883 1.187, 1.4756 -0.5024 1.187, 1.4309 -0.5699 1.187, 1.5283 -0.6587 1.187, 1.4309 -0.6678 1.187, 1.5371 -0.6863 1.187, 1.4293 -0.7085 1.187, 1.4283 -0.723 1.187, 1.1796 -0.3923 1.187, 1.1903 -0.3827 1.187, 1.0929 -0.6696 1.187, 1.1457 -0.675 1.187, 1.1455 -0.6599 1.187, 1.0844 -0.6875 1.187, 1.1619 -0.4879 1.187, 1.159 -0.4483 1.187, 1.1596 -0.4412 1.187, 1.0344 -0.3688 1.187, 1.0225 -0.3695 1.187, 1.0438 -0.3709 1.187, 1.0125 -0.373 1.187, 1.0029 -0.3789 1.187, 0.9573 -0.6273 1.187, 0.9502 -0.5817 1.187, 0.9476 -0.5041 1.187, 1.1003 -0.6337 1.187, 1.5425 -0.6508 1.187, 1.5512 -0.6721 1.187, 1.5512 -0.3958 1.187, 1.5406 -0.4059 1.187, 1.5272 -0.4226 1.187, 1.487 -0.4866 1.187, 1.5567 -0.392 1.1869, 1.5564 -0.6821 1.1868, 1.5606 -0.6902 1.1866, 1.5631 -0.6929 1.1864, 1.5659 -0.6953 1.1861, 1.5742 -0.7003 1.1847, 1.5775 -0.7014 1.184, 1.5642 0.0166 1.1863, 1.5642 -0.2302 1.1863, 1.5775 -0.2302 1.184, 1.5522 -0.3416 1.187, 1.6024 -0.2302 1.1753, 1.6024 -0.9312 1.1753, 1.6248 -0.9312 1.1612, 1.6248 -0.2302 1.1612, 1.6435 -0.9312 1.1425, 1.6435 -0.2302 1.1425, 1.6576 -0.9312 1.1201, 1.6576 -0.2302 1.1201, 1.6663 -0.9312 1.0952, 1.6663 -0.2302 1.0952, 1.6693 -0.9312 1.0689, 1.6693 -0.2302 1.0689, 1.5642 -1.178 1.1863, 1.5642 -0.9312 1.1863, 1.5814 -0.7027 1.1831, 1.5814 -0.7148 1.1831, 1.5775 -0.9312 1.184, 1.5775 -0.7148 1.184, 1.5775 -0.7148 1.184
            ]
        }
        coordIndex [
            0,1,2,-1,2,3,4,-1,1,5,6,-1,7,8,9,-1,9,8,10,-1,11,12,13,-1,13,12,14,-1,15,16,17,-1,1,6,2,-1,2,6,18,-1,2,18,19,-1,13,20,21,-1,21,20,22,-1,21,22,23,-1,24,21,10,-1,10,21,23,-1,10,23,9,-1,9,23,25,-1,9,25,26,-1,26,25,27,-1,28,29,30,-1,30,29,31,-1,31,32,30,-1,30,32,33,-1,30,33,14,-1,14,33,34,-1,14,34,13,-1,13,34,35,-1,13,35,20,-1,36,37,38,-1,38,37,39,-1,38,39,40,-1,40,39,41,-1,42,43,22,-1,2,4,0,-1,0,4,44,-1,0,44,45,-1,45,46,0,-1,0,46,47,-1,0,47,48,-1,48,49,0,-1,0,49,50,-1,0,50,51,-1,52,53,54,-1,19,55,2,-1,2,55,56,-1,2,56,28,-1,28,56,57,-1,58,59,44,-1,44,59,60,-1,44,60,45,-1,61,62,41,-1,41,62,63,-1,41,63,40,-1,15,17,64,-1,64,17,65,-1,64,65,25,-1,25,65,66,-1,25,66,27,-1,67,23,68,-1,68,23,22,-1,68,22,54,-1,54,22,43,-1,54,43,52,-1,53,69,54,-1,54,69,70,-1,54,70,71,-1,72,73,28,-1,28,73,74,-1,28,74,29,-1,29,74,75,-1,76,77,22,-1,22,77,78,-1,22,78,42,-1,79,80,81,-1,81,82,79,-1,79,82,83,-1,79,83,84,-1,84,83,85,-1,84,85,86,-1,86,85,87,-1,86,87,88,-1,88,87,89,-1,88,89,90,-1,91,92,93,-1,93,92,94,-1,93,94,95,-1,95,94,96,-1,97,98,99,-1,100,101,102,-1,102,101,72,-1,102,72,103,-1,104,105,44,-1,44,105,106,-1,51,107,0,-1,0,107,108,-1,0,108,41,-1,41,108,109,-1,41,109,61,-1,75,110,29,-1,29,110,111,-1,29,111,112,-1,67,113,114,-1,114,113,115,-1,116,117,115,-1,115,117,118,-1,115,118,114,-1,97,99,119,-1,99,120,121,-1,121,120,122,-1,57,123,28,-1,28,123,124,-1,28,124,72,-1,72,124,125,-1,72,125,103,-1,106,126,44,-1,44,126,127,-1,44,127,58,-1,128,129,22,-1,22,129,130,-1,22,130,76,-1,131,132,68,-1,68,132,133,-1,68,133,67,-1,67,133,134,-1,67,134,135,-1,135,136,67,-1,67,136,137,-1,67,137,113,-1,36,138,37,-1,37,138,139,-1,37,139,140,-1,140,139,141,-1,140,141,142,-1,142,141,116,-1,142,116,79,-1,79,116,115,-1,79,115,80,-1,143,144,145,-1,145,144,146,-1,145,146,147,-1,147,146,148,-1,147,148,99,-1,99,148,149,-1,99,149,119,-1,98,150,99,-1,99,150,151,-1,99,151,120,-1,152,153,120,-1,120,153,154,-1,120,154,122,-1,143,155,156,-1,157,96,158,-1,158,96,94,-1,158,94,145,-1,145,94,159,-1,145,159,143,-1,143,159,160,-1,143,160,155,-1,68,161,162,-1,156,163,143,-1,143,163,164,-1,143,164,165,-1,165,164,166,-1,167,168,169,-1,169,168,170,-1,169,170,171,-1,171,170,172,-1,171,172,44,-1,44,172,173,-1,44,173,104,-1,162,174,68,-1,68,174,175,-1,68,175,131,-1,176,177,178,-1,177,176,102,-1,102,176,179,-1,102,179,100,-1,92,180,94,-1,94,180,181,-1,94,181,68,-1,68,181,182,-1,68,182,161,-1,183,184,185,-1,185,184,186,-1,185,186,164,-1,164,186,187,-1,164,187,166,-1,112,188,29,-1,29,188,189,-1,29,189,22,-1,22,189,190,-1,22,190,128,-1,157,158,178,-1,178,158,191,-1,178,191,176,-1,192,193,194,-1,194,195,192,-1,192,195,196,-1,192,196,197,-1,198,194,193,-1,193,199,198,-1,198,199,200,-1,198,200,201,-1,201,202,198,-1,198,202,203,-1,198,203,204,-1,205,8,206,-1,206,8,7,-1,206,7,207,-1,207,7,208,-1,209,210,211,-1,209,211,212,-1,212,211,213,-1,212,213,214,-1,214,213,215,-1,214,215,216,-1,216,215,217,-1,216,217,218,-1,218,217,219,-1,218,219,220,-1,3,221,222,-1,208,198,207,-1,207,198,204,-1,207,204,209,-1,209,204,223,-1,209,223,210,-1,210,223,224,-1,210,224,225,-1,225,224,226,-1,225,226,222,-1,222,226,4,-1,222,4,3,-1,
        ]
    }
}
Shape{
    appearance Appearance {
        material  Material 	{
            diffuseColor 0.2235294117647059 0.2235294117647059 0.2235294117647059
            specularColor 0.11372549019607843 0.11372549019607843 0.11372549019607843
            ambientIntensity 0.2
            transparency 0
            shininess 0.5
        }
    }
    geometry IndexedFaceSet {
        ccw TRUE
        solid FALSE
        coord DEF co Coordinate {
            point [
                1.6732 -1.1883 0.4256, 1.6732 -0.9312 0.4256, 1.6732 -0.9312 1.1909, 1.6732 -0.2927 0.1709, 1.6732 -1.2697 -0.0689, 1.6732 0.1083 -0.0689, 1.6732 -1.2697 1.1909, 1.6732 -1.1883 0.1709, 1.6732 -0.2302 1.1909, 1.6732 -0.2302 0.4256, 1.6732 0.1083 1.1909, 1.6732 0.0269 0.4256, 1.6732 0.0269 0.1709, 1.6732 -0.6348 0.2801, 1.6732 -0.725 0.2612, 1.6732 -0.5426 0.2801, 1.6732 -0.8095 0.2243, 1.6732 -0.4523 0.2612, 1.6732 -0.8846 0.1709, 1.6732 -0.3679 0.2243, 1.5642 -0.2302 1.1909, 1.5642 0.0166 1.1909, 1.3682 0.0166 1.1909, 1.3682 0.1083 1.1909, 1.3682 -1.178 1.1909, 1.3682 -1.2697 1.1909, 1.5642 -1.178 1.1909, 1.5642 -0.9312 1.1909, -1.5642 -0.9312 1.1909, -1.6732 -0.9312 1.1909, -1.5642 -1.178 1.1909, -1.6732 -1.2697 1.1909, -1.3682 -1.178 1.1909, -1.3682 -1.2697 1.1909, -1.1024 -1.1516 -0.187, -1.1024 -1.1516 -0.0689, -1.3723 -1.1516 -0.187, -1.5551 -1.1516 -0.0689, -1.5551 -1.1516 -0.187, 0.5728 -1.1516 -0.187, 0.8661 -1.1516 -0.187, 0.8661 -1.1516 -0.0689, -0.1181 -1.1516 -0.1927, 0.1181 -1.1516 -0.1927, -0.1181 -1.1516 -0.187, 0.1181 -1.1516 -0.187, -0.8661 -1.1516 -0.0689, -0.8661 -1.1516 -0.187, -0.7793 -1.1516 -0.187, -0.6367 -1.1516 -0.187, -0.5156 -1.1516 -0.187, -0.3966 -1.1516 -0.187, -0.2702 -1.1516 -0.187, -0.1342 -1.1516 -0.187, -1.6732 -0.9312 0.4256, -1.6732 -1.1883 0.4256, -1.6732 -1.2697 -0.0689, -1.6732 0.1083 -0.0689, -1.6732 0.0269 0.1709, -1.6732 0.0269 0.4256, -1.6732 -0.2302 0.4256, -1.6732 -0.2302 1.1909, -1.6732 0.1083 1.1909, -1.6732 -0.3679 0.2243, -1.6732 -0.2927 0.1709, -1.6732 -0.8846 0.1709, -1.6732 -1.1883 0.1709, -1.6732 -0.725 0.2612, -1.6732 -0.6348 0.2801, -1.6732 -0.5426 0.2801, -1.6732 -0.8095 0.2243, -1.6732 -0.4523 0.2612, 1.3682 -1.2697 1.187, -1.3682 -1.2697 1.187, -1.3682 0.1083 1.1909, -1.3682 0.1083 1.187, 1.3682 0.1083 1.187, -1.3682 0.0166 1.1909, -1.5642 0.0166 1.1909, -1.5642 -0.2302 1.1909, 1.1024 -1.2303 -0.0689, 1.1024 -1.1516 -0.0689, 1.5551 -1.1516 -0.0689, -0.1181 0.0689 -0.0689, 0.1181 0.0689 -0.0689, 0.1181 -0.0098 -0.0689, 1.5551 -0.0098 -0.0689, 0.8661 -1.2303 -0.0689, -0.1181 -0.0098 -0.0689, -1.5551 -0.0098 -0.0689, -1.1024 -1.2303 -0.0689, -0.8661 -1.2303 -0.0689, 1.5551 -0.1265 -0.187, 1.5551 -0.0098 -0.187, 1.5551 -0.2512 -0.187, 1.5551 -1.1516 -0.187, 1.5551 -0.4779 -0.187, 1.5551 -0.2528 -0.187, 0.1181 -0.0098 -0.187, 0.5728 -0.0098 -0.187, -1.5551 -0.0098 -0.187, -1.5551 -0.1265 -0.187, -1.5551 -0.2512 -0.187, -1.5551 -0.4779 -0.187, -1.5551 -0.2528 -0.187, 1.1024 -1.1516 -0.187, 1.1024 -1.1516 -0.187
            ]
        }
        coordIndex [
            0,1,2,-1,3,4,5,-1,2,6,0,-1,0,6,4,-1,0,4,7,-1,8,9,10,-1,10,9,11,-1,10,11,5,-1,5,11,12,-1,5,12,3,-1,13,14,15,-1,15,14,16,-1,15,16,17,-1,7,4,18,-1,18,4,3,-1,18,3,16,-1,16,3,19,-1,16,19,17,-1,20,8,21,-1,21,8,10,-1,21,10,22,-1,22,10,23,-1,24,25,26,-1,26,25,6,-1,26,6,27,-1,27,6,2,-1,28,29,30,-1,30,29,31,-1,30,31,32,-1,32,31,33,-1,34,35,36,-1,36,35,37,-1,36,37,38,-1,39,40,41,-1,42,43,44,-1,44,43,45,-1,39,41,45,-1,45,41,46,-1,45,46,44,-1,46,47,48,-1,48,49,46,-1,46,49,50,-1,46,50,51,-1,51,52,46,-1,46,52,53,-1,46,53,44,-1,29,54,31,-1,31,54,55,-1,31,55,56,-1,57,58,59,-1,60,61,59,-1,59,61,62,-1,59,62,57,-1,63,64,65,-1,55,66,56,-1,56,66,65,-1,56,65,57,-1,57,65,64,-1,57,64,58,-1,67,68,69,-1,65,70,63,-1,63,70,67,-1,63,67,71,-1,71,67,69,-1,6,25,72,-1,33,31,73,-1,73,31,56,-1,73,56,72,-1,72,56,4,-1,72,4,6,-1,62,74,75,-1,23,10,76,-1,76,10,5,-1,76,5,75,-1,75,5,57,-1,75,57,62,-1,77,74,78,-1,78,74,62,-1,78,62,79,-1,79,62,61,-1,80,81,82,-1,83,57,84,-1,84,57,5,-1,85,84,86,-1,86,84,5,-1,86,5,82,-1,82,5,4,-1,82,4,80,-1,80,4,87,-1,83,88,57,-1,57,88,89,-1,57,89,56,-1,56,89,37,-1,37,35,56,-1,56,35,90,-1,56,90,91,-1,46,41,91,-1,91,41,87,-1,91,87,56,-1,56,87,4,-1,92,93,86,-1,92,86,94,-1,82,95,96,-1,82,96,86,-1,86,96,97,-1,86,97,94,-1,98,85,99,-1,99,85,86,-1,99,86,93,-1,100,101,89,-1,89,101,102,-1,38,37,103,-1,103,37,89,-1,103,89,104,-1,104,89,102,-1,95,82,105,-1,105,82,81,-1,
        ]
    }
}
Shape{
    appearance Appearance {
        material  Material 	{
            diffuseColor 0.7529411764705882 0.7529411764705882 0.7529411764705882
            specularColor 0.6039215686274509 0.6039215686274509 0.6039215686274509
            ambientIntensity 0.2
            transparency 0
            shininess 0.5
        }
    }
    geometry IndexedFaceSet {
        ccw TRUE
        solid FALSE
        coord DEF co Coordinate {
            point [
                1.1024 -1.2697 -0.2461, 0.8661 -1.2697 -0.2461, 0.8661 -1.2347 -0.2421, 1.1024 -1.2347 -0.2421, 0.8661 -1.2015 -0.2305, 1.1024 -1.2015 -0.2305, 0.8661 -1.1717 -0.2118, 1.1024 -1.1717 -0.2118, 0.8661 -1.1468 -0.187, 1.1024 -1.1468 -0.187, 1.1024 -2.0374 -0.128, 1.1024 -1.2697 -0.128, 0.8661 -2.0374 -0.128, 0.8661 -1.2697 -0.128, 1.1024 -2.0374 -0.2461, 0.8661 -2.0374 -0.2461, 1.1024 -1.2303 -0.0886, 1.1024 -1.2303 -0.0689, 0.8661 -1.2303 -0.0886, 0.8661 -1.2303 -0.0689, 1.1024 -1.2317 -0.0988, 0.8661 -1.2317 -0.0988, 1.1024 -1.2356 -0.1083, 0.8661 -1.2356 -0.1083, 1.1024 -1.2418 -0.1164, 0.8661 -1.2418 -0.1164, 1.1024 -1.25 -0.1227, 0.8661 -1.25 -0.1227, 1.1024 -1.2595 -0.1266, 0.8661 -1.2595 -0.1266, 1.1024 -1.1516 -0.187, 1.1024 -1.1516 -0.0689, 0.8661 -1.1516 -0.187, 0.8661 -1.1516 -0.0689, -0.8661 -1.2697 -0.2461, -1.1024 -1.2697 -0.2461, -1.1024 -1.2347 -0.2421, -0.8661 -1.2347 -0.2421, -1.1024 -1.2015 -0.2305, -0.8661 -1.2015 -0.2305, -1.1024 -1.1717 -0.2118, -0.8661 -1.1717 -0.2118, -1.1024 -1.1468 -0.187, -0.8661 -1.1468 -0.187, -0.8661 -2.0374 -0.128, -0.8661 -1.2697 -0.128, -1.1024 -2.0374 -0.128, -1.1024 -1.2697 -0.128, -0.8661 -2.0374 -0.2461, -1.1024 -2.0374 -0.2461, -0.8661 -1.2303 -0.0886, -0.8661 -1.2303 -0.0689, -1.1024 -1.2303 -0.0886, -1.1024 -1.2303 -0.0689, -0.8661 -1.2317 -0.0988, -1.1024 -1.2317 -0.0988, -0.8661 -1.2356 -0.1083, -1.1024 -1.2356 -0.1083, -0.8661 -1.2418 -0.1164, -1.1024 -1.2418 -0.1164, -0.8661 -1.25 -0.1227, -1.1024 -1.25 -0.1227, -0.8661 -1.2595 -0.1266, -1.1024 -1.2595 -0.1266, -0.8661 -1.1516 -0.187, -0.8661 -1.1516 -0.0689, -1.1024 -1.1516 -0.187, -1.1024 -1.1516 -0.0689, 1.3682 0.1083 1.187, 1.3682 0.0166 1.187, 1.3682 0.1083 1.1909, 1.3682 0.0166 1.1909, 1.5642 0.0166 1.1863, 1.5642 0.0166 1.1909, 1.5512 0.0166 1.187, 1.5642 -0.2302 1.1863, 1.5642 -0.2302 1.1909, 1.6693 -0.2302 0.4256, 1.6732 -0.2302 0.4256, 1.6693 -0.2302 1.0689, 1.6732 -0.2302 1.1909, 1.6663 -0.2302 1.0952, 1.6576 -0.2302 1.1201, 1.6024 -0.2302 1.1753, 1.6248 -0.2302 1.1612, 1.6435 -0.2302 1.1425, 1.5775 -0.2302 1.184, 1.6663 -0.9312 1.0952, 1.6732 -0.9312 1.1909, 1.6693 -0.9312 1.0689, 1.6732 -0.9312 0.4256, 1.6693 -0.9312 0.4256, 1.6576 -0.9312 1.1201, 1.6435 -0.9312 1.1425, 1.6248 -0.9312 1.1612, 1.5642 -0.9312 1.1863, 1.5642 -0.9312 1.1909, 1.5775 -0.9312 1.184, 1.6024 -0.9312 1.1753, 1.5642 -1.178 1.1863, 1.5642 -1.178 1.1909, 1.3682 -1.178 1.187, 1.3682 -1.178 1.1909, 1.5512 -1.178 1.187, 1.3682 -1.2697 1.187, 1.3682 -1.2697 1.1909, -1.3682 -1.2697 1.187, -1.3682 -1.178 1.187, -1.3682 -1.2697 1.1909, -1.3682 -1.178 1.1909, -1.5642 -1.178 1.1863, -1.5642 -1.178 1.1909, -1.5512 -1.178 1.187, -1.5642 -0.9312 1.1863, -1.5642 -0.9312 1.1909, -1.6102 -0.9312 1.1712, -1.6347 -0.9312 1.1524, -1.6732 -0.9312 1.1909, -1.6535 -0.9312 1.128, -1.5817 -0.9312 1.183, -1.6693 -0.9312 0.4256, -1.6732 -0.9312 0.4256, -1.6693 -0.9312 1.0689, -1.6653 -0.9312 1.0995, -1.6535 -0.2302 1.128, -1.6347 -0.2302 1.1524, -1.6732 -0.2302 1.1909, -1.6653 -0.2302 1.0995, -1.5642 -0.2302 1.1863, -1.5642 -0.2302 1.1909, -1.5817 -0.2302 1.183, -1.6102 -0.2302 1.1712, -1.6693 -0.2302 1.0689, -1.6732 -0.2302 0.4256, -1.6693 -0.2302 0.4256, -1.5642 0.0166 1.1863, -1.5642 0.0166 1.1909, -1.3682 0.0166 1.187, -1.3682 0.0166 1.1909, -1.5512 0.0166 1.187, -1.3682 0.1083 1.187, -1.3682 0.1083 1.1909, -1.6693 -1.1883 0.4256, -1.6732 -1.1883 0.4256, -1.6693 -1.1883 0.1709, -1.6732 -1.1883 0.1709, -1.6693 -0.8846 0.1709, -1.6732 -0.8846 0.1709, -1.6693 -0.2927 0.1709, -1.6732 -0.2927 0.1709, -1.6732 -0.3679 0.2243, -1.6693 -0.3679 0.2243, -1.6732 -0.4523 0.2612, -1.6693 -0.4523 0.2612, -1.6732 -0.5426 0.2801, -1.6693 -0.5426 0.2801, -1.6732 -0.6348 0.2801, -1.6693 -0.6348 0.2801, -1.6732 -0.725 0.2612, -1.6693 -0.725 0.2612, -1.6732 -0.8095 0.2243, -1.6693 -0.8095 0.2243, -1.6693 0.0269 0.1709, -1.6732 0.0269 0.1709, -1.6693 0.0269 0.4256, -1.6732 0.0269 0.4256, 1.6693 0.0269 0.4256, 1.6732 0.0269 0.4256, 1.6693 0.0269 0.1709, 1.6732 0.0269 0.1709, 1.6693 -0.2927 0.1709, 1.6732 -0.2927 0.1709, 1.6693 -0.8846 0.1709, 1.6732 -0.8846 0.1709, 1.6732 -0.8095 0.2243, 1.6693 -0.8095 0.2243, 1.6732 -0.725 0.2612, 1.6693 -0.725 0.2612, 1.6732 -0.6348 0.2801, 1.6693 -0.6348 0.2801, 1.6732 -0.5426 0.2801, 1.6693 -0.5426 0.2801, 1.6732 -0.4523 0.2612, 1.6693 -0.4523 0.2612, 1.6732 -0.3679 0.2243, 1.6693 -0.3679 0.2243, 1.6693 -1.1883 0.1709, 1.6732 -1.1883 0.1709, 1.6693 -1.1883 0.4256, 1.6732 -1.1883 0.4256, 1.4309 -0.4107 1.1831, 1.4309 -0.5415 1.1831, 1.4309 -0.4107 1.187, 1.4309 -0.5415 1.187, 1.5141 -0.4169 1.1831, 1.5141 -0.4169 1.187, 1.5419 -0.3552 1.1831, 1.5419 -0.3552 1.187, 1.5405 -0.3618 1.187, 1.5405 -0.3618 1.1831, 1.5376 -0.3724 1.187, 1.5376 -0.3724 1.1831, 1.531 -0.3873 1.187, 1.531 -0.3873 1.1831, 1.5448 -0.3416 1.1831, 1.5448 -0.3416 1.187, 1.5512 -0.3416 1.187, 1.5522 -0.3416 1.1831, 1.5522 -0.3416 1.187, 1.5567 -0.392 1.1831, 1.5567 -0.392 1.1869, 1.5512 -0.3958 1.187, 1.5406 -0.4059 1.187, 1.5406 -0.4059 1.1831, 1.5272 -0.4226 1.1831, 1.5272 -0.4226 1.187, 1.487 -0.4866 1.1831, 1.487 -0.4866 1.187, 1.5425 -0.6508 1.1831, 1.5425 -0.6508 1.187, 1.5659 -0.6953 1.1861, 1.5659 -0.6953 1.1831, 1.5742 -0.7003 1.1831, 1.5512 -0.6721 1.187, 1.556 -0.6823 1.1831, 1.5564 -0.6821 1.1868, 1.5606 -0.6902 1.1831, 1.5606 -0.6902 1.1866, 1.5631 -0.6929 1.1864, 1.5814 -0.7027 1.1831, 1.5775 -0.7014 1.184, 1.5742 -0.7003 1.1847, 1.5425 -0.7148 1.187, 1.5512 -0.7148 1.187, 1.5425 -0.7148 1.1831, 1.5775 -0.7148 1.184, 1.5814 -0.7148 1.1831, 1.5283 -0.6587 1.1831, 1.5283 -0.6587 1.187, 1.5371 -0.6863 1.187, 1.5371 -0.6863 1.1831, 1.4756 -0.5024 1.1831, 1.4756 -0.5024 1.187, 1.4309 -0.5699 1.1831, 1.4309 -0.5699 1.187, 1.4309 -0.6678 1.1831, 1.4309 -0.6678 1.187, 1.4293 -0.7085 1.1831, 1.4293 -0.7085 1.187, 1.4241 -0.7363 1.1831, 1.4241 -0.7363 1.187, 1.4245 -0.7364 1.187, 1.4245 -0.7364 1.1831, 1.4247 -0.7364 1.187, 1.4247 -0.7364 1.1831, 1.4248 -0.7364 1.187, 1.4248 -0.7364 1.1831, 1.4249 -0.7363 1.187, 1.4249 -0.7363 1.1831, 1.4251 -0.7362 1.187, 1.4251 -0.7362 1.1831, 1.4252 -0.7359 1.187, 1.4252 -0.7359 1.1831, 1.4255 -0.7355 1.187, 1.4255 -0.7355 1.1831, 1.4258 -0.7346 1.187, 1.4258 -0.7346 1.1831, 1.4261 -0.7339 1.187, 1.4261 -0.7339 1.1831, 1.4274 -0.7289 1.187, 1.4274 -0.7289 1.1831, 1.4278 -0.7264 1.187, 1.4278 -0.7264 1.1831, 1.4283 -0.723 1.187, 1.4283 -0.723 1.1831, 1.4173 -0.7227 1.1831, 1.4173 -0.7227 1.187, 1.4177 -0.7249 1.187, 1.4177 -0.7249 1.1831, 1.4204 -0.7323 1.187, 1.4204 -0.7323 1.1831, 1.4217 -0.7348 1.187, 1.4217 -0.7348 1.1831, 1.4223 -0.7354 1.187, 1.4223 -0.7354 1.1831, 1.4231 -0.7359 1.187, 1.4231 -0.7359 1.1831, 1.4122 -0.7023 1.1831, 1.4122 -0.7023 1.187, 1.4162 -0.6236 1.1831, 1.4162 -0.6236 1.187, 1.4152 -0.6589 1.187, 1.4152 -0.6589 1.1831, 1.4124 -0.6753 1.187, 1.4124 -0.6753 1.1831, 1.4089 -0.6844 1.187, 1.4089 -0.6844 1.1831, 1.4083 -0.6862 1.187, 1.4083 -0.6862 1.1831, 1.4083 -0.6871 1.187, 1.4083 -0.6871 1.1831, 1.4087 -0.6889 1.187, 1.4087 -0.6889 1.1831, 1.4094 -0.6918 1.187, 1.4094 -0.6918 1.1831, 1.4162 -0.4027 1.1831, 1.4162 -0.4027 1.187, 1.4111 -0.3461 1.1831, 1.4111 -0.3461 1.187, 1.4141 -0.3606 1.187, 1.4141 -0.3606 1.1831, 1.4154 -0.3743 1.187, 1.4154 -0.3743 1.1831, 1.4089 -0.3371 1.1831, 1.4089 -0.3371 1.187, 1.414 -0.3314 1.1831, 1.414 -0.3314 1.187, 1.4371 -0.3648 1.1831, 1.4371 -0.3648 1.187, 1.4321 -0.3875 1.187, 1.4321 -0.3875 1.1831, 1.2429 -0.5506 1.1831, 1.2259 -0.5631 1.1831, 1.2429 -0.5506 1.187, 1.2259 -0.5631 1.187, 1.3227 -0.6808 1.1831, 1.3227 -0.6808 1.187, 1.3278 -0.5868 1.1831, 1.3278 -0.5868 1.187, 1.3264 -0.6339 1.187, 1.3264 -0.6339 1.1831, 1.3284 -0.5421 1.1831, 1.3284 -0.5421 1.187, 1.3449 -0.5421 1.1831, 1.3449 -0.5421 1.187, 1.3392 -0.6819 1.1831, 1.3392 -0.6819 1.187, 1.3425 -0.6457 1.187, 1.3425 -0.6457 1.1831, 1.3432 -0.6121 1.187, 1.3432 -0.6121 1.1831, 1.3358 -0.6967 1.1831, 1.3358 -0.6967 1.187, 1.3828 -0.7538 1.1831, 1.3828 -0.7538 1.187, 1.3584 -0.7538 1.1831, 1.3584 -0.7538 1.187, 1.329 -0.7176 1.1831, 1.329 -0.7176 1.187, 1.2401 -0.7731 1.1831, 1.2401 -0.7731 1.187, 1.2513 -0.772 1.187, 1.2513 -0.772 1.1831, 1.2761 -0.7651 1.187, 1.2761 -0.7651 1.1831, 1.2961 -0.7547 1.187, 1.2961 -0.7547 1.1831, 1.3161 -0.7377 1.187, 1.3161 -0.7377 1.1831, 1.1455 -0.6599 1.1831, 1.1455 -0.6599 1.187, 1.1457 -0.675 1.187, 1.1457 -0.675 1.1831, 1.1506 -0.7068 1.187, 1.1506 -0.7068 1.1831, 1.1601 -0.729 1.187, 1.1601 -0.729 1.1831, 1.1693 -0.7427 1.187, 1.1693 -0.7427 1.1831, 1.1815 -0.7548 1.187, 1.1815 -0.7548 1.1831, 1.2002 -0.7656 1.187, 1.2002 -0.7656 1.1831, 1.2193 -0.7719 1.187, 1.2193 -0.7719 1.1831, 1.1829 -0.5653 1.1831, 1.1829 -0.5653 1.187, 1.1748 -0.573 1.187, 1.1748 -0.573 1.1831, 1.1638 -0.5897 1.187, 1.1638 -0.5897 1.1831, 1.1523 -0.6181 1.187, 1.1523 -0.6181 1.1831, 1.1954 -0.5551 1.1831, 1.1954 -0.5551 1.187, 1.1596 -0.4412 1.1831, 1.1596 -0.4412 1.187, 1.159 -0.4483 1.187, 1.159 -0.4483 1.1831, 1.1619 -0.4879 1.187, 1.1619 -0.4879 1.1831, 1.1706 -0.5156 1.187, 1.1706 -0.5156 1.1831, 1.2106 -0.3739 1.1831, 1.2106 -0.3739 1.187, 1.2014 -0.3767 1.187, 1.2014 -0.3767 1.1831, 1.1903 -0.3827 1.187, 1.1903 -0.3827 1.1831, 1.1796 -0.3923 1.187, 1.1796 -0.3923 1.1831, 1.1727 -0.4013 1.187, 1.1727 -0.4013 1.1831, 1.1648 -0.4181 1.187, 1.1648 -0.4181 1.1831, 1.2792 -0.4855 1.1831, 1.2792 -0.4855 1.187, 1.2799 -0.4815 1.187, 1.2799 -0.4815 1.1831, 1.282 -0.4466 1.187, 1.282 -0.4466 1.1831, 1.278 -0.4221 1.187, 1.278 -0.4221 1.1831, 1.2709 -0.4055 1.187, 1.2709 -0.4055 1.1831, 1.2601 -0.3907 1.187, 1.2601 -0.3907 1.1831, 1.2485 -0.3811 1.187, 1.2485 -0.3811 1.1831, 1.2476 -0.3806 1.187, 1.2476 -0.3806 1.1831, 1.2361 -0.3752 1.187, 1.2361 -0.3752 1.1831, 1.2244 -0.373 1.187, 1.2244 -0.373 1.1831, 1.2469 -0.5475 1.187, 1.2469 -0.5475 1.1831, 1.2557 -0.538 1.187, 1.2557 -0.538 1.1831, 1.2661 -0.521 1.187, 1.2661 -0.521 1.1831, 1.2117 -0.5454 1.1831, 1.2355 -0.5298 1.1831, 1.2536 -0.5077 1.1831, 1.2611 -0.4935 1.1831, 1.2646 -0.4781 1.1831, 1.2656 -0.4622 1.1831, 1.263 -0.4385 1.1831, 1.2382 -0.3995 1.1831, 1.2313 -0.3966 1.1831, 1.2244 -0.3955 1.1831, 1.2163 -0.3959 1.1831, 1.2589 -0.4237 1.1831, 1.2536 -0.4138 1.1831, 1.246 -0.4053 1.1831, 1.2084 -0.5715 1.1831, 1.1881 -0.5872 1.1831, 1.1789 -0.5989 1.1831, 1.1682 -0.623 1.1831, 1.1642 -0.6424 1.1831, 1.1638 -0.6801 1.1831, 1.1676 -0.699 1.1831, 1.1741 -0.7158 1.1831, 1.1824 -0.7276 1.1831, 1.1966 -0.7396 1.1831, 1.2097 -0.746 1.1831, 1.2246 -0.7493 1.1831, 1.235 -0.7499 1.1831, 1.2555 -0.7485 1.1831, 1.2693 -0.7443 1.1831, 1.2928 -0.7297 1.1831, 1.3045 -0.7199 1.1831, 1.311 -0.7126 1.1831, 1.3126 -0.7097 1.1831, 1.3159 -0.7017 1.1831, 1.2022 -0.5319 1.1831, 1.1907 -0.5152 1.1831, 1.1823 -0.4968 1.1831, 1.176 -0.4696 1.1831, 1.1767 -0.4477 1.1831, 1.1817 -0.429 1.1831, 1.2054 -0.3998 1.1831, 1.1974 -0.4053 1.1831, 1.1897 -0.4139 1.1831, 1.3126 -0.7097 1.187, 1.3159 -0.7017 1.187, 1.311 -0.7126 1.187, 1.3045 -0.7199 1.187, 1.2928 -0.7297 1.187, 1.2693 -0.7443 1.187, 1.2555 -0.7485 1.187, 1.235 -0.7499 1.187, 1.2246 -0.7493 1.187, 1.2097 -0.746 1.187, 1.1966 -0.7396 1.187, 1.1824 -0.7276 1.187, 1.1741 -0.7158 1.187, 1.1676 -0.699 1.187, 1.1638 -0.6801 1.187, 1.1642 -0.6424 1.187, 1.1682 -0.623 1.187, 1.1789 -0.5989 1.187, 1.1881 -0.5872 1.187, 1.2084 -0.5715 1.187, 1.2022 -0.5319 1.187, 1.2117 -0.5454 1.187, 1.1907 -0.5152 1.187, 1.1823 -0.4968 1.187, 1.176 -0.4696 1.187, 1.1767 -0.4477 1.187, 1.1817 -0.429 1.187, 1.1897 -0.4139 1.187, 1.1974 -0.4053 1.187, 1.2054 -0.3998 1.187, 1.2163 -0.3959 1.187, 1.2244 -0.3955 1.187, 1.2313 -0.3966 1.187, 1.2382 -0.3995 1.187, 1.246 -0.4053 1.187, 1.2536 -0.4138 1.187, 1.2589 -0.4237 1.187, 1.263 -0.4385 1.187, 1.2656 -0.4622 1.187, 1.2646 -0.4781 1.187, 1.2611 -0.4935 1.187, 1.2536 -0.5077 1.187, 1.2355 -0.5298 1.187, 1.0774 -0.3807 1.1831, 1.0824 -0.3897 1.1831, 1.0774 -0.3807 1.187, 1.0824 -0.3897 1.187, 1.0865 -0.3564 1.1831, 1.0865 -0.3564 1.187, 1.0949 -0.3564 1.1831, 1.0949 -0.3564 1.187, 1.0949 -0.5075 1.1831, 1.0949 -0.5075 1.187, 1.0842 -0.5075 1.1831, 1.0842 -0.5075 1.187, 1.0344 -0.3688 1.1831, 1.0344 -0.3688 1.187, 1.0438 -0.3709 1.187, 1.0438 -0.3709 1.1831, 1.0517 -0.3748 1.187, 1.0517 -0.3748 1.1831, 1.0598 -0.3813 1.187, 1.0598 -0.3813 1.1831, 1.0665 -0.3902 1.187, 1.0665 -0.3902 1.1831, 1.0743 -0.4076 1.187, 1.0743 -0.4076 1.1831, 1.0812 -0.4391 1.187, 1.0812 -0.4391 1.1831, 0.9636 -0.5608 1.1831, 0.9636 -0.5608 1.187, 0.9633 -0.5551 1.187, 0.9633 -0.5551 1.1831, 0.9658 -0.4696 1.187, 0.9658 -0.4696 1.1831, 0.9706 -0.4416 1.187, 0.9706 -0.4416 1.1831, 0.9837 -0.4038 1.187, 0.9837 -0.4038 1.1831, 0.9935 -0.3883 1.187, 0.9935 -0.3883 1.1831, 1.0029 -0.3789 1.187, 1.0029 -0.3789 1.1831, 1.0125 -0.373 1.187, 1.0125 -0.373 1.1831, 1.0225 -0.3695 1.187, 1.0225 -0.3695 1.1831, 1.0298 -0.6978 1.1831, 1.0298 -0.6978 1.187, 1.021 -0.6968 1.187, 1.021 -0.6968 1.1831, 1.0137 -0.6944 1.187, 1.0137 -0.6944 1.1831, 1.0063 -0.6898 1.187, 1.0063 -0.6898 1.1831, 0.9981 -0.682 1.187, 0.9981 -0.682 1.1831, 0.9865 -0.6654 1.187, 0.9865 -0.6654 1.1831, 0.9776 -0.6417 1.187, 0.9776 -0.6417 1.1831, 1.0915 -0.6066 1.1831, 1.0915 -0.6066 1.187, 1.0879 -0.6305 1.187, 1.0879 -0.6305 1.1831, 1.0801 -0.663 1.187, 1.0801 -0.663 1.1831, 1.0728 -0.6765 1.187, 1.0728 -0.6765 1.1831, 1.0648 -0.6855 1.187, 1.0648 -0.6855 1.1831, 1.0549 -0.6922 1.187, 1.0549 -0.6922 1.1831, 1.0427 -0.6968 1.187, 1.0427 -0.6968 1.1831, 1.0944 -0.5766 1.1831, 1.0944 -0.5766 1.187, 1.1034 -0.5772 1.1831, 1.1034 -0.5772 1.187, 1.0377 -0.7165 1.1831, 1.0377 -0.7165 1.187, 1.0519 -0.7139 1.187, 1.0519 -0.7139 1.1831, 1.0649 -0.7078 1.187, 1.0649 -0.7078 1.1831, 1.0756 -0.6991 1.187, 1.0756 -0.6991 1.1831, 1.0844 -0.6875 1.187, 1.0844 -0.6875 1.1831, 1.0929 -0.6696 1.187, 1.0929 -0.6696 1.1831, 1.1003 -0.6337 1.187, 1.1003 -0.6337 1.1831, 0.9506 -0.473 1.1831, 0.9506 -0.473 1.187, 0.9476 -0.5041 1.187, 0.9476 -0.5041 1.1831, 0.9502 -0.5817 1.187, 0.9502 -0.5817 1.1831, 0.9573 -0.6273 1.187, 0.9573 -0.6273 1.1831, 0.9729 -0.6731 1.187, 0.9729 -0.6731 1.1831, 0.985 -0.6932 1.187, 0.985 -0.6932 1.1831, 0.9947 -0.7033 1.187, 0.9947 -0.7033 1.1831, 1.0061 -0.7105 1.187, 1.0061 -0.7105 1.1831, 1.0215 -0.7157 1.187, 1.0215 -0.7157 1.1831, 1.0298 -0.3501 1.1831, 1.0298 -0.3501 1.187, 1.0195 -0.3505 1.187, 1.0195 -0.3505 1.1831, 1.0109 -0.353 1.187, 1.0109 -0.353 1.1831, 1.0016 -0.3584 1.187, 1.0016 -0.3584 1.1831, 0.986 -0.3715 1.187, 0.986 -0.3715 1.1831, 0.9746 -0.3874 1.187, 0.9746 -0.3874 1.1831, 0.9624 -0.4168 1.187, 0.9624 -0.4168 1.1831, 1.0712 -0.3723 1.187, 1.0712 -0.3723 1.1831, 1.059 -0.3613 1.187, 1.059 -0.3613 1.1831, 1.0463 -0.3544 1.187, 1.0463 -0.3544 1.1831, -0.1676 -0.2598 -0.1476, -0.1876 -0.3423 -0.1476, -0.1676 -0.2598 -0.187, -0.1876 -0.3423 -0.187, -0.2338 -0.3311 -0.1476, -0.2338 -0.3311 -0.187, -0.2447 -0.2805 -0.1476, -0.2447 -0.2805 -0.187, -0.2498 -0.2547 -0.1476, -0.2498 -0.2547 -0.187, -0.2503 -0.2528 -0.187, -0.2507 -0.2512 -0.187, -0.2518 -0.2465 -0.1476, -0.2518 -0.2465 -0.187, -0.2566 -0.2533 -0.187, -0.2566 -0.2528 -0.187, -0.2566 -0.2533 -0.1476, -0.2564 -0.2512 -0.187, -0.2561 -0.2487 -0.1476, -0.2561 -0.2487 -0.187, -0.2557 -0.2451 -0.187, -0.2557 -0.2451 -0.1476, -0.2555 -0.2443 -0.187, -0.2555 -0.2443 -0.1476, -0.2551 -0.2437 -0.187, -0.2551 -0.2437 -0.1476, -0.2549 -0.2434 -0.187, -0.2549 -0.2434 -0.1476, -0.2547 -0.2433 -0.187, -0.2547 -0.2433 -0.1476, -0.2546 -0.2432 -0.187, -0.2546 -0.2432 -0.1476, -0.2543 -0.2432 -0.187, -0.2543 -0.2432 -0.1476, -0.2541 -0.2432 -0.187, -0.2541 -0.2432 -0.1476, -0.2538 -0.2434 -0.187, -0.2538 -0.2434 -0.1476, -0.2534 -0.2436 -0.187, -0.2534 -0.2436 -0.1476, -0.2531 -0.244 -0.187, -0.2531 -0.244 -0.1476, -0.2527 -0.2445 -0.187, -0.2527 -0.2445 -0.1476, -0.2523 -0.2453 -0.187, -0.2523 -0.2453 -0.1476, -0.2583 -0.2676 -0.1476, -0.2583 -0.2676 -0.187, -0.2573 -0.2805 -0.1476, -0.2573 -0.2805 -0.187, -0.2579 -0.2793 -0.187, -0.2579 -0.2793 -0.1476, -0.2586 -0.2773 -0.187, -0.2586 -0.2773 -0.1476, -0.2588 -0.2742 -0.187, -0.2588 -0.2742 -0.1476, -0.2556 -0.2836 -0.1476, -0.2556 -0.2836 -0.187, -0.2474 -0.3135 -0.1476, -0.2474 -0.3135 -0.187, -0.2511 -0.2984 -0.187, -0.2511 -0.2984 -0.1476, -0.2124 -0.4755 -0.1476, -0.2124 -0.4755 -0.187, -0.2077 -0.4755 -0.1476, -0.2077 -0.4755 -0.187, -0.1747 -0.3298 -0.1476, -0.1747 -0.3298 -0.187, -0.1707 -0.3128 -0.1476, -0.1707 -0.3128 -0.187, -0.1666 -0.2968 -0.1476, -0.1666 -0.2968 -0.187, -0.1689 -0.3047 -0.187, -0.1689 -0.3047 -0.1476, -0.1642 -0.2904 -0.1476, -0.1642 -0.2904 -0.187, -0.1594 -0.2703 -0.1476, -0.1594 -0.2703 -0.187, -0.1592 -0.2739 -0.187, -0.1592 -0.2739 -0.1476, -0.1591 -0.2753 -0.187, -0.1591 -0.2753 -0.1476, -0.1588 -0.2788 -0.187, -0.1588 -0.2788 -0.1476, -0.1589 -0.2796 -0.187, -0.1589 -0.2796 -0.1476, -0.159 -0.2801 -0.187, -0.159 -0.2801 -0.1476, -0.1594 -0.2807 -0.187, -0.1594 -0.2807 -0.1476, -0.1606 -0.2821 -0.187, -0.1606 -0.2821 -0.1476, -0.162 -0.2843 -0.187, -0.162 -0.2843 -0.1476, -0.1608 -0.255 -0.1476, -0.1608 -0.255 -0.187, -0.1611 -0.2528 -0.187, -0.1615 -0.2492 -0.1476, -0.1613 -0.2512 -0.187, -0.1615 -0.2492 -0.187, -0.1652 -0.2462 -0.1476, -0.1652 -0.2462 -0.187, -0.165 -0.2454 -0.187, -0.165 -0.2454 -0.1476, -0.1646 -0.2446 -0.187, -0.1646 -0.2446 -0.1476, -0.1643 -0.2442 -0.187, -0.1643 -0.2442 -0.1476, -0.164 -0.244 -0.187, -0.164 -0.244 -0.1476, -0.1637 -0.2438 -0.187, -0.1637 -0.2438 -0.1476, -0.1635 -0.2438 -0.187, -0.1635 -0.2438 -0.1476, -0.1632 -0.2438 -0.187, -0.1632 -0.2438 -0.1476, -0.163 -0.2438 -0.187, -0.163 -0.2438 -0.1476, -0.1627 -0.2439 -0.187, -0.1627 -0.2439 -0.1476, -0.1625 -0.2441 -0.187, -0.1625 -0.2441 -0.1476, -0.1623 -0.2444 -0.187, -0.1623 -0.2444 -0.1476, -0.1621 -0.2448 -0.187, -0.1621 -0.2448 -0.1476, -0.162 -0.2453 -0.187, -0.162 -0.2453 -0.1476, -0.1618 -0.2462 -0.187, -0.1618 -0.2462 -0.1476, -0.1616 -0.2474 -0.187, -0.1616 -0.2474 -0.1476, -0.1664 -0.2528 -0.187, -0.1661 -0.2512 -0.187, -0.2101 -0.4429 -0.1476, -0.2322 -0.343 -0.1476, -0.1883 -0.3474 -0.1476, -0.1975 -0.3563 -0.1476, -0.206 -0.3505 -0.1476, -0.2091 -0.3488 -0.1476, -0.2188 -0.3458 -0.1476, -0.1975 -0.3563 -0.187, -0.1883 -0.3474 -0.187, -0.206 -0.3505 -0.187, -0.2091 -0.3488 -0.187, -0.2188 -0.3458 -0.187, -0.2322 -0.343 -0.187, -0.2101 -0.4429 -0.187, -0.3705 -0.2686 -0.1476, -0.3705 -0.4467 -0.1476, -0.3705 -0.2686 -0.187, -0.3705 -0.4467 -0.187, -0.375 -0.449 -0.1476, -0.375 -0.449 -0.187, -0.3728 -0.4477 -0.187, -0.3728 -0.4477 -0.1476, -0.3811 -0.4541 -0.1476, -0.3811 -0.4541 -0.187, -0.3828 -0.4616 -0.1476, -0.3828 -0.4616 -0.187, -0.3833 -0.4612 -0.187, -0.3833 -0.4612 -0.1476, -0.3837 -0.4606 -0.187, -0.3837 -0.4606 -0.1476, -0.384 -0.46 -0.187, -0.384 -0.46 -0.1476, -0.3842 -0.4591 -0.187, -0.3842 -0.4591 -0.1476, -0.3842 -0.4582 -0.187, -0.3842 -0.4582 -0.1476, -0.3839 -0.4572 -0.187, -0.3839 -0.4572 -0.1476, -0.3834 -0.4562 -0.187, -0.3834 -0.4562 -0.1476, -0.3825 -0.4552 -0.187, -0.3825 -0.4552 -0.1476, -0.3766 -0.4605 -0.1476, -0.3766 -0.4605 -0.187, -0.3695 -0.4605 -0.1476, -0.3695 -0.4605 -0.187, -0.3637 -0.4616 -0.1476, -0.3637 -0.4616 -0.187, -0.3666 -0.4611 -0.187, -0.3666 -0.4611 -0.1476, -0.3566 -0.4623 -0.1476, -0.3566 -0.4623 -0.187, -0.3437 -0.466 -0.1476, -0.3437 -0.466 -0.187, -0.3288 -0.468 -0.1476, -0.3288 -0.468 -0.187, -0.3363 -0.4674 -0.187, -0.3363 -0.4674 -0.1476, -0.2815 -0.3505 -0.1476, -0.2815 -0.3505 -0.187, -0.2834 -0.4037 -0.187, -0.2834 -0.4037 -0.1476, -0.2889 -0.4386 -0.187, -0.2889 -0.4386 -0.1476, -0.2939 -0.4506 -0.187, -0.2939 -0.4506 -0.1476, -0.2993 -0.4579 -0.187, -0.2993 -0.4579 -0.1476, -0.3044 -0.4623 -0.187, -0.3044 -0.4623 -0.1476, -0.3103 -0.4654 -0.187, -0.3103 -0.4654 -0.1476, -0.3182 -0.4674 -0.187, -0.3182 -0.4674 -0.1476, -0.342 -0.257 -0.1476, -0.342 -0.257 -0.187, -0.3233 -0.2596 -0.187, -0.3233 -0.2596 -0.1476, -0.3142 -0.2619 -0.187, -0.3142 -0.2619 -0.1476, -0.3099 -0.264 -0.187, -0.3099 -0.264 -0.1476, -0.3042 -0.2685 -0.187, -0.3042 -0.2685 -0.1476, -0.2984 -0.2755 -0.187, -0.2984 -0.2755 -0.1476, -0.2915 -0.2879 -0.187, -0.2915 -0.2879 -0.1476, -0.2851 -0.3097 -0.187, -0.2851 -0.3097 -0.1476, -0.3569 -0.2553 -0.1476, -0.3569 -0.2553 -0.187, -0.3625 -0.2538 -0.1476, -0.3675 -0.251 -0.1476, -0.3675 -0.251 -0.187, -0.3672 -0.251 -0.187, -0.3672 -0.251 -0.1476, -0.367 -0.2512 -0.187, -0.3661 -0.2517 -0.1476, -0.3661 -0.2517 -0.187, -0.3642 -0.2528 -0.187, -0.3625 -0.2538 -0.187, -0.3777 -0.2591 -0.1476, -0.3777 -0.2591 -0.187, -0.3746 -0.2559 -0.187, -0.3746 -0.2559 -0.1476, -0.371 -0.2528 -0.187, -0.3698 -0.2518 -0.1476, -0.3698 -0.2518 -0.187, -0.3687 -0.2512 -0.187, -0.3687 -0.2511 -0.1476, -0.3687 -0.2511 -0.187, -0.3682 -0.251 -0.187, -0.3682 -0.251 -0.1476, -0.3818 -0.2635 -0.1476, -0.3818 -0.2635 -0.187, -0.3807 -0.2686 -0.1476, -0.3807 -0.2686 -0.187, -0.3821 -0.2687 -0.187, -0.3821 -0.2687 -0.1476, -0.3828 -0.2687 -0.187, -0.3828 -0.2687 -0.1476, -0.3828 -0.2686 -0.187, -0.3828 -0.2686 -0.1476, -0.3831 -0.2685 -0.187, -0.3831 -0.2685 -0.1476, -0.3833 -0.2684 -0.187, -0.3833 -0.2684 -0.1476, -0.3835 -0.2682 -0.187, -0.3835 -0.2682 -0.1476, -0.3836 -0.2679 -0.187, -0.3836 -0.2679 -0.1476, -0.3839 -0.2672 -0.187, -0.3839 -0.2672 -0.1476, -0.384 -0.2669 -0.187, -0.384 -0.2669 -0.1476, -0.3839 -0.2666 -0.187, -0.3839 -0.2666 -0.1476, -0.3838 -0.2662 -0.187, -0.3838 -0.2662 -0.1476, -0.3836 -0.2657 -0.187, -0.3836 -0.2657 -0.1476, -0.3832 -0.2651 -0.187, -0.3832 -0.2651 -0.1476, -0.3826 -0.2644 -0.187, -0.3826 -0.2644 -0.1476, -0.3505 -0.2693 -0.1476, -0.3558 -0.2691 -0.1476, -0.361 -0.2693 -0.1476, -0.361 -0.449 -0.1476, -0.3546 -0.4517 -0.1476, -0.3401 -0.455 -0.1476, -0.3253 -0.4562 -0.1476, -0.3175 -0.2743 -0.1476, -0.312 -0.2767 -0.1476, -0.3079 -0.2799 -0.1476, -0.304 -0.2849 -0.1476, -0.297 -0.301 -0.1476, -0.317 -0.4546 -0.1476, -0.3356 -0.271 -0.1476, -0.3251 -0.2724 -0.1476, -0.3101 -0.452 -0.1476, -0.3062 -0.4493 -0.1476, -0.3018 -0.4441 -0.1476, -0.298 -0.4368 -0.1476, -0.295 -0.4265 -0.1476, -0.291 -0.3804 -0.1476, -0.2914 -0.3354 -0.1476, -0.361 -0.449 -0.187, -0.361 -0.2693 -0.187, -0.3546 -0.4517 -0.187, -0.3401 -0.455 -0.187, -0.3253 -0.4562 -0.187, -0.317 -0.4546 -0.187, -0.3101 -0.452 -0.187, -0.3062 -0.4493 -0.187, -0.3018 -0.4441 -0.187, -0.298 -0.4368 -0.187, -0.295 -0.4265 -0.187, -0.291 -0.3804 -0.187, -0.2914 -0.3354 -0.187, -0.297 -0.301 -0.187, -0.304 -0.2849 -0.187, -0.3079 -0.2799 -0.187, -0.312 -0.2767 -0.187, -0.3175 -0.2743 -0.187, -0.3251 -0.2724 -0.187, -0.3356 -0.271 -0.187, -0.3505 -0.2693 -0.187, -0.3558 -0.2691 -0.187, -0.4403 -0.4545 -0.1476, -0.4831 -0.4473 -0.1476, -0.4403 -0.4545 -0.187, -0.4831 -0.4473 -0.187, -0.4831 -0.3726 -0.1476, -0.4831 -0.3726 -0.187, -0.4545 -0.3763 -0.1476, -0.4545 -0.3763 -0.187, -0.4318 -0.3834 -0.1476, -0.4318 -0.3834 -0.187, -0.4352 -0.3814 -0.187, -0.4352 -0.3814 -0.1476, -0.4428 -0.3787 -0.187, -0.4428 -0.3787 -0.1476, -0.4287 -0.3851 -0.1476, -0.4287 -0.3851 -0.187, -0.4189 -0.3753 -0.1476, -0.4189 -0.3753 -0.187, -0.4206 -0.3695 -0.1476, -0.4206 -0.3695 -0.187, -0.4196 -0.3696 -0.187, -0.4196 -0.3696 -0.1476, -0.4189 -0.3698 -0.187, -0.4189 -0.3698 -0.1476, -0.4185 -0.37 -0.187, -0.4185 -0.37 -0.1476, -0.418 -0.3705 -0.187, -0.418 -0.3705 -0.1476, -0.4176 -0.371 -0.187, -0.4176 -0.371 -0.1476, -0.4174 -0.3716 -0.187, -0.4174 -0.3716 -0.1476, -0.4173 -0.3722 -0.187, -0.4173 -0.3722 -0.1476, -0.4174 -0.3728 -0.187, -0.4174 -0.3728 -0.1476, -0.4177 -0.3735 -0.187, -0.4177 -0.3735 -0.1476, -0.4181 -0.3743 -0.187, -0.4181 -0.3743 -0.1476, -0.4831 -0.3607 -0.1476, -0.4831 -0.3607 -0.187, -0.4831 -0.2686 -0.1476, -0.4831 -0.2686 -0.187, -0.4324 -0.2757 -0.1476, -0.4324 -0.2757 -0.187, -0.4229 -0.2791 -0.1476, -0.4229 -0.2791 -0.187, -0.4275 -0.277 -0.187, -0.4275 -0.277 -0.1476, -0.4199 -0.2808 -0.1476, -0.4199 -0.2808 -0.187, -0.4104 -0.2703 -0.1476, -0.4104 -0.2703 -0.187, -0.4124 -0.2648 -0.1476, -0.4124 -0.2648 -0.187, -0.4115 -0.2649 -0.187, -0.4115 -0.2649 -0.1476, -0.4104 -0.2651 -0.187, -0.4104 -0.2651 -0.1476, -0.41 -0.2652 -0.187, -0.41 -0.2652 -0.1476, -0.4098 -0.2654 -0.187, -0.4098 -0.2654 -0.1476, -0.4096 -0.2657 -0.187, -0.4096 -0.2657 -0.1476, -0.4092 -0.2664 -0.187, -0.4092 -0.2664 -0.1476, -0.409 -0.267 -0.187, -0.409 -0.267 -0.1476, -0.409 -0.2676 -0.187, -0.409 -0.2676 -0.1476, -0.4091 -0.2683 -0.187, -0.4091 -0.2683 -0.1476, -0.4095 -0.269 -0.187, -0.4095 -0.269 -0.1476, -0.4175 -0.2645 -0.1476, -0.4175 -0.2645 -0.187, -0.4688 -0.2574 -0.1476, -0.4688 -0.2574 -0.187, -0.4432 -0.2614 -0.187, -0.4432 -0.2614 -0.1476, -0.4844 -0.2547 -0.1476, -0.4844 -0.2547 -0.187, -0.4882 -0.2533 -0.1476, -0.496 -0.2594 -0.1476, -0.496 -0.2594 -0.187, -0.496 -0.2594 -0.187, -0.496 -0.2594 -0.1476, -0.4962 -0.2567 -0.187, -0.4962 -0.2567 -0.1476, -0.4959 -0.2553 -0.187, -0.4959 -0.2553 -0.1476, -0.4955 -0.2544 -0.187, -0.4955 -0.2544 -0.1476, -0.495 -0.2537 -0.187, -0.495 -0.2537 -0.1476, -0.4942 -0.2532 -0.187, -0.4942 -0.2532 -0.1476, -0.4933 -0.2528 -0.187, -0.4932 -0.2528 -0.1476, -0.4932 -0.2528 -0.187, -0.492 -0.2526 -0.187, -0.492 -0.2526 -0.1476, -0.4904 -0.2527 -0.187, -0.4904 -0.2527 -0.1476, -0.49 -0.2528 -0.187, -0.4882 -0.2533 -0.187, -0.493 -0.2768 -0.1476, -0.493 -0.2768 -0.187, -0.4938 -0.268 -0.187, -0.4938 -0.268 -0.1476, -0.493 -0.2832 -0.1476, -0.493 -0.2832 -0.187, -0.4926 -0.2917 -0.1476, -0.4926 -0.2917 -0.187, -0.4927 -0.2875 -0.187, -0.4927 -0.2875 -0.1476, -0.493 -0.4473 -0.1476, -0.493 -0.4473 -0.187, -0.4984 -0.4623 -0.1476, -0.4984 -0.4623 -0.187, -0.4996 -0.4624 -0.187, -0.4996 -0.4624 -0.1476, -0.5002 -0.4623 -0.187, -0.5002 -0.4623 -0.1476, -0.5007 -0.4622 -0.187, -0.5007 -0.4622 -0.1476, -0.501 -0.4619 -0.187, -0.501 -0.4619 -0.1476, -0.5012 -0.4617 -0.187, -0.5012 -0.4617 -0.1476, -0.5013 -0.4615 -0.187, -0.5013 -0.4615 -0.1476, -0.5014 -0.4613 -0.187, -0.5014 -0.4613 -0.1476, -0.5014 -0.4606 -0.187, -0.5014 -0.4606 -0.1476, -0.5013 -0.4599 -0.187, -0.5013 -0.4599 -0.1476, -0.5013 -0.459 -0.187, -0.5013 -0.459 -0.1476, -0.5009 -0.4576 -0.187, -0.5009 -0.4576 -0.1476, -0.5002 -0.4561 -0.187, -0.5002 -0.4561 -0.1476, -0.4988 -0.4542 -0.187, -0.4988 -0.4542 -0.1476, -0.4966 -0.4515 -0.187, -0.4966 -0.4515 -0.1476, -0.4919 -0.4612 -0.1476, -0.4919 -0.4612 -0.187, -0.4804 -0.4605 -0.1476, -0.4804 -0.4605 -0.187, -0.4862 -0.4605 -0.187, -0.4862 -0.4605 -0.1476, -0.4794 -0.4605 -0.1476, -0.4794 -0.4605 -0.187, -0.4661 -0.4616 -0.1476, -0.4661 -0.4616 -0.187, -0.4727 -0.4607 -0.187, -0.4727 -0.4607 -0.1476, -0.4528 -0.464 -0.1476, -0.4528 -0.464 -0.187, -0.4301 -0.4708 -0.1476, -0.4301 -0.4708 -0.187, -0.4318 -0.4698 -0.187, -0.4318 -0.4698 -0.1476, -0.4411 -0.4663 -0.187, -0.4411 -0.4663 -0.1476, -0.427 -0.4728 -0.1476, -0.427 -0.4728 -0.187, -0.4172 -0.4626 -0.1476, -0.4172 -0.4626 -0.187, -0.4189 -0.4572 -0.1476, -0.4189 -0.4572 -0.187, -0.4179 -0.4573 -0.187, -0.4179 -0.4573 -0.1476, -0.4173 -0.4575 -0.187, -0.4173 -0.4575 -0.1476, -0.4167 -0.4578 -0.187, -0.4167 -0.4578 -0.1476, -0.4163 -0.4582 -0.187, -0.4163 -0.4582 -0.1476, -0.416 -0.4586 -0.187, -0.416 -0.4586 -0.1476, -0.4159 -0.4591 -0.187, -0.4159 -0.4591 -0.1476, -0.4158 -0.4596 -0.187, -0.4158 -0.4596 -0.1476, -0.4159 -0.4601 -0.187, -0.4159 -0.4601 -0.1476, -0.4161 -0.4607 -0.187, -0.4161 -0.4607 -0.1476, -0.4165 -0.4615 -0.187, -0.4165 -0.4615 -0.1476, -0.4243 -0.4565 -0.1476, -0.4243 -0.4565 -0.187, -0.4323 -0.4554 -0.187, -0.4323 -0.4554 -0.1476, -0.5453 -0.4531 -0.1476, -0.5423 -0.4477 -0.1476, -0.5453 -0.4531 -0.187, -0.5423 -0.4477 -0.187, -0.5399 -0.4677 -0.1476, -0.5399 -0.4677 -0.187, -0.5348 -0.4677 -0.1476, -0.5348 -0.4677 -0.187, -0.5348 -0.377 -0.1476, -0.5348 -0.377 -0.187, -0.5413 -0.377 -0.1476, -0.5413 -0.377 -0.187, -0.5712 -0.4602 -0.1476, -0.5712 -0.4602 -0.187, -0.5676 -0.4595 -0.187, -0.5676 -0.4595 -0.1476, -0.5625 -0.4576 -0.187, -0.5625 -0.4576 -0.1476, -0.5571 -0.4539 -0.187, -0.5571 -0.4539 -0.1476, -0.5529 -0.449 -0.187, -0.5529 -0.449 -0.1476, -0.5484 -0.4403 -0.187, -0.5484 -0.4403 -0.1476, -0.5441 -0.4248 -0.187, -0.5441 -0.4248 -0.1476, -0.6137 -0.345 -0.1476, -0.6137 -0.345 -0.187, -0.6123 -0.3998 -0.187, -0.6123 -0.3998 -0.1476, -0.6094 -0.4166 -0.187, -0.6094 -0.4166 -0.1476, -0.6016 -0.4392 -0.187, -0.6016 -0.4392 -0.1476, -0.5957 -0.4485 -0.187, -0.5957 -0.4485 -0.1476, -0.5901 -0.4541 -0.187, -0.5901 -0.4541 -0.1476, -0.5843 -0.4577 -0.187, -0.5843 -0.4577 -0.1476, -0.5783 -0.4598 -0.187, -0.5783 -0.4598 -0.1476, -0.5739 -0.2628 -0.1476, -0.5739 -0.2628 -0.187, -0.5792 -0.2634 -0.187, -0.5792 -0.2634 -0.1476, -0.5836 -0.2649 -0.187, -0.5836 -0.2649 -0.1476, -0.588 -0.2676 -0.187, -0.588 -0.2676 -0.1476, -0.5929 -0.2723 -0.187, -0.5929 -0.2723 -0.1476, -0.5999 -0.2823 -0.187, -0.5999 -0.2823 -0.1476, -0.6052 -0.2965 -0.187, -0.6052 -0.2965 -0.1476, -0.5369 -0.3175 -0.1476, -0.5369 -0.3175 -0.187, -0.539 -0.3032 -0.187, -0.539 -0.3032 -0.1476, -0.5438 -0.2837 -0.187, -0.5438 -0.2837 -0.1476, -0.5481 -0.2756 -0.187, -0.5481 -0.2756 -0.1476, -0.5529 -0.2702 -0.187, -0.5529 -0.2702 -0.1476, -0.5588 -0.2662 -0.187, -0.5588 -0.2662 -0.1476, -0.5662 -0.2634 -0.187, -0.5662 -0.2634 -0.1476, -0.5352 -0.3355 -0.1476, -0.5352 -0.3355 -0.187, -0.5297 -0.3352 -0.1476, -0.5297 -0.3352 -0.187, -0.5692 -0.2516 -0.1476, -0.5692 -0.2516 -0.187, -0.5636 -0.2524 -0.187, -0.5636 -0.2524 -0.1476, -0.5623 -0.2528 -0.187, -0.5553 -0.2554 -0.1476, -0.5553 -0.2554 -0.187, -0.5478 -0.2607 -0.187, -0.5478 -0.2607 -0.1476, -0.542 -0.2677 -0.187, -0.542 -0.2677 -0.1476, -0.5365 -0.2786 -0.187, -0.5365 -0.2786 -0.1476, -0.5324 -0.2945 -0.187, -0.5324 -0.2945 -0.1476, -0.5789 -0.2521 -0.1476, -0.6215 -0.3977 -0.1476, -0.6215 -0.3977 -0.187, -0.6217 -0.3325 -0.187, -0.6217 -0.3325 -0.1476, -0.6174 -0.3051 -0.187, -0.6174 -0.3051 -0.1476, -0.6081 -0.2776 -0.187, -0.6081 -0.2776 -0.1476, -0.6008 -0.2656 -0.187, -0.6008 -0.2656 -0.1476, -0.595 -0.2595 -0.187, -0.595 -0.2595 -0.1476, -0.5881 -0.2552 -0.187, -0.5881 -0.2552 -0.1476, -0.581 -0.2528 -0.187, -0.5789 -0.2521 -0.187, -0.5739 -0.4714 -0.1476, -0.5739 -0.4714 -0.187, -0.5786 -0.4714 -0.187, -0.5786 -0.4714 -0.1476, -0.5835 -0.4704 -0.187, -0.5835 -0.4704 -0.1476, -0.5886 -0.4679 -0.187, -0.5886 -0.4679 -0.1476, -0.5977 -0.4611 -0.187, -0.5977 -0.4611 -0.1476, -0.6049 -0.4525 -0.187, -0.6049 -0.4525 -0.1476, -0.6132 -0.4348 -0.187, -0.6132 -0.4348 -0.1476, -0.5491 -0.4581 -0.187, -0.5491 -0.4581 -0.1476, -0.5564 -0.4647 -0.187, -0.5564 -0.4647 -0.1476, -0.564 -0.4688 -0.187, -0.564 -0.4688 -0.1476, -0.7247 -0.4741 -0.1476, -0.7254 -0.4776 -0.1476, -0.7247 -0.4741 -0.187, -0.7254 -0.4776 -0.187, -0.7251 -0.4779 -0.187, -0.723 -0.4803 -0.1476, -0.723 -0.4803 -0.187, -0.7211 -0.4779 -0.187, -0.7081 -0.4616 -0.1476, -0.7081 -0.4616 -0.187, -0.7132 -0.4402 -0.1476, -0.7132 -0.4402 -0.187, -0.7131 -0.4443 -0.187, -0.7131 -0.4443 -0.1476, -0.7117 -0.454 -0.187, -0.7117 -0.454 -0.1476, -0.7132 -0.2669 -0.1476, -0.7132 -0.2669 -0.187, -0.6626 -0.2771 -0.1476, -0.6626 -0.2771 -0.187, -0.664 -0.2764 -0.187, -0.664 -0.2764 -0.1476, -0.6675 -0.2735 -0.187, -0.6675 -0.2735 -0.1476, -0.6701 -0.2721 -0.187, -0.6701 -0.2721 -0.1476, -0.6746 -0.271 -0.187, -0.6746 -0.271 -0.1476, -0.687 -0.2691 -0.187, -0.687 -0.2691 -0.1476, -0.6486 -0.2618 -0.1476, -0.6486 -0.2618 -0.187, -0.6488 -0.2631 -0.187, -0.6488 -0.2631 -0.1476, -0.6493 -0.2646 -0.187, -0.6493 -0.2646 -0.1476, -0.6498 -0.2655 -0.187, -0.6498 -0.2655 -0.1476, -0.6509 -0.2666 -0.187, -0.6509 -0.2666 -0.1476, -0.6547 -0.2701 -0.187, -0.6547 -0.2701 -0.1476, -0.6962 -0.2557 -0.1476, -0.6962 -0.2557 -0.187, -0.6764 -0.2573 -0.187, -0.6764 -0.2573 -0.1476, -0.6705 -0.258 -0.187, -0.6705 -0.258 -0.1476, -0.6565 -0.2599 -0.187, -0.6565 -0.2599 -0.1476, -0.6514 -0.2599 -0.187, -0.6514 -0.2599 -0.1476, -0.6507 -0.2601 -0.187, -0.6507 -0.2601 -0.1476, -0.6498 -0.2604 -0.187, -0.6498 -0.2604 -0.1476, -0.6493 -0.2607 -0.187, -0.6493 -0.2607 -0.1476, -0.649 -0.2611 -0.187, -0.649 -0.2611 -0.1476, -0.7104 -0.2543 -0.1476, -0.7104 -0.2543 -0.187, -0.7183 -0.2537 -0.1476, -0.7183 -0.2537 -0.187, -0.7227 -0.2683 -0.1476, -0.7227 -0.2683 -0.187, -0.7227 -0.2677 -0.187, -0.7227 -0.2677 -0.1476, -0.7238 -0.2581 -0.187, -0.7238 -0.2581 -0.1476, -0.7238 -0.2561 -0.187, -0.7238 -0.2561 -0.1476, -0.7237 -0.2553 -0.187, -0.7237 -0.2553 -0.1476, -0.7232 -0.2543 -0.187, -0.7232 -0.2543 -0.1476, -0.7228 -0.2538 -0.187, -0.7228 -0.2538 -0.1476, -0.7224 -0.2535 -0.187, -0.7224 -0.2535 -0.1476, -0.722 -0.2533 -0.187, -0.722 -0.2533 -0.1476, -0.7215 -0.2532 -0.187, -0.7215 -0.2532 -0.1476, -0.7207 -0.2531 -0.187, -0.7207 -0.2531 -0.1476, -0.722 -0.2883 -0.1476, -0.722 -0.2883 -0.187, -0.722 -0.4412 -0.1476, -0.722 -0.4412 -0.187, -0.7223 -0.4578 -0.187, -0.7223 -0.4578 -0.1476, -0.7223 -0.4578 -0.1476
            ]
        }
        coordIndex [
            0,1,2,-1,0,2,3,-1,3,2,4,-1,3,4,5,-1,5,4,6,-1,5,6,7,-1,7,6,8,-1,7,8,9,-1,10,11,12,-1,12,11,13,-1,14,10,15,-1,15,10,12,-1,0,14,1,-1,1,14,15,-1,16,17,18,-1,18,17,19,-1,16,18,20,-1,20,18,21,-1,20,21,22,-1,22,21,23,-1,22,23,24,-1,24,23,25,-1,24,25,26,-1,26,25,27,-1,26,27,28,-1,28,27,29,-1,28,29,11,-1,11,29,13,-1,9,30,7,-1,7,30,5,-1,20,30,16,-1,16,30,31,-1,16,31,17,-1,10,14,11,-1,11,14,0,-1,11,0,28,-1,28,0,3,-1,28,3,26,-1,26,3,5,-1,26,5,24,-1,24,5,30,-1,24,30,22,-1,22,30,20,-1,4,32,6,-1,6,32,8,-1,32,23,21,-1,32,21,33,-1,33,21,18,-1,33,18,19,-1,15,12,1,-1,1,12,13,-1,1,13,2,-1,2,13,29,-1,2,29,4,-1,4,29,27,-1,4,27,32,-1,32,27,25,-1,32,25,23,-1,34,35,36,-1,34,36,37,-1,37,36,38,-1,37,38,39,-1,39,38,40,-1,39,40,41,-1,41,40,42,-1,41,42,43,-1,44,45,46,-1,46,45,47,-1,48,44,49,-1,49,44,46,-1,34,48,35,-1,35,48,49,-1,50,51,52,-1,52,51,53,-1,50,52,54,-1,54,52,55,-1,54,55,56,-1,56,55,57,-1,56,57,58,-1,58,57,59,-1,58,59,60,-1,60,59,61,-1,60,61,62,-1,62,61,63,-1,62,63,45,-1,45,63,47,-1,43,64,41,-1,41,64,39,-1,54,64,50,-1,50,64,65,-1,50,65,51,-1,44,48,45,-1,45,48,34,-1,45,34,62,-1,62,34,37,-1,62,37,60,-1,60,37,39,-1,60,39,58,-1,58,39,64,-1,58,64,56,-1,56,64,54,-1,38,66,40,-1,40,66,42,-1,66,57,55,-1,66,55,67,-1,67,55,52,-1,67,52,53,-1,49,46,35,-1,35,46,47,-1,35,47,36,-1,36,47,63,-1,36,63,38,-1,38,63,61,-1,38,61,66,-1,66,61,59,-1,66,59,57,-1,68,69,70,-1,70,69,71,-1,72,73,74,-1,74,73,71,-1,74,71,69,-1,72,75,73,-1,73,75,76,-1,77,78,79,-1,79,78,80,-1,79,80,81,-1,81,80,82,-1,83,84,80,-1,80,84,85,-1,80,85,82,-1,83,80,86,-1,86,80,76,-1,86,76,75,-1,87,88,89,-1,89,88,90,-1,89,90,91,-1,87,92,88,-1,88,92,93,-1,88,93,94,-1,95,96,97,-1,97,96,88,-1,97,88,98,-1,98,88,94,-1,95,99,96,-1,96,99,100,-1,101,102,103,-1,103,102,100,-1,103,100,99,-1,101,104,102,-1,102,104,105,-1,106,107,108,-1,108,107,109,-1,110,111,112,-1,112,111,109,-1,112,109,107,-1,110,113,111,-1,111,113,114,-1,115,116,117,-1,117,116,118,-1,115,117,119,-1,119,117,114,-1,119,114,113,-1,120,121,122,-1,122,121,117,-1,122,117,123,-1,123,117,118,-1,124,125,126,-1,124,126,127,-1,128,129,130,-1,130,129,126,-1,130,126,131,-1,131,126,125,-1,127,126,132,-1,132,126,133,-1,132,133,134,-1,128,135,129,-1,129,135,136,-1,137,138,139,-1,139,138,136,-1,139,136,135,-1,137,140,138,-1,138,140,141,-1,120,142,121,-1,121,142,143,-1,142,144,143,-1,143,144,145,-1,144,146,145,-1,145,146,147,-1,148,149,150,-1,148,150,151,-1,151,150,152,-1,151,152,153,-1,153,152,154,-1,153,154,155,-1,155,154,156,-1,155,156,157,-1,157,156,158,-1,157,158,159,-1,159,158,160,-1,159,160,161,-1,161,160,147,-1,161,147,146,-1,148,162,149,-1,149,162,163,-1,162,164,163,-1,163,164,165,-1,164,134,165,-1,165,134,133,-1,144,142,146,-1,146,142,120,-1,146,120,161,-1,162,148,164,-1,164,148,134,-1,148,151,134,-1,134,151,153,-1,134,153,132,-1,132,153,155,-1,132,155,122,-1,122,155,157,-1,122,157,120,-1,120,157,159,-1,120,159,161,-1,139,135,128,-1,119,113,128,-1,139,128,112,-1,112,128,113,-1,112,113,110,-1,128,130,119,-1,119,130,131,-1,119,131,115,-1,115,131,125,-1,115,125,116,-1,116,125,124,-1,116,124,118,-1,118,124,127,-1,118,127,123,-1,123,127,132,-1,123,132,122,-1,77,166,78,-1,78,166,167,-1,166,168,167,-1,167,168,169,-1,168,170,169,-1,169,170,171,-1,172,173,174,-1,172,174,175,-1,175,174,176,-1,175,176,177,-1,177,176,178,-1,177,178,179,-1,179,178,180,-1,179,180,181,-1,181,180,182,-1,181,182,183,-1,183,182,184,-1,183,184,185,-1,185,184,171,-1,185,171,170,-1,172,186,173,-1,173,186,187,-1,186,188,187,-1,187,188,189,-1,188,91,189,-1,189,91,90,-1,186,172,188,-1,188,172,91,-1,168,166,170,-1,170,166,77,-1,170,77,185,-1,172,175,91,-1,91,175,177,-1,91,177,89,-1,89,177,179,-1,89,179,79,-1,79,179,181,-1,79,181,77,-1,77,181,183,-1,77,183,185,-1,190,191,192,-1,192,191,193,-1,191,194,193,-1,193,194,195,-1,196,197,198,-1,196,198,199,-1,199,198,200,-1,199,200,201,-1,201,200,202,-1,201,202,203,-1,203,202,195,-1,203,195,194,-1,196,204,197,-1,197,204,205,-1,205,204,206,-1,206,204,207,-1,206,207,208,-1,209,210,207,-1,207,210,208,-1,211,210,209,-1,211,209,212,-1,209,213,212,-1,212,213,214,-1,212,214,215,-1,214,216,215,-1,215,216,217,-1,216,218,217,-1,217,218,219,-1,220,221,222,-1,219,218,223,-1,223,218,224,-1,223,224,225,-1,225,224,226,-1,225,226,227,-1,221,220,226,-1,226,220,228,-1,226,228,227,-1,229,230,222,-1,222,230,231,-1,222,231,220,-1,232,233,234,-1,234,233,235,-1,234,235,236,-1,237,238,239,-1,237,239,240,-1,240,239,232,-1,240,232,234,-1,237,241,238,-1,238,241,242,-1,241,243,242,-1,242,243,244,-1,243,245,244,-1,244,245,246,-1,245,247,246,-1,246,247,248,-1,249,250,251,-1,249,251,252,-1,252,251,253,-1,252,253,254,-1,254,253,255,-1,254,255,256,-1,256,255,257,-1,256,257,258,-1,258,257,259,-1,258,259,260,-1,260,259,261,-1,260,261,262,-1,262,261,263,-1,262,263,264,-1,264,263,265,-1,264,265,266,-1,266,265,267,-1,266,267,268,-1,268,267,269,-1,268,269,270,-1,270,269,271,-1,270,271,272,-1,272,271,273,-1,272,273,274,-1,274,273,248,-1,274,248,247,-1,275,276,277,-1,275,277,278,-1,278,277,279,-1,278,279,280,-1,280,279,281,-1,280,281,282,-1,282,281,283,-1,282,283,284,-1,284,283,285,-1,284,285,286,-1,286,285,250,-1,286,250,249,-1,275,287,276,-1,276,287,288,-1,289,290,291,-1,289,291,292,-1,292,291,293,-1,292,293,294,-1,294,293,295,-1,294,295,296,-1,296,295,297,-1,296,297,298,-1,298,297,299,-1,298,299,300,-1,300,299,301,-1,300,301,302,-1,302,301,303,-1,302,303,304,-1,304,303,288,-1,304,288,287,-1,289,305,290,-1,290,305,306,-1,307,308,309,-1,307,309,310,-1,310,309,311,-1,310,311,312,-1,312,311,306,-1,312,306,305,-1,307,313,308,-1,308,313,314,-1,313,315,314,-1,314,315,316,-1,315,317,316,-1,316,317,318,-1,190,192,319,-1,190,319,320,-1,320,319,318,-1,320,318,317,-1,317,315,313,-1,203,194,241,-1,241,194,191,-1,241,191,243,-1,203,213,201,-1,201,213,209,-1,201,209,199,-1,313,307,317,-1,317,307,310,-1,317,310,320,-1,320,310,312,-1,320,312,190,-1,190,312,305,-1,190,305,191,-1,191,305,289,-1,191,289,243,-1,243,289,245,-1,236,229,234,-1,234,229,222,-1,222,221,234,-1,234,221,226,-1,234,226,240,-1,240,226,224,-1,240,224,237,-1,237,224,218,-1,237,218,241,-1,241,218,216,-1,241,216,203,-1,203,216,214,-1,203,214,213,-1,280,266,268,-1,207,204,209,-1,209,204,196,-1,209,196,199,-1,289,292,245,-1,245,292,294,-1,245,294,296,-1,286,249,264,-1,280,268,278,-1,286,264,284,-1,268,270,278,-1,278,270,272,-1,278,272,275,-1,275,272,274,-1,275,274,287,-1,287,274,247,-1,287,247,304,-1,304,247,245,-1,304,245,302,-1,296,298,245,-1,245,298,300,-1,245,300,302,-1,266,280,264,-1,264,280,282,-1,264,282,284,-1,252,260,249,-1,249,260,262,-1,249,262,264,-1,254,256,252,-1,252,256,258,-1,252,258,260,-1,321,322,323,-1,323,322,324,-1,322,325,324,-1,324,325,326,-1,327,328,329,-1,327,329,330,-1,330,329,326,-1,330,326,325,-1,327,331,328,-1,328,331,332,-1,331,333,332,-1,332,333,334,-1,335,336,337,-1,335,337,338,-1,338,337,339,-1,338,339,340,-1,340,339,334,-1,340,334,333,-1,335,341,336,-1,336,341,342,-1,341,343,342,-1,342,343,344,-1,343,345,344,-1,344,345,346,-1,345,347,346,-1,346,347,348,-1,349,350,351,-1,349,351,352,-1,352,351,353,-1,352,353,354,-1,354,353,355,-1,354,355,356,-1,356,355,357,-1,356,357,358,-1,358,357,348,-1,358,348,347,-1,359,360,361,-1,359,361,362,-1,362,361,363,-1,362,363,364,-1,364,363,365,-1,364,365,366,-1,366,365,367,-1,366,367,368,-1,368,367,369,-1,368,369,370,-1,370,369,371,-1,370,371,372,-1,372,371,373,-1,372,373,374,-1,374,373,350,-1,374,350,349,-1,375,376,377,-1,375,377,378,-1,378,377,379,-1,378,379,380,-1,380,379,381,-1,380,381,382,-1,382,381,360,-1,382,360,359,-1,375,383,376,-1,376,383,384,-1,385,386,387,-1,385,387,388,-1,388,387,389,-1,388,389,390,-1,390,389,391,-1,390,391,392,-1,392,391,384,-1,392,384,383,-1,393,394,395,-1,393,395,396,-1,396,395,397,-1,396,397,398,-1,398,397,399,-1,398,399,400,-1,400,399,401,-1,400,401,402,-1,402,401,403,-1,402,403,404,-1,404,403,386,-1,404,386,385,-1,405,406,407,-1,405,407,408,-1,408,407,409,-1,408,409,410,-1,410,409,411,-1,410,411,412,-1,412,411,413,-1,412,413,414,-1,414,413,415,-1,414,415,416,-1,416,415,417,-1,416,417,418,-1,418,417,419,-1,418,419,420,-1,420,419,421,-1,420,421,422,-1,422,421,423,-1,422,423,424,-1,424,423,394,-1,424,394,393,-1,321,323,425,-1,321,425,426,-1,426,425,427,-1,426,427,428,-1,428,427,429,-1,428,429,430,-1,430,429,406,-1,430,406,405,-1,345,343,347,-1,347,343,341,-1,333,331,340,-1,340,331,327,-1,340,327,338,-1,338,327,330,-1,338,330,335,-1,335,330,325,-1,335,325,341,-1,322,321,431,-1,431,321,432,-1,321,426,432,-1,432,426,428,-1,432,428,433,-1,433,428,430,-1,433,430,434,-1,434,430,405,-1,434,405,435,-1,435,405,408,-1,435,408,436,-1,436,408,410,-1,436,410,437,-1,438,420,439,-1,439,420,422,-1,439,422,440,-1,440,422,424,-1,440,424,441,-1,437,410,442,-1,442,410,412,-1,442,412,443,-1,443,412,414,-1,443,414,444,-1,444,414,416,-1,444,416,438,-1,438,416,418,-1,438,418,420,-1,322,383,445,-1,445,383,375,-1,445,375,446,-1,446,375,378,-1,446,378,447,-1,447,378,380,-1,447,380,448,-1,448,380,382,-1,448,382,449,-1,449,382,359,-1,449,359,450,-1,450,359,362,-1,450,362,451,-1,451,362,364,-1,451,364,452,-1,452,364,366,-1,452,366,453,-1,453,366,368,-1,453,368,454,-1,454,368,370,-1,454,370,455,-1,455,370,372,-1,455,372,456,-1,456,372,374,-1,456,374,457,-1,457,374,349,-1,457,349,458,-1,458,349,352,-1,458,352,459,-1,459,352,354,-1,459,354,460,-1,460,354,356,-1,460,356,461,-1,461,356,358,-1,461,358,462,-1,462,358,347,-1,462,347,463,-1,463,347,341,-1,463,341,464,-1,464,341,325,-1,464,325,445,-1,445,325,322,-1,322,431,383,-1,383,431,465,-1,383,465,392,-1,465,466,392,-1,392,466,467,-1,392,467,390,-1,390,467,468,-1,390,468,388,-1,388,468,469,-1,388,469,385,-1,385,469,470,-1,424,393,441,-1,441,393,396,-1,441,396,471,-1,471,396,398,-1,471,398,472,-1,472,398,400,-1,472,400,473,-1,473,400,402,-1,473,402,470,-1,470,402,404,-1,470,404,385,-1,463,464,474,-1,474,464,475,-1,463,474,476,-1,463,476,462,-1,462,476,477,-1,462,477,461,-1,461,477,478,-1,461,478,460,-1,460,478,479,-1,460,479,459,-1,459,479,480,-1,459,480,458,-1,458,480,481,-1,458,481,457,-1,457,481,482,-1,457,482,456,-1,456,482,483,-1,456,483,455,-1,455,483,484,-1,455,484,454,-1,454,484,485,-1,454,485,453,-1,453,485,486,-1,453,486,452,-1,452,486,487,-1,452,487,451,-1,451,487,488,-1,451,488,450,-1,450,488,489,-1,450,489,449,-1,449,489,490,-1,449,490,448,-1,448,490,491,-1,448,491,447,-1,447,491,492,-1,447,492,446,-1,446,492,493,-1,446,493,445,-1,464,445,475,-1,475,445,493,-1,465,431,494,-1,494,431,495,-1,465,494,496,-1,465,496,466,-1,466,496,497,-1,466,497,467,-1,467,497,498,-1,467,498,468,-1,468,498,499,-1,468,499,469,-1,469,499,500,-1,469,500,470,-1,470,500,501,-1,470,501,473,-1,473,501,502,-1,473,502,472,-1,472,502,503,-1,472,503,471,-1,471,503,504,-1,471,504,441,-1,441,504,505,-1,441,505,440,-1,440,505,506,-1,440,506,439,-1,439,506,507,-1,439,507,438,-1,438,507,508,-1,438,508,444,-1,444,508,509,-1,444,509,443,-1,443,509,510,-1,443,510,442,-1,442,510,511,-1,442,511,437,-1,437,511,512,-1,437,512,436,-1,436,512,513,-1,436,513,435,-1,435,513,514,-1,435,514,434,-1,434,514,515,-1,434,515,433,-1,433,515,516,-1,433,516,432,-1,432,516,495,-1,432,495,431,-1,475,493,492,-1,482,481,489,-1,489,481,480,-1,480,479,489,-1,489,479,478,-1,489,478,477,-1,492,491,475,-1,475,491,490,-1,475,490,474,-1,474,490,489,-1,474,489,476,-1,476,489,477,-1,485,484,486,-1,486,484,487,-1,489,488,482,-1,482,488,487,-1,482,487,483,-1,483,487,484,-1,517,518,519,-1,519,518,520,-1,518,521,520,-1,520,521,522,-1,521,523,522,-1,522,523,524,-1,523,525,524,-1,524,525,526,-1,525,527,526,-1,526,527,528,-1,529,530,531,-1,529,531,532,-1,532,531,533,-1,532,533,534,-1,534,533,535,-1,534,535,536,-1,536,535,537,-1,536,537,538,-1,538,537,539,-1,538,539,540,-1,540,539,541,-1,540,541,542,-1,542,541,528,-1,542,528,527,-1,543,544,545,-1,543,545,546,-1,546,545,547,-1,546,547,548,-1,548,547,549,-1,548,549,550,-1,550,549,551,-1,550,551,552,-1,552,551,553,-1,552,553,554,-1,554,553,555,-1,554,555,556,-1,556,555,557,-1,556,557,558,-1,558,557,559,-1,558,559,560,-1,560,559,530,-1,560,530,529,-1,561,562,563,-1,561,563,564,-1,564,563,565,-1,564,565,566,-1,566,565,567,-1,566,567,568,-1,568,567,569,-1,568,569,570,-1,570,569,571,-1,570,571,572,-1,572,571,573,-1,572,573,574,-1,574,573,544,-1,574,544,543,-1,575,576,577,-1,575,577,578,-1,578,577,579,-1,578,579,580,-1,580,579,581,-1,580,581,582,-1,582,581,583,-1,582,583,584,-1,584,583,585,-1,584,585,586,-1,586,585,587,-1,586,587,588,-1,588,587,562,-1,588,562,561,-1,575,589,576,-1,576,589,590,-1,589,591,590,-1,590,591,592,-1,593,594,595,-1,593,595,596,-1,596,595,597,-1,596,597,598,-1,598,597,599,-1,598,599,600,-1,600,599,601,-1,600,601,602,-1,602,601,603,-1,602,603,604,-1,604,603,605,-1,604,605,606,-1,606,605,592,-1,606,592,591,-1,607,608,609,-1,607,609,610,-1,610,609,611,-1,610,611,612,-1,612,611,613,-1,612,613,614,-1,614,613,615,-1,614,615,616,-1,616,615,617,-1,616,617,618,-1,618,617,619,-1,618,619,620,-1,620,619,621,-1,620,621,622,-1,622,621,623,-1,622,623,624,-1,624,623,594,-1,624,594,593,-1,625,626,627,-1,625,627,628,-1,628,627,629,-1,628,629,630,-1,630,629,631,-1,630,631,632,-1,632,631,633,-1,632,633,634,-1,634,633,635,-1,634,635,636,-1,636,635,637,-1,636,637,638,-1,638,637,608,-1,638,608,607,-1,517,519,639,-1,517,639,640,-1,640,639,641,-1,640,641,642,-1,642,641,643,-1,642,643,644,-1,644,643,626,-1,644,626,625,-1,525,523,518,-1,518,523,521,-1,517,534,518,-1,518,534,536,-1,518,536,538,-1,606,591,589,-1,517,640,534,-1,534,640,642,-1,534,642,532,-1,532,642,644,-1,532,644,529,-1,529,644,625,-1,529,625,560,-1,527,525,542,-1,542,525,518,-1,542,518,540,-1,540,518,538,-1,634,636,552,-1,552,636,550,-1,550,636,638,-1,550,638,548,-1,589,575,606,-1,606,575,578,-1,606,578,604,-1,604,578,580,-1,604,580,602,-1,602,580,582,-1,602,582,600,-1,600,582,584,-1,600,584,598,-1,598,584,586,-1,598,586,596,-1,596,586,588,-1,596,588,593,-1,593,588,561,-1,593,561,624,-1,624,561,564,-1,624,564,622,-1,622,564,566,-1,622,566,620,-1,620,566,568,-1,620,568,618,-1,618,568,570,-1,618,570,616,-1,616,570,572,-1,616,572,614,-1,614,572,574,-1,614,574,612,-1,552,554,634,-1,634,554,556,-1,634,556,632,-1,632,556,558,-1,632,558,630,-1,630,558,560,-1,630,560,628,-1,628,560,625,-1,574,543,612,-1,612,543,546,-1,612,546,610,-1,610,546,548,-1,610,548,607,-1,607,548,638,-1,500,499,505,-1,509,508,499,-1,494,495,516,-1,509,499,510,-1,516,515,494,-1,494,515,514,-1,494,514,496,-1,496,514,513,-1,496,513,497,-1,497,513,498,-1,498,513,512,-1,498,512,499,-1,499,512,511,-1,499,511,510,-1,500,505,501,-1,508,507,499,-1,499,507,506,-1,499,506,505,-1,504,503,505,-1,505,503,502,-1,505,502,501,-1,645,646,647,-1,647,646,648,-1,646,649,648,-1,648,649,650,-1,649,651,650,-1,650,651,652,-1,651,653,652,-1,652,653,654,-1,655,654,653,-1,655,653,656,-1,656,653,657,-1,656,657,658,-1,659,660,661,-1,661,660,662,-1,661,662,663,-1,662,664,663,-1,663,664,665,-1,663,665,666,-1,666,665,667,-1,666,667,668,-1,668,667,669,-1,668,669,670,-1,670,669,671,-1,670,671,672,-1,672,671,673,-1,672,673,674,-1,674,673,675,-1,674,675,676,-1,676,675,677,-1,676,677,678,-1,678,677,679,-1,678,679,680,-1,680,679,681,-1,680,681,682,-1,682,681,683,-1,682,683,684,-1,684,683,685,-1,684,685,686,-1,686,685,687,-1,686,687,688,-1,688,687,689,-1,688,689,690,-1,690,689,658,-1,690,658,657,-1,661,691,659,-1,659,691,692,-1,693,694,695,-1,693,695,696,-1,696,695,697,-1,696,697,698,-1,698,697,699,-1,698,699,700,-1,700,699,692,-1,700,692,691,-1,693,701,694,-1,694,701,702,-1,703,704,705,-1,703,705,706,-1,706,705,702,-1,706,702,701,-1,703,707,704,-1,704,707,708,-1,707,709,708,-1,708,709,710,-1,709,711,710,-1,710,711,712,-1,711,713,712,-1,712,713,714,-1,715,716,717,-1,715,717,718,-1,718,717,714,-1,718,714,713,-1,715,719,716,-1,716,719,720,-1,721,722,723,-1,721,723,724,-1,724,723,725,-1,724,725,726,-1,726,725,727,-1,726,727,728,-1,728,727,729,-1,728,729,730,-1,730,729,731,-1,730,731,732,-1,732,731,733,-1,732,733,734,-1,734,733,735,-1,734,735,736,-1,736,735,737,-1,736,737,738,-1,738,737,720,-1,738,720,719,-1,721,739,722,-1,722,739,740,-1,740,739,741,-1,741,739,742,-1,741,742,743,-1,743,742,744,-1,745,746,747,-1,745,747,748,-1,748,747,749,-1,748,749,750,-1,750,749,751,-1,750,751,752,-1,752,751,753,-1,752,753,754,-1,754,753,755,-1,754,755,756,-1,756,755,757,-1,756,757,758,-1,758,757,759,-1,758,759,760,-1,760,759,761,-1,760,761,762,-1,762,761,763,-1,762,763,764,-1,764,763,765,-1,764,765,766,-1,766,765,767,-1,766,767,768,-1,768,767,769,-1,768,769,770,-1,770,769,771,-1,770,771,772,-1,772,771,773,-1,772,773,774,-1,774,773,775,-1,774,775,776,-1,776,775,744,-1,776,744,742,-1,745,645,647,-1,647,777,745,-1,745,777,778,-1,745,778,746,-1,779,707,780,-1,780,707,703,-1,646,781,782,-1,736,738,645,-1,645,738,719,-1,782,783,646,-1,646,783,784,-1,646,784,649,-1,649,784,785,-1,706,651,703,-1,703,651,649,-1,703,649,780,-1,780,649,785,-1,719,715,645,-1,645,715,718,-1,645,718,646,-1,646,718,713,-1,646,713,781,-1,781,713,711,-1,781,711,779,-1,779,711,709,-1,779,709,707,-1,651,691,653,-1,653,691,661,-1,653,661,657,-1,657,661,663,-1,657,663,690,-1,774,745,772,-1,772,745,748,-1,772,748,770,-1,721,724,645,-1,645,724,726,-1,645,726,736,-1,736,726,728,-1,706,701,651,-1,651,701,693,-1,651,693,696,-1,690,663,688,-1,688,663,666,-1,688,666,686,-1,730,732,728,-1,728,732,734,-1,728,734,736,-1,696,698,651,-1,651,698,700,-1,651,700,691,-1,682,684,670,-1,774,776,745,-1,745,776,742,-1,745,742,645,-1,645,742,739,-1,645,739,721,-1,686,666,684,-1,684,666,668,-1,684,668,670,-1,752,754,768,-1,770,748,768,-1,768,748,750,-1,768,750,752,-1,764,758,762,-1,762,758,760,-1,754,756,768,-1,768,756,758,-1,768,758,766,-1,766,758,764,-1,682,670,680,-1,680,670,672,-1,680,672,678,-1,678,672,674,-1,678,674,676,-1,782,781,786,-1,786,781,787,-1,783,782,788,-1,788,782,786,-1,783,788,789,-1,783,789,784,-1,784,789,790,-1,784,790,785,-1,785,790,791,-1,785,791,780,-1,779,780,792,-1,792,780,791,-1,781,779,787,-1,787,779,792,-1,793,794,795,-1,795,794,796,-1,797,798,799,-1,797,799,800,-1,800,799,796,-1,800,796,794,-1,797,801,798,-1,798,801,802,-1,803,804,805,-1,803,805,806,-1,806,805,807,-1,806,807,808,-1,808,807,809,-1,808,809,810,-1,810,809,811,-1,810,811,812,-1,812,811,813,-1,812,813,814,-1,814,813,815,-1,814,815,816,-1,816,815,817,-1,816,817,818,-1,818,817,819,-1,818,819,820,-1,820,819,802,-1,820,802,801,-1,803,821,804,-1,804,821,822,-1,821,823,822,-1,822,823,824,-1,825,826,827,-1,825,827,828,-1,828,827,824,-1,828,824,823,-1,825,829,826,-1,826,829,830,-1,829,831,830,-1,830,831,832,-1,833,834,835,-1,833,835,836,-1,836,835,832,-1,836,832,831,-1,837,838,839,-1,837,839,840,-1,840,839,841,-1,840,841,842,-1,842,841,843,-1,842,843,844,-1,844,843,845,-1,844,845,846,-1,846,845,847,-1,846,847,848,-1,848,847,849,-1,848,849,850,-1,850,849,851,-1,850,851,852,-1,852,851,834,-1,852,834,833,-1,853,854,855,-1,853,855,856,-1,856,855,857,-1,856,857,858,-1,858,857,859,-1,858,859,860,-1,860,859,861,-1,860,861,862,-1,862,861,863,-1,862,863,864,-1,864,863,865,-1,864,865,866,-1,866,865,867,-1,866,867,868,-1,868,867,838,-1,868,838,837,-1,853,869,854,-1,854,869,870,-1,870,869,871,-1,872,873,874,-1,872,874,875,-1,875,874,876,-1,875,876,877,-1,876,878,877,-1,877,878,879,-1,877,879,871,-1,871,879,880,-1,871,880,870,-1,881,882,883,-1,881,883,884,-1,884,883,885,-1,884,885,886,-1,885,887,886,-1,886,887,888,-1,886,888,889,-1,888,890,889,-1,889,890,891,-1,889,891,892,-1,892,891,873,-1,892,873,872,-1,881,893,882,-1,882,893,894,-1,895,896,897,-1,895,897,898,-1,898,897,899,-1,898,899,900,-1,900,899,901,-1,900,901,902,-1,902,901,903,-1,902,903,904,-1,904,903,905,-1,904,905,906,-1,906,905,907,-1,906,907,908,-1,908,907,909,-1,908,909,910,-1,910,909,911,-1,910,911,912,-1,912,911,913,-1,912,913,914,-1,914,913,915,-1,914,915,916,-1,916,915,917,-1,916,917,918,-1,918,917,919,-1,918,919,920,-1,920,919,921,-1,920,921,922,-1,922,921,923,-1,922,923,924,-1,924,923,894,-1,924,894,893,-1,895,793,896,-1,896,793,795,-1,925,926,869,-1,869,926,927,-1,823,821,928,-1,820,801,821,-1,871,793,877,-1,877,793,895,-1,920,922,895,-1,895,922,924,-1,895,924,893,-1,871,869,793,-1,793,869,927,-1,793,927,794,-1,794,927,928,-1,794,928,800,-1,800,928,821,-1,800,821,797,-1,797,821,801,-1,929,930,831,-1,831,930,836,-1,836,930,931,-1,836,931,833,-1,831,829,929,-1,929,829,825,-1,929,825,928,-1,928,825,828,-1,928,828,823,-1,892,872,875,-1,932,860,933,-1,933,860,862,-1,933,862,934,-1,934,862,864,-1,934,864,935,-1,935,864,936,-1,914,916,895,-1,895,916,918,-1,895,918,920,-1,821,803,820,-1,820,803,806,-1,820,806,818,-1,818,806,808,-1,833,931,852,-1,852,931,937,-1,852,937,850,-1,925,869,938,-1,938,869,853,-1,938,853,939,-1,939,853,856,-1,939,856,932,-1,932,856,858,-1,932,858,860,-1,893,881,895,-1,895,881,884,-1,895,884,877,-1,877,884,886,-1,877,886,875,-1,875,886,889,-1,875,889,892,-1,898,900,910,-1,910,900,902,-1,910,902,908,-1,908,902,904,-1,908,904,906,-1,808,810,818,-1,818,810,812,-1,818,812,816,-1,816,812,814,-1,850,937,848,-1,848,937,940,-1,848,940,846,-1,846,940,941,-1,846,941,844,-1,844,941,942,-1,844,942,842,-1,898,910,895,-1,895,910,912,-1,895,912,914,-1,942,943,842,-1,842,943,944,-1,842,944,840,-1,840,944,945,-1,840,945,837,-1,837,945,946,-1,837,946,868,-1,868,946,936,-1,868,936,866,-1,866,936,864,-1,928,927,947,-1,947,927,948,-1,929,928,949,-1,949,928,947,-1,929,949,950,-1,929,950,930,-1,930,950,951,-1,930,951,931,-1,931,951,952,-1,931,952,937,-1,937,952,953,-1,937,953,940,-1,940,953,954,-1,940,954,941,-1,941,954,955,-1,941,955,942,-1,942,955,956,-1,942,956,943,-1,943,956,957,-1,943,957,944,-1,944,957,958,-1,944,958,945,-1,945,958,959,-1,945,959,946,-1,946,959,960,-1,946,960,936,-1,936,960,961,-1,936,961,935,-1,935,961,962,-1,935,962,934,-1,934,962,963,-1,934,963,933,-1,933,963,964,-1,933,964,932,-1,932,964,965,-1,932,965,939,-1,939,965,966,-1,939,966,938,-1,925,938,967,-1,967,938,966,-1,925,967,968,-1,925,968,926,-1,926,968,948,-1,926,948,927,-1,969,970,971,-1,971,970,972,-1,970,973,972,-1,972,973,974,-1,973,975,974,-1,974,975,976,-1,977,978,979,-1,977,979,980,-1,980,979,981,-1,980,981,982,-1,982,981,976,-1,982,976,975,-1,977,983,978,-1,978,983,984,-1,983,985,984,-1,984,985,986,-1,987,988,989,-1,987,989,990,-1,990,989,991,-1,990,991,992,-1,992,991,993,-1,992,993,994,-1,994,993,995,-1,994,995,996,-1,996,995,997,-1,996,997,998,-1,998,997,999,-1,998,999,1000,-1,1000,999,1001,-1,1000,1001,1002,-1,1002,1001,1003,-1,1002,1003,1004,-1,1004,1003,1005,-1,1004,1005,1006,-1,1006,1005,1007,-1,1006,1007,1008,-1,1008,1007,986,-1,1008,986,985,-1,987,1009,988,-1,988,1009,1010,-1,1009,1011,1010,-1,1010,1011,1012,-1,1011,1013,1012,-1,1012,1013,1014,-1,1015,1016,1017,-1,1015,1017,1018,-1,1018,1017,1014,-1,1018,1014,1013,-1,1015,1019,1016,-1,1016,1019,1020,-1,1019,1021,1020,-1,1020,1021,1022,-1,1023,1024,1025,-1,1023,1025,1026,-1,1026,1025,1027,-1,1026,1027,1028,-1,1028,1027,1029,-1,1028,1029,1030,-1,1030,1029,1031,-1,1030,1031,1032,-1,1032,1031,1033,-1,1032,1033,1034,-1,1034,1033,1035,-1,1034,1035,1036,-1,1036,1035,1037,-1,1036,1037,1038,-1,1038,1037,1039,-1,1038,1039,1040,-1,1040,1039,1041,-1,1040,1041,1042,-1,1042,1041,1043,-1,1042,1043,1044,-1,1044,1043,1022,-1,1044,1022,1021,-1,1023,1045,1024,-1,1024,1045,1046,-1,1047,1048,1049,-1,1047,1049,1050,-1,1050,1049,1046,-1,1050,1046,1045,-1,1047,1051,1048,-1,1048,1051,1052,-1,1052,1051,1053,-1,1054,1055,1056,-1,1054,1056,1057,-1,1057,1056,1058,-1,1057,1058,1059,-1,1059,1058,1060,-1,1059,1060,1061,-1,1061,1060,1062,-1,1061,1062,1063,-1,1063,1062,1064,-1,1063,1064,1065,-1,1065,1064,1066,-1,1065,1066,1067,-1,1067,1066,1068,-1,1067,1068,1069,-1,1068,1070,1069,-1,1069,1070,1071,-1,1069,1071,1072,-1,1072,1071,1073,-1,1072,1073,1074,-1,1074,1073,1075,-1,1074,1075,1053,-1,1053,1075,1076,-1,1053,1076,1052,-1,1077,1078,1079,-1,1077,1079,1080,-1,1080,1079,1055,-1,1080,1055,1054,-1,1077,1081,1078,-1,1078,1081,1082,-1,1083,1084,1085,-1,1083,1085,1086,-1,1086,1085,1082,-1,1086,1082,1081,-1,1083,1087,1084,-1,1084,1087,1088,-1,1089,1090,1091,-1,1089,1091,1092,-1,1092,1091,1093,-1,1092,1093,1094,-1,1094,1093,1095,-1,1094,1095,1096,-1,1096,1095,1097,-1,1096,1097,1098,-1,1098,1097,1099,-1,1098,1099,1100,-1,1100,1099,1101,-1,1100,1101,1102,-1,1102,1101,1103,-1,1102,1103,1104,-1,1104,1103,1105,-1,1104,1105,1106,-1,1106,1105,1107,-1,1106,1107,1108,-1,1108,1107,1109,-1,1108,1109,1110,-1,1110,1109,1111,-1,1110,1111,1112,-1,1112,1111,1113,-1,1112,1113,1114,-1,1114,1113,1115,-1,1114,1115,1116,-1,1116,1115,1117,-1,1116,1117,1118,-1,1118,1117,1088,-1,1118,1088,1087,-1,1089,1119,1090,-1,1090,1119,1120,-1,1121,1122,1123,-1,1121,1123,1124,-1,1124,1123,1120,-1,1124,1120,1119,-1,1121,1125,1122,-1,1122,1125,1126,-1,1127,1128,1129,-1,1127,1129,1130,-1,1130,1129,1126,-1,1130,1126,1125,-1,1127,1131,1128,-1,1128,1131,1132,-1,1133,1134,1135,-1,1133,1135,1136,-1,1136,1135,1137,-1,1136,1137,1138,-1,1138,1137,1132,-1,1138,1132,1131,-1,1133,1139,1134,-1,1134,1139,1140,-1,1139,1141,1140,-1,1140,1141,1142,-1,1143,1144,1145,-1,1143,1145,1146,-1,1146,1145,1147,-1,1146,1147,1148,-1,1148,1147,1149,-1,1148,1149,1150,-1,1150,1149,1151,-1,1150,1151,1152,-1,1152,1151,1153,-1,1152,1153,1154,-1,1154,1153,1155,-1,1154,1155,1156,-1,1156,1155,1157,-1,1156,1157,1158,-1,1158,1157,1159,-1,1158,1159,1160,-1,1160,1159,1161,-1,1160,1161,1162,-1,1162,1161,1163,-1,1162,1163,1164,-1,1164,1163,1142,-1,1164,1142,1141,-1,1143,1165,1144,-1,1144,1165,1166,-1,969,971,1167,-1,969,1167,1168,-1,1168,1167,1166,-1,1168,1166,1165,-1,1015,1018,1045,-1,1045,1018,1013,-1,1069,1072,1011,-1,1011,1072,1074,-1,1011,1074,1053,-1,1057,1011,1054,-1,1054,1011,1080,-1,1114,1116,970,-1,1034,1036,1021,-1,1053,1051,1011,-1,1011,1051,1047,-1,1011,1047,1013,-1,1013,1047,1050,-1,1013,1050,1045,-1,1083,1086,1011,-1,1086,1081,1011,-1,1011,1081,1077,-1,1011,1077,1080,-1,1057,1059,1011,-1,1011,1059,1061,-1,1011,1061,1063,-1,973,1009,975,-1,975,1009,987,-1,975,987,982,-1,982,987,980,-1,1162,1164,1143,-1,1143,1164,1141,-1,1116,1118,970,-1,970,1118,1087,-1,970,1087,973,-1,973,1087,1083,-1,973,1083,1009,-1,1009,1083,1011,-1,980,987,977,-1,977,987,985,-1,977,985,983,-1,1015,1045,1019,-1,1019,1045,1023,-1,1019,1023,1021,-1,1021,1023,1026,-1,1021,1026,1028,-1,1036,1038,1040,-1,1063,1065,1011,-1,1011,1065,1067,-1,1011,1067,1069,-1,1098,1100,970,-1,970,1100,1102,-1,1108,1110,970,-1,970,1110,1112,-1,970,1112,1114,-1,1141,1139,1143,-1,1143,1139,1133,-1,1143,1133,1165,-1,1165,1133,1136,-1,1165,1136,1168,-1,1168,1136,1138,-1,1168,1138,969,-1,969,1138,1131,-1,969,1131,970,-1,970,1131,1127,-1,970,1127,1130,-1,1130,1125,970,-1,970,1125,1121,-1,970,1121,1124,-1,1040,1042,1036,-1,1036,1042,1044,-1,1036,1044,1021,-1,990,1006,987,-1,987,1006,1008,-1,987,1008,985,-1,1102,1104,970,-1,970,1104,1106,-1,970,1106,1108,-1,1150,1152,1160,-1,1124,1119,970,-1,970,1119,1089,-1,970,1089,1092,-1,1028,1030,1021,-1,1021,1030,1032,-1,1021,1032,1034,-1,990,992,1006,-1,1006,992,994,-1,1006,994,1004,-1,1004,994,996,-1,996,998,1004,-1,1004,998,1000,-1,1004,1000,1002,-1,1150,1160,1148,-1,1092,1094,970,-1,970,1094,1096,-1,970,1096,1098,-1,1162,1143,1160,-1,1160,1143,1146,-1,1160,1146,1148,-1,1152,1154,1160,-1,1160,1154,1156,-1,1160,1156,1158,-1,1169,1170,1171,-1,1171,1170,1172,-1,1170,1173,1172,-1,1172,1173,1174,-1,1173,1175,1174,-1,1174,1175,1176,-1,1175,1177,1176,-1,1176,1177,1178,-1,1177,1179,1178,-1,1178,1179,1180,-1,1181,1182,1183,-1,1181,1183,1184,-1,1184,1183,1185,-1,1184,1185,1186,-1,1186,1185,1187,-1,1186,1187,1188,-1,1188,1187,1189,-1,1188,1189,1190,-1,1190,1189,1191,-1,1190,1191,1192,-1,1192,1191,1193,-1,1192,1193,1194,-1,1194,1193,1180,-1,1194,1180,1179,-1,1195,1196,1197,-1,1195,1197,1198,-1,1198,1197,1199,-1,1198,1199,1200,-1,1200,1199,1201,-1,1200,1201,1202,-1,1202,1201,1203,-1,1202,1203,1204,-1,1204,1203,1205,-1,1204,1205,1206,-1,1206,1205,1207,-1,1206,1207,1208,-1,1208,1207,1209,-1,1208,1209,1210,-1,1210,1209,1182,-1,1210,1182,1181,-1,1211,1212,1213,-1,1211,1213,1214,-1,1214,1213,1215,-1,1214,1215,1216,-1,1216,1215,1217,-1,1216,1217,1218,-1,1218,1217,1219,-1,1218,1219,1220,-1,1220,1219,1221,-1,1220,1221,1222,-1,1222,1221,1223,-1,1222,1223,1224,-1,1224,1223,1196,-1,1224,1196,1195,-1,1225,1226,1227,-1,1225,1227,1228,-1,1228,1227,1229,-1,1228,1229,1230,-1,1230,1229,1231,-1,1230,1231,1232,-1,1232,1231,1233,-1,1232,1233,1234,-1,1234,1233,1235,-1,1234,1235,1236,-1,1236,1235,1237,-1,1236,1237,1238,-1,1238,1237,1212,-1,1238,1212,1211,-1,1225,1239,1226,-1,1226,1239,1240,-1,1239,1241,1240,-1,1240,1241,1242,-1,1243,1244,1245,-1,1243,1245,1246,-1,1246,1245,1247,-1,1246,1247,1248,-1,1247,1249,1248,-1,1248,1249,1250,-1,1248,1250,1251,-1,1251,1250,1252,-1,1251,1252,1253,-1,1253,1252,1254,-1,1253,1254,1255,-1,1255,1254,1256,-1,1255,1256,1257,-1,1257,1256,1242,-1,1257,1242,1241,-1,1244,1243,1258,-1,1259,1260,1261,-1,1259,1261,1262,-1,1262,1261,1263,-1,1262,1263,1264,-1,1264,1263,1265,-1,1264,1265,1266,-1,1266,1265,1267,-1,1266,1267,1268,-1,1268,1267,1269,-1,1268,1269,1270,-1,1270,1269,1271,-1,1270,1271,1272,-1,1272,1271,1273,-1,1272,1273,1258,-1,1258,1273,1274,-1,1258,1274,1244,-1,1275,1276,1277,-1,1275,1277,1278,-1,1278,1277,1279,-1,1278,1279,1280,-1,1280,1279,1281,-1,1280,1281,1282,-1,1282,1281,1283,-1,1282,1283,1284,-1,1284,1283,1285,-1,1284,1285,1286,-1,1286,1285,1287,-1,1286,1287,1288,-1,1288,1287,1260,-1,1288,1260,1259,-1,1169,1171,1289,-1,1169,1289,1290,-1,1290,1289,1291,-1,1290,1291,1292,-1,1292,1291,1293,-1,1292,1293,1294,-1,1294,1293,1276,-1,1294,1276,1275,-1,1177,1175,1170,-1,1170,1175,1173,-1,1241,1239,1225,-1,1179,1177,1194,-1,1194,1177,1170,-1,1194,1170,1192,-1,1192,1170,1190,-1,1169,1186,1170,-1,1170,1186,1188,-1,1170,1188,1190,-1,1169,1290,1186,-1,1186,1290,1292,-1,1186,1292,1184,-1,1184,1292,1294,-1,1184,1294,1181,-1,1181,1294,1275,-1,1181,1275,1210,-1,1241,1225,1257,-1,1257,1225,1228,-1,1257,1228,1255,-1,1255,1228,1230,-1,1255,1230,1253,-1,1253,1230,1232,-1,1253,1232,1251,-1,1251,1232,1234,-1,1251,1234,1248,-1,1248,1234,1236,-1,1248,1236,1246,-1,1246,1236,1238,-1,1246,1238,1243,-1,1243,1238,1211,-1,1243,1211,1258,-1,1258,1211,1214,-1,1258,1214,1272,-1,1272,1214,1216,-1,1272,1216,1270,-1,1270,1216,1218,-1,1270,1218,1268,-1,1268,1218,1220,-1,1268,1220,1266,-1,1266,1220,1222,-1,1266,1222,1264,-1,1264,1222,1224,-1,1264,1224,1262,-1,1262,1224,1195,-1,1262,1195,1259,-1,1259,1195,1198,-1,1259,1198,1288,-1,1198,1200,1288,-1,1288,1200,1202,-1,1288,1202,1286,-1,1286,1202,1204,-1,1286,1204,1284,-1,1284,1204,1206,-1,1284,1206,1282,-1,1282,1206,1208,-1,1282,1208,1280,-1,1280,1208,1210,-1,1280,1210,1278,-1,1278,1210,1275,-1,1295,1296,1297,-1,1297,1296,1298,-1,1298,1296,1299,-1,1299,1296,1300,-1,1299,1300,1301,-1,1301,1300,1302,-1,1302,1300,1303,-1,1302,1303,1304,-1,1305,1306,1307,-1,1305,1307,1308,-1,1308,1307,1309,-1,1308,1309,1310,-1,1310,1309,1304,-1,1310,1304,1303,-1,1305,1311,1306,-1,1306,1311,1312,-1,1313,1314,1315,-1,1313,1315,1316,-1,1316,1315,1317,-1,1316,1317,1318,-1,1318,1317,1319,-1,1318,1319,1320,-1,1320,1319,1321,-1,1320,1321,1322,-1,1322,1321,1323,-1,1322,1323,1324,-1,1324,1323,1312,-1,1324,1312,1311,-1,1325,1326,1327,-1,1325,1327,1328,-1,1328,1327,1329,-1,1328,1329,1330,-1,1330,1329,1331,-1,1330,1331,1332,-1,1332,1331,1333,-1,1332,1333,1334,-1,1334,1333,1335,-1,1334,1335,1336,-1,1336,1335,1314,-1,1336,1314,1313,-1,1337,1338,1339,-1,1337,1339,1340,-1,1340,1339,1341,-1,1340,1341,1342,-1,1342,1341,1343,-1,1342,1343,1344,-1,1344,1343,1345,-1,1344,1345,1346,-1,1346,1345,1347,-1,1346,1347,1348,-1,1348,1347,1349,-1,1348,1349,1350,-1,1350,1349,1351,-1,1350,1351,1352,-1,1352,1351,1353,-1,1352,1353,1354,-1,1354,1353,1326,-1,1354,1326,1325,-1,1337,1355,1338,-1,1338,1355,1356,-1,1355,1357,1356,-1,1356,1357,1358,-1,1359,1360,1361,-1,1359,1361,1362,-1,1362,1361,1363,-1,1362,1363,1364,-1,1364,1363,1365,-1,1364,1365,1366,-1,1366,1365,1367,-1,1366,1367,1368,-1,1368,1367,1369,-1,1368,1369,1370,-1,1370,1369,1371,-1,1370,1371,1372,-1,1372,1371,1373,-1,1372,1373,1374,-1,1374,1373,1375,-1,1374,1375,1376,-1,1376,1375,1377,-1,1376,1377,1378,-1,1378,1377,1379,-1,1378,1379,1380,-1,1380,1379,1358,-1,1380,1358,1357,-1,1359,1381,1360,-1,1360,1381,1382,-1,1381,1383,1382,-1,1382,1383,1384,-1,1295,1297,1385,-1,1295,1385,1386,-1,1386,1385,1384,-1,1386,1384,1383,-1,1334,1336,1344,-1,1342,1344,1318,-1,1311,1370,1372,-1,1336,1313,1344,-1,1344,1313,1316,-1,1344,1316,1318,-1,1318,1320,1342,-1,1342,1320,1322,-1,1342,1322,1340,-1,1340,1322,1324,-1,1383,1381,1311,-1,1381,1359,1311,-1,1311,1359,1362,-1,1311,1362,1364,-1,1311,1378,1380,-1,1300,1296,1303,-1,1303,1296,1295,-1,1303,1295,1310,-1,1310,1295,1386,-1,1310,1386,1308,-1,1308,1386,1383,-1,1308,1383,1305,-1,1305,1383,1311,-1,1364,1366,1311,-1,1311,1366,1368,-1,1311,1368,1370,-1,1328,1330,1344,-1,1344,1330,1332,-1,1344,1332,1334,-1,1372,1374,1311,-1,1311,1374,1376,-1,1311,1376,1378,-1,1380,1357,1311,-1,1311,1357,1355,-1,1311,1355,1324,-1,1324,1355,1337,-1,1324,1337,1340,-1,1344,1346,1328,-1,1328,1346,1348,-1,1328,1348,1350,-1,1350,1352,1328,-1,1328,1352,1354,-1,1328,1354,1325,-1,
        ]
    }
}
Shape{
    appearance Appearance {
        material  Material 	{
            diffuseColor 0.2235294117647059 0.2235294117647059 0.2235294117647059
            specularColor 0.11372549019607843 0.11372549019607843 0.11372549019607843
            ambientIntensity 0.2
            transparency 0
            shininess 0.5
        }
    }
    geometry IndexedFaceSet {
        ccw TRUE
        solid FALSE
        coord DEF co Coordinate {
            point [
                -0.1975 -0.3563 -0.187, -0.1883 -0.3474 -0.187, -0.2101 -0.4429 -0.187, -0.2322 -0.343 -0.187, -0.2188 -0.3458 -0.187, -0.2091 -0.3488 -0.187, -0.206 -0.3505 -0.187, -0.3401 -0.455 -0.187, -0.3546 -0.4517 -0.187, -0.291 -0.3804 -0.187, -0.361 -0.449 -0.187, -0.361 -0.2693 -0.187, -0.3558 -0.2691 -0.187, -0.3505 -0.2693 -0.187, -0.3253 -0.4562 -0.187, -0.3356 -0.271 -0.187, -0.3251 -0.2724 -0.187, -0.3175 -0.2743 -0.187, -0.317 -0.4546 -0.187, -0.295 -0.4265 -0.187, -0.298 -0.4368 -0.187, -0.312 -0.2767 -0.187, -0.3079 -0.2799 -0.187, -0.304 -0.2849 -0.187, -0.3018 -0.4441 -0.187, -0.3062 -0.4493 -0.187, -0.3101 -0.452 -0.187, -0.297 -0.301 -0.187, -0.2914 -0.3354 -0.187, -0.2914 -0.3354 -0.187
            ]
        }
        coordIndex [
            0,1,2,-1,2,3,4,-1,4,5,2,-1,2,5,6,-1,2,6,0,-1,7,8,9,-1,10,11,8,-1,8,11,12,-1,8,12,13,-1,7,9,14,-1,13,15,8,-1,8,15,16,-1,8,16,17,-1,14,9,18,-1,18,9,19,-1,18,19,20,-1,17,21,8,-1,8,21,22,-1,8,22,23,-1,20,24,18,-1,18,24,25,-1,18,25,26,-1,23,27,8,-1,8,27,28,-1,8,28,9,-1,
        ]
    }
}
Shape{
    appearance Appearance {
        material  Material 	{
            diffuseColor 0.7529411764705882 0.7529411764705882 0.7529411764705882
            specularColor 0.6039215686274509 0.6039215686274509 0.6039215686274509
            ambientIntensity 0.2
            transparency 0
            shininess 0.5
        }
    }
    geometry IndexedFaceSet {
        ccw TRUE
        solid FALSE
        coord DEF co Coordinate {
            point [
                0.1181 -0.0147 -0.187, -0.1181 -0.0147 -0.187, -0.1181 0.0103 -0.2118, 0.1181 0.0103 -0.2118, -0.1181 0.0401 -0.2305, 0.1181 0.0401 -0.2305, -0.1181 0.0733 -0.2421, 0.1181 0.0733 -0.2421, -0.1181 0.1083 -0.2461, 0.1181 0.1083 -0.2461, 0.1181 0.0742 -0.1083, 0.1181 0.0702 -0.0988, 0.1181 -0.0098 -0.187, 0.1181 -0.0098 -0.0689, 0.1181 0.0689 -0.0886, 0.1181 0.0689 -0.0689, 0.1181 0.876 -0.2461, 0.1181 0.876 -0.128, 0.1181 0.1083 -0.128, 0.1181 0.0981 -0.1266, 0.1181 0.0886 -0.1227, 0.1181 0.0804 -0.1164, -0.1181 -0.0098 -0.187, -0.1181 0.0702 -0.0988, -0.1181 0.0689 -0.0886, -0.1181 -0.0098 -0.0689, -0.1181 0.0689 -0.0689, -0.1181 0.876 -0.128, -0.1181 0.876 -0.2461, -0.1181 0.1083 -0.128, -0.1181 0.0981 -0.1266, -0.1181 0.0886 -0.1227, -0.1181 0.0804 -0.1164, -0.1181 0.0742 -0.1083, -0.1181 0.0742 -0.1083
            ]
        }
        coordIndex [
            0,1,2,-1,0,2,3,-1,3,2,4,-1,3,4,5,-1,5,4,6,-1,5,6,7,-1,7,6,8,-1,7,8,9,-1,10,11,12,-1,5,12,3,-1,3,12,0,-1,12,11,13,-1,13,11,14,-1,13,14,15,-1,16,17,9,-1,9,17,18,-1,9,18,7,-1,7,18,19,-1,7,19,5,-1,5,19,20,-1,5,20,12,-1,12,20,21,-1,12,21,10,-1,1,22,2,-1,2,22,4,-1,23,22,24,-1,24,22,25,-1,24,25,26,-1,27,28,29,-1,29,28,8,-1,29,8,30,-1,30,8,6,-1,30,6,31,-1,31,6,4,-1,31,4,32,-1,32,4,22,-1,32,22,33,-1,33,22,23,-1,18,17,29,-1,29,17,27,-1,18,29,19,-1,19,29,30,-1,19,30,20,-1,20,30,31,-1,20,31,21,-1,21,31,32,-1,21,32,10,-1,10,32,33,-1,10,33,11,-1,11,33,23,-1,11,23,14,-1,14,23,24,-1,15,14,26,-1,26,14,24,-1,16,9,28,-1,28,9,8,-1,17,16,27,-1,27,16,28,-1,
        ]
    }
}
Shape{
    appearance Appearance {
        material  Material 	{
            diffuseColor 1.0 1.0 0.8352941176470589
            specularColor 0.5019607843137255 0.5019607843137255 0.41568627450980394
            ambientIntensity 0.2
            transparency 0
            shininess 0.5
        }
    }
    geometry IndexedFaceSet {
        ccw TRUE
        solid FALSE
        coord DEF co Coordinate {
            point [
                -0.7874 -0.876 1.1476, -0.7874 -0.2854 1.1476, -0.7874 -0.876 1.187, -0.7874 -0.2854 1.187, 0.7874 -0.2854 1.1476, 0.7874 -0.876 1.1476, 0.7874 -0.2854 1.187, 0.7874 -0.876 1.187, -0.748 -0.876 1.8957, -0.748 -0.876 1.187, -0.1575 -0.876 1.8957, -0.1575 -0.876 1.187, -0.1575 -0.2854 1.8957, -0.1575 -0.2854 1.187, -0.748 -0.2854 1.8957, -0.748 -0.2854 1.187, -0.748 -0.2854 1.1476, -0.748 -0.876 1.1476, -0.1575 -0.2854 1.1476, -0.1575 -0.876 1.1476, -0.6693 -0.3642 1.9744, -0.6693 -0.7972 1.9744, -0.2362 -0.3642 1.9744, -0.2362 -0.7972 1.9744, -0.2362 -0.7972 1.9744
            ]
        }
        coordIndex [
            0,1,2,-1,2,1,3,-1,4,5,6,-1,6,5,7,-1,8,9,10,-1,10,9,11,-1,12,13,14,-1,14,13,15,-1,16,17,15,-1,15,17,9,-1,15,9,14,-1,14,9,8,-1,12,10,13,-1,13,10,11,-1,13,11,18,-1,18,11,19,-1,20,21,22,-1,22,21,23,-1,10,23,8,-1,8,23,21,-1,12,22,10,-1,10,22,23,-1,20,14,21,-1,21,14,8,-1,14,20,12,-1,12,20,22,-1,
        ]
    }
}
Shape{
    appearance Appearance {
        material  Material 	{
            diffuseColor 0.25098039215686274 0.25098039215686274 0.25098039215686274
            specularColor 0.12549019607843137 0.12549019607843137 0.12549019607843137
            ambientIntensity 0.2
            transparency 0
            shininess 0.5
        }
    }
    geometry IndexedFaceSet {
        ccw TRUE
        solid FALSE
        coord DEF co Coordinate {
            point [
                0.866 -0.7095 -0.1083, 0.866 -0.7095 -0.187, 0.866 -0.3971 -0.1083, 0.866 -0.4779 -0.187, 0.866 -0.3971 -0.187, 1.2333 -0.7095 -0.1083, 1.2333 -0.7095 -0.187, 1.2333 -0.4779 -0.187, 1.2333 -0.3971 -0.1083, 1.2333 -0.3971 -0.187, -0.1096 -0.7095 -0.1083, -0.1096 -0.7095 -0.187, -0.1096 -0.3861 -0.1083, -0.1096 -0.4779 -0.187, -0.1096 -0.3861 -0.187, 0.2795 -0.7095 -0.1083, 0.2795 -0.7095 -0.187, 0.2795 -0.4779 -0.187, 0.2795 -0.3861 -0.1083, 0.2795 -0.3861 -0.187, -1.1894 -0.7095 -0.1083, -1.1894 -0.7095 -0.187, -1.1894 -0.3971 -0.1083, -1.1894 -0.4779 -0.187, -1.1894 -0.3971 -0.187, -0.8332 -0.7095 -0.1083, -0.8332 -0.7095 -0.187, -0.8332 -0.4779 -0.187, -0.8332 -0.3971 -0.1083, -0.8332 -0.3971 -0.187, -0.8332 -0.3971 -0.187
            ]
        }
        coordIndex [
            0,1,2,-1,2,1,3,-1,2,3,4,-1,0,5,1,-1,1,5,6,-1,6,5,7,-1,7,5,8,-1,7,8,9,-1,8,2,9,-1,9,2,4,-1,8,5,2,-1,2,5,0,-1,10,11,12,-1,12,11,13,-1,12,13,14,-1,10,15,11,-1,11,15,16,-1,16,15,17,-1,17,15,18,-1,17,18,19,-1,18,12,19,-1,19,12,14,-1,18,15,12,-1,12,15,10,-1,20,21,22,-1,22,21,23,-1,22,23,24,-1,20,25,21,-1,21,25,26,-1,26,25,27,-1,27,25,28,-1,27,28,29,-1,28,22,29,-1,29,22,24,-1,28,25,22,-1,22,25,20,-1,
        ]
    }
}