ISO-10303-21;
HEADER;
FILE_DESCRIPTION(('KiCad electronic assembly'),'2;1');
FILE_NAME('temperature_fin.step','2025-07-09T17:25:31',('Pcbnew'),(
    'Kicad'),'Open CASCADE STEP processor 7.9','KiCad to STEP converter'
  ,'Unknown');
FILE_SCHEMA(('AUTOMOTIVE_DESIGN { 1 0 10303 214 1 1 1 1 }'));
ENDSEC;
DATA;
#1 = APPLICATION_PROTOCOL_DEFINITION('international standard',
  'automotive_design',2000,#2);
#2 = APPLICATION_CONTEXT(
  'core data for automotive mechanical design processes');
#3 = SHAPE_DEFINITION_REPRESENTATION(#4,#10);
#4 = PRODUCT_DEFINITION_SHAPE('','',#5);
#5 = PRODUCT_DEFINITION('design','',#6,#9);
#6 = PRODUCT_DEFINITION_FORMATION('','',#7);
#7 = PRODUCT('temperature_fin 1','temperature_fin 1','',(#8));
#8 = PRODUCT_CONTEXT('',#2,'mechanical');
#9 = PRODUCT_DEFINITION_CONTEXT('part definition',#2,'design');
#10 = SHAPE_REPRESENTATION('',(#11,#15,#19,#23,#27,#31,#35,#39,#43),#47
  );
#11 = AXIS2_PLACEMENT_3D('',#12,#13,#14);
#12 = CARTESIAN_POINT('',(0.,0.,0.));
#13 = DIRECTION('',(0.,0.,1.));
#14 = DIRECTION('',(1.,0.,-0.));
#15 = AXIS2_PLACEMENT_3D('',#16,#17,#18);
#16 = CARTESIAN_POINT('',(136.15,-98.143,1.595));
#17 = DIRECTION('',(0.,0.,1.));
#18 = DIRECTION('',(1.,0.,0.));
#19 = AXIS2_PLACEMENT_3D('',#20,#21,#22);
#20 = CARTESIAN_POINT('',(136.1125,-99.968,1.595));
#21 = DIRECTION('',(0.,0.,1.));
#22 = DIRECTION('',(-1.,1.224646799147E-16,0.));
#23 = AXIS2_PLACEMENT_3D('',#24,#25,#26);
#24 = CARTESIAN_POINT('',(134.38,-89.25,1.595));
#25 = DIRECTION('',(0.,0.,1.));
#26 = DIRECTION('',(-1.,1.224646799147E-16,0.));
#27 = AXIS2_PLACEMENT_3D('',#28,#29,#30);
#28 = CARTESIAN_POINT('',(136.125,-88.48,1.605));
#29 = DIRECTION('',(1.,-1.110223024625E-16,1.110223024625E-16));
#30 = DIRECTION('',(1.110223024625E-16,1.,0.));
#31 = AXIS2_PLACEMENT_3D('',#32,#33,#34);
#32 = CARTESIAN_POINT('',(136.105,-86.975,1.595));
#33 = DIRECTION('',(0.,0.,1.));
#34 = DIRECTION('',(-1.,1.224646799147E-16,0.));
#35 = AXIS2_PLACEMENT_3D('',#36,#37,#38);
#36 = CARTESIAN_POINT('',(136.15,-83.7,1.595));
#37 = DIRECTION('',(1.224646799147E-16,1.,1.110223024625E-16));
#38 = DIRECTION('',(-1.,1.224646799147E-16,0.));
#39 = AXIS2_PLACEMENT_3D('',#40,#41,#42);
#40 = CARTESIAN_POINT('',(0.,0.,0.));
#41 = DIRECTION('',(0.,0.,1.));
#42 = DIRECTION('',(1.,0.,-0.));
#43 = AXIS2_PLACEMENT_3D('',#44,#45,#46);
#44 = CARTESIAN_POINT('',(0.,0.,0.));
#45 = DIRECTION('',(0.,0.,1.));
#46 = DIRECTION('',(1.,0.,-0.));
#47 = ( GEOMETRIC_REPRESENTATION_CONTEXT(3) 
GLOBAL_UNCERTAINTY_ASSIGNED_CONTEXT((#51)) GLOBAL_UNIT_ASSIGNED_CONTEXT(
(#48,#49,#50)) REPRESENTATION_CONTEXT('Context #1',
  '3D Context with UNIT and UNCERTAINTY') );
#48 = ( LENGTH_UNIT() NAMED_UNIT(*) SI_UNIT(.MILLI.,.METRE.) );
#49 = ( NAMED_UNIT(*) PLANE_ANGLE_UNIT() SI_UNIT($,.RADIAN.) );
#50 = ( NAMED_UNIT(*) SI_UNIT($,.STERADIAN.) SOLID_ANGLE_UNIT() );
#51 = UNCERTAINTY_MEASURE_WITH_UNIT(LENGTH_MEASURE(1.E-07),#48,
  'distance_accuracy_value','confusion accuracy');
#52 = PRODUCT_RELATED_PRODUCT_CATEGORY('part',$,(#7));
#53 = SHAPE_DEFINITION_REPRESENTATION(#54,#60);
#54 = PRODUCT_DEFINITION_SHAPE('','',#55);
#55 = PRODUCT_DEFINITION('design','',#56,#59);
#56 = PRODUCT_DEFINITION_FORMATION('','',#57);
#57 = PRODUCT('C_0402_1005Metric','C_0402_1005Metric','',(#58));
#58 = PRODUCT_CONTEXT('',#2,'mechanical');
#59 = PRODUCT_DEFINITION_CONTEXT('part definition',#2,'design');
#60 = ADVANCED_BREP_SHAPE_REPRESENTATION('',(#11,#61),#915);
#61 = MANIFOLD_SOLID_BREP('',#62);
#62 = CLOSED_SHELL('',(#63,#139,#170,#195,#220,#244,#268,#293,#318,#335,
    #421,#453,#477,#502,#526,#551,#575,#600,#617,#703,#734,#759,#784,
    #808,#832,#857,#882,#899));
#63 = ADVANCED_FACE('',(#64),#134,.F.);
#64 = FACE_BOUND('',#65,.F.);
#65 = EDGE_LOOP('',(#66,#76,#85,#93,#102,#110,#119,#127));
#66 = ORIENTED_EDGE('',*,*,#67,.F.);
#67 = EDGE_CURVE('',#68,#70,#72,.T.);
#68 = VERTEX_POINT('',#69);
#69 = CARTESIAN_POINT('',(-0.5,-0.25,2.E-02));
#70 = VERTEX_POINT('',#71);
#71 = CARTESIAN_POINT('',(-0.5,-0.25,0.48));
#72 = LINE('',#73,#74);
#73 = CARTESIAN_POINT('',(-0.5,-0.25,0.));
#74 = VECTOR('',#75,1.);
#75 = DIRECTION('',(0.,0.,1.));
#76 = ORIENTED_EDGE('',*,*,#77,.T.);
#77 = EDGE_CURVE('',#68,#78,#80,.T.);
#78 = VERTEX_POINT('',#79);
#79 = CARTESIAN_POINT('',(-0.5,-0.23,0.));
#80 = CIRCLE('',#81,2.E-02);
#81 = AXIS2_PLACEMENT_3D('',#82,#83,#84);
#82 = CARTESIAN_POINT('',(-0.5,-0.23,2.E-02));
#83 = DIRECTION('',(1.,0.,-0.));
#84 = DIRECTION('',(0.,0.,1.));
#85 = ORIENTED_EDGE('',*,*,#86,.T.);
#86 = EDGE_CURVE('',#78,#87,#89,.T.);
#87 = VERTEX_POINT('',#88);
#88 = CARTESIAN_POINT('',(-0.5,0.23,0.));
#89 = LINE('',#90,#91);
#90 = CARTESIAN_POINT('',(-0.5,-0.25,0.));
#91 = VECTOR('',#92,1.);
#92 = DIRECTION('',(0.,1.,0.));
#93 = ORIENTED_EDGE('',*,*,#94,.F.);
#94 = EDGE_CURVE('',#95,#87,#97,.T.);
#95 = VERTEX_POINT('',#96);
#96 = CARTESIAN_POINT('',(-0.5,0.25,2.E-02));
#97 = CIRCLE('',#98,2.E-02);
#98 = AXIS2_PLACEMENT_3D('',#99,#100,#101);
#99 = CARTESIAN_POINT('',(-0.5,0.23,2.E-02));
#100 = DIRECTION('',(-1.,0.,0.));
#101 = DIRECTION('',(0.,0.,1.));
#102 = ORIENTED_EDGE('',*,*,#103,.T.);
#103 = EDGE_CURVE('',#95,#104,#106,.T.);
#104 = VERTEX_POINT('',#105);
#105 = CARTESIAN_POINT('',(-0.5,0.25,0.48));
#106 = LINE('',#107,#108);
#107 = CARTESIAN_POINT('',(-0.5,0.25,0.));
#108 = VECTOR('',#109,1.);
#109 = DIRECTION('',(0.,0.,1.));
#110 = ORIENTED_EDGE('',*,*,#111,.T.);
#111 = EDGE_CURVE('',#104,#112,#114,.T.);
#112 = VERTEX_POINT('',#113);
#113 = CARTESIAN_POINT('',(-0.5,0.23,0.5));
#114 = CIRCLE('',#115,2.E-02);
#115 = AXIS2_PLACEMENT_3D('',#116,#117,#118);
#116 = CARTESIAN_POINT('',(-0.5,0.23,0.48));
#117 = DIRECTION('',(1.,0.,-0.));
#118 = DIRECTION('',(0.,0.,1.));
#119 = ORIENTED_EDGE('',*,*,#120,.F.);
#120 = EDGE_CURVE('',#121,#112,#123,.T.);
#121 = VERTEX_POINT('',#122);
#122 = CARTESIAN_POINT('',(-0.5,-0.23,0.5));
#123 = LINE('',#124,#125);
#124 = CARTESIAN_POINT('',(-0.5,-0.25,0.5));
#125 = VECTOR('',#126,1.);
#126 = DIRECTION('',(0.,1.,0.));
#127 = ORIENTED_EDGE('',*,*,#128,.F.);
#128 = EDGE_CURVE('',#70,#121,#129,.T.);
#129 = CIRCLE('',#130,2.E-02);
#130 = AXIS2_PLACEMENT_3D('',#131,#132,#133);
#131 = CARTESIAN_POINT('',(-0.5,-0.23,0.48));
#132 = DIRECTION('',(-1.,0.,0.));
#133 = DIRECTION('',(0.,0.,1.));
#134 = PLANE('',#135);
#135 = AXIS2_PLACEMENT_3D('',#136,#137,#138);
#136 = CARTESIAN_POINT('',(-0.5,-0.25,0.));
#137 = DIRECTION('',(1.,0.,0.));
#138 = DIRECTION('',(0.,0.,1.));
#139 = ADVANCED_FACE('',(#140),#165,.F.);
#140 = FACE_BOUND('',#141,.F.);
#141 = EDGE_LOOP('',(#142,#152,#158,#159));
#142 = ORIENTED_EDGE('',*,*,#143,.F.);
#143 = EDGE_CURVE('',#144,#146,#148,.T.);
#144 = VERTEX_POINT('',#145);
#145 = CARTESIAN_POINT('',(-0.3,-0.25,2.E-02));
#146 = VERTEX_POINT('',#147);
#147 = CARTESIAN_POINT('',(-0.3,-0.25,0.48));
#148 = LINE('',#149,#150);
#149 = CARTESIAN_POINT('',(-0.3,-0.25,0.));
#150 = VECTOR('',#151,1.);
#151 = DIRECTION('',(0.,0.,1.));
#152 = ORIENTED_EDGE('',*,*,#153,.F.);
#153 = EDGE_CURVE('',#68,#144,#154,.T.);
#154 = LINE('',#155,#156);
#155 = CARTESIAN_POINT('',(-0.5,-0.25,2.E-02));
#156 = VECTOR('',#157,1.);
#157 = DIRECTION('',(1.,0.,0.));
#158 = ORIENTED_EDGE('',*,*,#67,.T.);
#159 = ORIENTED_EDGE('',*,*,#160,.T.);
#160 = EDGE_CURVE('',#70,#146,#161,.T.);
#161 = LINE('',#162,#163);
#162 = CARTESIAN_POINT('',(-0.5,-0.25,0.48));
#163 = VECTOR('',#164,1.);
#164 = DIRECTION('',(1.,0.,0.));
#165 = PLANE('',#166);
#166 = AXIS2_PLACEMENT_3D('',#167,#168,#169);
#167 = CARTESIAN_POINT('',(-0.5,-0.25,0.));
#168 = DIRECTION('',(0.,1.,0.));
#169 = DIRECTION('',(0.,-0.,1.));
#170 = ADVANCED_FACE('',(#171),#190,.T.);
#171 = FACE_BOUND('',#172,.T.);
#172 = EDGE_LOOP('',(#173,#174,#182,#189));
#173 = ORIENTED_EDGE('',*,*,#77,.T.);
#174 = ORIENTED_EDGE('',*,*,#175,.T.);
#175 = EDGE_CURVE('',#78,#176,#178,.T.);
#176 = VERTEX_POINT('',#177);
#177 = CARTESIAN_POINT('',(-0.3,-0.23,0.));
#178 = LINE('',#179,#180);
#179 = CARTESIAN_POINT('',(-0.5,-0.23,0.));
#180 = VECTOR('',#181,1.);
#181 = DIRECTION('',(1.,0.,0.));
#182 = ORIENTED_EDGE('',*,*,#183,.F.);
#183 = EDGE_CURVE('',#144,#176,#184,.T.);
#184 = CIRCLE('',#185,2.E-02);
#185 = AXIS2_PLACEMENT_3D('',#186,#187,#188);
#186 = CARTESIAN_POINT('',(-0.3,-0.23,2.E-02));
#187 = DIRECTION('',(1.,0.,-0.));
#188 = DIRECTION('',(0.,0.,1.));
#189 = ORIENTED_EDGE('',*,*,#153,.F.);
#190 = CYLINDRICAL_SURFACE('',#191,2.E-02);
#191 = AXIS2_PLACEMENT_3D('',#192,#193,#194);
#192 = CARTESIAN_POINT('',(-0.5,-0.23,2.E-02));
#193 = DIRECTION('',(1.,0.,0.));
#194 = DIRECTION('',(0.,-1.,0.));
#195 = ADVANCED_FACE('',(#196),#215,.T.);
#196 = FACE_BOUND('',#197,.T.);
#197 = EDGE_LOOP('',(#198,#199,#208,#214));
#198 = ORIENTED_EDGE('',*,*,#160,.T.);
#199 = ORIENTED_EDGE('',*,*,#200,.T.);
#200 = EDGE_CURVE('',#146,#201,#203,.T.);
#201 = VERTEX_POINT('',#202);
#202 = CARTESIAN_POINT('',(-0.3,-0.23,0.5));
#203 = CIRCLE('',#204,2.E-02);
#204 = AXIS2_PLACEMENT_3D('',#205,#206,#207);
#205 = CARTESIAN_POINT('',(-0.3,-0.23,0.48));
#206 = DIRECTION('',(-1.,0.,0.));
#207 = DIRECTION('',(0.,0.,1.));
#208 = ORIENTED_EDGE('',*,*,#209,.F.);
#209 = EDGE_CURVE('',#121,#201,#210,.T.);
#210 = LINE('',#211,#212);
#211 = CARTESIAN_POINT('',(-0.5,-0.23,0.5));
#212 = VECTOR('',#213,1.);
#213 = DIRECTION('',(1.,0.,0.));
#214 = ORIENTED_EDGE('',*,*,#128,.F.);
#215 = CYLINDRICAL_SURFACE('',#216,2.E-02);
#216 = AXIS2_PLACEMENT_3D('',#217,#218,#219);
#217 = CARTESIAN_POINT('',(-0.5,-0.23,0.48));
#218 = DIRECTION('',(1.,0.,0.));
#219 = DIRECTION('',(0.,-1.,0.));
#220 = ADVANCED_FACE('',(#221),#239,.F.);
#221 = FACE_BOUND('',#222,.F.);
#222 = EDGE_LOOP('',(#223,#224,#225,#233));
#223 = ORIENTED_EDGE('',*,*,#86,.F.);
#224 = ORIENTED_EDGE('',*,*,#175,.T.);
#225 = ORIENTED_EDGE('',*,*,#226,.T.);
#226 = EDGE_CURVE('',#176,#227,#229,.T.);
#227 = VERTEX_POINT('',#228);
#228 = CARTESIAN_POINT('',(-0.3,0.23,0.));
#229 = LINE('',#230,#231);
#230 = CARTESIAN_POINT('',(-0.3,-0.25,0.));
#231 = VECTOR('',#232,1.);
#232 = DIRECTION('',(0.,1.,0.));
#233 = ORIENTED_EDGE('',*,*,#234,.F.);
#234 = EDGE_CURVE('',#87,#227,#235,.T.);
#235 = LINE('',#236,#237);
#236 = CARTESIAN_POINT('',(-0.5,0.23,0.));
#237 = VECTOR('',#238,1.);
#238 = DIRECTION('',(1.,0.,0.));
#239 = PLANE('',#240);
#240 = AXIS2_PLACEMENT_3D('',#241,#242,#243);
#241 = CARTESIAN_POINT('',(-0.5,-0.25,0.));
#242 = DIRECTION('',(0.,0.,1.));
#243 = DIRECTION('',(1.,0.,-0.));
#244 = ADVANCED_FACE('',(#245),#263,.T.);
#245 = FACE_BOUND('',#246,.T.);
#246 = EDGE_LOOP('',(#247,#248,#249,#257));
#247 = ORIENTED_EDGE('',*,*,#120,.F.);
#248 = ORIENTED_EDGE('',*,*,#209,.T.);
#249 = ORIENTED_EDGE('',*,*,#250,.T.);
#250 = EDGE_CURVE('',#201,#251,#253,.T.);
#251 = VERTEX_POINT('',#252);
#252 = CARTESIAN_POINT('',(-0.3,0.23,0.5));
#253 = LINE('',#254,#255);
#254 = CARTESIAN_POINT('',(-0.3,-0.25,0.5));
#255 = VECTOR('',#256,1.);
#256 = DIRECTION('',(0.,1.,0.));
#257 = ORIENTED_EDGE('',*,*,#258,.F.);
#258 = EDGE_CURVE('',#112,#251,#259,.T.);
#259 = LINE('',#260,#261);
#260 = CARTESIAN_POINT('',(-0.5,0.23,0.5));
#261 = VECTOR('',#262,1.);
#262 = DIRECTION('',(1.,0.,0.));
#263 = PLANE('',#264);
#264 = AXIS2_PLACEMENT_3D('',#265,#266,#267);
#265 = CARTESIAN_POINT('',(-0.5,-0.25,0.5));
#266 = DIRECTION('',(0.,0.,1.));
#267 = DIRECTION('',(1.,0.,-0.));
#268 = ADVANCED_FACE('',(#269),#288,.T.);
#269 = FACE_BOUND('',#270,.T.);
#270 = EDGE_LOOP('',(#271,#279,#286,#287));
#271 = ORIENTED_EDGE('',*,*,#272,.T.);
#272 = EDGE_CURVE('',#95,#273,#275,.T.);
#273 = VERTEX_POINT('',#274);
#274 = CARTESIAN_POINT('',(-0.3,0.25,2.E-02));
#275 = LINE('',#276,#277);
#276 = CARTESIAN_POINT('',(-0.5,0.25,2.E-02));
#277 = VECTOR('',#278,1.);
#278 = DIRECTION('',(1.,0.,0.));
#279 = ORIENTED_EDGE('',*,*,#280,.T.);
#280 = EDGE_CURVE('',#273,#227,#281,.T.);
#281 = CIRCLE('',#282,2.E-02);
#282 = AXIS2_PLACEMENT_3D('',#283,#284,#285);
#283 = CARTESIAN_POINT('',(-0.3,0.23,2.E-02));
#284 = DIRECTION('',(-1.,0.,0.));
#285 = DIRECTION('',(0.,0.,1.));
#286 = ORIENTED_EDGE('',*,*,#234,.F.);
#287 = ORIENTED_EDGE('',*,*,#94,.F.);
#288 = CYLINDRICAL_SURFACE('',#289,2.E-02);
#289 = AXIS2_PLACEMENT_3D('',#290,#291,#292);
#290 = CARTESIAN_POINT('',(-0.5,0.23,2.E-02));
#291 = DIRECTION('',(1.,0.,0.));
#292 = DIRECTION('',(-0.,1.,0.));
#293 = ADVANCED_FACE('',(#294),#313,.T.);
#294 = FACE_BOUND('',#295,.T.);
#295 = EDGE_LOOP('',(#296,#297,#298,#307));
#296 = ORIENTED_EDGE('',*,*,#111,.T.);
#297 = ORIENTED_EDGE('',*,*,#258,.T.);
#298 = ORIENTED_EDGE('',*,*,#299,.F.);
#299 = EDGE_CURVE('',#300,#251,#302,.T.);
#300 = VERTEX_POINT('',#301);
#301 = CARTESIAN_POINT('',(-0.3,0.25,0.48));
#302 = CIRCLE('',#303,2.E-02);
#303 = AXIS2_PLACEMENT_3D('',#304,#305,#306);
#304 = CARTESIAN_POINT('',(-0.3,0.23,0.48));
#305 = DIRECTION('',(1.,0.,-0.));
#306 = DIRECTION('',(0.,0.,1.));
#307 = ORIENTED_EDGE('',*,*,#308,.F.);
#308 = EDGE_CURVE('',#104,#300,#309,.T.);
#309 = LINE('',#310,#311);
#310 = CARTESIAN_POINT('',(-0.5,0.25,0.48));
#311 = VECTOR('',#312,1.);
#312 = DIRECTION('',(1.,0.,0.));
#313 = CYLINDRICAL_SURFACE('',#314,2.E-02);
#314 = AXIS2_PLACEMENT_3D('',#315,#316,#317);
#315 = CARTESIAN_POINT('',(-0.5,0.23,0.48));
#316 = DIRECTION('',(1.,0.,0.));
#317 = DIRECTION('',(-0.,1.,0.));
#318 = ADVANCED_FACE('',(#319),#330,.T.);
#319 = FACE_BOUND('',#320,.T.);
#320 = EDGE_LOOP('',(#321,#327,#328,#329));
#321 = ORIENTED_EDGE('',*,*,#322,.F.);
#322 = EDGE_CURVE('',#273,#300,#323,.T.);
#323 = LINE('',#324,#325);
#324 = CARTESIAN_POINT('',(-0.3,0.25,0.));
#325 = VECTOR('',#326,1.);
#326 = DIRECTION('',(0.,0.,1.));
#327 = ORIENTED_EDGE('',*,*,#272,.F.);
#328 = ORIENTED_EDGE('',*,*,#103,.T.);
#329 = ORIENTED_EDGE('',*,*,#308,.T.);
#330 = PLANE('',#331);
#331 = AXIS2_PLACEMENT_3D('',#332,#333,#334);
#332 = CARTESIAN_POINT('',(-0.5,0.25,0.));
#333 = DIRECTION('',(0.,1.,0.));
#334 = DIRECTION('',(0.,-0.,1.));
#335 = ADVANCED_FACE('',(#336,#346),#416,.T.);
#336 = FACE_BOUND('',#337,.T.);
#337 = EDGE_LOOP('',(#338,#339,#340,#341,#342,#343,#344,#345));
#338 = ORIENTED_EDGE('',*,*,#143,.F.);
#339 = ORIENTED_EDGE('',*,*,#183,.T.);
#340 = ORIENTED_EDGE('',*,*,#226,.T.);
#341 = ORIENTED_EDGE('',*,*,#280,.F.);
#342 = ORIENTED_EDGE('',*,*,#322,.T.);
#343 = ORIENTED_EDGE('',*,*,#299,.T.);
#344 = ORIENTED_EDGE('',*,*,#250,.F.);
#345 = ORIENTED_EDGE('',*,*,#200,.F.);
#346 = FACE_BOUND('',#347,.T.);
#347 = EDGE_LOOP('',(#348,#359,#367,#376,#384,#393,#401,#410));
#348 = ORIENTED_EDGE('',*,*,#349,.F.);
#349 = EDGE_CURVE('',#350,#352,#354,.T.);
#350 = VERTEX_POINT('',#351);
#351 = CARTESIAN_POINT('',(-0.3,-0.23,4.E-02));
#352 = VERTEX_POINT('',#353);
#353 = CARTESIAN_POINT('',(-0.3,-0.21,2.E-02));
#354 = CIRCLE('',#355,2.E-02);
#355 = AXIS2_PLACEMENT_3D('',#356,#357,#358);
#356 = CARTESIAN_POINT('',(-0.3,-0.21,4.E-02));
#357 = DIRECTION('',(1.,0.,-0.));
#358 = DIRECTION('',(0.,0.,1.));
#359 = ORIENTED_EDGE('',*,*,#360,.T.);
#360 = EDGE_CURVE('',#350,#361,#363,.T.);
#361 = VERTEX_POINT('',#362);
#362 = CARTESIAN_POINT('',(-0.3,-0.23,0.46));
#363 = LINE('',#364,#365);
#364 = CARTESIAN_POINT('',(-0.3,-0.23,2.E-02));
#365 = VECTOR('',#366,1.);
#366 = DIRECTION('',(0.,0.,1.));
#367 = ORIENTED_EDGE('',*,*,#368,.T.);
#368 = EDGE_CURVE('',#361,#369,#371,.T.);
#369 = VERTEX_POINT('',#370);
#370 = CARTESIAN_POINT('',(-0.3,-0.21,0.48));
#371 = CIRCLE('',#372,2.E-02);
#372 = AXIS2_PLACEMENT_3D('',#373,#374,#375);
#373 = CARTESIAN_POINT('',(-0.3,-0.21,0.46));
#374 = DIRECTION('',(-1.,0.,0.));
#375 = DIRECTION('',(0.,0.,1.));
#376 = ORIENTED_EDGE('',*,*,#377,.T.);
#377 = EDGE_CURVE('',#369,#378,#380,.T.);
#378 = VERTEX_POINT('',#379);
#379 = CARTESIAN_POINT('',(-0.3,0.21,0.48));
#380 = LINE('',#381,#382);
#381 = CARTESIAN_POINT('',(-0.3,-0.23,0.48));
#382 = VECTOR('',#383,1.);
#383 = DIRECTION('',(0.,1.,0.));
#384 = ORIENTED_EDGE('',*,*,#385,.F.);
#385 = EDGE_CURVE('',#386,#378,#388,.T.);
#386 = VERTEX_POINT('',#387);
#387 = CARTESIAN_POINT('',(-0.3,0.23,0.46));
#388 = CIRCLE('',#389,2.E-02);
#389 = AXIS2_PLACEMENT_3D('',#390,#391,#392);
#390 = CARTESIAN_POINT('',(-0.3,0.21,0.46));
#391 = DIRECTION('',(1.,0.,-0.));
#392 = DIRECTION('',(0.,0.,1.));
#393 = ORIENTED_EDGE('',*,*,#394,.F.);
#394 = EDGE_CURVE('',#395,#386,#397,.T.);
#395 = VERTEX_POINT('',#396);
#396 = CARTESIAN_POINT('',(-0.3,0.23,4.E-02));
#397 = LINE('',#398,#399);
#398 = CARTESIAN_POINT('',(-0.3,0.23,2.E-02));
#399 = VECTOR('',#400,1.);
#400 = DIRECTION('',(0.,0.,1.));
#401 = ORIENTED_EDGE('',*,*,#402,.T.);
#402 = EDGE_CURVE('',#395,#403,#405,.T.);
#403 = VERTEX_POINT('',#404);
#404 = CARTESIAN_POINT('',(-0.3,0.21,2.E-02));
#405 = CIRCLE('',#406,2.E-02);
#406 = AXIS2_PLACEMENT_3D('',#407,#408,#409);
#407 = CARTESIAN_POINT('',(-0.3,0.21,4.E-02));
#408 = DIRECTION('',(-1.,0.,0.));
#409 = DIRECTION('',(0.,0.,1.));
#410 = ORIENTED_EDGE('',*,*,#411,.F.);
#411 = EDGE_CURVE('',#352,#403,#412,.T.);
#412 = LINE('',#413,#414);
#413 = CARTESIAN_POINT('',(-0.3,-0.23,2.E-02));
#414 = VECTOR('',#415,1.);
#415 = DIRECTION('',(0.,1.,0.));
#416 = PLANE('',#417);
#417 = AXIS2_PLACEMENT_3D('',#418,#419,#420);
#418 = CARTESIAN_POINT('',(-0.3,-0.25,0.));
#419 = DIRECTION('',(1.,0.,0.));
#420 = DIRECTION('',(0.,0.,1.));
#421 = ADVANCED_FACE('',(#422),#448,.T.);
#422 = FACE_BOUND('',#423,.T.);
#423 = EDGE_LOOP('',(#424,#425,#433,#442));
#424 = ORIENTED_EDGE('',*,*,#349,.T.);
#425 = ORIENTED_EDGE('',*,*,#426,.T.);
#426 = EDGE_CURVE('',#352,#427,#429,.T.);
#427 = VERTEX_POINT('',#428);
#428 = CARTESIAN_POINT('',(0.3,-0.21,2.E-02));
#429 = LINE('',#430,#431);
#430 = CARTESIAN_POINT('',(-0.3,-0.21,2.E-02));
#431 = VECTOR('',#432,1.);
#432 = DIRECTION('',(1.,0.,0.));
#433 = ORIENTED_EDGE('',*,*,#434,.F.);
#434 = EDGE_CURVE('',#435,#427,#437,.T.);
#435 = VERTEX_POINT('',#436);
#436 = CARTESIAN_POINT('',(0.3,-0.23,4.E-02));
#437 = CIRCLE('',#438,2.E-02);
#438 = AXIS2_PLACEMENT_3D('',#439,#440,#441);
#439 = CARTESIAN_POINT('',(0.3,-0.21,4.E-02));
#440 = DIRECTION('',(1.,0.,-0.));
#441 = DIRECTION('',(0.,0.,1.));
#442 = ORIENTED_EDGE('',*,*,#443,.F.);
#443 = EDGE_CURVE('',#350,#435,#444,.T.);
#444 = LINE('',#445,#446);
#445 = CARTESIAN_POINT('',(-0.3,-0.23,4.E-02));
#446 = VECTOR('',#447,1.);
#447 = DIRECTION('',(1.,0.,0.));
#448 = CYLINDRICAL_SURFACE('',#449,2.E-02);
#449 = AXIS2_PLACEMENT_3D('',#450,#451,#452);
#450 = CARTESIAN_POINT('',(-0.3,-0.21,4.E-02));
#451 = DIRECTION('',(1.,0.,0.));
#452 = DIRECTION('',(0.,-1.,0.));
#453 = ADVANCED_FACE('',(#454),#472,.F.);
#454 = FACE_BOUND('',#455,.F.);
#455 = EDGE_LOOP('',(#456,#457,#458,#466));
#456 = ORIENTED_EDGE('',*,*,#411,.F.);
#457 = ORIENTED_EDGE('',*,*,#426,.T.);
#458 = ORIENTED_EDGE('',*,*,#459,.T.);
#459 = EDGE_CURVE('',#427,#460,#462,.T.);
#460 = VERTEX_POINT('',#461);
#461 = CARTESIAN_POINT('',(0.3,0.21,2.E-02));
#462 = LINE('',#463,#464);
#463 = CARTESIAN_POINT('',(0.3,-0.23,2.E-02));
#464 = VECTOR('',#465,1.);
#465 = DIRECTION('',(0.,1.,0.));
#466 = ORIENTED_EDGE('',*,*,#467,.F.);
#467 = EDGE_CURVE('',#403,#460,#468,.T.);
#468 = LINE('',#469,#470);
#469 = CARTESIAN_POINT('',(-0.3,0.21,2.E-02));
#470 = VECTOR('',#471,1.);
#471 = DIRECTION('',(1.,0.,0.));
#472 = PLANE('',#473);
#473 = AXIS2_PLACEMENT_3D('',#474,#475,#476);
#474 = CARTESIAN_POINT('',(-0.3,-0.23,2.E-02));
#475 = DIRECTION('',(0.,0.,1.));
#476 = DIRECTION('',(1.,0.,-0.));
#477 = ADVANCED_FACE('',(#478),#497,.T.);
#478 = FACE_BOUND('',#479,.T.);
#479 = EDGE_LOOP('',(#480,#488,#495,#496));
#480 = ORIENTED_EDGE('',*,*,#481,.T.);
#481 = EDGE_CURVE('',#395,#482,#484,.T.);
#482 = VERTEX_POINT('',#483);
#483 = CARTESIAN_POINT('',(0.3,0.23,4.E-02));
#484 = LINE('',#485,#486);
#485 = CARTESIAN_POINT('',(-0.3,0.23,4.E-02));
#486 = VECTOR('',#487,1.);
#487 = DIRECTION('',(1.,0.,0.));
#488 = ORIENTED_EDGE('',*,*,#489,.T.);
#489 = EDGE_CURVE('',#482,#460,#490,.T.);
#490 = CIRCLE('',#491,2.E-02);
#491 = AXIS2_PLACEMENT_3D('',#492,#493,#494);
#492 = CARTESIAN_POINT('',(0.3,0.21,4.E-02));
#493 = DIRECTION('',(-1.,0.,0.));
#494 = DIRECTION('',(0.,0.,1.));
#495 = ORIENTED_EDGE('',*,*,#467,.F.);
#496 = ORIENTED_EDGE('',*,*,#402,.F.);
#497 = CYLINDRICAL_SURFACE('',#498,2.E-02);
#498 = AXIS2_PLACEMENT_3D('',#499,#500,#501);
#499 = CARTESIAN_POINT('',(-0.3,0.21,4.E-02));
#500 = DIRECTION('',(1.,0.,0.));
#501 = DIRECTION('',(-0.,1.,0.));
#502 = ADVANCED_FACE('',(#503),#521,.T.);
#503 = FACE_BOUND('',#504,.T.);
#504 = EDGE_LOOP('',(#505,#513,#514,#515));
#505 = ORIENTED_EDGE('',*,*,#506,.F.);
#506 = EDGE_CURVE('',#482,#507,#509,.T.);
#507 = VERTEX_POINT('',#508);
#508 = CARTESIAN_POINT('',(0.3,0.23,0.46));
#509 = LINE('',#510,#511);
#510 = CARTESIAN_POINT('',(0.3,0.23,2.E-02));
#511 = VECTOR('',#512,1.);
#512 = DIRECTION('',(0.,0.,1.));
#513 = ORIENTED_EDGE('',*,*,#481,.F.);
#514 = ORIENTED_EDGE('',*,*,#394,.T.);
#515 = ORIENTED_EDGE('',*,*,#516,.T.);
#516 = EDGE_CURVE('',#386,#507,#517,.T.);
#517 = LINE('',#518,#519);
#518 = CARTESIAN_POINT('',(-0.3,0.23,0.46));
#519 = VECTOR('',#520,1.);
#520 = DIRECTION('',(1.,0.,0.));
#521 = PLANE('',#522);
#522 = AXIS2_PLACEMENT_3D('',#523,#524,#525);
#523 = CARTESIAN_POINT('',(-0.3,0.23,2.E-02));
#524 = DIRECTION('',(0.,1.,0.));
#525 = DIRECTION('',(0.,-0.,1.));
#526 = ADVANCED_FACE('',(#527),#546,.T.);
#527 = FACE_BOUND('',#528,.T.);
#528 = EDGE_LOOP('',(#529,#530,#538,#545));
#529 = ORIENTED_EDGE('',*,*,#385,.T.);
#530 = ORIENTED_EDGE('',*,*,#531,.T.);
#531 = EDGE_CURVE('',#378,#532,#534,.T.);
#532 = VERTEX_POINT('',#533);
#533 = CARTESIAN_POINT('',(0.3,0.21,0.48));
#534 = LINE('',#535,#536);
#535 = CARTESIAN_POINT('',(-0.3,0.21,0.48));
#536 = VECTOR('',#537,1.);
#537 = DIRECTION('',(1.,0.,0.));
#538 = ORIENTED_EDGE('',*,*,#539,.F.);
#539 = EDGE_CURVE('',#507,#532,#540,.T.);
#540 = CIRCLE('',#541,2.E-02);
#541 = AXIS2_PLACEMENT_3D('',#542,#543,#544);
#542 = CARTESIAN_POINT('',(0.3,0.21,0.46));
#543 = DIRECTION('',(1.,0.,-0.));
#544 = DIRECTION('',(0.,0.,1.));
#545 = ORIENTED_EDGE('',*,*,#516,.F.);
#546 = CYLINDRICAL_SURFACE('',#547,2.E-02);
#547 = AXIS2_PLACEMENT_3D('',#548,#549,#550);
#548 = CARTESIAN_POINT('',(-0.3,0.21,0.46));
#549 = DIRECTION('',(1.,0.,0.));
#550 = DIRECTION('',(-0.,1.,0.));
#551 = ADVANCED_FACE('',(#552),#570,.T.);
#552 = FACE_BOUND('',#553,.T.);
#553 = EDGE_LOOP('',(#554,#555,#563,#569));
#554 = ORIENTED_EDGE('',*,*,#377,.F.);
#555 = ORIENTED_EDGE('',*,*,#556,.T.);
#556 = EDGE_CURVE('',#369,#557,#559,.T.);
#557 = VERTEX_POINT('',#558);
#558 = CARTESIAN_POINT('',(0.3,-0.21,0.48));
#559 = LINE('',#560,#561);
#560 = CARTESIAN_POINT('',(-0.3,-0.21,0.48));
#561 = VECTOR('',#562,1.);
#562 = DIRECTION('',(1.,0.,0.));
#563 = ORIENTED_EDGE('',*,*,#564,.T.);
#564 = EDGE_CURVE('',#557,#532,#565,.T.);
#565 = LINE('',#566,#567);
#566 = CARTESIAN_POINT('',(0.3,-0.23,0.48));
#567 = VECTOR('',#568,1.);
#568 = DIRECTION('',(0.,1.,0.));
#569 = ORIENTED_EDGE('',*,*,#531,.F.);
#570 = PLANE('',#571);
#571 = AXIS2_PLACEMENT_3D('',#572,#573,#574);
#572 = CARTESIAN_POINT('',(-0.3,-0.23,0.48));
#573 = DIRECTION('',(0.,0.,1.));
#574 = DIRECTION('',(1.,0.,-0.));
#575 = ADVANCED_FACE('',(#576),#595,.T.);
#576 = FACE_BOUND('',#577,.T.);
#577 = EDGE_LOOP('',(#578,#586,#593,#594));
#578 = ORIENTED_EDGE('',*,*,#579,.T.);
#579 = EDGE_CURVE('',#361,#580,#582,.T.);
#580 = VERTEX_POINT('',#581);
#581 = CARTESIAN_POINT('',(0.3,-0.23,0.46));
#582 = LINE('',#583,#584);
#583 = CARTESIAN_POINT('',(-0.3,-0.23,0.46));
#584 = VECTOR('',#585,1.);
#585 = DIRECTION('',(1.,0.,0.));
#586 = ORIENTED_EDGE('',*,*,#587,.T.);
#587 = EDGE_CURVE('',#580,#557,#588,.T.);
#588 = CIRCLE('',#589,2.E-02);
#589 = AXIS2_PLACEMENT_3D('',#590,#591,#592);
#590 = CARTESIAN_POINT('',(0.3,-0.21,0.46));
#591 = DIRECTION('',(-1.,0.,0.));
#592 = DIRECTION('',(0.,0.,1.));
#593 = ORIENTED_EDGE('',*,*,#556,.F.);
#594 = ORIENTED_EDGE('',*,*,#368,.F.);
#595 = CYLINDRICAL_SURFACE('',#596,2.E-02);
#596 = AXIS2_PLACEMENT_3D('',#597,#598,#599);
#597 = CARTESIAN_POINT('',(-0.3,-0.21,0.46));
#598 = DIRECTION('',(1.,0.,0.));
#599 = DIRECTION('',(0.,-1.,0.));
#600 = ADVANCED_FACE('',(#601),#612,.F.);
#601 = FACE_BOUND('',#602,.F.);
#602 = EDGE_LOOP('',(#603,#609,#610,#611));
#603 = ORIENTED_EDGE('',*,*,#604,.F.);
#604 = EDGE_CURVE('',#435,#580,#605,.T.);
#605 = LINE('',#606,#607);
#606 = CARTESIAN_POINT('',(0.3,-0.23,2.E-02));
#607 = VECTOR('',#608,1.);
#608 = DIRECTION('',(0.,0.,1.));
#609 = ORIENTED_EDGE('',*,*,#443,.F.);
#610 = ORIENTED_EDGE('',*,*,#360,.T.);
#611 = ORIENTED_EDGE('',*,*,#579,.T.);
#612 = PLANE('',#613);
#613 = AXIS2_PLACEMENT_3D('',#614,#615,#616);
#614 = CARTESIAN_POINT('',(-0.3,-0.23,2.E-02));
#615 = DIRECTION('',(0.,1.,0.));
#616 = DIRECTION('',(0.,-0.,1.));
#617 = ADVANCED_FACE('',(#618,#688),#698,.F.);
#618 = FACE_BOUND('',#619,.F.);
#619 = EDGE_LOOP('',(#620,#630,#639,#647,#656,#664,#673,#681));
#620 = ORIENTED_EDGE('',*,*,#621,.F.);
#621 = EDGE_CURVE('',#622,#624,#626,.T.);
#622 = VERTEX_POINT('',#623);
#623 = CARTESIAN_POINT('',(0.3,-0.25,2.E-02));
#624 = VERTEX_POINT('',#625);
#625 = CARTESIAN_POINT('',(0.3,-0.25,0.48));
#626 = LINE('',#627,#628);
#627 = CARTESIAN_POINT('',(0.3,-0.25,0.));
#628 = VECTOR('',#629,1.);
#629 = DIRECTION('',(0.,0.,1.));
#630 = ORIENTED_EDGE('',*,*,#631,.T.);
#631 = EDGE_CURVE('',#622,#632,#634,.T.);
#632 = VERTEX_POINT('',#633);
#633 = CARTESIAN_POINT('',(0.3,-0.23,0.));
#634 = CIRCLE('',#635,2.E-02);
#635 = AXIS2_PLACEMENT_3D('',#636,#637,#638);
#636 = CARTESIAN_POINT('',(0.3,-0.23,2.E-02));
#637 = DIRECTION('',(1.,0.,-0.));
#638 = DIRECTION('',(0.,0.,1.));
#639 = ORIENTED_EDGE('',*,*,#640,.T.);
#640 = EDGE_CURVE('',#632,#641,#643,.T.);
#641 = VERTEX_POINT('',#642);
#642 = CARTESIAN_POINT('',(0.3,0.23,0.));
#643 = LINE('',#644,#645);
#644 = CARTESIAN_POINT('',(0.3,-0.25,0.));
#645 = VECTOR('',#646,1.);
#646 = DIRECTION('',(0.,1.,0.));
#647 = ORIENTED_EDGE('',*,*,#648,.F.);
#648 = EDGE_CURVE('',#649,#641,#651,.T.);
#649 = VERTEX_POINT('',#650);
#650 = CARTESIAN_POINT('',(0.3,0.25,2.E-02));
#651 = CIRCLE('',#652,2.E-02);
#652 = AXIS2_PLACEMENT_3D('',#653,#654,#655);
#653 = CARTESIAN_POINT('',(0.3,0.23,2.E-02));
#654 = DIRECTION('',(-1.,0.,0.));
#655 = DIRECTION('',(0.,0.,1.));
#656 = ORIENTED_EDGE('',*,*,#657,.T.);
#657 = EDGE_CURVE('',#649,#658,#660,.T.);
#658 = VERTEX_POINT('',#659);
#659 = CARTESIAN_POINT('',(0.3,0.25,0.48));
#660 = LINE('',#661,#662);
#661 = CARTESIAN_POINT('',(0.3,0.25,0.));
#662 = VECTOR('',#663,1.);
#663 = DIRECTION('',(0.,0.,1.));
#664 = ORIENTED_EDGE('',*,*,#665,.T.);
#665 = EDGE_CURVE('',#658,#666,#668,.T.);
#666 = VERTEX_POINT('',#667);
#667 = CARTESIAN_POINT('',(0.3,0.23,0.5));
#668 = CIRCLE('',#669,2.E-02);
#669 = AXIS2_PLACEMENT_3D('',#670,#671,#672);
#670 = CARTESIAN_POINT('',(0.3,0.23,0.48));
#671 = DIRECTION('',(1.,0.,-0.));
#672 = DIRECTION('',(0.,0.,1.));
#673 = ORIENTED_EDGE('',*,*,#674,.F.);
#674 = EDGE_CURVE('',#675,#666,#677,.T.);
#675 = VERTEX_POINT('',#676);
#676 = CARTESIAN_POINT('',(0.3,-0.23,0.5));
#677 = LINE('',#678,#679);
#678 = CARTESIAN_POINT('',(0.3,-0.25,0.5));
#679 = VECTOR('',#680,1.);
#680 = DIRECTION('',(0.,1.,0.));
#681 = ORIENTED_EDGE('',*,*,#682,.F.);
#682 = EDGE_CURVE('',#624,#675,#683,.T.);
#683 = CIRCLE('',#684,2.E-02);
#684 = AXIS2_PLACEMENT_3D('',#685,#686,#687);
#685 = CARTESIAN_POINT('',(0.3,-0.23,0.48));
#686 = DIRECTION('',(-1.,0.,0.));
#687 = DIRECTION('',(0.,0.,1.));
#688 = FACE_BOUND('',#689,.F.);
#689 = EDGE_LOOP('',(#690,#691,#692,#693,#694,#695,#696,#697));
#690 = ORIENTED_EDGE('',*,*,#434,.F.);
#691 = ORIENTED_EDGE('',*,*,#604,.T.);
#692 = ORIENTED_EDGE('',*,*,#587,.T.);
#693 = ORIENTED_EDGE('',*,*,#564,.T.);
#694 = ORIENTED_EDGE('',*,*,#539,.F.);
#695 = ORIENTED_EDGE('',*,*,#506,.F.);
#696 = ORIENTED_EDGE('',*,*,#489,.T.);
#697 = ORIENTED_EDGE('',*,*,#459,.F.);
#698 = PLANE('',#699);
#699 = AXIS2_PLACEMENT_3D('',#700,#701,#702);
#700 = CARTESIAN_POINT('',(0.3,-0.25,0.));
#701 = DIRECTION('',(1.,0.,0.));
#702 = DIRECTION('',(0.,0.,1.));
#703 = ADVANCED_FACE('',(#704),#729,.F.);
#704 = FACE_BOUND('',#705,.F.);
#705 = EDGE_LOOP('',(#706,#716,#722,#723));
#706 = ORIENTED_EDGE('',*,*,#707,.F.);
#707 = EDGE_CURVE('',#708,#710,#712,.T.);
#708 = VERTEX_POINT('',#709);
#709 = CARTESIAN_POINT('',(0.5,-0.25,2.E-02));
#710 = VERTEX_POINT('',#711);
#711 = CARTESIAN_POINT('',(0.5,-0.25,0.48));
#712 = LINE('',#713,#714);
#713 = CARTESIAN_POINT('',(0.5,-0.25,0.));
#714 = VECTOR('',#715,1.);
#715 = DIRECTION('',(0.,0.,1.));
#716 = ORIENTED_EDGE('',*,*,#717,.F.);
#717 = EDGE_CURVE('',#622,#708,#718,.T.);
#718 = LINE('',#719,#720);
#719 = CARTESIAN_POINT('',(0.3,-0.25,2.E-02));
#720 = VECTOR('',#721,1.);
#721 = DIRECTION('',(1.,0.,0.));
#722 = ORIENTED_EDGE('',*,*,#621,.T.);
#723 = ORIENTED_EDGE('',*,*,#724,.T.);
#724 = EDGE_CURVE('',#624,#710,#725,.T.);
#725 = LINE('',#726,#727);
#726 = CARTESIAN_POINT('',(0.3,-0.25,0.48));
#727 = VECTOR('',#728,1.);
#728 = DIRECTION('',(1.,0.,0.));
#729 = PLANE('',#730);
#730 = AXIS2_PLACEMENT_3D('',#731,#732,#733);
#731 = CARTESIAN_POINT('',(0.3,-0.25,0.));
#732 = DIRECTION('',(0.,1.,0.));
#733 = DIRECTION('',(0.,-0.,1.));
#734 = ADVANCED_FACE('',(#735),#754,.T.);
#735 = FACE_BOUND('',#736,.T.);
#736 = EDGE_LOOP('',(#737,#738,#746,#753));
#737 = ORIENTED_EDGE('',*,*,#631,.T.);
#738 = ORIENTED_EDGE('',*,*,#739,.T.);
#739 = EDGE_CURVE('',#632,#740,#742,.T.);
#740 = VERTEX_POINT('',#741);
#741 = CARTESIAN_POINT('',(0.5,-0.23,0.));
#742 = LINE('',#743,#744);
#743 = CARTESIAN_POINT('',(0.3,-0.23,0.));
#744 = VECTOR('',#745,1.);
#745 = DIRECTION('',(1.,0.,0.));
#746 = ORIENTED_EDGE('',*,*,#747,.F.);
#747 = EDGE_CURVE('',#708,#740,#748,.T.);
#748 = CIRCLE('',#749,2.E-02);
#749 = AXIS2_PLACEMENT_3D('',#750,#751,#752);
#750 = CARTESIAN_POINT('',(0.5,-0.23,2.E-02));
#751 = DIRECTION('',(1.,0.,-0.));
#752 = DIRECTION('',(0.,0.,1.));
#753 = ORIENTED_EDGE('',*,*,#717,.F.);
#754 = CYLINDRICAL_SURFACE('',#755,2.E-02);
#755 = AXIS2_PLACEMENT_3D('',#756,#757,#758);
#756 = CARTESIAN_POINT('',(0.3,-0.23,2.E-02));
#757 = DIRECTION('',(1.,0.,0.));
#758 = DIRECTION('',(0.,-1.,0.));
#759 = ADVANCED_FACE('',(#760),#779,.T.);
#760 = FACE_BOUND('',#761,.T.);
#761 = EDGE_LOOP('',(#762,#763,#772,#778));
#762 = ORIENTED_EDGE('',*,*,#724,.T.);
#763 = ORIENTED_EDGE('',*,*,#764,.T.);
#764 = EDGE_CURVE('',#710,#765,#767,.T.);
#765 = VERTEX_POINT('',#766);
#766 = CARTESIAN_POINT('',(0.5,-0.23,0.5));
#767 = CIRCLE('',#768,2.E-02);
#768 = AXIS2_PLACEMENT_3D('',#769,#770,#771);
#769 = CARTESIAN_POINT('',(0.5,-0.23,0.48));
#770 = DIRECTION('',(-1.,0.,0.));
#771 = DIRECTION('',(0.,0.,1.));
#772 = ORIENTED_EDGE('',*,*,#773,.F.);
#773 = EDGE_CURVE('',#675,#765,#774,.T.);
#774 = LINE('',#775,#776);
#775 = CARTESIAN_POINT('',(0.3,-0.23,0.5));
#776 = VECTOR('',#777,1.);
#777 = DIRECTION('',(1.,0.,0.));
#778 = ORIENTED_EDGE('',*,*,#682,.F.);
#779 = CYLINDRICAL_SURFACE('',#780,2.E-02);
#780 = AXIS2_PLACEMENT_3D('',#781,#782,#783);
#781 = CARTESIAN_POINT('',(0.3,-0.23,0.48));
#782 = DIRECTION('',(1.,0.,0.));
#783 = DIRECTION('',(0.,-1.,0.));
#784 = ADVANCED_FACE('',(#785),#803,.F.);
#785 = FACE_BOUND('',#786,.F.);
#786 = EDGE_LOOP('',(#787,#788,#789,#797));
#787 = ORIENTED_EDGE('',*,*,#640,.F.);
#788 = ORIENTED_EDGE('',*,*,#739,.T.);
#789 = ORIENTED_EDGE('',*,*,#790,.T.);
#790 = EDGE_CURVE('',#740,#791,#793,.T.);
#791 = VERTEX_POINT('',#792);
#792 = CARTESIAN_POINT('',(0.5,0.23,0.));
#793 = LINE('',#794,#795);
#794 = CARTESIAN_POINT('',(0.5,-0.25,0.));
#795 = VECTOR('',#796,1.);
#796 = DIRECTION('',(0.,1.,0.));
#797 = ORIENTED_EDGE('',*,*,#798,.F.);
#798 = EDGE_CURVE('',#641,#791,#799,.T.);
#799 = LINE('',#800,#801);
#800 = CARTESIAN_POINT('',(0.3,0.23,0.));
#801 = VECTOR('',#802,1.);
#802 = DIRECTION('',(1.,0.,0.));
#803 = PLANE('',#804);
#804 = AXIS2_PLACEMENT_3D('',#805,#806,#807);
#805 = CARTESIAN_POINT('',(0.3,-0.25,0.));
#806 = DIRECTION('',(0.,0.,1.));
#807 = DIRECTION('',(1.,0.,-0.));
#808 = ADVANCED_FACE('',(#809),#827,.T.);
#809 = FACE_BOUND('',#810,.T.);
#810 = EDGE_LOOP('',(#811,#812,#813,#821));
#811 = ORIENTED_EDGE('',*,*,#674,.F.);
#812 = ORIENTED_EDGE('',*,*,#773,.T.);
#813 = ORIENTED_EDGE('',*,*,#814,.T.);
#814 = EDGE_CURVE('',#765,#815,#817,.T.);
#815 = VERTEX_POINT('',#816);
#816 = CARTESIAN_POINT('',(0.5,0.23,0.5));
#817 = LINE('',#818,#819);
#818 = CARTESIAN_POINT('',(0.5,-0.25,0.5));
#819 = VECTOR('',#820,1.);
#820 = DIRECTION('',(0.,1.,0.));
#821 = ORIENTED_EDGE('',*,*,#822,.F.);
#822 = EDGE_CURVE('',#666,#815,#823,.T.);
#823 = LINE('',#824,#825);
#824 = CARTESIAN_POINT('',(0.3,0.23,0.5));
#825 = VECTOR('',#826,1.);
#826 = DIRECTION('',(1.,0.,0.));
#827 = PLANE('',#828);
#828 = AXIS2_PLACEMENT_3D('',#829,#830,#831);
#829 = CARTESIAN_POINT('',(0.3,-0.25,0.5));
#830 = DIRECTION('',(0.,0.,1.));
#831 = DIRECTION('',(1.,0.,-0.));
#832 = ADVANCED_FACE('',(#833),#852,.T.);
#833 = FACE_BOUND('',#834,.T.);
#834 = EDGE_LOOP('',(#835,#843,#850,#851));
#835 = ORIENTED_EDGE('',*,*,#836,.T.);
#836 = EDGE_CURVE('',#649,#837,#839,.T.);
#837 = VERTEX_POINT('',#838);
#838 = CARTESIAN_POINT('',(0.5,0.25,2.E-02));
#839 = LINE('',#840,#841);
#840 = CARTESIAN_POINT('',(0.3,0.25,2.E-02));
#841 = VECTOR('',#842,1.);
#842 = DIRECTION('',(1.,0.,0.));
#843 = ORIENTED_EDGE('',*,*,#844,.T.);
#844 = EDGE_CURVE('',#837,#791,#845,.T.);
#845 = CIRCLE('',#846,2.E-02);
#846 = AXIS2_PLACEMENT_3D('',#847,#848,#849);
#847 = CARTESIAN_POINT('',(0.5,0.23,2.E-02));
#848 = DIRECTION('',(-1.,0.,0.));
#849 = DIRECTION('',(0.,0.,1.));
#850 = ORIENTED_EDGE('',*,*,#798,.F.);
#851 = ORIENTED_EDGE('',*,*,#648,.F.);
#852 = CYLINDRICAL_SURFACE('',#853,2.E-02);
#853 = AXIS2_PLACEMENT_3D('',#854,#855,#856);
#854 = CARTESIAN_POINT('',(0.3,0.23,2.E-02));
#855 = DIRECTION('',(1.,0.,0.));
#856 = DIRECTION('',(-0.,1.,0.));
#857 = ADVANCED_FACE('',(#858),#877,.T.);
#858 = FACE_BOUND('',#859,.T.);
#859 = EDGE_LOOP('',(#860,#861,#862,#871));
#860 = ORIENTED_EDGE('',*,*,#665,.T.);
#861 = ORIENTED_EDGE('',*,*,#822,.T.);
#862 = ORIENTED_EDGE('',*,*,#863,.F.);
#863 = EDGE_CURVE('',#864,#815,#866,.T.);
#864 = VERTEX_POINT('',#865);
#865 = CARTESIAN_POINT('',(0.5,0.25,0.48));
#866 = CIRCLE('',#867,2.E-02);
#867 = AXIS2_PLACEMENT_3D('',#868,#869,#870);
#868 = CARTESIAN_POINT('',(0.5,0.23,0.48));
#869 = DIRECTION('',(1.,0.,-0.));
#870 = DIRECTION('',(0.,0.,1.));
#871 = ORIENTED_EDGE('',*,*,#872,.F.);
#872 = EDGE_CURVE('',#658,#864,#873,.T.);
#873 = LINE('',#874,#875);
#874 = CARTESIAN_POINT('',(0.3,0.25,0.48));
#875 = VECTOR('',#876,1.);
#876 = DIRECTION('',(1.,0.,0.));
#877 = CYLINDRICAL_SURFACE('',#878,2.E-02);
#878 = AXIS2_PLACEMENT_3D('',#879,#880,#881);
#879 = CARTESIAN_POINT('',(0.3,0.23,0.48));
#880 = DIRECTION('',(1.,0.,0.));
#881 = DIRECTION('',(-0.,1.,0.));
#882 = ADVANCED_FACE('',(#883),#894,.T.);
#883 = FACE_BOUND('',#884,.T.);
#884 = EDGE_LOOP('',(#885,#891,#892,#893));
#885 = ORIENTED_EDGE('',*,*,#886,.F.);
#886 = EDGE_CURVE('',#837,#864,#887,.T.);
#887 = LINE('',#888,#889);
#888 = CARTESIAN_POINT('',(0.5,0.25,0.));
#889 = VECTOR('',#890,1.);
#890 = DIRECTION('',(0.,0.,1.));
#891 = ORIENTED_EDGE('',*,*,#836,.F.);
#892 = ORIENTED_EDGE('',*,*,#657,.T.);
#893 = ORIENTED_EDGE('',*,*,#872,.T.);
#894 = PLANE('',#895);
#895 = AXIS2_PLACEMENT_3D('',#896,#897,#898);
#896 = CARTESIAN_POINT('',(0.3,0.25,0.));
#897 = DIRECTION('',(0.,1.,0.));
#898 = DIRECTION('',(0.,-0.,1.));
#899 = ADVANCED_FACE('',(#900),#910,.T.);
#900 = FACE_BOUND('',#901,.T.);
#901 = EDGE_LOOP('',(#902,#903,#904,#905,#906,#907,#908,#909));
#902 = ORIENTED_EDGE('',*,*,#707,.F.);
#903 = ORIENTED_EDGE('',*,*,#747,.T.);
#904 = ORIENTED_EDGE('',*,*,#790,.T.);
#905 = ORIENTED_EDGE('',*,*,#844,.F.);
#906 = ORIENTED_EDGE('',*,*,#886,.T.);
#907 = ORIENTED_EDGE('',*,*,#863,.T.);
#908 = ORIENTED_EDGE('',*,*,#814,.F.);
#909 = ORIENTED_EDGE('',*,*,#764,.F.);
#910 = PLANE('',#911);
#911 = AXIS2_PLACEMENT_3D('',#912,#913,#914);
#912 = CARTESIAN_POINT('',(0.5,-0.25,0.));
#913 = DIRECTION('',(1.,0.,0.));
#914 = DIRECTION('',(0.,0.,1.));
#915 = ( GEOMETRIC_REPRESENTATION_CONTEXT(3) 
GLOBAL_UNCERTAINTY_ASSIGNED_CONTEXT((#919)) GLOBAL_UNIT_ASSIGNED_CONTEXT
((#916,#917,#918)) REPRESENTATION_CONTEXT('Context #1',
  '3D Context with UNIT and UNCERTAINTY') );
#916 = ( LENGTH_UNIT() NAMED_UNIT(*) SI_UNIT(.MILLI.,.METRE.) );
#917 = ( NAMED_UNIT(*) PLANE_ANGLE_UNIT() SI_UNIT($,.RADIAN.) );
#918 = ( NAMED_UNIT(*) SI_UNIT($,.STERADIAN.) SOLID_ANGLE_UNIT() );
#919 = UNCERTAINTY_MEASURE_WITH_UNIT(LENGTH_MEASURE(1.E-07),#916,
  'distance_accuracy_value','confusion accuracy');
#920 = CONTEXT_DEPENDENT_SHAPE_REPRESENTATION(#921,#923);
#921 = ( REPRESENTATION_RELATIONSHIP('','',#60,#10) 
REPRESENTATION_RELATIONSHIP_WITH_TRANSFORMATION(#922) 
SHAPE_REPRESENTATION_RELATIONSHIP() );
#922 = ITEM_DEFINED_TRANSFORMATION('','',#11,#15);
#923 = PRODUCT_DEFINITION_SHAPE('Placement','Placement of an item',#924
  );
#924 = NEXT_ASSEMBLY_USAGE_OCCURRENCE('1','C3','',#5,#55,$);
#925 = PRODUCT_RELATED_PRODUCT_CATEGORY('part',$,(#57));
#926 = SHAPE_DEFINITION_REPRESENTATION(#927,#933);
#927 = PRODUCT_DEFINITION_SHAPE('','',#928);
#928 = PRODUCT_DEFINITION('design','',#929,#932);
#929 = PRODUCT_DEFINITION_FORMATION('','',#930);
#930 = PRODUCT('WSON-6-1EP_2x2mm_P0.65mm_EP1x1.6mm',
  'WSON-6-1EP_2x2mm_P0.65mm_EP1x1.6mm','',(#931));
#931 = PRODUCT_CONTEXT('',#2,'mechanical');
#932 = PRODUCT_DEFINITION_CONTEXT('part definition',#2,'design');
#933 = ADVANCED_BREP_SHAPE_REPRESENTATION('',(#11,#934),#2492);
#934 = MANIFOLD_SOLID_BREP('',#935);
#935 = CLOSED_SHELL('',(#936,#976,#1015,#1039,#1297,#1314,#1331,#1343,
    #1443,#1483,#1507,#1540,#1580,#1604,#1637,#1677,#1701,#1734,#1758,
    #1851,#1891,#1915,#1948,#1988,#2012,#2045,#2085,#2109,#2142,#2159,
    #2176,#2193,#2210,#2233,#2250,#2262,#2279,#2291,#2308,#2320,#2337,
    #2354,#2371,#2388,#2400,#2417,#2429,#2446,#2458,#2483));
#936 = ADVANCED_FACE('',(#937),#971,.F.);
#937 = FACE_BOUND('',#938,.F.);
#938 = EDGE_LOOP('',(#939,#949,#957,#965));
#939 = ORIENTED_EDGE('',*,*,#940,.F.);
#940 = EDGE_CURVE('',#941,#943,#945,.T.);
#941 = VERTEX_POINT('',#942);
#942 = CARTESIAN_POINT('',(-0.5,0.55,0.));
#943 = VERTEX_POINT('',#944);
#944 = CARTESIAN_POINT('',(-0.5,-0.8,0.));
#945 = LINE('',#946,#947);
#946 = CARTESIAN_POINT('',(-0.5,0.55,0.));
#947 = VECTOR('',#948,1.);
#948 = DIRECTION('',(-2.22044604925E-16,-1.,0.));
#949 = ORIENTED_EDGE('',*,*,#950,.T.);
#950 = EDGE_CURVE('',#941,#951,#953,.T.);
#951 = VERTEX_POINT('',#952);
#952 = CARTESIAN_POINT('',(-0.5,0.55,2.E-02));
#953 = LINE('',#954,#955);
#954 = CARTESIAN_POINT('',(-0.5,0.55,0.));
#955 = VECTOR('',#956,1.);
#956 = DIRECTION('',(0.,0.,1.));
#957 = ORIENTED_EDGE('',*,*,#958,.F.);
#958 = EDGE_CURVE('',#959,#951,#961,.T.);
#959 = VERTEX_POINT('',#960);
#960 = CARTESIAN_POINT('',(-0.5,-0.8,2.E-02));
#961 = LINE('',#962,#963);
#962 = CARTESIAN_POINT('',(-0.5,0.77,2.E-02));
#963 = VECTOR('',#964,1.);
#964 = DIRECTION('',(2.22044604925E-16,1.,0.));
#965 = ORIENTED_EDGE('',*,*,#966,.F.);
#966 = EDGE_CURVE('',#943,#959,#967,.T.);
#967 = LINE('',#968,#969);
#968 = CARTESIAN_POINT('',(-0.5,-0.8,0.));
#969 = VECTOR('',#970,1.);
#970 = DIRECTION('',(0.,0.,1.));
#971 = PLANE('',#972);
#972 = AXIS2_PLACEMENT_3D('',#973,#974,#975);
#973 = CARTESIAN_POINT('',(-0.5,0.55,0.));
#974 = DIRECTION('',(1.,-2.22044604925E-16,0.));
#975 = DIRECTION('',(-2.22044604925E-16,-1.,0.));
#976 = ADVANCED_FACE('',(#977),#1010,.F.);
#977 = FACE_BOUND('',#978,.F.);
#978 = EDGE_LOOP('',(#979,#980,#988,#996,#1004));
#979 = ORIENTED_EDGE('',*,*,#940,.T.);
#980 = ORIENTED_EDGE('',*,*,#981,.T.);
#981 = EDGE_CURVE('',#943,#982,#984,.T.);
#982 = VERTEX_POINT('',#983);
#983 = CARTESIAN_POINT('',(0.5,-0.8,0.));
#984 = LINE('',#985,#986);
#985 = CARTESIAN_POINT('',(-0.5,-0.8,0.));
#986 = VECTOR('',#987,1.);
#987 = DIRECTION('',(1.,-2.22044604925E-16,0.));
#988 = ORIENTED_EDGE('',*,*,#989,.T.);
#989 = EDGE_CURVE('',#982,#990,#992,.T.);
#990 = VERTEX_POINT('',#991);
#991 = CARTESIAN_POINT('',(0.5,0.8,0.));
#992 = LINE('',#993,#994);
#993 = CARTESIAN_POINT('',(0.5,-0.8,0.));
#994 = VECTOR('',#995,1.);
#995 = DIRECTION('',(2.22044604925E-16,1.,0.));
#996 = ORIENTED_EDGE('',*,*,#997,.T.);
#997 = EDGE_CURVE('',#990,#998,#1000,.T.);
#998 = VERTEX_POINT('',#999);
#999 = CARTESIAN_POINT('',(-0.25,0.8,0.));
#1000 = LINE('',#1001,#1002);
#1001 = CARTESIAN_POINT('',(0.5,0.8,0.));
#1002 = VECTOR('',#1003,1.);
#1003 = DIRECTION('',(-1.,2.22044604925E-16,0.));
#1004 = ORIENTED_EDGE('',*,*,#1005,.T.);
#1005 = EDGE_CURVE('',#998,#941,#1006,.T.);
#1006 = LINE('',#1007,#1008);
#1007 = CARTESIAN_POINT('',(-0.25,0.8,0.));
#1008 = VECTOR('',#1009,1.);
#1009 = DIRECTION('',(-0.707106781187,-0.707106781187,0.));
#1010 = PLANE('',#1011);
#1011 = AXIS2_PLACEMENT_3D('',#1012,#1013,#1014);
#1012 = CARTESIAN_POINT('',(1.705086933244E-02,-2.574455067433E-02,0.));
#1013 = DIRECTION('',(0.,0.,1.));
#1014 = DIRECTION('',(-2.22044604925E-16,-1.,0.));
#1015 = ADVANCED_FACE('',(#1016),#1034,.F.);
#1016 = FACE_BOUND('',#1017,.F.);
#1017 = EDGE_LOOP('',(#1018,#1019,#1020,#1028));
#1018 = ORIENTED_EDGE('',*,*,#981,.F.);
#1019 = ORIENTED_EDGE('',*,*,#966,.T.);
#1020 = ORIENTED_EDGE('',*,*,#1021,.F.);
#1021 = EDGE_CURVE('',#1022,#959,#1024,.T.);
#1022 = VERTEX_POINT('',#1023);
#1023 = CARTESIAN_POINT('',(0.5,-0.8,2.E-02));
#1024 = LINE('',#1025,#1026);
#1025 = CARTESIAN_POINT('',(-0.745,-0.8,2.E-02));
#1026 = VECTOR('',#1027,1.);
#1027 = DIRECTION('',(-1.,2.22044604925E-16,0.));
#1028 = ORIENTED_EDGE('',*,*,#1029,.F.);
#1029 = EDGE_CURVE('',#982,#1022,#1030,.T.);
#1030 = LINE('',#1031,#1032);
#1031 = CARTESIAN_POINT('',(0.5,-0.8,0.));
#1032 = VECTOR('',#1033,1.);
#1033 = DIRECTION('',(0.,0.,1.));
#1034 = PLANE('',#1035);
#1035 = AXIS2_PLACEMENT_3D('',#1036,#1037,#1038);
#1036 = CARTESIAN_POINT('',(-0.5,-0.8,0.));
#1037 = DIRECTION('',(2.22044604925E-16,1.,0.));
#1038 = DIRECTION('',(1.,-2.22044604925E-16,0.));
#1039 = ADVANCED_FACE('',(#1040,#1266),#1292,.F.);
#1040 = FACE_BOUND('',#1041,.F.);
#1041 = EDGE_LOOP('',(#1042,#1052,#1060,#1068,#1076,#1084,#1092,#1100,
    #1108,#1116,#1124,#1132,#1140,#1148,#1156,#1164,#1172,#1180,#1188,
    #1196,#1204,#1212,#1220,#1228,#1236,#1244,#1252,#1260));
#1042 = ORIENTED_EDGE('',*,*,#1043,.F.);
#1043 = EDGE_CURVE('',#1044,#1046,#1048,.T.);
#1044 = VERTEX_POINT('',#1045);
#1045 = CARTESIAN_POINT('',(0.99,0.99,2.E-02));
#1046 = VERTEX_POINT('',#1047);
#1047 = CARTESIAN_POINT('',(0.99,0.8,2.E-02));
#1048 = LINE('',#1049,#1050);
#1049 = CARTESIAN_POINT('',(0.99,0.99,2.E-02));
#1050 = VECTOR('',#1051,1.);
#1051 = DIRECTION('',(-2.22044604925E-16,-1.,0.));
#1052 = ORIENTED_EDGE('',*,*,#1053,.F.);
#1053 = EDGE_CURVE('',#1054,#1044,#1056,.T.);
#1054 = VERTEX_POINT('',#1055);
#1055 = CARTESIAN_POINT('',(-0.99,0.99,2.E-02));
#1056 = LINE('',#1057,#1058);
#1057 = CARTESIAN_POINT('',(-0.99,0.99,2.E-02));
#1058 = VECTOR('',#1059,1.);
#1059 = DIRECTION('',(1.,-2.22044604925E-16,0.));
#1060 = ORIENTED_EDGE('',*,*,#1061,.T.);
#1061 = EDGE_CURVE('',#1054,#1062,#1064,.T.);
#1062 = VERTEX_POINT('',#1063);
#1063 = CARTESIAN_POINT('',(-0.99,0.8,2.E-02));
#1064 = LINE('',#1065,#1066);
#1065 = CARTESIAN_POINT('',(-0.99,0.99,2.E-02));
#1066 = VECTOR('',#1067,1.);
#1067 = DIRECTION('',(-2.22044604925E-16,-1.,0.));
#1068 = ORIENTED_EDGE('',*,*,#1069,.T.);
#1069 = EDGE_CURVE('',#1062,#1070,#1072,.T.);
#1070 = VERTEX_POINT('',#1071);
#1071 = CARTESIAN_POINT('',(-0.75,0.8,2.E-02));
#1072 = LINE('',#1073,#1074);
#1073 = CARTESIAN_POINT('',(-0.87,0.8,2.E-02));
#1074 = VECTOR('',#1075,1.);
#1075 = DIRECTION('',(1.,-4.669739647545E-16,0.));
#1076 = ORIENTED_EDGE('',*,*,#1077,.T.);
#1077 = EDGE_CURVE('',#1070,#1078,#1080,.T.);
#1078 = VERTEX_POINT('',#1079);
#1079 = CARTESIAN_POINT('',(-0.75,0.5,2.E-02));
#1080 = LINE('',#1081,#1082);
#1081 = CARTESIAN_POINT('',(-0.75,0.745,2.E-02));
#1082 = VECTOR('',#1083,1.);
#1083 = DIRECTION('',(-4.669739647545E-16,-1.,0.));
#1084 = ORIENTED_EDGE('',*,*,#1085,.T.);
#1085 = EDGE_CURVE('',#1078,#1086,#1088,.T.);
#1086 = VERTEX_POINT('',#1087);
#1087 = CARTESIAN_POINT('',(-0.99,0.5,2.E-02));
#1088 = LINE('',#1089,#1090);
#1089 = CARTESIAN_POINT('',(-0.995,0.5,2.E-02));
#1090 = VECTOR('',#1091,1.);
#1091 = DIRECTION('',(-1.,4.669739647545E-16,0.));
#1092 = ORIENTED_EDGE('',*,*,#1093,.T.);
#1093 = EDGE_CURVE('',#1086,#1094,#1096,.T.);
#1094 = VERTEX_POINT('',#1095);
#1095 = CARTESIAN_POINT('',(-0.99,0.15,2.E-02));
#1096 = LINE('',#1097,#1098);
#1097 = CARTESIAN_POINT('',(-0.99,0.99,2.E-02));
#1098 = VECTOR('',#1099,1.);
#1099 = DIRECTION('',(-2.22044604925E-16,-1.,0.));
#1100 = ORIENTED_EDGE('',*,*,#1101,.T.);
#1101 = EDGE_CURVE('',#1094,#1102,#1104,.T.);
#1102 = VERTEX_POINT('',#1103);
#1103 = CARTESIAN_POINT('',(-0.75,0.15,2.E-02));
#1104 = LINE('',#1105,#1106);
#1105 = CARTESIAN_POINT('',(-0.87,0.15,2.E-02));
#1106 = VECTOR('',#1107,1.);
#1107 = DIRECTION('',(1.,-4.669739647545E-16,0.));
#1108 = ORIENTED_EDGE('',*,*,#1109,.T.);
#1109 = EDGE_CURVE('',#1102,#1110,#1112,.T.);
#1110 = VERTEX_POINT('',#1111);
#1111 = CARTESIAN_POINT('',(-0.75,-0.15,2.E-02));
#1112 = LINE('',#1113,#1114);
#1113 = CARTESIAN_POINT('',(-0.75,0.42,2.E-02));
#1114 = VECTOR('',#1115,1.);
#1115 = DIRECTION('',(-4.669739647545E-16,-1.,0.));
#1116 = ORIENTED_EDGE('',*,*,#1117,.T.);
#1117 = EDGE_CURVE('',#1110,#1118,#1120,.T.);
#1118 = VERTEX_POINT('',#1119);
#1119 = CARTESIAN_POINT('',(-0.99,-0.15,2.E-02));
#1120 = LINE('',#1121,#1122);
#1121 = CARTESIAN_POINT('',(-0.995,-0.15,2.E-02));
#1122 = VECTOR('',#1123,1.);
#1123 = DIRECTION('',(-1.,4.669739647545E-16,0.));
#1124 = ORIENTED_EDGE('',*,*,#1125,.T.);
#1125 = EDGE_CURVE('',#1118,#1126,#1128,.T.);
#1126 = VERTEX_POINT('',#1127);
#1127 = CARTESIAN_POINT('',(-0.99,-0.5,2.E-02));
#1128 = LINE('',#1129,#1130);
#1129 = CARTESIAN_POINT('',(-0.99,0.99,2.E-02));
#1130 = VECTOR('',#1131,1.);
#1131 = DIRECTION('',(-2.22044604925E-16,-1.,0.));
#1132 = ORIENTED_EDGE('',*,*,#1133,.T.);
#1133 = EDGE_CURVE('',#1126,#1134,#1136,.T.);
#1134 = VERTEX_POINT('',#1135);
#1135 = CARTESIAN_POINT('',(-0.75,-0.5,2.E-02));
#1136 = LINE('',#1137,#1138);
#1137 = CARTESIAN_POINT('',(-0.87,-0.5,2.E-02));
#1138 = VECTOR('',#1139,1.);
#1139 = DIRECTION('',(1.,-4.669739647545E-16,0.));
#1140 = ORIENTED_EDGE('',*,*,#1141,.T.);
#1141 = EDGE_CURVE('',#1134,#1142,#1144,.T.);
#1142 = VERTEX_POINT('',#1143);
#1143 = CARTESIAN_POINT('',(-0.75,-0.8,2.E-02));
#1144 = LINE('',#1145,#1146);
#1145 = CARTESIAN_POINT('',(-0.75,9.5E-02,2.E-02));
#1146 = VECTOR('',#1147,1.);
#1147 = DIRECTION('',(-4.669739647545E-16,-1.,0.));
#1148 = ORIENTED_EDGE('',*,*,#1149,.T.);
#1149 = EDGE_CURVE('',#1142,#1150,#1152,.T.);
#1150 = VERTEX_POINT('',#1151);
#1151 = CARTESIAN_POINT('',(-0.99,-0.8,2.E-02));
#1152 = LINE('',#1153,#1154);
#1153 = CARTESIAN_POINT('',(-0.995,-0.8,2.E-02));
#1154 = VECTOR('',#1155,1.);
#1155 = DIRECTION('',(-1.,4.669739647545E-16,0.));
#1156 = ORIENTED_EDGE('',*,*,#1157,.T.);
#1157 = EDGE_CURVE('',#1150,#1158,#1160,.T.);
#1158 = VERTEX_POINT('',#1159);
#1159 = CARTESIAN_POINT('',(-0.99,-0.99,2.E-02));
#1160 = LINE('',#1161,#1162);
#1161 = CARTESIAN_POINT('',(-0.99,0.99,2.E-02));
#1162 = VECTOR('',#1163,1.);
#1163 = DIRECTION('',(-2.22044604925E-16,-1.,0.));
#1164 = ORIENTED_EDGE('',*,*,#1165,.T.);
#1165 = EDGE_CURVE('',#1158,#1166,#1168,.T.);
#1166 = VERTEX_POINT('',#1167);
#1167 = CARTESIAN_POINT('',(0.99,-0.99,2.E-02));
#1168 = LINE('',#1169,#1170);
#1169 = CARTESIAN_POINT('',(-0.99,-0.99,2.E-02));
#1170 = VECTOR('',#1171,1.);
#1171 = DIRECTION('',(1.,-2.22044604925E-16,0.));
#1172 = ORIENTED_EDGE('',*,*,#1173,.F.);
#1173 = EDGE_CURVE('',#1174,#1166,#1176,.T.);
#1174 = VERTEX_POINT('',#1175);
#1175 = CARTESIAN_POINT('',(0.99,-0.8,2.E-02));
#1176 = LINE('',#1177,#1178);
#1177 = CARTESIAN_POINT('',(0.99,0.99,2.E-02));
#1178 = VECTOR('',#1179,1.);
#1179 = DIRECTION('',(-2.22044604925E-16,-1.,0.));
#1180 = ORIENTED_EDGE('',*,*,#1181,.T.);
#1181 = EDGE_CURVE('',#1174,#1182,#1184,.T.);
#1182 = VERTEX_POINT('',#1183);
#1183 = CARTESIAN_POINT('',(0.75,-0.8,2.E-02));
#1184 = LINE('',#1185,#1186);
#1185 = CARTESIAN_POINT('',(-0.12,-0.8,2.E-02));
#1186 = VECTOR('',#1187,1.);
#1187 = DIRECTION('',(-1.,3.445092848398E-16,0.));
#1188 = ORIENTED_EDGE('',*,*,#1189,.T.);
#1189 = EDGE_CURVE('',#1182,#1190,#1192,.T.);
#1190 = VERTEX_POINT('',#1191);
#1191 = CARTESIAN_POINT('',(0.75,-0.5,2.E-02));
#1192 = LINE('',#1193,#1194);
#1193 = CARTESIAN_POINT('',(0.75,0.245,2.E-02));
#1194 = VECTOR('',#1195,1.);
#1195 = DIRECTION('',(3.445092848398E-16,1.,0.));
#1196 = ORIENTED_EDGE('',*,*,#1197,.T.);
#1197 = EDGE_CURVE('',#1190,#1198,#1200,.T.);
#1198 = VERTEX_POINT('',#1199);
#1199 = CARTESIAN_POINT('',(0.99,-0.5,2.E-02));
#1200 = LINE('',#1201,#1202);
#1201 = CARTESIAN_POINT('',(5.E-03,-0.5,2.E-02));
#1202 = VECTOR('',#1203,1.);
#1203 = DIRECTION('',(1.,-3.445092848398E-16,0.));
#1204 = ORIENTED_EDGE('',*,*,#1205,.F.);
#1205 = EDGE_CURVE('',#1206,#1198,#1208,.T.);
#1206 = VERTEX_POINT('',#1207);
#1207 = CARTESIAN_POINT('',(0.99,-0.15,2.E-02));
#1208 = LINE('',#1209,#1210);
#1209 = CARTESIAN_POINT('',(0.99,0.99,2.E-02));
#1210 = VECTOR('',#1211,1.);
#1211 = DIRECTION('',(-2.22044604925E-16,-1.,0.));
#1212 = ORIENTED_EDGE('',*,*,#1213,.T.);
#1213 = EDGE_CURVE('',#1206,#1214,#1216,.T.);
#1214 = VERTEX_POINT('',#1215);
#1215 = CARTESIAN_POINT('',(0.75,-0.15,2.E-02));
#1216 = LINE('',#1217,#1218);
#1217 = CARTESIAN_POINT('',(-0.12,-0.15,2.E-02));
#1218 = VECTOR('',#1219,1.);
#1219 = DIRECTION('',(-1.,3.445092848398E-16,0.));
#1220 = ORIENTED_EDGE('',*,*,#1221,.T.);
#1221 = EDGE_CURVE('',#1214,#1222,#1224,.T.);
#1222 = VERTEX_POINT('',#1223);
#1223 = CARTESIAN_POINT('',(0.75,0.15,2.E-02));
#1224 = LINE('',#1225,#1226);
#1225 = CARTESIAN_POINT('',(0.75,0.57,2.E-02));
#1226 = VECTOR('',#1227,1.);
#1227 = DIRECTION('',(3.445092848398E-16,1.,0.));
#1228 = ORIENTED_EDGE('',*,*,#1229,.T.);
#1229 = EDGE_CURVE('',#1222,#1230,#1232,.T.);
#1230 = VERTEX_POINT('',#1231);
#1231 = CARTESIAN_POINT('',(0.99,0.15,2.E-02));
#1232 = LINE('',#1233,#1234);
#1233 = CARTESIAN_POINT('',(5.E-03,0.15,2.E-02));
#1234 = VECTOR('',#1235,1.);
#1235 = DIRECTION('',(1.,-3.445092848398E-16,0.));
#1236 = ORIENTED_EDGE('',*,*,#1237,.F.);
#1237 = EDGE_CURVE('',#1238,#1230,#1240,.T.);
#1238 = VERTEX_POINT('',#1239);
#1239 = CARTESIAN_POINT('',(0.99,0.5,2.E-02));
#1240 = LINE('',#1241,#1242);
#1241 = CARTESIAN_POINT('',(0.99,0.99,2.E-02));
#1242 = VECTOR('',#1243,1.);
#1243 = DIRECTION('',(-2.22044604925E-16,-1.,0.));
#1244 = ORIENTED_EDGE('',*,*,#1245,.T.);
#1245 = EDGE_CURVE('',#1238,#1246,#1248,.T.);
#1246 = VERTEX_POINT('',#1247);
#1247 = CARTESIAN_POINT('',(0.75,0.5,2.E-02));
#1248 = LINE('',#1249,#1250);
#1249 = CARTESIAN_POINT('',(-0.12,0.5,2.E-02));
#1250 = VECTOR('',#1251,1.);
#1251 = DIRECTION('',(-1.,3.445092848398E-16,0.));
#1252 = ORIENTED_EDGE('',*,*,#1253,.T.);
#1253 = EDGE_CURVE('',#1246,#1254,#1256,.T.);
#1254 = VERTEX_POINT('',#1255);
#1255 = CARTESIAN_POINT('',(0.75,0.8,2.E-02));
#1256 = LINE('',#1257,#1258);
#1257 = CARTESIAN_POINT('',(0.75,0.895,2.E-02));
#1258 = VECTOR('',#1259,1.);
#1259 = DIRECTION('',(3.445092848398E-16,1.,0.));
#1260 = ORIENTED_EDGE('',*,*,#1261,.T.);
#1261 = EDGE_CURVE('',#1254,#1046,#1262,.T.);
#1262 = LINE('',#1263,#1264);
#1263 = CARTESIAN_POINT('',(5.E-03,0.8,2.E-02));
#1264 = VECTOR('',#1265,1.);
#1265 = DIRECTION('',(1.,-3.445092848398E-16,0.));
#1266 = FACE_BOUND('',#1267,.F.);
#1267 = EDGE_LOOP('',(#1268,#1269,#1270,#1278,#1286));
#1268 = ORIENTED_EDGE('',*,*,#1021,.T.);
#1269 = ORIENTED_EDGE('',*,*,#958,.T.);
#1270 = ORIENTED_EDGE('',*,*,#1271,.T.);
#1271 = EDGE_CURVE('',#951,#1272,#1274,.T.);
#1272 = VERTEX_POINT('',#1273);
#1273 = CARTESIAN_POINT('',(-0.25,0.8,2.E-02));
#1274 = LINE('',#1275,#1276);
#1275 = CARTESIAN_POINT('',(-0.3875,0.6625,2.E-02));
#1276 = VECTOR('',#1277,1.);
#1277 = DIRECTION('',(0.707106781187,0.707106781187,0.));
#1278 = ORIENTED_EDGE('',*,*,#1279,.T.);
#1279 = EDGE_CURVE('',#1272,#1280,#1282,.T.);
#1280 = VERTEX_POINT('',#1281);
#1281 = CARTESIAN_POINT('',(0.5,0.8,2.E-02));
#1282 = LINE('',#1283,#1284);
#1283 = CARTESIAN_POINT('',(-0.245,0.8,2.E-02));
#1284 = VECTOR('',#1285,1.);
#1285 = DIRECTION('',(1.,-2.22044604925E-16,0.));
#1286 = ORIENTED_EDGE('',*,*,#1287,.T.);
#1287 = EDGE_CURVE('',#1280,#1022,#1288,.T.);
#1288 = LINE('',#1289,#1290);
#1289 = CARTESIAN_POINT('',(0.5,9.5E-02,2.E-02));
#1290 = VECTOR('',#1291,1.);
#1291 = DIRECTION('',(-2.22044604925E-16,-1.,0.));
#1292 = PLANE('',#1293);
#1293 = AXIS2_PLACEMENT_3D('',#1294,#1295,#1296);
#1294 = CARTESIAN_POINT('',(-0.99,0.99,2.E-02));
#1295 = DIRECTION('',(0.,0.,1.));
#1296 = DIRECTION('',(-2.22044604925E-16,-1.,0.));
#1297 = ADVANCED_FACE('',(#1298),#1309,.F.);
#1298 = FACE_BOUND('',#1299,.F.);
#1299 = EDGE_LOOP('',(#1300,#1301,#1307,#1308));
#1300 = ORIENTED_EDGE('',*,*,#1005,.F.);
#1301 = ORIENTED_EDGE('',*,*,#1302,.T.);
#1302 = EDGE_CURVE('',#998,#1272,#1303,.T.);
#1303 = LINE('',#1304,#1305);
#1304 = CARTESIAN_POINT('',(-0.25,0.8,0.));
#1305 = VECTOR('',#1306,1.);
#1306 = DIRECTION('',(0.,0.,1.));
#1307 = ORIENTED_EDGE('',*,*,#1271,.F.);
#1308 = ORIENTED_EDGE('',*,*,#950,.F.);
#1309 = PLANE('',#1310);
#1310 = AXIS2_PLACEMENT_3D('',#1311,#1312,#1313);
#1311 = CARTESIAN_POINT('',(-0.25,0.8,0.));
#1312 = DIRECTION('',(0.707106781187,-0.707106781187,0.));
#1313 = DIRECTION('',(-0.707106781187,-0.707106781187,0.));
#1314 = ADVANCED_FACE('',(#1315),#1326,.F.);
#1315 = FACE_BOUND('',#1316,.F.);
#1316 = EDGE_LOOP('',(#1317,#1318,#1319,#1320));
#1317 = ORIENTED_EDGE('',*,*,#989,.F.);
#1318 = ORIENTED_EDGE('',*,*,#1029,.T.);
#1319 = ORIENTED_EDGE('',*,*,#1287,.F.);
#1320 = ORIENTED_EDGE('',*,*,#1321,.F.);
#1321 = EDGE_CURVE('',#990,#1280,#1322,.T.);
#1322 = LINE('',#1323,#1324);
#1323 = CARTESIAN_POINT('',(0.5,0.8,0.));
#1324 = VECTOR('',#1325,1.);
#1325 = DIRECTION('',(0.,0.,1.));
#1326 = PLANE('',#1327);
#1327 = AXIS2_PLACEMENT_3D('',#1328,#1329,#1330);
#1328 = CARTESIAN_POINT('',(0.5,-0.8,0.));
#1329 = DIRECTION('',(-1.,2.22044604925E-16,0.));
#1330 = DIRECTION('',(2.22044604925E-16,1.,0.));
#1331 = ADVANCED_FACE('',(#1332),#1338,.F.);
#1332 = FACE_BOUND('',#1333,.F.);
#1333 = EDGE_LOOP('',(#1334,#1335,#1336,#1337));
#1334 = ORIENTED_EDGE('',*,*,#997,.F.);
#1335 = ORIENTED_EDGE('',*,*,#1321,.T.);
#1336 = ORIENTED_EDGE('',*,*,#1279,.F.);
#1337 = ORIENTED_EDGE('',*,*,#1302,.F.);
#1338 = PLANE('',#1339);
#1339 = AXIS2_PLACEMENT_3D('',#1340,#1341,#1342);
#1340 = CARTESIAN_POINT('',(0.5,0.8,0.));
#1341 = DIRECTION('',(-2.22044604925E-16,-1.,0.));
#1342 = DIRECTION('',(-1.,2.22044604925E-16,0.));
#1343 = ADVANCED_FACE('',(#1344),#1438,.T.);
#1344 = FACE_BOUND('',#1345,.T.);
#1345 = EDGE_LOOP('',(#1346,#1347,#1355,#1363,#1369,#1370,#1378,#1386,
    #1392,#1393,#1401,#1409,#1415,#1416,#1424,#1432));
#1346 = ORIENTED_EDGE('',*,*,#1043,.F.);
#1347 = ORIENTED_EDGE('',*,*,#1348,.T.);
#1348 = EDGE_CURVE('',#1044,#1349,#1351,.T.);
#1349 = VERTEX_POINT('',#1350);
#1350 = CARTESIAN_POINT('',(0.99,0.99,0.82));
#1351 = LINE('',#1352,#1353);
#1352 = CARTESIAN_POINT('',(0.99,0.99,2.E-02));
#1353 = VECTOR('',#1354,1.);
#1354 = DIRECTION('',(0.,0.,1.));
#1355 = ORIENTED_EDGE('',*,*,#1356,.T.);
#1356 = EDGE_CURVE('',#1349,#1357,#1359,.T.);
#1357 = VERTEX_POINT('',#1358);
#1358 = CARTESIAN_POINT('',(0.99,-0.99,0.82));
#1359 = LINE('',#1360,#1361);
#1360 = CARTESIAN_POINT('',(0.99,0.99,0.82));
#1361 = VECTOR('',#1362,1.);
#1362 = DIRECTION('',(-2.22044604925E-16,-1.,0.));
#1363 = ORIENTED_EDGE('',*,*,#1364,.F.);
#1364 = EDGE_CURVE('',#1166,#1357,#1365,.T.);
#1365 = LINE('',#1366,#1367);
#1366 = CARTESIAN_POINT('',(0.99,-0.99,2.E-02));
#1367 = VECTOR('',#1368,1.);
#1368 = DIRECTION('',(0.,0.,1.));
#1369 = ORIENTED_EDGE('',*,*,#1173,.F.);
#1370 = ORIENTED_EDGE('',*,*,#1371,.T.);
#1371 = EDGE_CURVE('',#1174,#1372,#1374,.T.);
#1372 = VERTEX_POINT('',#1373);
#1373 = CARTESIAN_POINT('',(0.99,-0.8,0.2));
#1374 = LINE('',#1375,#1376);
#1375 = CARTESIAN_POINT('',(0.99,-0.8,1.E-02));
#1376 = VECTOR('',#1377,1.);
#1377 = DIRECTION('',(0.,0.,1.));
#1378 = ORIENTED_EDGE('',*,*,#1379,.F.);
#1379 = EDGE_CURVE('',#1380,#1372,#1382,.T.);
#1380 = VERTEX_POINT('',#1381);
#1381 = CARTESIAN_POINT('',(0.99,-0.5,0.2));
#1382 = LINE('',#1383,#1384);
#1383 = CARTESIAN_POINT('',(0.99,0.17,0.2));
#1384 = VECTOR('',#1385,1.);
#1385 = DIRECTION('',(-2.22044604925E-16,-1.,0.));
#1386 = ORIENTED_EDGE('',*,*,#1387,.T.);
#1387 = EDGE_CURVE('',#1380,#1198,#1388,.T.);
#1388 = LINE('',#1389,#1390);
#1389 = CARTESIAN_POINT('',(0.99,-0.5,1.E-02));
#1390 = VECTOR('',#1391,1.);
#1391 = DIRECTION('',(0.,-0.,-1.));
#1392 = ORIENTED_EDGE('',*,*,#1205,.F.);
#1393 = ORIENTED_EDGE('',*,*,#1394,.T.);
#1394 = EDGE_CURVE('',#1206,#1395,#1397,.T.);
#1395 = VERTEX_POINT('',#1396);
#1396 = CARTESIAN_POINT('',(0.99,-0.15,0.2));
#1397 = LINE('',#1398,#1399);
#1398 = CARTESIAN_POINT('',(0.99,-0.15,1.E-02));
#1399 = VECTOR('',#1400,1.);
#1400 = DIRECTION('',(0.,0.,1.));
#1401 = ORIENTED_EDGE('',*,*,#1402,.F.);
#1402 = EDGE_CURVE('',#1403,#1395,#1405,.T.);
#1403 = VERTEX_POINT('',#1404);
#1404 = CARTESIAN_POINT('',(0.99,0.15,0.2));
#1405 = LINE('',#1406,#1407);
#1406 = CARTESIAN_POINT('',(0.99,0.495,0.2));
#1407 = VECTOR('',#1408,1.);
#1408 = DIRECTION('',(-2.22044604925E-16,-1.,0.));
#1409 = ORIENTED_EDGE('',*,*,#1410,.T.);
#1410 = EDGE_CURVE('',#1403,#1230,#1411,.T.);
#1411 = LINE('',#1412,#1413);
#1412 = CARTESIAN_POINT('',(0.99,0.15,1.E-02));
#1413 = VECTOR('',#1414,1.);
#1414 = DIRECTION('',(0.,-0.,-1.));
#1415 = ORIENTED_EDGE('',*,*,#1237,.F.);
#1416 = ORIENTED_EDGE('',*,*,#1417,.T.);
#1417 = EDGE_CURVE('',#1238,#1418,#1420,.T.);
#1418 = VERTEX_POINT('',#1419);
#1419 = CARTESIAN_POINT('',(0.99,0.5,0.2));
#1420 = LINE('',#1421,#1422);
#1421 = CARTESIAN_POINT('',(0.99,0.5,1.E-02));
#1422 = VECTOR('',#1423,1.);
#1423 = DIRECTION('',(0.,0.,1.));
#1424 = ORIENTED_EDGE('',*,*,#1425,.F.);
#1425 = EDGE_CURVE('',#1426,#1418,#1428,.T.);
#1426 = VERTEX_POINT('',#1427);
#1427 = CARTESIAN_POINT('',(0.99,0.8,0.2));
#1428 = LINE('',#1429,#1430);
#1429 = CARTESIAN_POINT('',(0.99,0.82,0.2));
#1430 = VECTOR('',#1431,1.);
#1431 = DIRECTION('',(-2.22044604925E-16,-1.,0.));
#1432 = ORIENTED_EDGE('',*,*,#1433,.T.);
#1433 = EDGE_CURVE('',#1426,#1046,#1434,.T.);
#1434 = LINE('',#1435,#1436);
#1435 = CARTESIAN_POINT('',(0.99,0.8,1.E-02));
#1436 = VECTOR('',#1437,1.);
#1437 = DIRECTION('',(0.,-0.,-1.));
#1438 = PLANE('',#1439);
#1439 = AXIS2_PLACEMENT_3D('',#1440,#1441,#1442);
#1440 = CARTESIAN_POINT('',(0.99,0.99,2.E-02));
#1441 = DIRECTION('',(1.,-2.22044604925E-16,0.));
#1442 = DIRECTION('',(0.,0.,1.));
#1443 = ADVANCED_FACE('',(#1444),#1478,.F.);
#1444 = FACE_BOUND('',#1445,.F.);
#1445 = EDGE_LOOP('',(#1446,#1456,#1464,#1470,#1471,#1472));
#1446 = ORIENTED_EDGE('',*,*,#1447,.F.);
#1447 = EDGE_CURVE('',#1448,#1450,#1452,.T.);
#1448 = VERTEX_POINT('',#1449);
#1449 = CARTESIAN_POINT('',(1.,0.8,0.));
#1450 = VERTEX_POINT('',#1451);
#1451 = CARTESIAN_POINT('',(0.75,0.8,0.));
#1452 = LINE('',#1453,#1454);
#1453 = CARTESIAN_POINT('',(1.,0.8,0.));
#1454 = VECTOR('',#1455,1.);
#1455 = DIRECTION('',(-1.,3.445092848398E-16,0.));
#1456 = ORIENTED_EDGE('',*,*,#1457,.T.);
#1457 = EDGE_CURVE('',#1448,#1458,#1460,.T.);
#1458 = VERTEX_POINT('',#1459);
#1459 = CARTESIAN_POINT('',(1.,0.8,0.2));
#1460 = LINE('',#1461,#1462);
#1461 = CARTESIAN_POINT('',(1.,0.8,0.));
#1462 = VECTOR('',#1463,1.);
#1463 = DIRECTION('',(0.,0.,1.));
#1464 = ORIENTED_EDGE('',*,*,#1465,.T.);
#1465 = EDGE_CURVE('',#1458,#1426,#1466,.T.);
#1466 = LINE('',#1467,#1468);
#1467 = CARTESIAN_POINT('',(1.,0.8,0.2));
#1468 = VECTOR('',#1469,1.);
#1469 = DIRECTION('',(-1.,3.445092848398E-16,0.));
#1470 = ORIENTED_EDGE('',*,*,#1433,.T.);
#1471 = ORIENTED_EDGE('',*,*,#1261,.F.);
#1472 = ORIENTED_EDGE('',*,*,#1473,.F.);
#1473 = EDGE_CURVE('',#1450,#1254,#1474,.T.);
#1474 = LINE('',#1475,#1476);
#1475 = CARTESIAN_POINT('',(0.75,0.8,0.));
#1476 = VECTOR('',#1477,1.);
#1477 = DIRECTION('',(0.,0.,1.));
#1478 = PLANE('',#1479);
#1479 = AXIS2_PLACEMENT_3D('',#1480,#1481,#1482);
#1480 = CARTESIAN_POINT('',(1.,0.8,0.));
#1481 = DIRECTION('',(-3.445092848398E-16,-1.,0.));
#1482 = DIRECTION('',(-1.,3.445092848398E-16,0.));
#1483 = ADVANCED_FACE('',(#1484),#1502,.F.);
#1484 = FACE_BOUND('',#1485,.F.);
#1485 = EDGE_LOOP('',(#1486,#1494,#1495,#1496));
#1486 = ORIENTED_EDGE('',*,*,#1487,.F.);
#1487 = EDGE_CURVE('',#1450,#1488,#1490,.T.);
#1488 = VERTEX_POINT('',#1489);
#1489 = CARTESIAN_POINT('',(0.75,0.5,0.));
#1490 = LINE('',#1491,#1492);
#1491 = CARTESIAN_POINT('',(0.75,0.8,0.));
#1492 = VECTOR('',#1493,1.);
#1493 = DIRECTION('',(-3.445092848398E-16,-1.,0.));
#1494 = ORIENTED_EDGE('',*,*,#1473,.T.);
#1495 = ORIENTED_EDGE('',*,*,#1253,.F.);
#1496 = ORIENTED_EDGE('',*,*,#1497,.F.);
#1497 = EDGE_CURVE('',#1488,#1246,#1498,.T.);
#1498 = LINE('',#1499,#1500);
#1499 = CARTESIAN_POINT('',(0.75,0.5,0.));
#1500 = VECTOR('',#1501,1.);
#1501 = DIRECTION('',(0.,0.,1.));
#1502 = PLANE('',#1503);
#1503 = AXIS2_PLACEMENT_3D('',#1504,#1505,#1506);
#1504 = CARTESIAN_POINT('',(0.75,0.8,0.));
#1505 = DIRECTION('',(1.,-3.445092848398E-16,0.));
#1506 = DIRECTION('',(-3.445092848398E-16,-1.,0.));
#1507 = ADVANCED_FACE('',(#1508),#1535,.F.);
#1508 = FACE_BOUND('',#1509,.F.);
#1509 = EDGE_LOOP('',(#1510,#1518,#1519,#1520,#1521,#1529));
#1510 = ORIENTED_EDGE('',*,*,#1511,.F.);
#1511 = EDGE_CURVE('',#1488,#1512,#1514,.T.);
#1512 = VERTEX_POINT('',#1513);
#1513 = CARTESIAN_POINT('',(1.,0.5,0.));
#1514 = LINE('',#1515,#1516);
#1515 = CARTESIAN_POINT('',(0.75,0.5,0.));
#1516 = VECTOR('',#1517,1.);
#1517 = DIRECTION('',(1.,-3.445092848398E-16,0.));
#1518 = ORIENTED_EDGE('',*,*,#1497,.T.);
#1519 = ORIENTED_EDGE('',*,*,#1245,.F.);
#1520 = ORIENTED_EDGE('',*,*,#1417,.T.);
#1521 = ORIENTED_EDGE('',*,*,#1522,.T.);
#1522 = EDGE_CURVE('',#1418,#1523,#1525,.T.);
#1523 = VERTEX_POINT('',#1524);
#1524 = CARTESIAN_POINT('',(1.,0.5,0.2));
#1525 = LINE('',#1526,#1527);
#1526 = CARTESIAN_POINT('',(0.75,0.5,0.2));
#1527 = VECTOR('',#1528,1.);
#1528 = DIRECTION('',(1.,-3.445092848398E-16,0.));
#1529 = ORIENTED_EDGE('',*,*,#1530,.F.);
#1530 = EDGE_CURVE('',#1512,#1523,#1531,.T.);
#1531 = LINE('',#1532,#1533);
#1532 = CARTESIAN_POINT('',(1.,0.5,0.));
#1533 = VECTOR('',#1534,1.);
#1534 = DIRECTION('',(0.,0.,1.));
#1535 = PLANE('',#1536);
#1536 = AXIS2_PLACEMENT_3D('',#1537,#1538,#1539);
#1537 = CARTESIAN_POINT('',(0.75,0.5,0.));
#1538 = DIRECTION('',(3.445092848398E-16,1.,0.));
#1539 = DIRECTION('',(1.,-3.445092848398E-16,0.));
#1540 = ADVANCED_FACE('',(#1541),#1575,.F.);
#1541 = FACE_BOUND('',#1542,.F.);
#1542 = EDGE_LOOP('',(#1543,#1553,#1561,#1567,#1568,#1569));
#1543 = ORIENTED_EDGE('',*,*,#1544,.F.);
#1544 = EDGE_CURVE('',#1545,#1547,#1549,.T.);
#1545 = VERTEX_POINT('',#1546);
#1546 = CARTESIAN_POINT('',(1.,0.15,0.));
#1547 = VERTEX_POINT('',#1548);
#1548 = CARTESIAN_POINT('',(0.75,0.15,0.));
#1549 = LINE('',#1550,#1551);
#1550 = CARTESIAN_POINT('',(1.,0.15,0.));
#1551 = VECTOR('',#1552,1.);
#1552 = DIRECTION('',(-1.,3.445092848398E-16,0.));
#1553 = ORIENTED_EDGE('',*,*,#1554,.T.);
#1554 = EDGE_CURVE('',#1545,#1555,#1557,.T.);
#1555 = VERTEX_POINT('',#1556);
#1556 = CARTESIAN_POINT('',(1.,0.15,0.2));
#1557 = LINE('',#1558,#1559);
#1558 = CARTESIAN_POINT('',(1.,0.15,0.));
#1559 = VECTOR('',#1560,1.);
#1560 = DIRECTION('',(0.,0.,1.));
#1561 = ORIENTED_EDGE('',*,*,#1562,.T.);
#1562 = EDGE_CURVE('',#1555,#1403,#1563,.T.);
#1563 = LINE('',#1564,#1565);
#1564 = CARTESIAN_POINT('',(1.,0.15,0.2));
#1565 = VECTOR('',#1566,1.);
#1566 = DIRECTION('',(-1.,3.445092848398E-16,0.));
#1567 = ORIENTED_EDGE('',*,*,#1410,.T.);
#1568 = ORIENTED_EDGE('',*,*,#1229,.F.);
#1569 = ORIENTED_EDGE('',*,*,#1570,.F.);
#1570 = EDGE_CURVE('',#1547,#1222,#1571,.T.);
#1571 = LINE('',#1572,#1573);
#1572 = CARTESIAN_POINT('',(0.75,0.15,0.));
#1573 = VECTOR('',#1574,1.);
#1574 = DIRECTION('',(0.,0.,1.));
#1575 = PLANE('',#1576);
#1576 = AXIS2_PLACEMENT_3D('',#1577,#1578,#1579);
#1577 = CARTESIAN_POINT('',(1.,0.15,0.));
#1578 = DIRECTION('',(-3.445092848398E-16,-1.,0.));
#1579 = DIRECTION('',(-1.,3.445092848398E-16,0.));
#1580 = ADVANCED_FACE('',(#1581),#1599,.F.);
#1581 = FACE_BOUND('',#1582,.F.);
#1582 = EDGE_LOOP('',(#1583,#1591,#1592,#1593));
#1583 = ORIENTED_EDGE('',*,*,#1584,.F.);
#1584 = EDGE_CURVE('',#1547,#1585,#1587,.T.);
#1585 = VERTEX_POINT('',#1586);
#1586 = CARTESIAN_POINT('',(0.75,-0.15,0.));
#1587 = LINE('',#1588,#1589);
#1588 = CARTESIAN_POINT('',(0.75,0.15,0.));
#1589 = VECTOR('',#1590,1.);
#1590 = DIRECTION('',(-3.445092848398E-16,-1.,0.));
#1591 = ORIENTED_EDGE('',*,*,#1570,.T.);
#1592 = ORIENTED_EDGE('',*,*,#1221,.F.);
#1593 = ORIENTED_EDGE('',*,*,#1594,.F.);
#1594 = EDGE_CURVE('',#1585,#1214,#1595,.T.);
#1595 = LINE('',#1596,#1597);
#1596 = CARTESIAN_POINT('',(0.75,-0.15,0.));
#1597 = VECTOR('',#1598,1.);
#1598 = DIRECTION('',(0.,0.,1.));
#1599 = PLANE('',#1600);
#1600 = AXIS2_PLACEMENT_3D('',#1601,#1602,#1603);
#1601 = CARTESIAN_POINT('',(0.75,0.15,0.));
#1602 = DIRECTION('',(1.,-3.445092848398E-16,0.));
#1603 = DIRECTION('',(-3.445092848398E-16,-1.,0.));
#1604 = ADVANCED_FACE('',(#1605),#1632,.F.);
#1605 = FACE_BOUND('',#1606,.F.);
#1606 = EDGE_LOOP('',(#1607,#1615,#1616,#1617,#1618,#1626));
#1607 = ORIENTED_EDGE('',*,*,#1608,.F.);
#1608 = EDGE_CURVE('',#1585,#1609,#1611,.T.);
#1609 = VERTEX_POINT('',#1610);
#1610 = CARTESIAN_POINT('',(1.,-0.15,0.));
#1611 = LINE('',#1612,#1613);
#1612 = CARTESIAN_POINT('',(0.75,-0.15,0.));
#1613 = VECTOR('',#1614,1.);
#1614 = DIRECTION('',(1.,-3.445092848398E-16,0.));
#1615 = ORIENTED_EDGE('',*,*,#1594,.T.);
#1616 = ORIENTED_EDGE('',*,*,#1213,.F.);
#1617 = ORIENTED_EDGE('',*,*,#1394,.T.);
#1618 = ORIENTED_EDGE('',*,*,#1619,.T.);
#1619 = EDGE_CURVE('',#1395,#1620,#1622,.T.);
#1620 = VERTEX_POINT('',#1621);
#1621 = CARTESIAN_POINT('',(1.,-0.15,0.2));
#1622 = LINE('',#1623,#1624);
#1623 = CARTESIAN_POINT('',(0.75,-0.15,0.2));
#1624 = VECTOR('',#1625,1.);
#1625 = DIRECTION('',(1.,-3.445092848398E-16,0.));
#1626 = ORIENTED_EDGE('',*,*,#1627,.F.);
#1627 = EDGE_CURVE('',#1609,#1620,#1628,.T.);
#1628 = LINE('',#1629,#1630);
#1629 = CARTESIAN_POINT('',(1.,-0.15,0.));
#1630 = VECTOR('',#1631,1.);
#1631 = DIRECTION('',(0.,0.,1.));
#1632 = PLANE('',#1633);
#1633 = AXIS2_PLACEMENT_3D('',#1634,#1635,#1636);
#1634 = CARTESIAN_POINT('',(0.75,-0.15,0.));
#1635 = DIRECTION('',(3.445092848398E-16,1.,0.));
#1636 = DIRECTION('',(1.,-3.445092848398E-16,0.));
#1637 = ADVANCED_FACE('',(#1638),#1672,.F.);
#1638 = FACE_BOUND('',#1639,.F.);
#1639 = EDGE_LOOP('',(#1640,#1650,#1658,#1664,#1665,#1666));
#1640 = ORIENTED_EDGE('',*,*,#1641,.F.);
#1641 = EDGE_CURVE('',#1642,#1644,#1646,.T.);
#1642 = VERTEX_POINT('',#1643);
#1643 = CARTESIAN_POINT('',(1.,-0.5,0.));
#1644 = VERTEX_POINT('',#1645);
#1645 = CARTESIAN_POINT('',(0.75,-0.5,0.));
#1646 = LINE('',#1647,#1648);
#1647 = CARTESIAN_POINT('',(1.,-0.5,0.));
#1648 = VECTOR('',#1649,1.);
#1649 = DIRECTION('',(-1.,3.445092848398E-16,0.));
#1650 = ORIENTED_EDGE('',*,*,#1651,.T.);
#1651 = EDGE_CURVE('',#1642,#1652,#1654,.T.);
#1652 = VERTEX_POINT('',#1653);
#1653 = CARTESIAN_POINT('',(1.,-0.5,0.2));
#1654 = LINE('',#1655,#1656);
#1655 = CARTESIAN_POINT('',(1.,-0.5,0.));
#1656 = VECTOR('',#1657,1.);
#1657 = DIRECTION('',(0.,0.,1.));
#1658 = ORIENTED_EDGE('',*,*,#1659,.T.);
#1659 = EDGE_CURVE('',#1652,#1380,#1660,.T.);
#1660 = LINE('',#1661,#1662);
#1661 = CARTESIAN_POINT('',(1.,-0.5,0.2));
#1662 = VECTOR('',#1663,1.);
#1663 = DIRECTION('',(-1.,3.445092848398E-16,0.));
#1664 = ORIENTED_EDGE('',*,*,#1387,.T.);
#1665 = ORIENTED_EDGE('',*,*,#1197,.F.);
#1666 = ORIENTED_EDGE('',*,*,#1667,.F.);
#1667 = EDGE_CURVE('',#1644,#1190,#1668,.T.);
#1668 = LINE('',#1669,#1670);
#1669 = CARTESIAN_POINT('',(0.75,-0.5,0.));
#1670 = VECTOR('',#1671,1.);
#1671 = DIRECTION('',(0.,0.,1.));
#1672 = PLANE('',#1673);
#1673 = AXIS2_PLACEMENT_3D('',#1674,#1675,#1676);
#1674 = CARTESIAN_POINT('',(1.,-0.5,0.));
#1675 = DIRECTION('',(-3.445092848398E-16,-1.,0.));
#1676 = DIRECTION('',(-1.,3.445092848398E-16,0.));
#1677 = ADVANCED_FACE('',(#1678),#1696,.F.);
#1678 = FACE_BOUND('',#1679,.F.);
#1679 = EDGE_LOOP('',(#1680,#1688,#1689,#1690));
#1680 = ORIENTED_EDGE('',*,*,#1681,.F.);
#1681 = EDGE_CURVE('',#1644,#1682,#1684,.T.);
#1682 = VERTEX_POINT('',#1683);
#1683 = CARTESIAN_POINT('',(0.75,-0.8,0.));
#1684 = LINE('',#1685,#1686);
#1685 = CARTESIAN_POINT('',(0.75,-0.5,0.));
#1686 = VECTOR('',#1687,1.);
#1687 = DIRECTION('',(-3.445092848398E-16,-1.,0.));
#1688 = ORIENTED_EDGE('',*,*,#1667,.T.);
#1689 = ORIENTED_EDGE('',*,*,#1189,.F.);
#1690 = ORIENTED_EDGE('',*,*,#1691,.F.);
#1691 = EDGE_CURVE('',#1682,#1182,#1692,.T.);
#1692 = LINE('',#1693,#1694);
#1693 = CARTESIAN_POINT('',(0.75,-0.8,0.));
#1694 = VECTOR('',#1695,1.);
#1695 = DIRECTION('',(0.,0.,1.));
#1696 = PLANE('',#1697);
#1697 = AXIS2_PLACEMENT_3D('',#1698,#1699,#1700);
#1698 = CARTESIAN_POINT('',(0.75,-0.5,0.));
#1699 = DIRECTION('',(1.,-3.445092848398E-16,0.));
#1700 = DIRECTION('',(-3.445092848398E-16,-1.,0.));
#1701 = ADVANCED_FACE('',(#1702),#1729,.F.);
#1702 = FACE_BOUND('',#1703,.F.);
#1703 = EDGE_LOOP('',(#1704,#1712,#1713,#1714,#1715,#1723));
#1704 = ORIENTED_EDGE('',*,*,#1705,.F.);
#1705 = EDGE_CURVE('',#1682,#1706,#1708,.T.);
#1706 = VERTEX_POINT('',#1707);
#1707 = CARTESIAN_POINT('',(1.,-0.8,0.));
#1708 = LINE('',#1709,#1710);
#1709 = CARTESIAN_POINT('',(0.75,-0.8,0.));
#1710 = VECTOR('',#1711,1.);
#1711 = DIRECTION('',(1.,-3.445092848398E-16,0.));
#1712 = ORIENTED_EDGE('',*,*,#1691,.T.);
#1713 = ORIENTED_EDGE('',*,*,#1181,.F.);
#1714 = ORIENTED_EDGE('',*,*,#1371,.T.);
#1715 = ORIENTED_EDGE('',*,*,#1716,.T.);
#1716 = EDGE_CURVE('',#1372,#1717,#1719,.T.);
#1717 = VERTEX_POINT('',#1718);
#1718 = CARTESIAN_POINT('',(1.,-0.8,0.2));
#1719 = LINE('',#1720,#1721);
#1720 = CARTESIAN_POINT('',(0.75,-0.8,0.2));
#1721 = VECTOR('',#1722,1.);
#1722 = DIRECTION('',(1.,-3.445092848398E-16,0.));
#1723 = ORIENTED_EDGE('',*,*,#1724,.F.);
#1724 = EDGE_CURVE('',#1706,#1717,#1725,.T.);
#1725 = LINE('',#1726,#1727);
#1726 = CARTESIAN_POINT('',(1.,-0.8,0.));
#1727 = VECTOR('',#1728,1.);
#1728 = DIRECTION('',(0.,0.,1.));
#1729 = PLANE('',#1730);
#1730 = AXIS2_PLACEMENT_3D('',#1731,#1732,#1733);
#1731 = CARTESIAN_POINT('',(0.75,-0.8,0.));
#1732 = DIRECTION('',(3.445092848398E-16,1.,0.));
#1733 = DIRECTION('',(1.,-3.445092848398E-16,0.));
#1734 = ADVANCED_FACE('',(#1735),#1753,.T.);
#1735 = FACE_BOUND('',#1736,.T.);
#1736 = EDGE_LOOP('',(#1737,#1745,#1746,#1747));
#1737 = ORIENTED_EDGE('',*,*,#1738,.F.);
#1738 = EDGE_CURVE('',#1158,#1739,#1741,.T.);
#1739 = VERTEX_POINT('',#1740);
#1740 = CARTESIAN_POINT('',(-0.99,-0.99,0.82));
#1741 = LINE('',#1742,#1743);
#1742 = CARTESIAN_POINT('',(-0.99,-0.99,2.E-02));
#1743 = VECTOR('',#1744,1.);
#1744 = DIRECTION('',(0.,0.,1.));
#1745 = ORIENTED_EDGE('',*,*,#1165,.T.);
#1746 = ORIENTED_EDGE('',*,*,#1364,.T.);
#1747 = ORIENTED_EDGE('',*,*,#1748,.F.);
#1748 = EDGE_CURVE('',#1739,#1357,#1749,.T.);
#1749 = LINE('',#1750,#1751);
#1750 = CARTESIAN_POINT('',(-0.99,-0.99,0.82));
#1751 = VECTOR('',#1752,1.);
#1752 = DIRECTION('',(1.,-2.22044604925E-16,0.));
#1753 = PLANE('',#1754);
#1754 = AXIS2_PLACEMENT_3D('',#1755,#1756,#1757);
#1755 = CARTESIAN_POINT('',(-0.99,-0.99,2.E-02));
#1756 = DIRECTION('',(-2.22044604925E-16,-1.,0.));
#1757 = DIRECTION('',(0.,0.,1.));
#1758 = ADVANCED_FACE('',(#1759),#1846,.F.);
#1759 = FACE_BOUND('',#1760,.F.);
#1760 = EDGE_LOOP('',(#1761,#1762,#1770,#1776,#1777,#1778,#1786,#1794,
    #1800,#1801,#1809,#1817,#1823,#1824,#1832,#1840));
#1761 = ORIENTED_EDGE('',*,*,#1061,.F.);
#1762 = ORIENTED_EDGE('',*,*,#1763,.T.);
#1763 = EDGE_CURVE('',#1054,#1764,#1766,.T.);
#1764 = VERTEX_POINT('',#1765);
#1765 = CARTESIAN_POINT('',(-0.99,0.99,0.82));
#1766 = LINE('',#1767,#1768);
#1767 = CARTESIAN_POINT('',(-0.99,0.99,2.E-02));
#1768 = VECTOR('',#1769,1.);
#1769 = DIRECTION('',(0.,0.,1.));
#1770 = ORIENTED_EDGE('',*,*,#1771,.T.);
#1771 = EDGE_CURVE('',#1764,#1739,#1772,.T.);
#1772 = LINE('',#1773,#1774);
#1773 = CARTESIAN_POINT('',(-0.99,0.99,0.82));
#1774 = VECTOR('',#1775,1.);
#1775 = DIRECTION('',(-2.22044604925E-16,-1.,0.));
#1776 = ORIENTED_EDGE('',*,*,#1738,.F.);
#1777 = ORIENTED_EDGE('',*,*,#1157,.F.);
#1778 = ORIENTED_EDGE('',*,*,#1779,.T.);
#1779 = EDGE_CURVE('',#1150,#1780,#1782,.T.);
#1780 = VERTEX_POINT('',#1781);
#1781 = CARTESIAN_POINT('',(-0.99,-0.8,0.2));
#1782 = LINE('',#1783,#1784);
#1783 = CARTESIAN_POINT('',(-0.99,-0.8,1.E-02));
#1784 = VECTOR('',#1785,1.);
#1785 = DIRECTION('',(0.,0.,1.));
#1786 = ORIENTED_EDGE('',*,*,#1787,.F.);
#1787 = EDGE_CURVE('',#1788,#1780,#1790,.T.);
#1788 = VERTEX_POINT('',#1789);
#1789 = CARTESIAN_POINT('',(-0.99,-0.5,0.2));
#1790 = LINE('',#1791,#1792);
#1791 = CARTESIAN_POINT('',(-0.99,0.17,0.2));
#1792 = VECTOR('',#1793,1.);
#1793 = DIRECTION('',(-2.22044604925E-16,-1.,0.));
#1794 = ORIENTED_EDGE('',*,*,#1795,.T.);
#1795 = EDGE_CURVE('',#1788,#1126,#1796,.T.);
#1796 = LINE('',#1797,#1798);
#1797 = CARTESIAN_POINT('',(-0.99,-0.5,1.E-02));
#1798 = VECTOR('',#1799,1.);
#1799 = DIRECTION('',(0.,-0.,-1.));
#1800 = ORIENTED_EDGE('',*,*,#1125,.F.);
#1801 = ORIENTED_EDGE('',*,*,#1802,.T.);
#1802 = EDGE_CURVE('',#1118,#1803,#1805,.T.);
#1803 = VERTEX_POINT('',#1804);
#1804 = CARTESIAN_POINT('',(-0.99,-0.15,0.2));
#1805 = LINE('',#1806,#1807);
#1806 = CARTESIAN_POINT('',(-0.99,-0.15,1.E-02));
#1807 = VECTOR('',#1808,1.);
#1808 = DIRECTION('',(0.,0.,1.));
#1809 = ORIENTED_EDGE('',*,*,#1810,.F.);
#1810 = EDGE_CURVE('',#1811,#1803,#1813,.T.);
#1811 = VERTEX_POINT('',#1812);
#1812 = CARTESIAN_POINT('',(-0.99,0.15,0.2));
#1813 = LINE('',#1814,#1815);
#1814 = CARTESIAN_POINT('',(-0.99,0.495,0.2));
#1815 = VECTOR('',#1816,1.);
#1816 = DIRECTION('',(-2.22044604925E-16,-1.,0.));
#1817 = ORIENTED_EDGE('',*,*,#1818,.T.);
#1818 = EDGE_CURVE('',#1811,#1094,#1819,.T.);
#1819 = LINE('',#1820,#1821);
#1820 = CARTESIAN_POINT('',(-0.99,0.15,1.E-02));
#1821 = VECTOR('',#1822,1.);
#1822 = DIRECTION('',(0.,-0.,-1.));
#1823 = ORIENTED_EDGE('',*,*,#1093,.F.);
#1824 = ORIENTED_EDGE('',*,*,#1825,.T.);
#1825 = EDGE_CURVE('',#1086,#1826,#1828,.T.);
#1826 = VERTEX_POINT('',#1827);
#1827 = CARTESIAN_POINT('',(-0.99,0.5,0.2));
#1828 = LINE('',#1829,#1830);
#1829 = CARTESIAN_POINT('',(-0.99,0.5,1.E-02));
#1830 = VECTOR('',#1831,1.);
#1831 = DIRECTION('',(0.,0.,1.));
#1832 = ORIENTED_EDGE('',*,*,#1833,.F.);
#1833 = EDGE_CURVE('',#1834,#1826,#1836,.T.);
#1834 = VERTEX_POINT('',#1835);
#1835 = CARTESIAN_POINT('',(-0.99,0.8,0.2));
#1836 = LINE('',#1837,#1838);
#1837 = CARTESIAN_POINT('',(-0.99,0.82,0.2));
#1838 = VECTOR('',#1839,1.);
#1839 = DIRECTION('',(-2.22044604925E-16,-1.,0.));
#1840 = ORIENTED_EDGE('',*,*,#1841,.T.);
#1841 = EDGE_CURVE('',#1834,#1062,#1842,.T.);
#1842 = LINE('',#1843,#1844);
#1843 = CARTESIAN_POINT('',(-0.99,0.8,1.E-02));
#1844 = VECTOR('',#1845,1.);
#1845 = DIRECTION('',(0.,-0.,-1.));
#1846 = PLANE('',#1847);
#1847 = AXIS2_PLACEMENT_3D('',#1848,#1849,#1850);
#1848 = CARTESIAN_POINT('',(-0.99,0.99,2.E-02));
#1849 = DIRECTION('',(1.,-2.22044604925E-16,0.));
#1850 = DIRECTION('',(0.,0.,1.));
#1851 = ADVANCED_FACE('',(#1852),#1886,.F.);
#1852 = FACE_BOUND('',#1853,.F.);
#1853 = EDGE_LOOP('',(#1854,#1864,#1872,#1878,#1879,#1880));
#1854 = ORIENTED_EDGE('',*,*,#1855,.F.);
#1855 = EDGE_CURVE('',#1856,#1858,#1860,.T.);
#1856 = VERTEX_POINT('',#1857);
#1857 = CARTESIAN_POINT('',(-1.,-0.8,0.));
#1858 = VERTEX_POINT('',#1859);
#1859 = CARTESIAN_POINT('',(-0.75,-0.8,0.));
#1860 = LINE('',#1861,#1862);
#1861 = CARTESIAN_POINT('',(-1.,-0.8,0.));
#1862 = VECTOR('',#1863,1.);
#1863 = DIRECTION('',(1.,-4.669739647545E-16,0.));
#1864 = ORIENTED_EDGE('',*,*,#1865,.T.);
#1865 = EDGE_CURVE('',#1856,#1866,#1868,.T.);
#1866 = VERTEX_POINT('',#1867);
#1867 = CARTESIAN_POINT('',(-1.,-0.8,0.2));
#1868 = LINE('',#1869,#1870);
#1869 = CARTESIAN_POINT('',(-1.,-0.8,0.));
#1870 = VECTOR('',#1871,1.);
#1871 = DIRECTION('',(0.,0.,1.));
#1872 = ORIENTED_EDGE('',*,*,#1873,.T.);
#1873 = EDGE_CURVE('',#1866,#1780,#1874,.T.);
#1874 = LINE('',#1875,#1876);
#1875 = CARTESIAN_POINT('',(-1.,-0.8,0.2));
#1876 = VECTOR('',#1877,1.);
#1877 = DIRECTION('',(1.,-4.669739647545E-16,0.));
#1878 = ORIENTED_EDGE('',*,*,#1779,.F.);
#1879 = ORIENTED_EDGE('',*,*,#1149,.F.);
#1880 = ORIENTED_EDGE('',*,*,#1881,.F.);
#1881 = EDGE_CURVE('',#1858,#1142,#1882,.T.);
#1882 = LINE('',#1883,#1884);
#1883 = CARTESIAN_POINT('',(-0.75,-0.8,0.));
#1884 = VECTOR('',#1885,1.);
#1885 = DIRECTION('',(0.,0.,1.));
#1886 = PLANE('',#1887);
#1887 = AXIS2_PLACEMENT_3D('',#1888,#1889,#1890);
#1888 = CARTESIAN_POINT('',(-1.,-0.8,0.));
#1889 = DIRECTION('',(4.669739647545E-16,1.,0.));
#1890 = DIRECTION('',(1.,-4.669739647545E-16,0.));
#1891 = ADVANCED_FACE('',(#1892),#1910,.F.);
#1892 = FACE_BOUND('',#1893,.F.);
#1893 = EDGE_LOOP('',(#1894,#1902,#1903,#1904));
#1894 = ORIENTED_EDGE('',*,*,#1895,.F.);
#1895 = EDGE_CURVE('',#1858,#1896,#1898,.T.);
#1896 = VERTEX_POINT('',#1897);
#1897 = CARTESIAN_POINT('',(-0.75,-0.5,0.));
#1898 = LINE('',#1899,#1900);
#1899 = CARTESIAN_POINT('',(-0.75,-0.8,0.));
#1900 = VECTOR('',#1901,1.);
#1901 = DIRECTION('',(4.669739647545E-16,1.,0.));
#1902 = ORIENTED_EDGE('',*,*,#1881,.T.);
#1903 = ORIENTED_EDGE('',*,*,#1141,.F.);
#1904 = ORIENTED_EDGE('',*,*,#1905,.F.);
#1905 = EDGE_CURVE('',#1896,#1134,#1906,.T.);
#1906 = LINE('',#1907,#1908);
#1907 = CARTESIAN_POINT('',(-0.75,-0.5,0.));
#1908 = VECTOR('',#1909,1.);
#1909 = DIRECTION('',(0.,0.,1.));
#1910 = PLANE('',#1911);
#1911 = AXIS2_PLACEMENT_3D('',#1912,#1913,#1914);
#1912 = CARTESIAN_POINT('',(-0.75,-0.8,0.));
#1913 = DIRECTION('',(-1.,4.669739647545E-16,0.));
#1914 = DIRECTION('',(4.669739647545E-16,1.,0.));
#1915 = ADVANCED_FACE('',(#1916),#1943,.F.);
#1916 = FACE_BOUND('',#1917,.F.);
#1917 = EDGE_LOOP('',(#1918,#1926,#1927,#1928,#1929,#1937));
#1918 = ORIENTED_EDGE('',*,*,#1919,.F.);
#1919 = EDGE_CURVE('',#1896,#1920,#1922,.T.);
#1920 = VERTEX_POINT('',#1921);
#1921 = CARTESIAN_POINT('',(-1.,-0.5,0.));
#1922 = LINE('',#1923,#1924);
#1923 = CARTESIAN_POINT('',(-0.75,-0.5,0.));
#1924 = VECTOR('',#1925,1.);
#1925 = DIRECTION('',(-1.,4.669739647545E-16,0.));
#1926 = ORIENTED_EDGE('',*,*,#1905,.T.);
#1927 = ORIENTED_EDGE('',*,*,#1133,.F.);
#1928 = ORIENTED_EDGE('',*,*,#1795,.F.);
#1929 = ORIENTED_EDGE('',*,*,#1930,.T.);
#1930 = EDGE_CURVE('',#1788,#1931,#1933,.T.);
#1931 = VERTEX_POINT('',#1932);
#1932 = CARTESIAN_POINT('',(-1.,-0.5,0.2));
#1933 = LINE('',#1934,#1935);
#1934 = CARTESIAN_POINT('',(-0.75,-0.5,0.2));
#1935 = VECTOR('',#1936,1.);
#1936 = DIRECTION('',(-1.,4.669739647545E-16,0.));
#1937 = ORIENTED_EDGE('',*,*,#1938,.F.);
#1938 = EDGE_CURVE('',#1920,#1931,#1939,.T.);
#1939 = LINE('',#1940,#1941);
#1940 = CARTESIAN_POINT('',(-1.,-0.5,0.));
#1941 = VECTOR('',#1942,1.);
#1942 = DIRECTION('',(0.,0.,1.));
#1943 = PLANE('',#1944);
#1944 = AXIS2_PLACEMENT_3D('',#1945,#1946,#1947);
#1945 = CARTESIAN_POINT('',(-0.75,-0.5,0.));
#1946 = DIRECTION('',(-4.669739647545E-16,-1.,0.));
#1947 = DIRECTION('',(-1.,4.669739647545E-16,0.));
#1948 = ADVANCED_FACE('',(#1949),#1983,.F.);
#1949 = FACE_BOUND('',#1950,.F.);
#1950 = EDGE_LOOP('',(#1951,#1961,#1969,#1975,#1976,#1977));
#1951 = ORIENTED_EDGE('',*,*,#1952,.F.);
#1952 = EDGE_CURVE('',#1953,#1955,#1957,.T.);
#1953 = VERTEX_POINT('',#1954);
#1954 = CARTESIAN_POINT('',(-1.,-0.15,0.));
#1955 = VERTEX_POINT('',#1956);
#1956 = CARTESIAN_POINT('',(-0.75,-0.15,0.));
#1957 = LINE('',#1958,#1959);
#1958 = CARTESIAN_POINT('',(-1.,-0.15,0.));
#1959 = VECTOR('',#1960,1.);
#1960 = DIRECTION('',(1.,-4.669739647545E-16,0.));
#1961 = ORIENTED_EDGE('',*,*,#1962,.T.);
#1962 = EDGE_CURVE('',#1953,#1963,#1965,.T.);
#1963 = VERTEX_POINT('',#1964);
#1964 = CARTESIAN_POINT('',(-1.,-0.15,0.2));
#1965 = LINE('',#1966,#1967);
#1966 = CARTESIAN_POINT('',(-1.,-0.15,0.));
#1967 = VECTOR('',#1968,1.);
#1968 = DIRECTION('',(0.,0.,1.));
#1969 = ORIENTED_EDGE('',*,*,#1970,.T.);
#1970 = EDGE_CURVE('',#1963,#1803,#1971,.T.);
#1971 = LINE('',#1972,#1973);
#1972 = CARTESIAN_POINT('',(-1.,-0.15,0.2));
#1973 = VECTOR('',#1974,1.);
#1974 = DIRECTION('',(1.,-4.669739647545E-16,0.));
#1975 = ORIENTED_EDGE('',*,*,#1802,.F.);
#1976 = ORIENTED_EDGE('',*,*,#1117,.F.);
#1977 = ORIENTED_EDGE('',*,*,#1978,.F.);
#1978 = EDGE_CURVE('',#1955,#1110,#1979,.T.);
#1979 = LINE('',#1980,#1981);
#1980 = CARTESIAN_POINT('',(-0.75,-0.15,0.));
#1981 = VECTOR('',#1982,1.);
#1982 = DIRECTION('',(0.,0.,1.));
#1983 = PLANE('',#1984);
#1984 = AXIS2_PLACEMENT_3D('',#1985,#1986,#1987);
#1985 = CARTESIAN_POINT('',(-1.,-0.15,0.));
#1986 = DIRECTION('',(4.669739647545E-16,1.,0.));
#1987 = DIRECTION('',(1.,-4.669739647545E-16,0.));
#1988 = ADVANCED_FACE('',(#1989),#2007,.F.);
#1989 = FACE_BOUND('',#1990,.F.);
#1990 = EDGE_LOOP('',(#1991,#1999,#2000,#2001));
#1991 = ORIENTED_EDGE('',*,*,#1992,.F.);
#1992 = EDGE_CURVE('',#1955,#1993,#1995,.T.);
#1993 = VERTEX_POINT('',#1994);
#1994 = CARTESIAN_POINT('',(-0.75,0.15,0.));
#1995 = LINE('',#1996,#1997);
#1996 = CARTESIAN_POINT('',(-0.75,-0.15,0.));
#1997 = VECTOR('',#1998,1.);
#1998 = DIRECTION('',(4.669739647545E-16,1.,0.));
#1999 = ORIENTED_EDGE('',*,*,#1978,.T.);
#2000 = ORIENTED_EDGE('',*,*,#1109,.F.);
#2001 = ORIENTED_EDGE('',*,*,#2002,.F.);
#2002 = EDGE_CURVE('',#1993,#1102,#2003,.T.);
#2003 = LINE('',#2004,#2005);
#2004 = CARTESIAN_POINT('',(-0.75,0.15,0.));
#2005 = VECTOR('',#2006,1.);
#2006 = DIRECTION('',(0.,0.,1.));
#2007 = PLANE('',#2008);
#2008 = AXIS2_PLACEMENT_3D('',#2009,#2010,#2011);
#2009 = CARTESIAN_POINT('',(-0.75,-0.15,0.));
#2010 = DIRECTION('',(-1.,4.669739647545E-16,0.));
#2011 = DIRECTION('',(4.669739647545E-16,1.,0.));
#2012 = ADVANCED_FACE('',(#2013),#2040,.F.);
#2013 = FACE_BOUND('',#2014,.F.);
#2014 = EDGE_LOOP('',(#2015,#2023,#2024,#2025,#2026,#2034));
#2015 = ORIENTED_EDGE('',*,*,#2016,.F.);
#2016 = EDGE_CURVE('',#1993,#2017,#2019,.T.);
#2017 = VERTEX_POINT('',#2018);
#2018 = CARTESIAN_POINT('',(-1.,0.15,0.));
#2019 = LINE('',#2020,#2021);
#2020 = CARTESIAN_POINT('',(-0.75,0.15,0.));
#2021 = VECTOR('',#2022,1.);
#2022 = DIRECTION('',(-1.,4.669739647545E-16,0.));
#2023 = ORIENTED_EDGE('',*,*,#2002,.T.);
#2024 = ORIENTED_EDGE('',*,*,#1101,.F.);
#2025 = ORIENTED_EDGE('',*,*,#1818,.F.);
#2026 = ORIENTED_EDGE('',*,*,#2027,.T.);
#2027 = EDGE_CURVE('',#1811,#2028,#2030,.T.);
#2028 = VERTEX_POINT('',#2029);
#2029 = CARTESIAN_POINT('',(-1.,0.15,0.2));
#2030 = LINE('',#2031,#2032);
#2031 = CARTESIAN_POINT('',(-0.75,0.15,0.2));
#2032 = VECTOR('',#2033,1.);
#2033 = DIRECTION('',(-1.,4.669739647545E-16,0.));
#2034 = ORIENTED_EDGE('',*,*,#2035,.F.);
#2035 = EDGE_CURVE('',#2017,#2028,#2036,.T.);
#2036 = LINE('',#2037,#2038);
#2037 = CARTESIAN_POINT('',(-1.,0.15,0.));
#2038 = VECTOR('',#2039,1.);
#2039 = DIRECTION('',(0.,0.,1.));
#2040 = PLANE('',#2041);
#2041 = AXIS2_PLACEMENT_3D('',#2042,#2043,#2044);
#2042 = CARTESIAN_POINT('',(-0.75,0.15,0.));
#2043 = DIRECTION('',(-4.669739647545E-16,-1.,0.));
#2044 = DIRECTION('',(-1.,4.669739647545E-16,0.));
#2045 = ADVANCED_FACE('',(#2046),#2080,.F.);
#2046 = FACE_BOUND('',#2047,.F.);
#2047 = EDGE_LOOP('',(#2048,#2058,#2066,#2072,#2073,#2074));
#2048 = ORIENTED_EDGE('',*,*,#2049,.F.);
#2049 = EDGE_CURVE('',#2050,#2052,#2054,.T.);
#2050 = VERTEX_POINT('',#2051);
#2051 = CARTESIAN_POINT('',(-1.,0.5,0.));
#2052 = VERTEX_POINT('',#2053);
#2053 = CARTESIAN_POINT('',(-0.75,0.5,0.));
#2054 = LINE('',#2055,#2056);
#2055 = CARTESIAN_POINT('',(-1.,0.5,0.));
#2056 = VECTOR('',#2057,1.);
#2057 = DIRECTION('',(1.,-4.669739647545E-16,0.));
#2058 = ORIENTED_EDGE('',*,*,#2059,.T.);
#2059 = EDGE_CURVE('',#2050,#2060,#2062,.T.);
#2060 = VERTEX_POINT('',#2061);
#2061 = CARTESIAN_POINT('',(-1.,0.5,0.2));
#2062 = LINE('',#2063,#2064);
#2063 = CARTESIAN_POINT('',(-1.,0.5,0.));
#2064 = VECTOR('',#2065,1.);
#2065 = DIRECTION('',(0.,0.,1.));
#2066 = ORIENTED_EDGE('',*,*,#2067,.T.);
#2067 = EDGE_CURVE('',#2060,#1826,#2068,.T.);
#2068 = LINE('',#2069,#2070);
#2069 = CARTESIAN_POINT('',(-1.,0.5,0.2));
#2070 = VECTOR('',#2071,1.);
#2071 = DIRECTION('',(1.,-4.669739647545E-16,0.));
#2072 = ORIENTED_EDGE('',*,*,#1825,.F.);
#2073 = ORIENTED_EDGE('',*,*,#1085,.F.);
#2074 = ORIENTED_EDGE('',*,*,#2075,.F.);
#2075 = EDGE_CURVE('',#2052,#1078,#2076,.T.);
#2076 = LINE('',#2077,#2078);
#2077 = CARTESIAN_POINT('',(-0.75,0.5,0.));
#2078 = VECTOR('',#2079,1.);
#2079 = DIRECTION('',(0.,0.,1.));
#2080 = PLANE('',#2081);
#2081 = AXIS2_PLACEMENT_3D('',#2082,#2083,#2084);
#2082 = CARTESIAN_POINT('',(-1.,0.5,0.));
#2083 = DIRECTION('',(4.669739647545E-16,1.,0.));
#2084 = DIRECTION('',(1.,-4.669739647545E-16,0.));
#2085 = ADVANCED_FACE('',(#2086),#2104,.F.);
#2086 = FACE_BOUND('',#2087,.F.);
#2087 = EDGE_LOOP('',(#2088,#2096,#2097,#2098));
#2088 = ORIENTED_EDGE('',*,*,#2089,.F.);
#2089 = EDGE_CURVE('',#2052,#2090,#2092,.T.);
#2090 = VERTEX_POINT('',#2091);
#2091 = CARTESIAN_POINT('',(-0.75,0.8,0.));
#2092 = LINE('',#2093,#2094);
#2093 = CARTESIAN_POINT('',(-0.75,0.5,0.));
#2094 = VECTOR('',#2095,1.);
#2095 = DIRECTION('',(4.669739647545E-16,1.,0.));
#2096 = ORIENTED_EDGE('',*,*,#2075,.T.);
#2097 = ORIENTED_EDGE('',*,*,#1077,.F.);
#2098 = ORIENTED_EDGE('',*,*,#2099,.F.);
#2099 = EDGE_CURVE('',#2090,#1070,#2100,.T.);
#2100 = LINE('',#2101,#2102);
#2101 = CARTESIAN_POINT('',(-0.75,0.8,0.));
#2102 = VECTOR('',#2103,1.);
#2103 = DIRECTION('',(0.,0.,1.));
#2104 = PLANE('',#2105);
#2105 = AXIS2_PLACEMENT_3D('',#2106,#2107,#2108);
#2106 = CARTESIAN_POINT('',(-0.75,0.5,0.));
#2107 = DIRECTION('',(-1.,4.669739647545E-16,0.));
#2108 = DIRECTION('',(4.669739647545E-16,1.,0.));
#2109 = ADVANCED_FACE('',(#2110),#2137,.F.);
#2110 = FACE_BOUND('',#2111,.F.);
#2111 = EDGE_LOOP('',(#2112,#2120,#2121,#2122,#2123,#2131));
#2112 = ORIENTED_EDGE('',*,*,#2113,.F.);
#2113 = EDGE_CURVE('',#2090,#2114,#2116,.T.);
#2114 = VERTEX_POINT('',#2115);
#2115 = CARTESIAN_POINT('',(-1.,0.8,0.));
#2116 = LINE('',#2117,#2118);
#2117 = CARTESIAN_POINT('',(-0.75,0.8,0.));
#2118 = VECTOR('',#2119,1.);
#2119 = DIRECTION('',(-1.,4.669739647545E-16,0.));
#2120 = ORIENTED_EDGE('',*,*,#2099,.T.);
#2121 = ORIENTED_EDGE('',*,*,#1069,.F.);
#2122 = ORIENTED_EDGE('',*,*,#1841,.F.);
#2123 = ORIENTED_EDGE('',*,*,#2124,.T.);
#2124 = EDGE_CURVE('',#1834,#2125,#2127,.T.);
#2125 = VERTEX_POINT('',#2126);
#2126 = CARTESIAN_POINT('',(-1.,0.8,0.2));
#2127 = LINE('',#2128,#2129);
#2128 = CARTESIAN_POINT('',(-0.75,0.8,0.2));
#2129 = VECTOR('',#2130,1.);
#2130 = DIRECTION('',(-1.,4.669739647545E-16,0.));
#2131 = ORIENTED_EDGE('',*,*,#2132,.F.);
#2132 = EDGE_CURVE('',#2114,#2125,#2133,.T.);
#2133 = LINE('',#2134,#2135);
#2134 = CARTESIAN_POINT('',(-1.,0.8,0.));
#2135 = VECTOR('',#2136,1.);
#2136 = DIRECTION('',(0.,0.,1.));
#2137 = PLANE('',#2138);
#2138 = AXIS2_PLACEMENT_3D('',#2139,#2140,#2141);
#2139 = CARTESIAN_POINT('',(-0.75,0.8,0.));
#2140 = DIRECTION('',(-4.669739647545E-16,-1.,0.));
#2141 = DIRECTION('',(-1.,4.669739647545E-16,0.));
#2142 = ADVANCED_FACE('',(#2143),#2154,.F.);
#2143 = FACE_BOUND('',#2144,.F.);
#2144 = EDGE_LOOP('',(#2145,#2146,#2147,#2148));
#2145 = ORIENTED_EDGE('',*,*,#1763,.F.);
#2146 = ORIENTED_EDGE('',*,*,#1053,.T.);
#2147 = ORIENTED_EDGE('',*,*,#1348,.T.);
#2148 = ORIENTED_EDGE('',*,*,#2149,.F.);
#2149 = EDGE_CURVE('',#1764,#1349,#2150,.T.);
#2150 = LINE('',#2151,#2152);
#2151 = CARTESIAN_POINT('',(-0.99,0.99,0.82));
#2152 = VECTOR('',#2153,1.);
#2153 = DIRECTION('',(1.,-2.22044604925E-16,0.));
#2154 = PLANE('',#2155);
#2155 = AXIS2_PLACEMENT_3D('',#2156,#2157,#2158);
#2156 = CARTESIAN_POINT('',(-0.99,0.99,2.E-02));
#2157 = DIRECTION('',(-2.22044604925E-16,-1.,0.));
#2158 = DIRECTION('',(0.,0.,1.));
#2159 = ADVANCED_FACE('',(#2160),#2171,.T.);
#2160 = FACE_BOUND('',#2161,.T.);
#2161 = EDGE_LOOP('',(#2162,#2168,#2169,#2170));
#2162 = ORIENTED_EDGE('',*,*,#2163,.T.);
#2163 = EDGE_CURVE('',#1523,#1458,#2164,.T.);
#2164 = LINE('',#2165,#2166);
#2165 = CARTESIAN_POINT('',(1.,0.5,0.2));
#2166 = VECTOR('',#2167,1.);
#2167 = DIRECTION('',(3.445092848398E-16,1.,0.));
#2168 = ORIENTED_EDGE('',*,*,#1465,.T.);
#2169 = ORIENTED_EDGE('',*,*,#1425,.T.);
#2170 = ORIENTED_EDGE('',*,*,#1522,.T.);
#2171 = PLANE('',#2172);
#2172 = AXIS2_PLACEMENT_3D('',#2173,#2174,#2175);
#2173 = CARTESIAN_POINT('',(0.875,0.65,0.2));
#2174 = DIRECTION('',(0.,0.,1.));
#2175 = DIRECTION('',(3.445092848398E-16,1.,-0.));
#2176 = ADVANCED_FACE('',(#2177),#2188,.T.);
#2177 = FACE_BOUND('',#2178,.T.);
#2178 = EDGE_LOOP('',(#2179,#2185,#2186,#2187));
#2179 = ORIENTED_EDGE('',*,*,#2180,.T.);
#2180 = EDGE_CURVE('',#1620,#1555,#2181,.T.);
#2181 = LINE('',#2182,#2183);
#2182 = CARTESIAN_POINT('',(1.,-0.15,0.2));
#2183 = VECTOR('',#2184,1.);
#2184 = DIRECTION('',(3.445092848398E-16,1.,0.));
#2185 = ORIENTED_EDGE('',*,*,#1562,.T.);
#2186 = ORIENTED_EDGE('',*,*,#1402,.T.);
#2187 = ORIENTED_EDGE('',*,*,#1619,.T.);
#2188 = PLANE('',#2189);
#2189 = AXIS2_PLACEMENT_3D('',#2190,#2191,#2192);
#2190 = CARTESIAN_POINT('',(0.875,-1.942890293094E-16,0.2));
#2191 = DIRECTION('',(0.,0.,1.));
#2192 = DIRECTION('',(3.445092848398E-16,1.,-0.));
#2193 = ADVANCED_FACE('',(#2194),#2205,.T.);
#2194 = FACE_BOUND('',#2195,.T.);
#2195 = EDGE_LOOP('',(#2196,#2202,#2203,#2204));
#2196 = ORIENTED_EDGE('',*,*,#2197,.T.);
#2197 = EDGE_CURVE('',#1717,#1652,#2198,.T.);
#2198 = LINE('',#2199,#2200);
#2199 = CARTESIAN_POINT('',(1.,-0.8,0.2));
#2200 = VECTOR('',#2201,1.);
#2201 = DIRECTION('',(3.445092848398E-16,1.,0.));
#2202 = ORIENTED_EDGE('',*,*,#1659,.T.);
#2203 = ORIENTED_EDGE('',*,*,#1379,.T.);
#2204 = ORIENTED_EDGE('',*,*,#1716,.T.);
#2205 = PLANE('',#2206);
#2206 = AXIS2_PLACEMENT_3D('',#2207,#2208,#2209);
#2207 = CARTESIAN_POINT('',(0.875,-0.65,0.2));
#2208 = DIRECTION('',(0.,0.,1.));
#2209 = DIRECTION('',(3.445092848398E-16,1.,-0.));
#2210 = ADVANCED_FACE('',(#2211,#2217),#2228,.T.);
#2211 = FACE_BOUND('',#2212,.T.);
#2212 = EDGE_LOOP('',(#2213,#2214,#2215,#2216));
#2213 = ORIENTED_EDGE('',*,*,#2149,.F.);
#2214 = ORIENTED_EDGE('',*,*,#1771,.T.);
#2215 = ORIENTED_EDGE('',*,*,#1748,.T.);
#2216 = ORIENTED_EDGE('',*,*,#1356,.F.);
#2217 = FACE_BOUND('',#2218,.T.);
#2218 = EDGE_LOOP('',(#2219));
#2219 = ORIENTED_EDGE('',*,*,#2220,.T.);
#2220 = EDGE_CURVE('',#2221,#2221,#2223,.T.);
#2221 = VERTEX_POINT('',#2222);
#2222 = CARTESIAN_POINT('',(-0.65,0.525,0.82));
#2223 = CIRCLE('',#2224,0.125);
#2224 = AXIS2_PLACEMENT_3D('',#2225,#2226,#2227);
#2225 = CARTESIAN_POINT('',(-0.65,0.65,0.82));
#2226 = DIRECTION('',(-0.,0.,-1.));
#2227 = DIRECTION('',(-2.22044604925E-16,-1.,0.));
#2228 = PLANE('',#2229);
#2229 = AXIS2_PLACEMENT_3D('',#2230,#2231,#2232);
#2230 = CARTESIAN_POINT('',(-0.99,0.99,0.82));
#2231 = DIRECTION('',(0.,0.,1.));
#2232 = DIRECTION('',(-2.22044604925E-16,-1.,0.));
#2233 = ADVANCED_FACE('',(#2234),#2245,.F.);
#2234 = FACE_BOUND('',#2235,.F.);
#2235 = EDGE_LOOP('',(#2236,#2237,#2238,#2239));
#2236 = ORIENTED_EDGE('',*,*,#1447,.T.);
#2237 = ORIENTED_EDGE('',*,*,#1487,.T.);
#2238 = ORIENTED_EDGE('',*,*,#1511,.T.);
#2239 = ORIENTED_EDGE('',*,*,#2240,.T.);
#2240 = EDGE_CURVE('',#1512,#1448,#2241,.T.);
#2241 = LINE('',#2242,#2243);
#2242 = CARTESIAN_POINT('',(1.,0.5,0.));
#2243 = VECTOR('',#2244,1.);
#2244 = DIRECTION('',(3.445092848398E-16,1.,0.));
#2245 = PLANE('',#2246);
#2246 = AXIS2_PLACEMENT_3D('',#2247,#2248,#2249);
#2247 = CARTESIAN_POINT('',(0.875,0.65,0.));
#2248 = DIRECTION('',(0.,0.,1.));
#2249 = DIRECTION('',(3.445092848398E-16,1.,-0.));
#2250 = ADVANCED_FACE('',(#2251),#2257,.F.);
#2251 = FACE_BOUND('',#2252,.F.);
#2252 = EDGE_LOOP('',(#2253,#2254,#2255,#2256));
#2253 = ORIENTED_EDGE('',*,*,#1530,.T.);
#2254 = ORIENTED_EDGE('',*,*,#2163,.T.);
#2255 = ORIENTED_EDGE('',*,*,#1457,.F.);
#2256 = ORIENTED_EDGE('',*,*,#2240,.F.);
#2257 = PLANE('',#2258);
#2258 = AXIS2_PLACEMENT_3D('',#2259,#2260,#2261);
#2259 = CARTESIAN_POINT('',(1.,0.5,0.));
#2260 = DIRECTION('',(-1.,3.445092848398E-16,0.));
#2261 = DIRECTION('',(3.445092848398E-16,1.,0.));
#2262 = ADVANCED_FACE('',(#2263),#2274,.F.);
#2263 = FACE_BOUND('',#2264,.F.);
#2264 = EDGE_LOOP('',(#2265,#2266,#2267,#2268));
#2265 = ORIENTED_EDGE('',*,*,#1544,.T.);
#2266 = ORIENTED_EDGE('',*,*,#1584,.T.);
#2267 = ORIENTED_EDGE('',*,*,#1608,.T.);
#2268 = ORIENTED_EDGE('',*,*,#2269,.T.);
#2269 = EDGE_CURVE('',#1609,#1545,#2270,.T.);
#2270 = LINE('',#2271,#2272);
#2271 = CARTESIAN_POINT('',(1.,-0.15,0.));
#2272 = VECTOR('',#2273,1.);
#2273 = DIRECTION('',(3.445092848398E-16,1.,0.));
#2274 = PLANE('',#2275);
#2275 = AXIS2_PLACEMENT_3D('',#2276,#2277,#2278);
#2276 = CARTESIAN_POINT('',(0.875,-1.942890293094E-16,0.));
#2277 = DIRECTION('',(0.,0.,1.));
#2278 = DIRECTION('',(3.445092848398E-16,1.,-0.));
#2279 = ADVANCED_FACE('',(#2280),#2286,.F.);
#2280 = FACE_BOUND('',#2281,.F.);
#2281 = EDGE_LOOP('',(#2282,#2283,#2284,#2285));
#2282 = ORIENTED_EDGE('',*,*,#1627,.T.);
#2283 = ORIENTED_EDGE('',*,*,#2180,.T.);
#2284 = ORIENTED_EDGE('',*,*,#1554,.F.);
#2285 = ORIENTED_EDGE('',*,*,#2269,.F.);
#2286 = PLANE('',#2287);
#2287 = AXIS2_PLACEMENT_3D('',#2288,#2289,#2290);
#2288 = CARTESIAN_POINT('',(1.,-0.15,0.));
#2289 = DIRECTION('',(-1.,3.445092848398E-16,0.));
#2290 = DIRECTION('',(3.445092848398E-16,1.,0.));
#2291 = ADVANCED_FACE('',(#2292),#2303,.F.);
#2292 = FACE_BOUND('',#2293,.F.);
#2293 = EDGE_LOOP('',(#2294,#2295,#2296,#2297));
#2294 = ORIENTED_EDGE('',*,*,#1641,.T.);
#2295 = ORIENTED_EDGE('',*,*,#1681,.T.);
#2296 = ORIENTED_EDGE('',*,*,#1705,.T.);
#2297 = ORIENTED_EDGE('',*,*,#2298,.T.);
#2298 = EDGE_CURVE('',#1706,#1642,#2299,.T.);
#2299 = LINE('',#2300,#2301);
#2300 = CARTESIAN_POINT('',(1.,-0.8,0.));
#2301 = VECTOR('',#2302,1.);
#2302 = DIRECTION('',(3.445092848398E-16,1.,0.));
#2303 = PLANE('',#2304);
#2304 = AXIS2_PLACEMENT_3D('',#2305,#2306,#2307);
#2305 = CARTESIAN_POINT('',(0.875,-0.65,0.));
#2306 = DIRECTION('',(0.,0.,1.));
#2307 = DIRECTION('',(3.445092848398E-16,1.,-0.));
#2308 = ADVANCED_FACE('',(#2309),#2315,.F.);
#2309 = FACE_BOUND('',#2310,.F.);
#2310 = EDGE_LOOP('',(#2311,#2312,#2313,#2314));
#2311 = ORIENTED_EDGE('',*,*,#1724,.T.);
#2312 = ORIENTED_EDGE('',*,*,#2197,.T.);
#2313 = ORIENTED_EDGE('',*,*,#1651,.F.);
#2314 = ORIENTED_EDGE('',*,*,#2298,.F.);
#2315 = PLANE('',#2316);
#2316 = AXIS2_PLACEMENT_3D('',#2317,#2318,#2319);
#2317 = CARTESIAN_POINT('',(1.,-0.8,0.));
#2318 = DIRECTION('',(-1.,3.445092848398E-16,0.));
#2319 = DIRECTION('',(3.445092848398E-16,1.,0.));
#2320 = ADVANCED_FACE('',(#2321),#2332,.T.);
#2321 = FACE_BOUND('',#2322,.T.);
#2322 = EDGE_LOOP('',(#2323,#2329,#2330,#2331));
#2323 = ORIENTED_EDGE('',*,*,#2324,.T.);
#2324 = EDGE_CURVE('',#2125,#2060,#2325,.T.);
#2325 = LINE('',#2326,#2327);
#2326 = CARTESIAN_POINT('',(-1.,0.8,0.2));
#2327 = VECTOR('',#2328,1.);
#2328 = DIRECTION('',(-4.669739647545E-16,-1.,0.));
#2329 = ORIENTED_EDGE('',*,*,#2067,.T.);
#2330 = ORIENTED_EDGE('',*,*,#1833,.F.);
#2331 = ORIENTED_EDGE('',*,*,#2124,.T.);
#2332 = PLANE('',#2333);
#2333 = AXIS2_PLACEMENT_3D('',#2334,#2335,#2336);
#2334 = CARTESIAN_POINT('',(-0.875,0.65,0.2));
#2335 = DIRECTION('',(0.,0.,1.));
#2336 = DIRECTION('',(-4.669739647545E-16,-1.,0.));
#2337 = ADVANCED_FACE('',(#2338),#2349,.T.);
#2338 = FACE_BOUND('',#2339,.T.);
#2339 = EDGE_LOOP('',(#2340,#2346,#2347,#2348));
#2340 = ORIENTED_EDGE('',*,*,#2341,.T.);
#2341 = EDGE_CURVE('',#2028,#1963,#2342,.T.);
#2342 = LINE('',#2343,#2344);
#2343 = CARTESIAN_POINT('',(-1.,0.15,0.2));
#2344 = VECTOR('',#2345,1.);
#2345 = DIRECTION('',(-4.669739647545E-16,-1.,0.));
#2346 = ORIENTED_EDGE('',*,*,#1970,.T.);
#2347 = ORIENTED_EDGE('',*,*,#1810,.F.);
#2348 = ORIENTED_EDGE('',*,*,#2027,.T.);
#2349 = PLANE('',#2350);
#2350 = AXIS2_PLACEMENT_3D('',#2351,#2352,#2353);
#2351 = CARTESIAN_POINT('',(-0.875,2.775557561563E-16,0.2));
#2352 = DIRECTION('',(0.,0.,1.));
#2353 = DIRECTION('',(-4.669739647545E-16,-1.,0.));
#2354 = ADVANCED_FACE('',(#2355),#2366,.T.);
#2355 = FACE_BOUND('',#2356,.T.);
#2356 = EDGE_LOOP('',(#2357,#2363,#2364,#2365));
#2357 = ORIENTED_EDGE('',*,*,#2358,.T.);
#2358 = EDGE_CURVE('',#1931,#1866,#2359,.T.);
#2359 = LINE('',#2360,#2361);
#2360 = CARTESIAN_POINT('',(-1.,-0.5,0.2));
#2361 = VECTOR('',#2362,1.);
#2362 = DIRECTION('',(-4.669739647545E-16,-1.,0.));
#2363 = ORIENTED_EDGE('',*,*,#1873,.T.);
#2364 = ORIENTED_EDGE('',*,*,#1787,.F.);
#2365 = ORIENTED_EDGE('',*,*,#1930,.T.);
#2366 = PLANE('',#2367);
#2367 = AXIS2_PLACEMENT_3D('',#2368,#2369,#2370);
#2368 = CARTESIAN_POINT('',(-0.875,-0.65,0.2));
#2369 = DIRECTION('',(0.,0.,1.));
#2370 = DIRECTION('',(-4.669739647545E-16,-1.,0.));
#2371 = ADVANCED_FACE('',(#2372),#2383,.F.);
#2372 = FACE_BOUND('',#2373,.F.);
#2373 = EDGE_LOOP('',(#2374,#2375,#2376,#2377));
#2374 = ORIENTED_EDGE('',*,*,#1855,.T.);
#2375 = ORIENTED_EDGE('',*,*,#1895,.T.);
#2376 = ORIENTED_EDGE('',*,*,#1919,.T.);
#2377 = ORIENTED_EDGE('',*,*,#2378,.T.);
#2378 = EDGE_CURVE('',#1920,#1856,#2379,.T.);
#2379 = LINE('',#2380,#2381);
#2380 = CARTESIAN_POINT('',(-1.,-0.5,0.));
#2381 = VECTOR('',#2382,1.);
#2382 = DIRECTION('',(-4.669739647545E-16,-1.,0.));
#2383 = PLANE('',#2384);
#2384 = AXIS2_PLACEMENT_3D('',#2385,#2386,#2387);
#2385 = CARTESIAN_POINT('',(-0.875,-0.65,0.));
#2386 = DIRECTION('',(0.,0.,1.));
#2387 = DIRECTION('',(-4.669739647545E-16,-1.,0.));
#2388 = ADVANCED_FACE('',(#2389),#2395,.F.);
#2389 = FACE_BOUND('',#2390,.F.);
#2390 = EDGE_LOOP('',(#2391,#2392,#2393,#2394));
#2391 = ORIENTED_EDGE('',*,*,#1938,.T.);
#2392 = ORIENTED_EDGE('',*,*,#2358,.T.);
#2393 = ORIENTED_EDGE('',*,*,#1865,.F.);
#2394 = ORIENTED_EDGE('',*,*,#2378,.F.);
#2395 = PLANE('',#2396);
#2396 = AXIS2_PLACEMENT_3D('',#2397,#2398,#2399);
#2397 = CARTESIAN_POINT('',(-1.,-0.5,0.));
#2398 = DIRECTION('',(1.,-4.669739647545E-16,0.));
#2399 = DIRECTION('',(-4.669739647545E-16,-1.,0.));
#2400 = ADVANCED_FACE('',(#2401),#2412,.F.);
#2401 = FACE_BOUND('',#2402,.F.);
#2402 = EDGE_LOOP('',(#2403,#2404,#2405,#2406));
#2403 = ORIENTED_EDGE('',*,*,#1952,.T.);
#2404 = ORIENTED_EDGE('',*,*,#1992,.T.);
#2405 = ORIENTED_EDGE('',*,*,#2016,.T.);
#2406 = ORIENTED_EDGE('',*,*,#2407,.T.);
#2407 = EDGE_CURVE('',#2017,#1953,#2408,.T.);
#2408 = LINE('',#2409,#2410);
#2409 = CARTESIAN_POINT('',(-1.,0.15,0.));
#2410 = VECTOR('',#2411,1.);
#2411 = DIRECTION('',(-4.669739647545E-16,-1.,0.));
#2412 = PLANE('',#2413);
#2413 = AXIS2_PLACEMENT_3D('',#2414,#2415,#2416);
#2414 = CARTESIAN_POINT('',(-0.875,2.775557561563E-16,0.));
#2415 = DIRECTION('',(0.,0.,1.));
#2416 = DIRECTION('',(-4.669739647545E-16,-1.,0.));
#2417 = ADVANCED_FACE('',(#2418),#2424,.F.);
#2418 = FACE_BOUND('',#2419,.F.);
#2419 = EDGE_LOOP('',(#2420,#2421,#2422,#2423));
#2420 = ORIENTED_EDGE('',*,*,#2035,.T.);
#2421 = ORIENTED_EDGE('',*,*,#2341,.T.);
#2422 = ORIENTED_EDGE('',*,*,#1962,.F.);
#2423 = ORIENTED_EDGE('',*,*,#2407,.F.);
#2424 = PLANE('',#2425);
#2425 = AXIS2_PLACEMENT_3D('',#2426,#2427,#2428);
#2426 = CARTESIAN_POINT('',(-1.,0.15,0.));
#2427 = DIRECTION('',(1.,-4.669739647545E-16,0.));
#2428 = DIRECTION('',(-4.669739647545E-16,-1.,0.));
#2429 = ADVANCED_FACE('',(#2430),#2441,.F.);
#2430 = FACE_BOUND('',#2431,.F.);
#2431 = EDGE_LOOP('',(#2432,#2433,#2434,#2435));
#2432 = ORIENTED_EDGE('',*,*,#2049,.T.);
#2433 = ORIENTED_EDGE('',*,*,#2089,.T.);
#2434 = ORIENTED_EDGE('',*,*,#2113,.T.);
#2435 = ORIENTED_EDGE('',*,*,#2436,.T.);
#2436 = EDGE_CURVE('',#2114,#2050,#2437,.T.);
#2437 = LINE('',#2438,#2439);
#2438 = CARTESIAN_POINT('',(-1.,0.8,0.));
#2439 = VECTOR('',#2440,1.);
#2440 = DIRECTION('',(-4.669739647545E-16,-1.,0.));
#2441 = PLANE('',#2442);
#2442 = AXIS2_PLACEMENT_3D('',#2443,#2444,#2445);
#2443 = CARTESIAN_POINT('',(-0.875,0.65,0.));
#2444 = DIRECTION('',(0.,0.,1.));
#2445 = DIRECTION('',(-4.669739647545E-16,-1.,0.));
#2446 = ADVANCED_FACE('',(#2447),#2453,.F.);
#2447 = FACE_BOUND('',#2448,.F.);
#2448 = EDGE_LOOP('',(#2449,#2450,#2451,#2452));
#2449 = ORIENTED_EDGE('',*,*,#2132,.T.);
#2450 = ORIENTED_EDGE('',*,*,#2324,.T.);
#2451 = ORIENTED_EDGE('',*,*,#2059,.F.);
#2452 = ORIENTED_EDGE('',*,*,#2436,.F.);
#2453 = PLANE('',#2454);
#2454 = AXIS2_PLACEMENT_3D('',#2455,#2456,#2457);
#2455 = CARTESIAN_POINT('',(-1.,0.8,0.));
#2456 = DIRECTION('',(1.,-4.669739647545E-16,0.));
#2457 = DIRECTION('',(-4.669739647545E-16,-1.,0.));
#2458 = ADVANCED_FACE('',(#2459),#2478,.F.);
#2459 = FACE_BOUND('',#2460,.F.);
#2460 = EDGE_LOOP('',(#2461,#2469,#2476,#2477));
#2461 = ORIENTED_EDGE('',*,*,#2462,.T.);
#2462 = EDGE_CURVE('',#2221,#2463,#2465,.T.);
#2463 = VERTEX_POINT('',#2464);
#2464 = CARTESIAN_POINT('',(-0.65,0.525,0.81));
#2465 = LINE('',#2466,#2467);
#2466 = CARTESIAN_POINT('',(-0.65,0.525,0.83));
#2467 = VECTOR('',#2468,1.);
#2468 = DIRECTION('',(-0.,0.,-1.));
#2469 = ORIENTED_EDGE('',*,*,#2470,.T.);
#2470 = EDGE_CURVE('',#2463,#2463,#2471,.T.);
#2471 = CIRCLE('',#2472,0.125);
#2472 = AXIS2_PLACEMENT_3D('',#2473,#2474,#2475);
#2473 = CARTESIAN_POINT('',(-0.65,0.65,0.81));
#2474 = DIRECTION('',(0.,0.,1.));
#2475 = DIRECTION('',(-2.22044604925E-16,-1.,0.));
#2476 = ORIENTED_EDGE('',*,*,#2462,.F.);
#2477 = ORIENTED_EDGE('',*,*,#2220,.T.);
#2478 = CYLINDRICAL_SURFACE('',#2479,0.125);
#2479 = AXIS2_PLACEMENT_3D('',#2480,#2481,#2482);
#2480 = CARTESIAN_POINT('',(-0.65,0.65,0.83));
#2481 = DIRECTION('',(0.,0.,-1.));
#2482 = DIRECTION('',(-2.22044604925E-16,-1.,-0.));
#2483 = ADVANCED_FACE('',(#2484),#2487,.T.);
#2484 = FACE_BOUND('',#2485,.T.);
#2485 = EDGE_LOOP('',(#2486));
#2486 = ORIENTED_EDGE('',*,*,#2470,.T.);
#2487 = PLANE('',#2488);
#2488 = AXIS2_PLACEMENT_3D('',#2489,#2490,#2491);
#2489 = CARTESIAN_POINT('',(-0.65,0.65,0.81));
#2490 = DIRECTION('',(0.,0.,1.));
#2491 = DIRECTION('',(-2.22044604925E-16,-1.,0.));
#2492 = ( GEOMETRIC_REPRESENTATION_CONTEXT(3) 
GLOBAL_UNCERTAINTY_ASSIGNED_CONTEXT((#2496)) 
GLOBAL_UNIT_ASSIGNED_CONTEXT((#2493,#2494,#2495)) REPRESENTATION_CONTEXT
('Context #1','3D Context with UNIT and UNCERTAINTY') );
#2493 = ( LENGTH_UNIT() NAMED_UNIT(*) SI_UNIT(.MILLI.,.METRE.) );
#2494 = ( NAMED_UNIT(*) PLANE_ANGLE_UNIT() SI_UNIT($,.RADIAN.) );
#2495 = ( NAMED_UNIT(*) SI_UNIT($,.STERADIAN.) SOLID_ANGLE_UNIT() );
#2496 = UNCERTAINTY_MEASURE_WITH_UNIT(LENGTH_MEASURE(1.E-07),#2493,
  'distance_accuracy_value','confusion accuracy');
#2497 = CONTEXT_DEPENDENT_SHAPE_REPRESENTATION(#2498,#2500);
#2498 = ( REPRESENTATION_RELATIONSHIP('','',#933,#10) 
REPRESENTATION_RELATIONSHIP_WITH_TRANSFORMATION(#2499) 
SHAPE_REPRESENTATION_RELATIONSHIP() );
#2499 = ITEM_DEFINED_TRANSFORMATION('','',#11,#19);
#2500 = PRODUCT_DEFINITION_SHAPE('Placement','Placement of an item',
  #2501);
#2501 = NEXT_ASSEMBLY_USAGE_OCCURRENCE('2','U1','',#5,#928,$);
#2502 = PRODUCT_RELATED_PRODUCT_CATEGORY('part',$,(#930));
#2503 = CONTEXT_DEPENDENT_SHAPE_REPRESENTATION(#2504,#2506);
#2504 = ( REPRESENTATION_RELATIONSHIP('','',#60,#10) 
REPRESENTATION_RELATIONSHIP_WITH_TRANSFORMATION(#2505) 
SHAPE_REPRESENTATION_RELATIONSHIP() );
#2505 = ITEM_DEFINED_TRANSFORMATION('','',#11,#23);
#2506 = PRODUCT_DEFINITION_SHAPE('Placement','Placement of an item',
  #2507);
#2507 = NEXT_ASSEMBLY_USAGE_OCCURRENCE('3','C1','',#5,#55,$);
#2508 = SHAPE_DEFINITION_REPRESENTATION(#2509,#2515);
#2509 = PRODUCT_DEFINITION_SHAPE('','',#2510);
#2510 = PRODUCT_DEFINITION('design','',#2511,#2514);
#2511 = PRODUCT_DEFINITION_FORMATION('','',#2512);
#2512 = PRODUCT('TPS7A0228PDQNR','TPS7A0228PDQNR','',(#2513));
#2513 = PRODUCT_CONTEXT('',#2,'mechanical');
#2514 = PRODUCT_DEFINITION_CONTEXT('part definition',#2,'design');
#2515 = SHAPE_REPRESENTATION('',(#11,#2516,#2734,#3049,#3331,#3646,#3961
    ,#4111,#4261,#4411,#4561,#6724),#6812);
#2516 = MANIFOLD_SOLID_BREP('',#2517);
#2517 = CLOSED_SHELL('',(#2518,#2575,#2606,#2630,#2654,#2678,#2703,#2720
    ));
#2518 = ADVANCED_FACE('',(#2519),#2570,.F.);
#2519 = FACE_BOUND('',#2520,.T.);
#2520 = EDGE_LOOP('',(#2521,#2531,#2539,#2547,#2555,#2563));
#2521 = ORIENTED_EDGE('',*,*,#2522,.F.);
#2522 = EDGE_CURVE('',#2523,#2525,#2527,.T.);
#2523 = VERTEX_POINT('',#2524);
#2524 = CARTESIAN_POINT('',(-2.953224195089E-16,0.,-0.33941125497));
#2525 = VERTEX_POINT('',#2526);
#2526 = CARTESIAN_POINT('',(-0.116672618896,0.,-0.222738636074));
#2527 = LINE('',#2528,#2529);
#2528 = CARTESIAN_POINT('',(-2.953224195089E-16,0.,-0.33941125497));
#2529 = VECTOR('',#2530,1.);
#2530 = DIRECTION('',(-0.707106781187,0.,0.707106781187));
#2531 = ORIENTED_EDGE('',*,*,#2532,.F.);
#2532 = EDGE_CURVE('',#2533,#2523,#2535,.T.);
#2533 = VERTEX_POINT('',#2534);
#2534 = CARTESIAN_POINT('',(0.33941125497,0.,0.));
#2535 = LINE('',#2536,#2537);
#2536 = CARTESIAN_POINT('',(0.33941125497,0.,0.));
#2537 = VECTOR('',#2538,1.);
#2538 = DIRECTION('',(-0.707106781187,0.,-0.707106781187));
#2539 = ORIENTED_EDGE('',*,*,#2540,.F.);
#2540 = EDGE_CURVE('',#2541,#2533,#2543,.T.);
#2541 = VERTEX_POINT('',#2542);
#2542 = CARTESIAN_POINT('',(-4.575404403156E-16,0.,0.33941125497));
#2543 = LINE('',#2544,#2545);
#2544 = CARTESIAN_POINT('',(-4.575404403156E-16,0.,0.33941125497));
#2545 = VECTOR('',#2546,1.);
#2546 = DIRECTION('',(0.707106781187,0.,-0.707106781187));
#2547 = ORIENTED_EDGE('',*,*,#2548,.F.);
#2548 = EDGE_CURVE('',#2549,#2541,#2551,.T.);
#2549 = VERTEX_POINT('',#2550);
#2550 = CARTESIAN_POINT('',(-0.33941125497,0.,-3.388131789017E-18));
#2551 = LINE('',#2552,#2553);
#2552 = CARTESIAN_POINT('',(-0.33941125497,0.,-3.388131789017E-18));
#2553 = VECTOR('',#2554,1.);
#2554 = DIRECTION('',(0.707106781187,0.,0.707106781187));
#2555 = ORIENTED_EDGE('',*,*,#2556,.F.);
#2556 = EDGE_CURVE('',#2557,#2549,#2559,.T.);
#2557 = VERTEX_POINT('',#2558);
#2558 = CARTESIAN_POINT('',(-0.222738636074,0.,-0.116672618896));
#2559 = LINE('',#2560,#2561);
#2560 = CARTESIAN_POINT('',(-0.222738636074,0.,-0.116672618896));
#2561 = VECTOR('',#2562,1.);
#2562 = DIRECTION('',(-0.707106781187,0.,0.707106781187));
#2563 = ORIENTED_EDGE('',*,*,#2564,.F.);
#2564 = EDGE_CURVE('',#2525,#2557,#2565,.T.);
#2565 = CIRCLE('',#2566,7.5E-02);
#2566 = AXIS2_PLACEMENT_3D('',#2567,#2568,#2569);
#2567 = CARTESIAN_POINT('',(-0.169705627485,0.,-0.169705627485));
#2568 = DIRECTION('',(0.,-1.,0.));
#2569 = DIRECTION('',(0.,0.,1.));
#2570 = PLANE('',#2571);
#2571 = AXIS2_PLACEMENT_3D('',#2572,#2573,#2574);
#2572 = CARTESIAN_POINT('',(-0.169705627485,0.,-0.169705627485));
#2573 = DIRECTION('',(0.,1.,0.));
#2574 = DIRECTION('',(0.,-0.,1.));
#2575 = ADVANCED_FACE('',(#2576),#2601,.F.);
#2576 = FACE_BOUND('',#2577,.T.);
#2577 = EDGE_LOOP('',(#2578,#2586,#2594,#2600));
#2578 = ORIENTED_EDGE('',*,*,#2579,.F.);
#2579 = EDGE_CURVE('',#2580,#2523,#2582,.T.);
#2580 = VERTEX_POINT('',#2581);
#2581 = CARTESIAN_POINT('',(-2.710505431214E-16,0.11,-0.33941125497));
#2582 = LINE('',#2583,#2584);
#2583 = CARTESIAN_POINT('',(-2.953224195089E-16,1.07,-0.33941125497));
#2584 = VECTOR('',#2585,1.);
#2585 = DIRECTION('',(-0.,-1.,-0.));
#2586 = ORIENTED_EDGE('',*,*,#2587,.T.);
#2587 = EDGE_CURVE('',#2580,#2588,#2590,.T.);
#2588 = VERTEX_POINT('',#2589);
#2589 = CARTESIAN_POINT('',(0.33941125497,0.11,0.));
#2590 = LINE('',#2591,#2592);
#2591 = CARTESIAN_POINT('',(0.33941125497,0.11,0.));
#2592 = VECTOR('',#2593,1.);
#2593 = DIRECTION('',(0.707106781187,0.,0.707106781187));
#2594 = ORIENTED_EDGE('',*,*,#2595,.T.);
#2595 = EDGE_CURVE('',#2588,#2533,#2596,.T.);
#2596 = LINE('',#2597,#2598);
#2597 = CARTESIAN_POINT('',(0.33941125497,1.07,0.));
#2598 = VECTOR('',#2599,1.);
#2599 = DIRECTION('',(-0.,-1.,-0.));
#2600 = ORIENTED_EDGE('',*,*,#2532,.T.);
#2601 = PLANE('',#2602);
#2602 = AXIS2_PLACEMENT_3D('',#2603,#2604,#2605);
#2603 = CARTESIAN_POINT('',(0.33941125497,1.07,0.));
#2604 = DIRECTION('',(-0.707106781187,0.,0.707106781187));
#2605 = DIRECTION('',(0.707106781187,0.,0.707106781187));
#2606 = ADVANCED_FACE('',(#2607),#2625,.F.);
#2607 = FACE_BOUND('',#2608,.T.);
#2608 = EDGE_LOOP('',(#2609,#2610,#2618,#2624));
#2609 = ORIENTED_EDGE('',*,*,#2595,.F.);
#2610 = ORIENTED_EDGE('',*,*,#2611,.T.);
#2611 = EDGE_CURVE('',#2588,#2612,#2614,.T.);
#2612 = VERTEX_POINT('',#2613);
#2613 = CARTESIAN_POINT('',(-4.316455252524E-16,0.11,0.33941125497));
#2614 = LINE('',#2615,#2616);
#2615 = CARTESIAN_POINT('',(-4.575404403156E-16,0.11,0.33941125497));
#2616 = VECTOR('',#2617,1.);
#2617 = DIRECTION('',(-0.707106781187,0.,0.707106781187));
#2618 = ORIENTED_EDGE('',*,*,#2619,.T.);
#2619 = EDGE_CURVE('',#2612,#2541,#2620,.T.);
#2620 = LINE('',#2621,#2622);
#2621 = CARTESIAN_POINT('',(-4.575404403156E-16,1.07,0.33941125497));
#2622 = VECTOR('',#2623,1.);
#2623 = DIRECTION('',(-0.,-1.,-0.));
#2624 = ORIENTED_EDGE('',*,*,#2540,.T.);
#2625 = PLANE('',#2626);
#2626 = AXIS2_PLACEMENT_3D('',#2627,#2628,#2629);
#2627 = CARTESIAN_POINT('',(-4.575404403156E-16,1.07,0.33941125497));
#2628 = DIRECTION('',(-0.707106781187,0.,-0.707106781187));
#2629 = DIRECTION('',(-0.707106781187,0.,0.707106781187));
#2630 = ADVANCED_FACE('',(#2631),#2649,.F.);
#2631 = FACE_BOUND('',#2632,.T.);
#2632 = EDGE_LOOP('',(#2633,#2634,#2642,#2648));
#2633 = ORIENTED_EDGE('',*,*,#2619,.F.);
#2634 = ORIENTED_EDGE('',*,*,#2635,.T.);
#2635 = EDGE_CURVE('',#2612,#2636,#2638,.T.);
#2636 = VERTEX_POINT('',#2637);
#2637 = CARTESIAN_POINT('',(-0.33941125497,0.11,2.249742479391E-17));
#2638 = LINE('',#2639,#2640);
#2639 = CARTESIAN_POINT('',(-0.33941125497,0.11,-3.388131789017E-18));
#2640 = VECTOR('',#2641,1.);
#2641 = DIRECTION('',(-0.707106781187,0.,-0.707106781187));
#2642 = ORIENTED_EDGE('',*,*,#2643,.T.);
#2643 = EDGE_CURVE('',#2636,#2549,#2644,.T.);
#2644 = LINE('',#2645,#2646);
#2645 = CARTESIAN_POINT('',(-0.33941125497,1.07,-3.388131789017E-18));
#2646 = VECTOR('',#2647,1.);
#2647 = DIRECTION('',(-0.,-1.,-0.));
#2648 = ORIENTED_EDGE('',*,*,#2548,.T.);
#2649 = PLANE('',#2650);
#2650 = AXIS2_PLACEMENT_3D('',#2651,#2652,#2653);
#2651 = CARTESIAN_POINT('',(-0.33941125497,1.07,-3.388131789017E-18));
#2652 = DIRECTION('',(0.707106781187,0.,-0.707106781187));
#2653 = DIRECTION('',(-0.707106781187,0.,-0.707106781187));
#2654 = ADVANCED_FACE('',(#2655),#2673,.F.);
#2655 = FACE_BOUND('',#2656,.T.);
#2656 = EDGE_LOOP('',(#2657,#2658,#2666,#2672));
#2657 = ORIENTED_EDGE('',*,*,#2643,.F.);
#2658 = ORIENTED_EDGE('',*,*,#2659,.T.);
#2659 = EDGE_CURVE('',#2636,#2660,#2662,.T.);
#2660 = VERTEX_POINT('',#2661);
#2661 = CARTESIAN_POINT('',(-0.222738636074,0.11,-0.116672618896));
#2662 = LINE('',#2663,#2664);
#2663 = CARTESIAN_POINT('',(-0.222738636074,0.11,-0.116672618896));
#2664 = VECTOR('',#2665,1.);
#2665 = DIRECTION('',(0.707106781187,0.,-0.707106781187));
#2666 = ORIENTED_EDGE('',*,*,#2667,.T.);
#2667 = EDGE_CURVE('',#2660,#2557,#2668,.T.);
#2668 = LINE('',#2669,#2670);
#2669 = CARTESIAN_POINT('',(-0.222738636074,1.07,-0.116672618896));
#2670 = VECTOR('',#2671,1.);
#2671 = DIRECTION('',(-0.,-1.,-0.));
#2672 = ORIENTED_EDGE('',*,*,#2556,.T.);
#2673 = PLANE('',#2674);
#2674 = AXIS2_PLACEMENT_3D('',#2675,#2676,#2677);
#2675 = CARTESIAN_POINT('',(-0.222738636074,1.07,-0.116672618896));
#2676 = DIRECTION('',(0.707106781187,-0.,0.707106781187));
#2677 = DIRECTION('',(0.707106781187,0.,-0.707106781187));
#2678 = ADVANCED_FACE('',(#2679),#2698,.F.);
#2679 = FACE_BOUND('',#2680,.F.);
#2680 = EDGE_LOOP('',(#2681,#2682,#2690,#2697));
#2681 = ORIENTED_EDGE('',*,*,#2564,.F.);
#2682 = ORIENTED_EDGE('',*,*,#2683,.F.);
#2683 = EDGE_CURVE('',#2684,#2525,#2686,.T.);
#2684 = VERTEX_POINT('',#2685);
#2685 = CARTESIAN_POINT('',(-0.116672618896,0.11,-0.222738636074));
#2686 = LINE('',#2687,#2688);
#2687 = CARTESIAN_POINT('',(-0.116672618896,1.07,-0.222738636074));
#2688 = VECTOR('',#2689,1.);
#2689 = DIRECTION('',(-0.,-1.,-0.));
#2690 = ORIENTED_EDGE('',*,*,#2691,.F.);
#2691 = EDGE_CURVE('',#2660,#2684,#2692,.T.);
#2692 = CIRCLE('',#2693,7.5E-02);
#2693 = AXIS2_PLACEMENT_3D('',#2694,#2695,#2696);
#2694 = CARTESIAN_POINT('',(-0.169705627485,0.11,-0.169705627485));
#2695 = DIRECTION('',(-0.,1.,0.));
#2696 = DIRECTION('',(7.228014483237E-16,0.,-1.));
#2697 = ORIENTED_EDGE('',*,*,#2667,.T.);
#2698 = CYLINDRICAL_SURFACE('',#2699,7.5E-02);
#2699 = AXIS2_PLACEMENT_3D('',#2700,#2701,#2702);
#2700 = CARTESIAN_POINT('',(-0.169705627485,1.07,-0.169705627485));
#2701 = DIRECTION('',(-0.,-1.,-0.));
#2702 = DIRECTION('',(0.,0.,-1.));
#2703 = ADVANCED_FACE('',(#2704),#2715,.F.);
#2704 = FACE_BOUND('',#2705,.T.);
#2705 = EDGE_LOOP('',(#2706,#2707,#2713,#2714));
#2706 = ORIENTED_EDGE('',*,*,#2683,.F.);
#2707 = ORIENTED_EDGE('',*,*,#2708,.T.);
#2708 = EDGE_CURVE('',#2684,#2580,#2709,.T.);
#2709 = LINE('',#2710,#2711);
#2710 = CARTESIAN_POINT('',(-2.953224195089E-16,0.11,-0.33941125497));
#2711 = VECTOR('',#2712,1.);
#2712 = DIRECTION('',(0.707106781187,0.,-0.707106781187));
#2713 = ORIENTED_EDGE('',*,*,#2579,.T.);
#2714 = ORIENTED_EDGE('',*,*,#2522,.T.);
#2715 = PLANE('',#2716);
#2716 = AXIS2_PLACEMENT_3D('',#2717,#2718,#2719);
#2717 = CARTESIAN_POINT('',(-2.953224195089E-16,1.07,-0.33941125497));
#2718 = DIRECTION('',(0.707106781187,-0.,0.707106781187));
#2719 = DIRECTION('',(0.707106781187,0.,-0.707106781187));
#2720 = ADVANCED_FACE('',(#2721),#2729,.F.);
#2721 = FACE_BOUND('',#2722,.T.);
#2722 = EDGE_LOOP('',(#2723,#2724,#2725,#2726,#2727,#2728));
#2723 = ORIENTED_EDGE('',*,*,#2691,.F.);
#2724 = ORIENTED_EDGE('',*,*,#2659,.F.);
#2725 = ORIENTED_EDGE('',*,*,#2635,.F.);
#2726 = ORIENTED_EDGE('',*,*,#2611,.F.);
#2727 = ORIENTED_EDGE('',*,*,#2587,.F.);
#2728 = ORIENTED_EDGE('',*,*,#2708,.F.);
#2729 = PLANE('',#2730);
#2730 = AXIS2_PLACEMENT_3D('',#2731,#2732,#2733);
#2731 = CARTESIAN_POINT('',(0.,0.11,0.));
#2732 = DIRECTION('',(0.,-1.,0.));
#2733 = DIRECTION('',(0.,-0.,-1.));
#2734 = MANIFOLD_SOLID_BREP('',#2735);
#2735 = CLOSED_SHELL('',(#2736,#2784,#2831,#2871,#2895,#2951,#2968,#2991
    ,#3008,#3020,#3037));
#2736 = ADVANCED_FACE('',(#2737),#2779,.F.);
#2737 = FACE_BOUND('',#2738,.T.);
#2738 = EDGE_LOOP('',(#2739,#2749,#2757,#2765,#2773));
#2739 = ORIENTED_EDGE('',*,*,#2740,.F.);
#2740 = EDGE_CURVE('',#2741,#2743,#2745,.T.);
#2741 = VERTEX_POINT('',#2742);
#2742 = CARTESIAN_POINT('',(-0.43,0.,0.2175));
#2743 = VERTEX_POINT('',#2744);
#2744 = CARTESIAN_POINT('',(-0.5,0.,0.2175));
#2745 = LINE('',#2746,#2747);
#2746 = CARTESIAN_POINT('',(-0.43,0.,0.2175));
#2747 = VECTOR('',#2748,1.);
#2748 = DIRECTION('',(-1.,0.,0.));
#2749 = ORIENTED_EDGE('',*,*,#2750,.F.);
#2750 = EDGE_CURVE('',#2751,#2741,#2753,.T.);
#2751 = VERTEX_POINT('',#2752);
#2752 = CARTESIAN_POINT('',(-0.275,0.,0.3825));
#2753 = LINE('',#2754,#2755);
#2754 = CARTESIAN_POINT('',(-0.275,0.,0.3825));
#2755 = VECTOR('',#2756,1.);
#2756 = DIRECTION('',(-0.684675461664,0.,-0.728848072094));
#2757 = ORIENTED_EDGE('',*,*,#2758,.F.);
#2758 = EDGE_CURVE('',#2759,#2751,#2761,.T.);
#2759 = VERTEX_POINT('',#2760);
#2760 = CARTESIAN_POINT('',(-0.275,0.,0.4325));
#2761 = LINE('',#2762,#2763);
#2762 = CARTESIAN_POINT('',(-0.275,0.,0.4325));
#2763 = VECTOR('',#2764,1.);
#2764 = DIRECTION('',(-1.084202172486E-15,0.,-1.));
#2765 = ORIENTED_EDGE('',*,*,#2766,.F.);
#2766 = EDGE_CURVE('',#2767,#2759,#2769,.T.);
#2767 = VERTEX_POINT('',#2768);
#2768 = CARTESIAN_POINT('',(-0.5,0.,0.4325));
#2769 = LINE('',#2770,#2771);
#2770 = CARTESIAN_POINT('',(-0.5,0.,0.4325));
#2771 = VECTOR('',#2772,1.);
#2772 = DIRECTION('',(1.,0.,-2.409338161079E-16));
#2773 = ORIENTED_EDGE('',*,*,#2774,.F.);
#2774 = EDGE_CURVE('',#2743,#2767,#2775,.T.);
#2775 = LINE('',#2776,#2777);
#2776 = CARTESIAN_POINT('',(-0.5,0.,0.2175));
#2777 = VECTOR('',#2778,1.);
#2778 = DIRECTION('',(0.,0.,1.));
#2779 = PLANE('',#2780);
#2780 = AXIS2_PLACEMENT_3D('',#2781,#2782,#2783);
#2781 = CARTESIAN_POINT('',(0.,0.,0.));
#2782 = DIRECTION('',(0.,1.,-0.));
#2783 = DIRECTION('',(0.,0.,1.));
#2784 = ADVANCED_FACE('',(#2785),#2826,.F.);
#2785 = FACE_BOUND('',#2786,.T.);
#2786 = EDGE_LOOP('',(#2787,#2795,#2803,#2811,#2819,#2825));
#2787 = ORIENTED_EDGE('',*,*,#2788,.F.);
#2788 = EDGE_CURVE('',#2789,#2741,#2791,.T.);
#2789 = VERTEX_POINT('',#2790);
#2790 = CARTESIAN_POINT('',(-0.43,8.E-02,0.2175));
#2791 = LINE('',#2792,#2793);
#2792 = CARTESIAN_POINT('',(-0.43,1.07,0.2175));
#2793 = VECTOR('',#2794,1.);
#2794 = DIRECTION('',(-0.,-1.,-0.));
#2795 = ORIENTED_EDGE('',*,*,#2796,.F.);
#2796 = EDGE_CURVE('',#2797,#2789,#2799,.T.);
#2797 = VERTEX_POINT('',#2798);
#2798 = CARTESIAN_POINT('',(-0.455833333333,8.E-02,0.19));
#2799 = LINE('',#2800,#2801);
#2800 = CARTESIAN_POINT('',(-0.455833333333,8.E-02,0.19));
#2801 = VECTOR('',#2802,1.);
#2802 = DIRECTION('',(0.684675461664,0.,0.728848072094));
#2803 = ORIENTED_EDGE('',*,*,#2804,.T.);
#2804 = EDGE_CURVE('',#2797,#2805,#2807,.T.);
#2805 = VERTEX_POINT('',#2806);
#2806 = CARTESIAN_POINT('',(-0.455833333333,0.11,0.19));
#2807 = LINE('',#2808,#2809);
#2808 = CARTESIAN_POINT('',(-0.455833333333,-0.271461235416,0.19));
#2809 = VECTOR('',#2810,1.);
#2810 = DIRECTION('',(-0.,1.,-0.));
#2811 = ORIENTED_EDGE('',*,*,#2812,.T.);
#2812 = EDGE_CURVE('',#2805,#2813,#2815,.T.);
#2813 = VERTEX_POINT('',#2814);
#2814 = CARTESIAN_POINT('',(-0.275,0.11,0.3825));
#2815 = LINE('',#2816,#2817);
#2816 = CARTESIAN_POINT('',(-0.275,0.11,0.3825));
#2817 = VECTOR('',#2818,1.);
#2818 = DIRECTION('',(0.684675461664,0.,0.728848072094));
#2819 = ORIENTED_EDGE('',*,*,#2820,.T.);
#2820 = EDGE_CURVE('',#2813,#2751,#2821,.T.);
#2821 = LINE('',#2822,#2823);
#2822 = CARTESIAN_POINT('',(-0.275,1.07,0.3825));
#2823 = VECTOR('',#2824,1.);
#2824 = DIRECTION('',(-0.,-1.,-0.));
#2825 = ORIENTED_EDGE('',*,*,#2750,.T.);
#2826 = PLANE('',#2827);
#2827 = AXIS2_PLACEMENT_3D('',#2828,#2829,#2830);
#2828 = CARTESIAN_POINT('',(-0.275,1.07,0.3825));
#2829 = DIRECTION('',(-0.728848072094,0.,0.684675461664));
#2830 = DIRECTION('',(0.684675461664,0.,0.728848072094));
#2831 = ADVANCED_FACE('',(#2832),#2866,.F.);
#2832 = FACE_BOUND('',#2833,.T.);
#2833 = EDGE_LOOP('',(#2834,#2835,#2836,#2844,#2852,#2860));
#2834 = ORIENTED_EDGE('',*,*,#2758,.T.);
#2835 = ORIENTED_EDGE('',*,*,#2820,.F.);
#2836 = ORIENTED_EDGE('',*,*,#2837,.T.);
#2837 = EDGE_CURVE('',#2813,#2838,#2840,.T.);
#2838 = VERTEX_POINT('',#2839);
#2839 = CARTESIAN_POINT('',(-0.275,0.11,0.46));
#2840 = LINE('',#2841,#2842);
#2841 = CARTESIAN_POINT('',(-0.275,0.11,0.4325));
#2842 = VECTOR('',#2843,1.);
#2843 = DIRECTION('',(1.084202172486E-15,0.,1.));
#2844 = ORIENTED_EDGE('',*,*,#2845,.F.);
#2845 = EDGE_CURVE('',#2846,#2838,#2848,.T.);
#2846 = VERTEX_POINT('',#2847);
#2847 = CARTESIAN_POINT('',(-0.275,8.E-02,0.46));
#2848 = LINE('',#2849,#2850);
#2849 = CARTESIAN_POINT('',(-0.275,-0.271461235416,0.46));
#2850 = VECTOR('',#2851,1.);
#2851 = DIRECTION('',(-0.,1.,-0.));
#2852 = ORIENTED_EDGE('',*,*,#2853,.F.);
#2853 = EDGE_CURVE('',#2854,#2846,#2856,.T.);
#2854 = VERTEX_POINT('',#2855);
#2855 = CARTESIAN_POINT('',(-0.275,8.E-02,0.4325));
#2856 = LINE('',#2857,#2858);
#2857 = CARTESIAN_POINT('',(-0.275,8.E-02,0.3825));
#2858 = VECTOR('',#2859,1.);
#2859 = DIRECTION('',(6.994852725713E-16,0.,1.));
#2860 = ORIENTED_EDGE('',*,*,#2861,.T.);
#2861 = EDGE_CURVE('',#2854,#2759,#2862,.T.);
#2862 = LINE('',#2863,#2864);
#2863 = CARTESIAN_POINT('',(-0.275,1.07,0.4325));
#2864 = VECTOR('',#2865,1.);
#2865 = DIRECTION('',(-0.,-1.,-0.));
#2866 = PLANE('',#2867);
#2867 = AXIS2_PLACEMENT_3D('',#2868,#2869,#2870);
#2868 = CARTESIAN_POINT('',(-0.275,1.07,0.4325));
#2869 = DIRECTION('',(-1.,0.,1.084202172486E-15));
#2870 = DIRECTION('',(1.084202172486E-15,0.,1.));
#2871 = ADVANCED_FACE('',(#2872),#2890,.F.);
#2872 = FACE_BOUND('',#2873,.T.);
#2873 = EDGE_LOOP('',(#2874,#2875,#2883,#2889));
#2874 = ORIENTED_EDGE('',*,*,#2861,.F.);
#2875 = ORIENTED_EDGE('',*,*,#2876,.T.);
#2876 = EDGE_CURVE('',#2854,#2877,#2879,.T.);
#2877 = VERTEX_POINT('',#2878);
#2878 = CARTESIAN_POINT('',(-0.5,8.E-02,0.4325));
#2879 = LINE('',#2880,#2881);
#2880 = CARTESIAN_POINT('',(-0.5,8.E-02,0.4325));
#2881 = VECTOR('',#2882,1.);
#2882 = DIRECTION('',(-1.,0.,2.409338161079E-16));
#2883 = ORIENTED_EDGE('',*,*,#2884,.T.);
#2884 = EDGE_CURVE('',#2877,#2767,#2885,.T.);
#2885 = LINE('',#2886,#2887);
#2886 = CARTESIAN_POINT('',(-0.5,1.07,0.4325));
#2887 = VECTOR('',#2888,1.);
#2888 = DIRECTION('',(-0.,-1.,-0.));
#2889 = ORIENTED_EDGE('',*,*,#2766,.T.);
#2890 = PLANE('',#2891);
#2891 = AXIS2_PLACEMENT_3D('',#2892,#2893,#2894);
#2892 = CARTESIAN_POINT('',(-0.5,1.07,0.4325));
#2893 = DIRECTION('',(-2.409338161079E-16,0.,-1.));
#2894 = DIRECTION('',(-1.,0.,2.409338161079E-16));
#2895 = ADVANCED_FACE('',(#2896),#2946,.F.);
#2896 = FACE_BOUND('',#2897,.T.);
#2897 = EDGE_LOOP('',(#2898,#2899,#2907,#2915,#2923,#2931,#2939,#2945));
#2898 = ORIENTED_EDGE('',*,*,#2884,.F.);
#2899 = ORIENTED_EDGE('',*,*,#2900,.F.);
#2900 = EDGE_CURVE('',#2901,#2877,#2903,.T.);
#2901 = VERTEX_POINT('',#2902);
#2902 = CARTESIAN_POINT('',(-0.5,8.E-02,0.46));
#2903 = LINE('',#2904,#2905);
#2904 = CARTESIAN_POINT('',(-0.5,8.E-02,0.46));
#2905 = VECTOR('',#2906,1.);
#2906 = DIRECTION('',(0.,0.,-1.));
#2907 = ORIENTED_EDGE('',*,*,#2908,.T.);
#2908 = EDGE_CURVE('',#2901,#2909,#2911,.T.);
#2909 = VERTEX_POINT('',#2910);
#2910 = CARTESIAN_POINT('',(-0.5,0.11,0.46));
#2911 = LINE('',#2912,#2913);
#2912 = CARTESIAN_POINT('',(-0.5,-0.271461235416,0.46));
#2913 = VECTOR('',#2914,1.);
#2914 = DIRECTION('',(-0.,1.,-0.));
#2915 = ORIENTED_EDGE('',*,*,#2916,.T.);
#2916 = EDGE_CURVE('',#2909,#2917,#2919,.T.);
#2917 = VERTEX_POINT('',#2918);
#2918 = CARTESIAN_POINT('',(-0.5,0.11,0.19));
#2919 = LINE('',#2920,#2921);
#2920 = CARTESIAN_POINT('',(-0.5,0.11,0.2175));
#2921 = VECTOR('',#2922,1.);
#2922 = DIRECTION('',(0.,0.,-1.));
#2923 = ORIENTED_EDGE('',*,*,#2924,.F.);
#2924 = EDGE_CURVE('',#2925,#2917,#2927,.T.);
#2925 = VERTEX_POINT('',#2926);
#2926 = CARTESIAN_POINT('',(-0.5,8.E-02,0.19));
#2927 = LINE('',#2928,#2929);
#2928 = CARTESIAN_POINT('',(-0.5,-0.271461235416,0.19));
#2929 = VECTOR('',#2930,1.);
#2930 = DIRECTION('',(-0.,1.,-0.));
#2931 = ORIENTED_EDGE('',*,*,#2932,.F.);
#2932 = EDGE_CURVE('',#2933,#2925,#2935,.T.);
#2933 = VERTEX_POINT('',#2934);
#2934 = CARTESIAN_POINT('',(-0.5,8.E-02,0.2175));
#2935 = LINE('',#2936,#2937);
#2936 = CARTESIAN_POINT('',(-0.5,8.E-02,0.46));
#2937 = VECTOR('',#2938,1.);
#2938 = DIRECTION('',(0.,0.,-1.));
#2939 = ORIENTED_EDGE('',*,*,#2940,.T.);
#2940 = EDGE_CURVE('',#2933,#2743,#2941,.T.);
#2941 = LINE('',#2942,#2943);
#2942 = CARTESIAN_POINT('',(-0.5,1.07,0.2175));
#2943 = VECTOR('',#2944,1.);
#2944 = DIRECTION('',(-0.,-1.,-0.));
#2945 = ORIENTED_EDGE('',*,*,#2774,.T.);
#2946 = PLANE('',#2947);
#2947 = AXIS2_PLACEMENT_3D('',#2948,#2949,#2950);
#2948 = CARTESIAN_POINT('',(-0.5,1.07,0.2175));
#2949 = DIRECTION('',(1.,0.,0.));
#2950 = DIRECTION('',(0.,0.,-1.));
#2951 = ADVANCED_FACE('',(#2952),#2963,.F.);
#2952 = FACE_BOUND('',#2953,.T.);
#2953 = EDGE_LOOP('',(#2954,#2955,#2961,#2962));
#2954 = ORIENTED_EDGE('',*,*,#2940,.F.);
#2955 = ORIENTED_EDGE('',*,*,#2956,.T.);
#2956 = EDGE_CURVE('',#2933,#2789,#2957,.T.);
#2957 = LINE('',#2958,#2959);
#2958 = CARTESIAN_POINT('',(-0.43,8.E-02,0.2175));
#2959 = VECTOR('',#2960,1.);
#2960 = DIRECTION('',(1.,0.,0.));
#2961 = ORIENTED_EDGE('',*,*,#2788,.T.);
#2962 = ORIENTED_EDGE('',*,*,#2740,.T.);
#2963 = PLANE('',#2964);
#2964 = AXIS2_PLACEMENT_3D('',#2965,#2966,#2967);
#2965 = CARTESIAN_POINT('',(-0.43,1.07,0.2175));
#2966 = DIRECTION('',(0.,-0.,1.));
#2967 = DIRECTION('',(1.,0.,0.));
#2968 = ADVANCED_FACE('',(#2969),#2986,.F.);
#2969 = FACE_BOUND('',#2970,.T.);
#2970 = EDGE_LOOP('',(#2971,#2972,#2978,#2979,#2980));
#2971 = ORIENTED_EDGE('',*,*,#2916,.F.);
#2972 = ORIENTED_EDGE('',*,*,#2973,.F.);
#2973 = EDGE_CURVE('',#2838,#2909,#2974,.T.);
#2974 = LINE('',#2975,#2976);
#2975 = CARTESIAN_POINT('',(-0.275,0.11,0.46));
#2976 = VECTOR('',#2977,1.);
#2977 = DIRECTION('',(-1.,0.,0.));
#2978 = ORIENTED_EDGE('',*,*,#2837,.F.);
#2979 = ORIENTED_EDGE('',*,*,#2812,.F.);
#2980 = ORIENTED_EDGE('',*,*,#2981,.F.);
#2981 = EDGE_CURVE('',#2917,#2805,#2982,.T.);
#2982 = LINE('',#2983,#2984);
#2983 = CARTESIAN_POINT('',(-0.5,0.11,0.19));
#2984 = VECTOR('',#2985,1.);
#2985 = DIRECTION('',(1.,0.,-6.136993429163E-16));
#2986 = PLANE('',#2987);
#2987 = AXIS2_PLACEMENT_3D('',#2988,#2989,#2990);
#2988 = CARTESIAN_POINT('',(0.,0.11,0.));
#2989 = DIRECTION('',(0.,-1.,0.));
#2990 = DIRECTION('',(0.,-0.,-1.));
#2991 = ADVANCED_FACE('',(#2992),#3003,.F.);
#2992 = FACE_BOUND('',#2993,.T.);
#2993 = EDGE_LOOP('',(#2994,#3000,#3001,#3002));
#2994 = ORIENTED_EDGE('',*,*,#2995,.F.);
#2995 = EDGE_CURVE('',#2925,#2797,#2996,.T.);
#2996 = LINE('',#2997,#2998);
#2997 = CARTESIAN_POINT('',(-0.5,8.E-02,0.19));
#2998 = VECTOR('',#2999,1.);
#2999 = DIRECTION('',(1.,0.,-6.136993429163E-16));
#3000 = ORIENTED_EDGE('',*,*,#2924,.T.);
#3001 = ORIENTED_EDGE('',*,*,#2981,.T.);
#3002 = ORIENTED_EDGE('',*,*,#2804,.F.);
#3003 = PLANE('',#3004);
#3004 = AXIS2_PLACEMENT_3D('',#3005,#3006,#3007);
#3005 = CARTESIAN_POINT('',(-0.5,-0.271461235416,0.19));
#3006 = DIRECTION('',(6.136993429163E-16,0.,1.));
#3007 = DIRECTION('',(1.,0.,-6.136993429163E-16));
#3008 = ADVANCED_FACE('',(#3009),#3015,.T.);
#3009 = FACE_BOUND('',#3010,.T.);
#3010 = EDGE_LOOP('',(#3011,#3012,#3013,#3014));
#3011 = ORIENTED_EDGE('',*,*,#2956,.F.);
#3012 = ORIENTED_EDGE('',*,*,#2932,.T.);
#3013 = ORIENTED_EDGE('',*,*,#2995,.T.);
#3014 = ORIENTED_EDGE('',*,*,#2796,.T.);
#3015 = PLANE('',#3016);
#3016 = AXIS2_PLACEMENT_3D('',#3017,#3018,#3019);
#3017 = CARTESIAN_POINT('',(0.,8.E-02,0.));
#3018 = DIRECTION('',(0.,-1.,0.));
#3019 = DIRECTION('',(0.,-0.,-1.));
#3020 = ADVANCED_FACE('',(#3021),#3032,.T.);
#3021 = FACE_BOUND('',#3022,.T.);
#3022 = EDGE_LOOP('',(#3023,#3024,#3025,#3031));
#3023 = ORIENTED_EDGE('',*,*,#2876,.F.);
#3024 = ORIENTED_EDGE('',*,*,#2853,.T.);
#3025 = ORIENTED_EDGE('',*,*,#3026,.T.);
#3026 = EDGE_CURVE('',#2846,#2901,#3027,.T.);
#3027 = LINE('',#3028,#3029);
#3028 = CARTESIAN_POINT('',(-0.275,8.E-02,0.46));
#3029 = VECTOR('',#3030,1.);
#3030 = DIRECTION('',(-1.,0.,0.));
#3031 = ORIENTED_EDGE('',*,*,#2900,.T.);
#3032 = PLANE('',#3033);
#3033 = AXIS2_PLACEMENT_3D('',#3034,#3035,#3036);
#3034 = CARTESIAN_POINT('',(0.,8.E-02,0.));
#3035 = DIRECTION('',(0.,-1.,0.));
#3036 = DIRECTION('',(0.,-0.,-1.));
#3037 = ADVANCED_FACE('',(#3038),#3044,.F.);
#3038 = FACE_BOUND('',#3039,.T.);
#3039 = EDGE_LOOP('',(#3040,#3041,#3042,#3043));
#3040 = ORIENTED_EDGE('',*,*,#3026,.F.);
#3041 = ORIENTED_EDGE('',*,*,#2845,.T.);
#3042 = ORIENTED_EDGE('',*,*,#2973,.T.);
#3043 = ORIENTED_EDGE('',*,*,#2908,.F.);
#3044 = PLANE('',#3045);
#3045 = AXIS2_PLACEMENT_3D('',#3046,#3047,#3048);
#3046 = CARTESIAN_POINT('',(-0.275,-0.271461235416,0.46));
#3047 = DIRECTION('',(-0.,0.,-1.));
#3048 = DIRECTION('',(-1.,0.,0.));
#3049 = MANIFOLD_SOLID_BREP('',#3050);
#3050 = CLOSED_SHELL('',(#3051,#3123,#3154,#3217,#3239,#3251,#3273,#3290
    ,#3302,#3319));
#3051 = ADVANCED_FACE('',(#3052),#3118,.F.);
#3052 = FACE_BOUND('',#3053,.T.);
#3053 = EDGE_LOOP('',(#3054,#3064,#3072,#3080,#3088,#3096,#3104,#3112));
#3054 = ORIENTED_EDGE('',*,*,#3055,.F.);
#3055 = EDGE_CURVE('',#3056,#3058,#3060,.T.);
#3056 = VERTEX_POINT('',#3057);
#3057 = CARTESIAN_POINT('',(-0.25,8.E-02,-0.4325));
#3058 = VERTEX_POINT('',#3059);
#3059 = CARTESIAN_POINT('',(-0.25,0.,-0.4325));
#3060 = LINE('',#3061,#3062);
#3061 = CARTESIAN_POINT('',(-0.25,0.439734741876,-0.4325));
#3062 = VECTOR('',#3063,1.);
#3063 = DIRECTION('',(-0.,-1.,-0.));
#3064 = ORIENTED_EDGE('',*,*,#3065,.F.);
#3065 = EDGE_CURVE('',#3066,#3056,#3068,.T.);
#3066 = VERTEX_POINT('',#3067);
#3067 = CARTESIAN_POINT('',(-0.22367248062,8.E-02,-0.46));
#3068 = LINE('',#3069,#3070);
#3069 = CARTESIAN_POINT('',(-0.22367248062,8.E-02,-0.46));
#3070 = VECTOR('',#3071,1.);
#3071 = DIRECTION('',(-0.691540419444,0.,0.722337766059));
#3072 = ORIENTED_EDGE('',*,*,#3073,.T.);
#3073 = EDGE_CURVE('',#3066,#3074,#3076,.T.);
#3074 = VERTEX_POINT('',#3075);
#3075 = CARTESIAN_POINT('',(-0.22367248062,0.11,-0.46));
#3076 = LINE('',#3077,#3078);
#3077 = CARTESIAN_POINT('',(-0.22367248062,-0.306337802922,-0.46));
#3078 = VECTOR('',#3079,1.);
#3079 = DIRECTION('',(-0.,1.,-0.));
#3080 = ORIENTED_EDGE('',*,*,#3081,.F.);
#3081 = EDGE_CURVE('',#3082,#3074,#3084,.T.);
#3082 = VERTEX_POINT('',#3083);
#3083 = CARTESIAN_POINT('',(-0.482160852713,0.11,-0.19));
#3084 = LINE('',#3085,#3086);
#3085 = CARTESIAN_POINT('',(-0.455833333333,0.11,-0.2175));
#3086 = VECTOR('',#3087,1.);
#3087 = DIRECTION('',(0.691540419444,-0.,-0.722337766059));
#3088 = ORIENTED_EDGE('',*,*,#3089,.F.);
#3089 = EDGE_CURVE('',#3090,#3082,#3092,.T.);
#3090 = VERTEX_POINT('',#3091);
#3091 = CARTESIAN_POINT('',(-0.482160852713,8.E-02,-0.19));
#3092 = LINE('',#3093,#3094);
#3093 = CARTESIAN_POINT('',(-0.482160852713,-0.306337802922,-0.19));
#3094 = VECTOR('',#3095,1.);
#3095 = DIRECTION('',(-0.,1.,-0.));
#3096 = ORIENTED_EDGE('',*,*,#3097,.F.);
#3097 = EDGE_CURVE('',#3098,#3090,#3100,.T.);
#3098 = VERTEX_POINT('',#3099);
#3099 = CARTESIAN_POINT('',(-0.455833333333,8.E-02,-0.2175));
#3100 = LINE('',#3101,#3102);
#3101 = CARTESIAN_POINT('',(-0.22367248062,8.E-02,-0.46));
#3102 = VECTOR('',#3103,1.);
#3103 = DIRECTION('',(-0.691540419444,0.,0.722337766059));
#3104 = ORIENTED_EDGE('',*,*,#3105,.T.);
#3105 = EDGE_CURVE('',#3098,#3106,#3108,.T.);
#3106 = VERTEX_POINT('',#3107);
#3107 = CARTESIAN_POINT('',(-0.455833333333,0.,-0.2175));
#3108 = LINE('',#3109,#3110);
#3109 = CARTESIAN_POINT('',(-0.455833333333,0.439734741876,-0.2175));
#3110 = VECTOR('',#3111,1.);
#3111 = DIRECTION('',(-0.,-1.,-0.));
#3112 = ORIENTED_EDGE('',*,*,#3113,.T.);
#3113 = EDGE_CURVE('',#3106,#3058,#3114,.T.);
#3114 = LINE('',#3115,#3116);
#3115 = CARTESIAN_POINT('',(-0.455833333333,0.,-0.2175));
#3116 = VECTOR('',#3117,1.);
#3117 = DIRECTION('',(0.691540419444,0.,-0.722337766059));
#3118 = PLANE('',#3119);
#3119 = AXIS2_PLACEMENT_3D('',#3120,#3121,#3122);
#3120 = CARTESIAN_POINT('',(-0.455833333333,0.439734741876,-0.2175));
#3121 = DIRECTION('',(-0.722337766059,0.,-0.691540419444));
#3122 = DIRECTION('',(-0.691540419444,0.,0.722337766059));
#3123 = ADVANCED_FACE('',(#3124),#3149,.F.);
#3124 = FACE_BOUND('',#3125,.T.);
#3125 = EDGE_LOOP('',(#3126,#3136,#3142,#3143));
#3126 = ORIENTED_EDGE('',*,*,#3127,.F.);
#3127 = EDGE_CURVE('',#3128,#3130,#3132,.T.);
#3128 = VERTEX_POINT('',#3129);
#3129 = CARTESIAN_POINT('',(-0.5,8.E-02,-0.4325));
#3130 = VERTEX_POINT('',#3131);
#3131 = CARTESIAN_POINT('',(-0.5,0.,-0.4325));
#3132 = LINE('',#3133,#3134);
#3133 = CARTESIAN_POINT('',(-0.5,0.439734741876,-0.4325));
#3134 = VECTOR('',#3135,1.);
#3135 = DIRECTION('',(-0.,-1.,-0.));
#3136 = ORIENTED_EDGE('',*,*,#3137,.T.);
#3137 = EDGE_CURVE('',#3128,#3056,#3138,.T.);
#3138 = LINE('',#3139,#3140);
#3139 = CARTESIAN_POINT('',(-0.25,8.E-02,-0.4325));
#3140 = VECTOR('',#3141,1.);
#3141 = DIRECTION('',(1.,0.,0.));
#3142 = ORIENTED_EDGE('',*,*,#3055,.T.);
#3143 = ORIENTED_EDGE('',*,*,#3144,.T.);
#3144 = EDGE_CURVE('',#3058,#3130,#3145,.T.);
#3145 = LINE('',#3146,#3147);
#3146 = CARTESIAN_POINT('',(-0.25,0.,-0.4325));
#3147 = VECTOR('',#3148,1.);
#3148 = DIRECTION('',(-1.,0.,0.));
#3149 = PLANE('',#3150);
#3150 = AXIS2_PLACEMENT_3D('',#3151,#3152,#3153);
#3151 = CARTESIAN_POINT('',(-0.25,0.439734741876,-0.4325));
#3152 = DIRECTION('',(0.,-0.,1.));
#3153 = DIRECTION('',(1.,0.,0.));
#3154 = ADVANCED_FACE('',(#3155),#3212,.F.);
#3155 = FACE_BOUND('',#3156,.T.);
#3156 = EDGE_LOOP('',(#3157,#3167,#3175,#3183,#3191,#3199,#3205,#3206));
#3157 = ORIENTED_EDGE('',*,*,#3158,.F.);
#3158 = EDGE_CURVE('',#3159,#3161,#3163,.T.);
#3159 = VERTEX_POINT('',#3160);
#3160 = CARTESIAN_POINT('',(-0.5,8.E-02,-0.2175));
#3161 = VERTEX_POINT('',#3162);
#3162 = CARTESIAN_POINT('',(-0.5,0.,-0.2175));
#3163 = LINE('',#3164,#3165);
#3164 = CARTESIAN_POINT('',(-0.5,0.439734741876,-0.2175));
#3165 = VECTOR('',#3166,1.);
#3166 = DIRECTION('',(-0.,-1.,-0.));
#3167 = ORIENTED_EDGE('',*,*,#3168,.F.);
#3168 = EDGE_CURVE('',#3169,#3159,#3171,.T.);
#3169 = VERTEX_POINT('',#3170);
#3170 = CARTESIAN_POINT('',(-0.5,8.E-02,-0.19));
#3171 = LINE('',#3172,#3173);
#3172 = CARTESIAN_POINT('',(-0.5,8.E-02,-0.19));
#3173 = VECTOR('',#3174,1.);
#3174 = DIRECTION('',(0.,0.,-1.));
#3175 = ORIENTED_EDGE('',*,*,#3176,.T.);
#3176 = EDGE_CURVE('',#3169,#3177,#3179,.T.);
#3177 = VERTEX_POINT('',#3178);
#3178 = CARTESIAN_POINT('',(-0.5,0.11,-0.19));
#3179 = LINE('',#3180,#3181);
#3180 = CARTESIAN_POINT('',(-0.5,-0.306337802922,-0.19));
#3181 = VECTOR('',#3182,1.);
#3182 = DIRECTION('',(-0.,1.,-0.));
#3183 = ORIENTED_EDGE('',*,*,#3184,.F.);
#3184 = EDGE_CURVE('',#3185,#3177,#3187,.T.);
#3185 = VERTEX_POINT('',#3186);
#3186 = CARTESIAN_POINT('',(-0.5,0.11,-0.46));
#3187 = LINE('',#3188,#3189);
#3188 = CARTESIAN_POINT('',(-0.5,0.11,-0.4325));
#3189 = VECTOR('',#3190,1.);
#3190 = DIRECTION('',(-0.,0.,1.));
#3191 = ORIENTED_EDGE('',*,*,#3192,.F.);
#3192 = EDGE_CURVE('',#3193,#3185,#3195,.T.);
#3193 = VERTEX_POINT('',#3194);
#3194 = CARTESIAN_POINT('',(-0.5,8.E-02,-0.46));
#3195 = LINE('',#3196,#3197);
#3196 = CARTESIAN_POINT('',(-0.5,-0.306337802922,-0.46));
#3197 = VECTOR('',#3198,1.);
#3198 = DIRECTION('',(-0.,1.,-0.));
#3199 = ORIENTED_EDGE('',*,*,#3200,.F.);
#3200 = EDGE_CURVE('',#3128,#3193,#3201,.T.);
#3201 = LINE('',#3202,#3203);
#3202 = CARTESIAN_POINT('',(-0.5,8.E-02,-0.19));
#3203 = VECTOR('',#3204,1.);
#3204 = DIRECTION('',(0.,0.,-1.));
#3205 = ORIENTED_EDGE('',*,*,#3127,.T.);
#3206 = ORIENTED_EDGE('',*,*,#3207,.T.);
#3207 = EDGE_CURVE('',#3130,#3161,#3208,.T.);
#3208 = LINE('',#3209,#3210);
#3209 = CARTESIAN_POINT('',(-0.5,0.,-0.4325));
#3210 = VECTOR('',#3211,1.);
#3211 = DIRECTION('',(0.,0.,1.));
#3212 = PLANE('',#3213);
#3213 = AXIS2_PLACEMENT_3D('',#3214,#3215,#3216);
#3214 = CARTESIAN_POINT('',(-0.5,0.439734741876,-0.4325));
#3215 = DIRECTION('',(1.,0.,0.));
#3216 = DIRECTION('',(0.,0.,-1.));
#3217 = ADVANCED_FACE('',(#3218),#3234,.F.);
#3218 = FACE_BOUND('',#3219,.T.);
#3219 = EDGE_LOOP('',(#3220,#3221,#3227,#3228));
#3220 = ORIENTED_EDGE('',*,*,#3105,.F.);
#3221 = ORIENTED_EDGE('',*,*,#3222,.T.);
#3222 = EDGE_CURVE('',#3098,#3159,#3223,.T.);
#3223 = LINE('',#3224,#3225);
#3224 = CARTESIAN_POINT('',(-0.5,8.E-02,-0.2175));
#3225 = VECTOR('',#3226,1.);
#3226 = DIRECTION('',(-1.,0.,-6.136993429163E-16));
#3227 = ORIENTED_EDGE('',*,*,#3158,.T.);
#3228 = ORIENTED_EDGE('',*,*,#3229,.T.);
#3229 = EDGE_CURVE('',#3161,#3106,#3230,.T.);
#3230 = LINE('',#3231,#3232);
#3231 = CARTESIAN_POINT('',(-0.5,0.,-0.2175));
#3232 = VECTOR('',#3233,1.);
#3233 = DIRECTION('',(1.,0.,6.136993429163E-16));
#3234 = PLANE('',#3235);
#3235 = AXIS2_PLACEMENT_3D('',#3236,#3237,#3238);
#3236 = CARTESIAN_POINT('',(-0.5,0.439734741876,-0.2175));
#3237 = DIRECTION('',(6.136993429163E-16,0.,-1.));
#3238 = DIRECTION('',(-1.,0.,-6.136993429163E-16));
#3239 = ADVANCED_FACE('',(#3240),#3246,.F.);
#3240 = FACE_BOUND('',#3241,.T.);
#3241 = EDGE_LOOP('',(#3242,#3243,#3244,#3245));
#3242 = ORIENTED_EDGE('',*,*,#3113,.F.);
#3243 = ORIENTED_EDGE('',*,*,#3229,.F.);
#3244 = ORIENTED_EDGE('',*,*,#3207,.F.);
#3245 = ORIENTED_EDGE('',*,*,#3144,.F.);
#3246 = PLANE('',#3247);
#3247 = AXIS2_PLACEMENT_3D('',#3248,#3249,#3250);
#3248 = CARTESIAN_POINT('',(0.,0.,0.));
#3249 = DIRECTION('',(0.,1.,0.));
#3250 = DIRECTION('',(0.,-0.,1.));
#3251 = ADVANCED_FACE('',(#3252),#3268,.T.);
#3252 = FACE_BOUND('',#3253,.T.);
#3253 = EDGE_LOOP('',(#3254,#3255,#3261,#3262));
#3254 = ORIENTED_EDGE('',*,*,#3184,.T.);
#3255 = ORIENTED_EDGE('',*,*,#3256,.F.);
#3256 = EDGE_CURVE('',#3082,#3177,#3257,.T.);
#3257 = LINE('',#3258,#3259);
#3258 = CARTESIAN_POINT('',(-0.482160852713,0.11,-0.19));
#3259 = VECTOR('',#3260,1.);
#3260 = DIRECTION('',(-1.,0.,0.));
#3261 = ORIENTED_EDGE('',*,*,#3081,.T.);
#3262 = ORIENTED_EDGE('',*,*,#3263,.F.);
#3263 = EDGE_CURVE('',#3185,#3074,#3264,.T.);
#3264 = LINE('',#3265,#3266);
#3265 = CARTESIAN_POINT('',(-0.5,0.11,-0.46));
#3266 = VECTOR('',#3267,1.);
#3267 = DIRECTION('',(1.,0.,0.));
#3268 = PLANE('',#3269);
#3269 = AXIS2_PLACEMENT_3D('',#3270,#3271,#3272);
#3270 = CARTESIAN_POINT('',(0.,0.11,0.));
#3271 = DIRECTION('',(0.,1.,-0.));
#3272 = DIRECTION('',(0.,0.,1.));
#3273 = ADVANCED_FACE('',(#3274),#3285,.F.);
#3274 = FACE_BOUND('',#3275,.T.);
#3275 = EDGE_LOOP('',(#3276,#3282,#3283,#3284));
#3276 = ORIENTED_EDGE('',*,*,#3277,.F.);
#3277 = EDGE_CURVE('',#3090,#3169,#3278,.T.);
#3278 = LINE('',#3279,#3280);
#3279 = CARTESIAN_POINT('',(-0.482160852713,8.E-02,-0.19));
#3280 = VECTOR('',#3281,1.);
#3281 = DIRECTION('',(-1.,0.,0.));
#3282 = ORIENTED_EDGE('',*,*,#3089,.T.);
#3283 = ORIENTED_EDGE('',*,*,#3256,.T.);
#3284 = ORIENTED_EDGE('',*,*,#3176,.F.);
#3285 = PLANE('',#3286);
#3286 = AXIS2_PLACEMENT_3D('',#3287,#3288,#3289);
#3287 = CARTESIAN_POINT('',(-0.482160852713,-0.306337802922,-0.19));
#3288 = DIRECTION('',(-0.,0.,-1.));
#3289 = DIRECTION('',(-1.,0.,0.));
#3290 = ADVANCED_FACE('',(#3291),#3297,.T.);
#3291 = FACE_BOUND('',#3292,.T.);
#3292 = EDGE_LOOP('',(#3293,#3294,#3295,#3296));
#3293 = ORIENTED_EDGE('',*,*,#3222,.F.);
#3294 = ORIENTED_EDGE('',*,*,#3097,.T.);
#3295 = ORIENTED_EDGE('',*,*,#3277,.T.);
#3296 = ORIENTED_EDGE('',*,*,#3168,.T.);
#3297 = PLANE('',#3298);
#3298 = AXIS2_PLACEMENT_3D('',#3299,#3300,#3301);
#3299 = CARTESIAN_POINT('',(0.,8.E-02,0.));
#3300 = DIRECTION('',(0.,-1.,0.));
#3301 = DIRECTION('',(0.,-0.,-1.));
#3302 = ADVANCED_FACE('',(#3303),#3314,.T.);
#3303 = FACE_BOUND('',#3304,.T.);
#3304 = EDGE_LOOP('',(#3305,#3306,#3307,#3313));
#3305 = ORIENTED_EDGE('',*,*,#3137,.F.);
#3306 = ORIENTED_EDGE('',*,*,#3200,.T.);
#3307 = ORIENTED_EDGE('',*,*,#3308,.T.);
#3308 = EDGE_CURVE('',#3193,#3066,#3309,.T.);
#3309 = LINE('',#3310,#3311);
#3310 = CARTESIAN_POINT('',(-0.5,8.E-02,-0.46));
#3311 = VECTOR('',#3312,1.);
#3312 = DIRECTION('',(1.,0.,0.));
#3313 = ORIENTED_EDGE('',*,*,#3065,.T.);
#3314 = PLANE('',#3315);
#3315 = AXIS2_PLACEMENT_3D('',#3316,#3317,#3318);
#3316 = CARTESIAN_POINT('',(0.,8.E-02,0.));
#3317 = DIRECTION('',(0.,-1.,0.));
#3318 = DIRECTION('',(0.,-0.,-1.));
#3319 = ADVANCED_FACE('',(#3320),#3326,.F.);
#3320 = FACE_BOUND('',#3321,.T.);
#3321 = EDGE_LOOP('',(#3322,#3323,#3324,#3325));
#3322 = ORIENTED_EDGE('',*,*,#3308,.F.);
#3323 = ORIENTED_EDGE('',*,*,#3192,.T.);
#3324 = ORIENTED_EDGE('',*,*,#3263,.T.);
#3325 = ORIENTED_EDGE('',*,*,#3073,.F.);
#3326 = PLANE('',#3327);
#3327 = AXIS2_PLACEMENT_3D('',#3328,#3329,#3330);
#3328 = CARTESIAN_POINT('',(-0.5,-0.306337802922,-0.46));
#3329 = DIRECTION('',(-0.,0.,1.));
#3330 = DIRECTION('',(1.,0.,0.));
#3331 = MANIFOLD_SOLID_BREP('',#3332);
#3332 = CLOSED_SHELL('',(#3333,#3381,#3428,#3468,#3492,#3548,#3565,#3588
    ,#3605,#3617,#3634));
#3333 = ADVANCED_FACE('',(#3334),#3376,.F.);
#3334 = FACE_BOUND('',#3335,.T.);
#3335 = EDGE_LOOP('',(#3336,#3346,#3354,#3362,#3370));
#3336 = ORIENTED_EDGE('',*,*,#3337,.T.);
#3337 = EDGE_CURVE('',#3338,#3340,#3342,.T.);
#3338 = VERTEX_POINT('',#3339);
#3339 = CARTESIAN_POINT('',(0.43,0.,0.2175));
#3340 = VERTEX_POINT('',#3341);
#3341 = CARTESIAN_POINT('',(0.5,0.,0.2175));
#3342 = LINE('',#3343,#3344);
#3343 = CARTESIAN_POINT('',(0.43,0.,0.2175));
#3344 = VECTOR('',#3345,1.);
#3345 = DIRECTION('',(1.,0.,0.));
#3346 = ORIENTED_EDGE('',*,*,#3347,.T.);
#3347 = EDGE_CURVE('',#3340,#3348,#3350,.T.);
#3348 = VERTEX_POINT('',#3349);
#3349 = CARTESIAN_POINT('',(0.5,0.,0.4325));
#3350 = LINE('',#3351,#3352);
#3351 = CARTESIAN_POINT('',(0.5,0.,0.2175));
#3352 = VECTOR('',#3353,1.);
#3353 = DIRECTION('',(0.,0.,1.));
#3354 = ORIENTED_EDGE('',*,*,#3355,.T.);
#3355 = EDGE_CURVE('',#3348,#3356,#3358,.T.);
#3356 = VERTEX_POINT('',#3357);
#3357 = CARTESIAN_POINT('',(0.275,0.,0.4325));
#3358 = LINE('',#3359,#3360);
#3359 = CARTESIAN_POINT('',(0.5,0.,0.4325));
#3360 = VECTOR('',#3361,1.);
#3361 = DIRECTION('',(-1.,0.,-2.409338161079E-16));
#3362 = ORIENTED_EDGE('',*,*,#3363,.T.);
#3363 = EDGE_CURVE('',#3356,#3364,#3366,.T.);
#3364 = VERTEX_POINT('',#3365);
#3365 = CARTESIAN_POINT('',(0.275,0.,0.3825));
#3366 = LINE('',#3367,#3368);
#3367 = CARTESIAN_POINT('',(0.275,0.,0.4325));
#3368 = VECTOR('',#3369,1.);
#3369 = DIRECTION('',(1.084202172486E-15,0.,-1.));
#3370 = ORIENTED_EDGE('',*,*,#3371,.T.);
#3371 = EDGE_CURVE('',#3364,#3338,#3372,.T.);
#3372 = LINE('',#3373,#3374);
#3373 = CARTESIAN_POINT('',(0.275,0.,0.3825));
#3374 = VECTOR('',#3375,1.);
#3375 = DIRECTION('',(0.684675461664,0.,-0.728848072094));
#3376 = PLANE('',#3377);
#3377 = AXIS2_PLACEMENT_3D('',#3378,#3379,#3380);
#3378 = CARTESIAN_POINT('',(0.,0.,0.));
#3379 = DIRECTION('',(0.,1.,0.));
#3380 = DIRECTION('',(0.,-0.,1.));
#3381 = ADVANCED_FACE('',(#3382),#3423,.F.);
#3382 = FACE_BOUND('',#3383,.T.);
#3383 = EDGE_LOOP('',(#3384,#3392,#3393,#3401,#3409,#3417));
#3384 = ORIENTED_EDGE('',*,*,#3385,.T.);
#3385 = EDGE_CURVE('',#3386,#3338,#3388,.T.);
#3386 = VERTEX_POINT('',#3387);
#3387 = CARTESIAN_POINT('',(0.43,8.E-02,0.2175));
#3388 = LINE('',#3389,#3390);
#3389 = CARTESIAN_POINT('',(0.43,1.07,0.2175));
#3390 = VECTOR('',#3391,1.);
#3391 = DIRECTION('',(0.,-1.,-0.));
#3392 = ORIENTED_EDGE('',*,*,#3371,.F.);
#3393 = ORIENTED_EDGE('',*,*,#3394,.F.);
#3394 = EDGE_CURVE('',#3395,#3364,#3397,.T.);
#3395 = VERTEX_POINT('',#3396);
#3396 = CARTESIAN_POINT('',(0.275,0.11,0.3825));
#3397 = LINE('',#3398,#3399);
#3398 = CARTESIAN_POINT('',(0.275,1.07,0.3825));
#3399 = VECTOR('',#3400,1.);
#3400 = DIRECTION('',(0.,-1.,-0.));
#3401 = ORIENTED_EDGE('',*,*,#3402,.F.);
#3402 = EDGE_CURVE('',#3403,#3395,#3405,.T.);
#3403 = VERTEX_POINT('',#3404);
#3404 = CARTESIAN_POINT('',(0.455833333333,0.11,0.19));
#3405 = LINE('',#3406,#3407);
#3406 = CARTESIAN_POINT('',(0.275,0.11,0.3825));
#3407 = VECTOR('',#3408,1.);
#3408 = DIRECTION('',(-0.684675461664,0.,0.728848072094));
#3409 = ORIENTED_EDGE('',*,*,#3410,.F.);
#3410 = EDGE_CURVE('',#3411,#3403,#3413,.T.);
#3411 = VERTEX_POINT('',#3412);
#3412 = CARTESIAN_POINT('',(0.455833333333,8.E-02,0.19));
#3413 = LINE('',#3414,#3415);
#3414 = CARTESIAN_POINT('',(0.455833333333,-0.271461235416,0.19));
#3415 = VECTOR('',#3416,1.);
#3416 = DIRECTION('',(0.,1.,0.));
#3417 = ORIENTED_EDGE('',*,*,#3418,.T.);
#3418 = EDGE_CURVE('',#3411,#3386,#3419,.T.);
#3419 = LINE('',#3420,#3421);
#3420 = CARTESIAN_POINT('',(0.455833333333,8.E-02,0.19));
#3421 = VECTOR('',#3422,1.);
#3422 = DIRECTION('',(-0.684675461664,0.,0.728848072094));
#3423 = PLANE('',#3424);
#3424 = AXIS2_PLACEMENT_3D('',#3425,#3426,#3427);
#3425 = CARTESIAN_POINT('',(0.275,1.07,0.3825));
#3426 = DIRECTION('',(0.728848072094,0.,0.684675461664));
#3427 = DIRECTION('',(-0.684675461664,0.,0.728848072094));
#3428 = ADVANCED_FACE('',(#3429),#3463,.F.);
#3429 = FACE_BOUND('',#3430,.T.);
#3430 = EDGE_LOOP('',(#3431,#3432,#3440,#3448,#3456,#3462));
#3431 = ORIENTED_EDGE('',*,*,#3363,.F.);
#3432 = ORIENTED_EDGE('',*,*,#3433,.F.);
#3433 = EDGE_CURVE('',#3434,#3356,#3436,.T.);
#3434 = VERTEX_POINT('',#3435);
#3435 = CARTESIAN_POINT('',(0.275,8.E-02,0.4325));
#3436 = LINE('',#3437,#3438);
#3437 = CARTESIAN_POINT('',(0.275,1.07,0.4325));
#3438 = VECTOR('',#3439,1.);
#3439 = DIRECTION('',(0.,-1.,-0.));
#3440 = ORIENTED_EDGE('',*,*,#3441,.T.);
#3441 = EDGE_CURVE('',#3434,#3442,#3444,.T.);
#3442 = VERTEX_POINT('',#3443);
#3443 = CARTESIAN_POINT('',(0.275,8.E-02,0.46));
#3444 = LINE('',#3445,#3446);
#3445 = CARTESIAN_POINT('',(0.275,8.E-02,0.3825));
#3446 = VECTOR('',#3447,1.);
#3447 = DIRECTION('',(-6.994852725713E-16,0.,1.));
#3448 = ORIENTED_EDGE('',*,*,#3449,.T.);
#3449 = EDGE_CURVE('',#3442,#3450,#3452,.T.);
#3450 = VERTEX_POINT('',#3451);
#3451 = CARTESIAN_POINT('',(0.275,0.11,0.46));
#3452 = LINE('',#3453,#3454);
#3453 = CARTESIAN_POINT('',(0.275,-0.271461235416,0.46));
#3454 = VECTOR('',#3455,1.);
#3455 = DIRECTION('',(0.,1.,0.));
#3456 = ORIENTED_EDGE('',*,*,#3457,.F.);
#3457 = EDGE_CURVE('',#3395,#3450,#3458,.T.);
#3458 = LINE('',#3459,#3460);
#3459 = CARTESIAN_POINT('',(0.275,0.11,0.4325));
#3460 = VECTOR('',#3461,1.);
#3461 = DIRECTION('',(-1.084202172486E-15,0.,1.));
#3462 = ORIENTED_EDGE('',*,*,#3394,.T.);
#3463 = PLANE('',#3464);
#3464 = AXIS2_PLACEMENT_3D('',#3465,#3466,#3467);
#3465 = CARTESIAN_POINT('',(0.275,1.07,0.4325));
#3466 = DIRECTION('',(1.,0.,1.084202172486E-15));
#3467 = DIRECTION('',(-1.084202172486E-15,0.,1.));
#3468 = ADVANCED_FACE('',(#3469),#3487,.F.);
#3469 = FACE_BOUND('',#3470,.T.);
#3470 = EDGE_LOOP('',(#3471,#3472,#3473,#3481));
#3471 = ORIENTED_EDGE('',*,*,#3433,.T.);
#3472 = ORIENTED_EDGE('',*,*,#3355,.F.);
#3473 = ORIENTED_EDGE('',*,*,#3474,.F.);
#3474 = EDGE_CURVE('',#3475,#3348,#3477,.T.);
#3475 = VERTEX_POINT('',#3476);
#3476 = CARTESIAN_POINT('',(0.5,8.E-02,0.4325));
#3477 = LINE('',#3478,#3479);
#3478 = CARTESIAN_POINT('',(0.5,1.07,0.4325));
#3479 = VECTOR('',#3480,1.);
#3480 = DIRECTION('',(0.,-1.,-0.));
#3481 = ORIENTED_EDGE('',*,*,#3482,.F.);
#3482 = EDGE_CURVE('',#3434,#3475,#3483,.T.);
#3483 = LINE('',#3484,#3485);
#3484 = CARTESIAN_POINT('',(0.5,8.E-02,0.4325));
#3485 = VECTOR('',#3486,1.);
#3486 = DIRECTION('',(1.,0.,2.409338161079E-16));
#3487 = PLANE('',#3488);
#3488 = AXIS2_PLACEMENT_3D('',#3489,#3490,#3491);
#3489 = CARTESIAN_POINT('',(0.5,1.07,0.4325));
#3490 = DIRECTION('',(2.409338161079E-16,0.,-1.));
#3491 = DIRECTION('',(1.,0.,2.409338161079E-16));
#3492 = ADVANCED_FACE('',(#3493),#3543,.F.);
#3493 = FACE_BOUND('',#3494,.T.);
#3494 = EDGE_LOOP('',(#3495,#3496,#3497,#3505,#3513,#3521,#3529,#3537));
#3495 = ORIENTED_EDGE('',*,*,#3474,.T.);
#3496 = ORIENTED_EDGE('',*,*,#3347,.F.);
#3497 = ORIENTED_EDGE('',*,*,#3498,.F.);
#3498 = EDGE_CURVE('',#3499,#3340,#3501,.T.);
#3499 = VERTEX_POINT('',#3500);
#3500 = CARTESIAN_POINT('',(0.5,8.E-02,0.2175));
#3501 = LINE('',#3502,#3503);
#3502 = CARTESIAN_POINT('',(0.5,1.07,0.2175));
#3503 = VECTOR('',#3504,1.);
#3504 = DIRECTION('',(0.,-1.,-0.));
#3505 = ORIENTED_EDGE('',*,*,#3506,.T.);
#3506 = EDGE_CURVE('',#3499,#3507,#3509,.T.);
#3507 = VERTEX_POINT('',#3508);
#3508 = CARTESIAN_POINT('',(0.5,8.E-02,0.19));
#3509 = LINE('',#3510,#3511);
#3510 = CARTESIAN_POINT('',(0.5,8.E-02,0.46));
#3511 = VECTOR('',#3512,1.);
#3512 = DIRECTION('',(0.,0.,-1.));
#3513 = ORIENTED_EDGE('',*,*,#3514,.T.);
#3514 = EDGE_CURVE('',#3507,#3515,#3517,.T.);
#3515 = VERTEX_POINT('',#3516);
#3516 = CARTESIAN_POINT('',(0.5,0.11,0.19));
#3517 = LINE('',#3518,#3519);
#3518 = CARTESIAN_POINT('',(0.5,-0.271461235416,0.19));
#3519 = VECTOR('',#3520,1.);
#3520 = DIRECTION('',(0.,1.,0.));
#3521 = ORIENTED_EDGE('',*,*,#3522,.F.);
#3522 = EDGE_CURVE('',#3523,#3515,#3525,.T.);
#3523 = VERTEX_POINT('',#3524);
#3524 = CARTESIAN_POINT('',(0.5,0.11,0.46));
#3525 = LINE('',#3526,#3527);
#3526 = CARTESIAN_POINT('',(0.5,0.11,0.2175));
#3527 = VECTOR('',#3528,1.);
#3528 = DIRECTION('',(0.,0.,-1.));
#3529 = ORIENTED_EDGE('',*,*,#3530,.F.);
#3530 = EDGE_CURVE('',#3531,#3523,#3533,.T.);
#3531 = VERTEX_POINT('',#3532);
#3532 = CARTESIAN_POINT('',(0.5,8.E-02,0.46));
#3533 = LINE('',#3534,#3535);
#3534 = CARTESIAN_POINT('',(0.5,-0.271461235416,0.46));
#3535 = VECTOR('',#3536,1.);
#3536 = DIRECTION('',(0.,1.,0.));
#3537 = ORIENTED_EDGE('',*,*,#3538,.T.);
#3538 = EDGE_CURVE('',#3531,#3475,#3539,.T.);
#3539 = LINE('',#3540,#3541);
#3540 = CARTESIAN_POINT('',(0.5,8.E-02,0.46));
#3541 = VECTOR('',#3542,1.);
#3542 = DIRECTION('',(0.,0.,-1.));
#3543 = PLANE('',#3544);
#3544 = AXIS2_PLACEMENT_3D('',#3545,#3546,#3547);
#3545 = CARTESIAN_POINT('',(0.5,1.07,0.2175));
#3546 = DIRECTION('',(-1.,0.,0.));
#3547 = DIRECTION('',(0.,0.,-1.));
#3548 = ADVANCED_FACE('',(#3549),#3560,.F.);
#3549 = FACE_BOUND('',#3550,.T.);
#3550 = EDGE_LOOP('',(#3551,#3552,#3553,#3554));
#3551 = ORIENTED_EDGE('',*,*,#3498,.T.);
#3552 = ORIENTED_EDGE('',*,*,#3337,.F.);
#3553 = ORIENTED_EDGE('',*,*,#3385,.F.);
#3554 = ORIENTED_EDGE('',*,*,#3555,.F.);
#3555 = EDGE_CURVE('',#3499,#3386,#3556,.T.);
#3556 = LINE('',#3557,#3558);
#3557 = CARTESIAN_POINT('',(0.43,8.E-02,0.2175));
#3558 = VECTOR('',#3559,1.);
#3559 = DIRECTION('',(-1.,0.,0.));
#3560 = PLANE('',#3561);
#3561 = AXIS2_PLACEMENT_3D('',#3562,#3563,#3564);
#3562 = CARTESIAN_POINT('',(0.43,1.07,0.2175));
#3563 = DIRECTION('',(0.,0.,1.));
#3564 = DIRECTION('',(-1.,0.,0.));
#3565 = ADVANCED_FACE('',(#3566),#3583,.F.);
#3566 = FACE_BOUND('',#3567,.T.);
#3567 = EDGE_LOOP('',(#3568,#3569,#3575,#3576,#3577));
#3568 = ORIENTED_EDGE('',*,*,#3522,.T.);
#3569 = ORIENTED_EDGE('',*,*,#3570,.T.);
#3570 = EDGE_CURVE('',#3515,#3403,#3571,.T.);
#3571 = LINE('',#3572,#3573);
#3572 = CARTESIAN_POINT('',(0.5,0.11,0.19));
#3573 = VECTOR('',#3574,1.);
#3574 = DIRECTION('',(-1.,0.,-6.136993429163E-16));
#3575 = ORIENTED_EDGE('',*,*,#3402,.T.);
#3576 = ORIENTED_EDGE('',*,*,#3457,.T.);
#3577 = ORIENTED_EDGE('',*,*,#3578,.T.);
#3578 = EDGE_CURVE('',#3450,#3523,#3579,.T.);
#3579 = LINE('',#3580,#3581);
#3580 = CARTESIAN_POINT('',(0.275,0.11,0.46));
#3581 = VECTOR('',#3582,1.);
#3582 = DIRECTION('',(1.,0.,0.));
#3583 = PLANE('',#3584);
#3584 = AXIS2_PLACEMENT_3D('',#3585,#3586,#3587);
#3585 = CARTESIAN_POINT('',(0.,0.11,0.));
#3586 = DIRECTION('',(0.,-1.,-0.));
#3587 = DIRECTION('',(-0.,0.,-1.));
#3588 = ADVANCED_FACE('',(#3589),#3600,.F.);
#3589 = FACE_BOUND('',#3590,.T.);
#3590 = EDGE_LOOP('',(#3591,#3597,#3598,#3599));
#3591 = ORIENTED_EDGE('',*,*,#3592,.T.);
#3592 = EDGE_CURVE('',#3507,#3411,#3593,.T.);
#3593 = LINE('',#3594,#3595);
#3594 = CARTESIAN_POINT('',(0.5,8.E-02,0.19));
#3595 = VECTOR('',#3596,1.);
#3596 = DIRECTION('',(-1.,0.,-6.136993429163E-16));
#3597 = ORIENTED_EDGE('',*,*,#3410,.T.);
#3598 = ORIENTED_EDGE('',*,*,#3570,.F.);
#3599 = ORIENTED_EDGE('',*,*,#3514,.F.);
#3600 = PLANE('',#3601);
#3601 = AXIS2_PLACEMENT_3D('',#3602,#3603,#3604);
#3602 = CARTESIAN_POINT('',(0.5,-0.271461235416,0.19));
#3603 = DIRECTION('',(-6.136993429163E-16,0.,1.));
#3604 = DIRECTION('',(-1.,0.,-6.136993429163E-16));
#3605 = ADVANCED_FACE('',(#3606),#3612,.T.);
#3606 = FACE_BOUND('',#3607,.T.);
#3607 = EDGE_LOOP('',(#3608,#3609,#3610,#3611));
#3608 = ORIENTED_EDGE('',*,*,#3555,.T.);
#3609 = ORIENTED_EDGE('',*,*,#3418,.F.);
#3610 = ORIENTED_EDGE('',*,*,#3592,.F.);
#3611 = ORIENTED_EDGE('',*,*,#3506,.F.);
#3612 = PLANE('',#3613);
#3613 = AXIS2_PLACEMENT_3D('',#3614,#3615,#3616);
#3614 = CARTESIAN_POINT('',(0.,8.E-02,0.));
#3615 = DIRECTION('',(0.,-1.,-0.));
#3616 = DIRECTION('',(-0.,0.,-1.));
#3617 = ADVANCED_FACE('',(#3618),#3629,.T.);
#3618 = FACE_BOUND('',#3619,.T.);
#3619 = EDGE_LOOP('',(#3620,#3621,#3622,#3628));
#3620 = ORIENTED_EDGE('',*,*,#3482,.T.);
#3621 = ORIENTED_EDGE('',*,*,#3538,.F.);
#3622 = ORIENTED_EDGE('',*,*,#3623,.F.);
#3623 = EDGE_CURVE('',#3442,#3531,#3624,.T.);
#3624 = LINE('',#3625,#3626);
#3625 = CARTESIAN_POINT('',(0.275,8.E-02,0.46));
#3626 = VECTOR('',#3627,1.);
#3627 = DIRECTION('',(1.,0.,0.));
#3628 = ORIENTED_EDGE('',*,*,#3441,.F.);
#3629 = PLANE('',#3630);
#3630 = AXIS2_PLACEMENT_3D('',#3631,#3632,#3633);
#3631 = CARTESIAN_POINT('',(0.,8.E-02,0.));
#3632 = DIRECTION('',(0.,-1.,-0.));
#3633 = DIRECTION('',(-0.,0.,-1.));
#3634 = ADVANCED_FACE('',(#3635),#3641,.F.);
#3635 = FACE_BOUND('',#3636,.T.);
#3636 = EDGE_LOOP('',(#3637,#3638,#3639,#3640));
#3637 = ORIENTED_EDGE('',*,*,#3623,.T.);
#3638 = ORIENTED_EDGE('',*,*,#3530,.T.);
#3639 = ORIENTED_EDGE('',*,*,#3578,.F.);
#3640 = ORIENTED_EDGE('',*,*,#3449,.F.);
#3641 = PLANE('',#3642);
#3642 = AXIS2_PLACEMENT_3D('',#3643,#3644,#3645);
#3643 = CARTESIAN_POINT('',(0.275,-0.271461235416,0.46));
#3644 = DIRECTION('',(0.,0.,-1.));
#3645 = DIRECTION('',(1.,0.,0.));
#3646 = MANIFOLD_SOLID_BREP('',#3647);
#3647 = CLOSED_SHELL('',(#3648,#3696,#3743,#3783,#3807,#3863,#3880,#3903
    ,#3920,#3932,#3949));
#3648 = ADVANCED_FACE('',(#3649),#3691,.F.);
#3649 = FACE_BOUND('',#3650,.T.);
#3650 = EDGE_LOOP('',(#3651,#3661,#3669,#3677,#3685));
#3651 = ORIENTED_EDGE('',*,*,#3652,.F.);
#3652 = EDGE_CURVE('',#3653,#3655,#3657,.T.);
#3653 = VERTEX_POINT('',#3654);
#3654 = CARTESIAN_POINT('',(0.43,0.,-0.2175));
#3655 = VERTEX_POINT('',#3656);
#3656 = CARTESIAN_POINT('',(0.5,0.,-0.2175));
#3657 = LINE('',#3658,#3659);
#3658 = CARTESIAN_POINT('',(0.43,0.,-0.2175));
#3659 = VECTOR('',#3660,1.);
#3660 = DIRECTION('',(1.,0.,0.));
#3661 = ORIENTED_EDGE('',*,*,#3662,.F.);
#3662 = EDGE_CURVE('',#3663,#3653,#3665,.T.);
#3663 = VERTEX_POINT('',#3664);
#3664 = CARTESIAN_POINT('',(0.275,0.,-0.3825));
#3665 = LINE('',#3666,#3667);
#3666 = CARTESIAN_POINT('',(0.275,0.,-0.3825));
#3667 = VECTOR('',#3668,1.);
#3668 = DIRECTION('',(0.684675461664,0.,0.728848072094));
#3669 = ORIENTED_EDGE('',*,*,#3670,.F.);
#3670 = EDGE_CURVE('',#3671,#3663,#3673,.T.);
#3671 = VERTEX_POINT('',#3672);
#3672 = CARTESIAN_POINT('',(0.275,0.,-0.4325));
#3673 = LINE('',#3674,#3675);
#3674 = CARTESIAN_POINT('',(0.275,0.,-0.4325));
#3675 = VECTOR('',#3676,1.);
#3676 = DIRECTION('',(1.084202172486E-15,0.,1.));
#3677 = ORIENTED_EDGE('',*,*,#3678,.F.);
#3678 = EDGE_CURVE('',#3679,#3671,#3681,.T.);
#3679 = VERTEX_POINT('',#3680);
#3680 = CARTESIAN_POINT('',(0.5,0.,-0.4325));
#3681 = LINE('',#3682,#3683);
#3682 = CARTESIAN_POINT('',(0.5,0.,-0.4325));
#3683 = VECTOR('',#3684,1.);
#3684 = DIRECTION('',(-1.,0.,2.409338161079E-16));
#3685 = ORIENTED_EDGE('',*,*,#3686,.F.);
#3686 = EDGE_CURVE('',#3655,#3679,#3687,.T.);
#3687 = LINE('',#3688,#3689);
#3688 = CARTESIAN_POINT('',(0.5,0.,-0.2175));
#3689 = VECTOR('',#3690,1.);
#3690 = DIRECTION('',(0.,0.,-1.));
#3691 = PLANE('',#3692);
#3692 = AXIS2_PLACEMENT_3D('',#3693,#3694,#3695);
#3693 = CARTESIAN_POINT('',(0.,0.,0.));
#3694 = DIRECTION('',(0.,1.,0.));
#3695 = DIRECTION('',(0.,0.,-1.));
#3696 = ADVANCED_FACE('',(#3697),#3738,.F.);
#3697 = FACE_BOUND('',#3698,.T.);
#3698 = EDGE_LOOP('',(#3699,#3707,#3715,#3723,#3731,#3737));
#3699 = ORIENTED_EDGE('',*,*,#3700,.F.);
#3700 = EDGE_CURVE('',#3701,#3653,#3703,.T.);
#3701 = VERTEX_POINT('',#3702);
#3702 = CARTESIAN_POINT('',(0.43,8.E-02,-0.2175));
#3703 = LINE('',#3704,#3705);
#3704 = CARTESIAN_POINT('',(0.43,1.07,-0.2175));
#3705 = VECTOR('',#3706,1.);
#3706 = DIRECTION('',(0.,-1.,0.));
#3707 = ORIENTED_EDGE('',*,*,#3708,.F.);
#3708 = EDGE_CURVE('',#3709,#3701,#3711,.T.);
#3709 = VERTEX_POINT('',#3710);
#3710 = CARTESIAN_POINT('',(0.455833333333,8.E-02,-0.19));
#3711 = LINE('',#3712,#3713);
#3712 = CARTESIAN_POINT('',(0.455833333333,8.E-02,-0.19));
#3713 = VECTOR('',#3714,1.);
#3714 = DIRECTION('',(-0.684675461664,0.,-0.728848072094));
#3715 = ORIENTED_EDGE('',*,*,#3716,.T.);
#3716 = EDGE_CURVE('',#3709,#3717,#3719,.T.);
#3717 = VERTEX_POINT('',#3718);
#3718 = CARTESIAN_POINT('',(0.455833333333,0.11,-0.19));
#3719 = LINE('',#3720,#3721);
#3720 = CARTESIAN_POINT('',(0.455833333333,-0.271461235416,-0.19));
#3721 = VECTOR('',#3722,1.);
#3722 = DIRECTION('',(0.,1.,0.));
#3723 = ORIENTED_EDGE('',*,*,#3724,.T.);
#3724 = EDGE_CURVE('',#3717,#3725,#3727,.T.);
#3725 = VERTEX_POINT('',#3726);
#3726 = CARTESIAN_POINT('',(0.275,0.11,-0.3825));
#3727 = LINE('',#3728,#3729);
#3728 = CARTESIAN_POINT('',(0.275,0.11,-0.3825));
#3729 = VECTOR('',#3730,1.);
#3730 = DIRECTION('',(-0.684675461664,0.,-0.728848072094));
#3731 = ORIENTED_EDGE('',*,*,#3732,.T.);
#3732 = EDGE_CURVE('',#3725,#3663,#3733,.T.);
#3733 = LINE('',#3734,#3735);
#3734 = CARTESIAN_POINT('',(0.275,1.07,-0.3825));
#3735 = VECTOR('',#3736,1.);
#3736 = DIRECTION('',(0.,-1.,0.));
#3737 = ORIENTED_EDGE('',*,*,#3662,.T.);
#3738 = PLANE('',#3739);
#3739 = AXIS2_PLACEMENT_3D('',#3740,#3741,#3742);
#3740 = CARTESIAN_POINT('',(0.275,1.07,-0.3825));
#3741 = DIRECTION('',(0.728848072094,0.,-0.684675461664));
#3742 = DIRECTION('',(-0.684675461664,0.,-0.728848072094));
#3743 = ADVANCED_FACE('',(#3744),#3778,.F.);
#3744 = FACE_BOUND('',#3745,.T.);
#3745 = EDGE_LOOP('',(#3746,#3747,#3748,#3756,#3764,#3772));
#3746 = ORIENTED_EDGE('',*,*,#3670,.T.);
#3747 = ORIENTED_EDGE('',*,*,#3732,.F.);
#3748 = ORIENTED_EDGE('',*,*,#3749,.T.);
#3749 = EDGE_CURVE('',#3725,#3750,#3752,.T.);
#3750 = VERTEX_POINT('',#3751);
#3751 = CARTESIAN_POINT('',(0.275,0.11,-0.46));
#3752 = LINE('',#3753,#3754);
#3753 = CARTESIAN_POINT('',(0.275,0.11,-0.4325));
#3754 = VECTOR('',#3755,1.);
#3755 = DIRECTION('',(-1.084202172486E-15,0.,-1.));
#3756 = ORIENTED_EDGE('',*,*,#3757,.F.);
#3757 = EDGE_CURVE('',#3758,#3750,#3760,.T.);
#3758 = VERTEX_POINT('',#3759);
#3759 = CARTESIAN_POINT('',(0.275,8.E-02,-0.46));
#3760 = LINE('',#3761,#3762);
#3761 = CARTESIAN_POINT('',(0.275,-0.271461235416,-0.46));
#3762 = VECTOR('',#3763,1.);
#3763 = DIRECTION('',(0.,1.,0.));
#3764 = ORIENTED_EDGE('',*,*,#3765,.F.);
#3765 = EDGE_CURVE('',#3766,#3758,#3768,.T.);
#3766 = VERTEX_POINT('',#3767);
#3767 = CARTESIAN_POINT('',(0.275,8.E-02,-0.4325));
#3768 = LINE('',#3769,#3770);
#3769 = CARTESIAN_POINT('',(0.275,8.E-02,-0.3825));
#3770 = VECTOR('',#3771,1.);
#3771 = DIRECTION('',(-6.994852725713E-16,0.,-1.));
#3772 = ORIENTED_EDGE('',*,*,#3773,.T.);
#3773 = EDGE_CURVE('',#3766,#3671,#3774,.T.);
#3774 = LINE('',#3775,#3776);
#3775 = CARTESIAN_POINT('',(0.275,1.07,-0.4325));
#3776 = VECTOR('',#3777,1.);
#3777 = DIRECTION('',(0.,-1.,0.));
#3778 = PLANE('',#3779);
#3779 = AXIS2_PLACEMENT_3D('',#3780,#3781,#3782);
#3780 = CARTESIAN_POINT('',(0.275,1.07,-0.4325));
#3781 = DIRECTION('',(1.,0.,-1.084202172486E-15));
#3782 = DIRECTION('',(-1.084202172486E-15,0.,-1.));
#3783 = ADVANCED_FACE('',(#3784),#3802,.F.);
#3784 = FACE_BOUND('',#3785,.T.);
#3785 = EDGE_LOOP('',(#3786,#3787,#3795,#3801));
#3786 = ORIENTED_EDGE('',*,*,#3773,.F.);
#3787 = ORIENTED_EDGE('',*,*,#3788,.T.);
#3788 = EDGE_CURVE('',#3766,#3789,#3791,.T.);
#3789 = VERTEX_POINT('',#3790);
#3790 = CARTESIAN_POINT('',(0.5,8.E-02,-0.4325));
#3791 = LINE('',#3792,#3793);
#3792 = CARTESIAN_POINT('',(0.5,8.E-02,-0.4325));
#3793 = VECTOR('',#3794,1.);
#3794 = DIRECTION('',(1.,0.,-2.409338161079E-16));
#3795 = ORIENTED_EDGE('',*,*,#3796,.T.);
#3796 = EDGE_CURVE('',#3789,#3679,#3797,.T.);
#3797 = LINE('',#3798,#3799);
#3798 = CARTESIAN_POINT('',(0.5,1.07,-0.4325));
#3799 = VECTOR('',#3800,1.);
#3800 = DIRECTION('',(0.,-1.,0.));
#3801 = ORIENTED_EDGE('',*,*,#3678,.T.);
#3802 = PLANE('',#3803);
#3803 = AXIS2_PLACEMENT_3D('',#3804,#3805,#3806);
#3804 = CARTESIAN_POINT('',(0.5,1.07,-0.4325));
#3805 = DIRECTION('',(2.409338161079E-16,0.,1.));
#3806 = DIRECTION('',(1.,0.,-2.409338161079E-16));
#3807 = ADVANCED_FACE('',(#3808),#3858,.F.);
#3808 = FACE_BOUND('',#3809,.T.);
#3809 = EDGE_LOOP('',(#3810,#3811,#3819,#3827,#3835,#3843,#3851,#3857));
#3810 = ORIENTED_EDGE('',*,*,#3796,.F.);
#3811 = ORIENTED_EDGE('',*,*,#3812,.F.);
#3812 = EDGE_CURVE('',#3813,#3789,#3815,.T.);
#3813 = VERTEX_POINT('',#3814);
#3814 = CARTESIAN_POINT('',(0.5,8.E-02,-0.46));
#3815 = LINE('',#3816,#3817);
#3816 = CARTESIAN_POINT('',(0.5,8.E-02,-0.46));
#3817 = VECTOR('',#3818,1.);
#3818 = DIRECTION('',(0.,0.,1.));
#3819 = ORIENTED_EDGE('',*,*,#3820,.T.);
#3820 = EDGE_CURVE('',#3813,#3821,#3823,.T.);
#3821 = VERTEX_POINT('',#3822);
#3822 = CARTESIAN_POINT('',(0.5,0.11,-0.46));
#3823 = LINE('',#3824,#3825);
#3824 = CARTESIAN_POINT('',(0.5,-0.271461235416,-0.46));
#3825 = VECTOR('',#3826,1.);
#3826 = DIRECTION('',(0.,1.,0.));
#3827 = ORIENTED_EDGE('',*,*,#3828,.T.);
#3828 = EDGE_CURVE('',#3821,#3829,#3831,.T.);
#3829 = VERTEX_POINT('',#3830);
#3830 = CARTESIAN_POINT('',(0.5,0.11,-0.19));
#3831 = LINE('',#3832,#3833);
#3832 = CARTESIAN_POINT('',(0.5,0.11,-0.2175));
#3833 = VECTOR('',#3834,1.);
#3834 = DIRECTION('',(0.,0.,1.));
#3835 = ORIENTED_EDGE('',*,*,#3836,.F.);
#3836 = EDGE_CURVE('',#3837,#3829,#3839,.T.);
#3837 = VERTEX_POINT('',#3838);
#3838 = CARTESIAN_POINT('',(0.5,8.E-02,-0.19));
#3839 = LINE('',#3840,#3841);
#3840 = CARTESIAN_POINT('',(0.5,-0.271461235416,-0.19));
#3841 = VECTOR('',#3842,1.);
#3842 = DIRECTION('',(0.,1.,0.));
#3843 = ORIENTED_EDGE('',*,*,#3844,.F.);
#3844 = EDGE_CURVE('',#3845,#3837,#3847,.T.);
#3845 = VERTEX_POINT('',#3846);
#3846 = CARTESIAN_POINT('',(0.5,8.E-02,-0.2175));
#3847 = LINE('',#3848,#3849);
#3848 = CARTESIAN_POINT('',(0.5,8.E-02,-0.46));
#3849 = VECTOR('',#3850,1.);
#3850 = DIRECTION('',(0.,0.,1.));
#3851 = ORIENTED_EDGE('',*,*,#3852,.T.);
#3852 = EDGE_CURVE('',#3845,#3655,#3853,.T.);
#3853 = LINE('',#3854,#3855);
#3854 = CARTESIAN_POINT('',(0.5,1.07,-0.2175));
#3855 = VECTOR('',#3856,1.);
#3856 = DIRECTION('',(0.,-1.,0.));
#3857 = ORIENTED_EDGE('',*,*,#3686,.T.);
#3858 = PLANE('',#3859);
#3859 = AXIS2_PLACEMENT_3D('',#3860,#3861,#3862);
#3860 = CARTESIAN_POINT('',(0.5,1.07,-0.2175));
#3861 = DIRECTION('',(-1.,0.,0.));
#3862 = DIRECTION('',(0.,0.,1.));
#3863 = ADVANCED_FACE('',(#3864),#3875,.F.);
#3864 = FACE_BOUND('',#3865,.T.);
#3865 = EDGE_LOOP('',(#3866,#3867,#3873,#3874));
#3866 = ORIENTED_EDGE('',*,*,#3852,.F.);
#3867 = ORIENTED_EDGE('',*,*,#3868,.T.);
#3868 = EDGE_CURVE('',#3845,#3701,#3869,.T.);
#3869 = LINE('',#3870,#3871);
#3870 = CARTESIAN_POINT('',(0.43,8.E-02,-0.2175));
#3871 = VECTOR('',#3872,1.);
#3872 = DIRECTION('',(-1.,0.,0.));
#3873 = ORIENTED_EDGE('',*,*,#3700,.T.);
#3874 = ORIENTED_EDGE('',*,*,#3652,.T.);
#3875 = PLANE('',#3876);
#3876 = AXIS2_PLACEMENT_3D('',#3877,#3878,#3879);
#3877 = CARTESIAN_POINT('',(0.43,1.07,-0.2175));
#3878 = DIRECTION('',(0.,0.,-1.));
#3879 = DIRECTION('',(-1.,0.,0.));
#3880 = ADVANCED_FACE('',(#3881),#3898,.F.);
#3881 = FACE_BOUND('',#3882,.T.);
#3882 = EDGE_LOOP('',(#3883,#3884,#3890,#3891,#3892));
#3883 = ORIENTED_EDGE('',*,*,#3828,.F.);
#3884 = ORIENTED_EDGE('',*,*,#3885,.F.);
#3885 = EDGE_CURVE('',#3750,#3821,#3886,.T.);
#3886 = LINE('',#3887,#3888);
#3887 = CARTESIAN_POINT('',(0.275,0.11,-0.46));
#3888 = VECTOR('',#3889,1.);
#3889 = DIRECTION('',(1.,0.,0.));
#3890 = ORIENTED_EDGE('',*,*,#3749,.F.);
#3891 = ORIENTED_EDGE('',*,*,#3724,.F.);
#3892 = ORIENTED_EDGE('',*,*,#3893,.F.);
#3893 = EDGE_CURVE('',#3829,#3717,#3894,.T.);
#3894 = LINE('',#3895,#3896);
#3895 = CARTESIAN_POINT('',(0.5,0.11,-0.19));
#3896 = VECTOR('',#3897,1.);
#3897 = DIRECTION('',(-1.,0.,6.136993429163E-16));
#3898 = PLANE('',#3899);
#3899 = AXIS2_PLACEMENT_3D('',#3900,#3901,#3902);
#3900 = CARTESIAN_POINT('',(0.,0.11,0.));
#3901 = DIRECTION('',(0.,-1.,0.));
#3902 = DIRECTION('',(0.,0.,1.));
#3903 = ADVANCED_FACE('',(#3904),#3915,.F.);
#3904 = FACE_BOUND('',#3905,.T.);
#3905 = EDGE_LOOP('',(#3906,#3912,#3913,#3914));
#3906 = ORIENTED_EDGE('',*,*,#3907,.F.);
#3907 = EDGE_CURVE('',#3837,#3709,#3908,.T.);
#3908 = LINE('',#3909,#3910);
#3909 = CARTESIAN_POINT('',(0.5,8.E-02,-0.19));
#3910 = VECTOR('',#3911,1.);
#3911 = DIRECTION('',(-1.,0.,6.136993429163E-16));
#3912 = ORIENTED_EDGE('',*,*,#3836,.T.);
#3913 = ORIENTED_EDGE('',*,*,#3893,.T.);
#3914 = ORIENTED_EDGE('',*,*,#3716,.F.);
#3915 = PLANE('',#3916);
#3916 = AXIS2_PLACEMENT_3D('',#3917,#3918,#3919);
#3917 = CARTESIAN_POINT('',(0.5,-0.271461235416,-0.19));
#3918 = DIRECTION('',(-6.136993429163E-16,0.,-1.));
#3919 = DIRECTION('',(-1.,0.,6.136993429163E-16));
#3920 = ADVANCED_FACE('',(#3921),#3927,.T.);
#3921 = FACE_BOUND('',#3922,.T.);
#3922 = EDGE_LOOP('',(#3923,#3924,#3925,#3926));
#3923 = ORIENTED_EDGE('',*,*,#3868,.F.);
#3924 = ORIENTED_EDGE('',*,*,#3844,.T.);
#3925 = ORIENTED_EDGE('',*,*,#3907,.T.);
#3926 = ORIENTED_EDGE('',*,*,#3708,.T.);
#3927 = PLANE('',#3928);
#3928 = AXIS2_PLACEMENT_3D('',#3929,#3930,#3931);
#3929 = CARTESIAN_POINT('',(0.,8.E-02,0.));
#3930 = DIRECTION('',(0.,-1.,0.));
#3931 = DIRECTION('',(0.,0.,1.));
#3932 = ADVANCED_FACE('',(#3933),#3944,.T.);
#3933 = FACE_BOUND('',#3934,.T.);
#3934 = EDGE_LOOP('',(#3935,#3936,#3937,#3943));
#3935 = ORIENTED_EDGE('',*,*,#3788,.F.);
#3936 = ORIENTED_EDGE('',*,*,#3765,.T.);
#3937 = ORIENTED_EDGE('',*,*,#3938,.T.);
#3938 = EDGE_CURVE('',#3758,#3813,#3939,.T.);
#3939 = LINE('',#3940,#3941);
#3940 = CARTESIAN_POINT('',(0.275,8.E-02,-0.46));
#3941 = VECTOR('',#3942,1.);
#3942 = DIRECTION('',(1.,0.,0.));
#3943 = ORIENTED_EDGE('',*,*,#3812,.T.);
#3944 = PLANE('',#3945);
#3945 = AXIS2_PLACEMENT_3D('',#3946,#3947,#3948);
#3946 = CARTESIAN_POINT('',(0.,8.E-02,0.));
#3947 = DIRECTION('',(0.,-1.,0.));
#3948 = DIRECTION('',(0.,0.,1.));
#3949 = ADVANCED_FACE('',(#3950),#3956,.F.);
#3950 = FACE_BOUND('',#3951,.T.);
#3951 = EDGE_LOOP('',(#3952,#3953,#3954,#3955));
#3952 = ORIENTED_EDGE('',*,*,#3938,.F.);
#3953 = ORIENTED_EDGE('',*,*,#3757,.T.);
#3954 = ORIENTED_EDGE('',*,*,#3885,.T.);
#3955 = ORIENTED_EDGE('',*,*,#3820,.F.);
#3956 = PLANE('',#3957);
#3957 = AXIS2_PLACEMENT_3D('',#3958,#3959,#3960);
#3958 = CARTESIAN_POINT('',(0.275,-0.271461235416,-0.46));
#3959 = DIRECTION('',(0.,0.,1.));
#3960 = DIRECTION('',(1.,0.,-0.));
#3961 = MANIFOLD_SOLID_BREP('',#3962);
#3962 = CLOSED_SHELL('',(#3963,#4003,#4043,#4065,#4082,#4099));
#3963 = ADVANCED_FACE('',(#3964),#3998,.T.);
#3964 = FACE_BOUND('',#3965,.T.);
#3965 = EDGE_LOOP('',(#3966,#3976,#3984,#3992));
#3966 = ORIENTED_EDGE('',*,*,#3967,.F.);
#3967 = EDGE_CURVE('',#3968,#3970,#3972,.T.);
#3968 = VERTEX_POINT('',#3969);
#3969 = CARTESIAN_POINT('',(-0.45,8.E-02,1.5E-02));
#3970 = VERTEX_POINT('',#3971);
#3971 = CARTESIAN_POINT('',(-0.45,0.11,1.5E-02));
#3972 = LINE('',#3973,#3974);
#3973 = CARTESIAN_POINT('',(-0.45,8.E-02,1.5E-02));
#3974 = VECTOR('',#3975,1.);
#3975 = DIRECTION('',(-0.,1.,0.));
#3976 = ORIENTED_EDGE('',*,*,#3977,.F.);
#3977 = EDGE_CURVE('',#3978,#3968,#3980,.T.);
#3978 = VERTEX_POINT('',#3979);
#3979 = CARTESIAN_POINT('',(-0.45,8.E-02,-1.5E-02));
#3980 = LINE('',#3981,#3982);
#3981 = CARTESIAN_POINT('',(-0.45,8.E-02,-1.5E-02));
#3982 = VECTOR('',#3983,1.);
#3983 = DIRECTION('',(-0.,0.,1.));
#3984 = ORIENTED_EDGE('',*,*,#3985,.F.);
#3985 = EDGE_CURVE('',#3986,#3978,#3988,.T.);
#3986 = VERTEX_POINT('',#3987);
#3987 = CARTESIAN_POINT('',(-0.45,0.11,-1.5E-02));
#3988 = LINE('',#3989,#3990);
#3989 = CARTESIAN_POINT('',(-0.45,8.E-02,-1.5E-02));
#3990 = VECTOR('',#3991,1.);
#3991 = DIRECTION('',(0.,-1.,0.));
#3992 = ORIENTED_EDGE('',*,*,#3993,.F.);
#3993 = EDGE_CURVE('',#3970,#3986,#3994,.T.);
#3994 = LINE('',#3995,#3996);
#3995 = CARTESIAN_POINT('',(-0.45,0.11,-1.5E-02));
#3996 = VECTOR('',#3997,1.);
#3997 = DIRECTION('',(0.,-0.,-1.));
#3998 = PLANE('',#3999);
#3999 = AXIS2_PLACEMENT_3D('',#4000,#4001,#4002);
#4000 = CARTESIAN_POINT('',(-0.45,0.,0.));
#4001 = DIRECTION('',(1.,0.,0.));
#4002 = DIRECTION('',(0.,0.,-1.));
#4003 = ADVANCED_FACE('',(#4004),#4038,.F.);
#4004 = FACE_BOUND('',#4005,.T.);
#4005 = EDGE_LOOP('',(#4006,#4016,#4024,#4032));
#4006 = ORIENTED_EDGE('',*,*,#4007,.T.);
#4007 = EDGE_CURVE('',#4008,#4010,#4012,.T.);
#4008 = VERTEX_POINT('',#4009);
#4009 = CARTESIAN_POINT('',(-0.5,8.E-02,1.5E-02));
#4010 = VERTEX_POINT('',#4011);
#4011 = CARTESIAN_POINT('',(-0.5,0.11,1.5E-02));
#4012 = LINE('',#4013,#4014);
#4013 = CARTESIAN_POINT('',(-0.5,8.E-02,1.5E-02));
#4014 = VECTOR('',#4015,1.);
#4015 = DIRECTION('',(0.,1.,0.));
#4016 = ORIENTED_EDGE('',*,*,#4017,.T.);
#4017 = EDGE_CURVE('',#4010,#4018,#4020,.T.);
#4018 = VERTEX_POINT('',#4019);
#4019 = CARTESIAN_POINT('',(-0.5,0.11,-1.5E-02));
#4020 = LINE('',#4021,#4022);
#4021 = CARTESIAN_POINT('',(-0.5,0.11,-1.5E-02));
#4022 = VECTOR('',#4023,1.);
#4023 = DIRECTION('',(-0.,-0.,-1.));
#4024 = ORIENTED_EDGE('',*,*,#4025,.T.);
#4025 = EDGE_CURVE('',#4018,#4026,#4028,.T.);
#4026 = VERTEX_POINT('',#4027);
#4027 = CARTESIAN_POINT('',(-0.5,8.E-02,-1.5E-02));
#4028 = LINE('',#4029,#4030);
#4029 = CARTESIAN_POINT('',(-0.5,8.E-02,-1.5E-02));
#4030 = VECTOR('',#4031,1.);
#4031 = DIRECTION('',(-0.,-1.,-0.));
#4032 = ORIENTED_EDGE('',*,*,#4033,.T.);
#4033 = EDGE_CURVE('',#4026,#4008,#4034,.T.);
#4034 = LINE('',#4035,#4036);
#4035 = CARTESIAN_POINT('',(-0.5,8.E-02,-1.5E-02));
#4036 = VECTOR('',#4037,1.);
#4037 = DIRECTION('',(0.,0.,1.));
#4038 = PLANE('',#4039);
#4039 = AXIS2_PLACEMENT_3D('',#4040,#4041,#4042);
#4040 = CARTESIAN_POINT('',(-0.5,0.,0.));
#4041 = DIRECTION('',(1.,0.,0.));
#4042 = DIRECTION('',(0.,0.,-1.));
#4043 = ADVANCED_FACE('',(#4044),#4060,.T.);
#4044 = FACE_BOUND('',#4045,.T.);
#4045 = EDGE_LOOP('',(#4046,#4052,#4053,#4059));
#4046 = ORIENTED_EDGE('',*,*,#4047,.F.);
#4047 = EDGE_CURVE('',#3970,#4010,#4048,.T.);
#4048 = LINE('',#4049,#4050);
#4049 = CARTESIAN_POINT('',(-0.407573593129,0.11,1.5E-02));
#4050 = VECTOR('',#4051,1.);
#4051 = DIRECTION('',(-1.,0.,0.));
#4052 = ORIENTED_EDGE('',*,*,#3993,.T.);
#4053 = ORIENTED_EDGE('',*,*,#4054,.T.);
#4054 = EDGE_CURVE('',#3986,#4018,#4055,.T.);
#4055 = LINE('',#4056,#4057);
#4056 = CARTESIAN_POINT('',(-0.407573593129,0.11,-1.5E-02));
#4057 = VECTOR('',#4058,1.);
#4058 = DIRECTION('',(-1.,0.,0.));
#4059 = ORIENTED_EDGE('',*,*,#4017,.F.);
#4060 = PLANE('',#4061);
#4061 = AXIS2_PLACEMENT_3D('',#4062,#4063,#4064);
#4062 = CARTESIAN_POINT('',(-0.407573593129,0.11,-1.5E-02));
#4063 = DIRECTION('',(0.,1.,-0.));
#4064 = DIRECTION('',(0.,0.,1.));
#4065 = ADVANCED_FACE('',(#4066),#4077,.T.);
#4066 = FACE_BOUND('',#4067,.T.);
#4067 = EDGE_LOOP('',(#4068,#4069,#4070,#4076));
#4068 = ORIENTED_EDGE('',*,*,#4054,.F.);
#4069 = ORIENTED_EDGE('',*,*,#3985,.T.);
#4070 = ORIENTED_EDGE('',*,*,#4071,.T.);
#4071 = EDGE_CURVE('',#3978,#4026,#4072,.T.);
#4072 = LINE('',#4073,#4074);
#4073 = CARTESIAN_POINT('',(-0.407573593129,8.E-02,-1.5E-02));
#4074 = VECTOR('',#4075,1.);
#4075 = DIRECTION('',(-1.,0.,0.));
#4076 = ORIENTED_EDGE('',*,*,#4025,.F.);
#4077 = PLANE('',#4078);
#4078 = AXIS2_PLACEMENT_3D('',#4079,#4080,#4081);
#4079 = CARTESIAN_POINT('',(-0.407573593129,8.E-02,-1.5E-02));
#4080 = DIRECTION('',(0.,0.,-1.));
#4081 = DIRECTION('',(-1.,0.,-0.));
#4082 = ADVANCED_FACE('',(#4083),#4094,.T.);
#4083 = FACE_BOUND('',#4084,.T.);
#4084 = EDGE_LOOP('',(#4085,#4086,#4087,#4093));
#4085 = ORIENTED_EDGE('',*,*,#4071,.F.);
#4086 = ORIENTED_EDGE('',*,*,#3977,.T.);
#4087 = ORIENTED_EDGE('',*,*,#4088,.T.);
#4088 = EDGE_CURVE('',#3968,#4008,#4089,.T.);
#4089 = LINE('',#4090,#4091);
#4090 = CARTESIAN_POINT('',(-0.407573593129,8.E-02,1.5E-02));
#4091 = VECTOR('',#4092,1.);
#4092 = DIRECTION('',(-1.,0.,0.));
#4093 = ORIENTED_EDGE('',*,*,#4033,.F.);
#4094 = PLANE('',#4095);
#4095 = AXIS2_PLACEMENT_3D('',#4096,#4097,#4098);
#4096 = CARTESIAN_POINT('',(-0.407573593129,8.E-02,-1.5E-02));
#4097 = DIRECTION('',(0.,-1.,0.));
#4098 = DIRECTION('',(0.,-0.,-1.));
#4099 = ADVANCED_FACE('',(#4100),#4106,.T.);
#4100 = FACE_BOUND('',#4101,.T.);
#4101 = EDGE_LOOP('',(#4102,#4103,#4104,#4105));
#4102 = ORIENTED_EDGE('',*,*,#4088,.F.);
#4103 = ORIENTED_EDGE('',*,*,#3967,.T.);
#4104 = ORIENTED_EDGE('',*,*,#4047,.T.);
#4105 = ORIENTED_EDGE('',*,*,#4007,.F.);
#4106 = PLANE('',#4107);
#4107 = AXIS2_PLACEMENT_3D('',#4108,#4109,#4110);
#4108 = CARTESIAN_POINT('',(-0.407573593129,8.E-02,1.5E-02));
#4109 = DIRECTION('',(0.,-0.,1.));
#4110 = DIRECTION('',(1.,0.,0.));
#4111 = MANIFOLD_SOLID_BREP('',#4112);
#4112 = CLOSED_SHELL('',(#4113,#4153,#4193,#4215,#4232,#4249));
#4113 = ADVANCED_FACE('',(#4114),#4148,.T.);
#4114 = FACE_BOUND('',#4115,.T.);
#4115 = EDGE_LOOP('',(#4116,#4126,#4134,#4142));
#4116 = ORIENTED_EDGE('',*,*,#4117,.F.);
#4117 = EDGE_CURVE('',#4118,#4120,#4122,.T.);
#4118 = VERTEX_POINT('',#4119);
#4119 = CARTESIAN_POINT('',(1.5E-02,8.E-02,0.45));
#4120 = VERTEX_POINT('',#4121);
#4121 = CARTESIAN_POINT('',(1.5E-02,0.11,0.45));
#4122 = LINE('',#4123,#4124);
#4123 = CARTESIAN_POINT('',(1.5E-02,8.E-02,0.45));
#4124 = VECTOR('',#4125,1.);
#4125 = DIRECTION('',(0.,1.,0.));
#4126 = ORIENTED_EDGE('',*,*,#4127,.F.);
#4127 = EDGE_CURVE('',#4128,#4118,#4130,.T.);
#4128 = VERTEX_POINT('',#4129);
#4129 = CARTESIAN_POINT('',(-1.5E-02,8.E-02,0.45));
#4130 = LINE('',#4131,#4132);
#4131 = CARTESIAN_POINT('',(-1.5E-02,8.E-02,0.45));
#4132 = VECTOR('',#4133,1.);
#4133 = DIRECTION('',(1.,0.,-3.491481338843E-15));
#4134 = ORIENTED_EDGE('',*,*,#4135,.F.);
#4135 = EDGE_CURVE('',#4136,#4128,#4138,.T.);
#4136 = VERTEX_POINT('',#4137);
#4137 = CARTESIAN_POINT('',(-1.5E-02,0.11,0.45));
#4138 = LINE('',#4139,#4140);
#4139 = CARTESIAN_POINT('',(-1.5E-02,8.E-02,0.45));
#4140 = VECTOR('',#4141,1.);
#4141 = DIRECTION('',(0.,-1.,-0.));
#4142 = ORIENTED_EDGE('',*,*,#4143,.F.);
#4143 = EDGE_CURVE('',#4120,#4136,#4144,.T.);
#4144 = LINE('',#4145,#4146);
#4145 = CARTESIAN_POINT('',(-1.5E-02,0.11,0.45));
#4146 = VECTOR('',#4147,1.);
#4147 = DIRECTION('',(-1.,0.,3.491481338843E-15));
#4148 = PLANE('',#4149);
#4149 = AXIS2_PLACEMENT_3D('',#4150,#4151,#4152);
#4150 = CARTESIAN_POINT('',(1.571166602479E-15,0.,0.45));
#4151 = DIRECTION('',(-3.491481338843E-15,0.,-1.));
#4152 = DIRECTION('',(-1.,0.,3.491481338843E-15));
#4153 = ADVANCED_FACE('',(#4154),#4188,.F.);
#4154 = FACE_BOUND('',#4155,.T.);
#4155 = EDGE_LOOP('',(#4156,#4166,#4174,#4182));
#4156 = ORIENTED_EDGE('',*,*,#4157,.T.);
#4157 = EDGE_CURVE('',#4158,#4160,#4162,.T.);
#4158 = VERTEX_POINT('',#4159);
#4159 = CARTESIAN_POINT('',(1.5E-02,8.E-02,0.5));
#4160 = VERTEX_POINT('',#4161);
#4161 = CARTESIAN_POINT('',(1.5E-02,0.11,0.5));
#4162 = LINE('',#4163,#4164);
#4163 = CARTESIAN_POINT('',(1.5E-02,8.E-02,0.5));
#4164 = VECTOR('',#4165,1.);
#4165 = DIRECTION('',(0.,1.,0.));
#4166 = ORIENTED_EDGE('',*,*,#4167,.T.);
#4167 = EDGE_CURVE('',#4160,#4168,#4170,.T.);
#4168 = VERTEX_POINT('',#4169);
#4169 = CARTESIAN_POINT('',(-1.5E-02,0.11,0.5));
#4170 = LINE('',#4171,#4172);
#4171 = CARTESIAN_POINT('',(-1.5E-02,0.11,0.5));
#4172 = VECTOR('',#4173,1.);
#4173 = DIRECTION('',(-1.,-0.,3.491481338843E-15));
#4174 = ORIENTED_EDGE('',*,*,#4175,.T.);
#4175 = EDGE_CURVE('',#4168,#4176,#4178,.T.);
#4176 = VERTEX_POINT('',#4177);
#4177 = CARTESIAN_POINT('',(-1.5E-02,8.E-02,0.5));
#4178 = LINE('',#4179,#4180);
#4179 = CARTESIAN_POINT('',(-1.5E-02,8.E-02,0.5));
#4180 = VECTOR('',#4181,1.);
#4181 = DIRECTION('',(0.,-1.,0.));
#4182 = ORIENTED_EDGE('',*,*,#4183,.T.);
#4183 = EDGE_CURVE('',#4176,#4158,#4184,.T.);
#4184 = LINE('',#4185,#4186);
#4185 = CARTESIAN_POINT('',(-1.5E-02,8.E-02,0.5));
#4186 = VECTOR('',#4187,1.);
#4187 = DIRECTION('',(1.,0.,-3.491481338843E-15));
#4188 = PLANE('',#4189);
#4189 = AXIS2_PLACEMENT_3D('',#4190,#4191,#4192);
#4190 = CARTESIAN_POINT('',(1.745740669422E-15,0.,0.5));
#4191 = DIRECTION('',(-3.491481338843E-15,0.,-1.));
#4192 = DIRECTION('',(-1.,0.,3.491481338843E-15));
#4193 = ADVANCED_FACE('',(#4194),#4210,.T.);
#4194 = FACE_BOUND('',#4195,.T.);
#4195 = EDGE_LOOP('',(#4196,#4202,#4203,#4209));
#4196 = ORIENTED_EDGE('',*,*,#4197,.F.);
#4197 = EDGE_CURVE('',#4120,#4160,#4198,.T.);
#4198 = LINE('',#4199,#4200);
#4199 = CARTESIAN_POINT('',(1.5E-02,0.11,0.407573593129));
#4200 = VECTOR('',#4201,1.);
#4201 = DIRECTION('',(3.491481338843E-15,0.,1.));
#4202 = ORIENTED_EDGE('',*,*,#4143,.T.);
#4203 = ORIENTED_EDGE('',*,*,#4204,.T.);
#4204 = EDGE_CURVE('',#4136,#4168,#4205,.T.);
#4205 = LINE('',#4206,#4207);
#4206 = CARTESIAN_POINT('',(-1.5E-02,0.11,0.407573593129));
#4207 = VECTOR('',#4208,1.);
#4208 = DIRECTION('',(3.491481338843E-15,0.,1.));
#4209 = ORIENTED_EDGE('',*,*,#4167,.F.);
#4210 = PLANE('',#4211);
#4211 = AXIS2_PLACEMENT_3D('',#4212,#4213,#4214);
#4212 = CARTESIAN_POINT('',(-1.5E-02,0.11,0.407573593129));
#4213 = DIRECTION('',(0.,1.,0.));
#4214 = DIRECTION('',(1.,0.,-3.491481338843E-15));
#4215 = ADVANCED_FACE('',(#4216),#4227,.T.);
#4216 = FACE_BOUND('',#4217,.T.);
#4217 = EDGE_LOOP('',(#4218,#4219,#4220,#4226));
#4218 = ORIENTED_EDGE('',*,*,#4204,.F.);
#4219 = ORIENTED_EDGE('',*,*,#4135,.T.);
#4220 = ORIENTED_EDGE('',*,*,#4221,.T.);
#4221 = EDGE_CURVE('',#4128,#4176,#4222,.T.);
#4222 = LINE('',#4223,#4224);
#4223 = CARTESIAN_POINT('',(-1.5E-02,8.E-02,0.407573593129));
#4224 = VECTOR('',#4225,1.);
#4225 = DIRECTION('',(3.491481338843E-15,0.,1.));
#4226 = ORIENTED_EDGE('',*,*,#4175,.F.);
#4227 = PLANE('',#4228);
#4228 = AXIS2_PLACEMENT_3D('',#4229,#4230,#4231);
#4229 = CARTESIAN_POINT('',(-1.5E-02,8.E-02,0.407573593129));
#4230 = DIRECTION('',(-1.,0.,3.491481338843E-15));
#4231 = DIRECTION('',(3.491481338843E-15,0.,1.));
#4232 = ADVANCED_FACE('',(#4233),#4244,.T.);
#4233 = FACE_BOUND('',#4234,.T.);
#4234 = EDGE_LOOP('',(#4235,#4236,#4237,#4243));
#4235 = ORIENTED_EDGE('',*,*,#4221,.F.);
#4236 = ORIENTED_EDGE('',*,*,#4127,.T.);
#4237 = ORIENTED_EDGE('',*,*,#4238,.T.);
#4238 = EDGE_CURVE('',#4118,#4158,#4239,.T.);
#4239 = LINE('',#4240,#4241);
#4240 = CARTESIAN_POINT('',(1.5E-02,8.E-02,0.407573593129));
#4241 = VECTOR('',#4242,1.);
#4242 = DIRECTION('',(3.491481338843E-15,0.,1.));
#4243 = ORIENTED_EDGE('',*,*,#4183,.F.);
#4244 = PLANE('',#4245);
#4245 = AXIS2_PLACEMENT_3D('',#4246,#4247,#4248);
#4246 = CARTESIAN_POINT('',(-1.5E-02,8.E-02,0.407573593129));
#4247 = DIRECTION('',(-0.,-1.,0.));
#4248 = DIRECTION('',(-1.,0.,3.491481338843E-15));
#4249 = ADVANCED_FACE('',(#4250),#4256,.T.);
#4250 = FACE_BOUND('',#4251,.T.);
#4251 = EDGE_LOOP('',(#4252,#4253,#4254,#4255));
#4252 = ORIENTED_EDGE('',*,*,#4238,.F.);
#4253 = ORIENTED_EDGE('',*,*,#4117,.T.);
#4254 = ORIENTED_EDGE('',*,*,#4197,.T.);
#4255 = ORIENTED_EDGE('',*,*,#4157,.F.);
#4256 = PLANE('',#4257);
#4257 = AXIS2_PLACEMENT_3D('',#4258,#4259,#4260);
#4258 = CARTESIAN_POINT('',(1.5E-02,8.E-02,0.407573593129));
#4259 = DIRECTION('',(1.,0.,-3.491481338843E-15));
#4260 = DIRECTION('',(-3.491481338843E-15,0.,-1.));
#4261 = MANIFOLD_SOLID_BREP('',#4262);
#4262 = CLOSED_SHELL('',(#4263,#4303,#4343,#4365,#4382,#4399));
#4263 = ADVANCED_FACE('',(#4264),#4298,.T.);
#4264 = FACE_BOUND('',#4265,.T.);
#4265 = EDGE_LOOP('',(#4266,#4276,#4284,#4292));
#4266 = ORIENTED_EDGE('',*,*,#4267,.F.);
#4267 = EDGE_CURVE('',#4268,#4270,#4272,.T.);
#4268 = VERTEX_POINT('',#4269);
#4269 = CARTESIAN_POINT('',(0.45,8.E-02,-1.5E-02));
#4270 = VERTEX_POINT('',#4271);
#4271 = CARTESIAN_POINT('',(0.45,0.11,-1.5E-02));
#4272 = LINE('',#4273,#4274);
#4273 = CARTESIAN_POINT('',(0.45,8.E-02,-1.5E-02));
#4274 = VECTOR('',#4275,1.);
#4275 = DIRECTION('',(0.,1.,0.));
#4276 = ORIENTED_EDGE('',*,*,#4277,.F.);
#4277 = EDGE_CURVE('',#4278,#4268,#4280,.T.);
#4278 = VERTEX_POINT('',#4279);
#4279 = CARTESIAN_POINT('',(0.45,8.E-02,1.5E-02));
#4280 = LINE('',#4281,#4282);
#4281 = CARTESIAN_POINT('',(0.45,8.E-02,1.5E-02));
#4282 = VECTOR('',#4283,1.);
#4283 = DIRECTION('',(0.,0.,-1.));
#4284 = ORIENTED_EDGE('',*,*,#4285,.F.);
#4285 = EDGE_CURVE('',#4286,#4278,#4288,.T.);
#4286 = VERTEX_POINT('',#4287);
#4287 = CARTESIAN_POINT('',(0.45,0.11,1.5E-02));
#4288 = LINE('',#4289,#4290);
#4289 = CARTESIAN_POINT('',(0.45,8.E-02,1.5E-02));
#4290 = VECTOR('',#4291,1.);
#4291 = DIRECTION('',(0.,-1.,0.));
#4292 = ORIENTED_EDGE('',*,*,#4293,.F.);
#4293 = EDGE_CURVE('',#4270,#4286,#4294,.T.);
#4294 = LINE('',#4295,#4296);
#4295 = CARTESIAN_POINT('',(0.45,0.11,1.5E-02));
#4296 = VECTOR('',#4297,1.);
#4297 = DIRECTION('',(-0.,0.,1.));
#4298 = PLANE('',#4299);
#4299 = AXIS2_PLACEMENT_3D('',#4300,#4301,#4302);
#4300 = CARTESIAN_POINT('',(0.45,0.,0.));
#4301 = DIRECTION('',(-1.,0.,0.));
#4302 = DIRECTION('',(0.,0.,1.));
#4303 = ADVANCED_FACE('',(#4304),#4338,.F.);
#4304 = FACE_BOUND('',#4305,.T.);
#4305 = EDGE_LOOP('',(#4306,#4316,#4324,#4332));
#4306 = ORIENTED_EDGE('',*,*,#4307,.T.);
#4307 = EDGE_CURVE('',#4308,#4310,#4312,.T.);
#4308 = VERTEX_POINT('',#4309);
#4309 = CARTESIAN_POINT('',(0.5,8.E-02,-1.5E-02));
#4310 = VERTEX_POINT('',#4311);
#4311 = CARTESIAN_POINT('',(0.5,0.11,-1.5E-02));
#4312 = LINE('',#4313,#4314);
#4313 = CARTESIAN_POINT('',(0.5,8.E-02,-1.5E-02));
#4314 = VECTOR('',#4315,1.);
#4315 = DIRECTION('',(0.,1.,0.));
#4316 = ORIENTED_EDGE('',*,*,#4317,.T.);
#4317 = EDGE_CURVE('',#4310,#4318,#4320,.T.);
#4318 = VERTEX_POINT('',#4319);
#4319 = CARTESIAN_POINT('',(0.5,0.11,1.5E-02));
#4320 = LINE('',#4321,#4322);
#4321 = CARTESIAN_POINT('',(0.5,0.11,1.5E-02));
#4322 = VECTOR('',#4323,1.);
#4323 = DIRECTION('',(0.,-0.,1.));
#4324 = ORIENTED_EDGE('',*,*,#4325,.T.);
#4325 = EDGE_CURVE('',#4318,#4326,#4328,.T.);
#4326 = VERTEX_POINT('',#4327);
#4327 = CARTESIAN_POINT('',(0.5,8.E-02,1.5E-02));
#4328 = LINE('',#4329,#4330);
#4329 = CARTESIAN_POINT('',(0.5,8.E-02,1.5E-02));
#4330 = VECTOR('',#4331,1.);
#4331 = DIRECTION('',(0.,-1.,0.));
#4332 = ORIENTED_EDGE('',*,*,#4333,.T.);
#4333 = EDGE_CURVE('',#4326,#4308,#4334,.T.);
#4334 = LINE('',#4335,#4336);
#4335 = CARTESIAN_POINT('',(0.5,8.E-02,1.5E-02));
#4336 = VECTOR('',#4337,1.);
#4337 = DIRECTION('',(0.,0.,-1.));
#4338 = PLANE('',#4339);
#4339 = AXIS2_PLACEMENT_3D('',#4340,#4341,#4342);
#4340 = CARTESIAN_POINT('',(0.5,0.,0.));
#4341 = DIRECTION('',(-1.,0.,0.));
#4342 = DIRECTION('',(0.,0.,1.));
#4343 = ADVANCED_FACE('',(#4344),#4360,.T.);
#4344 = FACE_BOUND('',#4345,.T.);
#4345 = EDGE_LOOP('',(#4346,#4352,#4353,#4359));
#4346 = ORIENTED_EDGE('',*,*,#4347,.F.);
#4347 = EDGE_CURVE('',#4270,#4310,#4348,.T.);
#4348 = LINE('',#4349,#4350);
#4349 = CARTESIAN_POINT('',(0.407573593129,0.11,-1.5E-02));
#4350 = VECTOR('',#4351,1.);
#4351 = DIRECTION('',(1.,0.,0.));
#4352 = ORIENTED_EDGE('',*,*,#4293,.T.);
#4353 = ORIENTED_EDGE('',*,*,#4354,.T.);
#4354 = EDGE_CURVE('',#4286,#4318,#4355,.T.);
#4355 = LINE('',#4356,#4357);
#4356 = CARTESIAN_POINT('',(0.407573593129,0.11,1.5E-02));
#4357 = VECTOR('',#4358,1.);
#4358 = DIRECTION('',(1.,0.,0.));
#4359 = ORIENTED_EDGE('',*,*,#4317,.F.);
#4360 = PLANE('',#4361);
#4361 = AXIS2_PLACEMENT_3D('',#4362,#4363,#4364);
#4362 = CARTESIAN_POINT('',(0.407573593129,0.11,1.5E-02));
#4363 = DIRECTION('',(0.,1.,0.));
#4364 = DIRECTION('',(0.,0.,-1.));
#4365 = ADVANCED_FACE('',(#4366),#4377,.T.);
#4366 = FACE_BOUND('',#4367,.T.);
#4367 = EDGE_LOOP('',(#4368,#4369,#4370,#4376));
#4368 = ORIENTED_EDGE('',*,*,#4354,.F.);
#4369 = ORIENTED_EDGE('',*,*,#4285,.T.);
#4370 = ORIENTED_EDGE('',*,*,#4371,.T.);
#4371 = EDGE_CURVE('',#4278,#4326,#4372,.T.);
#4372 = LINE('',#4373,#4374);
#4373 = CARTESIAN_POINT('',(0.407573593129,8.E-02,1.5E-02));
#4374 = VECTOR('',#4375,1.);
#4375 = DIRECTION('',(1.,0.,0.));
#4376 = ORIENTED_EDGE('',*,*,#4325,.F.);
#4377 = PLANE('',#4378);
#4378 = AXIS2_PLACEMENT_3D('',#4379,#4380,#4381);
#4379 = CARTESIAN_POINT('',(0.407573593129,8.E-02,1.5E-02));
#4380 = DIRECTION('',(0.,0.,1.));
#4381 = DIRECTION('',(1.,0.,-0.));
#4382 = ADVANCED_FACE('',(#4383),#4394,.T.);
#4383 = FACE_BOUND('',#4384,.T.);
#4384 = EDGE_LOOP('',(#4385,#4386,#4387,#4393));
#4385 = ORIENTED_EDGE('',*,*,#4371,.F.);
#4386 = ORIENTED_EDGE('',*,*,#4277,.T.);
#4387 = ORIENTED_EDGE('',*,*,#4388,.T.);
#4388 = EDGE_CURVE('',#4268,#4308,#4389,.T.);
#4389 = LINE('',#4390,#4391);
#4390 = CARTESIAN_POINT('',(0.407573593129,8.E-02,-1.5E-02));
#4391 = VECTOR('',#4392,1.);
#4392 = DIRECTION('',(1.,0.,0.));
#4393 = ORIENTED_EDGE('',*,*,#4333,.F.);
#4394 = PLANE('',#4395);
#4395 = AXIS2_PLACEMENT_3D('',#4396,#4397,#4398);
#4396 = CARTESIAN_POINT('',(0.407573593129,8.E-02,1.5E-02));
#4397 = DIRECTION('',(0.,-1.,0.));
#4398 = DIRECTION('',(-0.,0.,1.));
#4399 = ADVANCED_FACE('',(#4400),#4406,.T.);
#4400 = FACE_BOUND('',#4401,.T.);
#4401 = EDGE_LOOP('',(#4402,#4403,#4404,#4405));
#4402 = ORIENTED_EDGE('',*,*,#4388,.F.);
#4403 = ORIENTED_EDGE('',*,*,#4267,.T.);
#4404 = ORIENTED_EDGE('',*,*,#4347,.T.);
#4405 = ORIENTED_EDGE('',*,*,#4307,.F.);
#4406 = PLANE('',#4407);
#4407 = AXIS2_PLACEMENT_3D('',#4408,#4409,#4410);
#4408 = CARTESIAN_POINT('',(0.407573593129,8.E-02,-1.5E-02));
#4409 = DIRECTION('',(0.,0.,-1.));
#4410 = DIRECTION('',(-1.,0.,0.));
#4411 = MANIFOLD_SOLID_BREP('',#4412);
#4412 = CLOSED_SHELL('',(#4413,#4453,#4493,#4515,#4532,#4549));
#4413 = ADVANCED_FACE('',(#4414),#4448,.T.);
#4414 = FACE_BOUND('',#4415,.T.);
#4415 = EDGE_LOOP('',(#4416,#4426,#4434,#4442));
#4416 = ORIENTED_EDGE('',*,*,#4417,.F.);
#4417 = EDGE_CURVE('',#4418,#4420,#4422,.T.);
#4418 = VERTEX_POINT('',#4419);
#4419 = CARTESIAN_POINT('',(-1.5E-02,8.E-02,-0.45));
#4420 = VERTEX_POINT('',#4421);
#4421 = CARTESIAN_POINT('',(-1.5E-02,0.11,-0.45));
#4422 = LINE('',#4423,#4424);
#4423 = CARTESIAN_POINT('',(-1.5E-02,8.E-02,-0.45));
#4424 = VECTOR('',#4425,1.);
#4425 = DIRECTION('',(0.,1.,0.));
#4426 = ORIENTED_EDGE('',*,*,#4427,.F.);
#4427 = EDGE_CURVE('',#4428,#4418,#4430,.T.);
#4428 = VERTEX_POINT('',#4429);
#4429 = CARTESIAN_POINT('',(1.5E-02,8.E-02,-0.45));
#4430 = LINE('',#4431,#4432);
#4431 = CARTESIAN_POINT('',(1.5E-02,8.E-02,-0.45));
#4432 = VECTOR('',#4433,1.);
#4433 = DIRECTION('',(-1.,0.,1.047444401653E-14));
#4434 = ORIENTED_EDGE('',*,*,#4435,.F.);
#4435 = EDGE_CURVE('',#4436,#4428,#4438,.T.);
#4436 = VERTEX_POINT('',#4437);
#4437 = CARTESIAN_POINT('',(1.5E-02,0.11,-0.45));
#4438 = LINE('',#4439,#4440);
#4439 = CARTESIAN_POINT('',(1.5E-02,8.E-02,-0.45));
#4440 = VECTOR('',#4441,1.);
#4441 = DIRECTION('',(0.,-1.,0.));
#4442 = ORIENTED_EDGE('',*,*,#4443,.F.);
#4443 = EDGE_CURVE('',#4420,#4436,#4444,.T.);
#4444 = LINE('',#4445,#4446);
#4445 = CARTESIAN_POINT('',(1.5E-02,0.11,-0.45));
#4446 = VECTOR('',#4447,1.);
#4447 = DIRECTION('',(1.,0.,-1.047444401653E-14));
#4448 = PLANE('',#4449);
#4449 = AXIS2_PLACEMENT_3D('',#4450,#4451,#4452);
#4450 = CARTESIAN_POINT('',(-4.713499807438E-15,0.,-0.45));
#4451 = DIRECTION('',(1.047444401653E-14,0.,1.));
#4452 = DIRECTION('',(1.,0.,-1.047444401653E-14));
#4453 = ADVANCED_FACE('',(#4454),#4488,.F.);
#4454 = FACE_BOUND('',#4455,.T.);
#4455 = EDGE_LOOP('',(#4456,#4466,#4474,#4482));
#4456 = ORIENTED_EDGE('',*,*,#4457,.T.);
#4457 = EDGE_CURVE('',#4458,#4460,#4462,.T.);
#4458 = VERTEX_POINT('',#4459);
#4459 = CARTESIAN_POINT('',(-1.500000000001E-02,8.E-02,-0.5));
#4460 = VERTEX_POINT('',#4461);
#4461 = CARTESIAN_POINT('',(-1.500000000001E-02,0.11,-0.5));
#4462 = LINE('',#4463,#4464);
#4463 = CARTESIAN_POINT('',(-1.500000000001E-02,8.E-02,-0.5));
#4464 = VECTOR('',#4465,1.);
#4465 = DIRECTION('',(0.,1.,0.));
#4466 = ORIENTED_EDGE('',*,*,#4467,.T.);
#4467 = EDGE_CURVE('',#4460,#4468,#4470,.T.);
#4468 = VERTEX_POINT('',#4469);
#4469 = CARTESIAN_POINT('',(1.499999999999E-02,0.11,-0.5));
#4470 = LINE('',#4471,#4472);
#4471 = CARTESIAN_POINT('',(1.499999999999E-02,0.11,-0.5));
#4472 = VECTOR('',#4473,1.);
#4473 = DIRECTION('',(1.,-0.,-1.047444401653E-14));
#4474 = ORIENTED_EDGE('',*,*,#4475,.T.);
#4475 = EDGE_CURVE('',#4468,#4476,#4478,.T.);
#4476 = VERTEX_POINT('',#4477);
#4477 = CARTESIAN_POINT('',(1.499999999999E-02,8.E-02,-0.5));
#4478 = LINE('',#4479,#4480);
#4479 = CARTESIAN_POINT('',(1.499999999999E-02,8.E-02,-0.5));
#4480 = VECTOR('',#4481,1.);
#4481 = DIRECTION('',(0.,-1.,-0.));
#4482 = ORIENTED_EDGE('',*,*,#4483,.T.);
#4483 = EDGE_CURVE('',#4476,#4458,#4484,.T.);
#4484 = LINE('',#4485,#4486);
#4485 = CARTESIAN_POINT('',(1.499999999999E-02,8.E-02,-0.5));
#4486 = VECTOR('',#4487,1.);
#4487 = DIRECTION('',(-1.,0.,1.047444401653E-14));
#4488 = PLANE('',#4489);
#4489 = AXIS2_PLACEMENT_3D('',#4490,#4491,#4492);
#4490 = CARTESIAN_POINT('',(-5.237222008265E-15,0.,-0.5));
#4491 = DIRECTION('',(1.047444401653E-14,0.,1.));
#4492 = DIRECTION('',(1.,0.,-1.047444401653E-14));
#4493 = ADVANCED_FACE('',(#4494),#4510,.T.);
#4494 = FACE_BOUND('',#4495,.T.);
#4495 = EDGE_LOOP('',(#4496,#4502,#4503,#4509));
#4496 = ORIENTED_EDGE('',*,*,#4497,.F.);
#4497 = EDGE_CURVE('',#4420,#4460,#4498,.T.);
#4498 = LINE('',#4499,#4500);
#4499 = CARTESIAN_POINT('',(-1.5E-02,0.11,-0.407573593129));
#4500 = VECTOR('',#4501,1.);
#4501 = DIRECTION('',(-1.047444401653E-14,0.,-1.));
#4502 = ORIENTED_EDGE('',*,*,#4443,.T.);
#4503 = ORIENTED_EDGE('',*,*,#4504,.T.);
#4504 = EDGE_CURVE('',#4436,#4468,#4505,.T.);
#4505 = LINE('',#4506,#4507);
#4506 = CARTESIAN_POINT('',(1.5E-02,0.11,-0.407573593129));
#4507 = VECTOR('',#4508,1.);
#4508 = DIRECTION('',(-1.047444401653E-14,0.,-1.));
#4509 = ORIENTED_EDGE('',*,*,#4467,.F.);
#4510 = PLANE('',#4511);
#4511 = AXIS2_PLACEMENT_3D('',#4512,#4513,#4514);
#4512 = CARTESIAN_POINT('',(1.5E-02,0.11,-0.407573593129));
#4513 = DIRECTION('',(0.,1.,0.));
#4514 = DIRECTION('',(-1.,0.,1.047444401653E-14));
#4515 = ADVANCED_FACE('',(#4516),#4527,.T.);
#4516 = FACE_BOUND('',#4517,.T.);
#4517 = EDGE_LOOP('',(#4518,#4519,#4520,#4526));
#4518 = ORIENTED_EDGE('',*,*,#4504,.F.);
#4519 = ORIENTED_EDGE('',*,*,#4435,.T.);
#4520 = ORIENTED_EDGE('',*,*,#4521,.T.);
#4521 = EDGE_CURVE('',#4428,#4476,#4522,.T.);
#4522 = LINE('',#4523,#4524);
#4523 = CARTESIAN_POINT('',(1.5E-02,8.E-02,-0.407573593129));
#4524 = VECTOR('',#4525,1.);
#4525 = DIRECTION('',(-1.047444401653E-14,0.,-1.));
#4526 = ORIENTED_EDGE('',*,*,#4475,.F.);
#4527 = PLANE('',#4528);
#4528 = AXIS2_PLACEMENT_3D('',#4529,#4530,#4531);
#4529 = CARTESIAN_POINT('',(1.5E-02,8.E-02,-0.407573593129));
#4530 = DIRECTION('',(1.,0.,-1.047444401653E-14));
#4531 = DIRECTION('',(-1.047444401653E-14,0.,-1.));
#4532 = ADVANCED_FACE('',(#4533),#4544,.T.);
#4533 = FACE_BOUND('',#4534,.T.);
#4534 = EDGE_LOOP('',(#4535,#4536,#4537,#4543));
#4535 = ORIENTED_EDGE('',*,*,#4521,.F.);
#4536 = ORIENTED_EDGE('',*,*,#4427,.T.);
#4537 = ORIENTED_EDGE('',*,*,#4538,.T.);
#4538 = EDGE_CURVE('',#4418,#4458,#4539,.T.);
#4539 = LINE('',#4540,#4541);
#4540 = CARTESIAN_POINT('',(-1.5E-02,8.E-02,-0.407573593129));
#4541 = VECTOR('',#4542,1.);
#4542 = DIRECTION('',(-1.047444401653E-14,0.,-1.));
#4543 = ORIENTED_EDGE('',*,*,#4483,.F.);
#4544 = PLANE('',#4545);
#4545 = AXIS2_PLACEMENT_3D('',#4546,#4547,#4548);
#4546 = CARTESIAN_POINT('',(1.5E-02,8.E-02,-0.407573593129));
#4547 = DIRECTION('',(0.,-1.,0.));
#4548 = DIRECTION('',(1.,0.,-1.047444401653E-14));
#4549 = ADVANCED_FACE('',(#4550),#4556,.T.);
#4550 = FACE_BOUND('',#4551,.T.);
#4551 = EDGE_LOOP('',(#4552,#4553,#4554,#4555));
#4552 = ORIENTED_EDGE('',*,*,#4538,.F.);
#4553 = ORIENTED_EDGE('',*,*,#4417,.T.);
#4554 = ORIENTED_EDGE('',*,*,#4497,.T.);
#4555 = ORIENTED_EDGE('',*,*,#4457,.F.);
#4556 = PLANE('',#4557);
#4557 = AXIS2_PLACEMENT_3D('',#4558,#4559,#4560);
#4558 = CARTESIAN_POINT('',(-1.5E-02,8.E-02,-0.407573593129));
#4559 = DIRECTION('',(-1.,0.,1.047444401653E-14));
#4560 = DIRECTION('',(1.047444401653E-14,0.,1.));
#4561 = MANIFOLD_SOLID_BREP('',#4562);
#4562 = CLOSED_SHELL('',(#4563,#4605,#4807,#5023,#5198,#5249,#5300,#5322
    ,#5346,#5386,#5426,#5443,#5466,#5483,#5495,#5512,#5524,#5548,#5588,
    #5628,#5645,#5668,#5685,#5697,#5714,#5726,#5750,#5790,#5830,#5847,
    #5870,#5887,#5899,#5916,#5928,#5952,#6008,#6025,#6047,#6064,#6076,
    #6093,#6105,#6136,#6161,#6185,#6209,#6233,#6250,#6264,#6295,#6319,
    #6343,#6360,#6372,#6403,#6427,#6451,#6468,#6480,#6511,#6535,#6559,
    #6576,#6588,#6619,#6643,#6667,#6684,#6696,#6714));
#4563 = ADVANCED_FACE('',(#4564),#4600,.F.);
#4564 = FACE_BOUND('',#4565,.F.);
#4565 = EDGE_LOOP('',(#4566,#4576,#4585,#4593));
#4566 = ORIENTED_EDGE('',*,*,#4567,.T.);
#4567 = EDGE_CURVE('',#4568,#4570,#4572,.T.);
#4568 = VERTEX_POINT('',#4569);
#4569 = CARTESIAN_POINT('',(-0.38,0.38,-0.34));
#4570 = VERTEX_POINT('',#4571);
#4571 = CARTESIAN_POINT('',(-0.38,0.4,-0.34));
#4572 = LINE('',#4573,#4574);
#4573 = CARTESIAN_POINT('',(-0.38,0.38,-0.34));
#4574 = VECTOR('',#4575,1.);
#4575 = DIRECTION('',(-0.,1.,-0.));
#4576 = ORIENTED_EDGE('',*,*,#4577,.F.);
#4577 = EDGE_CURVE('',#4578,#4570,#4580,.T.);
#4578 = VERTEX_POINT('',#4579);
#4579 = CARTESIAN_POINT('',(-0.38,0.4,-0.42));
#4580 = CIRCLE('',#4581,4.E-02);
#4581 = AXIS2_PLACEMENT_3D('',#4582,#4583,#4584);
#4582 = CARTESIAN_POINT('',(-0.38,0.4,-0.38));
#4583 = DIRECTION('',(0.,1.,0.));
#4584 = DIRECTION('',(0.,-0.,1.));
#4585 = ORIENTED_EDGE('',*,*,#4586,.F.);
#4586 = EDGE_CURVE('',#4587,#4578,#4589,.T.);
#4587 = VERTEX_POINT('',#4588);
#4588 = CARTESIAN_POINT('',(-0.38,0.38,-0.42));
#4589 = LINE('',#4590,#4591);
#4590 = CARTESIAN_POINT('',(-0.38,0.38,-0.42));
#4591 = VECTOR('',#4592,1.);
#4592 = DIRECTION('',(-0.,1.,-0.));
#4593 = ORIENTED_EDGE('',*,*,#4594,.T.);
#4594 = EDGE_CURVE('',#4587,#4568,#4595,.T.);
#4595 = CIRCLE('',#4596,4.E-02);
#4596 = AXIS2_PLACEMENT_3D('',#4597,#4598,#4599);
#4597 = CARTESIAN_POINT('',(-0.38,0.38,-0.38));
#4598 = DIRECTION('',(0.,1.,0.));
#4599 = DIRECTION('',(0.,-0.,1.));
#4600 = CYLINDRICAL_SURFACE('',#4601,4.E-02);
#4601 = AXIS2_PLACEMENT_3D('',#4602,#4603,#4604);
#4602 = CARTESIAN_POINT('',(-0.38,0.38,-0.38));
#4603 = DIRECTION('',(-0.,1.,-0.));
#4604 = DIRECTION('',(0.,0.,1.));
#4605 = ADVANCED_FACE('',(#4606,#4640),#4802,.F.);
#4606 = FACE_BOUND('',#4607,.T.);
#4607 = EDGE_LOOP('',(#4608,#4618,#4626,#4634));
#4608 = ORIENTED_EDGE('',*,*,#4609,.F.);
#4609 = EDGE_CURVE('',#4610,#4612,#4614,.T.);
#4610 = VERTEX_POINT('',#4611);
#4611 = CARTESIAN_POINT('',(-0.5,0.11,1.5E-02));
#4612 = VERTEX_POINT('',#4613);
#4613 = CARTESIAN_POINT('',(-0.5,0.11,-1.5E-02));
#4614 = LINE('',#4615,#4616);
#4615 = CARTESIAN_POINT('',(-0.5,0.11,-1.5E-02));
#4616 = VECTOR('',#4617,1.);
#4617 = DIRECTION('',(-0.,-0.,-1.));
#4618 = ORIENTED_EDGE('',*,*,#4619,.F.);
#4619 = EDGE_CURVE('',#4620,#4610,#4622,.T.);
#4620 = VERTEX_POINT('',#4621);
#4621 = CARTESIAN_POINT('',(-0.5,8.E-02,1.5E-02));
#4622 = LINE('',#4623,#4624);
#4623 = CARTESIAN_POINT('',(-0.5,8.E-02,1.5E-02));
#4624 = VECTOR('',#4625,1.);
#4625 = DIRECTION('',(0.,1.,0.));
#4626 = ORIENTED_EDGE('',*,*,#4627,.F.);
#4627 = EDGE_CURVE('',#4628,#4620,#4630,.T.);
#4628 = VERTEX_POINT('',#4629);
#4629 = CARTESIAN_POINT('',(-0.5,8.E-02,-1.5E-02));
#4630 = LINE('',#4631,#4632);
#4631 = CARTESIAN_POINT('',(-0.5,8.E-02,-1.5E-02));
#4632 = VECTOR('',#4633,1.);
#4633 = DIRECTION('',(0.,0.,1.));
#4634 = ORIENTED_EDGE('',*,*,#4635,.F.);
#4635 = EDGE_CURVE('',#4612,#4628,#4636,.T.);
#4636 = LINE('',#4637,#4638);
#4637 = CARTESIAN_POINT('',(-0.5,8.E-02,-1.5E-02));
#4638 = VECTOR('',#4639,1.);
#4639 = DIRECTION('',(-0.,-1.,-0.));
#4640 = FACE_BOUND('',#4641,.T.);
#4641 = EDGE_LOOP('',(#4642,#4652,#4660,#4668,#4676,#4684,#4692,#4700,
    #4708,#4716,#4724,#4732,#4740,#4748,#4756,#4764,#4772,#4780,#4788,
    #4796));
#4642 = ORIENTED_EDGE('',*,*,#4643,.F.);
#4643 = EDGE_CURVE('',#4644,#4646,#4648,.T.);
#4644 = VERTEX_POINT('',#4645);
#4645 = CARTESIAN_POINT('',(-0.5,0.11,-0.19));
#4646 = VERTEX_POINT('',#4647);
#4647 = CARTESIAN_POINT('',(-0.5,0.11,-0.46));
#4648 = LINE('',#4649,#4650);
#4649 = CARTESIAN_POINT('',(-0.5,0.11,-0.4325));
#4650 = VECTOR('',#4651,1.);
#4651 = DIRECTION('',(-0.,-0.,-1.));
#4652 = ORIENTED_EDGE('',*,*,#4653,.F.);
#4653 = EDGE_CURVE('',#4654,#4644,#4656,.T.);
#4654 = VERTEX_POINT('',#4655);
#4655 = CARTESIAN_POINT('',(-0.5,8.E-02,-0.19));
#4656 = LINE('',#4657,#4658);
#4657 = CARTESIAN_POINT('',(-0.5,-0.306337802922,-0.19));
#4658 = VECTOR('',#4659,1.);
#4659 = DIRECTION('',(0.,1.,0.));
#4660 = ORIENTED_EDGE('',*,*,#4661,.T.);
#4661 = EDGE_CURVE('',#4654,#4662,#4664,.T.);
#4662 = VERTEX_POINT('',#4663);
#4663 = CARTESIAN_POINT('',(-0.5,8.E-02,-0.2175));
#4664 = LINE('',#4665,#4666);
#4665 = CARTESIAN_POINT('',(-0.5,8.E-02,-0.19));
#4666 = VECTOR('',#4667,1.);
#4667 = DIRECTION('',(0.,0.,-1.));
#4668 = ORIENTED_EDGE('',*,*,#4669,.T.);
#4669 = EDGE_CURVE('',#4662,#4670,#4672,.T.);
#4670 = VERTEX_POINT('',#4671);
#4671 = CARTESIAN_POINT('',(-0.5,5.E-02,-0.2175));
#4672 = LINE('',#4673,#4674);
#4673 = CARTESIAN_POINT('',(-0.5,0.11,-0.2175));
#4674 = VECTOR('',#4675,1.);
#4675 = DIRECTION('',(-0.,-1.,-0.));
#4676 = ORIENTED_EDGE('',*,*,#4677,.T.);
#4677 = EDGE_CURVE('',#4670,#4678,#4680,.T.);
#4678 = VERTEX_POINT('',#4679);
#4679 = CARTESIAN_POINT('',(-0.5,5.E-02,0.2175));
#4680 = LINE('',#4681,#4682);
#4681 = CARTESIAN_POINT('',(-0.5,5.E-02,0.5));
#4682 = VECTOR('',#4683,1.);
#4683 = DIRECTION('',(-0.,-0.,1.));
#4684 = ORIENTED_EDGE('',*,*,#4685,.F.);
#4685 = EDGE_CURVE('',#4686,#4678,#4688,.T.);
#4686 = VERTEX_POINT('',#4687);
#4687 = CARTESIAN_POINT('',(-0.5,8.E-02,0.2175));
#4688 = LINE('',#4689,#4690);
#4689 = CARTESIAN_POINT('',(-0.5,0.11,0.2175));
#4690 = VECTOR('',#4691,1.);
#4691 = DIRECTION('',(0.,-1.,0.));
#4692 = ORIENTED_EDGE('',*,*,#4693,.T.);
#4693 = EDGE_CURVE('',#4686,#4694,#4696,.T.);
#4694 = VERTEX_POINT('',#4695);
#4695 = CARTESIAN_POINT('',(-0.5,8.E-02,0.19));
#4696 = LINE('',#4697,#4698);
#4697 = CARTESIAN_POINT('',(-0.5,8.E-02,0.19));
#4698 = VECTOR('',#4699,1.);
#4699 = DIRECTION('',(-0.,-0.,-1.));
#4700 = ORIENTED_EDGE('',*,*,#4701,.T.);
#4701 = EDGE_CURVE('',#4694,#4702,#4704,.T.);
#4702 = VERTEX_POINT('',#4703);
#4703 = CARTESIAN_POINT('',(-0.5,0.11,0.19));
#4704 = LINE('',#4705,#4706);
#4705 = CARTESIAN_POINT('',(-0.5,8.E-02,0.19));
#4706 = VECTOR('',#4707,1.);
#4707 = DIRECTION('',(0.,1.,0.));
#4708 = ORIENTED_EDGE('',*,*,#4709,.T.);
#4709 = EDGE_CURVE('',#4702,#4710,#4712,.T.);
#4710 = VERTEX_POINT('',#4711);
#4711 = CARTESIAN_POINT('',(-0.5,0.11,0.46));
#4712 = LINE('',#4713,#4714);
#4713 = CARTESIAN_POINT('',(-0.5,0.11,0.2175));
#4714 = VECTOR('',#4715,1.);
#4715 = DIRECTION('',(0.,0.,1.));
#4716 = ORIENTED_EDGE('',*,*,#4717,.F.);
#4717 = EDGE_CURVE('',#4718,#4710,#4720,.T.);
#4718 = VERTEX_POINT('',#4719);
#4719 = CARTESIAN_POINT('',(-0.5,8.E-02,0.46));
#4720 = LINE('',#4721,#4722);
#4721 = CARTESIAN_POINT('',(-0.5,8.E-02,0.46));
#4722 = VECTOR('',#4723,1.);
#4723 = DIRECTION('',(0.,1.,0.));
#4724 = ORIENTED_EDGE('',*,*,#4725,.T.);
#4725 = EDGE_CURVE('',#4718,#4726,#4728,.T.);
#4726 = VERTEX_POINT('',#4727);
#4727 = CARTESIAN_POINT('',(-0.5,8.E-02,0.4325));
#4728 = LINE('',#4729,#4730);
#4729 = CARTESIAN_POINT('',(-0.5,8.E-02,0.19));
#4730 = VECTOR('',#4731,1.);
#4731 = DIRECTION('',(-0.,-0.,-1.));
#4732 = ORIENTED_EDGE('',*,*,#4733,.T.);
#4733 = EDGE_CURVE('',#4726,#4734,#4736,.T.);
#4734 = VERTEX_POINT('',#4735);
#4735 = CARTESIAN_POINT('',(-0.5,5.E-02,0.4325));
#4736 = LINE('',#4737,#4738);
#4737 = CARTESIAN_POINT('',(-0.5,0.11,0.4325));
#4738 = VECTOR('',#4739,1.);
#4739 = DIRECTION('',(0.,-1.,0.));
#4740 = ORIENTED_EDGE('',*,*,#4741,.T.);
#4741 = EDGE_CURVE('',#4734,#4742,#4744,.T.);
#4742 = VERTEX_POINT('',#4743);
#4743 = CARTESIAN_POINT('',(-0.5,5.E-02,0.5));
#4744 = LINE('',#4745,#4746);
#4745 = CARTESIAN_POINT('',(-0.5,5.E-02,0.5));
#4746 = VECTOR('',#4747,1.);
#4747 = DIRECTION('',(-0.,-0.,1.));
#4748 = ORIENTED_EDGE('',*,*,#4749,.F.);
#4749 = EDGE_CURVE('',#4750,#4742,#4752,.T.);
#4750 = VERTEX_POINT('',#4751);
#4751 = CARTESIAN_POINT('',(-0.5,0.4,0.5));
#4752 = LINE('',#4753,#4754);
#4753 = CARTESIAN_POINT('',(-0.5,2.214213562373,0.5));
#4754 = VECTOR('',#4755,1.);
#4755 = DIRECTION('',(-0.,-1.,-0.));
#4756 = ORIENTED_EDGE('',*,*,#4757,.F.);
#4757 = EDGE_CURVE('',#4758,#4750,#4760,.T.);
#4758 = VERTEX_POINT('',#4759);
#4759 = CARTESIAN_POINT('',(-0.5,0.4,-0.5));
#4760 = LINE('',#4761,#4762);
#4761 = CARTESIAN_POINT('',(-0.5,0.4,0.5));
#4762 = VECTOR('',#4763,1.);
#4763 = DIRECTION('',(-0.,0.,1.));
#4764 = ORIENTED_EDGE('',*,*,#4765,.T.);
#4765 = EDGE_CURVE('',#4758,#4766,#4768,.T.);
#4766 = VERTEX_POINT('',#4767);
#4767 = CARTESIAN_POINT('',(-0.5,5.E-02,-0.5));
#4768 = LINE('',#4769,#4770);
#4769 = CARTESIAN_POINT('',(-0.5,2.214213562373,-0.5));
#4770 = VECTOR('',#4771,1.);
#4771 = DIRECTION('',(-0.,-1.,-0.));
#4772 = ORIENTED_EDGE('',*,*,#4773,.T.);
#4773 = EDGE_CURVE('',#4766,#4774,#4776,.T.);
#4774 = VERTEX_POINT('',#4775);
#4775 = CARTESIAN_POINT('',(-0.5,5.E-02,-0.4325));
#4776 = LINE('',#4777,#4778);
#4777 = CARTESIAN_POINT('',(-0.5,5.E-02,0.5));
#4778 = VECTOR('',#4779,1.);
#4779 = DIRECTION('',(-0.,-0.,1.));
#4780 = ORIENTED_EDGE('',*,*,#4781,.F.);
#4781 = EDGE_CURVE('',#4782,#4774,#4784,.T.);
#4782 = VERTEX_POINT('',#4783);
#4783 = CARTESIAN_POINT('',(-0.5,8.E-02,-0.4325));
#4784 = LINE('',#4785,#4786);
#4785 = CARTESIAN_POINT('',(-0.5,0.11,-0.4325));
#4786 = VECTOR('',#4787,1.);
#4787 = DIRECTION('',(-0.,-1.,-0.));
#4788 = ORIENTED_EDGE('',*,*,#4789,.T.);
#4789 = EDGE_CURVE('',#4782,#4790,#4792,.T.);
#4790 = VERTEX_POINT('',#4791);
#4791 = CARTESIAN_POINT('',(-0.5,8.E-02,-0.46));
#4792 = LINE('',#4793,#4794);
#4793 = CARTESIAN_POINT('',(-0.5,8.E-02,-0.19));
#4794 = VECTOR('',#4795,1.);
#4795 = DIRECTION('',(0.,0.,-1.));
#4796 = ORIENTED_EDGE('',*,*,#4797,.T.);
#4797 = EDGE_CURVE('',#4790,#4646,#4798,.T.);
#4798 = LINE('',#4799,#4800);
#4799 = CARTESIAN_POINT('',(-0.5,-0.306337802922,-0.46));
#4800 = VECTOR('',#4801,1.);
#4801 = DIRECTION('',(0.,1.,0.));
#4802 = PLANE('',#4803);
#4803 = AXIS2_PLACEMENT_3D('',#4804,#4805,#4806);
#4804 = CARTESIAN_POINT('',(-0.5,2.214213562373,0.5));
#4805 = DIRECTION('',(1.,-0.,0.));
#4806 = DIRECTION('',(0.,0.,-1.));
#4807 = ADVANCED_FACE('',(#4808,#4859),#5018,.T.);
#4808 = FACE_BOUND('',#4809,.T.);
#4809 = EDGE_LOOP('',(#4810,#4820,#4829,#4837,#4845,#4853));
#4810 = ORIENTED_EDGE('',*,*,#4811,.F.);
#4811 = EDGE_CURVE('',#4812,#4814,#4816,.T.);
#4812 = VERTEX_POINT('',#4813);
#4813 = CARTESIAN_POINT('',(-0.116672618896,5.E-02,-0.222738636074));
#4814 = VERTEX_POINT('',#4815);
#4815 = CARTESIAN_POINT('',(-2.981555974335E-16,5.E-02,-0.33941125497));
#4816 = LINE('',#4817,#4818);
#4817 = CARTESIAN_POINT('',(-2.953224195089E-16,5.E-02,-0.33941125497));
#4818 = VECTOR('',#4819,1.);
#4819 = DIRECTION('',(0.707106781187,-0.,-0.707106781187));
#4820 = ORIENTED_EDGE('',*,*,#4821,.F.);
#4821 = EDGE_CURVE('',#4822,#4812,#4824,.T.);
#4822 = VERTEX_POINT('',#4823);
#4823 = CARTESIAN_POINT('',(-0.222738636074,5.E-02,-0.116672618896));
#4824 = CIRCLE('',#4825,7.5E-02);
#4825 = AXIS2_PLACEMENT_3D('',#4826,#4827,#4828);
#4826 = CARTESIAN_POINT('',(-0.169705627485,5.E-02,-0.169705627485));
#4827 = DIRECTION('',(-0.,1.,0.));
#4828 = DIRECTION('',(0.,0.,-1.));
#4829 = ORIENTED_EDGE('',*,*,#4830,.F.);
#4830 = EDGE_CURVE('',#4831,#4822,#4833,.T.);
#4831 = VERTEX_POINT('',#4832);
#4832 = CARTESIAN_POINT('',(-0.33941125497,5.E-02,-3.388131789017E-18));
#4833 = LINE('',#4834,#4835);
#4834 = CARTESIAN_POINT('',(-0.33941125497,5.E-02,-3.388131789017E-18));
#4835 = VECTOR('',#4836,1.);
#4836 = DIRECTION('',(0.707106781187,0.,-0.707106781187));
#4837 = ORIENTED_EDGE('',*,*,#4838,.F.);
#4838 = EDGE_CURVE('',#4839,#4831,#4841,.T.);
#4839 = VERTEX_POINT('',#4840);
#4840 = CARTESIAN_POINT('',(-4.575404403156E-16,5.E-02,0.33941125497));
#4841 = LINE('',#4842,#4843);
#4842 = CARTESIAN_POINT('',(-0.33941125497,5.E-02,-3.388131789017E-18));
#4843 = VECTOR('',#4844,1.);
#4844 = DIRECTION('',(-0.707106781187,-0.,-0.707106781187));
#4845 = ORIENTED_EDGE('',*,*,#4846,.F.);
#4846 = EDGE_CURVE('',#4847,#4839,#4849,.T.);
#4847 = VERTEX_POINT('',#4848);
#4848 = CARTESIAN_POINT('',(0.33941125497,5.E-02,0.));
#4849 = LINE('',#4850,#4851);
#4850 = CARTESIAN_POINT('',(0.33941125497,5.E-02,0.));
#4851 = VECTOR('',#4852,1.);
#4852 = DIRECTION('',(-0.707106781187,0.,0.707106781187));
#4853 = ORIENTED_EDGE('',*,*,#4854,.F.);
#4854 = EDGE_CURVE('',#4814,#4847,#4855,.T.);
#4855 = LINE('',#4856,#4857);
#4856 = CARTESIAN_POINT('',(-2.953224195089E-16,5.E-02,-0.33941125497));
#4857 = VECTOR('',#4858,1.);
#4858 = DIRECTION('',(0.707106781187,0.,0.707106781187));
#4859 = FACE_BOUND('',#4860,.T.);
#4860 = EDGE_LOOP('',(#4861,#4869,#4877,#4883,#4884,#4892,#4900,#4908,
    #4916,#4924,#4932,#4940,#4948,#4956,#4964,#4972,#4980,#4986,#4987,
    #4995,#5003,#5011,#5017));
#4861 = ORIENTED_EDGE('',*,*,#4862,.F.);
#4862 = EDGE_CURVE('',#4863,#4670,#4865,.T.);
#4863 = VERTEX_POINT('',#4864);
#4864 = CARTESIAN_POINT('',(-0.455833333333,5.E-02,-0.2175));
#4865 = LINE('',#4866,#4867);
#4866 = CARTESIAN_POINT('',(-0.455833333333,5.E-02,-0.2175));
#4867 = VECTOR('',#4868,1.);
#4868 = DIRECTION('',(-1.,0.,-6.136993429163E-16));
#4869 = ORIENTED_EDGE('',*,*,#4870,.F.);
#4870 = EDGE_CURVE('',#4871,#4863,#4873,.T.);
#4871 = VERTEX_POINT('',#4872);
#4872 = CARTESIAN_POINT('',(-0.25,5.E-02,-0.4325));
#4873 = LINE('',#4874,#4875);
#4874 = CARTESIAN_POINT('',(-0.25,5.E-02,-0.4325));
#4875 = VECTOR('',#4876,1.);
#4876 = DIRECTION('',(-0.691540419444,0.,0.722337766059));
#4877 = ORIENTED_EDGE('',*,*,#4878,.F.);
#4878 = EDGE_CURVE('',#4774,#4871,#4879,.T.);
#4879 = LINE('',#4880,#4881);
#4880 = CARTESIAN_POINT('',(-0.25,5.E-02,-0.4325));
#4881 = VECTOR('',#4882,1.);
#4882 = DIRECTION('',(1.,-0.,-0.));
#4883 = ORIENTED_EDGE('',*,*,#4773,.F.);
#4884 = ORIENTED_EDGE('',*,*,#4885,.F.);
#4885 = EDGE_CURVE('',#4886,#4766,#4888,.T.);
#4886 = VERTEX_POINT('',#4887);
#4887 = CARTESIAN_POINT('',(0.5,5.E-02,-0.5));
#4888 = LINE('',#4889,#4890);
#4889 = CARTESIAN_POINT('',(-0.5,5.E-02,-0.5));
#4890 = VECTOR('',#4891,1.);
#4891 = DIRECTION('',(-1.,-0.,-0.));
#4892 = ORIENTED_EDGE('',*,*,#4893,.F.);
#4893 = EDGE_CURVE('',#4894,#4886,#4896,.T.);
#4894 = VERTEX_POINT('',#4895);
#4895 = CARTESIAN_POINT('',(0.5,5.E-02,-0.4325));
#4896 = LINE('',#4897,#4898);
#4897 = CARTESIAN_POINT('',(0.5,5.E-02,0.5));
#4898 = VECTOR('',#4899,1.);
#4899 = DIRECTION('',(0.,0.,-1.));
#4900 = ORIENTED_EDGE('',*,*,#4901,.T.);
#4901 = EDGE_CURVE('',#4894,#4902,#4904,.T.);
#4902 = VERTEX_POINT('',#4903);
#4903 = CARTESIAN_POINT('',(0.275,5.E-02,-0.4325));
#4904 = LINE('',#4905,#4906);
#4905 = CARTESIAN_POINT('',(-1.042038754667E-16,5.E-02,-0.4325));
#4906 = VECTOR('',#4907,1.);
#4907 = DIRECTION('',(-1.,0.,2.409338161079E-16));
#4908 = ORIENTED_EDGE('',*,*,#4909,.T.);
#4909 = EDGE_CURVE('',#4902,#4910,#4912,.T.);
#4910 = VERTEX_POINT('',#4911);
#4911 = CARTESIAN_POINT('',(0.275,5.E-02,-0.3825));
#4912 = LINE('',#4913,#4914);
#4913 = CARTESIAN_POINT('',(0.275,5.E-02,-2.981555974335E-16));
#4914 = VECTOR('',#4915,1.);
#4915 = DIRECTION('',(1.084202172486E-15,0.,1.));
#4916 = ORIENTED_EDGE('',*,*,#4917,.T.);
#4917 = EDGE_CURVE('',#4910,#4918,#4920,.T.);
#4918 = VERTEX_POINT('',#4919);
#4919 = CARTESIAN_POINT('',(0.43,5.E-02,-0.2175));
#4920 = LINE('',#4921,#4922);
#4921 = CARTESIAN_POINT('',(0.336962195122,5.E-02,-0.316540243902));
#4922 = VECTOR('',#4923,1.);
#4923 = DIRECTION('',(0.684675461664,0.,0.728848072094));
#4924 = ORIENTED_EDGE('',*,*,#4925,.T.);
#4925 = EDGE_CURVE('',#4918,#4926,#4928,.T.);
#4926 = VERTEX_POINT('',#4927);
#4927 = CARTESIAN_POINT('',(0.5,5.E-02,-0.2175));
#4928 = LINE('',#4929,#4930);
#4929 = CARTESIAN_POINT('',(0.,5.E-02,-0.2175));
#4930 = VECTOR('',#4931,1.);
#4931 = DIRECTION('',(1.,0.,0.));
#4932 = ORIENTED_EDGE('',*,*,#4933,.F.);
#4933 = EDGE_CURVE('',#4934,#4926,#4936,.T.);
#4934 = VERTEX_POINT('',#4935);
#4935 = CARTESIAN_POINT('',(0.5,5.E-02,0.2175));
#4936 = LINE('',#4937,#4938);
#4937 = CARTESIAN_POINT('',(0.5,5.E-02,0.5));
#4938 = VECTOR('',#4939,1.);
#4939 = DIRECTION('',(0.,0.,-1.));
#4940 = ORIENTED_EDGE('',*,*,#4941,.F.);
#4941 = EDGE_CURVE('',#4942,#4934,#4944,.T.);
#4942 = VERTEX_POINT('',#4943);
#4943 = CARTESIAN_POINT('',(0.43,5.E-02,0.2175));
#4944 = LINE('',#4945,#4946);
#4945 = CARTESIAN_POINT('',(0.,5.E-02,0.2175));
#4946 = VECTOR('',#4947,1.);
#4947 = DIRECTION('',(1.,0.,0.));
#4948 = ORIENTED_EDGE('',*,*,#4949,.F.);
#4949 = EDGE_CURVE('',#4950,#4942,#4952,.T.);
#4950 = VERTEX_POINT('',#4951);
#4951 = CARTESIAN_POINT('',(0.275,5.E-02,0.3825));
#4952 = LINE('',#4953,#4954);
#4953 = CARTESIAN_POINT('',(0.336962195122,5.E-02,0.316540243902));
#4954 = VECTOR('',#4955,1.);
#4955 = DIRECTION('',(0.684675461664,0.,-0.728848072094));
#4956 = ORIENTED_EDGE('',*,*,#4957,.F.);
#4957 = EDGE_CURVE('',#4958,#4950,#4960,.T.);
#4958 = VERTEX_POINT('',#4959);
#4959 = CARTESIAN_POINT('',(0.275,5.E-02,0.4325));
#4960 = LINE('',#4961,#4962);
#4961 = CARTESIAN_POINT('',(0.275,5.E-02,2.981555974335E-16));
#4962 = VECTOR('',#4963,1.);
#4963 = DIRECTION('',(1.084202172486E-15,0.,-1.));
#4964 = ORIENTED_EDGE('',*,*,#4965,.F.);
#4965 = EDGE_CURVE('',#4966,#4958,#4968,.T.);
#4966 = VERTEX_POINT('',#4967);
#4967 = CARTESIAN_POINT('',(0.5,5.E-02,0.4325));
#4968 = LINE('',#4969,#4970);
#4969 = CARTESIAN_POINT('',(-1.042038754667E-16,5.E-02,0.4325));
#4970 = VECTOR('',#4971,1.);
#4971 = DIRECTION('',(-1.,0.,-2.409338161079E-16));
#4972 = ORIENTED_EDGE('',*,*,#4973,.F.);
#4973 = EDGE_CURVE('',#4974,#4966,#4976,.T.);
#4974 = VERTEX_POINT('',#4975);
#4975 = CARTESIAN_POINT('',(0.5,5.E-02,0.5));
#4976 = LINE('',#4977,#4978);
#4977 = CARTESIAN_POINT('',(0.5,5.E-02,0.5));
#4978 = VECTOR('',#4979,1.);
#4979 = DIRECTION('',(0.,0.,-1.));
#4980 = ORIENTED_EDGE('',*,*,#4981,.F.);
#4981 = EDGE_CURVE('',#4742,#4974,#4982,.T.);
#4982 = LINE('',#4983,#4984);
#4983 = CARTESIAN_POINT('',(-0.5,5.E-02,0.5));
#4984 = VECTOR('',#4985,1.);
#4985 = DIRECTION('',(1.,0.,0.));
#4986 = ORIENTED_EDGE('',*,*,#4741,.F.);
#4987 = ORIENTED_EDGE('',*,*,#4988,.T.);
#4988 = EDGE_CURVE('',#4734,#4989,#4991,.T.);
#4989 = VERTEX_POINT('',#4990);
#4990 = CARTESIAN_POINT('',(-0.275,5.E-02,0.4325));
#4991 = LINE('',#4992,#4993);
#4992 = CARTESIAN_POINT('',(1.042038754667E-16,5.E-02,0.4325));
#4993 = VECTOR('',#4994,1.);
#4994 = DIRECTION('',(1.,0.,-2.409338161079E-16));
#4995 = ORIENTED_EDGE('',*,*,#4996,.T.);
#4996 = EDGE_CURVE('',#4989,#4997,#4999,.T.);
#4997 = VERTEX_POINT('',#4998);
#4998 = CARTESIAN_POINT('',(-0.275,5.E-02,0.3825));
#4999 = LINE('',#5000,#5001);
#5000 = CARTESIAN_POINT('',(-0.275,5.E-02,2.981555974335E-16));
#5001 = VECTOR('',#5002,1.);
#5002 = DIRECTION('',(-1.084202172486E-15,0.,-1.));
#5003 = ORIENTED_EDGE('',*,*,#5004,.T.);
#5004 = EDGE_CURVE('',#4997,#5005,#5007,.T.);
#5005 = VERTEX_POINT('',#5006);
#5006 = CARTESIAN_POINT('',(-0.43,5.E-02,0.2175));
#5007 = LINE('',#5008,#5009);
#5008 = CARTESIAN_POINT('',(-0.336962195122,5.E-02,0.316540243902));
#5009 = VECTOR('',#5010,1.);
#5010 = DIRECTION('',(-0.684675461664,0.,-0.728848072094));
#5011 = ORIENTED_EDGE('',*,*,#5012,.T.);
#5012 = EDGE_CURVE('',#5005,#4678,#5013,.T.);
#5013 = LINE('',#5014,#5015);
#5014 = CARTESIAN_POINT('',(0.,5.E-02,0.2175));
#5015 = VECTOR('',#5016,1.);
#5016 = DIRECTION('',(-1.,0.,0.));
#5017 = ORIENTED_EDGE('',*,*,#4677,.F.);
#5018 = PLANE('',#5019);
#5019 = AXIS2_PLACEMENT_3D('',#5020,#5021,#5022);
#5020 = CARTESIAN_POINT('',(0.,5.E-02,0.));
#5021 = DIRECTION('',(0.,-1.,0.));
#5022 = DIRECTION('',(0.,-0.,-1.));
#5023 = ADVANCED_FACE('',(#5024,#5058),#5193,.F.);
#5024 = FACE_BOUND('',#5025,.T.);
#5025 = EDGE_LOOP('',(#5026,#5036,#5044,#5052));
#5026 = ORIENTED_EDGE('',*,*,#5027,.F.);
#5027 = EDGE_CURVE('',#5028,#5030,#5032,.T.);
#5028 = VERTEX_POINT('',#5029);
#5029 = CARTESIAN_POINT('',(0.5,0.11,-1.5E-02));
#5030 = VERTEX_POINT('',#5031);
#5031 = CARTESIAN_POINT('',(0.5,0.11,1.5E-02));
#5032 = LINE('',#5033,#5034);
#5033 = CARTESIAN_POINT('',(0.5,0.11,1.5E-02));
#5034 = VECTOR('',#5035,1.);
#5035 = DIRECTION('',(0.,-0.,1.));
#5036 = ORIENTED_EDGE('',*,*,#5037,.F.);
#5037 = EDGE_CURVE('',#5038,#5028,#5040,.T.);
#5038 = VERTEX_POINT('',#5039);
#5039 = CARTESIAN_POINT('',(0.5,8.E-02,-1.5E-02));
#5040 = LINE('',#5041,#5042);
#5041 = CARTESIAN_POINT('',(0.5,8.E-02,-1.5E-02));
#5042 = VECTOR('',#5043,1.);
#5043 = DIRECTION('',(0.,1.,0.));
#5044 = ORIENTED_EDGE('',*,*,#5045,.F.);
#5045 = EDGE_CURVE('',#5046,#5038,#5048,.T.);
#5046 = VERTEX_POINT('',#5047);
#5047 = CARTESIAN_POINT('',(0.5,8.E-02,1.5E-02));
#5048 = LINE('',#5049,#5050);
#5049 = CARTESIAN_POINT('',(0.5,8.E-02,1.5E-02));
#5050 = VECTOR('',#5051,1.);
#5051 = DIRECTION('',(0.,0.,-1.));
#5052 = ORIENTED_EDGE('',*,*,#5053,.F.);
#5053 = EDGE_CURVE('',#5030,#5046,#5054,.T.);
#5054 = LINE('',#5055,#5056);
#5055 = CARTESIAN_POINT('',(0.5,8.E-02,1.5E-02));
#5056 = VECTOR('',#5057,1.);
#5057 = DIRECTION('',(0.,-1.,0.));
#5058 = FACE_BOUND('',#5059,.T.);
#5059 = EDGE_LOOP('',(#5060,#5070,#5078,#5084,#5085,#5093,#5101,#5107,
    #5108,#5116,#5124,#5132,#5140,#5148,#5156,#5162,#5163,#5171,#5179,
    #5187));
#5060 = ORIENTED_EDGE('',*,*,#5061,.F.);
#5061 = EDGE_CURVE('',#5062,#5064,#5066,.T.);
#5062 = VERTEX_POINT('',#5063);
#5063 = CARTESIAN_POINT('',(0.5,8.E-02,-0.46));
#5064 = VERTEX_POINT('',#5065);
#5065 = CARTESIAN_POINT('',(0.5,0.11,-0.46));
#5066 = LINE('',#5067,#5068);
#5067 = CARTESIAN_POINT('',(0.5,8.E-02,-0.46));
#5068 = VECTOR('',#5069,1.);
#5069 = DIRECTION('',(0.,1.,0.));
#5070 = ORIENTED_EDGE('',*,*,#5071,.T.);
#5071 = EDGE_CURVE('',#5062,#5072,#5074,.T.);
#5072 = VERTEX_POINT('',#5073);
#5073 = CARTESIAN_POINT('',(0.5,8.E-02,-0.4325));
#5074 = LINE('',#5075,#5076);
#5075 = CARTESIAN_POINT('',(0.5,8.E-02,-0.19));
#5076 = VECTOR('',#5077,1.);
#5077 = DIRECTION('',(0.,-0.,1.));
#5078 = ORIENTED_EDGE('',*,*,#5079,.T.);
#5079 = EDGE_CURVE('',#5072,#4894,#5080,.T.);
#5080 = LINE('',#5081,#5082);
#5081 = CARTESIAN_POINT('',(0.5,0.11,-0.4325));
#5082 = VECTOR('',#5083,1.);
#5083 = DIRECTION('',(0.,-1.,0.));
#5084 = ORIENTED_EDGE('',*,*,#4893,.T.);
#5085 = ORIENTED_EDGE('',*,*,#5086,.F.);
#5086 = EDGE_CURVE('',#5087,#4886,#5089,.T.);
#5087 = VERTEX_POINT('',#5088);
#5088 = CARTESIAN_POINT('',(0.5,0.4,-0.5));
#5089 = LINE('',#5090,#5091);
#5090 = CARTESIAN_POINT('',(0.5,2.214213562373,-0.5));
#5091 = VECTOR('',#5092,1.);
#5092 = DIRECTION('',(-0.,-1.,-0.));
#5093 = ORIENTED_EDGE('',*,*,#5094,.F.);
#5094 = EDGE_CURVE('',#5095,#5087,#5097,.T.);
#5095 = VERTEX_POINT('',#5096);
#5096 = CARTESIAN_POINT('',(0.5,0.4,0.5));
#5097 = LINE('',#5098,#5099);
#5098 = CARTESIAN_POINT('',(0.5,0.4,0.5));
#5099 = VECTOR('',#5100,1.);
#5100 = DIRECTION('',(0.,0.,-1.));
#5101 = ORIENTED_EDGE('',*,*,#5102,.T.);
#5102 = EDGE_CURVE('',#5095,#4974,#5103,.T.);
#5103 = LINE('',#5104,#5105);
#5104 = CARTESIAN_POINT('',(0.5,2.214213562373,0.5));
#5105 = VECTOR('',#5106,1.);
#5106 = DIRECTION('',(-0.,-1.,-0.));
#5107 = ORIENTED_EDGE('',*,*,#4973,.T.);
#5108 = ORIENTED_EDGE('',*,*,#5109,.F.);
#5109 = EDGE_CURVE('',#5110,#4966,#5112,.T.);
#5110 = VERTEX_POINT('',#5111);
#5111 = CARTESIAN_POINT('',(0.5,8.E-02,0.4325));
#5112 = LINE('',#5113,#5114);
#5113 = CARTESIAN_POINT('',(0.5,0.11,0.4325));
#5114 = VECTOR('',#5115,1.);
#5115 = DIRECTION('',(0.,-1.,0.));
#5116 = ORIENTED_EDGE('',*,*,#5117,.F.);
#5117 = EDGE_CURVE('',#5118,#5110,#5120,.T.);
#5118 = VERTEX_POINT('',#5119);
#5119 = CARTESIAN_POINT('',(0.5,8.E-02,0.46));
#5120 = LINE('',#5121,#5122);
#5121 = CARTESIAN_POINT('',(0.5,8.E-02,0.19));
#5122 = VECTOR('',#5123,1.);
#5123 = DIRECTION('',(0.,-0.,-1.));
#5124 = ORIENTED_EDGE('',*,*,#5125,.T.);
#5125 = EDGE_CURVE('',#5118,#5126,#5128,.T.);
#5126 = VERTEX_POINT('',#5127);
#5127 = CARTESIAN_POINT('',(0.5,0.11,0.46));
#5128 = LINE('',#5129,#5130);
#5129 = CARTESIAN_POINT('',(0.5,8.E-02,0.46));
#5130 = VECTOR('',#5131,1.);
#5131 = DIRECTION('',(0.,1.,0.));
#5132 = ORIENTED_EDGE('',*,*,#5133,.F.);
#5133 = EDGE_CURVE('',#5134,#5126,#5136,.T.);
#5134 = VERTEX_POINT('',#5135);
#5135 = CARTESIAN_POINT('',(0.5,0.11,0.19));
#5136 = LINE('',#5137,#5138);
#5137 = CARTESIAN_POINT('',(0.5,0.11,0.2175));
#5138 = VECTOR('',#5139,1.);
#5139 = DIRECTION('',(0.,0.,1.));
#5140 = ORIENTED_EDGE('',*,*,#5141,.F.);
#5141 = EDGE_CURVE('',#5142,#5134,#5144,.T.);
#5142 = VERTEX_POINT('',#5143);
#5143 = CARTESIAN_POINT('',(0.5,8.E-02,0.19));
#5144 = LINE('',#5145,#5146);
#5145 = CARTESIAN_POINT('',(0.5,8.E-02,0.19));
#5146 = VECTOR('',#5147,1.);
#5147 = DIRECTION('',(0.,1.,0.));
#5148 = ORIENTED_EDGE('',*,*,#5149,.F.);
#5149 = EDGE_CURVE('',#5150,#5142,#5152,.T.);
#5150 = VERTEX_POINT('',#5151);
#5151 = CARTESIAN_POINT('',(0.5,8.E-02,0.2175));
#5152 = LINE('',#5153,#5154);
#5153 = CARTESIAN_POINT('',(0.5,8.E-02,0.19));
#5154 = VECTOR('',#5155,1.);
#5155 = DIRECTION('',(0.,-0.,-1.));
#5156 = ORIENTED_EDGE('',*,*,#5157,.T.);
#5157 = EDGE_CURVE('',#5150,#4934,#5158,.T.);
#5158 = LINE('',#5159,#5160);
#5159 = CARTESIAN_POINT('',(0.5,0.11,0.2175));
#5160 = VECTOR('',#5161,1.);
#5161 = DIRECTION('',(0.,-1.,0.));
#5162 = ORIENTED_EDGE('',*,*,#4933,.T.);
#5163 = ORIENTED_EDGE('',*,*,#5164,.F.);
#5164 = EDGE_CURVE('',#5165,#4926,#5167,.T.);
#5165 = VERTEX_POINT('',#5166);
#5166 = CARTESIAN_POINT('',(0.5,8.E-02,-0.2175));
#5167 = LINE('',#5168,#5169);
#5168 = CARTESIAN_POINT('',(0.5,0.11,-0.2175));
#5169 = VECTOR('',#5170,1.);
#5170 = DIRECTION('',(0.,-1.,0.));
#5171 = ORIENTED_EDGE('',*,*,#5172,.T.);
#5172 = EDGE_CURVE('',#5165,#5173,#5175,.T.);
#5173 = VERTEX_POINT('',#5174);
#5174 = CARTESIAN_POINT('',(0.5,8.E-02,-0.19));
#5175 = LINE('',#5176,#5177);
#5176 = CARTESIAN_POINT('',(0.5,8.E-02,-0.19));
#5177 = VECTOR('',#5178,1.);
#5178 = DIRECTION('',(0.,-0.,1.));
#5179 = ORIENTED_EDGE('',*,*,#5180,.T.);
#5180 = EDGE_CURVE('',#5173,#5181,#5183,.T.);
#5181 = VERTEX_POINT('',#5182);
#5182 = CARTESIAN_POINT('',(0.5,0.11,-0.19));
#5183 = LINE('',#5184,#5185);
#5184 = CARTESIAN_POINT('',(0.5,8.E-02,-0.19));
#5185 = VECTOR('',#5186,1.);
#5186 = DIRECTION('',(0.,1.,0.));
#5187 = ORIENTED_EDGE('',*,*,#5188,.T.);
#5188 = EDGE_CURVE('',#5181,#5064,#5189,.T.);
#5189 = LINE('',#5190,#5191);
#5190 = CARTESIAN_POINT('',(0.5,0.11,-0.2175));
#5191 = VECTOR('',#5192,1.);
#5192 = DIRECTION('',(0.,0.,-1.));
#5193 = PLANE('',#5194);
#5194 = AXIS2_PLACEMENT_3D('',#5195,#5196,#5197);
#5195 = CARTESIAN_POINT('',(0.5,2.214213562373,0.5));
#5196 = DIRECTION('',(-1.,0.,0.));
#5197 = DIRECTION('',(0.,0.,1.));
#5198 = ADVANCED_FACE('',(#5199,#5233),#5244,.F.);
#5199 = FACE_BOUND('',#5200,.T.);
#5200 = EDGE_LOOP('',(#5201,#5211,#5219,#5227));
#5201 = ORIENTED_EDGE('',*,*,#5202,.F.);
#5202 = EDGE_CURVE('',#5203,#5205,#5207,.T.);
#5203 = VERTEX_POINT('',#5204);
#5204 = CARTESIAN_POINT('',(-1.500000000001E-02,0.11,-0.5));
#5205 = VERTEX_POINT('',#5206);
#5206 = CARTESIAN_POINT('',(1.499999999999E-02,0.11,-0.5));
#5207 = LINE('',#5208,#5209);
#5208 = CARTESIAN_POINT('',(1.499999999999E-02,0.11,-0.5));
#5209 = VECTOR('',#5210,1.);
#5210 = DIRECTION('',(1.,-0.,-1.047444401653E-14));
#5211 = ORIENTED_EDGE('',*,*,#5212,.F.);
#5212 = EDGE_CURVE('',#5213,#5203,#5215,.T.);
#5213 = VERTEX_POINT('',#5214);
#5214 = CARTESIAN_POINT('',(-1.500000000001E-02,8.E-02,-0.5));
#5215 = LINE('',#5216,#5217);
#5216 = CARTESIAN_POINT('',(-1.500000000001E-02,8.E-02,-0.5));
#5217 = VECTOR('',#5218,1.);
#5218 = DIRECTION('',(0.,1.,0.));
#5219 = ORIENTED_EDGE('',*,*,#5220,.F.);
#5220 = EDGE_CURVE('',#5221,#5213,#5223,.T.);
#5221 = VERTEX_POINT('',#5222);
#5222 = CARTESIAN_POINT('',(1.499999999999E-02,8.E-02,-0.5));
#5223 = LINE('',#5224,#5225);
#5224 = CARTESIAN_POINT('',(1.499999999999E-02,8.E-02,-0.5));
#5225 = VECTOR('',#5226,1.);
#5226 = DIRECTION('',(-1.,0.,1.047444401653E-14));
#5227 = ORIENTED_EDGE('',*,*,#5228,.F.);
#5228 = EDGE_CURVE('',#5205,#5221,#5229,.T.);
#5229 = LINE('',#5230,#5231);
#5230 = CARTESIAN_POINT('',(1.499999999999E-02,8.E-02,-0.5));
#5231 = VECTOR('',#5232,1.);
#5232 = DIRECTION('',(0.,-1.,-0.));
#5233 = FACE_BOUND('',#5234,.T.);
#5234 = EDGE_LOOP('',(#5235,#5241,#5242,#5243));
#5235 = ORIENTED_EDGE('',*,*,#5236,.F.);
#5236 = EDGE_CURVE('',#5087,#4758,#5237,.T.);
#5237 = LINE('',#5238,#5239);
#5238 = CARTESIAN_POINT('',(-0.5,0.4,-0.5));
#5239 = VECTOR('',#5240,1.);
#5240 = DIRECTION('',(-1.,0.,0.));
#5241 = ORIENTED_EDGE('',*,*,#5086,.T.);
#5242 = ORIENTED_EDGE('',*,*,#4885,.T.);
#5243 = ORIENTED_EDGE('',*,*,#4765,.F.);
#5244 = PLANE('',#5245);
#5245 = AXIS2_PLACEMENT_3D('',#5246,#5247,#5248);
#5246 = CARTESIAN_POINT('',(-0.5,2.214213562373,-0.5));
#5247 = DIRECTION('',(0.,0.,1.));
#5248 = DIRECTION('',(1.,0.,-0.));
#5249 = ADVANCED_FACE('',(#5250,#5284),#5295,.F.);
#5250 = FACE_BOUND('',#5251,.T.);
#5251 = EDGE_LOOP('',(#5252,#5262,#5270,#5278));
#5252 = ORIENTED_EDGE('',*,*,#5253,.F.);
#5253 = EDGE_CURVE('',#5254,#5256,#5258,.T.);
#5254 = VERTEX_POINT('',#5255);
#5255 = CARTESIAN_POINT('',(1.5E-02,0.11,0.5));
#5256 = VERTEX_POINT('',#5257);
#5257 = CARTESIAN_POINT('',(-1.5E-02,0.11,0.5));
#5258 = LINE('',#5259,#5260);
#5259 = CARTESIAN_POINT('',(-1.5E-02,0.11,0.5));
#5260 = VECTOR('',#5261,1.);
#5261 = DIRECTION('',(-1.,-0.,3.491481338843E-15));
#5262 = ORIENTED_EDGE('',*,*,#5263,.F.);
#5263 = EDGE_CURVE('',#5264,#5254,#5266,.T.);
#5264 = VERTEX_POINT('',#5265);
#5265 = CARTESIAN_POINT('',(1.5E-02,8.E-02,0.5));
#5266 = LINE('',#5267,#5268);
#5267 = CARTESIAN_POINT('',(1.5E-02,8.E-02,0.5));
#5268 = VECTOR('',#5269,1.);
#5269 = DIRECTION('',(0.,1.,0.));
#5270 = ORIENTED_EDGE('',*,*,#5271,.F.);
#5271 = EDGE_CURVE('',#5272,#5264,#5274,.T.);
#5272 = VERTEX_POINT('',#5273);
#5273 = CARTESIAN_POINT('',(-1.5E-02,8.E-02,0.5));
#5274 = LINE('',#5275,#5276);
#5275 = CARTESIAN_POINT('',(-1.5E-02,8.E-02,0.5));
#5276 = VECTOR('',#5277,1.);
#5277 = DIRECTION('',(1.,0.,-3.491481338843E-15));
#5278 = ORIENTED_EDGE('',*,*,#5279,.F.);
#5279 = EDGE_CURVE('',#5256,#5272,#5280,.T.);
#5280 = LINE('',#5281,#5282);
#5281 = CARTESIAN_POINT('',(-1.5E-02,8.E-02,0.5));
#5282 = VECTOR('',#5283,1.);
#5283 = DIRECTION('',(0.,-1.,0.));
#5284 = FACE_BOUND('',#5285,.T.);
#5285 = EDGE_LOOP('',(#5286,#5292,#5293,#5294));
#5286 = ORIENTED_EDGE('',*,*,#5287,.F.);
#5287 = EDGE_CURVE('',#4750,#5095,#5288,.T.);
#5288 = LINE('',#5289,#5290);
#5289 = CARTESIAN_POINT('',(-0.5,0.4,0.5));
#5290 = VECTOR('',#5291,1.);
#5291 = DIRECTION('',(1.,-0.,0.));
#5292 = ORIENTED_EDGE('',*,*,#4749,.T.);
#5293 = ORIENTED_EDGE('',*,*,#4981,.T.);
#5294 = ORIENTED_EDGE('',*,*,#5102,.F.);
#5295 = PLANE('',#5296);
#5296 = AXIS2_PLACEMENT_3D('',#5297,#5298,#5299);
#5297 = CARTESIAN_POINT('',(-0.5,2.214213562373,0.5));
#5298 = DIRECTION('',(0.,0.,-1.));
#5299 = DIRECTION('',(-1.,0.,-0.));
#5300 = ADVANCED_FACE('',(#5301,#5311),#5317,.T.);
#5301 = FACE_BOUND('',#5302,.T.);
#5302 = EDGE_LOOP('',(#5303,#5310));
#5303 = ORIENTED_EDGE('',*,*,#5304,.F.);
#5304 = EDGE_CURVE('',#4570,#4578,#5305,.T.);
#5305 = CIRCLE('',#5306,4.E-02);
#5306 = AXIS2_PLACEMENT_3D('',#5307,#5308,#5309);
#5307 = CARTESIAN_POINT('',(-0.38,0.4,-0.38));
#5308 = DIRECTION('',(0.,1.,0.));
#5309 = DIRECTION('',(0.,-0.,1.));
#5310 = ORIENTED_EDGE('',*,*,#4577,.F.);
#5311 = FACE_BOUND('',#5312,.T.);
#5312 = EDGE_LOOP('',(#5313,#5314,#5315,#5316));
#5313 = ORIENTED_EDGE('',*,*,#5287,.T.);
#5314 = ORIENTED_EDGE('',*,*,#5094,.T.);
#5315 = ORIENTED_EDGE('',*,*,#5236,.T.);
#5316 = ORIENTED_EDGE('',*,*,#4757,.T.);
#5317 = PLANE('',#5318);
#5318 = AXIS2_PLACEMENT_3D('',#5319,#5320,#5321);
#5319 = CARTESIAN_POINT('',(0.,0.4,0.));
#5320 = DIRECTION('',(0.,1.,0.));
#5321 = DIRECTION('',(0.,-0.,1.));
#5322 = ADVANCED_FACE('',(#5323),#5341,.T.);
#5323 = FACE_BOUND('',#5324,.T.);
#5324 = EDGE_LOOP('',(#5325,#5333,#5339,#5340));
#5325 = ORIENTED_EDGE('',*,*,#5326,.F.);
#5326 = EDGE_CURVE('',#5327,#4726,#5329,.T.);
#5327 = VERTEX_POINT('',#5328);
#5328 = CARTESIAN_POINT('',(-0.275,8.E-02,0.4325));
#5329 = LINE('',#5330,#5331);
#5330 = CARTESIAN_POINT('',(-0.275,8.E-02,0.4325));
#5331 = VECTOR('',#5332,1.);
#5332 = DIRECTION('',(-1.,0.,2.409338161079E-16));
#5333 = ORIENTED_EDGE('',*,*,#5334,.T.);
#5334 = EDGE_CURVE('',#5327,#4989,#5335,.T.);
#5335 = LINE('',#5336,#5337);
#5336 = CARTESIAN_POINT('',(-0.275,0.11,0.4325));
#5337 = VECTOR('',#5338,1.);
#5338 = DIRECTION('',(0.,-1.,0.));
#5339 = ORIENTED_EDGE('',*,*,#4988,.F.);
#5340 = ORIENTED_EDGE('',*,*,#4733,.F.);
#5341 = PLANE('',#5342);
#5342 = AXIS2_PLACEMENT_3D('',#5343,#5344,#5345);
#5343 = CARTESIAN_POINT('',(-0.275,0.11,0.4325));
#5344 = DIRECTION('',(-2.409338161079E-16,0.,-1.));
#5345 = DIRECTION('',(-1.,0.,2.409338161079E-16));
#5346 = ADVANCED_FACE('',(#5347),#5381,.T.);
#5347 = FACE_BOUND('',#5348,.T.);
#5348 = EDGE_LOOP('',(#5349,#5350,#5358,#5366,#5374,#5380));
#5349 = ORIENTED_EDGE('',*,*,#5334,.F.);
#5350 = ORIENTED_EDGE('',*,*,#5351,.T.);
#5351 = EDGE_CURVE('',#5327,#5352,#5354,.T.);
#5352 = VERTEX_POINT('',#5353);
#5353 = CARTESIAN_POINT('',(-0.275,8.E-02,0.46));
#5354 = LINE('',#5355,#5356);
#5355 = CARTESIAN_POINT('',(-0.275,8.E-02,0.3825));
#5356 = VECTOR('',#5357,1.);
#5357 = DIRECTION('',(6.994852725713E-16,0.,1.));
#5358 = ORIENTED_EDGE('',*,*,#5359,.T.);
#5359 = EDGE_CURVE('',#5352,#5360,#5362,.T.);
#5360 = VERTEX_POINT('',#5361);
#5361 = CARTESIAN_POINT('',(-0.275,0.11,0.46));
#5362 = LINE('',#5363,#5364);
#5363 = CARTESIAN_POINT('',(-0.275,8.E-02,0.46));
#5364 = VECTOR('',#5365,1.);
#5365 = DIRECTION('',(0.,1.,0.));
#5366 = ORIENTED_EDGE('',*,*,#5367,.T.);
#5367 = EDGE_CURVE('',#5360,#5368,#5370,.T.);
#5368 = VERTEX_POINT('',#5369);
#5369 = CARTESIAN_POINT('',(-0.275,0.11,0.3825));
#5370 = LINE('',#5371,#5372);
#5371 = CARTESIAN_POINT('',(-0.275,0.11,0.4325));
#5372 = VECTOR('',#5373,1.);
#5373 = DIRECTION('',(-1.084202172486E-15,0.,-1.));
#5374 = ORIENTED_EDGE('',*,*,#5375,.T.);
#5375 = EDGE_CURVE('',#5368,#4997,#5376,.T.);
#5376 = LINE('',#5377,#5378);
#5377 = CARTESIAN_POINT('',(-0.275,0.11,0.3825));
#5378 = VECTOR('',#5379,1.);
#5379 = DIRECTION('',(0.,-1.,0.));
#5380 = ORIENTED_EDGE('',*,*,#4996,.F.);
#5381 = PLANE('',#5382);
#5382 = AXIS2_PLACEMENT_3D('',#5383,#5384,#5385);
#5383 = CARTESIAN_POINT('',(-0.275,0.11,0.4325));
#5384 = DIRECTION('',(-1.,0.,1.084202172486E-15));
#5385 = DIRECTION('',(1.084202172486E-15,0.,1.));
#5386 = ADVANCED_FACE('',(#5387),#5421,.T.);
#5387 = FACE_BOUND('',#5388,.T.);
#5388 = EDGE_LOOP('',(#5389,#5390,#5391,#5399,#5407,#5415));
#5389 = ORIENTED_EDGE('',*,*,#5004,.F.);
#5390 = ORIENTED_EDGE('',*,*,#5375,.F.);
#5391 = ORIENTED_EDGE('',*,*,#5392,.T.);
#5392 = EDGE_CURVE('',#5368,#5393,#5395,.T.);
#5393 = VERTEX_POINT('',#5394);
#5394 = CARTESIAN_POINT('',(-0.455833333333,0.11,0.19));
#5395 = LINE('',#5396,#5397);
#5396 = CARTESIAN_POINT('',(-0.43,0.11,0.2175));
#5397 = VECTOR('',#5398,1.);
#5398 = DIRECTION('',(-0.684675461664,-0.,-0.728848072094));
#5399 = ORIENTED_EDGE('',*,*,#5400,.F.);
#5400 = EDGE_CURVE('',#5401,#5393,#5403,.T.);
#5401 = VERTEX_POINT('',#5402);
#5402 = CARTESIAN_POINT('',(-0.455833333333,8.E-02,0.19));
#5403 = LINE('',#5404,#5405);
#5404 = CARTESIAN_POINT('',(-0.455833333333,8.E-02,0.19));
#5405 = VECTOR('',#5406,1.);
#5406 = DIRECTION('',(0.,1.,0.));
#5407 = ORIENTED_EDGE('',*,*,#5408,.T.);
#5408 = EDGE_CURVE('',#5401,#5409,#5411,.T.);
#5409 = VERTEX_POINT('',#5410);
#5410 = CARTESIAN_POINT('',(-0.43,8.E-02,0.2175));
#5411 = LINE('',#5412,#5413);
#5412 = CARTESIAN_POINT('',(-0.275,8.E-02,0.3825));
#5413 = VECTOR('',#5414,1.);
#5414 = DIRECTION('',(0.684675461664,-0.,0.728848072094));
#5415 = ORIENTED_EDGE('',*,*,#5416,.T.);
#5416 = EDGE_CURVE('',#5409,#5005,#5417,.T.);
#5417 = LINE('',#5418,#5419);
#5418 = CARTESIAN_POINT('',(-0.43,0.11,0.2175));
#5419 = VECTOR('',#5420,1.);
#5420 = DIRECTION('',(0.,-1.,0.));
#5421 = PLANE('',#5422);
#5422 = AXIS2_PLACEMENT_3D('',#5423,#5424,#5425);
#5423 = CARTESIAN_POINT('',(-0.43,0.11,0.2175));
#5424 = DIRECTION('',(-0.728848072094,0.,0.684675461664));
#5425 = DIRECTION('',(0.684675461664,0.,0.728848072094));
#5426 = ADVANCED_FACE('',(#5427),#5438,.T.);
#5427 = FACE_BOUND('',#5428,.T.);
#5428 = EDGE_LOOP('',(#5429,#5435,#5436,#5437));
#5429 = ORIENTED_EDGE('',*,*,#5430,.F.);
#5430 = EDGE_CURVE('',#4686,#5409,#5431,.T.);
#5431 = LINE('',#5432,#5433);
#5432 = CARTESIAN_POINT('',(-0.43,8.E-02,0.2175));
#5433 = VECTOR('',#5434,1.);
#5434 = DIRECTION('',(1.,0.,-0.));
#5435 = ORIENTED_EDGE('',*,*,#4685,.T.);
#5436 = ORIENTED_EDGE('',*,*,#5012,.F.);
#5437 = ORIENTED_EDGE('',*,*,#5416,.F.);
#5438 = PLANE('',#5439);
#5439 = AXIS2_PLACEMENT_3D('',#5440,#5441,#5442);
#5440 = CARTESIAN_POINT('',(-0.43,0.11,0.2175));
#5441 = DIRECTION('',(0.,0.,1.));
#5442 = DIRECTION('',(1.,0.,-0.));
#5443 = ADVANCED_FACE('',(#5444),#5461,.T.);
#5444 = FACE_BOUND('',#5445,.T.);
#5445 = EDGE_LOOP('',(#5446,#5447,#5453,#5454,#5455));
#5446 = ORIENTED_EDGE('',*,*,#4709,.F.);
#5447 = ORIENTED_EDGE('',*,*,#5448,.T.);
#5448 = EDGE_CURVE('',#4702,#5393,#5449,.T.);
#5449 = LINE('',#5450,#5451);
#5450 = CARTESIAN_POINT('',(-0.455833333333,0.11,0.19));
#5451 = VECTOR('',#5452,1.);
#5452 = DIRECTION('',(1.,-0.,-6.136993429163E-16));
#5453 = ORIENTED_EDGE('',*,*,#5392,.F.);
#5454 = ORIENTED_EDGE('',*,*,#5367,.F.);
#5455 = ORIENTED_EDGE('',*,*,#5456,.T.);
#5456 = EDGE_CURVE('',#5360,#4710,#5457,.T.);
#5457 = LINE('',#5458,#5459);
#5458 = CARTESIAN_POINT('',(-0.275,0.11,0.46));
#5459 = VECTOR('',#5460,1.);
#5460 = DIRECTION('',(-1.,0.,0.));
#5461 = PLANE('',#5462);
#5462 = AXIS2_PLACEMENT_3D('',#5463,#5464,#5465);
#5463 = CARTESIAN_POINT('',(0.,0.11,0.));
#5464 = DIRECTION('',(0.,-1.,0.));
#5465 = DIRECTION('',(0.,-0.,-1.));
#5466 = ADVANCED_FACE('',(#5467),#5478,.F.);
#5467 = FACE_BOUND('',#5468,.T.);
#5468 = EDGE_LOOP('',(#5469,#5470,#5471,#5477));
#5469 = ORIENTED_EDGE('',*,*,#5430,.T.);
#5470 = ORIENTED_EDGE('',*,*,#5408,.F.);
#5471 = ORIENTED_EDGE('',*,*,#5472,.F.);
#5472 = EDGE_CURVE('',#4694,#5401,#5473,.T.);
#5473 = LINE('',#5474,#5475);
#5474 = CARTESIAN_POINT('',(-0.455833333333,8.E-02,0.19));
#5475 = VECTOR('',#5476,1.);
#5476 = DIRECTION('',(1.,-0.,-6.136993429163E-16));
#5477 = ORIENTED_EDGE('',*,*,#4693,.F.);
#5478 = PLANE('',#5479);
#5479 = AXIS2_PLACEMENT_3D('',#5480,#5481,#5482);
#5480 = CARTESIAN_POINT('',(0.,8.E-02,0.));
#5481 = DIRECTION('',(0.,-1.,0.));
#5482 = DIRECTION('',(0.,-0.,-1.));
#5483 = ADVANCED_FACE('',(#5484),#5490,.T.);
#5484 = FACE_BOUND('',#5485,.T.);
#5485 = EDGE_LOOP('',(#5486,#5487,#5488,#5489));
#5486 = ORIENTED_EDGE('',*,*,#5448,.F.);
#5487 = ORIENTED_EDGE('',*,*,#4701,.F.);
#5488 = ORIENTED_EDGE('',*,*,#5472,.T.);
#5489 = ORIENTED_EDGE('',*,*,#5400,.T.);
#5490 = PLANE('',#5491);
#5491 = AXIS2_PLACEMENT_3D('',#5492,#5493,#5494);
#5492 = CARTESIAN_POINT('',(-0.455833333333,8.E-02,0.19));
#5493 = DIRECTION('',(6.136993429163E-16,-0.,1.));
#5494 = DIRECTION('',(1.,0.,-6.136993429163E-16));
#5495 = ADVANCED_FACE('',(#5496),#5507,.F.);
#5496 = FACE_BOUND('',#5497,.T.);
#5497 = EDGE_LOOP('',(#5498,#5499,#5500,#5506));
#5498 = ORIENTED_EDGE('',*,*,#5326,.T.);
#5499 = ORIENTED_EDGE('',*,*,#4725,.F.);
#5500 = ORIENTED_EDGE('',*,*,#5501,.F.);
#5501 = EDGE_CURVE('',#5352,#4718,#5502,.T.);
#5502 = LINE('',#5503,#5504);
#5503 = CARTESIAN_POINT('',(-0.275,8.E-02,0.46));
#5504 = VECTOR('',#5505,1.);
#5505 = DIRECTION('',(-1.,0.,0.));
#5506 = ORIENTED_EDGE('',*,*,#5351,.F.);
#5507 = PLANE('',#5508);
#5508 = AXIS2_PLACEMENT_3D('',#5509,#5510,#5511);
#5509 = CARTESIAN_POINT('',(0.,8.E-02,0.));
#5510 = DIRECTION('',(0.,-1.,0.));
#5511 = DIRECTION('',(0.,-0.,-1.));
#5512 = ADVANCED_FACE('',(#5513),#5519,.T.);
#5513 = FACE_BOUND('',#5514,.T.);
#5514 = EDGE_LOOP('',(#5515,#5516,#5517,#5518));
#5515 = ORIENTED_EDGE('',*,*,#5456,.F.);
#5516 = ORIENTED_EDGE('',*,*,#5359,.F.);
#5517 = ORIENTED_EDGE('',*,*,#5501,.T.);
#5518 = ORIENTED_EDGE('',*,*,#4717,.T.);
#5519 = PLANE('',#5520);
#5520 = AXIS2_PLACEMENT_3D('',#5521,#5522,#5523);
#5521 = CARTESIAN_POINT('',(-0.275,8.E-02,0.46));
#5522 = DIRECTION('',(0.,0.,-1.));
#5523 = DIRECTION('',(-1.,0.,-0.));
#5524 = ADVANCED_FACE('',(#5525),#5543,.F.);
#5525 = FACE_BOUND('',#5526,.T.);
#5526 = EDGE_LOOP('',(#5527,#5528,#5536,#5542));
#5527 = ORIENTED_EDGE('',*,*,#5157,.F.);
#5528 = ORIENTED_EDGE('',*,*,#5529,.T.);
#5529 = EDGE_CURVE('',#5150,#5530,#5532,.T.);
#5530 = VERTEX_POINT('',#5531);
#5531 = CARTESIAN_POINT('',(0.43,8.E-02,0.2175));
#5532 = LINE('',#5533,#5534);
#5533 = CARTESIAN_POINT('',(0.43,8.E-02,0.2175));
#5534 = VECTOR('',#5535,1.);
#5535 = DIRECTION('',(-1.,0.,0.));
#5536 = ORIENTED_EDGE('',*,*,#5537,.T.);
#5537 = EDGE_CURVE('',#5530,#4942,#5538,.T.);
#5538 = LINE('',#5539,#5540);
#5539 = CARTESIAN_POINT('',(0.43,0.11,0.2175));
#5540 = VECTOR('',#5541,1.);
#5541 = DIRECTION('',(0.,-1.,0.));
#5542 = ORIENTED_EDGE('',*,*,#4941,.T.);
#5543 = PLANE('',#5544);
#5544 = AXIS2_PLACEMENT_3D('',#5545,#5546,#5547);
#5545 = CARTESIAN_POINT('',(0.43,0.11,0.2175));
#5546 = DIRECTION('',(0.,0.,-1.));
#5547 = DIRECTION('',(-1.,0.,-0.));
#5548 = ADVANCED_FACE('',(#5549),#5583,.F.);
#5549 = FACE_BOUND('',#5550,.T.);
#5550 = EDGE_LOOP('',(#5551,#5552,#5560,#5568,#5576,#5582));
#5551 = ORIENTED_EDGE('',*,*,#5537,.F.);
#5552 = ORIENTED_EDGE('',*,*,#5553,.F.);
#5553 = EDGE_CURVE('',#5554,#5530,#5556,.T.);
#5554 = VERTEX_POINT('',#5555);
#5555 = CARTESIAN_POINT('',(0.455833333333,8.E-02,0.19));
#5556 = LINE('',#5557,#5558);
#5557 = CARTESIAN_POINT('',(0.275,8.E-02,0.3825));
#5558 = VECTOR('',#5559,1.);
#5559 = DIRECTION('',(-0.684675461664,0.,0.728848072094));
#5560 = ORIENTED_EDGE('',*,*,#5561,.T.);
#5561 = EDGE_CURVE('',#5554,#5562,#5564,.T.);
#5562 = VERTEX_POINT('',#5563);
#5563 = CARTESIAN_POINT('',(0.455833333333,0.11,0.19));
#5564 = LINE('',#5565,#5566);
#5565 = CARTESIAN_POINT('',(0.455833333333,8.E-02,0.19));
#5566 = VECTOR('',#5567,1.);
#5567 = DIRECTION('',(0.,1.,0.));
#5568 = ORIENTED_EDGE('',*,*,#5569,.F.);
#5569 = EDGE_CURVE('',#5570,#5562,#5572,.T.);
#5570 = VERTEX_POINT('',#5571);
#5571 = CARTESIAN_POINT('',(0.275,0.11,0.3825));
#5572 = LINE('',#5573,#5574);
#5573 = CARTESIAN_POINT('',(0.43,0.11,0.2175));
#5574 = VECTOR('',#5575,1.);
#5575 = DIRECTION('',(0.684675461664,-0.,-0.728848072094));
#5576 = ORIENTED_EDGE('',*,*,#5577,.T.);
#5577 = EDGE_CURVE('',#5570,#4950,#5578,.T.);
#5578 = LINE('',#5579,#5580);
#5579 = CARTESIAN_POINT('',(0.275,0.11,0.3825));
#5580 = VECTOR('',#5581,1.);
#5581 = DIRECTION('',(0.,-1.,0.));
#5582 = ORIENTED_EDGE('',*,*,#4949,.T.);
#5583 = PLANE('',#5584);
#5584 = AXIS2_PLACEMENT_3D('',#5585,#5586,#5587);
#5585 = CARTESIAN_POINT('',(0.43,0.11,0.2175));
#5586 = DIRECTION('',(-0.728848072094,0.,-0.684675461664));
#5587 = DIRECTION('',(-0.684675461664,0.,0.728848072094));
#5588 = ADVANCED_FACE('',(#5589),#5623,.F.);
#5589 = FACE_BOUND('',#5590,.T.);
#5590 = EDGE_LOOP('',(#5591,#5592,#5593,#5601,#5609,#5617));
#5591 = ORIENTED_EDGE('',*,*,#4957,.T.);
#5592 = ORIENTED_EDGE('',*,*,#5577,.F.);
#5593 = ORIENTED_EDGE('',*,*,#5594,.F.);
#5594 = EDGE_CURVE('',#5595,#5570,#5597,.T.);
#5595 = VERTEX_POINT('',#5596);
#5596 = CARTESIAN_POINT('',(0.275,0.11,0.46));
#5597 = LINE('',#5598,#5599);
#5598 = CARTESIAN_POINT('',(0.275,0.11,0.4325));
#5599 = VECTOR('',#5600,1.);
#5600 = DIRECTION('',(1.084202172486E-15,0.,-1.));
#5601 = ORIENTED_EDGE('',*,*,#5602,.F.);
#5602 = EDGE_CURVE('',#5603,#5595,#5605,.T.);
#5603 = VERTEX_POINT('',#5604);
#5604 = CARTESIAN_POINT('',(0.275,8.E-02,0.46));
#5605 = LINE('',#5606,#5607);
#5606 = CARTESIAN_POINT('',(0.275,8.E-02,0.46));
#5607 = VECTOR('',#5608,1.);
#5608 = DIRECTION('',(0.,1.,0.));
#5609 = ORIENTED_EDGE('',*,*,#5610,.F.);
#5610 = EDGE_CURVE('',#5611,#5603,#5613,.T.);
#5611 = VERTEX_POINT('',#5612);
#5612 = CARTESIAN_POINT('',(0.275,8.E-02,0.4325));
#5613 = LINE('',#5614,#5615);
#5614 = CARTESIAN_POINT('',(0.275,8.E-02,0.3825));
#5615 = VECTOR('',#5616,1.);
#5616 = DIRECTION('',(-6.994852725713E-16,0.,1.));
#5617 = ORIENTED_EDGE('',*,*,#5618,.T.);
#5618 = EDGE_CURVE('',#5611,#4958,#5619,.T.);
#5619 = LINE('',#5620,#5621);
#5620 = CARTESIAN_POINT('',(0.275,0.11,0.4325));
#5621 = VECTOR('',#5622,1.);
#5622 = DIRECTION('',(0.,-1.,0.));
#5623 = PLANE('',#5624);
#5624 = AXIS2_PLACEMENT_3D('',#5625,#5626,#5627);
#5625 = CARTESIAN_POINT('',(0.275,0.11,0.4325));
#5626 = DIRECTION('',(-1.,0.,-1.084202172486E-15));
#5627 = DIRECTION('',(-1.084202172486E-15,0.,1.));
#5628 = ADVANCED_FACE('',(#5629),#5640,.F.);
#5629 = FACE_BOUND('',#5630,.T.);
#5630 = EDGE_LOOP('',(#5631,#5632,#5638,#5639));
#5631 = ORIENTED_EDGE('',*,*,#5618,.F.);
#5632 = ORIENTED_EDGE('',*,*,#5633,.T.);
#5633 = EDGE_CURVE('',#5611,#5110,#5634,.T.);
#5634 = LINE('',#5635,#5636);
#5635 = CARTESIAN_POINT('',(0.275,8.E-02,0.4325));
#5636 = VECTOR('',#5637,1.);
#5637 = DIRECTION('',(1.,0.,2.409338161079E-16));
#5638 = ORIENTED_EDGE('',*,*,#5109,.T.);
#5639 = ORIENTED_EDGE('',*,*,#4965,.T.);
#5640 = PLANE('',#5641);
#5641 = AXIS2_PLACEMENT_3D('',#5642,#5643,#5644);
#5642 = CARTESIAN_POINT('',(0.275,0.11,0.4325));
#5643 = DIRECTION('',(-2.409338161079E-16,0.,1.));
#5644 = DIRECTION('',(1.,0.,2.409338161079E-16));
#5645 = ADVANCED_FACE('',(#5646),#5663,.T.);
#5646 = FACE_BOUND('',#5647,.T.);
#5647 = EDGE_LOOP('',(#5648,#5649,#5655,#5656,#5657));
#5648 = ORIENTED_EDGE('',*,*,#5133,.T.);
#5649 = ORIENTED_EDGE('',*,*,#5650,.F.);
#5650 = EDGE_CURVE('',#5595,#5126,#5651,.T.);
#5651 = LINE('',#5652,#5653);
#5652 = CARTESIAN_POINT('',(0.275,0.11,0.46));
#5653 = VECTOR('',#5654,1.);
#5654 = DIRECTION('',(1.,0.,0.));
#5655 = ORIENTED_EDGE('',*,*,#5594,.T.);
#5656 = ORIENTED_EDGE('',*,*,#5569,.T.);
#5657 = ORIENTED_EDGE('',*,*,#5658,.F.);
#5658 = EDGE_CURVE('',#5134,#5562,#5659,.T.);
#5659 = LINE('',#5660,#5661);
#5660 = CARTESIAN_POINT('',(0.455833333333,0.11,0.19));
#5661 = VECTOR('',#5662,1.);
#5662 = DIRECTION('',(-1.,0.,-6.136993429163E-16));
#5663 = PLANE('',#5664);
#5664 = AXIS2_PLACEMENT_3D('',#5665,#5666,#5667);
#5665 = CARTESIAN_POINT('',(0.,0.11,0.));
#5666 = DIRECTION('',(0.,-1.,-0.));
#5667 = DIRECTION('',(-0.,0.,-1.));
#5668 = ADVANCED_FACE('',(#5669),#5680,.F.);
#5669 = FACE_BOUND('',#5670,.T.);
#5670 = EDGE_LOOP('',(#5671,#5672,#5678,#5679));
#5671 = ORIENTED_EDGE('',*,*,#5610,.T.);
#5672 = ORIENTED_EDGE('',*,*,#5673,.T.);
#5673 = EDGE_CURVE('',#5603,#5118,#5674,.T.);
#5674 = LINE('',#5675,#5676);
#5675 = CARTESIAN_POINT('',(0.275,8.E-02,0.46));
#5676 = VECTOR('',#5677,1.);
#5677 = DIRECTION('',(1.,0.,0.));
#5678 = ORIENTED_EDGE('',*,*,#5117,.T.);
#5679 = ORIENTED_EDGE('',*,*,#5633,.F.);
#5680 = PLANE('',#5681);
#5681 = AXIS2_PLACEMENT_3D('',#5682,#5683,#5684);
#5682 = CARTESIAN_POINT('',(0.,8.E-02,0.));
#5683 = DIRECTION('',(0.,-1.,-0.));
#5684 = DIRECTION('',(-0.,0.,-1.));
#5685 = ADVANCED_FACE('',(#5686),#5692,.F.);
#5686 = FACE_BOUND('',#5687,.T.);
#5687 = EDGE_LOOP('',(#5688,#5689,#5690,#5691));
#5688 = ORIENTED_EDGE('',*,*,#5650,.T.);
#5689 = ORIENTED_EDGE('',*,*,#5125,.F.);
#5690 = ORIENTED_EDGE('',*,*,#5673,.F.);
#5691 = ORIENTED_EDGE('',*,*,#5602,.T.);
#5692 = PLANE('',#5693);
#5693 = AXIS2_PLACEMENT_3D('',#5694,#5695,#5696);
#5694 = CARTESIAN_POINT('',(0.275,8.E-02,0.46));
#5695 = DIRECTION('',(0.,0.,1.));
#5696 = DIRECTION('',(1.,0.,-0.));
#5697 = ADVANCED_FACE('',(#5698),#5709,.F.);
#5698 = FACE_BOUND('',#5699,.T.);
#5699 = EDGE_LOOP('',(#5700,#5701,#5707,#5708));
#5700 = ORIENTED_EDGE('',*,*,#5149,.T.);
#5701 = ORIENTED_EDGE('',*,*,#5702,.T.);
#5702 = EDGE_CURVE('',#5142,#5554,#5703,.T.);
#5703 = LINE('',#5704,#5705);
#5704 = CARTESIAN_POINT('',(0.455833333333,8.E-02,0.19));
#5705 = VECTOR('',#5706,1.);
#5706 = DIRECTION('',(-1.,0.,-6.136993429163E-16));
#5707 = ORIENTED_EDGE('',*,*,#5553,.T.);
#5708 = ORIENTED_EDGE('',*,*,#5529,.F.);
#5709 = PLANE('',#5710);
#5710 = AXIS2_PLACEMENT_3D('',#5711,#5712,#5713);
#5711 = CARTESIAN_POINT('',(0.,8.E-02,0.));
#5712 = DIRECTION('',(0.,-1.,-0.));
#5713 = DIRECTION('',(-0.,0.,-1.));
#5714 = ADVANCED_FACE('',(#5715),#5721,.F.);
#5715 = FACE_BOUND('',#5716,.T.);
#5716 = EDGE_LOOP('',(#5717,#5718,#5719,#5720));
#5717 = ORIENTED_EDGE('',*,*,#5658,.T.);
#5718 = ORIENTED_EDGE('',*,*,#5561,.F.);
#5719 = ORIENTED_EDGE('',*,*,#5702,.F.);
#5720 = ORIENTED_EDGE('',*,*,#5141,.T.);
#5721 = PLANE('',#5722);
#5722 = AXIS2_PLACEMENT_3D('',#5723,#5724,#5725);
#5723 = CARTESIAN_POINT('',(0.455833333333,8.E-02,0.19));
#5724 = DIRECTION('',(6.136993429163E-16,0.,-1.));
#5725 = DIRECTION('',(-1.,0.,-6.136993429163E-16));
#5726 = ADVANCED_FACE('',(#5727),#5745,.T.);
#5727 = FACE_BOUND('',#5728,.T.);
#5728 = EDGE_LOOP('',(#5729,#5737,#5743,#5744));
#5729 = ORIENTED_EDGE('',*,*,#5730,.F.);
#5730 = EDGE_CURVE('',#5731,#5072,#5733,.T.);
#5731 = VERTEX_POINT('',#5732);
#5732 = CARTESIAN_POINT('',(0.275,8.E-02,-0.4325));
#5733 = LINE('',#5734,#5735);
#5734 = CARTESIAN_POINT('',(0.275,8.E-02,-0.4325));
#5735 = VECTOR('',#5736,1.);
#5736 = DIRECTION('',(1.,0.,-2.409338161079E-16));
#5737 = ORIENTED_EDGE('',*,*,#5738,.T.);
#5738 = EDGE_CURVE('',#5731,#4902,#5739,.T.);
#5739 = LINE('',#5740,#5741);
#5740 = CARTESIAN_POINT('',(0.275,0.11,-0.4325));
#5741 = VECTOR('',#5742,1.);
#5742 = DIRECTION('',(0.,-1.,0.));
#5743 = ORIENTED_EDGE('',*,*,#4901,.F.);
#5744 = ORIENTED_EDGE('',*,*,#5079,.F.);
#5745 = PLANE('',#5746);
#5746 = AXIS2_PLACEMENT_3D('',#5747,#5748,#5749);
#5747 = CARTESIAN_POINT('',(0.275,0.11,-0.4325));
#5748 = DIRECTION('',(2.409338161079E-16,0.,1.));
#5749 = DIRECTION('',(1.,0.,-2.409338161079E-16));
#5750 = ADVANCED_FACE('',(#5751),#5785,.T.);
#5751 = FACE_BOUND('',#5752,.T.);
#5752 = EDGE_LOOP('',(#5753,#5754,#5762,#5770,#5778,#5784));
#5753 = ORIENTED_EDGE('',*,*,#5738,.F.);
#5754 = ORIENTED_EDGE('',*,*,#5755,.T.);
#5755 = EDGE_CURVE('',#5731,#5756,#5758,.T.);
#5756 = VERTEX_POINT('',#5757);
#5757 = CARTESIAN_POINT('',(0.275,8.E-02,-0.46));
#5758 = LINE('',#5759,#5760);
#5759 = CARTESIAN_POINT('',(0.275,8.E-02,-0.3825));
#5760 = VECTOR('',#5761,1.);
#5761 = DIRECTION('',(-6.994852725713E-16,0.,-1.));
#5762 = ORIENTED_EDGE('',*,*,#5763,.T.);
#5763 = EDGE_CURVE('',#5756,#5764,#5766,.T.);
#5764 = VERTEX_POINT('',#5765);
#5765 = CARTESIAN_POINT('',(0.275,0.11,-0.46));
#5766 = LINE('',#5767,#5768);
#5767 = CARTESIAN_POINT('',(0.275,8.E-02,-0.46));
#5768 = VECTOR('',#5769,1.);
#5769 = DIRECTION('',(0.,1.,0.));
#5770 = ORIENTED_EDGE('',*,*,#5771,.T.);
#5771 = EDGE_CURVE('',#5764,#5772,#5774,.T.);
#5772 = VERTEX_POINT('',#5773);
#5773 = CARTESIAN_POINT('',(0.275,0.11,-0.3825));
#5774 = LINE('',#5775,#5776);
#5775 = CARTESIAN_POINT('',(0.275,0.11,-0.4325));
#5776 = VECTOR('',#5777,1.);
#5777 = DIRECTION('',(1.084202172486E-15,0.,1.));
#5778 = ORIENTED_EDGE('',*,*,#5779,.T.);
#5779 = EDGE_CURVE('',#5772,#4910,#5780,.T.);
#5780 = LINE('',#5781,#5782);
#5781 = CARTESIAN_POINT('',(0.275,0.11,-0.3825));
#5782 = VECTOR('',#5783,1.);
#5783 = DIRECTION('',(0.,-1.,0.));
#5784 = ORIENTED_EDGE('',*,*,#4909,.F.);
#5785 = PLANE('',#5786);
#5786 = AXIS2_PLACEMENT_3D('',#5787,#5788,#5789);
#5787 = CARTESIAN_POINT('',(0.275,0.11,-0.4325));
#5788 = DIRECTION('',(1.,0.,-1.084202172486E-15));
#5789 = DIRECTION('',(-1.084202172486E-15,0.,-1.));
#5790 = ADVANCED_FACE('',(#5791),#5825,.T.);
#5791 = FACE_BOUND('',#5792,.T.);
#5792 = EDGE_LOOP('',(#5793,#5794,#5795,#5803,#5811,#5819));
#5793 = ORIENTED_EDGE('',*,*,#4917,.F.);
#5794 = ORIENTED_EDGE('',*,*,#5779,.F.);
#5795 = ORIENTED_EDGE('',*,*,#5796,.T.);
#5796 = EDGE_CURVE('',#5772,#5797,#5799,.T.);
#5797 = VERTEX_POINT('',#5798);
#5798 = CARTESIAN_POINT('',(0.455833333333,0.11,-0.19));
#5799 = LINE('',#5800,#5801);
#5800 = CARTESIAN_POINT('',(0.43,0.11,-0.2175));
#5801 = VECTOR('',#5802,1.);
#5802 = DIRECTION('',(0.684675461664,-0.,0.728848072094));
#5803 = ORIENTED_EDGE('',*,*,#5804,.F.);
#5804 = EDGE_CURVE('',#5805,#5797,#5807,.T.);
#5805 = VERTEX_POINT('',#5806);
#5806 = CARTESIAN_POINT('',(0.455833333333,8.E-02,-0.19));
#5807 = LINE('',#5808,#5809);
#5808 = CARTESIAN_POINT('',(0.455833333333,8.E-02,-0.19));
#5809 = VECTOR('',#5810,1.);
#5810 = DIRECTION('',(0.,1.,0.));
#5811 = ORIENTED_EDGE('',*,*,#5812,.T.);
#5812 = EDGE_CURVE('',#5805,#5813,#5815,.T.);
#5813 = VERTEX_POINT('',#5814);
#5814 = CARTESIAN_POINT('',(0.43,8.E-02,-0.2175));
#5815 = LINE('',#5816,#5817);
#5816 = CARTESIAN_POINT('',(0.275,8.E-02,-0.3825));
#5817 = VECTOR('',#5818,1.);
#5818 = DIRECTION('',(-0.684675461664,0.,-0.728848072094));
#5819 = ORIENTED_EDGE('',*,*,#5820,.T.);
#5820 = EDGE_CURVE('',#5813,#4918,#5821,.T.);
#5821 = LINE('',#5822,#5823);
#5822 = CARTESIAN_POINT('',(0.43,0.11,-0.2175));
#5823 = VECTOR('',#5824,1.);
#5824 = DIRECTION('',(0.,-1.,0.));
#5825 = PLANE('',#5826);
#5826 = AXIS2_PLACEMENT_3D('',#5827,#5828,#5829);
#5827 = CARTESIAN_POINT('',(0.43,0.11,-0.2175));
#5828 = DIRECTION('',(0.728848072094,0.,-0.684675461664));
#5829 = DIRECTION('',(-0.684675461664,0.,-0.728848072094));
#5830 = ADVANCED_FACE('',(#5831),#5842,.T.);
#5831 = FACE_BOUND('',#5832,.T.);
#5832 = EDGE_LOOP('',(#5833,#5839,#5840,#5841));
#5833 = ORIENTED_EDGE('',*,*,#5834,.F.);
#5834 = EDGE_CURVE('',#5165,#5813,#5835,.T.);
#5835 = LINE('',#5836,#5837);
#5836 = CARTESIAN_POINT('',(0.43,8.E-02,-0.2175));
#5837 = VECTOR('',#5838,1.);
#5838 = DIRECTION('',(-1.,0.,0.));
#5839 = ORIENTED_EDGE('',*,*,#5164,.T.);
#5840 = ORIENTED_EDGE('',*,*,#4925,.F.);
#5841 = ORIENTED_EDGE('',*,*,#5820,.F.);
#5842 = PLANE('',#5843);
#5843 = AXIS2_PLACEMENT_3D('',#5844,#5845,#5846);
#5844 = CARTESIAN_POINT('',(0.43,0.11,-0.2175));
#5845 = DIRECTION('',(0.,0.,-1.));
#5846 = DIRECTION('',(-1.,0.,-0.));
#5847 = ADVANCED_FACE('',(#5848),#5865,.T.);
#5848 = FACE_BOUND('',#5849,.T.);
#5849 = EDGE_LOOP('',(#5850,#5851,#5857,#5858,#5859));
#5850 = ORIENTED_EDGE('',*,*,#5188,.F.);
#5851 = ORIENTED_EDGE('',*,*,#5852,.T.);
#5852 = EDGE_CURVE('',#5181,#5797,#5853,.T.);
#5853 = LINE('',#5854,#5855);
#5854 = CARTESIAN_POINT('',(0.455833333333,0.11,-0.19));
#5855 = VECTOR('',#5856,1.);
#5856 = DIRECTION('',(-1.,0.,6.136993429163E-16));
#5857 = ORIENTED_EDGE('',*,*,#5796,.F.);
#5858 = ORIENTED_EDGE('',*,*,#5771,.F.);
#5859 = ORIENTED_EDGE('',*,*,#5860,.T.);
#5860 = EDGE_CURVE('',#5764,#5064,#5861,.T.);
#5861 = LINE('',#5862,#5863);
#5862 = CARTESIAN_POINT('',(0.275,0.11,-0.46));
#5863 = VECTOR('',#5864,1.);
#5864 = DIRECTION('',(1.,0.,0.));
#5865 = PLANE('',#5866);
#5866 = AXIS2_PLACEMENT_3D('',#5867,#5868,#5869);
#5867 = CARTESIAN_POINT('',(0.,0.11,0.));
#5868 = DIRECTION('',(0.,-1.,0.));
#5869 = DIRECTION('',(-0.,0.,1.));
#5870 = ADVANCED_FACE('',(#5871),#5882,.F.);
#5871 = FACE_BOUND('',#5872,.T.);
#5872 = EDGE_LOOP('',(#5873,#5874,#5875,#5881));
#5873 = ORIENTED_EDGE('',*,*,#5834,.T.);
#5874 = ORIENTED_EDGE('',*,*,#5812,.F.);
#5875 = ORIENTED_EDGE('',*,*,#5876,.F.);
#5876 = EDGE_CURVE('',#5173,#5805,#5877,.T.);
#5877 = LINE('',#5878,#5879);
#5878 = CARTESIAN_POINT('',(0.455833333333,8.E-02,-0.19));
#5879 = VECTOR('',#5880,1.);
#5880 = DIRECTION('',(-1.,0.,6.136993429163E-16));
#5881 = ORIENTED_EDGE('',*,*,#5172,.F.);
#5882 = PLANE('',#5883);
#5883 = AXIS2_PLACEMENT_3D('',#5884,#5885,#5886);
#5884 = CARTESIAN_POINT('',(0.,8.E-02,0.));
#5885 = DIRECTION('',(0.,-1.,0.));
#5886 = DIRECTION('',(-0.,0.,1.));
#5887 = ADVANCED_FACE('',(#5888),#5894,.T.);
#5888 = FACE_BOUND('',#5889,.T.);
#5889 = EDGE_LOOP('',(#5890,#5891,#5892,#5893));
#5890 = ORIENTED_EDGE('',*,*,#5852,.F.);
#5891 = ORIENTED_EDGE('',*,*,#5180,.F.);
#5892 = ORIENTED_EDGE('',*,*,#5876,.T.);
#5893 = ORIENTED_EDGE('',*,*,#5804,.T.);
#5894 = PLANE('',#5895);
#5895 = AXIS2_PLACEMENT_3D('',#5896,#5897,#5898);
#5896 = CARTESIAN_POINT('',(0.455833333333,8.E-02,-0.19));
#5897 = DIRECTION('',(-6.136993429163E-16,0.,-1.));
#5898 = DIRECTION('',(-1.,0.,6.136993429163E-16));
#5899 = ADVANCED_FACE('',(#5900),#5911,.F.);
#5900 = FACE_BOUND('',#5901,.T.);
#5901 = EDGE_LOOP('',(#5902,#5903,#5904,#5910));
#5902 = ORIENTED_EDGE('',*,*,#5730,.T.);
#5903 = ORIENTED_EDGE('',*,*,#5071,.F.);
#5904 = ORIENTED_EDGE('',*,*,#5905,.F.);
#5905 = EDGE_CURVE('',#5756,#5062,#5906,.T.);
#5906 = LINE('',#5907,#5908);
#5907 = CARTESIAN_POINT('',(0.275,8.E-02,-0.46));
#5908 = VECTOR('',#5909,1.);
#5909 = DIRECTION('',(1.,0.,0.));
#5910 = ORIENTED_EDGE('',*,*,#5755,.F.);
#5911 = PLANE('',#5912);
#5912 = AXIS2_PLACEMENT_3D('',#5913,#5914,#5915);
#5913 = CARTESIAN_POINT('',(0.,8.E-02,0.));
#5914 = DIRECTION('',(0.,-1.,0.));
#5915 = DIRECTION('',(-0.,0.,1.));
#5916 = ADVANCED_FACE('',(#5917),#5923,.T.);
#5917 = FACE_BOUND('',#5918,.T.);
#5918 = EDGE_LOOP('',(#5919,#5920,#5921,#5922));
#5919 = ORIENTED_EDGE('',*,*,#5860,.F.);
#5920 = ORIENTED_EDGE('',*,*,#5763,.F.);
#5921 = ORIENTED_EDGE('',*,*,#5905,.T.);
#5922 = ORIENTED_EDGE('',*,*,#5061,.T.);
#5923 = PLANE('',#5924);
#5924 = AXIS2_PLACEMENT_3D('',#5925,#5926,#5927);
#5925 = CARTESIAN_POINT('',(0.275,8.E-02,-0.46));
#5926 = DIRECTION('',(0.,0.,1.));
#5927 = DIRECTION('',(1.,0.,-0.));
#5928 = ADVANCED_FACE('',(#5929),#5947,.F.);
#5929 = FACE_BOUND('',#5930,.T.);
#5930 = EDGE_LOOP('',(#5931,#5932,#5940,#5946));
#5931 = ORIENTED_EDGE('',*,*,#4669,.F.);
#5932 = ORIENTED_EDGE('',*,*,#5933,.T.);
#5933 = EDGE_CURVE('',#4662,#5934,#5936,.T.);
#5934 = VERTEX_POINT('',#5935);
#5935 = CARTESIAN_POINT('',(-0.455833333333,8.E-02,-0.2175));
#5936 = LINE('',#5937,#5938);
#5937 = CARTESIAN_POINT('',(-0.455833333333,8.E-02,-0.2175));
#5938 = VECTOR('',#5939,1.);
#5939 = DIRECTION('',(1.,0.,6.136993429163E-16));
#5940 = ORIENTED_EDGE('',*,*,#5941,.T.);
#5941 = EDGE_CURVE('',#5934,#4863,#5942,.T.);
#5942 = LINE('',#5943,#5944);
#5943 = CARTESIAN_POINT('',(-0.455833333333,0.11,-0.2175));
#5944 = VECTOR('',#5945,1.);
#5945 = DIRECTION('',(-0.,-1.,-0.));
#5946 = ORIENTED_EDGE('',*,*,#4862,.T.);
#5947 = PLANE('',#5948);
#5948 = AXIS2_PLACEMENT_3D('',#5949,#5950,#5951);
#5949 = CARTESIAN_POINT('',(-0.455833333333,0.11,-0.2175));
#5950 = DIRECTION('',(-6.136993429163E-16,0.,1.));
#5951 = DIRECTION('',(1.,0.,6.136993429163E-16));
#5952 = ADVANCED_FACE('',(#5953),#6003,.F.);
#5953 = FACE_BOUND('',#5954,.T.);
#5954 = EDGE_LOOP('',(#5955,#5956,#5964,#5972,#5980,#5988,#5996,#6002));
#5955 = ORIENTED_EDGE('',*,*,#5941,.F.);
#5956 = ORIENTED_EDGE('',*,*,#5957,.T.);
#5957 = EDGE_CURVE('',#5934,#5958,#5960,.T.);
#5958 = VERTEX_POINT('',#5959);
#5959 = CARTESIAN_POINT('',(-0.482160852713,8.E-02,-0.19));
#5960 = LINE('',#5961,#5962);
#5961 = CARTESIAN_POINT('',(-0.22367248062,8.E-02,-0.46));
#5962 = VECTOR('',#5963,1.);
#5963 = DIRECTION('',(-0.691540419444,0.,0.722337766059));
#5964 = ORIENTED_EDGE('',*,*,#5965,.T.);
#5965 = EDGE_CURVE('',#5958,#5966,#5968,.T.);
#5966 = VERTEX_POINT('',#5967);
#5967 = CARTESIAN_POINT('',(-0.482160852713,0.11,-0.19));
#5968 = LINE('',#5969,#5970);
#5969 = CARTESIAN_POINT('',(-0.482160852713,-0.306337802922,-0.19));
#5970 = VECTOR('',#5971,1.);
#5971 = DIRECTION('',(0.,1.,0.));
#5972 = ORIENTED_EDGE('',*,*,#5973,.F.);
#5973 = EDGE_CURVE('',#5974,#5966,#5976,.T.);
#5974 = VERTEX_POINT('',#5975);
#5975 = CARTESIAN_POINT('',(-0.22367248062,0.11,-0.46));
#5976 = LINE('',#5977,#5978);
#5977 = CARTESIAN_POINT('',(-0.25,0.11,-0.4325));
#5978 = VECTOR('',#5979,1.);
#5979 = DIRECTION('',(-0.691540419444,0.,0.722337766059));
#5980 = ORIENTED_EDGE('',*,*,#5981,.F.);
#5981 = EDGE_CURVE('',#5982,#5974,#5984,.T.);
#5982 = VERTEX_POINT('',#5983);
#5983 = CARTESIAN_POINT('',(-0.22367248062,8.E-02,-0.46));
#5984 = LINE('',#5985,#5986);
#5985 = CARTESIAN_POINT('',(-0.22367248062,-0.306337802922,-0.46));
#5986 = VECTOR('',#5987,1.);
#5987 = DIRECTION('',(0.,1.,0.));
#5988 = ORIENTED_EDGE('',*,*,#5989,.T.);
#5989 = EDGE_CURVE('',#5982,#5990,#5992,.T.);
#5990 = VERTEX_POINT('',#5991);
#5991 = CARTESIAN_POINT('',(-0.25,8.E-02,-0.4325));
#5992 = LINE('',#5993,#5994);
#5993 = CARTESIAN_POINT('',(-0.22367248062,8.E-02,-0.46));
#5994 = VECTOR('',#5995,1.);
#5995 = DIRECTION('',(-0.691540419444,0.,0.722337766059));
#5996 = ORIENTED_EDGE('',*,*,#5997,.T.);
#5997 = EDGE_CURVE('',#5990,#4871,#5998,.T.);
#5998 = LINE('',#5999,#6000);
#5999 = CARTESIAN_POINT('',(-0.25,0.11,-0.4325));
#6000 = VECTOR('',#6001,1.);
#6001 = DIRECTION('',(-0.,-1.,-0.));
#6002 = ORIENTED_EDGE('',*,*,#4870,.T.);
#6003 = PLANE('',#6004);
#6004 = AXIS2_PLACEMENT_3D('',#6005,#6006,#6007);
#6005 = CARTESIAN_POINT('',(-0.25,0.11,-0.4325));
#6006 = DIRECTION('',(0.722337766059,-0.,0.691540419444));
#6007 = DIRECTION('',(0.691540419444,0.,-0.722337766059));
#6008 = ADVANCED_FACE('',(#6009),#6020,.F.);
#6009 = FACE_BOUND('',#6010,.T.);
#6010 = EDGE_LOOP('',(#6011,#6012,#6018,#6019));
#6011 = ORIENTED_EDGE('',*,*,#5997,.F.);
#6012 = ORIENTED_EDGE('',*,*,#6013,.T.);
#6013 = EDGE_CURVE('',#5990,#4782,#6014,.T.);
#6014 = LINE('',#6015,#6016);
#6015 = CARTESIAN_POINT('',(-0.25,8.E-02,-0.4325));
#6016 = VECTOR('',#6017,1.);
#6017 = DIRECTION('',(-1.,0.,0.));
#6018 = ORIENTED_EDGE('',*,*,#4781,.T.);
#6019 = ORIENTED_EDGE('',*,*,#4878,.T.);
#6020 = PLANE('',#6021);
#6021 = AXIS2_PLACEMENT_3D('',#6022,#6023,#6024);
#6022 = CARTESIAN_POINT('',(-0.25,0.11,-0.4325));
#6023 = DIRECTION('',(0.,0.,-1.));
#6024 = DIRECTION('',(-1.,0.,-0.));
#6025 = ADVANCED_FACE('',(#6026),#6042,.F.);
#6026 = FACE_BOUND('',#6027,.T.);
#6027 = EDGE_LOOP('',(#6028,#6029,#6035,#6036));
#6028 = ORIENTED_EDGE('',*,*,#5973,.T.);
#6029 = ORIENTED_EDGE('',*,*,#6030,.T.);
#6030 = EDGE_CURVE('',#5966,#4644,#6031,.T.);
#6031 = LINE('',#6032,#6033);
#6032 = CARTESIAN_POINT('',(-0.482160852713,0.11,-0.19));
#6033 = VECTOR('',#6034,1.);
#6034 = DIRECTION('',(-1.,0.,0.));
#6035 = ORIENTED_EDGE('',*,*,#4643,.T.);
#6036 = ORIENTED_EDGE('',*,*,#6037,.T.);
#6037 = EDGE_CURVE('',#4646,#5974,#6038,.T.);
#6038 = LINE('',#6039,#6040);
#6039 = CARTESIAN_POINT('',(-0.5,0.11,-0.46));
#6040 = VECTOR('',#6041,1.);
#6041 = DIRECTION('',(1.,0.,0.));
#6042 = PLANE('',#6043);
#6043 = AXIS2_PLACEMENT_3D('',#6044,#6045,#6046);
#6044 = CARTESIAN_POINT('',(0.,0.11,0.));
#6045 = DIRECTION('',(0.,1.,-0.));
#6046 = DIRECTION('',(0.,0.,1.));
#6047 = ADVANCED_FACE('',(#6048),#6059,.F.);
#6048 = FACE_BOUND('',#6049,.T.);
#6049 = EDGE_LOOP('',(#6050,#6051,#6057,#6058));
#6050 = ORIENTED_EDGE('',*,*,#5989,.F.);
#6051 = ORIENTED_EDGE('',*,*,#6052,.F.);
#6052 = EDGE_CURVE('',#4790,#5982,#6053,.T.);
#6053 = LINE('',#6054,#6055);
#6054 = CARTESIAN_POINT('',(-0.5,8.E-02,-0.46));
#6055 = VECTOR('',#6056,1.);
#6056 = DIRECTION('',(1.,0.,-0.));
#6057 = ORIENTED_EDGE('',*,*,#4789,.F.);
#6058 = ORIENTED_EDGE('',*,*,#6013,.F.);
#6059 = PLANE('',#6060);
#6060 = AXIS2_PLACEMENT_3D('',#6061,#6062,#6063);
#6061 = CARTESIAN_POINT('',(0.,8.E-02,0.));
#6062 = DIRECTION('',(0.,-1.,0.));
#6063 = DIRECTION('',(0.,-0.,-1.));
#6064 = ADVANCED_FACE('',(#6065),#6071,.T.);
#6065 = FACE_BOUND('',#6066,.T.);
#6066 = EDGE_LOOP('',(#6067,#6068,#6069,#6070));
#6067 = ORIENTED_EDGE('',*,*,#6052,.T.);
#6068 = ORIENTED_EDGE('',*,*,#5981,.T.);
#6069 = ORIENTED_EDGE('',*,*,#6037,.F.);
#6070 = ORIENTED_EDGE('',*,*,#4797,.F.);
#6071 = PLANE('',#6072);
#6072 = AXIS2_PLACEMENT_3D('',#6073,#6074,#6075);
#6073 = CARTESIAN_POINT('',(-0.5,-0.306337802922,-0.46));
#6074 = DIRECTION('',(0.,0.,1.));
#6075 = DIRECTION('',(1.,0.,-0.));
#6076 = ADVANCED_FACE('',(#6077),#6088,.F.);
#6077 = FACE_BOUND('',#6078,.T.);
#6078 = EDGE_LOOP('',(#6079,#6080,#6086,#6087));
#6079 = ORIENTED_EDGE('',*,*,#4661,.F.);
#6080 = ORIENTED_EDGE('',*,*,#6081,.F.);
#6081 = EDGE_CURVE('',#5958,#4654,#6082,.T.);
#6082 = LINE('',#6083,#6084);
#6083 = CARTESIAN_POINT('',(-0.482160852713,8.E-02,-0.19));
#6084 = VECTOR('',#6085,1.);
#6085 = DIRECTION('',(-1.,0.,0.));
#6086 = ORIENTED_EDGE('',*,*,#5957,.F.);
#6087 = ORIENTED_EDGE('',*,*,#5933,.F.);
#6088 = PLANE('',#6089);
#6089 = AXIS2_PLACEMENT_3D('',#6090,#6091,#6092);
#6090 = CARTESIAN_POINT('',(0.,8.E-02,0.));
#6091 = DIRECTION('',(0.,-1.,0.));
#6092 = DIRECTION('',(0.,-0.,-1.));
#6093 = ADVANCED_FACE('',(#6094),#6100,.T.);
#6094 = FACE_BOUND('',#6095,.T.);
#6095 = EDGE_LOOP('',(#6096,#6097,#6098,#6099));
#6096 = ORIENTED_EDGE('',*,*,#6081,.T.);
#6097 = ORIENTED_EDGE('',*,*,#4653,.T.);
#6098 = ORIENTED_EDGE('',*,*,#6030,.F.);
#6099 = ORIENTED_EDGE('',*,*,#5965,.F.);
#6100 = PLANE('',#6101);
#6101 = AXIS2_PLACEMENT_3D('',#6102,#6103,#6104);
#6102 = CARTESIAN_POINT('',(-0.482160852713,-0.306337802922,-0.19));
#6103 = DIRECTION('',(0.,0.,-1.));
#6104 = DIRECTION('',(-1.,0.,-0.));
#6105 = ADVANCED_FACE('',(#6106),#6131,.F.);
#6106 = FACE_BOUND('',#6107,.T.);
#6107 = EDGE_LOOP('',(#6108,#6109,#6117,#6125));
#6108 = ORIENTED_EDGE('',*,*,#4811,.T.);
#6109 = ORIENTED_EDGE('',*,*,#6110,.F.);
#6110 = EDGE_CURVE('',#6111,#4814,#6113,.T.);
#6111 = VERTEX_POINT('',#6112);
#6112 = CARTESIAN_POINT('',(-2.953224195089E-16,0.16,-0.33941125497));
#6113 = LINE('',#6114,#6115);
#6114 = CARTESIAN_POINT('',(-2.953224195089E-16,0.16,-0.33941125497));
#6115 = VECTOR('',#6116,1.);
#6116 = DIRECTION('',(-0.,-1.,-0.));
#6117 = ORIENTED_EDGE('',*,*,#6118,.F.);
#6118 = EDGE_CURVE('',#6119,#6111,#6121,.T.);
#6119 = VERTEX_POINT('',#6120);
#6120 = CARTESIAN_POINT('',(-0.116672618896,0.16,-0.222738636074));
#6121 = LINE('',#6122,#6123);
#6122 = CARTESIAN_POINT('',(-2.953224195089E-16,0.16,-0.33941125497));
#6123 = VECTOR('',#6124,1.);
#6124 = DIRECTION('',(0.707106781187,-0.,-0.707106781187));
#6125 = ORIENTED_EDGE('',*,*,#6126,.T.);
#6126 = EDGE_CURVE('',#6119,#4812,#6127,.T.);
#6127 = LINE('',#6128,#6129);
#6128 = CARTESIAN_POINT('',(-0.116672618896,0.16,-0.222738636074));
#6129 = VECTOR('',#6130,1.);
#6130 = DIRECTION('',(-0.,-1.,-0.));
#6131 = PLANE('',#6132);
#6132 = AXIS2_PLACEMENT_3D('',#6133,#6134,#6135);
#6133 = CARTESIAN_POINT('',(-2.953224195089E-16,0.16,-0.33941125497));
#6134 = DIRECTION('',(-0.707106781187,0.,-0.707106781187));
#6135 = DIRECTION('',(-0.707106781187,0.,0.707106781187));
#6136 = ADVANCED_FACE('',(#6137),#6156,.T.);
#6137 = FACE_BOUND('',#6138,.T.);
#6138 = EDGE_LOOP('',(#6139,#6140,#6141,#6150));
#6139 = ORIENTED_EDGE('',*,*,#4821,.T.);
#6140 = ORIENTED_EDGE('',*,*,#6126,.F.);
#6141 = ORIENTED_EDGE('',*,*,#6142,.F.);
#6142 = EDGE_CURVE('',#6143,#6119,#6145,.T.);
#6143 = VERTEX_POINT('',#6144);
#6144 = CARTESIAN_POINT('',(-0.222738636074,0.16,-0.116672618896));
#6145 = CIRCLE('',#6146,7.5E-02);
#6146 = AXIS2_PLACEMENT_3D('',#6147,#6148,#6149);
#6147 = CARTESIAN_POINT('',(-0.169705627485,0.16,-0.169705627485));
#6148 = DIRECTION('',(-0.,1.,0.));
#6149 = DIRECTION('',(0.,0.,-1.));
#6150 = ORIENTED_EDGE('',*,*,#6151,.T.);
#6151 = EDGE_CURVE('',#6143,#4822,#6152,.T.);
#6152 = LINE('',#6153,#6154);
#6153 = CARTESIAN_POINT('',(-0.222738636074,0.16,-0.116672618896));
#6154 = VECTOR('',#6155,1.);
#6155 = DIRECTION('',(-0.,-1.,-0.));
#6156 = CYLINDRICAL_SURFACE('',#6157,7.5E-02);
#6157 = AXIS2_PLACEMENT_3D('',#6158,#6159,#6160);
#6158 = CARTESIAN_POINT('',(-0.169705627485,0.16,-0.169705627485));
#6159 = DIRECTION('',(-0.,-1.,-0.));
#6160 = DIRECTION('',(0.,0.,-1.));
#6161 = ADVANCED_FACE('',(#6162),#6180,.F.);
#6162 = FACE_BOUND('',#6163,.T.);
#6163 = EDGE_LOOP('',(#6164,#6165,#6166,#6174));
#6164 = ORIENTED_EDGE('',*,*,#4830,.T.);
#6165 = ORIENTED_EDGE('',*,*,#6151,.F.);
#6166 = ORIENTED_EDGE('',*,*,#6167,.F.);
#6167 = EDGE_CURVE('',#6168,#6143,#6170,.T.);
#6168 = VERTEX_POINT('',#6169);
#6169 = CARTESIAN_POINT('',(-0.33941125497,0.16,-3.388131789017E-18));
#6170 = LINE('',#6171,#6172);
#6171 = CARTESIAN_POINT('',(-0.33941125497,0.16,-3.388131789017E-18));
#6172 = VECTOR('',#6173,1.);
#6173 = DIRECTION('',(0.707106781187,0.,-0.707106781187));
#6174 = ORIENTED_EDGE('',*,*,#6175,.T.);
#6175 = EDGE_CURVE('',#6168,#4831,#6176,.T.);
#6176 = LINE('',#6177,#6178);
#6177 = CARTESIAN_POINT('',(-0.33941125497,0.16,-3.388131789017E-18));
#6178 = VECTOR('',#6179,1.);
#6179 = DIRECTION('',(-0.,-1.,-0.));
#6180 = PLANE('',#6181);
#6181 = AXIS2_PLACEMENT_3D('',#6182,#6183,#6184);
#6182 = CARTESIAN_POINT('',(-0.33941125497,0.16,-3.388131789017E-18));
#6183 = DIRECTION('',(-0.707106781187,0.,-0.707106781187));
#6184 = DIRECTION('',(-0.707106781187,0.,0.707106781187));
#6185 = ADVANCED_FACE('',(#6186),#6204,.F.);
#6186 = FACE_BOUND('',#6187,.T.);
#6187 = EDGE_LOOP('',(#6188,#6189,#6190,#6198));
#6188 = ORIENTED_EDGE('',*,*,#4838,.T.);
#6189 = ORIENTED_EDGE('',*,*,#6175,.F.);
#6190 = ORIENTED_EDGE('',*,*,#6191,.F.);
#6191 = EDGE_CURVE('',#6192,#6168,#6194,.T.);
#6192 = VERTEX_POINT('',#6193);
#6193 = CARTESIAN_POINT('',(-4.575404403156E-16,0.16,0.33941125497));
#6194 = LINE('',#6195,#6196);
#6195 = CARTESIAN_POINT('',(-0.33941125497,0.16,-3.388131789017E-18));
#6196 = VECTOR('',#6197,1.);
#6197 = DIRECTION('',(-0.707106781187,-0.,-0.707106781187));
#6198 = ORIENTED_EDGE('',*,*,#6199,.T.);
#6199 = EDGE_CURVE('',#6192,#4839,#6200,.T.);
#6200 = LINE('',#6201,#6202);
#6201 = CARTESIAN_POINT('',(-4.575404403156E-16,0.16,0.33941125497));
#6202 = VECTOR('',#6203,1.);
#6203 = DIRECTION('',(-0.,-1.,-0.));
#6204 = PLANE('',#6205);
#6205 = AXIS2_PLACEMENT_3D('',#6206,#6207,#6208);
#6206 = CARTESIAN_POINT('',(-0.33941125497,0.16,-3.388131789017E-18));
#6207 = DIRECTION('',(-0.707106781187,0.,0.707106781187));
#6208 = DIRECTION('',(0.707106781187,0.,0.707106781187));
#6209 = ADVANCED_FACE('',(#6210),#6228,.F.);
#6210 = FACE_BOUND('',#6211,.T.);
#6211 = EDGE_LOOP('',(#6212,#6213,#6214,#6222));
#6212 = ORIENTED_EDGE('',*,*,#4846,.T.);
#6213 = ORIENTED_EDGE('',*,*,#6199,.F.);
#6214 = ORIENTED_EDGE('',*,*,#6215,.F.);
#6215 = EDGE_CURVE('',#6216,#6192,#6218,.T.);
#6216 = VERTEX_POINT('',#6217);
#6217 = CARTESIAN_POINT('',(0.33941125497,0.16,0.));
#6218 = LINE('',#6219,#6220);
#6219 = CARTESIAN_POINT('',(0.33941125497,0.16,0.));
#6220 = VECTOR('',#6221,1.);
#6221 = DIRECTION('',(-0.707106781187,0.,0.707106781187));
#6222 = ORIENTED_EDGE('',*,*,#6223,.T.);
#6223 = EDGE_CURVE('',#6216,#4847,#6224,.T.);
#6224 = LINE('',#6225,#6226);
#6225 = CARTESIAN_POINT('',(0.33941125497,0.16,0.));
#6226 = VECTOR('',#6227,1.);
#6227 = DIRECTION('',(-0.,-1.,-0.));
#6228 = PLANE('',#6229);
#6229 = AXIS2_PLACEMENT_3D('',#6230,#6231,#6232);
#6230 = CARTESIAN_POINT('',(0.33941125497,0.16,0.));
#6231 = DIRECTION('',(0.707106781187,-0.,0.707106781187));
#6232 = DIRECTION('',(0.707106781187,0.,-0.707106781187));
#6233 = ADVANCED_FACE('',(#6234),#6245,.F.);
#6234 = FACE_BOUND('',#6235,.T.);
#6235 = EDGE_LOOP('',(#6236,#6237,#6238,#6244));
#6236 = ORIENTED_EDGE('',*,*,#4854,.T.);
#6237 = ORIENTED_EDGE('',*,*,#6223,.F.);
#6238 = ORIENTED_EDGE('',*,*,#6239,.F.);
#6239 = EDGE_CURVE('',#6111,#6216,#6240,.T.);
#6240 = LINE('',#6241,#6242);
#6241 = CARTESIAN_POINT('',(-2.953224195089E-16,0.16,-0.33941125497));
#6242 = VECTOR('',#6243,1.);
#6243 = DIRECTION('',(0.707106781187,0.,0.707106781187));
#6244 = ORIENTED_EDGE('',*,*,#6110,.T.);
#6245 = PLANE('',#6246);
#6246 = AXIS2_PLACEMENT_3D('',#6247,#6248,#6249);
#6247 = CARTESIAN_POINT('',(-2.953224195089E-16,0.16,-0.33941125497));
#6248 = DIRECTION('',(0.707106781187,0.,-0.707106781187));
#6249 = DIRECTION('',(-0.707106781187,0.,-0.707106781187));
#6250 = ADVANCED_FACE('',(#6251),#6259,.T.);
#6251 = FACE_BOUND('',#6252,.T.);
#6252 = EDGE_LOOP('',(#6253,#6254,#6255,#6256,#6257,#6258));
#6253 = ORIENTED_EDGE('',*,*,#6118,.T.);
#6254 = ORIENTED_EDGE('',*,*,#6239,.T.);
#6255 = ORIENTED_EDGE('',*,*,#6215,.T.);
#6256 = ORIENTED_EDGE('',*,*,#6191,.T.);
#6257 = ORIENTED_EDGE('',*,*,#6167,.T.);
#6258 = ORIENTED_EDGE('',*,*,#6142,.T.);
#6259 = PLANE('',#6260);
#6260 = AXIS2_PLACEMENT_3D('',#6261,#6262,#6263);
#6261 = CARTESIAN_POINT('',(-0.169705627485,0.16,-0.169705627485));
#6262 = DIRECTION('',(0.,-1.,0.));
#6263 = DIRECTION('',(0.,-0.,-1.));
#6264 = ADVANCED_FACE('',(#6265),#6290,.F.);
#6265 = FACE_BOUND('',#6266,.T.);
#6266 = EDGE_LOOP('',(#6267,#6268,#6276,#6284));
#6267 = ORIENTED_EDGE('',*,*,#4619,.T.);
#6268 = ORIENTED_EDGE('',*,*,#6269,.F.);
#6269 = EDGE_CURVE('',#6270,#4610,#6272,.T.);
#6270 = VERTEX_POINT('',#6271);
#6271 = CARTESIAN_POINT('',(-0.45,0.11,1.5E-02));
#6272 = LINE('',#6273,#6274);
#6273 = CARTESIAN_POINT('',(-0.45,0.11,1.5E-02));
#6274 = VECTOR('',#6275,1.);
#6275 = DIRECTION('',(-1.,-0.,-0.));
#6276 = ORIENTED_EDGE('',*,*,#6277,.F.);
#6277 = EDGE_CURVE('',#6278,#6270,#6280,.T.);
#6278 = VERTEX_POINT('',#6279);
#6279 = CARTESIAN_POINT('',(-0.45,8.E-02,1.5E-02));
#6280 = LINE('',#6281,#6282);
#6281 = CARTESIAN_POINT('',(-0.45,8.E-02,1.5E-02));
#6282 = VECTOR('',#6283,1.);
#6283 = DIRECTION('',(0.,1.,0.));
#6284 = ORIENTED_EDGE('',*,*,#6285,.T.);
#6285 = EDGE_CURVE('',#6278,#4620,#6286,.T.);
#6286 = LINE('',#6287,#6288);
#6287 = CARTESIAN_POINT('',(-0.45,8.E-02,1.5E-02));
#6288 = VECTOR('',#6289,1.);
#6289 = DIRECTION('',(-1.,-0.,-0.));
#6290 = PLANE('',#6291);
#6291 = AXIS2_PLACEMENT_3D('',#6292,#6293,#6294);
#6292 = CARTESIAN_POINT('',(-0.45,8.E-02,1.5E-02));
#6293 = DIRECTION('',(0.,0.,1.));
#6294 = DIRECTION('',(1.,0.,-0.));
#6295 = ADVANCED_FACE('',(#6296),#6314,.F.);
#6296 = FACE_BOUND('',#6297,.T.);
#6297 = EDGE_LOOP('',(#6298,#6299,#6300,#6308));
#6298 = ORIENTED_EDGE('',*,*,#4627,.T.);
#6299 = ORIENTED_EDGE('',*,*,#6285,.F.);
#6300 = ORIENTED_EDGE('',*,*,#6301,.F.);
#6301 = EDGE_CURVE('',#6302,#6278,#6304,.T.);
#6302 = VERTEX_POINT('',#6303);
#6303 = CARTESIAN_POINT('',(-0.45,8.E-02,-1.5E-02));
#6304 = LINE('',#6305,#6306);
#6305 = CARTESIAN_POINT('',(-0.45,8.E-02,-1.5E-02));
#6306 = VECTOR('',#6307,1.);
#6307 = DIRECTION('',(0.,0.,1.));
#6308 = ORIENTED_EDGE('',*,*,#6309,.T.);
#6309 = EDGE_CURVE('',#6302,#4628,#6310,.T.);
#6310 = LINE('',#6311,#6312);
#6311 = CARTESIAN_POINT('',(-0.45,8.E-02,-1.5E-02));
#6312 = VECTOR('',#6313,1.);
#6313 = DIRECTION('',(-1.,-0.,-0.));
#6314 = PLANE('',#6315);
#6315 = AXIS2_PLACEMENT_3D('',#6316,#6317,#6318);
#6316 = CARTESIAN_POINT('',(-0.45,8.E-02,-1.5E-02));
#6317 = DIRECTION('',(0.,-1.,0.));
#6318 = DIRECTION('',(0.,-0.,-1.));
#6319 = ADVANCED_FACE('',(#6320),#6338,.F.);
#6320 = FACE_BOUND('',#6321,.T.);
#6321 = EDGE_LOOP('',(#6322,#6323,#6324,#6332));
#6322 = ORIENTED_EDGE('',*,*,#4635,.T.);
#6323 = ORIENTED_EDGE('',*,*,#6309,.F.);
#6324 = ORIENTED_EDGE('',*,*,#6325,.F.);
#6325 = EDGE_CURVE('',#6326,#6302,#6328,.T.);
#6326 = VERTEX_POINT('',#6327);
#6327 = CARTESIAN_POINT('',(-0.45,0.11,-1.5E-02));
#6328 = LINE('',#6329,#6330);
#6329 = CARTESIAN_POINT('',(-0.45,8.E-02,-1.5E-02));
#6330 = VECTOR('',#6331,1.);
#6331 = DIRECTION('',(-0.,-1.,-0.));
#6332 = ORIENTED_EDGE('',*,*,#6333,.T.);
#6333 = EDGE_CURVE('',#6326,#4612,#6334,.T.);
#6334 = LINE('',#6335,#6336);
#6335 = CARTESIAN_POINT('',(-0.45,0.11,-1.5E-02));
#6336 = VECTOR('',#6337,1.);
#6337 = DIRECTION('',(-1.,-0.,-0.));
#6338 = PLANE('',#6339);
#6339 = AXIS2_PLACEMENT_3D('',#6340,#6341,#6342);
#6340 = CARTESIAN_POINT('',(-0.45,8.E-02,-1.5E-02));
#6341 = DIRECTION('',(0.,0.,-1.));
#6342 = DIRECTION('',(-1.,0.,-0.));
#6343 = ADVANCED_FACE('',(#6344),#6355,.F.);
#6344 = FACE_BOUND('',#6345,.T.);
#6345 = EDGE_LOOP('',(#6346,#6347,#6348,#6354));
#6346 = ORIENTED_EDGE('',*,*,#4609,.T.);
#6347 = ORIENTED_EDGE('',*,*,#6333,.F.);
#6348 = ORIENTED_EDGE('',*,*,#6349,.F.);
#6349 = EDGE_CURVE('',#6270,#6326,#6350,.T.);
#6350 = LINE('',#6351,#6352);
#6351 = CARTESIAN_POINT('',(-0.45,0.11,-1.5E-02));
#6352 = VECTOR('',#6353,1.);
#6353 = DIRECTION('',(-0.,-0.,-1.));
#6354 = ORIENTED_EDGE('',*,*,#6269,.T.);
#6355 = PLANE('',#6356);
#6356 = AXIS2_PLACEMENT_3D('',#6357,#6358,#6359);
#6357 = CARTESIAN_POINT('',(-0.45,0.11,-1.5E-02));
#6358 = DIRECTION('',(0.,1.,0.));
#6359 = DIRECTION('',(0.,-0.,1.));
#6360 = ADVANCED_FACE('',(#6361),#6367,.F.);
#6361 = FACE_BOUND('',#6362,.T.);
#6362 = EDGE_LOOP('',(#6363,#6364,#6365,#6366));
#6363 = ORIENTED_EDGE('',*,*,#6277,.T.);
#6364 = ORIENTED_EDGE('',*,*,#6349,.T.);
#6365 = ORIENTED_EDGE('',*,*,#6325,.T.);
#6366 = ORIENTED_EDGE('',*,*,#6301,.T.);
#6367 = PLANE('',#6368);
#6368 = AXIS2_PLACEMENT_3D('',#6369,#6370,#6371);
#6369 = CARTESIAN_POINT('',(-0.45,0.,0.));
#6370 = DIRECTION('',(1.,0.,0.));
#6371 = DIRECTION('',(0.,0.,-1.));
#6372 = ADVANCED_FACE('',(#6373),#6398,.F.);
#6373 = FACE_BOUND('',#6374,.T.);
#6374 = EDGE_LOOP('',(#6375,#6376,#6384,#6392));
#6375 = ORIENTED_EDGE('',*,*,#5263,.T.);
#6376 = ORIENTED_EDGE('',*,*,#6377,.F.);
#6377 = EDGE_CURVE('',#6378,#5254,#6380,.T.);
#6378 = VERTEX_POINT('',#6379);
#6379 = CARTESIAN_POINT('',(1.5E-02,0.11,0.45));
#6380 = LINE('',#6381,#6382);
#6381 = CARTESIAN_POINT('',(1.5E-02,0.11,0.45));
#6382 = VECTOR('',#6383,1.);
#6383 = DIRECTION('',(3.491481338843E-15,-0.,1.));
#6384 = ORIENTED_EDGE('',*,*,#6385,.F.);
#6385 = EDGE_CURVE('',#6386,#6378,#6388,.T.);
#6386 = VERTEX_POINT('',#6387);
#6387 = CARTESIAN_POINT('',(1.5E-02,8.E-02,0.45));
#6388 = LINE('',#6389,#6390);
#6389 = CARTESIAN_POINT('',(1.5E-02,8.E-02,0.45));
#6390 = VECTOR('',#6391,1.);
#6391 = DIRECTION('',(0.,1.,0.));
#6392 = ORIENTED_EDGE('',*,*,#6393,.T.);
#6393 = EDGE_CURVE('',#6386,#5264,#6394,.T.);
#6394 = LINE('',#6395,#6396);
#6395 = CARTESIAN_POINT('',(1.5E-02,8.E-02,0.45));
#6396 = VECTOR('',#6397,1.);
#6397 = DIRECTION('',(3.491481338843E-15,-0.,1.));
#6398 = PLANE('',#6399);
#6399 = AXIS2_PLACEMENT_3D('',#6400,#6401,#6402);
#6400 = CARTESIAN_POINT('',(1.5E-02,8.E-02,0.45));
#6401 = DIRECTION('',(1.,0.,-3.491481338843E-15));
#6402 = DIRECTION('',(-3.491481338843E-15,0.,-1.));
#6403 = ADVANCED_FACE('',(#6404),#6422,.F.);
#6404 = FACE_BOUND('',#6405,.T.);
#6405 = EDGE_LOOP('',(#6406,#6407,#6408,#6416));
#6406 = ORIENTED_EDGE('',*,*,#5271,.T.);
#6407 = ORIENTED_EDGE('',*,*,#6393,.F.);
#6408 = ORIENTED_EDGE('',*,*,#6409,.F.);
#6409 = EDGE_CURVE('',#6410,#6386,#6412,.T.);
#6410 = VERTEX_POINT('',#6411);
#6411 = CARTESIAN_POINT('',(-1.5E-02,8.E-02,0.45));
#6412 = LINE('',#6413,#6414);
#6413 = CARTESIAN_POINT('',(-1.5E-02,8.E-02,0.45));
#6414 = VECTOR('',#6415,1.);
#6415 = DIRECTION('',(1.,0.,-3.491481338843E-15));
#6416 = ORIENTED_EDGE('',*,*,#6417,.T.);
#6417 = EDGE_CURVE('',#6410,#5272,#6418,.T.);
#6418 = LINE('',#6419,#6420);
#6419 = CARTESIAN_POINT('',(-1.5E-02,8.E-02,0.45));
#6420 = VECTOR('',#6421,1.);
#6421 = DIRECTION('',(3.491481338843E-15,-0.,1.));
#6422 = PLANE('',#6423);
#6423 = AXIS2_PLACEMENT_3D('',#6424,#6425,#6426);
#6424 = CARTESIAN_POINT('',(-1.5E-02,8.E-02,0.45));
#6425 = DIRECTION('',(0.,-1.,0.));
#6426 = DIRECTION('',(0.,0.,-1.));
#6427 = ADVANCED_FACE('',(#6428),#6446,.F.);
#6428 = FACE_BOUND('',#6429,.T.);
#6429 = EDGE_LOOP('',(#6430,#6431,#6432,#6440));
#6430 = ORIENTED_EDGE('',*,*,#5279,.T.);
#6431 = ORIENTED_EDGE('',*,*,#6417,.F.);
#6432 = ORIENTED_EDGE('',*,*,#6433,.F.);
#6433 = EDGE_CURVE('',#6434,#6410,#6436,.T.);
#6434 = VERTEX_POINT('',#6435);
#6435 = CARTESIAN_POINT('',(-1.5E-02,0.11,0.45));
#6436 = LINE('',#6437,#6438);
#6437 = CARTESIAN_POINT('',(-1.5E-02,8.E-02,0.45));
#6438 = VECTOR('',#6439,1.);
#6439 = DIRECTION('',(0.,-1.,0.));
#6440 = ORIENTED_EDGE('',*,*,#6441,.T.);
#6441 = EDGE_CURVE('',#6434,#5256,#6442,.T.);
#6442 = LINE('',#6443,#6444);
#6443 = CARTESIAN_POINT('',(-1.5E-02,0.11,0.45));
#6444 = VECTOR('',#6445,1.);
#6445 = DIRECTION('',(3.491481338843E-15,-0.,1.));
#6446 = PLANE('',#6447);
#6447 = AXIS2_PLACEMENT_3D('',#6448,#6449,#6450);
#6448 = CARTESIAN_POINT('',(-1.5E-02,8.E-02,0.45));
#6449 = DIRECTION('',(-1.,0.,3.491481338843E-15));
#6450 = DIRECTION('',(3.491481338843E-15,0.,1.));
#6451 = ADVANCED_FACE('',(#6452),#6463,.F.);
#6452 = FACE_BOUND('',#6453,.T.);
#6453 = EDGE_LOOP('',(#6454,#6455,#6456,#6462));
#6454 = ORIENTED_EDGE('',*,*,#5253,.T.);
#6455 = ORIENTED_EDGE('',*,*,#6441,.F.);
#6456 = ORIENTED_EDGE('',*,*,#6457,.F.);
#6457 = EDGE_CURVE('',#6378,#6434,#6458,.T.);
#6458 = LINE('',#6459,#6460);
#6459 = CARTESIAN_POINT('',(-1.5E-02,0.11,0.45));
#6460 = VECTOR('',#6461,1.);
#6461 = DIRECTION('',(-1.,-0.,3.491481338843E-15));
#6462 = ORIENTED_EDGE('',*,*,#6377,.T.);
#6463 = PLANE('',#6464);
#6464 = AXIS2_PLACEMENT_3D('',#6465,#6466,#6467);
#6465 = CARTESIAN_POINT('',(-1.5E-02,0.11,0.45));
#6466 = DIRECTION('',(0.,1.,0.));
#6467 = DIRECTION('',(0.,-0.,1.));
#6468 = ADVANCED_FACE('',(#6469),#6475,.F.);
#6469 = FACE_BOUND('',#6470,.T.);
#6470 = EDGE_LOOP('',(#6471,#6472,#6473,#6474));
#6471 = ORIENTED_EDGE('',*,*,#6385,.T.);
#6472 = ORIENTED_EDGE('',*,*,#6457,.T.);
#6473 = ORIENTED_EDGE('',*,*,#6433,.T.);
#6474 = ORIENTED_EDGE('',*,*,#6409,.T.);
#6475 = PLANE('',#6476);
#6476 = AXIS2_PLACEMENT_3D('',#6477,#6478,#6479);
#6477 = CARTESIAN_POINT('',(1.571166602479E-15,0.,0.45));
#6478 = DIRECTION('',(-3.491481338843E-15,0.,-1.));
#6479 = DIRECTION('',(-1.,0.,3.491481338843E-15));
#6480 = ADVANCED_FACE('',(#6481),#6506,.F.);
#6481 = FACE_BOUND('',#6482,.T.);
#6482 = EDGE_LOOP('',(#6483,#6484,#6492,#6500));
#6483 = ORIENTED_EDGE('',*,*,#5212,.T.);
#6484 = ORIENTED_EDGE('',*,*,#6485,.F.);
#6485 = EDGE_CURVE('',#6486,#5203,#6488,.T.);
#6486 = VERTEX_POINT('',#6487);
#6487 = CARTESIAN_POINT('',(-1.5E-02,0.11,-0.45));
#6488 = LINE('',#6489,#6490);
#6489 = CARTESIAN_POINT('',(-1.5E-02,0.11,-0.45));
#6490 = VECTOR('',#6491,1.);
#6491 = DIRECTION('',(-1.047444401653E-14,-0.,-1.));
#6492 = ORIENTED_EDGE('',*,*,#6493,.F.);
#6493 = EDGE_CURVE('',#6494,#6486,#6496,.T.);
#6494 = VERTEX_POINT('',#6495);
#6495 = CARTESIAN_POINT('',(-1.5E-02,8.E-02,-0.45));
#6496 = LINE('',#6497,#6498);
#6497 = CARTESIAN_POINT('',(-1.5E-02,8.E-02,-0.45));
#6498 = VECTOR('',#6499,1.);
#6499 = DIRECTION('',(0.,1.,0.));
#6500 = ORIENTED_EDGE('',*,*,#6501,.T.);
#6501 = EDGE_CURVE('',#6494,#5213,#6502,.T.);
#6502 = LINE('',#6503,#6504);
#6503 = CARTESIAN_POINT('',(-1.5E-02,8.E-02,-0.45));
#6504 = VECTOR('',#6505,1.);
#6505 = DIRECTION('',(-1.047444401653E-14,-0.,-1.));
#6506 = PLANE('',#6507);
#6507 = AXIS2_PLACEMENT_3D('',#6508,#6509,#6510);
#6508 = CARTESIAN_POINT('',(-1.5E-02,8.E-02,-0.45));
#6509 = DIRECTION('',(-1.,0.,1.047444401653E-14));
#6510 = DIRECTION('',(1.047444401653E-14,0.,1.));
#6511 = ADVANCED_FACE('',(#6512),#6530,.F.);
#6512 = FACE_BOUND('',#6513,.T.);
#6513 = EDGE_LOOP('',(#6514,#6515,#6516,#6524));
#6514 = ORIENTED_EDGE('',*,*,#5220,.T.);
#6515 = ORIENTED_EDGE('',*,*,#6501,.F.);
#6516 = ORIENTED_EDGE('',*,*,#6517,.F.);
#6517 = EDGE_CURVE('',#6518,#6494,#6520,.T.);
#6518 = VERTEX_POINT('',#6519);
#6519 = CARTESIAN_POINT('',(1.5E-02,8.E-02,-0.45));
#6520 = LINE('',#6521,#6522);
#6521 = CARTESIAN_POINT('',(1.5E-02,8.E-02,-0.45));
#6522 = VECTOR('',#6523,1.);
#6523 = DIRECTION('',(-1.,0.,1.047444401653E-14));
#6524 = ORIENTED_EDGE('',*,*,#6525,.T.);
#6525 = EDGE_CURVE('',#6518,#5221,#6526,.T.);
#6526 = LINE('',#6527,#6528);
#6527 = CARTESIAN_POINT('',(1.5E-02,8.E-02,-0.45));
#6528 = VECTOR('',#6529,1.);
#6529 = DIRECTION('',(-1.047444401653E-14,-0.,-1.));
#6530 = PLANE('',#6531);
#6531 = AXIS2_PLACEMENT_3D('',#6532,#6533,#6534);
#6532 = CARTESIAN_POINT('',(1.5E-02,8.E-02,-0.45));
#6533 = DIRECTION('',(0.,-1.,0.));
#6534 = DIRECTION('',(0.,-0.,-1.));
#6535 = ADVANCED_FACE('',(#6536),#6554,.F.);
#6536 = FACE_BOUND('',#6537,.T.);
#6537 = EDGE_LOOP('',(#6538,#6539,#6540,#6548));
#6538 = ORIENTED_EDGE('',*,*,#5228,.T.);
#6539 = ORIENTED_EDGE('',*,*,#6525,.F.);
#6540 = ORIENTED_EDGE('',*,*,#6541,.F.);
#6541 = EDGE_CURVE('',#6542,#6518,#6544,.T.);
#6542 = VERTEX_POINT('',#6543);
#6543 = CARTESIAN_POINT('',(1.5E-02,0.11,-0.45));
#6544 = LINE('',#6545,#6546);
#6545 = CARTESIAN_POINT('',(1.5E-02,8.E-02,-0.45));
#6546 = VECTOR('',#6547,1.);
#6547 = DIRECTION('',(0.,-1.,-0.));
#6548 = ORIENTED_EDGE('',*,*,#6549,.T.);
#6549 = EDGE_CURVE('',#6542,#5205,#6550,.T.);
#6550 = LINE('',#6551,#6552);
#6551 = CARTESIAN_POINT('',(1.5E-02,0.11,-0.45));
#6552 = VECTOR('',#6553,1.);
#6553 = DIRECTION('',(-1.047444401653E-14,-0.,-1.));
#6554 = PLANE('',#6555);
#6555 = AXIS2_PLACEMENT_3D('',#6556,#6557,#6558);
#6556 = CARTESIAN_POINT('',(1.5E-02,8.E-02,-0.45));
#6557 = DIRECTION('',(1.,0.,-1.047444401653E-14));
#6558 = DIRECTION('',(-1.047444401653E-14,0.,-1.));
#6559 = ADVANCED_FACE('',(#6560),#6571,.F.);
#6560 = FACE_BOUND('',#6561,.T.);
#6561 = EDGE_LOOP('',(#6562,#6563,#6564,#6570));
#6562 = ORIENTED_EDGE('',*,*,#5202,.T.);
#6563 = ORIENTED_EDGE('',*,*,#6549,.F.);
#6564 = ORIENTED_EDGE('',*,*,#6565,.F.);
#6565 = EDGE_CURVE('',#6486,#6542,#6566,.T.);
#6566 = LINE('',#6567,#6568);
#6567 = CARTESIAN_POINT('',(1.5E-02,0.11,-0.45));
#6568 = VECTOR('',#6569,1.);
#6569 = DIRECTION('',(1.,-0.,-1.047444401653E-14));
#6570 = ORIENTED_EDGE('',*,*,#6485,.T.);
#6571 = PLANE('',#6572);
#6572 = AXIS2_PLACEMENT_3D('',#6573,#6574,#6575);
#6573 = CARTESIAN_POINT('',(1.5E-02,0.11,-0.45));
#6574 = DIRECTION('',(0.,1.,-0.));
#6575 = DIRECTION('',(0.,0.,1.));
#6576 = ADVANCED_FACE('',(#6577),#6583,.F.);
#6577 = FACE_BOUND('',#6578,.T.);
#6578 = EDGE_LOOP('',(#6579,#6580,#6581,#6582));
#6579 = ORIENTED_EDGE('',*,*,#6493,.T.);
#6580 = ORIENTED_EDGE('',*,*,#6565,.T.);
#6581 = ORIENTED_EDGE('',*,*,#6541,.T.);
#6582 = ORIENTED_EDGE('',*,*,#6517,.T.);
#6583 = PLANE('',#6584);
#6584 = AXIS2_PLACEMENT_3D('',#6585,#6586,#6587);
#6585 = CARTESIAN_POINT('',(-4.713499807438E-15,0.,-0.45));
#6586 = DIRECTION('',(1.047444401653E-14,0.,1.));
#6587 = DIRECTION('',(1.,0.,-1.047444401653E-14));
#6588 = ADVANCED_FACE('',(#6589),#6614,.F.);
#6589 = FACE_BOUND('',#6590,.T.);
#6590 = EDGE_LOOP('',(#6591,#6592,#6600,#6608));
#6591 = ORIENTED_EDGE('',*,*,#5037,.T.);
#6592 = ORIENTED_EDGE('',*,*,#6593,.F.);
#6593 = EDGE_CURVE('',#6594,#5028,#6596,.T.);
#6594 = VERTEX_POINT('',#6595);
#6595 = CARTESIAN_POINT('',(0.45,0.11,-1.5E-02));
#6596 = LINE('',#6597,#6598);
#6597 = CARTESIAN_POINT('',(0.45,0.11,-1.5E-02));
#6598 = VECTOR('',#6599,1.);
#6599 = DIRECTION('',(1.,-0.,-0.));
#6600 = ORIENTED_EDGE('',*,*,#6601,.F.);
#6601 = EDGE_CURVE('',#6602,#6594,#6604,.T.);
#6602 = VERTEX_POINT('',#6603);
#6603 = CARTESIAN_POINT('',(0.45,8.E-02,-1.5E-02));
#6604 = LINE('',#6605,#6606);
#6605 = CARTESIAN_POINT('',(0.45,8.E-02,-1.5E-02));
#6606 = VECTOR('',#6607,1.);
#6607 = DIRECTION('',(0.,1.,0.));
#6608 = ORIENTED_EDGE('',*,*,#6609,.T.);
#6609 = EDGE_CURVE('',#6602,#5038,#6610,.T.);
#6610 = LINE('',#6611,#6612);
#6611 = CARTESIAN_POINT('',(0.45,8.E-02,-1.5E-02));
#6612 = VECTOR('',#6613,1.);
#6613 = DIRECTION('',(1.,-0.,-0.));
#6614 = PLANE('',#6615);
#6615 = AXIS2_PLACEMENT_3D('',#6616,#6617,#6618);
#6616 = CARTESIAN_POINT('',(0.45,8.E-02,-1.5E-02));
#6617 = DIRECTION('',(0.,0.,-1.));
#6618 = DIRECTION('',(-1.,0.,-0.));
#6619 = ADVANCED_FACE('',(#6620),#6638,.F.);
#6620 = FACE_BOUND('',#6621,.T.);
#6621 = EDGE_LOOP('',(#6622,#6623,#6624,#6632));
#6622 = ORIENTED_EDGE('',*,*,#5045,.T.);
#6623 = ORIENTED_EDGE('',*,*,#6609,.F.);
#6624 = ORIENTED_EDGE('',*,*,#6625,.F.);
#6625 = EDGE_CURVE('',#6626,#6602,#6628,.T.);
#6626 = VERTEX_POINT('',#6627);
#6627 = CARTESIAN_POINT('',(0.45,8.E-02,1.5E-02));
#6628 = LINE('',#6629,#6630);
#6629 = CARTESIAN_POINT('',(0.45,8.E-02,1.5E-02));
#6630 = VECTOR('',#6631,1.);
#6631 = DIRECTION('',(0.,0.,-1.));
#6632 = ORIENTED_EDGE('',*,*,#6633,.T.);
#6633 = EDGE_CURVE('',#6626,#5046,#6634,.T.);
#6634 = LINE('',#6635,#6636);
#6635 = CARTESIAN_POINT('',(0.45,8.E-02,1.5E-02));
#6636 = VECTOR('',#6637,1.);
#6637 = DIRECTION('',(1.,-0.,-0.));
#6638 = PLANE('',#6639);
#6639 = AXIS2_PLACEMENT_3D('',#6640,#6641,#6642);
#6640 = CARTESIAN_POINT('',(0.45,8.E-02,1.5E-02));
#6641 = DIRECTION('',(0.,-1.,-0.));
#6642 = DIRECTION('',(0.,0.,-1.));
#6643 = ADVANCED_FACE('',(#6644),#6662,.F.);
#6644 = FACE_BOUND('',#6645,.T.);
#6645 = EDGE_LOOP('',(#6646,#6647,#6648,#6656));
#6646 = ORIENTED_EDGE('',*,*,#5053,.T.);
#6647 = ORIENTED_EDGE('',*,*,#6633,.F.);
#6648 = ORIENTED_EDGE('',*,*,#6649,.F.);
#6649 = EDGE_CURVE('',#6650,#6626,#6652,.T.);
#6650 = VERTEX_POINT('',#6651);
#6651 = CARTESIAN_POINT('',(0.45,0.11,1.5E-02));
#6652 = LINE('',#6653,#6654);
#6653 = CARTESIAN_POINT('',(0.45,8.E-02,1.5E-02));
#6654 = VECTOR('',#6655,1.);
#6655 = DIRECTION('',(0.,-1.,0.));
#6656 = ORIENTED_EDGE('',*,*,#6657,.T.);
#6657 = EDGE_CURVE('',#6650,#5030,#6658,.T.);
#6658 = LINE('',#6659,#6660);
#6659 = CARTESIAN_POINT('',(0.45,0.11,1.5E-02));
#6660 = VECTOR('',#6661,1.);
#6661 = DIRECTION('',(1.,-0.,-0.));
#6662 = PLANE('',#6663);
#6663 = AXIS2_PLACEMENT_3D('',#6664,#6665,#6666);
#6664 = CARTESIAN_POINT('',(0.45,8.E-02,1.5E-02));
#6665 = DIRECTION('',(0.,0.,1.));
#6666 = DIRECTION('',(1.,0.,-0.));
#6667 = ADVANCED_FACE('',(#6668),#6679,.F.);
#6668 = FACE_BOUND('',#6669,.T.);
#6669 = EDGE_LOOP('',(#6670,#6671,#6672,#6678));
#6670 = ORIENTED_EDGE('',*,*,#5027,.T.);
#6671 = ORIENTED_EDGE('',*,*,#6657,.F.);
#6672 = ORIENTED_EDGE('',*,*,#6673,.F.);
#6673 = EDGE_CURVE('',#6594,#6650,#6674,.T.);
#6674 = LINE('',#6675,#6676);
#6675 = CARTESIAN_POINT('',(0.45,0.11,1.5E-02));
#6676 = VECTOR('',#6677,1.);
#6677 = DIRECTION('',(0.,-0.,1.));
#6678 = ORIENTED_EDGE('',*,*,#6593,.T.);
#6679 = PLANE('',#6680);
#6680 = AXIS2_PLACEMENT_3D('',#6681,#6682,#6683);
#6681 = CARTESIAN_POINT('',(0.45,0.11,1.5E-02));
#6682 = DIRECTION('',(0.,1.,0.));
#6683 = DIRECTION('',(0.,-0.,1.));
#6684 = ADVANCED_FACE('',(#6685),#6691,.F.);
#6685 = FACE_BOUND('',#6686,.T.);
#6686 = EDGE_LOOP('',(#6687,#6688,#6689,#6690));
#6687 = ORIENTED_EDGE('',*,*,#6601,.T.);
#6688 = ORIENTED_EDGE('',*,*,#6673,.T.);
#6689 = ORIENTED_EDGE('',*,*,#6649,.T.);
#6690 = ORIENTED_EDGE('',*,*,#6625,.T.);
#6691 = PLANE('',#6692);
#6692 = AXIS2_PLACEMENT_3D('',#6693,#6694,#6695);
#6693 = CARTESIAN_POINT('',(0.45,0.,0.));
#6694 = DIRECTION('',(-1.,0.,0.));
#6695 = DIRECTION('',(0.,0.,1.));
#6696 = ADVANCED_FACE('',(#6697),#6709,.F.);
#6697 = FACE_BOUND('',#6698,.F.);
#6698 = EDGE_LOOP('',(#6699,#6700,#6701,#6708));
#6699 = ORIENTED_EDGE('',*,*,#5304,.F.);
#6700 = ORIENTED_EDGE('',*,*,#4567,.F.);
#6701 = ORIENTED_EDGE('',*,*,#6702,.T.);
#6702 = EDGE_CURVE('',#4568,#4587,#6703,.T.);
#6703 = CIRCLE('',#6704,4.E-02);
#6704 = AXIS2_PLACEMENT_3D('',#6705,#6706,#6707);
#6705 = CARTESIAN_POINT('',(-0.38,0.38,-0.38));
#6706 = DIRECTION('',(0.,1.,0.));
#6707 = DIRECTION('',(0.,-0.,1.));
#6708 = ORIENTED_EDGE('',*,*,#4586,.T.);
#6709 = CYLINDRICAL_SURFACE('',#6710,4.E-02);
#6710 = AXIS2_PLACEMENT_3D('',#6711,#6712,#6713);
#6711 = CARTESIAN_POINT('',(-0.38,0.38,-0.38));
#6712 = DIRECTION('',(-0.,1.,-0.));
#6713 = DIRECTION('',(0.,0.,1.));
#6714 = ADVANCED_FACE('',(#6715),#6719,.T.);
#6715 = FACE_BOUND('',#6716,.T.);
#6716 = EDGE_LOOP('',(#6717,#6718));
#6717 = ORIENTED_EDGE('',*,*,#6702,.T.);
#6718 = ORIENTED_EDGE('',*,*,#4594,.T.);
#6719 = PLANE('',#6720);
#6720 = AXIS2_PLACEMENT_3D('',#6721,#6722,#6723);
#6721 = CARTESIAN_POINT('',(-0.38,0.38,-0.38));
#6722 = DIRECTION('',(0.,1.,0.));
#6723 = DIRECTION('',(0.,-0.,1.));
#6724 = MANIFOLD_SOLID_BREP('',#6725);
#6725 = CLOSED_SHELL('',(#6726,#6768,#6792,#6802));
#6726 = ADVANCED_FACE('',(#6727),#6763,.T.);
#6727 = FACE_BOUND('',#6728,.T.);
#6728 = EDGE_LOOP('',(#6729,#6740,#6748,#6757));
#6729 = ORIENTED_EDGE('',*,*,#6730,.F.);
#6730 = EDGE_CURVE('',#6731,#6733,#6735,.T.);
#6731 = VERTEX_POINT('',#6732);
#6732 = CARTESIAN_POINT('',(-0.38,0.38,-0.42));
#6733 = VERTEX_POINT('',#6734);
#6734 = CARTESIAN_POINT('',(-0.38,0.38,-0.34));
#6735 = CIRCLE('',#6736,4.E-02);
#6736 = AXIS2_PLACEMENT_3D('',#6737,#6738,#6739);
#6737 = CARTESIAN_POINT('',(-0.38,0.38,-0.38));
#6738 = DIRECTION('',(0.,-1.,0.));
#6739 = DIRECTION('',(0.,0.,1.));
#6740 = ORIENTED_EDGE('',*,*,#6741,.T.);
#6741 = EDGE_CURVE('',#6731,#6742,#6744,.T.);
#6742 = VERTEX_POINT('',#6743);
#6743 = CARTESIAN_POINT('',(-0.38,0.4,-0.42));
#6744 = LINE('',#6745,#6746);
#6745 = CARTESIAN_POINT('',(-0.38,0.26686291501,-0.42));
#6746 = VECTOR('',#6747,1.);
#6747 = DIRECTION('',(0.,1.,0.));
#6748 = ORIENTED_EDGE('',*,*,#6749,.F.);
#6749 = EDGE_CURVE('',#6750,#6742,#6752,.T.);
#6750 = VERTEX_POINT('',#6751);
#6751 = CARTESIAN_POINT('',(-0.38,0.4,-0.34));
#6752 = CIRCLE('',#6753,4.E-02);
#6753 = AXIS2_PLACEMENT_3D('',#6754,#6755,#6756);
#6754 = CARTESIAN_POINT('',(-0.38,0.4,-0.38));
#6755 = DIRECTION('',(0.,1.,0.));
#6756 = DIRECTION('',(0.,-0.,1.));
#6757 = ORIENTED_EDGE('',*,*,#6758,.F.);
#6758 = EDGE_CURVE('',#6733,#6750,#6759,.T.);
#6759 = LINE('',#6760,#6761);
#6760 = CARTESIAN_POINT('',(-0.38,0.26686291501,-0.34));
#6761 = VECTOR('',#6762,1.);
#6762 = DIRECTION('',(0.,1.,0.));
#6763 = CYLINDRICAL_SURFACE('',#6764,4.E-02);
#6764 = AXIS2_PLACEMENT_3D('',#6765,#6766,#6767);
#6765 = CARTESIAN_POINT('',(-0.38,0.26686291501,-0.38));
#6766 = DIRECTION('',(0.,1.,0.));
#6767 = DIRECTION('',(0.,-0.,1.));
#6768 = ADVANCED_FACE('',(#6769),#6787,.T.);
#6769 = FACE_BOUND('',#6770,.T.);
#6770 = EDGE_LOOP('',(#6771,#6772,#6779,#6780));
#6771 = ORIENTED_EDGE('',*,*,#6741,.F.);
#6772 = ORIENTED_EDGE('',*,*,#6773,.F.);
#6773 = EDGE_CURVE('',#6733,#6731,#6774,.T.);
#6774 = CIRCLE('',#6775,4.E-02);
#6775 = AXIS2_PLACEMENT_3D('',#6776,#6777,#6778);
#6776 = CARTESIAN_POINT('',(-0.38,0.38,-0.38));
#6777 = DIRECTION('',(0.,-1.,0.));
#6778 = DIRECTION('',(0.,0.,1.));
#6779 = ORIENTED_EDGE('',*,*,#6758,.T.);
#6780 = ORIENTED_EDGE('',*,*,#6781,.F.);
#6781 = EDGE_CURVE('',#6742,#6750,#6782,.T.);
#6782 = CIRCLE('',#6783,4.E-02);
#6783 = AXIS2_PLACEMENT_3D('',#6784,#6785,#6786);
#6784 = CARTESIAN_POINT('',(-0.38,0.4,-0.38));
#6785 = DIRECTION('',(0.,1.,0.));
#6786 = DIRECTION('',(0.,-0.,1.));
#6787 = CYLINDRICAL_SURFACE('',#6788,4.E-02);
#6788 = AXIS2_PLACEMENT_3D('',#6789,#6790,#6791);
#6789 = CARTESIAN_POINT('',(-0.38,0.26686291501,-0.38));
#6790 = DIRECTION('',(0.,1.,0.));
#6791 = DIRECTION('',(0.,-0.,1.));
#6792 = ADVANCED_FACE('',(#6793),#6797,.T.);
#6793 = FACE_BOUND('',#6794,.T.);
#6794 = EDGE_LOOP('',(#6795,#6796));
#6795 = ORIENTED_EDGE('',*,*,#6749,.T.);
#6796 = ORIENTED_EDGE('',*,*,#6781,.T.);
#6797 = PLANE('',#6798);
#6798 = AXIS2_PLACEMENT_3D('',#6799,#6800,#6801);
#6799 = CARTESIAN_POINT('',(-0.38,0.4,-0.38));
#6800 = DIRECTION('',(0.,1.,0.));
#6801 = DIRECTION('',(0.,-0.,1.));
#6802 = ADVANCED_FACE('',(#6803),#6807,.F.);
#6803 = FACE_BOUND('',#6804,.T.);
#6804 = EDGE_LOOP('',(#6805,#6806));
#6805 = ORIENTED_EDGE('',*,*,#6773,.T.);
#6806 = ORIENTED_EDGE('',*,*,#6730,.T.);
#6807 = PLANE('',#6808);
#6808 = AXIS2_PLACEMENT_3D('',#6809,#6810,#6811);
#6809 = CARTESIAN_POINT('',(-0.38,0.38,-0.38));
#6810 = DIRECTION('',(0.,1.,0.));
#6811 = DIRECTION('',(0.,-0.,1.));
#6812 = ( GEOMETRIC_REPRESENTATION_CONTEXT(3) 
GLOBAL_UNCERTAINTY_ASSIGNED_CONTEXT((#6816)) 
GLOBAL_UNIT_ASSIGNED_CONTEXT((#6813,#6814,#6815)) REPRESENTATION_CONTEXT
('Context #1','3D Context with UNIT and UNCERTAINTY') );
#6813 = ( LENGTH_UNIT() NAMED_UNIT(*) SI_UNIT(.MILLI.,.METRE.) );
#6814 = ( NAMED_UNIT(*) PLANE_ANGLE_UNIT() SI_UNIT($,.RADIAN.) );
#6815 = ( NAMED_UNIT(*) SI_UNIT($,.STERADIAN.) SOLID_ANGLE_UNIT() );
#6816 = UNCERTAINTY_MEASURE_WITH_UNIT(LENGTH_MEASURE(1.E-07),#6813,
  'distance_accuracy_value','confusion accuracy');
#6817 = CONTEXT_DEPENDENT_SHAPE_REPRESENTATION(#6818,#6820);
#6818 = ( REPRESENTATION_RELATIONSHIP('','',#2515,#10) 
REPRESENTATION_RELATIONSHIP_WITH_TRANSFORMATION(#6819) 
SHAPE_REPRESENTATION_RELATIONSHIP() );
#6819 = ITEM_DEFINED_TRANSFORMATION('','',#11,#27);
#6820 = PRODUCT_DEFINITION_SHAPE('Placement','Placement of an item',
  #6821);
#6821 = NEXT_ASSEMBLY_USAGE_OCCURRENCE('4','U2','',#5,#2510,$);
#6822 = PRODUCT_RELATED_PRODUCT_CATEGORY('part',$,(#2512));
#6823 = CONTEXT_DEPENDENT_SHAPE_REPRESENTATION(#6824,#6826);
#6824 = ( REPRESENTATION_RELATIONSHIP('','',#60,#10) 
REPRESENTATION_RELATIONSHIP_WITH_TRANSFORMATION(#6825) 
SHAPE_REPRESENTATION_RELATIONSHIP() );
#6825 = ITEM_DEFINED_TRANSFORMATION('','',#11,#31);
#6826 = PRODUCT_DEFINITION_SHAPE('Placement','Placement of an item',
  #6827);
#6827 = NEXT_ASSEMBLY_USAGE_OCCURRENCE('5','C2','',#5,#55,$);
#6828 = SHAPE_DEFINITION_REPRESENTATION(#6829,#6835);
#6829 = PRODUCT_DEFINITION_SHAPE('','',#6830);
#6830 = PRODUCT_DEFINITION('design','',#6831,#6834);
#6831 = PRODUCT_DEFINITION_FORMATION('','',#6832);
#6832 = PRODUCT('SM04B-SRSS-TB','SM04B-SRSS-TB','',(#6833));
#6833 = PRODUCT_CONTEXT('',#2,'mechanical');
#6834 = PRODUCT_DEFINITION_CONTEXT('part definition',#2,'design');
#6835 = SHAPE_REPRESENTATION('',(#11,#6836,#7629,#8253,#8877,#9501,
    #10294,#10918),#14132);
#6836 = MANIFOLD_SOLID_BREP('',#6837);
#6837 = CLOSED_SHELL('',(#6838,#6878,#6909,#6940,#6971,#7002,#7035,#7066
    ,#7099,#7132,#7163,#7196,#7229,#7260,#7293,#7324,#7355,#7386,#7419,
    #7450,#7483,#7514,#7545,#7567,#7598));
#6838 = ADVANCED_FACE('',(#6839),#6873,.F.);
#6839 = FACE_BOUND('',#6840,.T.);
#6840 = EDGE_LOOP('',(#6841,#6851,#6859,#6867));
#6841 = ORIENTED_EDGE('',*,*,#6842,.F.);
#6842 = EDGE_CURVE('',#6843,#6845,#6847,.T.);
#6843 = VERTEX_POINT('',#6844);
#6844 = CARTESIAN_POINT('',(-2.5,0.905,3.395));
#6845 = VERTEX_POINT('',#6846);
#6846 = CARTESIAN_POINT('',(-2.5,1.555,3.395));
#6847 = LINE('',#6848,#6849);
#6848 = CARTESIAN_POINT('',(-2.5,0.905,3.395));
#6849 = VECTOR('',#6850,1.);
#6850 = DIRECTION('',(0.,1.,2.668805347657E-15));
#6851 = ORIENTED_EDGE('',*,*,#6852,.F.);
#6852 = EDGE_CURVE('',#6853,#6843,#6855,.T.);
#6853 = VERTEX_POINT('',#6854);
#6854 = CARTESIAN_POINT('',(-2.7,0.905,3.395));
#6855 = LINE('',#6856,#6857);
#6856 = CARTESIAN_POINT('',(-2.7,0.905,3.395));
#6857 = VECTOR('',#6858,1.);
#6858 = DIRECTION('',(1.,0.,6.938893903907E-15));
#6859 = ORIENTED_EDGE('',*,*,#6860,.T.);
#6860 = EDGE_CURVE('',#6853,#6861,#6863,.T.);
#6861 = VERTEX_POINT('',#6862);
#6862 = CARTESIAN_POINT('',(-2.7,1.555,3.395));
#6863 = LINE('',#6864,#6865);
#6864 = CARTESIAN_POINT('',(-2.7,0.905,3.395));
#6865 = VECTOR('',#6866,1.);
#6866 = DIRECTION('',(0.,1.,2.668805347657E-15));
#6867 = ORIENTED_EDGE('',*,*,#6868,.T.);
#6868 = EDGE_CURVE('',#6861,#6845,#6869,.T.);
#6869 = LINE('',#6870,#6871);
#6870 = CARTESIAN_POINT('',(-2.7,1.555,3.395));
#6871 = VECTOR('',#6872,1.);
#6872 = DIRECTION('',(1.,0.,6.938893903907E-15));
#6873 = PLANE('',#6874);
#6874 = AXIS2_PLACEMENT_3D('',#6875,#6876,#6877);
#6875 = CARTESIAN_POINT('',(-2.7,0.905,3.395));
#6876 = DIRECTION('',(-6.938893903907E-15,-2.668805347657E-15,1.));
#6877 = DIRECTION('',(-1.,0.,-6.938893903907E-15));
#6878 = ADVANCED_FACE('',(#6879),#6904,.F.);
#6879 = FACE_BOUND('',#6880,.T.);
#6880 = EDGE_LOOP('',(#6881,#6889,#6890,#6898));
#6881 = ORIENTED_EDGE('',*,*,#6882,.F.);
#6882 = EDGE_CURVE('',#6845,#6883,#6885,.T.);
#6883 = VERTEX_POINT('',#6884);
#6884 = CARTESIAN_POINT('',(-2.5,1.555,3.795));
#6885 = LINE('',#6886,#6887);
#6886 = CARTESIAN_POINT('',(-2.5,1.555,3.395));
#6887 = VECTOR('',#6888,1.);
#6888 = DIRECTION('',(-7.589415207398E-15,0.,1.));
#6889 = ORIENTED_EDGE('',*,*,#6868,.F.);
#6890 = ORIENTED_EDGE('',*,*,#6891,.T.);
#6891 = EDGE_CURVE('',#6861,#6892,#6894,.T.);
#6892 = VERTEX_POINT('',#6893);
#6893 = CARTESIAN_POINT('',(-2.7,1.555,3.795));
#6894 = LINE('',#6895,#6896);
#6895 = CARTESIAN_POINT('',(-2.7,1.555,3.395));
#6896 = VECTOR('',#6897,1.);
#6897 = DIRECTION('',(-7.589415207398E-15,0.,1.));
#6898 = ORIENTED_EDGE('',*,*,#6899,.T.);
#6899 = EDGE_CURVE('',#6892,#6883,#6900,.T.);
#6900 = LINE('',#6901,#6902);
#6901 = CARTESIAN_POINT('',(-2.7,1.555,3.795));
#6902 = VECTOR('',#6903,1.);
#6903 = DIRECTION('',(1.,0.,6.938893903907E-15));
#6904 = PLANE('',#6905);
#6905 = AXIS2_PLACEMENT_3D('',#6906,#6907,#6908);
#6906 = CARTESIAN_POINT('',(-2.7,1.555,3.395));
#6907 = DIRECTION('',(0.,-1.,-0.));
#6908 = DIRECTION('',(-0.,0.,-1.));
#6909 = ADVANCED_FACE('',(#6910),#6935,.F.);
#6910 = FACE_BOUND('',#6911,.T.);
#6911 = EDGE_LOOP('',(#6912,#6920,#6921,#6929));
#6912 = ORIENTED_EDGE('',*,*,#6913,.F.);
#6913 = EDGE_CURVE('',#6883,#6914,#6916,.T.);
#6914 = VERTEX_POINT('',#6915);
#6915 = CARTESIAN_POINT('',(-2.5,1.455,3.895));
#6916 = LINE('',#6917,#6918);
#6917 = CARTESIAN_POINT('',(-2.5,1.555,3.795));
#6918 = VECTOR('',#6919,1.);
#6919 = DIRECTION('',(-3.066586833367E-15,-0.707106781187,0.707106781187
    ));
#6920 = ORIENTED_EDGE('',*,*,#6899,.F.);
#6921 = ORIENTED_EDGE('',*,*,#6922,.T.);
#6922 = EDGE_CURVE('',#6892,#6923,#6925,.T.);
#6923 = VERTEX_POINT('',#6924);
#6924 = CARTESIAN_POINT('',(-2.7,1.455,3.895));
#6925 = LINE('',#6926,#6927);
#6926 = CARTESIAN_POINT('',(-2.7,1.555,3.795));
#6927 = VECTOR('',#6928,1.);
#6928 = DIRECTION('',(-3.066586833367E-15,-0.707106781187,0.707106781187
    ));
#6929 = ORIENTED_EDGE('',*,*,#6930,.T.);
#6930 = EDGE_CURVE('',#6923,#6914,#6931,.T.);
#6931 = LINE('',#6932,#6933);
#6932 = CARTESIAN_POINT('',(-2.7,1.455,3.895));
#6933 = VECTOR('',#6934,1.);
#6934 = DIRECTION('',(1.,0.,6.938893903907E-15));
#6935 = PLANE('',#6936);
#6936 = AXIS2_PLACEMENT_3D('',#6937,#6938,#6939);
#6937 = CARTESIAN_POINT('',(-2.7,1.555,3.795));
#6938 = DIRECTION('',(4.906538933387E-15,-0.707106781187,-0.707106781187
    ));
#6939 = DIRECTION('',(0.,0.707106781187,-0.707106781187));
#6940 = ADVANCED_FACE('',(#6941),#6966,.F.);
#6941 = FACE_BOUND('',#6942,.T.);
#6942 = EDGE_LOOP('',(#6943,#6951,#6952,#6960));
#6943 = ORIENTED_EDGE('',*,*,#6944,.F.);
#6944 = EDGE_CURVE('',#6914,#6945,#6947,.T.);
#6945 = VERTEX_POINT('',#6946);
#6946 = CARTESIAN_POINT('',(-2.5,1.305,3.895));
#6947 = LINE('',#6948,#6949);
#6948 = CARTESIAN_POINT('',(-2.5,1.455,3.895));
#6949 = VECTOR('',#6950,1.);
#6950 = DIRECTION('',(0.,-1.,0.));
#6951 = ORIENTED_EDGE('',*,*,#6930,.F.);
#6952 = ORIENTED_EDGE('',*,*,#6953,.T.);
#6953 = EDGE_CURVE('',#6923,#6954,#6956,.T.);
#6954 = VERTEX_POINT('',#6955);
#6955 = CARTESIAN_POINT('',(-2.7,1.305,3.895));
#6956 = LINE('',#6957,#6958);
#6957 = CARTESIAN_POINT('',(-2.7,1.455,3.895));
#6958 = VECTOR('',#6959,1.);
#6959 = DIRECTION('',(0.,-1.,0.));
#6960 = ORIENTED_EDGE('',*,*,#6961,.T.);
#6961 = EDGE_CURVE('',#6954,#6945,#6962,.T.);
#6962 = LINE('',#6963,#6964);
#6963 = CARTESIAN_POINT('',(-2.7,1.305,3.895));
#6964 = VECTOR('',#6965,1.);
#6965 = DIRECTION('',(1.,0.,6.938893903907E-15));
#6966 = PLANE('',#6967);
#6967 = AXIS2_PLACEMENT_3D('',#6968,#6969,#6970);
#6968 = CARTESIAN_POINT('',(-2.7,1.455,3.895));
#6969 = DIRECTION('',(6.938893903907E-15,0.,-1.));
#6970 = DIRECTION('',(1.,0.,6.938893903907E-15));
#6971 = ADVANCED_FACE('',(#6972),#6997,.F.);
#6972 = FACE_BOUND('',#6973,.T.);
#6973 = EDGE_LOOP('',(#6974,#6982,#6983,#6991));
#6974 = ORIENTED_EDGE('',*,*,#6975,.F.);
#6975 = EDGE_CURVE('',#6945,#6976,#6978,.T.);
#6976 = VERTEX_POINT('',#6977);
#6977 = CARTESIAN_POINT('',(-2.5,1.305,3.845));
#6978 = LINE('',#6979,#6980);
#6979 = CARTESIAN_POINT('',(-2.5,1.305,3.895));
#6980 = VECTOR('',#6981,1.);
#6981 = DIRECTION('',(0.,0.,-1.));
#6982 = ORIENTED_EDGE('',*,*,#6961,.F.);
#6983 = ORIENTED_EDGE('',*,*,#6984,.T.);
#6984 = EDGE_CURVE('',#6954,#6985,#6987,.T.);
#6985 = VERTEX_POINT('',#6986);
#6986 = CARTESIAN_POINT('',(-2.7,1.305,3.845));
#6987 = LINE('',#6988,#6989);
#6988 = CARTESIAN_POINT('',(-2.7,1.305,3.895));
#6989 = VECTOR('',#6990,1.);
#6990 = DIRECTION('',(0.,0.,-1.));
#6991 = ORIENTED_EDGE('',*,*,#6992,.T.);
#6992 = EDGE_CURVE('',#6985,#6976,#6993,.T.);
#6993 = LINE('',#6994,#6995);
#6994 = CARTESIAN_POINT('',(-2.7,1.305,3.845));
#6995 = VECTOR('',#6996,1.);
#6996 = DIRECTION('',(1.,0.,6.938893903907E-15));
#6997 = PLANE('',#6998);
#6998 = AXIS2_PLACEMENT_3D('',#6999,#7000,#7001);
#6999 = CARTESIAN_POINT('',(-2.7,1.305,3.895));
#7000 = DIRECTION('',(0.,1.,0.));
#7001 = DIRECTION('',(0.,-0.,1.));
#7002 = ADVANCED_FACE('',(#7003),#7030,.F.);
#7003 = FACE_BOUND('',#7004,.F.);
#7004 = EDGE_LOOP('',(#7005,#7015,#7022,#7023));
#7005 = ORIENTED_EDGE('',*,*,#7006,.F.);
#7006 = EDGE_CURVE('',#7007,#7009,#7011,.T.);
#7007 = VERTEX_POINT('',#7008);
#7008 = CARTESIAN_POINT('',(-2.7,1.255,3.795));
#7009 = VERTEX_POINT('',#7010);
#7010 = CARTESIAN_POINT('',(-2.5,1.255,3.795));
#7011 = LINE('',#7012,#7013);
#7012 = CARTESIAN_POINT('',(-2.7,1.255,3.795));
#7013 = VECTOR('',#7014,1.);
#7014 = DIRECTION('',(1.,0.,6.938893903907E-15));
#7015 = ORIENTED_EDGE('',*,*,#7016,.F.);
#7016 = EDGE_CURVE('',#6985,#7007,#7017,.T.);
#7017 = CIRCLE('',#7018,5.E-02);
#7018 = AXIS2_PLACEMENT_3D('',#7019,#7020,#7021);
#7019 = CARTESIAN_POINT('',(-2.7,1.255,3.845));
#7020 = DIRECTION('',(-1.,0.,-6.938893903907E-15));
#7021 = DIRECTION('',(-6.938893903907E-15,0.,1.));
#7022 = ORIENTED_EDGE('',*,*,#6992,.T.);
#7023 = ORIENTED_EDGE('',*,*,#7024,.T.);
#7024 = EDGE_CURVE('',#6976,#7009,#7025,.T.);
#7025 = CIRCLE('',#7026,5.E-02);
#7026 = AXIS2_PLACEMENT_3D('',#7027,#7028,#7029);
#7027 = CARTESIAN_POINT('',(-2.5,1.255,3.845));
#7028 = DIRECTION('',(-1.,0.,-6.938893903907E-15));
#7029 = DIRECTION('',(-6.938893903907E-15,0.,1.));
#7030 = CYLINDRICAL_SURFACE('',#7031,5.E-02);
#7031 = AXIS2_PLACEMENT_3D('',#7032,#7033,#7034);
#7032 = CARTESIAN_POINT('',(-2.7,1.255,3.845));
#7033 = DIRECTION('',(1.,0.,6.938893903907E-15));
#7034 = DIRECTION('',(-6.938893903907E-15,0.,1.));
#7035 = ADVANCED_FACE('',(#7036),#7061,.F.);
#7036 = FACE_BOUND('',#7037,.T.);
#7037 = EDGE_LOOP('',(#7038,#7046,#7047,#7055));
#7038 = ORIENTED_EDGE('',*,*,#7039,.F.);
#7039 = EDGE_CURVE('',#7009,#7040,#7042,.T.);
#7040 = VERTEX_POINT('',#7041);
#7041 = CARTESIAN_POINT('',(-2.5,1.141602540378,3.795));
#7042 = LINE('',#7043,#7044);
#7043 = CARTESIAN_POINT('',(-2.5,1.255,3.795));
#7044 = VECTOR('',#7045,1.);
#7045 = DIRECTION('',(0.,-1.,0.));
#7046 = ORIENTED_EDGE('',*,*,#7006,.F.);
#7047 = ORIENTED_EDGE('',*,*,#7048,.T.);
#7048 = EDGE_CURVE('',#7007,#7049,#7051,.T.);
#7049 = VERTEX_POINT('',#7050);
#7050 = CARTESIAN_POINT('',(-2.7,1.141602540378,3.795));
#7051 = LINE('',#7052,#7053);
#7052 = CARTESIAN_POINT('',(-2.7,1.255,3.795));
#7053 = VECTOR('',#7054,1.);
#7054 = DIRECTION('',(0.,-1.,0.));
#7055 = ORIENTED_EDGE('',*,*,#7056,.T.);
#7056 = EDGE_CURVE('',#7049,#7040,#7057,.T.);
#7057 = LINE('',#7058,#7059);
#7058 = CARTESIAN_POINT('',(-2.7,1.141602540378,3.795));
#7059 = VECTOR('',#7060,1.);
#7060 = DIRECTION('',(1.,0.,6.938893903907E-15));
#7061 = PLANE('',#7062);
#7062 = AXIS2_PLACEMENT_3D('',#7063,#7064,#7065);
#7063 = CARTESIAN_POINT('',(-2.7,1.255,3.795));
#7064 = DIRECTION('',(6.938893903907E-15,0.,-1.));
#7065 = DIRECTION('',(1.,0.,6.938893903907E-15));
#7066 = ADVANCED_FACE('',(#7067),#7094,.F.);
#7067 = FACE_BOUND('',#7068,.F.);
#7068 = EDGE_LOOP('',(#7069,#7079,#7086,#7087));
#7069 = ORIENTED_EDGE('',*,*,#7070,.F.);
#7070 = EDGE_CURVE('',#7071,#7073,#7075,.T.);
#7071 = VERTEX_POINT('',#7072);
#7072 = CARTESIAN_POINT('',(-2.7,1.098301270189,3.82));
#7073 = VERTEX_POINT('',#7074);
#7074 = CARTESIAN_POINT('',(-2.5,1.098301270189,3.82));
#7075 = LINE('',#7076,#7077);
#7076 = CARTESIAN_POINT('',(-2.7,1.098301270189,3.82));
#7077 = VECTOR('',#7078,1.);
#7078 = DIRECTION('',(1.,0.,6.938893903907E-15));
#7079 = ORIENTED_EDGE('',*,*,#7080,.F.);
#7080 = EDGE_CURVE('',#7049,#7071,#7081,.T.);
#7081 = CIRCLE('',#7082,5.E-02);
#7082 = AXIS2_PLACEMENT_3D('',#7083,#7084,#7085);
#7083 = CARTESIAN_POINT('',(-2.7,1.141602540378,3.845));
#7084 = DIRECTION('',(-1.,0.,-6.938893903907E-15));
#7085 = DIRECTION('',(-6.938893903907E-15,0.,1.));
#7086 = ORIENTED_EDGE('',*,*,#7056,.T.);
#7087 = ORIENTED_EDGE('',*,*,#7088,.T.);
#7088 = EDGE_CURVE('',#7040,#7073,#7089,.T.);
#7089 = CIRCLE('',#7090,5.E-02);
#7090 = AXIS2_PLACEMENT_3D('',#7091,#7092,#7093);
#7091 = CARTESIAN_POINT('',(-2.5,1.141602540378,3.845));
#7092 = DIRECTION('',(-1.,0.,-6.938893903907E-15));
#7093 = DIRECTION('',(-6.938893903907E-15,0.,1.));
#7094 = CYLINDRICAL_SURFACE('',#7095,5.E-02);
#7095 = AXIS2_PLACEMENT_3D('',#7096,#7097,#7098);
#7096 = CARTESIAN_POINT('',(-2.7,1.141602540378,3.845));
#7097 = DIRECTION('',(1.,0.,6.938893903907E-15));
#7098 = DIRECTION('',(-6.938893903907E-15,0.,1.));
#7099 = ADVANCED_FACE('',(#7100),#7127,.T.);
#7100 = FACE_BOUND('',#7101,.T.);
#7101 = EDGE_LOOP('',(#7102,#7111,#7112,#7121));
#7102 = ORIENTED_EDGE('',*,*,#7103,.F.);
#7103 = EDGE_CURVE('',#7073,#7104,#7106,.T.);
#7104 = VERTEX_POINT('',#7105);
#7105 = CARTESIAN_POINT('',(-2.5,1.055,3.845));
#7106 = CIRCLE('',#7107,5.E-02);
#7107 = AXIS2_PLACEMENT_3D('',#7108,#7109,#7110);
#7108 = CARTESIAN_POINT('',(-2.5,1.055,3.795));
#7109 = DIRECTION('',(1.,-0.,6.938893903907E-15));
#7110 = DIRECTION('',(6.938893903907E-15,0.,-1.));
#7111 = ORIENTED_EDGE('',*,*,#7070,.F.);
#7112 = ORIENTED_EDGE('',*,*,#7113,.T.);
#7113 = EDGE_CURVE('',#7071,#7114,#7116,.T.);
#7114 = VERTEX_POINT('',#7115);
#7115 = CARTESIAN_POINT('',(-2.7,1.055,3.845));
#7116 = CIRCLE('',#7117,5.E-02);
#7117 = AXIS2_PLACEMENT_3D('',#7118,#7119,#7120);
#7118 = CARTESIAN_POINT('',(-2.7,1.055,3.795));
#7119 = DIRECTION('',(1.,-0.,6.938893903907E-15));
#7120 = DIRECTION('',(6.938893903907E-15,0.,-1.));
#7121 = ORIENTED_EDGE('',*,*,#7122,.T.);
#7122 = EDGE_CURVE('',#7114,#7104,#7123,.T.);
#7123 = LINE('',#7124,#7125);
#7124 = CARTESIAN_POINT('',(-2.7,1.055,3.845));
#7125 = VECTOR('',#7126,1.);
#7126 = DIRECTION('',(1.,0.,6.938893903907E-15));
#7127 = CYLINDRICAL_SURFACE('',#7128,5.E-02);
#7128 = AXIS2_PLACEMENT_3D('',#7129,#7130,#7131);
#7129 = CARTESIAN_POINT('',(-2.7,1.055,3.795));
#7130 = DIRECTION('',(1.,0.,6.938893903907E-15));
#7131 = DIRECTION('',(-6.938893903907E-15,0.,1.));
#7132 = ADVANCED_FACE('',(#7133),#7158,.F.);
#7133 = FACE_BOUND('',#7134,.T.);
#7134 = EDGE_LOOP('',(#7135,#7143,#7144,#7152));
#7135 = ORIENTED_EDGE('',*,*,#7136,.F.);
#7136 = EDGE_CURVE('',#7104,#7137,#7139,.T.);
#7137 = VERTEX_POINT('',#7138);
#7138 = CARTESIAN_POINT('',(-2.5,0.955,3.845));
#7139 = LINE('',#7140,#7141);
#7140 = CARTESIAN_POINT('',(-2.5,1.055,3.845));
#7141 = VECTOR('',#7142,1.);
#7142 = DIRECTION('',(0.,-1.,0.));
#7143 = ORIENTED_EDGE('',*,*,#7122,.F.);
#7144 = ORIENTED_EDGE('',*,*,#7145,.T.);
#7145 = EDGE_CURVE('',#7114,#7146,#7148,.T.);
#7146 = VERTEX_POINT('',#7147);
#7147 = CARTESIAN_POINT('',(-2.7,0.955,3.845));
#7148 = LINE('',#7149,#7150);
#7149 = CARTESIAN_POINT('',(-2.7,1.055,3.845));
#7150 = VECTOR('',#7151,1.);
#7151 = DIRECTION('',(0.,-1.,0.));
#7152 = ORIENTED_EDGE('',*,*,#7153,.T.);
#7153 = EDGE_CURVE('',#7146,#7137,#7154,.T.);
#7154 = LINE('',#7155,#7156);
#7155 = CARTESIAN_POINT('',(-2.7,0.955,3.845));
#7156 = VECTOR('',#7157,1.);
#7157 = DIRECTION('',(1.,0.,6.938893903907E-15));
#7158 = PLANE('',#7159);
#7159 = AXIS2_PLACEMENT_3D('',#7160,#7161,#7162);
#7160 = CARTESIAN_POINT('',(-2.7,1.055,3.845));
#7161 = DIRECTION('',(6.938893903907E-15,0.,-1.));
#7162 = DIRECTION('',(1.,0.,6.938893903907E-15));
#7163 = ADVANCED_FACE('',(#7164),#7191,.T.);
#7164 = FACE_BOUND('',#7165,.T.);
#7165 = EDGE_LOOP('',(#7166,#7175,#7176,#7185));
#7166 = ORIENTED_EDGE('',*,*,#7167,.F.);
#7167 = EDGE_CURVE('',#7137,#7168,#7170,.T.);
#7168 = VERTEX_POINT('',#7169);
#7169 = CARTESIAN_POINT('',(-2.5,0.911698729811,3.82));
#7170 = CIRCLE('',#7171,5.E-02);
#7171 = AXIS2_PLACEMENT_3D('',#7172,#7173,#7174);
#7172 = CARTESIAN_POINT('',(-2.5,0.955,3.795));
#7173 = DIRECTION('',(1.,0.,6.938893903907E-15));
#7174 = DIRECTION('',(-6.938893903907E-15,0.,1.));
#7175 = ORIENTED_EDGE('',*,*,#7153,.F.);
#7176 = ORIENTED_EDGE('',*,*,#7177,.T.);
#7177 = EDGE_CURVE('',#7146,#7178,#7180,.T.);
#7178 = VERTEX_POINT('',#7179);
#7179 = CARTESIAN_POINT('',(-2.7,0.911698729811,3.82));
#7180 = CIRCLE('',#7181,5.E-02);
#7181 = AXIS2_PLACEMENT_3D('',#7182,#7183,#7184);
#7182 = CARTESIAN_POINT('',(-2.7,0.955,3.795));
#7183 = DIRECTION('',(1.,0.,6.938893903907E-15));
#7184 = DIRECTION('',(-6.938893903907E-15,0.,1.));
#7185 = ORIENTED_EDGE('',*,*,#7186,.T.);
#7186 = EDGE_CURVE('',#7178,#7168,#7187,.T.);
#7187 = LINE('',#7188,#7189);
#7188 = CARTESIAN_POINT('',(-2.7,0.911698729811,3.82));
#7189 = VECTOR('',#7190,1.);
#7190 = DIRECTION('',(1.,0.,6.938893903907E-15));
#7191 = CYLINDRICAL_SURFACE('',#7192,5.E-02);
#7192 = AXIS2_PLACEMENT_3D('',#7193,#7194,#7195);
#7193 = CARTESIAN_POINT('',(-2.7,0.955,3.795));
#7194 = DIRECTION('',(1.,0.,6.938893903907E-15));
#7195 = DIRECTION('',(-6.938893903907E-15,0.,1.));
#7196 = ADVANCED_FACE('',(#7197),#7224,.F.);
#7197 = FACE_BOUND('',#7198,.F.);
#7198 = EDGE_LOOP('',(#7199,#7209,#7216,#7217));
#7199 = ORIENTED_EDGE('',*,*,#7200,.F.);
#7200 = EDGE_CURVE('',#7201,#7203,#7205,.T.);
#7201 = VERTEX_POINT('',#7202);
#7202 = CARTESIAN_POINT('',(-2.7,0.868397459622,3.795));
#7203 = VERTEX_POINT('',#7204);
#7204 = CARTESIAN_POINT('',(-2.5,0.868397459622,3.795));
#7205 = LINE('',#7206,#7207);
#7206 = CARTESIAN_POINT('',(-2.7,0.868397459622,3.795));
#7207 = VECTOR('',#7208,1.);
#7208 = DIRECTION('',(1.,0.,6.938893903907E-15));
#7209 = ORIENTED_EDGE('',*,*,#7210,.F.);
#7210 = EDGE_CURVE('',#7178,#7201,#7211,.T.);
#7211 = CIRCLE('',#7212,5.E-02);
#7212 = AXIS2_PLACEMENT_3D('',#7213,#7214,#7215);
#7213 = CARTESIAN_POINT('',(-2.7,0.868397459622,3.845));
#7214 = DIRECTION('',(-1.,-0.,-6.938893903907E-15));
#7215 = DIRECTION('',(6.938893903907E-15,0.,-1.));
#7216 = ORIENTED_EDGE('',*,*,#7186,.T.);
#7217 = ORIENTED_EDGE('',*,*,#7218,.T.);
#7218 = EDGE_CURVE('',#7168,#7203,#7219,.T.);
#7219 = CIRCLE('',#7220,5.E-02);
#7220 = AXIS2_PLACEMENT_3D('',#7221,#7222,#7223);
#7221 = CARTESIAN_POINT('',(-2.5,0.868397459622,3.845));
#7222 = DIRECTION('',(-1.,-0.,-6.938893903907E-15));
#7223 = DIRECTION('',(6.938893903907E-15,0.,-1.));
#7224 = CYLINDRICAL_SURFACE('',#7225,5.E-02);
#7225 = AXIS2_PLACEMENT_3D('',#7226,#7227,#7228);
#7226 = CARTESIAN_POINT('',(-2.7,0.868397459622,3.845));
#7227 = DIRECTION('',(1.,0.,6.938893903907E-15));
#7228 = DIRECTION('',(-6.938893903907E-15,0.,1.));
#7229 = ADVANCED_FACE('',(#7230),#7255,.F.);
#7230 = FACE_BOUND('',#7231,.T.);
#7231 = EDGE_LOOP('',(#7232,#7240,#7241,#7249));
#7232 = ORIENTED_EDGE('',*,*,#7233,.F.);
#7233 = EDGE_CURVE('',#7203,#7234,#7236,.T.);
#7234 = VERTEX_POINT('',#7235);
#7235 = CARTESIAN_POINT('',(-2.5,0.755,3.795));
#7236 = LINE('',#7237,#7238);
#7237 = CARTESIAN_POINT('',(-2.5,0.755,3.795));
#7238 = VECTOR('',#7239,1.);
#7239 = DIRECTION('',(0.,-1.,-0.));
#7240 = ORIENTED_EDGE('',*,*,#7200,.F.);
#7241 = ORIENTED_EDGE('',*,*,#7242,.T.);
#7242 = EDGE_CURVE('',#7201,#7243,#7245,.T.);
#7243 = VERTEX_POINT('',#7244);
#7244 = CARTESIAN_POINT('',(-2.7,0.755,3.795));
#7245 = LINE('',#7246,#7247);
#7246 = CARTESIAN_POINT('',(-2.7,0.755,3.795));
#7247 = VECTOR('',#7248,1.);
#7248 = DIRECTION('',(0.,-1.,-0.));
#7249 = ORIENTED_EDGE('',*,*,#7250,.T.);
#7250 = EDGE_CURVE('',#7243,#7234,#7251,.T.);
#7251 = LINE('',#7252,#7253);
#7252 = CARTESIAN_POINT('',(-2.7,0.755,3.795));
#7253 = VECTOR('',#7254,1.);
#7254 = DIRECTION('',(1.,0.,6.938893903907E-15));
#7255 = PLANE('',#7256);
#7256 = AXIS2_PLACEMENT_3D('',#7257,#7258,#7259);
#7257 = CARTESIAN_POINT('',(-2.7,0.755,3.795));
#7258 = DIRECTION('',(6.938893903907E-15,0.,-1.));
#7259 = DIRECTION('',(1.,0.,6.938893903907E-15));
#7260 = ADVANCED_FACE('',(#7261),#7288,.F.);
#7261 = FACE_BOUND('',#7262,.F.);
#7262 = EDGE_LOOP('',(#7263,#7273,#7280,#7281));
#7263 = ORIENTED_EDGE('',*,*,#7264,.F.);
#7264 = EDGE_CURVE('',#7265,#7267,#7269,.T.);
#7265 = VERTEX_POINT('',#7266);
#7266 = CARTESIAN_POINT('',(-2.7,0.705,3.845));
#7267 = VERTEX_POINT('',#7268);
#7268 = CARTESIAN_POINT('',(-2.5,0.705,3.845));
#7269 = LINE('',#7270,#7271);
#7270 = CARTESIAN_POINT('',(-2.7,0.705,3.845));
#7271 = VECTOR('',#7272,1.);
#7272 = DIRECTION('',(1.,0.,6.938893903907E-15));
#7273 = ORIENTED_EDGE('',*,*,#7274,.F.);
#7274 = EDGE_CURVE('',#7243,#7265,#7275,.T.);
#7275 = CIRCLE('',#7276,5.E-02);
#7276 = AXIS2_PLACEMENT_3D('',#7277,#7278,#7279);
#7277 = CARTESIAN_POINT('',(-2.7,0.755,3.845));
#7278 = DIRECTION('',(-1.,-0.,-6.938893903907E-15));
#7279 = DIRECTION('',(6.938893903907E-15,0.,-1.));
#7280 = ORIENTED_EDGE('',*,*,#7250,.T.);
#7281 = ORIENTED_EDGE('',*,*,#7282,.T.);
#7282 = EDGE_CURVE('',#7234,#7267,#7283,.T.);
#7283 = CIRCLE('',#7284,5.E-02);
#7284 = AXIS2_PLACEMENT_3D('',#7285,#7286,#7287);
#7285 = CARTESIAN_POINT('',(-2.5,0.755,3.845));
#7286 = DIRECTION('',(-1.,-0.,-6.938893903907E-15));
#7287 = DIRECTION('',(6.938893903907E-15,0.,-1.));
#7288 = CYLINDRICAL_SURFACE('',#7289,5.E-02);
#7289 = AXIS2_PLACEMENT_3D('',#7290,#7291,#7292);
#7290 = CARTESIAN_POINT('',(-2.7,0.755,3.845));
#7291 = DIRECTION('',(1.,0.,6.938893903907E-15));
#7292 = DIRECTION('',(-6.938893903907E-15,0.,1.));
#7293 = ADVANCED_FACE('',(#7294),#7319,.F.);
#7294 = FACE_BOUND('',#7295,.T.);
#7295 = EDGE_LOOP('',(#7296,#7304,#7305,#7313));
#7296 = ORIENTED_EDGE('',*,*,#7297,.F.);
#7297 = EDGE_CURVE('',#7267,#7298,#7300,.T.);
#7298 = VERTEX_POINT('',#7299);
#7299 = CARTESIAN_POINT('',(-2.5,0.705,3.895));
#7300 = LINE('',#7301,#7302);
#7301 = CARTESIAN_POINT('',(-2.5,0.705,3.895));
#7302 = VECTOR('',#7303,1.);
#7303 = DIRECTION('',(0.,0.,1.));
#7304 = ORIENTED_EDGE('',*,*,#7264,.F.);
#7305 = ORIENTED_EDGE('',*,*,#7306,.T.);
#7306 = EDGE_CURVE('',#7265,#7307,#7309,.T.);
#7307 = VERTEX_POINT('',#7308);
#7308 = CARTESIAN_POINT('',(-2.7,0.705,3.895));
#7309 = LINE('',#7310,#7311);
#7310 = CARTESIAN_POINT('',(-2.7,0.705,3.895));
#7311 = VECTOR('',#7312,1.);
#7312 = DIRECTION('',(0.,0.,1.));
#7313 = ORIENTED_EDGE('',*,*,#7314,.T.);
#7314 = EDGE_CURVE('',#7307,#7298,#7315,.T.);
#7315 = LINE('',#7316,#7317);
#7316 = CARTESIAN_POINT('',(-2.7,0.705,3.895));
#7317 = VECTOR('',#7318,1.);
#7318 = DIRECTION('',(1.,0.,6.938893903907E-15));
#7319 = PLANE('',#7320);
#7320 = AXIS2_PLACEMENT_3D('',#7321,#7322,#7323);
#7321 = CARTESIAN_POINT('',(-2.7,0.705,3.895));
#7322 = DIRECTION('',(0.,-1.,-0.));
#7323 = DIRECTION('',(-0.,0.,-1.));
#7324 = ADVANCED_FACE('',(#7325),#7350,.F.);
#7325 = FACE_BOUND('',#7326,.T.);
#7326 = EDGE_LOOP('',(#7327,#7335,#7336,#7344));
#7327 = ORIENTED_EDGE('',*,*,#7328,.F.);
#7328 = EDGE_CURVE('',#7298,#7329,#7331,.T.);
#7329 = VERTEX_POINT('',#7330);
#7330 = CARTESIAN_POINT('',(-2.5,0.47,3.895));
#7331 = LINE('',#7332,#7333);
#7332 = CARTESIAN_POINT('',(-2.5,0.705,3.895));
#7333 = VECTOR('',#7334,1.);
#7334 = DIRECTION('',(0.,-1.,0.));
#7335 = ORIENTED_EDGE('',*,*,#7314,.F.);
#7336 = ORIENTED_EDGE('',*,*,#7337,.T.);
#7337 = EDGE_CURVE('',#7307,#7338,#7340,.T.);
#7338 = VERTEX_POINT('',#7339);
#7339 = CARTESIAN_POINT('',(-2.7,0.47,3.895));
#7340 = LINE('',#7341,#7342);
#7341 = CARTESIAN_POINT('',(-2.7,0.705,3.895));
#7342 = VECTOR('',#7343,1.);
#7343 = DIRECTION('',(0.,-1.,0.));
#7344 = ORIENTED_EDGE('',*,*,#7345,.T.);
#7345 = EDGE_CURVE('',#7338,#7329,#7346,.T.);
#7346 = LINE('',#7347,#7348);
#7347 = CARTESIAN_POINT('',(-2.7,0.47,3.895));
#7348 = VECTOR('',#7349,1.);
#7349 = DIRECTION('',(1.,0.,6.938893903907E-15));
#7350 = PLANE('',#7351);
#7351 = AXIS2_PLACEMENT_3D('',#7352,#7353,#7354);
#7352 = CARTESIAN_POINT('',(-2.7,0.705,3.895));
#7353 = DIRECTION('',(6.938893903907E-15,0.,-1.));
#7354 = DIRECTION('',(1.,0.,6.938893903907E-15));
#7355 = ADVANCED_FACE('',(#7356),#7381,.F.);
#7356 = FACE_BOUND('',#7357,.T.);
#7357 = EDGE_LOOP('',(#7358,#7366,#7367,#7375));
#7358 = ORIENTED_EDGE('',*,*,#7359,.F.);
#7359 = EDGE_CURVE('',#7329,#7360,#7362,.T.);
#7360 = VERTEX_POINT('',#7361);
#7361 = CARTESIAN_POINT('',(-2.5,0.334289321881,3.759289321881));
#7362 = LINE('',#7363,#7364);
#7363 = CARTESIAN_POINT('',(-2.5,0.47,3.895));
#7364 = VECTOR('',#7365,1.);
#7365 = DIRECTION('',(4.519300729874E-15,-0.707106781187,-0.707106781187
    ));
#7366 = ORIENTED_EDGE('',*,*,#7345,.F.);
#7367 = ORIENTED_EDGE('',*,*,#7368,.T.);
#7368 = EDGE_CURVE('',#7338,#7369,#7371,.T.);
#7369 = VERTEX_POINT('',#7370);
#7370 = CARTESIAN_POINT('',(-2.7,0.334289321881,3.759289321881));
#7371 = LINE('',#7372,#7373);
#7372 = CARTESIAN_POINT('',(-2.7,0.47,3.895));
#7373 = VECTOR('',#7374,1.);
#7374 = DIRECTION('',(4.519300729874E-15,-0.707106781187,-0.707106781187
    ));
#7375 = ORIENTED_EDGE('',*,*,#7376,.T.);
#7376 = EDGE_CURVE('',#7369,#7360,#7377,.T.);
#7377 = LINE('',#7378,#7379);
#7378 = CARTESIAN_POINT('',(-2.7,0.334289321881,3.759289321881));
#7379 = VECTOR('',#7380,1.);
#7380 = DIRECTION('',(1.,0.,6.938893903907E-15));
#7381 = PLANE('',#7382);
#7382 = AXIS2_PLACEMENT_3D('',#7383,#7384,#7385);
#7383 = CARTESIAN_POINT('',(-2.7,0.47,3.895));
#7384 = DIRECTION('',(4.906538933387E-15,0.707106781187,-0.707106781187)
  );
#7385 = DIRECTION('',(0.,0.707106781187,0.707106781187));
#7386 = ADVANCED_FACE('',(#7387),#7414,.T.);
#7387 = FACE_BOUND('',#7388,.T.);
#7388 = EDGE_LOOP('',(#7389,#7398,#7399,#7408));
#7389 = ORIENTED_EDGE('',*,*,#7390,.F.);
#7390 = EDGE_CURVE('',#7360,#7391,#7393,.T.);
#7391 = VERTEX_POINT('',#7392);
#7392 = CARTESIAN_POINT('',(-2.5,0.305,3.688578643763));
#7393 = CIRCLE('',#7394,0.1);
#7394 = AXIS2_PLACEMENT_3D('',#7395,#7396,#7397);
#7395 = CARTESIAN_POINT('',(-2.5,0.405,3.688578643763));
#7396 = DIRECTION('',(1.,-0.,6.938893903907E-15));
#7397 = DIRECTION('',(6.938893903907E-15,0.,-1.));
#7398 = ORIENTED_EDGE('',*,*,#7376,.F.);
#7399 = ORIENTED_EDGE('',*,*,#7400,.T.);
#7400 = EDGE_CURVE('',#7369,#7401,#7403,.T.);
#7401 = VERTEX_POINT('',#7402);
#7402 = CARTESIAN_POINT('',(-2.7,0.305,3.688578643763));
#7403 = CIRCLE('',#7404,0.1);
#7404 = AXIS2_PLACEMENT_3D('',#7405,#7406,#7407);
#7405 = CARTESIAN_POINT('',(-2.7,0.405,3.688578643763));
#7406 = DIRECTION('',(1.,-0.,6.938893903907E-15));
#7407 = DIRECTION('',(6.938893903907E-15,0.,-1.));
#7408 = ORIENTED_EDGE('',*,*,#7409,.T.);
#7409 = EDGE_CURVE('',#7401,#7391,#7410,.T.);
#7410 = LINE('',#7411,#7412);
#7411 = CARTESIAN_POINT('',(-2.7,0.305,3.688578643763));
#7412 = VECTOR('',#7413,1.);
#7413 = DIRECTION('',(1.,0.,6.938893903907E-15));
#7414 = CYLINDRICAL_SURFACE('',#7415,0.1);
#7415 = AXIS2_PLACEMENT_3D('',#7416,#7417,#7418);
#7416 = CARTESIAN_POINT('',(-2.7,0.405,3.688578643763));
#7417 = DIRECTION('',(1.,0.,6.938893903907E-15));
#7418 = DIRECTION('',(-6.938893903907E-15,0.,1.));
#7419 = ADVANCED_FACE('',(#7420),#7445,.F.);
#7420 = FACE_BOUND('',#7421,.T.);
#7421 = EDGE_LOOP('',(#7422,#7430,#7431,#7439));
#7422 = ORIENTED_EDGE('',*,*,#7423,.F.);
#7423 = EDGE_CURVE('',#7391,#7424,#7426,.T.);
#7424 = VERTEX_POINT('',#7425);
#7425 = CARTESIAN_POINT('',(-2.5,0.305,2.601421356237));
#7426 = LINE('',#7427,#7428);
#7427 = CARTESIAN_POINT('',(-2.5,0.305,3.688578643763));
#7428 = VECTOR('',#7429,1.);
#7429 = DIRECTION('',(6.781516214349E-15,-4.986408981139E-17,-1.));
#7430 = ORIENTED_EDGE('',*,*,#7409,.F.);
#7431 = ORIENTED_EDGE('',*,*,#7432,.T.);
#7432 = EDGE_CURVE('',#7401,#7433,#7435,.T.);
#7433 = VERTEX_POINT('',#7434);
#7434 = CARTESIAN_POINT('',(-2.7,0.305,2.601421356237));
#7435 = LINE('',#7436,#7437);
#7436 = CARTESIAN_POINT('',(-2.7,0.305,3.688578643763));
#7437 = VECTOR('',#7438,1.);
#7438 = DIRECTION('',(6.781516214349E-15,-4.986408981139E-17,-1.));
#7439 = ORIENTED_EDGE('',*,*,#7440,.T.);
#7440 = EDGE_CURVE('',#7433,#7424,#7441,.T.);
#7441 = LINE('',#7442,#7443);
#7442 = CARTESIAN_POINT('',(-2.7,0.305,2.601421356237));
#7443 = VECTOR('',#7444,1.);
#7444 = DIRECTION('',(1.,0.,6.938893903907E-15));
#7445 = PLANE('',#7446);
#7446 = AXIS2_PLACEMENT_3D('',#7447,#7448,#7449);
#7447 = CARTESIAN_POINT('',(-2.7,0.305,3.688578643763));
#7448 = DIRECTION('',(3.460016288162E-31,1.,-4.986408981139E-17));
#7449 = DIRECTION('',(0.,4.986408981139E-17,1.));
#7450 = ADVANCED_FACE('',(#7451),#7478,.T.);
#7451 = FACE_BOUND('',#7452,.T.);
#7452 = EDGE_LOOP('',(#7453,#7462,#7463,#7472));
#7453 = ORIENTED_EDGE('',*,*,#7454,.F.);
#7454 = EDGE_CURVE('',#7424,#7455,#7457,.T.);
#7455 = VERTEX_POINT('',#7456);
#7456 = CARTESIAN_POINT('',(-2.5,0.334289321881,2.530710678119));
#7457 = CIRCLE('',#7458,1.E-01);
#7458 = AXIS2_PLACEMENT_3D('',#7459,#7460,#7461);
#7459 = CARTESIAN_POINT('',(-2.5,0.405,2.601421356237));
#7460 = DIRECTION('',(1.,-0.,6.938893903907E-15));
#7461 = DIRECTION('',(6.938893903907E-15,0.,-1.));
#7462 = ORIENTED_EDGE('',*,*,#7440,.F.);
#7463 = ORIENTED_EDGE('',*,*,#7464,.T.);
#7464 = EDGE_CURVE('',#7433,#7465,#7467,.T.);
#7465 = VERTEX_POINT('',#7466);
#7466 = CARTESIAN_POINT('',(-2.7,0.334289321881,2.530710678119));
#7467 = CIRCLE('',#7468,1.E-01);
#7468 = AXIS2_PLACEMENT_3D('',#7469,#7470,#7471);
#7469 = CARTESIAN_POINT('',(-2.7,0.405,2.601421356237));
#7470 = DIRECTION('',(1.,-0.,6.938893903907E-15));
#7471 = DIRECTION('',(6.938893903907E-15,0.,-1.));
#7472 = ORIENTED_EDGE('',*,*,#7473,.T.);
#7473 = EDGE_CURVE('',#7465,#7455,#7474,.T.);
#7474 = LINE('',#7475,#7476);
#7475 = CARTESIAN_POINT('',(-2.7,0.334289321881,2.530710678119));
#7476 = VECTOR('',#7477,1.);
#7477 = DIRECTION('',(1.,0.,6.938893903907E-15));
#7478 = CYLINDRICAL_SURFACE('',#7479,1.E-01);
#7479 = AXIS2_PLACEMENT_3D('',#7480,#7481,#7482);
#7480 = CARTESIAN_POINT('',(-2.7,0.405,2.601421356237));
#7481 = DIRECTION('',(1.,0.,6.938893903907E-15));
#7482 = DIRECTION('',(-6.938893903907E-15,0.,1.));
#7483 = ADVANCED_FACE('',(#7484),#7509,.F.);
#7484 = FACE_BOUND('',#7485,.T.);
#7485 = EDGE_LOOP('',(#7486,#7494,#7495,#7503));
#7486 = ORIENTED_EDGE('',*,*,#7487,.F.);
#7487 = EDGE_CURVE('',#7455,#7488,#7490,.T.);
#7488 = VERTEX_POINT('',#7489);
#7489 = CARTESIAN_POINT('',(-2.5,0.47,2.395));
#7490 = LINE('',#7491,#7492);
#7491 = CARTESIAN_POINT('',(-2.5,0.334289321881,2.530710678119));
#7492 = VECTOR('',#7493,1.);
#7493 = DIRECTION('',(4.519300729874E-15,0.707106781187,-0.707106781187)
  );
#7494 = ORIENTED_EDGE('',*,*,#7473,.F.);
#7495 = ORIENTED_EDGE('',*,*,#7496,.T.);
#7496 = EDGE_CURVE('',#7465,#7497,#7499,.T.);
#7497 = VERTEX_POINT('',#7498);
#7498 = CARTESIAN_POINT('',(-2.7,0.47,2.395));
#7499 = LINE('',#7500,#7501);
#7500 = CARTESIAN_POINT('',(-2.7,0.334289321881,2.530710678119));
#7501 = VECTOR('',#7502,1.);
#7502 = DIRECTION('',(4.519300729874E-15,0.707106781187,-0.707106781187)
  );
#7503 = ORIENTED_EDGE('',*,*,#7504,.T.);
#7504 = EDGE_CURVE('',#7497,#7488,#7505,.T.);
#7505 = LINE('',#7506,#7507);
#7506 = CARTESIAN_POINT('',(-2.7,0.47,2.395));
#7507 = VECTOR('',#7508,1.);
#7508 = DIRECTION('',(1.,0.,6.938893903907E-15));
#7509 = PLANE('',#7510);
#7510 = AXIS2_PLACEMENT_3D('',#7511,#7512,#7513);
#7511 = CARTESIAN_POINT('',(-2.7,0.334289321881,2.530710678119));
#7512 = DIRECTION('',(-4.906538933387E-15,0.707106781187,0.707106781187)
  );
#7513 = DIRECTION('',(0.,-0.707106781187,0.707106781187));
#7514 = ADVANCED_FACE('',(#7515),#7540,.F.);
#7515 = FACE_BOUND('',#7516,.T.);
#7516 = EDGE_LOOP('',(#7517,#7525,#7526,#7534));
#7517 = ORIENTED_EDGE('',*,*,#7518,.F.);
#7518 = EDGE_CURVE('',#7488,#7519,#7521,.T.);
#7519 = VERTEX_POINT('',#7520);
#7520 = CARTESIAN_POINT('',(-2.5,0.905,2.395));
#7521 = LINE('',#7522,#7523);
#7522 = CARTESIAN_POINT('',(-2.5,0.47,2.395));
#7523 = VECTOR('',#7524,1.);
#7524 = DIRECTION('',(0.,1.,1.993935029858E-15));
#7525 = ORIENTED_EDGE('',*,*,#7504,.F.);
#7526 = ORIENTED_EDGE('',*,*,#7527,.T.);
#7527 = EDGE_CURVE('',#7497,#7528,#7530,.T.);
#7528 = VERTEX_POINT('',#7529);
#7529 = CARTESIAN_POINT('',(-2.7,0.905,2.395));
#7530 = LINE('',#7531,#7532);
#7531 = CARTESIAN_POINT('',(-2.7,0.47,2.395));
#7532 = VECTOR('',#7533,1.);
#7533 = DIRECTION('',(0.,1.,1.993935029858E-15));
#7534 = ORIENTED_EDGE('',*,*,#7535,.T.);
#7535 = EDGE_CURVE('',#7528,#7519,#7536,.T.);
#7536 = LINE('',#7537,#7538);
#7537 = CARTESIAN_POINT('',(-2.7,0.905,2.395));
#7538 = VECTOR('',#7539,1.);
#7539 = DIRECTION('',(1.,0.,6.938893903907E-15));
#7540 = PLANE('',#7541);
#7541 = AXIS2_PLACEMENT_3D('',#7542,#7543,#7544);
#7542 = CARTESIAN_POINT('',(-2.7,0.47,2.395));
#7543 = DIRECTION('',(-6.938893903907E-15,-1.993935029858E-15,1.));
#7544 = DIRECTION('',(-1.,0.,-6.938893903907E-15));
#7545 = ADVANCED_FACE('',(#7546),#7562,.F.);
#7546 = FACE_BOUND('',#7547,.T.);
#7547 = EDGE_LOOP('',(#7548,#7554,#7555,#7561));
#7548 = ORIENTED_EDGE('',*,*,#7549,.F.);
#7549 = EDGE_CURVE('',#7519,#6843,#7550,.T.);
#7550 = LINE('',#7551,#7552);
#7551 = CARTESIAN_POINT('',(-2.5,0.905,2.395));
#7552 = VECTOR('',#7553,1.);
#7553 = DIRECTION('',(-6.938893903907E-15,-2.710505431214E-15,1.));
#7554 = ORIENTED_EDGE('',*,*,#7535,.F.);
#7555 = ORIENTED_EDGE('',*,*,#7556,.T.);
#7556 = EDGE_CURVE('',#7528,#6853,#7557,.T.);
#7557 = LINE('',#7558,#7559);
#7558 = CARTESIAN_POINT('',(-2.7,0.905,2.395));
#7559 = VECTOR('',#7560,1.);
#7560 = DIRECTION('',(-6.938893903907E-15,-2.710505431214E-15,1.));
#7561 = ORIENTED_EDGE('',*,*,#6852,.T.);
#7562 = PLANE('',#7563);
#7563 = AXIS2_PLACEMENT_3D('',#7564,#7565,#7566);
#7564 = CARTESIAN_POINT('',(-2.7,0.905,2.395));
#7565 = DIRECTION('',(1.880790961316E-29,-1.,-2.710505431214E-15));
#7566 = DIRECTION('',(0.,2.710505431214E-15,-1.));
#7567 = ADVANCED_FACE('',(#7568),#7593,.F.);
#7568 = FACE_BOUND('',#7569,.T.);
#7569 = EDGE_LOOP('',(#7570,#7571,#7572,#7573,#7574,#7575,#7576,#7577,
    #7578,#7579,#7580,#7581,#7582,#7583,#7584,#7585,#7586,#7587,#7588,
    #7589,#7590,#7591,#7592));
#7570 = ORIENTED_EDGE('',*,*,#6860,.F.);
#7571 = ORIENTED_EDGE('',*,*,#7556,.F.);
#7572 = ORIENTED_EDGE('',*,*,#7527,.F.);
#7573 = ORIENTED_EDGE('',*,*,#7496,.F.);
#7574 = ORIENTED_EDGE('',*,*,#7464,.F.);
#7575 = ORIENTED_EDGE('',*,*,#7432,.F.);
#7576 = ORIENTED_EDGE('',*,*,#7400,.F.);
#7577 = ORIENTED_EDGE('',*,*,#7368,.F.);
#7578 = ORIENTED_EDGE('',*,*,#7337,.F.);
#7579 = ORIENTED_EDGE('',*,*,#7306,.F.);
#7580 = ORIENTED_EDGE('',*,*,#7274,.F.);
#7581 = ORIENTED_EDGE('',*,*,#7242,.F.);
#7582 = ORIENTED_EDGE('',*,*,#7210,.F.);
#7583 = ORIENTED_EDGE('',*,*,#7177,.F.);
#7584 = ORIENTED_EDGE('',*,*,#7145,.F.);
#7585 = ORIENTED_EDGE('',*,*,#7113,.F.);
#7586 = ORIENTED_EDGE('',*,*,#7080,.F.);
#7587 = ORIENTED_EDGE('',*,*,#7048,.F.);
#7588 = ORIENTED_EDGE('',*,*,#7016,.F.);
#7589 = ORIENTED_EDGE('',*,*,#6984,.F.);
#7590 = ORIENTED_EDGE('',*,*,#6953,.F.);
#7591 = ORIENTED_EDGE('',*,*,#6922,.F.);
#7592 = ORIENTED_EDGE('',*,*,#6891,.F.);
#7593 = PLANE('',#7594);
#7594 = AXIS2_PLACEMENT_3D('',#7595,#7596,#7597);
#7595 = CARTESIAN_POINT('',(-2.7,1.255,3.845));
#7596 = DIRECTION('',(1.,0.,6.938893903907E-15));
#7597 = DIRECTION('',(-6.938893903907E-15,0.,1.));
#7598 = ADVANCED_FACE('',(#7599),#7624,.T.);
#7599 = FACE_BOUND('',#7600,.T.);
#7600 = EDGE_LOOP('',(#7601,#7602,#7603,#7604,#7605,#7606,#7607,#7608,
    #7609,#7610,#7611,#7612,#7613,#7614,#7615,#7616,#7617,#7618,#7619,
    #7620,#7621,#7622,#7623));
#7601 = ORIENTED_EDGE('',*,*,#6842,.T.);
#7602 = ORIENTED_EDGE('',*,*,#6882,.T.);
#7603 = ORIENTED_EDGE('',*,*,#6913,.T.);
#7604 = ORIENTED_EDGE('',*,*,#6944,.T.);
#7605 = ORIENTED_EDGE('',*,*,#6975,.T.);
#7606 = ORIENTED_EDGE('',*,*,#7024,.T.);
#7607 = ORIENTED_EDGE('',*,*,#7039,.T.);
#7608 = ORIENTED_EDGE('',*,*,#7088,.T.);
#7609 = ORIENTED_EDGE('',*,*,#7103,.T.);
#7610 = ORIENTED_EDGE('',*,*,#7136,.T.);
#7611 = ORIENTED_EDGE('',*,*,#7167,.T.);
#7612 = ORIENTED_EDGE('',*,*,#7218,.T.);
#7613 = ORIENTED_EDGE('',*,*,#7233,.T.);
#7614 = ORIENTED_EDGE('',*,*,#7282,.T.);
#7615 = ORIENTED_EDGE('',*,*,#7297,.T.);
#7616 = ORIENTED_EDGE('',*,*,#7328,.T.);
#7617 = ORIENTED_EDGE('',*,*,#7359,.T.);
#7618 = ORIENTED_EDGE('',*,*,#7390,.T.);
#7619 = ORIENTED_EDGE('',*,*,#7423,.T.);
#7620 = ORIENTED_EDGE('',*,*,#7454,.T.);
#7621 = ORIENTED_EDGE('',*,*,#7487,.T.);
#7622 = ORIENTED_EDGE('',*,*,#7518,.T.);
#7623 = ORIENTED_EDGE('',*,*,#7549,.T.);
#7624 = PLANE('',#7625);
#7625 = AXIS2_PLACEMENT_3D('',#7626,#7627,#7628);
#7626 = CARTESIAN_POINT('',(-2.5,1.255,3.845));
#7627 = DIRECTION('',(1.,0.,6.938893903907E-15));
#7628 = DIRECTION('',(-6.938893903907E-15,0.,1.));
#7629 = MANIFOLD_SOLID_BREP('',#7630);
#7630 = CLOSED_SHELL('',(#7631,#7671,#7702,#7733,#7764,#7795,#7828,#7859
    ,#7892,#7923,#7956,#7987,#8018,#8051,#8082,#8115,#8146,#8179,#8201,
    #8227));
#7631 = ADVANCED_FACE('',(#7632),#7666,.F.);
#7632 = FACE_BOUND('',#7633,.T.);
#7633 = EDGE_LOOP('',(#7634,#7644,#7652,#7660));
#7634 = ORIENTED_EDGE('',*,*,#7635,.T.);
#7635 = EDGE_CURVE('',#7636,#7638,#7640,.T.);
#7636 = VERTEX_POINT('',#7637);
#7637 = CARTESIAN_POINT('',(-1.6,2.435,0.195));
#7638 = VERTEX_POINT('',#7639);
#7639 = CARTESIAN_POINT('',(-1.6,2.435,2.645));
#7640 = LINE('',#7641,#7642);
#7641 = CARTESIAN_POINT('',(-1.6,2.435,0.895));
#7642 = VECTOR('',#7643,1.);
#7643 = DIRECTION('',(7.186711543332E-15,-2.973811673103E-15,1.));
#7644 = ORIENTED_EDGE('',*,*,#7645,.F.);
#7645 = EDGE_CURVE('',#7646,#7638,#7648,.T.);
#7646 = VERTEX_POINT('',#7647);
#7647 = CARTESIAN_POINT('',(-1.4,2.435,2.645));
#7648 = LINE('',#7649,#7650);
#7649 = CARTESIAN_POINT('',(-1.4,2.435,2.645));
#7650 = VECTOR('',#7651,1.);
#7651 = DIRECTION('',(-1.,-5.605193857299E-45,6.982966722219E-15));
#7652 = ORIENTED_EDGE('',*,*,#7653,.F.);
#7653 = EDGE_CURVE('',#7654,#7646,#7656,.T.);
#7654 = VERTEX_POINT('',#7655);
#7655 = CARTESIAN_POINT('',(-1.4,2.435,0.195));
#7656 = LINE('',#7657,#7658);
#7657 = CARTESIAN_POINT('',(-1.4,2.435,0.195));
#7658 = VECTOR('',#7659,1.);
#7659 = DIRECTION('',(6.814985084195E-15,0.,1.));
#7660 = ORIENTED_EDGE('',*,*,#7661,.T.);
#7661 = EDGE_CURVE('',#7654,#7636,#7662,.T.);
#7662 = LINE('',#7663,#7664);
#7663 = CARTESIAN_POINT('',(-1.4,2.435,0.195));
#7664 = VECTOR('',#7665,1.);
#7665 = DIRECTION('',(-1.,-5.605193857299E-45,6.982966722219E-15));
#7666 = PLANE('',#7667);
#7667 = AXIS2_PLACEMENT_3D('',#7668,#7669,#7670);
#7668 = CARTESIAN_POINT('',(-1.4,2.435,0.895));
#7669 = DIRECTION('',(-2.076602795142E-29,-1.,-2.973811673103E-15));
#7670 = DIRECTION('',(0.,2.973811673103E-15,-1.));
#7671 = ADVANCED_FACE('',(#7672),#7697,.F.);
#7672 = FACE_BOUND('',#7673,.T.);
#7673 = EDGE_LOOP('',(#7674,#7682,#7690,#7696));
#7674 = ORIENTED_EDGE('',*,*,#7675,.T.);
#7675 = EDGE_CURVE('',#7638,#7676,#7678,.T.);
#7676 = VERTEX_POINT('',#7677);
#7677 = CARTESIAN_POINT('',(-1.6,2.085,2.645));
#7678 = LINE('',#7679,#7680);
#7679 = CARTESIAN_POINT('',(-1.6,2.435,2.645));
#7680 = VECTOR('',#7681,1.);
#7681 = DIRECTION('',(0.,-1.,-1.239088197126E-15));
#7682 = ORIENTED_EDGE('',*,*,#7683,.F.);
#7683 = EDGE_CURVE('',#7684,#7676,#7686,.T.);
#7684 = VERTEX_POINT('',#7685);
#7685 = CARTESIAN_POINT('',(-1.4,2.085,2.645));
#7686 = LINE('',#7687,#7688);
#7687 = CARTESIAN_POINT('',(-1.4,2.085,2.645));
#7688 = VECTOR('',#7689,1.);
#7689 = DIRECTION('',(-1.,-5.605193857299E-45,6.982966722219E-15));
#7690 = ORIENTED_EDGE('',*,*,#7691,.F.);
#7691 = EDGE_CURVE('',#7646,#7684,#7692,.T.);
#7692 = LINE('',#7693,#7694);
#7693 = CARTESIAN_POINT('',(-1.4,2.435,2.645));
#7694 = VECTOR('',#7695,1.);
#7695 = DIRECTION('',(0.,-1.,-1.239088197126E-15));
#7696 = ORIENTED_EDGE('',*,*,#7645,.T.);
#7697 = PLANE('',#7698);
#7698 = AXIS2_PLACEMENT_3D('',#7699,#7700,#7701);
#7699 = CARTESIAN_POINT('',(-1.4,2.435,2.645));
#7700 = DIRECTION('',(-6.982966722219E-15,1.239088197126E-15,-1.));
#7701 = DIRECTION('',(-1.,0.,6.982966722219E-15));
#7702 = ADVANCED_FACE('',(#7703),#7728,.F.);
#7703 = FACE_BOUND('',#7704,.T.);
#7704 = EDGE_LOOP('',(#7705,#7713,#7721,#7727));
#7705 = ORIENTED_EDGE('',*,*,#7706,.T.);
#7706 = EDGE_CURVE('',#7676,#7707,#7709,.T.);
#7707 = VERTEX_POINT('',#7708);
#7708 = CARTESIAN_POINT('',(-1.6,1.955,0.895));
#7709 = LINE('',#7710,#7711);
#7710 = CARTESIAN_POINT('',(-1.6,2.085,2.645));
#7711 = VECTOR('',#7712,1.);
#7712 = DIRECTION('',(-7.166963780252E-15,-7.408159078957E-02,
    -0.997252183706));
#7713 = ORIENTED_EDGE('',*,*,#7714,.F.);
#7714 = EDGE_CURVE('',#7715,#7707,#7717,.T.);
#7715 = VERTEX_POINT('',#7716);
#7716 = CARTESIAN_POINT('',(-1.4,1.955,0.895));
#7717 = LINE('',#7718,#7719);
#7718 = CARTESIAN_POINT('',(-1.4,1.955,0.895));
#7719 = VECTOR('',#7720,1.);
#7720 = DIRECTION('',(-1.,-5.605193857299E-45,6.982966722219E-15));
#7721 = ORIENTED_EDGE('',*,*,#7722,.F.);
#7722 = EDGE_CURVE('',#7684,#7715,#7723,.T.);
#7723 = LINE('',#7724,#7725);
#7724 = CARTESIAN_POINT('',(-1.4,2.085,2.645));
#7725 = VECTOR('',#7726,1.);
#7726 = DIRECTION('',(-7.166963780252E-15,-7.408159078957E-02,
    -0.997252183706));
#7727 = ORIENTED_EDGE('',*,*,#7683,.T.);
#7728 = PLANE('',#7729);
#7729 = AXIS2_PLACEMENT_3D('',#7730,#7731,#7732);
#7730 = CARTESIAN_POINT('',(-1.4,2.085,2.645));
#7731 = DIRECTION('',(-5.173092832126E-16,0.997252183706,
    -7.408159078957E-02));
#7732 = DIRECTION('',(0.,7.408159078957E-02,0.997252183706));
#7733 = ADVANCED_FACE('',(#7734),#7759,.F.);
#7734 = FACE_BOUND('',#7735,.T.);
#7735 = EDGE_LOOP('',(#7736,#7744,#7752,#7758));
#7736 = ORIENTED_EDGE('',*,*,#7737,.T.);
#7737 = EDGE_CURVE('',#7707,#7738,#7740,.T.);
#7738 = VERTEX_POINT('',#7739);
#7739 = CARTESIAN_POINT('',(-1.6,1.955,0.195));
#7740 = LINE('',#7741,#7742);
#7741 = CARTESIAN_POINT('',(-1.6,1.955,0.895));
#7742 = VECTOR('',#7743,1.);
#7743 = DIRECTION('',(-6.814985084195E-15,0.,-1.));
#7744 = ORIENTED_EDGE('',*,*,#7745,.F.);
#7745 = EDGE_CURVE('',#7746,#7738,#7748,.T.);
#7746 = VERTEX_POINT('',#7747);
#7747 = CARTESIAN_POINT('',(-1.4,1.955,0.195));
#7748 = LINE('',#7749,#7750);
#7749 = CARTESIAN_POINT('',(-1.4,1.955,0.195));
#7750 = VECTOR('',#7751,1.);
#7751 = DIRECTION('',(-1.,-5.605193857299E-45,6.982966722219E-15));
#7752 = ORIENTED_EDGE('',*,*,#7753,.F.);
#7753 = EDGE_CURVE('',#7715,#7746,#7754,.T.);
#7754 = LINE('',#7755,#7756);
#7755 = CARTESIAN_POINT('',(-1.4,1.955,0.895));
#7756 = VECTOR('',#7757,1.);
#7757 = DIRECTION('',(-6.814985084195E-15,0.,-1.));
#7758 = ORIENTED_EDGE('',*,*,#7714,.T.);
#7759 = PLANE('',#7760);
#7760 = AXIS2_PLACEMENT_3D('',#7761,#7762,#7763);
#7761 = CARTESIAN_POINT('',(-1.4,1.955,0.895));
#7762 = DIRECTION('',(-5.605193857299E-45,1.,3.819931253151E-59));
#7763 = DIRECTION('',(-1.,-5.605193857299E-45,0.));
#7764 = ADVANCED_FACE('',(#7765),#7790,.F.);
#7765 = FACE_BOUND('',#7766,.T.);
#7766 = EDGE_LOOP('',(#7767,#7775,#7783,#7789));
#7767 = ORIENTED_EDGE('',*,*,#7768,.T.);
#7768 = EDGE_CURVE('',#7738,#7769,#7771,.T.);
#7769 = VERTEX_POINT('',#7770);
#7770 = CARTESIAN_POINT('',(-1.6,0.845,0.195));
#7771 = LINE('',#7772,#7773);
#7772 = CARTESIAN_POINT('',(-1.6,0.845,0.195));
#7773 = VECTOR('',#7774,1.);
#7774 = DIRECTION('',(-0.,-1.,2.490734720575E-15));
#7775 = ORIENTED_EDGE('',*,*,#7776,.F.);
#7776 = EDGE_CURVE('',#7777,#7769,#7779,.T.);
#7777 = VERTEX_POINT('',#7778);
#7778 = CARTESIAN_POINT('',(-1.4,0.845,0.195));
#7779 = LINE('',#7780,#7781);
#7780 = CARTESIAN_POINT('',(-1.4,0.845,0.195));
#7781 = VECTOR('',#7782,1.);
#7782 = DIRECTION('',(-1.,-5.605193857299E-45,6.982966722219E-15));
#7783 = ORIENTED_EDGE('',*,*,#7784,.F.);
#7784 = EDGE_CURVE('',#7746,#7777,#7785,.T.);
#7785 = LINE('',#7786,#7787);
#7786 = CARTESIAN_POINT('',(-1.4,0.845,0.195));
#7787 = VECTOR('',#7788,1.);
#7788 = DIRECTION('',(-0.,-1.,2.490734720575E-15));
#7789 = ORIENTED_EDGE('',*,*,#7745,.T.);
#7790 = PLANE('',#7791);
#7791 = AXIS2_PLACEMENT_3D('',#7792,#7793,#7794);
#7792 = CARTESIAN_POINT('',(-1.4,0.845,0.195));
#7793 = DIRECTION('',(-6.982966722219E-15,-2.490734720575E-15,-1.));
#7794 = DIRECTION('',(-1.,0.,6.982966722219E-15));
#7795 = ADVANCED_FACE('',(#7796),#7823,.T.);
#7796 = FACE_BOUND('',#7797,.T.);
#7797 = EDGE_LOOP('',(#7798,#7807,#7815,#7822));
#7798 = ORIENTED_EDGE('',*,*,#7799,.T.);
#7799 = EDGE_CURVE('',#7769,#7800,#7802,.T.);
#7800 = VERTEX_POINT('',#7801);
#7801 = CARTESIAN_POINT('',(-1.6,0.774289321881,0.165710678119));
#7802 = CIRCLE('',#7803,0.1);
#7803 = AXIS2_PLACEMENT_3D('',#7804,#7805,#7806);
#7804 = CARTESIAN_POINT('',(-1.6,0.845,9.499999999999E-02));
#7805 = DIRECTION('',(1.,5.605193857299E-45,-6.982966722219E-15));
#7806 = DIRECTION('',(6.982966722219E-15,2.677902033388E-60,1.));
#7807 = ORIENTED_EDGE('',*,*,#7808,.F.);
#7808 = EDGE_CURVE('',#7809,#7800,#7811,.T.);
#7809 = VERTEX_POINT('',#7810);
#7810 = CARTESIAN_POINT('',(-1.4,0.774289321881,0.165710678119));
#7811 = LINE('',#7812,#7813);
#7812 = CARTESIAN_POINT('',(-1.4,0.774289321881,0.165710678119));
#7813 = VECTOR('',#7814,1.);
#7814 = DIRECTION('',(-1.,-5.605193857299E-45,6.982966722219E-15));
#7815 = ORIENTED_EDGE('',*,*,#7816,.F.);
#7816 = EDGE_CURVE('',#7777,#7809,#7817,.T.);
#7817 = CIRCLE('',#7818,0.1);
#7818 = AXIS2_PLACEMENT_3D('',#7819,#7820,#7821);
#7819 = CARTESIAN_POINT('',(-1.4,0.845,9.499999999999E-02));
#7820 = DIRECTION('',(1.,5.605193857299E-45,-6.982966722219E-15));
#7821 = DIRECTION('',(6.982966722219E-15,2.677902033388E-60,1.));
#7822 = ORIENTED_EDGE('',*,*,#7776,.T.);
#7823 = CYLINDRICAL_SURFACE('',#7824,0.1);
#7824 = AXIS2_PLACEMENT_3D('',#7825,#7826,#7827);
#7825 = CARTESIAN_POINT('',(-1.4,0.845,9.499999999999E-02));
#7826 = DIRECTION('',(-1.,-5.605193857299E-45,6.982966722219E-15));
#7827 = DIRECTION('',(6.982966722219E-15,2.677902033388E-60,1.));
#7828 = ADVANCED_FACE('',(#7829),#7854,.F.);
#7829 = FACE_BOUND('',#7830,.T.);
#7830 = EDGE_LOOP('',(#7831,#7839,#7847,#7853));
#7831 = ORIENTED_EDGE('',*,*,#7832,.T.);
#7832 = EDGE_CURVE('',#7800,#7833,#7835,.T.);
#7833 = VERTEX_POINT('',#7834);
#7834 = CARTESIAN_POINT('',(-1.6,0.324289321881,-0.284289321881));
#7835 = LINE('',#7836,#7837);
#7836 = CARTESIAN_POINT('',(-1.6,0.324289321881,-0.284289321881));
#7837 = VECTOR('',#7838,1.);
#7838 = DIRECTION('',(-5.451709925985E-15,-0.707106781187,
    -0.707106781187));
#7839 = ORIENTED_EDGE('',*,*,#7840,.F.);
#7840 = EDGE_CURVE('',#7841,#7833,#7843,.T.);
#7841 = VERTEX_POINT('',#7842);
#7842 = CARTESIAN_POINT('',(-1.4,0.324289321881,-0.284289321881));
#7843 = LINE('',#7844,#7845);
#7844 = CARTESIAN_POINT('',(-1.4,0.324289321881,-0.284289321881));
#7845 = VECTOR('',#7846,1.);
#7846 = DIRECTION('',(-1.,-5.605193857299E-45,6.982966722219E-15));
#7847 = ORIENTED_EDGE('',*,*,#7848,.F.);
#7848 = EDGE_CURVE('',#7809,#7841,#7849,.T.);
#7849 = LINE('',#7850,#7851);
#7850 = CARTESIAN_POINT('',(-1.4,0.324289321881,-0.284289321881));
#7851 = VECTOR('',#7852,1.);
#7852 = DIRECTION('',(-5.451709925985E-15,-0.707106781187,
    -0.707106781187));
#7853 = ORIENTED_EDGE('',*,*,#7808,.T.);
#7854 = PLANE('',#7855);
#7855 = AXIS2_PLACEMENT_3D('',#7856,#7857,#7858);
#7856 = CARTESIAN_POINT('',(-1.4,0.324289321881,-0.284289321881));
#7857 = DIRECTION('',(-4.937703122081E-15,0.707106781187,-0.707106781187
    ));
#7858 = DIRECTION('',(0.,0.707106781187,0.707106781187));
#7859 = ADVANCED_FACE('',(#7860),#7887,.T.);
#7860 = FACE_BOUND('',#7861,.T.);
#7861 = EDGE_LOOP('',(#7862,#7871,#7879,#7886));
#7862 = ORIENTED_EDGE('',*,*,#7863,.T.);
#7863 = EDGE_CURVE('',#7833,#7864,#7866,.T.);
#7864 = VERTEX_POINT('',#7865);
#7865 = CARTESIAN_POINT('',(-1.6,0.295,-0.355));
#7866 = CIRCLE('',#7867,1.E-01);
#7867 = AXIS2_PLACEMENT_3D('',#7868,#7869,#7870);
#7868 = CARTESIAN_POINT('',(-1.6,0.395,-0.355));
#7869 = DIRECTION('',(1.,5.605193857299E-45,-6.982966722219E-15));
#7870 = DIRECTION('',(6.982966722219E-15,2.677902033388E-60,1.));
#7871 = ORIENTED_EDGE('',*,*,#7872,.F.);
#7872 = EDGE_CURVE('',#7873,#7864,#7875,.T.);
#7873 = VERTEX_POINT('',#7874);
#7874 = CARTESIAN_POINT('',(-1.4,0.295,-0.355));
#7875 = LINE('',#7876,#7877);
#7876 = CARTESIAN_POINT('',(-1.4,0.295,-0.355));
#7877 = VECTOR('',#7878,1.);
#7878 = DIRECTION('',(-1.,-5.605193857299E-45,6.982966722219E-15));
#7879 = ORIENTED_EDGE('',*,*,#7880,.F.);
#7880 = EDGE_CURVE('',#7841,#7873,#7881,.T.);
#7881 = CIRCLE('',#7882,1.E-01);
#7882 = AXIS2_PLACEMENT_3D('',#7883,#7884,#7885);
#7883 = CARTESIAN_POINT('',(-1.4,0.395,-0.355));
#7884 = DIRECTION('',(1.,5.605193857299E-45,-6.982966722219E-15));
#7885 = DIRECTION('',(6.982966722219E-15,2.677902033388E-60,1.));
#7886 = ORIENTED_EDGE('',*,*,#7840,.T.);
#7887 = CYLINDRICAL_SURFACE('',#7888,1.E-01);
#7888 = AXIS2_PLACEMENT_3D('',#7889,#7890,#7891);
#7889 = CARTESIAN_POINT('',(-1.4,0.395,-0.355));
#7890 = DIRECTION('',(-1.,-5.605193857299E-45,6.982966722219E-15));
#7891 = DIRECTION('',(6.982966722219E-15,2.677902033388E-60,1.));
#7892 = ADVANCED_FACE('',(#7893),#7918,.F.);
#7893 = FACE_BOUND('',#7894,.T.);
#7894 = EDGE_LOOP('',(#7895,#7903,#7911,#7917));
#7895 = ORIENTED_EDGE('',*,*,#7896,.T.);
#7896 = EDGE_CURVE('',#7864,#7897,#7899,.T.);
#7897 = VERTEX_POINT('',#7898);
#7898 = CARTESIAN_POINT('',(-1.6,0.295,-0.955));
#7899 = LINE('',#7900,#7901);
#7900 = CARTESIAN_POINT('',(-1.6,0.295,-0.355));
#7901 = VECTOR('',#7902,1.);
#7902 = DIRECTION('',(-6.505213034913E-15,9.035018104046E-17,-1.));
#7903 = ORIENTED_EDGE('',*,*,#7904,.F.);
#7904 = EDGE_CURVE('',#7905,#7897,#7907,.T.);
#7905 = VERTEX_POINT('',#7906);
#7906 = CARTESIAN_POINT('',(-1.4,0.295,-0.955));
#7907 = LINE('',#7908,#7909);
#7908 = CARTESIAN_POINT('',(-1.4,0.295,-0.955));
#7909 = VECTOR('',#7910,1.);
#7910 = DIRECTION('',(-1.,-5.605193857299E-45,6.982966722219E-15));
#7911 = ORIENTED_EDGE('',*,*,#7912,.F.);
#7912 = EDGE_CURVE('',#7873,#7905,#7913,.T.);
#7913 = LINE('',#7914,#7915);
#7914 = CARTESIAN_POINT('',(-1.4,0.295,-0.355));
#7915 = VECTOR('',#7916,1.);
#7916 = DIRECTION('',(-6.505213034913E-15,9.035018104046E-17,-1.));
#7917 = ORIENTED_EDGE('',*,*,#7872,.T.);
#7918 = PLANE('',#7919);
#7919 = AXIS2_PLACEMENT_3D('',#7920,#7921,#7922);
#7920 = CARTESIAN_POINT('',(-1.4,0.295,-0.355));
#7921 = DIRECTION('',(6.30912307552E-31,1.,9.035018104046E-17));
#7922 = DIRECTION('',(0.,-9.035018104046E-17,1.));
#7923 = ADVANCED_FACE('',(#7924),#7951,.T.);
#7924 = FACE_BOUND('',#7925,.T.);
#7925 = EDGE_LOOP('',(#7926,#7935,#7943,#7950));
#7926 = ORIENTED_EDGE('',*,*,#7927,.T.);
#7927 = EDGE_CURVE('',#7897,#7928,#7930,.T.);
#7928 = VERTEX_POINT('',#7929);
#7929 = CARTESIAN_POINT('',(-1.6,0.495,-0.955));
#7930 = CIRCLE('',#7931,0.1);
#7931 = AXIS2_PLACEMENT_3D('',#7932,#7933,#7934);
#7932 = CARTESIAN_POINT('',(-1.6,0.395,-0.955));
#7933 = DIRECTION('',(1.,5.605193857299E-45,-6.982966722219E-15));
#7934 = DIRECTION('',(-6.982966722219E-15,-2.677902033389E-60,-1.));
#7935 = ORIENTED_EDGE('',*,*,#7936,.F.);
#7936 = EDGE_CURVE('',#7937,#7928,#7939,.T.);
#7937 = VERTEX_POINT('',#7938);
#7938 = CARTESIAN_POINT('',(-1.4,0.495,-0.955));
#7939 = LINE('',#7940,#7941);
#7940 = CARTESIAN_POINT('',(-1.4,0.495,-0.955));
#7941 = VECTOR('',#7942,1.);
#7942 = DIRECTION('',(-1.,-5.605193857299E-45,6.982966722219E-15));
#7943 = ORIENTED_EDGE('',*,*,#7944,.F.);
#7944 = EDGE_CURVE('',#7905,#7937,#7945,.T.);
#7945 = CIRCLE('',#7946,0.1);
#7946 = AXIS2_PLACEMENT_3D('',#7947,#7948,#7949);
#7947 = CARTESIAN_POINT('',(-1.4,0.395,-0.955));
#7948 = DIRECTION('',(1.,5.605193857299E-45,-6.982966722219E-15));
#7949 = DIRECTION('',(-6.982966722219E-15,-2.677902033388E-60,-1.));
#7950 = ORIENTED_EDGE('',*,*,#7904,.T.);
#7951 = CYLINDRICAL_SURFACE('',#7952,0.1);
#7952 = AXIS2_PLACEMENT_3D('',#7953,#7954,#7955);
#7953 = CARTESIAN_POINT('',(-1.4,0.395,-0.955));
#7954 = DIRECTION('',(-1.,-5.605193857299E-45,6.982966722219E-15));
#7955 = DIRECTION('',(6.982966722219E-15,2.677902033388E-60,1.));
#7956 = ADVANCED_FACE('',(#7957),#7982,.F.);
#7957 = FACE_BOUND('',#7958,.T.);
#7958 = EDGE_LOOP('',(#7959,#7967,#7975,#7981));
#7959 = ORIENTED_EDGE('',*,*,#7960,.T.);
#7960 = EDGE_CURVE('',#7928,#7961,#7963,.T.);
#7961 = VERTEX_POINT('',#7962);
#7962 = CARTESIAN_POINT('',(-1.6,0.495,-0.575952050175));
#7963 = LINE('',#7964,#7965);
#7964 = CARTESIAN_POINT('',(-1.6,0.495,-0.955));
#7965 = VECTOR('',#7966,1.);
#7966 = DIRECTION('',(6.864791684448E-15,0.,1.));
#7967 = ORIENTED_EDGE('',*,*,#7968,.F.);
#7968 = EDGE_CURVE('',#7969,#7961,#7971,.T.);
#7969 = VERTEX_POINT('',#7970);
#7970 = CARTESIAN_POINT('',(-1.4,0.495,-0.575952050175));
#7971 = LINE('',#7972,#7973);
#7972 = CARTESIAN_POINT('',(-1.4,0.495,-0.575952050175));
#7973 = VECTOR('',#7974,1.);
#7974 = DIRECTION('',(-1.,-5.605193857299E-45,6.982966722219E-15));
#7975 = ORIENTED_EDGE('',*,*,#7976,.F.);
#7976 = EDGE_CURVE('',#7937,#7969,#7977,.T.);
#7977 = LINE('',#7978,#7979);
#7978 = CARTESIAN_POINT('',(-1.4,0.495,-0.955));
#7979 = VECTOR('',#7980,1.);
#7980 = DIRECTION('',(6.864791684448E-15,0.,1.));
#7981 = ORIENTED_EDGE('',*,*,#7936,.T.);
#7982 = PLANE('',#7983);
#7983 = AXIS2_PLACEMENT_3D('',#7984,#7985,#7986);
#7984 = CARTESIAN_POINT('',(-1.4,0.495,-0.955));
#7985 = DIRECTION('',(5.605193857299E-45,-1.,-3.847848818131E-59));
#7986 = DIRECTION('',(1.,5.605193857299E-45,0.));
#7987 = ADVANCED_FACE('',(#7988),#8013,.F.);
#7988 = FACE_BOUND('',#7989,.T.);
#7989 = EDGE_LOOP('',(#7990,#7998,#8006,#8012));
#7990 = ORIENTED_EDGE('',*,*,#7991,.T.);
#7991 = EDGE_CURVE('',#7961,#7992,#7994,.T.);
#7992 = VERTEX_POINT('',#7993);
#7993 = CARTESIAN_POINT('',(-1.6,0.886662728294,-0.184289321881));
#7994 = LINE('',#7995,#7996);
#7995 = CARTESIAN_POINT('',(-1.6,0.495,-0.575952050175));
#7996 = VECTOR('',#7997,1.);
#7997 = DIRECTION('',(4.69779728093E-15,0.707106781187,0.707106781187));
#7998 = ORIENTED_EDGE('',*,*,#7999,.F.);
#7999 = EDGE_CURVE('',#8000,#7992,#8002,.T.);
#8000 = VERTEX_POINT('',#8001);
#8001 = CARTESIAN_POINT('',(-1.4,0.886662728294,-0.184289321881));
#8002 = LINE('',#8003,#8004);
#8003 = CARTESIAN_POINT('',(-1.4,0.886662728294,-0.184289321881));
#8004 = VECTOR('',#8005,1.);
#8005 = DIRECTION('',(-1.,-5.605193857299E-45,6.982966722219E-15));
#8006 = ORIENTED_EDGE('',*,*,#8007,.F.);
#8007 = EDGE_CURVE('',#7969,#8000,#8008,.T.);
#8008 = LINE('',#8009,#8010);
#8009 = CARTESIAN_POINT('',(-1.4,0.495,-0.575952050175));
#8010 = VECTOR('',#8011,1.);
#8011 = DIRECTION('',(4.69779728093E-15,0.707106781187,0.707106781187));
#8012 = ORIENTED_EDGE('',*,*,#7968,.T.);
#8013 = PLANE('',#8014);
#8014 = AXIS2_PLACEMENT_3D('',#8015,#8016,#8017);
#8015 = CARTESIAN_POINT('',(-1.4,0.495,-0.575952050175));
#8016 = DIRECTION('',(4.937703122081E-15,-0.707106781187,0.707106781187)
  );
#8017 = DIRECTION('',(0.,-0.707106781187,-0.707106781187));
#8018 = ADVANCED_FACE('',(#8019),#8046,.F.);
#8019 = FACE_BOUND('',#8020,.F.);
#8020 = EDGE_LOOP('',(#8021,#8022,#8031,#8039));
#8021 = ORIENTED_EDGE('',*,*,#7999,.F.);
#8022 = ORIENTED_EDGE('',*,*,#8023,.T.);
#8023 = EDGE_CURVE('',#8000,#8024,#8026,.T.);
#8024 = VERTEX_POINT('',#8025);
#8025 = CARTESIAN_POINT('',(-1.4,0.957373406412,-0.155));
#8026 = CIRCLE('',#8027,0.1);
#8027 = AXIS2_PLACEMENT_3D('',#8028,#8029,#8030);
#8028 = CARTESIAN_POINT('',(-1.4,0.957373406412,-0.255));
#8029 = DIRECTION('',(-1.,-5.605193857299E-45,6.982966722219E-15));
#8030 = DIRECTION('',(6.982966722219E-15,2.677902033388E-60,1.));
#8031 = ORIENTED_EDGE('',*,*,#8032,.T.);
#8032 = EDGE_CURVE('',#8024,#8033,#8035,.T.);
#8033 = VERTEX_POINT('',#8034);
#8034 = CARTESIAN_POINT('',(-1.6,0.957373406412,-0.155));
#8035 = LINE('',#8036,#8037);
#8036 = CARTESIAN_POINT('',(-1.4,0.957373406412,-0.155));
#8037 = VECTOR('',#8038,1.);
#8038 = DIRECTION('',(-1.,-5.605193857299E-45,6.982966722219E-15));
#8039 = ORIENTED_EDGE('',*,*,#8040,.F.);
#8040 = EDGE_CURVE('',#7992,#8033,#8041,.T.);
#8041 = CIRCLE('',#8042,0.1);
#8042 = AXIS2_PLACEMENT_3D('',#8043,#8044,#8045);
#8043 = CARTESIAN_POINT('',(-1.6,0.957373406412,-0.255));
#8044 = DIRECTION('',(-1.,-5.605193857299E-45,6.982966722219E-15));
#8045 = DIRECTION('',(6.982966722219E-15,2.677902033388E-60,1.));
#8046 = CYLINDRICAL_SURFACE('',#8047,0.1);
#8047 = AXIS2_PLACEMENT_3D('',#8048,#8049,#8050);
#8048 = CARTESIAN_POINT('',(-1.4,0.957373406412,-0.255));
#8049 = DIRECTION('',(-1.,-5.605193857299E-45,6.982966722219E-15));
#8050 = DIRECTION('',(6.982966722219E-15,2.677902033388E-60,1.));
#8051 = ADVANCED_FACE('',(#8052),#8077,.F.);
#8052 = FACE_BOUND('',#8053,.T.);
#8053 = EDGE_LOOP('',(#8054,#8062,#8070,#8076));
#8054 = ORIENTED_EDGE('',*,*,#8055,.T.);
#8055 = EDGE_CURVE('',#8033,#8056,#8058,.T.);
#8056 = VERTEX_POINT('',#8057);
#8057 = CARTESIAN_POINT('',(-1.6,2.655,-0.155));
#8058 = LINE('',#8059,#8060);
#8059 = CARTESIAN_POINT('',(-1.6,0.957373406412,-0.155));
#8060 = VECTOR('',#8061,1.);
#8061 = DIRECTION('',(0.,1.,1.59664406852E-17));
#8062 = ORIENTED_EDGE('',*,*,#8063,.F.);
#8063 = EDGE_CURVE('',#8064,#8056,#8066,.T.);
#8064 = VERTEX_POINT('',#8065);
#8065 = CARTESIAN_POINT('',(-1.4,2.655,-0.155));
#8066 = LINE('',#8067,#8068);
#8067 = CARTESIAN_POINT('',(-1.4,2.655,-0.155));
#8068 = VECTOR('',#8069,1.);
#8069 = DIRECTION('',(-1.,-5.605193857299E-45,6.982966722219E-15));
#8070 = ORIENTED_EDGE('',*,*,#8071,.F.);
#8071 = EDGE_CURVE('',#8024,#8064,#8072,.T.);
#8072 = LINE('',#8073,#8074);
#8073 = CARTESIAN_POINT('',(-1.4,0.957373406412,-0.155));
#8074 = VECTOR('',#8075,1.);
#8075 = DIRECTION('',(0.,1.,1.59664406852E-17));
#8076 = ORIENTED_EDGE('',*,*,#8032,.T.);
#8077 = PLANE('',#8078);
#8078 = AXIS2_PLACEMENT_3D('',#8079,#8080,#8081);
#8079 = CARTESIAN_POINT('',(-1.4,0.957373406412,-0.155));
#8080 = DIRECTION('',(6.982966722219E-15,-1.59664406852E-17,1.));
#8081 = DIRECTION('',(1.,0.,-6.982966722219E-15));
#8082 = ADVANCED_FACE('',(#8083),#8110,.T.);
#8083 = FACE_BOUND('',#8084,.T.);
#8084 = EDGE_LOOP('',(#8085,#8094,#8102,#8109));
#8085 = ORIENTED_EDGE('',*,*,#8086,.T.);
#8086 = EDGE_CURVE('',#8056,#8087,#8089,.T.);
#8087 = VERTEX_POINT('',#8088);
#8088 = CARTESIAN_POINT('',(-1.6,2.755,-5.500000000001E-02));
#8089 = CIRCLE('',#8090,1.E-01);
#8090 = AXIS2_PLACEMENT_3D('',#8091,#8092,#8093);
#8091 = CARTESIAN_POINT('',(-1.6,2.655,-5.500000000001E-02));
#8092 = DIRECTION('',(1.,5.605193857299E-45,-6.982966722219E-15));
#8093 = DIRECTION('',(-6.982966722219E-15,-2.677902033388E-60,-1.));
#8094 = ORIENTED_EDGE('',*,*,#8095,.F.);
#8095 = EDGE_CURVE('',#8096,#8087,#8098,.T.);
#8096 = VERTEX_POINT('',#8097);
#8097 = CARTESIAN_POINT('',(-1.4,2.755,-5.500000000002E-02));
#8098 = LINE('',#8099,#8100);
#8099 = CARTESIAN_POINT('',(-1.4,2.755,-5.500000000002E-02));
#8100 = VECTOR('',#8101,1.);
#8101 = DIRECTION('',(-1.,-5.605193857299E-45,6.982966722219E-15));
#8102 = ORIENTED_EDGE('',*,*,#8103,.F.);
#8103 = EDGE_CURVE('',#8064,#8096,#8104,.T.);
#8104 = CIRCLE('',#8105,1.E-01);
#8105 = AXIS2_PLACEMENT_3D('',#8106,#8107,#8108);
#8106 = CARTESIAN_POINT('',(-1.4,2.655,-5.500000000002E-02));
#8107 = DIRECTION('',(1.,5.605193857299E-45,-6.982966722219E-15));
#8108 = DIRECTION('',(-6.982966722219E-15,-2.677902033388E-60,-1.));
#8109 = ORIENTED_EDGE('',*,*,#8063,.T.);
#8110 = CYLINDRICAL_SURFACE('',#8111,1.E-01);
#8111 = AXIS2_PLACEMENT_3D('',#8112,#8113,#8114);
#8112 = CARTESIAN_POINT('',(-1.4,2.655,-5.500000000002E-02));
#8113 = DIRECTION('',(-1.,-5.605193857299E-45,6.982966722219E-15));
#8114 = DIRECTION('',(6.982966722219E-15,2.677902033388E-60,1.));
#8115 = ADVANCED_FACE('',(#8116),#8141,.F.);
#8116 = FACE_BOUND('',#8117,.T.);
#8117 = EDGE_LOOP('',(#8118,#8126,#8134,#8140));
#8118 = ORIENTED_EDGE('',*,*,#8119,.T.);
#8119 = EDGE_CURVE('',#8087,#8120,#8122,.T.);
#8120 = VERTEX_POINT('',#8121);
#8121 = CARTESIAN_POINT('',(-1.6,2.755,9.499999999999E-02));
#8122 = LINE('',#8123,#8124);
#8123 = CARTESIAN_POINT('',(-1.6,2.755,-5.500000000001E-02));
#8124 = VECTOR('',#8125,1.);
#8125 = DIRECTION('',(8.673617379884E-15,0.,1.));
#8126 = ORIENTED_EDGE('',*,*,#8127,.F.);
#8127 = EDGE_CURVE('',#8128,#8120,#8130,.T.);
#8128 = VERTEX_POINT('',#8129);
#8129 = CARTESIAN_POINT('',(-1.4,2.755,9.499999999999E-02));
#8130 = LINE('',#8131,#8132);
#8131 = CARTESIAN_POINT('',(-1.4,2.755,9.499999999999E-02));
#8132 = VECTOR('',#8133,1.);
#8133 = DIRECTION('',(-1.,-5.605193857299E-45,6.982966722219E-15));
#8134 = ORIENTED_EDGE('',*,*,#8135,.F.);
#8135 = EDGE_CURVE('',#8096,#8128,#8136,.T.);
#8136 = LINE('',#8137,#8138);
#8137 = CARTESIAN_POINT('',(-1.4,2.755,-5.500000000002E-02));
#8138 = VECTOR('',#8139,1.);
#8139 = DIRECTION('',(8.673617379884E-15,0.,1.));
#8140 = ORIENTED_EDGE('',*,*,#8095,.T.);
#8141 = PLANE('',#8142);
#8142 = AXIS2_PLACEMENT_3D('',#8143,#8144,#8145);
#8143 = CARTESIAN_POINT('',(-1.4,2.755,-5.500000000002E-02));
#8144 = DIRECTION('',(5.605193857299E-45,-1.,-4.861730685829E-59));
#8145 = DIRECTION('',(1.,5.605193857299E-45,0.));
#8146 = ADVANCED_FACE('',(#8147),#8174,.T.);
#8147 = FACE_BOUND('',#8148,.T.);
#8148 = EDGE_LOOP('',(#8149,#8158,#8166,#8173));
#8149 = ORIENTED_EDGE('',*,*,#8150,.T.);
#8150 = EDGE_CURVE('',#8120,#8151,#8153,.T.);
#8151 = VERTEX_POINT('',#8152);
#8152 = CARTESIAN_POINT('',(-1.6,2.655,0.195));
#8153 = CIRCLE('',#8154,1.E-01);
#8154 = AXIS2_PLACEMENT_3D('',#8155,#8156,#8157);
#8155 = CARTESIAN_POINT('',(-1.6,2.655,9.499999999999E-02));
#8156 = DIRECTION('',(1.,5.605193857299E-45,-6.982966722219E-15));
#8157 = DIRECTION('',(-6.982966722219E-15,-2.677902033388E-60,-1.));
#8158 = ORIENTED_EDGE('',*,*,#8159,.F.);
#8159 = EDGE_CURVE('',#8160,#8151,#8162,.T.);
#8160 = VERTEX_POINT('',#8161);
#8161 = CARTESIAN_POINT('',(-1.4,2.655,0.195));
#8162 = LINE('',#8163,#8164);
#8163 = CARTESIAN_POINT('',(-1.4,2.655,0.195));
#8164 = VECTOR('',#8165,1.);
#8165 = DIRECTION('',(-1.,-5.605193857299E-45,6.982966722219E-15));
#8166 = ORIENTED_EDGE('',*,*,#8167,.F.);
#8167 = EDGE_CURVE('',#8128,#8160,#8168,.T.);
#8168 = CIRCLE('',#8169,1.E-01);
#8169 = AXIS2_PLACEMENT_3D('',#8170,#8171,#8172);
#8170 = CARTESIAN_POINT('',(-1.4,2.655,9.499999999999E-02));
#8171 = DIRECTION('',(1.,5.605193857299E-45,-6.982966722219E-15));
#8172 = DIRECTION('',(-6.982966722219E-15,-2.677902033388E-60,-1.));
#8173 = ORIENTED_EDGE('',*,*,#8127,.T.);
#8174 = CYLINDRICAL_SURFACE('',#8175,1.E-01);
#8175 = AXIS2_PLACEMENT_3D('',#8176,#8177,#8178);
#8176 = CARTESIAN_POINT('',(-1.4,2.655,9.499999999999E-02));
#8177 = DIRECTION('',(-1.,-5.605193857299E-45,6.982966722219E-15));
#8178 = DIRECTION('',(6.982966722219E-15,2.677902033388E-60,1.));
#8179 = ADVANCED_FACE('',(#8180),#8196,.F.);
#8180 = FACE_BOUND('',#8181,.T.);
#8181 = EDGE_LOOP('',(#8182,#8188,#8189,#8195));
#8182 = ORIENTED_EDGE('',*,*,#8183,.T.);
#8183 = EDGE_CURVE('',#8151,#7636,#8184,.T.);
#8184 = LINE('',#8185,#8186);
#8185 = CARTESIAN_POINT('',(-1.6,2.655,0.195));
#8186 = VECTOR('',#8187,1.);
#8187 = DIRECTION('',(0.,-1.,-4.435372523804E-15));
#8188 = ORIENTED_EDGE('',*,*,#7661,.F.);
#8189 = ORIENTED_EDGE('',*,*,#8190,.F.);
#8190 = EDGE_CURVE('',#8160,#7654,#8191,.T.);
#8191 = LINE('',#8192,#8193);
#8192 = CARTESIAN_POINT('',(-1.4,2.655,0.195));
#8193 = VECTOR('',#8194,1.);
#8194 = DIRECTION('',(0.,-1.,-4.435372523804E-15));
#8195 = ORIENTED_EDGE('',*,*,#8159,.T.);
#8196 = PLANE('',#8197);
#8197 = AXIS2_PLACEMENT_3D('',#8198,#8199,#8200);
#8198 = CARTESIAN_POINT('',(-1.4,2.655,0.195));
#8199 = DIRECTION('',(-6.982966722219E-15,4.435372523804E-15,-1.));
#8200 = DIRECTION('',(-1.,0.,6.982966722219E-15));
#8201 = ADVANCED_FACE('',(#8202),#8222,.F.);
#8202 = FACE_BOUND('',#8203,.T.);
#8203 = EDGE_LOOP('',(#8204,#8205,#8206,#8207,#8208,#8209,#8210,#8211,
    #8212,#8213,#8214,#8215,#8216,#8217,#8218,#8219,#8220,#8221));
#8204 = ORIENTED_EDGE('',*,*,#7653,.T.);
#8205 = ORIENTED_EDGE('',*,*,#7691,.T.);
#8206 = ORIENTED_EDGE('',*,*,#7722,.T.);
#8207 = ORIENTED_EDGE('',*,*,#7753,.T.);
#8208 = ORIENTED_EDGE('',*,*,#7784,.T.);
#8209 = ORIENTED_EDGE('',*,*,#7816,.T.);
#8210 = ORIENTED_EDGE('',*,*,#7848,.T.);
#8211 = ORIENTED_EDGE('',*,*,#7880,.T.);
#8212 = ORIENTED_EDGE('',*,*,#7912,.T.);
#8213 = ORIENTED_EDGE('',*,*,#7944,.T.);
#8214 = ORIENTED_EDGE('',*,*,#7976,.T.);
#8215 = ORIENTED_EDGE('',*,*,#8007,.T.);
#8216 = ORIENTED_EDGE('',*,*,#8023,.T.);
#8217 = ORIENTED_EDGE('',*,*,#8071,.T.);
#8218 = ORIENTED_EDGE('',*,*,#8103,.T.);
#8219 = ORIENTED_EDGE('',*,*,#8135,.T.);
#8220 = ORIENTED_EDGE('',*,*,#8167,.T.);
#8221 = ORIENTED_EDGE('',*,*,#8190,.T.);
#8222 = PLANE('',#8223);
#8223 = AXIS2_PLACEMENT_3D('',#8224,#8225,#8226);
#8224 = CARTESIAN_POINT('',(-1.4,0.845,9.499999999999E-02));
#8225 = DIRECTION('',(-1.,-5.605193857299E-45,6.982966722219E-15));
#8226 = DIRECTION('',(6.982966722219E-15,0.,1.));
#8227 = ADVANCED_FACE('',(#8228),#8248,.T.);
#8228 = FACE_BOUND('',#8229,.T.);
#8229 = EDGE_LOOP('',(#8230,#8231,#8232,#8233,#8234,#8235,#8236,#8237,
    #8238,#8239,#8240,#8241,#8242,#8243,#8244,#8245,#8246,#8247));
#8230 = ORIENTED_EDGE('',*,*,#7635,.F.);
#8231 = ORIENTED_EDGE('',*,*,#8183,.F.);
#8232 = ORIENTED_EDGE('',*,*,#8150,.F.);
#8233 = ORIENTED_EDGE('',*,*,#8119,.F.);
#8234 = ORIENTED_EDGE('',*,*,#8086,.F.);
#8235 = ORIENTED_EDGE('',*,*,#8055,.F.);
#8236 = ORIENTED_EDGE('',*,*,#8040,.F.);
#8237 = ORIENTED_EDGE('',*,*,#7991,.F.);
#8238 = ORIENTED_EDGE('',*,*,#7960,.F.);
#8239 = ORIENTED_EDGE('',*,*,#7927,.F.);
#8240 = ORIENTED_EDGE('',*,*,#7896,.F.);
#8241 = ORIENTED_EDGE('',*,*,#7863,.F.);
#8242 = ORIENTED_EDGE('',*,*,#7832,.F.);
#8243 = ORIENTED_EDGE('',*,*,#7799,.F.);
#8244 = ORIENTED_EDGE('',*,*,#7768,.F.);
#8245 = ORIENTED_EDGE('',*,*,#7737,.F.);
#8246 = ORIENTED_EDGE('',*,*,#7706,.F.);
#8247 = ORIENTED_EDGE('',*,*,#7675,.F.);
#8248 = PLANE('',#8249);
#8249 = AXIS2_PLACEMENT_3D('',#8250,#8251,#8252);
#8250 = CARTESIAN_POINT('',(-1.6,0.845,9.499999999999E-02));
#8251 = DIRECTION('',(-1.,-5.605193857299E-45,6.982966722219E-15));
#8252 = DIRECTION('',(6.982966722219E-15,0.,1.));
#8253 = MANIFOLD_SOLID_BREP('',#8254);
#8254 = CLOSED_SHELL('',(#8255,#8295,#8326,#8357,#8388,#8419,#8452,#8483
    ,#8516,#8547,#8580,#8611,#8642,#8675,#8706,#8739,#8770,#8803,#8825,
    #8851));
#8255 = ADVANCED_FACE('',(#8256),#8290,.F.);
#8256 = FACE_BOUND('',#8257,.T.);
#8257 = EDGE_LOOP('',(#8258,#8268,#8276,#8284));
#8258 = ORIENTED_EDGE('',*,*,#8259,.T.);
#8259 = EDGE_CURVE('',#8260,#8262,#8264,.T.);
#8260 = VERTEX_POINT('',#8261);
#8261 = CARTESIAN_POINT('',(-0.6,2.435,0.195));
#8262 = VERTEX_POINT('',#8263);
#8263 = CARTESIAN_POINT('',(-0.6,2.435,2.645));
#8264 = LINE('',#8265,#8266);
#8265 = CARTESIAN_POINT('',(-0.6,2.435,0.895));
#8266 = VECTOR('',#8267,1.);
#8267 = DIRECTION('',(7.186711543332E-15,-2.973811673103E-15,1.));
#8268 = ORIENTED_EDGE('',*,*,#8269,.F.);
#8269 = EDGE_CURVE('',#8270,#8262,#8272,.T.);
#8270 = VERTEX_POINT('',#8271);
#8271 = CARTESIAN_POINT('',(-0.4,2.435,2.645));
#8272 = LINE('',#8273,#8274);
#8273 = CARTESIAN_POINT('',(-0.4,2.435,2.645));
#8274 = VECTOR('',#8275,1.);
#8275 = DIRECTION('',(-1.,-5.605193857299E-45,6.982966722219E-15));
#8276 = ORIENTED_EDGE('',*,*,#8277,.F.);
#8277 = EDGE_CURVE('',#8278,#8270,#8280,.T.);
#8278 = VERTEX_POINT('',#8279);
#8279 = CARTESIAN_POINT('',(-0.4,2.435,0.195));
#8280 = LINE('',#8281,#8282);
#8281 = CARTESIAN_POINT('',(-0.4,2.435,0.195));
#8282 = VECTOR('',#8283,1.);
#8283 = DIRECTION('',(6.814985084195E-15,0.,1.));
#8284 = ORIENTED_EDGE('',*,*,#8285,.T.);
#8285 = EDGE_CURVE('',#8278,#8260,#8286,.T.);
#8286 = LINE('',#8287,#8288);
#8287 = CARTESIAN_POINT('',(-0.4,2.435,0.195));
#8288 = VECTOR('',#8289,1.);
#8289 = DIRECTION('',(-1.,-5.605193857299E-45,6.982966722219E-15));
#8290 = PLANE('',#8291);
#8291 = AXIS2_PLACEMENT_3D('',#8292,#8293,#8294);
#8292 = CARTESIAN_POINT('',(-0.4,2.435,0.895));
#8293 = DIRECTION('',(-2.076602795142E-29,-1.,-2.973811673103E-15));
#8294 = DIRECTION('',(0.,2.973811673103E-15,-1.));
#8295 = ADVANCED_FACE('',(#8296),#8321,.F.);
#8296 = FACE_BOUND('',#8297,.T.);
#8297 = EDGE_LOOP('',(#8298,#8306,#8314,#8320));
#8298 = ORIENTED_EDGE('',*,*,#8299,.T.);
#8299 = EDGE_CURVE('',#8262,#8300,#8302,.T.);
#8300 = VERTEX_POINT('',#8301);
#8301 = CARTESIAN_POINT('',(-0.6,2.085,2.645));
#8302 = LINE('',#8303,#8304);
#8303 = CARTESIAN_POINT('',(-0.6,2.435,2.645));
#8304 = VECTOR('',#8305,1.);
#8305 = DIRECTION('',(0.,-1.,-1.239088197126E-15));
#8306 = ORIENTED_EDGE('',*,*,#8307,.F.);
#8307 = EDGE_CURVE('',#8308,#8300,#8310,.T.);
#8308 = VERTEX_POINT('',#8309);
#8309 = CARTESIAN_POINT('',(-0.4,2.085,2.645));
#8310 = LINE('',#8311,#8312);
#8311 = CARTESIAN_POINT('',(-0.4,2.085,2.645));
#8312 = VECTOR('',#8313,1.);
#8313 = DIRECTION('',(-1.,-5.605193857299E-45,6.982966722219E-15));
#8314 = ORIENTED_EDGE('',*,*,#8315,.F.);
#8315 = EDGE_CURVE('',#8270,#8308,#8316,.T.);
#8316 = LINE('',#8317,#8318);
#8317 = CARTESIAN_POINT('',(-0.4,2.435,2.645));
#8318 = VECTOR('',#8319,1.);
#8319 = DIRECTION('',(0.,-1.,-1.239088197126E-15));
#8320 = ORIENTED_EDGE('',*,*,#8269,.T.);
#8321 = PLANE('',#8322);
#8322 = AXIS2_PLACEMENT_3D('',#8323,#8324,#8325);
#8323 = CARTESIAN_POINT('',(-0.4,2.435,2.645));
#8324 = DIRECTION('',(-6.982966722219E-15,1.239088197126E-15,-1.));
#8325 = DIRECTION('',(-1.,0.,6.982966722219E-15));
#8326 = ADVANCED_FACE('',(#8327),#8352,.F.);
#8327 = FACE_BOUND('',#8328,.T.);
#8328 = EDGE_LOOP('',(#8329,#8337,#8345,#8351));
#8329 = ORIENTED_EDGE('',*,*,#8330,.T.);
#8330 = EDGE_CURVE('',#8300,#8331,#8333,.T.);
#8331 = VERTEX_POINT('',#8332);
#8332 = CARTESIAN_POINT('',(-0.6,1.955,0.895));
#8333 = LINE('',#8334,#8335);
#8334 = CARTESIAN_POINT('',(-0.6,2.085,2.645));
#8335 = VECTOR('',#8336,1.);
#8336 = DIRECTION('',(-7.166963780252E-15,-7.408159078957E-02,
    -0.997252183706));
#8337 = ORIENTED_EDGE('',*,*,#8338,.F.);
#8338 = EDGE_CURVE('',#8339,#8331,#8341,.T.);
#8339 = VERTEX_POINT('',#8340);
#8340 = CARTESIAN_POINT('',(-0.4,1.955,0.895));
#8341 = LINE('',#8342,#8343);
#8342 = CARTESIAN_POINT('',(-0.4,1.955,0.895));
#8343 = VECTOR('',#8344,1.);
#8344 = DIRECTION('',(-1.,-5.605193857299E-45,6.982966722219E-15));
#8345 = ORIENTED_EDGE('',*,*,#8346,.F.);
#8346 = EDGE_CURVE('',#8308,#8339,#8347,.T.);
#8347 = LINE('',#8348,#8349);
#8348 = CARTESIAN_POINT('',(-0.4,2.085,2.645));
#8349 = VECTOR('',#8350,1.);
#8350 = DIRECTION('',(-7.166963780252E-15,-7.408159078957E-02,
    -0.997252183706));
#8351 = ORIENTED_EDGE('',*,*,#8307,.T.);
#8352 = PLANE('',#8353);
#8353 = AXIS2_PLACEMENT_3D('',#8354,#8355,#8356);
#8354 = CARTESIAN_POINT('',(-0.4,2.085,2.645));
#8355 = DIRECTION('',(-5.173092832126E-16,0.997252183706,
    -7.408159078957E-02));
#8356 = DIRECTION('',(0.,7.408159078957E-02,0.997252183706));
#8357 = ADVANCED_FACE('',(#8358),#8383,.F.);
#8358 = FACE_BOUND('',#8359,.T.);
#8359 = EDGE_LOOP('',(#8360,#8368,#8376,#8382));
#8360 = ORIENTED_EDGE('',*,*,#8361,.T.);
#8361 = EDGE_CURVE('',#8331,#8362,#8364,.T.);
#8362 = VERTEX_POINT('',#8363);
#8363 = CARTESIAN_POINT('',(-0.6,1.955,0.195));
#8364 = LINE('',#8365,#8366);
#8365 = CARTESIAN_POINT('',(-0.6,1.955,0.895));
#8366 = VECTOR('',#8367,1.);
#8367 = DIRECTION('',(-6.814985084195E-15,0.,-1.));
#8368 = ORIENTED_EDGE('',*,*,#8369,.F.);
#8369 = EDGE_CURVE('',#8370,#8362,#8372,.T.);
#8370 = VERTEX_POINT('',#8371);
#8371 = CARTESIAN_POINT('',(-0.4,1.955,0.195));
#8372 = LINE('',#8373,#8374);
#8373 = CARTESIAN_POINT('',(-0.4,1.955,0.195));
#8374 = VECTOR('',#8375,1.);
#8375 = DIRECTION('',(-1.,-5.605193857299E-45,6.982966722219E-15));
#8376 = ORIENTED_EDGE('',*,*,#8377,.F.);
#8377 = EDGE_CURVE('',#8339,#8370,#8378,.T.);
#8378 = LINE('',#8379,#8380);
#8379 = CARTESIAN_POINT('',(-0.4,1.955,0.895));
#8380 = VECTOR('',#8381,1.);
#8381 = DIRECTION('',(-6.814985084195E-15,0.,-1.));
#8382 = ORIENTED_EDGE('',*,*,#8338,.T.);
#8383 = PLANE('',#8384);
#8384 = AXIS2_PLACEMENT_3D('',#8385,#8386,#8387);
#8385 = CARTESIAN_POINT('',(-0.4,1.955,0.895));
#8386 = DIRECTION('',(-5.605193857299E-45,1.,3.819931253151E-59));
#8387 = DIRECTION('',(-1.,-5.605193857299E-45,0.));
#8388 = ADVANCED_FACE('',(#8389),#8414,.F.);
#8389 = FACE_BOUND('',#8390,.T.);
#8390 = EDGE_LOOP('',(#8391,#8399,#8407,#8413));
#8391 = ORIENTED_EDGE('',*,*,#8392,.T.);
#8392 = EDGE_CURVE('',#8362,#8393,#8395,.T.);
#8393 = VERTEX_POINT('',#8394);
#8394 = CARTESIAN_POINT('',(-0.6,0.845,0.195));
#8395 = LINE('',#8396,#8397);
#8396 = CARTESIAN_POINT('',(-0.6,0.845,0.195));
#8397 = VECTOR('',#8398,1.);
#8398 = DIRECTION('',(-0.,-1.,2.490734720575E-15));
#8399 = ORIENTED_EDGE('',*,*,#8400,.F.);
#8400 = EDGE_CURVE('',#8401,#8393,#8403,.T.);
#8401 = VERTEX_POINT('',#8402);
#8402 = CARTESIAN_POINT('',(-0.4,0.845,0.195));
#8403 = LINE('',#8404,#8405);
#8404 = CARTESIAN_POINT('',(-0.4,0.845,0.195));
#8405 = VECTOR('',#8406,1.);
#8406 = DIRECTION('',(-1.,-5.605193857299E-45,6.982966722219E-15));
#8407 = ORIENTED_EDGE('',*,*,#8408,.F.);
#8408 = EDGE_CURVE('',#8370,#8401,#8409,.T.);
#8409 = LINE('',#8410,#8411);
#8410 = CARTESIAN_POINT('',(-0.4,0.845,0.195));
#8411 = VECTOR('',#8412,1.);
#8412 = DIRECTION('',(-0.,-1.,2.490734720575E-15));
#8413 = ORIENTED_EDGE('',*,*,#8369,.T.);
#8414 = PLANE('',#8415);
#8415 = AXIS2_PLACEMENT_3D('',#8416,#8417,#8418);
#8416 = CARTESIAN_POINT('',(-0.4,0.845,0.195));
#8417 = DIRECTION('',(-6.982966722219E-15,-2.490734720575E-15,-1.));
#8418 = DIRECTION('',(-1.,0.,6.982966722219E-15));
#8419 = ADVANCED_FACE('',(#8420),#8447,.T.);
#8420 = FACE_BOUND('',#8421,.T.);
#8421 = EDGE_LOOP('',(#8422,#8431,#8439,#8446));
#8422 = ORIENTED_EDGE('',*,*,#8423,.T.);
#8423 = EDGE_CURVE('',#8393,#8424,#8426,.T.);
#8424 = VERTEX_POINT('',#8425);
#8425 = CARTESIAN_POINT('',(-0.6,0.774289321881,0.165710678119));
#8426 = CIRCLE('',#8427,0.1);
#8427 = AXIS2_PLACEMENT_3D('',#8428,#8429,#8430);
#8428 = CARTESIAN_POINT('',(-0.6,0.845,9.499999999999E-02));
#8429 = DIRECTION('',(1.,5.605193857299E-45,-6.982966722219E-15));
#8430 = DIRECTION('',(6.982966722219E-15,2.677902033388E-60,1.));
#8431 = ORIENTED_EDGE('',*,*,#8432,.F.);
#8432 = EDGE_CURVE('',#8433,#8424,#8435,.T.);
#8433 = VERTEX_POINT('',#8434);
#8434 = CARTESIAN_POINT('',(-0.4,0.774289321881,0.165710678119));
#8435 = LINE('',#8436,#8437);
#8436 = CARTESIAN_POINT('',(-0.4,0.774289321881,0.165710678119));
#8437 = VECTOR('',#8438,1.);
#8438 = DIRECTION('',(-1.,-5.605193857299E-45,6.982966722219E-15));
#8439 = ORIENTED_EDGE('',*,*,#8440,.F.);
#8440 = EDGE_CURVE('',#8401,#8433,#8441,.T.);
#8441 = CIRCLE('',#8442,0.1);
#8442 = AXIS2_PLACEMENT_3D('',#8443,#8444,#8445);
#8443 = CARTESIAN_POINT('',(-0.4,0.845,9.499999999999E-02));
#8444 = DIRECTION('',(1.,5.605193857299E-45,-6.982966722219E-15));
#8445 = DIRECTION('',(6.982966722219E-15,-3.606796452549E-61,1.));
#8446 = ORIENTED_EDGE('',*,*,#8400,.T.);
#8447 = CYLINDRICAL_SURFACE('',#8448,0.1);
#8448 = AXIS2_PLACEMENT_3D('',#8449,#8450,#8451);
#8449 = CARTESIAN_POINT('',(-0.4,0.845,9.499999999999E-02));
#8450 = DIRECTION('',(-1.,-5.605193857299E-45,6.982966722219E-15));
#8451 = DIRECTION('',(6.982966722219E-15,-3.606796452549E-61,1.));
#8452 = ADVANCED_FACE('',(#8453),#8478,.F.);
#8453 = FACE_BOUND('',#8454,.T.);
#8454 = EDGE_LOOP('',(#8455,#8463,#8471,#8477));
#8455 = ORIENTED_EDGE('',*,*,#8456,.T.);
#8456 = EDGE_CURVE('',#8424,#8457,#8459,.T.);
#8457 = VERTEX_POINT('',#8458);
#8458 = CARTESIAN_POINT('',(-0.6,0.324289321881,-0.284289321881));
#8459 = LINE('',#8460,#8461);
#8460 = CARTESIAN_POINT('',(-0.6,0.324289321881,-0.284289321881));
#8461 = VECTOR('',#8462,1.);
#8462 = DIRECTION('',(-5.451709925985E-15,-0.707106781187,
    -0.707106781187));
#8463 = ORIENTED_EDGE('',*,*,#8464,.F.);
#8464 = EDGE_CURVE('',#8465,#8457,#8467,.T.);
#8465 = VERTEX_POINT('',#8466);
#8466 = CARTESIAN_POINT('',(-0.4,0.324289321881,-0.284289321881));
#8467 = LINE('',#8468,#8469);
#8468 = CARTESIAN_POINT('',(-0.4,0.324289321881,-0.284289321881));
#8469 = VECTOR('',#8470,1.);
#8470 = DIRECTION('',(-1.,-5.605193857299E-45,6.982966722219E-15));
#8471 = ORIENTED_EDGE('',*,*,#8472,.F.);
#8472 = EDGE_CURVE('',#8433,#8465,#8473,.T.);
#8473 = LINE('',#8474,#8475);
#8474 = CARTESIAN_POINT('',(-0.4,0.324289321881,-0.284289321881));
#8475 = VECTOR('',#8476,1.);
#8476 = DIRECTION('',(-5.451709925985E-15,-0.707106781187,
    -0.707106781187));
#8477 = ORIENTED_EDGE('',*,*,#8432,.T.);
#8478 = PLANE('',#8479);
#8479 = AXIS2_PLACEMENT_3D('',#8480,#8481,#8482);
#8480 = CARTESIAN_POINT('',(-0.4,0.324289321881,-0.284289321881));
#8481 = DIRECTION('',(-4.937703122081E-15,0.707106781187,-0.707106781187
    ));
#8482 = DIRECTION('',(0.,0.707106781187,0.707106781187));
#8483 = ADVANCED_FACE('',(#8484),#8511,.T.);
#8484 = FACE_BOUND('',#8485,.T.);
#8485 = EDGE_LOOP('',(#8486,#8495,#8503,#8510));
#8486 = ORIENTED_EDGE('',*,*,#8487,.T.);
#8487 = EDGE_CURVE('',#8457,#8488,#8490,.T.);
#8488 = VERTEX_POINT('',#8489);
#8489 = CARTESIAN_POINT('',(-0.6,0.295,-0.355));
#8490 = CIRCLE('',#8491,1.E-01);
#8491 = AXIS2_PLACEMENT_3D('',#8492,#8493,#8494);
#8492 = CARTESIAN_POINT('',(-0.6,0.395,-0.355));
#8493 = DIRECTION('',(1.,5.605193857299E-45,-6.982966722219E-15));
#8494 = DIRECTION('',(6.982966722219E-15,2.677902033388E-60,1.));
#8495 = ORIENTED_EDGE('',*,*,#8496,.F.);
#8496 = EDGE_CURVE('',#8497,#8488,#8499,.T.);
#8497 = VERTEX_POINT('',#8498);
#8498 = CARTESIAN_POINT('',(-0.4,0.295,-0.355));
#8499 = LINE('',#8500,#8501);
#8500 = CARTESIAN_POINT('',(-0.4,0.295,-0.355));
#8501 = VECTOR('',#8502,1.);
#8502 = DIRECTION('',(-1.,-5.605193857299E-45,6.982966722219E-15));
#8503 = ORIENTED_EDGE('',*,*,#8504,.F.);
#8504 = EDGE_CURVE('',#8465,#8497,#8505,.T.);
#8505 = CIRCLE('',#8506,1.E-01);
#8506 = AXIS2_PLACEMENT_3D('',#8507,#8508,#8509);
#8507 = CARTESIAN_POINT('',(-0.4,0.395,-0.355));
#8508 = DIRECTION('',(1.,5.605193857299E-45,-6.982966722219E-15));
#8509 = DIRECTION('',(6.982966722219E-15,-3.60679645255E-61,1.));
#8510 = ORIENTED_EDGE('',*,*,#8464,.T.);
#8511 = CYLINDRICAL_SURFACE('',#8512,1.E-01);
#8512 = AXIS2_PLACEMENT_3D('',#8513,#8514,#8515);
#8513 = CARTESIAN_POINT('',(-0.4,0.395,-0.355));
#8514 = DIRECTION('',(-1.,-5.605193857299E-45,6.982966722219E-15));
#8515 = DIRECTION('',(6.982966722219E-15,-3.60679645255E-61,1.));
#8516 = ADVANCED_FACE('',(#8517),#8542,.F.);
#8517 = FACE_BOUND('',#8518,.T.);
#8518 = EDGE_LOOP('',(#8519,#8527,#8535,#8541));
#8519 = ORIENTED_EDGE('',*,*,#8520,.T.);
#8520 = EDGE_CURVE('',#8488,#8521,#8523,.T.);
#8521 = VERTEX_POINT('',#8522);
#8522 = CARTESIAN_POINT('',(-0.6,0.295,-0.955));
#8523 = LINE('',#8524,#8525);
#8524 = CARTESIAN_POINT('',(-0.6,0.295,-0.355));
#8525 = VECTOR('',#8526,1.);
#8526 = DIRECTION('',(-6.505213034913E-15,9.035018104046E-17,-1.));
#8527 = ORIENTED_EDGE('',*,*,#8528,.F.);
#8528 = EDGE_CURVE('',#8529,#8521,#8531,.T.);
#8529 = VERTEX_POINT('',#8530);
#8530 = CARTESIAN_POINT('',(-0.4,0.295,-0.955));
#8531 = LINE('',#8532,#8533);
#8532 = CARTESIAN_POINT('',(-0.4,0.295,-0.955));
#8533 = VECTOR('',#8534,1.);
#8534 = DIRECTION('',(-1.,-5.605193857299E-45,6.982966722219E-15));
#8535 = ORIENTED_EDGE('',*,*,#8536,.F.);
#8536 = EDGE_CURVE('',#8497,#8529,#8537,.T.);
#8537 = LINE('',#8538,#8539);
#8538 = CARTESIAN_POINT('',(-0.4,0.295,-0.355));
#8539 = VECTOR('',#8540,1.);
#8540 = DIRECTION('',(-6.505213034913E-15,9.035018104046E-17,-1.));
#8541 = ORIENTED_EDGE('',*,*,#8496,.T.);
#8542 = PLANE('',#8543);
#8543 = AXIS2_PLACEMENT_3D('',#8544,#8545,#8546);
#8544 = CARTESIAN_POINT('',(-0.4,0.295,-0.355));
#8545 = DIRECTION('',(6.30912307552E-31,1.,9.035018104046E-17));
#8546 = DIRECTION('',(0.,-9.035018104046E-17,1.));
#8547 = ADVANCED_FACE('',(#8548),#8575,.T.);
#8548 = FACE_BOUND('',#8549,.T.);
#8549 = EDGE_LOOP('',(#8550,#8559,#8567,#8574));
#8550 = ORIENTED_EDGE('',*,*,#8551,.T.);
#8551 = EDGE_CURVE('',#8521,#8552,#8554,.T.);
#8552 = VERTEX_POINT('',#8553);
#8553 = CARTESIAN_POINT('',(-0.6,0.495,-0.955));
#8554 = CIRCLE('',#8555,0.1);
#8555 = AXIS2_PLACEMENT_3D('',#8556,#8557,#8558);
#8556 = CARTESIAN_POINT('',(-0.6,0.395,-0.955));
#8557 = DIRECTION('',(1.,5.605193857299E-45,-6.982966722219E-15));
#8558 = DIRECTION('',(-6.982966722219E-15,-2.677902033389E-60,-1.));
#8559 = ORIENTED_EDGE('',*,*,#8560,.F.);
#8560 = EDGE_CURVE('',#8561,#8552,#8563,.T.);
#8561 = VERTEX_POINT('',#8562);
#8562 = CARTESIAN_POINT('',(-0.4,0.495,-0.955));
#8563 = LINE('',#8564,#8565);
#8564 = CARTESIAN_POINT('',(-0.4,0.495,-0.955));
#8565 = VECTOR('',#8566,1.);
#8566 = DIRECTION('',(-1.,-5.605193857299E-45,6.982966722219E-15));
#8567 = ORIENTED_EDGE('',*,*,#8568,.F.);
#8568 = EDGE_CURVE('',#8529,#8561,#8569,.T.);
#8569 = CIRCLE('',#8570,0.1);
#8570 = AXIS2_PLACEMENT_3D('',#8571,#8572,#8573);
#8571 = CARTESIAN_POINT('',(-0.4,0.395,-0.955));
#8572 = DIRECTION('',(1.,5.605193857299E-45,-6.982966722219E-15));
#8573 = DIRECTION('',(-6.982966722219E-15,3.606796452546E-61,-1.));
#8574 = ORIENTED_EDGE('',*,*,#8528,.T.);
#8575 = CYLINDRICAL_SURFACE('',#8576,0.1);
#8576 = AXIS2_PLACEMENT_3D('',#8577,#8578,#8579);
#8577 = CARTESIAN_POINT('',(-0.4,0.395,-0.955));
#8578 = DIRECTION('',(-1.,-5.605193857299E-45,6.982966722219E-15));
#8579 = DIRECTION('',(6.982966722219E-15,-3.606796452546E-61,1.));
#8580 = ADVANCED_FACE('',(#8581),#8606,.F.);
#8581 = FACE_BOUND('',#8582,.T.);
#8582 = EDGE_LOOP('',(#8583,#8591,#8599,#8605));
#8583 = ORIENTED_EDGE('',*,*,#8584,.T.);
#8584 = EDGE_CURVE('',#8552,#8585,#8587,.T.);
#8585 = VERTEX_POINT('',#8586);
#8586 = CARTESIAN_POINT('',(-0.6,0.495,-0.575952050175));
#8587 = LINE('',#8588,#8589);
#8588 = CARTESIAN_POINT('',(-0.6,0.495,-0.955));
#8589 = VECTOR('',#8590,1.);
#8590 = DIRECTION('',(6.864791684448E-15,0.,1.));
#8591 = ORIENTED_EDGE('',*,*,#8592,.F.);
#8592 = EDGE_CURVE('',#8593,#8585,#8595,.T.);
#8593 = VERTEX_POINT('',#8594);
#8594 = CARTESIAN_POINT('',(-0.4,0.495,-0.575952050175));
#8595 = LINE('',#8596,#8597);
#8596 = CARTESIAN_POINT('',(-0.4,0.495,-0.575952050175));
#8597 = VECTOR('',#8598,1.);
#8598 = DIRECTION('',(-1.,-5.605193857299E-45,6.982966722219E-15));
#8599 = ORIENTED_EDGE('',*,*,#8600,.F.);
#8600 = EDGE_CURVE('',#8561,#8593,#8601,.T.);
#8601 = LINE('',#8602,#8603);
#8602 = CARTESIAN_POINT('',(-0.4,0.495,-0.955));
#8603 = VECTOR('',#8604,1.);
#8604 = DIRECTION('',(6.864791684448E-15,0.,1.));
#8605 = ORIENTED_EDGE('',*,*,#8560,.T.);
#8606 = PLANE('',#8607);
#8607 = AXIS2_PLACEMENT_3D('',#8608,#8609,#8610);
#8608 = CARTESIAN_POINT('',(-0.4,0.495,-0.955));
#8609 = DIRECTION('',(5.605193857299E-45,-1.,-3.847848818131E-59));
#8610 = DIRECTION('',(1.,5.605193857299E-45,0.));
#8611 = ADVANCED_FACE('',(#8612),#8637,.F.);
#8612 = FACE_BOUND('',#8613,.T.);
#8613 = EDGE_LOOP('',(#8614,#8622,#8630,#8636));
#8614 = ORIENTED_EDGE('',*,*,#8615,.T.);
#8615 = EDGE_CURVE('',#8585,#8616,#8618,.T.);
#8616 = VERTEX_POINT('',#8617);
#8617 = CARTESIAN_POINT('',(-0.6,0.886662728294,-0.184289321881));
#8618 = LINE('',#8619,#8620);
#8619 = CARTESIAN_POINT('',(-0.6,0.495,-0.575952050175));
#8620 = VECTOR('',#8621,1.);
#8621 = DIRECTION('',(4.69779728093E-15,0.707106781187,0.707106781187));
#8622 = ORIENTED_EDGE('',*,*,#8623,.F.);
#8623 = EDGE_CURVE('',#8624,#8616,#8626,.T.);
#8624 = VERTEX_POINT('',#8625);
#8625 = CARTESIAN_POINT('',(-0.4,0.886662728294,-0.184289321881));
#8626 = LINE('',#8627,#8628);
#8627 = CARTESIAN_POINT('',(-0.4,0.886662728294,-0.184289321881));
#8628 = VECTOR('',#8629,1.);
#8629 = DIRECTION('',(-1.,-5.605193857299E-45,6.982966722219E-15));
#8630 = ORIENTED_EDGE('',*,*,#8631,.F.);
#8631 = EDGE_CURVE('',#8593,#8624,#8632,.T.);
#8632 = LINE('',#8633,#8634);
#8633 = CARTESIAN_POINT('',(-0.4,0.495,-0.575952050175));
#8634 = VECTOR('',#8635,1.);
#8635 = DIRECTION('',(4.69779728093E-15,0.707106781187,0.707106781187));
#8636 = ORIENTED_EDGE('',*,*,#8592,.T.);
#8637 = PLANE('',#8638);
#8638 = AXIS2_PLACEMENT_3D('',#8639,#8640,#8641);
#8639 = CARTESIAN_POINT('',(-0.4,0.495,-0.575952050175));
#8640 = DIRECTION('',(4.937703122081E-15,-0.707106781187,0.707106781187)
  );
#8641 = DIRECTION('',(0.,-0.707106781187,-0.707106781187));
#8642 = ADVANCED_FACE('',(#8643),#8670,.F.);
#8643 = FACE_BOUND('',#8644,.F.);
#8644 = EDGE_LOOP('',(#8645,#8646,#8655,#8663));
#8645 = ORIENTED_EDGE('',*,*,#8623,.F.);
#8646 = ORIENTED_EDGE('',*,*,#8647,.T.);
#8647 = EDGE_CURVE('',#8624,#8648,#8650,.T.);
#8648 = VERTEX_POINT('',#8649);
#8649 = CARTESIAN_POINT('',(-0.4,0.957373406412,-0.155));
#8650 = CIRCLE('',#8651,0.1);
#8651 = AXIS2_PLACEMENT_3D('',#8652,#8653,#8654);
#8652 = CARTESIAN_POINT('',(-0.4,0.957373406412,-0.255));
#8653 = DIRECTION('',(-1.,-5.605193857299E-45,6.982966722219E-15));
#8654 = DIRECTION('',(6.982966722219E-15,-3.606796452549E-61,1.));
#8655 = ORIENTED_EDGE('',*,*,#8656,.T.);
#8656 = EDGE_CURVE('',#8648,#8657,#8659,.T.);
#8657 = VERTEX_POINT('',#8658);
#8658 = CARTESIAN_POINT('',(-0.6,0.957373406412,-0.155));
#8659 = LINE('',#8660,#8661);
#8660 = CARTESIAN_POINT('',(-0.4,0.957373406412,-0.155));
#8661 = VECTOR('',#8662,1.);
#8662 = DIRECTION('',(-1.,-5.605193857299E-45,6.982966722219E-15));
#8663 = ORIENTED_EDGE('',*,*,#8664,.F.);
#8664 = EDGE_CURVE('',#8616,#8657,#8665,.T.);
#8665 = CIRCLE('',#8666,0.1);
#8666 = AXIS2_PLACEMENT_3D('',#8667,#8668,#8669);
#8667 = CARTESIAN_POINT('',(-0.6,0.957373406412,-0.255));
#8668 = DIRECTION('',(-1.,-5.605193857299E-45,6.982966722219E-15));
#8669 = DIRECTION('',(6.982966722219E-15,2.677902033388E-60,1.));
#8670 = CYLINDRICAL_SURFACE('',#8671,0.1);
#8671 = AXIS2_PLACEMENT_3D('',#8672,#8673,#8674);
#8672 = CARTESIAN_POINT('',(-0.4,0.957373406412,-0.255));
#8673 = DIRECTION('',(-1.,-5.605193857299E-45,6.982966722219E-15));
#8674 = DIRECTION('',(6.982966722219E-15,-3.606796452549E-61,1.));
#8675 = ADVANCED_FACE('',(#8676),#8701,.F.);
#8676 = FACE_BOUND('',#8677,.T.);
#8677 = EDGE_LOOP('',(#8678,#8686,#8694,#8700));
#8678 = ORIENTED_EDGE('',*,*,#8679,.T.);
#8679 = EDGE_CURVE('',#8657,#8680,#8682,.T.);
#8680 = VERTEX_POINT('',#8681);
#8681 = CARTESIAN_POINT('',(-0.6,2.655,-0.155));
#8682 = LINE('',#8683,#8684);
#8683 = CARTESIAN_POINT('',(-0.6,0.957373406412,-0.155));
#8684 = VECTOR('',#8685,1.);
#8685 = DIRECTION('',(0.,1.,1.59664406852E-17));
#8686 = ORIENTED_EDGE('',*,*,#8687,.F.);
#8687 = EDGE_CURVE('',#8688,#8680,#8690,.T.);
#8688 = VERTEX_POINT('',#8689);
#8689 = CARTESIAN_POINT('',(-0.4,2.655,-0.155));
#8690 = LINE('',#8691,#8692);
#8691 = CARTESIAN_POINT('',(-0.4,2.655,-0.155));
#8692 = VECTOR('',#8693,1.);
#8693 = DIRECTION('',(-1.,-5.605193857299E-45,6.982966722219E-15));
#8694 = ORIENTED_EDGE('',*,*,#8695,.F.);
#8695 = EDGE_CURVE('',#8648,#8688,#8696,.T.);
#8696 = LINE('',#8697,#8698);
#8697 = CARTESIAN_POINT('',(-0.4,0.957373406412,-0.155));
#8698 = VECTOR('',#8699,1.);
#8699 = DIRECTION('',(0.,1.,1.59664406852E-17));
#8700 = ORIENTED_EDGE('',*,*,#8656,.T.);
#8701 = PLANE('',#8702);
#8702 = AXIS2_PLACEMENT_3D('',#8703,#8704,#8705);
#8703 = CARTESIAN_POINT('',(-0.4,0.957373406412,-0.155));
#8704 = DIRECTION('',(6.982966722219E-15,-1.59664406852E-17,1.));
#8705 = DIRECTION('',(1.,0.,-6.982966722219E-15));
#8706 = ADVANCED_FACE('',(#8707),#8734,.T.);
#8707 = FACE_BOUND('',#8708,.T.);
#8708 = EDGE_LOOP('',(#8709,#8718,#8726,#8733));
#8709 = ORIENTED_EDGE('',*,*,#8710,.T.);
#8710 = EDGE_CURVE('',#8680,#8711,#8713,.T.);
#8711 = VERTEX_POINT('',#8712);
#8712 = CARTESIAN_POINT('',(-0.6,2.755,-5.500000000001E-02));
#8713 = CIRCLE('',#8714,1.E-01);
#8714 = AXIS2_PLACEMENT_3D('',#8715,#8716,#8717);
#8715 = CARTESIAN_POINT('',(-0.6,2.655,-5.500000000001E-02));
#8716 = DIRECTION('',(1.,5.605193857299E-45,-6.982966722219E-15));
#8717 = DIRECTION('',(-6.982966722219E-15,-2.677902033388E-60,-1.));
#8718 = ORIENTED_EDGE('',*,*,#8719,.F.);
#8719 = EDGE_CURVE('',#8720,#8711,#8722,.T.);
#8720 = VERTEX_POINT('',#8721);
#8721 = CARTESIAN_POINT('',(-0.4,2.755,-5.500000000002E-02));
#8722 = LINE('',#8723,#8724);
#8723 = CARTESIAN_POINT('',(-0.4,2.755,-5.500000000002E-02));
#8724 = VECTOR('',#8725,1.);
#8725 = DIRECTION('',(-1.,-5.605193857299E-45,6.982966722219E-15));
#8726 = ORIENTED_EDGE('',*,*,#8727,.F.);
#8727 = EDGE_CURVE('',#8688,#8720,#8728,.T.);
#8728 = CIRCLE('',#8729,1.E-01);
#8729 = AXIS2_PLACEMENT_3D('',#8730,#8731,#8732);
#8730 = CARTESIAN_POINT('',(-0.4,2.655,-5.500000000002E-02));
#8731 = DIRECTION('',(1.,5.605193857299E-45,-6.982966722219E-15));
#8732 = DIRECTION('',(-6.982966722219E-15,3.60679645255E-61,-1.));
#8733 = ORIENTED_EDGE('',*,*,#8687,.T.);
#8734 = CYLINDRICAL_SURFACE('',#8735,1.E-01);
#8735 = AXIS2_PLACEMENT_3D('',#8736,#8737,#8738);
#8736 = CARTESIAN_POINT('',(-0.4,2.655,-5.500000000002E-02));
#8737 = DIRECTION('',(-1.,-5.605193857299E-45,6.982966722219E-15));
#8738 = DIRECTION('',(6.982966722219E-15,-3.60679645255E-61,1.));
#8739 = ADVANCED_FACE('',(#8740),#8765,.F.);
#8740 = FACE_BOUND('',#8741,.T.);
#8741 = EDGE_LOOP('',(#8742,#8750,#8758,#8764));
#8742 = ORIENTED_EDGE('',*,*,#8743,.T.);
#8743 = EDGE_CURVE('',#8711,#8744,#8746,.T.);
#8744 = VERTEX_POINT('',#8745);
#8745 = CARTESIAN_POINT('',(-0.6,2.755,9.499999999999E-02));
#8746 = LINE('',#8747,#8748);
#8747 = CARTESIAN_POINT('',(-0.6,2.755,-5.500000000001E-02));
#8748 = VECTOR('',#8749,1.);
#8749 = DIRECTION('',(8.673617379884E-15,0.,1.));
#8750 = ORIENTED_EDGE('',*,*,#8751,.F.);
#8751 = EDGE_CURVE('',#8752,#8744,#8754,.T.);
#8752 = VERTEX_POINT('',#8753);
#8753 = CARTESIAN_POINT('',(-0.4,2.755,9.499999999999E-02));
#8754 = LINE('',#8755,#8756);
#8755 = CARTESIAN_POINT('',(-0.4,2.755,9.499999999999E-02));
#8756 = VECTOR('',#8757,1.);
#8757 = DIRECTION('',(-1.,-5.605193857299E-45,6.982966722219E-15));
#8758 = ORIENTED_EDGE('',*,*,#8759,.F.);
#8759 = EDGE_CURVE('',#8720,#8752,#8760,.T.);
#8760 = LINE('',#8761,#8762);
#8761 = CARTESIAN_POINT('',(-0.4,2.755,-5.500000000002E-02));
#8762 = VECTOR('',#8763,1.);
#8763 = DIRECTION('',(8.673617379884E-15,0.,1.));
#8764 = ORIENTED_EDGE('',*,*,#8719,.T.);
#8765 = PLANE('',#8766);
#8766 = AXIS2_PLACEMENT_3D('',#8767,#8768,#8769);
#8767 = CARTESIAN_POINT('',(-0.4,2.755,-5.500000000002E-02));
#8768 = DIRECTION('',(5.605193857299E-45,-1.,-4.861730685829E-59));
#8769 = DIRECTION('',(1.,5.605193857299E-45,0.));
#8770 = ADVANCED_FACE('',(#8771),#8798,.T.);
#8771 = FACE_BOUND('',#8772,.T.);
#8772 = EDGE_LOOP('',(#8773,#8782,#8790,#8797));
#8773 = ORIENTED_EDGE('',*,*,#8774,.T.);
#8774 = EDGE_CURVE('',#8744,#8775,#8777,.T.);
#8775 = VERTEX_POINT('',#8776);
#8776 = CARTESIAN_POINT('',(-0.6,2.655,0.195));
#8777 = CIRCLE('',#8778,1.E-01);
#8778 = AXIS2_PLACEMENT_3D('',#8779,#8780,#8781);
#8779 = CARTESIAN_POINT('',(-0.6,2.655,9.499999999999E-02));
#8780 = DIRECTION('',(1.,5.605193857299E-45,-6.982966722219E-15));
#8781 = DIRECTION('',(-6.982966722219E-15,-2.677902033388E-60,-1.));
#8782 = ORIENTED_EDGE('',*,*,#8783,.F.);
#8783 = EDGE_CURVE('',#8784,#8775,#8786,.T.);
#8784 = VERTEX_POINT('',#8785);
#8785 = CARTESIAN_POINT('',(-0.4,2.655,0.195));
#8786 = LINE('',#8787,#8788);
#8787 = CARTESIAN_POINT('',(-0.4,2.655,0.195));
#8788 = VECTOR('',#8789,1.);
#8789 = DIRECTION('',(-1.,-5.605193857299E-45,6.982966722219E-15));
#8790 = ORIENTED_EDGE('',*,*,#8791,.F.);
#8791 = EDGE_CURVE('',#8752,#8784,#8792,.T.);
#8792 = CIRCLE('',#8793,1.E-01);
#8793 = AXIS2_PLACEMENT_3D('',#8794,#8795,#8796);
#8794 = CARTESIAN_POINT('',(-0.4,2.655,9.499999999999E-02));
#8795 = DIRECTION('',(1.,5.605193857299E-45,-6.982966722219E-15));
#8796 = DIRECTION('',(-6.982966722219E-15,3.60679645255E-61,-1.));
#8797 = ORIENTED_EDGE('',*,*,#8751,.T.);
#8798 = CYLINDRICAL_SURFACE('',#8799,1.E-01);
#8799 = AXIS2_PLACEMENT_3D('',#8800,#8801,#8802);
#8800 = CARTESIAN_POINT('',(-0.4,2.655,9.499999999999E-02));
#8801 = DIRECTION('',(-1.,-5.605193857299E-45,6.982966722219E-15));
#8802 = DIRECTION('',(6.982966722219E-15,-3.60679645255E-61,1.));
#8803 = ADVANCED_FACE('',(#8804),#8820,.F.);
#8804 = FACE_BOUND('',#8805,.T.);
#8805 = EDGE_LOOP('',(#8806,#8812,#8813,#8819));
#8806 = ORIENTED_EDGE('',*,*,#8807,.T.);
#8807 = EDGE_CURVE('',#8775,#8260,#8808,.T.);
#8808 = LINE('',#8809,#8810);
#8809 = CARTESIAN_POINT('',(-0.6,2.655,0.195));
#8810 = VECTOR('',#8811,1.);
#8811 = DIRECTION('',(0.,-1.,-4.435372523804E-15));
#8812 = ORIENTED_EDGE('',*,*,#8285,.F.);
#8813 = ORIENTED_EDGE('',*,*,#8814,.F.);
#8814 = EDGE_CURVE('',#8784,#8278,#8815,.T.);
#8815 = LINE('',#8816,#8817);
#8816 = CARTESIAN_POINT('',(-0.4,2.655,0.195));
#8817 = VECTOR('',#8818,1.);
#8818 = DIRECTION('',(0.,-1.,-4.435372523804E-15));
#8819 = ORIENTED_EDGE('',*,*,#8783,.T.);
#8820 = PLANE('',#8821);
#8821 = AXIS2_PLACEMENT_3D('',#8822,#8823,#8824);
#8822 = CARTESIAN_POINT('',(-0.4,2.655,0.195));
#8823 = DIRECTION('',(-6.982966722219E-15,4.435372523804E-15,-1.));
#8824 = DIRECTION('',(-1.,0.,6.982966722219E-15));
#8825 = ADVANCED_FACE('',(#8826),#8846,.F.);
#8826 = FACE_BOUND('',#8827,.T.);
#8827 = EDGE_LOOP('',(#8828,#8829,#8830,#8831,#8832,#8833,#8834,#8835,
    #8836,#8837,#8838,#8839,#8840,#8841,#8842,#8843,#8844,#8845));
#8828 = ORIENTED_EDGE('',*,*,#8277,.T.);
#8829 = ORIENTED_EDGE('',*,*,#8315,.T.);
#8830 = ORIENTED_EDGE('',*,*,#8346,.T.);
#8831 = ORIENTED_EDGE('',*,*,#8377,.T.);
#8832 = ORIENTED_EDGE('',*,*,#8408,.T.);
#8833 = ORIENTED_EDGE('',*,*,#8440,.T.);
#8834 = ORIENTED_EDGE('',*,*,#8472,.T.);
#8835 = ORIENTED_EDGE('',*,*,#8504,.T.);
#8836 = ORIENTED_EDGE('',*,*,#8536,.T.);
#8837 = ORIENTED_EDGE('',*,*,#8568,.T.);
#8838 = ORIENTED_EDGE('',*,*,#8600,.T.);
#8839 = ORIENTED_EDGE('',*,*,#8631,.T.);
#8840 = ORIENTED_EDGE('',*,*,#8647,.T.);
#8841 = ORIENTED_EDGE('',*,*,#8695,.T.);
#8842 = ORIENTED_EDGE('',*,*,#8727,.T.);
#8843 = ORIENTED_EDGE('',*,*,#8759,.T.);
#8844 = ORIENTED_EDGE('',*,*,#8791,.T.);
#8845 = ORIENTED_EDGE('',*,*,#8814,.T.);
#8846 = PLANE('',#8847);
#8847 = AXIS2_PLACEMENT_3D('',#8848,#8849,#8850);
#8848 = CARTESIAN_POINT('',(-0.4,0.845,9.499999999999E-02));
#8849 = DIRECTION('',(-1.,-5.605193857299E-45,6.982966722219E-15));
#8850 = DIRECTION('',(6.982966722219E-15,0.,1.));
#8851 = ADVANCED_FACE('',(#8852),#8872,.T.);
#8852 = FACE_BOUND('',#8853,.T.);
#8853 = EDGE_LOOP('',(#8854,#8855,#8856,#8857,#8858,#8859,#8860,#8861,
    #8862,#8863,#8864,#8865,#8866,#8867,#8868,#8869,#8870,#8871));
#8854 = ORIENTED_EDGE('',*,*,#8259,.F.);
#8855 = ORIENTED_EDGE('',*,*,#8807,.F.);
#8856 = ORIENTED_EDGE('',*,*,#8774,.F.);
#8857 = ORIENTED_EDGE('',*,*,#8743,.F.);
#8858 = ORIENTED_EDGE('',*,*,#8710,.F.);
#8859 = ORIENTED_EDGE('',*,*,#8679,.F.);
#8860 = ORIENTED_EDGE('',*,*,#8664,.F.);
#8861 = ORIENTED_EDGE('',*,*,#8615,.F.);
#8862 = ORIENTED_EDGE('',*,*,#8584,.F.);
#8863 = ORIENTED_EDGE('',*,*,#8551,.F.);
#8864 = ORIENTED_EDGE('',*,*,#8520,.F.);
#8865 = ORIENTED_EDGE('',*,*,#8487,.F.);
#8866 = ORIENTED_EDGE('',*,*,#8456,.F.);
#8867 = ORIENTED_EDGE('',*,*,#8423,.F.);
#8868 = ORIENTED_EDGE('',*,*,#8392,.F.);
#8869 = ORIENTED_EDGE('',*,*,#8361,.F.);
#8870 = ORIENTED_EDGE('',*,*,#8330,.F.);
#8871 = ORIENTED_EDGE('',*,*,#8299,.F.);
#8872 = PLANE('',#8873);
#8873 = AXIS2_PLACEMENT_3D('',#8874,#8875,#8876);
#8874 = CARTESIAN_POINT('',(-0.6,0.845,9.499999999999E-02));
#8875 = DIRECTION('',(-1.,-5.605193857299E-45,6.982966722219E-15));
#8876 = DIRECTION('',(6.982966722219E-15,0.,1.));
#8877 = MANIFOLD_SOLID_BREP('',#8878);
#8878 = CLOSED_SHELL('',(#8879,#8919,#8950,#8981,#9012,#9043,#9076,#9107
    ,#9140,#9171,#9204,#9235,#9266,#9299,#9330,#9363,#9394,#9427,#9449,
    #9475));
#8879 = ADVANCED_FACE('',(#8880),#8914,.F.);
#8880 = FACE_BOUND('',#8881,.T.);
#8881 = EDGE_LOOP('',(#8882,#8892,#8900,#8908));
#8882 = ORIENTED_EDGE('',*,*,#8883,.T.);
#8883 = EDGE_CURVE('',#8884,#8886,#8888,.T.);
#8884 = VERTEX_POINT('',#8885);
#8885 = CARTESIAN_POINT('',(1.4,2.435,0.195));
#8886 = VERTEX_POINT('',#8887);
#8887 = CARTESIAN_POINT('',(1.4,2.435,2.645));
#8888 = LINE('',#8889,#8890);
#8889 = CARTESIAN_POINT('',(1.4,2.435,0.895));
#8890 = VECTOR('',#8891,1.);
#8891 = DIRECTION('',(7.186711543332E-15,-2.973811673103E-15,1.));
#8892 = ORIENTED_EDGE('',*,*,#8893,.F.);
#8893 = EDGE_CURVE('',#8894,#8886,#8896,.T.);
#8894 = VERTEX_POINT('',#8895);
#8895 = CARTESIAN_POINT('',(1.6,2.435,2.645));
#8896 = LINE('',#8897,#8898);
#8897 = CARTESIAN_POINT('',(1.6,2.435,2.645));
#8898 = VECTOR('',#8899,1.);
#8899 = DIRECTION('',(-1.,-5.605193857299E-45,6.982966722219E-15));
#8900 = ORIENTED_EDGE('',*,*,#8901,.F.);
#8901 = EDGE_CURVE('',#8902,#8894,#8904,.T.);
#8902 = VERTEX_POINT('',#8903);
#8903 = CARTESIAN_POINT('',(1.6,2.435,0.195));
#8904 = LINE('',#8905,#8906);
#8905 = CARTESIAN_POINT('',(1.6,2.435,0.195));
#8906 = VECTOR('',#8907,1.);
#8907 = DIRECTION('',(6.814985084195E-15,0.,1.));
#8908 = ORIENTED_EDGE('',*,*,#8909,.T.);
#8909 = EDGE_CURVE('',#8902,#8884,#8910,.T.);
#8910 = LINE('',#8911,#8912);
#8911 = CARTESIAN_POINT('',(1.6,2.435,0.195));
#8912 = VECTOR('',#8913,1.);
#8913 = DIRECTION('',(-1.,-5.605193857299E-45,6.982966722219E-15));
#8914 = PLANE('',#8915);
#8915 = AXIS2_PLACEMENT_3D('',#8916,#8917,#8918);
#8916 = CARTESIAN_POINT('',(1.6,2.435,0.895));
#8917 = DIRECTION('',(-2.076602795142E-29,-1.,-2.973811673103E-15));
#8918 = DIRECTION('',(0.,2.973811673103E-15,-1.));
#8919 = ADVANCED_FACE('',(#8920),#8945,.F.);
#8920 = FACE_BOUND('',#8921,.T.);
#8921 = EDGE_LOOP('',(#8922,#8930,#8938,#8944));
#8922 = ORIENTED_EDGE('',*,*,#8923,.T.);
#8923 = EDGE_CURVE('',#8886,#8924,#8926,.T.);
#8924 = VERTEX_POINT('',#8925);
#8925 = CARTESIAN_POINT('',(1.4,2.085,2.645));
#8926 = LINE('',#8927,#8928);
#8927 = CARTESIAN_POINT('',(1.4,2.435,2.645));
#8928 = VECTOR('',#8929,1.);
#8929 = DIRECTION('',(0.,-1.,-1.239088197126E-15));
#8930 = ORIENTED_EDGE('',*,*,#8931,.F.);
#8931 = EDGE_CURVE('',#8932,#8924,#8934,.T.);
#8932 = VERTEX_POINT('',#8933);
#8933 = CARTESIAN_POINT('',(1.6,2.085,2.645));
#8934 = LINE('',#8935,#8936);
#8935 = CARTESIAN_POINT('',(1.6,2.085,2.645));
#8936 = VECTOR('',#8937,1.);
#8937 = DIRECTION('',(-1.,-5.605193857299E-45,6.982966722219E-15));
#8938 = ORIENTED_EDGE('',*,*,#8939,.F.);
#8939 = EDGE_CURVE('',#8894,#8932,#8940,.T.);
#8940 = LINE('',#8941,#8942);
#8941 = CARTESIAN_POINT('',(1.6,2.435,2.645));
#8942 = VECTOR('',#8943,1.);
#8943 = DIRECTION('',(0.,-1.,-1.239088197126E-15));
#8944 = ORIENTED_EDGE('',*,*,#8893,.T.);
#8945 = PLANE('',#8946);
#8946 = AXIS2_PLACEMENT_3D('',#8947,#8948,#8949);
#8947 = CARTESIAN_POINT('',(1.6,2.435,2.645));
#8948 = DIRECTION('',(-6.982966722219E-15,1.239088197126E-15,-1.));
#8949 = DIRECTION('',(-1.,0.,6.982966722219E-15));
#8950 = ADVANCED_FACE('',(#8951),#8976,.F.);
#8951 = FACE_BOUND('',#8952,.T.);
#8952 = EDGE_LOOP('',(#8953,#8961,#8969,#8975));
#8953 = ORIENTED_EDGE('',*,*,#8954,.T.);
#8954 = EDGE_CURVE('',#8924,#8955,#8957,.T.);
#8955 = VERTEX_POINT('',#8956);
#8956 = CARTESIAN_POINT('',(1.4,1.955,0.895));
#8957 = LINE('',#8958,#8959);
#8958 = CARTESIAN_POINT('',(1.4,2.085,2.645));
#8959 = VECTOR('',#8960,1.);
#8960 = DIRECTION('',(-7.166963780252E-15,-7.408159078957E-02,
    -0.997252183706));
#8961 = ORIENTED_EDGE('',*,*,#8962,.F.);
#8962 = EDGE_CURVE('',#8963,#8955,#8965,.T.);
#8963 = VERTEX_POINT('',#8964);
#8964 = CARTESIAN_POINT('',(1.6,1.955,0.895));
#8965 = LINE('',#8966,#8967);
#8966 = CARTESIAN_POINT('',(1.6,1.955,0.895));
#8967 = VECTOR('',#8968,1.);
#8968 = DIRECTION('',(-1.,-5.605193857299E-45,6.982966722219E-15));
#8969 = ORIENTED_EDGE('',*,*,#8970,.F.);
#8970 = EDGE_CURVE('',#8932,#8963,#8971,.T.);
#8971 = LINE('',#8972,#8973);
#8972 = CARTESIAN_POINT('',(1.6,2.085,2.645));
#8973 = VECTOR('',#8974,1.);
#8974 = DIRECTION('',(-7.166963780252E-15,-7.408159078957E-02,
    -0.997252183706));
#8975 = ORIENTED_EDGE('',*,*,#8931,.T.);
#8976 = PLANE('',#8977);
#8977 = AXIS2_PLACEMENT_3D('',#8978,#8979,#8980);
#8978 = CARTESIAN_POINT('',(1.6,2.085,2.645));
#8979 = DIRECTION('',(-5.173092832126E-16,0.997252183706,
    -7.408159078957E-02));
#8980 = DIRECTION('',(0.,7.408159078957E-02,0.997252183706));
#8981 = ADVANCED_FACE('',(#8982),#9007,.F.);
#8982 = FACE_BOUND('',#8983,.T.);
#8983 = EDGE_LOOP('',(#8984,#8992,#9000,#9006));
#8984 = ORIENTED_EDGE('',*,*,#8985,.T.);
#8985 = EDGE_CURVE('',#8955,#8986,#8988,.T.);
#8986 = VERTEX_POINT('',#8987);
#8987 = CARTESIAN_POINT('',(1.4,1.955,0.195));
#8988 = LINE('',#8989,#8990);
#8989 = CARTESIAN_POINT('',(1.4,1.955,0.895));
#8990 = VECTOR('',#8991,1.);
#8991 = DIRECTION('',(-6.814985084195E-15,0.,-1.));
#8992 = ORIENTED_EDGE('',*,*,#8993,.F.);
#8993 = EDGE_CURVE('',#8994,#8986,#8996,.T.);
#8994 = VERTEX_POINT('',#8995);
#8995 = CARTESIAN_POINT('',(1.6,1.955,0.195));
#8996 = LINE('',#8997,#8998);
#8997 = CARTESIAN_POINT('',(1.6,1.955,0.195));
#8998 = VECTOR('',#8999,1.);
#8999 = DIRECTION('',(-1.,-5.605193857299E-45,6.982966722219E-15));
#9000 = ORIENTED_EDGE('',*,*,#9001,.F.);
#9001 = EDGE_CURVE('',#8963,#8994,#9002,.T.);
#9002 = LINE('',#9003,#9004);
#9003 = CARTESIAN_POINT('',(1.6,1.955,0.895));
#9004 = VECTOR('',#9005,1.);
#9005 = DIRECTION('',(-6.814985084195E-15,0.,-1.));
#9006 = ORIENTED_EDGE('',*,*,#8962,.T.);
#9007 = PLANE('',#9008);
#9008 = AXIS2_PLACEMENT_3D('',#9009,#9010,#9011);
#9009 = CARTESIAN_POINT('',(1.6,1.955,0.895));
#9010 = DIRECTION('',(-5.605193857299E-45,1.,3.819931253151E-59));
#9011 = DIRECTION('',(-1.,-5.605193857299E-45,0.));
#9012 = ADVANCED_FACE('',(#9013),#9038,.F.);
#9013 = FACE_BOUND('',#9014,.T.);
#9014 = EDGE_LOOP('',(#9015,#9023,#9031,#9037));
#9015 = ORIENTED_EDGE('',*,*,#9016,.T.);
#9016 = EDGE_CURVE('',#8986,#9017,#9019,.T.);
#9017 = VERTEX_POINT('',#9018);
#9018 = CARTESIAN_POINT('',(1.4,0.845,0.195));
#9019 = LINE('',#9020,#9021);
#9020 = CARTESIAN_POINT('',(1.4,0.845,0.195));
#9021 = VECTOR('',#9022,1.);
#9022 = DIRECTION('',(-0.,-1.,2.490734720575E-15));
#9023 = ORIENTED_EDGE('',*,*,#9024,.F.);
#9024 = EDGE_CURVE('',#9025,#9017,#9027,.T.);
#9025 = VERTEX_POINT('',#9026);
#9026 = CARTESIAN_POINT('',(1.6,0.845,0.195));
#9027 = LINE('',#9028,#9029);
#9028 = CARTESIAN_POINT('',(1.6,0.845,0.195));
#9029 = VECTOR('',#9030,1.);
#9030 = DIRECTION('',(-1.,-5.605193857299E-45,6.982966722219E-15));
#9031 = ORIENTED_EDGE('',*,*,#9032,.F.);
#9032 = EDGE_CURVE('',#8994,#9025,#9033,.T.);
#9033 = LINE('',#9034,#9035);
#9034 = CARTESIAN_POINT('',(1.6,0.845,0.195));
#9035 = VECTOR('',#9036,1.);
#9036 = DIRECTION('',(-0.,-1.,2.490734720575E-15));
#9037 = ORIENTED_EDGE('',*,*,#8993,.T.);
#9038 = PLANE('',#9039);
#9039 = AXIS2_PLACEMENT_3D('',#9040,#9041,#9042);
#9040 = CARTESIAN_POINT('',(1.6,0.845,0.195));
#9041 = DIRECTION('',(-6.982966722219E-15,-2.490734720575E-15,-1.));
#9042 = DIRECTION('',(-1.,0.,6.982966722219E-15));
#9043 = ADVANCED_FACE('',(#9044),#9071,.T.);
#9044 = FACE_BOUND('',#9045,.T.);
#9045 = EDGE_LOOP('',(#9046,#9055,#9063,#9070));
#9046 = ORIENTED_EDGE('',*,*,#9047,.T.);
#9047 = EDGE_CURVE('',#9017,#9048,#9050,.T.);
#9048 = VERTEX_POINT('',#9049);
#9049 = CARTESIAN_POINT('',(1.4,0.774289321881,0.165710678119));
#9050 = CIRCLE('',#9051,0.1);
#9051 = AXIS2_PLACEMENT_3D('',#9052,#9053,#9054);
#9052 = CARTESIAN_POINT('',(1.4,0.845,9.499999999999E-02));
#9053 = DIRECTION('',(1.,5.605193857299E-45,-6.982966722219E-15));
#9054 = DIRECTION('',(6.982966722219E-15,2.677902033388E-60,1.));
#9055 = ORIENTED_EDGE('',*,*,#9056,.F.);
#9056 = EDGE_CURVE('',#9057,#9048,#9059,.T.);
#9057 = VERTEX_POINT('',#9058);
#9058 = CARTESIAN_POINT('',(1.6,0.774289321881,0.165710678119));
#9059 = LINE('',#9060,#9061);
#9060 = CARTESIAN_POINT('',(1.6,0.774289321881,0.165710678119));
#9061 = VECTOR('',#9062,1.);
#9062 = DIRECTION('',(-1.,-5.605193857299E-45,6.982966722219E-15));
#9063 = ORIENTED_EDGE('',*,*,#9064,.F.);
#9064 = EDGE_CURVE('',#9025,#9057,#9065,.T.);
#9065 = CIRCLE('',#9066,0.1);
#9066 = AXIS2_PLACEMENT_3D('',#9067,#9068,#9069);
#9067 = CARTESIAN_POINT('',(1.6,0.845,9.499999999999E-02));
#9068 = DIRECTION('',(1.,5.605193857299E-45,-6.982966722219E-15));
#9069 = DIRECTION('',(6.982966722219E-15,2.677902033388E-60,1.));
#9070 = ORIENTED_EDGE('',*,*,#9024,.T.);
#9071 = CYLINDRICAL_SURFACE('',#9072,0.1);
#9072 = AXIS2_PLACEMENT_3D('',#9073,#9074,#9075);
#9073 = CARTESIAN_POINT('',(1.6,0.845,9.499999999999E-02));
#9074 = DIRECTION('',(-1.,-5.605193857299E-45,6.982966722219E-15));
#9075 = DIRECTION('',(6.982966722219E-15,2.677902033388E-60,1.));
#9076 = ADVANCED_FACE('',(#9077),#9102,.F.);
#9077 = FACE_BOUND('',#9078,.T.);
#9078 = EDGE_LOOP('',(#9079,#9087,#9095,#9101));
#9079 = ORIENTED_EDGE('',*,*,#9080,.T.);
#9080 = EDGE_CURVE('',#9048,#9081,#9083,.T.);
#9081 = VERTEX_POINT('',#9082);
#9082 = CARTESIAN_POINT('',(1.4,0.324289321881,-0.284289321881));
#9083 = LINE('',#9084,#9085);
#9084 = CARTESIAN_POINT('',(1.4,0.324289321881,-0.284289321881));
#9085 = VECTOR('',#9086,1.);
#9086 = DIRECTION('',(-5.451709925985E-15,-0.707106781187,
    -0.707106781187));
#9087 = ORIENTED_EDGE('',*,*,#9088,.F.);
#9088 = EDGE_CURVE('',#9089,#9081,#9091,.T.);
#9089 = VERTEX_POINT('',#9090);
#9090 = CARTESIAN_POINT('',(1.6,0.324289321881,-0.284289321881));
#9091 = LINE('',#9092,#9093);
#9092 = CARTESIAN_POINT('',(1.6,0.324289321881,-0.284289321881));
#9093 = VECTOR('',#9094,1.);
#9094 = DIRECTION('',(-1.,-5.605193857299E-45,6.982966722219E-15));
#9095 = ORIENTED_EDGE('',*,*,#9096,.F.);
#9096 = EDGE_CURVE('',#9057,#9089,#9097,.T.);
#9097 = LINE('',#9098,#9099);
#9098 = CARTESIAN_POINT('',(1.6,0.324289321881,-0.284289321881));
#9099 = VECTOR('',#9100,1.);
#9100 = DIRECTION('',(-5.451709925985E-15,-0.707106781187,
    -0.707106781187));
#9101 = ORIENTED_EDGE('',*,*,#9056,.T.);
#9102 = PLANE('',#9103);
#9103 = AXIS2_PLACEMENT_3D('',#9104,#9105,#9106);
#9104 = CARTESIAN_POINT('',(1.6,0.324289321881,-0.284289321881));
#9105 = DIRECTION('',(-4.937703122081E-15,0.707106781187,-0.707106781187
    ));
#9106 = DIRECTION('',(0.,0.707106781187,0.707106781187));
#9107 = ADVANCED_FACE('',(#9108),#9135,.T.);
#9108 = FACE_BOUND('',#9109,.T.);
#9109 = EDGE_LOOP('',(#9110,#9119,#9127,#9134));
#9110 = ORIENTED_EDGE('',*,*,#9111,.T.);
#9111 = EDGE_CURVE('',#9081,#9112,#9114,.T.);
#9112 = VERTEX_POINT('',#9113);
#9113 = CARTESIAN_POINT('',(1.4,0.295,-0.355));
#9114 = CIRCLE('',#9115,1.E-01);
#9115 = AXIS2_PLACEMENT_3D('',#9116,#9117,#9118);
#9116 = CARTESIAN_POINT('',(1.4,0.395,-0.355));
#9117 = DIRECTION('',(1.,5.605193857299E-45,-6.982966722219E-15));
#9118 = DIRECTION('',(6.982966722219E-15,2.677902033388E-60,1.));
#9119 = ORIENTED_EDGE('',*,*,#9120,.F.);
#9120 = EDGE_CURVE('',#9121,#9112,#9123,.T.);
#9121 = VERTEX_POINT('',#9122);
#9122 = CARTESIAN_POINT('',(1.6,0.295,-0.355));
#9123 = LINE('',#9124,#9125);
#9124 = CARTESIAN_POINT('',(1.6,0.295,-0.355));
#9125 = VECTOR('',#9126,1.);
#9126 = DIRECTION('',(-1.,-5.605193857299E-45,6.982966722219E-15));
#9127 = ORIENTED_EDGE('',*,*,#9128,.F.);
#9128 = EDGE_CURVE('',#9089,#9121,#9129,.T.);
#9129 = CIRCLE('',#9130,1.E-01);
#9130 = AXIS2_PLACEMENT_3D('',#9131,#9132,#9133);
#9131 = CARTESIAN_POINT('',(1.6,0.395,-0.355));
#9132 = DIRECTION('',(1.,5.605193857299E-45,-6.982966722219E-15));
#9133 = DIRECTION('',(6.982966722219E-15,2.677902033388E-60,1.));
#9134 = ORIENTED_EDGE('',*,*,#9088,.T.);
#9135 = CYLINDRICAL_SURFACE('',#9136,1.E-01);
#9136 = AXIS2_PLACEMENT_3D('',#9137,#9138,#9139);
#9137 = CARTESIAN_POINT('',(1.6,0.395,-0.355));
#9138 = DIRECTION('',(-1.,-5.605193857299E-45,6.982966722219E-15));
#9139 = DIRECTION('',(6.982966722219E-15,2.677902033388E-60,1.));
#9140 = ADVANCED_FACE('',(#9141),#9166,.F.);
#9141 = FACE_BOUND('',#9142,.T.);
#9142 = EDGE_LOOP('',(#9143,#9151,#9159,#9165));
#9143 = ORIENTED_EDGE('',*,*,#9144,.T.);
#9144 = EDGE_CURVE('',#9112,#9145,#9147,.T.);
#9145 = VERTEX_POINT('',#9146);
#9146 = CARTESIAN_POINT('',(1.4,0.295,-0.955));
#9147 = LINE('',#9148,#9149);
#9148 = CARTESIAN_POINT('',(1.4,0.295,-0.355));
#9149 = VECTOR('',#9150,1.);
#9150 = DIRECTION('',(-6.505213034913E-15,9.035018104046E-17,-1.));
#9151 = ORIENTED_EDGE('',*,*,#9152,.F.);
#9152 = EDGE_CURVE('',#9153,#9145,#9155,.T.);
#9153 = VERTEX_POINT('',#9154);
#9154 = CARTESIAN_POINT('',(1.6,0.295,-0.955));
#9155 = LINE('',#9156,#9157);
#9156 = CARTESIAN_POINT('',(1.6,0.295,-0.955));
#9157 = VECTOR('',#9158,1.);
#9158 = DIRECTION('',(-1.,-5.605193857299E-45,6.982966722219E-15));
#9159 = ORIENTED_EDGE('',*,*,#9160,.F.);
#9160 = EDGE_CURVE('',#9121,#9153,#9161,.T.);
#9161 = LINE('',#9162,#9163);
#9162 = CARTESIAN_POINT('',(1.6,0.295,-0.355));
#9163 = VECTOR('',#9164,1.);
#9164 = DIRECTION('',(-6.505213034913E-15,9.035018104046E-17,-1.));
#9165 = ORIENTED_EDGE('',*,*,#9120,.T.);
#9166 = PLANE('',#9167);
#9167 = AXIS2_PLACEMENT_3D('',#9168,#9169,#9170);
#9168 = CARTESIAN_POINT('',(1.6,0.295,-0.355));
#9169 = DIRECTION('',(6.30912307552E-31,1.,9.035018104046E-17));
#9170 = DIRECTION('',(0.,-9.035018104046E-17,1.));
#9171 = ADVANCED_FACE('',(#9172),#9199,.T.);
#9172 = FACE_BOUND('',#9173,.T.);
#9173 = EDGE_LOOP('',(#9174,#9183,#9191,#9198));
#9174 = ORIENTED_EDGE('',*,*,#9175,.T.);
#9175 = EDGE_CURVE('',#9145,#9176,#9178,.T.);
#9176 = VERTEX_POINT('',#9177);
#9177 = CARTESIAN_POINT('',(1.4,0.495,-0.955));
#9178 = CIRCLE('',#9179,0.1);
#9179 = AXIS2_PLACEMENT_3D('',#9180,#9181,#9182);
#9180 = CARTESIAN_POINT('',(1.4,0.395,-0.955));
#9181 = DIRECTION('',(1.,5.605193857299E-45,-6.982966722219E-15));
#9182 = DIRECTION('',(-6.982966722219E-15,-2.677902033389E-60,-1.));
#9183 = ORIENTED_EDGE('',*,*,#9184,.F.);
#9184 = EDGE_CURVE('',#9185,#9176,#9187,.T.);
#9185 = VERTEX_POINT('',#9186);
#9186 = CARTESIAN_POINT('',(1.6,0.495,-0.955));
#9187 = LINE('',#9188,#9189);
#9188 = CARTESIAN_POINT('',(1.6,0.495,-0.955));
#9189 = VECTOR('',#9190,1.);
#9190 = DIRECTION('',(-1.,-5.605193857299E-45,6.982966722219E-15));
#9191 = ORIENTED_EDGE('',*,*,#9192,.F.);
#9192 = EDGE_CURVE('',#9153,#9185,#9193,.T.);
#9193 = CIRCLE('',#9194,0.1);
#9194 = AXIS2_PLACEMENT_3D('',#9195,#9196,#9197);
#9195 = CARTESIAN_POINT('',(1.6,0.395,-0.955));
#9196 = DIRECTION('',(1.,5.605193857299E-45,-6.982966722219E-15));
#9197 = DIRECTION('',(-6.982966722219E-15,-2.677902033388E-60,-1.));
#9198 = ORIENTED_EDGE('',*,*,#9152,.T.);
#9199 = CYLINDRICAL_SURFACE('',#9200,0.1);
#9200 = AXIS2_PLACEMENT_3D('',#9201,#9202,#9203);
#9201 = CARTESIAN_POINT('',(1.6,0.395,-0.955));
#9202 = DIRECTION('',(-1.,-5.605193857299E-45,6.982966722219E-15));
#9203 = DIRECTION('',(6.982966722219E-15,2.677902033388E-60,1.));
#9204 = ADVANCED_FACE('',(#9205),#9230,.F.);
#9205 = FACE_BOUND('',#9206,.T.);
#9206 = EDGE_LOOP('',(#9207,#9215,#9223,#9229));
#9207 = ORIENTED_EDGE('',*,*,#9208,.T.);
#9208 = EDGE_CURVE('',#9176,#9209,#9211,.T.);
#9209 = VERTEX_POINT('',#9210);
#9210 = CARTESIAN_POINT('',(1.4,0.495,-0.575952050175));
#9211 = LINE('',#9212,#9213);
#9212 = CARTESIAN_POINT('',(1.4,0.495,-0.955));
#9213 = VECTOR('',#9214,1.);
#9214 = DIRECTION('',(6.864791684448E-15,0.,1.));
#9215 = ORIENTED_EDGE('',*,*,#9216,.F.);
#9216 = EDGE_CURVE('',#9217,#9209,#9219,.T.);
#9217 = VERTEX_POINT('',#9218);
#9218 = CARTESIAN_POINT('',(1.6,0.495,-0.575952050175));
#9219 = LINE('',#9220,#9221);
#9220 = CARTESIAN_POINT('',(1.6,0.495,-0.575952050175));
#9221 = VECTOR('',#9222,1.);
#9222 = DIRECTION('',(-1.,-5.605193857299E-45,6.982966722219E-15));
#9223 = ORIENTED_EDGE('',*,*,#9224,.F.);
#9224 = EDGE_CURVE('',#9185,#9217,#9225,.T.);
#9225 = LINE('',#9226,#9227);
#9226 = CARTESIAN_POINT('',(1.6,0.495,-0.955));
#9227 = VECTOR('',#9228,1.);
#9228 = DIRECTION('',(6.864791684448E-15,0.,1.));
#9229 = ORIENTED_EDGE('',*,*,#9184,.T.);
#9230 = PLANE('',#9231);
#9231 = AXIS2_PLACEMENT_3D('',#9232,#9233,#9234);
#9232 = CARTESIAN_POINT('',(1.6,0.495,-0.955));
#9233 = DIRECTION('',(5.605193857299E-45,-1.,-3.847848818131E-59));
#9234 = DIRECTION('',(1.,5.605193857299E-45,0.));
#9235 = ADVANCED_FACE('',(#9236),#9261,.F.);
#9236 = FACE_BOUND('',#9237,.T.);
#9237 = EDGE_LOOP('',(#9238,#9246,#9254,#9260));
#9238 = ORIENTED_EDGE('',*,*,#9239,.T.);
#9239 = EDGE_CURVE('',#9209,#9240,#9242,.T.);
#9240 = VERTEX_POINT('',#9241);
#9241 = CARTESIAN_POINT('',(1.4,0.886662728294,-0.184289321881));
#9242 = LINE('',#9243,#9244);
#9243 = CARTESIAN_POINT('',(1.4,0.495,-0.575952050175));
#9244 = VECTOR('',#9245,1.);
#9245 = DIRECTION('',(4.69779728093E-15,0.707106781187,0.707106781187));
#9246 = ORIENTED_EDGE('',*,*,#9247,.F.);
#9247 = EDGE_CURVE('',#9248,#9240,#9250,.T.);
#9248 = VERTEX_POINT('',#9249);
#9249 = CARTESIAN_POINT('',(1.6,0.886662728294,-0.184289321881));
#9250 = LINE('',#9251,#9252);
#9251 = CARTESIAN_POINT('',(1.6,0.886662728294,-0.184289321881));
#9252 = VECTOR('',#9253,1.);
#9253 = DIRECTION('',(-1.,-5.605193857299E-45,6.982966722219E-15));
#9254 = ORIENTED_EDGE('',*,*,#9255,.F.);
#9255 = EDGE_CURVE('',#9217,#9248,#9256,.T.);
#9256 = LINE('',#9257,#9258);
#9257 = CARTESIAN_POINT('',(1.6,0.495,-0.575952050175));
#9258 = VECTOR('',#9259,1.);
#9259 = DIRECTION('',(4.69779728093E-15,0.707106781187,0.707106781187));
#9260 = ORIENTED_EDGE('',*,*,#9216,.T.);
#9261 = PLANE('',#9262);
#9262 = AXIS2_PLACEMENT_3D('',#9263,#9264,#9265);
#9263 = CARTESIAN_POINT('',(1.6,0.495,-0.575952050175));
#9264 = DIRECTION('',(4.937703122081E-15,-0.707106781187,0.707106781187)
  );
#9265 = DIRECTION('',(0.,-0.707106781187,-0.707106781187));
#9266 = ADVANCED_FACE('',(#9267),#9294,.F.);
#9267 = FACE_BOUND('',#9268,.F.);
#9268 = EDGE_LOOP('',(#9269,#9270,#9279,#9287));
#9269 = ORIENTED_EDGE('',*,*,#9247,.F.);
#9270 = ORIENTED_EDGE('',*,*,#9271,.T.);
#9271 = EDGE_CURVE('',#9248,#9272,#9274,.T.);
#9272 = VERTEX_POINT('',#9273);
#9273 = CARTESIAN_POINT('',(1.6,0.957373406412,-0.155));
#9274 = CIRCLE('',#9275,0.1);
#9275 = AXIS2_PLACEMENT_3D('',#9276,#9277,#9278);
#9276 = CARTESIAN_POINT('',(1.6,0.957373406412,-0.255));
#9277 = DIRECTION('',(-1.,-5.605193857299E-45,6.982966722219E-15));
#9278 = DIRECTION('',(6.982966722219E-15,2.677902033388E-60,1.));
#9279 = ORIENTED_EDGE('',*,*,#9280,.T.);
#9280 = EDGE_CURVE('',#9272,#9281,#9283,.T.);
#9281 = VERTEX_POINT('',#9282);
#9282 = CARTESIAN_POINT('',(1.4,0.957373406412,-0.155));
#9283 = LINE('',#9284,#9285);
#9284 = CARTESIAN_POINT('',(1.6,0.957373406412,-0.155));
#9285 = VECTOR('',#9286,1.);
#9286 = DIRECTION('',(-1.,-5.605193857299E-45,6.982966722219E-15));
#9287 = ORIENTED_EDGE('',*,*,#9288,.F.);
#9288 = EDGE_CURVE('',#9240,#9281,#9289,.T.);
#9289 = CIRCLE('',#9290,0.1);
#9290 = AXIS2_PLACEMENT_3D('',#9291,#9292,#9293);
#9291 = CARTESIAN_POINT('',(1.4,0.957373406412,-0.255));
#9292 = DIRECTION('',(-1.,-5.605193857299E-45,6.982966722219E-15));
#9293 = DIRECTION('',(6.982966722219E-15,2.677902033388E-60,1.));
#9294 = CYLINDRICAL_SURFACE('',#9295,0.1);
#9295 = AXIS2_PLACEMENT_3D('',#9296,#9297,#9298);
#9296 = CARTESIAN_POINT('',(1.6,0.957373406412,-0.255));
#9297 = DIRECTION('',(-1.,-5.605193857299E-45,6.982966722219E-15));
#9298 = DIRECTION('',(6.982966722219E-15,2.677902033388E-60,1.));
#9299 = ADVANCED_FACE('',(#9300),#9325,.F.);
#9300 = FACE_BOUND('',#9301,.T.);
#9301 = EDGE_LOOP('',(#9302,#9310,#9318,#9324));
#9302 = ORIENTED_EDGE('',*,*,#9303,.T.);
#9303 = EDGE_CURVE('',#9281,#9304,#9306,.T.);
#9304 = VERTEX_POINT('',#9305);
#9305 = CARTESIAN_POINT('',(1.4,2.655,-0.155));
#9306 = LINE('',#9307,#9308);
#9307 = CARTESIAN_POINT('',(1.4,0.957373406412,-0.155));
#9308 = VECTOR('',#9309,1.);
#9309 = DIRECTION('',(0.,1.,1.59664406852E-17));
#9310 = ORIENTED_EDGE('',*,*,#9311,.F.);
#9311 = EDGE_CURVE('',#9312,#9304,#9314,.T.);
#9312 = VERTEX_POINT('',#9313);
#9313 = CARTESIAN_POINT('',(1.6,2.655,-0.155));
#9314 = LINE('',#9315,#9316);
#9315 = CARTESIAN_POINT('',(1.6,2.655,-0.155));
#9316 = VECTOR('',#9317,1.);
#9317 = DIRECTION('',(-1.,-5.605193857299E-45,6.982966722219E-15));
#9318 = ORIENTED_EDGE('',*,*,#9319,.F.);
#9319 = EDGE_CURVE('',#9272,#9312,#9320,.T.);
#9320 = LINE('',#9321,#9322);
#9321 = CARTESIAN_POINT('',(1.6,0.957373406412,-0.155));
#9322 = VECTOR('',#9323,1.);
#9323 = DIRECTION('',(0.,1.,1.59664406852E-17));
#9324 = ORIENTED_EDGE('',*,*,#9280,.T.);
#9325 = PLANE('',#9326);
#9326 = AXIS2_PLACEMENT_3D('',#9327,#9328,#9329);
#9327 = CARTESIAN_POINT('',(1.6,0.957373406412,-0.155));
#9328 = DIRECTION('',(6.982966722219E-15,-1.59664406852E-17,1.));
#9329 = DIRECTION('',(1.,0.,-6.982966722219E-15));
#9330 = ADVANCED_FACE('',(#9331),#9358,.T.);
#9331 = FACE_BOUND('',#9332,.T.);
#9332 = EDGE_LOOP('',(#9333,#9342,#9350,#9357));
#9333 = ORIENTED_EDGE('',*,*,#9334,.T.);
#9334 = EDGE_CURVE('',#9304,#9335,#9337,.T.);
#9335 = VERTEX_POINT('',#9336);
#9336 = CARTESIAN_POINT('',(1.4,2.755,-5.500000000001E-02));
#9337 = CIRCLE('',#9338,1.E-01);
#9338 = AXIS2_PLACEMENT_3D('',#9339,#9340,#9341);
#9339 = CARTESIAN_POINT('',(1.4,2.655,-5.500000000001E-02));
#9340 = DIRECTION('',(1.,5.605193857299E-45,-6.982966722219E-15));
#9341 = DIRECTION('',(-6.982966722219E-15,-2.677902033388E-60,-1.));
#9342 = ORIENTED_EDGE('',*,*,#9343,.F.);
#9343 = EDGE_CURVE('',#9344,#9335,#9346,.T.);
#9344 = VERTEX_POINT('',#9345);
#9345 = CARTESIAN_POINT('',(1.6,2.755,-5.500000000002E-02));
#9346 = LINE('',#9347,#9348);
#9347 = CARTESIAN_POINT('',(1.6,2.755,-5.500000000002E-02));
#9348 = VECTOR('',#9349,1.);
#9349 = DIRECTION('',(-1.,-5.605193857299E-45,6.982966722219E-15));
#9350 = ORIENTED_EDGE('',*,*,#9351,.F.);
#9351 = EDGE_CURVE('',#9312,#9344,#9352,.T.);
#9352 = CIRCLE('',#9353,1.E-01);
#9353 = AXIS2_PLACEMENT_3D('',#9354,#9355,#9356);
#9354 = CARTESIAN_POINT('',(1.6,2.655,-5.500000000002E-02));
#9355 = DIRECTION('',(1.,5.605193857299E-45,-6.982966722219E-15));
#9356 = DIRECTION('',(-6.982966722219E-15,-2.677902033388E-60,-1.));
#9357 = ORIENTED_EDGE('',*,*,#9311,.T.);
#9358 = CYLINDRICAL_SURFACE('',#9359,1.E-01);
#9359 = AXIS2_PLACEMENT_3D('',#9360,#9361,#9362);
#9360 = CARTESIAN_POINT('',(1.6,2.655,-5.500000000002E-02));
#9361 = DIRECTION('',(-1.,-5.605193857299E-45,6.982966722219E-15));
#9362 = DIRECTION('',(6.982966722219E-15,2.677902033388E-60,1.));
#9363 = ADVANCED_FACE('',(#9364),#9389,.F.);
#9364 = FACE_BOUND('',#9365,.T.);
#9365 = EDGE_LOOP('',(#9366,#9374,#9382,#9388));
#9366 = ORIENTED_EDGE('',*,*,#9367,.T.);
#9367 = EDGE_CURVE('',#9335,#9368,#9370,.T.);
#9368 = VERTEX_POINT('',#9369);
#9369 = CARTESIAN_POINT('',(1.4,2.755,9.499999999999E-02));
#9370 = LINE('',#9371,#9372);
#9371 = CARTESIAN_POINT('',(1.4,2.755,-5.500000000001E-02));
#9372 = VECTOR('',#9373,1.);
#9373 = DIRECTION('',(8.673617379884E-15,0.,1.));
#9374 = ORIENTED_EDGE('',*,*,#9375,.F.);
#9375 = EDGE_CURVE('',#9376,#9368,#9378,.T.);
#9376 = VERTEX_POINT('',#9377);
#9377 = CARTESIAN_POINT('',(1.6,2.755,9.499999999999E-02));
#9378 = LINE('',#9379,#9380);
#9379 = CARTESIAN_POINT('',(1.6,2.755,9.499999999999E-02));
#9380 = VECTOR('',#9381,1.);
#9381 = DIRECTION('',(-1.,-5.605193857299E-45,6.982966722219E-15));
#9382 = ORIENTED_EDGE('',*,*,#9383,.F.);
#9383 = EDGE_CURVE('',#9344,#9376,#9384,.T.);
#9384 = LINE('',#9385,#9386);
#9385 = CARTESIAN_POINT('',(1.6,2.755,-5.500000000002E-02));
#9386 = VECTOR('',#9387,1.);
#9387 = DIRECTION('',(8.673617379884E-15,0.,1.));
#9388 = ORIENTED_EDGE('',*,*,#9343,.T.);
#9389 = PLANE('',#9390);
#9390 = AXIS2_PLACEMENT_3D('',#9391,#9392,#9393);
#9391 = CARTESIAN_POINT('',(1.6,2.755,-5.500000000002E-02));
#9392 = DIRECTION('',(5.605193857299E-45,-1.,-4.861730685829E-59));
#9393 = DIRECTION('',(1.,5.605193857299E-45,0.));
#9394 = ADVANCED_FACE('',(#9395),#9422,.T.);
#9395 = FACE_BOUND('',#9396,.T.);
#9396 = EDGE_LOOP('',(#9397,#9406,#9414,#9421));
#9397 = ORIENTED_EDGE('',*,*,#9398,.T.);
#9398 = EDGE_CURVE('',#9368,#9399,#9401,.T.);
#9399 = VERTEX_POINT('',#9400);
#9400 = CARTESIAN_POINT('',(1.4,2.655,0.195));
#9401 = CIRCLE('',#9402,1.E-01);
#9402 = AXIS2_PLACEMENT_3D('',#9403,#9404,#9405);
#9403 = CARTESIAN_POINT('',(1.4,2.655,9.499999999999E-02));
#9404 = DIRECTION('',(1.,5.605193857299E-45,-6.982966722219E-15));
#9405 = DIRECTION('',(-6.982966722219E-15,-2.677902033388E-60,-1.));
#9406 = ORIENTED_EDGE('',*,*,#9407,.F.);
#9407 = EDGE_CURVE('',#9408,#9399,#9410,.T.);
#9408 = VERTEX_POINT('',#9409);
#9409 = CARTESIAN_POINT('',(1.6,2.655,0.195));
#9410 = LINE('',#9411,#9412);
#9411 = CARTESIAN_POINT('',(1.6,2.655,0.195));
#9412 = VECTOR('',#9413,1.);
#9413 = DIRECTION('',(-1.,-5.605193857299E-45,6.982966722219E-15));
#9414 = ORIENTED_EDGE('',*,*,#9415,.F.);
#9415 = EDGE_CURVE('',#9376,#9408,#9416,.T.);
#9416 = CIRCLE('',#9417,1.E-01);
#9417 = AXIS2_PLACEMENT_3D('',#9418,#9419,#9420);
#9418 = CARTESIAN_POINT('',(1.6,2.655,9.499999999999E-02));
#9419 = DIRECTION('',(1.,5.605193857299E-45,-6.982966722219E-15));
#9420 = DIRECTION('',(-6.982966722219E-15,-2.677902033388E-60,-1.));
#9421 = ORIENTED_EDGE('',*,*,#9375,.T.);
#9422 = CYLINDRICAL_SURFACE('',#9423,1.E-01);
#9423 = AXIS2_PLACEMENT_3D('',#9424,#9425,#9426);
#9424 = CARTESIAN_POINT('',(1.6,2.655,9.499999999999E-02));
#9425 = DIRECTION('',(-1.,-5.605193857299E-45,6.982966722219E-15));
#9426 = DIRECTION('',(6.982966722219E-15,2.677902033388E-60,1.));
#9427 = ADVANCED_FACE('',(#9428),#9444,.F.);
#9428 = FACE_BOUND('',#9429,.T.);
#9429 = EDGE_LOOP('',(#9430,#9436,#9437,#9443));
#9430 = ORIENTED_EDGE('',*,*,#9431,.T.);
#9431 = EDGE_CURVE('',#9399,#8884,#9432,.T.);
#9432 = LINE('',#9433,#9434);
#9433 = CARTESIAN_POINT('',(1.4,2.655,0.195));
#9434 = VECTOR('',#9435,1.);
#9435 = DIRECTION('',(0.,-1.,-4.435372523804E-15));
#9436 = ORIENTED_EDGE('',*,*,#8909,.F.);
#9437 = ORIENTED_EDGE('',*,*,#9438,.F.);
#9438 = EDGE_CURVE('',#9408,#8902,#9439,.T.);
#9439 = LINE('',#9440,#9441);
#9440 = CARTESIAN_POINT('',(1.6,2.655,0.195));
#9441 = VECTOR('',#9442,1.);
#9442 = DIRECTION('',(0.,-1.,-4.435372523804E-15));
#9443 = ORIENTED_EDGE('',*,*,#9407,.T.);
#9444 = PLANE('',#9445);
#9445 = AXIS2_PLACEMENT_3D('',#9446,#9447,#9448);
#9446 = CARTESIAN_POINT('',(1.6,2.655,0.195));
#9447 = DIRECTION('',(-6.982966722219E-15,4.435372523804E-15,-1.));
#9448 = DIRECTION('',(-1.,0.,6.982966722219E-15));
#9449 = ADVANCED_FACE('',(#9450),#9470,.F.);
#9450 = FACE_BOUND('',#9451,.T.);
#9451 = EDGE_LOOP('',(#9452,#9453,#9454,#9455,#9456,#9457,#9458,#9459,
    #9460,#9461,#9462,#9463,#9464,#9465,#9466,#9467,#9468,#9469));
#9452 = ORIENTED_EDGE('',*,*,#8901,.T.);
#9453 = ORIENTED_EDGE('',*,*,#8939,.T.);
#9454 = ORIENTED_EDGE('',*,*,#8970,.T.);
#9455 = ORIENTED_EDGE('',*,*,#9001,.T.);
#9456 = ORIENTED_EDGE('',*,*,#9032,.T.);
#9457 = ORIENTED_EDGE('',*,*,#9064,.T.);
#9458 = ORIENTED_EDGE('',*,*,#9096,.T.);
#9459 = ORIENTED_EDGE('',*,*,#9128,.T.);
#9460 = ORIENTED_EDGE('',*,*,#9160,.T.);
#9461 = ORIENTED_EDGE('',*,*,#9192,.T.);
#9462 = ORIENTED_EDGE('',*,*,#9224,.T.);
#9463 = ORIENTED_EDGE('',*,*,#9255,.T.);
#9464 = ORIENTED_EDGE('',*,*,#9271,.T.);
#9465 = ORIENTED_EDGE('',*,*,#9319,.T.);
#9466 = ORIENTED_EDGE('',*,*,#9351,.T.);
#9467 = ORIENTED_EDGE('',*,*,#9383,.T.);
#9468 = ORIENTED_EDGE('',*,*,#9415,.T.);
#9469 = ORIENTED_EDGE('',*,*,#9438,.T.);
#9470 = PLANE('',#9471);
#9471 = AXIS2_PLACEMENT_3D('',#9472,#9473,#9474);
#9472 = CARTESIAN_POINT('',(1.6,0.845,9.499999999999E-02));
#9473 = DIRECTION('',(-1.,-5.605193857299E-45,6.982966722219E-15));
#9474 = DIRECTION('',(6.982966722219E-15,0.,1.));
#9475 = ADVANCED_FACE('',(#9476),#9496,.T.);
#9476 = FACE_BOUND('',#9477,.T.);
#9477 = EDGE_LOOP('',(#9478,#9479,#9480,#9481,#9482,#9483,#9484,#9485,
    #9486,#9487,#9488,#9489,#9490,#9491,#9492,#9493,#9494,#9495));
#9478 = ORIENTED_EDGE('',*,*,#8883,.F.);
#9479 = ORIENTED_EDGE('',*,*,#9431,.F.);
#9480 = ORIENTED_EDGE('',*,*,#9398,.F.);
#9481 = ORIENTED_EDGE('',*,*,#9367,.F.);
#9482 = ORIENTED_EDGE('',*,*,#9334,.F.);
#9483 = ORIENTED_EDGE('',*,*,#9303,.F.);
#9484 = ORIENTED_EDGE('',*,*,#9288,.F.);
#9485 = ORIENTED_EDGE('',*,*,#9239,.F.);
#9486 = ORIENTED_EDGE('',*,*,#9208,.F.);
#9487 = ORIENTED_EDGE('',*,*,#9175,.F.);
#9488 = ORIENTED_EDGE('',*,*,#9144,.F.);
#9489 = ORIENTED_EDGE('',*,*,#9111,.F.);
#9490 = ORIENTED_EDGE('',*,*,#9080,.F.);
#9491 = ORIENTED_EDGE('',*,*,#9047,.F.);
#9492 = ORIENTED_EDGE('',*,*,#9016,.F.);
#9493 = ORIENTED_EDGE('',*,*,#8985,.F.);
#9494 = ORIENTED_EDGE('',*,*,#8954,.F.);
#9495 = ORIENTED_EDGE('',*,*,#8923,.F.);
#9496 = PLANE('',#9497);
#9497 = AXIS2_PLACEMENT_3D('',#9498,#9499,#9500);
#9498 = CARTESIAN_POINT('',(1.4,0.845,9.499999999999E-02));
#9499 = DIRECTION('',(-1.,-5.605193857299E-45,6.982966722219E-15));
#9500 = DIRECTION('',(6.982966722219E-15,0.,1.));
#9501 = MANIFOLD_SOLID_BREP('',#9502);
#9502 = CLOSED_SHELL('',(#9503,#9543,#9574,#9605,#9636,#9667,#9700,#9731
    ,#9764,#9797,#9828,#9861,#9894,#9925,#9958,#9989,#10020,#10051,
    #10084,#10115,#10148,#10179,#10210,#10232,#10263));
#9503 = ADVANCED_FACE('',(#9504),#9538,.F.);
#9504 = FACE_BOUND('',#9505,.T.);
#9505 = EDGE_LOOP('',(#9506,#9516,#9524,#9532));
#9506 = ORIENTED_EDGE('',*,*,#9507,.T.);
#9507 = EDGE_CURVE('',#9508,#9510,#9512,.T.);
#9508 = VERTEX_POINT('',#9509);
#9509 = CARTESIAN_POINT('',(2.5,0.905,3.395));
#9510 = VERTEX_POINT('',#9511);
#9511 = CARTESIAN_POINT('',(2.5,1.555,3.395));
#9512 = LINE('',#9513,#9514);
#9513 = CARTESIAN_POINT('',(2.5,0.905,3.395));
#9514 = VECTOR('',#9515,1.);
#9515 = DIRECTION('',(0.,1.,2.668805347657E-15));
#9516 = ORIENTED_EDGE('',*,*,#9517,.F.);
#9517 = EDGE_CURVE('',#9518,#9510,#9520,.T.);
#9518 = VERTEX_POINT('',#9519);
#9519 = CARTESIAN_POINT('',(2.7,1.555,3.395));
#9520 = LINE('',#9521,#9522);
#9521 = CARTESIAN_POINT('',(2.7,1.555,3.395));
#9522 = VECTOR('',#9523,1.);
#9523 = DIRECTION('',(-1.,-0.,6.938893903907E-15));
#9524 = ORIENTED_EDGE('',*,*,#9525,.F.);
#9525 = EDGE_CURVE('',#9526,#9518,#9528,.T.);
#9526 = VERTEX_POINT('',#9527);
#9527 = CARTESIAN_POINT('',(2.7,0.905,3.395));
#9528 = LINE('',#9529,#9530);
#9529 = CARTESIAN_POINT('',(2.7,0.905,3.395));
#9530 = VECTOR('',#9531,1.);
#9531 = DIRECTION('',(0.,1.,2.668805347657E-15));
#9532 = ORIENTED_EDGE('',*,*,#9533,.T.);
#9533 = EDGE_CURVE('',#9526,#9508,#9534,.T.);
#9534 = LINE('',#9535,#9536);
#9535 = CARTESIAN_POINT('',(2.7,0.905,3.395));
#9536 = VECTOR('',#9537,1.);
#9537 = DIRECTION('',(-1.,-0.,6.938893903907E-15));
#9538 = PLANE('',#9539);
#9539 = AXIS2_PLACEMENT_3D('',#9540,#9541,#9542);
#9540 = CARTESIAN_POINT('',(2.7,0.905,3.395));
#9541 = DIRECTION('',(6.938893903907E-15,-2.668805347657E-15,1.));
#9542 = DIRECTION('',(1.,0.,-6.938893903907E-15));
#9543 = ADVANCED_FACE('',(#9544),#9569,.F.);
#9544 = FACE_BOUND('',#9545,.T.);
#9545 = EDGE_LOOP('',(#9546,#9554,#9562,#9568));
#9546 = ORIENTED_EDGE('',*,*,#9547,.T.);
#9547 = EDGE_CURVE('',#9510,#9548,#9550,.T.);
#9548 = VERTEX_POINT('',#9549);
#9549 = CARTESIAN_POINT('',(2.5,1.555,3.795));
#9550 = LINE('',#9551,#9552);
#9551 = CARTESIAN_POINT('',(2.5,1.555,3.395));
#9552 = VECTOR('',#9553,1.);
#9553 = DIRECTION('',(7.589415207398E-15,0.,1.));
#9554 = ORIENTED_EDGE('',*,*,#9555,.F.);
#9555 = EDGE_CURVE('',#9556,#9548,#9558,.T.);
#9556 = VERTEX_POINT('',#9557);
#9557 = CARTESIAN_POINT('',(2.7,1.555,3.795));
#9558 = LINE('',#9559,#9560);
#9559 = CARTESIAN_POINT('',(2.7,1.555,3.795));
#9560 = VECTOR('',#9561,1.);
#9561 = DIRECTION('',(-1.,-0.,6.938893903907E-15));
#9562 = ORIENTED_EDGE('',*,*,#9563,.F.);
#9563 = EDGE_CURVE('',#9518,#9556,#9564,.T.);
#9564 = LINE('',#9565,#9566);
#9565 = CARTESIAN_POINT('',(2.7,1.555,3.395));
#9566 = VECTOR('',#9567,1.);
#9567 = DIRECTION('',(7.589415207398E-15,0.,1.));
#9568 = ORIENTED_EDGE('',*,*,#9517,.T.);
#9569 = PLANE('',#9570);
#9570 = AXIS2_PLACEMENT_3D('',#9571,#9572,#9573);
#9571 = CARTESIAN_POINT('',(2.7,1.555,3.395));
#9572 = DIRECTION('',(0.,-1.,0.));
#9573 = DIRECTION('',(0.,-0.,-1.));
#9574 = ADVANCED_FACE('',(#9575),#9600,.F.);
#9575 = FACE_BOUND('',#9576,.T.);
#9576 = EDGE_LOOP('',(#9577,#9585,#9593,#9599));
#9577 = ORIENTED_EDGE('',*,*,#9578,.T.);
#9578 = EDGE_CURVE('',#9548,#9579,#9581,.T.);
#9579 = VERTEX_POINT('',#9580);
#9580 = CARTESIAN_POINT('',(2.5,1.455,3.895));
#9581 = LINE('',#9582,#9583);
#9582 = CARTESIAN_POINT('',(2.5,1.555,3.795));
#9583 = VECTOR('',#9584,1.);
#9584 = DIRECTION('',(3.066586833367E-15,-0.707106781187,0.707106781187)
  );
#9585 = ORIENTED_EDGE('',*,*,#9586,.F.);
#9586 = EDGE_CURVE('',#9587,#9579,#9589,.T.);
#9587 = VERTEX_POINT('',#9588);
#9588 = CARTESIAN_POINT('',(2.7,1.455,3.895));
#9589 = LINE('',#9590,#9591);
#9590 = CARTESIAN_POINT('',(2.7,1.455,3.895));
#9591 = VECTOR('',#9592,1.);
#9592 = DIRECTION('',(-1.,-0.,6.938893903907E-15));
#9593 = ORIENTED_EDGE('',*,*,#9594,.F.);
#9594 = EDGE_CURVE('',#9556,#9587,#9595,.T.);
#9595 = LINE('',#9596,#9597);
#9596 = CARTESIAN_POINT('',(2.7,1.555,3.795));
#9597 = VECTOR('',#9598,1.);
#9598 = DIRECTION('',(3.066586833367E-15,-0.707106781187,0.707106781187)
  );
#9599 = ORIENTED_EDGE('',*,*,#9555,.T.);
#9600 = PLANE('',#9601);
#9601 = AXIS2_PLACEMENT_3D('',#9602,#9603,#9604);
#9602 = CARTESIAN_POINT('',(2.7,1.555,3.795));
#9603 = DIRECTION('',(-4.906538933387E-15,-0.707106781187,
    -0.707106781187));
#9604 = DIRECTION('',(0.,0.707106781187,-0.707106781187));
#9605 = ADVANCED_FACE('',(#9606),#9631,.F.);
#9606 = FACE_BOUND('',#9607,.T.);
#9607 = EDGE_LOOP('',(#9608,#9616,#9624,#9630));
#9608 = ORIENTED_EDGE('',*,*,#9609,.T.);
#9609 = EDGE_CURVE('',#9579,#9610,#9612,.T.);
#9610 = VERTEX_POINT('',#9611);
#9611 = CARTESIAN_POINT('',(2.5,1.305,3.895));
#9612 = LINE('',#9613,#9614);
#9613 = CARTESIAN_POINT('',(2.5,1.455,3.895));
#9614 = VECTOR('',#9615,1.);
#9615 = DIRECTION('',(0.,-1.,0.));
#9616 = ORIENTED_EDGE('',*,*,#9617,.F.);
#9617 = EDGE_CURVE('',#9618,#9610,#9620,.T.);
#9618 = VERTEX_POINT('',#9619);
#9619 = CARTESIAN_POINT('',(2.7,1.305,3.895));
#9620 = LINE('',#9621,#9622);
#9621 = CARTESIAN_POINT('',(2.7,1.305,3.895));
#9622 = VECTOR('',#9623,1.);
#9623 = DIRECTION('',(-1.,-0.,6.938893903907E-15));
#9624 = ORIENTED_EDGE('',*,*,#9625,.F.);
#9625 = EDGE_CURVE('',#9587,#9618,#9626,.T.);
#9626 = LINE('',#9627,#9628);
#9627 = CARTESIAN_POINT('',(2.7,1.455,3.895));
#9628 = VECTOR('',#9629,1.);
#9629 = DIRECTION('',(0.,-1.,0.));
#9630 = ORIENTED_EDGE('',*,*,#9586,.T.);
#9631 = PLANE('',#9632);
#9632 = AXIS2_PLACEMENT_3D('',#9633,#9634,#9635);
#9633 = CARTESIAN_POINT('',(2.7,1.455,3.895));
#9634 = DIRECTION('',(-6.938893903907E-15,0.,-1.));
#9635 = DIRECTION('',(-1.,0.,6.938893903907E-15));
#9636 = ADVANCED_FACE('',(#9637),#9662,.F.);
#9637 = FACE_BOUND('',#9638,.T.);
#9638 = EDGE_LOOP('',(#9639,#9647,#9655,#9661));
#9639 = ORIENTED_EDGE('',*,*,#9640,.T.);
#9640 = EDGE_CURVE('',#9610,#9641,#9643,.T.);
#9641 = VERTEX_POINT('',#9642);
#9642 = CARTESIAN_POINT('',(2.5,1.305,3.845));
#9643 = LINE('',#9644,#9645);
#9644 = CARTESIAN_POINT('',(2.5,1.305,3.895));
#9645 = VECTOR('',#9646,1.);
#9646 = DIRECTION('',(0.,0.,-1.));
#9647 = ORIENTED_EDGE('',*,*,#9648,.F.);
#9648 = EDGE_CURVE('',#9649,#9641,#9651,.T.);
#9649 = VERTEX_POINT('',#9650);
#9650 = CARTESIAN_POINT('',(2.7,1.305,3.845));
#9651 = LINE('',#9652,#9653);
#9652 = CARTESIAN_POINT('',(2.7,1.305,3.845));
#9653 = VECTOR('',#9654,1.);
#9654 = DIRECTION('',(-1.,-0.,6.938893903907E-15));
#9655 = ORIENTED_EDGE('',*,*,#9656,.F.);
#9656 = EDGE_CURVE('',#9618,#9649,#9657,.T.);
#9657 = LINE('',#9658,#9659);
#9658 = CARTESIAN_POINT('',(2.7,1.305,3.895));
#9659 = VECTOR('',#9660,1.);
#9660 = DIRECTION('',(0.,0.,-1.));
#9661 = ORIENTED_EDGE('',*,*,#9617,.T.);
#9662 = PLANE('',#9663);
#9663 = AXIS2_PLACEMENT_3D('',#9664,#9665,#9666);
#9664 = CARTESIAN_POINT('',(2.7,1.305,3.895));
#9665 = DIRECTION('',(0.,1.,0.));
#9666 = DIRECTION('',(0.,-0.,1.));
#9667 = ADVANCED_FACE('',(#9668),#9695,.F.);
#9668 = FACE_BOUND('',#9669,.F.);
#9669 = EDGE_LOOP('',(#9670,#9671,#9680,#9688));
#9670 = ORIENTED_EDGE('',*,*,#9648,.F.);
#9671 = ORIENTED_EDGE('',*,*,#9672,.T.);
#9672 = EDGE_CURVE('',#9649,#9673,#9675,.T.);
#9673 = VERTEX_POINT('',#9674);
#9674 = CARTESIAN_POINT('',(2.7,1.255,3.795));
#9675 = CIRCLE('',#9676,5.E-02);
#9676 = AXIS2_PLACEMENT_3D('',#9677,#9678,#9679);
#9677 = CARTESIAN_POINT('',(2.7,1.255,3.845));
#9678 = DIRECTION('',(-1.,-0.,6.938893903907E-15));
#9679 = DIRECTION('',(6.938893903907E-15,0.,1.));
#9680 = ORIENTED_EDGE('',*,*,#9681,.T.);
#9681 = EDGE_CURVE('',#9673,#9682,#9684,.T.);
#9682 = VERTEX_POINT('',#9683);
#9683 = CARTESIAN_POINT('',(2.5,1.255,3.795));
#9684 = LINE('',#9685,#9686);
#9685 = CARTESIAN_POINT('',(2.7,1.255,3.795));
#9686 = VECTOR('',#9687,1.);
#9687 = DIRECTION('',(-1.,-0.,6.938893903907E-15));
#9688 = ORIENTED_EDGE('',*,*,#9689,.F.);
#9689 = EDGE_CURVE('',#9641,#9682,#9690,.T.);
#9690 = CIRCLE('',#9691,5.E-02);
#9691 = AXIS2_PLACEMENT_3D('',#9692,#9693,#9694);
#9692 = CARTESIAN_POINT('',(2.5,1.255,3.845));
#9693 = DIRECTION('',(-1.,-0.,6.938893903907E-15));
#9694 = DIRECTION('',(6.938893903907E-15,0.,1.));
#9695 = CYLINDRICAL_SURFACE('',#9696,5.E-02);
#9696 = AXIS2_PLACEMENT_3D('',#9697,#9698,#9699);
#9697 = CARTESIAN_POINT('',(2.7,1.255,3.845));
#9698 = DIRECTION('',(-1.,-0.,6.938893903907E-15));
#9699 = DIRECTION('',(6.938893903907E-15,0.,1.));
#9700 = ADVANCED_FACE('',(#9701),#9726,.F.);
#9701 = FACE_BOUND('',#9702,.T.);
#9702 = EDGE_LOOP('',(#9703,#9711,#9719,#9725));
#9703 = ORIENTED_EDGE('',*,*,#9704,.T.);
#9704 = EDGE_CURVE('',#9682,#9705,#9707,.T.);
#9705 = VERTEX_POINT('',#9706);
#9706 = CARTESIAN_POINT('',(2.5,1.141602540378,3.795));
#9707 = LINE('',#9708,#9709);
#9708 = CARTESIAN_POINT('',(2.5,1.255,3.795));
#9709 = VECTOR('',#9710,1.);
#9710 = DIRECTION('',(0.,-1.,0.));
#9711 = ORIENTED_EDGE('',*,*,#9712,.F.);
#9712 = EDGE_CURVE('',#9713,#9705,#9715,.T.);
#9713 = VERTEX_POINT('',#9714);
#9714 = CARTESIAN_POINT('',(2.7,1.141602540378,3.795));
#9715 = LINE('',#9716,#9717);
#9716 = CARTESIAN_POINT('',(2.7,1.141602540378,3.795));
#9717 = VECTOR('',#9718,1.);
#9718 = DIRECTION('',(-1.,-0.,6.938893903907E-15));
#9719 = ORIENTED_EDGE('',*,*,#9720,.F.);
#9720 = EDGE_CURVE('',#9673,#9713,#9721,.T.);
#9721 = LINE('',#9722,#9723);
#9722 = CARTESIAN_POINT('',(2.7,1.255,3.795));
#9723 = VECTOR('',#9724,1.);
#9724 = DIRECTION('',(0.,-1.,0.));
#9725 = ORIENTED_EDGE('',*,*,#9681,.T.);
#9726 = PLANE('',#9727);
#9727 = AXIS2_PLACEMENT_3D('',#9728,#9729,#9730);
#9728 = CARTESIAN_POINT('',(2.7,1.255,3.795));
#9729 = DIRECTION('',(-6.938893903907E-15,0.,-1.));
#9730 = DIRECTION('',(-1.,0.,6.938893903907E-15));
#9731 = ADVANCED_FACE('',(#9732),#9759,.F.);
#9732 = FACE_BOUND('',#9733,.F.);
#9733 = EDGE_LOOP('',(#9734,#9735,#9744,#9752));
#9734 = ORIENTED_EDGE('',*,*,#9712,.F.);
#9735 = ORIENTED_EDGE('',*,*,#9736,.T.);
#9736 = EDGE_CURVE('',#9713,#9737,#9739,.T.);
#9737 = VERTEX_POINT('',#9738);
#9738 = CARTESIAN_POINT('',(2.7,1.098301270189,3.82));
#9739 = CIRCLE('',#9740,5.E-02);
#9740 = AXIS2_PLACEMENT_3D('',#9741,#9742,#9743);
#9741 = CARTESIAN_POINT('',(2.7,1.141602540378,3.845));
#9742 = DIRECTION('',(-1.,-0.,6.938893903907E-15));
#9743 = DIRECTION('',(6.938893903907E-15,0.,1.));
#9744 = ORIENTED_EDGE('',*,*,#9745,.T.);
#9745 = EDGE_CURVE('',#9737,#9746,#9748,.T.);
#9746 = VERTEX_POINT('',#9747);
#9747 = CARTESIAN_POINT('',(2.5,1.098301270189,3.82));
#9748 = LINE('',#9749,#9750);
#9749 = CARTESIAN_POINT('',(2.7,1.098301270189,3.82));
#9750 = VECTOR('',#9751,1.);
#9751 = DIRECTION('',(-1.,-0.,6.938893903907E-15));
#9752 = ORIENTED_EDGE('',*,*,#9753,.F.);
#9753 = EDGE_CURVE('',#9705,#9746,#9754,.T.);
#9754 = CIRCLE('',#9755,5.E-02);
#9755 = AXIS2_PLACEMENT_3D('',#9756,#9757,#9758);
#9756 = CARTESIAN_POINT('',(2.5,1.141602540378,3.845));
#9757 = DIRECTION('',(-1.,-0.,6.938893903907E-15));
#9758 = DIRECTION('',(6.938893903907E-15,0.,1.));
#9759 = CYLINDRICAL_SURFACE('',#9760,5.E-02);
#9760 = AXIS2_PLACEMENT_3D('',#9761,#9762,#9763);
#9761 = CARTESIAN_POINT('',(2.7,1.141602540378,3.845));
#9762 = DIRECTION('',(-1.,-0.,6.938893903907E-15));
#9763 = DIRECTION('',(6.938893903907E-15,0.,1.));
#9764 = ADVANCED_FACE('',(#9765),#9792,.T.);
#9765 = FACE_BOUND('',#9766,.T.);
#9766 = EDGE_LOOP('',(#9767,#9776,#9784,#9791));
#9767 = ORIENTED_EDGE('',*,*,#9768,.T.);
#9768 = EDGE_CURVE('',#9746,#9769,#9771,.T.);
#9769 = VERTEX_POINT('',#9770);
#9770 = CARTESIAN_POINT('',(2.5,1.055,3.845));
#9771 = CIRCLE('',#9772,5.E-02);
#9772 = AXIS2_PLACEMENT_3D('',#9773,#9774,#9775);
#9773 = CARTESIAN_POINT('',(2.5,1.055,3.795));
#9774 = DIRECTION('',(1.,0.,-6.938893903907E-15));
#9775 = DIRECTION('',(-6.938893903907E-15,0.,-1.));
#9776 = ORIENTED_EDGE('',*,*,#9777,.F.);
#9777 = EDGE_CURVE('',#9778,#9769,#9780,.T.);
#9778 = VERTEX_POINT('',#9779);
#9779 = CARTESIAN_POINT('',(2.7,1.055,3.845));
#9780 = LINE('',#9781,#9782);
#9781 = CARTESIAN_POINT('',(2.7,1.055,3.845));
#9782 = VECTOR('',#9783,1.);
#9783 = DIRECTION('',(-1.,-0.,6.938893903907E-15));
#9784 = ORIENTED_EDGE('',*,*,#9785,.F.);
#9785 = EDGE_CURVE('',#9737,#9778,#9786,.T.);
#9786 = CIRCLE('',#9787,5.E-02);
#9787 = AXIS2_PLACEMENT_3D('',#9788,#9789,#9790);
#9788 = CARTESIAN_POINT('',(2.7,1.055,3.795));
#9789 = DIRECTION('',(1.,0.,-6.938893903907E-15));
#9790 = DIRECTION('',(-6.938893903907E-15,0.,-1.));
#9791 = ORIENTED_EDGE('',*,*,#9745,.T.);
#9792 = CYLINDRICAL_SURFACE('',#9793,5.E-02);
#9793 = AXIS2_PLACEMENT_3D('',#9794,#9795,#9796);
#9794 = CARTESIAN_POINT('',(2.7,1.055,3.795));
#9795 = DIRECTION('',(-1.,-0.,6.938893903907E-15));
#9796 = DIRECTION('',(6.938893903907E-15,0.,1.));
#9797 = ADVANCED_FACE('',(#9798),#9823,.F.);
#9798 = FACE_BOUND('',#9799,.T.);
#9799 = EDGE_LOOP('',(#9800,#9808,#9816,#9822));
#9800 = ORIENTED_EDGE('',*,*,#9801,.T.);
#9801 = EDGE_CURVE('',#9769,#9802,#9804,.T.);
#9802 = VERTEX_POINT('',#9803);
#9803 = CARTESIAN_POINT('',(2.5,0.955,3.845));
#9804 = LINE('',#9805,#9806);
#9805 = CARTESIAN_POINT('',(2.5,1.055,3.845));
#9806 = VECTOR('',#9807,1.);
#9807 = DIRECTION('',(0.,-1.,0.));
#9808 = ORIENTED_EDGE('',*,*,#9809,.F.);
#9809 = EDGE_CURVE('',#9810,#9802,#9812,.T.);
#9810 = VERTEX_POINT('',#9811);
#9811 = CARTESIAN_POINT('',(2.7,0.955,3.845));
#9812 = LINE('',#9813,#9814);
#9813 = CARTESIAN_POINT('',(2.7,0.955,3.845));
#9814 = VECTOR('',#9815,1.);
#9815 = DIRECTION('',(-1.,-0.,6.938893903907E-15));
#9816 = ORIENTED_EDGE('',*,*,#9817,.F.);
#9817 = EDGE_CURVE('',#9778,#9810,#9818,.T.);
#9818 = LINE('',#9819,#9820);
#9819 = CARTESIAN_POINT('',(2.7,1.055,3.845));
#9820 = VECTOR('',#9821,1.);
#9821 = DIRECTION('',(0.,-1.,0.));
#9822 = ORIENTED_EDGE('',*,*,#9777,.T.);
#9823 = PLANE('',#9824);
#9824 = AXIS2_PLACEMENT_3D('',#9825,#9826,#9827);
#9825 = CARTESIAN_POINT('',(2.7,1.055,3.845));
#9826 = DIRECTION('',(-6.938893903907E-15,0.,-1.));
#9827 = DIRECTION('',(-1.,0.,6.938893903907E-15));
#9828 = ADVANCED_FACE('',(#9829),#9856,.T.);
#9829 = FACE_BOUND('',#9830,.T.);
#9830 = EDGE_LOOP('',(#9831,#9840,#9848,#9855));
#9831 = ORIENTED_EDGE('',*,*,#9832,.T.);
#9832 = EDGE_CURVE('',#9802,#9833,#9835,.T.);
#9833 = VERTEX_POINT('',#9834);
#9834 = CARTESIAN_POINT('',(2.5,0.911698729811,3.82));
#9835 = CIRCLE('',#9836,5.E-02);
#9836 = AXIS2_PLACEMENT_3D('',#9837,#9838,#9839);
#9837 = CARTESIAN_POINT('',(2.5,0.955,3.795));
#9838 = DIRECTION('',(1.,0.,-6.938893903907E-15));
#9839 = DIRECTION('',(6.938893903907E-15,0.,1.));
#9840 = ORIENTED_EDGE('',*,*,#9841,.F.);
#9841 = EDGE_CURVE('',#9842,#9833,#9844,.T.);
#9842 = VERTEX_POINT('',#9843);
#9843 = CARTESIAN_POINT('',(2.7,0.911698729811,3.82));
#9844 = LINE('',#9845,#9846);
#9845 = CARTESIAN_POINT('',(2.7,0.911698729811,3.82));
#9846 = VECTOR('',#9847,1.);
#9847 = DIRECTION('',(-1.,-0.,6.938893903907E-15));
#9848 = ORIENTED_EDGE('',*,*,#9849,.F.);
#9849 = EDGE_CURVE('',#9810,#9842,#9850,.T.);
#9850 = CIRCLE('',#9851,5.E-02);
#9851 = AXIS2_PLACEMENT_3D('',#9852,#9853,#9854);
#9852 = CARTESIAN_POINT('',(2.7,0.955,3.795));
#9853 = DIRECTION('',(1.,0.,-6.938893903907E-15));
#9854 = DIRECTION('',(6.938893903907E-15,0.,1.));
#9855 = ORIENTED_EDGE('',*,*,#9809,.T.);
#9856 = CYLINDRICAL_SURFACE('',#9857,5.E-02);
#9857 = AXIS2_PLACEMENT_3D('',#9858,#9859,#9860);
#9858 = CARTESIAN_POINT('',(2.7,0.955,3.795));
#9859 = DIRECTION('',(-1.,-0.,6.938893903907E-15));
#9860 = DIRECTION('',(6.938893903907E-15,0.,1.));
#9861 = ADVANCED_FACE('',(#9862),#9889,.F.);
#9862 = FACE_BOUND('',#9863,.F.);
#9863 = EDGE_LOOP('',(#9864,#9865,#9874,#9882));
#9864 = ORIENTED_EDGE('',*,*,#9841,.F.);
#9865 = ORIENTED_EDGE('',*,*,#9866,.T.);
#9866 = EDGE_CURVE('',#9842,#9867,#9869,.T.);
#9867 = VERTEX_POINT('',#9868);
#9868 = CARTESIAN_POINT('',(2.7,0.868397459622,3.795));
#9869 = CIRCLE('',#9870,5.E-02);
#9870 = AXIS2_PLACEMENT_3D('',#9871,#9872,#9873);
#9871 = CARTESIAN_POINT('',(2.7,0.868397459622,3.845));
#9872 = DIRECTION('',(-1.,-0.,6.938893903907E-15));
#9873 = DIRECTION('',(-6.938893903907E-15,0.,-1.));
#9874 = ORIENTED_EDGE('',*,*,#9875,.T.);
#9875 = EDGE_CURVE('',#9867,#9876,#9878,.T.);
#9876 = VERTEX_POINT('',#9877);
#9877 = CARTESIAN_POINT('',(2.5,0.868397459622,3.795));
#9878 = LINE('',#9879,#9880);
#9879 = CARTESIAN_POINT('',(2.7,0.868397459622,3.795));
#9880 = VECTOR('',#9881,1.);
#9881 = DIRECTION('',(-1.,-0.,6.938893903907E-15));
#9882 = ORIENTED_EDGE('',*,*,#9883,.F.);
#9883 = EDGE_CURVE('',#9833,#9876,#9884,.T.);
#9884 = CIRCLE('',#9885,5.E-02);
#9885 = AXIS2_PLACEMENT_3D('',#9886,#9887,#9888);
#9886 = CARTESIAN_POINT('',(2.5,0.868397459622,3.845));
#9887 = DIRECTION('',(-1.,-0.,6.938893903907E-15));
#9888 = DIRECTION('',(-6.938893903907E-15,0.,-1.));
#9889 = CYLINDRICAL_SURFACE('',#9890,5.E-02);
#9890 = AXIS2_PLACEMENT_3D('',#9891,#9892,#9893);
#9891 = CARTESIAN_POINT('',(2.7,0.868397459622,3.845));
#9892 = DIRECTION('',(-1.,-0.,6.938893903907E-15));
#9893 = DIRECTION('',(6.938893903907E-15,0.,1.));
#9894 = ADVANCED_FACE('',(#9895),#9920,.F.);
#9895 = FACE_BOUND('',#9896,.T.);
#9896 = EDGE_LOOP('',(#9897,#9905,#9913,#9919));
#9897 = ORIENTED_EDGE('',*,*,#9898,.T.);
#9898 = EDGE_CURVE('',#9876,#9899,#9901,.T.);
#9899 = VERTEX_POINT('',#9900);
#9900 = CARTESIAN_POINT('',(2.5,0.755,3.795));
#9901 = LINE('',#9902,#9903);
#9902 = CARTESIAN_POINT('',(2.5,0.755,3.795));
#9903 = VECTOR('',#9904,1.);
#9904 = DIRECTION('',(-0.,-1.,-0.));
#9905 = ORIENTED_EDGE('',*,*,#9906,.F.);
#9906 = EDGE_CURVE('',#9907,#9899,#9909,.T.);
#9907 = VERTEX_POINT('',#9908);
#9908 = CARTESIAN_POINT('',(2.7,0.755,3.795));
#9909 = LINE('',#9910,#9911);
#9910 = CARTESIAN_POINT('',(2.7,0.755,3.795));
#9911 = VECTOR('',#9912,1.);
#9912 = DIRECTION('',(-1.,-0.,6.938893903907E-15));
#9913 = ORIENTED_EDGE('',*,*,#9914,.F.);
#9914 = EDGE_CURVE('',#9867,#9907,#9915,.T.);
#9915 = LINE('',#9916,#9917);
#9916 = CARTESIAN_POINT('',(2.7,0.755,3.795));
#9917 = VECTOR('',#9918,1.);
#9918 = DIRECTION('',(-0.,-1.,-0.));
#9919 = ORIENTED_EDGE('',*,*,#9875,.T.);
#9920 = PLANE('',#9921);
#9921 = AXIS2_PLACEMENT_3D('',#9922,#9923,#9924);
#9922 = CARTESIAN_POINT('',(2.7,0.755,3.795));
#9923 = DIRECTION('',(-6.938893903907E-15,0.,-1.));
#9924 = DIRECTION('',(-1.,0.,6.938893903907E-15));
#9925 = ADVANCED_FACE('',(#9926),#9953,.F.);
#9926 = FACE_BOUND('',#9927,.F.);
#9927 = EDGE_LOOP('',(#9928,#9929,#9938,#9946));
#9928 = ORIENTED_EDGE('',*,*,#9906,.F.);
#9929 = ORIENTED_EDGE('',*,*,#9930,.T.);
#9930 = EDGE_CURVE('',#9907,#9931,#9933,.T.);
#9931 = VERTEX_POINT('',#9932);
#9932 = CARTESIAN_POINT('',(2.7,0.705,3.845));
#9933 = CIRCLE('',#9934,5.E-02);
#9934 = AXIS2_PLACEMENT_3D('',#9935,#9936,#9937);
#9935 = CARTESIAN_POINT('',(2.7,0.755,3.845));
#9936 = DIRECTION('',(-1.,-0.,6.938893903907E-15));
#9937 = DIRECTION('',(-6.938893903907E-15,0.,-1.));
#9938 = ORIENTED_EDGE('',*,*,#9939,.T.);
#9939 = EDGE_CURVE('',#9931,#9940,#9942,.T.);
#9940 = VERTEX_POINT('',#9941);
#9941 = CARTESIAN_POINT('',(2.5,0.705,3.845));
#9942 = LINE('',#9943,#9944);
#9943 = CARTESIAN_POINT('',(2.7,0.705,3.845));
#9944 = VECTOR('',#9945,1.);
#9945 = DIRECTION('',(-1.,-0.,6.938893903907E-15));
#9946 = ORIENTED_EDGE('',*,*,#9947,.F.);
#9947 = EDGE_CURVE('',#9899,#9940,#9948,.T.);
#9948 = CIRCLE('',#9949,5.E-02);
#9949 = AXIS2_PLACEMENT_3D('',#9950,#9951,#9952);
#9950 = CARTESIAN_POINT('',(2.5,0.755,3.845));
#9951 = DIRECTION('',(-1.,-0.,6.938893903907E-15));
#9952 = DIRECTION('',(-6.938893903907E-15,0.,-1.));
#9953 = CYLINDRICAL_SURFACE('',#9954,5.E-02);
#9954 = AXIS2_PLACEMENT_3D('',#9955,#9956,#9957);
#9955 = CARTESIAN_POINT('',(2.7,0.755,3.845));
#9956 = DIRECTION('',(-1.,-0.,6.938893903907E-15));
#9957 = DIRECTION('',(6.938893903907E-15,0.,1.));
#9958 = ADVANCED_FACE('',(#9959),#9984,.F.);
#9959 = FACE_BOUND('',#9960,.T.);
#9960 = EDGE_LOOP('',(#9961,#9969,#9977,#9983));
#9961 = ORIENTED_EDGE('',*,*,#9962,.T.);
#9962 = EDGE_CURVE('',#9940,#9963,#9965,.T.);
#9963 = VERTEX_POINT('',#9964);
#9964 = CARTESIAN_POINT('',(2.5,0.705,3.895));
#9965 = LINE('',#9966,#9967);
#9966 = CARTESIAN_POINT('',(2.5,0.705,3.895));
#9967 = VECTOR('',#9968,1.);
#9968 = DIRECTION('',(-0.,-0.,1.));
#9969 = ORIENTED_EDGE('',*,*,#9970,.F.);
#9970 = EDGE_CURVE('',#9971,#9963,#9973,.T.);
#9971 = VERTEX_POINT('',#9972);
#9972 = CARTESIAN_POINT('',(2.7,0.705,3.895));
#9973 = LINE('',#9974,#9975);
#9974 = CARTESIAN_POINT('',(2.7,0.705,3.895));
#9975 = VECTOR('',#9976,1.);
#9976 = DIRECTION('',(-1.,-0.,6.938893903907E-15));
#9977 = ORIENTED_EDGE('',*,*,#9978,.F.);
#9978 = EDGE_CURVE('',#9931,#9971,#9979,.T.);
#9979 = LINE('',#9980,#9981);
#9980 = CARTESIAN_POINT('',(2.7,0.705,3.895));
#9981 = VECTOR('',#9982,1.);
#9982 = DIRECTION('',(-0.,-0.,1.));
#9983 = ORIENTED_EDGE('',*,*,#9939,.T.);
#9984 = PLANE('',#9985);
#9985 = AXIS2_PLACEMENT_3D('',#9986,#9987,#9988);
#9986 = CARTESIAN_POINT('',(2.7,0.705,3.895));
#9987 = DIRECTION('',(0.,-1.,0.));
#9988 = DIRECTION('',(0.,-0.,-1.));
#9989 = ADVANCED_FACE('',(#9990),#10015,.F.);
#9990 = FACE_BOUND('',#9991,.T.);
#9991 = EDGE_LOOP('',(#9992,#10000,#10008,#10014));
#9992 = ORIENTED_EDGE('',*,*,#9993,.T.);
#9993 = EDGE_CURVE('',#9963,#9994,#9996,.T.);
#9994 = VERTEX_POINT('',#9995);
#9995 = CARTESIAN_POINT('',(2.5,0.47,3.895));
#9996 = LINE('',#9997,#9998);
#9997 = CARTESIAN_POINT('',(2.5,0.705,3.895));
#9998 = VECTOR('',#9999,1.);
#9999 = DIRECTION('',(0.,-1.,0.));
#10000 = ORIENTED_EDGE('',*,*,#10001,.F.);
#10001 = EDGE_CURVE('',#10002,#9994,#10004,.T.);
#10002 = VERTEX_POINT('',#10003);
#10003 = CARTESIAN_POINT('',(2.7,0.47,3.895));
#10004 = LINE('',#10005,#10006);
#10005 = CARTESIAN_POINT('',(2.7,0.47,3.895));
#10006 = VECTOR('',#10007,1.);
#10007 = DIRECTION('',(-1.,-0.,6.938893903907E-15));
#10008 = ORIENTED_EDGE('',*,*,#10009,.F.);
#10009 = EDGE_CURVE('',#9971,#10002,#10010,.T.);
#10010 = LINE('',#10011,#10012);
#10011 = CARTESIAN_POINT('',(2.7,0.705,3.895));
#10012 = VECTOR('',#10013,1.);
#10013 = DIRECTION('',(0.,-1.,0.));
#10014 = ORIENTED_EDGE('',*,*,#9970,.T.);
#10015 = PLANE('',#10016);
#10016 = AXIS2_PLACEMENT_3D('',#10017,#10018,#10019);
#10017 = CARTESIAN_POINT('',(2.7,0.705,3.895));
#10018 = DIRECTION('',(-6.938893903907E-15,0.,-1.));
#10019 = DIRECTION('',(-1.,0.,6.938893903907E-15));
#10020 = ADVANCED_FACE('',(#10021),#10046,.F.);
#10021 = FACE_BOUND('',#10022,.T.);
#10022 = EDGE_LOOP('',(#10023,#10031,#10039,#10045));
#10023 = ORIENTED_EDGE('',*,*,#10024,.T.);
#10024 = EDGE_CURVE('',#9994,#10025,#10027,.T.);
#10025 = VERTEX_POINT('',#10026);
#10026 = CARTESIAN_POINT('',(2.5,0.334289321881,3.759289321881));
#10027 = LINE('',#10028,#10029);
#10028 = CARTESIAN_POINT('',(2.5,0.47,3.895));
#10029 = VECTOR('',#10030,1.);
#10030 = DIRECTION('',(-4.519300729874E-15,-0.707106781187,
    -0.707106781187));
#10031 = ORIENTED_EDGE('',*,*,#10032,.F.);
#10032 = EDGE_CURVE('',#10033,#10025,#10035,.T.);
#10033 = VERTEX_POINT('',#10034);
#10034 = CARTESIAN_POINT('',(2.7,0.334289321881,3.759289321881));
#10035 = LINE('',#10036,#10037);
#10036 = CARTESIAN_POINT('',(2.7,0.334289321881,3.759289321881));
#10037 = VECTOR('',#10038,1.);
#10038 = DIRECTION('',(-1.,-0.,6.938893903907E-15));
#10039 = ORIENTED_EDGE('',*,*,#10040,.F.);
#10040 = EDGE_CURVE('',#10002,#10033,#10041,.T.);
#10041 = LINE('',#10042,#10043);
#10042 = CARTESIAN_POINT('',(2.7,0.47,3.895));
#10043 = VECTOR('',#10044,1.);
#10044 = DIRECTION('',(-4.519300729874E-15,-0.707106781187,
    -0.707106781187));
#10045 = ORIENTED_EDGE('',*,*,#10001,.T.);
#10046 = PLANE('',#10047);
#10047 = AXIS2_PLACEMENT_3D('',#10048,#10049,#10050);
#10048 = CARTESIAN_POINT('',(2.7,0.47,3.895));
#10049 = DIRECTION('',(-4.906538933387E-15,0.707106781187,
    -0.707106781187));
#10050 = DIRECTION('',(0.,0.707106781187,0.707106781187));
#10051 = ADVANCED_FACE('',(#10052),#10079,.T.);
#10052 = FACE_BOUND('',#10053,.T.);
#10053 = EDGE_LOOP('',(#10054,#10063,#10071,#10078));
#10054 = ORIENTED_EDGE('',*,*,#10055,.T.);
#10055 = EDGE_CURVE('',#10025,#10056,#10058,.T.);
#10056 = VERTEX_POINT('',#10057);
#10057 = CARTESIAN_POINT('',(2.5,0.305,3.688578643763));
#10058 = CIRCLE('',#10059,0.1);
#10059 = AXIS2_PLACEMENT_3D('',#10060,#10061,#10062);
#10060 = CARTESIAN_POINT('',(2.5,0.405,3.688578643763));
#10061 = DIRECTION('',(1.,0.,-6.938893903907E-15));
#10062 = DIRECTION('',(-6.938893903907E-15,0.,-1.));
#10063 = ORIENTED_EDGE('',*,*,#10064,.F.);
#10064 = EDGE_CURVE('',#10065,#10056,#10067,.T.);
#10065 = VERTEX_POINT('',#10066);
#10066 = CARTESIAN_POINT('',(2.7,0.305,3.688578643763));
#10067 = LINE('',#10068,#10069);
#10068 = CARTESIAN_POINT('',(2.7,0.305,3.688578643763));
#10069 = VECTOR('',#10070,1.);
#10070 = DIRECTION('',(-1.,-0.,6.938893903907E-15));
#10071 = ORIENTED_EDGE('',*,*,#10072,.F.);
#10072 = EDGE_CURVE('',#10033,#10065,#10073,.T.);
#10073 = CIRCLE('',#10074,0.1);
#10074 = AXIS2_PLACEMENT_3D('',#10075,#10076,#10077);
#10075 = CARTESIAN_POINT('',(2.7,0.405,3.688578643763));
#10076 = DIRECTION('',(1.,0.,-6.938893903907E-15));
#10077 = DIRECTION('',(-6.938893903907E-15,0.,-1.));
#10078 = ORIENTED_EDGE('',*,*,#10032,.T.);
#10079 = CYLINDRICAL_SURFACE('',#10080,0.1);
#10080 = AXIS2_PLACEMENT_3D('',#10081,#10082,#10083);
#10081 = CARTESIAN_POINT('',(2.7,0.405,3.688578643763));
#10082 = DIRECTION('',(-1.,-0.,6.938893903907E-15));
#10083 = DIRECTION('',(6.938893903907E-15,0.,1.));
#10084 = ADVANCED_FACE('',(#10085),#10110,.F.);
#10085 = FACE_BOUND('',#10086,.T.);
#10086 = EDGE_LOOP('',(#10087,#10095,#10103,#10109));
#10087 = ORIENTED_EDGE('',*,*,#10088,.T.);
#10088 = EDGE_CURVE('',#10056,#10089,#10091,.T.);
#10089 = VERTEX_POINT('',#10090);
#10090 = CARTESIAN_POINT('',(2.5,0.305,2.601421356237));
#10091 = LINE('',#10092,#10093);
#10092 = CARTESIAN_POINT('',(2.5,0.305,3.688578643763));
#10093 = VECTOR('',#10094,1.);
#10094 = DIRECTION('',(-6.781516214349E-15,-4.986408981139E-17,-1.));
#10095 = ORIENTED_EDGE('',*,*,#10096,.F.);
#10096 = EDGE_CURVE('',#10097,#10089,#10099,.T.);
#10097 = VERTEX_POINT('',#10098);
#10098 = CARTESIAN_POINT('',(2.7,0.305,2.601421356237));
#10099 = LINE('',#10100,#10101);
#10100 = CARTESIAN_POINT('',(2.7,0.305,2.601421356237));
#10101 = VECTOR('',#10102,1.);
#10102 = DIRECTION('',(-1.,-0.,6.938893903907E-15));
#10103 = ORIENTED_EDGE('',*,*,#10104,.F.);
#10104 = EDGE_CURVE('',#10065,#10097,#10105,.T.);
#10105 = LINE('',#10106,#10107);
#10106 = CARTESIAN_POINT('',(2.7,0.305,3.688578643763));
#10107 = VECTOR('',#10108,1.);
#10108 = DIRECTION('',(-6.781516214349E-15,-4.986408981139E-17,-1.));
#10109 = ORIENTED_EDGE('',*,*,#10064,.T.);
#10110 = PLANE('',#10111);
#10111 = AXIS2_PLACEMENT_3D('',#10112,#10113,#10114);
#10112 = CARTESIAN_POINT('',(2.7,0.305,3.688578643763));
#10113 = DIRECTION('',(-3.460016288162E-31,1.,-4.986408981139E-17));
#10114 = DIRECTION('',(0.,4.986408981139E-17,1.));
#10115 = ADVANCED_FACE('',(#10116),#10143,.T.);
#10116 = FACE_BOUND('',#10117,.T.);
#10117 = EDGE_LOOP('',(#10118,#10127,#10135,#10142));
#10118 = ORIENTED_EDGE('',*,*,#10119,.T.);
#10119 = EDGE_CURVE('',#10089,#10120,#10122,.T.);
#10120 = VERTEX_POINT('',#10121);
#10121 = CARTESIAN_POINT('',(2.5,0.334289321881,2.530710678119));
#10122 = CIRCLE('',#10123,1.E-01);
#10123 = AXIS2_PLACEMENT_3D('',#10124,#10125,#10126);
#10124 = CARTESIAN_POINT('',(2.5,0.405,2.601421356237));
#10125 = DIRECTION('',(1.,0.,-6.938893903907E-15));
#10126 = DIRECTION('',(-6.938893903907E-15,0.,-1.));
#10127 = ORIENTED_EDGE('',*,*,#10128,.F.);
#10128 = EDGE_CURVE('',#10129,#10120,#10131,.T.);
#10129 = VERTEX_POINT('',#10130);
#10130 = CARTESIAN_POINT('',(2.7,0.334289321881,2.530710678119));
#10131 = LINE('',#10132,#10133);
#10132 = CARTESIAN_POINT('',(2.7,0.334289321881,2.530710678119));
#10133 = VECTOR('',#10134,1.);
#10134 = DIRECTION('',(-1.,-0.,6.938893903907E-15));
#10135 = ORIENTED_EDGE('',*,*,#10136,.F.);
#10136 = EDGE_CURVE('',#10097,#10129,#10137,.T.);
#10137 = CIRCLE('',#10138,1.E-01);
#10138 = AXIS2_PLACEMENT_3D('',#10139,#10140,#10141);
#10139 = CARTESIAN_POINT('',(2.7,0.405,2.601421356237));
#10140 = DIRECTION('',(1.,0.,-6.938893903907E-15));
#10141 = DIRECTION('',(-6.938893903907E-15,0.,-1.));
#10142 = ORIENTED_EDGE('',*,*,#10096,.T.);
#10143 = CYLINDRICAL_SURFACE('',#10144,1.E-01);
#10144 = AXIS2_PLACEMENT_3D('',#10145,#10146,#10147);
#10145 = CARTESIAN_POINT('',(2.7,0.405,2.601421356237));
#10146 = DIRECTION('',(-1.,-0.,6.938893903907E-15));
#10147 = DIRECTION('',(6.938893903907E-15,0.,1.));
#10148 = ADVANCED_FACE('',(#10149),#10174,.F.);
#10149 = FACE_BOUND('',#10150,.T.);
#10150 = EDGE_LOOP('',(#10151,#10159,#10167,#10173));
#10151 = ORIENTED_EDGE('',*,*,#10152,.T.);
#10152 = EDGE_CURVE('',#10120,#10153,#10155,.T.);
#10153 = VERTEX_POINT('',#10154);
#10154 = CARTESIAN_POINT('',(2.5,0.47,2.395));
#10155 = LINE('',#10156,#10157);
#10156 = CARTESIAN_POINT('',(2.5,0.334289321881,2.530710678119));
#10157 = VECTOR('',#10158,1.);
#10158 = DIRECTION('',(-4.519300729874E-15,0.707106781187,
    -0.707106781187));
#10159 = ORIENTED_EDGE('',*,*,#10160,.F.);
#10160 = EDGE_CURVE('',#10161,#10153,#10163,.T.);
#10161 = VERTEX_POINT('',#10162);
#10162 = CARTESIAN_POINT('',(2.7,0.47,2.395));
#10163 = LINE('',#10164,#10165);
#10164 = CARTESIAN_POINT('',(2.7,0.47,2.395));
#10165 = VECTOR('',#10166,1.);
#10166 = DIRECTION('',(-1.,-0.,6.938893903907E-15));
#10167 = ORIENTED_EDGE('',*,*,#10168,.F.);
#10168 = EDGE_CURVE('',#10129,#10161,#10169,.T.);
#10169 = LINE('',#10170,#10171);
#10170 = CARTESIAN_POINT('',(2.7,0.334289321881,2.530710678119));
#10171 = VECTOR('',#10172,1.);
#10172 = DIRECTION('',(-4.519300729874E-15,0.707106781187,
    -0.707106781187));
#10173 = ORIENTED_EDGE('',*,*,#10128,.T.);
#10174 = PLANE('',#10175);
#10175 = AXIS2_PLACEMENT_3D('',#10176,#10177,#10178);
#10176 = CARTESIAN_POINT('',(2.7,0.334289321881,2.530710678119));
#10177 = DIRECTION('',(4.906538933387E-15,0.707106781187,0.707106781187)
  );
#10178 = DIRECTION('',(0.,-0.707106781187,0.707106781187));
#10179 = ADVANCED_FACE('',(#10180),#10205,.F.);
#10180 = FACE_BOUND('',#10181,.T.);
#10181 = EDGE_LOOP('',(#10182,#10190,#10198,#10204));
#10182 = ORIENTED_EDGE('',*,*,#10183,.T.);
#10183 = EDGE_CURVE('',#10153,#10184,#10186,.T.);
#10184 = VERTEX_POINT('',#10185);
#10185 = CARTESIAN_POINT('',(2.5,0.905,2.395));
#10186 = LINE('',#10187,#10188);
#10187 = CARTESIAN_POINT('',(2.5,0.47,2.395));
#10188 = VECTOR('',#10189,1.);
#10189 = DIRECTION('',(0.,1.,1.993935029858E-15));
#10190 = ORIENTED_EDGE('',*,*,#10191,.F.);
#10191 = EDGE_CURVE('',#10192,#10184,#10194,.T.);
#10192 = VERTEX_POINT('',#10193);
#10193 = CARTESIAN_POINT('',(2.7,0.905,2.395));
#10194 = LINE('',#10195,#10196);
#10195 = CARTESIAN_POINT('',(2.7,0.905,2.395));
#10196 = VECTOR('',#10197,1.);
#10197 = DIRECTION('',(-1.,-0.,6.938893903907E-15));
#10198 = ORIENTED_EDGE('',*,*,#10199,.F.);
#10199 = EDGE_CURVE('',#10161,#10192,#10200,.T.);
#10200 = LINE('',#10201,#10202);
#10201 = CARTESIAN_POINT('',(2.7,0.47,2.395));
#10202 = VECTOR('',#10203,1.);
#10203 = DIRECTION('',(0.,1.,1.993935029858E-15));
#10204 = ORIENTED_EDGE('',*,*,#10160,.T.);
#10205 = PLANE('',#10206);
#10206 = AXIS2_PLACEMENT_3D('',#10207,#10208,#10209);
#10207 = CARTESIAN_POINT('',(2.7,0.47,2.395));
#10208 = DIRECTION('',(6.938893903907E-15,-1.993935029858E-15,1.));
#10209 = DIRECTION('',(1.,0.,-6.938893903907E-15));
#10210 = ADVANCED_FACE('',(#10211),#10227,.F.);
#10211 = FACE_BOUND('',#10212,.T.);
#10212 = EDGE_LOOP('',(#10213,#10219,#10220,#10226));
#10213 = ORIENTED_EDGE('',*,*,#10214,.T.);
#10214 = EDGE_CURVE('',#10184,#9508,#10215,.T.);
#10215 = LINE('',#10216,#10217);
#10216 = CARTESIAN_POINT('',(2.5,0.905,2.395));
#10217 = VECTOR('',#10218,1.);
#10218 = DIRECTION('',(6.938893903907E-15,-2.710505431214E-15,1.));
#10219 = ORIENTED_EDGE('',*,*,#9533,.F.);
#10220 = ORIENTED_EDGE('',*,*,#10221,.F.);
#10221 = EDGE_CURVE('',#10192,#9526,#10222,.T.);
#10222 = LINE('',#10223,#10224);
#10223 = CARTESIAN_POINT('',(2.7,0.905,2.395));
#10224 = VECTOR('',#10225,1.);
#10225 = DIRECTION('',(6.938893903907E-15,-2.710505431214E-15,1.));
#10226 = ORIENTED_EDGE('',*,*,#10191,.T.);
#10227 = PLANE('',#10228);
#10228 = AXIS2_PLACEMENT_3D('',#10229,#10230,#10231);
#10229 = CARTESIAN_POINT('',(2.7,0.905,2.395));
#10230 = DIRECTION('',(-1.880790961316E-29,-1.,-2.710505431214E-15));
#10231 = DIRECTION('',(0.,2.710505431214E-15,-1.));
#10232 = ADVANCED_FACE('',(#10233),#10258,.F.);
#10233 = FACE_BOUND('',#10234,.T.);
#10234 = EDGE_LOOP('',(#10235,#10236,#10237,#10238,#10239,#10240,#10241,
    #10242,#10243,#10244,#10245,#10246,#10247,#10248,#10249,#10250,
    #10251,#10252,#10253,#10254,#10255,#10256,#10257));
#10235 = ORIENTED_EDGE('',*,*,#9525,.T.);
#10236 = ORIENTED_EDGE('',*,*,#9563,.T.);
#10237 = ORIENTED_EDGE('',*,*,#9594,.T.);
#10238 = ORIENTED_EDGE('',*,*,#9625,.T.);
#10239 = ORIENTED_EDGE('',*,*,#9656,.T.);
#10240 = ORIENTED_EDGE('',*,*,#9672,.T.);
#10241 = ORIENTED_EDGE('',*,*,#9720,.T.);
#10242 = ORIENTED_EDGE('',*,*,#9736,.T.);
#10243 = ORIENTED_EDGE('',*,*,#9785,.T.);
#10244 = ORIENTED_EDGE('',*,*,#9817,.T.);
#10245 = ORIENTED_EDGE('',*,*,#9849,.T.);
#10246 = ORIENTED_EDGE('',*,*,#9866,.T.);
#10247 = ORIENTED_EDGE('',*,*,#9914,.T.);
#10248 = ORIENTED_EDGE('',*,*,#9930,.T.);
#10249 = ORIENTED_EDGE('',*,*,#9978,.T.);
#10250 = ORIENTED_EDGE('',*,*,#10009,.T.);
#10251 = ORIENTED_EDGE('',*,*,#10040,.T.);
#10252 = ORIENTED_EDGE('',*,*,#10072,.T.);
#10253 = ORIENTED_EDGE('',*,*,#10104,.T.);
#10254 = ORIENTED_EDGE('',*,*,#10136,.T.);
#10255 = ORIENTED_EDGE('',*,*,#10168,.T.);
#10256 = ORIENTED_EDGE('',*,*,#10199,.T.);
#10257 = ORIENTED_EDGE('',*,*,#10221,.T.);
#10258 = PLANE('',#10259);
#10259 = AXIS2_PLACEMENT_3D('',#10260,#10261,#10262);
#10260 = CARTESIAN_POINT('',(2.7,1.255,3.845));
#10261 = DIRECTION('',(-1.,-0.,6.938893903907E-15));
#10262 = DIRECTION('',(6.938893903907E-15,0.,1.));
#10263 = ADVANCED_FACE('',(#10264),#10289,.T.);
#10264 = FACE_BOUND('',#10265,.T.);
#10265 = EDGE_LOOP('',(#10266,#10267,#10268,#10269,#10270,#10271,#10272,
    #10273,#10274,#10275,#10276,#10277,#10278,#10279,#10280,#10281,
    #10282,#10283,#10284,#10285,#10286,#10287,#10288));
#10266 = ORIENTED_EDGE('',*,*,#9507,.F.);
#10267 = ORIENTED_EDGE('',*,*,#10214,.F.);
#10268 = ORIENTED_EDGE('',*,*,#10183,.F.);
#10269 = ORIENTED_EDGE('',*,*,#10152,.F.);
#10270 = ORIENTED_EDGE('',*,*,#10119,.F.);
#10271 = ORIENTED_EDGE('',*,*,#10088,.F.);
#10272 = ORIENTED_EDGE('',*,*,#10055,.F.);
#10273 = ORIENTED_EDGE('',*,*,#10024,.F.);
#10274 = ORIENTED_EDGE('',*,*,#9993,.F.);
#10275 = ORIENTED_EDGE('',*,*,#9962,.F.);
#10276 = ORIENTED_EDGE('',*,*,#9947,.F.);
#10277 = ORIENTED_EDGE('',*,*,#9898,.F.);
#10278 = ORIENTED_EDGE('',*,*,#9883,.F.);
#10279 = ORIENTED_EDGE('',*,*,#9832,.F.);
#10280 = ORIENTED_EDGE('',*,*,#9801,.F.);
#10281 = ORIENTED_EDGE('',*,*,#9768,.F.);
#10282 = ORIENTED_EDGE('',*,*,#9753,.F.);
#10283 = ORIENTED_EDGE('',*,*,#9704,.F.);
#10284 = ORIENTED_EDGE('',*,*,#9689,.F.);
#10285 = ORIENTED_EDGE('',*,*,#9640,.F.);
#10286 = ORIENTED_EDGE('',*,*,#9609,.F.);
#10287 = ORIENTED_EDGE('',*,*,#9578,.F.);
#10288 = ORIENTED_EDGE('',*,*,#9547,.F.);
#10289 = PLANE('',#10290);
#10290 = AXIS2_PLACEMENT_3D('',#10291,#10292,#10293);
#10291 = CARTESIAN_POINT('',(2.5,1.255,3.845));
#10292 = DIRECTION('',(-1.,-0.,6.938893903907E-15));
#10293 = DIRECTION('',(6.938893903907E-15,0.,1.));
#10294 = MANIFOLD_SOLID_BREP('',#10295);
#10295 = CLOSED_SHELL('',(#10296,#10336,#10367,#10398,#10429,#10460,
    #10493,#10524,#10557,#10588,#10621,#10652,#10683,#10716,#10747,
    #10780,#10811,#10844,#10866,#10892));
#10296 = ADVANCED_FACE('',(#10297),#10331,.F.);
#10297 = FACE_BOUND('',#10298,.T.);
#10298 = EDGE_LOOP('',(#10299,#10309,#10317,#10325));
#10299 = ORIENTED_EDGE('',*,*,#10300,.T.);
#10300 = EDGE_CURVE('',#10301,#10303,#10305,.T.);
#10301 = VERTEX_POINT('',#10302);
#10302 = CARTESIAN_POINT('',(0.4,2.435,0.195));
#10303 = VERTEX_POINT('',#10304);
#10304 = CARTESIAN_POINT('',(0.4,2.435,2.645));
#10305 = LINE('',#10306,#10307);
#10306 = CARTESIAN_POINT('',(0.4,2.435,0.895));
#10307 = VECTOR('',#10308,1.);
#10308 = DIRECTION('',(7.186711543332E-15,-2.973811673103E-15,1.));
#10309 = ORIENTED_EDGE('',*,*,#10310,.F.);
#10310 = EDGE_CURVE('',#10311,#10303,#10313,.T.);
#10311 = VERTEX_POINT('',#10312);
#10312 = CARTESIAN_POINT('',(0.6,2.435,2.645));
#10313 = LINE('',#10314,#10315);
#10314 = CARTESIAN_POINT('',(0.6,2.435,2.645));
#10315 = VECTOR('',#10316,1.);
#10316 = DIRECTION('',(-1.,-5.605193857299E-45,6.982966722219E-15));
#10317 = ORIENTED_EDGE('',*,*,#10318,.F.);
#10318 = EDGE_CURVE('',#10319,#10311,#10321,.T.);
#10319 = VERTEX_POINT('',#10320);
#10320 = CARTESIAN_POINT('',(0.6,2.435,0.195));
#10321 = LINE('',#10322,#10323);
#10322 = CARTESIAN_POINT('',(0.6,2.435,0.195));
#10323 = VECTOR('',#10324,1.);
#10324 = DIRECTION('',(6.814985084195E-15,0.,1.));
#10325 = ORIENTED_EDGE('',*,*,#10326,.T.);
#10326 = EDGE_CURVE('',#10319,#10301,#10327,.T.);
#10327 = LINE('',#10328,#10329);
#10328 = CARTESIAN_POINT('',(0.6,2.435,0.195));
#10329 = VECTOR('',#10330,1.);
#10330 = DIRECTION('',(-1.,-5.605193857299E-45,6.982966722219E-15));
#10331 = PLANE('',#10332);
#10332 = AXIS2_PLACEMENT_3D('',#10333,#10334,#10335);
#10333 = CARTESIAN_POINT('',(0.6,2.435,0.895));
#10334 = DIRECTION('',(-2.076602795142E-29,-1.,-2.973811673103E-15));
#10335 = DIRECTION('',(0.,2.973811673103E-15,-1.));
#10336 = ADVANCED_FACE('',(#10337),#10362,.F.);
#10337 = FACE_BOUND('',#10338,.T.);
#10338 = EDGE_LOOP('',(#10339,#10347,#10355,#10361));
#10339 = ORIENTED_EDGE('',*,*,#10340,.T.);
#10340 = EDGE_CURVE('',#10303,#10341,#10343,.T.);
#10341 = VERTEX_POINT('',#10342);
#10342 = CARTESIAN_POINT('',(0.4,2.085,2.645));
#10343 = LINE('',#10344,#10345);
#10344 = CARTESIAN_POINT('',(0.4,2.435,2.645));
#10345 = VECTOR('',#10346,1.);
#10346 = DIRECTION('',(0.,-1.,-1.239088197126E-15));
#10347 = ORIENTED_EDGE('',*,*,#10348,.F.);
#10348 = EDGE_CURVE('',#10349,#10341,#10351,.T.);
#10349 = VERTEX_POINT('',#10350);
#10350 = CARTESIAN_POINT('',(0.6,2.085,2.645));
#10351 = LINE('',#10352,#10353);
#10352 = CARTESIAN_POINT('',(0.6,2.085,2.645));
#10353 = VECTOR('',#10354,1.);
#10354 = DIRECTION('',(-1.,-5.605193857299E-45,6.982966722219E-15));
#10355 = ORIENTED_EDGE('',*,*,#10356,.F.);
#10356 = EDGE_CURVE('',#10311,#10349,#10357,.T.);
#10357 = LINE('',#10358,#10359);
#10358 = CARTESIAN_POINT('',(0.6,2.435,2.645));
#10359 = VECTOR('',#10360,1.);
#10360 = DIRECTION('',(0.,-1.,-1.239088197126E-15));
#10361 = ORIENTED_EDGE('',*,*,#10310,.T.);
#10362 = PLANE('',#10363);
#10363 = AXIS2_PLACEMENT_3D('',#10364,#10365,#10366);
#10364 = CARTESIAN_POINT('',(0.6,2.435,2.645));
#10365 = DIRECTION('',(-6.982966722219E-15,1.239088197126E-15,-1.));
#10366 = DIRECTION('',(-1.,0.,6.982966722219E-15));
#10367 = ADVANCED_FACE('',(#10368),#10393,.F.);
#10368 = FACE_BOUND('',#10369,.T.);
#10369 = EDGE_LOOP('',(#10370,#10378,#10386,#10392));
#10370 = ORIENTED_EDGE('',*,*,#10371,.T.);
#10371 = EDGE_CURVE('',#10341,#10372,#10374,.T.);
#10372 = VERTEX_POINT('',#10373);
#10373 = CARTESIAN_POINT('',(0.4,1.955,0.895));
#10374 = LINE('',#10375,#10376);
#10375 = CARTESIAN_POINT('',(0.4,2.085,2.645));
#10376 = VECTOR('',#10377,1.);
#10377 = DIRECTION('',(-7.166963780252E-15,-7.408159078957E-02,
    -0.997252183706));
#10378 = ORIENTED_EDGE('',*,*,#10379,.F.);
#10379 = EDGE_CURVE('',#10380,#10372,#10382,.T.);
#10380 = VERTEX_POINT('',#10381);
#10381 = CARTESIAN_POINT('',(0.6,1.955,0.895));
#10382 = LINE('',#10383,#10384);
#10383 = CARTESIAN_POINT('',(0.6,1.955,0.895));
#10384 = VECTOR('',#10385,1.);
#10385 = DIRECTION('',(-1.,-5.605193857299E-45,6.982966722219E-15));
#10386 = ORIENTED_EDGE('',*,*,#10387,.F.);
#10387 = EDGE_CURVE('',#10349,#10380,#10388,.T.);
#10388 = LINE('',#10389,#10390);
#10389 = CARTESIAN_POINT('',(0.6,2.085,2.645));
#10390 = VECTOR('',#10391,1.);
#10391 = DIRECTION('',(-7.166963780252E-15,-7.408159078957E-02,
    -0.997252183706));
#10392 = ORIENTED_EDGE('',*,*,#10348,.T.);
#10393 = PLANE('',#10394);
#10394 = AXIS2_PLACEMENT_3D('',#10395,#10396,#10397);
#10395 = CARTESIAN_POINT('',(0.6,2.085,2.645));
#10396 = DIRECTION('',(-5.173092832126E-16,0.997252183706,
    -7.408159078957E-02));
#10397 = DIRECTION('',(0.,7.408159078957E-02,0.997252183706));
#10398 = ADVANCED_FACE('',(#10399),#10424,.F.);
#10399 = FACE_BOUND('',#10400,.T.);
#10400 = EDGE_LOOP('',(#10401,#10409,#10417,#10423));
#10401 = ORIENTED_EDGE('',*,*,#10402,.T.);
#10402 = EDGE_CURVE('',#10372,#10403,#10405,.T.);
#10403 = VERTEX_POINT('',#10404);
#10404 = CARTESIAN_POINT('',(0.4,1.955,0.195));
#10405 = LINE('',#10406,#10407);
#10406 = CARTESIAN_POINT('',(0.4,1.955,0.895));
#10407 = VECTOR('',#10408,1.);
#10408 = DIRECTION('',(-6.814985084195E-15,0.,-1.));
#10409 = ORIENTED_EDGE('',*,*,#10410,.F.);
#10410 = EDGE_CURVE('',#10411,#10403,#10413,.T.);
#10411 = VERTEX_POINT('',#10412);
#10412 = CARTESIAN_POINT('',(0.6,1.955,0.195));
#10413 = LINE('',#10414,#10415);
#10414 = CARTESIAN_POINT('',(0.6,1.955,0.195));
#10415 = VECTOR('',#10416,1.);
#10416 = DIRECTION('',(-1.,-5.605193857299E-45,6.982966722219E-15));
#10417 = ORIENTED_EDGE('',*,*,#10418,.F.);
#10418 = EDGE_CURVE('',#10380,#10411,#10419,.T.);
#10419 = LINE('',#10420,#10421);
#10420 = CARTESIAN_POINT('',(0.6,1.955,0.895));
#10421 = VECTOR('',#10422,1.);
#10422 = DIRECTION('',(-6.814985084195E-15,0.,-1.));
#10423 = ORIENTED_EDGE('',*,*,#10379,.T.);
#10424 = PLANE('',#10425);
#10425 = AXIS2_PLACEMENT_3D('',#10426,#10427,#10428);
#10426 = CARTESIAN_POINT('',(0.6,1.955,0.895));
#10427 = DIRECTION('',(-5.605193857299E-45,1.,3.819931253151E-59));
#10428 = DIRECTION('',(-1.,-5.605193857299E-45,0.));
#10429 = ADVANCED_FACE('',(#10430),#10455,.F.);
#10430 = FACE_BOUND('',#10431,.T.);
#10431 = EDGE_LOOP('',(#10432,#10440,#10448,#10454));
#10432 = ORIENTED_EDGE('',*,*,#10433,.T.);
#10433 = EDGE_CURVE('',#10403,#10434,#10436,.T.);
#10434 = VERTEX_POINT('',#10435);
#10435 = CARTESIAN_POINT('',(0.4,0.845,0.195));
#10436 = LINE('',#10437,#10438);
#10437 = CARTESIAN_POINT('',(0.4,0.845,0.195));
#10438 = VECTOR('',#10439,1.);
#10439 = DIRECTION('',(-0.,-1.,2.490734720575E-15));
#10440 = ORIENTED_EDGE('',*,*,#10441,.F.);
#10441 = EDGE_CURVE('',#10442,#10434,#10444,.T.);
#10442 = VERTEX_POINT('',#10443);
#10443 = CARTESIAN_POINT('',(0.6,0.845,0.195));
#10444 = LINE('',#10445,#10446);
#10445 = CARTESIAN_POINT('',(0.6,0.845,0.195));
#10446 = VECTOR('',#10447,1.);
#10447 = DIRECTION('',(-1.,-5.605193857299E-45,6.982966722219E-15));
#10448 = ORIENTED_EDGE('',*,*,#10449,.F.);
#10449 = EDGE_CURVE('',#10411,#10442,#10450,.T.);
#10450 = LINE('',#10451,#10452);
#10451 = CARTESIAN_POINT('',(0.6,0.845,0.195));
#10452 = VECTOR('',#10453,1.);
#10453 = DIRECTION('',(-0.,-1.,2.490734720575E-15));
#10454 = ORIENTED_EDGE('',*,*,#10410,.T.);
#10455 = PLANE('',#10456);
#10456 = AXIS2_PLACEMENT_3D('',#10457,#10458,#10459);
#10457 = CARTESIAN_POINT('',(0.6,0.845,0.195));
#10458 = DIRECTION('',(-6.982966722219E-15,-2.490734720575E-15,-1.));
#10459 = DIRECTION('',(-1.,0.,6.982966722219E-15));
#10460 = ADVANCED_FACE('',(#10461),#10488,.T.);
#10461 = FACE_BOUND('',#10462,.T.);
#10462 = EDGE_LOOP('',(#10463,#10472,#10480,#10487));
#10463 = ORIENTED_EDGE('',*,*,#10464,.T.);
#10464 = EDGE_CURVE('',#10434,#10465,#10467,.T.);
#10465 = VERTEX_POINT('',#10466);
#10466 = CARTESIAN_POINT('',(0.4,0.774289321881,0.165710678119));
#10467 = CIRCLE('',#10468,0.1);
#10468 = AXIS2_PLACEMENT_3D('',#10469,#10470,#10471);
#10469 = CARTESIAN_POINT('',(0.4,0.845,9.499999999999E-02));
#10470 = DIRECTION('',(1.,5.605193857299E-45,-6.982966722219E-15));
#10471 = DIRECTION('',(6.982966722219E-15,-3.606796452549E-61,1.));
#10472 = ORIENTED_EDGE('',*,*,#10473,.F.);
#10473 = EDGE_CURVE('',#10474,#10465,#10476,.T.);
#10474 = VERTEX_POINT('',#10475);
#10475 = CARTESIAN_POINT('',(0.6,0.774289321881,0.165710678119));
#10476 = LINE('',#10477,#10478);
#10477 = CARTESIAN_POINT('',(0.6,0.774289321881,0.165710678119));
#10478 = VECTOR('',#10479,1.);
#10479 = DIRECTION('',(-1.,-5.605193857299E-45,6.982966722219E-15));
#10480 = ORIENTED_EDGE('',*,*,#10481,.F.);
#10481 = EDGE_CURVE('',#10442,#10474,#10482,.T.);
#10482 = CIRCLE('',#10483,0.1);
#10483 = AXIS2_PLACEMENT_3D('',#10484,#10485,#10486);
#10484 = CARTESIAN_POINT('',(0.6,0.845,9.499999999999E-02));
#10485 = DIRECTION('',(1.,5.605193857299E-45,-6.982966722219E-15));
#10486 = DIRECTION('',(6.982966722219E-15,2.677902033388E-60,1.));
#10487 = ORIENTED_EDGE('',*,*,#10441,.T.);
#10488 = CYLINDRICAL_SURFACE('',#10489,0.1);
#10489 = AXIS2_PLACEMENT_3D('',#10490,#10491,#10492);
#10490 = CARTESIAN_POINT('',(0.6,0.845,9.499999999999E-02));
#10491 = DIRECTION('',(-1.,-5.605193857299E-45,6.982966722219E-15));
#10492 = DIRECTION('',(6.982966722219E-15,2.677902033388E-60,1.));
#10493 = ADVANCED_FACE('',(#10494),#10519,.F.);
#10494 = FACE_BOUND('',#10495,.T.);
#10495 = EDGE_LOOP('',(#10496,#10504,#10512,#10518));
#10496 = ORIENTED_EDGE('',*,*,#10497,.T.);
#10497 = EDGE_CURVE('',#10465,#10498,#10500,.T.);
#10498 = VERTEX_POINT('',#10499);
#10499 = CARTESIAN_POINT('',(0.4,0.324289321881,-0.284289321881));
#10500 = LINE('',#10501,#10502);
#10501 = CARTESIAN_POINT('',(0.4,0.324289321881,-0.284289321881));
#10502 = VECTOR('',#10503,1.);
#10503 = DIRECTION('',(-5.451709925985E-15,-0.707106781187,
    -0.707106781187));
#10504 = ORIENTED_EDGE('',*,*,#10505,.F.);
#10505 = EDGE_CURVE('',#10506,#10498,#10508,.T.);
#10506 = VERTEX_POINT('',#10507);
#10507 = CARTESIAN_POINT('',(0.6,0.324289321881,-0.284289321881));
#10508 = LINE('',#10509,#10510);
#10509 = CARTESIAN_POINT('',(0.6,0.324289321881,-0.284289321881));
#10510 = VECTOR('',#10511,1.);
#10511 = DIRECTION('',(-1.,-5.605193857299E-45,6.982966722219E-15));
#10512 = ORIENTED_EDGE('',*,*,#10513,.F.);
#10513 = EDGE_CURVE('',#10474,#10506,#10514,.T.);
#10514 = LINE('',#10515,#10516);
#10515 = CARTESIAN_POINT('',(0.6,0.324289321881,-0.284289321881));
#10516 = VECTOR('',#10517,1.);
#10517 = DIRECTION('',(-5.451709925985E-15,-0.707106781187,
    -0.707106781187));
#10518 = ORIENTED_EDGE('',*,*,#10473,.T.);
#10519 = PLANE('',#10520);
#10520 = AXIS2_PLACEMENT_3D('',#10521,#10522,#10523);
#10521 = CARTESIAN_POINT('',(0.6,0.324289321881,-0.284289321881));
#10522 = DIRECTION('',(-4.937703122081E-15,0.707106781187,
    -0.707106781187));
#10523 = DIRECTION('',(0.,0.707106781187,0.707106781187));
#10524 = ADVANCED_FACE('',(#10525),#10552,.T.);
#10525 = FACE_BOUND('',#10526,.T.);
#10526 = EDGE_LOOP('',(#10527,#10536,#10544,#10551));
#10527 = ORIENTED_EDGE('',*,*,#10528,.T.);
#10528 = EDGE_CURVE('',#10498,#10529,#10531,.T.);
#10529 = VERTEX_POINT('',#10530);
#10530 = CARTESIAN_POINT('',(0.4,0.295,-0.355));
#10531 = CIRCLE('',#10532,1.E-01);
#10532 = AXIS2_PLACEMENT_3D('',#10533,#10534,#10535);
#10533 = CARTESIAN_POINT('',(0.4,0.395,-0.355));
#10534 = DIRECTION('',(1.,5.605193857299E-45,-6.982966722219E-15));
#10535 = DIRECTION('',(6.982966722219E-15,-3.60679645255E-61,1.));
#10536 = ORIENTED_EDGE('',*,*,#10537,.F.);
#10537 = EDGE_CURVE('',#10538,#10529,#10540,.T.);
#10538 = VERTEX_POINT('',#10539);
#10539 = CARTESIAN_POINT('',(0.6,0.295,-0.355));
#10540 = LINE('',#10541,#10542);
#10541 = CARTESIAN_POINT('',(0.6,0.295,-0.355));
#10542 = VECTOR('',#10543,1.);
#10543 = DIRECTION('',(-1.,-5.605193857299E-45,6.982966722219E-15));
#10544 = ORIENTED_EDGE('',*,*,#10545,.F.);
#10545 = EDGE_CURVE('',#10506,#10538,#10546,.T.);
#10546 = CIRCLE('',#10547,1.E-01);
#10547 = AXIS2_PLACEMENT_3D('',#10548,#10549,#10550);
#10548 = CARTESIAN_POINT('',(0.6,0.395,-0.355));
#10549 = DIRECTION('',(1.,5.605193857299E-45,-6.982966722219E-15));
#10550 = DIRECTION('',(6.982966722219E-15,2.677902033388E-60,1.));
#10551 = ORIENTED_EDGE('',*,*,#10505,.T.);
#10552 = CYLINDRICAL_SURFACE('',#10553,1.E-01);
#10553 = AXIS2_PLACEMENT_3D('',#10554,#10555,#10556);
#10554 = CARTESIAN_POINT('',(0.6,0.395,-0.355));
#10555 = DIRECTION('',(-1.,-5.605193857299E-45,6.982966722219E-15));
#10556 = DIRECTION('',(6.982966722219E-15,2.677902033388E-60,1.));
#10557 = ADVANCED_FACE('',(#10558),#10583,.F.);
#10558 = FACE_BOUND('',#10559,.T.);
#10559 = EDGE_LOOP('',(#10560,#10568,#10576,#10582));
#10560 = ORIENTED_EDGE('',*,*,#10561,.T.);
#10561 = EDGE_CURVE('',#10529,#10562,#10564,.T.);
#10562 = VERTEX_POINT('',#10563);
#10563 = CARTESIAN_POINT('',(0.4,0.295,-0.955));
#10564 = LINE('',#10565,#10566);
#10565 = CARTESIAN_POINT('',(0.4,0.295,-0.355));
#10566 = VECTOR('',#10567,1.);
#10567 = DIRECTION('',(-6.505213034913E-15,9.035018104046E-17,-1.));
#10568 = ORIENTED_EDGE('',*,*,#10569,.F.);
#10569 = EDGE_CURVE('',#10570,#10562,#10572,.T.);
#10570 = VERTEX_POINT('',#10571);
#10571 = CARTESIAN_POINT('',(0.6,0.295,-0.955));
#10572 = LINE('',#10573,#10574);
#10573 = CARTESIAN_POINT('',(0.6,0.295,-0.955));
#10574 = VECTOR('',#10575,1.);
#10575 = DIRECTION('',(-1.,-5.605193857299E-45,6.982966722219E-15));
#10576 = ORIENTED_EDGE('',*,*,#10577,.F.);
#10577 = EDGE_CURVE('',#10538,#10570,#10578,.T.);
#10578 = LINE('',#10579,#10580);
#10579 = CARTESIAN_POINT('',(0.6,0.295,-0.355));
#10580 = VECTOR('',#10581,1.);
#10581 = DIRECTION('',(-6.505213034913E-15,9.035018104046E-17,-1.));
#10582 = ORIENTED_EDGE('',*,*,#10537,.T.);
#10583 = PLANE('',#10584);
#10584 = AXIS2_PLACEMENT_3D('',#10585,#10586,#10587);
#10585 = CARTESIAN_POINT('',(0.6,0.295,-0.355));
#10586 = DIRECTION('',(6.30912307552E-31,1.,9.035018104046E-17));
#10587 = DIRECTION('',(0.,-9.035018104046E-17,1.));
#10588 = ADVANCED_FACE('',(#10589),#10616,.T.);
#10589 = FACE_BOUND('',#10590,.T.);
#10590 = EDGE_LOOP('',(#10591,#10600,#10608,#10615));
#10591 = ORIENTED_EDGE('',*,*,#10592,.T.);
#10592 = EDGE_CURVE('',#10562,#10593,#10595,.T.);
#10593 = VERTEX_POINT('',#10594);
#10594 = CARTESIAN_POINT('',(0.4,0.495,-0.955));
#10595 = CIRCLE('',#10596,0.1);
#10596 = AXIS2_PLACEMENT_3D('',#10597,#10598,#10599);
#10597 = CARTESIAN_POINT('',(0.4,0.395,-0.955));
#10598 = DIRECTION('',(1.,5.605193857299E-45,-6.982966722219E-15));
#10599 = DIRECTION('',(-6.982966722219E-15,3.606796452546E-61,-1.));
#10600 = ORIENTED_EDGE('',*,*,#10601,.F.);
#10601 = EDGE_CURVE('',#10602,#10593,#10604,.T.);
#10602 = VERTEX_POINT('',#10603);
#10603 = CARTESIAN_POINT('',(0.6,0.495,-0.955));
#10604 = LINE('',#10605,#10606);
#10605 = CARTESIAN_POINT('',(0.6,0.495,-0.955));
#10606 = VECTOR('',#10607,1.);
#10607 = DIRECTION('',(-1.,-5.605193857299E-45,6.982966722219E-15));
#10608 = ORIENTED_EDGE('',*,*,#10609,.F.);
#10609 = EDGE_CURVE('',#10570,#10602,#10610,.T.);
#10610 = CIRCLE('',#10611,0.1);
#10611 = AXIS2_PLACEMENT_3D('',#10612,#10613,#10614);
#10612 = CARTESIAN_POINT('',(0.6,0.395,-0.955));
#10613 = DIRECTION('',(1.,5.605193857299E-45,-6.982966722219E-15));
#10614 = DIRECTION('',(-6.982966722219E-15,-2.677902033388E-60,-1.));
#10615 = ORIENTED_EDGE('',*,*,#10569,.T.);
#10616 = CYLINDRICAL_SURFACE('',#10617,0.1);
#10617 = AXIS2_PLACEMENT_3D('',#10618,#10619,#10620);
#10618 = CARTESIAN_POINT('',(0.6,0.395,-0.955));
#10619 = DIRECTION('',(-1.,-5.605193857299E-45,6.982966722219E-15));
#10620 = DIRECTION('',(6.982966722219E-15,2.677902033388E-60,1.));
#10621 = ADVANCED_FACE('',(#10622),#10647,.F.);
#10622 = FACE_BOUND('',#10623,.T.);
#10623 = EDGE_LOOP('',(#10624,#10632,#10640,#10646));
#10624 = ORIENTED_EDGE('',*,*,#10625,.T.);
#10625 = EDGE_CURVE('',#10593,#10626,#10628,.T.);
#10626 = VERTEX_POINT('',#10627);
#10627 = CARTESIAN_POINT('',(0.4,0.495,-0.575952050175));
#10628 = LINE('',#10629,#10630);
#10629 = CARTESIAN_POINT('',(0.4,0.495,-0.955));
#10630 = VECTOR('',#10631,1.);
#10631 = DIRECTION('',(6.864791684448E-15,0.,1.));
#10632 = ORIENTED_EDGE('',*,*,#10633,.F.);
#10633 = EDGE_CURVE('',#10634,#10626,#10636,.T.);
#10634 = VERTEX_POINT('',#10635);
#10635 = CARTESIAN_POINT('',(0.6,0.495,-0.575952050175));
#10636 = LINE('',#10637,#10638);
#10637 = CARTESIAN_POINT('',(0.6,0.495,-0.575952050175));
#10638 = VECTOR('',#10639,1.);
#10639 = DIRECTION('',(-1.,-5.605193857299E-45,6.982966722219E-15));
#10640 = ORIENTED_EDGE('',*,*,#10641,.F.);
#10641 = EDGE_CURVE('',#10602,#10634,#10642,.T.);
#10642 = LINE('',#10643,#10644);
#10643 = CARTESIAN_POINT('',(0.6,0.495,-0.955));
#10644 = VECTOR('',#10645,1.);
#10645 = DIRECTION('',(6.864791684448E-15,0.,1.));
#10646 = ORIENTED_EDGE('',*,*,#10601,.T.);
#10647 = PLANE('',#10648);
#10648 = AXIS2_PLACEMENT_3D('',#10649,#10650,#10651);
#10649 = CARTESIAN_POINT('',(0.6,0.495,-0.955));
#10650 = DIRECTION('',(5.605193857299E-45,-1.,-3.847848818131E-59));
#10651 = DIRECTION('',(1.,5.605193857299E-45,0.));
#10652 = ADVANCED_FACE('',(#10653),#10678,.F.);
#10653 = FACE_BOUND('',#10654,.T.);
#10654 = EDGE_LOOP('',(#10655,#10663,#10671,#10677));
#10655 = ORIENTED_EDGE('',*,*,#10656,.T.);
#10656 = EDGE_CURVE('',#10626,#10657,#10659,.T.);
#10657 = VERTEX_POINT('',#10658);
#10658 = CARTESIAN_POINT('',(0.4,0.886662728294,-0.184289321881));
#10659 = LINE('',#10660,#10661);
#10660 = CARTESIAN_POINT('',(0.4,0.495,-0.575952050175));
#10661 = VECTOR('',#10662,1.);
#10662 = DIRECTION('',(4.69779728093E-15,0.707106781187,0.707106781187)
  );
#10663 = ORIENTED_EDGE('',*,*,#10664,.F.);
#10664 = EDGE_CURVE('',#10665,#10657,#10667,.T.);
#10665 = VERTEX_POINT('',#10666);
#10666 = CARTESIAN_POINT('',(0.6,0.886662728294,-0.184289321881));
#10667 = LINE('',#10668,#10669);
#10668 = CARTESIAN_POINT('',(0.6,0.886662728294,-0.184289321881));
#10669 = VECTOR('',#10670,1.);
#10670 = DIRECTION('',(-1.,-5.605193857299E-45,6.982966722219E-15));
#10671 = ORIENTED_EDGE('',*,*,#10672,.F.);
#10672 = EDGE_CURVE('',#10634,#10665,#10673,.T.);
#10673 = LINE('',#10674,#10675);
#10674 = CARTESIAN_POINT('',(0.6,0.495,-0.575952050175));
#10675 = VECTOR('',#10676,1.);
#10676 = DIRECTION('',(4.69779728093E-15,0.707106781187,0.707106781187)
  );
#10677 = ORIENTED_EDGE('',*,*,#10633,.T.);
#10678 = PLANE('',#10679);
#10679 = AXIS2_PLACEMENT_3D('',#10680,#10681,#10682);
#10680 = CARTESIAN_POINT('',(0.6,0.495,-0.575952050175));
#10681 = DIRECTION('',(4.937703122081E-15,-0.707106781187,0.707106781187
    ));
#10682 = DIRECTION('',(0.,-0.707106781187,-0.707106781187));
#10683 = ADVANCED_FACE('',(#10684),#10711,.F.);
#10684 = FACE_BOUND('',#10685,.F.);
#10685 = EDGE_LOOP('',(#10686,#10687,#10696,#10704));
#10686 = ORIENTED_EDGE('',*,*,#10664,.F.);
#10687 = ORIENTED_EDGE('',*,*,#10688,.T.);
#10688 = EDGE_CURVE('',#10665,#10689,#10691,.T.);
#10689 = VERTEX_POINT('',#10690);
#10690 = CARTESIAN_POINT('',(0.6,0.957373406412,-0.155));
#10691 = CIRCLE('',#10692,0.1);
#10692 = AXIS2_PLACEMENT_3D('',#10693,#10694,#10695);
#10693 = CARTESIAN_POINT('',(0.6,0.957373406412,-0.255));
#10694 = DIRECTION('',(-1.,-5.605193857299E-45,6.982966722219E-15));
#10695 = DIRECTION('',(6.982966722219E-15,2.677902033388E-60,1.));
#10696 = ORIENTED_EDGE('',*,*,#10697,.T.);
#10697 = EDGE_CURVE('',#10689,#10698,#10700,.T.);
#10698 = VERTEX_POINT('',#10699);
#10699 = CARTESIAN_POINT('',(0.4,0.957373406412,-0.155));
#10700 = LINE('',#10701,#10702);
#10701 = CARTESIAN_POINT('',(0.6,0.957373406412,-0.155));
#10702 = VECTOR('',#10703,1.);
#10703 = DIRECTION('',(-1.,-5.605193857299E-45,6.982966722219E-15));
#10704 = ORIENTED_EDGE('',*,*,#10705,.F.);
#10705 = EDGE_CURVE('',#10657,#10698,#10706,.T.);
#10706 = CIRCLE('',#10707,0.1);
#10707 = AXIS2_PLACEMENT_3D('',#10708,#10709,#10710);
#10708 = CARTESIAN_POINT('',(0.4,0.957373406412,-0.255));
#10709 = DIRECTION('',(-1.,-5.605193857299E-45,6.982966722219E-15));
#10710 = DIRECTION('',(6.982966722219E-15,-3.606796452549E-61,1.));
#10711 = CYLINDRICAL_SURFACE('',#10712,0.1);
#10712 = AXIS2_PLACEMENT_3D('',#10713,#10714,#10715);
#10713 = CARTESIAN_POINT('',(0.6,0.957373406412,-0.255));
#10714 = DIRECTION('',(-1.,-5.605193857299E-45,6.982966722219E-15));
#10715 = DIRECTION('',(6.982966722219E-15,2.677902033388E-60,1.));
#10716 = ADVANCED_FACE('',(#10717),#10742,.F.);
#10717 = FACE_BOUND('',#10718,.T.);
#10718 = EDGE_LOOP('',(#10719,#10727,#10735,#10741));
#10719 = ORIENTED_EDGE('',*,*,#10720,.T.);
#10720 = EDGE_CURVE('',#10698,#10721,#10723,.T.);
#10721 = VERTEX_POINT('',#10722);
#10722 = CARTESIAN_POINT('',(0.4,2.655,-0.155));
#10723 = LINE('',#10724,#10725);
#10724 = CARTESIAN_POINT('',(0.4,0.957373406412,-0.155));
#10725 = VECTOR('',#10726,1.);
#10726 = DIRECTION('',(0.,1.,1.59664406852E-17));
#10727 = ORIENTED_EDGE('',*,*,#10728,.F.);
#10728 = EDGE_CURVE('',#10729,#10721,#10731,.T.);
#10729 = VERTEX_POINT('',#10730);
#10730 = CARTESIAN_POINT('',(0.6,2.655,-0.155));
#10731 = LINE('',#10732,#10733);
#10732 = CARTESIAN_POINT('',(0.6,2.655,-0.155));
#10733 = VECTOR('',#10734,1.);
#10734 = DIRECTION('',(-1.,-5.605193857299E-45,6.982966722219E-15));
#10735 = ORIENTED_EDGE('',*,*,#10736,.F.);
#10736 = EDGE_CURVE('',#10689,#10729,#10737,.T.);
#10737 = LINE('',#10738,#10739);
#10738 = CARTESIAN_POINT('',(0.6,0.957373406412,-0.155));
#10739 = VECTOR('',#10740,1.);
#10740 = DIRECTION('',(0.,1.,1.59664406852E-17));
#10741 = ORIENTED_EDGE('',*,*,#10697,.T.);
#10742 = PLANE('',#10743);
#10743 = AXIS2_PLACEMENT_3D('',#10744,#10745,#10746);
#10744 = CARTESIAN_POINT('',(0.6,0.957373406412,-0.155));
#10745 = DIRECTION('',(6.982966722219E-15,-1.59664406852E-17,1.));
#10746 = DIRECTION('',(1.,0.,-6.982966722219E-15));
#10747 = ADVANCED_FACE('',(#10748),#10775,.T.);
#10748 = FACE_BOUND('',#10749,.T.);
#10749 = EDGE_LOOP('',(#10750,#10759,#10767,#10774));
#10750 = ORIENTED_EDGE('',*,*,#10751,.T.);
#10751 = EDGE_CURVE('',#10721,#10752,#10754,.T.);
#10752 = VERTEX_POINT('',#10753);
#10753 = CARTESIAN_POINT('',(0.4,2.755,-5.500000000001E-02));
#10754 = CIRCLE('',#10755,1.E-01);
#10755 = AXIS2_PLACEMENT_3D('',#10756,#10757,#10758);
#10756 = CARTESIAN_POINT('',(0.4,2.655,-5.500000000001E-02));
#10757 = DIRECTION('',(1.,5.605193857299E-45,-6.982966722219E-15));
#10758 = DIRECTION('',(-6.982966722219E-15,3.60679645255E-61,-1.));
#10759 = ORIENTED_EDGE('',*,*,#10760,.F.);
#10760 = EDGE_CURVE('',#10761,#10752,#10763,.T.);
#10761 = VERTEX_POINT('',#10762);
#10762 = CARTESIAN_POINT('',(0.6,2.755,-5.500000000002E-02));
#10763 = LINE('',#10764,#10765);
#10764 = CARTESIAN_POINT('',(0.6,2.755,-5.500000000002E-02));
#10765 = VECTOR('',#10766,1.);
#10766 = DIRECTION('',(-1.,-5.605193857299E-45,6.982966722219E-15));
#10767 = ORIENTED_EDGE('',*,*,#10768,.F.);
#10768 = EDGE_CURVE('',#10729,#10761,#10769,.T.);
#10769 = CIRCLE('',#10770,1.E-01);
#10770 = AXIS2_PLACEMENT_3D('',#10771,#10772,#10773);
#10771 = CARTESIAN_POINT('',(0.6,2.655,-5.500000000002E-02));
#10772 = DIRECTION('',(1.,5.605193857299E-45,-6.982966722219E-15));
#10773 = DIRECTION('',(-6.982966722219E-15,-2.677902033388E-60,-1.));
#10774 = ORIENTED_EDGE('',*,*,#10728,.T.);
#10775 = CYLINDRICAL_SURFACE('',#10776,1.E-01);
#10776 = AXIS2_PLACEMENT_3D('',#10777,#10778,#10779);
#10777 = CARTESIAN_POINT('',(0.6,2.655,-5.500000000002E-02));
#10778 = DIRECTION('',(-1.,-5.605193857299E-45,6.982966722219E-15));
#10779 = DIRECTION('',(6.982966722219E-15,2.677902033388E-60,1.));
#10780 = ADVANCED_FACE('',(#10781),#10806,.F.);
#10781 = FACE_BOUND('',#10782,.T.);
#10782 = EDGE_LOOP('',(#10783,#10791,#10799,#10805));
#10783 = ORIENTED_EDGE('',*,*,#10784,.T.);
#10784 = EDGE_CURVE('',#10752,#10785,#10787,.T.);
#10785 = VERTEX_POINT('',#10786);
#10786 = CARTESIAN_POINT('',(0.4,2.755,9.499999999999E-02));
#10787 = LINE('',#10788,#10789);
#10788 = CARTESIAN_POINT('',(0.4,2.755,-5.500000000001E-02));
#10789 = VECTOR('',#10790,1.);
#10790 = DIRECTION('',(8.673617379884E-15,0.,1.));
#10791 = ORIENTED_EDGE('',*,*,#10792,.F.);
#10792 = EDGE_CURVE('',#10793,#10785,#10795,.T.);
#10793 = VERTEX_POINT('',#10794);
#10794 = CARTESIAN_POINT('',(0.6,2.755,9.499999999999E-02));
#10795 = LINE('',#10796,#10797);
#10796 = CARTESIAN_POINT('',(0.6,2.755,9.499999999999E-02));
#10797 = VECTOR('',#10798,1.);
#10798 = DIRECTION('',(-1.,-5.605193857299E-45,6.982966722219E-15));
#10799 = ORIENTED_EDGE('',*,*,#10800,.F.);
#10800 = EDGE_CURVE('',#10761,#10793,#10801,.T.);
#10801 = LINE('',#10802,#10803);
#10802 = CARTESIAN_POINT('',(0.6,2.755,-5.500000000002E-02));
#10803 = VECTOR('',#10804,1.);
#10804 = DIRECTION('',(8.673617379884E-15,0.,1.));
#10805 = ORIENTED_EDGE('',*,*,#10760,.T.);
#10806 = PLANE('',#10807);
#10807 = AXIS2_PLACEMENT_3D('',#10808,#10809,#10810);
#10808 = CARTESIAN_POINT('',(0.6,2.755,-5.500000000002E-02));
#10809 = DIRECTION('',(5.605193857299E-45,-1.,-4.861730685829E-59));
#10810 = DIRECTION('',(1.,5.605193857299E-45,0.));
#10811 = ADVANCED_FACE('',(#10812),#10839,.T.);
#10812 = FACE_BOUND('',#10813,.T.);
#10813 = EDGE_LOOP('',(#10814,#10823,#10831,#10838));
#10814 = ORIENTED_EDGE('',*,*,#10815,.T.);
#10815 = EDGE_CURVE('',#10785,#10816,#10818,.T.);
#10816 = VERTEX_POINT('',#10817);
#10817 = CARTESIAN_POINT('',(0.4,2.655,0.195));
#10818 = CIRCLE('',#10819,1.E-01);
#10819 = AXIS2_PLACEMENT_3D('',#10820,#10821,#10822);
#10820 = CARTESIAN_POINT('',(0.4,2.655,9.499999999999E-02));
#10821 = DIRECTION('',(1.,5.605193857299E-45,-6.982966722219E-15));
#10822 = DIRECTION('',(-6.982966722219E-15,3.60679645255E-61,-1.));
#10823 = ORIENTED_EDGE('',*,*,#10824,.F.);
#10824 = EDGE_CURVE('',#10825,#10816,#10827,.T.);
#10825 = VERTEX_POINT('',#10826);
#10826 = CARTESIAN_POINT('',(0.6,2.655,0.195));
#10827 = LINE('',#10828,#10829);
#10828 = CARTESIAN_POINT('',(0.6,2.655,0.195));
#10829 = VECTOR('',#10830,1.);
#10830 = DIRECTION('',(-1.,-5.605193857299E-45,6.982966722219E-15));
#10831 = ORIENTED_EDGE('',*,*,#10832,.F.);
#10832 = EDGE_CURVE('',#10793,#10825,#10833,.T.);
#10833 = CIRCLE('',#10834,1.E-01);
#10834 = AXIS2_PLACEMENT_3D('',#10835,#10836,#10837);
#10835 = CARTESIAN_POINT('',(0.6,2.655,9.499999999999E-02));
#10836 = DIRECTION('',(1.,5.605193857299E-45,-6.982966722219E-15));
#10837 = DIRECTION('',(-6.982966722219E-15,-2.677902033388E-60,-1.));
#10838 = ORIENTED_EDGE('',*,*,#10792,.T.);
#10839 = CYLINDRICAL_SURFACE('',#10840,1.E-01);
#10840 = AXIS2_PLACEMENT_3D('',#10841,#10842,#10843);
#10841 = CARTESIAN_POINT('',(0.6,2.655,9.499999999999E-02));
#10842 = DIRECTION('',(-1.,-5.605193857299E-45,6.982966722219E-15));
#10843 = DIRECTION('',(6.982966722219E-15,2.677902033388E-60,1.));
#10844 = ADVANCED_FACE('',(#10845),#10861,.F.);
#10845 = FACE_BOUND('',#10846,.T.);
#10846 = EDGE_LOOP('',(#10847,#10853,#10854,#10860));
#10847 = ORIENTED_EDGE('',*,*,#10848,.T.);
#10848 = EDGE_CURVE('',#10816,#10301,#10849,.T.);
#10849 = LINE('',#10850,#10851);
#10850 = CARTESIAN_POINT('',(0.4,2.655,0.195));
#10851 = VECTOR('',#10852,1.);
#10852 = DIRECTION('',(0.,-1.,-4.435372523804E-15));
#10853 = ORIENTED_EDGE('',*,*,#10326,.F.);
#10854 = ORIENTED_EDGE('',*,*,#10855,.F.);
#10855 = EDGE_CURVE('',#10825,#10319,#10856,.T.);
#10856 = LINE('',#10857,#10858);
#10857 = CARTESIAN_POINT('',(0.6,2.655,0.195));
#10858 = VECTOR('',#10859,1.);
#10859 = DIRECTION('',(0.,-1.,-4.435372523804E-15));
#10860 = ORIENTED_EDGE('',*,*,#10824,.T.);
#10861 = PLANE('',#10862);
#10862 = AXIS2_PLACEMENT_3D('',#10863,#10864,#10865);
#10863 = CARTESIAN_POINT('',(0.6,2.655,0.195));
#10864 = DIRECTION('',(-6.982966722219E-15,4.435372523804E-15,-1.));
#10865 = DIRECTION('',(-1.,0.,6.982966722219E-15));
#10866 = ADVANCED_FACE('',(#10867),#10887,.F.);
#10867 = FACE_BOUND('',#10868,.T.);
#10868 = EDGE_LOOP('',(#10869,#10870,#10871,#10872,#10873,#10874,#10875,
    #10876,#10877,#10878,#10879,#10880,#10881,#10882,#10883,#10884,
    #10885,#10886));
#10869 = ORIENTED_EDGE('',*,*,#10318,.T.);
#10870 = ORIENTED_EDGE('',*,*,#10356,.T.);
#10871 = ORIENTED_EDGE('',*,*,#10387,.T.);
#10872 = ORIENTED_EDGE('',*,*,#10418,.T.);
#10873 = ORIENTED_EDGE('',*,*,#10449,.T.);
#10874 = ORIENTED_EDGE('',*,*,#10481,.T.);
#10875 = ORIENTED_EDGE('',*,*,#10513,.T.);
#10876 = ORIENTED_EDGE('',*,*,#10545,.T.);
#10877 = ORIENTED_EDGE('',*,*,#10577,.T.);
#10878 = ORIENTED_EDGE('',*,*,#10609,.T.);
#10879 = ORIENTED_EDGE('',*,*,#10641,.T.);
#10880 = ORIENTED_EDGE('',*,*,#10672,.T.);
#10881 = ORIENTED_EDGE('',*,*,#10688,.T.);
#10882 = ORIENTED_EDGE('',*,*,#10736,.T.);
#10883 = ORIENTED_EDGE('',*,*,#10768,.T.);
#10884 = ORIENTED_EDGE('',*,*,#10800,.T.);
#10885 = ORIENTED_EDGE('',*,*,#10832,.T.);
#10886 = ORIENTED_EDGE('',*,*,#10855,.T.);
#10887 = PLANE('',#10888);
#10888 = AXIS2_PLACEMENT_3D('',#10889,#10890,#10891);
#10889 = CARTESIAN_POINT('',(0.6,0.845,9.499999999999E-02));
#10890 = DIRECTION('',(-1.,-5.605193857299E-45,6.982966722219E-15));
#10891 = DIRECTION('',(6.982966722219E-15,0.,1.));
#10892 = ADVANCED_FACE('',(#10893),#10913,.T.);
#10893 = FACE_BOUND('',#10894,.T.);
#10894 = EDGE_LOOP('',(#10895,#10896,#10897,#10898,#10899,#10900,#10901,
    #10902,#10903,#10904,#10905,#10906,#10907,#10908,#10909,#10910,
    #10911,#10912));
#10895 = ORIENTED_EDGE('',*,*,#10300,.F.);
#10896 = ORIENTED_EDGE('',*,*,#10848,.F.);
#10897 = ORIENTED_EDGE('',*,*,#10815,.F.);
#10898 = ORIENTED_EDGE('',*,*,#10784,.F.);
#10899 = ORIENTED_EDGE('',*,*,#10751,.F.);
#10900 = ORIENTED_EDGE('',*,*,#10720,.F.);
#10901 = ORIENTED_EDGE('',*,*,#10705,.F.);
#10902 = ORIENTED_EDGE('',*,*,#10656,.F.);
#10903 = ORIENTED_EDGE('',*,*,#10625,.F.);
#10904 = ORIENTED_EDGE('',*,*,#10592,.F.);
#10905 = ORIENTED_EDGE('',*,*,#10561,.F.);
#10906 = ORIENTED_EDGE('',*,*,#10528,.F.);
#10907 = ORIENTED_EDGE('',*,*,#10497,.F.);
#10908 = ORIENTED_EDGE('',*,*,#10464,.F.);
#10909 = ORIENTED_EDGE('',*,*,#10433,.F.);
#10910 = ORIENTED_EDGE('',*,*,#10402,.F.);
#10911 = ORIENTED_EDGE('',*,*,#10371,.F.);
#10912 = ORIENTED_EDGE('',*,*,#10340,.F.);
#10913 = PLANE('',#10914);
#10914 = AXIS2_PLACEMENT_3D('',#10915,#10916,#10917);
#10915 = CARTESIAN_POINT('',(0.4,0.845,9.499999999999E-02));
#10916 = DIRECTION('',(-1.,-5.605193857299E-45,6.982966722219E-15));
#10917 = DIRECTION('',(6.982966722219E-15,0.,1.));
#10918 = MANIFOLD_SOLID_BREP('',#10919);
#10919 = CLOSED_SHELL('',(#10920,#11088,#11354,#11385,#11561,#11592,
    #11623,#11677,#11955,#11977,#11999,#12021,#12052,#12083,#12114,
    #12145,#12183,#12221,#12259,#12314,#12352,#12439,#12470,#12508,
    #12525,#12542,#12564,#12581,#12593,#12610,#12622,#12671,#12701,
    #12725,#12748,#12760,#12772,#12789,#12801,#12813,#12838,#12855,
    #12867,#12879,#12891,#12922,#12953,#12984,#13015,#13027,#13039,
    #13051,#13063,#13075,#13087,#13099,#13111,#13151,#13189,#13220,
    #13260,#13291,#13322,#13353,#13377,#13424,#13456,#13487,#13509,
    #13536,#13560,#13590,#13607,#13632,#13654,#13685,#13707,#13738,
    #13764,#13781,#13805,#13817,#13834,#13853,#13879,#13898,#13915,
    #13936,#13953,#13974,#13991,#14008,#14025,#14046,#14063,#14084,
    #14096,#14108,#14120));
#10920 = ADVANCED_FACE('',(#10921),#11083,.F.);
#10921 = FACE_BOUND('',#10922,.T.);
#10922 = EDGE_LOOP('',(#10923,#10933,#10941,#10949,#10957,#10965,#10973,
    #10981,#10989,#10997,#11005,#11013,#11021,#11029,#11037,#11045,
    #11053,#11061,#11069,#11077));
#10923 = ORIENTED_EDGE('',*,*,#10924,.T.);
#10924 = EDGE_CURVE('',#10925,#10927,#10929,.T.);
#10925 = VERTEX_POINT('',#10926);
#10926 = CARTESIAN_POINT('',(-2.5,3.255,0.195));
#10927 = VERTEX_POINT('',#10928);
#10928 = CARTESIAN_POINT('',(2.5,3.255,0.195));
#10929 = LINE('',#10930,#10931);
#10930 = CARTESIAN_POINT('',(-3.,3.255,0.195));
#10931 = VECTOR('',#10932,1.);
#10932 = DIRECTION('',(1.,0.,-6.982966722219E-15));
#10933 = ORIENTED_EDGE('',*,*,#10934,.T.);
#10934 = EDGE_CURVE('',#10927,#10935,#10937,.T.);
#10935 = VERTEX_POINT('',#10936);
#10936 = CARTESIAN_POINT('',(2.5,2.755,0.195));
#10937 = LINE('',#10938,#10939);
#10938 = CARTESIAN_POINT('',(2.5,3.255,0.195));
#10939 = VECTOR('',#10940,1.);
#10940 = DIRECTION('',(0.,-1.,0.));
#10941 = ORIENTED_EDGE('',*,*,#10942,.F.);
#10942 = EDGE_CURVE('',#10943,#10935,#10945,.T.);
#10943 = VERTEX_POINT('',#10944);
#10944 = CARTESIAN_POINT('',(1.6,2.755,0.195));
#10945 = LINE('',#10946,#10947);
#10946 = CARTESIAN_POINT('',(-4.,2.755,0.195));
#10947 = VECTOR('',#10948,1.);
#10948 = DIRECTION('',(1.,5.605193857299E-45,-6.982966722219E-15));
#10949 = ORIENTED_EDGE('',*,*,#10950,.T.);
#10950 = EDGE_CURVE('',#10943,#10951,#10953,.T.);
#10951 = VERTEX_POINT('',#10952);
#10952 = CARTESIAN_POINT('',(1.6,2.435,0.195));
#10953 = LINE('',#10954,#10955);
#10954 = CARTESIAN_POINT('',(1.6,2.755,0.195));
#10955 = VECTOR('',#10956,1.);
#10956 = DIRECTION('',(0.,-1.,1.186216818912E-17));
#10957 = ORIENTED_EDGE('',*,*,#10958,.F.);
#10958 = EDGE_CURVE('',#10959,#10951,#10961,.T.);
#10959 = VERTEX_POINT('',#10960);
#10960 = CARTESIAN_POINT('',(1.4,2.435,0.195));
#10961 = LINE('',#10962,#10963);
#10962 = CARTESIAN_POINT('',(1.4,2.435,0.195));
#10963 = VECTOR('',#10964,1.);
#10964 = DIRECTION('',(1.,5.605193857299E-45,-6.982966722219E-15));
#10965 = ORIENTED_EDGE('',*,*,#10966,.F.);
#10966 = EDGE_CURVE('',#10967,#10959,#10969,.T.);
#10967 = VERTEX_POINT('',#10968);
#10968 = CARTESIAN_POINT('',(1.4,2.755,0.195));
#10969 = LINE('',#10970,#10971);
#10970 = CARTESIAN_POINT('',(1.4,2.755,0.195));
#10971 = VECTOR('',#10972,1.);
#10972 = DIRECTION('',(0.,-1.,1.186216818912E-17));
#10973 = ORIENTED_EDGE('',*,*,#10974,.F.);
#10974 = EDGE_CURVE('',#10975,#10967,#10977,.T.);
#10975 = VERTEX_POINT('',#10976);
#10976 = CARTESIAN_POINT('',(0.6,2.755,0.195));
#10977 = LINE('',#10978,#10979);
#10978 = CARTESIAN_POINT('',(-4.,2.755,0.195));
#10979 = VECTOR('',#10980,1.);
#10980 = DIRECTION('',(1.,5.605193857299E-45,-6.982966722219E-15));
#10981 = ORIENTED_EDGE('',*,*,#10982,.T.);
#10982 = EDGE_CURVE('',#10975,#10983,#10985,.T.);
#10983 = VERTEX_POINT('',#10984);
#10984 = CARTESIAN_POINT('',(0.6,2.435,0.195));
#10985 = LINE('',#10986,#10987);
#10986 = CARTESIAN_POINT('',(0.6,2.755,0.195));
#10987 = VECTOR('',#10988,1.);
#10988 = DIRECTION('',(0.,-1.,1.186216818912E-17));
#10989 = ORIENTED_EDGE('',*,*,#10990,.F.);
#10990 = EDGE_CURVE('',#10991,#10983,#10993,.T.);
#10991 = VERTEX_POINT('',#10992);
#10992 = CARTESIAN_POINT('',(0.4,2.435,0.195));
#10993 = LINE('',#10994,#10995);
#10994 = CARTESIAN_POINT('',(0.4,2.435,0.195));
#10995 = VECTOR('',#10996,1.);
#10996 = DIRECTION('',(1.,5.605193857299E-45,-6.982966722219E-15));
#10997 = ORIENTED_EDGE('',*,*,#10998,.F.);
#10998 = EDGE_CURVE('',#10999,#10991,#11001,.T.);
#10999 = VERTEX_POINT('',#11000);
#11000 = CARTESIAN_POINT('',(0.4,2.755,0.195));
#11001 = LINE('',#11002,#11003);
#11002 = CARTESIAN_POINT('',(0.4,2.755,0.195));
#11003 = VECTOR('',#11004,1.);
#11004 = DIRECTION('',(0.,-1.,1.186216818912E-17));
#11005 = ORIENTED_EDGE('',*,*,#11006,.F.);
#11006 = EDGE_CURVE('',#11007,#10999,#11009,.T.);
#11007 = VERTEX_POINT('',#11008);
#11008 = CARTESIAN_POINT('',(-0.4,2.755,0.195));
#11009 = LINE('',#11010,#11011);
#11010 = CARTESIAN_POINT('',(-3.,2.755,0.195));
#11011 = VECTOR('',#11012,1.);
#11012 = DIRECTION('',(1.,5.605193857299E-45,-6.982966722219E-15));
#11013 = ORIENTED_EDGE('',*,*,#11014,.T.);
#11014 = EDGE_CURVE('',#11007,#11015,#11017,.T.);
#11015 = VERTEX_POINT('',#11016);
#11016 = CARTESIAN_POINT('',(-0.4,2.435,0.195));
#11017 = LINE('',#11018,#11019);
#11018 = CARTESIAN_POINT('',(-0.4,2.755,0.195));
#11019 = VECTOR('',#11020,1.);
#11020 = DIRECTION('',(0.,-1.,1.186216818912E-17));
#11021 = ORIENTED_EDGE('',*,*,#11022,.F.);
#11022 = EDGE_CURVE('',#11023,#11015,#11025,.T.);
#11023 = VERTEX_POINT('',#11024);
#11024 = CARTESIAN_POINT('',(-0.6,2.435,0.195));
#11025 = LINE('',#11026,#11027);
#11026 = CARTESIAN_POINT('',(-0.6,2.435,0.195));
#11027 = VECTOR('',#11028,1.);
#11028 = DIRECTION('',(1.,5.605193857299E-45,-6.982966722219E-15));
#11029 = ORIENTED_EDGE('',*,*,#11030,.F.);
#11030 = EDGE_CURVE('',#11031,#11023,#11033,.T.);
#11031 = VERTEX_POINT('',#11032);
#11032 = CARTESIAN_POINT('',(-0.6,2.755,0.195));
#11033 = LINE('',#11034,#11035);
#11034 = CARTESIAN_POINT('',(-0.6,2.755,0.195));
#11035 = VECTOR('',#11036,1.);
#11036 = DIRECTION('',(0.,-1.,1.186216818912E-17));
#11037 = ORIENTED_EDGE('',*,*,#11038,.F.);
#11038 = EDGE_CURVE('',#11039,#11031,#11041,.T.);
#11039 = VERTEX_POINT('',#11040);
#11040 = CARTESIAN_POINT('',(-1.4,2.755,0.195));
#11041 = LINE('',#11042,#11043);
#11042 = CARTESIAN_POINT('',(-3.,2.755,0.195));
#11043 = VECTOR('',#11044,1.);
#11044 = DIRECTION('',(1.,5.605193857299E-45,-6.982966722219E-15));
#11045 = ORIENTED_EDGE('',*,*,#11046,.T.);
#11046 = EDGE_CURVE('',#11039,#11047,#11049,.T.);
#11047 = VERTEX_POINT('',#11048);
#11048 = CARTESIAN_POINT('',(-1.4,2.435,0.195));
#11049 = LINE('',#11050,#11051);
#11050 = CARTESIAN_POINT('',(-1.4,2.755,0.195));
#11051 = VECTOR('',#11052,1.);
#11052 = DIRECTION('',(0.,-1.,1.186216818912E-17));
#11053 = ORIENTED_EDGE('',*,*,#11054,.F.);
#11054 = EDGE_CURVE('',#11055,#11047,#11057,.T.);
#11055 = VERTEX_POINT('',#11056);
#11056 = CARTESIAN_POINT('',(-1.6,2.435,0.195));
#11057 = LINE('',#11058,#11059);
#11058 = CARTESIAN_POINT('',(-1.6,2.435,0.195));
#11059 = VECTOR('',#11060,1.);
#11060 = DIRECTION('',(1.,5.605193857299E-45,-6.982966722219E-15));
#11061 = ORIENTED_EDGE('',*,*,#11062,.F.);
#11062 = EDGE_CURVE('',#11063,#11055,#11065,.T.);
#11063 = VERTEX_POINT('',#11064);
#11064 = CARTESIAN_POINT('',(-1.6,2.755,0.195));
#11065 = LINE('',#11066,#11067);
#11066 = CARTESIAN_POINT('',(-1.6,2.755,0.195));
#11067 = VECTOR('',#11068,1.);
#11068 = DIRECTION('',(0.,-1.,1.186216818912E-17));
#11069 = ORIENTED_EDGE('',*,*,#11070,.F.);
#11070 = EDGE_CURVE('',#11071,#11063,#11073,.T.);
#11071 = VERTEX_POINT('',#11072);
#11072 = CARTESIAN_POINT('',(-2.5,2.755,0.195));
#11073 = LINE('',#11074,#11075);
#11074 = CARTESIAN_POINT('',(-3.,2.755,0.195));
#11075 = VECTOR('',#11076,1.);
#11076 = DIRECTION('',(1.,5.605193857299E-45,-6.982966722219E-15));
#11077 = ORIENTED_EDGE('',*,*,#11078,.F.);
#11078 = EDGE_CURVE('',#10925,#11071,#11079,.T.);
#11079 = LINE('',#11080,#11081);
#11080 = CARTESIAN_POINT('',(-2.5,2.755,0.195));
#11081 = VECTOR('',#11082,1.);
#11082 = DIRECTION('',(5.605193857299E-45,-1.,-3.914088217711E-59));
#11083 = PLANE('',#11084);
#11084 = AXIS2_PLACEMENT_3D('',#11085,#11086,#11087);
#11085 = CARTESIAN_POINT('',(-3.,3.255,0.195));
#11086 = DIRECTION('',(6.982966722219E-15,0.,1.));
#11087 = DIRECTION('',(1.,0.,-6.982966722219E-15));
#11088 = ADVANCED_FACE('',(#11089,#11251),#11349,.F.);
#11089 = FACE_BOUND('',#11090,.T.);
#11090 = EDGE_LOOP('',(#11091,#11101,#11109,#11117,#11125,#11133,#11141,
    #11149,#11157,#11165,#11173,#11181,#11189,#11197,#11205,#11213,
    #11221,#11229,#11237,#11245));
#11091 = ORIENTED_EDGE('',*,*,#11092,.F.);
#11092 = EDGE_CURVE('',#11093,#11095,#11097,.T.);
#11093 = VERTEX_POINT('',#11094);
#11094 = CARTESIAN_POINT('',(2.76,3.255,3.895));
#11095 = VERTEX_POINT('',#11096);
#11096 = CARTESIAN_POINT('',(2.76,3.105,3.895));
#11097 = LINE('',#11098,#11099);
#11098 = CARTESIAN_POINT('',(2.76,3.255,3.895));
#11099 = VECTOR('',#11100,1.);
#11100 = DIRECTION('',(0.,-1.,0.));
#11101 = ORIENTED_EDGE('',*,*,#11102,.F.);
#11102 = EDGE_CURVE('',#11103,#11093,#11105,.T.);
#11103 = VERTEX_POINT('',#11104);
#11104 = CARTESIAN_POINT('',(-2.76,3.255,3.895));
#11105 = LINE('',#11106,#11107);
#11106 = CARTESIAN_POINT('',(-3.,3.255,3.895));
#11107 = VECTOR('',#11108,1.);
#11108 = DIRECTION('',(1.,-2.438091212181E-29,-8.512554900196E-44));
#11109 = ORIENTED_EDGE('',*,*,#11110,.F.);
#11110 = EDGE_CURVE('',#11111,#11103,#11113,.T.);
#11111 = VERTEX_POINT('',#11112);
#11112 = CARTESIAN_POINT('',(-2.76,3.105,3.895));
#11113 = LINE('',#11114,#11115);
#11114 = CARTESIAN_POINT('',(-2.76,3.255,3.895));
#11115 = VECTOR('',#11116,1.);
#11116 = DIRECTION('',(-0.,1.,-0.));
#11117 = ORIENTED_EDGE('',*,*,#11118,.F.);
#11118 = EDGE_CURVE('',#11119,#11111,#11121,.T.);
#11119 = VERTEX_POINT('',#11120);
#11120 = CARTESIAN_POINT('',(-3.,3.105,3.895));
#11121 = LINE('',#11122,#11123);
#11122 = CARTESIAN_POINT('',(-3.,3.105,3.895));
#11123 = VECTOR('',#11124,1.);
#11124 = DIRECTION('',(1.,0.,0.));
#11125 = ORIENTED_EDGE('',*,*,#11126,.F.);
#11126 = EDGE_CURVE('',#11127,#11119,#11129,.T.);
#11127 = VERTEX_POINT('',#11128);
#11128 = CARTESIAN_POINT('',(-3.,1.655,3.895));
#11129 = LINE('',#11130,#11131);
#11130 = CARTESIAN_POINT('',(-3.,3.255,3.895));
#11131 = VECTOR('',#11132,1.);
#11132 = DIRECTION('',(2.481353770413E-29,1.,3.491483361109E-15));
#11133 = ORIENTED_EDGE('',*,*,#11134,.T.);
#11134 = EDGE_CURVE('',#11127,#11135,#11137,.T.);
#11135 = VERTEX_POINT('',#11136);
#11136 = CARTESIAN_POINT('',(-2.5,1.655,3.895));
#11137 = LINE('',#11138,#11139);
#11138 = CARTESIAN_POINT('',(-2.5,1.655,3.895));
#11139 = VECTOR('',#11140,1.);
#11140 = DIRECTION('',(1.,3.788886977123E-31,-7.106875541931E-15));
#11141 = ORIENTED_EDGE('',*,*,#11142,.T.);
#11142 = EDGE_CURVE('',#11135,#11143,#11145,.T.);
#11143 = VERTEX_POINT('',#11144);
#11144 = CARTESIAN_POINT('',(-2.5,0.585,3.895));
#11145 = LINE('',#11146,#11147);
#11146 = CARTESIAN_POINT('',(-2.5,1.555,3.895));
#11147 = VECTOR('',#11148,1.);
#11148 = DIRECTION('',(-0.,-1.,-2.081668171172E-15));
#11149 = ORIENTED_EDGE('',*,*,#11150,.T.);
#11150 = EDGE_CURVE('',#11143,#11151,#11153,.T.);
#11151 = VERTEX_POINT('',#11152);
#11152 = CARTESIAN_POINT('',(-2.393546465094,0.585,3.895));
#11153 = LINE('',#11154,#11155);
#11154 = CARTESIAN_POINT('',(-2.393546465094,0.585,3.895));
#11155 = VECTOR('',#11156,1.);
#11156 = DIRECTION('',(1.,-1.018474561174E-15,-0.));
#11157 = ORIENTED_EDGE('',*,*,#11158,.T.);
#11158 = EDGE_CURVE('',#11151,#11159,#11161,.T.);
#11159 = VERTEX_POINT('',#11160);
#11160 = CARTESIAN_POINT('',(-2.29,0.47,3.895));
#11161 = LINE('',#11162,#11163);
#11162 = CARTESIAN_POINT('',(-2.29,0.47,3.895));
#11163 = VECTOR('',#11164,1.);
#11164 = DIRECTION('',(0.669130606359,-0.743144825477,-0.));
#11165 = ORIENTED_EDGE('',*,*,#11166,.T.);
#11166 = EDGE_CURVE('',#11159,#11167,#11169,.T.);
#11167 = VERTEX_POINT('',#11168);
#11168 = CARTESIAN_POINT('',(-2.2,0.47,3.895));
#11169 = LINE('',#11170,#11171);
#11170 = CARTESIAN_POINT('',(-3.,0.47,3.895));
#11171 = VECTOR('',#11172,1.);
#11172 = DIRECTION('',(1.,-1.355252715607E-16,0.));
#11173 = ORIENTED_EDGE('',*,*,#11174,.T.);
#11174 = EDGE_CURVE('',#11167,#11175,#11177,.T.);
#11175 = VERTEX_POINT('',#11176);
#11176 = CARTESIAN_POINT('',(-2.2,0.355,3.895));
#11177 = LINE('',#11178,#11179);
#11178 = CARTESIAN_POINT('',(-2.2,0.355,3.895));
#11179 = VECTOR('',#11180,1.);
#11180 = DIRECTION('',(0.,-1.,-0.));
#11181 = ORIENTED_EDGE('',*,*,#11182,.F.);
#11182 = EDGE_CURVE('',#11183,#11175,#11185,.T.);
#11183 = VERTEX_POINT('',#11184);
#11184 = CARTESIAN_POINT('',(2.2,0.355,3.895));
#11185 = LINE('',#11186,#11187);
#11186 = CARTESIAN_POINT('',(-3.,0.355,3.895));
#11187 = VECTOR('',#11188,1.);
#11188 = DIRECTION('',(-1.,0.,7.106875541931E-15));
#11189 = ORIENTED_EDGE('',*,*,#11190,.F.);
#11190 = EDGE_CURVE('',#11191,#11183,#11193,.T.);
#11191 = VERTEX_POINT('',#11192);
#11192 = CARTESIAN_POINT('',(2.2,0.47,3.895));
#11193 = LINE('',#11194,#11195);
#11194 = CARTESIAN_POINT('',(2.2,0.355,3.895));
#11195 = VECTOR('',#11196,1.);
#11196 = DIRECTION('',(-0.,-1.,-0.));
#11197 = ORIENTED_EDGE('',*,*,#11198,.F.);
#11198 = EDGE_CURVE('',#11199,#11191,#11201,.T.);
#11199 = VERTEX_POINT('',#11200);
#11200 = CARTESIAN_POINT('',(2.29,0.47,3.895));
#11201 = LINE('',#11202,#11203);
#11202 = CARTESIAN_POINT('',(3.,0.47,3.895));
#11203 = VECTOR('',#11204,1.);
#11204 = DIRECTION('',(-1.,-1.355252715607E-16,0.));
#11205 = ORIENTED_EDGE('',*,*,#11206,.F.);
#11206 = EDGE_CURVE('',#11207,#11199,#11209,.T.);
#11207 = VERTEX_POINT('',#11208);
#11208 = CARTESIAN_POINT('',(2.393546465094,0.585,3.895));
#11209 = LINE('',#11210,#11211);
#11210 = CARTESIAN_POINT('',(2.29,0.47,3.895));
#11211 = VECTOR('',#11212,1.);
#11212 = DIRECTION('',(-0.669130606359,-0.743144825477,-0.));
#11213 = ORIENTED_EDGE('',*,*,#11214,.F.);
#11214 = EDGE_CURVE('',#11215,#11207,#11217,.T.);
#11215 = VERTEX_POINT('',#11216);
#11216 = CARTESIAN_POINT('',(2.5,0.585,3.895));
#11217 = LINE('',#11218,#11219);
#11218 = CARTESIAN_POINT('',(2.393546465094,0.585,3.895));
#11219 = VECTOR('',#11220,1.);
#11220 = DIRECTION('',(-1.,-1.018474561174E-15,-0.));
#11221 = ORIENTED_EDGE('',*,*,#11222,.F.);
#11222 = EDGE_CURVE('',#11223,#11215,#11225,.T.);
#11223 = VERTEX_POINT('',#11224);
#11224 = CARTESIAN_POINT('',(2.5,1.655,3.895));
#11225 = LINE('',#11226,#11227);
#11226 = CARTESIAN_POINT('',(2.5,1.555,3.895));
#11227 = VECTOR('',#11228,1.);
#11228 = DIRECTION('',(0.,-1.,-2.081668171172E-15));
#11229 = ORIENTED_EDGE('',*,*,#11230,.T.);
#11230 = EDGE_CURVE('',#11223,#11231,#11233,.T.);
#11231 = VERTEX_POINT('',#11232);
#11232 = CARTESIAN_POINT('',(3.,1.655,3.895));
#11233 = LINE('',#11234,#11235);
#11234 = CARTESIAN_POINT('',(-4.,1.655,3.895));
#11235 = VECTOR('',#11236,1.);
#11236 = DIRECTION('',(1.,3.788886977123E-31,-7.106875541931E-15));
#11237 = ORIENTED_EDGE('',*,*,#11238,.T.);
#11238 = EDGE_CURVE('',#11231,#11239,#11241,.T.);
#11239 = VERTEX_POINT('',#11240);
#11240 = CARTESIAN_POINT('',(3.,3.105,3.895));
#11241 = LINE('',#11242,#11243);
#11242 = CARTESIAN_POINT('',(3.,3.255,3.895));
#11243 = VECTOR('',#11244,1.);
#11244 = DIRECTION('',(-5.605193857299E-45,1.,3.914088217711E-59));
#11245 = ORIENTED_EDGE('',*,*,#11246,.F.);
#11246 = EDGE_CURVE('',#11095,#11239,#11247,.T.);
#11247 = LINE('',#11248,#11249);
#11248 = CARTESIAN_POINT('',(3.,3.105,3.895));
#11249 = VECTOR('',#11250,1.);
#11250 = DIRECTION('',(1.,-0.,-0.));
#11251 = FACE_BOUND('',#11252,.T.);
#11252 = EDGE_LOOP('',(#11253,#11263,#11271,#11279,#11287,#11295,#11303,
    #11311,#11319,#11327,#11335,#11343));
#11253 = ORIENTED_EDGE('',*,*,#11254,.T.);
#11254 = EDGE_CURVE('',#11255,#11257,#11259,.T.);
#11255 = VERTEX_POINT('',#11256);
#11256 = CARTESIAN_POINT('',(-2.340041507642,2.995041507642,3.895));
#11257 = VERTEX_POINT('',#11258);
#11258 = CARTESIAN_POINT('',(2.340041507642,2.995041507642,3.895));
#11259 = LINE('',#11260,#11261);
#11260 = CARTESIAN_POINT('',(-3.,2.995041507642,3.895));
#11261 = VECTOR('',#11262,1.);
#11262 = DIRECTION('',(1.,1.606225440719E-16,-7.106875541931E-15));
#11263 = ORIENTED_EDGE('',*,*,#11264,.T.);
#11264 = EDGE_CURVE('',#11257,#11265,#11267,.T.);
#11265 = VERTEX_POINT('',#11266);
#11266 = CARTESIAN_POINT('',(2.340041507642,2.355,3.895));
#11267 = LINE('',#11268,#11269);
#11268 = CARTESIAN_POINT('',(2.340041507642,3.255,3.895));
#11269 = VECTOR('',#11270,1.);
#11270 = DIRECTION('',(4.130293990421E-16,-1.,-3.491483361109E-15));
#11271 = ORIENTED_EDGE('',*,*,#11272,.T.);
#11272 = EDGE_CURVE('',#11265,#11273,#11275,.T.);
#11273 = VERTEX_POINT('',#11274);
#11274 = CARTESIAN_POINT('',(2.55,2.355,3.895));
#11275 = LINE('',#11276,#11277);
#11276 = CARTESIAN_POINT('',(2.2,2.355,3.895));
#11277 = VECTOR('',#11278,1.);
#11278 = DIRECTION('',(1.,-2.438091212181E-29,-8.512554900196E-44));
#11279 = ORIENTED_EDGE('',*,*,#11280,.T.);
#11280 = EDGE_CURVE('',#11273,#11281,#11283,.T.);
#11281 = VERTEX_POINT('',#11282);
#11282 = CARTESIAN_POINT('',(2.55,1.755,3.895));
#11283 = LINE('',#11284,#11285);
#11284 = CARTESIAN_POINT('',(2.55,2.355,3.895));
#11285 = VECTOR('',#11286,1.);
#11286 = DIRECTION('',(3.562798913235E-31,-1.,-2.524246336172E-45));
#11287 = ORIENTED_EDGE('',*,*,#11288,.T.);
#11288 = EDGE_CURVE('',#11281,#11289,#11291,.T.);
#11289 = VERTEX_POINT('',#11290);
#11290 = CARTESIAN_POINT('',(2.340041507642,1.755,3.895));
#11291 = LINE('',#11292,#11293);
#11292 = CARTESIAN_POINT('',(2.2,1.755,3.895));
#11293 = VECTOR('',#11294,1.);
#11294 = DIRECTION('',(-1.,2.438091212181E-29,8.512554900196E-44));
#11295 = ORIENTED_EDGE('',*,*,#11296,.T.);
#11296 = EDGE_CURVE('',#11289,#11297,#11299,.T.);
#11297 = VERTEX_POINT('',#11298);
#11298 = CARTESIAN_POINT('',(2.340041507642,0.614958492358,3.895));
#11299 = LINE('',#11300,#11301);
#11300 = CARTESIAN_POINT('',(2.340041507642,3.255,3.895));
#11301 = VECTOR('',#11302,1.);
#11302 = DIRECTION('',(4.130293990421E-16,-1.,-3.491483361109E-15));
#11303 = ORIENTED_EDGE('',*,*,#11304,.T.);
#11304 = EDGE_CURVE('',#11297,#11305,#11307,.T.);
#11305 = VERTEX_POINT('',#11306);
#11306 = CARTESIAN_POINT('',(-2.340041507642,0.614958492358,3.895));
#11307 = LINE('',#11308,#11309);
#11308 = CARTESIAN_POINT('',(-3.,0.614958492358,3.895));
#11309 = VECTOR('',#11310,1.);
#11310 = DIRECTION('',(-1.,-1.204669080539E-16,7.106875541931E-15));
#11311 = ORIENTED_EDGE('',*,*,#11312,.T.);
#11312 = EDGE_CURVE('',#11305,#11313,#11315,.T.);
#11313 = VERTEX_POINT('',#11314);
#11314 = CARTESIAN_POINT('',(-2.340041507642,1.755,3.895));
#11315 = LINE('',#11316,#11317);
#11316 = CARTESIAN_POINT('',(-2.340041507642,3.255,3.895));
#11317 = VECTOR('',#11318,1.);
#11318 = DIRECTION('',(2.438091212181E-29,1.,3.491483361109E-15));
#11319 = ORIENTED_EDGE('',*,*,#11320,.T.);
#11320 = EDGE_CURVE('',#11313,#11321,#11323,.T.);
#11321 = VERTEX_POINT('',#11322);
#11322 = CARTESIAN_POINT('',(-2.55,1.755,3.895));
#11323 = LINE('',#11324,#11325);
#11324 = CARTESIAN_POINT('',(-2.2,1.755,3.895));
#11325 = VECTOR('',#11326,1.);
#11326 = DIRECTION('',(-1.,2.438091212181E-29,8.512554900196E-44));
#11327 = ORIENTED_EDGE('',*,*,#11328,.T.);
#11328 = EDGE_CURVE('',#11321,#11329,#11331,.T.);
#11329 = VERTEX_POINT('',#11330);
#11330 = CARTESIAN_POINT('',(-2.55,2.355,3.895));
#11331 = LINE('',#11332,#11333);
#11332 = CARTESIAN_POINT('',(-2.55,2.355,3.895));
#11333 = VECTOR('',#11334,1.);
#11334 = DIRECTION('',(-1.445602896647E-15,1.,1.024210993741E-29));
#11335 = ORIENTED_EDGE('',*,*,#11336,.T.);
#11336 = EDGE_CURVE('',#11329,#11337,#11339,.T.);
#11337 = VERTEX_POINT('',#11338);
#11338 = CARTESIAN_POINT('',(-2.340041507642,2.355,3.895));
#11339 = LINE('',#11340,#11341);
#11340 = CARTESIAN_POINT('',(-2.2,2.355,3.895));
#11341 = VECTOR('',#11342,1.);
#11342 = DIRECTION('',(1.,-2.438091212181E-29,-8.512554900196E-44));
#11343 = ORIENTED_EDGE('',*,*,#11344,.T.);
#11344 = EDGE_CURVE('',#11337,#11255,#11345,.T.);
#11345 = LINE('',#11346,#11347);
#11346 = CARTESIAN_POINT('',(-2.340041507642,3.255,3.895));
#11347 = VECTOR('',#11348,1.);
#11348 = DIRECTION('',(2.438091212181E-29,1.,3.491483361109E-15));
#11349 = PLANE('',#11350);
#11350 = AXIS2_PLACEMENT_3D('',#11351,#11352,#11353);
#11351 = CARTESIAN_POINT('',(-3.,3.255,3.895));
#11352 = DIRECTION('',(-7.106875541931E-15,3.491483361109E-15,-1.));
#11353 = DIRECTION('',(-1.,0.,7.106875541931E-15));
#11354 = ADVANCED_FACE('',(#11355),#11380,.F.);
#11355 = FACE_BOUND('',#11356,.T.);
#11356 = EDGE_LOOP('',(#11357,#11367,#11373,#11374));
#11357 = ORIENTED_EDGE('',*,*,#11358,.T.);
#11358 = EDGE_CURVE('',#11359,#11361,#11363,.T.);
#11359 = VERTEX_POINT('',#11360);
#11360 = CARTESIAN_POINT('',(-2.2,0.355,0.585));
#11361 = VERTEX_POINT('',#11362);
#11362 = CARTESIAN_POINT('',(2.2,0.355,0.585));
#11363 = LINE('',#11364,#11365);
#11364 = CARTESIAN_POINT('',(-3.,0.355,0.585));
#11365 = VECTOR('',#11366,1.);
#11366 = DIRECTION('',(1.,-0.,-0.));
#11367 = ORIENTED_EDGE('',*,*,#11368,.T.);
#11368 = EDGE_CURVE('',#11361,#11183,#11369,.T.);
#11369 = LINE('',#11370,#11371);
#11370 = CARTESIAN_POINT('',(2.2,0.355,-1.055));
#11371 = VECTOR('',#11372,1.);
#11372 = DIRECTION('',(-0.,-0.,1.));
#11373 = ORIENTED_EDGE('',*,*,#11182,.T.);
#11374 = ORIENTED_EDGE('',*,*,#11375,.F.);
#11375 = EDGE_CURVE('',#11359,#11175,#11376,.T.);
#11376 = LINE('',#11377,#11378);
#11377 = CARTESIAN_POINT('',(-2.2,0.355,-1.055));
#11378 = VECTOR('',#11379,1.);
#11379 = DIRECTION('',(-0.,-0.,1.));
#11380 = PLANE('',#11381);
#11381 = AXIS2_PLACEMENT_3D('',#11382,#11383,#11384);
#11382 = CARTESIAN_POINT('',(-3.,0.355,3.895));
#11383 = DIRECTION('',(2.438091212181E-29,1.,3.491483361109E-15));
#11384 = DIRECTION('',(0.,-3.491483361109E-15,1.));
#11385 = ADVANCED_FACE('',(#11386,#11420,#11454,#11488,#11522),#11556,
  .T.);
#11386 = FACE_BOUND('',#11387,.T.);
#11387 = EDGE_LOOP('',(#11388,#11398,#11406,#11414));
#11388 = ORIENTED_EDGE('',*,*,#11389,.T.);
#11389 = EDGE_CURVE('',#11390,#11392,#11394,.T.);
#11390 = VERTEX_POINT('',#11391);
#11391 = CARTESIAN_POINT('',(-2.2,0.755,0.895));
#11392 = VERTEX_POINT('',#11393);
#11393 = CARTESIAN_POINT('',(2.2,0.755,0.895));
#11394 = LINE('',#11395,#11396);
#11395 = CARTESIAN_POINT('',(3.2,0.755,0.895));
#11396 = VECTOR('',#11397,1.);
#11397 = DIRECTION('',(1.,1.204669080539E-16,4.206082050346E-31));
#11398 = ORIENTED_EDGE('',*,*,#11399,.T.);
#11399 = EDGE_CURVE('',#11392,#11400,#11402,.T.);
#11400 = VERTEX_POINT('',#11401);
#11401 = CARTESIAN_POINT('',(2.2,2.855,0.895));
#11402 = LINE('',#11403,#11404);
#11403 = CARTESIAN_POINT('',(2.2,2.855,0.895));
#11404 = VECTOR('',#11405,1.);
#11405 = DIRECTION('',(2.438091212181E-29,1.,3.491483361109E-15));
#11406 = ORIENTED_EDGE('',*,*,#11407,.T.);
#11407 = EDGE_CURVE('',#11400,#11408,#11410,.T.);
#11408 = VERTEX_POINT('',#11409);
#11409 = CARTESIAN_POINT('',(-2.2,2.855,0.895));
#11410 = LINE('',#11411,#11412);
#11411 = CARTESIAN_POINT('',(-2.2,2.855,0.895));
#11412 = VECTOR('',#11413,1.);
#11413 = DIRECTION('',(-1.,-1.606225440719E-16,-5.608109400461E-31));
#11414 = ORIENTED_EDGE('',*,*,#11415,.T.);
#11415 = EDGE_CURVE('',#11408,#11390,#11416,.T.);
#11416 = LINE('',#11417,#11418);
#11417 = CARTESIAN_POINT('',(-2.2,2.855,0.895));
#11418 = VECTOR('',#11419,1.);
#11419 = DIRECTION('',(3.562798913235E-31,-1.,-2.524246336172E-45));
#11420 = FACE_BOUND('',#11421,.T.);
#11421 = EDGE_LOOP('',(#11422,#11432,#11440,#11448));
#11422 = ORIENTED_EDGE('',*,*,#11423,.T.);
#11423 = EDGE_CURVE('',#11424,#11426,#11428,.T.);
#11424 = VERTEX_POINT('',#11425);
#11425 = CARTESIAN_POINT('',(-0.4,2.435,0.895));
#11426 = VERTEX_POINT('',#11427);
#11427 = CARTESIAN_POINT('',(-0.4,1.955,0.895));
#11428 = LINE('',#11429,#11430);
#11429 = CARTESIAN_POINT('',(-0.4,0.445,0.895));
#11430 = VECTOR('',#11431,1.);
#11431 = DIRECTION('',(5.605193857299E-45,-1.,-3.914088217711E-59));
#11432 = ORIENTED_EDGE('',*,*,#11433,.T.);
#11433 = EDGE_CURVE('',#11426,#11434,#11436,.T.);
#11434 = VERTEX_POINT('',#11435);
#11435 = CARTESIAN_POINT('',(-0.6,1.955,0.895));
#11436 = LINE('',#11437,#11438);
#11437 = CARTESIAN_POINT('',(3.2,1.955,0.895));
#11438 = VECTOR('',#11439,1.);
#11439 = DIRECTION('',(-1.,-0.,6.982966722219E-15));
#11440 = ORIENTED_EDGE('',*,*,#11441,.F.);
#11441 = EDGE_CURVE('',#11442,#11434,#11444,.T.);
#11442 = VERTEX_POINT('',#11443);
#11443 = CARTESIAN_POINT('',(-0.6,2.435,0.895));
#11444 = LINE('',#11445,#11446);
#11445 = CARTESIAN_POINT('',(-0.6,0.445,0.895));
#11446 = VECTOR('',#11447,1.);
#11447 = DIRECTION('',(5.605193857299E-45,-1.,-3.914088217711E-59));
#11448 = ORIENTED_EDGE('',*,*,#11449,.T.);
#11449 = EDGE_CURVE('',#11442,#11424,#11450,.T.);
#11450 = LINE('',#11451,#11452);
#11451 = CARTESIAN_POINT('',(-0.6,2.435,0.895));
#11452 = VECTOR('',#11453,1.);
#11453 = DIRECTION('',(1.,-2.561698521415E-29,-9.397580678341E-44));
#11454 = FACE_BOUND('',#11455,.T.);
#11455 = EDGE_LOOP('',(#11456,#11466,#11474,#11482));
#11456 = ORIENTED_EDGE('',*,*,#11457,.T.);
#11457 = EDGE_CURVE('',#11458,#11460,#11462,.T.);
#11458 = VERTEX_POINT('',#11459);
#11459 = CARTESIAN_POINT('',(-1.4,2.435,0.895));
#11460 = VERTEX_POINT('',#11461);
#11461 = CARTESIAN_POINT('',(-1.4,1.955,0.895));
#11462 = LINE('',#11463,#11464);
#11463 = CARTESIAN_POINT('',(-1.4,0.445,0.895));
#11464 = VECTOR('',#11465,1.);
#11465 = DIRECTION('',(5.605193857299E-45,-1.,-3.914088217711E-59));
#11466 = ORIENTED_EDGE('',*,*,#11467,.T.);
#11467 = EDGE_CURVE('',#11460,#11468,#11470,.T.);
#11468 = VERTEX_POINT('',#11469);
#11469 = CARTESIAN_POINT('',(-1.6,1.955,0.895));
#11470 = LINE('',#11471,#11472);
#11471 = CARTESIAN_POINT('',(3.2,1.955,0.895));
#11472 = VECTOR('',#11473,1.);
#11473 = DIRECTION('',(-1.,-0.,6.982966722219E-15));
#11474 = ORIENTED_EDGE('',*,*,#11475,.F.);
#11475 = EDGE_CURVE('',#11476,#11468,#11478,.T.);
#11476 = VERTEX_POINT('',#11477);
#11477 = CARTESIAN_POINT('',(-1.6,2.435,0.895));
#11478 = LINE('',#11479,#11480);
#11479 = CARTESIAN_POINT('',(-1.6,0.445,0.895));
#11480 = VECTOR('',#11481,1.);
#11481 = DIRECTION('',(5.605193857299E-45,-1.,-3.914088217711E-59));
#11482 = ORIENTED_EDGE('',*,*,#11483,.T.);
#11483 = EDGE_CURVE('',#11476,#11458,#11484,.T.);
#11484 = LINE('',#11485,#11486);
#11485 = CARTESIAN_POINT('',(-1.6,2.435,0.895));
#11486 = VECTOR('',#11487,1.);
#11487 = DIRECTION('',(1.,-2.561698521415E-29,-9.397580678341E-44));
#11488 = FACE_BOUND('',#11489,.T.);
#11489 = EDGE_LOOP('',(#11490,#11500,#11508,#11516));
#11490 = ORIENTED_EDGE('',*,*,#11491,.T.);
#11491 = EDGE_CURVE('',#11492,#11494,#11496,.T.);
#11492 = VERTEX_POINT('',#11493);
#11493 = CARTESIAN_POINT('',(0.6,2.435,0.895));
#11494 = VERTEX_POINT('',#11495);
#11495 = CARTESIAN_POINT('',(0.6,1.955,0.895));
#11496 = LINE('',#11497,#11498);
#11497 = CARTESIAN_POINT('',(0.6,0.445,0.895));
#11498 = VECTOR('',#11499,1.);
#11499 = DIRECTION('',(5.605193857299E-45,-1.,-3.914088217711E-59));
#11500 = ORIENTED_EDGE('',*,*,#11501,.T.);
#11501 = EDGE_CURVE('',#11494,#11502,#11504,.T.);
#11502 = VERTEX_POINT('',#11503);
#11503 = CARTESIAN_POINT('',(0.4,1.955,0.895));
#11504 = LINE('',#11505,#11506);
#11505 = CARTESIAN_POINT('',(2.2,1.955,0.895));
#11506 = VECTOR('',#11507,1.);
#11507 = DIRECTION('',(-1.,-0.,6.982966722219E-15));
#11508 = ORIENTED_EDGE('',*,*,#11509,.F.);
#11509 = EDGE_CURVE('',#11510,#11502,#11512,.T.);
#11510 = VERTEX_POINT('',#11511);
#11511 = CARTESIAN_POINT('',(0.4,2.435,0.895));
#11512 = LINE('',#11513,#11514);
#11513 = CARTESIAN_POINT('',(0.4,0.445,0.895));
#11514 = VECTOR('',#11515,1.);
#11515 = DIRECTION('',(5.605193857299E-45,-1.,-3.914088217711E-59));
#11516 = ORIENTED_EDGE('',*,*,#11517,.T.);
#11517 = EDGE_CURVE('',#11510,#11492,#11518,.T.);
#11518 = LINE('',#11519,#11520);
#11519 = CARTESIAN_POINT('',(0.4,2.435,0.895));
#11520 = VECTOR('',#11521,1.);
#11521 = DIRECTION('',(1.,-2.561698521415E-29,-9.397580678341E-44));
#11522 = FACE_BOUND('',#11523,.T.);
#11523 = EDGE_LOOP('',(#11524,#11534,#11542,#11550));
#11524 = ORIENTED_EDGE('',*,*,#11525,.T.);
#11525 = EDGE_CURVE('',#11526,#11528,#11530,.T.);
#11526 = VERTEX_POINT('',#11527);
#11527 = CARTESIAN_POINT('',(1.6,2.435,0.895));
#11528 = VERTEX_POINT('',#11529);
#11529 = CARTESIAN_POINT('',(1.6,1.955,0.895));
#11530 = LINE('',#11531,#11532);
#11531 = CARTESIAN_POINT('',(1.6,0.445,0.895));
#11532 = VECTOR('',#11533,1.);
#11533 = DIRECTION('',(5.605193857299E-45,-1.,-3.914088217711E-59));
#11534 = ORIENTED_EDGE('',*,*,#11535,.T.);
#11535 = EDGE_CURVE('',#11528,#11536,#11538,.T.);
#11536 = VERTEX_POINT('',#11537);
#11537 = CARTESIAN_POINT('',(1.4,1.955,0.895));
#11538 = LINE('',#11539,#11540);
#11539 = CARTESIAN_POINT('',(2.2,1.955,0.895));
#11540 = VECTOR('',#11541,1.);
#11541 = DIRECTION('',(-1.,-0.,6.982966722219E-15));
#11542 = ORIENTED_EDGE('',*,*,#11543,.F.);
#11543 = EDGE_CURVE('',#11544,#11536,#11546,.T.);
#11544 = VERTEX_POINT('',#11545);
#11545 = CARTESIAN_POINT('',(1.4,2.435,0.895));
#11546 = LINE('',#11547,#11548);
#11547 = CARTESIAN_POINT('',(1.4,0.445,0.895));
#11548 = VECTOR('',#11549,1.);
#11549 = DIRECTION('',(5.605193857299E-45,-1.,-3.914088217711E-59));
#11550 = ORIENTED_EDGE('',*,*,#11551,.T.);
#11551 = EDGE_CURVE('',#11544,#11526,#11552,.T.);
#11552 = LINE('',#11553,#11554);
#11553 = CARTESIAN_POINT('',(1.4,2.435,0.895));
#11554 = VECTOR('',#11555,1.);
#11555 = DIRECTION('',(1.,-2.561698521415E-29,-9.397580678341E-44));
#11556 = PLANE('',#11557);
#11557 = AXIS2_PLACEMENT_3D('',#11558,#11559,#11560);
#11558 = CARTESIAN_POINT('',(3.2,2.855,0.895));
#11559 = DIRECTION('',(6.982966722219E-15,-3.491483361109E-15,1.));
#11560 = DIRECTION('',(1.,0.,-6.982966722219E-15));
#11561 = ADVANCED_FACE('',(#11562),#11587,.F.);
#11562 = FACE_BOUND('',#11563,.T.);
#11563 = EDGE_LOOP('',(#11564,#11574,#11580,#11581));
#11564 = ORIENTED_EDGE('',*,*,#11565,.T.);
#11565 = EDGE_CURVE('',#11566,#11568,#11570,.T.);
#11566 = VERTEX_POINT('',#11567);
#11567 = CARTESIAN_POINT('',(-2.2,0.755,3.695));
#11568 = VERTEX_POINT('',#11569);
#11569 = CARTESIAN_POINT('',(2.2,0.755,3.695));
#11570 = LINE('',#11571,#11572);
#11571 = CARTESIAN_POINT('',(3.2,0.755,3.695));
#11572 = VECTOR('',#11573,1.);
#11573 = DIRECTION('',(1.,1.204669080539E-16,-7.106875541931E-15));
#11574 = ORIENTED_EDGE('',*,*,#11575,.F.);
#11575 = EDGE_CURVE('',#11392,#11568,#11576,.T.);
#11576 = LINE('',#11577,#11578);
#11577 = CARTESIAN_POINT('',(2.2,0.755,0.895));
#11578 = VECTOR('',#11579,1.);
#11579 = DIRECTION('',(-0.,-3.491483361109E-15,1.));
#11580 = ORIENTED_EDGE('',*,*,#11389,.F.);
#11581 = ORIENTED_EDGE('',*,*,#11582,.F.);
#11582 = EDGE_CURVE('',#11566,#11390,#11583,.T.);
#11583 = LINE('',#11584,#11585);
#11584 = CARTESIAN_POINT('',(-2.2,0.755,0.895));
#11585 = VECTOR('',#11586,1.);
#11586 = DIRECTION('',(0.,3.491483361109E-15,-1.));
#11587 = PLANE('',#11588);
#11588 = AXIS2_PLACEMENT_3D('',#11589,#11590,#11591);
#11589 = CARTESIAN_POINT('',(3.2,0.755,0.895));
#11590 = DIRECTION('',(1.204669080539E-16,-1.,-3.491483361109E-15));
#11591 = DIRECTION('',(0.,3.491483361109E-15,-1.));
#11592 = ADVANCED_FACE('',(#11593),#11618,.F.);
#11593 = FACE_BOUND('',#11594,.T.);
#11594 = EDGE_LOOP('',(#11595,#11596,#11604,#11612));
#11595 = ORIENTED_EDGE('',*,*,#11407,.F.);
#11596 = ORIENTED_EDGE('',*,*,#11597,.F.);
#11597 = EDGE_CURVE('',#11598,#11400,#11600,.T.);
#11598 = VERTEX_POINT('',#11599);
#11599 = CARTESIAN_POINT('',(2.2,2.855,3.695));
#11600 = LINE('',#11601,#11602);
#11601 = CARTESIAN_POINT('',(2.2,2.855,0.895));
#11602 = VECTOR('',#11603,1.);
#11603 = DIRECTION('',(-0.,3.491483361109E-15,-1.));
#11604 = ORIENTED_EDGE('',*,*,#11605,.T.);
#11605 = EDGE_CURVE('',#11598,#11606,#11608,.T.);
#11606 = VERTEX_POINT('',#11607);
#11607 = CARTESIAN_POINT('',(-2.2,2.855,3.695));
#11608 = LINE('',#11609,#11610);
#11609 = CARTESIAN_POINT('',(-2.2,2.855,3.695));
#11610 = VECTOR('',#11611,1.);
#11611 = DIRECTION('',(-1.,-1.606225440719E-16,7.106875541931E-15));
#11612 = ORIENTED_EDGE('',*,*,#11613,.F.);
#11613 = EDGE_CURVE('',#11408,#11606,#11614,.T.);
#11614 = LINE('',#11615,#11616);
#11615 = CARTESIAN_POINT('',(-2.2,2.855,0.895));
#11616 = VECTOR('',#11617,1.);
#11617 = DIRECTION('',(0.,-3.491483361109E-15,1.));
#11618 = PLANE('',#11619);
#11619 = AXIS2_PLACEMENT_3D('',#11620,#11621,#11622);
#11620 = CARTESIAN_POINT('',(-2.2,2.855,0.895));
#11621 = DIRECTION('',(-1.606225440719E-16,1.,3.491483361109E-15));
#11622 = DIRECTION('',(0.,-3.491483361109E-15,1.));
#11623 = ADVANCED_FACE('',(#11624),#11672,.T.);
#11624 = FACE_BOUND('',#11625,.T.);
#11625 = EDGE_LOOP('',(#11626,#11627,#11635,#11643,#11649,#11650,#11658,
    #11666));
#11626 = ORIENTED_EDGE('',*,*,#11102,.T.);
#11627 = ORIENTED_EDGE('',*,*,#11628,.F.);
#11628 = EDGE_CURVE('',#11629,#11093,#11631,.T.);
#11629 = VERTEX_POINT('',#11630);
#11630 = CARTESIAN_POINT('',(2.76,3.255,1.133675134595));
#11631 = LINE('',#11632,#11633);
#11632 = CARTESIAN_POINT('',(2.76,3.255,3.895));
#11633 = VECTOR('',#11634,1.);
#11634 = DIRECTION('',(0.,-3.491483361109E-15,1.));
#11635 = ORIENTED_EDGE('',*,*,#11636,.T.);
#11636 = EDGE_CURVE('',#11629,#11637,#11639,.T.);
#11637 = VERTEX_POINT('',#11638);
#11638 = CARTESIAN_POINT('',(2.5,3.255,1.133675134595));
#11639 = LINE('',#11640,#11641);
#11640 = CARTESIAN_POINT('',(-4.,3.255,1.133675134595));
#11641 = VECTOR('',#11642,1.);
#11642 = DIRECTION('',(-1.,2.438091212181E-29,8.512554900196E-44));
#11643 = ORIENTED_EDGE('',*,*,#11644,.T.);
#11644 = EDGE_CURVE('',#11637,#10927,#11645,.T.);
#11645 = LINE('',#11646,#11647);
#11646 = CARTESIAN_POINT('',(2.5,3.255,3.895));
#11647 = VECTOR('',#11648,1.);
#11648 = DIRECTION('',(-0.,3.491483361109E-15,-1.));
#11649 = ORIENTED_EDGE('',*,*,#10924,.F.);
#11650 = ORIENTED_EDGE('',*,*,#11651,.T.);
#11651 = EDGE_CURVE('',#10925,#11652,#11654,.T.);
#11652 = VERTEX_POINT('',#11653);
#11653 = CARTESIAN_POINT('',(-2.5,3.255,1.133675134595));
#11654 = LINE('',#11655,#11656);
#11655 = CARTESIAN_POINT('',(-2.5,3.255,3.895));
#11656 = VECTOR('',#11657,1.);
#11657 = DIRECTION('',(0.,-3.491483361109E-15,1.));
#11658 = ORIENTED_EDGE('',*,*,#11659,.T.);
#11659 = EDGE_CURVE('',#11652,#11660,#11662,.T.);
#11660 = VERTEX_POINT('',#11661);
#11661 = CARTESIAN_POINT('',(-2.76,3.255,1.133675134595));
#11662 = LINE('',#11663,#11664);
#11663 = CARTESIAN_POINT('',(-3.,3.255,1.133675134595));
#11664 = VECTOR('',#11665,1.);
#11665 = DIRECTION('',(-1.,2.438091212181E-29,8.512554900196E-44));
#11666 = ORIENTED_EDGE('',*,*,#11667,.F.);
#11667 = EDGE_CURVE('',#11103,#11660,#11668,.T.);
#11668 = LINE('',#11669,#11670);
#11669 = CARTESIAN_POINT('',(-2.76,3.255,3.895));
#11670 = VECTOR('',#11671,1.);
#11671 = DIRECTION('',(0.,3.491483361109E-15,-1.));
#11672 = PLANE('',#11673);
#11673 = AXIS2_PLACEMENT_3D('',#11674,#11675,#11676);
#11674 = CARTESIAN_POINT('',(-3.,3.255,3.895));
#11675 = DIRECTION('',(2.438091212181E-29,1.,3.491483361109E-15));
#11676 = DIRECTION('',(0.,-3.491483361109E-15,1.));
#11677 = ADVANCED_FACE('',(#11678),#11950,.F.);
#11678 = FACE_BOUND('',#11679,.T.);
#11679 = EDGE_LOOP('',(#11680,#11690,#11698,#11706,#11714,#11722,#11730,
    #11738,#11746,#11754,#11762,#11770,#11778,#11786,#11794,#11802,
    #11808,#11809,#11817,#11825,#11831,#11832,#11840,#11848,#11856,
    #11864,#11872,#11880,#11888,#11896,#11904,#11912,#11920,#11928,
    #11936,#11944));
#11680 = ORIENTED_EDGE('',*,*,#11681,.F.);
#11681 = EDGE_CURVE('',#11682,#11684,#11686,.T.);
#11682 = VERTEX_POINT('',#11683);
#11683 = CARTESIAN_POINT('',(0.2,0.47,-0.355));
#11684 = VERTEX_POINT('',#11685);
#11685 = CARTESIAN_POINT('',(-0.2,0.47,-0.355));
#11686 = LINE('',#11687,#11688);
#11687 = CARTESIAN_POINT('',(4.,0.47,-0.355));
#11688 = VECTOR('',#11689,1.);
#11689 = DIRECTION('',(-1.,-1.355252715607E-16,7.105427357601E-15));
#11690 = ORIENTED_EDGE('',*,*,#11691,.T.);
#11691 = EDGE_CURVE('',#11682,#11692,#11694,.T.);
#11692 = VERTEX_POINT('',#11693);
#11693 = CARTESIAN_POINT('',(0.4,0.47,-0.155));
#11694 = LINE('',#11695,#11696);
#11695 = CARTESIAN_POINT('',(0.4,0.47,-0.155));
#11696 = VECTOR('',#11697,1.);
#11697 = DIRECTION('',(0.707106781187,9.583083854271E-17,0.707106781187)
  );
#11698 = ORIENTED_EDGE('',*,*,#11699,.F.);
#11699 = EDGE_CURVE('',#11700,#11692,#11702,.T.);
#11700 = VERTEX_POINT('',#11701);
#11701 = CARTESIAN_POINT('',(0.4,0.47,0.195));
#11702 = LINE('',#11703,#11704);
#11703 = CARTESIAN_POINT('',(0.4,0.47,-0.355));
#11704 = VECTOR('',#11705,1.);
#11705 = DIRECTION('',(-7.096596038087E-15,9.856383386232E-17,-1.));
#11706 = ORIENTED_EDGE('',*,*,#11707,.T.);
#11707 = EDGE_CURVE('',#11700,#11708,#11710,.T.);
#11708 = VERTEX_POINT('',#11709);
#11709 = CARTESIAN_POINT('',(0.6,0.47,0.195));
#11710 = LINE('',#11711,#11712);
#11711 = CARTESIAN_POINT('',(0.4,0.47,0.195));
#11712 = VECTOR('',#11713,1.);
#11713 = DIRECTION('',(1.,5.605193857299E-45,-6.982966722219E-15));
#11714 = ORIENTED_EDGE('',*,*,#11715,.T.);
#11715 = EDGE_CURVE('',#11708,#11716,#11718,.T.);
#11716 = VERTEX_POINT('',#11717);
#11717 = CARTESIAN_POINT('',(0.6,0.47,-0.155));
#11718 = LINE('',#11719,#11720);
#11719 = CARTESIAN_POINT('',(0.6,0.47,-0.355));
#11720 = VECTOR('',#11721,1.);
#11721 = DIRECTION('',(-7.096596038087E-15,9.856383386232E-17,-1.));
#11722 = ORIENTED_EDGE('',*,*,#11723,.T.);
#11723 = EDGE_CURVE('',#11716,#11724,#11726,.T.);
#11724 = VERTEX_POINT('',#11725);
#11725 = CARTESIAN_POINT('',(0.8,0.47,-0.355));
#11726 = LINE('',#11727,#11728);
#11727 = CARTESIAN_POINT('',(0.8,0.47,-0.355));
#11728 = VECTOR('',#11729,1.);
#11729 = DIRECTION('',(0.707106781187,9.583083854271E-17,-0.707106781187
    ));
#11730 = ORIENTED_EDGE('',*,*,#11731,.F.);
#11731 = EDGE_CURVE('',#11732,#11724,#11734,.T.);
#11732 = VERTEX_POINT('',#11733);
#11733 = CARTESIAN_POINT('',(1.2,0.47,-0.355));
#11734 = LINE('',#11735,#11736);
#11735 = CARTESIAN_POINT('',(3.,0.47,-0.355));
#11736 = VECTOR('',#11737,1.);
#11737 = DIRECTION('',(-1.,-1.355252715607E-16,7.105427357601E-15));
#11738 = ORIENTED_EDGE('',*,*,#11739,.T.);
#11739 = EDGE_CURVE('',#11732,#11740,#11742,.T.);
#11740 = VERTEX_POINT('',#11741);
#11741 = CARTESIAN_POINT('',(1.4,0.47,-0.155));
#11742 = LINE('',#11743,#11744);
#11743 = CARTESIAN_POINT('',(1.4,0.47,-0.155));
#11744 = VECTOR('',#11745,1.);
#11745 = DIRECTION('',(0.707106781187,9.583083854271E-17,0.707106781187)
  );
#11746 = ORIENTED_EDGE('',*,*,#11747,.F.);
#11747 = EDGE_CURVE('',#11748,#11740,#11750,.T.);
#11748 = VERTEX_POINT('',#11749);
#11749 = CARTESIAN_POINT('',(1.4,0.47,0.195));
#11750 = LINE('',#11751,#11752);
#11751 = CARTESIAN_POINT('',(1.4,0.47,-0.355));
#11752 = VECTOR('',#11753,1.);
#11753 = DIRECTION('',(-7.096596038087E-15,9.856383386232E-17,-1.));
#11754 = ORIENTED_EDGE('',*,*,#11755,.T.);
#11755 = EDGE_CURVE('',#11748,#11756,#11758,.T.);
#11756 = VERTEX_POINT('',#11757);
#11757 = CARTESIAN_POINT('',(1.6,0.47,0.195));
#11758 = LINE('',#11759,#11760);
#11759 = CARTESIAN_POINT('',(1.4,0.47,0.195));
#11760 = VECTOR('',#11761,1.);
#11761 = DIRECTION('',(1.,5.605193857299E-45,-6.982966722219E-15));
#11762 = ORIENTED_EDGE('',*,*,#11763,.T.);
#11763 = EDGE_CURVE('',#11756,#11764,#11766,.T.);
#11764 = VERTEX_POINT('',#11765);
#11765 = CARTESIAN_POINT('',(1.6,0.47,-0.155));
#11766 = LINE('',#11767,#11768);
#11767 = CARTESIAN_POINT('',(1.6,0.47,-0.355));
#11768 = VECTOR('',#11769,1.);
#11769 = DIRECTION('',(-7.096596038087E-15,9.856383386232E-17,-1.));
#11770 = ORIENTED_EDGE('',*,*,#11771,.T.);
#11771 = EDGE_CURVE('',#11764,#11772,#11774,.T.);
#11772 = VERTEX_POINT('',#11773);
#11773 = CARTESIAN_POINT('',(1.8,0.47,-0.355));
#11774 = LINE('',#11775,#11776);
#11775 = CARTESIAN_POINT('',(1.8,0.47,-0.355));
#11776 = VECTOR('',#11777,1.);
#11777 = DIRECTION('',(0.707106781187,9.583083854271E-17,-0.707106781187
    ));
#11778 = ORIENTED_EDGE('',*,*,#11779,.F.);
#11779 = EDGE_CURVE('',#11780,#11772,#11782,.T.);
#11780 = VERTEX_POINT('',#11781);
#11781 = CARTESIAN_POINT('',(3.,0.47,-0.355));
#11782 = LINE('',#11783,#11784);
#11783 = CARTESIAN_POINT('',(3.,0.47,-0.355));
#11784 = VECTOR('',#11785,1.);
#11785 = DIRECTION('',(-1.,-1.355252715607E-16,7.105427357601E-15));
#11786 = ORIENTED_EDGE('',*,*,#11787,.T.);
#11787 = EDGE_CURVE('',#11780,#11788,#11790,.T.);
#11788 = VERTEX_POINT('',#11789);
#11789 = CARTESIAN_POINT('',(3.,0.47,2.395));
#11790 = LINE('',#11791,#11792);
#11791 = CARTESIAN_POINT('',(3.,0.47,-1.055));
#11792 = VECTOR('',#11793,1.);
#11793 = DIRECTION('',(-0.,-0.,1.));
#11794 = ORIENTED_EDGE('',*,*,#11795,.F.);
#11795 = EDGE_CURVE('',#11796,#11788,#11798,.T.);
#11796 = VERTEX_POINT('',#11797);
#11797 = CARTESIAN_POINT('',(2.29,0.47,2.395));
#11798 = LINE('',#11799,#11800);
#11799 = CARTESIAN_POINT('',(2.5,0.47,2.395));
#11800 = VECTOR('',#11801,1.);
#11801 = DIRECTION('',(1.,1.355252715607E-16,-6.982966722219E-15));
#11802 = ORIENTED_EDGE('',*,*,#11803,.T.);
#11803 = EDGE_CURVE('',#11796,#11199,#11804,.T.);
#11804 = LINE('',#11805,#11806);
#11805 = CARTESIAN_POINT('',(2.29,0.47,2.395));
#11806 = VECTOR('',#11807,1.);
#11807 = DIRECTION('',(-0.,-0.,1.));
#11808 = ORIENTED_EDGE('',*,*,#11198,.T.);
#11809 = ORIENTED_EDGE('',*,*,#11810,.F.);
#11810 = EDGE_CURVE('',#11811,#11191,#11813,.T.);
#11811 = VERTEX_POINT('',#11812);
#11812 = CARTESIAN_POINT('',(2.2,0.47,0.585));
#11813 = LINE('',#11814,#11815);
#11814 = CARTESIAN_POINT('',(2.2,0.47,-1.055));
#11815 = VECTOR('',#11816,1.);
#11816 = DIRECTION('',(-0.,-0.,1.));
#11817 = ORIENTED_EDGE('',*,*,#11818,.F.);
#11818 = EDGE_CURVE('',#11819,#11811,#11821,.T.);
#11819 = VERTEX_POINT('',#11820);
#11820 = CARTESIAN_POINT('',(-2.2,0.47,0.585));
#11821 = LINE('',#11822,#11823);
#11822 = CARTESIAN_POINT('',(-3.,0.47,0.585));
#11823 = VECTOR('',#11824,1.);
#11824 = DIRECTION('',(1.,-0.,-0.));
#11825 = ORIENTED_EDGE('',*,*,#11826,.T.);
#11826 = EDGE_CURVE('',#11819,#11167,#11827,.T.);
#11827 = LINE('',#11828,#11829);
#11828 = CARTESIAN_POINT('',(-2.2,0.47,-1.055));
#11829 = VECTOR('',#11830,1.);
#11830 = DIRECTION('',(-0.,-0.,1.));
#11831 = ORIENTED_EDGE('',*,*,#11166,.F.);
#11832 = ORIENTED_EDGE('',*,*,#11833,.F.);
#11833 = EDGE_CURVE('',#11834,#11159,#11836,.T.);
#11834 = VERTEX_POINT('',#11835);
#11835 = CARTESIAN_POINT('',(-2.29,0.47,2.395));
#11836 = LINE('',#11837,#11838);
#11837 = CARTESIAN_POINT('',(-2.29,0.47,2.395));
#11838 = VECTOR('',#11839,1.);
#11839 = DIRECTION('',(-0.,-0.,1.));
#11840 = ORIENTED_EDGE('',*,*,#11841,.F.);
#11841 = EDGE_CURVE('',#11842,#11834,#11844,.T.);
#11842 = VERTEX_POINT('',#11843);
#11843 = CARTESIAN_POINT('',(-3.,0.47,2.395));
#11844 = LINE('',#11845,#11846);
#11845 = CARTESIAN_POINT('',(-2.5,0.47,2.395));
#11846 = VECTOR('',#11847,1.);
#11847 = DIRECTION('',(1.,-1.355252715607E-16,-6.982966722219E-15));
#11848 = ORIENTED_EDGE('',*,*,#11849,.F.);
#11849 = EDGE_CURVE('',#11850,#11842,#11852,.T.);
#11850 = VERTEX_POINT('',#11851);
#11851 = CARTESIAN_POINT('',(-3.,0.47,-0.355));
#11852 = LINE('',#11853,#11854);
#11853 = CARTESIAN_POINT('',(-3.,0.47,-1.055));
#11854 = VECTOR('',#11855,1.);
#11855 = DIRECTION('',(-0.,-0.,1.));
#11856 = ORIENTED_EDGE('',*,*,#11857,.F.);
#11857 = EDGE_CURVE('',#11858,#11850,#11860,.T.);
#11858 = VERTEX_POINT('',#11859);
#11859 = CARTESIAN_POINT('',(-1.8,0.47,-0.355));
#11860 = LINE('',#11861,#11862);
#11861 = CARTESIAN_POINT('',(4.,0.47,-0.355));
#11862 = VECTOR('',#11863,1.);
#11863 = DIRECTION('',(-1.,-1.355252715607E-16,7.105427357601E-15));
#11864 = ORIENTED_EDGE('',*,*,#11865,.T.);
#11865 = EDGE_CURVE('',#11858,#11866,#11868,.T.);
#11866 = VERTEX_POINT('',#11867);
#11867 = CARTESIAN_POINT('',(-1.6,0.47,-0.155));
#11868 = LINE('',#11869,#11870);
#11869 = CARTESIAN_POINT('',(-1.6,0.47,-0.155));
#11870 = VECTOR('',#11871,1.);
#11871 = DIRECTION('',(0.707106781187,9.583083854271E-17,0.707106781187)
  );
#11872 = ORIENTED_EDGE('',*,*,#11873,.F.);
#11873 = EDGE_CURVE('',#11874,#11866,#11876,.T.);
#11874 = VERTEX_POINT('',#11875);
#11875 = CARTESIAN_POINT('',(-1.6,0.47,0.195));
#11876 = LINE('',#11877,#11878);
#11877 = CARTESIAN_POINT('',(-1.6,0.47,-0.355));
#11878 = VECTOR('',#11879,1.);
#11879 = DIRECTION('',(-7.096596038087E-15,9.856383386232E-17,-1.));
#11880 = ORIENTED_EDGE('',*,*,#11881,.T.);
#11881 = EDGE_CURVE('',#11874,#11882,#11884,.T.);
#11882 = VERTEX_POINT('',#11883);
#11883 = CARTESIAN_POINT('',(-1.4,0.47,0.195));
#11884 = LINE('',#11885,#11886);
#11885 = CARTESIAN_POINT('',(-1.6,0.47,0.195));
#11886 = VECTOR('',#11887,1.);
#11887 = DIRECTION('',(1.,5.605193857299E-45,-6.982966722219E-15));
#11888 = ORIENTED_EDGE('',*,*,#11889,.T.);
#11889 = EDGE_CURVE('',#11882,#11890,#11892,.T.);
#11890 = VERTEX_POINT('',#11891);
#11891 = CARTESIAN_POINT('',(-1.4,0.47,-0.155));
#11892 = LINE('',#11893,#11894);
#11893 = CARTESIAN_POINT('',(-1.4,0.47,-0.355));
#11894 = VECTOR('',#11895,1.);
#11895 = DIRECTION('',(-7.096596038087E-15,9.856383386232E-17,-1.));
#11896 = ORIENTED_EDGE('',*,*,#11897,.T.);
#11897 = EDGE_CURVE('',#11890,#11898,#11900,.T.);
#11898 = VERTEX_POINT('',#11899);
#11899 = CARTESIAN_POINT('',(-1.2,0.47,-0.355));
#11900 = LINE('',#11901,#11902);
#11901 = CARTESIAN_POINT('',(-1.2,0.47,-0.355));
#11902 = VECTOR('',#11903,1.);
#11903 = DIRECTION('',(0.707106781187,9.583083854271E-17,-0.707106781187
    ));
#11904 = ORIENTED_EDGE('',*,*,#11905,.F.);
#11905 = EDGE_CURVE('',#11906,#11898,#11908,.T.);
#11906 = VERTEX_POINT('',#11907);
#11907 = CARTESIAN_POINT('',(-0.8,0.47,-0.355));
#11908 = LINE('',#11909,#11910);
#11909 = CARTESIAN_POINT('',(4.,0.47,-0.355));
#11910 = VECTOR('',#11911,1.);
#11911 = DIRECTION('',(-1.,-1.355252715607E-16,7.105427357601E-15));
#11912 = ORIENTED_EDGE('',*,*,#11913,.T.);
#11913 = EDGE_CURVE('',#11906,#11914,#11916,.T.);
#11914 = VERTEX_POINT('',#11915);
#11915 = CARTESIAN_POINT('',(-0.6,0.47,-0.155));
#11916 = LINE('',#11917,#11918);
#11917 = CARTESIAN_POINT('',(-0.6,0.47,-0.155));
#11918 = VECTOR('',#11919,1.);
#11919 = DIRECTION('',(0.707106781187,9.583083854271E-17,0.707106781187)
  );
#11920 = ORIENTED_EDGE('',*,*,#11921,.F.);
#11921 = EDGE_CURVE('',#11922,#11914,#11924,.T.);
#11922 = VERTEX_POINT('',#11923);
#11923 = CARTESIAN_POINT('',(-0.6,0.47,0.195));
#11924 = LINE('',#11925,#11926);
#11925 = CARTESIAN_POINT('',(-0.6,0.47,-0.355));
#11926 = VECTOR('',#11927,1.);
#11927 = DIRECTION('',(-7.096596038087E-15,9.856383386232E-17,-1.));
#11928 = ORIENTED_EDGE('',*,*,#11929,.T.);
#11929 = EDGE_CURVE('',#11922,#11930,#11932,.T.);
#11930 = VERTEX_POINT('',#11931);
#11931 = CARTESIAN_POINT('',(-0.4,0.47,0.195));
#11932 = LINE('',#11933,#11934);
#11933 = CARTESIAN_POINT('',(-0.6,0.47,0.195));
#11934 = VECTOR('',#11935,1.);
#11935 = DIRECTION('',(1.,5.605193857299E-45,-6.982966722219E-15));
#11936 = ORIENTED_EDGE('',*,*,#11937,.T.);
#11937 = EDGE_CURVE('',#11930,#11938,#11940,.T.);
#11938 = VERTEX_POINT('',#11939);
#11939 = CARTESIAN_POINT('',(-0.4,0.47,-0.155));
#11940 = LINE('',#11941,#11942);
#11941 = CARTESIAN_POINT('',(-0.4,0.47,-0.355));
#11942 = VECTOR('',#11943,1.);
#11943 = DIRECTION('',(-7.096596038087E-15,9.856383386232E-17,-1.));
#11944 = ORIENTED_EDGE('',*,*,#11945,.T.);
#11945 = EDGE_CURVE('',#11938,#11684,#11946,.T.);
#11946 = LINE('',#11947,#11948);
#11947 = CARTESIAN_POINT('',(-0.2,0.47,-0.355));
#11948 = VECTOR('',#11949,1.);
#11949 = DIRECTION('',(0.707106781187,9.583083854271E-17,-0.707106781187
    ));
#11950 = PLANE('',#11951);
#11951 = AXIS2_PLACEMENT_3D('',#11952,#11953,#11954);
#11952 = CARTESIAN_POINT('',(4.,0.47,-1.055));
#11953 = DIRECTION('',(-1.355252715607E-16,1.,0.));
#11954 = DIRECTION('',(-1.,-1.355252715607E-16,0.));
#11955 = ADVANCED_FACE('',(#11956),#11972,.F.);
#11956 = FACE_BOUND('',#11957,.T.);
#11957 = EDGE_LOOP('',(#11958,#11959,#11965,#11966));
#11958 = ORIENTED_EDGE('',*,*,#11818,.T.);
#11959 = ORIENTED_EDGE('',*,*,#11960,.T.);
#11960 = EDGE_CURVE('',#11811,#11361,#11961,.T.);
#11961 = LINE('',#11962,#11963);
#11962 = CARTESIAN_POINT('',(2.2,0.355,0.585));
#11963 = VECTOR('',#11964,1.);
#11964 = DIRECTION('',(-0.,-1.,-0.));
#11965 = ORIENTED_EDGE('',*,*,#11358,.F.);
#11966 = ORIENTED_EDGE('',*,*,#11967,.T.);
#11967 = EDGE_CURVE('',#11359,#11819,#11968,.T.);
#11968 = LINE('',#11969,#11970);
#11969 = CARTESIAN_POINT('',(-2.2,0.355,0.585));
#11970 = VECTOR('',#11971,1.);
#11971 = DIRECTION('',(0.,1.,0.));
#11972 = PLANE('',#11973);
#11973 = AXIS2_PLACEMENT_3D('',#11974,#11975,#11976);
#11974 = CARTESIAN_POINT('',(-3.,0.355,0.585));
#11975 = DIRECTION('',(0.,-0.,1.));
#11976 = DIRECTION('',(1.,0.,0.));
#11977 = ADVANCED_FACE('',(#11978),#11994,.F.);
#11978 = FACE_BOUND('',#11979,.T.);
#11979 = EDGE_LOOP('',(#11980,#11981,#11987,#11988));
#11980 = ORIENTED_EDGE('',*,*,#11304,.F.);
#11981 = ORIENTED_EDGE('',*,*,#11982,.T.);
#11982 = EDGE_CURVE('',#11297,#11568,#11983,.T.);
#11983 = LINE('',#11984,#11985);
#11984 = CARTESIAN_POINT('',(2.2,0.755,3.695));
#11985 = VECTOR('',#11986,1.);
#11986 = DIRECTION('',(-0.497542812165,0.497542812165,-0.710564775462));
#11987 = ORIENTED_EDGE('',*,*,#11565,.F.);
#11988 = ORIENTED_EDGE('',*,*,#11989,.F.);
#11989 = EDGE_CURVE('',#11305,#11566,#11990,.T.);
#11990 = LINE('',#11991,#11992);
#11991 = CARTESIAN_POINT('',(-1.68650226864,1.26849773136,2.961649238492
    ));
#11992 = VECTOR('',#11993,1.);
#11993 = DIRECTION('',(0.497542812165,0.497542812165,-0.710564775462));
#11994 = PLANE('',#11995);
#11995 = AXIS2_PLACEMENT_3D('',#11996,#11997,#11998);
#11996 = CARTESIAN_POINT('',(3.2,0.755,3.695));
#11997 = DIRECTION('',(-3.97765563293E-15,-0.819152044289,
    -0.573576436351));
#11998 = DIRECTION('',(1.,1.204669080539E-16,-7.106875541931E-15));
#11999 = ADVANCED_FACE('',(#12000),#12016,.F.);
#12000 = FACE_BOUND('',#12001,.T.);
#12001 = EDGE_LOOP('',(#12002,#12003,#12009,#12010));
#12002 = ORIENTED_EDGE('',*,*,#11605,.F.);
#12003 = ORIENTED_EDGE('',*,*,#12004,.T.);
#12004 = EDGE_CURVE('',#11598,#11257,#12005,.T.);
#12005 = LINE('',#12006,#12007);
#12006 = CARTESIAN_POINT('',(0.863236210342,1.518236210342,
    1.785903458316));
#12007 = VECTOR('',#12008,1.);
#12008 = DIRECTION('',(0.497542812165,0.497542812165,0.710564775462));
#12009 = ORIENTED_EDGE('',*,*,#11254,.F.);
#12010 = ORIENTED_EDGE('',*,*,#12011,.F.);
#12011 = EDGE_CURVE('',#11606,#11255,#12012,.T.);
#12012 = LINE('',#12013,#12014);
#12013 = CARTESIAN_POINT('',(-2.404393933456,3.059393933456,
    3.986904788656));
#12014 = VECTOR('',#12015,1.);
#12015 = DIRECTION('',(-0.497542812165,0.497542812165,0.710564775462));
#12016 = PLANE('',#12017);
#12017 = AXIS2_PLACEMENT_3D('',#12018,#12019,#12020);
#12018 = CARTESIAN_POINT('',(-2.2,2.855,3.695));
#12019 = DIRECTION('',(-4.207910632267E-15,0.819152044289,
    -0.573576436351));
#12020 = DIRECTION('',(-1.,-1.606225440719E-16,7.106875541931E-15));
#12021 = ADVANCED_FACE('',(#12022),#12047,.F.);
#12022 = FACE_BOUND('',#12023,.T.);
#12023 = EDGE_LOOP('',(#12024,#12032,#12040,#12046));
#12024 = ORIENTED_EDGE('',*,*,#12025,.F.);
#12025 = EDGE_CURVE('',#12026,#11922,#12028,.T.);
#12026 = VERTEX_POINT('',#12027);
#12027 = CARTESIAN_POINT('',(-0.6,1.955,0.195));
#12028 = LINE('',#12029,#12030);
#12029 = CARTESIAN_POINT('',(-0.6,2.755,0.195));
#12030 = VECTOR('',#12031,1.);
#12031 = DIRECTION('',(0.,-1.,1.186216818912E-17));
#12032 = ORIENTED_EDGE('',*,*,#12033,.T.);
#12033 = EDGE_CURVE('',#12026,#12034,#12036,.T.);
#12034 = VERTEX_POINT('',#12035);
#12035 = CARTESIAN_POINT('',(-0.4,1.955,0.195));
#12036 = LINE('',#12037,#12038);
#12037 = CARTESIAN_POINT('',(-0.6,1.955,0.195));
#12038 = VECTOR('',#12039,1.);
#12039 = DIRECTION('',(1.,5.605193857299E-45,-6.982966722219E-15));
#12040 = ORIENTED_EDGE('',*,*,#12041,.T.);
#12041 = EDGE_CURVE('',#12034,#11930,#12042,.T.);
#12042 = LINE('',#12043,#12044);
#12043 = CARTESIAN_POINT('',(-0.4,2.755,0.195));
#12044 = VECTOR('',#12045,1.);
#12045 = DIRECTION('',(0.,-1.,1.186216818912E-17));
#12046 = ORIENTED_EDGE('',*,*,#11929,.F.);
#12047 = PLANE('',#12048);
#12048 = AXIS2_PLACEMENT_3D('',#12049,#12050,#12051);
#12049 = CARTESIAN_POINT('',(-3.,3.255,0.195));
#12050 = DIRECTION('',(6.982966722219E-15,0.,1.));
#12051 = DIRECTION('',(1.,0.,-6.982966722219E-15));
#12052 = ADVANCED_FACE('',(#12053),#12078,.F.);
#12053 = FACE_BOUND('',#12054,.T.);
#12054 = EDGE_LOOP('',(#12055,#12063,#12071,#12077));
#12055 = ORIENTED_EDGE('',*,*,#12056,.F.);
#12056 = EDGE_CURVE('',#12057,#11874,#12059,.T.);
#12057 = VERTEX_POINT('',#12058);
#12058 = CARTESIAN_POINT('',(-1.6,1.955,0.195));
#12059 = LINE('',#12060,#12061);
#12060 = CARTESIAN_POINT('',(-1.6,2.755,0.195));
#12061 = VECTOR('',#12062,1.);
#12062 = DIRECTION('',(0.,-1.,1.186216818912E-17));
#12063 = ORIENTED_EDGE('',*,*,#12064,.T.);
#12064 = EDGE_CURVE('',#12057,#12065,#12067,.T.);
#12065 = VERTEX_POINT('',#12066);
#12066 = CARTESIAN_POINT('',(-1.4,1.955,0.195));
#12067 = LINE('',#12068,#12069);
#12068 = CARTESIAN_POINT('',(-1.6,1.955,0.195));
#12069 = VECTOR('',#12070,1.);
#12070 = DIRECTION('',(1.,5.605193857299E-45,-6.982966722219E-15));
#12071 = ORIENTED_EDGE('',*,*,#12072,.T.);
#12072 = EDGE_CURVE('',#12065,#11882,#12073,.T.);
#12073 = LINE('',#12074,#12075);
#12074 = CARTESIAN_POINT('',(-1.4,2.755,0.195));
#12075 = VECTOR('',#12076,1.);
#12076 = DIRECTION('',(0.,-1.,1.186216818912E-17));
#12077 = ORIENTED_EDGE('',*,*,#11881,.F.);
#12078 = PLANE('',#12079);
#12079 = AXIS2_PLACEMENT_3D('',#12080,#12081,#12082);
#12080 = CARTESIAN_POINT('',(-3.,3.255,0.195));
#12081 = DIRECTION('',(6.982966722219E-15,0.,1.));
#12082 = DIRECTION('',(1.,0.,-6.982966722219E-15));
#12083 = ADVANCED_FACE('',(#12084),#12109,.F.);
#12084 = FACE_BOUND('',#12085,.T.);
#12085 = EDGE_LOOP('',(#12086,#12096,#12102,#12103));
#12086 = ORIENTED_EDGE('',*,*,#12087,.T.);
#12087 = EDGE_CURVE('',#12088,#12090,#12092,.T.);
#12088 = VERTEX_POINT('',#12089);
#12089 = CARTESIAN_POINT('',(-0.2,2.755,-0.355));
#12090 = VERTEX_POINT('',#12091);
#12091 = CARTESIAN_POINT('',(0.2,2.755,-0.355));
#12092 = LINE('',#12093,#12094);
#12093 = CARTESIAN_POINT('',(-3.,2.755,-0.355));
#12094 = VECTOR('',#12095,1.);
#12095 = DIRECTION('',(1.,5.605193857299E-45,-6.982966722219E-15));
#12096 = ORIENTED_EDGE('',*,*,#12097,.T.);
#12097 = EDGE_CURVE('',#12090,#11682,#12098,.T.);
#12098 = LINE('',#12099,#12100);
#12099 = CARTESIAN_POINT('',(0.2,3.255,-0.355));
#12100 = VECTOR('',#12101,1.);
#12101 = DIRECTION('',(-2.486182800327E-29,-1.,-3.491483361109E-15));
#12102 = ORIENTED_EDGE('',*,*,#11681,.T.);
#12103 = ORIENTED_EDGE('',*,*,#12104,.T.);
#12104 = EDGE_CURVE('',#11684,#12088,#12105,.T.);
#12105 = LINE('',#12106,#12107);
#12106 = CARTESIAN_POINT('',(-0.2,2.755,-0.355));
#12107 = VECTOR('',#12108,1.);
#12108 = DIRECTION('',(2.486182800327E-29,1.,3.491483361109E-15));
#12109 = PLANE('',#12110);
#12110 = AXIS2_PLACEMENT_3D('',#12111,#12112,#12113);
#12111 = CARTESIAN_POINT('',(4.,3.255,-0.355));
#12112 = DIRECTION('',(7.105427357601E-15,-3.491483361109E-15,1.));
#12113 = DIRECTION('',(1.,0.,-7.105427357601E-15));
#12114 = ADVANCED_FACE('',(#12115),#12140,.F.);
#12115 = FACE_BOUND('',#12116,.T.);
#12116 = EDGE_LOOP('',(#12117,#12118,#12126,#12134));
#12117 = ORIENTED_EDGE('',*,*,#11905,.T.);
#12118 = ORIENTED_EDGE('',*,*,#12119,.T.);
#12119 = EDGE_CURVE('',#11898,#12120,#12122,.T.);
#12120 = VERTEX_POINT('',#12121);
#12121 = CARTESIAN_POINT('',(-1.2,2.755,-0.355));
#12122 = LINE('',#12123,#12124);
#12123 = CARTESIAN_POINT('',(-1.2,2.755,-0.355));
#12124 = VECTOR('',#12125,1.);
#12125 = DIRECTION('',(2.486182800327E-29,1.,3.491483361109E-15));
#12126 = ORIENTED_EDGE('',*,*,#12127,.T.);
#12127 = EDGE_CURVE('',#12120,#12128,#12130,.T.);
#12128 = VERTEX_POINT('',#12129);
#12129 = CARTESIAN_POINT('',(-0.8,2.755,-0.355));
#12130 = LINE('',#12131,#12132);
#12131 = CARTESIAN_POINT('',(-3.,2.755,-0.355));
#12132 = VECTOR('',#12133,1.);
#12133 = DIRECTION('',(1.,5.605193857299E-45,-6.982966722219E-15));
#12134 = ORIENTED_EDGE('',*,*,#12135,.T.);
#12135 = EDGE_CURVE('',#12128,#11906,#12136,.T.);
#12136 = LINE('',#12137,#12138);
#12137 = CARTESIAN_POINT('',(-0.8,3.255,-0.355));
#12138 = VECTOR('',#12139,1.);
#12139 = DIRECTION('',(-2.486182800327E-29,-1.,-3.491483361109E-15));
#12140 = PLANE('',#12141);
#12141 = AXIS2_PLACEMENT_3D('',#12142,#12143,#12144);
#12142 = CARTESIAN_POINT('',(4.,3.255,-0.355));
#12143 = DIRECTION('',(7.105427357601E-15,-3.491483361109E-15,1.));
#12144 = DIRECTION('',(1.,0.,-7.105427357601E-15));
#12145 = ADVANCED_FACE('',(#12146),#12178,.F.);
#12146 = FACE_BOUND('',#12147,.T.);
#12147 = EDGE_LOOP('',(#12148,#12149,#12157,#12163,#12164,#12172));
#12148 = ORIENTED_EDGE('',*,*,#11006,.T.);
#12149 = ORIENTED_EDGE('',*,*,#12150,.F.);
#12150 = EDGE_CURVE('',#12151,#10999,#12153,.T.);
#12151 = VERTEX_POINT('',#12152);
#12152 = CARTESIAN_POINT('',(0.4,2.755,-0.155));
#12153 = LINE('',#12154,#12155);
#12154 = CARTESIAN_POINT('',(0.4,2.755,0.195));
#12155 = VECTOR('',#12156,1.);
#12156 = DIRECTION('',(7.096596038087E-15,-0.,1.));
#12157 = ORIENTED_EDGE('',*,*,#12158,.T.);
#12158 = EDGE_CURVE('',#12151,#12090,#12159,.T.);
#12159 = LINE('',#12160,#12161);
#12160 = CARTESIAN_POINT('',(0.4,2.755,-0.155));
#12161 = VECTOR('',#12162,1.);
#12162 = DIRECTION('',(-0.707106781187,-3.963470586362E-45,
    -0.707106781187));
#12163 = ORIENTED_EDGE('',*,*,#12087,.F.);
#12164 = ORIENTED_EDGE('',*,*,#12165,.T.);
#12165 = EDGE_CURVE('',#12088,#12166,#12168,.T.);
#12166 = VERTEX_POINT('',#12167);
#12167 = CARTESIAN_POINT('',(-0.4,2.755,-0.155));
#12168 = LINE('',#12169,#12170);
#12169 = CARTESIAN_POINT('',(-0.2,2.755,-0.355));
#12170 = VECTOR('',#12171,1.);
#12171 = DIRECTION('',(-0.707106781187,-3.963470586361E-45,
    0.707106781187));
#12172 = ORIENTED_EDGE('',*,*,#12173,.T.);
#12173 = EDGE_CURVE('',#12166,#11007,#12174,.T.);
#12174 = LINE('',#12175,#12176);
#12175 = CARTESIAN_POINT('',(-0.4,2.755,0.195));
#12176 = VECTOR('',#12177,1.);
#12177 = DIRECTION('',(7.096596038087E-15,-0.,1.));
#12178 = PLANE('',#12179);
#12179 = AXIS2_PLACEMENT_3D('',#12180,#12181,#12182);
#12180 = CARTESIAN_POINT('',(-3.,2.755,-0.355));
#12181 = DIRECTION('',(5.605193857299E-45,-1.,-3.977779652042E-59));
#12182 = DIRECTION('',(1.,5.605193857299E-45,0.));
#12183 = ADVANCED_FACE('',(#12184),#12216,.F.);
#12184 = FACE_BOUND('',#12185,.T.);
#12185 = EDGE_LOOP('',(#12186,#12187,#12195,#12201,#12202,#12210));
#12186 = ORIENTED_EDGE('',*,*,#12127,.F.);
#12187 = ORIENTED_EDGE('',*,*,#12188,.T.);
#12188 = EDGE_CURVE('',#12120,#12189,#12191,.T.);
#12189 = VERTEX_POINT('',#12190);
#12190 = CARTESIAN_POINT('',(-1.4,2.755,-0.155));
#12191 = LINE('',#12192,#12193);
#12192 = CARTESIAN_POINT('',(-1.2,2.755,-0.355));
#12193 = VECTOR('',#12194,1.);
#12194 = DIRECTION('',(-0.707106781187,-3.963470586361E-45,
    0.707106781187));
#12195 = ORIENTED_EDGE('',*,*,#12196,.T.);
#12196 = EDGE_CURVE('',#12189,#11039,#12197,.T.);
#12197 = LINE('',#12198,#12199);
#12198 = CARTESIAN_POINT('',(-1.4,2.755,0.195));
#12199 = VECTOR('',#12200,1.);
#12200 = DIRECTION('',(7.096596038087E-15,-0.,1.));
#12201 = ORIENTED_EDGE('',*,*,#11038,.T.);
#12202 = ORIENTED_EDGE('',*,*,#12203,.F.);
#12203 = EDGE_CURVE('',#12204,#11031,#12206,.T.);
#12204 = VERTEX_POINT('',#12205);
#12205 = CARTESIAN_POINT('',(-0.6,2.755,-0.155));
#12206 = LINE('',#12207,#12208);
#12207 = CARTESIAN_POINT('',(-0.6,2.755,0.195));
#12208 = VECTOR('',#12209,1.);
#12209 = DIRECTION('',(7.096596038087E-15,-0.,1.));
#12210 = ORIENTED_EDGE('',*,*,#12211,.T.);
#12211 = EDGE_CURVE('',#12204,#12128,#12212,.T.);
#12212 = LINE('',#12213,#12214);
#12213 = CARTESIAN_POINT('',(-0.6,2.755,-0.155));
#12214 = VECTOR('',#12215,1.);
#12215 = DIRECTION('',(-0.707106781187,-3.963470586361E-45,
    -0.707106781187));
#12216 = PLANE('',#12217);
#12217 = AXIS2_PLACEMENT_3D('',#12218,#12219,#12220);
#12218 = CARTESIAN_POINT('',(-3.,2.755,-0.355));
#12219 = DIRECTION('',(5.605193857299E-45,-1.,-3.977779652042E-59));
#12220 = DIRECTION('',(1.,5.605193857299E-45,0.));
#12221 = ADVANCED_FACE('',(#12222),#12254,.F.);
#12222 = FACE_BOUND('',#12223,.T.);
#12223 = EDGE_LOOP('',(#12224,#12232,#12240,#12248));
#12224 = ORIENTED_EDGE('',*,*,#12225,.F.);
#12225 = EDGE_CURVE('',#11071,#12226,#12228,.T.);
#12226 = VERTEX_POINT('',#12227);
#12227 = CARTESIAN_POINT('',(-2.5,1.755,0.195));
#12228 = LINE('',#12229,#12230);
#12229 = CARTESIAN_POINT('',(-2.5,2.755,0.195));
#12230 = VECTOR('',#12231,1.);
#12231 = DIRECTION('',(5.605193857299E-45,-1.,-3.914088217711E-59));
#12232 = ORIENTED_EDGE('',*,*,#12233,.T.);
#12233 = EDGE_CURVE('',#11071,#12234,#12236,.T.);
#12234 = VERTEX_POINT('',#12235);
#12235 = CARTESIAN_POINT('',(-2.5,2.755,-0.355));
#12236 = LINE('',#12237,#12238);
#12237 = CARTESIAN_POINT('',(-2.5,2.755,-0.355));
#12238 = VECTOR('',#12239,1.);
#12239 = DIRECTION('',(-6.982966722219E-15,6.369143433136E-61,-1.));
#12240 = ORIENTED_EDGE('',*,*,#12241,.T.);
#12241 = EDGE_CURVE('',#12234,#12242,#12244,.T.);
#12242 = VERTEX_POINT('',#12243);
#12243 = CARTESIAN_POINT('',(-2.5,1.755,-0.355));
#12244 = LINE('',#12245,#12246);
#12245 = CARTESIAN_POINT('',(-2.5,3.255,-0.355));
#12246 = VECTOR('',#12247,1.);
#12247 = DIRECTION('',(-2.480848139264E-29,-1.,-3.491483361109E-15));
#12248 = ORIENTED_EDGE('',*,*,#12249,.F.);
#12249 = EDGE_CURVE('',#12226,#12242,#12250,.T.);
#12250 = LINE('',#12251,#12252);
#12251 = CARTESIAN_POINT('',(-2.5,1.755,-0.355));
#12252 = VECTOR('',#12253,1.);
#12253 = DIRECTION('',(-6.982966722219E-15,0.,-1.));
#12254 = PLANE('',#12255);
#12255 = AXIS2_PLACEMENT_3D('',#12256,#12257,#12258);
#12256 = CARTESIAN_POINT('',(-2.5,2.755,-0.355));
#12257 = DIRECTION('',(1.,5.605193857299E-45,-6.982966722219E-15));
#12258 = DIRECTION('',(-6.982966722219E-15,0.,-1.));
#12259 = ADVANCED_FACE('',(#12260),#12309,.T.);
#12260 = FACE_BOUND('',#12261,.T.);
#12261 = EDGE_LOOP('',(#12262,#12272,#12278,#12279,#12287,#12295,#12303)
  );
#12262 = ORIENTED_EDGE('',*,*,#12263,.F.);
#12263 = EDGE_CURVE('',#12264,#12266,#12268,.T.);
#12264 = VERTEX_POINT('',#12265);
#12265 = CARTESIAN_POINT('',(-2.5,0.585,2.395));
#12266 = VERTEX_POINT('',#12267);
#12267 = CARTESIAN_POINT('',(-2.5,0.905,2.395));
#12268 = LINE('',#12269,#12270);
#12269 = CARTESIAN_POINT('',(-2.5,0.305,2.395));
#12270 = VECTOR('',#12271,1.);
#12271 = DIRECTION('',(0.,1.,0.));
#12272 = ORIENTED_EDGE('',*,*,#12273,.T.);
#12273 = EDGE_CURVE('',#12264,#11143,#12274,.T.);
#12274 = LINE('',#12275,#12276);
#12275 = CARTESIAN_POINT('',(-2.5,0.585,2.395));
#12276 = VECTOR('',#12277,1.);
#12277 = DIRECTION('',(-0.,-0.,1.));
#12278 = ORIENTED_EDGE('',*,*,#11142,.F.);
#12279 = ORIENTED_EDGE('',*,*,#12280,.T.);
#12280 = EDGE_CURVE('',#11135,#12281,#12283,.T.);
#12281 = VERTEX_POINT('',#12282);
#12282 = CARTESIAN_POINT('',(-2.5,1.555,3.795));
#12283 = LINE('',#12284,#12285);
#12284 = CARTESIAN_POINT('',(-2.5,1.555,3.795));
#12285 = VECTOR('',#12286,1.);
#12286 = DIRECTION('',(4.906538933387E-15,-0.707106781187,
    -0.707106781187));
#12287 = ORIENTED_EDGE('',*,*,#12288,.F.);
#12288 = EDGE_CURVE('',#12289,#12281,#12291,.T.);
#12289 = VERTEX_POINT('',#12290);
#12290 = CARTESIAN_POINT('',(-2.5,1.555,3.395));
#12291 = LINE('',#12292,#12293);
#12292 = CARTESIAN_POINT('',(-2.5,1.555,3.395));
#12293 = VECTOR('',#12294,1.);
#12294 = DIRECTION('',(-6.938893903907E-15,-2.602085213965E-15,1.));
#12295 = ORIENTED_EDGE('',*,*,#12296,.F.);
#12296 = EDGE_CURVE('',#12297,#12289,#12299,.T.);
#12297 = VERTEX_POINT('',#12298);
#12298 = CARTESIAN_POINT('',(-2.5,0.905,3.395));
#12299 = LINE('',#12300,#12301);
#12300 = CARTESIAN_POINT('',(-2.5,0.905,3.395));
#12301 = VECTOR('',#12302,1.);
#12302 = DIRECTION('',(0.,1.,2.001604010742E-15));
#12303 = ORIENTED_EDGE('',*,*,#12304,.F.);
#12304 = EDGE_CURVE('',#12266,#12297,#12305,.T.);
#12305 = LINE('',#12306,#12307);
#12306 = CARTESIAN_POINT('',(-2.5,0.905,2.395));
#12307 = VECTOR('',#12308,1.);
#12308 = DIRECTION('',(-6.938893903907E-15,-2.710505431214E-15,1.));
#12309 = PLANE('',#12310);
#12310 = AXIS2_PLACEMENT_3D('',#12311,#12312,#12313);
#12311 = CARTESIAN_POINT('',(-2.5,-1.12103877146E-45,-2.080786714806E-14
    ));
#12312 = DIRECTION('',(-1.,0.,-6.938893903907E-15));
#12313 = DIRECTION('',(6.938893903907E-15,0.,-1.));
#12314 = ADVANCED_FACE('',(#12315),#12347,.T.);
#12315 = FACE_BOUND('',#12316,.T.);
#12316 = EDGE_LOOP('',(#12317,#12325,#12326,#12334,#12340,#12341));
#12317 = ORIENTED_EDGE('',*,*,#12318,.T.);
#12318 = EDGE_CURVE('',#12319,#11842,#12321,.T.);
#12319 = VERTEX_POINT('',#12320);
#12320 = CARTESIAN_POINT('',(-3.,0.905,2.395));
#12321 = LINE('',#12322,#12323);
#12322 = CARTESIAN_POINT('',(-3.,3.255,2.395));
#12323 = VECTOR('',#12324,1.);
#12324 = DIRECTION('',(7.125597826469E-31,-1.,-5.121204094873E-45));
#12325 = ORIENTED_EDGE('',*,*,#11841,.T.);
#12326 = ORIENTED_EDGE('',*,*,#12327,.F.);
#12327 = EDGE_CURVE('',#12328,#11834,#12330,.T.);
#12328 = VERTEX_POINT('',#12329);
#12329 = CARTESIAN_POINT('',(-2.393546465094,0.585,2.395));
#12330 = LINE('',#12331,#12332);
#12331 = CARTESIAN_POINT('',(-2.29,0.47,2.395));
#12332 = VECTOR('',#12333,1.);
#12333 = DIRECTION('',(0.669130606359,-0.743144825477,-0.));
#12334 = ORIENTED_EDGE('',*,*,#12335,.F.);
#12335 = EDGE_CURVE('',#12264,#12328,#12336,.T.);
#12336 = LINE('',#12337,#12338);
#12337 = CARTESIAN_POINT('',(-2.393546465094,0.585,2.395));
#12338 = VECTOR('',#12339,1.);
#12339 = DIRECTION('',(1.,-1.018474561174E-15,-0.));
#12340 = ORIENTED_EDGE('',*,*,#12263,.T.);
#12341 = ORIENTED_EDGE('',*,*,#12342,.T.);
#12342 = EDGE_CURVE('',#12266,#12319,#12343,.T.);
#12343 = LINE('',#12344,#12345);
#12344 = CARTESIAN_POINT('',(-2.5,0.905,2.395));
#12345 = VECTOR('',#12346,1.);
#12346 = DIRECTION('',(-1.,-0.,6.982966722219E-15));
#12347 = PLANE('',#12348);
#12348 = AXIS2_PLACEMENT_3D('',#12349,#12350,#12351);
#12349 = CARTESIAN_POINT('',(-2.5,0.905,2.395));
#12350 = DIRECTION('',(6.982966722219E-15,-3.491483361109E-15,1.));
#12351 = DIRECTION('',(1.,0.,-6.982966722219E-15));
#12352 = ADVANCED_FACE('',(#12353),#12434,.F.);
#12353 = FACE_BOUND('',#12354,.T.);
#12354 = EDGE_LOOP('',(#12355,#12356,#12364,#12372,#12380,#12388,#12396,
    #12402,#12403,#12404,#12412,#12420,#12428));
#12355 = ORIENTED_EDGE('',*,*,#11126,.T.);
#12356 = ORIENTED_EDGE('',*,*,#12357,.F.);
#12357 = EDGE_CURVE('',#12358,#11119,#12360,.T.);
#12358 = VERTEX_POINT('',#12359);
#12359 = CARTESIAN_POINT('',(-3.,3.105,1.047072594216));
#12360 = LINE('',#12361,#12362);
#12361 = CARTESIAN_POINT('',(-3.,3.105,-1.055));
#12362 = VECTOR('',#12363,1.);
#12363 = DIRECTION('',(-0.,-0.,1.));
#12364 = ORIENTED_EDGE('',*,*,#12365,.F.);
#12365 = EDGE_CURVE('',#12366,#12358,#12368,.T.);
#12366 = VERTEX_POINT('',#12367);
#12367 = CARTESIAN_POINT('',(-3.,2.755,0.845));
#12368 = LINE('',#12369,#12370);
#12369 = CARTESIAN_POINT('',(-3.,2.755,0.845));
#12370 = VECTOR('',#12371,1.);
#12371 = DIRECTION('',(3.755786496843E-15,0.866025403784,0.5));
#12372 = ORIENTED_EDGE('',*,*,#12373,.F.);
#12373 = EDGE_CURVE('',#12374,#12366,#12376,.T.);
#12374 = VERTEX_POINT('',#12375);
#12375 = CARTESIAN_POINT('',(-3.,2.755,0.195));
#12376 = LINE('',#12377,#12378);
#12377 = CARTESIAN_POINT('',(-3.,2.755,-0.355));
#12378 = VECTOR('',#12379,1.);
#12379 = DIRECTION('',(7.18705183704E-15,-0.,1.));
#12380 = ORIENTED_EDGE('',*,*,#12381,.F.);
#12381 = EDGE_CURVE('',#12382,#12374,#12384,.T.);
#12382 = VERTEX_POINT('',#12383);
#12383 = CARTESIAN_POINT('',(-3.,1.755,0.195));
#12384 = LINE('',#12385,#12386);
#12385 = CARTESIAN_POINT('',(-3.,3.255,0.195));
#12386 = VECTOR('',#12387,1.);
#12387 = DIRECTION('',(-7.125597826469E-31,1.,5.121204094873E-45));
#12388 = ORIENTED_EDGE('',*,*,#12389,.F.);
#12389 = EDGE_CURVE('',#12390,#12382,#12392,.T.);
#12390 = VERTEX_POINT('',#12391);
#12391 = CARTESIAN_POINT('',(-3.,1.755,-0.355));
#12392 = LINE('',#12393,#12394);
#12393 = CARTESIAN_POINT('',(-3.,1.755,-0.355));
#12394 = VECTOR('',#12395,1.);
#12395 = DIRECTION('',(7.18705183704E-15,-0.,1.));
#12396 = ORIENTED_EDGE('',*,*,#12397,.T.);
#12397 = EDGE_CURVE('',#12390,#11850,#12398,.T.);
#12398 = LINE('',#12399,#12400);
#12399 = CARTESIAN_POINT('',(-3.,3.255,-0.355));
#12400 = VECTOR('',#12401,1.);
#12401 = DIRECTION('',(-2.480848139264E-29,-1.,-3.491483361109E-15));
#12402 = ORIENTED_EDGE('',*,*,#11849,.T.);
#12403 = ORIENTED_EDGE('',*,*,#12318,.F.);
#12404 = ORIENTED_EDGE('',*,*,#12405,.F.);
#12405 = EDGE_CURVE('',#12406,#12319,#12408,.T.);
#12406 = VERTEX_POINT('',#12407);
#12407 = CARTESIAN_POINT('',(-3.,0.905,3.395));
#12408 = LINE('',#12409,#12410);
#12409 = CARTESIAN_POINT('',(-3.,0.905,-0.355));
#12410 = VECTOR('',#12411,1.);
#12411 = DIRECTION('',(-7.18705183704E-15,0.,-1.));
#12412 = ORIENTED_EDGE('',*,*,#12413,.F.);
#12413 = EDGE_CURVE('',#12414,#12406,#12416,.T.);
#12414 = VERTEX_POINT('',#12415);
#12415 = CARTESIAN_POINT('',(-3.,1.555,3.395));
#12416 = LINE('',#12417,#12418);
#12417 = CARTESIAN_POINT('',(-3.,3.255,3.395));
#12418 = VECTOR('',#12419,1.);
#12419 = DIRECTION('',(7.125597826469E-31,-1.,-5.121204094873E-45));
#12420 = ORIENTED_EDGE('',*,*,#12421,.F.);
#12421 = EDGE_CURVE('',#12422,#12414,#12424,.T.);
#12422 = VERTEX_POINT('',#12423);
#12423 = CARTESIAN_POINT('',(-3.,1.555,3.795));
#12424 = LINE('',#12425,#12426);
#12425 = CARTESIAN_POINT('',(-3.,1.555,-0.355));
#12426 = VECTOR('',#12427,1.);
#12427 = DIRECTION('',(-7.18705183704E-15,0.,-1.));
#12428 = ORIENTED_EDGE('',*,*,#12429,.T.);
#12429 = EDGE_CURVE('',#12422,#11127,#12430,.T.);
#12430 = LINE('',#12431,#12432);
#12431 = CARTESIAN_POINT('',(-3.,1.555,3.795));
#12432 = VECTOR('',#12433,1.);
#12433 = DIRECTION('',(5.08201309071E-15,0.707106781187,0.707106781187)
  );
#12434 = PLANE('',#12435);
#12435 = AXIS2_PLACEMENT_3D('',#12436,#12437,#12438);
#12436 = CARTESIAN_POINT('',(-3.,3.255,-0.355));
#12437 = DIRECTION('',(1.,7.125597826469E-31,-7.18705183704E-15));
#12438 = DIRECTION('',(-7.18705183704E-15,0.,-1.));
#12439 = ADVANCED_FACE('',(#12440),#12465,.F.);
#12440 = FACE_BOUND('',#12441,.T.);
#12441 = EDGE_LOOP('',(#12442,#12450,#12456,#12457,#12458,#12464));
#12442 = ORIENTED_EDGE('',*,*,#12443,.T.);
#12443 = EDGE_CURVE('',#12234,#12444,#12446,.T.);
#12444 = VERTEX_POINT('',#12445);
#12445 = CARTESIAN_POINT('',(-1.8,2.755,-0.355));
#12446 = LINE('',#12447,#12448);
#12447 = CARTESIAN_POINT('',(-3.,2.755,-0.355));
#12448 = VECTOR('',#12449,1.);
#12449 = DIRECTION('',(1.,5.605193857299E-45,-6.982966722219E-15));
#12450 = ORIENTED_EDGE('',*,*,#12451,.T.);
#12451 = EDGE_CURVE('',#12444,#11858,#12452,.T.);
#12452 = LINE('',#12453,#12454);
#12453 = CARTESIAN_POINT('',(-1.8,3.255,-0.355));
#12454 = VECTOR('',#12455,1.);
#12455 = DIRECTION('',(-2.486182800327E-29,-1.,-3.491483361109E-15));
#12456 = ORIENTED_EDGE('',*,*,#11857,.T.);
#12457 = ORIENTED_EDGE('',*,*,#12397,.F.);
#12458 = ORIENTED_EDGE('',*,*,#12459,.F.);
#12459 = EDGE_CURVE('',#12242,#12390,#12460,.T.);
#12460 = LINE('',#12461,#12462);
#12461 = CARTESIAN_POINT('',(4.,1.755,-0.355));
#12462 = VECTOR('',#12463,1.);
#12463 = DIRECTION('',(-1.,-0.,7.105427357601E-15));
#12464 = ORIENTED_EDGE('',*,*,#12241,.F.);
#12465 = PLANE('',#12466);
#12466 = AXIS2_PLACEMENT_3D('',#12467,#12468,#12469);
#12467 = CARTESIAN_POINT('',(4.,3.255,-0.355));
#12468 = DIRECTION('',(7.105427357601E-15,-3.491483361109E-15,1.));
#12469 = DIRECTION('',(1.,0.,-7.105427357601E-15));
#12470 = ADVANCED_FACE('',(#12471),#12503,.T.);
#12471 = FACE_BOUND('',#12472,.T.);
#12472 = EDGE_LOOP('',(#12473,#12481,#12482,#12490,#12496,#12497));
#12473 = ORIENTED_EDGE('',*,*,#12474,.F.);
#12474 = EDGE_CURVE('',#11660,#12475,#12477,.T.);
#12475 = VERTEX_POINT('',#12476);
#12476 = CARTESIAN_POINT('',(-2.76,3.105,1.047072594216));
#12477 = LINE('',#12478,#12479);
#12478 = CARTESIAN_POINT('',(-2.76,2.755,0.845));
#12479 = VECTOR('',#12480,1.);
#12480 = DIRECTION('',(-8.75811540203E-47,-0.866025403784,-0.5));
#12481 = ORIENTED_EDGE('',*,*,#11659,.F.);
#12482 = ORIENTED_EDGE('',*,*,#12483,.T.);
#12483 = EDGE_CURVE('',#11652,#12484,#12486,.T.);
#12484 = VERTEX_POINT('',#12485);
#12485 = CARTESIAN_POINT('',(-2.5,2.755,0.845));
#12486 = LINE('',#12487,#12488);
#12487 = CARTESIAN_POINT('',(-2.5,2.755,0.845));
#12488 = VECTOR('',#12489,1.);
#12489 = DIRECTION('',(-0.,-0.866025403784,-0.5));
#12490 = ORIENTED_EDGE('',*,*,#12491,.T.);
#12491 = EDGE_CURVE('',#12484,#12366,#12492,.T.);
#12492 = LINE('',#12493,#12494);
#12493 = CARTESIAN_POINT('',(-2.5,2.755,0.845));
#12494 = VECTOR('',#12495,1.);
#12495 = DIRECTION('',(-1.,-3.023713287611E-15,5.237225041664E-15));
#12496 = ORIENTED_EDGE('',*,*,#12365,.T.);
#12497 = ORIENTED_EDGE('',*,*,#12498,.F.);
#12498 = EDGE_CURVE('',#12475,#12358,#12499,.T.);
#12499 = LINE('',#12500,#12501);
#12500 = CARTESIAN_POINT('',(-2.5,3.105,1.047072594216));
#12501 = VECTOR('',#12502,1.);
#12502 = DIRECTION('',(-1.,0.,6.982966722219E-15));
#12503 = PLANE('',#12504);
#12504 = AXIS2_PLACEMENT_3D('',#12505,#12506,#12507);
#12505 = CARTESIAN_POINT('',(-2.5,2.755,0.845));
#12506 = DIRECTION('',(-6.047426575223E-15,0.5,-0.866025403784));
#12507 = DIRECTION('',(0.,0.866025403784,0.5));
#12508 = ADVANCED_FACE('',(#12509),#12520,.F.);
#12509 = FACE_BOUND('',#12510,.T.);
#12510 = EDGE_LOOP('',(#12511,#12512,#12513,#12519));
#12511 = ORIENTED_EDGE('',*,*,#11651,.F.);
#12512 = ORIENTED_EDGE('',*,*,#11078,.T.);
#12513 = ORIENTED_EDGE('',*,*,#12514,.F.);
#12514 = EDGE_CURVE('',#12484,#11071,#12515,.T.);
#12515 = LINE('',#12516,#12517);
#12516 = CARTESIAN_POINT('',(-2.5,2.755,-0.355));
#12517 = VECTOR('',#12518,1.);
#12518 = DIRECTION('',(-6.982966722219E-15,0.,-1.));
#12519 = ORIENTED_EDGE('',*,*,#12483,.F.);
#12520 = PLANE('',#12521);
#12521 = AXIS2_PLACEMENT_3D('',#12522,#12523,#12524);
#12522 = CARTESIAN_POINT('',(-2.5,2.755,-0.355));
#12523 = DIRECTION('',(1.,5.605193857299E-45,-6.982966722219E-15));
#12524 = DIRECTION('',(-6.982966722219E-15,0.,-1.));
#12525 = ADVANCED_FACE('',(#12526),#12537,.T.);
#12526 = FACE_BOUND('',#12527,.T.);
#12527 = EDGE_LOOP('',(#12528,#12529,#12530,#12531));
#12528 = ORIENTED_EDGE('',*,*,#12249,.T.);
#12529 = ORIENTED_EDGE('',*,*,#12459,.T.);
#12530 = ORIENTED_EDGE('',*,*,#12389,.T.);
#12531 = ORIENTED_EDGE('',*,*,#12532,.T.);
#12532 = EDGE_CURVE('',#12382,#12226,#12533,.T.);
#12533 = LINE('',#12534,#12535);
#12534 = CARTESIAN_POINT('',(-2.5,1.755,0.195));
#12535 = VECTOR('',#12536,1.);
#12536 = DIRECTION('',(1.,-2.438091212181E-29,-8.512554900196E-44));
#12537 = PLANE('',#12538);
#12538 = AXIS2_PLACEMENT_3D('',#12539,#12540,#12541);
#12539 = CARTESIAN_POINT('',(-2.5,1.755,0.195));
#12540 = DIRECTION('',(2.438091212181E-29,1.,3.491483361109E-15));
#12541 = DIRECTION('',(0.,-3.491483361109E-15,1.));
#12542 = ADVANCED_FACE('',(#12543),#12559,.T.);
#12543 = FACE_BOUND('',#12544,.T.);
#12544 = EDGE_LOOP('',(#12545,#12546,#12552,#12553));
#12545 = ORIENTED_EDGE('',*,*,#12288,.T.);
#12546 = ORIENTED_EDGE('',*,*,#12547,.T.);
#12547 = EDGE_CURVE('',#12281,#12422,#12548,.T.);
#12548 = LINE('',#12549,#12550);
#12549 = CARTESIAN_POINT('',(-3.,1.555,3.795));
#12550 = VECTOR('',#12551,1.);
#12551 = DIRECTION('',(-1.,-3.788886977123E-31,7.106875541931E-15));
#12552 = ORIENTED_EDGE('',*,*,#12421,.T.);
#12553 = ORIENTED_EDGE('',*,*,#12554,.T.);
#12554 = EDGE_CURVE('',#12414,#12289,#12555,.T.);
#12555 = LINE('',#12556,#12557);
#12556 = CARTESIAN_POINT('',(-2.5,1.555,3.395));
#12557 = VECTOR('',#12558,1.);
#12558 = DIRECTION('',(1.,-2.135253304556E-29,-6.529182875968E-44));
#12559 = PLANE('',#12560);
#12560 = AXIS2_PLACEMENT_3D('',#12561,#12562,#12563);
#12561 = CARTESIAN_POINT('',(-2.5,1.555,3.895));
#12562 = DIRECTION('',(-2.135253304556E-29,-1.,-3.057802492115E-15));
#12563 = DIRECTION('',(0.,3.057802492115E-15,-1.));
#12564 = ADVANCED_FACE('',(#12565),#12576,.T.);
#12565 = FACE_BOUND('',#12566,.T.);
#12566 = EDGE_LOOP('',(#12567,#12568,#12569,#12570));
#12567 = ORIENTED_EDGE('',*,*,#12405,.T.);
#12568 = ORIENTED_EDGE('',*,*,#12342,.F.);
#12569 = ORIENTED_EDGE('',*,*,#12304,.T.);
#12570 = ORIENTED_EDGE('',*,*,#12571,.T.);
#12571 = EDGE_CURVE('',#12297,#12406,#12572,.T.);
#12572 = LINE('',#12573,#12574);
#12573 = CARTESIAN_POINT('',(-2.5,0.905,3.395));
#12574 = VECTOR('',#12575,1.);
#12575 = DIRECTION('',(-1.,2.513800689087E-29,9.049440095923E-44));
#12576 = PLANE('',#12577);
#12577 = AXIS2_PLACEMENT_3D('',#12578,#12579,#12580);
#12578 = CARTESIAN_POINT('',(-2.5,0.905,3.395));
#12579 = DIRECTION('',(-2.513800689087E-29,-1.,-3.599903578358E-15));
#12580 = DIRECTION('',(0.,3.599903578358E-15,-1.));
#12581 = ADVANCED_FACE('',(#12582),#12588,.T.);
#12582 = FACE_BOUND('',#12583,.T.);
#12583 = EDGE_LOOP('',(#12584,#12585,#12586,#12587));
#12584 = ORIENTED_EDGE('',*,*,#12413,.T.);
#12585 = ORIENTED_EDGE('',*,*,#12571,.F.);
#12586 = ORIENTED_EDGE('',*,*,#12296,.T.);
#12587 = ORIENTED_EDGE('',*,*,#12554,.F.);
#12588 = PLANE('',#12589);
#12589 = AXIS2_PLACEMENT_3D('',#12590,#12591,#12592);
#12590 = CARTESIAN_POINT('',(-2.5,1.555,3.395));
#12591 = DIRECTION('',(6.982966722219E-15,-3.491483361109E-15,1.));
#12592 = DIRECTION('',(1.,0.,-6.982966722219E-15));
#12593 = ADVANCED_FACE('',(#12594),#12605,.T.);
#12594 = FACE_BOUND('',#12595,.T.);
#12595 = EDGE_LOOP('',(#12596,#12597,#12603,#12604));
#12596 = ORIENTED_EDGE('',*,*,#12514,.T.);
#12597 = ORIENTED_EDGE('',*,*,#12598,.T.);
#12598 = EDGE_CURVE('',#11071,#12374,#12599,.T.);
#12599 = LINE('',#12600,#12601);
#12600 = CARTESIAN_POINT('',(-2.5,2.755,0.195));
#12601 = VECTOR('',#12602,1.);
#12602 = DIRECTION('',(-1.,2.438091212181E-29,8.512554900196E-44));
#12603 = ORIENTED_EDGE('',*,*,#12373,.T.);
#12604 = ORIENTED_EDGE('',*,*,#12491,.F.);
#12605 = PLANE('',#12606);
#12606 = AXIS2_PLACEMENT_3D('',#12607,#12608,#12609);
#12607 = CARTESIAN_POINT('',(-2.5,2.755,0.195));
#12608 = DIRECTION('',(2.438091212181E-29,1.,3.491483361109E-15));
#12609 = DIRECTION('',(0.,-3.491483361109E-15,1.));
#12610 = ADVANCED_FACE('',(#12611),#12617,.T.);
#12611 = FACE_BOUND('',#12612,.T.);
#12612 = EDGE_LOOP('',(#12613,#12614,#12615,#12616));
#12613 = ORIENTED_EDGE('',*,*,#12225,.T.);
#12614 = ORIENTED_EDGE('',*,*,#12532,.F.);
#12615 = ORIENTED_EDGE('',*,*,#12381,.T.);
#12616 = ORIENTED_EDGE('',*,*,#12598,.F.);
#12617 = PLANE('',#12618);
#12618 = AXIS2_PLACEMENT_3D('',#12619,#12620,#12621);
#12619 = CARTESIAN_POINT('',(-2.5,2.755,0.195));
#12620 = DIRECTION('',(-6.982966722219E-15,3.599903578358E-15,-1.));
#12621 = DIRECTION('',(-1.,0.,6.982966722219E-15));
#12622 = ADVANCED_FACE('',(#12623),#12666,.F.);
#12623 = FACE_BOUND('',#12624,.T.);
#12624 = EDGE_LOOP('',(#12625,#12635,#12641,#12642,#12643,#12644,#12652,
    #12660));
#12625 = ORIENTED_EDGE('',*,*,#12626,.F.);
#12626 = EDGE_CURVE('',#12627,#12629,#12631,.T.);
#12627 = VERTEX_POINT('',#12628);
#12628 = CARTESIAN_POINT('',(-2.2,1.755,3.695));
#12629 = VERTEX_POINT('',#12630);
#12630 = CARTESIAN_POINT('',(-2.2,1.755,1.495));
#12631 = LINE('',#12632,#12633);
#12632 = CARTESIAN_POINT('',(-2.2,1.755,0.895));
#12633 = VECTOR('',#12634,1.);
#12634 = DIRECTION('',(-7.085009279629E-15,-0.,-1.));
#12635 = ORIENTED_EDGE('',*,*,#12636,.T.);
#12636 = EDGE_CURVE('',#12627,#11566,#12637,.T.);
#12637 = LINE('',#12638,#12639);
#12638 = CARTESIAN_POINT('',(-2.2,2.855,3.695));
#12639 = VECTOR('',#12640,1.);
#12640 = DIRECTION('',(-2.438091212181E-29,-1.,-3.491483361109E-15));
#12641 = ORIENTED_EDGE('',*,*,#11582,.T.);
#12642 = ORIENTED_EDGE('',*,*,#11415,.F.);
#12643 = ORIENTED_EDGE('',*,*,#11613,.T.);
#12644 = ORIENTED_EDGE('',*,*,#12645,.T.);
#12645 = EDGE_CURVE('',#11606,#12646,#12648,.T.);
#12646 = VERTEX_POINT('',#12647);
#12647 = CARTESIAN_POINT('',(-2.2,2.355,3.695));
#12648 = LINE('',#12649,#12650);
#12649 = CARTESIAN_POINT('',(-2.2,2.855,3.695));
#12650 = VECTOR('',#12651,1.);
#12651 = DIRECTION('',(-2.438091212181E-29,-1.,-3.491483361109E-15));
#12652 = ORIENTED_EDGE('',*,*,#12653,.F.);
#12653 = EDGE_CURVE('',#12654,#12646,#12656,.T.);
#12654 = VERTEX_POINT('',#12655);
#12655 = CARTESIAN_POINT('',(-2.2,2.355,1.495));
#12656 = LINE('',#12657,#12658);
#12657 = CARTESIAN_POINT('',(-2.2,2.355,0.895));
#12658 = VECTOR('',#12659,1.);
#12659 = DIRECTION('',(7.085009279629E-15,0.,1.));
#12660 = ORIENTED_EDGE('',*,*,#12661,.F.);
#12661 = EDGE_CURVE('',#12629,#12654,#12662,.T.);
#12662 = LINE('',#12663,#12664);
#12663 = CARTESIAN_POINT('',(-2.2,2.855,1.495));
#12664 = VECTOR('',#12665,1.);
#12665 = DIRECTION('',(-3.562798913235E-31,1.,2.524246336172E-45));
#12666 = PLANE('',#12667);
#12667 = AXIS2_PLACEMENT_3D('',#12668,#12669,#12670);
#12668 = CARTESIAN_POINT('',(-2.2,2.855,0.895));
#12669 = DIRECTION('',(-1.,-3.562798913235E-31,7.085009279629E-15));
#12670 = DIRECTION('',(7.085009279629E-15,0.,1.));
#12671 = ADVANCED_FACE('',(#12672),#12696,.F.);
#12672 = FACE_BOUND('',#12673,.T.);
#12673 = EDGE_LOOP('',(#12674,#12675,#12681,#12682,#12690));
#12674 = ORIENTED_EDGE('',*,*,#12653,.T.);
#12675 = ORIENTED_EDGE('',*,*,#12676,.T.);
#12676 = EDGE_CURVE('',#12646,#11337,#12677,.T.);
#12677 = LINE('',#12678,#12679);
#12678 = CARTESIAN_POINT('',(-2.340041507642,2.355,3.895));
#12679 = VECTOR('',#12680,1.);
#12680 = DIRECTION('',(-0.573576436351,-2.860055732854E-15,
    0.819152044289));
#12681 = ORIENTED_EDGE('',*,*,#11336,.F.);
#12682 = ORIENTED_EDGE('',*,*,#12683,.F.);
#12683 = EDGE_CURVE('',#12684,#11329,#12686,.T.);
#12684 = VERTEX_POINT('',#12685);
#12685 = CARTESIAN_POINT('',(-2.55,2.355,1.495));
#12686 = LINE('',#12687,#12688);
#12687 = CARTESIAN_POINT('',(-2.55,2.355,1.495));
#12688 = VECTOR('',#12689,1.);
#12689 = DIRECTION('',(0.,-3.491483361109E-15,1.));
#12690 = ORIENTED_EDGE('',*,*,#12691,.F.);
#12691 = EDGE_CURVE('',#12654,#12684,#12692,.T.);
#12692 = LINE('',#12693,#12694);
#12693 = CARTESIAN_POINT('',(-2.2,2.355,1.495));
#12694 = VECTOR('',#12695,1.);
#12695 = DIRECTION('',(-1.,2.438091212181E-29,8.512554900196E-44));
#12696 = PLANE('',#12697);
#12697 = AXIS2_PLACEMENT_3D('',#12698,#12699,#12700);
#12698 = CARTESIAN_POINT('',(-2.2,2.355,1.495));
#12699 = DIRECTION('',(2.438091212181E-29,1.,3.491483361109E-15));
#12700 = DIRECTION('',(0.,-3.491483361109E-15,1.));
#12701 = ADVANCED_FACE('',(#12702),#12720,.T.);
#12702 = FACE_BOUND('',#12703,.T.);
#12703 = EDGE_LOOP('',(#12704,#12712,#12713,#12714));
#12704 = ORIENTED_EDGE('',*,*,#12705,.T.);
#12705 = EDGE_CURVE('',#12706,#12629,#12708,.T.);
#12706 = VERTEX_POINT('',#12707);
#12707 = CARTESIAN_POINT('',(-2.55,1.755,1.495));
#12708 = LINE('',#12709,#12710);
#12709 = CARTESIAN_POINT('',(-2.55,1.755,1.495));
#12710 = VECTOR('',#12711,1.);
#12711 = DIRECTION('',(1.,0.,-6.982966722219E-15));
#12712 = ORIENTED_EDGE('',*,*,#12661,.T.);
#12713 = ORIENTED_EDGE('',*,*,#12691,.T.);
#12714 = ORIENTED_EDGE('',*,*,#12715,.T.);
#12715 = EDGE_CURVE('',#12684,#12706,#12716,.T.);
#12716 = LINE('',#12717,#12718);
#12717 = CARTESIAN_POINT('',(-2.55,2.355,1.495));
#12718 = VECTOR('',#12719,1.);
#12719 = DIRECTION('',(-2.438091212181E-29,-1.,-3.491483361109E-15));
#12720 = PLANE('',#12721);
#12721 = AXIS2_PLACEMENT_3D('',#12722,#12723,#12724);
#12722 = CARTESIAN_POINT('',(-2.55,2.355,1.495));
#12723 = DIRECTION('',(6.982966722219E-15,-3.491483361109E-15,1.));
#12724 = DIRECTION('',(1.,0.,-6.982966722219E-15));
#12725 = ADVANCED_FACE('',(#12726),#12743,.F.);
#12726 = FACE_BOUND('',#12727,.T.);
#12727 = EDGE_LOOP('',(#12728,#12729,#12735,#12736,#12737));
#12728 = ORIENTED_EDGE('',*,*,#11320,.F.);
#12729 = ORIENTED_EDGE('',*,*,#12730,.T.);
#12730 = EDGE_CURVE('',#11313,#12627,#12731,.T.);
#12731 = LINE('',#12732,#12733);
#12732 = CARTESIAN_POINT('',(-2.340041507642,1.755,3.895));
#12733 = VECTOR('',#12734,1.);
#12734 = DIRECTION('',(0.573576436351,2.860055732854E-15,-0.819152044289
    ));
#12735 = ORIENTED_EDGE('',*,*,#12626,.T.);
#12736 = ORIENTED_EDGE('',*,*,#12705,.F.);
#12737 = ORIENTED_EDGE('',*,*,#12738,.F.);
#12738 = EDGE_CURVE('',#11321,#12706,#12739,.T.);
#12739 = LINE('',#12740,#12741);
#12740 = CARTESIAN_POINT('',(-2.55,1.755,1.495));
#12741 = VECTOR('',#12742,1.);
#12742 = DIRECTION('',(0.,3.491483361109E-15,-1.));
#12743 = PLANE('',#12744);
#12744 = AXIS2_PLACEMENT_3D('',#12745,#12746,#12747);
#12745 = CARTESIAN_POINT('',(-2.2,1.755,1.495));
#12746 = DIRECTION('',(-2.438091212181E-29,-1.,-3.491483361109E-15));
#12747 = DIRECTION('',(0.,3.491483361109E-15,-1.));
#12748 = ADVANCED_FACE('',(#12749),#12755,.F.);
#12749 = FACE_BOUND('',#12750,.T.);
#12750 = EDGE_LOOP('',(#12751,#12752,#12753,#12754));
#12751 = ORIENTED_EDGE('',*,*,#12738,.T.);
#12752 = ORIENTED_EDGE('',*,*,#12715,.F.);
#12753 = ORIENTED_EDGE('',*,*,#12683,.T.);
#12754 = ORIENTED_EDGE('',*,*,#11328,.F.);
#12755 = PLANE('',#12756);
#12756 = AXIS2_PLACEMENT_3D('',#12757,#12758,#12759);
#12757 = CARTESIAN_POINT('',(-2.55,2.355,1.495));
#12758 = DIRECTION('',(-1.,-1.445602896647E-15,7.085009279629E-15));
#12759 = DIRECTION('',(7.085009279629E-15,0.,1.));
#12760 = ADVANCED_FACE('',(#12761),#12767,.T.);
#12761 = FACE_BOUND('',#12762,.T.);
#12762 = EDGE_LOOP('',(#12763,#12764,#12765,#12766));
#12763 = ORIENTED_EDGE('',*,*,#11967,.F.);
#12764 = ORIENTED_EDGE('',*,*,#11375,.T.);
#12765 = ORIENTED_EDGE('',*,*,#11174,.F.);
#12766 = ORIENTED_EDGE('',*,*,#11826,.F.);
#12767 = PLANE('',#12768);
#12768 = AXIS2_PLACEMENT_3D('',#12769,#12770,#12771);
#12769 = CARTESIAN_POINT('',(-2.2,0.355,-1.055));
#12770 = DIRECTION('',(-1.,0.,-0.));
#12771 = DIRECTION('',(0.,0.,1.));
#12772 = ADVANCED_FACE('',(#12773),#12784,.T.);
#12773 = FACE_BOUND('',#12774,.T.);
#12774 = EDGE_LOOP('',(#12775,#12776,#12777,#12778));
#12775 = ORIENTED_EDGE('',*,*,#11150,.F.);
#12776 = ORIENTED_EDGE('',*,*,#12273,.F.);
#12777 = ORIENTED_EDGE('',*,*,#12335,.T.);
#12778 = ORIENTED_EDGE('',*,*,#12779,.T.);
#12779 = EDGE_CURVE('',#12328,#11151,#12780,.T.);
#12780 = LINE('',#12781,#12782);
#12781 = CARTESIAN_POINT('',(-2.393546465094,0.585,2.395));
#12782 = VECTOR('',#12783,1.);
#12783 = DIRECTION('',(-0.,-0.,1.));
#12784 = PLANE('',#12785);
#12785 = AXIS2_PLACEMENT_3D('',#12786,#12787,#12788);
#12786 = CARTESIAN_POINT('',(-2.393546465094,0.585,2.395));
#12787 = DIRECTION('',(-1.018474561174E-15,-1.,0.));
#12788 = DIRECTION('',(1.,-1.018474561174E-15,0.));
#12789 = ADVANCED_FACE('',(#12790),#12796,.T.);
#12790 = FACE_BOUND('',#12791,.T.);
#12791 = EDGE_LOOP('',(#12792,#12793,#12794,#12795));
#12792 = ORIENTED_EDGE('',*,*,#11158,.F.);
#12793 = ORIENTED_EDGE('',*,*,#12779,.F.);
#12794 = ORIENTED_EDGE('',*,*,#12327,.T.);
#12795 = ORIENTED_EDGE('',*,*,#11833,.T.);
#12796 = PLANE('',#12797);
#12797 = AXIS2_PLACEMENT_3D('',#12798,#12799,#12800);
#12798 = CARTESIAN_POINT('',(-2.29,0.47,2.395));
#12799 = DIRECTION('',(-0.743144825477,-0.669130606359,0.));
#12800 = DIRECTION('',(0.669130606359,-0.743144825477,0.));
#12801 = ADVANCED_FACE('',(#12802),#12808,.T.);
#12802 = FACE_BOUND('',#12803,.T.);
#12803 = EDGE_LOOP('',(#12804,#12805,#12806,#12807));
#12804 = ORIENTED_EDGE('',*,*,#12280,.F.);
#12805 = ORIENTED_EDGE('',*,*,#11134,.F.);
#12806 = ORIENTED_EDGE('',*,*,#12429,.F.);
#12807 = ORIENTED_EDGE('',*,*,#12547,.F.);
#12808 = PLANE('',#12809);
#12809 = AXIS2_PLACEMENT_3D('',#12810,#12811,#12812);
#12810 = CARTESIAN_POINT('',(-2.5,1.555,3.795));
#12811 = DIRECTION('',(5.025319888749E-15,-0.707106781187,0.707106781187
    ));
#12812 = DIRECTION('',(1.,0.,-7.106875541931E-15));
#12813 = ADVANCED_FACE('',(#12814),#12833,.F.);
#12814 = FACE_BOUND('',#12815,.T.);
#12815 = EDGE_LOOP('',(#12816,#12824,#12830,#12831,#12832));
#12816 = ORIENTED_EDGE('',*,*,#12817,.F.);
#12817 = EDGE_CURVE('',#12818,#11063,#12820,.T.);
#12818 = VERTEX_POINT('',#12819);
#12819 = CARTESIAN_POINT('',(-1.6,2.755,-0.155));
#12820 = LINE('',#12821,#12822);
#12821 = CARTESIAN_POINT('',(-1.6,2.755,0.195));
#12822 = VECTOR('',#12823,1.);
#12823 = DIRECTION('',(7.096596038087E-15,-0.,1.));
#12824 = ORIENTED_EDGE('',*,*,#12825,.T.);
#12825 = EDGE_CURVE('',#12818,#12444,#12826,.T.);
#12826 = LINE('',#12827,#12828);
#12827 = CARTESIAN_POINT('',(-1.6,2.755,-0.155));
#12828 = VECTOR('',#12829,1.);
#12829 = DIRECTION('',(-0.707106781187,-3.963470586362E-45,
    -0.707106781187));
#12830 = ORIENTED_EDGE('',*,*,#12443,.F.);
#12831 = ORIENTED_EDGE('',*,*,#12233,.F.);
#12832 = ORIENTED_EDGE('',*,*,#11070,.T.);
#12833 = PLANE('',#12834);
#12834 = AXIS2_PLACEMENT_3D('',#12835,#12836,#12837);
#12835 = CARTESIAN_POINT('',(-3.,2.755,-0.355));
#12836 = DIRECTION('',(5.605193857299E-45,-1.,-3.977779652042E-59));
#12837 = DIRECTION('',(1.,5.605193857299E-45,0.));
#12838 = ADVANCED_FACE('',(#12839),#12850,.F.);
#12839 = FACE_BOUND('',#12840,.T.);
#12840 = EDGE_LOOP('',(#12841,#12842,#12848,#12849));
#12841 = ORIENTED_EDGE('',*,*,#12474,.T.);
#12842 = ORIENTED_EDGE('',*,*,#12843,.T.);
#12843 = EDGE_CURVE('',#12475,#11111,#12844,.T.);
#12844 = LINE('',#12845,#12846);
#12845 = CARTESIAN_POINT('',(-2.76,3.105,-1.055));
#12846 = VECTOR('',#12847,1.);
#12847 = DIRECTION('',(-0.,-0.,1.));
#12848 = ORIENTED_EDGE('',*,*,#11110,.T.);
#12849 = ORIENTED_EDGE('',*,*,#11667,.T.);
#12850 = PLANE('',#12851);
#12851 = AXIS2_PLACEMENT_3D('',#12852,#12853,#12854);
#12852 = CARTESIAN_POINT('',(-2.76,3.255,-1.055));
#12853 = DIRECTION('',(1.,0.,0.));
#12854 = DIRECTION('',(0.,0.,-1.));
#12855 = ADVANCED_FACE('',(#12856),#12862,.F.);
#12856 = FACE_BOUND('',#12857,.T.);
#12857 = EDGE_LOOP('',(#12858,#12859,#12860,#12861));
#12858 = ORIENTED_EDGE('',*,*,#12498,.T.);
#12859 = ORIENTED_EDGE('',*,*,#12357,.T.);
#12860 = ORIENTED_EDGE('',*,*,#11118,.T.);
#12861 = ORIENTED_EDGE('',*,*,#12843,.F.);
#12862 = PLANE('',#12863);
#12863 = AXIS2_PLACEMENT_3D('',#12864,#12865,#12866);
#12864 = CARTESIAN_POINT('',(-3.,3.105,-1.055));
#12865 = DIRECTION('',(0.,-1.,0.));
#12866 = DIRECTION('',(0.,-0.,-1.));
#12867 = ADVANCED_FACE('',(#12868),#12874,.F.);
#12868 = FACE_BOUND('',#12869,.T.);
#12869 = EDGE_LOOP('',(#12870,#12871,#12872,#12873));
#12870 = ORIENTED_EDGE('',*,*,#11989,.T.);
#12871 = ORIENTED_EDGE('',*,*,#12636,.F.);
#12872 = ORIENTED_EDGE('',*,*,#12730,.F.);
#12873 = ORIENTED_EDGE('',*,*,#11312,.F.);
#12874 = PLANE('',#12875);
#12875 = AXIS2_PLACEMENT_3D('',#12876,#12877,#12878);
#12876 = CARTESIAN_POINT('',(-2.340041507642,3.255,3.895));
#12877 = DIRECTION('',(-0.819152044289,2.002632583844E-15,
    -0.573576436351));
#12878 = DIRECTION('',(2.406025760924E-29,1.,3.491483361109E-15));
#12879 = ADVANCED_FACE('',(#12880),#12886,.F.);
#12880 = FACE_BOUND('',#12881,.T.);
#12881 = EDGE_LOOP('',(#12882,#12883,#12884,#12885));
#12882 = ORIENTED_EDGE('',*,*,#12676,.F.);
#12883 = ORIENTED_EDGE('',*,*,#12645,.F.);
#12884 = ORIENTED_EDGE('',*,*,#12011,.T.);
#12885 = ORIENTED_EDGE('',*,*,#11344,.F.);
#12886 = PLANE('',#12887);
#12887 = AXIS2_PLACEMENT_3D('',#12888,#12889,#12890);
#12888 = CARTESIAN_POINT('',(-2.340041507642,3.255,3.895));
#12889 = DIRECTION('',(-0.819152044289,2.002632583844E-15,
    -0.573576436351));
#12890 = DIRECTION('',(2.386304238294E-29,1.,3.491483361109E-15));
#12891 = ADVANCED_FACE('',(#12892),#12917,.F.);
#12892 = FACE_BOUND('',#12893,.T.);
#12893 = EDGE_LOOP('',(#12894,#12895,#12901,#12902,#12903,#12909,#12910,
    #12916));
#12894 = ORIENTED_EDGE('',*,*,#11873,.T.);
#12895 = ORIENTED_EDGE('',*,*,#12896,.T.);
#12896 = EDGE_CURVE('',#11866,#12818,#12897,.T.);
#12897 = LINE('',#12898,#12899);
#12898 = CARTESIAN_POINT('',(-1.6,5.41179920972E-16,-0.155));
#12899 = VECTOR('',#12900,1.);
#12900 = DIRECTION('',(2.486182800327E-29,1.,3.491483361109E-15));
#12901 = ORIENTED_EDGE('',*,*,#12817,.T.);
#12902 = ORIENTED_EDGE('',*,*,#11062,.T.);
#12903 = ORIENTED_EDGE('',*,*,#12904,.T.);
#12904 = EDGE_CURVE('',#11055,#11476,#12905,.T.);
#12905 = LINE('',#12906,#12907);
#12906 = CARTESIAN_POINT('',(-1.6,2.435,0.895));
#12907 = VECTOR('',#12908,1.);
#12908 = DIRECTION('',(7.186711543332E-15,-2.973811673103E-15,1.));
#12909 = ORIENTED_EDGE('',*,*,#11475,.T.);
#12910 = ORIENTED_EDGE('',*,*,#12911,.T.);
#12911 = EDGE_CURVE('',#11468,#12057,#12912,.T.);
#12912 = LINE('',#12913,#12914);
#12913 = CARTESIAN_POINT('',(-1.6,1.955,0.195));
#12914 = VECTOR('',#12915,1.);
#12915 = DIRECTION('',(-6.814985084195E-15,-0.,-1.));
#12916 = ORIENTED_EDGE('',*,*,#12056,.T.);
#12917 = PLANE('',#12918);
#12918 = AXIS2_PLACEMENT_3D('',#12919,#12920,#12921);
#12919 = CARTESIAN_POINT('',(-1.6,-1.68362031548E-31,-1.349489540395E-14
    ));
#12920 = DIRECTION('',(-1.,8.418101577402E-32,7.096596038087E-15));
#12921 = DIRECTION('',(7.096596038087E-15,0.,1.));
#12922 = ADVANCED_FACE('',(#12923),#12948,.T.);
#12923 = FACE_BOUND('',#12924,.T.);
#12924 = EDGE_LOOP('',(#12925,#12926,#12932,#12933,#12934,#12940,#12941,
    #12947));
#12925 = ORIENTED_EDGE('',*,*,#12196,.F.);
#12926 = ORIENTED_EDGE('',*,*,#12927,.T.);
#12927 = EDGE_CURVE('',#12189,#11890,#12928,.T.);
#12928 = LINE('',#12929,#12930);
#12929 = CARTESIAN_POINT('',(-1.4,0.47,-0.155));
#12930 = VECTOR('',#12931,1.);
#12931 = DIRECTION('',(-2.486182800327E-29,-1.,-3.491483361109E-15));
#12932 = ORIENTED_EDGE('',*,*,#11889,.F.);
#12933 = ORIENTED_EDGE('',*,*,#12072,.F.);
#12934 = ORIENTED_EDGE('',*,*,#12935,.F.);
#12935 = EDGE_CURVE('',#11460,#12065,#12936,.T.);
#12936 = LINE('',#12937,#12938);
#12937 = CARTESIAN_POINT('',(-1.4,1.955,0.195));
#12938 = VECTOR('',#12939,1.);
#12939 = DIRECTION('',(-6.814985084195E-15,-0.,-1.));
#12940 = ORIENTED_EDGE('',*,*,#11457,.F.);
#12941 = ORIENTED_EDGE('',*,*,#12942,.F.);
#12942 = EDGE_CURVE('',#11047,#11458,#12943,.T.);
#12943 = LINE('',#12944,#12945);
#12944 = CARTESIAN_POINT('',(-1.4,2.435,0.895));
#12945 = VECTOR('',#12946,1.);
#12946 = DIRECTION('',(6.814985084195E-15,-0.,1.));
#12947 = ORIENTED_EDGE('',*,*,#11046,.F.);
#12948 = PLANE('',#12949);
#12949 = AXIS2_PLACEMENT_3D('',#12950,#12951,#12952);
#12950 = CARTESIAN_POINT('',(-1.4,-1.68362031548E-31,-1.48914887484E-14)
  );
#12951 = DIRECTION('',(-1.,8.418101577402E-32,7.096596038087E-15));
#12952 = DIRECTION('',(7.096596038087E-15,0.,1.));
#12953 = ADVANCED_FACE('',(#12954),#12979,.F.);
#12954 = FACE_BOUND('',#12955,.T.);
#12955 = EDGE_LOOP('',(#12956,#12957,#12963,#12964,#12965,#12971,#12972,
    #12978));
#12956 = ORIENTED_EDGE('',*,*,#11921,.T.);
#12957 = ORIENTED_EDGE('',*,*,#12958,.T.);
#12958 = EDGE_CURVE('',#11914,#12204,#12959,.T.);
#12959 = LINE('',#12960,#12961);
#12960 = CARTESIAN_POINT('',(-0.6,5.41179920972E-16,-0.155));
#12961 = VECTOR('',#12962,1.);
#12962 = DIRECTION('',(2.486182800327E-29,1.,3.491483361109E-15));
#12963 = ORIENTED_EDGE('',*,*,#12203,.T.);
#12964 = ORIENTED_EDGE('',*,*,#11030,.T.);
#12965 = ORIENTED_EDGE('',*,*,#12966,.T.);
#12966 = EDGE_CURVE('',#11023,#11442,#12967,.T.);
#12967 = LINE('',#12968,#12969);
#12968 = CARTESIAN_POINT('',(-0.6,2.435,0.895));
#12969 = VECTOR('',#12970,1.);
#12970 = DIRECTION('',(7.186711543332E-15,-2.973811673103E-15,1.));
#12971 = ORIENTED_EDGE('',*,*,#11441,.T.);
#12972 = ORIENTED_EDGE('',*,*,#12973,.T.);
#12973 = EDGE_CURVE('',#11434,#12026,#12974,.T.);
#12974 = LINE('',#12975,#12976);
#12975 = CARTESIAN_POINT('',(-0.6,1.955,0.195));
#12976 = VECTOR('',#12977,1.);
#12977 = DIRECTION('',(-6.814985084195E-15,-0.,-1.));
#12978 = ORIENTED_EDGE('',*,*,#12025,.T.);
#12979 = PLANE('',#12980);
#12980 = AXIS2_PLACEMENT_3D('',#12981,#12982,#12983);
#12981 = CARTESIAN_POINT('',(-0.6,-1.68362031548E-31,-1.349489540395E-14
    ));
#12982 = DIRECTION('',(-1.,8.418101577402E-32,7.096596038087E-15));
#12983 = DIRECTION('',(7.096596038087E-15,0.,1.));
#12984 = ADVANCED_FACE('',(#12985),#13010,.T.);
#12985 = FACE_BOUND('',#12986,.T.);
#12986 = EDGE_LOOP('',(#12987,#12988,#12994,#12995,#12996,#13002,#13003,
    #13009));
#12987 = ORIENTED_EDGE('',*,*,#12173,.F.);
#12988 = ORIENTED_EDGE('',*,*,#12989,.T.);
#12989 = EDGE_CURVE('',#12166,#11938,#12990,.T.);
#12990 = LINE('',#12991,#12992);
#12991 = CARTESIAN_POINT('',(-0.4,0.47,-0.155));
#12992 = VECTOR('',#12993,1.);
#12993 = DIRECTION('',(-2.486182800327E-29,-1.,-3.491483361109E-15));
#12994 = ORIENTED_EDGE('',*,*,#11937,.F.);
#12995 = ORIENTED_EDGE('',*,*,#12041,.F.);
#12996 = ORIENTED_EDGE('',*,*,#12997,.F.);
#12997 = EDGE_CURVE('',#11426,#12034,#12998,.T.);
#12998 = LINE('',#12999,#13000);
#12999 = CARTESIAN_POINT('',(-0.4,1.955,0.195));
#13000 = VECTOR('',#13001,1.);
#13001 = DIRECTION('',(-6.814985084195E-15,-0.,-1.));
#13002 = ORIENTED_EDGE('',*,*,#11423,.F.);
#13003 = ORIENTED_EDGE('',*,*,#13004,.F.);
#13004 = EDGE_CURVE('',#11015,#11424,#13005,.T.);
#13005 = LINE('',#13006,#13007);
#13006 = CARTESIAN_POINT('',(-0.4,2.435,0.895));
#13007 = VECTOR('',#13008,1.);
#13008 = DIRECTION('',(6.814985084195E-15,-0.,1.));
#13009 = ORIENTED_EDGE('',*,*,#11014,.F.);
#13010 = PLANE('',#13011);
#13011 = AXIS2_PLACEMENT_3D('',#13012,#13013,#13014);
#13012 = CARTESIAN_POINT('',(-0.4,-1.68362031548E-31,-1.48914887484E-14)
  );
#13013 = DIRECTION('',(-1.,8.418101577402E-32,7.096596038087E-15));
#13014 = DIRECTION('',(7.096596038087E-15,0.,1.));
#13015 = ADVANCED_FACE('',(#13016),#13022,.F.);
#13016 = FACE_BOUND('',#13017,.T.);
#13017 = EDGE_LOOP('',(#13018,#13019,#13020,#13021));
#13018 = ORIENTED_EDGE('',*,*,#11865,.F.);
#13019 = ORIENTED_EDGE('',*,*,#12451,.F.);
#13020 = ORIENTED_EDGE('',*,*,#12825,.F.);
#13021 = ORIENTED_EDGE('',*,*,#12896,.F.);
#13022 = PLANE('',#13023);
#13023 = AXIS2_PLACEMENT_3D('',#13024,#13025,#13026);
#13024 = CARTESIAN_POINT('',(-1.6,5.41179920972E-16,-0.155));
#13025 = DIRECTION('',(-0.707106781187,-2.46885156104E-15,0.707106781187
    ));
#13026 = DIRECTION('',(2.504633374077E-29,1.,3.491483361109E-15));
#13027 = ADVANCED_FACE('',(#13028),#13034,.T.);
#13028 = FACE_BOUND('',#13029,.T.);
#13029 = EDGE_LOOP('',(#13030,#13031,#13032,#13033));
#13030 = ORIENTED_EDGE('',*,*,#11897,.F.);
#13031 = ORIENTED_EDGE('',*,*,#12927,.F.);
#13032 = ORIENTED_EDGE('',*,*,#12188,.F.);
#13033 = ORIENTED_EDGE('',*,*,#12119,.F.);
#13034 = PLANE('',#13035);
#13035 = AXIS2_PLACEMENT_3D('',#13036,#13037,#13038);
#13036 = CARTESIAN_POINT('',(-1.2,3.255,-0.355));
#13037 = DIRECTION('',(-0.707106781187,2.46885156104E-15,-0.707106781187
    ));
#13038 = DIRECTION('',(-2.484911851446E-29,-1.,-3.491483361109E-15));
#13039 = ADVANCED_FACE('',(#13040),#13046,.F.);
#13040 = FACE_BOUND('',#13041,.T.);
#13041 = EDGE_LOOP('',(#13042,#13043,#13044,#13045));
#13042 = ORIENTED_EDGE('',*,*,#11913,.F.);
#13043 = ORIENTED_EDGE('',*,*,#12135,.F.);
#13044 = ORIENTED_EDGE('',*,*,#12211,.F.);
#13045 = ORIENTED_EDGE('',*,*,#12958,.F.);
#13046 = PLANE('',#13047);
#13047 = AXIS2_PLACEMENT_3D('',#13048,#13049,#13050);
#13048 = CARTESIAN_POINT('',(-0.6,5.41179920972E-16,-0.155));
#13049 = DIRECTION('',(-0.707106781187,-2.46885156104E-15,0.707106781187
    ));
#13050 = DIRECTION('',(2.524354896707E-29,1.,3.491483361109E-15));
#13051 = ADVANCED_FACE('',(#13052),#13058,.T.);
#13052 = FACE_BOUND('',#13053,.T.);
#13053 = EDGE_LOOP('',(#13054,#13055,#13056,#13057));
#13054 = ORIENTED_EDGE('',*,*,#11945,.F.);
#13055 = ORIENTED_EDGE('',*,*,#12989,.F.);
#13056 = ORIENTED_EDGE('',*,*,#12165,.F.);
#13057 = ORIENTED_EDGE('',*,*,#12104,.F.);
#13058 = PLANE('',#13059);
#13059 = AXIS2_PLACEMENT_3D('',#13060,#13061,#13062);
#13060 = CARTESIAN_POINT('',(-0.2,3.255,-0.355));
#13061 = DIRECTION('',(-0.707106781187,2.46885156104E-15,-0.707106781187
    ));
#13062 = DIRECTION('',(-2.484911851446E-29,-1.,-3.491483361109E-15));
#13063 = ADVANCED_FACE('',(#13064),#13070,.F.);
#13064 = FACE_BOUND('',#13065,.T.);
#13065 = EDGE_LOOP('',(#13066,#13067,#13068,#13069));
#13066 = ORIENTED_EDGE('',*,*,#11449,.F.);
#13067 = ORIENTED_EDGE('',*,*,#12966,.F.);
#13068 = ORIENTED_EDGE('',*,*,#11022,.T.);
#13069 = ORIENTED_EDGE('',*,*,#13004,.T.);
#13070 = PLANE('',#13071);
#13071 = AXIS2_PLACEMENT_3D('',#13072,#13073,#13074);
#13072 = CARTESIAN_POINT('',(-0.6,2.435,0.895));
#13073 = DIRECTION('',(-5.605193857299E-45,1.,3.819931253151E-59));
#13074 = DIRECTION('',(-1.,-5.605193857299E-45,0.));
#13075 = ADVANCED_FACE('',(#13076),#13082,.F.);
#13076 = FACE_BOUND('',#13077,.T.);
#13077 = EDGE_LOOP('',(#13078,#13079,#13080,#13081));
#13078 = ORIENTED_EDGE('',*,*,#12997,.T.);
#13079 = ORIENTED_EDGE('',*,*,#12033,.F.);
#13080 = ORIENTED_EDGE('',*,*,#12973,.F.);
#13081 = ORIENTED_EDGE('',*,*,#11433,.F.);
#13082 = PLANE('',#13083);
#13083 = AXIS2_PLACEMENT_3D('',#13084,#13085,#13086);
#13084 = CARTESIAN_POINT('',(-0.6,1.955,0.195));
#13085 = DIRECTION('',(5.605193857299E-45,-1.,-3.819931253151E-59));
#13086 = DIRECTION('',(1.,5.605193857299E-45,0.));
#13087 = ADVANCED_FACE('',(#13088),#13094,.F.);
#13088 = FACE_BOUND('',#13089,.T.);
#13089 = EDGE_LOOP('',(#13090,#13091,#13092,#13093));
#13090 = ORIENTED_EDGE('',*,*,#11483,.F.);
#13091 = ORIENTED_EDGE('',*,*,#12904,.F.);
#13092 = ORIENTED_EDGE('',*,*,#11054,.T.);
#13093 = ORIENTED_EDGE('',*,*,#12942,.T.);
#13094 = PLANE('',#13095);
#13095 = AXIS2_PLACEMENT_3D('',#13096,#13097,#13098);
#13096 = CARTESIAN_POINT('',(-1.6,2.435,0.895));
#13097 = DIRECTION('',(-5.605193857299E-45,1.,3.819931253151E-59));
#13098 = DIRECTION('',(-1.,-5.605193857299E-45,0.));
#13099 = ADVANCED_FACE('',(#13100),#13106,.F.);
#13100 = FACE_BOUND('',#13101,.T.);
#13101 = EDGE_LOOP('',(#13102,#13103,#13104,#13105));
#13102 = ORIENTED_EDGE('',*,*,#12935,.T.);
#13103 = ORIENTED_EDGE('',*,*,#12064,.F.);
#13104 = ORIENTED_EDGE('',*,*,#12911,.F.);
#13105 = ORIENTED_EDGE('',*,*,#11467,.F.);
#13106 = PLANE('',#13107);
#13107 = AXIS2_PLACEMENT_3D('',#13108,#13109,#13110);
#13108 = CARTESIAN_POINT('',(-1.6,1.955,0.195));
#13109 = DIRECTION('',(5.605193857299E-45,-1.,-3.819931253151E-59));
#13110 = DIRECTION('',(1.,5.605193857299E-45,0.));
#13111 = ADVANCED_FACE('',(#13112),#13146,.T.);
#13112 = FACE_BOUND('',#13113,.T.);
#13113 = EDGE_LOOP('',(#13114,#13124,#13132,#13140));
#13114 = ORIENTED_EDGE('',*,*,#13115,.T.);
#13115 = EDGE_CURVE('',#13116,#13118,#13120,.T.);
#13116 = VERTEX_POINT('',#13117);
#13117 = CARTESIAN_POINT('',(2.55,1.755,1.495));
#13118 = VERTEX_POINT('',#13119);
#13119 = CARTESIAN_POINT('',(2.55,2.355,1.495));
#13120 = LINE('',#13121,#13122);
#13121 = CARTESIAN_POINT('',(2.55,2.355,1.495));
#13122 = VECTOR('',#13123,1.);
#13123 = DIRECTION('',(-3.562798913235E-31,1.,2.524246336172E-45));
#13124 = ORIENTED_EDGE('',*,*,#13125,.T.);
#13125 = EDGE_CURVE('',#13118,#13126,#13128,.T.);
#13126 = VERTEX_POINT('',#13127);
#13127 = CARTESIAN_POINT('',(2.2,2.355,1.495));
#13128 = LINE('',#13129,#13130);
#13129 = CARTESIAN_POINT('',(2.2,2.355,1.495));
#13130 = VECTOR('',#13131,1.);
#13131 = DIRECTION('',(-1.,-0.,6.982966722219E-15));
#13132 = ORIENTED_EDGE('',*,*,#13133,.T.);
#13133 = EDGE_CURVE('',#13126,#13134,#13136,.T.);
#13134 = VERTEX_POINT('',#13135);
#13135 = CARTESIAN_POINT('',(2.2,1.755,1.495));
#13136 = LINE('',#13137,#13138);
#13137 = CARTESIAN_POINT('',(2.2,2.855,1.495));
#13138 = VECTOR('',#13139,1.);
#13139 = DIRECTION('',(4.130293990421E-16,-1.,-2.926317124973E-30));
#13140 = ORIENTED_EDGE('',*,*,#13141,.T.);
#13141 = EDGE_CURVE('',#13134,#13116,#13142,.T.);
#13142 = LINE('',#13143,#13144);
#13143 = CARTESIAN_POINT('',(2.2,1.755,1.495));
#13144 = VECTOR('',#13145,1.);
#13145 = DIRECTION('',(1.,0.,-6.982966722219E-15));
#13146 = PLANE('',#13147);
#13147 = AXIS2_PLACEMENT_3D('',#13148,#13149,#13150);
#13148 = CARTESIAN_POINT('',(2.2,1.755,1.495));
#13149 = DIRECTION('',(6.982966722219E-15,-3.491483361109E-15,1.));
#13150 = DIRECTION('',(1.,0.,-6.982966722219E-15));
#13151 = ADVANCED_FACE('',(#13152),#13184,.F.);
#13152 = FACE_BOUND('',#13153,.T.);
#13153 = EDGE_LOOP('',(#13154,#13162,#13170,#13178));
#13154 = ORIENTED_EDGE('',*,*,#13155,.F.);
#13155 = EDGE_CURVE('',#10935,#13156,#13158,.T.);
#13156 = VERTEX_POINT('',#13157);
#13157 = CARTESIAN_POINT('',(3.,2.755,0.195));
#13158 = LINE('',#13159,#13160);
#13159 = CARTESIAN_POINT('',(2.5,2.755,0.195));
#13160 = VECTOR('',#13161,1.);
#13161 = DIRECTION('',(1.,-2.438091212181E-29,-8.512554900196E-44));
#13162 = ORIENTED_EDGE('',*,*,#13163,.T.);
#13163 = EDGE_CURVE('',#10935,#13164,#13166,.T.);
#13164 = VERTEX_POINT('',#13165);
#13165 = CARTESIAN_POINT('',(2.5,2.755,0.845));
#13166 = LINE('',#13167,#13168);
#13167 = CARTESIAN_POINT('',(2.5,2.755,-0.355));
#13168 = VECTOR('',#13169,1.);
#13169 = DIRECTION('',(6.982966722219E-15,0.,1.));
#13170 = ORIENTED_EDGE('',*,*,#13171,.T.);
#13171 = EDGE_CURVE('',#13164,#13172,#13174,.T.);
#13172 = VERTEX_POINT('',#13173);
#13173 = CARTESIAN_POINT('',(3.,2.755,0.845));
#13174 = LINE('',#13175,#13176);
#13175 = CARTESIAN_POINT('',(2.5,2.755,0.845));
#13176 = VECTOR('',#13177,1.);
#13177 = DIRECTION('',(1.,3.023713287611E-15,-5.237225041664E-15));
#13178 = ORIENTED_EDGE('',*,*,#13179,.T.);
#13179 = EDGE_CURVE('',#13172,#13156,#13180,.T.);
#13180 = LINE('',#13181,#13182);
#13181 = CARTESIAN_POINT('',(3.,2.755,-0.355));
#13182 = VECTOR('',#13183,1.);
#13183 = DIRECTION('',(-6.982966722219E-15,-0.,-1.));
#13184 = PLANE('',#13185);
#13185 = AXIS2_PLACEMENT_3D('',#13186,#13187,#13188);
#13186 = CARTESIAN_POINT('',(2.5,2.755,0.195));
#13187 = DIRECTION('',(-2.438091212181E-29,-1.,-3.491483361109E-15));
#13188 = DIRECTION('',(0.,3.491483361109E-15,-1.));
#13189 = ADVANCED_FACE('',(#13190),#13215,.F.);
#13190 = FACE_BOUND('',#13191,.T.);
#13191 = EDGE_LOOP('',(#13192,#13202,#13208,#13209));
#13192 = ORIENTED_EDGE('',*,*,#13193,.T.);
#13193 = EDGE_CURVE('',#13194,#13196,#13198,.T.);
#13194 = VERTEX_POINT('',#13195);
#13195 = CARTESIAN_POINT('',(3.,1.755,0.195));
#13196 = VERTEX_POINT('',#13197);
#13197 = CARTESIAN_POINT('',(2.5,1.755,0.195));
#13198 = LINE('',#13199,#13200);
#13199 = CARTESIAN_POINT('',(2.5,1.755,0.195));
#13200 = VECTOR('',#13201,1.);
#13201 = DIRECTION('',(-1.,2.438091212181E-29,8.512554900196E-44));
#13202 = ORIENTED_EDGE('',*,*,#13203,.T.);
#13203 = EDGE_CURVE('',#13196,#10935,#13204,.T.);
#13204 = LINE('',#13205,#13206);
#13205 = CARTESIAN_POINT('',(2.5,2.755,0.195));
#13206 = VECTOR('',#13207,1.);
#13207 = DIRECTION('',(-5.605193857299E-45,1.,3.914088217711E-59));
#13208 = ORIENTED_EDGE('',*,*,#13155,.T.);
#13209 = ORIENTED_EDGE('',*,*,#13210,.T.);
#13210 = EDGE_CURVE('',#13156,#13194,#13211,.T.);
#13211 = LINE('',#13212,#13213);
#13212 = CARTESIAN_POINT('',(3.,3.255,0.195));
#13213 = VECTOR('',#13214,1.);
#13214 = DIRECTION('',(5.605193857299E-45,-1.,-3.914088217711E-59));
#13215 = PLANE('',#13216);
#13216 = AXIS2_PLACEMENT_3D('',#13217,#13218,#13219);
#13217 = CARTESIAN_POINT('',(2.5,2.755,0.195));
#13218 = DIRECTION('',(6.982966722219E-15,-3.599903578358E-15,1.));
#13219 = DIRECTION('',(1.,0.,-6.982966722219E-15));
#13220 = ADVANCED_FACE('',(#13221),#13255,.F.);
#13221 = FACE_BOUND('',#13222,.T.);
#13222 = EDGE_LOOP('',(#13223,#13233,#13241,#13249));
#13223 = ORIENTED_EDGE('',*,*,#13224,.T.);
#13224 = EDGE_CURVE('',#13225,#13227,#13229,.T.);
#13225 = VERTEX_POINT('',#13226);
#13226 = CARTESIAN_POINT('',(3.,0.905,3.395));
#13227 = VERTEX_POINT('',#13228);
#13228 = CARTESIAN_POINT('',(2.5,0.905,3.395));
#13229 = LINE('',#13230,#13231);
#13230 = CARTESIAN_POINT('',(2.5,0.905,3.395));
#13231 = VECTOR('',#13232,1.);
#13232 = DIRECTION('',(-1.,0.,6.982966722219E-15));
#13233 = ORIENTED_EDGE('',*,*,#13234,.F.);
#13234 = EDGE_CURVE('',#13235,#13227,#13237,.T.);
#13235 = VERTEX_POINT('',#13236);
#13236 = CARTESIAN_POINT('',(2.5,0.905,2.395));
#13237 = LINE('',#13238,#13239);
#13238 = CARTESIAN_POINT('',(2.5,0.905,2.395));
#13239 = VECTOR('',#13240,1.);
#13240 = DIRECTION('',(6.938893903907E-15,-2.710505431214E-15,1.));
#13241 = ORIENTED_EDGE('',*,*,#13242,.F.);
#13242 = EDGE_CURVE('',#13243,#13235,#13245,.T.);
#13243 = VERTEX_POINT('',#13244);
#13244 = CARTESIAN_POINT('',(3.,0.905,2.395));
#13245 = LINE('',#13246,#13247);
#13246 = CARTESIAN_POINT('',(2.5,0.905,2.395));
#13247 = VECTOR('',#13248,1.);
#13248 = DIRECTION('',(-1.,2.513800689087E-29,9.049440095923E-44));
#13249 = ORIENTED_EDGE('',*,*,#13250,.T.);
#13250 = EDGE_CURVE('',#13243,#13225,#13251,.T.);
#13251 = LINE('',#13252,#13253);
#13252 = CARTESIAN_POINT('',(3.,0.905,-0.355));
#13253 = VECTOR('',#13254,1.);
#13254 = DIRECTION('',(6.982966722219E-15,0.,1.));
#13255 = PLANE('',#13256);
#13256 = AXIS2_PLACEMENT_3D('',#13257,#13258,#13259);
#13257 = CARTESIAN_POINT('',(2.5,0.905,3.395));
#13258 = DIRECTION('',(2.513800689087E-29,1.,3.599903578358E-15));
#13259 = DIRECTION('',(0.,-3.599903578358E-15,1.));
#13260 = ADVANCED_FACE('',(#13261),#13286,.F.);
#13261 = FACE_BOUND('',#13262,.T.);
#13262 = EDGE_LOOP('',(#13263,#13273,#13279,#13280));
#13263 = ORIENTED_EDGE('',*,*,#13264,.T.);
#13264 = EDGE_CURVE('',#13265,#13267,#13269,.T.);
#13265 = VERTEX_POINT('',#13266);
#13266 = CARTESIAN_POINT('',(3.,1.555,3.395));
#13267 = VERTEX_POINT('',#13268);
#13268 = CARTESIAN_POINT('',(2.5,1.555,3.395));
#13269 = LINE('',#13270,#13271);
#13270 = CARTESIAN_POINT('',(2.5,1.555,3.395));
#13271 = VECTOR('',#13272,1.);
#13272 = DIRECTION('',(-1.,2.135253304556E-29,6.529182875968E-44));
#13273 = ORIENTED_EDGE('',*,*,#13274,.F.);
#13274 = EDGE_CURVE('',#13227,#13267,#13275,.T.);
#13275 = LINE('',#13276,#13277);
#13276 = CARTESIAN_POINT('',(2.5,0.905,3.395));
#13277 = VECTOR('',#13278,1.);
#13278 = DIRECTION('',(0.,1.,2.001604010742E-15));
#13279 = ORIENTED_EDGE('',*,*,#13224,.F.);
#13280 = ORIENTED_EDGE('',*,*,#13281,.T.);
#13281 = EDGE_CURVE('',#13225,#13265,#13282,.T.);
#13282 = LINE('',#13283,#13284);
#13283 = CARTESIAN_POINT('',(3.,3.255,3.395));
#13284 = VECTOR('',#13285,1.);
#13285 = DIRECTION('',(-5.605193857299E-45,1.,3.914088217711E-59));
#13286 = PLANE('',#13287);
#13287 = AXIS2_PLACEMENT_3D('',#13288,#13289,#13290);
#13288 = CARTESIAN_POINT('',(2.5,1.555,3.395));
#13289 = DIRECTION('',(-6.982966722219E-15,3.491483361109E-15,-1.));
#13290 = DIRECTION('',(-1.,0.,6.982966722219E-15));
#13291 = ADVANCED_FACE('',(#13292),#13317,.F.);
#13292 = FACE_BOUND('',#13293,.T.);
#13293 = EDGE_LOOP('',(#13294,#13302,#13310,#13316));
#13294 = ORIENTED_EDGE('',*,*,#13295,.T.);
#13295 = EDGE_CURVE('',#13265,#13296,#13298,.T.);
#13296 = VERTEX_POINT('',#13297);
#13297 = CARTESIAN_POINT('',(3.,1.555,3.795));
#13298 = LINE('',#13299,#13300);
#13299 = CARTESIAN_POINT('',(3.,1.555,-0.355));
#13300 = VECTOR('',#13301,1.);
#13301 = DIRECTION('',(6.982966722219E-15,0.,1.));
#13302 = ORIENTED_EDGE('',*,*,#13303,.T.);
#13303 = EDGE_CURVE('',#13296,#13304,#13306,.T.);
#13304 = VERTEX_POINT('',#13305);
#13305 = CARTESIAN_POINT('',(2.5,1.555,3.795));
#13306 = LINE('',#13307,#13308);
#13307 = CARTESIAN_POINT('',(2.5,1.555,3.795));
#13308 = VECTOR('',#13309,1.);
#13309 = DIRECTION('',(-1.,-3.788886977123E-31,7.106875541931E-15));
#13310 = ORIENTED_EDGE('',*,*,#13311,.F.);
#13311 = EDGE_CURVE('',#13267,#13304,#13312,.T.);
#13312 = LINE('',#13313,#13314);
#13313 = CARTESIAN_POINT('',(2.5,1.555,3.395));
#13314 = VECTOR('',#13315,1.);
#13315 = DIRECTION('',(6.938893903907E-15,-2.602085213965E-15,1.));
#13316 = ORIENTED_EDGE('',*,*,#13264,.F.);
#13317 = PLANE('',#13318);
#13318 = AXIS2_PLACEMENT_3D('',#13319,#13320,#13321);
#13319 = CARTESIAN_POINT('',(2.5,1.555,3.895));
#13320 = DIRECTION('',(2.135253304556E-29,1.,3.057802492115E-15));
#13321 = DIRECTION('',(0.,-3.057802492115E-15,1.));
#13322 = ADVANCED_FACE('',(#13323),#13348,.F.);
#13323 = FACE_BOUND('',#13324,.T.);
#13324 = EDGE_LOOP('',(#13325,#13335,#13341,#13342));
#13325 = ORIENTED_EDGE('',*,*,#13326,.T.);
#13326 = EDGE_CURVE('',#13327,#13329,#13331,.T.);
#13327 = VERTEX_POINT('',#13328);
#13328 = CARTESIAN_POINT('',(3.,1.755,-0.355));
#13329 = VERTEX_POINT('',#13330);
#13330 = CARTESIAN_POINT('',(2.5,1.755,-0.355));
#13331 = LINE('',#13332,#13333);
#13332 = CARTESIAN_POINT('',(3.,1.755,-0.355));
#13333 = VECTOR('',#13334,1.);
#13334 = DIRECTION('',(-1.,-0.,7.105427357601E-15));
#13335 = ORIENTED_EDGE('',*,*,#13336,.T.);
#13336 = EDGE_CURVE('',#13329,#13196,#13337,.T.);
#13337 = LINE('',#13338,#13339);
#13338 = CARTESIAN_POINT('',(2.5,1.755,-0.355));
#13339 = VECTOR('',#13340,1.);
#13340 = DIRECTION('',(6.982966722219E-15,0.,1.));
#13341 = ORIENTED_EDGE('',*,*,#13193,.F.);
#13342 = ORIENTED_EDGE('',*,*,#13343,.T.);
#13343 = EDGE_CURVE('',#13194,#13327,#13344,.T.);
#13344 = LINE('',#13345,#13346);
#13345 = CARTESIAN_POINT('',(3.,1.755,-0.355));
#13346 = VECTOR('',#13347,1.);
#13347 = DIRECTION('',(-6.982966722219E-15,-0.,-1.));
#13348 = PLANE('',#13349);
#13349 = AXIS2_PLACEMENT_3D('',#13350,#13351,#13352);
#13350 = CARTESIAN_POINT('',(2.5,1.755,0.195));
#13351 = DIRECTION('',(-2.438091212181E-29,-1.,-3.491483361109E-15));
#13352 = DIRECTION('',(0.,3.491483361109E-15,-1.));
#13353 = ADVANCED_FACE('',(#13354),#13372,.F.);
#13354 = FACE_BOUND('',#13355,.T.);
#13355 = EDGE_LOOP('',(#13356,#13364,#13370,#13371));
#13356 = ORIENTED_EDGE('',*,*,#13357,.T.);
#13357 = EDGE_CURVE('',#13329,#13358,#13360,.T.);
#13358 = VERTEX_POINT('',#13359);
#13359 = CARTESIAN_POINT('',(2.5,2.755,-0.355));
#13360 = LINE('',#13361,#13362);
#13361 = CARTESIAN_POINT('',(2.5,3.255,-0.355));
#13362 = VECTOR('',#13363,1.);
#13363 = DIRECTION('',(2.480848139264E-29,1.,3.491483361109E-15));
#13364 = ORIENTED_EDGE('',*,*,#13365,.F.);
#13365 = EDGE_CURVE('',#10935,#13358,#13366,.T.);
#13366 = LINE('',#13367,#13368);
#13367 = CARTESIAN_POINT('',(2.5,2.755,-0.355));
#13368 = VECTOR('',#13369,1.);
#13369 = DIRECTION('',(-7.096596038087E-15,-0.,-1.));
#13370 = ORIENTED_EDGE('',*,*,#13203,.F.);
#13371 = ORIENTED_EDGE('',*,*,#13336,.F.);
#13372 = PLANE('',#13373);
#13373 = AXIS2_PLACEMENT_3D('',#13374,#13375,#13376);
#13374 = CARTESIAN_POINT('',(2.5,2.755,-0.355));
#13375 = DIRECTION('',(-1.,-5.605193857299E-45,6.982966722219E-15));
#13376 = DIRECTION('',(6.982966722219E-15,0.,1.));
#13377 = ADVANCED_FACE('',(#13378),#13419,.F.);
#13378 = FACE_BOUND('',#13379,.T.);
#13379 = EDGE_LOOP('',(#13380,#13390,#13398,#13404,#13405,#13413));
#13380 = ORIENTED_EDGE('',*,*,#13381,.F.);
#13381 = EDGE_CURVE('',#13382,#13384,#13386,.T.);
#13382 = VERTEX_POINT('',#13383);
#13383 = CARTESIAN_POINT('',(0.8,2.755,-0.355));
#13384 = VERTEX_POINT('',#13385);
#13385 = CARTESIAN_POINT('',(1.2,2.755,-0.355));
#13386 = LINE('',#13387,#13388);
#13387 = CARTESIAN_POINT('',(-4.,2.755,-0.355));
#13388 = VECTOR('',#13389,1.);
#13389 = DIRECTION('',(1.,5.605193857299E-45,-6.982966722219E-15));
#13390 = ORIENTED_EDGE('',*,*,#13391,.T.);
#13391 = EDGE_CURVE('',#13382,#13392,#13394,.T.);
#13392 = VERTEX_POINT('',#13393);
#13393 = CARTESIAN_POINT('',(0.6,2.755,-0.155));
#13394 = LINE('',#13395,#13396);
#13395 = CARTESIAN_POINT('',(0.8,2.755,-0.355));
#13396 = VECTOR('',#13397,1.);
#13397 = DIRECTION('',(-0.707106781187,-3.963470586361E-45,
    0.707106781187));
#13398 = ORIENTED_EDGE('',*,*,#13399,.T.);
#13399 = EDGE_CURVE('',#13392,#10975,#13400,.T.);
#13400 = LINE('',#13401,#13402);
#13401 = CARTESIAN_POINT('',(0.6,2.755,0.195));
#13402 = VECTOR('',#13403,1.);
#13403 = DIRECTION('',(7.096596038087E-15,-0.,1.));
#13404 = ORIENTED_EDGE('',*,*,#10974,.T.);
#13405 = ORIENTED_EDGE('',*,*,#13406,.F.);
#13406 = EDGE_CURVE('',#13407,#10967,#13409,.T.);
#13407 = VERTEX_POINT('',#13408);
#13408 = CARTESIAN_POINT('',(1.4,2.755,-0.155));
#13409 = LINE('',#13410,#13411);
#13410 = CARTESIAN_POINT('',(1.4,2.755,0.195));
#13411 = VECTOR('',#13412,1.);
#13412 = DIRECTION('',(7.096596038087E-15,-0.,1.));
#13413 = ORIENTED_EDGE('',*,*,#13414,.T.);
#13414 = EDGE_CURVE('',#13407,#13384,#13415,.T.);
#13415 = LINE('',#13416,#13417);
#13416 = CARTESIAN_POINT('',(1.4,2.755,-0.155));
#13417 = VECTOR('',#13418,1.);
#13418 = DIRECTION('',(-0.707106781187,-3.963470586362E-45,
    -0.707106781187));
#13419 = PLANE('',#13420);
#13420 = AXIS2_PLACEMENT_3D('',#13421,#13422,#13423);
#13421 = CARTESIAN_POINT('',(-4.,2.755,-0.355));
#13422 = DIRECTION('',(5.605193857299E-45,-1.,-3.977779652042E-59));
#13423 = DIRECTION('',(1.,5.605193857299E-45,0.));
#13424 = ADVANCED_FACE('',(#13425),#13451,.F.);
#13425 = FACE_BOUND('',#13426,.T.);
#13426 = EDGE_LOOP('',(#13427,#13435,#13443,#13449,#13450));
#13427 = ORIENTED_EDGE('',*,*,#13428,.F.);
#13428 = EDGE_CURVE('',#13429,#13358,#13431,.T.);
#13429 = VERTEX_POINT('',#13430);
#13430 = CARTESIAN_POINT('',(1.8,2.755,-0.355));
#13431 = LINE('',#13432,#13433);
#13432 = CARTESIAN_POINT('',(-4.,2.755,-0.355));
#13433 = VECTOR('',#13434,1.);
#13434 = DIRECTION('',(1.,5.605193857299E-45,-6.982966722219E-15));
#13435 = ORIENTED_EDGE('',*,*,#13436,.T.);
#13436 = EDGE_CURVE('',#13429,#13437,#13439,.T.);
#13437 = VERTEX_POINT('',#13438);
#13438 = CARTESIAN_POINT('',(1.6,2.755,-0.155));
#13439 = LINE('',#13440,#13441);
#13440 = CARTESIAN_POINT('',(1.8,2.755,-0.355));
#13441 = VECTOR('',#13442,1.);
#13442 = DIRECTION('',(-0.707106781187,-3.963470586361E-45,
    0.707106781187));
#13443 = ORIENTED_EDGE('',*,*,#13444,.T.);
#13444 = EDGE_CURVE('',#13437,#10943,#13445,.T.);
#13445 = LINE('',#13446,#13447);
#13446 = CARTESIAN_POINT('',(1.6,2.755,0.195));
#13447 = VECTOR('',#13448,1.);
#13448 = DIRECTION('',(7.096596038087E-15,-0.,1.));
#13449 = ORIENTED_EDGE('',*,*,#10942,.T.);
#13450 = ORIENTED_EDGE('',*,*,#13365,.T.);
#13451 = PLANE('',#13452);
#13452 = AXIS2_PLACEMENT_3D('',#13453,#13454,#13455);
#13453 = CARTESIAN_POINT('',(-4.,2.755,-0.355));
#13454 = DIRECTION('',(5.605193857299E-45,-1.,-3.977779652042E-59));
#13455 = DIRECTION('',(1.,5.605193857299E-45,0.));
#13456 = ADVANCED_FACE('',(#13457),#13482,.F.);
#13457 = FACE_BOUND('',#13458,.T.);
#13458 = EDGE_LOOP('',(#13459,#13467,#13468,#13476));
#13459 = ORIENTED_EDGE('',*,*,#13460,.T.);
#13460 = EDGE_CURVE('',#13461,#11095,#13463,.T.);
#13461 = VERTEX_POINT('',#13462);
#13462 = CARTESIAN_POINT('',(2.76,3.105,1.047072594216));
#13463 = LINE('',#13464,#13465);
#13464 = CARTESIAN_POINT('',(2.76,3.105,-1.055));
#13465 = VECTOR('',#13466,1.);
#13466 = DIRECTION('',(-0.,-0.,1.));
#13467 = ORIENTED_EDGE('',*,*,#11246,.T.);
#13468 = ORIENTED_EDGE('',*,*,#13469,.F.);
#13469 = EDGE_CURVE('',#13470,#11239,#13472,.T.);
#13470 = VERTEX_POINT('',#13471);
#13471 = CARTESIAN_POINT('',(3.,3.105,1.047072594216));
#13472 = LINE('',#13473,#13474);
#13473 = CARTESIAN_POINT('',(3.,3.105,-1.055));
#13474 = VECTOR('',#13475,1.);
#13475 = DIRECTION('',(-0.,-0.,1.));
#13476 = ORIENTED_EDGE('',*,*,#13477,.F.);
#13477 = EDGE_CURVE('',#13461,#13470,#13478,.T.);
#13478 = LINE('',#13479,#13480);
#13479 = CARTESIAN_POINT('',(2.5,3.105,1.047072594216));
#13480 = VECTOR('',#13481,1.);
#13481 = DIRECTION('',(1.,0.,-6.982966722219E-15));
#13482 = PLANE('',#13483);
#13483 = AXIS2_PLACEMENT_3D('',#13484,#13485,#13486);
#13484 = CARTESIAN_POINT('',(3.,3.105,-1.055));
#13485 = DIRECTION('',(0.,-1.,-0.));
#13486 = DIRECTION('',(0.,0.,-1.));
#13487 = ADVANCED_FACE('',(#13488),#13504,.F.);
#13488 = FACE_BOUND('',#13489,.T.);
#13489 = EDGE_LOOP('',(#13490,#13496,#13497,#13503));
#13490 = ORIENTED_EDGE('',*,*,#13491,.F.);
#13491 = EDGE_CURVE('',#11231,#13296,#13492,.T.);
#13492 = LINE('',#13493,#13494);
#13493 = CARTESIAN_POINT('',(3.,1.555,3.795));
#13494 = VECTOR('',#13495,1.);
#13495 = DIRECTION('',(-4.937703122081E-15,-0.707106781187,
    -0.707106781187));
#13496 = ORIENTED_EDGE('',*,*,#11230,.F.);
#13497 = ORIENTED_EDGE('',*,*,#13498,.F.);
#13498 = EDGE_CURVE('',#13304,#11223,#13499,.T.);
#13499 = LINE('',#13500,#13501);
#13500 = CARTESIAN_POINT('',(2.5,1.555,3.795));
#13501 = VECTOR('',#13502,1.);
#13502 = DIRECTION('',(4.906538933387E-15,0.707106781187,0.707106781187)
  );
#13503 = ORIENTED_EDGE('',*,*,#13303,.F.);
#13504 = PLANE('',#13505);
#13505 = AXIS2_PLACEMENT_3D('',#13506,#13507,#13508);
#13506 = CARTESIAN_POINT('',(2.5,1.555,3.795));
#13507 = DIRECTION('',(-5.025319888749E-15,0.707106781187,
    -0.707106781187));
#13508 = DIRECTION('',(-1.,0.,7.106875541931E-15));
#13509 = ADVANCED_FACE('',(#13510),#13531,.T.);
#13510 = FACE_BOUND('',#13511,.T.);
#13511 = EDGE_LOOP('',(#13512,#13520,#13526,#13527,#13528,#13529,#13530)
  );
#13512 = ORIENTED_EDGE('',*,*,#13513,.F.);
#13513 = EDGE_CURVE('',#13514,#11215,#13516,.T.);
#13514 = VERTEX_POINT('',#13515);
#13515 = CARTESIAN_POINT('',(2.5,0.585,2.395));
#13516 = LINE('',#13517,#13518);
#13517 = CARTESIAN_POINT('',(2.5,0.585,2.395));
#13518 = VECTOR('',#13519,1.);
#13519 = DIRECTION('',(-0.,-0.,1.));
#13520 = ORIENTED_EDGE('',*,*,#13521,.T.);
#13521 = EDGE_CURVE('',#13514,#13235,#13522,.T.);
#13522 = LINE('',#13523,#13524);
#13523 = CARTESIAN_POINT('',(2.5,0.305,2.395));
#13524 = VECTOR('',#13525,1.);
#13525 = DIRECTION('',(0.,1.,0.));
#13526 = ORIENTED_EDGE('',*,*,#13234,.T.);
#13527 = ORIENTED_EDGE('',*,*,#13274,.T.);
#13528 = ORIENTED_EDGE('',*,*,#13311,.T.);
#13529 = ORIENTED_EDGE('',*,*,#13498,.T.);
#13530 = ORIENTED_EDGE('',*,*,#11222,.T.);
#13531 = PLANE('',#13532);
#13532 = AXIS2_PLACEMENT_3D('',#13533,#13534,#13535);
#13533 = CARTESIAN_POINT('',(2.5,-1.12103877146E-45,-2.080786714806E-14)
  );
#13534 = DIRECTION('',(1.,0.,-6.938893903907E-15));
#13535 = DIRECTION('',(-6.938893903907E-15,0.,-1.));
#13536 = ADVANCED_FACE('',(#13537),#13555,.F.);
#13537 = FACE_BOUND('',#13538,.T.);
#13538 = EDGE_LOOP('',(#13539,#13540,#13548,#13554));
#13539 = ORIENTED_EDGE('',*,*,#11214,.T.);
#13540 = ORIENTED_EDGE('',*,*,#13541,.F.);
#13541 = EDGE_CURVE('',#13542,#11207,#13544,.T.);
#13542 = VERTEX_POINT('',#13543);
#13543 = CARTESIAN_POINT('',(2.393546465094,0.585,2.395));
#13544 = LINE('',#13545,#13546);
#13545 = CARTESIAN_POINT('',(2.393546465094,0.585,2.395));
#13546 = VECTOR('',#13547,1.);
#13547 = DIRECTION('',(-0.,-0.,1.));
#13548 = ORIENTED_EDGE('',*,*,#13549,.F.);
#13549 = EDGE_CURVE('',#13514,#13542,#13550,.T.);
#13550 = LINE('',#13551,#13552);
#13551 = CARTESIAN_POINT('',(2.393546465094,0.585,2.395));
#13552 = VECTOR('',#13553,1.);
#13553 = DIRECTION('',(-1.,-1.018474561174E-15,-0.));
#13554 = ORIENTED_EDGE('',*,*,#13513,.T.);
#13555 = PLANE('',#13556);
#13556 = AXIS2_PLACEMENT_3D('',#13557,#13558,#13559);
#13557 = CARTESIAN_POINT('',(2.393546465094,0.585,2.395));
#13558 = DIRECTION('',(-1.018474561174E-15,1.,0.));
#13559 = DIRECTION('',(-1.,-1.018474561174E-15,0.));
#13560 = ADVANCED_FACE('',(#13561),#13585,.F.);
#13561 = FACE_BOUND('',#13562,.T.);
#13562 = EDGE_LOOP('',(#13563,#13571,#13577,#13578,#13584));
#13563 = ORIENTED_EDGE('',*,*,#13564,.T.);
#13564 = EDGE_CURVE('',#13134,#13565,#13567,.T.);
#13565 = VERTEX_POINT('',#13566);
#13566 = CARTESIAN_POINT('',(2.2,1.755,3.695));
#13567 = LINE('',#13568,#13569);
#13568 = CARTESIAN_POINT('',(2.2,1.755,0.895));
#13569 = VECTOR('',#13570,1.);
#13570 = DIRECTION('',(7.085009279629E-15,-0.,1.));
#13571 = ORIENTED_EDGE('',*,*,#13572,.T.);
#13572 = EDGE_CURVE('',#13565,#11289,#13573,.T.);
#13573 = LINE('',#13574,#13575);
#13574 = CARTESIAN_POINT('',(2.340041507642,1.755,3.895));
#13575 = VECTOR('',#13576,1.);
#13576 = DIRECTION('',(0.573576436351,-2.860055732854E-15,0.819152044289
    ));
#13577 = ORIENTED_EDGE('',*,*,#11288,.F.);
#13578 = ORIENTED_EDGE('',*,*,#13579,.F.);
#13579 = EDGE_CURVE('',#13116,#11281,#13580,.T.);
#13580 = LINE('',#13581,#13582);
#13581 = CARTESIAN_POINT('',(2.55,1.755,1.495));
#13582 = VECTOR('',#13583,1.);
#13583 = DIRECTION('',(-0.,-3.491483361109E-15,1.));
#13584 = ORIENTED_EDGE('',*,*,#13141,.F.);
#13585 = PLANE('',#13586);
#13586 = AXIS2_PLACEMENT_3D('',#13587,#13588,#13589);
#13587 = CARTESIAN_POINT('',(2.2,1.755,1.495));
#13588 = DIRECTION('',(-2.438091212181E-29,-1.,-3.491483361109E-15));
#13589 = DIRECTION('',(0.,3.491483361109E-15,-1.));
#13590 = ADVANCED_FACE('',(#13591),#13602,.F.);
#13591 = FACE_BOUND('',#13592,.T.);
#13592 = EDGE_LOOP('',(#13593,#13599,#13600,#13601));
#13593 = ORIENTED_EDGE('',*,*,#13594,.T.);
#13594 = EDGE_CURVE('',#11273,#13118,#13595,.T.);
#13595 = LINE('',#13596,#13597);
#13596 = CARTESIAN_POINT('',(2.55,2.355,1.495));
#13597 = VECTOR('',#13598,1.);
#13598 = DIRECTION('',(-0.,3.491483361109E-15,-1.));
#13599 = ORIENTED_EDGE('',*,*,#13115,.F.);
#13600 = ORIENTED_EDGE('',*,*,#13579,.T.);
#13601 = ORIENTED_EDGE('',*,*,#11280,.F.);
#13602 = PLANE('',#13603);
#13603 = AXIS2_PLACEMENT_3D('',#13604,#13605,#13606);
#13604 = CARTESIAN_POINT('',(2.55,2.355,1.495));
#13605 = DIRECTION('',(1.,3.562798913235E-31,-7.085009279629E-15));
#13606 = DIRECTION('',(-7.085009279629E-15,0.,-1.));
#13607 = ADVANCED_FACE('',(#13608),#13627,.F.);
#13608 = FACE_BOUND('',#13609,.T.);
#13609 = EDGE_LOOP('',(#13610,#13611,#13619,#13625,#13626));
#13610 = ORIENTED_EDGE('',*,*,#11272,.F.);
#13611 = ORIENTED_EDGE('',*,*,#13612,.T.);
#13612 = EDGE_CURVE('',#11265,#13613,#13615,.T.);
#13613 = VERTEX_POINT('',#13614);
#13614 = CARTESIAN_POINT('',(2.2,2.355,3.695));
#13615 = LINE('',#13616,#13617);
#13616 = CARTESIAN_POINT('',(2.340041507642,2.355,3.895));
#13617 = VECTOR('',#13618,1.);
#13618 = DIRECTION('',(-0.573576436351,2.860055732854E-15,
    -0.819152044289));
#13619 = ORIENTED_EDGE('',*,*,#13620,.T.);
#13620 = EDGE_CURVE('',#13613,#13126,#13621,.T.);
#13621 = LINE('',#13622,#13623);
#13622 = CARTESIAN_POINT('',(2.2,2.355,0.895));
#13623 = VECTOR('',#13624,1.);
#13624 = DIRECTION('',(-7.085009279629E-15,0.,-1.));
#13625 = ORIENTED_EDGE('',*,*,#13125,.F.);
#13626 = ORIENTED_EDGE('',*,*,#13594,.F.);
#13627 = PLANE('',#13628);
#13628 = AXIS2_PLACEMENT_3D('',#13629,#13630,#13631);
#13629 = CARTESIAN_POINT('',(2.2,2.355,1.495));
#13630 = DIRECTION('',(2.438091212181E-29,1.,3.491483361109E-15));
#13631 = DIRECTION('',(0.,-3.491483361109E-15,1.));
#13632 = ADVANCED_FACE('',(#13633),#13649,.F.);
#13633 = FACE_BOUND('',#13634,.T.);
#13634 = EDGE_LOOP('',(#13635,#13636,#13642,#13643));
#13635 = ORIENTED_EDGE('',*,*,#11551,.F.);
#13636 = ORIENTED_EDGE('',*,*,#13637,.F.);
#13637 = EDGE_CURVE('',#10959,#11544,#13638,.T.);
#13638 = LINE('',#13639,#13640);
#13639 = CARTESIAN_POINT('',(1.4,2.435,0.895));
#13640 = VECTOR('',#13641,1.);
#13641 = DIRECTION('',(7.186711543332E-15,-2.973811673103E-15,1.));
#13642 = ORIENTED_EDGE('',*,*,#10958,.T.);
#13643 = ORIENTED_EDGE('',*,*,#13644,.T.);
#13644 = EDGE_CURVE('',#10951,#11526,#13645,.T.);
#13645 = LINE('',#13646,#13647);
#13646 = CARTESIAN_POINT('',(1.6,2.435,0.895));
#13647 = VECTOR('',#13648,1.);
#13648 = DIRECTION('',(6.814985084195E-15,-0.,1.));
#13649 = PLANE('',#13650);
#13650 = AXIS2_PLACEMENT_3D('',#13651,#13652,#13653);
#13651 = CARTESIAN_POINT('',(1.4,2.435,0.895));
#13652 = DIRECTION('',(-5.605193857299E-45,1.,3.819931253151E-59));
#13653 = DIRECTION('',(-1.,-5.605193857299E-45,0.));
#13654 = ADVANCED_FACE('',(#13655),#13680,.F.);
#13655 = FACE_BOUND('',#13656,.T.);
#13656 = EDGE_LOOP('',(#13657,#13665,#13673,#13679));
#13657 = ORIENTED_EDGE('',*,*,#13658,.T.);
#13658 = EDGE_CURVE('',#11528,#13659,#13661,.T.);
#13659 = VERTEX_POINT('',#13660);
#13660 = CARTESIAN_POINT('',(1.6,1.955,0.195));
#13661 = LINE('',#13662,#13663);
#13662 = CARTESIAN_POINT('',(1.6,1.955,0.195));
#13663 = VECTOR('',#13664,1.);
#13664 = DIRECTION('',(-6.814985084195E-15,-0.,-1.));
#13665 = ORIENTED_EDGE('',*,*,#13666,.F.);
#13666 = EDGE_CURVE('',#13667,#13659,#13669,.T.);
#13667 = VERTEX_POINT('',#13668);
#13668 = CARTESIAN_POINT('',(1.4,1.955,0.195));
#13669 = LINE('',#13670,#13671);
#13670 = CARTESIAN_POINT('',(1.4,1.955,0.195));
#13671 = VECTOR('',#13672,1.);
#13672 = DIRECTION('',(1.,5.605193857299E-45,-6.982966722219E-15));
#13673 = ORIENTED_EDGE('',*,*,#13674,.F.);
#13674 = EDGE_CURVE('',#11536,#13667,#13675,.T.);
#13675 = LINE('',#13676,#13677);
#13676 = CARTESIAN_POINT('',(1.4,1.955,0.195));
#13677 = VECTOR('',#13678,1.);
#13678 = DIRECTION('',(-6.814985084195E-15,-0.,-1.));
#13679 = ORIENTED_EDGE('',*,*,#11535,.F.);
#13680 = PLANE('',#13681);
#13681 = AXIS2_PLACEMENT_3D('',#13682,#13683,#13684);
#13682 = CARTESIAN_POINT('',(1.4,1.955,0.195));
#13683 = DIRECTION('',(5.605193857299E-45,-1.,-3.819931253151E-59));
#13684 = DIRECTION('',(1.,5.605193857299E-45,0.));
#13685 = ADVANCED_FACE('',(#13686),#13702,.F.);
#13686 = FACE_BOUND('',#13687,.T.);
#13687 = EDGE_LOOP('',(#13688,#13689,#13695,#13696));
#13688 = ORIENTED_EDGE('',*,*,#11517,.F.);
#13689 = ORIENTED_EDGE('',*,*,#13690,.F.);
#13690 = EDGE_CURVE('',#10991,#11510,#13691,.T.);
#13691 = LINE('',#13692,#13693);
#13692 = CARTESIAN_POINT('',(0.4,2.435,0.895));
#13693 = VECTOR('',#13694,1.);
#13694 = DIRECTION('',(7.186711543332E-15,-2.973811673103E-15,1.));
#13695 = ORIENTED_EDGE('',*,*,#10990,.T.);
#13696 = ORIENTED_EDGE('',*,*,#13697,.T.);
#13697 = EDGE_CURVE('',#10983,#11492,#13698,.T.);
#13698 = LINE('',#13699,#13700);
#13699 = CARTESIAN_POINT('',(0.6,2.435,0.895));
#13700 = VECTOR('',#13701,1.);
#13701 = DIRECTION('',(6.814985084195E-15,-0.,1.));
#13702 = PLANE('',#13703);
#13703 = AXIS2_PLACEMENT_3D('',#13704,#13705,#13706);
#13704 = CARTESIAN_POINT('',(0.4,2.435,0.895));
#13705 = DIRECTION('',(-5.605193857299E-45,1.,3.819931253151E-59));
#13706 = DIRECTION('',(-1.,-5.605193857299E-45,0.));
#13707 = ADVANCED_FACE('',(#13708),#13733,.F.);
#13708 = FACE_BOUND('',#13709,.T.);
#13709 = EDGE_LOOP('',(#13710,#13718,#13726,#13732));
#13710 = ORIENTED_EDGE('',*,*,#13711,.T.);
#13711 = EDGE_CURVE('',#11494,#13712,#13714,.T.);
#13712 = VERTEX_POINT('',#13713);
#13713 = CARTESIAN_POINT('',(0.6,1.955,0.195));
#13714 = LINE('',#13715,#13716);
#13715 = CARTESIAN_POINT('',(0.6,1.955,0.195));
#13716 = VECTOR('',#13717,1.);
#13717 = DIRECTION('',(-6.814985084195E-15,-0.,-1.));
#13718 = ORIENTED_EDGE('',*,*,#13719,.F.);
#13719 = EDGE_CURVE('',#13720,#13712,#13722,.T.);
#13720 = VERTEX_POINT('',#13721);
#13721 = CARTESIAN_POINT('',(0.4,1.955,0.195));
#13722 = LINE('',#13723,#13724);
#13723 = CARTESIAN_POINT('',(0.4,1.955,0.195));
#13724 = VECTOR('',#13725,1.);
#13725 = DIRECTION('',(1.,5.605193857299E-45,-6.982966722219E-15));
#13726 = ORIENTED_EDGE('',*,*,#13727,.F.);
#13727 = EDGE_CURVE('',#11502,#13720,#13728,.T.);
#13728 = LINE('',#13729,#13730);
#13729 = CARTESIAN_POINT('',(0.4,1.955,0.195));
#13730 = VECTOR('',#13731,1.);
#13731 = DIRECTION('',(-6.814985084195E-15,-0.,-1.));
#13732 = ORIENTED_EDGE('',*,*,#11501,.F.);
#13733 = PLANE('',#13734);
#13734 = AXIS2_PLACEMENT_3D('',#13735,#13736,#13737);
#13735 = CARTESIAN_POINT('',(0.4,1.955,0.195));
#13736 = DIRECTION('',(5.605193857299E-45,-1.,-3.819931253151E-59));
#13737 = DIRECTION('',(1.,5.605193857299E-45,0.));
#13738 = ADVANCED_FACE('',(#13739),#13759,.F.);
#13739 = FACE_BOUND('',#13740,.T.);
#13740 = EDGE_LOOP('',(#13741,#13742,#13748,#13749,#13750,#13751,#13757,
    #13758));
#13741 = ORIENTED_EDGE('',*,*,#11575,.T.);
#13742 = ORIENTED_EDGE('',*,*,#13743,.T.);
#13743 = EDGE_CURVE('',#11568,#13565,#13744,.T.);
#13744 = LINE('',#13745,#13746);
#13745 = CARTESIAN_POINT('',(2.2,2.855,3.695));
#13746 = VECTOR('',#13747,1.);
#13747 = DIRECTION('',(-4.130293990421E-16,1.,3.491483361109E-15));
#13748 = ORIENTED_EDGE('',*,*,#13564,.F.);
#13749 = ORIENTED_EDGE('',*,*,#13133,.F.);
#13750 = ORIENTED_EDGE('',*,*,#13620,.F.);
#13751 = ORIENTED_EDGE('',*,*,#13752,.T.);
#13752 = EDGE_CURVE('',#13613,#11598,#13753,.T.);
#13753 = LINE('',#13754,#13755);
#13754 = CARTESIAN_POINT('',(2.2,2.855,3.695));
#13755 = VECTOR('',#13756,1.);
#13756 = DIRECTION('',(-4.130293990421E-16,1.,3.491483361109E-15));
#13757 = ORIENTED_EDGE('',*,*,#11597,.T.);
#13758 = ORIENTED_EDGE('',*,*,#11399,.F.);
#13759 = PLANE('',#13760);
#13760 = AXIS2_PLACEMENT_3D('',#13761,#13762,#13763);
#13761 = CARTESIAN_POINT('',(2.2,2.855,0.895));
#13762 = DIRECTION('',(1.,4.130293990421E-16,-7.085009279629E-15));
#13763 = DIRECTION('',(-7.085009279629E-15,0.,-1.));
#13764 = ADVANCED_FACE('',(#13765),#13776,.F.);
#13765 = FACE_BOUND('',#13766,.T.);
#13766 = EDGE_LOOP('',(#13767,#13768,#13769,#13770));
#13767 = ORIENTED_EDGE('',*,*,#13163,.F.);
#13768 = ORIENTED_EDGE('',*,*,#10934,.F.);
#13769 = ORIENTED_EDGE('',*,*,#11644,.F.);
#13770 = ORIENTED_EDGE('',*,*,#13771,.F.);
#13771 = EDGE_CURVE('',#13164,#11637,#13772,.T.);
#13772 = LINE('',#13773,#13774);
#13773 = CARTESIAN_POINT('',(2.5,2.755,0.845));
#13774 = VECTOR('',#13775,1.);
#13775 = DIRECTION('',(3.755786496843E-15,0.866025403784,0.5));
#13776 = PLANE('',#13777);
#13777 = AXIS2_PLACEMENT_3D('',#13778,#13779,#13780);
#13778 = CARTESIAN_POINT('',(2.5,2.755,-0.355));
#13779 = DIRECTION('',(-1.,-5.605193857299E-45,6.982966722219E-15));
#13780 = DIRECTION('',(6.982966722219E-15,0.,1.));
#13781 = ADVANCED_FACE('',(#13782),#13800,.F.);
#13782 = FACE_BOUND('',#13783,.T.);
#13783 = EDGE_LOOP('',(#13784,#13790,#13791,#13797,#13798,#13799));
#13784 = ORIENTED_EDGE('',*,*,#13785,.T.);
#13785 = EDGE_CURVE('',#11629,#13461,#13786,.T.);
#13786 = LINE('',#13787,#13788);
#13787 = CARTESIAN_POINT('',(2.76,2.755,0.845));
#13788 = VECTOR('',#13789,1.);
#13789 = DIRECTION('',(-8.75811540203E-47,-0.866025403784,-0.5));
#13790 = ORIENTED_EDGE('',*,*,#13477,.T.);
#13791 = ORIENTED_EDGE('',*,*,#13792,.F.);
#13792 = EDGE_CURVE('',#13172,#13470,#13793,.T.);
#13793 = LINE('',#13794,#13795);
#13794 = CARTESIAN_POINT('',(3.,2.755,0.845));
#13795 = VECTOR('',#13796,1.);
#13796 = DIRECTION('',(-0.,0.866025403784,0.5));
#13797 = ORIENTED_EDGE('',*,*,#13171,.F.);
#13798 = ORIENTED_EDGE('',*,*,#13771,.T.);
#13799 = ORIENTED_EDGE('',*,*,#11636,.F.);
#13800 = PLANE('',#13801);
#13801 = AXIS2_PLACEMENT_3D('',#13802,#13803,#13804);
#13802 = CARTESIAN_POINT('',(2.5,2.755,0.845));
#13803 = DIRECTION('',(6.047426575223E-15,-0.5,0.866025403784));
#13804 = DIRECTION('',(0.,-0.866025403784,-0.5));
#13805 = ADVANCED_FACE('',(#13806),#13812,.F.);
#13806 = FACE_BOUND('',#13807,.T.);
#13807 = EDGE_LOOP('',(#13808,#13809,#13810,#13811));
#13808 = ORIENTED_EDGE('',*,*,#11628,.T.);
#13809 = ORIENTED_EDGE('',*,*,#11092,.T.);
#13810 = ORIENTED_EDGE('',*,*,#13460,.F.);
#13811 = ORIENTED_EDGE('',*,*,#13785,.F.);
#13812 = PLANE('',#13813);
#13813 = AXIS2_PLACEMENT_3D('',#13814,#13815,#13816);
#13814 = CARTESIAN_POINT('',(2.76,3.255,-1.055));
#13815 = DIRECTION('',(-1.,0.,-0.));
#13816 = DIRECTION('',(0.,0.,1.));
#13817 = ADVANCED_FACE('',(#13818),#13829,.F.);
#13818 = FACE_BOUND('',#13819,.T.);
#13819 = EDGE_LOOP('',(#13820,#13821,#13822,#13828));
#13820 = ORIENTED_EDGE('',*,*,#11206,.T.);
#13821 = ORIENTED_EDGE('',*,*,#11803,.F.);
#13822 = ORIENTED_EDGE('',*,*,#13823,.F.);
#13823 = EDGE_CURVE('',#13542,#11796,#13824,.T.);
#13824 = LINE('',#13825,#13826);
#13825 = CARTESIAN_POINT('',(2.29,0.47,2.395));
#13826 = VECTOR('',#13827,1.);
#13827 = DIRECTION('',(-0.669130606359,-0.743144825477,-0.));
#13828 = ORIENTED_EDGE('',*,*,#13541,.T.);
#13829 = PLANE('',#13830);
#13830 = AXIS2_PLACEMENT_3D('',#13831,#13832,#13833);
#13831 = CARTESIAN_POINT('',(2.29,0.47,2.395));
#13832 = DIRECTION('',(-0.743144825477,0.669130606359,0.));
#13833 = DIRECTION('',(-0.669130606359,-0.743144825477,0.));
#13834 = ADVANCED_FACE('',(#13835),#13848,.F.);
#13835 = FACE_BOUND('',#13836,.T.);
#13836 = EDGE_LOOP('',(#13837,#13838,#13839,#13840,#13841,#13847));
#13837 = ORIENTED_EDGE('',*,*,#13521,.F.);
#13838 = ORIENTED_EDGE('',*,*,#13549,.T.);
#13839 = ORIENTED_EDGE('',*,*,#13823,.T.);
#13840 = ORIENTED_EDGE('',*,*,#11795,.T.);
#13841 = ORIENTED_EDGE('',*,*,#13842,.T.);
#13842 = EDGE_CURVE('',#11788,#13243,#13843,.T.);
#13843 = LINE('',#13844,#13845);
#13844 = CARTESIAN_POINT('',(3.,3.255,2.395));
#13845 = VECTOR('',#13846,1.);
#13846 = DIRECTION('',(-5.605193857299E-45,1.,3.914088217711E-59));
#13847 = ORIENTED_EDGE('',*,*,#13242,.T.);
#13848 = PLANE('',#13849);
#13849 = AXIS2_PLACEMENT_3D('',#13850,#13851,#13852);
#13850 = CARTESIAN_POINT('',(2.5,0.905,2.395));
#13851 = DIRECTION('',(-6.982966722219E-15,3.491483361109E-15,-1.));
#13852 = DIRECTION('',(-1.,0.,6.982966722219E-15));
#13853 = ADVANCED_FACE('',(#13854),#13874,.F.);
#13854 = FACE_BOUND('',#13855,.T.);
#13855 = EDGE_LOOP('',(#13856,#13857,#13858,#13859,#13860,#13861,#13862,
    #13863,#13864,#13865,#13871,#13872,#13873));
#13856 = ORIENTED_EDGE('',*,*,#13792,.T.);
#13857 = ORIENTED_EDGE('',*,*,#13469,.T.);
#13858 = ORIENTED_EDGE('',*,*,#11238,.F.);
#13859 = ORIENTED_EDGE('',*,*,#13491,.T.);
#13860 = ORIENTED_EDGE('',*,*,#13295,.F.);
#13861 = ORIENTED_EDGE('',*,*,#13281,.F.);
#13862 = ORIENTED_EDGE('',*,*,#13250,.F.);
#13863 = ORIENTED_EDGE('',*,*,#13842,.F.);
#13864 = ORIENTED_EDGE('',*,*,#11787,.F.);
#13865 = ORIENTED_EDGE('',*,*,#13866,.T.);
#13866 = EDGE_CURVE('',#11780,#13327,#13867,.T.);
#13867 = LINE('',#13868,#13869);
#13868 = CARTESIAN_POINT('',(3.,3.255,-0.355));
#13869 = VECTOR('',#13870,1.);
#13870 = DIRECTION('',(2.480848139264E-29,1.,3.491483361109E-15));
#13871 = ORIENTED_EDGE('',*,*,#13343,.F.);
#13872 = ORIENTED_EDGE('',*,*,#13210,.F.);
#13873 = ORIENTED_EDGE('',*,*,#13179,.F.);
#13874 = PLANE('',#13875);
#13875 = AXIS2_PLACEMENT_3D('',#13876,#13877,#13878);
#13876 = CARTESIAN_POINT('',(3.,3.255,-0.355));
#13877 = DIRECTION('',(-1.,-5.605193857299E-45,6.982966722219E-15));
#13878 = DIRECTION('',(6.982966722219E-15,0.,1.));
#13879 = ADVANCED_FACE('',(#13880),#13893,.F.);
#13880 = FACE_BOUND('',#13881,.T.);
#13881 = EDGE_LOOP('',(#13882,#13883,#13889,#13890,#13891,#13892));
#13882 = ORIENTED_EDGE('',*,*,#11779,.T.);
#13883 = ORIENTED_EDGE('',*,*,#13884,.T.);
#13884 = EDGE_CURVE('',#11772,#13429,#13885,.T.);
#13885 = LINE('',#13886,#13887);
#13886 = CARTESIAN_POINT('',(1.8,2.755,-0.355));
#13887 = VECTOR('',#13888,1.);
#13888 = DIRECTION('',(2.486182800327E-29,1.,3.491483361109E-15));
#13889 = ORIENTED_EDGE('',*,*,#13428,.T.);
#13890 = ORIENTED_EDGE('',*,*,#13357,.F.);
#13891 = ORIENTED_EDGE('',*,*,#13326,.F.);
#13892 = ORIENTED_EDGE('',*,*,#13866,.F.);
#13893 = PLANE('',#13894);
#13894 = AXIS2_PLACEMENT_3D('',#13895,#13896,#13897);
#13895 = CARTESIAN_POINT('',(3.,3.255,-0.355));
#13896 = DIRECTION('',(7.105427357601E-15,-3.491483361109E-15,1.));
#13897 = DIRECTION('',(1.,0.,-7.105427357601E-15));
#13898 = ADVANCED_FACE('',(#13899),#13910,.T.);
#13899 = FACE_BOUND('',#13900,.T.);
#13900 = EDGE_LOOP('',(#13901,#13902,#13908,#13909));
#13901 = ORIENTED_EDGE('',*,*,#11771,.F.);
#13902 = ORIENTED_EDGE('',*,*,#13903,.F.);
#13903 = EDGE_CURVE('',#13437,#11764,#13904,.T.);
#13904 = LINE('',#13905,#13906);
#13905 = CARTESIAN_POINT('',(1.6,0.47,-0.155));
#13906 = VECTOR('',#13907,1.);
#13907 = DIRECTION('',(-2.486182800327E-29,-1.,-3.491483361109E-15));
#13908 = ORIENTED_EDGE('',*,*,#13436,.F.);
#13909 = ORIENTED_EDGE('',*,*,#13884,.F.);
#13910 = PLANE('',#13911);
#13911 = AXIS2_PLACEMENT_3D('',#13912,#13913,#13914);
#13912 = CARTESIAN_POINT('',(1.8,3.255,-0.355));
#13913 = DIRECTION('',(-0.707106781187,2.46885156104E-15,-0.707106781187
    ));
#13914 = DIRECTION('',(-2.484911851446E-29,-1.,-3.491483361109E-15));
#13915 = ADVANCED_FACE('',(#13916),#13931,.T.);
#13916 = FACE_BOUND('',#13917,.T.);
#13917 = EDGE_LOOP('',(#13918,#13919,#13920,#13921,#13927,#13928,#13929,
    #13930));
#13918 = ORIENTED_EDGE('',*,*,#13444,.F.);
#13919 = ORIENTED_EDGE('',*,*,#13903,.T.);
#13920 = ORIENTED_EDGE('',*,*,#11763,.F.);
#13921 = ORIENTED_EDGE('',*,*,#13922,.F.);
#13922 = EDGE_CURVE('',#13659,#11756,#13923,.T.);
#13923 = LINE('',#13924,#13925);
#13924 = CARTESIAN_POINT('',(1.6,2.755,0.195));
#13925 = VECTOR('',#13926,1.);
#13926 = DIRECTION('',(0.,-1.,1.186216818912E-17));
#13927 = ORIENTED_EDGE('',*,*,#13658,.F.);
#13928 = ORIENTED_EDGE('',*,*,#11525,.F.);
#13929 = ORIENTED_EDGE('',*,*,#13644,.F.);
#13930 = ORIENTED_EDGE('',*,*,#10950,.F.);
#13931 = PLANE('',#13932);
#13932 = AXIS2_PLACEMENT_3D('',#13933,#13934,#13935);
#13933 = CARTESIAN_POINT('',(1.6,-1.68362031548E-31,-1.48914887484E-14)
  );
#13934 = DIRECTION('',(-1.,8.418101577402E-32,7.096596038087E-15));
#13935 = DIRECTION('',(7.096596038087E-15,0.,1.));
#13936 = ADVANCED_FACE('',(#13937),#13948,.F.);
#13937 = FACE_BOUND('',#13938,.T.);
#13938 = EDGE_LOOP('',(#13939,#13945,#13946,#13947));
#13939 = ORIENTED_EDGE('',*,*,#13940,.F.);
#13940 = EDGE_CURVE('',#13667,#11748,#13941,.T.);
#13941 = LINE('',#13942,#13943);
#13942 = CARTESIAN_POINT('',(1.4,2.755,0.195));
#13943 = VECTOR('',#13944,1.);
#13944 = DIRECTION('',(0.,-1.,1.186216818912E-17));
#13945 = ORIENTED_EDGE('',*,*,#13666,.T.);
#13946 = ORIENTED_EDGE('',*,*,#13922,.T.);
#13947 = ORIENTED_EDGE('',*,*,#11755,.F.);
#13948 = PLANE('',#13949);
#13949 = AXIS2_PLACEMENT_3D('',#13950,#13951,#13952);
#13950 = CARTESIAN_POINT('',(-4.,3.255,0.195));
#13951 = DIRECTION('',(6.982966722219E-15,0.,1.));
#13952 = DIRECTION('',(1.,0.,-6.982966722219E-15));
#13953 = ADVANCED_FACE('',(#13954),#13969,.F.);
#13954 = FACE_BOUND('',#13955,.T.);
#13955 = EDGE_LOOP('',(#13956,#13957,#13963,#13964,#13965,#13966,#13967,
    #13968));
#13956 = ORIENTED_EDGE('',*,*,#11747,.T.);
#13957 = ORIENTED_EDGE('',*,*,#13958,.T.);
#13958 = EDGE_CURVE('',#11740,#13407,#13959,.T.);
#13959 = LINE('',#13960,#13961);
#13960 = CARTESIAN_POINT('',(1.4,5.41179920972E-16,-0.155));
#13961 = VECTOR('',#13962,1.);
#13962 = DIRECTION('',(2.486182800327E-29,1.,3.491483361109E-15));
#13963 = ORIENTED_EDGE('',*,*,#13406,.T.);
#13964 = ORIENTED_EDGE('',*,*,#10966,.T.);
#13965 = ORIENTED_EDGE('',*,*,#13637,.T.);
#13966 = ORIENTED_EDGE('',*,*,#11543,.T.);
#13967 = ORIENTED_EDGE('',*,*,#13674,.T.);
#13968 = ORIENTED_EDGE('',*,*,#13940,.T.);
#13969 = PLANE('',#13970);
#13970 = AXIS2_PLACEMENT_3D('',#13971,#13972,#13973);
#13971 = CARTESIAN_POINT('',(1.4,-1.68362031548E-31,-1.349489540395E-14)
  );
#13972 = DIRECTION('',(-1.,8.418101577402E-32,7.096596038087E-15));
#13973 = DIRECTION('',(7.096596038087E-15,0.,1.));
#13974 = ADVANCED_FACE('',(#13975),#13986,.F.);
#13975 = FACE_BOUND('',#13976,.T.);
#13976 = EDGE_LOOP('',(#13977,#13978,#13984,#13985));
#13977 = ORIENTED_EDGE('',*,*,#11739,.F.);
#13978 = ORIENTED_EDGE('',*,*,#13979,.F.);
#13979 = EDGE_CURVE('',#13384,#11732,#13980,.T.);
#13980 = LINE('',#13981,#13982);
#13981 = CARTESIAN_POINT('',(1.2,3.255,-0.355));
#13982 = VECTOR('',#13983,1.);
#13983 = DIRECTION('',(-2.486182800327E-29,-1.,-3.491483361109E-15));
#13984 = ORIENTED_EDGE('',*,*,#13414,.F.);
#13985 = ORIENTED_EDGE('',*,*,#13958,.F.);
#13986 = PLANE('',#13987);
#13987 = AXIS2_PLACEMENT_3D('',#13988,#13989,#13990);
#13988 = CARTESIAN_POINT('',(1.4,5.41179920972E-16,-0.155));
#13989 = DIRECTION('',(-0.707106781187,-2.46885156104E-15,0.707106781187
    ));
#13990 = DIRECTION('',(2.544076419338E-29,1.,3.491483361109E-15));
#13991 = ADVANCED_FACE('',(#13992),#14003,.F.);
#13992 = FACE_BOUND('',#13993,.T.);
#13993 = EDGE_LOOP('',(#13994,#13995,#14001,#14002));
#13994 = ORIENTED_EDGE('',*,*,#11731,.T.);
#13995 = ORIENTED_EDGE('',*,*,#13996,.T.);
#13996 = EDGE_CURVE('',#11724,#13382,#13997,.T.);
#13997 = LINE('',#13998,#13999);
#13998 = CARTESIAN_POINT('',(0.8,2.755,-0.355));
#13999 = VECTOR('',#14000,1.);
#14000 = DIRECTION('',(2.486182800327E-29,1.,3.491483361109E-15));
#14001 = ORIENTED_EDGE('',*,*,#13381,.T.);
#14002 = ORIENTED_EDGE('',*,*,#13979,.T.);
#14003 = PLANE('',#14004);
#14004 = AXIS2_PLACEMENT_3D('',#14005,#14006,#14007);
#14005 = CARTESIAN_POINT('',(3.,3.255,-0.355));
#14006 = DIRECTION('',(7.105427357601E-15,-3.491483361109E-15,1.));
#14007 = DIRECTION('',(1.,0.,-7.105427357601E-15));
#14008 = ADVANCED_FACE('',(#14009),#14020,.T.);
#14009 = FACE_BOUND('',#14010,.T.);
#14010 = EDGE_LOOP('',(#14011,#14012,#14018,#14019));
#14011 = ORIENTED_EDGE('',*,*,#11723,.F.);
#14012 = ORIENTED_EDGE('',*,*,#14013,.F.);
#14013 = EDGE_CURVE('',#13392,#11716,#14014,.T.);
#14014 = LINE('',#14015,#14016);
#14015 = CARTESIAN_POINT('',(0.6,0.47,-0.155));
#14016 = VECTOR('',#14017,1.);
#14017 = DIRECTION('',(-2.486182800327E-29,-1.,-3.491483361109E-15));
#14018 = ORIENTED_EDGE('',*,*,#13391,.F.);
#14019 = ORIENTED_EDGE('',*,*,#13996,.F.);
#14020 = PLANE('',#14021);
#14021 = AXIS2_PLACEMENT_3D('',#14022,#14023,#14024);
#14022 = CARTESIAN_POINT('',(0.8,3.255,-0.355));
#14023 = DIRECTION('',(-0.707106781187,2.46885156104E-15,-0.707106781187
    ));
#14024 = DIRECTION('',(-2.484911851446E-29,-1.,-3.491483361109E-15));
#14025 = ADVANCED_FACE('',(#14026),#14041,.T.);
#14026 = FACE_BOUND('',#14027,.T.);
#14027 = EDGE_LOOP('',(#14028,#14029,#14030,#14031,#14037,#14038,#14039,
    #14040));
#14028 = ORIENTED_EDGE('',*,*,#13399,.F.);
#14029 = ORIENTED_EDGE('',*,*,#14013,.T.);
#14030 = ORIENTED_EDGE('',*,*,#11715,.F.);
#14031 = ORIENTED_EDGE('',*,*,#14032,.F.);
#14032 = EDGE_CURVE('',#13712,#11708,#14033,.T.);
#14033 = LINE('',#14034,#14035);
#14034 = CARTESIAN_POINT('',(0.6,2.755,0.195));
#14035 = VECTOR('',#14036,1.);
#14036 = DIRECTION('',(0.,-1.,1.186216818912E-17));
#14037 = ORIENTED_EDGE('',*,*,#13711,.F.);
#14038 = ORIENTED_EDGE('',*,*,#11491,.F.);
#14039 = ORIENTED_EDGE('',*,*,#13697,.F.);
#14040 = ORIENTED_EDGE('',*,*,#10982,.F.);
#14041 = PLANE('',#14042);
#14042 = AXIS2_PLACEMENT_3D('',#14043,#14044,#14045);
#14043 = CARTESIAN_POINT('',(0.6,-1.68362031548E-31,-1.48914887484E-14)
  );
#14044 = DIRECTION('',(-1.,8.418101577402E-32,7.096596038087E-15));
#14045 = DIRECTION('',(7.096596038087E-15,0.,1.));
#14046 = ADVANCED_FACE('',(#14047),#14058,.F.);
#14047 = FACE_BOUND('',#14048,.T.);
#14048 = EDGE_LOOP('',(#14049,#14055,#14056,#14057));
#14049 = ORIENTED_EDGE('',*,*,#14050,.F.);
#14050 = EDGE_CURVE('',#13720,#11700,#14051,.T.);
#14051 = LINE('',#14052,#14053);
#14052 = CARTESIAN_POINT('',(0.4,2.755,0.195));
#14053 = VECTOR('',#14054,1.);
#14054 = DIRECTION('',(0.,-1.,1.186216818912E-17));
#14055 = ORIENTED_EDGE('',*,*,#13719,.T.);
#14056 = ORIENTED_EDGE('',*,*,#14032,.T.);
#14057 = ORIENTED_EDGE('',*,*,#11707,.F.);
#14058 = PLANE('',#14059);
#14059 = AXIS2_PLACEMENT_3D('',#14060,#14061,#14062);
#14060 = CARTESIAN_POINT('',(-4.,3.255,0.195));
#14061 = DIRECTION('',(6.982966722219E-15,0.,1.));
#14062 = DIRECTION('',(1.,0.,-6.982966722219E-15));
#14063 = ADVANCED_FACE('',(#14064),#14079,.F.);
#14064 = FACE_BOUND('',#14065,.T.);
#14065 = EDGE_LOOP('',(#14066,#14067,#14073,#14074,#14075,#14076,#14077,
    #14078));
#14066 = ORIENTED_EDGE('',*,*,#11699,.T.);
#14067 = ORIENTED_EDGE('',*,*,#14068,.T.);
#14068 = EDGE_CURVE('',#11692,#12151,#14069,.T.);
#14069 = LINE('',#14070,#14071);
#14070 = CARTESIAN_POINT('',(0.4,5.41179920972E-16,-0.155));
#14071 = VECTOR('',#14072,1.);
#14072 = DIRECTION('',(2.486182800327E-29,1.,3.491483361109E-15));
#14073 = ORIENTED_EDGE('',*,*,#12150,.T.);
#14074 = ORIENTED_EDGE('',*,*,#10998,.T.);
#14075 = ORIENTED_EDGE('',*,*,#13690,.T.);
#14076 = ORIENTED_EDGE('',*,*,#11509,.T.);
#14077 = ORIENTED_EDGE('',*,*,#13727,.T.);
#14078 = ORIENTED_EDGE('',*,*,#14050,.T.);
#14079 = PLANE('',#14080);
#14080 = AXIS2_PLACEMENT_3D('',#14081,#14082,#14083);
#14081 = CARTESIAN_POINT('',(0.4,-1.68362031548E-31,-1.349489540395E-14)
  );
#14082 = DIRECTION('',(-1.,8.418101577402E-32,7.096596038087E-15));
#14083 = DIRECTION('',(7.096596038087E-15,0.,1.));
#14084 = ADVANCED_FACE('',(#14085),#14091,.F.);
#14085 = FACE_BOUND('',#14086,.T.);
#14086 = EDGE_LOOP('',(#14087,#14088,#14089,#14090));
#14087 = ORIENTED_EDGE('',*,*,#11691,.F.);
#14088 = ORIENTED_EDGE('',*,*,#12097,.F.);
#14089 = ORIENTED_EDGE('',*,*,#12158,.F.);
#14090 = ORIENTED_EDGE('',*,*,#14068,.F.);
#14091 = PLANE('',#14092);
#14092 = AXIS2_PLACEMENT_3D('',#14093,#14094,#14095);
#14093 = CARTESIAN_POINT('',(0.4,5.41179920972E-16,-0.155));
#14094 = DIRECTION('',(-0.707106781187,-2.46885156104E-15,0.707106781187
    ));
#14095 = DIRECTION('',(2.524354896707E-29,1.,3.491483361109E-15));
#14096 = ADVANCED_FACE('',(#14097),#14103,.F.);
#14097 = FACE_BOUND('',#14098,.T.);
#14098 = EDGE_LOOP('',(#14099,#14100,#14101,#14102));
#14099 = ORIENTED_EDGE('',*,*,#11368,.F.);
#14100 = ORIENTED_EDGE('',*,*,#11960,.F.);
#14101 = ORIENTED_EDGE('',*,*,#11810,.T.);
#14102 = ORIENTED_EDGE('',*,*,#11190,.T.);
#14103 = PLANE('',#14104);
#14104 = AXIS2_PLACEMENT_3D('',#14105,#14106,#14107);
#14105 = CARTESIAN_POINT('',(2.2,0.355,-1.055));
#14106 = DIRECTION('',(-1.,0.,0.));
#14107 = DIRECTION('',(0.,0.,1.));
#14108 = ADVANCED_FACE('',(#14109),#14115,.F.);
#14109 = FACE_BOUND('',#14110,.T.);
#14110 = EDGE_LOOP('',(#14111,#14112,#14113,#14114));
#14111 = ORIENTED_EDGE('',*,*,#13572,.F.);
#14112 = ORIENTED_EDGE('',*,*,#13743,.F.);
#14113 = ORIENTED_EDGE('',*,*,#11982,.F.);
#14114 = ORIENTED_EDGE('',*,*,#11296,.F.);
#14115 = PLANE('',#14116);
#14116 = AXIS2_PLACEMENT_3D('',#14117,#14118,#14119);
#14117 = CARTESIAN_POINT('',(2.340041507642,3.255,3.895));
#14118 = DIRECTION('',(0.819152044289,2.340966460421E-15,-0.573576436351
    ));
#14119 = DIRECTION('',(4.130293990421E-16,-1.,-3.491483361109E-15));
#14120 = ADVANCED_FACE('',(#14121),#14127,.F.);
#14121 = FACE_BOUND('',#14122,.T.);
#14122 = EDGE_LOOP('',(#14123,#14124,#14125,#14126));
#14123 = ORIENTED_EDGE('',*,*,#13612,.F.);
#14124 = ORIENTED_EDGE('',*,*,#11264,.F.);
#14125 = ORIENTED_EDGE('',*,*,#12004,.F.);
#14126 = ORIENTED_EDGE('',*,*,#13752,.F.);
#14127 = PLANE('',#14128);
#14128 = AXIS2_PLACEMENT_3D('',#14129,#14130,#14131);
#14129 = CARTESIAN_POINT('',(2.340041507642,3.255,3.895));
#14130 = DIRECTION('',(0.819152044289,2.340966460421E-15,-0.573576436351
    ));
#14131 = DIRECTION('',(4.130293990421E-16,-1.,-3.491483361109E-15));
#14132 = ( GEOMETRIC_REPRESENTATION_CONTEXT(3) 
GLOBAL_UNCERTAINTY_ASSIGNED_CONTEXT((#14136)) 
GLOBAL_UNIT_ASSIGNED_CONTEXT((#14133,#14134,#14135)) 
REPRESENTATION_CONTEXT('Context #1',
  '3D Context with UNIT and UNCERTAINTY') );
#14133 = ( LENGTH_UNIT() NAMED_UNIT(*) SI_UNIT(.MILLI.,.METRE.) );
#14134 = ( NAMED_UNIT(*) PLANE_ANGLE_UNIT() SI_UNIT($,.RADIAN.) );
#14135 = ( NAMED_UNIT(*) SI_UNIT($,.STERADIAN.) SOLID_ANGLE_UNIT() );
#14136 = UNCERTAINTY_MEASURE_WITH_UNIT(LENGTH_MEASURE(1.E-07),#14133,
  'distance_accuracy_value','confusion accuracy');
#14137 = CONTEXT_DEPENDENT_SHAPE_REPRESENTATION(#14138,#14140);
#14138 = ( REPRESENTATION_RELATIONSHIP('','',#6835,#10) 
REPRESENTATION_RELATIONSHIP_WITH_TRANSFORMATION(#14139) 
SHAPE_REPRESENTATION_RELATIONSHIP() );
#14139 = ITEM_DEFINED_TRANSFORMATION('','',#11,#35);
#14140 = PRODUCT_DEFINITION_SHAPE('Placement','Placement of an item',
  #14141);
#14141 = NEXT_ASSEMBLY_USAGE_OCCURRENCE('6','J1','',#5,#6830,$);
#14142 = PRODUCT_RELATED_PRODUCT_CATEGORY('part',$,(#6832));
#14143 = SHAPE_DEFINITION_REPRESENTATION(#14144,#14150);
#14144 = PRODUCT_DEFINITION_SHAPE('','',#14145);
#14145 = PRODUCT_DEFINITION('design','',#14146,#14149);
#14146 = PRODUCT_DEFINITION_FORMATION('','',#14147);
#14147 = PRODUCT('temperature_fin_silkscreen',
  'temperature_fin_silkscreen','',(#14148));
#14148 = PRODUCT_CONTEXT('',#2,'mechanical');
#14149 = PRODUCT_DEFINITION_CONTEXT('part definition',#2,'design');
#14150 = SHAPE_REPRESENTATION('',(#11,#14151,#14219,#14263,#14307,#14434
    ,#14478,#14522,#14664,#14857,#15066,#15085,#15129,#15256,#15300,
    #15442,#15635,#15802,#15846,#16013,#16206,#16250,#16392,#16486,
    #16588,#16665),#16709);
#14151 = SHELL_BASED_SURFACE_MODEL('',(#14152));
#14152 = OPEN_SHELL('',(#14153));
#14153 = ADVANCED_FACE('',(#14154),#14214,.T.);
#14154 = FACE_BOUND('',#14155,.F.);
#14155 = EDGE_LOOP('',(#14156,#14166,#14174,#14183,#14191,#14200,#14208)
  );
#14156 = ORIENTED_EDGE('',*,*,#14157,.T.);
#14157 = EDGE_CURVE('',#14158,#14160,#14162,.T.);
#14158 = VERTEX_POINT('',#14159);
#14159 = CARTESIAN_POINT('',(137.310074,-100.935574,1.585));
#14160 = VERTEX_POINT('',#14161);
#14161 = CARTESIAN_POINT('',(137.3525,-100.918,1.585));
#14162 = LINE('',#14163,#14164);
#14163 = CARTESIAN_POINT('',(137.310074,-100.935574,1.585));
#14164 = VECTOR('',#14165,1.);
#14165 = DIRECTION('',(0.923875102405,0.382694127414,0.));
#14166 = ORIENTED_EDGE('',*,*,#14167,.T.);
#14167 = EDGE_CURVE('',#14160,#14168,#14170,.T.);
#14168 = VERTEX_POINT('',#14169);
#14169 = CARTESIAN_POINT('',(137.6325,-100.918,1.585));
#14170 = LINE('',#14171,#14172);
#14171 = CARTESIAN_POINT('',(137.3525,-100.918,1.585));
#14172 = VECTOR('',#14173,1.);
#14173 = DIRECTION('',(1.,0.,0.));
#14174 = ORIENTED_EDGE('',*,*,#14175,.T.);
#14175 = EDGE_CURVE('',#14168,#14176,#14178,.T.);
#14176 = VERTEX_POINT('',#14177);
#14177 = CARTESIAN_POINT('',(137.674926,-101.020426,1.585));
#14178 = CIRCLE('',#14179,6.000000000552E-02);
#14179 = AXIS2_PLACEMENT_3D('',#14180,#14181,#14182);
#14180 = CARTESIAN_POINT('',(137.63249918625,-100.978,1.585));
#14181 = DIRECTION('',(0.,0.,-1.));
#14182 = DIRECTION('',(1.356243804545E-05,0.999999999908,0.));
#14183 = ORIENTED_EDGE('',*,*,#14184,.T.);
#14184 = EDGE_CURVE('',#14176,#14185,#14187,.T.);
#14185 = VERTEX_POINT('',#14186);
#14186 = CARTESIAN_POINT('',(137.394926,-101.300426,1.585));
#14187 = LINE('',#14188,#14189);
#14188 = CARTESIAN_POINT('',(137.674926,-101.020426,1.585));
#14189 = VECTOR('',#14190,1.);
#14190 = DIRECTION('',(-0.707106781187,-0.707106781187,0.));
#14191 = ORIENTED_EDGE('',*,*,#14192,.T.);
#14192 = EDGE_CURVE('',#14185,#14193,#14195,.T.);
#14193 = VERTEX_POINT('',#14194);
#14194 = CARTESIAN_POINT('',(137.2925,-101.258,1.585));
#14195 = CIRCLE('',#14196,5.999942460278E-02);
#14196 = AXIS2_PLACEMENT_3D('',#14197,#14198,#14199);
#14197 = CARTESIAN_POINT('',(137.3524994246,-101.2580005754,1.585));
#14198 = DIRECTION('',(-0.,0.,-1.));
#14199 = DIRECTION('',(0.707116371213,-0.70709719103,-0.));
#14200 = ORIENTED_EDGE('',*,*,#14201,.T.);
#14201 = EDGE_CURVE('',#14193,#14202,#14204,.T.);
#14202 = VERTEX_POINT('',#14203);
#14203 = CARTESIAN_POINT('',(137.2925,-100.978,1.585));
#14204 = LINE('',#14205,#14206);
#14205 = CARTESIAN_POINT('',(137.2925,-101.258,1.585));
#14206 = VECTOR('',#14207,1.);
#14207 = DIRECTION('',(0.,1.,0.));
#14208 = ORIENTED_EDGE('',*,*,#14209,.T.);
#14209 = EDGE_CURVE('',#14202,#14158,#14210,.T.);
#14210 = LINE('',#14211,#14212);
#14211 = CARTESIAN_POINT('',(137.2925,-100.978,1.585));
#14212 = VECTOR('',#14213,1.);
#14213 = DIRECTION('',(0.382694127414,0.923875102405,0.));
#14214 = PLANE('',#14215);
#14215 = AXIS2_PLACEMENT_3D('',#14216,#14217,#14218);
#14216 = CARTESIAN_POINT('',(0.,0.,1.585));
#14217 = DIRECTION('',(0.,0.,1.));
#14218 = DIRECTION('',(1.,0.,-0.));
#14219 = SHELL_BASED_SURFACE_MODEL('',(#14220));
#14220 = OPEN_SHELL('',(#14221));
#14221 = ADVANCED_FACE('',(#14222),#14258,.T.);
#14222 = FACE_BOUND('',#14223,.F.);
#14223 = EDGE_LOOP('',(#14224,#14235,#14243,#14252));
#14224 = ORIENTED_EDGE('',*,*,#14225,.T.);
#14225 = EDGE_CURVE('',#14226,#14228,#14230,.T.);
#14226 = VERTEX_POINT('',#14227);
#14227 = CARTESIAN_POINT('',(135.1125,-101.138,1.585));
#14228 = VERTEX_POINT('',#14229);
#14229 = CARTESIAN_POINT('',(135.1125,-101.018,1.585));
#14230 = CIRCLE('',#14231,6.000000000043E-02);
#14231 = AXIS2_PLACEMENT_3D('',#14232,#14233,#14234);
#14232 = CARTESIAN_POINT('',(135.11249977441,-101.078,1.585));
#14233 = DIRECTION('',(0.,0.,-1.));
#14234 = DIRECTION('',(3.759794253684E-06,-0.999999999993,0.));
#14235 = ORIENTED_EDGE('',*,*,#14236,.T.);
#14236 = EDGE_CURVE('',#14228,#14237,#14239,.T.);
#14237 = VERTEX_POINT('',#14238);
#14238 = CARTESIAN_POINT('',(137.1125,-101.018,1.585));
#14239 = LINE('',#14240,#14241);
#14240 = CARTESIAN_POINT('',(135.1125,-101.018,1.585));
#14241 = VECTOR('',#14242,1.);
#14242 = DIRECTION('',(1.,0.,0.));
#14243 = ORIENTED_EDGE('',*,*,#14244,.T.);
#14244 = EDGE_CURVE('',#14237,#14245,#14247,.T.);
#14245 = VERTEX_POINT('',#14246);
#14246 = CARTESIAN_POINT('',(137.1125,-101.138,1.585));
#14247 = CIRCLE('',#14248,6.000000000042E-02);
#14248 = AXIS2_PLACEMENT_3D('',#14249,#14250,#14251);
#14249 = CARTESIAN_POINT('',(137.11250022558,-101.078,1.585));
#14250 = DIRECTION('',(0.,0.,-1.));
#14251 = DIRECTION('',(-3.759794253684E-06,0.999999999993,-0.));
#14252 = ORIENTED_EDGE('',*,*,#14253,.T.);
#14253 = EDGE_CURVE('',#14245,#14226,#14254,.T.);
#14254 = LINE('',#14255,#14256);
#14255 = CARTESIAN_POINT('',(137.1125,-101.138,1.585));
#14256 = VECTOR('',#14257,1.);
#14257 = DIRECTION('',(-1.,0.,0.));
#14258 = PLANE('',#14259);
#14259 = AXIS2_PLACEMENT_3D('',#14260,#14261,#14262);
#14260 = CARTESIAN_POINT('',(0.,0.,1.585));
#14261 = DIRECTION('',(0.,0.,1.));
#14262 = DIRECTION('',(1.,0.,-0.));
#14263 = SHELL_BASED_SURFACE_MODEL('',(#14264));
#14264 = OPEN_SHELL('',(#14265));
#14265 = ADVANCED_FACE('',(#14266),#14302,.T.);
#14266 = FACE_BOUND('',#14267,.F.);
#14267 = EDGE_LOOP('',(#14268,#14279,#14287,#14296));
#14268 = ORIENTED_EDGE('',*,*,#14269,.T.);
#14269 = EDGE_CURVE('',#14270,#14272,#14274,.T.);
#14270 = VERTEX_POINT('',#14271);
#14271 = CARTESIAN_POINT('',(135.1125,-98.918,1.585));
#14272 = VERTEX_POINT('',#14273);
#14273 = CARTESIAN_POINT('',(135.1125,-98.798,1.585));
#14274 = CIRCLE('',#14275,6.000000000043E-02);
#14275 = AXIS2_PLACEMENT_3D('',#14276,#14277,#14278);
#14276 = CARTESIAN_POINT('',(135.11249977441,-98.858,1.585));
#14277 = DIRECTION('',(0.,0.,-1.));
#14278 = DIRECTION('',(3.759794253684E-06,-0.999999999993,0.));
#14279 = ORIENTED_EDGE('',*,*,#14280,.T.);
#14280 = EDGE_CURVE('',#14272,#14281,#14283,.T.);
#14281 = VERTEX_POINT('',#14282);
#14282 = CARTESIAN_POINT('',(137.1125,-98.798,1.585));
#14283 = LINE('',#14284,#14285);
#14284 = CARTESIAN_POINT('',(135.1125,-98.798,1.585));
#14285 = VECTOR('',#14286,1.);
#14286 = DIRECTION('',(1.,0.,0.));
#14287 = ORIENTED_EDGE('',*,*,#14288,.T.);
#14288 = EDGE_CURVE('',#14281,#14289,#14291,.T.);
#14289 = VERTEX_POINT('',#14290);
#14290 = CARTESIAN_POINT('',(137.1125,-98.918,1.585));
#14291 = CIRCLE('',#14292,6.000000000042E-02);
#14292 = AXIS2_PLACEMENT_3D('',#14293,#14294,#14295);
#14293 = CARTESIAN_POINT('',(137.11250022558,-98.858,1.585));
#14294 = DIRECTION('',(0.,0.,-1.));
#14295 = DIRECTION('',(-3.759794253684E-06,0.999999999993,-0.));
#14296 = ORIENTED_EDGE('',*,*,#14297,.T.);
#14297 = EDGE_CURVE('',#14289,#14270,#14298,.T.);
#14298 = LINE('',#14299,#14300);
#14299 = CARTESIAN_POINT('',(137.1125,-98.918,1.585));
#14300 = VECTOR('',#14301,1.);
#14301 = DIRECTION('',(-1.,0.,0.));
#14302 = PLANE('',#14303);
#14303 = AXIS2_PLACEMENT_3D('',#14304,#14305,#14306);
#14304 = CARTESIAN_POINT('',(0.,0.,1.585));
#14305 = DIRECTION('',(0.,0.,1.));
#14306 = DIRECTION('',(1.,0.,-0.));
#14307 = SHELL_BASED_SURFACE_MODEL('',(#14308));
#14308 = OPEN_SHELL('',(#14309));
#14309 = ADVANCED_FACE('',(#14310),#14429,.T.);
#14310 = FACE_BOUND('',#14311,.F.);
#14311 = EDGE_LOOP('',(#14312,#14323,#14331,#14339,#14347,#14356,#14364,
    #14372,#14380,#14389,#14397,#14406,#14414,#14423));
#14312 = ORIENTED_EDGE('',*,*,#14313,.T.);
#14313 = EDGE_CURVE('',#14314,#14316,#14318,.T.);
#14314 = VERTEX_POINT('',#14315);
#14315 = CARTESIAN_POINT('',(137.260532,-98.151416,1.585));
#14316 = VERTEX_POINT('',#14317);
#14317 = CARTESIAN_POINT('',(137.275164,-98.002857,1.585));
#14318 = CIRCLE('',#14319,7.500006711462E-02);
#14319 = AXIS2_PLACEMENT_3D('',#14320,#14321,#14322);
#14320 = CARTESIAN_POINT('',(137.27516393288,-98.07785706711,1.585));
#14321 = DIRECTION('',(0.,0.,-1.));
#14322 = DIRECTION('',(-0.195092263891,-0.980784894138,-0.));
#14323 = ORIENTED_EDGE('',*,*,#14324,.T.);
#14324 = EDGE_CURVE('',#14316,#14325,#14327,.T.);
#14325 = VERTEX_POINT('',#14326);
#14326 = CARTESIAN_POINT('',(137.896939,-98.004298,1.585));
#14327 = LINE('',#14328,#14329);
#14328 = CARTESIAN_POINT('',(137.275164,-98.002857,1.585));
#14329 = VECTOR('',#14330,1.);
#14330 = DIRECTION('',(0.999997314472,-2.317552378519E-03,0.));
#14331 = ORIENTED_EDGE('',*,*,#14332,.T.);
#14332 = EDGE_CURVE('',#14325,#14333,#14335,.T.);
#14333 = VERTEX_POINT('',#14334);
#14334 = CARTESIAN_POINT('',(138.001018,-98.055819,1.585));
#14335 = LINE('',#14336,#14337);
#14336 = CARTESIAN_POINT('',(137.896939,-98.004298,1.585));
#14337 = VECTOR('',#14338,1.);
#14338 = DIRECTION('',(0.896205944174,-0.443638259878,0.));
#14339 = ORIENTED_EDGE('',*,*,#14340,.T.);
#14340 = EDGE_CURVE('',#14333,#14341,#14343,.T.);
#14341 = VERTEX_POINT('',#14342);
#14342 = CARTESIAN_POINT('',(138.056532,-98.115744,1.585));
#14343 = LINE('',#14344,#14345);
#14344 = CARTESIAN_POINT('',(138.001018,-98.055819,1.585));
#14345 = VECTOR('',#14346,1.);
#14346 = DIRECTION('',(0.679591827192,-0.733590450057,0.));
#14347 = ORIENTED_EDGE('',*,*,#14348,.T.);
#14348 = EDGE_CURVE('',#14341,#14349,#14351,.T.);
#14349 = VERTEX_POINT('',#14350);
#14350 = CARTESIAN_POINT('',(138.047202,-98.482282,1.585));
#14351 = CIRCLE('',#14352,0.314927138685);
#14352 = AXIS2_PLACEMENT_3D('',#14353,#14354,#14355);
#14353 = CARTESIAN_POINT('',(137.79588388096,-98.29249710669,1.585));
#14354 = DIRECTION('',(0.,0.,-1.));
#14355 = DIRECTION('',(0.827645785369,0.561250794175,0.));
#14356 = ORIENTED_EDGE('',*,*,#14357,.T.);
#14357 = EDGE_CURVE('',#14349,#14358,#14360,.T.);
#14358 = VERTEX_POINT('',#14359);
#14359 = CARTESIAN_POINT('',(137.987276,-98.537796,1.585));
#14360 = LINE('',#14361,#14362);
#14361 = CARTESIAN_POINT('',(138.047202,-98.482282,1.585));
#14362 = VECTOR('',#14363,1.);
#14363 = DIRECTION('',(-0.7335961038,-0.679585724166,0.));
#14364 = ORIENTED_EDGE('',*,*,#14365,.T.);
#14365 = EDGE_CURVE('',#14358,#14366,#14368,.T.);
#14366 = VERTEX_POINT('',#14367);
#14367 = CARTESIAN_POINT('',(137.896939,-98.579987,1.585));
#14368 = LINE('',#14369,#14370);
#14369 = CARTESIAN_POINT('',(137.987276,-98.537796,1.585));
#14370 = VECTOR('',#14371,1.);
#14371 = DIRECTION('',(-0.906053443337,-0.4231632756,0.));
#14372 = ORIENTED_EDGE('',*,*,#14373,.T.);
#14373 = EDGE_CURVE('',#14366,#14374,#14376,.T.);
#14374 = VERTEX_POINT('',#14375);
#14375 = CARTESIAN_POINT('',(137.260532,-98.579987,1.585));
#14376 = LINE('',#14377,#14378);
#14377 = CARTESIAN_POINT('',(137.896939,-98.579987,1.585));
#14378 = VECTOR('',#14379,1.);
#14379 = DIRECTION('',(-1.,0.,0.));
#14380 = ORIENTED_EDGE('',*,*,#14381,.T.);
#14381 = EDGE_CURVE('',#14374,#14382,#14384,.T.);
#14382 = VERTEX_POINT('',#14383);
#14383 = CARTESIAN_POINT('',(137.275164,-98.431428,1.585));
#14384 = CIRCLE('',#14385,7.500006711464E-02);
#14385 = AXIS2_PLACEMENT_3D('',#14386,#14387,#14388);
#14386 = CARTESIAN_POINT('',(137.27516393288,-98.50642806711,1.585));
#14387 = DIRECTION('',(0.,0.,-1.));
#14388 = DIRECTION('',(-0.195092263891,-0.980784894138,-0.));
#14389 = ORIENTED_EDGE('',*,*,#14390,.T.);
#14390 = EDGE_CURVE('',#14382,#14391,#14393,.T.);
#14391 = VERTEX_POINT('',#14392);
#14392 = CARTESIAN_POINT('',(137.864602,-98.431428,1.585));
#14393 = LINE('',#14394,#14395);
#14394 = CARTESIAN_POINT('',(137.275164,-98.431428,1.585));
#14395 = VECTOR('',#14396,1.);
#14396 = DIRECTION('',(1.,0.,0.));
#14397 = ORIENTED_EDGE('',*,*,#14398,.T.);
#14398 = EDGE_CURVE('',#14391,#14399,#14401,.T.);
#14399 = VERTEX_POINT('',#14400);
#14400 = CARTESIAN_POINT('',(137.950164,-98.345866,1.585));
#14401 = CIRCLE('',#14402,0.119007061012);
#14402 = AXIS2_PLACEMENT_3D('',#14403,#14404,#14405);
#14403 = CARTESIAN_POINT('',(137.8349183443,-98.3161823443,1.585));
#14404 = DIRECTION('',(0.,0.,1.));
#14405 = DIRECTION('',(0.249427684696,-0.968393427336,0.));
#14406 = ORIENTED_EDGE('',*,*,#14407,.T.);
#14407 = EDGE_CURVE('',#14399,#14408,#14410,.T.);
#14408 = VERTEX_POINT('',#14409);
#14409 = CARTESIAN_POINT('',(137.950164,-98.238418,1.585));
#14410 = LINE('',#14411,#14412);
#14411 = CARTESIAN_POINT('',(137.950164,-98.345866,1.585));
#14412 = VECTOR('',#14413,1.);
#14413 = DIRECTION('',(0.,1.,0.));
#14414 = ORIENTED_EDGE('',*,*,#14415,.T.);
#14415 = EDGE_CURVE('',#14408,#14416,#14418,.T.);
#14416 = VERTEX_POINT('',#14417);
#14417 = CARTESIAN_POINT('',(137.864602,-98.152857,1.585));
#14418 = CIRCLE('',#14419,0.118999055664);
#14419 = AXIS2_PLACEMENT_3D('',#14420,#14421,#14422);
#14420 = CARTESIAN_POINT('',(137.83492519371,-98.26809615314,1.585));
#14421 = DIRECTION('',(0.,0.,1.));
#14422 = DIRECTION('',(0.968401014997,0.249398224035,-0.));
#14423 = ORIENTED_EDGE('',*,*,#14424,.T.);
#14424 = EDGE_CURVE('',#14416,#14314,#14425,.T.);
#14425 = LINE('',#14426,#14427);
#14426 = CARTESIAN_POINT('',(137.864602,-98.152857,1.585));
#14427 = VECTOR('',#14428,1.);
#14428 = DIRECTION('',(-0.999997154743,2.385478338576E-03,0.));
#14429 = PLANE('',#14430);
#14430 = AXIS2_PLACEMENT_3D('',#14431,#14432,#14433);
#14431 = CARTESIAN_POINT('',(0.,0.,1.585));
#14432 = DIRECTION('',(0.,0.,1.));
#14433 = DIRECTION('',(1.,0.,-0.));
#14434 = SHELL_BASED_SURFACE_MODEL('',(#14435));
#14435 = OPEN_SHELL('',(#14436));
#14436 = ADVANCED_FACE('',(#14437),#14473,.T.);
#14437 = FACE_BOUND('',#14438,.F.);
#14438 = EDGE_LOOP('',(#14439,#14450,#14458,#14467));
#14439 = ORIENTED_EDGE('',*,*,#14440,.T.);
#14440 = EDGE_CURVE('',#14441,#14443,#14445,.T.);
#14441 = VERTEX_POINT('',#14442);
#14442 = CARTESIAN_POINT('',(136.042164,-98.563,1.585));
#14443 = VERTEX_POINT('',#14444);
#14444 = CARTESIAN_POINT('',(136.042164,-98.443,1.585));
#14445 = CIRCLE('',#14446,6.000000000043E-02);
#14446 = AXIS2_PLACEMENT_3D('',#14447,#14448,#14449);
#14447 = CARTESIAN_POINT('',(136.04216377441,-98.503,1.585));
#14448 = DIRECTION('',(0.,0.,-1.));
#14449 = DIRECTION('',(3.759794253683E-06,-0.999999999993,0.));
#14450 = ORIENTED_EDGE('',*,*,#14451,.T.);
#14451 = EDGE_CURVE('',#14443,#14452,#14454,.T.);
#14452 = VERTEX_POINT('',#14453);
#14453 = CARTESIAN_POINT('',(136.257836,-98.443,1.585));
#14454 = LINE('',#14455,#14456);
#14455 = CARTESIAN_POINT('',(136.042164,-98.443,1.585));
#14456 = VECTOR('',#14457,1.);
#14457 = DIRECTION('',(1.,0.,0.));
#14458 = ORIENTED_EDGE('',*,*,#14459,.T.);
#14459 = EDGE_CURVE('',#14452,#14460,#14462,.T.);
#14460 = VERTEX_POINT('',#14461);
#14461 = CARTESIAN_POINT('',(136.257836,-98.563,1.585));
#14462 = CIRCLE('',#14463,6.000000000043E-02);
#14463 = AXIS2_PLACEMENT_3D('',#14464,#14465,#14466);
#14464 = CARTESIAN_POINT('',(136.25783622558,-98.503,1.585));
#14465 = DIRECTION('',(0.,0.,-1.));
#14466 = DIRECTION('',(-3.759793779988E-06,0.999999999993,-0.));
#14467 = ORIENTED_EDGE('',*,*,#14468,.T.);
#14468 = EDGE_CURVE('',#14460,#14441,#14469,.T.);
#14469 = LINE('',#14470,#14471);
#14470 = CARTESIAN_POINT('',(136.257836,-98.563,1.585));
#14471 = VECTOR('',#14472,1.);
#14472 = DIRECTION('',(-1.,0.,0.));
#14473 = PLANE('',#14474);
#14474 = AXIS2_PLACEMENT_3D('',#14475,#14476,#14477);
#14475 = CARTESIAN_POINT('',(0.,0.,1.585));
#14476 = DIRECTION('',(0.,0.,1.));
#14477 = DIRECTION('',(1.,0.,-0.));
#14478 = SHELL_BASED_SURFACE_MODEL('',(#14479));
#14479 = OPEN_SHELL('',(#14480));
#14480 = ADVANCED_FACE('',(#14481),#14517,.T.);
#14481 = FACE_BOUND('',#14482,.F.);
#14482 = EDGE_LOOP('',(#14483,#14494,#14502,#14511));
#14483 = ORIENTED_EDGE('',*,*,#14484,.T.);
#14484 = EDGE_CURVE('',#14485,#14487,#14489,.T.);
#14485 = VERTEX_POINT('',#14486);
#14486 = CARTESIAN_POINT('',(136.042164,-97.843,1.585));
#14487 = VERTEX_POINT('',#14488);
#14488 = CARTESIAN_POINT('',(136.042164,-97.723,1.585));
#14489 = CIRCLE('',#14490,6.000000000043E-02);
#14490 = AXIS2_PLACEMENT_3D('',#14491,#14492,#14493);
#14491 = CARTESIAN_POINT('',(136.04216377441,-97.783,1.585));
#14492 = DIRECTION('',(0.,0.,-1.));
#14493 = DIRECTION('',(3.759794253683E-06,-0.999999999993,0.));
#14494 = ORIENTED_EDGE('',*,*,#14495,.T.);
#14495 = EDGE_CURVE('',#14487,#14496,#14498,.T.);
#14496 = VERTEX_POINT('',#14497);
#14497 = CARTESIAN_POINT('',(136.257836,-97.723,1.585));
#14498 = LINE('',#14499,#14500);
#14499 = CARTESIAN_POINT('',(136.042164,-97.723,1.585));
#14500 = VECTOR('',#14501,1.);
#14501 = DIRECTION('',(1.,0.,0.));
#14502 = ORIENTED_EDGE('',*,*,#14503,.T.);
#14503 = EDGE_CURVE('',#14496,#14504,#14506,.T.);
#14504 = VERTEX_POINT('',#14505);
#14505 = CARTESIAN_POINT('',(136.257836,-97.843,1.585));
#14506 = CIRCLE('',#14507,6.000000000043E-02);
#14507 = AXIS2_PLACEMENT_3D('',#14508,#14509,#14510);
#14508 = CARTESIAN_POINT('',(136.25783622558,-97.783,1.585));
#14509 = DIRECTION('',(0.,0.,-1.));
#14510 = DIRECTION('',(-3.759793779988E-06,0.999999999993,-0.));
#14511 = ORIENTED_EDGE('',*,*,#14512,.T.);
#14512 = EDGE_CURVE('',#14504,#14485,#14513,.T.);
#14513 = LINE('',#14514,#14515);
#14514 = CARTESIAN_POINT('',(136.257836,-97.843,1.585));
#14515 = VECTOR('',#14516,1.);
#14516 = DIRECTION('',(-1.,0.,0.));
#14517 = PLANE('',#14518);
#14518 = AXIS2_PLACEMENT_3D('',#14519,#14520,#14521);
#14519 = CARTESIAN_POINT('',(0.,0.,1.585));
#14520 = DIRECTION('',(0.,0.,1.));
#14521 = DIRECTION('',(1.,0.,-0.));
#14522 = SHELL_BASED_SURFACE_MODEL('',(#14523));
#14523 = OPEN_SHELL('',(#14524));
#14524 = ADVANCED_FACE('',(#14525),#14659,.T.);
#14525 = FACE_BOUND('',#14526,.F.);
#14526 = EDGE_LOOP('',(#14527,#14538,#14546,#14555,#14563,#14571,#14579,
    #14587,#14596,#14604,#14612,#14620,#14629,#14637,#14645,#14653));
#14527 = ORIENTED_EDGE('',*,*,#14528,.T.);
#14528 = EDGE_CURVE('',#14529,#14531,#14533,.T.);
#14529 = VERTEX_POINT('',#14530);
#14530 = CARTESIAN_POINT('',(137.983496,-97.265497,1.585));
#14531 = VERTEX_POINT('',#14532);
#14532 = CARTESIAN_POINT('',(138.100164,-97.327857,1.585));
#14533 = CIRCLE('',#14534,7.500000000002E-02);
#14534 = AXIS2_PLACEMENT_3D('',#14535,#14536,#14537);
#14535 = CARTESIAN_POINT('',(138.025164,-97.32785706555,1.585));
#14536 = DIRECTION('',(0.,0.,-1.));
#14537 = DIRECTION('',(-0.555573333333,0.831467540731,0.));
#14538 = ORIENTED_EDGE('',*,*,#14539,.T.);
#14539 = EDGE_CURVE('',#14531,#14540,#14542,.T.);
#14540 = VERTEX_POINT('',#14541);
#14541 = CARTESIAN_POINT('',(138.098723,-97.77106,1.585));
#14542 = LINE('',#14543,#14544);
#14543 = CARTESIAN_POINT('',(138.100164,-97.327857,1.585));
#14544 = VECTOR('',#14545,1.);
#14545 = DIRECTION('',(-3.251314597466E-03,-0.999994714463,0.));
#14546 = ORIENTED_EDGE('',*,*,#14547,.T.);
#14547 = EDGE_CURVE('',#14540,#14548,#14550,.T.);
#14548 = VERTEX_POINT('',#14549);
#14549 = CARTESIAN_POINT('',(137.950164,-97.756428,1.585));
#14550 = CIRCLE('',#14551,7.500006711464E-02);
#14551 = AXIS2_PLACEMENT_3D('',#14552,#14553,#14554);
#14552 = CARTESIAN_POINT('',(138.02516406711,-97.75642806711,1.585));
#14553 = DIRECTION('',(-0.,0.,-1.));
#14554 = DIRECTION('',(0.980784894138,-0.195092263891,-0.));
#14555 = ORIENTED_EDGE('',*,*,#14556,.T.);
#14556 = EDGE_CURVE('',#14548,#14557,#14559,.T.);
#14557 = VERTEX_POINT('',#14558);
#14558 = CARTESIAN_POINT('',(137.950164,-97.617143,1.585));
#14559 = LINE('',#14560,#14561);
#14560 = CARTESIAN_POINT('',(137.950164,-97.756428,1.585));
#14561 = VECTOR('',#14562,1.);
#14562 = DIRECTION('',(0.,1.,0.));
#14563 = ORIENTED_EDGE('',*,*,#14564,.T.);
#14564 = EDGE_CURVE('',#14557,#14565,#14567,.T.);
#14565 = VERTEX_POINT('',#14566);
#14566 = CARTESIAN_POINT('',(137.491944,-97.617143,1.585));
#14567 = LINE('',#14568,#14569);
#14568 = CARTESIAN_POINT('',(137.950164,-97.617143,1.585));
#14569 = VECTOR('',#14570,1.);
#14570 = DIRECTION('',(-1.,0.,0.));
#14571 = ORIENTED_EDGE('',*,*,#14572,.T.);
#14572 = EDGE_CURVE('',#14565,#14573,#14575,.T.);
#14573 = VERTEX_POINT('',#14574);
#14574 = CARTESIAN_POINT('',(137.520817,-97.651458,1.585));
#14575 = LINE('',#14576,#14577);
#14576 = CARTESIAN_POINT('',(137.491944,-97.617143,1.585));
#14577 = VECTOR('',#14578,1.);
#14578 = DIRECTION('',(0.643824633847,-0.765173079017,0.));
#14579 = ORIENTED_EDGE('',*,*,#14580,.T.);
#14580 = EDGE_CURVE('',#14573,#14581,#14583,.T.);
#14581 = VERTEX_POINT('',#14582);
#14582 = CARTESIAN_POINT('',(137.561786,-97.736618,1.585));
#14583 = LINE('',#14584,#14585);
#14584 = CARTESIAN_POINT('',(137.520817,-97.651458,1.585));
#14585 = VECTOR('',#14586,1.);
#14586 = DIRECTION('',(0.433523843663,-0.901142095885,0.));
#14587 = ORIENTED_EDGE('',*,*,#14588,.T.);
#14588 = EDGE_CURVE('',#14581,#14589,#14591,.T.);
#14589 = VERTEX_POINT('',#14590);
#14590 = CARTESIAN_POINT('',(137.422368,-97.789969,1.585));
#14591 = CIRCLE('',#14592,7.499974107728E-02);
#14592 = AXIS2_PLACEMENT_3D('',#14593,#14594,#14595);
#14593 = CARTESIAN_POINT('',(137.48944986058,-97.75642820183,1.585));
#14594 = DIRECTION('',(0.,0.,-1.));
#14595 = DIRECTION('',(0.964485188518,0.264136936322,0.));
#14596 = ORIENTED_EDGE('',*,*,#14597,.T.);
#14597 = EDGE_CURVE('',#14589,#14598,#14600,.T.);
#14598 = VERTEX_POINT('',#14599);
#14599 = CARTESIAN_POINT('',(137.392095,-97.729426,1.585));
#14600 = LINE('',#14601,#14602);
#14601 = CARTESIAN_POINT('',(137.422368,-97.789969,1.585));
#14602 = VECTOR('',#14603,1.);
#14603 = DIRECTION('',(-0.447231323341,0.89441832686,0.));
#14604 = ORIENTED_EDGE('',*,*,#14605,.T.);
#14605 = EDGE_CURVE('',#14598,#14606,#14608,.T.);
#14606 = VERTEX_POINT('',#14607);
#14607 = CARTESIAN_POINT('',(137.334526,-97.671856,1.585));
#14608 = LINE('',#14609,#14610);
#14609 = CARTESIAN_POINT('',(137.392095,-97.729426,1.585));
#14610 = VECTOR('',#14611,1.);
#14611 = DIRECTION('',(-0.707100639828,0.707112922491,0.));
#14612 = ORIENTED_EDGE('',*,*,#14613,.T.);
#14613 = EDGE_CURVE('',#14606,#14614,#14616,.T.);
#14614 = VERTEX_POINT('',#14615);
#14615 = CARTESIAN_POINT('',(137.222186,-97.595232,1.585));
#14616 = LINE('',#14617,#14618);
#14617 = CARTESIAN_POINT('',(137.334526,-97.671856,1.585));
#14618 = VECTOR('',#14619,1.);
#14619 = DIRECTION('',(-0.826129625008,0.563480117381,0.));
#14620 = ORIENTED_EDGE('',*,*,#14621,.T.);
#14621 = EDGE_CURVE('',#14614,#14622,#14624,.T.);
#14622 = VERTEX_POINT('',#14623);
#14623 = CARTESIAN_POINT('',(137.275164,-97.467143,1.585));
#14624 = CIRCLE('',#14625,7.500074667286E-02);
#14625 = AXIS2_PLACEMENT_3D('',#14626,#14627,#14628);
#14626 = CARTESIAN_POINT('',(137.27516476329,-97.54214374666,1.585));
#14627 = DIRECTION('',(0.,0.,-1.));
#14628 = DIRECTION('',(-0.706376478106,-0.707836330784,-0.));
#14629 = ORIENTED_EDGE('',*,*,#14630,.T.);
#14630 = EDGE_CURVE('',#14622,#14631,#14633,.T.);
#14631 = VERTEX_POINT('',#14632);
#14632 = CARTESIAN_POINT('',(137.950164,-97.467143,1.585));
#14633 = LINE('',#14634,#14635);
#14634 = CARTESIAN_POINT('',(137.275164,-97.467143,1.585));
#14635 = VECTOR('',#14636,1.);
#14636 = DIRECTION('',(1.,0.,0.));
#14637 = ORIENTED_EDGE('',*,*,#14638,.T.);
#14638 = EDGE_CURVE('',#14631,#14639,#14641,.T.);
#14639 = VERTEX_POINT('',#14640);
#14640 = CARTESIAN_POINT('',(137.951605,-97.313225,1.585));
#14641 = LINE('',#14642,#14643);
#14642 = CARTESIAN_POINT('',(137.950164,-97.467143,1.585));
#14643 = VECTOR('',#14644,1.);
#14644 = DIRECTION('',(9.361717620619E-03,0.999956178161,0.));
#14645 = ORIENTED_EDGE('',*,*,#14646,.T.);
#14646 = EDGE_CURVE('',#14639,#14647,#14649,.T.);
#14647 = VERTEX_POINT('',#14648);
#14648 = CARTESIAN_POINT('',(137.962804,-97.286189,1.585));
#14649 = LINE('',#14650,#14651);
#14650 = CARTESIAN_POINT('',(137.951605,-97.313225,1.585));
#14651 = VECTOR('',#14652,1.);
#14652 = DIRECTION('',(0.38269282806,0.923875640631,0.));
#14653 = ORIENTED_EDGE('',*,*,#14654,.T.);
#14654 = EDGE_CURVE('',#14647,#14529,#14655,.T.);
#14655 = LINE('',#14656,#14657);
#14656 = CARTESIAN_POINT('',(137.962804,-97.286189,1.585));
#14657 = VECTOR('',#14658,1.);
#14658 = DIRECTION('',(0.707106781187,0.707106781187,0.));
#14659 = PLANE('',#14660);
#14660 = AXIS2_PLACEMENT_3D('',#14661,#14662,#14663);
#14661 = CARTESIAN_POINT('',(0.,0.,1.585));
#14662 = DIRECTION('',(0.,0.,1.));
#14663 = DIRECTION('',(1.,0.,-0.));
#14664 = SHELL_BASED_SURFACE_MODEL('',(#14665));
#14665 = OPEN_SHELL('',(#14666));
#14666 = ADVANCED_FACE('',(#14667),#14852,.T.);
#14667 = FACE_BOUND('',#14668,.F.);
#14668 = EDGE_LOOP('',(#14669,#14680,#14688,#14697,#14705,#14714,#14722,
    #14731,#14739,#14747,#14755,#14764,#14772,#14781,#14789,#14798,
    #14806,#14814,#14822,#14830,#14838,#14846));
#14669 = ORIENTED_EDGE('',*,*,#14670,.T.);
#14670 = EDGE_CURVE('',#14671,#14673,#14675,.T.);
#14671 = VERTEX_POINT('',#14672);
#14672 = CARTESIAN_POINT('',(134.892429,-96.742721,1.585));
#14673 = VERTEX_POINT('',#14674);
#14674 = CARTESIAN_POINT('',(135.256953,-96.745518,1.585));
#14675 = CIRCLE('',#14676,0.364824575295);
#14676 = AXIS2_PLACEMENT_3D('',#14677,#14678,#14679);
#14677 = CARTESIAN_POINT('',(135.07226615932,-97.060141174,1.585));
#14678 = DIRECTION('',(0.,0.,-1.));
#14679 = DIRECTION('',(-0.492941461467,0.870062477967,0.));
#14680 = ORIENTED_EDGE('',*,*,#14681,.T.);
#14681 = EDGE_CURVE('',#14673,#14682,#14684,.T.);
#14682 = VERTEX_POINT('',#14683);
#14683 = CARTESIAN_POINT('',(135.313359,-96.801924,1.585));
#14684 = LINE('',#14685,#14686);
#14685 = CARTESIAN_POINT('',(135.256953,-96.745518,1.585));
#14686 = VECTOR('',#14687,1.);
#14687 = DIRECTION('',(0.707106781186,-0.707106781187,0.));
#14688 = ORIENTED_EDGE('',*,*,#14689,.T.);
#14689 = EDGE_CURVE('',#14682,#14690,#14692,.T.);
#14690 = VERTEX_POINT('',#14691);
#14691 = CARTESIAN_POINT('',(135.197966,-96.896625,1.585));
#14692 = CIRCLE('',#14693,7.499996838526E-02);
#14693 = AXIS2_PLACEMENT_3D('',#14694,#14695,#14696);
#14694 = CARTESIAN_POINT('',(135.25099897246,-96.843592,1.585));
#14695 = DIRECTION('',(0.,0.,-1.));
#14696 = DIRECTION('',(0.831467384248,0.555573567524,0.));
#14697 = ORIENTED_EDGE('',*,*,#14698,.T.);
#14698 = EDGE_CURVE('',#14690,#14699,#14701,.T.);
#14699 = VERTEX_POINT('',#14700);
#14700 = CARTESIAN_POINT('',(135.17477,-96.873429,1.585));
#14701 = LINE('',#14702,#14703);
#14702 = CARTESIAN_POINT('',(135.197966,-96.896625,1.585));
#14703 = VECTOR('',#14704,1.);
#14704 = DIRECTION('',(-0.707106781187,0.707106781186,0.));
#14705 = ORIENTED_EDGE('',*,*,#14706,.T.);
#14706 = EDGE_CURVE('',#14699,#14707,#14709,.T.);
#14707 = VERTEX_POINT('',#14708);
#14708 = CARTESIAN_POINT('',(134.970084,-96.87343,1.585));
#14709 = CIRCLE('',#14710,0.203336788813);
#14710 = AXIS2_PLACEMENT_3D('',#14711,#14712,#14713);
#14711 = CARTESIAN_POINT('',(135.0724278584,-97.04913311417,1.585));
#14712 = DIRECTION('',(0.,0.,1.));
#14713 = DIRECTION('',(0.503313454451,0.86410390959,-0.));
#14714 = ORIENTED_EDGE('',*,*,#14715,.T.);
#14715 = EDGE_CURVE('',#14707,#14716,#14718,.T.);
#14716 = VERTEX_POINT('',#14717);
#14717 = CARTESIAN_POINT('',(134.919781,-96.923734,1.585));
#14718 = LINE('',#14719,#14720);
#14719 = CARTESIAN_POINT('',(134.970084,-96.87343,1.585));
#14720 = VECTOR('',#14721,1.);
#14721 = DIRECTION('',(-0.707099752746,-0.707113809557,0.));
#14722 = ORIENTED_EDGE('',*,*,#14723,.T.);
#14723 = EDGE_CURVE('',#14716,#14724,#14726,.T.);
#14724 = VERTEX_POINT('',#14725);
#14725 = CARTESIAN_POINT('',(134.861714,-97.191501,1.585));
#14726 = CIRCLE('',#14727,0.43813307615);
#14727 = AXIS2_PLACEMENT_3D('',#14728,#14729,#14730);
#14728 = CARTESIAN_POINT('',(135.29745867527,-97.14581544005,1.585));
#14729 = DIRECTION('',(0.,0.,1.));
#14730 = DIRECTION('',(-0.862015893874,0.506881247146,0.));
#14731 = ORIENTED_EDGE('',*,*,#14732,.T.);
#14732 = EDGE_CURVE('',#14724,#14733,#14735,.T.);
#14733 = VERTEX_POINT('',#14734);
#14734 = CARTESIAN_POINT('',(134.893192,-97.317416,1.585));
#14735 = LINE('',#14736,#14737);
#14736 = CARTESIAN_POINT('',(134.861714,-97.191501,1.585));
#14737 = VECTOR('',#14738,1.);
#14738 = DIRECTION('',(0.242530186384,-0.970143859792,0.));
#14739 = ORIENTED_EDGE('',*,*,#14740,.T.);
#14740 = EDGE_CURVE('',#14733,#14741,#14743,.T.);
#14741 = VERTEX_POINT('',#14742);
#14742 = CARTESIAN_POINT('',(134.91978,-97.370593,1.585));
#14743 = LINE('',#14744,#14745);
#14744 = CARTESIAN_POINT('',(134.893192,-97.317416,1.585));
#14745 = VECTOR('',#14746,1.);
#14746 = DIRECTION('',(0.447206867537,-0.89443055495,0.));
#14747 = ORIENTED_EDGE('',*,*,#14748,.T.);
#14748 = EDGE_CURVE('',#14741,#14749,#14751,.T.);
#14749 = VERTEX_POINT('',#14750);
#14750 = CARTESIAN_POINT('',(134.970084,-97.420897,1.585));
#14751 = LINE('',#14752,#14753);
#14752 = CARTESIAN_POINT('',(134.91978,-97.370593,1.585));
#14753 = VECTOR('',#14754,1.);
#14754 = DIRECTION('',(0.707106781187,-0.707106781186,0.));
#14755 = ORIENTED_EDGE('',*,*,#14756,.T.);
#14756 = EDGE_CURVE('',#14749,#14757,#14759,.T.);
#14757 = VERTEX_POINT('',#14758);
#14758 = CARTESIAN_POINT('',(135.17477,-97.420898,1.585));
#14759 = CIRCLE('',#14760,0.203330363926);
#14760 = AXIS2_PLACEMENT_3D('',#14761,#14762,#14763);
#14761 = CARTESIAN_POINT('',(135.07242785836,-97.2452013212,1.585));
#14762 = DIRECTION('',(0.,0.,1.));
#14763 = DIRECTION('',(-0.503337801561,-0.864089727702,0.));
#14764 = ORIENTED_EDGE('',*,*,#14765,.T.);
#14765 = EDGE_CURVE('',#14757,#14766,#14768,.T.);
#14766 = VERTEX_POINT('',#14767);
#14767 = CARTESIAN_POINT('',(135.20933,-97.388375,1.585));
#14768 = LINE('',#14769,#14770);
#14769 = CARTESIAN_POINT('',(135.17477,-97.420898,1.585));
#14770 = VECTOR('',#14771,1.);
#14771 = DIRECTION('',(0.728242676249,0.685319344897,0.));
#14772 = ORIENTED_EDGE('',*,*,#14773,.T.);
#14773 = EDGE_CURVE('',#14766,#14774,#14776,.T.);
#14774 = VERTEX_POINT('',#14775);
#14775 = CARTESIAN_POINT('',(135.304033,-97.503767,1.585));
#14776 = CIRCLE('',#14777,7.500025564335E-02);
#14777 = AXIS2_PLACEMENT_3D('',#14778,#14779,#14780);
#14778 = CARTESIAN_POINT('',(135.2509987483,-97.450734873,1.585));
#14779 = DIRECTION('',(0.,0.,-1.));
#14780 = DIRECTION('',(-0.555581416931,0.831462139343,0.));
#14781 = ORIENTED_EDGE('',*,*,#14782,.T.);
#14782 = EDGE_CURVE('',#14774,#14783,#14785,.T.);
#14783 = VERTEX_POINT('',#14784);
#14784 = CARTESIAN_POINT('',(135.252428,-97.551607,1.585));
#14785 = LINE('',#14786,#14787);
#14786 = CARTESIAN_POINT('',(135.304033,-97.503767,1.585));
#14787 = VECTOR('',#14788,1.);
#14788 = DIRECTION('',(-0.733352529878,-0.679848561755,0.));
#14789 = ORIENTED_EDGE('',*,*,#14790,.T.);
#14790 = EDGE_CURVE('',#14783,#14791,#14793,.T.);
#14791 = VERTEX_POINT('',#14792);
#14792 = CARTESIAN_POINT('',(134.887903,-97.548811,1.585));
#14793 = CIRCLE('',#14794,0.365100018968);
#14794 = AXIS2_PLACEMENT_3D('',#14795,#14796,#14797);
#14795 = CARTESIAN_POINT('',(135.07259190348,-97.23386968359,1.585));
#14796 = DIRECTION('',(-0.,0.,-1.));
#14797 = DIRECTION('',(0.492566658933,-0.870274718987,-0.));
#14798 = ORIENTED_EDGE('',*,*,#14799,.T.);
#14799 = EDGE_CURVE('',#14791,#14800,#14802,.T.);
#14800 = VERTEX_POINT('',#14801);
#14801 = CARTESIAN_POINT('',(134.795024,-97.454861,1.585));
#14802 = LINE('',#14803,#14804);
#14803 = CARTESIAN_POINT('',(134.887903,-97.548811,1.585));
#14804 = VECTOR('',#14805,1.);
#14805 = DIRECTION('',(-0.70304172964,0.711148596557,0.));
#14806 = ORIENTED_EDGE('',*,*,#14807,.T.);
#14807 = EDGE_CURVE('',#14800,#14808,#14810,.T.);
#14808 = VERTEX_POINT('',#14809);
#14809 = CARTESIAN_POINT('',(134.749667,-97.361782,1.585));
#14810 = LINE('',#14811,#14812);
#14811 = CARTESIAN_POINT('',(134.795024,-97.454861,1.585));
#14812 = VECTOR('',#14813,1.);
#14813 = DIRECTION('',(-0.438053879319,0.898948718678,0.));
#14814 = ORIENTED_EDGE('',*,*,#14815,.T.);
#14815 = EDGE_CURVE('',#14808,#14816,#14818,.T.);
#14816 = VERTEX_POINT('',#14817);
#14817 = CARTESIAN_POINT('',(134.711714,-97.200735,1.585));
#14818 = LINE('',#14819,#14820);
#14819 = CARTESIAN_POINT('',(134.749667,-97.361782,1.585));
#14820 = VECTOR('',#14821,1.);
#14821 = DIRECTION('',(-0.229380566806,0.973336815071,0.));
#14822 = ORIENTED_EDGE('',*,*,#14823,.T.);
#14823 = EDGE_CURVE('',#14816,#14824,#14826,.T.);
#14824 = VERTEX_POINT('',#14825);
#14825 = CARTESIAN_POINT('',(134.713953,-97.075402,1.585));
#14826 = LINE('',#14827,#14828);
#14827 = CARTESIAN_POINT('',(134.711714,-97.200735,1.585));
#14828 = VECTOR('',#14829,1.);
#14829 = DIRECTION('',(1.786155929797E-02,0.999840469625,0.));
#14830 = ORIENTED_EDGE('',*,*,#14831,.T.);
#14831 = EDGE_CURVE('',#14824,#14832,#14834,.T.);
#14832 = VERTEX_POINT('',#14833);
#14833 = CARTESIAN_POINT('',(134.755346,-96.917194,1.585));
#14834 = LINE('',#14835,#14836);
#14835 = CARTESIAN_POINT('',(134.713953,-97.075402,1.585));
#14836 = VECTOR('',#14837,1.);
#14837 = DIRECTION('',(0.25311658908,0.96743578202,0.));
#14838 = ORIENTED_EDGE('',*,*,#14839,.T.);
#14839 = EDGE_CURVE('',#14832,#14840,#14842,.T.);
#14840 = VERTEX_POINT('',#14841);
#14841 = CARTESIAN_POINT('',(134.805109,-96.826274,1.585));
#14842 = LINE('',#14843,#14844);
#14843 = CARTESIAN_POINT('',(134.755346,-96.917194,1.585));
#14844 = VECTOR('',#14845,1.);
#14845 = DIRECTION('',(0.480117744353,0.877204053546,0.));
#14846 = ORIENTED_EDGE('',*,*,#14847,.T.);
#14847 = EDGE_CURVE('',#14840,#14671,#14848,.T.);
#14848 = LINE('',#14849,#14850);
#14849 = CARTESIAN_POINT('',(134.805109,-96.826274,1.585));
#14850 = VECTOR('',#14851,1.);
#14851 = DIRECTION('',(0.722519829251,0.691350198046,0.));
#14852 = PLANE('',#14853);
#14853 = AXIS2_PLACEMENT_3D('',#14854,#14855,#14856);
#14854 = CARTESIAN_POINT('',(0.,0.,1.585));
#14855 = DIRECTION('',(0.,0.,1.));
#14856 = DIRECTION('',(1.,0.,-0.));
#14857 = SHELL_BASED_SURFACE_MODEL('',(#14858));
#14858 = OPEN_SHELL('',(#14859));
#14859 = ADVANCED_FACE('',(#14860),#15061,.T.);
#14860 = FACE_BOUND('',#14861,.F.);
#14861 = EDGE_LOOP('',(#14862,#14873,#14881,#14890,#14898,#14906,#14914,
    #14922,#14931,#14939,#14947,#14955,#14963,#14971,#14980,#14988,
    #14997,#15005,#15014,#15022,#15030,#15038,#15047,#15055));
#14862 = ORIENTED_EDGE('',*,*,#14863,.T.);
#14863 = EDGE_CURVE('',#14864,#14866,#14868,.T.);
#14864 = VERTEX_POINT('',#14865);
#14865 = CARTESIAN_POINT('',(135.486367,-96.845723,1.585));
#14866 = VERTEX_POINT('',#14867);
#14867 = CARTESIAN_POINT('',(135.500999,-96.697164,1.585));
#14868 = CIRCLE('',#14869,7.500006711465E-02);
#14869 = AXIS2_PLACEMENT_3D('',#14870,#14871,#14872);
#14870 = CARTESIAN_POINT('',(135.50099893288,-96.77216406711,1.585));
#14871 = DIRECTION('',(0.,0.,-1.));
#14872 = DIRECTION('',(-0.195092263891,-0.980784894138,-0.));
#14873 = ORIENTED_EDGE('',*,*,#14874,.T.);
#14874 = EDGE_CURVE('',#14866,#14875,#14877,.T.);
#14875 = VERTEX_POINT('',#14876);
#14876 = CARTESIAN_POINT('',(135.973023,-96.697926,1.585));
#14877 = LINE('',#14878,#14879);
#14878 = CARTESIAN_POINT('',(135.500999,-96.697164,1.585));
#14879 = VECTOR('',#14880,1.);
#14880 = DIRECTION('',(0.99999869698,-1.614322591846E-03,0.));
#14881 = ORIENTED_EDGE('',*,*,#14882,.T.);
#14882 = EDGE_CURVE('',#14875,#14883,#14885,.T.);
#14883 = VERTEX_POINT('',#14884);
#14884 = CARTESIAN_POINT('',(136.038844,-96.786796,1.585));
#14885 = CIRCLE('',#14886,7.447391611627E-02);
#14886 = AXIS2_PLACEMENT_3D('',#14887,#14888,#14889);
#14887 = CARTESIAN_POINT('',(135.96584392664,-96.7720530874,1.585));
#14888 = DIRECTION('',(0.,0.,-1.));
#14889 = DIRECTION('',(9.639715124812E-02,0.995342950561,0.));
#14890 = ORIENTED_EDGE('',*,*,#14891,.T.);
#14891 = EDGE_CURVE('',#14883,#14892,#14894,.T.);
#14892 = VERTEX_POINT('',#14893);
#14893 = CARTESIAN_POINT('',(136.021728,-96.821552,1.585));
#14894 = LINE('',#14895,#14896);
#14895 = CARTESIAN_POINT('',(136.038844,-96.786796,1.585));
#14896 = VECTOR('',#14897,1.);
#14897 = DIRECTION('',(-0.441795255027,-0.897115908139,0.));
#14898 = ORIENTED_EDGE('',*,*,#14899,.T.);
#14899 = EDGE_CURVE('',#14892,#14900,#14902,.T.);
#14900 = VERTEX_POINT('',#14901);
#14901 = CARTESIAN_POINT('',(135.868261,-96.996942,1.585));
#14902 = LINE('',#14903,#14904);
#14903 = CARTESIAN_POINT('',(136.021728,-96.821552,1.585));
#14904 = VECTOR('',#14905,1.);
#14905 = DIRECTION('',(-0.658506430536,-0.752575099869,0.));
#14906 = ORIENTED_EDGE('',*,*,#14907,.T.);
#14907 = EDGE_CURVE('',#14900,#14908,#14910,.T.);
#14908 = VERTEX_POINT('',#14909);
#14909 = CARTESIAN_POINT('',(135.946891,-97.04056,1.585));
#14910 = LINE('',#14911,#14912);
#14911 = CARTESIAN_POINT('',(135.868261,-96.996942,1.585));
#14912 = VECTOR('',#14913,1.);
#14913 = DIRECTION('',(0.874465557696,-0.485087608999,0.));
#14914 = ORIENTED_EDGE('',*,*,#14915,.T.);
#14915 = EDGE_CURVE('',#14908,#14916,#14918,.T.);
#14916 = VERTEX_POINT('',#14917);
#14917 = CARTESIAN_POINT('',(135.996653,-97.095766,1.585));
#14918 = LINE('',#14919,#14920);
#14919 = CARTESIAN_POINT('',(135.946891,-97.04056,1.585));
#14920 = VECTOR('',#14921,1.);
#14921 = DIRECTION('',(0.669533945172,-0.742781459289,0.));
#14922 = ORIENTED_EDGE('',*,*,#14923,.T.);
#14923 = EDGE_CURVE('',#14916,#14924,#14926,.T.);
#14924 = VERTEX_POINT('',#14925);
#14925 = CARTESIAN_POINT('',(135.987322,-97.498018,1.585));
#14926 = CIRCLE('',#14927,0.355966000088);
#14927 = AXIS2_PLACEMENT_3D('',#14928,#14929,#14930);
#14928 = CARTESIAN_POINT('',(135.69840279523,-97.29008174453,1.585));
#14929 = DIRECTION('',(0.,0.,-1.));
#14930 = DIRECTION('',(0.837861494336,0.54588287783,0.));
#14931 = ORIENTED_EDGE('',*,*,#14932,.T.);
#14932 = EDGE_CURVE('',#14924,#14933,#14935,.T.);
#14933 = VERTEX_POINT('',#14934);
#14934 = CARTESIAN_POINT('',(135.927398,-97.553532,1.585));
#14935 = LINE('',#14936,#14937);
#14936 = CARTESIAN_POINT('',(135.987322,-97.498018,1.585));
#14937 = VECTOR('',#14938,1.);
#14938 = DIRECTION('',(-0.733584796161,-0.67959793028,0.));
#14939 = ORIENTED_EDGE('',*,*,#14940,.T.);
#14940 = EDGE_CURVE('',#14933,#14941,#14943,.T.);
#14941 = VERTEX_POINT('',#14942);
#14942 = CARTESIAN_POINT('',(135.83706,-97.595723,1.585));
#14943 = LINE('',#14944,#14945);
#14944 = CARTESIAN_POINT('',(135.927398,-97.553532,1.585));
#14945 = VECTOR('',#14946,1.);
#14946 = DIRECTION('',(-0.906055239304,-0.423159430156,0.));
#14947 = ORIENTED_EDGE('',*,*,#14948,.T.);
#14948 = EDGE_CURVE('',#14941,#14949,#14951,.T.);
#14949 = VERTEX_POINT('',#14950);
#14950 = CARTESIAN_POINT('',(135.588333,-97.594501,1.585));
#14951 = LINE('',#14952,#14953);
#14952 = CARTESIAN_POINT('',(135.83706,-97.595723,1.585));
#14953 = VECTOR('',#14954,1.);
#14954 = DIRECTION('',(-0.99998793135,4.912957789554E-03,0.));
#14955 = ORIENTED_EDGE('',*,*,#14956,.T.);
#14956 = EDGE_CURVE('',#14949,#14957,#14959,.T.);
#14957 = VERTEX_POINT('',#14958);
#14958 = CARTESIAN_POINT('',(135.48943,-97.544201,1.585));
#14959 = LINE('',#14960,#14961);
#14960 = CARTESIAN_POINT('',(135.588333,-97.594501,1.585));
#14961 = VECTOR('',#14962,1.);
#14962 = DIRECTION('',(-0.891347481429,0.453320711362,0.));
#14963 = ORIENTED_EDGE('',*,*,#14964,.T.);
#14964 = EDGE_CURVE('',#14957,#14965,#14967,.T.);
#14965 = VERTEX_POINT('',#14966);
#14966 = CARTESIAN_POINT('',(135.438639,-97.492403,1.585));
#14967 = LINE('',#14968,#14969);
#14968 = CARTESIAN_POINT('',(135.48943,-97.544201,1.585));
#14969 = VECTOR('',#14970,1.);
#14970 = DIRECTION('',(-0.700132186435,0.71401325024,0.));
#14971 = ORIENTED_EDGE('',*,*,#14972,.T.);
#14972 = EDGE_CURVE('',#14965,#14973,#14975,.T.);
#14973 = VERTEX_POINT('',#14974);
#14974 = CARTESIAN_POINT('',(135.554032,-97.397702,1.585));
#14975 = CIRCLE('',#14976,7.499996838527E-02);
#14976 = AXIS2_PLACEMENT_3D('',#14977,#14978,#14979);
#14977 = CARTESIAN_POINT('',(135.50099902753,-97.450735,1.585));
#14978 = DIRECTION('',(0.,0.,-1.));
#14979 = DIRECTION('',(-0.831467384248,-0.555573567524,-0.));
#14980 = ORIENTED_EDGE('',*,*,#14981,.T.);
#14981 = EDGE_CURVE('',#14973,#14982,#14984,.T.);
#14982 = VERTEX_POINT('',#14983);
#14983 = CARTESIAN_POINT('',(135.581141,-97.424811,1.585));
#14984 = LINE('',#14985,#14986);
#14985 = CARTESIAN_POINT('',(135.554032,-97.397702,1.585));
#14986 = VECTOR('',#14987,1.);
#14987 = DIRECTION('',(0.707106781186,-0.707106781187,0.));
#14988 = ORIENTED_EDGE('',*,*,#14989,.T.);
#14989 = EDGE_CURVE('',#14982,#14990,#14992,.T.);
#14990 = VERTEX_POINT('',#14991);
#14991 = CARTESIAN_POINT('',(135.849428,-97.424811,1.585));
#14992 = CIRCLE('',#14993,0.251217336608);
#14993 = AXIS2_PLACEMENT_3D('',#14994,#14995,#14996);
#14994 = CARTESIAN_POINT('',(135.7152845,-97.2124065,1.585));
#14995 = DIRECTION('',(0.,0.,1.));
#14996 = DIRECTION('',(-0.533973896114,-0.845500962902,0.));
#14997 = ORIENTED_EDGE('',*,*,#14998,.T.);
#14998 = EDGE_CURVE('',#14990,#14999,#15001,.T.);
#14999 = VERTEX_POINT('',#15000);
#15000 = CARTESIAN_POINT('',(135.867931,-97.406308,1.585));
#15001 = LINE('',#15002,#15003);
#15002 = CARTESIAN_POINT('',(135.849428,-97.424811,1.585));
#15003 = VECTOR('',#15004,1.);
#15004 = DIRECTION('',(0.707106781187,0.707106781187,0.));
#15005 = ORIENTED_EDGE('',*,*,#15006,.T.);
#15006 = EDGE_CURVE('',#14999,#15007,#15009,.T.);
#15007 = VERTEX_POINT('',#15008);
#15008 = CARTESIAN_POINT('',(135.867931,-97.173733,1.585));
#15009 = CIRCLE('',#15010,0.21151802679);
#15010 = AXIS2_PLACEMENT_3D('',#15011,#15012,#15013);
#15011 = CARTESIAN_POINT('',(135.69124740426,-97.2900205,1.585));
#15012 = DIRECTION('',(0.,-0.,1.));
#15013 = DIRECTION('',(0.835312235149,-0.549775835964,-0.));
#15014 = ORIENTED_EDGE('',*,*,#15015,.T.);
#15015 = EDGE_CURVE('',#15007,#15016,#15018,.T.);
#15016 = VERTEX_POINT('',#15017);
#15017 = CARTESIAN_POINT('',(135.849428,-97.15523,1.585));
#15018 = LINE('',#15019,#15020);
#15019 = CARTESIAN_POINT('',(135.867931,-97.173733,1.585));
#15020 = VECTOR('',#15021,1.);
#15021 = DIRECTION('',(-0.707106781187,0.707106781186,0.));
#15022 = ORIENTED_EDGE('',*,*,#15023,.T.);
#15023 = EDGE_CURVE('',#15016,#15024,#15026,.T.);
#15024 = VERTEX_POINT('',#15025);
#15025 = CARTESIAN_POINT('',(135.804723,-97.132878,1.585));
#15026 = LINE('',#15027,#15028);
#15027 = CARTESIAN_POINT('',(135.849428,-97.15523,1.585));
#15028 = VECTOR('',#15029,1.);
#15029 = DIRECTION('',(-0.894431192446,0.447205592519,0.));
#15030 = ORIENTED_EDGE('',*,*,#15031,.T.);
#15031 = EDGE_CURVE('',#15024,#15032,#15034,.T.);
#15032 = VERTEX_POINT('',#15033);
#15033 = CARTESIAN_POINT('',(135.700653,-97.131437,1.585));
#15034 = LINE('',#15035,#15036);
#15035 = CARTESIAN_POINT('',(135.804723,-97.132878,1.585));
#15036 = VECTOR('',#15037,1.);
#15037 = DIRECTION('',(-0.9999041517,1.384512234649E-02,0.));
#15038 = ORIENTED_EDGE('',*,*,#15039,.T.);
#15039 = EDGE_CURVE('',#15032,#15040,#15042,.T.);
#15040 = VERTEX_POINT('',#15041);
#15041 = CARTESIAN_POINT('',(135.658842,-97.00849,1.585));
#15042 = CIRCLE('',#15043,7.500015628757E-02);
#15043 = AXIS2_PLACEMENT_3D('',#15044,#15045,#15046);
#15044 = CARTESIAN_POINT('',(135.71528528432,-97.0578780461,1.585));
#15045 = DIRECTION('',(0.,0.,-1.));
#15046 = DIRECTION('',(-0.195096717785,-0.980784008184,-0.));
#15047 = ORIENTED_EDGE('',*,*,#15048,.T.);
#15048 = EDGE_CURVE('',#15040,#15049,#15051,.T.);
#15049 = VERTEX_POINT('',#15050);
#15050 = CARTESIAN_POINT('',(135.800002,-96.847164,1.585));
#15051 = LINE('',#15052,#15053);
#15052 = CARTESIAN_POINT('',(135.658842,-97.00849,1.585));
#15053 = VECTOR('',#15054,1.);
#15054 = DIRECTION('',(0.658503947345,0.752577272665,0.));
#15055 = ORIENTED_EDGE('',*,*,#15056,.T.);
#15056 = EDGE_CURVE('',#15049,#14864,#15057,.T.);
#15057 = LINE('',#15058,#15059);
#15058 = CARTESIAN_POINT('',(135.800002,-96.847164,1.585));
#15059 = VECTOR('',#15060,1.);
#15060 = DIRECTION('',(-0.999989445393,4.594464236491E-03,0.));
#15061 = PLANE('',#15062);
#15062 = AXIS2_PLACEMENT_3D('',#15063,#15064,#15065);
#15063 = CARTESIAN_POINT('',(0.,0.,1.585));
#15064 = DIRECTION('',(0.,0.,1.));
#15065 = DIRECTION('',(1.,0.,-0.));
#15066 = SHELL_BASED_SURFACE_MODEL('',(#15067));
#15067 = OPEN_SHELL('',(#15068));
#15068 = ADVANCED_FACE('',(#15069),#15080,.T.);
#15069 = FACE_BOUND('',#15070,.T.);
#15070 = EDGE_LOOP('',(#15071));
#15071 = ORIENTED_EDGE('',*,*,#15072,.T.);
#15072 = EDGE_CURVE('',#15073,#15073,#15075,.T.);
#15073 = VERTEX_POINT('',#15074);
#15074 = CARTESIAN_POINT('',(136.,-89.74,1.585));
#15075 = CIRCLE('',#15076,0.2);
#15076 = AXIS2_PLACEMENT_3D('',#15077,#15078,#15079);
#15077 = CARTESIAN_POINT('',(135.8,-89.74,1.585));
#15078 = DIRECTION('',(0.,0.,1.));
#15079 = DIRECTION('',(1.,0.,-0.));
#15080 = PLANE('',#15081);
#15081 = AXIS2_PLACEMENT_3D('',#15082,#15083,#15084);
#15082 = CARTESIAN_POINT('',(0.,0.,1.585));
#15083 = DIRECTION('',(0.,0.,1.));
#15084 = DIRECTION('',(1.,0.,-0.));
#15085 = SHELL_BASED_SURFACE_MODEL('',(#15086));
#15086 = OPEN_SHELL('',(#15087));
#15087 = ADVANCED_FACE('',(#15088),#15124,.T.);
#15088 = FACE_BOUND('',#15089,.F.);
#15089 = EDGE_LOOP('',(#15090,#15101,#15109,#15118));
#15090 = ORIENTED_EDGE('',*,*,#15091,.T.);
#15091 = EDGE_CURVE('',#15092,#15094,#15096,.T.);
#15092 = VERTEX_POINT('',#15093);
#15093 = CARTESIAN_POINT('',(134.272164,-89.67,1.585));
#15094 = VERTEX_POINT('',#15095);
#15095 = CARTESIAN_POINT('',(134.272164,-89.55,1.585));
#15096 = CIRCLE('',#15097,6.000000000043E-02);
#15097 = AXIS2_PLACEMENT_3D('',#15098,#15099,#15100);
#15098 = CARTESIAN_POINT('',(134.27216377441,-89.61,1.585));
#15099 = DIRECTION('',(0.,0.,-1.));
#15100 = DIRECTION('',(3.759793779988E-06,-0.999999999993,0.));
#15101 = ORIENTED_EDGE('',*,*,#15102,.T.);
#15102 = EDGE_CURVE('',#15094,#15103,#15105,.T.);
#15103 = VERTEX_POINT('',#15104);
#15104 = CARTESIAN_POINT('',(134.487836,-89.55,1.585));
#15105 = LINE('',#15106,#15107);
#15106 = CARTESIAN_POINT('',(134.272164,-89.55,1.585));
#15107 = VECTOR('',#15108,1.);
#15108 = DIRECTION('',(1.,0.,0.));
#15109 = ORIENTED_EDGE('',*,*,#15110,.T.);
#15110 = EDGE_CURVE('',#15103,#15111,#15113,.T.);
#15111 = VERTEX_POINT('',#15112);
#15112 = CARTESIAN_POINT('',(134.487836,-89.67,1.585));
#15113 = CIRCLE('',#15114,6.000000000042E-02);
#15114 = AXIS2_PLACEMENT_3D('',#15115,#15116,#15117);
#15115 = CARTESIAN_POINT('',(134.48783622558,-89.61,1.585));
#15116 = DIRECTION('',(0.,0.,-1.));
#15117 = DIRECTION('',(-3.759794727378E-06,0.999999999993,-0.));
#15118 = ORIENTED_EDGE('',*,*,#15119,.T.);
#15119 = EDGE_CURVE('',#15111,#15092,#15120,.T.);
#15120 = LINE('',#15121,#15122);
#15121 = CARTESIAN_POINT('',(134.487836,-89.67,1.585));
#15122 = VECTOR('',#15123,1.);
#15123 = DIRECTION('',(-1.,0.,0.));
#15124 = PLANE('',#15125);
#15125 = AXIS2_PLACEMENT_3D('',#15126,#15127,#15128);
#15126 = CARTESIAN_POINT('',(0.,0.,1.585));
#15127 = DIRECTION('',(0.,0.,1.));
#15128 = DIRECTION('',(1.,0.,-0.));
#15129 = SHELL_BASED_SURFACE_MODEL('',(#15130));
#15130 = OPEN_SHELL('',(#15131));
#15131 = ADVANCED_FACE('',(#15132),#15251,.T.);
#15132 = FACE_BOUND('',#15133,.F.);
#15133 = EDGE_LOOP('',(#15134,#15145,#15153,#15161,#15169,#15178,#15186,
    #15194,#15202,#15211,#15219,#15228,#15236,#15245));
#15134 = ORIENTED_EDGE('',*,*,#15135,.T.);
#15135 = EDGE_CURVE('',#15136,#15138,#15140,.T.);
#15136 = VERTEX_POINT('',#15137);
#15137 = CARTESIAN_POINT('',(136.999532,-88.696416,1.585));
#15138 = VERTEX_POINT('',#15139);
#15139 = CARTESIAN_POINT('',(137.014164,-88.547857,1.585));
#15140 = CIRCLE('',#15141,7.500006711464E-02);
#15141 = AXIS2_PLACEMENT_3D('',#15142,#15143,#15144);
#15142 = CARTESIAN_POINT('',(137.01416393288,-88.62285706711,1.585));
#15143 = DIRECTION('',(0.,0.,-1.));
#15144 = DIRECTION('',(-0.195092263891,-0.980784894138,-0.));
#15145 = ORIENTED_EDGE('',*,*,#15146,.T.);
#15146 = EDGE_CURVE('',#15138,#15147,#15149,.T.);
#15147 = VERTEX_POINT('',#15148);
#15148 = CARTESIAN_POINT('',(137.635939,-88.549298,1.585));
#15149 = LINE('',#15150,#15151);
#15150 = CARTESIAN_POINT('',(137.014164,-88.547857,1.585));
#15151 = VECTOR('',#15152,1.);
#15152 = DIRECTION('',(0.999997314472,-2.317552378519E-03,0.));
#15153 = ORIENTED_EDGE('',*,*,#15154,.T.);
#15154 = EDGE_CURVE('',#15147,#15155,#15157,.T.);
#15155 = VERTEX_POINT('',#15156);
#15156 = CARTESIAN_POINT('',(137.740018,-88.600819,1.585));
#15157 = LINE('',#15158,#15159);
#15158 = CARTESIAN_POINT('',(137.635939,-88.549298,1.585));
#15159 = VECTOR('',#15160,1.);
#15160 = DIRECTION('',(0.896205944174,-0.443638259878,0.));
#15161 = ORIENTED_EDGE('',*,*,#15162,.T.);
#15162 = EDGE_CURVE('',#15155,#15163,#15165,.T.);
#15163 = VERTEX_POINT('',#15164);
#15164 = CARTESIAN_POINT('',(137.795532,-88.660744,1.585));
#15165 = LINE('',#15166,#15167);
#15166 = CARTESIAN_POINT('',(137.740018,-88.600819,1.585));
#15167 = VECTOR('',#15168,1.);
#15168 = DIRECTION('',(0.679591827192,-0.733590450057,0.));
#15169 = ORIENTED_EDGE('',*,*,#15170,.T.);
#15170 = EDGE_CURVE('',#15163,#15171,#15173,.T.);
#15171 = VERTEX_POINT('',#15172);
#15172 = CARTESIAN_POINT('',(137.786202,-89.027282,1.585));
#15173 = CIRCLE('',#15174,0.314927138685);
#15174 = AXIS2_PLACEMENT_3D('',#15175,#15176,#15177);
#15175 = CARTESIAN_POINT('',(137.53488388096,-88.83749710669,1.585));
#15176 = DIRECTION('',(0.,0.,-1.));
#15177 = DIRECTION('',(0.827645785369,0.561250794175,0.));
#15178 = ORIENTED_EDGE('',*,*,#15179,.T.);
#15179 = EDGE_CURVE('',#15171,#15180,#15182,.T.);
#15180 = VERTEX_POINT('',#15181);
#15181 = CARTESIAN_POINT('',(137.726276,-89.082796,1.585));
#15182 = LINE('',#15183,#15184);
#15183 = CARTESIAN_POINT('',(137.786202,-89.027282,1.585));
#15184 = VECTOR('',#15185,1.);
#15185 = DIRECTION('',(-0.7335961038,-0.679585724166,0.));
#15186 = ORIENTED_EDGE('',*,*,#15187,.T.);
#15187 = EDGE_CURVE('',#15180,#15188,#15190,.T.);
#15188 = VERTEX_POINT('',#15189);
#15189 = CARTESIAN_POINT('',(137.635939,-89.124987,1.585));
#15190 = LINE('',#15191,#15192);
#15191 = CARTESIAN_POINT('',(137.726276,-89.082796,1.585));
#15192 = VECTOR('',#15193,1.);
#15193 = DIRECTION('',(-0.906053443337,-0.4231632756,0.));
#15194 = ORIENTED_EDGE('',*,*,#15195,.T.);
#15195 = EDGE_CURVE('',#15188,#15196,#15198,.T.);
#15196 = VERTEX_POINT('',#15197);
#15197 = CARTESIAN_POINT('',(136.999532,-89.124987,1.585));
#15198 = LINE('',#15199,#15200);
#15199 = CARTESIAN_POINT('',(137.635939,-89.124987,1.585));
#15200 = VECTOR('',#15201,1.);
#15201 = DIRECTION('',(-1.,0.,0.));
#15202 = ORIENTED_EDGE('',*,*,#15203,.T.);
#15203 = EDGE_CURVE('',#15196,#15204,#15206,.T.);
#15204 = VERTEX_POINT('',#15205);
#15205 = CARTESIAN_POINT('',(137.014164,-88.976428,1.585));
#15206 = CIRCLE('',#15207,7.500006711464E-02);
#15207 = AXIS2_PLACEMENT_3D('',#15208,#15209,#15210);
#15208 = CARTESIAN_POINT('',(137.01416393288,-89.05142806711,1.585));
#15209 = DIRECTION('',(0.,0.,-1.));
#15210 = DIRECTION('',(-0.195092263891,-0.980784894138,-0.));
#15211 = ORIENTED_EDGE('',*,*,#15212,.T.);
#15212 = EDGE_CURVE('',#15204,#15213,#15215,.T.);
#15213 = VERTEX_POINT('',#15214);
#15214 = CARTESIAN_POINT('',(137.603602,-88.976428,1.585));
#15215 = LINE('',#15216,#15217);
#15216 = CARTESIAN_POINT('',(137.014164,-88.976428,1.585));
#15217 = VECTOR('',#15218,1.);
#15218 = DIRECTION('',(1.,0.,0.));
#15219 = ORIENTED_EDGE('',*,*,#15220,.T.);
#15220 = EDGE_CURVE('',#15213,#15221,#15223,.T.);
#15221 = VERTEX_POINT('',#15222);
#15222 = CARTESIAN_POINT('',(137.689164,-88.890866,1.585));
#15223 = CIRCLE('',#15224,0.119007061012);
#15224 = AXIS2_PLACEMENT_3D('',#15225,#15226,#15227);
#15225 = CARTESIAN_POINT('',(137.5739183443,-88.8611823443,1.585));
#15226 = DIRECTION('',(0.,0.,1.));
#15227 = DIRECTION('',(0.249427684696,-0.968393427336,0.));
#15228 = ORIENTED_EDGE('',*,*,#15229,.T.);
#15229 = EDGE_CURVE('',#15221,#15230,#15232,.T.);
#15230 = VERTEX_POINT('',#15231);
#15231 = CARTESIAN_POINT('',(137.689164,-88.783418,1.585));
#15232 = LINE('',#15233,#15234);
#15233 = CARTESIAN_POINT('',(137.689164,-88.890866,1.585));
#15234 = VECTOR('',#15235,1.);
#15235 = DIRECTION('',(0.,1.,0.));
#15236 = ORIENTED_EDGE('',*,*,#15237,.T.);
#15237 = EDGE_CURVE('',#15230,#15238,#15240,.T.);
#15238 = VERTEX_POINT('',#15239);
#15239 = CARTESIAN_POINT('',(137.603602,-88.697857,1.585));
#15240 = CIRCLE('',#15241,0.118999055664);
#15241 = AXIS2_PLACEMENT_3D('',#15242,#15243,#15244);
#15242 = CARTESIAN_POINT('',(137.57392519371,-88.81309615314,1.585));
#15243 = DIRECTION('',(0.,0.,1.));
#15244 = DIRECTION('',(0.968401014997,0.249398224035,-0.));
#15245 = ORIENTED_EDGE('',*,*,#15246,.T.);
#15246 = EDGE_CURVE('',#15238,#15136,#15247,.T.);
#15247 = LINE('',#15248,#15249);
#15248 = CARTESIAN_POINT('',(137.603602,-88.697857,1.585));
#15249 = VECTOR('',#15250,1.);
#15250 = DIRECTION('',(-0.999997154743,2.385478338576E-03,0.));
#15251 = PLANE('',#15252);
#15252 = AXIS2_PLACEMENT_3D('',#15253,#15254,#15255);
#15253 = CARTESIAN_POINT('',(0.,0.,1.585));
#15254 = DIRECTION('',(0.,0.,1.));
#15255 = DIRECTION('',(1.,0.,-0.));
#15256 = SHELL_BASED_SURFACE_MODEL('',(#15257));
#15257 = OPEN_SHELL('',(#15258));
#15258 = ADVANCED_FACE('',(#15259),#15295,.T.);
#15259 = FACE_BOUND('',#15260,.F.);
#15260 = EDGE_LOOP('',(#15261,#15272,#15280,#15289));
#15261 = ORIENTED_EDGE('',*,*,#15262,.T.);
#15262 = EDGE_CURVE('',#15263,#15265,#15267,.T.);
#15263 = VERTEX_POINT('',#15264);
#15264 = CARTESIAN_POINT('',(134.272164,-88.95,1.585));
#15265 = VERTEX_POINT('',#15266);
#15266 = CARTESIAN_POINT('',(134.272164,-88.83,1.585));
#15267 = CIRCLE('',#15268,6.000000000043E-02);
#15268 = AXIS2_PLACEMENT_3D('',#15269,#15270,#15271);
#15269 = CARTESIAN_POINT('',(134.27216377441,-88.89,1.585));
#15270 = DIRECTION('',(0.,0.,-1.));
#15271 = DIRECTION('',(3.759793779988E-06,-0.999999999993,0.));
#15272 = ORIENTED_EDGE('',*,*,#15273,.T.);
#15273 = EDGE_CURVE('',#15265,#15274,#15276,.T.);
#15274 = VERTEX_POINT('',#15275);
#15275 = CARTESIAN_POINT('',(134.487836,-88.83,1.585));
#15276 = LINE('',#15277,#15278);
#15277 = CARTESIAN_POINT('',(134.272164,-88.83,1.585));
#15278 = VECTOR('',#15279,1.);
#15279 = DIRECTION('',(1.,0.,0.));
#15280 = ORIENTED_EDGE('',*,*,#15281,.T.);
#15281 = EDGE_CURVE('',#15274,#15282,#15284,.T.);
#15282 = VERTEX_POINT('',#15283);
#15283 = CARTESIAN_POINT('',(134.487836,-88.95,1.585));
#15284 = CIRCLE('',#15285,6.000000000042E-02);
#15285 = AXIS2_PLACEMENT_3D('',#15286,#15287,#15288);
#15286 = CARTESIAN_POINT('',(134.48783622558,-88.89,1.585));
#15287 = DIRECTION('',(0.,0.,-1.));
#15288 = DIRECTION('',(-3.759794727378E-06,0.999999999993,-0.));
#15289 = ORIENTED_EDGE('',*,*,#15290,.T.);
#15290 = EDGE_CURVE('',#15282,#15263,#15291,.T.);
#15291 = LINE('',#15292,#15293);
#15292 = CARTESIAN_POINT('',(134.487836,-88.95,1.585));
#15293 = VECTOR('',#15294,1.);
#15294 = DIRECTION('',(-1.,0.,0.));
#15295 = PLANE('',#15296);
#15296 = AXIS2_PLACEMENT_3D('',#15297,#15298,#15299);
#15297 = CARTESIAN_POINT('',(0.,0.,1.585));
#15298 = DIRECTION('',(0.,0.,1.));
#15299 = DIRECTION('',(1.,0.,-0.));
#15300 = SHELL_BASED_SURFACE_MODEL('',(#15301));
#15301 = OPEN_SHELL('',(#15302));
#15302 = ADVANCED_FACE('',(#15303),#15437,.T.);
#15303 = FACE_BOUND('',#15304,.F.);
#15304 = EDGE_LOOP('',(#15305,#15315,#15323,#15332,#15340,#15348,#15357,
    #15365,#15374,#15382,#15390,#15398,#15406,#15415,#15423,#15431));
#15305 = ORIENTED_EDGE('',*,*,#15306,.T.);
#15306 = EDGE_CURVE('',#15307,#15309,#15311,.T.);
#15307 = VERTEX_POINT('',#15308);
#15308 = CARTESIAN_POINT('',(134.32191,-87.811187,1.585));
#15309 = VERTEX_POINT('',#15310);
#15310 = CARTESIAN_POINT('',(134.360367,-87.790605,1.585));
#15311 = LINE('',#15312,#15313);
#15312 = CARTESIAN_POINT('',(134.32191,-87.811187,1.585));
#15313 = VECTOR('',#15314,1.);
#15314 = DIRECTION('',(0.881670419249,0.471865734951,0.));
#15315 = ORIENTED_EDGE('',*,*,#15316,.T.);
#15316 = EDGE_CURVE('',#15309,#15317,#15319,.T.);
#15317 = VERTEX_POINT('',#15318);
#15318 = CARTESIAN_POINT('',(134.3822,-87.790605,1.585));
#15319 = LINE('',#15320,#15321);
#15320 = CARTESIAN_POINT('',(134.360367,-87.790605,1.585));
#15321 = VECTOR('',#15322,1.);
#15322 = DIRECTION('',(1.,0.,0.));
#15323 = ORIENTED_EDGE('',*,*,#15324,.T.);
#15324 = EDGE_CURVE('',#15317,#15325,#15327,.T.);
#15325 = VERTEX_POINT('',#15326);
#15326 = CARTESIAN_POINT('',(134.449999,-87.864164,1.585));
#15327 = CIRCLE('',#15328,7.216837620732E-02);
#15328 = AXIS2_PLACEMENT_3D('',#15329,#15330,#15331);
#15329 = CARTESIAN_POINT('',(134.37784667565,-87.86264195642,1.585));
#15330 = DIRECTION('',(0.,0.,-1.));
#15331 = DIRECTION('',(6.032177207694E-02,0.998178983857,0.));
#15332 = ORIENTED_EDGE('',*,*,#15333,.T.);
#15333 = EDGE_CURVE('',#15325,#15334,#15336,.T.);
#15334 = VERTEX_POINT('',#15335);
#15335 = CARTESIAN_POINT('',(134.449999,-88.539164,1.585));
#15336 = LINE('',#15337,#15338);
#15337 = CARTESIAN_POINT('',(134.449999,-87.864164,1.585));
#15338 = VECTOR('',#15339,1.);
#15339 = DIRECTION('',(0.,-1.,0.));
#15340 = ORIENTED_EDGE('',*,*,#15341,.T.);
#15341 = EDGE_CURVE('',#15334,#15342,#15344,.T.);
#15342 = VERTEX_POINT('',#15343);
#15343 = CARTESIAN_POINT('',(134.603917,-88.540605,1.585));
#15344 = LINE('',#15345,#15346);
#15345 = CARTESIAN_POINT('',(134.449999,-88.539164,1.585));
#15346 = VECTOR('',#15347,1.);
#15347 = DIRECTION('',(0.999956178161,-9.361717620619E-03,0.));
#15348 = ORIENTED_EDGE('',*,*,#15349,.T.);
#15349 = EDGE_CURVE('',#15342,#15350,#15352,.T.);
#15350 = VERTEX_POINT('',#15351);
#15351 = CARTESIAN_POINT('',(134.589285,-88.689164,1.585));
#15352 = CIRCLE('',#15353,7.500006711465E-02);
#15353 = AXIS2_PLACEMENT_3D('',#15354,#15355,#15356);
#15354 = CARTESIAN_POINT('',(134.58928506711,-88.61416393288,1.585));
#15355 = DIRECTION('',(0.,0.,-1.));
#15356 = DIRECTION('',(0.195092263891,0.980784894138,0.));
#15357 = ORIENTED_EDGE('',*,*,#15358,.T.);
#15358 = EDGE_CURVE('',#15350,#15359,#15361,.T.);
#15359 = VERTEX_POINT('',#15360);
#15360 = CARTESIAN_POINT('',(134.146082,-88.687723,1.585));
#15361 = LINE('',#15362,#15363);
#15362 = CARTESIAN_POINT('',(134.589285,-88.689164,1.585));
#15363 = VECTOR('',#15364,1.);
#15364 = DIRECTION('',(-0.999994714463,3.251314597466E-03,0.));
#15365 = ORIENTED_EDGE('',*,*,#15366,.T.);
#15366 = EDGE_CURVE('',#15359,#15367,#15369,.T.);
#15367 = VERTEX_POINT('',#15368);
#15368 = CARTESIAN_POINT('',(134.160714,-88.539164,1.585));
#15369 = CIRCLE('',#15370,7.500006711465E-02);
#15370 = AXIS2_PLACEMENT_3D('',#15371,#15372,#15373);
#15371 = CARTESIAN_POINT('',(134.16071393288,-88.61416406711,1.585));
#15372 = DIRECTION('',(0.,0.,-1.));
#15373 = DIRECTION('',(-0.195092263891,-0.980784894138,-0.));
#15374 = ORIENTED_EDGE('',*,*,#15375,.T.);
#15375 = EDGE_CURVE('',#15367,#15376,#15378,.T.);
#15376 = VERTEX_POINT('',#15377);
#15377 = CARTESIAN_POINT('',(134.299999,-88.539164,1.585));
#15378 = LINE('',#15379,#15380);
#15379 = CARTESIAN_POINT('',(134.160714,-88.539164,1.585));
#15380 = VECTOR('',#15381,1.);
#15381 = DIRECTION('',(1.,0.,0.));
#15382 = ORIENTED_EDGE('',*,*,#15383,.T.);
#15383 = EDGE_CURVE('',#15376,#15384,#15386,.T.);
#15384 = VERTEX_POINT('',#15385);
#15385 = CARTESIAN_POINT('',(134.299999,-88.080944,1.585));
#15386 = LINE('',#15387,#15388);
#15387 = CARTESIAN_POINT('',(134.299999,-88.539164,1.585));
#15388 = VECTOR('',#15389,1.);
#15389 = DIRECTION('',(0.,1.,0.));
#15390 = ORIENTED_EDGE('',*,*,#15391,.T.);
#15391 = EDGE_CURVE('',#15384,#15392,#15394,.T.);
#15392 = VERTEX_POINT('',#15393);
#15393 = CARTESIAN_POINT('',(134.265683,-88.109817,1.585));
#15394 = LINE('',#15395,#15396);
#15395 = CARTESIAN_POINT('',(134.299999,-88.080944,1.585));
#15396 = VECTOR('',#15397,1.);
#15397 = DIRECTION('',(-0.765182321736,-0.643813648895,0.));
#15398 = ORIENTED_EDGE('',*,*,#15399,.T.);
#15399 = EDGE_CURVE('',#15392,#15400,#15402,.T.);
#15400 = VERTEX_POINT('',#15401);
#15401 = CARTESIAN_POINT('',(134.180524,-88.150787,1.585));
#15402 = LINE('',#15403,#15404);
#15403 = CARTESIAN_POINT('',(134.265683,-88.109817,1.585));
#15404 = VECTOR('',#15405,1.);
#15405 = DIRECTION('',(-0.901135973062,-0.433536570607,0.));
#15406 = ORIENTED_EDGE('',*,*,#15407,.T.);
#15407 = EDGE_CURVE('',#15400,#15408,#15410,.T.);
#15408 = VERTEX_POINT('',#15409);
#15409 = CARTESIAN_POINT('',(134.127172,-88.011368,1.585));
#15410 = CIRCLE('',#15411,7.500046612015E-02);
#15411 = AXIS2_PLACEMENT_3D('',#15412,#15413,#15414);
#15412 = CARTESIAN_POINT('',(134.1607140739,-88.07845003333,1.585));
#15413 = DIRECTION('',(0.,0.,-1.));
#15414 = DIRECTION('',(0.264130706339,-0.964486894659,0.));
#15415 = ORIENTED_EDGE('',*,*,#15416,.T.);
#15416 = EDGE_CURVE('',#15408,#15417,#15419,.T.);
#15417 = VERTEX_POINT('',#15418);
#15418 = CARTESIAN_POINT('',(134.187714,-87.981096,1.585));
#15419 = LINE('',#15420,#15421);
#15420 = CARTESIAN_POINT('',(134.127172,-88.011368,1.585));
#15421 = VECTOR('',#15422,1.);
#15422 = DIRECTION('',(0.894421281495,0.447225414314,0.));
#15423 = ORIENTED_EDGE('',*,*,#15424,.T.);
#15424 = EDGE_CURVE('',#15417,#15425,#15427,.T.);
#15425 = VERTEX_POINT('',#15426);
#15426 = CARTESIAN_POINT('',(134.245287,-87.923524,1.585));
#15427 = LINE('',#15428,#15429);
#15428 = CARTESIAN_POINT('',(134.187714,-87.981096,1.585));
#15429 = VECTOR('',#15430,1.);
#15430 = DIRECTION('',(0.707112922171,0.707100640148,0.));
#15431 = ORIENTED_EDGE('',*,*,#15432,.T.);
#15432 = EDGE_CURVE('',#15425,#15307,#15433,.T.);
#15433 = LINE('',#15434,#15435);
#15434 = CARTESIAN_POINT('',(134.245287,-87.923524,1.585));
#15435 = VECTOR('',#15436,1.);
#15436 = DIRECTION('',(0.563485368365,0.826126043433,0.));
#15437 = PLANE('',#15438);
#15438 = AXIS2_PLACEMENT_3D('',#15439,#15440,#15441);
#15439 = CARTESIAN_POINT('',(0.,0.,1.585));
#15440 = DIRECTION('',(0.,0.,1.));
#15441 = DIRECTION('',(1.,0.,-0.));
#15442 = SHELL_BASED_SURFACE_MODEL('',(#15443));
#15443 = OPEN_SHELL('',(#15444));
#15444 = ADVANCED_FACE('',(#15445),#15630,.T.);
#15445 = FACE_BOUND('',#15446,.F.);
#15446 = EDGE_LOOP('',(#15447,#15458,#15466,#15475,#15483,#15492,#15500,
    #15509,#15517,#15525,#15533,#15542,#15550,#15559,#15567,#15576,
    #15584,#15592,#15600,#15608,#15616,#15624));
#15447 = ORIENTED_EDGE('',*,*,#15448,.T.);
#15448 = EDGE_CURVE('',#15449,#15451,#15453,.T.);
#15449 = VERTEX_POINT('',#15450);
#15450 = CARTESIAN_POINT('',(133.516429,-87.834721,1.585));
#15451 = VERTEX_POINT('',#15452);
#15452 = CARTESIAN_POINT('',(133.880953,-87.837518,1.585));
#15453 = CIRCLE('',#15454,0.364824575295);
#15454 = AXIS2_PLACEMENT_3D('',#15455,#15456,#15457);
#15455 = CARTESIAN_POINT('',(133.69626615932,-88.152141174,1.585));
#15456 = DIRECTION('',(0.,0.,-1.));
#15457 = DIRECTION('',(-0.492941461467,0.870062477968,0.));
#15458 = ORIENTED_EDGE('',*,*,#15459,.T.);
#15459 = EDGE_CURVE('',#15451,#15460,#15462,.T.);
#15460 = VERTEX_POINT('',#15461);
#15461 = CARTESIAN_POINT('',(133.937359,-87.893924,1.585));
#15462 = LINE('',#15463,#15464);
#15463 = CARTESIAN_POINT('',(133.880953,-87.837518,1.585));
#15464 = VECTOR('',#15465,1.);
#15465 = DIRECTION('',(0.707106781186,-0.707106781187,0.));
#15466 = ORIENTED_EDGE('',*,*,#15467,.T.);
#15467 = EDGE_CURVE('',#15460,#15468,#15470,.T.);
#15468 = VERTEX_POINT('',#15469);
#15469 = CARTESIAN_POINT('',(133.821966,-87.988625,1.585));
#15470 = CIRCLE('',#15471,7.499996838526E-02);
#15471 = AXIS2_PLACEMENT_3D('',#15472,#15473,#15474);
#15472 = CARTESIAN_POINT('',(133.87499897246,-87.935592,1.585));
#15473 = DIRECTION('',(0.,0.,-1.));
#15474 = DIRECTION('',(0.831467384248,0.555573567524,0.));
#15475 = ORIENTED_EDGE('',*,*,#15476,.T.);
#15476 = EDGE_CURVE('',#15468,#15477,#15479,.T.);
#15477 = VERTEX_POINT('',#15478);
#15478 = CARTESIAN_POINT('',(133.79877,-87.965429,1.585));
#15479 = LINE('',#15480,#15481);
#15480 = CARTESIAN_POINT('',(133.821966,-87.988625,1.585));
#15481 = VECTOR('',#15482,1.);
#15482 = DIRECTION('',(-0.707106781187,0.707106781186,0.));
#15483 = ORIENTED_EDGE('',*,*,#15484,.T.);
#15484 = EDGE_CURVE('',#15477,#15485,#15487,.T.);
#15485 = VERTEX_POINT('',#15486);
#15486 = CARTESIAN_POINT('',(133.594084,-87.96543,1.585));
#15487 = CIRCLE('',#15488,0.203336788813);
#15488 = AXIS2_PLACEMENT_3D('',#15489,#15490,#15491);
#15489 = CARTESIAN_POINT('',(133.6964278584,-88.14113311417,1.585));
#15490 = DIRECTION('',(0.,0.,1.));
#15491 = DIRECTION('',(0.503313454451,0.86410390959,-0.));
#15492 = ORIENTED_EDGE('',*,*,#15493,.T.);
#15493 = EDGE_CURVE('',#15485,#15494,#15496,.T.);
#15494 = VERTEX_POINT('',#15495);
#15495 = CARTESIAN_POINT('',(133.543781,-88.015734,1.585));
#15496 = LINE('',#15497,#15498);
#15497 = CARTESIAN_POINT('',(133.594084,-87.96543,1.585));
#15498 = VECTOR('',#15499,1.);
#15499 = DIRECTION('',(-0.707099752746,-0.707113809557,0.));
#15500 = ORIENTED_EDGE('',*,*,#15501,.T.);
#15501 = EDGE_CURVE('',#15494,#15502,#15504,.T.);
#15502 = VERTEX_POINT('',#15503);
#15503 = CARTESIAN_POINT('',(133.485714,-88.283501,1.585));
#15504 = CIRCLE('',#15505,0.43813307615);
#15505 = AXIS2_PLACEMENT_3D('',#15506,#15507,#15508);
#15506 = CARTESIAN_POINT('',(133.92145867527,-88.23781544005,1.585));
#15507 = DIRECTION('',(0.,0.,1.));
#15508 = DIRECTION('',(-0.862015893874,0.506881247146,0.));
#15509 = ORIENTED_EDGE('',*,*,#15510,.T.);
#15510 = EDGE_CURVE('',#15502,#15511,#15513,.T.);
#15511 = VERTEX_POINT('',#15512);
#15512 = CARTESIAN_POINT('',(133.517192,-88.409416,1.585));
#15513 = LINE('',#15514,#15515);
#15514 = CARTESIAN_POINT('',(133.485714,-88.283501,1.585));
#15515 = VECTOR('',#15516,1.);
#15516 = DIRECTION('',(0.242530186384,-0.970143859792,0.));
#15517 = ORIENTED_EDGE('',*,*,#15518,.T.);
#15518 = EDGE_CURVE('',#15511,#15519,#15521,.T.);
#15519 = VERTEX_POINT('',#15520);
#15520 = CARTESIAN_POINT('',(133.54378,-88.462593,1.585));
#15521 = LINE('',#15522,#15523);
#15522 = CARTESIAN_POINT('',(133.517192,-88.409416,1.585));
#15523 = VECTOR('',#15524,1.);
#15524 = DIRECTION('',(0.447206867537,-0.89443055495,0.));
#15525 = ORIENTED_EDGE('',*,*,#15526,.T.);
#15526 = EDGE_CURVE('',#15519,#15527,#15529,.T.);
#15527 = VERTEX_POINT('',#15528);
#15528 = CARTESIAN_POINT('',(133.594084,-88.512897,1.585));
#15529 = LINE('',#15530,#15531);
#15530 = CARTESIAN_POINT('',(133.54378,-88.462593,1.585));
#15531 = VECTOR('',#15532,1.);
#15532 = DIRECTION('',(0.707106781187,-0.707106781186,0.));
#15533 = ORIENTED_EDGE('',*,*,#15534,.T.);
#15534 = EDGE_CURVE('',#15527,#15535,#15537,.T.);
#15535 = VERTEX_POINT('',#15536);
#15536 = CARTESIAN_POINT('',(133.79877,-88.512898,1.585));
#15537 = CIRCLE('',#15538,0.203330363926);
#15538 = AXIS2_PLACEMENT_3D('',#15539,#15540,#15541);
#15539 = CARTESIAN_POINT('',(133.69642785836,-88.3372013212,1.585));
#15540 = DIRECTION('',(0.,0.,1.));
#15541 = DIRECTION('',(-0.503337801561,-0.864089727702,0.));
#15542 = ORIENTED_EDGE('',*,*,#15543,.T.);
#15543 = EDGE_CURVE('',#15535,#15544,#15546,.T.);
#15544 = VERTEX_POINT('',#15545);
#15545 = CARTESIAN_POINT('',(133.83333,-88.480375,1.585));
#15546 = LINE('',#15547,#15548);
#15547 = CARTESIAN_POINT('',(133.79877,-88.512898,1.585));
#15548 = VECTOR('',#15549,1.);
#15549 = DIRECTION('',(0.728242676249,0.685319344897,0.));
#15550 = ORIENTED_EDGE('',*,*,#15551,.T.);
#15551 = EDGE_CURVE('',#15544,#15552,#15554,.T.);
#15552 = VERTEX_POINT('',#15553);
#15553 = CARTESIAN_POINT('',(133.928033,-88.595767,1.585));
#15554 = CIRCLE('',#15555,7.500025564335E-02);
#15555 = AXIS2_PLACEMENT_3D('',#15556,#15557,#15558);
#15556 = CARTESIAN_POINT('',(133.8749987483,-88.542734873,1.585));
#15557 = DIRECTION('',(0.,0.,-1.));
#15558 = DIRECTION('',(-0.555581416931,0.831462139343,0.));
#15559 = ORIENTED_EDGE('',*,*,#15560,.T.);
#15560 = EDGE_CURVE('',#15552,#15561,#15563,.T.);
#15561 = VERTEX_POINT('',#15562);
#15562 = CARTESIAN_POINT('',(133.876428,-88.643607,1.585));
#15563 = LINE('',#15564,#15565);
#15564 = CARTESIAN_POINT('',(133.928033,-88.595767,1.585));
#15565 = VECTOR('',#15566,1.);
#15566 = DIRECTION('',(-0.733352529878,-0.679848561755,0.));
#15567 = ORIENTED_EDGE('',*,*,#15568,.T.);
#15568 = EDGE_CURVE('',#15561,#15569,#15571,.T.);
#15569 = VERTEX_POINT('',#15570);
#15570 = CARTESIAN_POINT('',(133.511903,-88.640811,1.585));
#15571 = CIRCLE('',#15572,0.365100018968);
#15572 = AXIS2_PLACEMENT_3D('',#15573,#15574,#15575);
#15573 = CARTESIAN_POINT('',(133.69659190348,-88.32586968359,1.585));
#15574 = DIRECTION('',(-0.,0.,-1.));
#15575 = DIRECTION('',(0.492566658933,-0.870274718987,-0.));
#15576 = ORIENTED_EDGE('',*,*,#15577,.T.);
#15577 = EDGE_CURVE('',#15569,#15578,#15580,.T.);
#15578 = VERTEX_POINT('',#15579);
#15579 = CARTESIAN_POINT('',(133.419024,-88.546861,1.585));
#15580 = LINE('',#15581,#15582);
#15581 = CARTESIAN_POINT('',(133.511903,-88.640811,1.585));
#15582 = VECTOR('',#15583,1.);
#15583 = DIRECTION('',(-0.70304172964,0.711148596557,0.));
#15584 = ORIENTED_EDGE('',*,*,#15585,.T.);
#15585 = EDGE_CURVE('',#15578,#15586,#15588,.T.);
#15586 = VERTEX_POINT('',#15587);
#15587 = CARTESIAN_POINT('',(133.373667,-88.453782,1.585));
#15588 = LINE('',#15589,#15590);
#15589 = CARTESIAN_POINT('',(133.419024,-88.546861,1.585));
#15590 = VECTOR('',#15591,1.);
#15591 = DIRECTION('',(-0.438053879319,0.898948718679,0.));
#15592 = ORIENTED_EDGE('',*,*,#15593,.T.);
#15593 = EDGE_CURVE('',#15586,#15594,#15596,.T.);
#15594 = VERTEX_POINT('',#15595);
#15595 = CARTESIAN_POINT('',(133.335714,-88.292735,1.585));
#15596 = LINE('',#15597,#15598);
#15597 = CARTESIAN_POINT('',(133.373667,-88.453782,1.585));
#15598 = VECTOR('',#15599,1.);
#15599 = DIRECTION('',(-0.229380566806,0.973336815071,0.));
#15600 = ORIENTED_EDGE('',*,*,#15601,.T.);
#15601 = EDGE_CURVE('',#15594,#15602,#15604,.T.);
#15602 = VERTEX_POINT('',#15603);
#15603 = CARTESIAN_POINT('',(133.337953,-88.167402,1.585));
#15604 = LINE('',#15605,#15606);
#15605 = CARTESIAN_POINT('',(133.335714,-88.292735,1.585));
#15606 = VECTOR('',#15607,1.);
#15607 = DIRECTION('',(1.786155929797E-02,0.999840469625,0.));
#15608 = ORIENTED_EDGE('',*,*,#15609,.T.);
#15609 = EDGE_CURVE('',#15602,#15610,#15612,.T.);
#15610 = VERTEX_POINT('',#15611);
#15611 = CARTESIAN_POINT('',(133.379346,-88.009194,1.585));
#15612 = LINE('',#15613,#15614);
#15613 = CARTESIAN_POINT('',(133.337953,-88.167402,1.585));
#15614 = VECTOR('',#15615,1.);
#15615 = DIRECTION('',(0.25311658908,0.96743578202,0.));
#15616 = ORIENTED_EDGE('',*,*,#15617,.T.);
#15617 = EDGE_CURVE('',#15610,#15618,#15620,.T.);
#15618 = VERTEX_POINT('',#15619);
#15619 = CARTESIAN_POINT('',(133.429109,-87.918274,1.585));
#15620 = LINE('',#15621,#15622);
#15621 = CARTESIAN_POINT('',(133.379346,-88.009194,1.585));
#15622 = VECTOR('',#15623,1.);
#15623 = DIRECTION('',(0.480117744353,0.877204053546,0.));
#15624 = ORIENTED_EDGE('',*,*,#15625,.T.);
#15625 = EDGE_CURVE('',#15618,#15449,#15626,.T.);
#15626 = LINE('',#15627,#15628);
#15627 = CARTESIAN_POINT('',(133.429109,-87.918274,1.585));
#15628 = VECTOR('',#15629,1.);
#15629 = DIRECTION('',(0.722519829251,0.691350198047,0.));
#15630 = PLANE('',#15631);
#15631 = AXIS2_PLACEMENT_3D('',#15632,#15633,#15634);
#15632 = CARTESIAN_POINT('',(0.,0.,1.585));
#15633 = DIRECTION('',(0.,0.,1.));
#15634 = DIRECTION('',(1.,0.,-0.));
#15635 = SHELL_BASED_SURFACE_MODEL('',(#15636));
#15636 = OPEN_SHELL('',(#15637));
#15637 = ADVANCED_FACE('',(#15638),#15797,.T.);
#15638 = FACE_BOUND('',#15639,.F.);
#15639 = EDGE_LOOP('',(#15640,#15650,#15658,#15666,#15674,#15682,#15691,
    #15699,#15708,#15716,#15724,#15732,#15741,#15749,#15757,#15765,
    #15774,#15782,#15791));
#15640 = ORIENTED_EDGE('',*,*,#15641,.T.);
#15641 = EDGE_CURVE('',#15642,#15644,#15646,.T.);
#15642 = VERTEX_POINT('',#15643);
#15643 = CARTESIAN_POINT('',(137.052051,-87.841489,1.585));
#15644 = VERTEX_POINT('',#15645);
#15645 = CARTESIAN_POINT('',(137.142389,-87.799298,1.585));
#15646 = LINE('',#15647,#15648);
#15647 = CARTESIAN_POINT('',(137.052051,-87.841489,1.585));
#15648 = VECTOR('',#15649,1.);
#15649 = DIRECTION('',(0.906055239304,0.423159430156,0.));
#15650 = ORIENTED_EDGE('',*,*,#15651,.T.);
#15651 = EDGE_CURVE('',#15644,#15652,#15654,.T.);
#15652 = VERTEX_POINT('',#15653);
#15653 = CARTESIAN_POINT('',(137.235855,-87.798586,1.585));
#15654 = LINE('',#15655,#15656);
#15655 = CARTESIAN_POINT('',(137.142389,-87.799298,1.585));
#15656 = VECTOR('',#15657,1.);
#15657 = DIRECTION('',(0.999970986256,7.617522331193E-03,0.));
#15658 = ORIENTED_EDGE('',*,*,#15659,.T.);
#15659 = EDGE_CURVE('',#15652,#15660,#15662,.T.);
#15660 = VERTEX_POINT('',#15661);
#15661 = CARTESIAN_POINT('',(137.37726,-87.846211,1.585));
#15662 = LINE('',#15663,#15664);
#15663 = CARTESIAN_POINT('',(137.235855,-87.798586,1.585));
#15664 = VECTOR('',#15665,1.);
#15665 = DIRECTION('',(0.94769350299,-0.319181804603,0.));
#15666 = ORIENTED_EDGE('',*,*,#15667,.T.);
#15667 = EDGE_CURVE('',#15660,#15668,#15670,.T.);
#15668 = VERTEX_POINT('',#15669);
#15669 = CARTESIAN_POINT('',(137.689164,-88.156077,1.585));
#15670 = LINE('',#15671,#15672);
#15671 = CARTESIAN_POINT('',(137.37726,-87.846211,1.585));
#15672 = VECTOR('',#15673,1.);
#15673 = DIRECTION('',(0.709420682066,-0.704785283514,0.));
#15674 = ORIENTED_EDGE('',*,*,#15675,.T.);
#15675 = EDGE_CURVE('',#15668,#15676,#15678,.T.);
#15676 = VERTEX_POINT('',#15677);
#15677 = CARTESIAN_POINT('',(137.690605,-87.858225,1.585));
#15678 = LINE('',#15679,#15680);
#15679 = CARTESIAN_POINT('',(137.689164,-88.156077,1.585));
#15680 = VECTOR('',#15681,1.);
#15681 = DIRECTION('',(4.837916603829E-03,0.999988297213,0.));
#15682 = ORIENTED_EDGE('',*,*,#15683,.T.);
#15683 = EDGE_CURVE('',#15676,#15684,#15686,.T.);
#15684 = VERTEX_POINT('',#15685);
#15685 = CARTESIAN_POINT('',(137.839164,-87.872857,1.585));
#15686 = CIRCLE('',#15687,7.500006711464E-02);
#15687 = AXIS2_PLACEMENT_3D('',#15688,#15689,#15690);
#15688 = CARTESIAN_POINT('',(137.76416393288,-87.87285693288,1.585));
#15689 = DIRECTION('',(0.,0.,-1.));
#15690 = DIRECTION('',(-0.980784894138,0.195092263891,0.));
#15691 = ORIENTED_EDGE('',*,*,#15692,.T.);
#15692 = EDGE_CURVE('',#15684,#15693,#15695,.T.);
#15693 = VERTEX_POINT('',#15694);
#15694 = CARTESIAN_POINT('',(137.837723,-88.351775,1.585));
#15695 = LINE('',#15696,#15697);
#15696 = CARTESIAN_POINT('',(137.839164,-87.872857,1.585));
#15697 = VECTOR('',#15698,1.);
#15698 = DIRECTION('',(-3.008852198415E-03,-0.999995473394,0.));
#15699 = ORIENTED_EDGE('',*,*,#15700,.T.);
#15700 = EDGE_CURVE('',#15693,#15701,#15703,.T.);
#15701 = VERTEX_POINT('',#15702);
#15702 = CARTESIAN_POINT('',(137.711131,-88.390176,1.585));
#15703 = CIRCLE('',#15704,7.50002101311E-02);
#15704 = AXIS2_PLACEMENT_3D('',#15705,#15706,#15707);
#15705 = CARTESIAN_POINT('',(137.76416399764,-88.33714268329,1.585));
#15706 = DIRECTION('',(-0.,0.,-1.));
#15707 = DIRECTION('',(0.980783950169,-0.195097009436,-0.));
#15708 = ORIENTED_EDGE('',*,*,#15709,.T.);
#15709 = EDGE_CURVE('',#15701,#15710,#15712,.T.);
#15710 = VERTEX_POINT('',#15711);
#15711 = CARTESIAN_POINT('',(137.295078,-87.974123,1.585));
#15712 = LINE('',#15713,#15714);
#15713 = CARTESIAN_POINT('',(137.711131,-88.390176,1.585));
#15714 = VECTOR('',#15715,1.);
#15715 = DIRECTION('',(-0.707106781187,0.707106781187,0.));
#15716 = ORIENTED_EDGE('',*,*,#15717,.T.);
#15717 = EDGE_CURVE('',#15710,#15718,#15720,.T.);
#15718 = VERTEX_POINT('',#15719);
#15719 = CARTESIAN_POINT('',(137.21628,-87.947857,1.585));
#15720 = LINE('',#15721,#15722);
#15721 = CARTESIAN_POINT('',(137.295078,-87.974123,1.585));
#15722 = VECTOR('',#15723,1.);
#15723 = DIRECTION('',(-0.94868329805,0.316227766017,0.));
#15724 = ORIENTED_EDGE('',*,*,#15725,.T.);
#15725 = EDGE_CURVE('',#15718,#15726,#15728,.T.);
#15726 = VERTEX_POINT('',#15727);
#15727 = CARTESIAN_POINT('',(137.174726,-87.947857,1.585));
#15728 = LINE('',#15729,#15730);
#15729 = CARTESIAN_POINT('',(137.21628,-87.947857,1.585));
#15730 = VECTOR('',#15731,1.);
#15731 = DIRECTION('',(-1.,0.,0.));
#15732 = ORIENTED_EDGE('',*,*,#15733,.T.);
#15733 = EDGE_CURVE('',#15726,#15734,#15736,.T.);
#15734 = VERTEX_POINT('',#15735);
#15735 = CARTESIAN_POINT('',(137.089164,-88.033419,1.585));
#15736 = CIRCLE('',#15737,0.11899288787);
#15737 = AXIS2_PLACEMENT_3D('',#15738,#15739,#15740);
#15738 = CARTESIAN_POINT('',(137.20439801733,-88.06309101733,1.585));
#15739 = DIRECTION('',(0.,0.,1.));
#15740 = DIRECTION('',(-0.249359586654,0.968410964696,0.));
#15741 = ORIENTED_EDGE('',*,*,#15742,.T.);
#15742 = EDGE_CURVE('',#15734,#15743,#15745,.T.);
#15743 = VERTEX_POINT('',#15744);
#15744 = CARTESIAN_POINT('',(137.089164,-88.176581,1.585));
#15745 = LINE('',#15746,#15747);
#15746 = CARTESIAN_POINT('',(137.089164,-88.033419,1.585));
#15747 = VECTOR('',#15748,1.);
#15748 = DIRECTION('',(0.,-1.,0.));
#15749 = ORIENTED_EDGE('',*,*,#15750,.T.);
#15750 = EDGE_CURVE('',#15743,#15751,#15753,.T.);
#15751 = VERTEX_POINT('',#15752);
#15752 = CARTESIAN_POINT('',(137.111517,-88.221287,1.585));
#15753 = LINE('',#15754,#15755);
#15754 = CARTESIAN_POINT('',(137.089164,-88.176581,1.585));
#15755 = VECTOR('',#15756,1.);
#15756 = DIRECTION('',(0.4472135955,-0.894427191,0.));
#15757 = ORIENTED_EDGE('',*,*,#15758,.T.);
#15758 = EDGE_CURVE('',#15751,#15759,#15761,.T.);
#15759 = VERTEX_POINT('',#15760);
#15760 = CARTESIAN_POINT('',(137.147952,-88.25976,1.585));
#15761 = LINE('',#15762,#15763);
#15762 = CARTESIAN_POINT('',(137.111517,-88.221287,1.585));
#15763 = VECTOR('',#15764,1.);
#15764 = DIRECTION('',(0.687614293589,-0.72607615527,0.));
#15765 = ORIENTED_EDGE('',*,*,#15766,.T.);
#15766 = EDGE_CURVE('',#15759,#15767,#15769,.T.);
#15767 = VERTEX_POINT('',#15768);
#15768 = CARTESIAN_POINT('',(137.032559,-88.354461,1.585));
#15769 = CIRCLE('',#15770,7.499996838527E-02);
#15770 = AXIS2_PLACEMENT_3D('',#15771,#15772,#15773);
#15771 = CARTESIAN_POINT('',(137.08559197246,-88.301428,1.585));
#15772 = DIRECTION('',(0.,0.,-1.));
#15773 = DIRECTION('',(0.831467384248,0.555573567524,0.));
#15774 = ORIENTED_EDGE('',*,*,#15775,.T.);
#15775 = EDGE_CURVE('',#15767,#15776,#15778,.T.);
#15776 = VERTEX_POINT('',#15777);
#15777 = CARTESIAN_POINT('',(136.982796,-88.299255,1.585));
#15778 = LINE('',#15779,#15780);
#15779 = CARTESIAN_POINT('',(137.032559,-88.354461,1.585));
#15780 = VECTOR('',#15781,1.);
#15781 = DIRECTION('',(-0.669541368369,0.742774768044,0.));
#15782 = ORIENTED_EDGE('',*,*,#15783,.T.);
#15783 = EDGE_CURVE('',#15776,#15784,#15786,.T.);
#15784 = VERTEX_POINT('',#15785);
#15785 = CARTESIAN_POINT('',(136.992126,-87.897002,1.585));
#15786 = CIRCLE('',#15787,0.35596875351);
#15787 = AXIS2_PLACEMENT_3D('',#15788,#15789,#15790);
#15788 = CARTESIAN_POINT('',(137.28104872434,-88.10493807871,1.585));
#15789 = DIRECTION('',(0.,0.,-1.));
#15790 = DIRECTION('',(-0.837862091557,-0.545881961171,-0.));
#15791 = ORIENTED_EDGE('',*,*,#15792,.T.);
#15792 = EDGE_CURVE('',#15784,#15642,#15793,.T.);
#15793 = LINE('',#15794,#15795);
#15794 = CARTESIAN_POINT('',(136.992126,-87.897002,1.585));
#15795 = VECTOR('',#15796,1.);
#15796 = DIRECTION('',(0.733596553135,0.679585239119,0.));
#15797 = PLANE('',#15798);
#15798 = AXIS2_PLACEMENT_3D('',#15799,#15800,#15801);
#15799 = CARTESIAN_POINT('',(0.,0.,1.585));
#15800 = DIRECTION('',(0.,0.,1.));
#15801 = DIRECTION('',(1.,0.,-0.));
#15802 = SHELL_BASED_SURFACE_MODEL('',(#15803));
#15803 = OPEN_SHELL('',(#15804));
#15804 = ADVANCED_FACE('',(#15805),#15841,.T.);
#15805 = FACE_BOUND('',#15806,.F.);
#15806 = EDGE_LOOP('',(#15807,#15818,#15826,#15835));
#15807 = ORIENTED_EDGE('',*,*,#15808,.T.);
#15808 = EDGE_CURVE('',#15809,#15811,#15813,.T.);
#15809 = VERTEX_POINT('',#15810);
#15810 = CARTESIAN_POINT('',(135.997164,-87.395,1.585));
#15811 = VERTEX_POINT('',#15812);
#15812 = CARTESIAN_POINT('',(135.997164,-87.275,1.585));
#15813 = CIRCLE('',#15814,6.000000000042E-02);
#15814 = AXIS2_PLACEMENT_3D('',#15815,#15816,#15817);
#15815 = CARTESIAN_POINT('',(135.99716377441,-87.335,1.585));
#15816 = DIRECTION('',(0.,0.,-1.));
#15817 = DIRECTION('',(3.759794253685E-06,-0.999999999993,0.));
#15818 = ORIENTED_EDGE('',*,*,#15819,.T.);
#15819 = EDGE_CURVE('',#15811,#15820,#15822,.T.);
#15820 = VERTEX_POINT('',#15821);
#15821 = CARTESIAN_POINT('',(136.212836,-87.275,1.585));
#15822 = LINE('',#15823,#15824);
#15823 = CARTESIAN_POINT('',(135.997164,-87.275,1.585));
#15824 = VECTOR('',#15825,1.);
#15825 = DIRECTION('',(1.,0.,0.));
#15826 = ORIENTED_EDGE('',*,*,#15827,.T.);
#15827 = EDGE_CURVE('',#15820,#15828,#15830,.T.);
#15828 = VERTEX_POINT('',#15829);
#15829 = CARTESIAN_POINT('',(136.212836,-87.395,1.585));
#15830 = CIRCLE('',#15831,6.000000000042E-02);
#15831 = AXIS2_PLACEMENT_3D('',#15832,#15833,#15834);
#15832 = CARTESIAN_POINT('',(136.21283622558,-87.335,1.585));
#15833 = DIRECTION('',(0.,0.,-1.));
#15834 = DIRECTION('',(-3.759794253684E-06,0.999999999993,-0.));
#15835 = ORIENTED_EDGE('',*,*,#15836,.T.);
#15836 = EDGE_CURVE('',#15828,#15809,#15837,.T.);
#15837 = LINE('',#15838,#15839);
#15838 = CARTESIAN_POINT('',(136.212836,-87.395,1.585));
#15839 = VECTOR('',#15840,1.);
#15840 = DIRECTION('',(-1.,0.,0.));
#15841 = PLANE('',#15842);
#15842 = AXIS2_PLACEMENT_3D('',#15843,#15844,#15845);
#15843 = CARTESIAN_POINT('',(0.,0.,1.585));
#15844 = DIRECTION('',(0.,0.,1.));
#15845 = DIRECTION('',(1.,0.,-0.));
#15846 = SHELL_BASED_SURFACE_MODEL('',(#15847));
#15847 = OPEN_SHELL('',(#15848));
#15848 = ADVANCED_FACE('',(#15849),#16008,.T.);
#15849 = FACE_BOUND('',#15850,.F.);
#15850 = EDGE_LOOP('',(#15851,#15862,#15870,#15878,#15886,#15894,#15902,
    #15910,#15919,#15927,#15936,#15944,#15952,#15960,#15969,#15977,
    #15985,#15993,#16002));
#15851 = ORIENTED_EDGE('',*,*,#15852,.T.);
#15852 = EDGE_CURVE('',#15853,#15855,#15857,.T.);
#15853 = VERTEX_POINT('',#15854);
#15854 = CARTESIAN_POINT('',(134.537887,-86.532796,1.585));
#15855 = VERTEX_POINT('',#15856);
#15856 = CARTESIAN_POINT('',(134.94014,-86.542126,1.585));
#15857 = CIRCLE('',#15858,0.356185044975);
#15858 = AXIS2_PLACEMENT_3D('',#15859,#15860,#15861);
#15859 = CARTESIAN_POINT('',(134.73219784272,-86.83131079471,1.585));
#15860 = DIRECTION('',(0.,0.,-1.));
#15861 = DIRECTION('',(-0.545533411549,0.838089074552,0.));
#15862 = ORIENTED_EDGE('',*,*,#15863,.T.);
#15863 = EDGE_CURVE('',#15855,#15864,#15866,.T.);
#15864 = VERTEX_POINT('',#15865);
#15865 = CARTESIAN_POINT('',(134.995653,-86.602051,1.585));
#15866 = LINE('',#15867,#15868);
#15867 = CARTESIAN_POINT('',(134.94014,-86.542126,1.585));
#15868 = VECTOR('',#15869,1.);
#15869 = DIRECTION('',(0.679585239119,-0.733596553135,0.));
#15870 = ORIENTED_EDGE('',*,*,#15871,.T.);
#15871 = EDGE_CURVE('',#15864,#15872,#15874,.T.);
#15872 = VERTEX_POINT('',#15873);
#15873 = CARTESIAN_POINT('',(135.037844,-86.692389,1.585));
#15874 = LINE('',#15875,#15876);
#15875 = CARTESIAN_POINT('',(134.995653,-86.602051,1.585));
#15876 = VECTOR('',#15877,1.);
#15877 = DIRECTION('',(0.423159430156,-0.906055239304,0.));
#15878 = ORIENTED_EDGE('',*,*,#15879,.T.);
#15879 = EDGE_CURVE('',#15872,#15880,#15882,.T.);
#15880 = VERTEX_POINT('',#15881);
#15881 = CARTESIAN_POINT('',(135.037085,-86.794913,1.585));
#15882 = LINE('',#15883,#15884);
#15883 = CARTESIAN_POINT('',(135.037844,-86.692389,1.585));
#15884 = VECTOR('',#15885,1.);
#15885 = DIRECTION('',(-7.40294176764E-03,-0.999972597851,0.));
#15886 = ORIENTED_EDGE('',*,*,#15887,.T.);
#15887 = EDGE_CURVE('',#15880,#15888,#15890,.T.);
#15888 = VERTEX_POINT('',#15889);
#15889 = CARTESIAN_POINT('',(134.990931,-86.92726,1.585));
#15890 = LINE('',#15891,#15892);
#15891 = CARTESIAN_POINT('',(135.037085,-86.794913,1.585));
#15892 = VECTOR('',#15893,1.);
#15893 = DIRECTION('',(-0.329285918256,-0.944230260073,0.));
#15894 = ORIENTED_EDGE('',*,*,#15895,.T.);
#15895 = EDGE_CURVE('',#15888,#15896,#15898,.T.);
#15896 = VERTEX_POINT('',#15897);
#15897 = CARTESIAN_POINT('',(134.681065,-87.239164,1.585));
#15898 = LINE('',#15899,#15900);
#15899 = CARTESIAN_POINT('',(134.990931,-86.92726,1.585));
#15900 = VECTOR('',#15901,1.);
#15901 = DIRECTION('',(-0.704785283514,-0.709420682066,0.));
#15902 = ORIENTED_EDGE('',*,*,#15903,.T.);
#15903 = EDGE_CURVE('',#15896,#15904,#15906,.T.);
#15904 = VERTEX_POINT('',#15905);
#15905 = CARTESIAN_POINT('',(134.978917,-87.240605,1.585));
#15906 = LINE('',#15907,#15908);
#15907 = CARTESIAN_POINT('',(134.681065,-87.239164,1.585));
#15908 = VECTOR('',#15909,1.);
#15909 = DIRECTION('',(0.999988297213,-4.837916603829E-03,0.));
#15910 = ORIENTED_EDGE('',*,*,#15911,.T.);
#15911 = EDGE_CURVE('',#15904,#15912,#15914,.T.);
#15912 = VERTEX_POINT('',#15913);
#15913 = CARTESIAN_POINT('',(134.964285,-87.389164,1.585));
#15914 = CIRCLE('',#15915,7.500006711463E-02);
#15915 = AXIS2_PLACEMENT_3D('',#15916,#15917,#15918);
#15916 = CARTESIAN_POINT('',(134.96428506711,-87.31416393288,1.585));
#15917 = DIRECTION('',(0.,0.,-1.));
#15918 = DIRECTION('',(0.195092263891,0.980784894138,0.));
#15919 = ORIENTED_EDGE('',*,*,#15920,.T.);
#15920 = EDGE_CURVE('',#15912,#15921,#15923,.T.);
#15921 = VERTEX_POINT('',#15922);
#15922 = CARTESIAN_POINT('',(134.485367,-87.387723,1.585));
#15923 = LINE('',#15924,#15925);
#15924 = CARTESIAN_POINT('',(134.964285,-87.389164,1.585));
#15925 = VECTOR('',#15926,1.);
#15926 = DIRECTION('',(-0.999995473394,3.008852198415E-03,0.));
#15927 = ORIENTED_EDGE('',*,*,#15928,.T.);
#15928 = EDGE_CURVE('',#15921,#15929,#15931,.T.);
#15929 = VERTEX_POINT('',#15930);
#15930 = CARTESIAN_POINT('',(134.446966,-87.261131,1.585));
#15931 = CIRCLE('',#15932,7.500021013109E-02);
#15932 = AXIS2_PLACEMENT_3D('',#15933,#15934,#15935);
#15933 = CARTESIAN_POINT('',(134.4999993167,-87.31416399764,1.585));
#15934 = DIRECTION('',(0.,0.,-1.));
#15935 = DIRECTION('',(-0.195097009436,-0.980783950169,-0.));
#15936 = ORIENTED_EDGE('',*,*,#15937,.T.);
#15937 = EDGE_CURVE('',#15929,#15938,#15940,.T.);
#15938 = VERTEX_POINT('',#15939);
#15939 = CARTESIAN_POINT('',(134.863019,-86.845078,1.585));
#15940 = LINE('',#15941,#15942);
#15941 = CARTESIAN_POINT('',(134.446966,-87.261131,1.585));
#15942 = VECTOR('',#15943,1.);
#15943 = DIRECTION('',(0.707106781187,0.707106781187,0.));
#15944 = ORIENTED_EDGE('',*,*,#15945,.T.);
#15945 = EDGE_CURVE('',#15938,#15946,#15948,.T.);
#15946 = VERTEX_POINT('',#15947);
#15947 = CARTESIAN_POINT('',(134.889285,-86.76628,1.585));
#15948 = LINE('',#15949,#15950);
#15949 = CARTESIAN_POINT('',(134.863019,-86.845078,1.585));
#15950 = VECTOR('',#15951,1.);
#15951 = DIRECTION('',(0.316227766017,0.948683298051,0.));
#15952 = ORIENTED_EDGE('',*,*,#15953,.T.);
#15953 = EDGE_CURVE('',#15946,#15954,#15956,.T.);
#15954 = VERTEX_POINT('',#15955);
#15955 = CARTESIAN_POINT('',(134.889285,-86.724725,1.585));
#15956 = LINE('',#15957,#15958);
#15957 = CARTESIAN_POINT('',(134.889285,-86.76628,1.585));
#15958 = VECTOR('',#15959,1.);
#15959 = DIRECTION('',(0.,1.,0.));
#15960 = ORIENTED_EDGE('',*,*,#15961,.T.);
#15961 = EDGE_CURVE('',#15954,#15962,#15964,.T.);
#15962 = VERTEX_POINT('',#15963);
#15963 = CARTESIAN_POINT('',(134.803723,-86.639164,1.585));
#15964 = CIRCLE('',#15965,0.119000063567);
#15965 = AXIS2_PLACEMENT_3D('',#15966,#15967,#15968);
#15966 = CARTESIAN_POINT('',(134.77404536607,-86.75440398079,1.585));
#15967 = DIRECTION('',(0.,0.,1.));
#15968 = DIRECTION('',(0.968399767818,0.24940306672,-0.));
#15969 = ORIENTED_EDGE('',*,*,#15970,.T.);
#15970 = EDGE_CURVE('',#15962,#15971,#15973,.T.);
#15971 = VERTEX_POINT('',#15972);
#15972 = CARTESIAN_POINT('',(134.660562,-86.639164,1.585));
#15973 = LINE('',#15974,#15975);
#15974 = CARTESIAN_POINT('',(134.803723,-86.639164,1.585));
#15975 = VECTOR('',#15976,1.);
#15976 = DIRECTION('',(-1.,0.,0.));
#15977 = ORIENTED_EDGE('',*,*,#15978,.T.);
#15978 = EDGE_CURVE('',#15971,#15979,#15981,.T.);
#15979 = VERTEX_POINT('',#15980);
#15980 = CARTESIAN_POINT('',(134.615854,-86.661517,1.585));
#15981 = LINE('',#15982,#15983);
#15982 = CARTESIAN_POINT('',(134.660562,-86.639164,1.585));
#15983 = VECTOR('',#15984,1.);
#15984 = DIRECTION('',(-0.894435193319,-0.447197590504,0.));
#15985 = ORIENTED_EDGE('',*,*,#15986,.T.);
#15986 = EDGE_CURVE('',#15979,#15987,#15989,.T.);
#15987 = VERTEX_POINT('',#15988);
#15988 = CARTESIAN_POINT('',(134.577382,-86.697952,1.585));
#15989 = LINE('',#15990,#15991);
#15990 = CARTESIAN_POINT('',(134.615854,-86.661517,1.585));
#15991 = VECTOR('',#15992,1.);
#15992 = DIRECTION('',(-0.726067231984,-0.687623715879,0.));
#15993 = ORIENTED_EDGE('',*,*,#15994,.T.);
#15994 = EDGE_CURVE('',#15987,#15995,#15997,.T.);
#15995 = VERTEX_POINT('',#15996);
#15996 = CARTESIAN_POINT('',(134.482681,-86.582559,1.585));
#15997 = CIRCLE('',#15998,7.499996838526E-02);
#15998 = AXIS2_PLACEMENT_3D('',#15999,#16000,#16001);
#15999 = CARTESIAN_POINT('',(134.535714,-86.63559197246,1.585));
#16000 = DIRECTION('',(0.,0.,-1.));
#16001 = DIRECTION('',(0.555573567524,-0.831467384248,0.));
#16002 = ORIENTED_EDGE('',*,*,#16003,.T.);
#16003 = EDGE_CURVE('',#15995,#15853,#16004,.T.);
#16004 = LINE('',#16005,#16006);
#16005 = CARTESIAN_POINT('',(134.482681,-86.582559,1.585));
#16006 = VECTOR('',#16007,1.);
#16007 = DIRECTION('',(0.742774768044,0.669541368369,0.));
#16008 = PLANE('',#16009);
#16009 = AXIS2_PLACEMENT_3D('',#16010,#16011,#16012);
#16010 = CARTESIAN_POINT('',(0.,0.,1.585));
#16011 = DIRECTION('',(0.,0.,1.));
#16012 = DIRECTION('',(1.,0.,-0.));
#16013 = SHELL_BASED_SURFACE_MODEL('',(#16014));
#16014 = OPEN_SHELL('',(#16015));
#16015 = ADVANCED_FACE('',(#16016),#16201,.T.);
#16016 = FACE_BOUND('',#16017,.F.);
#16017 = EDGE_LOOP('',(#16018,#16029,#16037,#16046,#16054,#16063,#16071,
    #16080,#16088,#16096,#16104,#16113,#16121,#16130,#16138,#16147,
    #16155,#16163,#16171,#16179,#16187,#16195));
#16018 = ORIENTED_EDGE('',*,*,#16019,.T.);
#16019 = EDGE_CURVE('',#16020,#16022,#16024,.T.);
#16020 = VERTEX_POINT('',#16021);
#16021 = CARTESIAN_POINT('',(133.891429,-86.534721,1.585));
#16022 = VERTEX_POINT('',#16023);
#16023 = CARTESIAN_POINT('',(134.255953,-86.537518,1.585));
#16024 = CIRCLE('',#16025,0.364824575295);
#16025 = AXIS2_PLACEMENT_3D('',#16026,#16027,#16028);
#16026 = CARTESIAN_POINT('',(134.07126615932,-86.852141174,1.585));
#16027 = DIRECTION('',(0.,0.,-1.));
#16028 = DIRECTION('',(-0.492941461467,0.870062477967,0.));
#16029 = ORIENTED_EDGE('',*,*,#16030,.T.);
#16030 = EDGE_CURVE('',#16022,#16031,#16033,.T.);
#16031 = VERTEX_POINT('',#16032);
#16032 = CARTESIAN_POINT('',(134.312359,-86.593924,1.585));
#16033 = LINE('',#16034,#16035);
#16034 = CARTESIAN_POINT('',(134.255953,-86.537518,1.585));
#16035 = VECTOR('',#16036,1.);
#16036 = DIRECTION('',(0.707106781186,-0.707106781187,0.));
#16037 = ORIENTED_EDGE('',*,*,#16038,.T.);
#16038 = EDGE_CURVE('',#16031,#16039,#16041,.T.);
#16039 = VERTEX_POINT('',#16040);
#16040 = CARTESIAN_POINT('',(134.196966,-86.688625,1.585));
#16041 = CIRCLE('',#16042,7.499996838526E-02);
#16042 = AXIS2_PLACEMENT_3D('',#16043,#16044,#16045);
#16043 = CARTESIAN_POINT('',(134.24999897246,-86.635592,1.585));
#16044 = DIRECTION('',(0.,0.,-1.));
#16045 = DIRECTION('',(0.831467384248,0.555573567524,0.));
#16046 = ORIENTED_EDGE('',*,*,#16047,.T.);
#16047 = EDGE_CURVE('',#16039,#16048,#16050,.T.);
#16048 = VERTEX_POINT('',#16049);
#16049 = CARTESIAN_POINT('',(134.17377,-86.665429,1.585));
#16050 = LINE('',#16051,#16052);
#16051 = CARTESIAN_POINT('',(134.196966,-86.688625,1.585));
#16052 = VECTOR('',#16053,1.);
#16053 = DIRECTION('',(-0.707106781187,0.707106781186,0.));
#16054 = ORIENTED_EDGE('',*,*,#16055,.T.);
#16055 = EDGE_CURVE('',#16048,#16056,#16058,.T.);
#16056 = VERTEX_POINT('',#16057);
#16057 = CARTESIAN_POINT('',(133.969084,-86.66543,1.585));
#16058 = CIRCLE('',#16059,0.203336788813);
#16059 = AXIS2_PLACEMENT_3D('',#16060,#16061,#16062);
#16060 = CARTESIAN_POINT('',(134.0714278584,-86.84113311417,1.585));
#16061 = DIRECTION('',(0.,0.,1.));
#16062 = DIRECTION('',(0.503313454451,0.86410390959,-0.));
#16063 = ORIENTED_EDGE('',*,*,#16064,.T.);
#16064 = EDGE_CURVE('',#16056,#16065,#16067,.T.);
#16065 = VERTEX_POINT('',#16066);
#16066 = CARTESIAN_POINT('',(133.918781,-86.715734,1.585));
#16067 = LINE('',#16068,#16069);
#16068 = CARTESIAN_POINT('',(133.969084,-86.66543,1.585));
#16069 = VECTOR('',#16070,1.);
#16070 = DIRECTION('',(-0.707099752746,-0.707113809557,0.));
#16071 = ORIENTED_EDGE('',*,*,#16072,.T.);
#16072 = EDGE_CURVE('',#16065,#16073,#16075,.T.);
#16073 = VERTEX_POINT('',#16074);
#16074 = CARTESIAN_POINT('',(133.860714,-86.983501,1.585));
#16075 = CIRCLE('',#16076,0.43813307615);
#16076 = AXIS2_PLACEMENT_3D('',#16077,#16078,#16079);
#16077 = CARTESIAN_POINT('',(134.29645867527,-86.93781544005,1.585));
#16078 = DIRECTION('',(0.,0.,1.));
#16079 = DIRECTION('',(-0.862015893874,0.506881247146,0.));
#16080 = ORIENTED_EDGE('',*,*,#16081,.T.);
#16081 = EDGE_CURVE('',#16073,#16082,#16084,.T.);
#16082 = VERTEX_POINT('',#16083);
#16083 = CARTESIAN_POINT('',(133.892192,-87.109416,1.585));
#16084 = LINE('',#16085,#16086);
#16085 = CARTESIAN_POINT('',(133.860714,-86.983501,1.585));
#16086 = VECTOR('',#16087,1.);
#16087 = DIRECTION('',(0.242530186384,-0.970143859792,0.));
#16088 = ORIENTED_EDGE('',*,*,#16089,.T.);
#16089 = EDGE_CURVE('',#16082,#16090,#16092,.T.);
#16090 = VERTEX_POINT('',#16091);
#16091 = CARTESIAN_POINT('',(133.91878,-87.162593,1.585));
#16092 = LINE('',#16093,#16094);
#16093 = CARTESIAN_POINT('',(133.892192,-87.109416,1.585));
#16094 = VECTOR('',#16095,1.);
#16095 = DIRECTION('',(0.447206867537,-0.89443055495,0.));
#16096 = ORIENTED_EDGE('',*,*,#16097,.T.);
#16097 = EDGE_CURVE('',#16090,#16098,#16100,.T.);
#16098 = VERTEX_POINT('',#16099);
#16099 = CARTESIAN_POINT('',(133.969084,-87.212897,1.585));
#16100 = LINE('',#16101,#16102);
#16101 = CARTESIAN_POINT('',(133.91878,-87.162593,1.585));
#16102 = VECTOR('',#16103,1.);
#16103 = DIRECTION('',(0.707106781187,-0.707106781186,0.));
#16104 = ORIENTED_EDGE('',*,*,#16105,.T.);
#16105 = EDGE_CURVE('',#16098,#16106,#16108,.T.);
#16106 = VERTEX_POINT('',#16107);
#16107 = CARTESIAN_POINT('',(134.17377,-87.212898,1.585));
#16108 = CIRCLE('',#16109,0.203330363926);
#16109 = AXIS2_PLACEMENT_3D('',#16110,#16111,#16112);
#16110 = CARTESIAN_POINT('',(134.07142785836,-87.0372013212,1.585));
#16111 = DIRECTION('',(0.,0.,1.));
#16112 = DIRECTION('',(-0.503337801561,-0.864089727702,0.));
#16113 = ORIENTED_EDGE('',*,*,#16114,.T.);
#16114 = EDGE_CURVE('',#16106,#16115,#16117,.T.);
#16115 = VERTEX_POINT('',#16116);
#16116 = CARTESIAN_POINT('',(134.20833,-87.180375,1.585));
#16117 = LINE('',#16118,#16119);
#16118 = CARTESIAN_POINT('',(134.17377,-87.212898,1.585));
#16119 = VECTOR('',#16120,1.);
#16120 = DIRECTION('',(0.728242676249,0.685319344897,0.));
#16121 = ORIENTED_EDGE('',*,*,#16122,.T.);
#16122 = EDGE_CURVE('',#16115,#16123,#16125,.T.);
#16123 = VERTEX_POINT('',#16124);
#16124 = CARTESIAN_POINT('',(134.303033,-87.295767,1.585));
#16125 = CIRCLE('',#16126,7.500025564334E-02);
#16126 = AXIS2_PLACEMENT_3D('',#16127,#16128,#16129);
#16127 = CARTESIAN_POINT('',(134.2499987483,-87.242734873,1.585));
#16128 = DIRECTION('',(0.,0.,-1.));
#16129 = DIRECTION('',(-0.555581416931,0.831462139343,0.));
#16130 = ORIENTED_EDGE('',*,*,#16131,.T.);
#16131 = EDGE_CURVE('',#16123,#16132,#16134,.T.);
#16132 = VERTEX_POINT('',#16133);
#16133 = CARTESIAN_POINT('',(134.251428,-87.343607,1.585));
#16134 = LINE('',#16135,#16136);
#16135 = CARTESIAN_POINT('',(134.303033,-87.295767,1.585));
#16136 = VECTOR('',#16137,1.);
#16137 = DIRECTION('',(-0.733352529878,-0.679848561755,0.));
#16138 = ORIENTED_EDGE('',*,*,#16139,.T.);
#16139 = EDGE_CURVE('',#16132,#16140,#16142,.T.);
#16140 = VERTEX_POINT('',#16141);
#16141 = CARTESIAN_POINT('',(133.886903,-87.340811,1.585));
#16142 = CIRCLE('',#16143,0.365100018968);
#16143 = AXIS2_PLACEMENT_3D('',#16144,#16145,#16146);
#16144 = CARTESIAN_POINT('',(134.07159190348,-87.02586968359,1.585));
#16145 = DIRECTION('',(-0.,0.,-1.));
#16146 = DIRECTION('',(0.492566658933,-0.870274718987,-0.));
#16147 = ORIENTED_EDGE('',*,*,#16148,.T.);
#16148 = EDGE_CURVE('',#16140,#16149,#16151,.T.);
#16149 = VERTEX_POINT('',#16150);
#16150 = CARTESIAN_POINT('',(133.794024,-87.246861,1.585));
#16151 = LINE('',#16152,#16153);
#16152 = CARTESIAN_POINT('',(133.886903,-87.340811,1.585));
#16153 = VECTOR('',#16154,1.);
#16154 = DIRECTION('',(-0.70304172964,0.711148596557,0.));
#16155 = ORIENTED_EDGE('',*,*,#16156,.T.);
#16156 = EDGE_CURVE('',#16149,#16157,#16159,.T.);
#16157 = VERTEX_POINT('',#16158);
#16158 = CARTESIAN_POINT('',(133.748667,-87.153782,1.585));
#16159 = LINE('',#16160,#16161);
#16160 = CARTESIAN_POINT('',(133.794024,-87.246861,1.585));
#16161 = VECTOR('',#16162,1.);
#16162 = DIRECTION('',(-0.438053879319,0.898948718679,0.));
#16163 = ORIENTED_EDGE('',*,*,#16164,.T.);
#16164 = EDGE_CURVE('',#16157,#16165,#16167,.T.);
#16165 = VERTEX_POINT('',#16166);
#16166 = CARTESIAN_POINT('',(133.710714,-86.992735,1.585));
#16167 = LINE('',#16168,#16169);
#16168 = CARTESIAN_POINT('',(133.748667,-87.153782,1.585));
#16169 = VECTOR('',#16170,1.);
#16170 = DIRECTION('',(-0.229380566806,0.973336815071,0.));
#16171 = ORIENTED_EDGE('',*,*,#16172,.T.);
#16172 = EDGE_CURVE('',#16165,#16173,#16175,.T.);
#16173 = VERTEX_POINT('',#16174);
#16174 = CARTESIAN_POINT('',(133.712953,-86.867402,1.585));
#16175 = LINE('',#16176,#16177);
#16176 = CARTESIAN_POINT('',(133.710714,-86.992735,1.585));
#16177 = VECTOR('',#16178,1.);
#16178 = DIRECTION('',(1.786155929797E-02,0.999840469625,0.));
#16179 = ORIENTED_EDGE('',*,*,#16180,.T.);
#16180 = EDGE_CURVE('',#16173,#16181,#16183,.T.);
#16181 = VERTEX_POINT('',#16182);
#16182 = CARTESIAN_POINT('',(133.754346,-86.709194,1.585));
#16183 = LINE('',#16184,#16185);
#16184 = CARTESIAN_POINT('',(133.712953,-86.867402,1.585));
#16185 = VECTOR('',#16186,1.);
#16186 = DIRECTION('',(0.25311658908,0.96743578202,0.));
#16187 = ORIENTED_EDGE('',*,*,#16188,.T.);
#16188 = EDGE_CURVE('',#16181,#16189,#16191,.T.);
#16189 = VERTEX_POINT('',#16190);
#16190 = CARTESIAN_POINT('',(133.804109,-86.618274,1.585));
#16191 = LINE('',#16192,#16193);
#16192 = CARTESIAN_POINT('',(133.754346,-86.709194,1.585));
#16193 = VECTOR('',#16194,1.);
#16194 = DIRECTION('',(0.480117744353,0.877204053546,0.));
#16195 = ORIENTED_EDGE('',*,*,#16196,.T.);
#16196 = EDGE_CURVE('',#16189,#16020,#16197,.T.);
#16197 = LINE('',#16198,#16199);
#16198 = CARTESIAN_POINT('',(133.804109,-86.618274,1.585));
#16199 = VECTOR('',#16200,1.);
#16200 = DIRECTION('',(0.722519829251,0.691350198047,0.));
#16201 = PLANE('',#16202);
#16202 = AXIS2_PLACEMENT_3D('',#16203,#16204,#16205);
#16203 = CARTESIAN_POINT('',(0.,0.,1.585));
#16204 = DIRECTION('',(0.,0.,1.));
#16205 = DIRECTION('',(1.,0.,-0.));
#16206 = SHELL_BASED_SURFACE_MODEL('',(#16207));
#16207 = OPEN_SHELL('',(#16208));
#16208 = ADVANCED_FACE('',(#16209),#16245,.T.);
#16209 = FACE_BOUND('',#16210,.F.);
#16210 = EDGE_LOOP('',(#16211,#16222,#16230,#16239));
#16211 = ORIENTED_EDGE('',*,*,#16212,.T.);
#16212 = EDGE_CURVE('',#16213,#16215,#16217,.T.);
#16213 = VERTEX_POINT('',#16214);
#16214 = CARTESIAN_POINT('',(135.997164,-86.675,1.585));
#16215 = VERTEX_POINT('',#16216);
#16216 = CARTESIAN_POINT('',(135.997164,-86.555,1.585));
#16217 = CIRCLE('',#16218,6.000000000042E-02);
#16218 = AXIS2_PLACEMENT_3D('',#16219,#16220,#16221);
#16219 = CARTESIAN_POINT('',(135.99716377441,-86.615,1.585));
#16220 = DIRECTION('',(0.,0.,-1.));
#16221 = DIRECTION('',(3.759794253685E-06,-0.999999999993,0.));
#16222 = ORIENTED_EDGE('',*,*,#16223,.T.);
#16223 = EDGE_CURVE('',#16215,#16224,#16226,.T.);
#16224 = VERTEX_POINT('',#16225);
#16225 = CARTESIAN_POINT('',(136.212836,-86.555,1.585));
#16226 = LINE('',#16227,#16228);
#16227 = CARTESIAN_POINT('',(135.997164,-86.555,1.585));
#16228 = VECTOR('',#16229,1.);
#16229 = DIRECTION('',(1.,0.,0.));
#16230 = ORIENTED_EDGE('',*,*,#16231,.T.);
#16231 = EDGE_CURVE('',#16224,#16232,#16234,.T.);
#16232 = VERTEX_POINT('',#16233);
#16233 = CARTESIAN_POINT('',(136.212836,-86.675,1.585));
#16234 = CIRCLE('',#16235,6.000000000042E-02);
#16235 = AXIS2_PLACEMENT_3D('',#16236,#16237,#16238);
#16236 = CARTESIAN_POINT('',(136.21283622558,-86.615,1.585));
#16237 = DIRECTION('',(0.,0.,-1.));
#16238 = DIRECTION('',(-3.759794253684E-06,0.999999999993,-0.));
#16239 = ORIENTED_EDGE('',*,*,#16240,.T.);
#16240 = EDGE_CURVE('',#16232,#16213,#16241,.T.);
#16241 = LINE('',#16242,#16243);
#16242 = CARTESIAN_POINT('',(136.212836,-86.675,1.585));
#16243 = VECTOR('',#16244,1.);
#16244 = DIRECTION('',(-1.,0.,0.));
#16245 = PLANE('',#16246);
#16246 = AXIS2_PLACEMENT_3D('',#16247,#16248,#16249);
#16247 = CARTESIAN_POINT('',(0.,0.,1.585));
#16248 = DIRECTION('',(0.,0.,1.));
#16249 = DIRECTION('',(1.,0.,-0.));
#16250 = SHELL_BASED_SURFACE_MODEL('',(#16251));
#16251 = OPEN_SHELL('',(#16252));
#16252 = ADVANCED_FACE('',(#16253),#16387,.T.);
#16253 = FACE_BOUND('',#16254,.F.);
#16254 = EDGE_LOOP('',(#16255,#16265,#16273,#16282,#16290,#16298,#16307,
    #16315,#16324,#16332,#16340,#16348,#16356,#16365,#16373,#16381));
#16255 = ORIENTED_EDGE('',*,*,#16256,.T.);
#16256 = EDGE_CURVE('',#16257,#16259,#16261,.T.);
#16257 = VERTEX_POINT('',#16258);
#16258 = CARTESIAN_POINT('',(139.452864,-84.826841,1.585));
#16259 = VERTEX_POINT('',#16260);
#16260 = CARTESIAN_POINT('',(139.49132,-84.80626,1.585));
#16261 = LINE('',#16262,#16263);
#16262 = CARTESIAN_POINT('',(139.452864,-84.826841,1.585));
#16263 = VECTOR('',#16264,1.);
#16264 = DIRECTION('',(0.881674852639,0.471857451169,0.));
#16265 = ORIENTED_EDGE('',*,*,#16266,.T.);
#16266 = EDGE_CURVE('',#16259,#16267,#16269,.T.);
#16267 = VERTEX_POINT('',#16268);
#16268 = CARTESIAN_POINT('',(139.513157,-84.80626,1.585));
#16269 = LINE('',#16270,#16271);
#16270 = CARTESIAN_POINT('',(139.49132,-84.80626,1.585));
#16271 = VECTOR('',#16272,1.);
#16272 = DIRECTION('',(1.,0.,0.));
#16273 = ORIENTED_EDGE('',*,*,#16274,.T.);
#16274 = EDGE_CURVE('',#16267,#16275,#16277,.T.);
#16275 = VERTEX_POINT('',#16276);
#16276 = CARTESIAN_POINT('',(139.580952,-84.879819,1.585));
#16277 = CIRCLE('',#16278,7.216898094227E-02);
#16278 = AXIS2_PLACEMENT_3D('',#16279,#16280,#16281);
#16279 = CARTESIAN_POINT('',(139.50879906389,-84.87829728342,1.585));
#16280 = DIRECTION('',(0.,0.,-1.));
#16281 = DIRECTION('',(6.038516895266E-02,0.998175150648,0.));
#16282 = ORIENTED_EDGE('',*,*,#16283,.T.);
#16283 = EDGE_CURVE('',#16275,#16284,#16286,.T.);
#16284 = VERTEX_POINT('',#16285);
#16285 = CARTESIAN_POINT('',(139.580952,-85.804819,1.585));
#16286 = LINE('',#16287,#16288);
#16287 = CARTESIAN_POINT('',(139.580952,-84.879819,1.585));
#16288 = VECTOR('',#16289,1.);
#16289 = DIRECTION('',(0.,-1.,0.));
#16290 = ORIENTED_EDGE('',*,*,#16291,.T.);
#16291 = EDGE_CURVE('',#16284,#16292,#16294,.T.);
#16292 = VERTEX_POINT('',#16293);
#16293 = CARTESIAN_POINT('',(139.806298,-85.80626,1.585));
#16294 = LINE('',#16295,#16296);
#16295 = CARTESIAN_POINT('',(139.580952,-85.804819,1.585));
#16296 = VECTOR('',#16297,1.);
#16297 = DIRECTION('',(0.999979555102,-6.394480216655E-03,0.));
#16298 = ORIENTED_EDGE('',*,*,#16299,.T.);
#16299 = EDGE_CURVE('',#16292,#16300,#16302,.T.);
#16300 = VERTEX_POINT('',#16301);
#16301 = CARTESIAN_POINT('',(139.791666,-85.954819,1.585));
#16302 = CIRCLE('',#16303,7.500006711465E-02);
#16303 = AXIS2_PLACEMENT_3D('',#16304,#16305,#16306);
#16304 = CARTESIAN_POINT('',(139.79166606711,-85.87981893288,1.585));
#16305 = DIRECTION('',(0.,0.,-1.));
#16306 = DIRECTION('',(0.195092263891,0.980784894138,0.));
#16307 = ORIENTED_EDGE('',*,*,#16308,.T.);
#16308 = EDGE_CURVE('',#16300,#16309,#16311,.T.);
#16309 = VERTEX_POINT('',#16310);
#16310 = CARTESIAN_POINT('',(139.205606,-85.953378,1.585));
#16311 = LINE('',#16312,#16313);
#16312 = CARTESIAN_POINT('',(139.791666,-85.954819,1.585));
#16313 = VECTOR('',#16314,1.);
#16314 = DIRECTION('',(-0.999996977183,2.45878518261E-03,0.));
#16315 = ORIENTED_EDGE('',*,*,#16316,.T.);
#16316 = EDGE_CURVE('',#16309,#16317,#16319,.T.);
#16317 = VERTEX_POINT('',#16318);
#16318 = CARTESIAN_POINT('',(139.220238,-85.804819,1.585));
#16319 = CIRCLE('',#16320,7.500006711464E-02);
#16320 = AXIS2_PLACEMENT_3D('',#16321,#16322,#16323);
#16321 = CARTESIAN_POINT('',(139.22023793288,-85.87981906711,1.585));
#16322 = DIRECTION('',(0.,0.,-1.));
#16323 = DIRECTION('',(-0.195092263891,-0.980784894138,-0.));
#16324 = ORIENTED_EDGE('',*,*,#16325,.T.);
#16325 = EDGE_CURVE('',#16317,#16326,#16328,.T.);
#16326 = VERTEX_POINT('',#16327);
#16327 = CARTESIAN_POINT('',(139.430952,-85.804819,1.585));
#16328 = LINE('',#16329,#16330);
#16329 = CARTESIAN_POINT('',(139.220238,-85.804819,1.585));
#16330 = VECTOR('',#16331,1.);
#16331 = DIRECTION('',(1.,0.,0.));
#16332 = ORIENTED_EDGE('',*,*,#16333,.T.);
#16333 = EDGE_CURVE('',#16326,#16334,#16336,.T.);
#16334 = VERTEX_POINT('',#16335);
#16335 = CARTESIAN_POINT('',(139.430952,-85.108504,1.585));
#16336 = LINE('',#16337,#16338);
#16337 = CARTESIAN_POINT('',(139.430952,-85.804819,1.585));
#16338 = VECTOR('',#16339,1.);
#16339 = DIRECTION('',(0.,1.,0.));
#16340 = ORIENTED_EDGE('',*,*,#16341,.T.);
#16341 = EDGE_CURVE('',#16334,#16342,#16344,.T.);
#16342 = VERTEX_POINT('',#16343);
#16343 = CARTESIAN_POINT('',(139.355316,-85.181031,1.585));
#16344 = LINE('',#16345,#16346);
#16345 = CARTESIAN_POINT('',(139.430952,-85.108504,1.585));
#16346 = VECTOR('',#16347,1.);
#16347 = DIRECTION('',(-0.721785571396,-0.692116745156,0.));
#16348 = ORIENTED_EDGE('',*,*,#16349,.T.);
#16349 = EDGE_CURVE('',#16342,#16350,#16352,.T.);
#16350 = VERTEX_POINT('',#16351);
#16351 = CARTESIAN_POINT('',(139.240047,-85.23787,1.585));
#16352 = LINE('',#16353,#16354);
#16353 = CARTESIAN_POINT('',(139.355316,-85.181031,1.585));
#16354 = VECTOR('',#16355,1.);
#16355 = DIRECTION('',(-0.896889346494,-0.442255017094,0.));
#16356 = ORIENTED_EDGE('',*,*,#16357,.T.);
#16357 = EDGE_CURVE('',#16350,#16358,#16360,.T.);
#16358 = VERTEX_POINT('',#16359);
#16359 = CARTESIAN_POINT('',(139.186697,-85.098451,1.585));
#16360 = CIRCLE('',#16361,7.500005272361E-02);
#16361 = AXIS2_PLACEMENT_3D('',#16362,#16363,#16364);
#16362 = CARTESIAN_POINT('',(139.22023755676,-85.16553332972,1.585));
#16363 = DIRECTION('',(0.,0.,-1.));
#16364 = DIRECTION('',(0.264125724196,-0.964488259036,0.));
#16365 = ORIENTED_EDGE('',*,*,#16366,.T.);
#16366 = EDGE_CURVE('',#16358,#16367,#16369,.T.);
#16367 = VERTEX_POINT('',#16368);
#16368 = CARTESIAN_POINT('',(139.271049,-85.056275,1.585));
#16369 = LINE('',#16370,#16371);
#16370 = CARTESIAN_POINT('',(139.186697,-85.098451,1.585));
#16371 = VECTOR('',#16372,1.);
#16372 = DIRECTION('',(0.894427191,0.4472135955,0.));
#16373 = ORIENTED_EDGE('',*,*,#16374,.T.);
#16374 = EDGE_CURVE('',#16367,#16375,#16377,.T.);
#16375 = VERTEX_POINT('',#16376);
#16376 = CARTESIAN_POINT('',(139.352428,-84.974896,1.585));
#16377 = LINE('',#16378,#16379);
#16378 = CARTESIAN_POINT('',(139.271049,-85.056275,1.585));
#16379 = VECTOR('',#16380,1.);
#16380 = DIRECTION('',(0.707106781187,0.707106781187,0.));
#16381 = ORIENTED_EDGE('',*,*,#16382,.T.);
#16382 = EDGE_CURVE('',#16375,#16257,#16383,.T.);
#16383 = LINE('',#16384,#16385);
#16384 = CARTESIAN_POINT('',(139.352428,-84.974896,1.585));
#16385 = VECTOR('',#16386,1.);
#16386 = DIRECTION('',(0.561387006404,0.82755339951,0.));
#16387 = PLANE('',#16388);
#16388 = AXIS2_PLACEMENT_3D('',#16389,#16390,#16391);
#16389 = CARTESIAN_POINT('',(0.,0.,1.585));
#16390 = DIRECTION('',(0.,0.,1.));
#16391 = DIRECTION('',(1.,0.,-0.));
#16392 = SHELL_BASED_SURFACE_MODEL('',(#16393));
#16393 = OPEN_SHELL('',(#16394));
#16394 = ADVANCED_FACE('',(#16395),#16481,.T.);
#16395 = FACE_BOUND('',#16396,.F.);
#16396 = EDGE_LOOP('',(#16397,#16408,#16416,#16425,#16433,#16442,#16450,
    #16459,#16467,#16475));
#16397 = ORIENTED_EDGE('',*,*,#16398,.T.);
#16398 = EDGE_CURVE('',#16399,#16401,#16403,.T.);
#16399 = VERTEX_POINT('',#16400);
#16400 = CARTESIAN_POINT('',(138.749998,-84.817459,1.585));
#16401 = VERTEX_POINT('',#16402);
#16402 = CARTESIAN_POINT('',(138.866666,-84.879819,1.585));
#16403 = CIRCLE('',#16404,7.500000000002E-02);
#16404 = AXIS2_PLACEMENT_3D('',#16405,#16406,#16407);
#16405 = CARTESIAN_POINT('',(138.791666,-84.87981906555,1.585));
#16406 = DIRECTION('',(0.,0.,-1.));
#16407 = DIRECTION('',(-0.555573333333,0.831467540731,0.));
#16408 = ORIENTED_EDGE('',*,*,#16409,.T.);
#16409 = EDGE_CURVE('',#16401,#16410,#16412,.T.);
#16410 = VERTEX_POINT('',#16411);
#16411 = CARTESIAN_POINT('',(138.864466,-85.610566,1.585));
#16412 = LINE('',#16413,#16414);
#16413 = CARTESIAN_POINT('',(138.866666,-84.879819,1.585));
#16414 = VECTOR('',#16415,1.);
#16415 = DIRECTION('',(-3.01060425822E-03,-0.999995468121,0.));
#16416 = ORIENTED_EDGE('',*,*,#16417,.T.);
#16417 = EDGE_CURVE('',#16410,#16418,#16420,.T.);
#16418 = VERTEX_POINT('',#16419);
#16419 = CARTESIAN_POINT('',(138.513357,-85.954089,1.585));
#16420 = CIRCLE('',#16421,0.38184101318);
#16421 = AXIS2_PLACEMENT_3D('',#16422,#16423,#16424);
#16422 = CARTESIAN_POINT('',(138.48444350032,-85.57334424444,1.585));
#16423 = DIRECTION('',(0.,0.,-1.));
#16424 = DIRECTION('',(0.995237511316,-9.747972132583E-02,0.));
#16425 = ORIENTED_EDGE('',*,*,#16426,.T.);
#16426 = EDGE_CURVE('',#16418,#16427,#16429,.T.);
#16427 = VERTEX_POINT('',#16428);
#16428 = CARTESIAN_POINT('',(138.396082,-85.953378,1.585));
#16429 = LINE('',#16430,#16431);
#16430 = CARTESIAN_POINT('',(138.513357,-85.954089,1.585));
#16431 = VECTOR('',#16432,1.);
#16432 = DIRECTION('',(-0.999981622503,6.062561787213E-03,0.));
#16433 = ORIENTED_EDGE('',*,*,#16434,.T.);
#16434 = EDGE_CURVE('',#16427,#16435,#16437,.T.);
#16435 = VERTEX_POINT('',#16436);
#16436 = CARTESIAN_POINT('',(138.410714,-85.804819,1.585));
#16437 = CIRCLE('',#16438,7.500006711464E-02);
#16438 = AXIS2_PLACEMENT_3D('',#16439,#16440,#16441);
#16439 = CARTESIAN_POINT('',(138.41071393288,-85.87981906711,1.585));
#16440 = DIRECTION('',(0.,0.,-1.));
#16441 = DIRECTION('',(-0.195092263891,-0.980784894138,-0.));
#16442 = ORIENTED_EDGE('',*,*,#16443,.T.);
#16443 = EDGE_CURVE('',#16435,#16444,#16446,.T.);
#16444 = VERTEX_POINT('',#16445);
#16445 = CARTESIAN_POINT('',(138.493782,-85.804819,1.585));
#16446 = LINE('',#16447,#16448);
#16447 = CARTESIAN_POINT('',(138.410714,-85.804819,1.585));
#16448 = VECTOR('',#16449,1.);
#16449 = DIRECTION('',(1.,0.,0.));
#16450 = ORIENTED_EDGE('',*,*,#16451,.T.);
#16451 = EDGE_CURVE('',#16444,#16452,#16454,.T.);
#16452 = VERTEX_POINT('',#16453);
#16453 = CARTESIAN_POINT('',(138.716666,-85.581934,1.585));
#16454 = CIRCLE('',#16455,0.239437351684);
#16455 = AXIS2_PLACEMENT_3D('',#16456,#16457,#16458);
#16456 = CARTESIAN_POINT('',(138.47776490658,-85.56591797844,1.585));
#16457 = DIRECTION('',(0.,0.,1.));
#16458 = DIRECTION('',(6.689471506013E-02,-0.997760039838,0.));
#16459 = ORIENTED_EDGE('',*,*,#16460,.T.);
#16460 = EDGE_CURVE('',#16452,#16461,#16463,.T.);
#16461 = VERTEX_POINT('',#16462);
#16462 = CARTESIAN_POINT('',(138.718107,-84.865187,1.585));
#16463 = LINE('',#16464,#16465);
#16464 = CARTESIAN_POINT('',(138.716666,-85.581934,1.585));
#16465 = VECTOR('',#16466,1.);
#16466 = DIRECTION('',(2.010468251347E-03,0.999997979007,0.));
#16467 = ORIENTED_EDGE('',*,*,#16468,.T.);
#16468 = EDGE_CURVE('',#16461,#16469,#16471,.T.);
#16469 = VERTEX_POINT('',#16470);
#16470 = CARTESIAN_POINT('',(138.729306,-84.838151,1.585));
#16471 = LINE('',#16472,#16473);
#16472 = CARTESIAN_POINT('',(138.718107,-84.865187,1.585));
#16473 = VECTOR('',#16474,1.);
#16474 = DIRECTION('',(0.38269282806,0.923875640631,0.));
#16475 = ORIENTED_EDGE('',*,*,#16476,.T.);
#16476 = EDGE_CURVE('',#16469,#16399,#16477,.T.);
#16477 = LINE('',#16478,#16479);
#16478 = CARTESIAN_POINT('',(138.729306,-84.838151,1.585));
#16479 = VECTOR('',#16480,1.);
#16480 = DIRECTION('',(0.707106781187,0.707106781187,0.));
#16481 = PLANE('',#16482);
#16482 = AXIS2_PLACEMENT_3D('',#16483,#16484,#16485);
#16483 = CARTESIAN_POINT('',(0.,0.,1.585));
#16484 = DIRECTION('',(0.,0.,1.));
#16485 = DIRECTION('',(1.,0.,-0.));
#16486 = SHELL_BASED_SURFACE_MODEL('',(#16487));
#16487 = OPEN_SHELL('',(#16488));
#16488 = ADVANCED_FACE('',(#16489),#16583,.T.);
#16489 = FACE_BOUND('',#16490,.F.);
#16490 = EDGE_LOOP('',(#16491,#16502,#16510,#16519,#16527,#16535,#16544,
    #16552,#16561,#16569,#16577));
#16491 = ORIENTED_EDGE('',*,*,#16492,.T.);
#16492 = EDGE_CURVE('',#16493,#16495,#16497,.T.);
#16493 = VERTEX_POINT('',#16494);
#16494 = CARTESIAN_POINT('',(139.204567,-81.462039,1.585));
#16495 = VERTEX_POINT('',#16496);
#16496 = CARTESIAN_POINT('',(139.32,-81.485,1.585));
#16497 = CIRCLE('',#16498,6.000007318647E-02);
#16498 = AXIS2_PLACEMENT_3D('',#16499,#16500,#16501);
#16499 = CARTESIAN_POINT('',(139.25999992681,-81.48499982331,1.585));
#16500 = DIRECTION('',(0.,0.,-1.));
#16501 = DIRECTION('',(-0.923880986637,0.382679921777,0.));
#16502 = ORIENTED_EDGE('',*,*,#16503,.T.);
#16503 = EDGE_CURVE('',#16495,#16504,#16506,.T.);
#16504 = VERTEX_POINT('',#16505);
#16505 = CARTESIAN_POINT('',(139.32,-83.985,1.585));
#16506 = LINE('',#16507,#16508);
#16507 = CARTESIAN_POINT('',(139.32,-81.485,1.585));
#16508 = VECTOR('',#16509,1.);
#16509 = DIRECTION('',(0.,-1.,0.));
#16510 = ORIENTED_EDGE('',*,*,#16511,.T.);
#16511 = EDGE_CURVE('',#16504,#16512,#16514,.T.);
#16512 = VERTEX_POINT('',#16513);
#16513 = CARTESIAN_POINT('',(139.26,-84.045,1.585));
#16514 = CIRCLE('',#16515,5.999932016256E-02);
#16515 = AXIS2_PLACEMENT_3D('',#16516,#16517,#16518);
#16516 = CARTESIAN_POINT('',(139.26000067984,-83.98500067984,1.585));
#16517 = DIRECTION('',(0.,0.,-1.));
#16518 = DIRECTION('',(0.999999999936,1.133081659513E-05,0.));
#16519 = ORIENTED_EDGE('',*,*,#16520,.T.);
#16520 = EDGE_CURVE('',#16512,#16521,#16523,.T.);
#16521 = VERTEX_POINT('',#16522);
#16522 = CARTESIAN_POINT('',(138.27,-84.045,1.585));
#16523 = LINE('',#16524,#16525);
#16524 = CARTESIAN_POINT('',(139.26,-84.045,1.585));
#16525 = VECTOR('',#16526,1.);
#16526 = DIRECTION('',(-1.,0.,0.));
#16527 = ORIENTED_EDGE('',*,*,#16528,.T.);
#16528 = EDGE_CURVE('',#16521,#16529,#16531,.T.);
#16529 = VERTEX_POINT('',#16530);
#16530 = CARTESIAN_POINT('',(138.27,-84.975,1.585));
#16531 = LINE('',#16532,#16533);
#16532 = CARTESIAN_POINT('',(138.27,-84.045,1.585));
#16533 = VECTOR('',#16534,1.);
#16534 = DIRECTION('',(0.,-1.,0.));
#16535 = ORIENTED_EDGE('',*,*,#16536,.T.);
#16536 = EDGE_CURVE('',#16529,#16537,#16539,.T.);
#16537 = VERTEX_POINT('',#16538);
#16538 = CARTESIAN_POINT('',(138.15,-84.975,1.585));
#16539 = CIRCLE('',#16540,6.000000000042E-02);
#16540 = AXIS2_PLACEMENT_3D('',#16541,#16542,#16543);
#16541 = CARTESIAN_POINT('',(138.21,-84.97500022558,1.585));
#16542 = DIRECTION('',(0.,0.,-1.));
#16543 = DIRECTION('',(0.999999999993,3.759794016838E-06,0.));
#16544 = ORIENTED_EDGE('',*,*,#16545,.T.);
#16545 = EDGE_CURVE('',#16537,#16546,#16548,.T.);
#16546 = VERTEX_POINT('',#16547);
#16547 = CARTESIAN_POINT('',(138.15,-83.985,1.585));
#16548 = LINE('',#16549,#16550);
#16549 = CARTESIAN_POINT('',(138.15,-84.975,1.585));
#16550 = VECTOR('',#16551,1.);
#16551 = DIRECTION('',(0.,1.,0.));
#16552 = ORIENTED_EDGE('',*,*,#16553,.T.);
#16553 = EDGE_CURVE('',#16546,#16554,#16556,.T.);
#16554 = VERTEX_POINT('',#16555);
#16555 = CARTESIAN_POINT('',(138.21,-83.925,1.585));
#16556 = CIRCLE('',#16557,5.999932016254E-02);
#16557 = AXIS2_PLACEMENT_3D('',#16558,#16559,#16560);
#16558 = CARTESIAN_POINT('',(138.20999932015,-83.98499932015,1.585));
#16559 = DIRECTION('',(0.,0.,-1.));
#16560 = DIRECTION('',(-0.999999999936,-1.133081683199E-05,-0.));
#16561 = ORIENTED_EDGE('',*,*,#16562,.T.);
#16562 = EDGE_CURVE('',#16554,#16563,#16565,.T.);
#16563 = VERTEX_POINT('',#16564);
#16564 = CARTESIAN_POINT('',(139.2,-83.925,1.585));
#16565 = LINE('',#16566,#16567);
#16566 = CARTESIAN_POINT('',(138.21,-83.925,1.585));
#16567 = VECTOR('',#16568,1.);
#16568 = DIRECTION('',(1.,0.,0.));
#16569 = ORIENTED_EDGE('',*,*,#16570,.T.);
#16570 = EDGE_CURVE('',#16563,#16571,#16573,.T.);
#16571 = VERTEX_POINT('',#16572);
#16572 = CARTESIAN_POINT('',(139.2,-81.485,1.585));
#16573 = LINE('',#16574,#16575);
#16574 = CARTESIAN_POINT('',(139.2,-83.925,1.585));
#16575 = VECTOR('',#16576,1.);
#16576 = DIRECTION('',(0.,1.,0.));
#16577 = ORIENTED_EDGE('',*,*,#16578,.T.);
#16578 = EDGE_CURVE('',#16571,#16493,#16579,.T.);
#16579 = LINE('',#16580,#16581);
#16580 = CARTESIAN_POINT('',(139.2,-81.485,1.585));
#16581 = VECTOR('',#16582,1.);
#16582 = DIRECTION('',(0.195081000118,0.980787134598,0.));
#16583 = PLANE('',#16584);
#16584 = AXIS2_PLACEMENT_3D('',#16585,#16586,#16587);
#16585 = CARTESIAN_POINT('',(0.,0.,1.585));
#16586 = DIRECTION('',(0.,0.,1.));
#16587 = DIRECTION('',(1.,0.,-0.));
#16588 = SHELL_BASED_SURFACE_MODEL('',(#16589));
#16589 = OPEN_SHELL('',(#16590));
#16590 = ADVANCED_FACE('',(#16591),#16660,.T.);
#16591 = FACE_BOUND('',#16592,.F.);
#16592 = EDGE_LOOP('',(#16593,#16604,#16612,#16620,#16629,#16637,#16646,
    #16654));
#16593 = ORIENTED_EDGE('',*,*,#16594,.T.);
#16594 = EDGE_CURVE('',#16595,#16597,#16599,.T.);
#16595 = VERTEX_POINT('',#16596);
#16596 = CARTESIAN_POINT('',(132.984567,-81.462039,1.585));
#16597 = VERTEX_POINT('',#16598);
#16598 = CARTESIAN_POINT('',(133.1,-81.485,1.585));
#16599 = CIRCLE('',#16600,6.000007318647E-02);
#16600 = AXIS2_PLACEMENT_3D('',#16601,#16602,#16603);
#16601 = CARTESIAN_POINT('',(133.03999992681,-81.48499982331,1.585));
#16602 = DIRECTION('',(0.,0.,-1.));
#16603 = DIRECTION('',(-0.923880986637,0.382679921777,0.));
#16604 = ORIENTED_EDGE('',*,*,#16605,.T.);
#16605 = EDGE_CURVE('',#16597,#16606,#16608,.T.);
#16606 = VERTEX_POINT('',#16607);
#16607 = CARTESIAN_POINT('',(133.1,-83.925,1.585));
#16608 = LINE('',#16609,#16610);
#16609 = CARTESIAN_POINT('',(133.1,-81.485,1.585));
#16610 = VECTOR('',#16611,1.);
#16611 = DIRECTION('',(0.,-1.,0.));
#16612 = ORIENTED_EDGE('',*,*,#16613,.T.);
#16613 = EDGE_CURVE('',#16606,#16614,#16616,.T.);
#16614 = VERTEX_POINT('',#16615);
#16615 = CARTESIAN_POINT('',(134.09,-83.925,1.585));
#16616 = LINE('',#16617,#16618);
#16617 = CARTESIAN_POINT('',(133.1,-83.925,1.585));
#16618 = VECTOR('',#16619,1.);
#16619 = DIRECTION('',(1.,0.,0.));
#16620 = ORIENTED_EDGE('',*,*,#16621,.T.);
#16621 = EDGE_CURVE('',#16614,#16622,#16624,.T.);
#16622 = VERTEX_POINT('',#16623);
#16623 = CARTESIAN_POINT('',(134.09,-84.045,1.585));
#16624 = CIRCLE('',#16625,6.000000000043E-02);
#16625 = AXIS2_PLACEMENT_3D('',#16626,#16627,#16628);
#16626 = CARTESIAN_POINT('',(134.09000022558,-83.985,1.585));
#16627 = DIRECTION('',(0.,0.,-1.));
#16628 = DIRECTION('',(-3.759793779988E-06,0.999999999993,-0.));
#16629 = ORIENTED_EDGE('',*,*,#16630,.T.);
#16630 = EDGE_CURVE('',#16622,#16631,#16633,.T.);
#16631 = VERTEX_POINT('',#16632);
#16632 = CARTESIAN_POINT('',(133.04,-84.045,1.585));
#16633 = LINE('',#16634,#16635);
#16634 = CARTESIAN_POINT('',(134.09,-84.045,1.585));
#16635 = VECTOR('',#16636,1.);
#16636 = DIRECTION('',(-1.,0.,0.));
#16637 = ORIENTED_EDGE('',*,*,#16638,.T.);
#16638 = EDGE_CURVE('',#16631,#16639,#16641,.T.);
#16639 = VERTEX_POINT('',#16640);
#16640 = CARTESIAN_POINT('',(132.98,-83.985,1.585));
#16641 = CIRCLE('',#16642,5.999932016268E-02);
#16642 = AXIS2_PLACEMENT_3D('',#16643,#16644,#16645);
#16643 = CARTESIAN_POINT('',(133.03999932015,-83.98500067984,1.585));
#16644 = DIRECTION('',(0.,0.,-1.));
#16645 = DIRECTION('',(1.133081470031E-05,-0.999999999936,0.));
#16646 = ORIENTED_EDGE('',*,*,#16647,.T.);
#16647 = EDGE_CURVE('',#16639,#16648,#16650,.T.);
#16648 = VERTEX_POINT('',#16649);
#16649 = CARTESIAN_POINT('',(132.98,-81.485,1.585));
#16650 = LINE('',#16651,#16652);
#16651 = CARTESIAN_POINT('',(132.98,-83.985,1.585));
#16652 = VECTOR('',#16653,1.);
#16653 = DIRECTION('',(0.,1.,0.));
#16654 = ORIENTED_EDGE('',*,*,#16655,.T.);
#16655 = EDGE_CURVE('',#16648,#16595,#16656,.T.);
#16656 = LINE('',#16657,#16658);
#16657 = CARTESIAN_POINT('',(132.98,-81.485,1.585));
#16658 = VECTOR('',#16659,1.);
#16659 = DIRECTION('',(0.195081000118,0.980787134598,0.));
#16660 = PLANE('',#16661);
#16661 = AXIS2_PLACEMENT_3D('',#16662,#16663,#16664);
#16662 = CARTESIAN_POINT('',(0.,0.,1.585));
#16663 = DIRECTION('',(0.,0.,1.));
#16664 = DIRECTION('',(1.,0.,-0.));
#16665 = SHELL_BASED_SURFACE_MODEL('',(#16666));
#16666 = OPEN_SHELL('',(#16667));
#16667 = ADVANCED_FACE('',(#16668),#16704,.T.);
#16668 = FACE_BOUND('',#16669,.F.);
#16669 = EDGE_LOOP('',(#16670,#16681,#16689,#16698));
#16670 = ORIENTED_EDGE('',*,*,#16671,.T.);
#16671 = EDGE_CURVE('',#16672,#16674,#16676,.T.);
#16672 = VERTEX_POINT('',#16673);
#16673 = CARTESIAN_POINT('',(134.21,-79.575,1.585));
#16674 = VERTEX_POINT('',#16675);
#16675 = CARTESIAN_POINT('',(134.21,-79.455,1.585));
#16676 = CIRCLE('',#16677,6.000000000042E-02);
#16677 = AXIS2_PLACEMENT_3D('',#16678,#16679,#16680);
#16678 = CARTESIAN_POINT('',(134.20999977441,-79.515,1.585));
#16679 = DIRECTION('',(0.,0.,-1.));
#16680 = DIRECTION('',(3.759794727378E-06,-0.999999999993,0.));
#16681 = ORIENTED_EDGE('',*,*,#16682,.T.);
#16682 = EDGE_CURVE('',#16674,#16683,#16685,.T.);
#16683 = VERTEX_POINT('',#16684);
#16684 = CARTESIAN_POINT('',(138.09,-79.455,1.585));
#16685 = LINE('',#16686,#16687);
#16686 = CARTESIAN_POINT('',(134.21,-79.455,1.585));
#16687 = VECTOR('',#16688,1.);
#16688 = DIRECTION('',(1.,0.,0.));
#16689 = ORIENTED_EDGE('',*,*,#16690,.T.);
#16690 = EDGE_CURVE('',#16683,#16691,#16693,.T.);
#16691 = VERTEX_POINT('',#16692);
#16692 = CARTESIAN_POINT('',(138.09,-79.575,1.585));
#16693 = CIRCLE('',#16694,6.000000000043E-02);
#16694 = AXIS2_PLACEMENT_3D('',#16695,#16696,#16697);
#16695 = CARTESIAN_POINT('',(138.09000022558,-79.515,1.585));
#16696 = DIRECTION('',(0.,0.,-1.));
#16697 = DIRECTION('',(-3.759793779988E-06,0.999999999993,-0.));
#16698 = ORIENTED_EDGE('',*,*,#16699,.T.);
#16699 = EDGE_CURVE('',#16691,#16672,#16700,.T.);
#16700 = LINE('',#16701,#16702);
#16701 = CARTESIAN_POINT('',(138.09,-79.575,1.585));
#16702 = VECTOR('',#16703,1.);
#16703 = DIRECTION('',(-1.,0.,0.));
#16704 = PLANE('',#16705);
#16705 = AXIS2_PLACEMENT_3D('',#16706,#16707,#16708);
#16706 = CARTESIAN_POINT('',(0.,0.,1.585));
#16707 = DIRECTION('',(0.,0.,1.));
#16708 = DIRECTION('',(1.,0.,-0.));
#16709 = ( GEOMETRIC_REPRESENTATION_CONTEXT(3) 
GLOBAL_UNCERTAINTY_ASSIGNED_CONTEXT((#16713)) 
GLOBAL_UNIT_ASSIGNED_CONTEXT((#16710,#16711,#16712)) 
REPRESENTATION_CONTEXT('Context #1',
  '3D Context with UNIT and UNCERTAINTY') );
#16710 = ( LENGTH_UNIT() NAMED_UNIT(*) SI_UNIT(.MILLI.,.METRE.) );
#16711 = ( NAMED_UNIT(*) PLANE_ANGLE_UNIT() SI_UNIT($,.RADIAN.) );
#16712 = ( NAMED_UNIT(*) SI_UNIT($,.STERADIAN.) SOLID_ANGLE_UNIT() );
#16713 = UNCERTAINTY_MEASURE_WITH_UNIT(LENGTH_MEASURE(1.E-07),#16710,
  'distance_accuracy_value','confusion accuracy');
#16714 = CONTEXT_DEPENDENT_SHAPE_REPRESENTATION(#16715,#16717);
#16715 = ( REPRESENTATION_RELATIONSHIP('','',#14150,#10) 
REPRESENTATION_RELATIONSHIP_WITH_TRANSFORMATION(#16716) 
SHAPE_REPRESENTATION_RELATIONSHIP() );
#16716 = ITEM_DEFINED_TRANSFORMATION('','',#11,#39);
#16717 = PRODUCT_DEFINITION_SHAPE('Placement','Placement of an item',
  #16718);
#16718 = NEXT_ASSEMBLY_USAGE_OCCURRENCE('7','=>[0:1:1:6]','',#5,#14145,$
  );
#16719 = PRODUCT_RELATED_PRODUCT_CATEGORY('part',$,(#14147));
#16720 = SHAPE_DEFINITION_REPRESENTATION(#16721,#16727);
#16721 = PRODUCT_DEFINITION_SHAPE('','',#16722);
#16722 = PRODUCT_DEFINITION('design','',#16723,#16726);
#16723 = PRODUCT_DEFINITION_FORMATION('','',#16724);
#16724 = PRODUCT('temperature_fin_PCB','temperature_fin_PCB','',(#16725)
  );
#16725 = PRODUCT_CONTEXT('',#2,'mechanical');
#16726 = PRODUCT_DEFINITION_CONTEXT('part definition',#2,'design');
#16727 = ADVANCED_BREP_SHAPE_REPRESENTATION('',(#11,#16728),#17043);
#16728 = MANIFOLD_SOLID_BREP('',#16729);
#16729 = CLOSED_SHELL('',(#16730,#16770,#16801,#16832,#16863,#16894,
    #16925,#16956,#16987,#17009,#17026));
#16730 = ADVANCED_FACE('',(#16731),#16765,.T.);
#16731 = FACE_BOUND('',#16732,.T.);
#16732 = EDGE_LOOP('',(#16733,#16743,#16751,#16759));
#16733 = ORIENTED_EDGE('',*,*,#16734,.T.);
#16734 = EDGE_CURVE('',#16735,#16737,#16739,.T.);
#16735 = VERTEX_POINT('',#16736);
#16736 = CARTESIAN_POINT('',(140.15,-90.55,0.));
#16737 = VERTEX_POINT('',#16738);
#16738 = CARTESIAN_POINT('',(140.15,-90.55,1.51));
#16739 = LINE('',#16740,#16741);
#16740 = CARTESIAN_POINT('',(140.15,-90.55,0.));
#16741 = VECTOR('',#16742,1.);
#16742 = DIRECTION('',(0.,0.,1.));
#16743 = ORIENTED_EDGE('',*,*,#16744,.T.);
#16744 = EDGE_CURVE('',#16737,#16745,#16747,.T.);
#16745 = VERTEX_POINT('',#16746);
#16746 = CARTESIAN_POINT('',(138.3,-90.55,1.51));
#16747 = LINE('',#16748,#16749);
#16748 = CARTESIAN_POINT('',(140.15,-90.55,1.51));
#16749 = VECTOR('',#16750,1.);
#16750 = DIRECTION('',(-1.,0.,0.));
#16751 = ORIENTED_EDGE('',*,*,#16752,.F.);
#16752 = EDGE_CURVE('',#16753,#16745,#16755,.T.);
#16753 = VERTEX_POINT('',#16754);
#16754 = CARTESIAN_POINT('',(138.3,-90.55,0.));
#16755 = LINE('',#16756,#16757);
#16756 = CARTESIAN_POINT('',(138.3,-90.55,0.));
#16757 = VECTOR('',#16758,1.);
#16758 = DIRECTION('',(0.,0.,1.));
#16759 = ORIENTED_EDGE('',*,*,#16760,.F.);
#16760 = EDGE_CURVE('',#16735,#16753,#16761,.T.);
#16761 = LINE('',#16762,#16763);
#16762 = CARTESIAN_POINT('',(140.15,-90.55,0.));
#16763 = VECTOR('',#16764,1.);
#16764 = DIRECTION('',(-1.,0.,0.));
#16765 = PLANE('',#16766);
#16766 = AXIS2_PLACEMENT_3D('',#16767,#16768,#16769);
#16767 = CARTESIAN_POINT('',(140.15,-90.55,0.));
#16768 = DIRECTION('',(0.,-1.,0.));
#16769 = DIRECTION('',(-1.,0.,0.));
#16770 = ADVANCED_FACE('',(#16771),#16796,.T.);
#16771 = FACE_BOUND('',#16772,.T.);
#16772 = EDGE_LOOP('',(#16773,#16774,#16782,#16790));
#16773 = ORIENTED_EDGE('',*,*,#16752,.T.);
#16774 = ORIENTED_EDGE('',*,*,#16775,.T.);
#16775 = EDGE_CURVE('',#16745,#16776,#16778,.T.);
#16776 = VERTEX_POINT('',#16777);
#16777 = CARTESIAN_POINT('',(138.3,-102.,1.51));
#16778 = LINE('',#16779,#16780);
#16779 = CARTESIAN_POINT('',(138.3,-90.55,1.51));
#16780 = VECTOR('',#16781,1.);
#16781 = DIRECTION('',(0.,-1.,0.));
#16782 = ORIENTED_EDGE('',*,*,#16783,.F.);
#16783 = EDGE_CURVE('',#16784,#16776,#16786,.T.);
#16784 = VERTEX_POINT('',#16785);
#16785 = CARTESIAN_POINT('',(138.3,-102.,0.));
#16786 = LINE('',#16787,#16788);
#16787 = CARTESIAN_POINT('',(138.3,-102.,0.));
#16788 = VECTOR('',#16789,1.);
#16789 = DIRECTION('',(0.,0.,1.));
#16790 = ORIENTED_EDGE('',*,*,#16791,.F.);
#16791 = EDGE_CURVE('',#16753,#16784,#16792,.T.);
#16792 = LINE('',#16793,#16794);
#16793 = CARTESIAN_POINT('',(138.3,-90.55,0.));
#16794 = VECTOR('',#16795,1.);
#16795 = DIRECTION('',(0.,-1.,0.));
#16796 = PLANE('',#16797);
#16797 = AXIS2_PLACEMENT_3D('',#16798,#16799,#16800);
#16798 = CARTESIAN_POINT('',(138.3,-90.55,0.));
#16799 = DIRECTION('',(1.,0.,-0.));
#16800 = DIRECTION('',(0.,-1.,0.));
#16801 = ADVANCED_FACE('',(#16802),#16827,.T.);
#16802 = FACE_BOUND('',#16803,.T.);
#16803 = EDGE_LOOP('',(#16804,#16805,#16813,#16821));
#16804 = ORIENTED_EDGE('',*,*,#16783,.T.);
#16805 = ORIENTED_EDGE('',*,*,#16806,.T.);
#16806 = EDGE_CURVE('',#16776,#16807,#16809,.T.);
#16807 = VERTEX_POINT('',#16808);
#16808 = CARTESIAN_POINT('',(136.15,-102.,1.51));
#16809 = LINE('',#16810,#16811);
#16810 = CARTESIAN_POINT('',(138.3,-102.,1.51));
#16811 = VECTOR('',#16812,1.);
#16812 = DIRECTION('',(-1.,0.,0.));
#16813 = ORIENTED_EDGE('',*,*,#16814,.F.);
#16814 = EDGE_CURVE('',#16815,#16807,#16817,.T.);
#16815 = VERTEX_POINT('',#16816);
#16816 = CARTESIAN_POINT('',(136.15,-102.,0.));
#16817 = LINE('',#16818,#16819);
#16818 = CARTESIAN_POINT('',(136.15,-102.,0.));
#16819 = VECTOR('',#16820,1.);
#16820 = DIRECTION('',(0.,0.,1.));
#16821 = ORIENTED_EDGE('',*,*,#16822,.F.);
#16822 = EDGE_CURVE('',#16784,#16815,#16823,.T.);
#16823 = LINE('',#16824,#16825);
#16824 = CARTESIAN_POINT('',(138.3,-102.,0.));
#16825 = VECTOR('',#16826,1.);
#16826 = DIRECTION('',(-1.,0.,0.));
#16827 = PLANE('',#16828);
#16828 = AXIS2_PLACEMENT_3D('',#16829,#16830,#16831);
#16829 = CARTESIAN_POINT('',(138.3,-102.,0.));
#16830 = DIRECTION('',(0.,-1.,0.));
#16831 = DIRECTION('',(-1.,0.,0.));
#16832 = ADVANCED_FACE('',(#16833),#16858,.T.);
#16833 = FACE_BOUND('',#16834,.T.);
#16834 = EDGE_LOOP('',(#16835,#16836,#16844,#16852));
#16835 = ORIENTED_EDGE('',*,*,#16814,.T.);
#16836 = ORIENTED_EDGE('',*,*,#16837,.T.);
#16837 = EDGE_CURVE('',#16807,#16838,#16840,.T.);
#16838 = VERTEX_POINT('',#16839);
#16839 = CARTESIAN_POINT('',(134.,-102.,1.51));
#16840 = LINE('',#16841,#16842);
#16841 = CARTESIAN_POINT('',(136.15,-102.,1.51));
#16842 = VECTOR('',#16843,1.);
#16843 = DIRECTION('',(-1.,0.,0.));
#16844 = ORIENTED_EDGE('',*,*,#16845,.F.);
#16845 = EDGE_CURVE('',#16846,#16838,#16848,.T.);
#16846 = VERTEX_POINT('',#16847);
#16847 = CARTESIAN_POINT('',(134.,-102.,0.));
#16848 = LINE('',#16849,#16850);
#16849 = CARTESIAN_POINT('',(134.,-102.,0.));
#16850 = VECTOR('',#16851,1.);
#16851 = DIRECTION('',(0.,0.,1.));
#16852 = ORIENTED_EDGE('',*,*,#16853,.F.);
#16853 = EDGE_CURVE('',#16815,#16846,#16854,.T.);
#16854 = LINE('',#16855,#16856);
#16855 = CARTESIAN_POINT('',(136.15,-102.,0.));
#16856 = VECTOR('',#16857,1.);
#16857 = DIRECTION('',(-1.,0.,0.));
#16858 = PLANE('',#16859);
#16859 = AXIS2_PLACEMENT_3D('',#16860,#16861,#16862);
#16860 = CARTESIAN_POINT('',(136.15,-102.,0.));
#16861 = DIRECTION('',(0.,-1.,0.));
#16862 = DIRECTION('',(-1.,0.,0.));
#16863 = ADVANCED_FACE('',(#16864),#16889,.T.);
#16864 = FACE_BOUND('',#16865,.T.);
#16865 = EDGE_LOOP('',(#16866,#16867,#16875,#16883));
#16866 = ORIENTED_EDGE('',*,*,#16845,.T.);
#16867 = ORIENTED_EDGE('',*,*,#16868,.T.);
#16868 = EDGE_CURVE('',#16838,#16869,#16871,.T.);
#16869 = VERTEX_POINT('',#16870);
#16870 = CARTESIAN_POINT('',(134.,-90.55,1.51));
#16871 = LINE('',#16872,#16873);
#16872 = CARTESIAN_POINT('',(134.,-102.,1.51));
#16873 = VECTOR('',#16874,1.);
#16874 = DIRECTION('',(0.,1.,0.));
#16875 = ORIENTED_EDGE('',*,*,#16876,.F.);
#16876 = EDGE_CURVE('',#16877,#16869,#16879,.T.);
#16877 = VERTEX_POINT('',#16878);
#16878 = CARTESIAN_POINT('',(134.,-90.55,0.));
#16879 = LINE('',#16880,#16881);
#16880 = CARTESIAN_POINT('',(134.,-90.55,0.));
#16881 = VECTOR('',#16882,1.);
#16882 = DIRECTION('',(0.,0.,1.));
#16883 = ORIENTED_EDGE('',*,*,#16884,.F.);
#16884 = EDGE_CURVE('',#16846,#16877,#16885,.T.);
#16885 = LINE('',#16886,#16887);
#16886 = CARTESIAN_POINT('',(134.,-102.,0.));
#16887 = VECTOR('',#16888,1.);
#16888 = DIRECTION('',(0.,1.,0.));
#16889 = PLANE('',#16890);
#16890 = AXIS2_PLACEMENT_3D('',#16891,#16892,#16893);
#16891 = CARTESIAN_POINT('',(134.,-102.,0.));
#16892 = DIRECTION('',(-1.,0.,0.));
#16893 = DIRECTION('',(0.,1.,0.));
#16894 = ADVANCED_FACE('',(#16895),#16920,.T.);
#16895 = FACE_BOUND('',#16896,.T.);
#16896 = EDGE_LOOP('',(#16897,#16898,#16906,#16914));
#16897 = ORIENTED_EDGE('',*,*,#16876,.T.);
#16898 = ORIENTED_EDGE('',*,*,#16899,.T.);
#16899 = EDGE_CURVE('',#16869,#16900,#16902,.T.);
#16900 = VERTEX_POINT('',#16901);
#16901 = CARTESIAN_POINT('',(132.15,-90.55,1.51));
#16902 = LINE('',#16903,#16904);
#16903 = CARTESIAN_POINT('',(134.,-90.55,1.51));
#16904 = VECTOR('',#16905,1.);
#16905 = DIRECTION('',(-1.,0.,0.));
#16906 = ORIENTED_EDGE('',*,*,#16907,.F.);
#16907 = EDGE_CURVE('',#16908,#16900,#16910,.T.);
#16908 = VERTEX_POINT('',#16909);
#16909 = CARTESIAN_POINT('',(132.15,-90.55,0.));
#16910 = LINE('',#16911,#16912);
#16911 = CARTESIAN_POINT('',(132.15,-90.55,0.));
#16912 = VECTOR('',#16913,1.);
#16913 = DIRECTION('',(0.,0.,1.));
#16914 = ORIENTED_EDGE('',*,*,#16915,.F.);
#16915 = EDGE_CURVE('',#16877,#16908,#16916,.T.);
#16916 = LINE('',#16917,#16918);
#16917 = CARTESIAN_POINT('',(134.,-90.55,0.));
#16918 = VECTOR('',#16919,1.);
#16919 = DIRECTION('',(-1.,0.,0.));
#16920 = PLANE('',#16921);
#16921 = AXIS2_PLACEMENT_3D('',#16922,#16923,#16924);
#16922 = CARTESIAN_POINT('',(134.,-90.55,0.));
#16923 = DIRECTION('',(0.,-1.,0.));
#16924 = DIRECTION('',(-1.,0.,0.));
#16925 = ADVANCED_FACE('',(#16926),#16951,.T.);
#16926 = FACE_BOUND('',#16927,.T.);
#16927 = EDGE_LOOP('',(#16928,#16929,#16937,#16945));
#16928 = ORIENTED_EDGE('',*,*,#16907,.T.);
#16929 = ORIENTED_EDGE('',*,*,#16930,.T.);
#16930 = EDGE_CURVE('',#16900,#16931,#16933,.T.);
#16931 = VERTEX_POINT('',#16932);
#16932 = CARTESIAN_POINT('',(132.15,-78.8,1.51));
#16933 = LINE('',#16934,#16935);
#16934 = CARTESIAN_POINT('',(132.15,-90.55,1.51));
#16935 = VECTOR('',#16936,1.);
#16936 = DIRECTION('',(0.,1.,0.));
#16937 = ORIENTED_EDGE('',*,*,#16938,.F.);
#16938 = EDGE_CURVE('',#16939,#16931,#16941,.T.);
#16939 = VERTEX_POINT('',#16940);
#16940 = CARTESIAN_POINT('',(132.15,-78.8,0.));
#16941 = LINE('',#16942,#16943);
#16942 = CARTESIAN_POINT('',(132.15,-78.8,0.));
#16943 = VECTOR('',#16944,1.);
#16944 = DIRECTION('',(0.,0.,1.));
#16945 = ORIENTED_EDGE('',*,*,#16946,.F.);
#16946 = EDGE_CURVE('',#16908,#16939,#16947,.T.);
#16947 = LINE('',#16948,#16949);
#16948 = CARTESIAN_POINT('',(132.15,-90.55,0.));
#16949 = VECTOR('',#16950,1.);
#16950 = DIRECTION('',(0.,1.,0.));
#16951 = PLANE('',#16952);
#16952 = AXIS2_PLACEMENT_3D('',#16953,#16954,#16955);
#16953 = CARTESIAN_POINT('',(132.15,-90.55,0.));
#16954 = DIRECTION('',(-1.,0.,0.));
#16955 = DIRECTION('',(0.,1.,0.));
#16956 = ADVANCED_FACE('',(#16957),#16982,.T.);
#16957 = FACE_BOUND('',#16958,.T.);
#16958 = EDGE_LOOP('',(#16959,#16960,#16968,#16976));
#16959 = ORIENTED_EDGE('',*,*,#16938,.T.);
#16960 = ORIENTED_EDGE('',*,*,#16961,.T.);
#16961 = EDGE_CURVE('',#16931,#16962,#16964,.T.);
#16962 = VERTEX_POINT('',#16963);
#16963 = CARTESIAN_POINT('',(140.15,-78.8,1.51));
#16964 = LINE('',#16965,#16966);
#16965 = CARTESIAN_POINT('',(132.15,-78.8,1.51));
#16966 = VECTOR('',#16967,1.);
#16967 = DIRECTION('',(1.,0.,0.));
#16968 = ORIENTED_EDGE('',*,*,#16969,.F.);
#16969 = EDGE_CURVE('',#16970,#16962,#16972,.T.);
#16970 = VERTEX_POINT('',#16971);
#16971 = CARTESIAN_POINT('',(140.15,-78.8,0.));
#16972 = LINE('',#16973,#16974);
#16973 = CARTESIAN_POINT('',(140.15,-78.8,0.));
#16974 = VECTOR('',#16975,1.);
#16975 = DIRECTION('',(0.,0.,1.));
#16976 = ORIENTED_EDGE('',*,*,#16977,.F.);
#16977 = EDGE_CURVE('',#16939,#16970,#16978,.T.);
#16978 = LINE('',#16979,#16980);
#16979 = CARTESIAN_POINT('',(132.15,-78.8,0.));
#16980 = VECTOR('',#16981,1.);
#16981 = DIRECTION('',(1.,0.,0.));
#16982 = PLANE('',#16983);
#16983 = AXIS2_PLACEMENT_3D('',#16984,#16985,#16986);
#16984 = CARTESIAN_POINT('',(132.15,-78.8,0.));
#16985 = DIRECTION('',(0.,1.,0.));
#16986 = DIRECTION('',(1.,0.,0.));
#16987 = ADVANCED_FACE('',(#16988),#17004,.T.);
#16988 = FACE_BOUND('',#16989,.T.);
#16989 = EDGE_LOOP('',(#16990,#16991,#16997,#16998));
#16990 = ORIENTED_EDGE('',*,*,#16969,.T.);
#16991 = ORIENTED_EDGE('',*,*,#16992,.T.);
#16992 = EDGE_CURVE('',#16962,#16737,#16993,.T.);
#16993 = LINE('',#16994,#16995);
#16994 = CARTESIAN_POINT('',(140.15,-78.8,1.51));
#16995 = VECTOR('',#16996,1.);
#16996 = DIRECTION('',(0.,-1.,0.));
#16997 = ORIENTED_EDGE('',*,*,#16734,.F.);
#16998 = ORIENTED_EDGE('',*,*,#16999,.F.);
#16999 = EDGE_CURVE('',#16970,#16735,#17000,.T.);
#17000 = LINE('',#17001,#17002);
#17001 = CARTESIAN_POINT('',(140.15,-78.8,0.));
#17002 = VECTOR('',#17003,1.);
#17003 = DIRECTION('',(0.,-1.,0.));
#17004 = PLANE('',#17005);
#17005 = AXIS2_PLACEMENT_3D('',#17006,#17007,#17008);
#17006 = CARTESIAN_POINT('',(140.15,-78.8,0.));
#17007 = DIRECTION('',(1.,0.,-0.));
#17008 = DIRECTION('',(0.,-1.,0.));
#17009 = ADVANCED_FACE('',(#17010),#17021,.F.);
#17010 = FACE_BOUND('',#17011,.T.);
#17011 = EDGE_LOOP('',(#17012,#17013,#17014,#17015,#17016,#17017,#17018,
    #17019,#17020));
#17012 = ORIENTED_EDGE('',*,*,#16760,.T.);
#17013 = ORIENTED_EDGE('',*,*,#16791,.T.);
#17014 = ORIENTED_EDGE('',*,*,#16822,.T.);
#17015 = ORIENTED_EDGE('',*,*,#16853,.T.);
#17016 = ORIENTED_EDGE('',*,*,#16884,.T.);
#17017 = ORIENTED_EDGE('',*,*,#16915,.T.);
#17018 = ORIENTED_EDGE('',*,*,#16946,.T.);
#17019 = ORIENTED_EDGE('',*,*,#16977,.T.);
#17020 = ORIENTED_EDGE('',*,*,#16999,.T.);
#17021 = PLANE('',#17022);
#17022 = AXIS2_PLACEMENT_3D('',#17023,#17024,#17025);
#17023 = CARTESIAN_POINT('',(0.,0.,0.));
#17024 = DIRECTION('',(0.,0.,1.));
#17025 = DIRECTION('',(1.,0.,-0.));
#17026 = ADVANCED_FACE('',(#17027),#17038,.T.);
#17027 = FACE_BOUND('',#17028,.F.);
#17028 = EDGE_LOOP('',(#17029,#17030,#17031,#17032,#17033,#17034,#17035,
    #17036,#17037));
#17029 = ORIENTED_EDGE('',*,*,#16744,.T.);
#17030 = ORIENTED_EDGE('',*,*,#16775,.T.);
#17031 = ORIENTED_EDGE('',*,*,#16806,.T.);
#17032 = ORIENTED_EDGE('',*,*,#16837,.T.);
#17033 = ORIENTED_EDGE('',*,*,#16868,.T.);
#17034 = ORIENTED_EDGE('',*,*,#16899,.T.);
#17035 = ORIENTED_EDGE('',*,*,#16930,.T.);
#17036 = ORIENTED_EDGE('',*,*,#16961,.T.);
#17037 = ORIENTED_EDGE('',*,*,#16992,.T.);
#17038 = PLANE('',#17039);
#17039 = AXIS2_PLACEMENT_3D('',#17040,#17041,#17042);
#17040 = CARTESIAN_POINT('',(0.,0.,1.51));
#17041 = DIRECTION('',(0.,0.,1.));
#17042 = DIRECTION('',(1.,0.,-0.));
#17043 = ( GEOMETRIC_REPRESENTATION_CONTEXT(3) 
GLOBAL_UNCERTAINTY_ASSIGNED_CONTEXT((#17047)) 
GLOBAL_UNIT_ASSIGNED_CONTEXT((#17044,#17045,#17046)) 
REPRESENTATION_CONTEXT('Context #1',
  '3D Context with UNIT and UNCERTAINTY') );
#17044 = ( LENGTH_UNIT() NAMED_UNIT(*) SI_UNIT(.MILLI.,.METRE.) );
#17045 = ( NAMED_UNIT(*) PLANE_ANGLE_UNIT() SI_UNIT($,.RADIAN.) );
#17046 = ( NAMED_UNIT(*) SI_UNIT($,.STERADIAN.) SOLID_ANGLE_UNIT() );
#17047 = UNCERTAINTY_MEASURE_WITH_UNIT(LENGTH_MEASURE(1.E-07),#17044,
  'distance_accuracy_value','confusion accuracy');
#17048 = CONTEXT_DEPENDENT_SHAPE_REPRESENTATION(#17049,#17051);
#17049 = ( REPRESENTATION_RELATIONSHIP('','',#16727,#10) 
REPRESENTATION_RELATIONSHIP_WITH_TRANSFORMATION(#17050) 
SHAPE_REPRESENTATION_RELATIONSHIP() );
#17050 = ITEM_DEFINED_TRANSFORMATION('','',#11,#43);
#17051 = PRODUCT_DEFINITION_SHAPE('Placement','Placement of an item',
  #17052);
#17052 = NEXT_ASSEMBLY_USAGE_OCCURRENCE('8','=>[0:1:1:7]','',#5,#16722,$
  );
#17053 = PRODUCT_RELATED_PRODUCT_CATEGORY('part',$,(#16724));
#17054 = MECHANICAL_DESIGN_GEOMETRIC_PRESENTATION_REPRESENTATION('',(
    #17055,#17063,#17070,#17077,#17084,#17091,#17098,#17105,#17112,
    #17119,#17126,#17134,#17141,#17148,#17155,#17162,#17169,#17176,
    #17183,#17190,#17197,#17204,#17211,#17218,#17225,#17232,#17239,
    #17246),#915);
#17055 = STYLED_ITEM('color',(#17056),#63);
#17056 = PRESENTATION_STYLE_ASSIGNMENT((#17057));
#17057 = SURFACE_STYLE_USAGE(.BOTH.,#17058);
#17058 = SURFACE_SIDE_STYLE('',(#17059));
#17059 = SURFACE_STYLE_FILL_AREA(#17060);
#17060 = FILL_AREA_STYLE('',(#17061));
#17061 = FILL_AREA_STYLE_COLOUR('',#17062);
#17062 = COLOUR_RGB('',0.823999987314,0.819999987296,0.781000009244);
#17063 = STYLED_ITEM('color',(#17064),#139);
#17064 = PRESENTATION_STYLE_ASSIGNMENT((#17065));
#17065 = SURFACE_STYLE_USAGE(.BOTH.,#17066);
#17066 = SURFACE_SIDE_STYLE('',(#17067));
#17067 = SURFACE_STYLE_FILL_AREA(#17068);
#17068 = FILL_AREA_STYLE('',(#17069));
#17069 = FILL_AREA_STYLE_COLOUR('',#17062);
#17070 = STYLED_ITEM('color',(#17071),#170);
#17071 = PRESENTATION_STYLE_ASSIGNMENT((#17072));
#17072 = SURFACE_STYLE_USAGE(.BOTH.,#17073);
#17073 = SURFACE_SIDE_STYLE('',(#17074));
#17074 = SURFACE_STYLE_FILL_AREA(#17075);
#17075 = FILL_AREA_STYLE('',(#17076));
#17076 = FILL_AREA_STYLE_COLOUR('',#17062);
#17077 = STYLED_ITEM('color',(#17078),#195);
#17078 = PRESENTATION_STYLE_ASSIGNMENT((#17079));
#17079 = SURFACE_STYLE_USAGE(.BOTH.,#17080);
#17080 = SURFACE_SIDE_STYLE('',(#17081));
#17081 = SURFACE_STYLE_FILL_AREA(#17082);
#17082 = FILL_AREA_STYLE('',(#17083));
#17083 = FILL_AREA_STYLE_COLOUR('',#17062);
#17084 = STYLED_ITEM('color',(#17085),#220);
#17085 = PRESENTATION_STYLE_ASSIGNMENT((#17086));
#17086 = SURFACE_STYLE_USAGE(.BOTH.,#17087);
#17087 = SURFACE_SIDE_STYLE('',(#17088));
#17088 = SURFACE_STYLE_FILL_AREA(#17089);
#17089 = FILL_AREA_STYLE('',(#17090));
#17090 = FILL_AREA_STYLE_COLOUR('',#17062);
#17091 = STYLED_ITEM('color',(#17092),#244);
#17092 = PRESENTATION_STYLE_ASSIGNMENT((#17093));
#17093 = SURFACE_STYLE_USAGE(.BOTH.,#17094);
#17094 = SURFACE_SIDE_STYLE('',(#17095));
#17095 = SURFACE_STYLE_FILL_AREA(#17096);
#17096 = FILL_AREA_STYLE('',(#17097));
#17097 = FILL_AREA_STYLE_COLOUR('',#17062);
#17098 = STYLED_ITEM('color',(#17099),#268);
#17099 = PRESENTATION_STYLE_ASSIGNMENT((#17100));
#17100 = SURFACE_STYLE_USAGE(.BOTH.,#17101);
#17101 = SURFACE_SIDE_STYLE('',(#17102));
#17102 = SURFACE_STYLE_FILL_AREA(#17103);
#17103 = FILL_AREA_STYLE('',(#17104));
#17104 = FILL_AREA_STYLE_COLOUR('',#17062);
#17105 = STYLED_ITEM('color',(#17106),#293);
#17106 = PRESENTATION_STYLE_ASSIGNMENT((#17107));
#17107 = SURFACE_STYLE_USAGE(.BOTH.,#17108);
#17108 = SURFACE_SIDE_STYLE('',(#17109));
#17109 = SURFACE_STYLE_FILL_AREA(#17110);
#17110 = FILL_AREA_STYLE('',(#17111));
#17111 = FILL_AREA_STYLE_COLOUR('',#17062);
#17112 = STYLED_ITEM('color',(#17113),#318);
#17113 = PRESENTATION_STYLE_ASSIGNMENT((#17114));
#17114 = SURFACE_STYLE_USAGE(.BOTH.,#17115);
#17115 = SURFACE_SIDE_STYLE('',(#17116));
#17116 = SURFACE_STYLE_FILL_AREA(#17117);
#17117 = FILL_AREA_STYLE('',(#17118));
#17118 = FILL_AREA_STYLE_COLOUR('',#17062);
#17119 = STYLED_ITEM('color',(#17120),#335);
#17120 = PRESENTATION_STYLE_ASSIGNMENT((#17121));
#17121 = SURFACE_STYLE_USAGE(.BOTH.,#17122);
#17122 = SURFACE_SIDE_STYLE('',(#17123));
#17123 = SURFACE_STYLE_FILL_AREA(#17124);
#17124 = FILL_AREA_STYLE('',(#17125));
#17125 = FILL_AREA_STYLE_COLOUR('',#17062);
#17126 = STYLED_ITEM('color',(#17127),#421);
#17127 = PRESENTATION_STYLE_ASSIGNMENT((#17128));
#17128 = SURFACE_STYLE_USAGE(.BOTH.,#17129);
#17129 = SURFACE_SIDE_STYLE('',(#17130));
#17130 = SURFACE_STYLE_FILL_AREA(#17131);
#17131 = FILL_AREA_STYLE('',(#17132));
#17132 = FILL_AREA_STYLE_COLOUR('',#17133);
#17133 = COLOUR_RGB('',0.379000005575,0.270000008848,0.214999999939);
#17134 = STYLED_ITEM('color',(#17135),#453);
#17135 = PRESENTATION_STYLE_ASSIGNMENT((#17136));
#17136 = SURFACE_STYLE_USAGE(.BOTH.,#17137);
#17137 = SURFACE_SIDE_STYLE('',(#17138));
#17138 = SURFACE_STYLE_FILL_AREA(#17139);
#17139 = FILL_AREA_STYLE('',(#17140));
#17140 = FILL_AREA_STYLE_COLOUR('',#17133);
#17141 = STYLED_ITEM('color',(#17142),#477);
#17142 = PRESENTATION_STYLE_ASSIGNMENT((#17143));
#17143 = SURFACE_STYLE_USAGE(.BOTH.,#17144);
#17144 = SURFACE_SIDE_STYLE('',(#17145));
#17145 = SURFACE_STYLE_FILL_AREA(#17146);
#17146 = FILL_AREA_STYLE('',(#17147));
#17147 = FILL_AREA_STYLE_COLOUR('',#17133);
#17148 = STYLED_ITEM('color',(#17149),#502);
#17149 = PRESENTATION_STYLE_ASSIGNMENT((#17150));
#17150 = SURFACE_STYLE_USAGE(.BOTH.,#17151);
#17151 = SURFACE_SIDE_STYLE('',(#17152));
#17152 = SURFACE_STYLE_FILL_AREA(#17153);
#17153 = FILL_AREA_STYLE('',(#17154));
#17154 = FILL_AREA_STYLE_COLOUR('',#17133);
#17155 = STYLED_ITEM('color',(#17156),#526);
#17156 = PRESENTATION_STYLE_ASSIGNMENT((#17157));
#17157 = SURFACE_STYLE_USAGE(.BOTH.,#17158);
#17158 = SURFACE_SIDE_STYLE('',(#17159));
#17159 = SURFACE_STYLE_FILL_AREA(#17160);
#17160 = FILL_AREA_STYLE('',(#17161));
#17161 = FILL_AREA_STYLE_COLOUR('',#17133);
#17162 = STYLED_ITEM('color',(#17163),#551);
#17163 = PRESENTATION_STYLE_ASSIGNMENT((#17164));
#17164 = SURFACE_STYLE_USAGE(.BOTH.,#17165);
#17165 = SURFACE_SIDE_STYLE('',(#17166));
#17166 = SURFACE_STYLE_FILL_AREA(#17167);
#17167 = FILL_AREA_STYLE('',(#17168));
#17168 = FILL_AREA_STYLE_COLOUR('',#17133);
#17169 = STYLED_ITEM('color',(#17170),#575);
#17170 = PRESENTATION_STYLE_ASSIGNMENT((#17171));
#17171 = SURFACE_STYLE_USAGE(.BOTH.,#17172);
#17172 = SURFACE_SIDE_STYLE('',(#17173));
#17173 = SURFACE_STYLE_FILL_AREA(#17174);
#17174 = FILL_AREA_STYLE('',(#17175));
#17175 = FILL_AREA_STYLE_COLOUR('',#17133);
#17176 = STYLED_ITEM('color',(#17177),#600);
#17177 = PRESENTATION_STYLE_ASSIGNMENT((#17178));
#17178 = SURFACE_STYLE_USAGE(.BOTH.,#17179);
#17179 = SURFACE_SIDE_STYLE('',(#17180));
#17180 = SURFACE_STYLE_FILL_AREA(#17181);
#17181 = FILL_AREA_STYLE('',(#17182));
#17182 = FILL_AREA_STYLE_COLOUR('',#17133);
#17183 = STYLED_ITEM('color',(#17184),#617);
#17184 = PRESENTATION_STYLE_ASSIGNMENT((#17185));
#17185 = SURFACE_STYLE_USAGE(.BOTH.,#17186);
#17186 = SURFACE_SIDE_STYLE('',(#17187));
#17187 = SURFACE_STYLE_FILL_AREA(#17188);
#17188 = FILL_AREA_STYLE('',(#17189));
#17189 = FILL_AREA_STYLE_COLOUR('',#17062);
#17190 = STYLED_ITEM('color',(#17191),#703);
#17191 = PRESENTATION_STYLE_ASSIGNMENT((#17192));
#17192 = SURFACE_STYLE_USAGE(.BOTH.,#17193);
#17193 = SURFACE_SIDE_STYLE('',(#17194));
#17194 = SURFACE_STYLE_FILL_AREA(#17195);
#17195 = FILL_AREA_STYLE('',(#17196));
#17196 = FILL_AREA_STYLE_COLOUR('',#17062);
#17197 = STYLED_ITEM('color',(#17198),#734);
#17198 = PRESENTATION_STYLE_ASSIGNMENT((#17199));
#17199 = SURFACE_STYLE_USAGE(.BOTH.,#17200);
#17200 = SURFACE_SIDE_STYLE('',(#17201));
#17201 = SURFACE_STYLE_FILL_AREA(#17202);
#17202 = FILL_AREA_STYLE('',(#17203));
#17203 = FILL_AREA_STYLE_COLOUR('',#17062);
#17204 = STYLED_ITEM('color',(#17205),#759);
#17205 = PRESENTATION_STYLE_ASSIGNMENT((#17206));
#17206 = SURFACE_STYLE_USAGE(.BOTH.,#17207);
#17207 = SURFACE_SIDE_STYLE('',(#17208));
#17208 = SURFACE_STYLE_FILL_AREA(#17209);
#17209 = FILL_AREA_STYLE('',(#17210));
#17210 = FILL_AREA_STYLE_COLOUR('',#17062);
#17211 = STYLED_ITEM('color',(#17212),#784);
#17212 = PRESENTATION_STYLE_ASSIGNMENT((#17213));
#17213 = SURFACE_STYLE_USAGE(.BOTH.,#17214);
#17214 = SURFACE_SIDE_STYLE('',(#17215));
#17215 = SURFACE_STYLE_FILL_AREA(#17216);
#17216 = FILL_AREA_STYLE('',(#17217));
#17217 = FILL_AREA_STYLE_COLOUR('',#17062);
#17218 = STYLED_ITEM('color',(#17219),#808);
#17219 = PRESENTATION_STYLE_ASSIGNMENT((#17220));
#17220 = SURFACE_STYLE_USAGE(.BOTH.,#17221);
#17221 = SURFACE_SIDE_STYLE('',(#17222));
#17222 = SURFACE_STYLE_FILL_AREA(#17223);
#17223 = FILL_AREA_STYLE('',(#17224));
#17224 = FILL_AREA_STYLE_COLOUR('',#17062);
#17225 = STYLED_ITEM('color',(#17226),#832);
#17226 = PRESENTATION_STYLE_ASSIGNMENT((#17227));
#17227 = SURFACE_STYLE_USAGE(.BOTH.,#17228);
#17228 = SURFACE_SIDE_STYLE('',(#17229));
#17229 = SURFACE_STYLE_FILL_AREA(#17230);
#17230 = FILL_AREA_STYLE('',(#17231));
#17231 = FILL_AREA_STYLE_COLOUR('',#17062);
#17232 = STYLED_ITEM('color',(#17233),#857);
#17233 = PRESENTATION_STYLE_ASSIGNMENT((#17234));
#17234 = SURFACE_STYLE_USAGE(.BOTH.,#17235);
#17235 = SURFACE_SIDE_STYLE('',(#17236));
#17236 = SURFACE_STYLE_FILL_AREA(#17237);
#17237 = FILL_AREA_STYLE('',(#17238));
#17238 = FILL_AREA_STYLE_COLOUR('',#17062);
#17239 = STYLED_ITEM('color',(#17240),#882);
#17240 = PRESENTATION_STYLE_ASSIGNMENT((#17241));
#17241 = SURFACE_STYLE_USAGE(.BOTH.,#17242);
#17242 = SURFACE_SIDE_STYLE('',(#17243));
#17243 = SURFACE_STYLE_FILL_AREA(#17244);
#17244 = FILL_AREA_STYLE('',(#17245));
#17245 = FILL_AREA_STYLE_COLOUR('',#17062);
#17246 = STYLED_ITEM('color',(#17247),#899);
#17247 = PRESENTATION_STYLE_ASSIGNMENT((#17248));
#17248 = SURFACE_STYLE_USAGE(.BOTH.,#17249);
#17249 = SURFACE_SIDE_STYLE('',(#17250));
#17250 = SURFACE_STYLE_FILL_AREA(#17251);
#17251 = FILL_AREA_STYLE('',(#17252));
#17252 = FILL_AREA_STYLE_COLOUR('',#17062);
#17253 = MECHANICAL_DESIGN_GEOMETRIC_PRESENTATION_REPRESENTATION('',(
    #17254,#17262,#17269,#17276,#17283,#17290,#17297),#14132);
#17254 = STYLED_ITEM('color',(#17255),#6836);
#17255 = PRESENTATION_STYLE_ASSIGNMENT((#17256));
#17256 = SURFACE_STYLE_USAGE(.BOTH.,#17257);
#17257 = SURFACE_SIDE_STYLE('',(#17258));
#17258 = SURFACE_STYLE_FILL_AREA(#17259);
#17259 = FILL_AREA_STYLE('',(#17260));
#17260 = FILL_AREA_STYLE_COLOUR('',#17261);
#17261 = DRAUGHTING_PRE_DEFINED_COLOUR('white');
#17262 = STYLED_ITEM('color',(#17263),#7629);
#17263 = PRESENTATION_STYLE_ASSIGNMENT((#17264));
#17264 = SURFACE_STYLE_USAGE(.BOTH.,#17265);
#17265 = SURFACE_SIDE_STYLE('',(#17266));
#17266 = SURFACE_STYLE_FILL_AREA(#17267);
#17267 = FILL_AREA_STYLE('',(#17268));
#17268 = FILL_AREA_STYLE_COLOUR('',#17261);
#17269 = STYLED_ITEM('color',(#17270),#8253);
#17270 = PRESENTATION_STYLE_ASSIGNMENT((#17271));
#17271 = SURFACE_STYLE_USAGE(.BOTH.,#17272);
#17272 = SURFACE_SIDE_STYLE('',(#17273));
#17273 = SURFACE_STYLE_FILL_AREA(#17274);
#17274 = FILL_AREA_STYLE('',(#17275));
#17275 = FILL_AREA_STYLE_COLOUR('',#17261);
#17276 = STYLED_ITEM('color',(#17277),#8877);
#17277 = PRESENTATION_STYLE_ASSIGNMENT((#17278));
#17278 = SURFACE_STYLE_USAGE(.BOTH.,#17279);
#17279 = SURFACE_SIDE_STYLE('',(#17280));
#17280 = SURFACE_STYLE_FILL_AREA(#17281);
#17281 = FILL_AREA_STYLE('',(#17282));
#17282 = FILL_AREA_STYLE_COLOUR('',#17261);
#17283 = STYLED_ITEM('color',(#17284),#9501);
#17284 = PRESENTATION_STYLE_ASSIGNMENT((#17285));
#17285 = SURFACE_STYLE_USAGE(.BOTH.,#17286);
#17286 = SURFACE_SIDE_STYLE('',(#17287));
#17287 = SURFACE_STYLE_FILL_AREA(#17288);
#17288 = FILL_AREA_STYLE('',(#17289));
#17289 = FILL_AREA_STYLE_COLOUR('',#17261);
#17290 = STYLED_ITEM('color',(#17291),#10294);
#17291 = PRESENTATION_STYLE_ASSIGNMENT((#17292));
#17292 = SURFACE_STYLE_USAGE(.BOTH.,#17293);
#17293 = SURFACE_SIDE_STYLE('',(#17294));
#17294 = SURFACE_STYLE_FILL_AREA(#17295);
#17295 = FILL_AREA_STYLE('',(#17296));
#17296 = FILL_AREA_STYLE_COLOUR('',#17261);
#17297 = STYLED_ITEM('color',(#17298),#10918);
#17298 = PRESENTATION_STYLE_ASSIGNMENT((#17299));
#17299 = SURFACE_STYLE_USAGE(.BOTH.,#17300);
#17300 = SURFACE_SIDE_STYLE('',(#17301));
#17301 = SURFACE_STYLE_FILL_AREA(#17302);
#17302 = FILL_AREA_STYLE('',(#17303));
#17303 = FILL_AREA_STYLE_COLOUR('',#17304);
#17304 = COLOUR_RGB('',1.,1.,0.752941164258);
#17305 = MECHANICAL_DESIGN_GEOMETRIC_PRESENTATION_REPRESENTATION('',(
    #17306,#17314,#17321,#17328,#17335,#17342,#17349,#17356,#17363,
    #17370,#17378),#6812);
#17306 = STYLED_ITEM('color',(#17307),#2516);
#17307 = PRESENTATION_STYLE_ASSIGNMENT((#17308));
#17308 = SURFACE_STYLE_USAGE(.BOTH.,#17309);
#17309 = SURFACE_SIDE_STYLE('',(#17310));
#17310 = SURFACE_STYLE_FILL_AREA(#17311);
#17311 = FILL_AREA_STYLE('',(#17312));
#17312 = FILL_AREA_STYLE_COLOUR('',#17313);
#17313 = COLOUR_RGB('',0.792156867455,0.819607826924,0.933333342953);
#17314 = STYLED_ITEM('color',(#17315),#2734);
#17315 = PRESENTATION_STYLE_ASSIGNMENT((#17316));
#17316 = SURFACE_STYLE_USAGE(.BOTH.,#17317);
#17317 = SURFACE_SIDE_STYLE('',(#17318));
#17318 = SURFACE_STYLE_FILL_AREA(#17319);
#17319 = FILL_AREA_STYLE('',(#17320));
#17320 = FILL_AREA_STYLE_COLOUR('',#17313);
#17321 = STYLED_ITEM('color',(#17322),#3049);
#17322 = PRESENTATION_STYLE_ASSIGNMENT((#17323));
#17323 = SURFACE_STYLE_USAGE(.BOTH.,#17324);
#17324 = SURFACE_SIDE_STYLE('',(#17325));
#17325 = SURFACE_STYLE_FILL_AREA(#17326);
#17326 = FILL_AREA_STYLE('',(#17327));
#17327 = FILL_AREA_STYLE_COLOUR('',#17313);
#17328 = STYLED_ITEM('color',(#17329),#3331);
#17329 = PRESENTATION_STYLE_ASSIGNMENT((#17330));
#17330 = SURFACE_STYLE_USAGE(.BOTH.,#17331);
#17331 = SURFACE_SIDE_STYLE('',(#17332));
#17332 = SURFACE_STYLE_FILL_AREA(#17333);
#17333 = FILL_AREA_STYLE('',(#17334));
#17334 = FILL_AREA_STYLE_COLOUR('',#17313);
#17335 = STYLED_ITEM('color',(#17336),#3646);
#17336 = PRESENTATION_STYLE_ASSIGNMENT((#17337));
#17337 = SURFACE_STYLE_USAGE(.BOTH.,#17338);
#17338 = SURFACE_SIDE_STYLE('',(#17339));
#17339 = SURFACE_STYLE_FILL_AREA(#17340);
#17340 = FILL_AREA_STYLE('',(#17341));
#17341 = FILL_AREA_STYLE_COLOUR('',#17313);
#17342 = STYLED_ITEM('color',(#17343),#3961);
#17343 = PRESENTATION_STYLE_ASSIGNMENT((#17344));
#17344 = SURFACE_STYLE_USAGE(.BOTH.,#17345);
#17345 = SURFACE_SIDE_STYLE('',(#17346));
#17346 = SURFACE_STYLE_FILL_AREA(#17347);
#17347 = FILL_AREA_STYLE('',(#17348));
#17348 = FILL_AREA_STYLE_COLOUR('',#17313);
#17349 = STYLED_ITEM('color',(#17350),#4111);
#17350 = PRESENTATION_STYLE_ASSIGNMENT((#17351));
#17351 = SURFACE_STYLE_USAGE(.BOTH.,#17352);
#17352 = SURFACE_SIDE_STYLE('',(#17353));
#17353 = SURFACE_STYLE_FILL_AREA(#17354);
#17354 = FILL_AREA_STYLE('',(#17355));
#17355 = FILL_AREA_STYLE_COLOUR('',#17313);
#17356 = STYLED_ITEM('color',(#17357),#4261);
#17357 = PRESENTATION_STYLE_ASSIGNMENT((#17358));
#17358 = SURFACE_STYLE_USAGE(.BOTH.,#17359);
#17359 = SURFACE_SIDE_STYLE('',(#17360));
#17360 = SURFACE_STYLE_FILL_AREA(#17361);
#17361 = FILL_AREA_STYLE('',(#17362));
#17362 = FILL_AREA_STYLE_COLOUR('',#17313);
#17363 = STYLED_ITEM('color',(#17364),#4411);
#17364 = PRESENTATION_STYLE_ASSIGNMENT((#17365));
#17365 = SURFACE_STYLE_USAGE(.BOTH.,#17366);
#17366 = SURFACE_SIDE_STYLE('',(#17367));
#17367 = SURFACE_STYLE_FILL_AREA(#17368);
#17368 = FILL_AREA_STYLE('',(#17369));
#17369 = FILL_AREA_STYLE_COLOUR('',#17313);
#17370 = STYLED_ITEM('color',(#17371),#4561);
#17371 = PRESENTATION_STYLE_ASSIGNMENT((#17372));
#17372 = SURFACE_STYLE_USAGE(.BOTH.,#17373);
#17373 = SURFACE_SIDE_STYLE('',(#17374));
#17374 = SURFACE_STYLE_FILL_AREA(#17375);
#17375 = FILL_AREA_STYLE('',(#17376));
#17376 = FILL_AREA_STYLE_COLOUR('',#17377);
#17377 = COLOUR_RGB('',0.250980388104,0.250980388104,0.250980388104);
#17378 = STYLED_ITEM('color',(#17379),#6724);
#17379 = PRESENTATION_STYLE_ASSIGNMENT((#17380));
#17380 = SURFACE_STYLE_USAGE(.BOTH.,#17381);
#17381 = SURFACE_SIDE_STYLE('',(#17382));
#17382 = SURFACE_STYLE_FILL_AREA(#17383);
#17383 = FILL_AREA_STYLE('',(#17384));
#17384 = FILL_AREA_STYLE_COLOUR('',#17261);
#17385 = MECHANICAL_DESIGN_GEOMETRIC_PRESENTATION_REPRESENTATION('',(
    #17386,#17395,#17404,#17413,#17422,#17431,#17440,#17449,#17458,
    #17467,#17476,#17485,#17494,#17503,#17512,#17521,#17530,#17539,
    #17548,#17557,#17566,#17575,#17584,#17593,#17602),#16709);
#17386 = STYLED_ITEM('color',(#17387),#14153);
#17387 = PRESENTATION_STYLE_ASSIGNMENT((#17388));
#17388 = SURFACE_STYLE_USAGE(.BOTH.,#17389);
#17389 = SURFACE_SIDE_STYLE('',(#17390,#17393));
#17390 = SURFACE_STYLE_FILL_AREA(#17391);
#17391 = FILL_AREA_STYLE('',(#17392));
#17392 = FILL_AREA_STYLE_COLOUR('',#17261);
#17393 = SURFACE_STYLE_RENDERING_WITH_PROPERTIES(.NORMAL_SHADING.,#17261
  ,(#17394));
#17394 = SURFACE_STYLE_TRANSPARENT(0.100000023842);
#17395 = STYLED_ITEM('color',(#17396),#14221);
#17396 = PRESENTATION_STYLE_ASSIGNMENT((#17397));
#17397 = SURFACE_STYLE_USAGE(.BOTH.,#17398);
#17398 = SURFACE_SIDE_STYLE('',(#17399,#17402));
#17399 = SURFACE_STYLE_FILL_AREA(#17400);
#17400 = FILL_AREA_STYLE('',(#17401));
#17401 = FILL_AREA_STYLE_COLOUR('',#17261);
#17402 = SURFACE_STYLE_RENDERING_WITH_PROPERTIES(.NORMAL_SHADING.,#17261
  ,(#17403));
#17403 = SURFACE_STYLE_TRANSPARENT(0.100000023842);
#17404 = STYLED_ITEM('color',(#17405),#14265);
#17405 = PRESENTATION_STYLE_ASSIGNMENT((#17406));
#17406 = SURFACE_STYLE_USAGE(.BOTH.,#17407);
#17407 = SURFACE_SIDE_STYLE('',(#17408,#17411));
#17408 = SURFACE_STYLE_FILL_AREA(#17409);
#17409 = FILL_AREA_STYLE('',(#17410));
#17410 = FILL_AREA_STYLE_COLOUR('',#17261);
#17411 = SURFACE_STYLE_RENDERING_WITH_PROPERTIES(.NORMAL_SHADING.,#17261
  ,(#17412));
#17412 = SURFACE_STYLE_TRANSPARENT(0.100000023842);
#17413 = STYLED_ITEM('color',(#17414),#14309);
#17414 = PRESENTATION_STYLE_ASSIGNMENT((#17415));
#17415 = SURFACE_STYLE_USAGE(.BOTH.,#17416);
#17416 = SURFACE_SIDE_STYLE('',(#17417,#17420));
#17417 = SURFACE_STYLE_FILL_AREA(#17418);
#17418 = FILL_AREA_STYLE('',(#17419));
#17419 = FILL_AREA_STYLE_COLOUR('',#17261);
#17420 = SURFACE_STYLE_RENDERING_WITH_PROPERTIES(.NORMAL_SHADING.,#17261
  ,(#17421));
#17421 = SURFACE_STYLE_TRANSPARENT(0.100000023842);
#17422 = STYLED_ITEM('color',(#17423),#14436);
#17423 = PRESENTATION_STYLE_ASSIGNMENT((#17424));
#17424 = SURFACE_STYLE_USAGE(.BOTH.,#17425);
#17425 = SURFACE_SIDE_STYLE('',(#17426,#17429));
#17426 = SURFACE_STYLE_FILL_AREA(#17427);
#17427 = FILL_AREA_STYLE('',(#17428));
#17428 = FILL_AREA_STYLE_COLOUR('',#17261);
#17429 = SURFACE_STYLE_RENDERING_WITH_PROPERTIES(.NORMAL_SHADING.,#17261
  ,(#17430));
#17430 = SURFACE_STYLE_TRANSPARENT(0.100000023842);
#17431 = STYLED_ITEM('color',(#17432),#14480);
#17432 = PRESENTATION_STYLE_ASSIGNMENT((#17433));
#17433 = SURFACE_STYLE_USAGE(.BOTH.,#17434);
#17434 = SURFACE_SIDE_STYLE('',(#17435,#17438));
#17435 = SURFACE_STYLE_FILL_AREA(#17436);
#17436 = FILL_AREA_STYLE('',(#17437));
#17437 = FILL_AREA_STYLE_COLOUR('',#17261);
#17438 = SURFACE_STYLE_RENDERING_WITH_PROPERTIES(.NORMAL_SHADING.,#17261
  ,(#17439));
#17439 = SURFACE_STYLE_TRANSPARENT(0.100000023842);
#17440 = STYLED_ITEM('color',(#17441),#14524);
#17441 = PRESENTATION_STYLE_ASSIGNMENT((#17442));
#17442 = SURFACE_STYLE_USAGE(.BOTH.,#17443);
#17443 = SURFACE_SIDE_STYLE('',(#17444,#17447));
#17444 = SURFACE_STYLE_FILL_AREA(#17445);
#17445 = FILL_AREA_STYLE('',(#17446));
#17446 = FILL_AREA_STYLE_COLOUR('',#17261);
#17447 = SURFACE_STYLE_RENDERING_WITH_PROPERTIES(.NORMAL_SHADING.,#17261
  ,(#17448));
#17448 = SURFACE_STYLE_TRANSPARENT(0.100000023842);
#17449 = STYLED_ITEM('color',(#17450),#14666);
#17450 = PRESENTATION_STYLE_ASSIGNMENT((#17451));
#17451 = SURFACE_STYLE_USAGE(.BOTH.,#17452);
#17452 = SURFACE_SIDE_STYLE('',(#17453,#17456));
#17453 = SURFACE_STYLE_FILL_AREA(#17454);
#17454 = FILL_AREA_STYLE('',(#17455));
#17455 = FILL_AREA_STYLE_COLOUR('',#17261);
#17456 = SURFACE_STYLE_RENDERING_WITH_PROPERTIES(.NORMAL_SHADING.,#17261
  ,(#17457));
#17457 = SURFACE_STYLE_TRANSPARENT(0.100000023842);
#17458 = STYLED_ITEM('color',(#17459),#14859);
#17459 = PRESENTATION_STYLE_ASSIGNMENT((#17460));
#17460 = SURFACE_STYLE_USAGE(.BOTH.,#17461);
#17461 = SURFACE_SIDE_STYLE('',(#17462,#17465));
#17462 = SURFACE_STYLE_FILL_AREA(#17463);
#17463 = FILL_AREA_STYLE('',(#17464));
#17464 = FILL_AREA_STYLE_COLOUR('',#17261);
#17465 = SURFACE_STYLE_RENDERING_WITH_PROPERTIES(.NORMAL_SHADING.,#17261
  ,(#17466));
#17466 = SURFACE_STYLE_TRANSPARENT(0.100000023842);
#17467 = STYLED_ITEM('color',(#17468),#15068);
#17468 = PRESENTATION_STYLE_ASSIGNMENT((#17469));
#17469 = SURFACE_STYLE_USAGE(.BOTH.,#17470);
#17470 = SURFACE_SIDE_STYLE('',(#17471,#17474));
#17471 = SURFACE_STYLE_FILL_AREA(#17472);
#17472 = FILL_AREA_STYLE('',(#17473));
#17473 = FILL_AREA_STYLE_COLOUR('',#17261);
#17474 = SURFACE_STYLE_RENDERING_WITH_PROPERTIES(.NORMAL_SHADING.,#17261
  ,(#17475));
#17475 = SURFACE_STYLE_TRANSPARENT(0.100000023842);
#17476 = STYLED_ITEM('color',(#17477),#15087);
#17477 = PRESENTATION_STYLE_ASSIGNMENT((#17478));
#17478 = SURFACE_STYLE_USAGE(.BOTH.,#17479);
#17479 = SURFACE_SIDE_STYLE('',(#17480,#17483));
#17480 = SURFACE_STYLE_FILL_AREA(#17481);
#17481 = FILL_AREA_STYLE('',(#17482));
#17482 = FILL_AREA_STYLE_COLOUR('',#17261);
#17483 = SURFACE_STYLE_RENDERING_WITH_PROPERTIES(.NORMAL_SHADING.,#17261
  ,(#17484));
#17484 = SURFACE_STYLE_TRANSPARENT(0.100000023842);
#17485 = STYLED_ITEM('color',(#17486),#15131);
#17486 = PRESENTATION_STYLE_ASSIGNMENT((#17487));
#17487 = SURFACE_STYLE_USAGE(.BOTH.,#17488);
#17488 = SURFACE_SIDE_STYLE('',(#17489,#17492));
#17489 = SURFACE_STYLE_FILL_AREA(#17490);
#17490 = FILL_AREA_STYLE('',(#17491));
#17491 = FILL_AREA_STYLE_COLOUR('',#17261);
#17492 = SURFACE_STYLE_RENDERING_WITH_PROPERTIES(.NORMAL_SHADING.,#17261
  ,(#17493));
#17493 = SURFACE_STYLE_TRANSPARENT(0.100000023842);
#17494 = STYLED_ITEM('color',(#17495),#15258);
#17495 = PRESENTATION_STYLE_ASSIGNMENT((#17496));
#17496 = SURFACE_STYLE_USAGE(.BOTH.,#17497);
#17497 = SURFACE_SIDE_STYLE('',(#17498,#17501));
#17498 = SURFACE_STYLE_FILL_AREA(#17499);
#17499 = FILL_AREA_STYLE('',(#17500));
#17500 = FILL_AREA_STYLE_COLOUR('',#17261);
#17501 = SURFACE_STYLE_RENDERING_WITH_PROPERTIES(.NORMAL_SHADING.,#17261
  ,(#17502));
#17502 = SURFACE_STYLE_TRANSPARENT(0.100000023842);
#17503 = STYLED_ITEM('color',(#17504),#15302);
#17504 = PRESENTATION_STYLE_ASSIGNMENT((#17505));
#17505 = SURFACE_STYLE_USAGE(.BOTH.,#17506);
#17506 = SURFACE_SIDE_STYLE('',(#17507,#17510));
#17507 = SURFACE_STYLE_FILL_AREA(#17508);
#17508 = FILL_AREA_STYLE('',(#17509));
#17509 = FILL_AREA_STYLE_COLOUR('',#17261);
#17510 = SURFACE_STYLE_RENDERING_WITH_PROPERTIES(.NORMAL_SHADING.,#17261
  ,(#17511));
#17511 = SURFACE_STYLE_TRANSPARENT(0.100000023842);
#17512 = STYLED_ITEM('color',(#17513),#15444);
#17513 = PRESENTATION_STYLE_ASSIGNMENT((#17514));
#17514 = SURFACE_STYLE_USAGE(.BOTH.,#17515);
#17515 = SURFACE_SIDE_STYLE('',(#17516,#17519));
#17516 = SURFACE_STYLE_FILL_AREA(#17517);
#17517 = FILL_AREA_STYLE('',(#17518));
#17518 = FILL_AREA_STYLE_COLOUR('',#17261);
#17519 = SURFACE_STYLE_RENDERING_WITH_PROPERTIES(.NORMAL_SHADING.,#17261
  ,(#17520));
#17520 = SURFACE_STYLE_TRANSPARENT(0.100000023842);
#17521 = STYLED_ITEM('color',(#17522),#15637);
#17522 = PRESENTATION_STYLE_ASSIGNMENT((#17523));
#17523 = SURFACE_STYLE_USAGE(.BOTH.,#17524);
#17524 = SURFACE_SIDE_STYLE('',(#17525,#17528));
#17525 = SURFACE_STYLE_FILL_AREA(#17526);
#17526 = FILL_AREA_STYLE('',(#17527));
#17527 = FILL_AREA_STYLE_COLOUR('',#17261);
#17528 = SURFACE_STYLE_RENDERING_WITH_PROPERTIES(.NORMAL_SHADING.,#17261
  ,(#17529));
#17529 = SURFACE_STYLE_TRANSPARENT(0.100000023842);
#17530 = STYLED_ITEM('color',(#17531),#15804);
#17531 = PRESENTATION_STYLE_ASSIGNMENT((#17532));
#17532 = SURFACE_STYLE_USAGE(.BOTH.,#17533);
#17533 = SURFACE_SIDE_STYLE('',(#17534,#17537));
#17534 = SURFACE_STYLE_FILL_AREA(#17535);
#17535 = FILL_AREA_STYLE('',(#17536));
#17536 = FILL_AREA_STYLE_COLOUR('',#17261);
#17537 = SURFACE_STYLE_RENDERING_WITH_PROPERTIES(.NORMAL_SHADING.,#17261
  ,(#17538));
#17538 = SURFACE_STYLE_TRANSPARENT(0.100000023842);
#17539 = STYLED_ITEM('color',(#17540),#15848);
#17540 = PRESENTATION_STYLE_ASSIGNMENT((#17541));
#17541 = SURFACE_STYLE_USAGE(.BOTH.,#17542);
#17542 = SURFACE_SIDE_STYLE('',(#17543,#17546));
#17543 = SURFACE_STYLE_FILL_AREA(#17544);
#17544 = FILL_AREA_STYLE('',(#17545));
#17545 = FILL_AREA_STYLE_COLOUR('',#17261);
#17546 = SURFACE_STYLE_RENDERING_WITH_PROPERTIES(.NORMAL_SHADING.,#17261
  ,(#17547));
#17547 = SURFACE_STYLE_TRANSPARENT(0.100000023842);
#17548 = STYLED_ITEM('color',(#17549),#16015);
#17549 = PRESENTATION_STYLE_ASSIGNMENT((#17550));
#17550 = SURFACE_STYLE_USAGE(.BOTH.,#17551);
#17551 = SURFACE_SIDE_STYLE('',(#17552,#17555));
#17552 = SURFACE_STYLE_FILL_AREA(#17553);
#17553 = FILL_AREA_STYLE('',(#17554));
#17554 = FILL_AREA_STYLE_COLOUR('',#17261);
#17555 = SURFACE_STYLE_RENDERING_WITH_PROPERTIES(.NORMAL_SHADING.,#17261
  ,(#17556));
#17556 = SURFACE_STYLE_TRANSPARENT(0.100000023842);
#17557 = STYLED_ITEM('color',(#17558),#16208);
#17558 = PRESENTATION_STYLE_ASSIGNMENT((#17559));
#17559 = SURFACE_STYLE_USAGE(.BOTH.,#17560);
#17560 = SURFACE_SIDE_STYLE('',(#17561,#17564));
#17561 = SURFACE_STYLE_FILL_AREA(#17562);
#17562 = FILL_AREA_STYLE('',(#17563));
#17563 = FILL_AREA_STYLE_COLOUR('',#17261);
#17564 = SURFACE_STYLE_RENDERING_WITH_PROPERTIES(.NORMAL_SHADING.,#17261
  ,(#17565));
#17565 = SURFACE_STYLE_TRANSPARENT(0.100000023842);
#17566 = STYLED_ITEM('color',(#17567),#16252);
#17567 = PRESENTATION_STYLE_ASSIGNMENT((#17568));
#17568 = SURFACE_STYLE_USAGE(.BOTH.,#17569);
#17569 = SURFACE_SIDE_STYLE('',(#17570,#17573));
#17570 = SURFACE_STYLE_FILL_AREA(#17571);
#17571 = FILL_AREA_STYLE('',(#17572));
#17572 = FILL_AREA_STYLE_COLOUR('',#17261);
#17573 = SURFACE_STYLE_RENDERING_WITH_PROPERTIES(.NORMAL_SHADING.,#17261
  ,(#17574));
#17574 = SURFACE_STYLE_TRANSPARENT(0.100000023842);
#17575 = STYLED_ITEM('color',(#17576),#16394);
#17576 = PRESENTATION_STYLE_ASSIGNMENT((#17577));
#17577 = SURFACE_STYLE_USAGE(.BOTH.,#17578);
#17578 = SURFACE_SIDE_STYLE('',(#17579,#17582));
#17579 = SURFACE_STYLE_FILL_AREA(#17580);
#17580 = FILL_AREA_STYLE('',(#17581));
#17581 = FILL_AREA_STYLE_COLOUR('',#17261);
#17582 = SURFACE_STYLE_RENDERING_WITH_PROPERTIES(.NORMAL_SHADING.,#17261
  ,(#17583));
#17583 = SURFACE_STYLE_TRANSPARENT(0.100000023842);
#17584 = STYLED_ITEM('color',(#17585),#16488);
#17585 = PRESENTATION_STYLE_ASSIGNMENT((#17586));
#17586 = SURFACE_STYLE_USAGE(.BOTH.,#17587);
#17587 = SURFACE_SIDE_STYLE('',(#17588,#17591));
#17588 = SURFACE_STYLE_FILL_AREA(#17589);
#17589 = FILL_AREA_STYLE('',(#17590));
#17590 = FILL_AREA_STYLE_COLOUR('',#17261);
#17591 = SURFACE_STYLE_RENDERING_WITH_PROPERTIES(.NORMAL_SHADING.,#17261
  ,(#17592));
#17592 = SURFACE_STYLE_TRANSPARENT(0.100000023842);
#17593 = STYLED_ITEM('color',(#17594),#16590);
#17594 = PRESENTATION_STYLE_ASSIGNMENT((#17595));
#17595 = SURFACE_STYLE_USAGE(.BOTH.,#17596);
#17596 = SURFACE_SIDE_STYLE('',(#17597,#17600));
#17597 = SURFACE_STYLE_FILL_AREA(#17598);
#17598 = FILL_AREA_STYLE('',(#17599));
#17599 = FILL_AREA_STYLE_COLOUR('',#17261);
#17600 = SURFACE_STYLE_RENDERING_WITH_PROPERTIES(.NORMAL_SHADING.,#17261
  ,(#17601));
#17601 = SURFACE_STYLE_TRANSPARENT(0.100000023842);
#17602 = STYLED_ITEM('color',(#17603),#16667);
#17603 = PRESENTATION_STYLE_ASSIGNMENT((#17604));
#17604 = SURFACE_STYLE_USAGE(.BOTH.,#17605);
#17605 = SURFACE_SIDE_STYLE('',(#17606,#17609));
#17606 = SURFACE_STYLE_FILL_AREA(#17607);
#17607 = FILL_AREA_STYLE('',(#17608));
#17608 = FILL_AREA_STYLE_COLOUR('',#17261);
#17609 = SURFACE_STYLE_RENDERING_WITH_PROPERTIES(.NORMAL_SHADING.,#17261
  ,(#17610));
#17610 = SURFACE_STYLE_TRANSPARENT(0.100000023842);
#17611 = MECHANICAL_DESIGN_GEOMETRIC_PRESENTATION_REPRESENTATION('',(
    #17612,#17619,#17626,#17633,#17641,#17648,#17655,#17662,#17669,
    #17676,#17683,#17690,#17697,#17704,#17711,#17718,#17725,#17732,
    #17739,#17746,#17753,#17760,#17767,#17774,#17781,#17788,#17795,
    #17802,#17809,#17816,#17823,#17830,#17837,#17844,#17851,#17858,
    #17865,#17872,#17879,#17886,#17893,#17900,#17907,#17914,#17921,
    #17928,#17935,#17942,#17949,#17957),#2492);
#17612 = STYLED_ITEM('color',(#17613),#936);
#17613 = PRESENTATION_STYLE_ASSIGNMENT((#17614));
#17614 = SURFACE_STYLE_USAGE(.BOTH.,#17615);
#17615 = SURFACE_SIDE_STYLE('',(#17616));
#17616 = SURFACE_STYLE_FILL_AREA(#17617);
#17617 = FILL_AREA_STYLE('',(#17618));
#17618 = FILL_AREA_STYLE_COLOUR('',#17062);
#17619 = STYLED_ITEM('color',(#17620),#976);
#17620 = PRESENTATION_STYLE_ASSIGNMENT((#17621));
#17621 = SURFACE_STYLE_USAGE(.BOTH.,#17622);
#17622 = SURFACE_SIDE_STYLE('',(#17623));
#17623 = SURFACE_STYLE_FILL_AREA(#17624);
#17624 = FILL_AREA_STYLE('',(#17625));
#17625 = FILL_AREA_STYLE_COLOUR('',#17062);
#17626 = STYLED_ITEM('color',(#17627),#1015);
#17627 = PRESENTATION_STYLE_ASSIGNMENT((#17628));
#17628 = SURFACE_STYLE_USAGE(.BOTH.,#17629);
#17629 = SURFACE_SIDE_STYLE('',(#17630));
#17630 = SURFACE_STYLE_FILL_AREA(#17631);
#17631 = FILL_AREA_STYLE('',(#17632));
#17632 = FILL_AREA_STYLE_COLOUR('',#17062);
#17633 = STYLED_ITEM('color',(#17634),#1039);
#17634 = PRESENTATION_STYLE_ASSIGNMENT((#17635));
#17635 = SURFACE_STYLE_USAGE(.BOTH.,#17636);
#17636 = SURFACE_SIDE_STYLE('',(#17637));
#17637 = SURFACE_STYLE_FILL_AREA(#17638);
#17638 = FILL_AREA_STYLE('',(#17639));
#17639 = FILL_AREA_STYLE_COLOUR('',#17640);
#17640 = COLOUR_RGB('',0.147999998088,0.144999993226,0.144999993226);
#17641 = STYLED_ITEM('color',(#17642),#1297);
#17642 = PRESENTATION_STYLE_ASSIGNMENT((#17643));
#17643 = SURFACE_STYLE_USAGE(.BOTH.,#17644);
#17644 = SURFACE_SIDE_STYLE('',(#17645));
#17645 = SURFACE_STYLE_FILL_AREA(#17646);
#17646 = FILL_AREA_STYLE('',(#17647));
#17647 = FILL_AREA_STYLE_COLOUR('',#17062);
#17648 = STYLED_ITEM('color',(#17649),#1314);
#17649 = PRESENTATION_STYLE_ASSIGNMENT((#17650));
#17650 = SURFACE_STYLE_USAGE(.BOTH.,#17651);
#17651 = SURFACE_SIDE_STYLE('',(#17652));
#17652 = SURFACE_STYLE_FILL_AREA(#17653);
#17653 = FILL_AREA_STYLE('',(#17654));
#17654 = FILL_AREA_STYLE_COLOUR('',#17062);
#17655 = STYLED_ITEM('color',(#17656),#1331);
#17656 = PRESENTATION_STYLE_ASSIGNMENT((#17657));
#17657 = SURFACE_STYLE_USAGE(.BOTH.,#17658);
#17658 = SURFACE_SIDE_STYLE('',(#17659));
#17659 = SURFACE_STYLE_FILL_AREA(#17660);
#17660 = FILL_AREA_STYLE('',(#17661));
#17661 = FILL_AREA_STYLE_COLOUR('',#17062);
#17662 = STYLED_ITEM('color',(#17663),#1343);
#17663 = PRESENTATION_STYLE_ASSIGNMENT((#17664));
#17664 = SURFACE_STYLE_USAGE(.BOTH.,#17665);
#17665 = SURFACE_SIDE_STYLE('',(#17666));
#17666 = SURFACE_STYLE_FILL_AREA(#17667);
#17667 = FILL_AREA_STYLE('',(#17668));
#17668 = FILL_AREA_STYLE_COLOUR('',#17640);
#17669 = STYLED_ITEM('color',(#17670),#1443);
#17670 = PRESENTATION_STYLE_ASSIGNMENT((#17671));
#17671 = SURFACE_STYLE_USAGE(.BOTH.,#17672);
#17672 = SURFACE_SIDE_STYLE('',(#17673));
#17673 = SURFACE_STYLE_FILL_AREA(#17674);
#17674 = FILL_AREA_STYLE('',(#17675));
#17675 = FILL_AREA_STYLE_COLOUR('',#17062);
#17676 = STYLED_ITEM('color',(#17677),#1483);
#17677 = PRESENTATION_STYLE_ASSIGNMENT((#17678));
#17678 = SURFACE_STYLE_USAGE(.BOTH.,#17679);
#17679 = SURFACE_SIDE_STYLE('',(#17680));
#17680 = SURFACE_STYLE_FILL_AREA(#17681);
#17681 = FILL_AREA_STYLE('',(#17682));
#17682 = FILL_AREA_STYLE_COLOUR('',#17062);
#17683 = STYLED_ITEM('color',(#17684),#1507);
#17684 = PRESENTATION_STYLE_ASSIGNMENT((#17685));
#17685 = SURFACE_STYLE_USAGE(.BOTH.,#17686);
#17686 = SURFACE_SIDE_STYLE('',(#17687));
#17687 = SURFACE_STYLE_FILL_AREA(#17688);
#17688 = FILL_AREA_STYLE('',(#17689));
#17689 = FILL_AREA_STYLE_COLOUR('',#17062);
#17690 = STYLED_ITEM('color',(#17691),#1540);
#17691 = PRESENTATION_STYLE_ASSIGNMENT((#17692));
#17692 = SURFACE_STYLE_USAGE(.BOTH.,#17693);
#17693 = SURFACE_SIDE_STYLE('',(#17694));
#17694 = SURFACE_STYLE_FILL_AREA(#17695);
#17695 = FILL_AREA_STYLE('',(#17696));
#17696 = FILL_AREA_STYLE_COLOUR('',#17062);
#17697 = STYLED_ITEM('color',(#17698),#1580);
#17698 = PRESENTATION_STYLE_ASSIGNMENT((#17699));
#17699 = SURFACE_STYLE_USAGE(.BOTH.,#17700);
#17700 = SURFACE_SIDE_STYLE('',(#17701));
#17701 = SURFACE_STYLE_FILL_AREA(#17702);
#17702 = FILL_AREA_STYLE('',(#17703));
#17703 = FILL_AREA_STYLE_COLOUR('',#17062);
#17704 = STYLED_ITEM('color',(#17705),#1604);
#17705 = PRESENTATION_STYLE_ASSIGNMENT((#17706));
#17706 = SURFACE_STYLE_USAGE(.BOTH.,#17707);
#17707 = SURFACE_SIDE_STYLE('',(#17708));
#17708 = SURFACE_STYLE_FILL_AREA(#17709);
#17709 = FILL_AREA_STYLE('',(#17710));
#17710 = FILL_AREA_STYLE_COLOUR('',#17062);
#17711 = STYLED_ITEM('color',(#17712),#1637);
#17712 = PRESENTATION_STYLE_ASSIGNMENT((#17713));
#17713 = SURFACE_STYLE_USAGE(.BOTH.,#17714);
#17714 = SURFACE_SIDE_STYLE('',(#17715));
#17715 = SURFACE_STYLE_FILL_AREA(#17716);
#17716 = FILL_AREA_STYLE('',(#17717));
#17717 = FILL_AREA_STYLE_COLOUR('',#17062);
#17718 = STYLED_ITEM('color',(#17719),#1677);
#17719 = PRESENTATION_STYLE_ASSIGNMENT((#17720));
#17720 = SURFACE_STYLE_USAGE(.BOTH.,#17721);
#17721 = SURFACE_SIDE_STYLE('',(#17722));
#17722 = SURFACE_STYLE_FILL_AREA(#17723);
#17723 = FILL_AREA_STYLE('',(#17724));
#17724 = FILL_AREA_STYLE_COLOUR('',#17062);
#17725 = STYLED_ITEM('color',(#17726),#1701);
#17726 = PRESENTATION_STYLE_ASSIGNMENT((#17727));
#17727 = SURFACE_STYLE_USAGE(.BOTH.,#17728);
#17728 = SURFACE_SIDE_STYLE('',(#17729));
#17729 = SURFACE_STYLE_FILL_AREA(#17730);
#17730 = FILL_AREA_STYLE('',(#17731));
#17731 = FILL_AREA_STYLE_COLOUR('',#17062);
#17732 = STYLED_ITEM('color',(#17733),#1734);
#17733 = PRESENTATION_STYLE_ASSIGNMENT((#17734));
#17734 = SURFACE_STYLE_USAGE(.BOTH.,#17735);
#17735 = SURFACE_SIDE_STYLE('',(#17736));
#17736 = SURFACE_STYLE_FILL_AREA(#17737);
#17737 = FILL_AREA_STYLE('',(#17738));
#17738 = FILL_AREA_STYLE_COLOUR('',#17640);
#17739 = STYLED_ITEM('color',(#17740),#1758);
#17740 = PRESENTATION_STYLE_ASSIGNMENT((#17741));
#17741 = SURFACE_STYLE_USAGE(.BOTH.,#17742);
#17742 = SURFACE_SIDE_STYLE('',(#17743));
#17743 = SURFACE_STYLE_FILL_AREA(#17744);
#17744 = FILL_AREA_STYLE('',(#17745));
#17745 = FILL_AREA_STYLE_COLOUR('',#17640);
#17746 = STYLED_ITEM('color',(#17747),#1851);
#17747 = PRESENTATION_STYLE_ASSIGNMENT((#17748));
#17748 = SURFACE_STYLE_USAGE(.BOTH.,#17749);
#17749 = SURFACE_SIDE_STYLE('',(#17750));
#17750 = SURFACE_STYLE_FILL_AREA(#17751);
#17751 = FILL_AREA_STYLE('',(#17752));
#17752 = FILL_AREA_STYLE_COLOUR('',#17062);
#17753 = STYLED_ITEM('color',(#17754),#1891);
#17754 = PRESENTATION_STYLE_ASSIGNMENT((#17755));
#17755 = SURFACE_STYLE_USAGE(.BOTH.,#17756);
#17756 = SURFACE_SIDE_STYLE('',(#17757));
#17757 = SURFACE_STYLE_FILL_AREA(#17758);
#17758 = FILL_AREA_STYLE('',(#17759));
#17759 = FILL_AREA_STYLE_COLOUR('',#17062);
#17760 = STYLED_ITEM('color',(#17761),#1915);
#17761 = PRESENTATION_STYLE_ASSIGNMENT((#17762));
#17762 = SURFACE_STYLE_USAGE(.BOTH.,#17763);
#17763 = SURFACE_SIDE_STYLE('',(#17764));
#17764 = SURFACE_STYLE_FILL_AREA(#17765);
#17765 = FILL_AREA_STYLE('',(#17766));
#17766 = FILL_AREA_STYLE_COLOUR('',#17062);
#17767 = STYLED_ITEM('color',(#17768),#1948);
#17768 = PRESENTATION_STYLE_ASSIGNMENT((#17769));
#17769 = SURFACE_STYLE_USAGE(.BOTH.,#17770);
#17770 = SURFACE_SIDE_STYLE('',(#17771));
#17771 = SURFACE_STYLE_FILL_AREA(#17772);
#17772 = FILL_AREA_STYLE('',(#17773));
#17773 = FILL_AREA_STYLE_COLOUR('',#17062);
#17774 = STYLED_ITEM('color',(#17775),#1988);
#17775 = PRESENTATION_STYLE_ASSIGNMENT((#17776));
#17776 = SURFACE_STYLE_USAGE(.BOTH.,#17777);
#17777 = SURFACE_SIDE_STYLE('',(#17778));
#17778 = SURFACE_STYLE_FILL_AREA(#17779);
#17779 = FILL_AREA_STYLE('',(#17780));
#17780 = FILL_AREA_STYLE_COLOUR('',#17062);
#17781 = STYLED_ITEM('color',(#17782),#2012);
#17782 = PRESENTATION_STYLE_ASSIGNMENT((#17783));
#17783 = SURFACE_STYLE_USAGE(.BOTH.,#17784);
#17784 = SURFACE_SIDE_STYLE('',(#17785));
#17785 = SURFACE_STYLE_FILL_AREA(#17786);
#17786 = FILL_AREA_STYLE('',(#17787));
#17787 = FILL_AREA_STYLE_COLOUR('',#17062);
#17788 = STYLED_ITEM('color',(#17789),#2045);
#17789 = PRESENTATION_STYLE_ASSIGNMENT((#17790));
#17790 = SURFACE_STYLE_USAGE(.BOTH.,#17791);
#17791 = SURFACE_SIDE_STYLE('',(#17792));
#17792 = SURFACE_STYLE_FILL_AREA(#17793);
#17793 = FILL_AREA_STYLE('',(#17794));
#17794 = FILL_AREA_STYLE_COLOUR('',#17062);
#17795 = STYLED_ITEM('color',(#17796),#2085);
#17796 = PRESENTATION_STYLE_ASSIGNMENT((#17797));
#17797 = SURFACE_STYLE_USAGE(.BOTH.,#17798);
#17798 = SURFACE_SIDE_STYLE('',(#17799));
#17799 = SURFACE_STYLE_FILL_AREA(#17800);
#17800 = FILL_AREA_STYLE('',(#17801));
#17801 = FILL_AREA_STYLE_COLOUR('',#17062);
#17802 = STYLED_ITEM('color',(#17803),#2109);
#17803 = PRESENTATION_STYLE_ASSIGNMENT((#17804));
#17804 = SURFACE_STYLE_USAGE(.BOTH.,#17805);
#17805 = SURFACE_SIDE_STYLE('',(#17806));
#17806 = SURFACE_STYLE_FILL_AREA(#17807);
#17807 = FILL_AREA_STYLE('',(#17808));
#17808 = FILL_AREA_STYLE_COLOUR('',#17062);
#17809 = STYLED_ITEM('color',(#17810),#2142);
#17810 = PRESENTATION_STYLE_ASSIGNMENT((#17811));
#17811 = SURFACE_STYLE_USAGE(.BOTH.,#17812);
#17812 = SURFACE_SIDE_STYLE('',(#17813));
#17813 = SURFACE_STYLE_FILL_AREA(#17814);
#17814 = FILL_AREA_STYLE('',(#17815));
#17815 = FILL_AREA_STYLE_COLOUR('',#17640);
#17816 = STYLED_ITEM('color',(#17817),#2159);
#17817 = PRESENTATION_STYLE_ASSIGNMENT((#17818));
#17818 = SURFACE_STYLE_USAGE(.BOTH.,#17819);
#17819 = SURFACE_SIDE_STYLE('',(#17820));
#17820 = SURFACE_STYLE_FILL_AREA(#17821);
#17821 = FILL_AREA_STYLE('',(#17822));
#17822 = FILL_AREA_STYLE_COLOUR('',#17062);
#17823 = STYLED_ITEM('color',(#17824),#2176);
#17824 = PRESENTATION_STYLE_ASSIGNMENT((#17825));
#17825 = SURFACE_STYLE_USAGE(.BOTH.,#17826);
#17826 = SURFACE_SIDE_STYLE('',(#17827));
#17827 = SURFACE_STYLE_FILL_AREA(#17828);
#17828 = FILL_AREA_STYLE('',(#17829));
#17829 = FILL_AREA_STYLE_COLOUR('',#17062);
#17830 = STYLED_ITEM('color',(#17831),#2193);
#17831 = PRESENTATION_STYLE_ASSIGNMENT((#17832));
#17832 = SURFACE_STYLE_USAGE(.BOTH.,#17833);
#17833 = SURFACE_SIDE_STYLE('',(#17834));
#17834 = SURFACE_STYLE_FILL_AREA(#17835);
#17835 = FILL_AREA_STYLE('',(#17836));
#17836 = FILL_AREA_STYLE_COLOUR('',#17062);
#17837 = STYLED_ITEM('color',(#17838),#2210);
#17838 = PRESENTATION_STYLE_ASSIGNMENT((#17839));
#17839 = SURFACE_STYLE_USAGE(.BOTH.,#17840);
#17840 = SURFACE_SIDE_STYLE('',(#17841));
#17841 = SURFACE_STYLE_FILL_AREA(#17842);
#17842 = FILL_AREA_STYLE('',(#17843));
#17843 = FILL_AREA_STYLE_COLOUR('',#17640);
#17844 = STYLED_ITEM('color',(#17845),#2233);
#17845 = PRESENTATION_STYLE_ASSIGNMENT((#17846));
#17846 = SURFACE_STYLE_USAGE(.BOTH.,#17847);
#17847 = SURFACE_SIDE_STYLE('',(#17848));
#17848 = SURFACE_STYLE_FILL_AREA(#17849);
#17849 = FILL_AREA_STYLE('',(#17850));
#17850 = FILL_AREA_STYLE_COLOUR('',#17062);
#17851 = STYLED_ITEM('color',(#17852),#2250);
#17852 = PRESENTATION_STYLE_ASSIGNMENT((#17853));
#17853 = SURFACE_STYLE_USAGE(.BOTH.,#17854);
#17854 = SURFACE_SIDE_STYLE('',(#17855));
#17855 = SURFACE_STYLE_FILL_AREA(#17856);
#17856 = FILL_AREA_STYLE('',(#17857));
#17857 = FILL_AREA_STYLE_COLOUR('',#17062);
#17858 = STYLED_ITEM('color',(#17859),#2262);
#17859 = PRESENTATION_STYLE_ASSIGNMENT((#17860));
#17860 = SURFACE_STYLE_USAGE(.BOTH.,#17861);
#17861 = SURFACE_SIDE_STYLE('',(#17862));
#17862 = SURFACE_STYLE_FILL_AREA(#17863);
#17863 = FILL_AREA_STYLE('',(#17864));
#17864 = FILL_AREA_STYLE_COLOUR('',#17062);
#17865 = STYLED_ITEM('color',(#17866),#2279);
#17866 = PRESENTATION_STYLE_ASSIGNMENT((#17867));
#17867 = SURFACE_STYLE_USAGE(.BOTH.,#17868);
#17868 = SURFACE_SIDE_STYLE('',(#17869));
#17869 = SURFACE_STYLE_FILL_AREA(#17870);
#17870 = FILL_AREA_STYLE('',(#17871));
#17871 = FILL_AREA_STYLE_COLOUR('',#17062);
#17872 = STYLED_ITEM('color',(#17873),#2291);
#17873 = PRESENTATION_STYLE_ASSIGNMENT((#17874));
#17874 = SURFACE_STYLE_USAGE(.BOTH.,#17875);
#17875 = SURFACE_SIDE_STYLE('',(#17876));
#17876 = SURFACE_STYLE_FILL_AREA(#17877);
#17877 = FILL_AREA_STYLE('',(#17878));
#17878 = FILL_AREA_STYLE_COLOUR('',#17062);
#17879 = STYLED_ITEM('color',(#17880),#2308);
#17880 = PRESENTATION_STYLE_ASSIGNMENT((#17881));
#17881 = SURFACE_STYLE_USAGE(.BOTH.,#17882);
#17882 = SURFACE_SIDE_STYLE('',(#17883));
#17883 = SURFACE_STYLE_FILL_AREA(#17884);
#17884 = FILL_AREA_STYLE('',(#17885));
#17885 = FILL_AREA_STYLE_COLOUR('',#17062);
#17886 = STYLED_ITEM('color',(#17887),#2320);
#17887 = PRESENTATION_STYLE_ASSIGNMENT((#17888));
#17888 = SURFACE_STYLE_USAGE(.BOTH.,#17889);
#17889 = SURFACE_SIDE_STYLE('',(#17890));
#17890 = SURFACE_STYLE_FILL_AREA(#17891);
#17891 = FILL_AREA_STYLE('',(#17892));
#17892 = FILL_AREA_STYLE_COLOUR('',#17062);
#17893 = STYLED_ITEM('color',(#17894),#2337);
#17894 = PRESENTATION_STYLE_ASSIGNMENT((#17895));
#17895 = SURFACE_STYLE_USAGE(.BOTH.,#17896);
#17896 = SURFACE_SIDE_STYLE('',(#17897));
#17897 = SURFACE_STYLE_FILL_AREA(#17898);
#17898 = FILL_AREA_STYLE('',(#17899));
#17899 = FILL_AREA_STYLE_COLOUR('',#17062);
#17900 = STYLED_ITEM('color',(#17901),#2354);
#17901 = PRESENTATION_STYLE_ASSIGNMENT((#17902));
#17902 = SURFACE_STYLE_USAGE(.BOTH.,#17903);
#17903 = SURFACE_SIDE_STYLE('',(#17904));
#17904 = SURFACE_STYLE_FILL_AREA(#17905);
#17905 = FILL_AREA_STYLE('',(#17906));
#17906 = FILL_AREA_STYLE_COLOUR('',#17062);
#17907 = STYLED_ITEM('color',(#17908),#2371);
#17908 = PRESENTATION_STYLE_ASSIGNMENT((#17909));
#17909 = SURFACE_STYLE_USAGE(.BOTH.,#17910);
#17910 = SURFACE_SIDE_STYLE('',(#17911));
#17911 = SURFACE_STYLE_FILL_AREA(#17912);
#17912 = FILL_AREA_STYLE('',(#17913));
#17913 = FILL_AREA_STYLE_COLOUR('',#17062);
#17914 = STYLED_ITEM('color',(#17915),#2388);
#17915 = PRESENTATION_STYLE_ASSIGNMENT((#17916));
#17916 = SURFACE_STYLE_USAGE(.BOTH.,#17917);
#17917 = SURFACE_SIDE_STYLE('',(#17918));
#17918 = SURFACE_STYLE_FILL_AREA(#17919);
#17919 = FILL_AREA_STYLE('',(#17920));
#17920 = FILL_AREA_STYLE_COLOUR('',#17062);
#17921 = STYLED_ITEM('color',(#17922),#2400);
#17922 = PRESENTATION_STYLE_ASSIGNMENT((#17923));
#17923 = SURFACE_STYLE_USAGE(.BOTH.,#17924);
#17924 = SURFACE_SIDE_STYLE('',(#17925));
#17925 = SURFACE_STYLE_FILL_AREA(#17926);
#17926 = FILL_AREA_STYLE('',(#17927));
#17927 = FILL_AREA_STYLE_COLOUR('',#17062);
#17928 = STYLED_ITEM('color',(#17929),#2417);
#17929 = PRESENTATION_STYLE_ASSIGNMENT((#17930));
#17930 = SURFACE_STYLE_USAGE(.BOTH.,#17931);
#17931 = SURFACE_SIDE_STYLE('',(#17932));
#17932 = SURFACE_STYLE_FILL_AREA(#17933);
#17933 = FILL_AREA_STYLE('',(#17934));
#17934 = FILL_AREA_STYLE_COLOUR('',#17062);
#17935 = STYLED_ITEM('color',(#17936),#2429);
#17936 = PRESENTATION_STYLE_ASSIGNMENT((#17937));
#17937 = SURFACE_STYLE_USAGE(.BOTH.,#17938);
#17938 = SURFACE_SIDE_STYLE('',(#17939));
#17939 = SURFACE_STYLE_FILL_AREA(#17940);
#17940 = FILL_AREA_STYLE('',(#17941));
#17941 = FILL_AREA_STYLE_COLOUR('',#17062);
#17942 = STYLED_ITEM('color',(#17943),#2446);
#17943 = PRESENTATION_STYLE_ASSIGNMENT((#17944));
#17944 = SURFACE_STYLE_USAGE(.BOTH.,#17945);
#17945 = SURFACE_SIDE_STYLE('',(#17946));
#17946 = SURFACE_STYLE_FILL_AREA(#17947);
#17947 = FILL_AREA_STYLE('',(#17948));
#17948 = FILL_AREA_STYLE_COLOUR('',#17062);
#17949 = STYLED_ITEM('color',(#17950),#2458);
#17950 = PRESENTATION_STYLE_ASSIGNMENT((#17951));
#17951 = SURFACE_STYLE_USAGE(.BOTH.,#17952);
#17952 = SURFACE_SIDE_STYLE('',(#17953));
#17953 = SURFACE_STYLE_FILL_AREA(#17954);
#17954 = FILL_AREA_STYLE('',(#17955));
#17955 = FILL_AREA_STYLE_COLOUR('',#17956);
#17956 = COLOUR_RGB('',0.690999977303,0.663999984767,0.597999987832);
#17957 = STYLED_ITEM('color',(#17958),#2483);
#17958 = PRESENTATION_STYLE_ASSIGNMENT((#17959));
#17959 = SURFACE_STYLE_USAGE(.BOTH.,#17960);
#17960 = SURFACE_SIDE_STYLE('',(#17961));
#17961 = SURFACE_STYLE_FILL_AREA(#17962);
#17962 = FILL_AREA_STYLE('',(#17963));
#17963 = FILL_AREA_STYLE_COLOUR('',#17956);
#17964 = MECHANICAL_DESIGN_GEOMETRIC_PRESENTATION_REPRESENTATION('',(
    #17965),#17043);
#17965 = STYLED_ITEM('color',(#17966),#16728);
#17966 = PRESENTATION_STYLE_ASSIGNMENT((#17967));
#17967 = SURFACE_STYLE_USAGE(.BOTH.,#17968);
#17968 = SURFACE_SIDE_STYLE('',(#17969));
#17969 = SURFACE_STYLE_FILL_AREA(#17970);
#17970 = FILL_AREA_STYLE('',(#17971));
#17971 = FILL_AREA_STYLE_COLOUR('',#17972);
#17972 = COLOUR_RGB('',0.313304153717,0.484529207832,0.410020903123);
ENDSEC;
END-ISO-10303-21;
