ISO-10303-21;
HEADER;
FILE_DESCRIPTION((''),'2;1');
FILE_NAME('C-5787526-01-3','2007-09-07T',('workeradm'),(
'Tyco Electronics Corporation'),
'PRO/ENGINEER BY PARAMETRIC TECHNOLOGY CORPORATION, 2005450',
'PRO/ENGINEER BY PARAMETRIC TECHNOLOGY CORPORATION, 2005450','');
FILE_SCHEMA(('CONFIG_CONTROL_DESIGN', 'GEOMETRIC_VALIDATION_PROPERTIES_MIM'));
ENDSEC;
DATA;
#1=DRAUGHTING_PRE_DEFINED_COLOUR('black');
#2=COLOUR_RGB('',0.E0,0.E0,3.6E-1);
#3=COLOUR_RGB('',0.E0,0.E0,4.8E-1);
#4=DRAUGHTING_PRE_DEFINED_COLOUR('blue');
#5=COLOUR_RGB('',0.E0,3.6E-1,9.E-2);
#6=COLOUR_RGB('',0.E0,3.6E-1,2.7E-1);
#7=COLOUR_RGB('',0.E0,5.6E-1,6.4E-1);
#8=COLOUR_RGB('',0.E0,5.8E-1,8.E-1);
#9=COLOUR_RGB('',0.E0,7.1E-1,6.6E-1);
#10=COLOUR_RGB('',0.E0,7.13E-1,0.E0);
#11=COLOUR_RGB('',0.E0,9.5E-1,8.4E-1);
#12=DRAUGHTING_PRE_DEFINED_COLOUR('green');
#13=DRAUGHTING_PRE_DEFINED_COLOUR('cyan');
#14=COLOUR_RGB('',4.E-2,0.E0,1.6E-1);
#15=COLOUR_RGB('',9.E-2,0.E0,1.2E-1);
#16=COLOUR_RGB('',1.E-1,0.E0,2.5E-1);
#17=COLOUR_RGB('',1.6E-1,3.2E-2,0.E0);
#18=COLOUR_RGB('',1.6E-1,4.6E-1,6.5E-1);
#19=COLOUR_RGB('',1.6E-1,1.E0,1.6E-1);
#20=COLOUR_RGB('',2.E-1,3.2E-2,0.E0);
#21=COLOUR_RGB('',3.1E-1,3.1E-1,5.6E-1);
#22=COLOUR_RGB('',3.2E-1,1.5E-1,0.E0);
#23=COLOUR_RGB('',4.E-1,4.E-1,4.E-1);
#24=COLOUR_RGB('',4.2E-1,4.2E-1,1.E0);
#25=COLOUR_RGB('',4.4E-1,8.5E-1,1.E0);
#26=COLOUR_RGB('',4.9E-1,4.9E-1,0.E0);
#27=COLOUR_RGB('',4.9E-1,1.E0,0.E0);
#28=COLOUR_RGB('',5.E-1,0.E0,0.E0);
#29=COLOUR_RGB('',5.E-1,0.E0,2.3E-1);
#30=COLOUR_RGB('',5.E-1,5.E-1,5.E-1);
#31=COLOUR_RGB('',5.3E-1,0.E0,0.E0);
#32=COLOUR_RGB('',5.4E-1,0.E0,4.4E-1);
#33=COLOUR_RGB('',5.5E-1,3.E-1,0.E0);
#34=COLOUR_RGB('',5.6E-1,1.E-1,5.E-2);
#35=COLOUR_RGB('',5.8E-1,2.2E-1,1.E-2);
#36=COLOUR_RGB('',6.E-1,6.E-1,6.E-1);
#37=COLOUR_RGB('',6.2E-1,0.E0,5.5E-1);
#38=COLOUR_RGB('',6.4E-1,0.E0,2.5E-1);
#39=COLOUR_RGB('',6.4E-1,1.E-2,0.E0);
#40=COLOUR_RGB('',6.8E-1,7.5E-1,1.E0);
#41=COLOUR_RGB('',7.1E-1,3.1E-1,0.E0);
#42=COLOUR_RGB('',7.2E-1,7.2E-1,7.2E-1);
#43=COLOUR_RGB('',7.4E-1,1.E0,2.6E-1);
#44=COLOUR_RGB('',7.5E-1,3.E-2,0.E0);
#45=COLOUR_RGB('',7.6E-1,0.E0,4.7E-1);
#46=COLOUR_RGB('',8.1E-1,4.E-2,0.E0);
#47=COLOUR_RGB('',8.1E-1,6.1E-1,0.E0);
#48=COLOUR_RGB('',8.2E-1,4.E-2,6.6E-1);
#49=COLOUR_RGB('',8.5E-1,8.5E-1,8.5E-1);
#50=COLOUR_RGB('',8.784E-1,9.49E-1,1.E0);
#51=COLOUR_RGB('',9.E-1,1.E0,0.E0);
#52=COLOUR_RGB('',9.37E-1,7.85E-1,0.E0);
#53=COLOUR_RGB('',9.5E-1,2.2E-1,8.1E-1);
#54=COLOUR_RGB('',9.6E-1,3.7E-1,3.E-1);
#55=COLOUR_RGB('',9.6E-1,7.1E-1,3.75E-1);
#56=DRAUGHTING_PRE_DEFINED_COLOUR('red');
#57=COLOUR_RGB('',1.E0,0.E0,6.1E-1);
#58=COLOUR_RGB('',1.E0,4.E-2,0.E0);
#59=COLOUR_RGB('',1.E0,2.3E-1,0.E0);
#60=COLOUR_RGB('',1.E0,3.5E-1,5.2E-1);
#61=COLOUR_RGB('',1.E0,3.6E-1,0.E0);
#62=COLOUR_RGB('',1.E0,4.9E-1,3.7E-1);
#63=COLOUR_RGB('',1.E0,5.E-1,0.E0);
#64=COLOUR_RGB('',1.E0,5.6E-1,7.8E-1);
#65=COLOUR_RGB('',1.E0,6.4E-1,4.9E-1);
#66=COLOUR_RGB('',1.E0,6.7E-1,0.E0);
#67=COLOUR_RGB('',1.E0,7.6E-1,6.5E-1);
#68=COLOUR_RGB('',1.E0,8.6E-1,4.E-2);
#69=COLOUR_RGB('',1.E0,9.8E-1,7.2E-1);
#70=DRAUGHTING_PRE_DEFINED_COLOUR('yellow');
#71=DRAUGHTING_PRE_DEFINED_COLOUR('white');
#72=DIRECTION('',(0.E0,-1.E0,0.E0));
#73=VECTOR('',#72,7.38E0);
#74=CARTESIAN_POINT('',(9.51E0,4.615E0,0.E0));
#75=LINE('',#74,#73);
#76=DIRECTION('',(-1.E0,0.E0,0.E0));
#77=VECTOR('',#76,1.125E0);
#78=CARTESIAN_POINT('',(1.0635E1,4.615E0,0.E0));
#79=LINE('',#78,#77);
#80=CARTESIAN_POINT('',(1.0635E1,3.855E0,0.E0));
#81=DIRECTION('',(0.E0,0.E0,1.E0));
#82=DIRECTION('',(1.E0,0.E0,0.E0));
#83=AXIS2_PLACEMENT_3D('',#80,#81,#82);
#85=DIRECTION('',(0.E0,1.E0,0.E0));
#86=VECTOR('',#85,7.46E0);
#87=CARTESIAN_POINT('',(1.1395E1,-3.605E0,0.E0));
#88=LINE('',#87,#86);
#89=DIRECTION('',(1.E0,0.E0,0.E0));
#90=VECTOR('',#89,2.279E1);
#91=CARTESIAN_POINT('',(-1.1395E1,-3.605E0,0.E0));
#92=LINE('',#91,#90);
#93=DIRECTION('',(0.E0,-1.E0,0.E0));
#94=VECTOR('',#93,7.46E0);
#95=CARTESIAN_POINT('',(-1.1395E1,3.855E0,0.E0));
#96=LINE('',#95,#94);
#97=CARTESIAN_POINT('',(-1.0635E1,3.855E0,0.E0));
#98=DIRECTION('',(0.E0,0.E0,1.E0));
#99=DIRECTION('',(0.E0,1.E0,0.E0));
#100=AXIS2_PLACEMENT_3D('',#97,#98,#99);
#102=DIRECTION('',(-1.E0,0.E0,0.E0));
#103=VECTOR('',#102,1.125E0);
#104=CARTESIAN_POINT('',(-9.51E0,4.615E0,0.E0));
#105=LINE('',#104,#103);
#106=DIRECTION('',(0.E0,1.E0,0.E0));
#107=VECTOR('',#106,7.E0);
#108=CARTESIAN_POINT('',(-9.51E0,-2.385E0,0.E0));
#109=LINE('',#108,#107);
#110=DIRECTION('',(0.E0,-1.E0,0.E0));
#111=VECTOR('',#110,7.E0);
#112=CARTESIAN_POINT('',(-7.02E0,4.615E0,0.E0));
#113=LINE('',#112,#111);
#114=DIRECTION('',(-1.E0,0.E0,0.E0));
#115=VECTOR('',#114,1.345E0);
#116=CARTESIAN_POINT('',(-5.675E0,4.615E0,0.E0));
#117=LINE('',#116,#115);
#118=DIRECTION('',(0.E0,1.E0,0.E0));
#119=VECTOR('',#118,6.98E0);
#120=CARTESIAN_POINT('',(-5.675E0,-2.365E0,0.E0));
#121=LINE('',#120,#119);
#122=DIRECTION('',(-1.E0,0.E0,0.E0));
#123=VECTOR('',#122,1.35E0);
#124=CARTESIAN_POINT('',(-4.325E0,-2.365E0,0.E0));
#125=LINE('',#124,#123);
#126=DIRECTION('',(0.E0,-1.E0,0.E0));
#127=VECTOR('',#126,6.98E0);
#128=CARTESIAN_POINT('',(-4.325E0,4.615E0,0.E0));
#129=LINE('',#128,#127);
#130=DIRECTION('',(-1.E0,0.E0,0.E0));
#131=VECTOR('',#130,6.5E-1);
#132=CARTESIAN_POINT('',(-3.675E0,4.615E0,0.E0));
#133=LINE('',#132,#131);
#134=DIRECTION('',(0.E0,1.E0,0.E0));
#135=VECTOR('',#134,6.08E0);
#136=CARTESIAN_POINT('',(-3.675E0,-1.465E0,0.E0));
#137=LINE('',#136,#135);
#138=DIRECTION('',(-1.E0,0.E0,0.E0));
#139=VECTOR('',#138,1.35E0);
#140=CARTESIAN_POINT('',(-2.325E0,-1.465E0,0.E0));
#141=LINE('',#140,#139);
#142=DIRECTION('',(0.E0,-1.E0,0.E0));
#143=VECTOR('',#142,6.08E0);
#144=CARTESIAN_POINT('',(-2.325E0,4.615E0,0.E0));
#145=LINE('',#144,#143);
#146=DIRECTION('',(-1.E0,0.E0,0.E0));
#147=VECTOR('',#146,6.5E-1);
#148=CARTESIAN_POINT('',(-1.675E0,4.615E0,0.E0));
#149=LINE('',#148,#147);
#150=DIRECTION('',(0.E0,1.E0,0.E0));
#151=VECTOR('',#150,6.08E0);
#152=CARTESIAN_POINT('',(-1.675E0,-1.465E0,0.E0));
#153=LINE('',#152,#151);
#154=DIRECTION('',(-1.E0,0.E0,0.E0));
#155=VECTOR('',#154,1.35E0);
#156=CARTESIAN_POINT('',(-3.25E-1,-1.465E0,0.E0));
#157=LINE('',#156,#155);
#158=DIRECTION('',(0.E0,-1.E0,0.E0));
#159=VECTOR('',#158,6.08E0);
#160=CARTESIAN_POINT('',(-3.25E-1,4.615E0,0.E0));
#161=LINE('',#160,#159);
#162=DIRECTION('',(-1.E0,0.E0,0.E0));
#163=VECTOR('',#162,6.5E-1);
#164=CARTESIAN_POINT('',(3.25E-1,4.615E0,0.E0));
#165=LINE('',#164,#163);
#166=DIRECTION('',(0.E0,1.E0,0.E0));
#167=VECTOR('',#166,6.08E0);
#168=CARTESIAN_POINT('',(3.25E-1,-1.465E0,0.E0));
#169=LINE('',#168,#167);
#170=DIRECTION('',(-1.E0,0.E0,0.E0));
#171=VECTOR('',#170,1.35E0);
#172=CARTESIAN_POINT('',(1.675E0,-1.465E0,0.E0));
#173=LINE('',#172,#171);
#174=DIRECTION('',(0.E0,-1.E0,0.E0));
#175=VECTOR('',#174,6.08E0);
#176=CARTESIAN_POINT('',(1.675E0,4.615E0,0.E0));
#177=LINE('',#176,#175);
#178=DIRECTION('',(-1.E0,0.E0,0.E0));
#179=VECTOR('',#178,6.5E-1);
#180=CARTESIAN_POINT('',(2.325E0,4.615E0,0.E0));
#181=LINE('',#180,#179);
#182=DIRECTION('',(-5.E-1,8.660254037844E-1,0.E0));
#183=VECTOR('',#182,7.6E-1);
#184=CARTESIAN_POINT('',(2.705E0,3.956820693124E0,0.E0));
#185=LINE('',#184,#183);
#186=DIRECTION('',(-1.E0,0.E0,0.E0));
#187=VECTOR('',#186,9.7E-1);
#188=CARTESIAN_POINT('',(3.675E0,-1.465E0,0.E0));
#189=LINE('',#188,#187);
#190=DIRECTION('',(0.E0,-1.E0,0.E0));
#191=VECTOR('',#190,6.08E0);
#192=CARTESIAN_POINT('',(3.675E0,4.615E0,0.E0));
#193=LINE('',#192,#191);
#194=DIRECTION('',(-1.E0,0.E0,0.E0));
#195=VECTOR('',#194,6.5E-1);
#196=CARTESIAN_POINT('',(4.325E0,4.615E0,0.E0));
#197=LINE('',#196,#195);
#198=DIRECTION('',(0.E0,1.E0,0.E0));
#199=VECTOR('',#198,6.98E0);
#200=CARTESIAN_POINT('',(4.325E0,-2.365E0,0.E0));
#201=LINE('',#200,#199);
#202=DIRECTION('',(-1.E0,0.E0,0.E0));
#203=VECTOR('',#202,1.35E0);
#204=CARTESIAN_POINT('',(5.675E0,-2.365E0,0.E0));
#205=LINE('',#204,#203);
#206=DIRECTION('',(0.E0,-1.E0,0.E0));
#207=VECTOR('',#206,6.98E0);
#208=CARTESIAN_POINT('',(5.675E0,4.615E0,0.E0));
#209=LINE('',#208,#207);
#210=DIRECTION('',(-1.E0,0.E0,0.E0));
#211=VECTOR('',#210,1.345E0);
#212=CARTESIAN_POINT('',(7.02E0,4.615E0,0.E0));
#213=LINE('',#212,#211);
#214=DIRECTION('',(0.E0,1.E0,0.E0));
#215=VECTOR('',#214,7.38E0);
#216=CARTESIAN_POINT('',(7.02E0,-2.765E0,0.E0));
#217=LINE('',#216,#215);
#218=DIRECTION('',(-1.E0,0.E0,0.E0));
#219=VECTOR('',#218,2.49E0);
#220=CARTESIAN_POINT('',(9.51E0,-2.765E0,0.E0));
#221=LINE('',#220,#219);
#222=DIRECTION('',(4.472135955E-1,-4.472135955E-1,7.745966692415E-1));
#223=VECTOR('',#222,8.497058314499E-1);
#224=CARTESIAN_POINT('',(9.13E0,-2.385E0,-6.581793068762E-1));
#225=LINE('',#224,#223);
#226=DIRECTION('',(-4.472135955E-1,-4.472135955E-1,7.745966692415E-1));
#227=VECTOR('',#226,8.497058314499E-1);
#228=CARTESIAN_POINT('',(7.4E0,-2.385E0,-6.581793068762E-1));
#229=LINE('',#228,#227);
#230=DIRECTION('',(-3.779644730092E-1,6.546536707080E-1,6.546536707080E-1));
#231=VECTOR('',#230,1.005385498205E0);
#232=CARTESIAN_POINT('',(7.4E0,3.956820693124E0,-6.581793068762E-1));
#233=LINE('',#232,#231);
#234=DIRECTION('',(0.E0,1.E0,0.E0));
#235=VECTOR('',#234,6.341820693124E0);
#236=CARTESIAN_POINT('',(7.4E0,-2.385E0,-6.581793068762E-1));
#237=LINE('',#236,#235);
#238=DIRECTION('',(0.E0,0.E0,-1.E0));
#239=VECTOR('',#238,6.341820693124E0);
#240=CARTESIAN_POINT('',(7.4E0,3.956820693124E0,-6.581793068762E-1));
#241=LINE('',#240,#239);
#242=DIRECTION('',(-4.472135955E-1,7.745966692415E-1,-4.472135955E-1));
#243=VECTOR('',#242,8.497058314499E-1);
#244=CARTESIAN_POINT('',(7.4E0,3.956820693124E0,-7.E0));
#245=LINE('',#244,#243);
#246=DIRECTION('',(0.E0,0.E0,1.E0));
#247=VECTOR('',#246,7.38E0);
#248=CARTESIAN_POINT('',(9.51E0,4.615E0,-7.38E0));
#249=LINE('',#248,#247);
#250=DIRECTION('',(1.E0,0.E0,0.E0));
#251=VECTOR('',#250,2.49E0);
#252=CARTESIAN_POINT('',(7.02E0,4.615E0,-7.38E0));
#253=LINE('',#252,#251);
#254=DIRECTION('',(0.E0,0.E0,-1.E0));
#255=VECTOR('',#254,7.38E0);
#256=CARTESIAN_POINT('',(7.02E0,4.615E0,0.E0));
#257=LINE('',#256,#255);
#258=DIRECTION('',(0.E0,0.E0,1.E0));
#259=VECTOR('',#258,6.98E0);
#260=CARTESIAN_POINT('',(5.675E0,4.615E0,-6.98E0));
#261=LINE('',#260,#259);
#262=DIRECTION('',(1.E0,0.E0,0.E0));
#263=VECTOR('',#262,1.35E0);
#264=CARTESIAN_POINT('',(4.325E0,4.615E0,-6.98E0));
#265=LINE('',#264,#263);
#266=DIRECTION('',(0.E0,0.E0,-1.E0));
#267=VECTOR('',#266,6.98E0);
#268=CARTESIAN_POINT('',(4.325E0,4.615E0,0.E0));
#269=LINE('',#268,#267);
#270=DIRECTION('',(0.E0,0.E0,1.E0));
#271=VECTOR('',#270,6.08E0);
#272=CARTESIAN_POINT('',(3.675E0,4.615E0,-6.08E0));
#273=LINE('',#272,#271);
#274=DIRECTION('',(1.E0,0.E0,0.E0));
#275=VECTOR('',#274,1.35E0);
#276=CARTESIAN_POINT('',(2.325E0,4.615E0,-6.08E0));
#277=LINE('',#276,#275);
#278=DIRECTION('',(0.E0,0.E0,-1.E0));
#279=VECTOR('',#278,6.08E0);
#280=CARTESIAN_POINT('',(2.325E0,4.615E0,0.E0));
#281=LINE('',#280,#279);
#282=DIRECTION('',(0.E0,0.E0,1.E0));
#283=VECTOR('',#282,6.08E0);
#284=CARTESIAN_POINT('',(1.675E0,4.615E0,-6.08E0));
#285=LINE('',#284,#283);
#286=DIRECTION('',(1.E0,0.E0,0.E0));
#287=VECTOR('',#286,1.35E0);
#288=CARTESIAN_POINT('',(3.25E-1,4.615E0,-6.08E0));
#289=LINE('',#288,#287);
#290=DIRECTION('',(0.E0,0.E0,-1.E0));
#291=VECTOR('',#290,6.08E0);
#292=CARTESIAN_POINT('',(3.25E-1,4.615E0,0.E0));
#293=LINE('',#292,#291);
#294=DIRECTION('',(0.E0,0.E0,1.E0));
#295=VECTOR('',#294,6.08E0);
#296=CARTESIAN_POINT('',(-3.25E-1,4.615E0,-6.08E0));
#297=LINE('',#296,#295);
#298=DIRECTION('',(1.E0,0.E0,0.E0));
#299=VECTOR('',#298,1.35E0);
#300=CARTESIAN_POINT('',(-1.675E0,4.615E0,-6.08E0));
#301=LINE('',#300,#299);
#302=DIRECTION('',(0.E0,0.E0,-1.E0));
#303=VECTOR('',#302,6.08E0);
#304=CARTESIAN_POINT('',(-1.675E0,4.615E0,0.E0));
#305=LINE('',#304,#303);
#306=DIRECTION('',(0.E0,0.E0,1.E0));
#307=VECTOR('',#306,6.08E0);
#308=CARTESIAN_POINT('',(-2.325E0,4.615E0,-6.08E0));
#309=LINE('',#308,#307);
#310=DIRECTION('',(1.E0,0.E0,0.E0));
#311=VECTOR('',#310,1.35E0);
#312=CARTESIAN_POINT('',(-3.675E0,4.615E0,-6.08E0));
#313=LINE('',#312,#311);
#314=DIRECTION('',(0.E0,0.E0,-1.E0));
#315=VECTOR('',#314,6.08E0);
#316=CARTESIAN_POINT('',(-3.675E0,4.615E0,0.E0));
#317=LINE('',#316,#315);
#318=DIRECTION('',(0.E0,0.E0,1.E0));
#319=VECTOR('',#318,6.98E0);
#320=CARTESIAN_POINT('',(-4.325E0,4.615E0,-6.98E0));
#321=LINE('',#320,#319);
#322=DIRECTION('',(1.E0,0.E0,0.E0));
#323=VECTOR('',#322,1.35E0);
#324=CARTESIAN_POINT('',(-5.675E0,4.615E0,-6.98E0));
#325=LINE('',#324,#323);
#326=DIRECTION('',(0.E0,0.E0,-1.E0));
#327=VECTOR('',#326,6.98E0);
#328=CARTESIAN_POINT('',(-5.675E0,4.615E0,0.E0));
#329=LINE('',#328,#327);
#330=DIRECTION('',(0.E0,0.E0,1.E0));
#331=VECTOR('',#330,7.38E0);
#332=CARTESIAN_POINT('',(-7.02E0,4.615E0,-7.38E0));
#333=LINE('',#332,#331);
#334=DIRECTION('',(1.E0,0.E0,0.E0));
#335=VECTOR('',#334,2.49E0);
#336=CARTESIAN_POINT('',(-9.51E0,4.615E0,-7.38E0));
#337=LINE('',#336,#335);
#338=DIRECTION('',(0.E0,0.E0,-1.E0));
#339=VECTOR('',#338,7.38E0);
#340=CARTESIAN_POINT('',(-9.51E0,4.615E0,0.E0));
#341=LINE('',#340,#339);
#342=DIRECTION('',(0.E0,0.E0,-1.E0));
#343=VECTOR('',#342,9.53E0);
#344=CARTESIAN_POINT('',(1.0635E1,4.615E0,0.E0));
#345=LINE('',#344,#343);
#346=DIRECTION('',(3.779644730092E-1,6.546536707080E-1,6.546536707080E-1));
#347=VECTOR('',#346,1.005385498205E0);
#348=CARTESIAN_POINT('',(9.13E0,3.956820693124E0,-6.581793068762E-1));
#349=LINE('',#348,#347);
#350=DIRECTION('',(0.E0,0.E0,1.E0));
#351=VECTOR('',#350,6.341820693124E0);
#352=CARTESIAN_POINT('',(9.13E0,3.956820693124E0,-7.E0));
#353=LINE('',#352,#351);
#354=DIRECTION('',(0.E0,-1.E0,0.E0));
#355=VECTOR('',#354,6.341820693124E0);
#356=CARTESIAN_POINT('',(9.13E0,3.956820693124E0,-6.581793068762E-1));
#357=LINE('',#356,#355);
#358=DIRECTION('',(0.E0,0.E0,-1.E0));
#359=VECTOR('',#358,6.341820693124E0);
#360=CARTESIAN_POINT('',(9.13E0,-2.385E0,-6.581793068762E-1));
#361=LINE('',#360,#359);
#362=DIRECTION('',(-1.E0,0.E0,0.E0));
#363=VECTOR('',#362,1.73E0);
#364=CARTESIAN_POINT('',(9.13E0,-2.385E0,-6.581793068762E-1));
#365=LINE('',#364,#363);
#366=DIRECTION('',(0.E0,0.E0,-1.E0));
#367=VECTOR('',#366,6.341820693124E0);
#368=CARTESIAN_POINT('',(7.4E0,-2.385E0,-6.581793068762E-1));
#369=LINE('',#368,#367);
#370=DIRECTION('',(1.E0,0.E0,0.E0));
#371=VECTOR('',#370,1.73E0);
#372=CARTESIAN_POINT('',(7.4E0,3.956820693124E0,-7.E0));
#373=LINE('',#372,#371);
#374=DIRECTION('',(0.E0,1.E0,0.E0));
#375=VECTOR('',#374,6.341820693124E0);
#376=CARTESIAN_POINT('',(9.13E0,-2.385E0,-7.E0));
#377=LINE('',#376,#375);
#378=DIRECTION('',(1.E0,0.E0,0.E0));
#379=VECTOR('',#378,1.73E0);
#380=CARTESIAN_POINT('',(7.4E0,-2.385E0,-7.E0));
#381=LINE('',#380,#379);
#382=DIRECTION('',(0.E0,-1.E0,0.E0));
#383=VECTOR('',#382,6.341820693124E0);
#384=CARTESIAN_POINT('',(7.4E0,3.956820693124E0,-7.E0));
#385=LINE('',#384,#383);
#386=DIRECTION('',(1.E0,0.E0,0.E0));
#387=VECTOR('',#386,1.73E0);
#388=CARTESIAN_POINT('',(-9.13E0,3.956820693124E0,-7.E0));
#389=LINE('',#388,#387);
#390=DIRECTION('',(0.E0,1.E0,0.E0));
#391=VECTOR('',#390,6.341820693124E0);
#392=CARTESIAN_POINT('',(-7.4E0,-2.385E0,-7.E0));
#393=LINE('',#392,#391);
#394=DIRECTION('',(1.E0,0.E0,0.E0));
#395=VECTOR('',#394,1.73E0);
#396=CARTESIAN_POINT('',(-9.13E0,-2.385E0,-7.E0));
#397=LINE('',#396,#395);
#398=DIRECTION('',(0.E0,-1.E0,0.E0));
#399=VECTOR('',#398,6.341820693124E0);
#400=CARTESIAN_POINT('',(-9.13E0,3.956820693124E0,-7.E0));
#401=LINE('',#400,#399);
#402=DIRECTION('',(4.472135955E-1,7.745966692415E-1,-4.472135955E-1));
#403=VECTOR('',#402,8.497058314499E-1);
#404=CARTESIAN_POINT('',(9.13E0,3.956820693124E0,-7.E0));
#405=LINE('',#404,#403);
#406=DIRECTION('',(4.472135955E-1,7.745966692415E-1,-4.472135955E-1));
#407=VECTOR('',#406,8.497058314499E-1);
#408=CARTESIAN_POINT('',(-7.4E0,3.956820693124E0,-7.E0));
#409=LINE('',#408,#407);
#410=DIRECTION('',(-4.472135955E-1,7.745966692415E-1,-4.472135955E-1));
#411=VECTOR('',#410,8.497058314499E-1);
#412=CARTESIAN_POINT('',(-9.13E0,3.956820693124E0,-7.E0));
#413=LINE('',#412,#411);
#414=DIRECTION('',(-3.779644730092E-1,6.546536707080E-1,6.546536707080E-1));
#415=VECTOR('',#414,1.005385498205E0);
#416=CARTESIAN_POINT('',(-9.13E0,3.956820693124E0,-6.581793068762E-1));
#417=LINE('',#416,#415);
#418=DIRECTION('',(-5.E-1,0.E0,8.660254037844E-1));
#419=VECTOR('',#418,7.6E-1);
#420=CARTESIAN_POINT('',(-9.13E0,-2.385E0,-6.581793068762E-1));
#421=LINE('',#420,#419);
#422=DIRECTION('',(0.E0,0.E0,-1.E0));
#423=VECTOR('',#422,6.341820693124E0);
#424=CARTESIAN_POINT('',(-9.13E0,3.956820693124E0,-6.581793068762E-1));
#425=LINE('',#424,#423);
#426=DIRECTION('',(0.E0,1.E0,0.E0));
#427=VECTOR('',#426,6.341820693124E0);
#428=CARTESIAN_POINT('',(-9.13E0,-2.385E0,-6.581793068762E-1));
#429=LINE('',#428,#427);
#430=DIRECTION('',(-1.E0,0.E0,0.E0));
#431=VECTOR('',#430,2.49E0);
#432=CARTESIAN_POINT('',(-7.02E0,-2.385E0,0.E0));
#433=LINE('',#432,#431);
#434=DIRECTION('',(0.E0,0.E0,-1.E0));
#435=VECTOR('',#434,6.341820693124E0);
#436=CARTESIAN_POINT('',(-9.13E0,-2.385E0,-6.581793068762E-1));
#437=LINE('',#436,#435);
#438=DIRECTION('',(0.E0,-1.E0,0.E0));
#439=VECTOR('',#438,6.341820693124E0);
#440=CARTESIAN_POINT('',(-7.4E0,3.956820693124E0,-6.581793068762E-1));
#441=LINE('',#440,#439);
#442=DIRECTION('',(0.E0,0.E0,-1.E0));
#443=VECTOR('',#442,6.341820693124E0);
#444=CARTESIAN_POINT('',(-7.4E0,-2.385E0,-6.581793068762E-1));
#445=LINE('',#444,#443);
#446=DIRECTION('',(0.E0,0.E0,1.E0));
#447=VECTOR('',#446,6.341820693124E0);
#448=CARTESIAN_POINT('',(-7.4E0,3.956820693124E0,-7.E0));
#449=LINE('',#448,#447);
#450=DIRECTION('',(-5.E-1,0.E0,-8.660254037844E-1));
#451=VECTOR('',#450,7.6E-1);
#452=CARTESIAN_POINT('',(-7.02E0,-2.385E0,0.E0));
#453=LINE('',#452,#451);
#454=DIRECTION('',(3.779644730092E-1,6.546536707080E-1,6.546536707080E-1));
#455=VECTOR('',#454,1.005385498205E0);
#456=CARTESIAN_POINT('',(-7.4E0,3.956820693124E0,-6.581793068762E-1));
#457=LINE('',#456,#455);
#458=DIRECTION('',(3.779644730092E-1,6.546536707080E-1,6.546536707080E-1));
#459=VECTOR('',#458,1.005385498205E0);
#460=CARTESIAN_POINT('',(5.295E0,3.956820693124E0,-6.581793068762E-1));
#461=LINE('',#460,#459);
#462=DIRECTION('',(4.472135955E-1,-4.472135955E-1,7.745966692415E-1));
#463=VECTOR('',#462,8.497058314499E-1);
#464=CARTESIAN_POINT('',(5.295E0,-1.985E0,-6.581793068762E-1));
#465=LINE('',#464,#463);
#466=DIRECTION('',(-4.472135955E-1,-4.472135955E-1,7.745966692415E-1));
#467=VECTOR('',#466,8.497058314499E-1);
#468=CARTESIAN_POINT('',(4.705E0,-1.985E0,-6.581793068762E-1));
#469=LINE('',#468,#467);
#470=DIRECTION('',(-3.779644730092E-1,6.546536707080E-1,6.546536707080E-1));
#471=VECTOR('',#470,1.005385498205E0);
#472=CARTESIAN_POINT('',(4.705E0,3.956820693124E0,-6.581793068762E-1));
#473=LINE('',#472,#471);
#474=DIRECTION('',(-4.472135955E-1,7.745966692415E-1,-4.472135955E-1));
#475=VECTOR('',#474,8.497058314499E-1);
#476=CARTESIAN_POINT('',(4.705E0,3.956820693124E0,-6.6E0));
#477=LINE('',#476,#475);
#478=DIRECTION('',(4.472135955E-1,7.745966692415E-1,-4.472135955E-1));
#479=VECTOR('',#478,8.497058314499E-1);
#480=CARTESIAN_POINT('',(5.295E0,3.956820693124E0,-6.6E0));
#481=LINE('',#480,#479);
#482=DIRECTION('',(1.E0,0.E0,0.E0));
#483=VECTOR('',#482,5.9E-1);
#484=CARTESIAN_POINT('',(4.705E0,3.956820693124E0,-6.6E0));
#485=LINE('',#484,#483);
#486=DIRECTION('',(1.E0,0.E0,0.E0));
#487=VECTOR('',#486,5.9E-1);
#488=CARTESIAN_POINT('',(4.705E0,-1.985E0,-6.6E0));
#489=LINE('',#488,#487);
#490=DIRECTION('',(0.E0,0.E0,1.E0));
#491=VECTOR('',#490,5.941820693124E0);
#492=CARTESIAN_POINT('',(5.295E0,3.956820693124E0,-6.6E0));
#493=LINE('',#492,#491);
#494=DIRECTION('',(0.E0,-1.E0,0.E0));
#495=VECTOR('',#494,5.941820693124E0);
#496=CARTESIAN_POINT('',(5.295E0,3.956820693124E0,-6.581793068762E-1));
#497=LINE('',#496,#495);
#498=DIRECTION('',(0.E0,0.E0,-1.E0));
#499=VECTOR('',#498,5.941820693124E0);
#500=CARTESIAN_POINT('',(5.295E0,-1.985E0,-6.581793068762E-1));
#501=LINE('',#500,#499);
#502=DIRECTION('',(0.E0,1.E0,0.E0));
#503=VECTOR('',#502,5.941820693124E0);
#504=CARTESIAN_POINT('',(5.295E0,-1.985E0,-6.6E0));
#505=LINE('',#504,#503);
#506=DIRECTION('',(0.E0,-7.071067811865E-1,-7.071067811865E-1));
#507=VECTOR('',#506,2.942790247034E-1);
#508=CARTESIAN_POINT('',(5.295E0,1.694096773930E0,-2.200903226070E0));
#509=LINE('',#508,#507);
#510=DIRECTION('',(0.E0,7.071067811865E-1,-7.071067811865E-1));
#511=VECTOR('',#510,1.02E0);
#512=CARTESIAN_POINT('',(5.295E0,1.694096773930E0,-2.200903226070E0));
#513=LINE('',#512,#511);
#514=DIRECTION('',(0.E0,-7.071067811865E-1,-7.071067811865E-1));
#515=VECTOR('',#514,2.942790247034E-1);
#516=CARTESIAN_POINT('',(5.295E0,2.415345690740E0,-2.922152142881E0));
#517=LINE('',#516,#515);
#518=DIRECTION('',(0.E0,-7.071067811865E-1,7.071067811865E-1));
#519=VECTOR('',#518,1.02E0);
#520=CARTESIAN_POINT('',(5.295E0,2.207258996811E0,-3.130238836809E0));
#521=LINE('',#520,#519);
#522=DIRECTION('',(0.E0,-7.071067811865E-1,-7.071067811865E-1));
#523=VECTOR('',#522,5.939165973713E-1);
#524=CARTESIAN_POINT('',(5.295E0,4.918134188803E-1,-3.403186581120E0));
#525=LINE('',#524,#523);
#526=DIRECTION('',(0.E0,7.071067811865E-1,-7.071067811865E-1));
#527=VECTOR('',#526,1.02E0);
#528=CARTESIAN_POINT('',(5.295E0,4.918134188803E-1,-3.403186581120E0));
#529=LINE('',#528,#527);
#530=DIRECTION('',(0.E0,-7.071067811865E-1,-7.071067811865E-1));
#531=VECTOR('',#530,5.939165973713E-1);
#532=CARTESIAN_POINT('',(5.295E0,1.213062335691E0,-4.124435497930E0));
#533=LINE('',#532,#531);
#534=DIRECTION('',(0.E0,7.071067811865E-1,-7.071067811865E-1));
#535=VECTOR('',#534,1.02E0);
#536=CARTESIAN_POINT('',(5.295E0,7.185096541982E-2,-3.823149034580E0));
#537=LINE('',#536,#535);
#538=DIRECTION('',(-1.E0,0.E0,0.E0));
#539=VECTOR('',#538,5.9E-1);
#540=CARTESIAN_POINT('',(5.295E0,-1.985E0,-6.581793068762E-1));
#541=LINE('',#540,#539);
#542=DIRECTION('',(0.E0,1.E0,0.E0));
#543=VECTOR('',#542,5.941820693124E0);
#544=CARTESIAN_POINT('',(4.705E0,-1.985E0,-6.581793068762E-1));
#545=LINE('',#544,#543);
#546=DIRECTION('',(0.E0,0.E0,-1.E0));
#547=VECTOR('',#546,5.941820693124E0);
#548=CARTESIAN_POINT('',(4.705E0,3.956820693124E0,-6.581793068762E-1));
#549=LINE('',#548,#547);
#550=DIRECTION('',(0.E0,1.E0,0.E0));
#551=VECTOR('',#550,5.941820693124E0);
#552=CARTESIAN_POINT('',(4.705E0,-1.985E0,-6.6E0));
#553=LINE('',#552,#551);
#554=DIRECTION('',(0.E0,0.E0,-1.E0));
#555=VECTOR('',#554,5.941820693124E0);
#556=CARTESIAN_POINT('',(4.705E0,-1.985E0,-6.581793068762E-1));
#557=LINE('',#556,#555);
#558=CARTESIAN_POINT('',(5.745E0,1.062630226914E0,-2.832369773086E0));
#559=DIRECTION('',(0.E0,-7.071067811865E-1,7.071067811865E-1));
#560=DIRECTION('',(-6.008010680908E-1,5.652601509840E-1,5.652601509840E-1));
#561=AXIS2_PLACEMENT_3D('',#558,#559,#560);
#563=DIRECTION('',(4.226182617407E-1,-6.408563820558E-1,-6.408563820558E-1));
#564=VECTOR('',#563,5.414449710430E-1);
#565=CARTESIAN_POINT('',(5.066175467510E0,8.388018841052E-1,-3.056198115895E0));
#566=LINE('',#565,#564);
#567=DIRECTION('',(-4.226182617407E-1,6.408563820558E-1,6.408563820558E-1));
#568=VECTOR('',#567,1.079716208091E0);
#569=CARTESIAN_POINT('',(5.295E0,7.185096541982E-2,-3.823149034580E0));
#570=LINE('',#569,#568);
#571=CARTESIAN_POINT('',(5.745E0,1.062630226914E0,-2.832369773086E0));
#572=DIRECTION('',(0.E0,7.071067811865E-1,-7.071067811865E-1));
#573=DIRECTION('',(-9.063077870367E-1,-2.988362387301E-1,-2.988362387301E-1));
#574=AXIS2_PLACEMENT_3D('',#571,#572,#573);
#576=CARTESIAN_POINT('',(5.745E0,1.783879143724E0,-3.553618689896E0));
#577=DIRECTION('',(0.E0,7.071067811865E-1,-7.071067811865E-1));
#578=DIRECTION('',(-9.063077870367E-1,-2.988362387301E-1,-2.988362387301E-1));
#579=AXIS2_PLACEMENT_3D('',#576,#577,#578);
#581=DIRECTION('',(-4.226182617407E-1,6.408563820558E-1,6.408563820558E-1));
#582=VECTOR('',#581,1.079716208091E0);
#583=CARTESIAN_POINT('',(5.295E0,7.930998822301E-1,-4.544397951391E0));
#584=LINE('',#583,#582);
#585=DIRECTION('',(4.226182617407E-1,-6.408563820558E-1,-6.408563820558E-1));
#586=VECTOR('',#585,5.414449710430E-1);
#587=CARTESIAN_POINT('',(5.066175467510E0,1.560050800915E0,-3.777447032705E0));
#588=LINE('',#587,#586);
#589=CARTESIAN_POINT('',(5.745E0,1.783879143724E0,-3.553618689896E0));
#590=DIRECTION('',(0.E0,-7.071067811865E-1,7.071067811865E-1));
#591=DIRECTION('',(-6.008010680908E-1,5.652601509840E-1,5.652601509840E-1));
#592=AXIS2_PLACEMENT_3D('',#589,#590,#591);
#594=DIRECTION('',(0.E0,7.071067811865E-1,-7.071067811865E-1));
#595=VECTOR('',#594,1.02E0);
#596=CARTESIAN_POINT('',(4.838692212963E0,7.637939881840E-1,-3.131206011816E0));
#597=LINE('',#596,#595);
#598=DIRECTION('',(0.E0,7.071067811865E-1,-7.071067811865E-1));
#599=VECTOR('',#598,1.02E0);
#600=CARTESIAN_POINT('',(5.066175467510E0,8.388018841052E-1,-3.056198115895E0));
#601=LINE('',#600,#599);
#602=DIRECTION('',(3.779644730092E-1,6.546536707080E-1,6.546536707080E-1));
#603=VECTOR('',#602,1.005385498205E0);
#604=CARTESIAN_POINT('',(3.295E0,3.956820693124E0,-6.581793068762E-1));
#605=LINE('',#604,#603);
#606=DIRECTION('',(4.472135955E-1,7.745966692415E-1,-4.472135955E-1));
#607=VECTOR('',#606,8.497058314499E-1);
#608=CARTESIAN_POINT('',(3.295E0,3.956820693124E0,-5.7E0));
#609=LINE('',#608,#607);
#610=DIRECTION('',(1.E0,0.E0,0.E0));
#611=VECTOR('',#610,5.9E-1);
#612=CARTESIAN_POINT('',(2.705E0,3.956820693124E0,-5.7E0));
#613=LINE('',#612,#611);
#614=DIRECTION('',(0.E0,1.E0,0.E0));
#615=VECTOR('',#614,5.041820693124E0);
#616=CARTESIAN_POINT('',(3.295E0,-1.085E0,-5.7E0));
#617=LINE('',#616,#615);
#618=DIRECTION('',(1.E0,0.E0,0.E0));
#619=VECTOR('',#618,5.9E-1);
#620=CARTESIAN_POINT('',(2.705E0,-1.085E0,-5.7E0));
#621=LINE('',#620,#619);
#622=DIRECTION('',(0.E0,-1.E0,0.E0));
#623=VECTOR('',#622,5.041820693124E0);
#624=CARTESIAN_POINT('',(2.705E0,3.956820693124E0,-5.7E0));
#625=LINE('',#624,#623);
#626=DIRECTION('',(0.E0,-1.E0,0.E0));
#627=VECTOR('',#626,5.041820693124E0);
#628=CARTESIAN_POINT('',(3.295E0,3.956820693124E0,-6.581793068762E-1));
#629=LINE('',#628,#627);
#630=DIRECTION('',(0.E0,0.E0,-1.E0));
#631=VECTOR('',#630,5.041820693124E0);
#632=CARTESIAN_POINT('',(3.295E0,-1.085E0,-6.581793068762E-1));
#633=LINE('',#632,#631);
#634=DIRECTION('',(0.E0,0.E0,1.E0));
#635=VECTOR('',#634,5.041820693124E0);
#636=CARTESIAN_POINT('',(3.295E0,3.956820693124E0,-5.7E0));
#637=LINE('',#636,#635);
#638=DIRECTION('',(0.E0,-7.071067811865E-1,-7.071067811865E-1));
#639=VECTOR('',#638,2.942790247034E-1);
#640=CARTESIAN_POINT('',(3.295E0,1.694096773930E0,-2.200903226070E0));
#641=LINE('',#640,#639);
#642=DIRECTION('',(0.E0,7.071067811865E-1,-7.071067811865E-1));
#643=VECTOR('',#642,1.02E0);
#644=CARTESIAN_POINT('',(3.295E0,1.694096773930E0,-2.200903226070E0));
#645=LINE('',#644,#643);
#646=DIRECTION('',(0.E0,-7.071067811865E-1,-7.071067811865E-1));
#647=VECTOR('',#646,2.942790247034E-1);
#648=CARTESIAN_POINT('',(3.295E0,2.415345690740E0,-2.922152142881E0));
#649=LINE('',#648,#647);
#650=DIRECTION('',(0.E0,-7.071067811865E-1,7.071067811865E-1));
#651=VECTOR('',#650,1.02E0);
#652=CARTESIAN_POINT('',(3.295E0,2.207258996811E0,-3.130238836809E0));
#653=LINE('',#652,#651);
#654=DIRECTION('',(0.E0,-7.071067811865E-1,-7.071067811865E-1));
#655=VECTOR('',#654,5.939165973713E-1);
#656=CARTESIAN_POINT('',(3.295E0,4.918134188803E-1,-3.403186581120E0));
#657=LINE('',#656,#655);
#658=DIRECTION('',(0.E0,7.071067811865E-1,-7.071067811865E-1));
#659=VECTOR('',#658,1.02E0);
#660=CARTESIAN_POINT('',(3.295E0,4.918134188803E-1,-3.403186581120E0));
#661=LINE('',#660,#659);
#662=DIRECTION('',(0.E0,-7.071067811865E-1,-7.071067811865E-1));
#663=VECTOR('',#662,5.939165973713E-1);
#664=CARTESIAN_POINT('',(3.295E0,1.213062335691E0,-4.124435497930E0));
#665=LINE('',#664,#663);
#666=DIRECTION('',(0.E0,7.071067811865E-1,-7.071067811865E-1));
#667=VECTOR('',#666,1.02E0);
#668=CARTESIAN_POINT('',(3.295E0,7.185096541982E-2,-3.823149034580E0));
#669=LINE('',#668,#667);
#670=DIRECTION('',(4.472135955E-1,-4.472135955E-1,7.745966692415E-1));
#671=VECTOR('',#670,8.497058314499E-1);
#672=CARTESIAN_POINT('',(3.295E0,-1.085E0,-6.581793068762E-1));
#673=LINE('',#672,#671);
#674=DIRECTION('',(0.E0,5.E-1,-8.660254037844E-1));
#675=VECTOR('',#674,7.6E-1);
#676=CARTESIAN_POINT('',(2.705E0,-1.465E0,0.E0));
#677=LINE('',#676,#675);
#678=DIRECTION('',(0.E0,1.E0,0.E0));
#679=VECTOR('',#678,5.421820693124E0);
#680=CARTESIAN_POINT('',(2.705E0,-1.465E0,0.E0));
#681=LINE('',#680,#679);
#682=DIRECTION('',(0.E0,0.E0,-1.E0));
#683=VECTOR('',#682,5.7E0);
#684=CARTESIAN_POINT('',(2.705E0,3.956820693124E0,0.E0));
#685=LINE('',#684,#683);
#686=DIRECTION('',(-1.E0,0.E0,0.E0));
#687=VECTOR('',#686,5.9E-1);
#688=CARTESIAN_POINT('',(3.295E0,-1.085E0,-6.581793068762E-1));
#689=LINE('',#688,#687);
#690=DIRECTION('',(0.E0,0.E0,-1.E0));
#691=VECTOR('',#690,5.041820693124E0);
#692=CARTESIAN_POINT('',(2.705E0,-1.085E0,-6.581793068762E-1));
#693=LINE('',#692,#691);
#694=DIRECTION('',(-4.472135955E-1,7.745966692415E-1,-4.472135955E-1));
#695=VECTOR('',#694,8.497058314499E-1);
#696=CARTESIAN_POINT('',(2.705E0,3.956820693124E0,-5.7E0));
#697=LINE('',#696,#695);
#698=CARTESIAN_POINT('',(3.745E0,1.062630226914E0,-2.832369773086E0));
#699=DIRECTION('',(0.E0,-7.071067811865E-1,7.071067811865E-1));
#700=DIRECTION('',(-6.008010680908E-1,5.652601509840E-1,5.652601509840E-1));
#701=AXIS2_PLACEMENT_3D('',#698,#699,#700);
#703=DIRECTION('',(4.226182617407E-1,-6.408563820558E-1,-6.408563820558E-1));
#704=VECTOR('',#703,5.414449710430E-1);
#705=CARTESIAN_POINT('',(3.066175467510E0,8.388018841052E-1,-3.056198115895E0));
#706=LINE('',#705,#704);
#707=DIRECTION('',(-4.226182617407E-1,6.408563820558E-1,6.408563820558E-1));
#708=VECTOR('',#707,1.079716208091E0);
#709=CARTESIAN_POINT('',(3.295E0,7.185096541982E-2,-3.823149034580E0));
#710=LINE('',#709,#708);
#711=CARTESIAN_POINT('',(3.745E0,1.062630226914E0,-2.832369773086E0));
#712=DIRECTION('',(0.E0,7.071067811865E-1,-7.071067811865E-1));
#713=DIRECTION('',(-9.063077870367E-1,-2.988362387301E-1,-2.988362387301E-1));
#714=AXIS2_PLACEMENT_3D('',#711,#712,#713);
#716=CARTESIAN_POINT('',(3.745E0,1.783879143724E0,-3.553618689896E0));
#717=DIRECTION('',(0.E0,-7.071067811865E-1,7.071067811865E-1));
#718=DIRECTION('',(-6.008010680908E-1,5.652601509840E-1,5.652601509840E-1));
#719=AXIS2_PLACEMENT_3D('',#716,#717,#718);
#721=CARTESIAN_POINT('',(3.745E0,1.783879143724E0,-3.553618689896E0));
#722=DIRECTION('',(0.E0,7.071067811865E-1,-7.071067811865E-1));
#723=DIRECTION('',(-9.063077870367E-1,-2.988362387301E-1,-2.988362387301E-1));
#724=AXIS2_PLACEMENT_3D('',#721,#722,#723);
#726=DIRECTION('',(-4.226182617407E-1,6.408563820558E-1,6.408563820558E-1));
#727=VECTOR('',#726,1.079716208091E0);
#728=CARTESIAN_POINT('',(3.295E0,7.930998822301E-1,-4.544397951391E0));
#729=LINE('',#728,#727);
#730=DIRECTION('',(4.226182617407E-1,-6.408563820558E-1,-6.408563820558E-1));
#731=VECTOR('',#730,5.414449710430E-1);
#732=CARTESIAN_POINT('',(3.066175467510E0,1.560050800915E0,-3.777447032705E0));
#733=LINE('',#732,#731);
#734=DIRECTION('',(0.E0,7.071067811865E-1,-7.071067811865E-1));
#735=VECTOR('',#734,1.02E0);
#736=CARTESIAN_POINT('',(2.838692212963E0,7.637939881840E-1,-3.131206011816E0));
#737=LINE('',#736,#735);
#738=DIRECTION('',(0.E0,7.071067811865E-1,-7.071067811865E-1));
#739=VECTOR('',#738,1.02E0);
#740=CARTESIAN_POINT('',(3.066175467510E0,8.388018841052E-1,-3.056198115895E0));
#741=LINE('',#740,#739);
#742=DIRECTION('',(3.779644730092E-1,6.546536707080E-1,6.546536707080E-1));
#743=VECTOR('',#742,1.005385498205E0);
#744=CARTESIAN_POINT('',(1.295E0,3.956820693124E0,-6.581793068762E-1));
#745=LINE('',#744,#743);
#746=DIRECTION('',(4.472135955E-1,-4.472135955E-1,7.745966692415E-1));
#747=VECTOR('',#746,8.497058314499E-1);
#748=CARTESIAN_POINT('',(1.295E0,-1.085E0,-6.581793068762E-1));
#749=LINE('',#748,#747);
#750=DIRECTION('',(-4.472135955E-1,-4.472135955E-1,7.745966692415E-1));
#751=VECTOR('',#750,8.497058314499E-1);
#752=CARTESIAN_POINT('',(7.05E-1,-1.085E0,-6.581793068762E-1));
#753=LINE('',#752,#751);
#754=DIRECTION('',(-3.779644730092E-1,6.546536707080E-1,6.546536707080E-1));
#755=VECTOR('',#754,1.005385498205E0);
#756=CARTESIAN_POINT('',(7.05E-1,3.956820693124E0,-6.581793068762E-1));
#757=LINE('',#756,#755);
#758=DIRECTION('',(-4.472135955E-1,7.745966692415E-1,-4.472135955E-1));
#759=VECTOR('',#758,8.497058314499E-1);
#760=CARTESIAN_POINT('',(7.05E-1,3.956820693124E0,-5.7E0));
#761=LINE('',#760,#759);
#762=DIRECTION('',(4.472135955E-1,7.745966692415E-1,-4.472135955E-1));
#763=VECTOR('',#762,8.497058314499E-1);
#764=CARTESIAN_POINT('',(1.295E0,3.956820693124E0,-5.7E0));
#765=LINE('',#764,#763);
#766=DIRECTION('',(1.E0,0.E0,0.E0));
#767=VECTOR('',#766,5.9E-1);
#768=CARTESIAN_POINT('',(7.05E-1,3.956820693124E0,-5.7E0));
#769=LINE('',#768,#767);
#770=DIRECTION('',(0.E0,1.E0,0.E0));
#771=VECTOR('',#770,5.041820693124E0);
#772=CARTESIAN_POINT('',(1.295E0,-1.085E0,-5.7E0));
#773=LINE('',#772,#771);
#774=DIRECTION('',(1.E0,0.E0,0.E0));
#775=VECTOR('',#774,5.9E-1);
#776=CARTESIAN_POINT('',(7.05E-1,-1.085E0,-5.7E0));
#777=LINE('',#776,#775);
#778=DIRECTION('',(0.E0,-1.E0,0.E0));
#779=VECTOR('',#778,5.041820693124E0);
#780=CARTESIAN_POINT('',(7.05E-1,3.956820693124E0,-5.7E0));
#781=LINE('',#780,#779);
#782=DIRECTION('',(0.E0,0.E0,1.E0));
#783=VECTOR('',#782,5.041820693124E0);
#784=CARTESIAN_POINT('',(1.295E0,3.956820693124E0,-5.7E0));
#785=LINE('',#784,#783);
#786=DIRECTION('',(0.E0,-1.E0,0.E0));
#787=VECTOR('',#786,5.041820693124E0);
#788=CARTESIAN_POINT('',(1.295E0,3.956820693124E0,-6.581793068762E-1));
#789=LINE('',#788,#787);
#790=DIRECTION('',(0.E0,0.E0,-1.E0));
#791=VECTOR('',#790,5.041820693124E0);
#792=CARTESIAN_POINT('',(1.295E0,-1.085E0,-6.581793068762E-1));
#793=LINE('',#792,#791);
#794=DIRECTION('',(0.E0,-7.071067811865E-1,-7.071067811865E-1));
#795=VECTOR('',#794,2.942790247034E-1);
#796=CARTESIAN_POINT('',(1.295E0,1.694096773930E0,-2.200903226070E0));
#797=LINE('',#796,#795);
#798=DIRECTION('',(0.E0,7.071067811865E-1,-7.071067811865E-1));
#799=VECTOR('',#798,1.02E0);
#800=CARTESIAN_POINT('',(1.295E0,1.694096773930E0,-2.200903226070E0));
#801=LINE('',#800,#799);
#802=DIRECTION('',(0.E0,-7.071067811865E-1,-7.071067811865E-1));
#803=VECTOR('',#802,2.942790247034E-1);
#804=CARTESIAN_POINT('',(1.295E0,2.415345690740E0,-2.922152142881E0));
#805=LINE('',#804,#803);
#806=DIRECTION('',(0.E0,-7.071067811865E-1,7.071067811865E-1));
#807=VECTOR('',#806,1.02E0);
#808=CARTESIAN_POINT('',(1.295E0,2.207258996811E0,-3.130238836809E0));
#809=LINE('',#808,#807);
#810=DIRECTION('',(0.E0,-7.071067811865E-1,-7.071067811865E-1));
#811=VECTOR('',#810,5.939165973713E-1);
#812=CARTESIAN_POINT('',(1.295E0,4.918134188803E-1,-3.403186581120E0));
#813=LINE('',#812,#811);
#814=DIRECTION('',(0.E0,7.071067811865E-1,-7.071067811865E-1));
#815=VECTOR('',#814,1.02E0);
#816=CARTESIAN_POINT('',(1.295E0,4.918134188803E-1,-3.403186581120E0));
#817=LINE('',#816,#815);
#818=DIRECTION('',(0.E0,-7.071067811865E-1,-7.071067811865E-1));
#819=VECTOR('',#818,5.939165973713E-1);
#820=CARTESIAN_POINT('',(1.295E0,1.213062335691E0,-4.124435497930E0));
#821=LINE('',#820,#819);
#822=DIRECTION('',(0.E0,7.071067811865E-1,-7.071067811865E-1));
#823=VECTOR('',#822,1.02E0);
#824=CARTESIAN_POINT('',(1.295E0,7.185096541982E-2,-3.823149034580E0));
#825=LINE('',#824,#823);
#826=DIRECTION('',(-1.E0,0.E0,0.E0));
#827=VECTOR('',#826,5.9E-1);
#828=CARTESIAN_POINT('',(1.295E0,-1.085E0,-6.581793068762E-1));
#829=LINE('',#828,#827);
#830=DIRECTION('',(0.E0,0.E0,-1.E0));
#831=VECTOR('',#830,5.041820693124E0);
#832=CARTESIAN_POINT('',(7.05E-1,-1.085E0,-6.581793068762E-1));
#833=LINE('',#832,#831);
#834=DIRECTION('',(0.E0,0.E0,-1.E0));
#835=VECTOR('',#834,5.041820693124E0);
#836=CARTESIAN_POINT('',(7.05E-1,3.956820693124E0,-6.581793068762E-1));
#837=LINE('',#836,#835);
#838=DIRECTION('',(0.E0,1.E0,0.E0));
#839=VECTOR('',#838,5.041820693124E0);
#840=CARTESIAN_POINT('',(7.05E-1,-1.085E0,-6.581793068762E-1));
#841=LINE('',#840,#839);
#842=CARTESIAN_POINT('',(1.745E0,1.062630226914E0,-2.832369773086E0));
#843=DIRECTION('',(0.E0,-7.071067811865E-1,7.071067811865E-1));
#844=DIRECTION('',(-6.008010680908E-1,5.652601509840E-1,5.652601509840E-1));
#845=AXIS2_PLACEMENT_3D('',#842,#843,#844);
#847=DIRECTION('',(4.226182617407E-1,-6.408563820558E-1,-6.408563820558E-1));
#848=VECTOR('',#847,5.414449710430E-1);
#849=CARTESIAN_POINT('',(1.066175467510E0,8.388018841052E-1,-3.056198115895E0));
#850=LINE('',#849,#848);
#851=DIRECTION('',(-4.226182617407E-1,6.408563820558E-1,6.408563820558E-1));
#852=VECTOR('',#851,1.079716208091E0);
#853=CARTESIAN_POINT('',(1.295E0,7.185096541982E-2,-3.823149034580E0));
#854=LINE('',#853,#852);
#855=CARTESIAN_POINT('',(1.745E0,1.062630226914E0,-2.832369773086E0));
#856=DIRECTION('',(0.E0,7.071067811865E-1,-7.071067811865E-1));
#857=DIRECTION('',(-9.063077870367E-1,-2.988362387301E-1,-2.988362387301E-1));
#858=AXIS2_PLACEMENT_3D('',#855,#856,#857);
#860=CARTESIAN_POINT('',(1.745E0,1.783879143724E0,-3.553618689896E0));
#861=DIRECTION('',(0.E0,-7.071067811865E-1,7.071067811865E-1));
#862=DIRECTION('',(-6.008010680908E-1,5.652601509840E-1,5.652601509840E-1));
#863=AXIS2_PLACEMENT_3D('',#860,#861,#862);
#865=CARTESIAN_POINT('',(1.745E0,1.783879143724E0,-3.553618689896E0));
#866=DIRECTION('',(0.E0,7.071067811865E-1,-7.071067811865E-1));
#867=DIRECTION('',(-9.063077870367E-1,-2.988362387301E-1,-2.988362387301E-1));
#868=AXIS2_PLACEMENT_3D('',#865,#866,#867);
#870=DIRECTION('',(-4.226182617407E-1,6.408563820558E-1,6.408563820558E-1));
#871=VECTOR('',#870,1.079716208091E0);
#872=CARTESIAN_POINT('',(1.295E0,7.930998822301E-1,-4.544397951391E0));
#873=LINE('',#872,#871);
#874=DIRECTION('',(4.226182617407E-1,-6.408563820558E-1,-6.408563820558E-1));
#875=VECTOR('',#874,5.414449710430E-1);
#876=CARTESIAN_POINT('',(1.066175467510E0,1.560050800915E0,-3.777447032705E0));
#877=LINE('',#876,#875);
#878=DIRECTION('',(0.E0,7.071067811865E-1,-7.071067811865E-1));
#879=VECTOR('',#878,1.02E0);
#880=CARTESIAN_POINT('',(8.386922129634E-1,7.637939881840E-1,
-3.131206011816E0));
#881=LINE('',#880,#879);
#882=DIRECTION('',(0.E0,7.071067811865E-1,-7.071067811865E-1));
#883=VECTOR('',#882,1.02E0);
#884=CARTESIAN_POINT('',(1.066175467510E0,8.388018841052E-1,-3.056198115895E0));
#885=LINE('',#884,#883);
#886=DIRECTION('',(3.779644730092E-1,6.546536707080E-1,6.546536707080E-1));
#887=VECTOR('',#886,1.005385498205E0);
#888=CARTESIAN_POINT('',(-7.05E-1,3.956820693124E0,-6.581793068762E-1));
#889=LINE('',#888,#887);
#890=DIRECTION('',(0.E0,-1.E0,0.E0));
#891=VECTOR('',#890,5.041820693124E0);
#892=CARTESIAN_POINT('',(-7.05E-1,3.956820693124E0,-6.581793068762E-1));
#893=LINE('',#892,#891);
#894=DIRECTION('',(0.E0,0.E0,-1.E0));
#895=VECTOR('',#894,5.041820693124E0);
#896=CARTESIAN_POINT('',(-7.05E-1,-1.085E0,-6.581793068762E-1));
#897=LINE('',#896,#895);
#898=DIRECTION('',(0.E0,0.E0,1.E0));
#899=VECTOR('',#898,5.041820693124E0);
#900=CARTESIAN_POINT('',(-7.05E-1,3.956820693124E0,-5.7E0));
#901=LINE('',#900,#899);
#902=DIRECTION('',(0.E0,-7.071067811865E-1,-7.071067811865E-1));
#903=VECTOR('',#902,2.942790247034E-1);
#904=CARTESIAN_POINT('',(-7.05E-1,1.694096773930E0,-2.200903226070E0));
#905=LINE('',#904,#903);
#906=DIRECTION('',(0.E0,7.071067811865E-1,-7.071067811865E-1));
#907=VECTOR('',#906,1.02E0);
#908=CARTESIAN_POINT('',(-7.05E-1,1.694096773930E0,-2.200903226070E0));
#909=LINE('',#908,#907);
#910=DIRECTION('',(0.E0,-7.071067811865E-1,-7.071067811865E-1));
#911=VECTOR('',#910,2.942790247034E-1);
#912=CARTESIAN_POINT('',(-7.05E-1,2.415345690740E0,-2.922152142881E0));
#913=LINE('',#912,#911);
#914=DIRECTION('',(0.E0,-7.071067811865E-1,7.071067811865E-1));
#915=VECTOR('',#914,1.02E0);
#916=CARTESIAN_POINT('',(-7.05E-1,2.207258996811E0,-3.130238836809E0));
#917=LINE('',#916,#915);
#918=DIRECTION('',(0.E0,-7.071067811865E-1,-7.071067811865E-1));
#919=VECTOR('',#918,5.939165973713E-1);
#920=CARTESIAN_POINT('',(-7.05E-1,4.918134188803E-1,-3.403186581120E0));
#921=LINE('',#920,#919);
#922=DIRECTION('',(0.E0,7.071067811865E-1,-7.071067811865E-1));
#923=VECTOR('',#922,1.02E0);
#924=CARTESIAN_POINT('',(-7.05E-1,4.918134188803E-1,-3.403186581120E0));
#925=LINE('',#924,#923);
#926=DIRECTION('',(0.E0,-7.071067811865E-1,-7.071067811865E-1));
#927=VECTOR('',#926,5.939165973713E-1);
#928=CARTESIAN_POINT('',(-7.05E-1,1.213062335691E0,-4.124435497930E0));
#929=LINE('',#928,#927);
#930=DIRECTION('',(0.E0,7.071067811865E-1,-7.071067811865E-1));
#931=VECTOR('',#930,1.02E0);
#932=CARTESIAN_POINT('',(-7.05E-1,7.185096541982E-2,-3.823149034580E0));
#933=LINE('',#932,#931);
#934=DIRECTION('',(4.472135955E-1,-4.472135955E-1,7.745966692415E-1));
#935=VECTOR('',#934,8.497058314499E-1);
#936=CARTESIAN_POINT('',(-7.05E-1,-1.085E0,-6.581793068762E-1));
#937=LINE('',#936,#935);
#938=DIRECTION('',(-4.472135955E-1,-4.472135955E-1,7.745966692415E-1));
#939=VECTOR('',#938,8.497058314499E-1);
#940=CARTESIAN_POINT('',(-1.295E0,-1.085E0,-6.581793068762E-1));
#941=LINE('',#940,#939);
#942=DIRECTION('',(-3.779644730092E-1,6.546536707080E-1,6.546536707080E-1));
#943=VECTOR('',#942,1.005385498205E0);
#944=CARTESIAN_POINT('',(-1.295E0,3.956820693124E0,-6.581793068762E-1));
#945=LINE('',#944,#943);
#946=DIRECTION('',(-4.472135955E-1,7.745966692415E-1,-4.472135955E-1));
#947=VECTOR('',#946,8.497058314499E-1);
#948=CARTESIAN_POINT('',(-1.295E0,3.956820693124E0,-5.7E0));
#949=LINE('',#948,#947);
#950=DIRECTION('',(4.472135955E-1,7.745966692415E-1,-4.472135955E-1));
#951=VECTOR('',#950,8.497058314499E-1);
#952=CARTESIAN_POINT('',(-7.05E-1,3.956820693124E0,-5.7E0));
#953=LINE('',#952,#951);
#954=DIRECTION('',(1.E0,0.E0,0.E0));
#955=VECTOR('',#954,5.9E-1);
#956=CARTESIAN_POINT('',(-1.295E0,3.956820693124E0,-5.7E0));
#957=LINE('',#956,#955);
#958=DIRECTION('',(0.E0,1.E0,0.E0));
#959=VECTOR('',#958,5.041820693124E0);
#960=CARTESIAN_POINT('',(-7.05E-1,-1.085E0,-5.7E0));
#961=LINE('',#960,#959);
#962=DIRECTION('',(1.E0,0.E0,0.E0));
#963=VECTOR('',#962,5.9E-1);
#964=CARTESIAN_POINT('',(-1.295E0,-1.085E0,-5.7E0));
#965=LINE('',#964,#963);
#966=DIRECTION('',(0.E0,-1.E0,0.E0));
#967=VECTOR('',#966,5.041820693124E0);
#968=CARTESIAN_POINT('',(-1.295E0,3.956820693124E0,-5.7E0));
#969=LINE('',#968,#967);
#970=DIRECTION('',(-1.E0,0.E0,0.E0));
#971=VECTOR('',#970,5.9E-1);
#972=CARTESIAN_POINT('',(-7.05E-1,-1.085E0,-6.581793068762E-1));
#973=LINE('',#972,#971);
#974=DIRECTION('',(0.E0,0.E0,-1.E0));
#975=VECTOR('',#974,5.041820693124E0);
#976=CARTESIAN_POINT('',(-1.295E0,-1.085E0,-6.581793068762E-1));
#977=LINE('',#976,#975);
#978=DIRECTION('',(0.E0,0.E0,-1.E0));
#979=VECTOR('',#978,5.041820693124E0);
#980=CARTESIAN_POINT('',(-1.295E0,3.956820693124E0,-6.581793068762E-1));
#981=LINE('',#980,#979);
#982=DIRECTION('',(0.E0,1.E0,0.E0));
#983=VECTOR('',#982,5.041820693124E0);
#984=CARTESIAN_POINT('',(-1.295E0,-1.085E0,-6.581793068762E-1));
#985=LINE('',#984,#983);
#986=CARTESIAN_POINT('',(-2.55E-1,1.062630226914E0,-2.832369773086E0));
#987=DIRECTION('',(0.E0,-7.071067811865E-1,7.071067811865E-1));
#988=DIRECTION('',(-6.008010680908E-1,5.652601509840E-1,5.652601509840E-1));
#989=AXIS2_PLACEMENT_3D('',#986,#987,#988);
#991=DIRECTION('',(4.226182617407E-1,-6.408563820558E-1,-6.408563820558E-1));
#992=VECTOR('',#991,5.414449710430E-1);
#993=CARTESIAN_POINT('',(-9.338245324904E-1,8.388018841052E-1,
-3.056198115895E0));
#994=LINE('',#993,#992);
#995=DIRECTION('',(-4.226182617407E-1,6.408563820558E-1,6.408563820558E-1));
#996=VECTOR('',#995,1.079716208091E0);
#997=CARTESIAN_POINT('',(-7.05E-1,7.185096541982E-2,-3.823149034580E0));
#998=LINE('',#997,#996);
#999=CARTESIAN_POINT('',(-2.55E-1,1.062630226914E0,-2.832369773086E0));
#1000=DIRECTION('',(0.E0,7.071067811865E-1,-7.071067811865E-1));
#1001=DIRECTION('',(-9.063077870367E-1,-2.988362387301E-1,-2.988362387301E-1));
#1002=AXIS2_PLACEMENT_3D('',#999,#1000,#1001);
#1004=CARTESIAN_POINT('',(-2.55E-1,1.783879143724E0,-3.553618689896E0));
#1005=DIRECTION('',(0.E0,-7.071067811865E-1,7.071067811865E-1));
#1006=DIRECTION('',(-6.008010680908E-1,5.652601509840E-1,5.652601509840E-1));
#1007=AXIS2_PLACEMENT_3D('',#1004,#1005,#1006);
#1009=CARTESIAN_POINT('',(-2.55E-1,1.783879143724E0,-3.553618689896E0));
#1010=DIRECTION('',(0.E0,7.071067811865E-1,-7.071067811865E-1));
#1011=DIRECTION('',(-9.063077870367E-1,-2.988362387301E-1,-2.988362387301E-1));
#1012=AXIS2_PLACEMENT_3D('',#1009,#1010,#1011);
#1014=DIRECTION('',(-4.226182617407E-1,6.408563820558E-1,6.408563820558E-1));
#1015=VECTOR('',#1014,1.079716208091E0);
#1016=CARTESIAN_POINT('',(-7.05E-1,7.930998822301E-1,-4.544397951391E0));
#1017=LINE('',#1016,#1015);
#1018=DIRECTION('',(4.226182617407E-1,-6.408563820558E-1,-6.408563820558E-1));
#1019=VECTOR('',#1018,5.414449710430E-1);
#1020=CARTESIAN_POINT('',(-9.338245324904E-1,1.560050800915E0,
-3.777447032705E0));
#1021=LINE('',#1020,#1019);
#1022=DIRECTION('',(0.E0,7.071067811865E-1,-7.071067811865E-1));
#1023=VECTOR('',#1022,1.02E0);
#1024=CARTESIAN_POINT('',(-1.161307787037E0,7.637939881840E-1,
-3.131206011816E0));
#1025=LINE('',#1024,#1023);
#1026=DIRECTION('',(0.E0,7.071067811865E-1,-7.071067811865E-1));
#1027=VECTOR('',#1026,1.02E0);
#1028=CARTESIAN_POINT('',(-9.338245324904E-1,8.388018841052E-1,
-3.056198115895E0));
#1029=LINE('',#1028,#1027);
#1030=DIRECTION('',(3.779644730092E-1,6.546536707080E-1,6.546536707080E-1));
#1031=VECTOR('',#1030,1.005385498205E0);
#1032=CARTESIAN_POINT('',(-2.705E0,3.956820693124E0,-6.581793068762E-1));
#1033=LINE('',#1032,#1031);
#1034=DIRECTION('',(0.E0,0.E0,1.E0));
#1035=VECTOR('',#1034,5.041820693124E0);
#1036=CARTESIAN_POINT('',(-2.705E0,3.956820693124E0,-5.7E0));
#1037=LINE('',#1036,#1035);
#1038=DIRECTION('',(0.E0,-1.E0,0.E0));
#1039=VECTOR('',#1038,5.041820693124E0);
#1040=CARTESIAN_POINT('',(-2.705E0,3.956820693124E0,-6.581793068762E-1));
#1041=LINE('',#1040,#1039);
#1042=DIRECTION('',(0.E0,0.E0,-1.E0));
#1043=VECTOR('',#1042,5.041820693124E0);
#1044=CARTESIAN_POINT('',(-2.705E0,-1.085E0,-6.581793068762E-1));
#1045=LINE('',#1044,#1043);
#1046=DIRECTION('',(0.E0,-7.071067811865E-1,-7.071067811865E-1));
#1047=VECTOR('',#1046,2.942790247034E-1);
#1048=CARTESIAN_POINT('',(-2.705E0,1.694096773930E0,-2.200903226070E0));
#1049=LINE('',#1048,#1047);
#1050=DIRECTION('',(0.E0,7.071067811865E-1,-7.071067811865E-1));
#1051=VECTOR('',#1050,1.02E0);
#1052=CARTESIAN_POINT('',(-2.705E0,1.694096773930E0,-2.200903226070E0));
#1053=LINE('',#1052,#1051);
#1054=DIRECTION('',(0.E0,-7.071067811865E-1,-7.071067811865E-1));
#1055=VECTOR('',#1054,2.942790247034E-1);
#1056=CARTESIAN_POINT('',(-2.705E0,2.415345690740E0,-2.922152142881E0));
#1057=LINE('',#1056,#1055);
#1058=DIRECTION('',(0.E0,-7.071067811865E-1,7.071067811865E-1));
#1059=VECTOR('',#1058,1.02E0);
#1060=CARTESIAN_POINT('',(-2.705E0,2.207258996811E0,-3.130238836809E0));
#1061=LINE('',#1060,#1059);
#1062=DIRECTION('',(0.E0,-7.071067811865E-1,-7.071067811865E-1));
#1063=VECTOR('',#1062,5.939165973713E-1);
#1064=CARTESIAN_POINT('',(-2.705E0,4.918134188803E-1,-3.403186581120E0));
#1065=LINE('',#1064,#1063);
#1066=DIRECTION('',(0.E0,7.071067811865E-1,-7.071067811865E-1));
#1067=VECTOR('',#1066,1.02E0);
#1068=CARTESIAN_POINT('',(-2.705E0,4.918134188803E-1,-3.403186581120E0));
#1069=LINE('',#1068,#1067);
#1070=DIRECTION('',(0.E0,-7.071067811865E-1,-7.071067811865E-1));
#1071=VECTOR('',#1070,5.939165973713E-1);
#1072=CARTESIAN_POINT('',(-2.705E0,1.213062335691E0,-4.124435497930E0));
#1073=LINE('',#1072,#1071);
#1074=DIRECTION('',(0.E0,7.071067811865E-1,-7.071067811865E-1));
#1075=VECTOR('',#1074,1.02E0);
#1076=CARTESIAN_POINT('',(-2.705E0,7.185096541982E-2,-3.823149034580E0));
#1077=LINE('',#1076,#1075);
#1078=DIRECTION('',(4.472135955E-1,-4.472135955E-1,7.745966692415E-1));
#1079=VECTOR('',#1078,8.497058314499E-1);
#1080=CARTESIAN_POINT('',(-2.705E0,-1.085E0,-6.581793068762E-1));
#1081=LINE('',#1080,#1079);
#1082=DIRECTION('',(-4.472135955E-1,-4.472135955E-1,7.745966692415E-1));
#1083=VECTOR('',#1082,8.497058314499E-1);
#1084=CARTESIAN_POINT('',(-3.295E0,-1.085E0,-6.581793068762E-1));
#1085=LINE('',#1084,#1083);
#1086=DIRECTION('',(-3.779644730092E-1,6.546536707080E-1,6.546536707080E-1));
#1087=VECTOR('',#1086,1.005385498205E0);
#1088=CARTESIAN_POINT('',(-3.295E0,3.956820693124E0,-6.581793068762E-1));
#1089=LINE('',#1088,#1087);
#1090=DIRECTION('',(0.E0,0.E0,-1.E0));
#1091=VECTOR('',#1090,5.041820693124E0);
#1092=CARTESIAN_POINT('',(-3.295E0,3.956820693124E0,-6.581793068762E-1));
#1093=LINE('',#1092,#1091);
#1094=DIRECTION('',(0.E0,1.E0,0.E0));
#1095=VECTOR('',#1094,5.041820693124E0);
#1096=CARTESIAN_POINT('',(-3.295E0,-1.085E0,-6.581793068762E-1));
#1097=LINE('',#1096,#1095);
#1098=DIRECTION('',(-4.472135955E-1,7.745966692415E-1,-4.472135955E-1));
#1099=VECTOR('',#1098,8.497058314499E-1);
#1100=CARTESIAN_POINT('',(-3.295E0,3.956820693124E0,-5.7E0));
#1101=LINE('',#1100,#1099);
#1102=DIRECTION('',(4.472135955E-1,7.745966692415E-1,-4.472135955E-1));
#1103=VECTOR('',#1102,8.497058314499E-1);
#1104=CARTESIAN_POINT('',(-2.705E0,3.956820693124E0,-5.7E0));
#1105=LINE('',#1104,#1103);
#1106=DIRECTION('',(1.E0,0.E0,0.E0));
#1107=VECTOR('',#1106,5.9E-1);
#1108=CARTESIAN_POINT('',(-3.295E0,3.956820693124E0,-5.7E0));
#1109=LINE('',#1108,#1107);
#1110=DIRECTION('',(0.E0,1.E0,0.E0));
#1111=VECTOR('',#1110,5.041820693124E0);
#1112=CARTESIAN_POINT('',(-2.705E0,-1.085E0,-5.7E0));
#1113=LINE('',#1112,#1111);
#1114=DIRECTION('',(1.E0,0.E0,0.E0));
#1115=VECTOR('',#1114,5.9E-1);
#1116=CARTESIAN_POINT('',(-3.295E0,-1.085E0,-5.7E0));
#1117=LINE('',#1116,#1115);
#1118=DIRECTION('',(0.E0,-1.E0,0.E0));
#1119=VECTOR('',#1118,5.041820693124E0);
#1120=CARTESIAN_POINT('',(-3.295E0,3.956820693124E0,-5.7E0));
#1121=LINE('',#1120,#1119);
#1122=DIRECTION('',(-1.E0,0.E0,0.E0));
#1123=VECTOR('',#1122,5.9E-1);
#1124=CARTESIAN_POINT('',(-2.705E0,-1.085E0,-6.581793068762E-1));
#1125=LINE('',#1124,#1123);
#1126=DIRECTION('',(0.E0,0.E0,-1.E0));
#1127=VECTOR('',#1126,5.041820693124E0);
#1128=CARTESIAN_POINT('',(-3.295E0,-1.085E0,-6.581793068762E-1));
#1129=LINE('',#1128,#1127);
#1130=CARTESIAN_POINT('',(-2.255E0,1.062630226914E0,-2.832369773086E0));
#1131=DIRECTION('',(0.E0,-7.071067811865E-1,7.071067811865E-1));
#1132=DIRECTION('',(-6.008010680908E-1,5.652601509840E-1,5.652601509840E-1));
#1133=AXIS2_PLACEMENT_3D('',#1130,#1131,#1132);
#1135=DIRECTION('',(4.226182617407E-1,-6.408563820558E-1,-6.408563820558E-1));
#1136=VECTOR('',#1135,5.414449710430E-1);
#1137=CARTESIAN_POINT('',(-2.933824532490E0,8.388018841052E-1,
-3.056198115895E0));
#1138=LINE('',#1137,#1136);
#1139=DIRECTION('',(-4.226182617407E-1,6.408563820558E-1,6.408563820558E-1));
#1140=VECTOR('',#1139,1.079716208091E0);
#1141=CARTESIAN_POINT('',(-2.705E0,7.185096541982E-2,-3.823149034580E0));
#1142=LINE('',#1141,#1140);
#1143=CARTESIAN_POINT('',(-2.255E0,1.062630226914E0,-2.832369773086E0));
#1144=DIRECTION('',(0.E0,7.071067811865E-1,-7.071067811865E-1));
#1145=DIRECTION('',(-9.063077870367E-1,-2.988362387301E-1,-2.988362387301E-1));
#1146=AXIS2_PLACEMENT_3D('',#1143,#1144,#1145);
#1148=CARTESIAN_POINT('',(-2.255E0,1.783879143724E0,-3.553618689896E0));
#1149=DIRECTION('',(0.E0,-7.071067811865E-1,7.071067811865E-1));
#1150=DIRECTION('',(-6.008010680908E-1,5.652601509840E-1,5.652601509840E-1));
#1151=AXIS2_PLACEMENT_3D('',#1148,#1149,#1150);
#1153=CARTESIAN_POINT('',(-2.255E0,1.783879143724E0,-3.553618689896E0));
#1154=DIRECTION('',(0.E0,7.071067811865E-1,-7.071067811865E-1));
#1155=DIRECTION('',(-9.063077870367E-1,-2.988362387301E-1,-2.988362387301E-1));
#1156=AXIS2_PLACEMENT_3D('',#1153,#1154,#1155);
#1158=DIRECTION('',(-4.226182617407E-1,6.408563820558E-1,6.408563820558E-1));
#1159=VECTOR('',#1158,1.079716208091E0);
#1160=CARTESIAN_POINT('',(-2.705E0,7.930998822301E-1,-4.544397951391E0));
#1161=LINE('',#1160,#1159);
#1162=DIRECTION('',(4.226182617407E-1,-6.408563820558E-1,-6.408563820558E-1));
#1163=VECTOR('',#1162,5.414449710430E-1);
#1164=CARTESIAN_POINT('',(-2.933824532490E0,1.560050800915E0,
-3.777447032705E0));
#1165=LINE('',#1164,#1163);
#1166=DIRECTION('',(0.E0,7.071067811865E-1,-7.071067811865E-1));
#1167=VECTOR('',#1166,1.02E0);
#1168=CARTESIAN_POINT('',(-3.161307787037E0,7.637939881840E-1,
-3.131206011816E0));
#1169=LINE('',#1168,#1167);
#1170=DIRECTION('',(0.E0,7.071067811865E-1,-7.071067811865E-1));
#1171=VECTOR('',#1170,1.02E0);
#1172=CARTESIAN_POINT('',(-2.933824532490E0,8.388018841052E-1,
-3.056198115895E0));
#1173=LINE('',#1172,#1171);
#1174=DIRECTION('',(3.779644730092E-1,6.546536707080E-1,6.546536707080E-1));
#1175=VECTOR('',#1174,1.005385498205E0);
#1176=CARTESIAN_POINT('',(-4.705E0,3.956820693124E0,-6.581793068762E-1));
#1177=LINE('',#1176,#1175);
#1178=DIRECTION('',(4.472135955E-1,-4.472135955E-1,7.745966692415E-1));
#1179=VECTOR('',#1178,8.497058314499E-1);
#1180=CARTESIAN_POINT('',(-4.705E0,-1.985E0,-6.581793068762E-1));
#1181=LINE('',#1180,#1179);
#1182=DIRECTION('',(0.E0,0.E0,1.E0));
#1183=VECTOR('',#1182,5.941820693124E0);
#1184=CARTESIAN_POINT('',(-4.705E0,3.956820693124E0,-6.6E0));
#1185=LINE('',#1184,#1183);
#1186=DIRECTION('',(0.E0,-1.E0,0.E0));
#1187=VECTOR('',#1186,5.941820693124E0);
#1188=CARTESIAN_POINT('',(-4.705E0,3.956820693124E0,-6.581793068762E-1));
#1189=LINE('',#1188,#1187);
#1190=DIRECTION('',(0.E0,0.E0,-1.E0));
#1191=VECTOR('',#1190,5.941820693124E0);
#1192=CARTESIAN_POINT('',(-4.705E0,-1.985E0,-6.581793068762E-1));
#1193=LINE('',#1192,#1191);
#1194=DIRECTION('',(0.E0,1.E0,0.E0));
#1195=VECTOR('',#1194,5.941820693124E0);
#1196=CARTESIAN_POINT('',(-4.705E0,-1.985E0,-6.6E0));
#1197=LINE('',#1196,#1195);
#1198=DIRECTION('',(0.E0,-7.071067811865E-1,-7.071067811865E-1));
#1199=VECTOR('',#1198,2.942790247034E-1);
#1200=CARTESIAN_POINT('',(-4.705E0,1.694096773930E0,-2.200903226070E0));
#1201=LINE('',#1200,#1199);
#1202=DIRECTION('',(0.E0,7.071067811865E-1,-7.071067811865E-1));
#1203=VECTOR('',#1202,1.02E0);
#1204=CARTESIAN_POINT('',(-4.705E0,1.694096773930E0,-2.200903226070E0));
#1205=LINE('',#1204,#1203);
#1206=DIRECTION('',(0.E0,-7.071067811865E-1,-7.071067811865E-1));
#1207=VECTOR('',#1206,2.942790247034E-1);
#1208=CARTESIAN_POINT('',(-4.705E0,2.415345690740E0,-2.922152142881E0));
#1209=LINE('',#1208,#1207);
#1210=DIRECTION('',(0.E0,-7.071067811865E-1,7.071067811865E-1));
#1211=VECTOR('',#1210,1.02E0);
#1212=CARTESIAN_POINT('',(-4.705E0,2.207258996811E0,-3.130238836809E0));
#1213=LINE('',#1212,#1211);
#1214=DIRECTION('',(0.E0,-7.071067811865E-1,-7.071067811865E-1));
#1215=VECTOR('',#1214,5.939165973713E-1);
#1216=CARTESIAN_POINT('',(-4.705E0,4.918134188803E-1,-3.403186581120E0));
#1217=LINE('',#1216,#1215);
#1218=DIRECTION('',(0.E0,7.071067811865E-1,-7.071067811865E-1));
#1219=VECTOR('',#1218,1.02E0);
#1220=CARTESIAN_POINT('',(-4.705E0,4.918134188803E-1,-3.403186581120E0));
#1221=LINE('',#1220,#1219);
#1222=DIRECTION('',(0.E0,-7.071067811865E-1,-7.071067811865E-1));
#1223=VECTOR('',#1222,5.939165973713E-1);
#1224=CARTESIAN_POINT('',(-4.705E0,1.213062335691E0,-4.124435497930E0));
#1225=LINE('',#1224,#1223);
#1226=DIRECTION('',(0.E0,7.071067811865E-1,-7.071067811865E-1));
#1227=VECTOR('',#1226,1.02E0);
#1228=CARTESIAN_POINT('',(-4.705E0,7.185096541982E-2,-3.823149034580E0));
#1229=LINE('',#1228,#1227);
#1230=DIRECTION('',(-1.E0,0.E0,0.E0));
#1231=VECTOR('',#1230,5.9E-1);
#1232=CARTESIAN_POINT('',(-4.705E0,-1.985E0,-6.581793068762E-1));
#1233=LINE('',#1232,#1231);
#1234=DIRECTION('',(-4.472135955E-1,-4.472135955E-1,7.745966692415E-1));
#1235=VECTOR('',#1234,8.497058314499E-1);
#1236=CARTESIAN_POINT('',(-5.295E0,-1.985E0,-6.581793068762E-1));
#1237=LINE('',#1236,#1235);
#1238=DIRECTION('',(-3.779644730092E-1,6.546536707080E-1,6.546536707080E-1));
#1239=VECTOR('',#1238,1.005385498205E0);
#1240=CARTESIAN_POINT('',(-5.295E0,3.956820693124E0,-6.581793068762E-1));
#1241=LINE('',#1240,#1239);
#1242=DIRECTION('',(0.E0,1.E0,0.E0));
#1243=VECTOR('',#1242,5.941820693124E0);
#1244=CARTESIAN_POINT('',(-5.295E0,-1.985E0,-6.581793068762E-1));
#1245=LINE('',#1244,#1243);
#1246=DIRECTION('',(0.E0,0.E0,-1.E0));
#1247=VECTOR('',#1246,5.941820693124E0);
#1248=CARTESIAN_POINT('',(-5.295E0,3.956820693124E0,-6.581793068762E-1));
#1249=LINE('',#1248,#1247);
#1250=DIRECTION('',(0.E0,1.E0,0.E0));
#1251=VECTOR('',#1250,5.941820693124E0);
#1252=CARTESIAN_POINT('',(-5.295E0,-1.985E0,-6.6E0));
#1253=LINE('',#1252,#1251);
#1254=DIRECTION('',(0.E0,0.E0,-1.E0));
#1255=VECTOR('',#1254,5.941820693124E0);
#1256=CARTESIAN_POINT('',(-5.295E0,-1.985E0,-6.581793068762E-1));
#1257=LINE('',#1256,#1255);
#1258=DIRECTION('',(-4.472135955E-1,7.745966692415E-1,-4.472135955E-1));
#1259=VECTOR('',#1258,8.497058314499E-1);
#1260=CARTESIAN_POINT('',(-5.295E0,3.956820693124E0,-6.6E0));
#1261=LINE('',#1260,#1259);
#1262=DIRECTION('',(4.472135955E-1,7.745966692415E-1,-4.472135955E-1));
#1263=VECTOR('',#1262,8.497058314499E-1);
#1264=CARTESIAN_POINT('',(-4.705E0,3.956820693124E0,-6.6E0));
#1265=LINE('',#1264,#1263);
#1266=DIRECTION('',(1.E0,0.E0,0.E0));
#1267=VECTOR('',#1266,5.9E-1);
#1268=CARTESIAN_POINT('',(-5.295E0,3.956820693124E0,-6.6E0));
#1269=LINE('',#1268,#1267);
#1270=DIRECTION('',(-1.E0,0.E0,0.E0));
#1271=VECTOR('',#1270,5.9E-1);
#1272=CARTESIAN_POINT('',(-4.705E0,-1.985E0,-6.6E0));
#1273=LINE('',#1272,#1271);
#1274=CARTESIAN_POINT('',(-4.255E0,1.062630226914E0,-2.832369773086E0));
#1275=DIRECTION('',(0.E0,-7.071067811865E-1,7.071067811865E-1));
#1276=DIRECTION('',(-6.008010680908E-1,5.652601509840E-1,5.652601509840E-1));
#1277=AXIS2_PLACEMENT_3D('',#1274,#1275,#1276);
#1279=DIRECTION('',(4.226182617407E-1,-6.408563820558E-1,-6.408563820558E-1));
#1280=VECTOR('',#1279,5.414449710430E-1);
#1281=CARTESIAN_POINT('',(-4.933824532490E0,8.388018841052E-1,
-3.056198115895E0));
#1282=LINE('',#1281,#1280);
#1283=DIRECTION('',(-4.226182617407E-1,6.408563820558E-1,6.408563820558E-1));
#1284=VECTOR('',#1283,1.079716208091E0);
#1285=CARTESIAN_POINT('',(-4.705E0,7.185096541982E-2,-3.823149034580E0));
#1286=LINE('',#1285,#1284);
#1287=CARTESIAN_POINT('',(-4.255E0,1.062630226914E0,-2.832369773086E0));
#1288=DIRECTION('',(0.E0,7.071067811865E-1,-7.071067811865E-1));
#1289=DIRECTION('',(-9.063077870367E-1,-2.988362387301E-1,-2.988362387301E-1));
#1290=AXIS2_PLACEMENT_3D('',#1287,#1288,#1289);
#1292=CARTESIAN_POINT('',(-4.255E0,1.783879143724E0,-3.553618689896E0));
#1293=DIRECTION('',(0.E0,7.071067811865E-1,-7.071067811865E-1));
#1294=DIRECTION('',(-9.063077870367E-1,-2.988362387301E-1,-2.988362387301E-1));
#1295=AXIS2_PLACEMENT_3D('',#1292,#1293,#1294);
#1297=DIRECTION('',(-4.226182617407E-1,6.408563820558E-1,6.408563820558E-1));
#1298=VECTOR('',#1297,1.079716208091E0);
#1299=CARTESIAN_POINT('',(-4.705E0,7.930998822301E-1,-4.544397951391E0));
#1300=LINE('',#1299,#1298);
#1301=DIRECTION('',(4.226182617407E-1,-6.408563820558E-1,-6.408563820558E-1));
#1302=VECTOR('',#1301,5.414449710430E-1);
#1303=CARTESIAN_POINT('',(-4.933824532490E0,1.560050800915E0,
-3.777447032705E0));
#1304=LINE('',#1303,#1302);
#1305=CARTESIAN_POINT('',(-4.255E0,1.783879143724E0,-3.553618689896E0));
#1306=DIRECTION('',(0.E0,-7.071067811865E-1,7.071067811865E-1));
#1307=DIRECTION('',(-6.008010680908E-1,5.652601509840E-1,5.652601509840E-1));
#1308=AXIS2_PLACEMENT_3D('',#1305,#1306,#1307);
#1310=DIRECTION('',(0.E0,7.071067811865E-1,-7.071067811865E-1));
#1311=VECTOR('',#1310,1.02E0);
#1312=CARTESIAN_POINT('',(-5.161307787037E0,7.637939881840E-1,
-3.131206011816E0));
#1313=LINE('',#1312,#1311);
#1314=DIRECTION('',(0.E0,7.071067811865E-1,-7.071067811865E-1));
#1315=VECTOR('',#1314,1.02E0);
#1316=CARTESIAN_POINT('',(-4.933824532490E0,8.388018841052E-1,
-3.056198115895E0));
#1317=LINE('',#1316,#1315);
#1318=DIRECTION('',(0.E0,0.E0,-1.E0));
#1319=VECTOR('',#1318,9.53E0);
#1320=CARTESIAN_POINT('',(-1.0635E1,4.615E0,0.E0));
#1321=LINE('',#1320,#1319);
#1322=DIRECTION('',(0.E0,0.E0,1.E0));
#1323=VECTOR('',#1322,7.53E0);
#1324=CARTESIAN_POINT('',(-1.1395E1,-1.E0,-9.53E0));
#1325=LINE('',#1324,#1323);
#1326=DIRECTION('',(0.E0,1.E0,0.E0));
#1327=VECTOR('',#1326,2.E0);
#1328=CARTESIAN_POINT('',(-1.1395E1,-1.E0,-2.E0));
#1329=LINE('',#1328,#1327);
#1330=DIRECTION('',(0.E0,0.E0,1.E0));
#1331=VECTOR('',#1330,7.53E0);
#1332=CARTESIAN_POINT('',(-1.1395E1,1.E0,-9.53E0));
#1333=LINE('',#1332,#1331);
#1334=DIRECTION('',(0.E0,0.E0,-1.E0));
#1335=VECTOR('',#1334,9.53E0);
#1336=CARTESIAN_POINT('',(-1.1395E1,3.855E0,0.E0));
#1337=LINE('',#1336,#1335);
#1338=DIRECTION('',(0.E0,0.E0,-1.E0));
#1339=VECTOR('',#1338,7.53E0);
#1340=CARTESIAN_POINT('',(-1.2895E1,-1.E0,-2.E0));
#1341=LINE('',#1340,#1339);
#1342=DIRECTION('',(0.E0,1.E0,0.E0));
#1343=VECTOR('',#1342,2.605E0);
#1344=CARTESIAN_POINT('',(1.1395E1,-3.605E0,-9.53E0));
#1345=LINE('',#1344,#1343);
#1346=DIRECTION('',(1.E0,0.E0,0.E0));
#1347=VECTOR('',#1346,1.5E0);
#1348=CARTESIAN_POINT('',(1.1395E1,-1.E0,-9.53E0));
#1349=LINE('',#1348,#1347);
#1350=DIRECTION('',(0.E0,1.E0,0.E0));
#1351=VECTOR('',#1350,2.E0);
#1352=CARTESIAN_POINT('',(1.2895E1,-1.E0,-9.53E0));
#1353=LINE('',#1352,#1351);
#1354=DIRECTION('',(-1.E0,0.E0,0.E0));
#1355=VECTOR('',#1354,1.5E0);
#1356=CARTESIAN_POINT('',(1.2895E1,1.E0,-9.53E0));
#1357=LINE('',#1356,#1355);
#1358=DIRECTION('',(0.E0,1.E0,0.E0));
#1359=VECTOR('',#1358,2.855E0);
#1360=CARTESIAN_POINT('',(1.1395E1,1.E0,-9.53E0));
#1361=LINE('',#1360,#1359);
#1362=CARTESIAN_POINT('',(1.0635E1,3.855E0,-9.53E0));
#1363=DIRECTION('',(0.E0,0.E0,1.E0));
#1364=DIRECTION('',(1.E0,0.E0,0.E0));
#1365=AXIS2_PLACEMENT_3D('',#1362,#1363,#1364);
#1367=DIRECTION('',(-1.E0,0.E0,0.E0));
#1368=VECTOR('',#1367,2.127E1);
#1369=CARTESIAN_POINT('',(1.0635E1,4.615E0,-9.53E0));
#1370=LINE('',#1369,#1368);
#1371=CARTESIAN_POINT('',(-1.0635E1,3.855E0,-9.53E0));
#1372=DIRECTION('',(0.E0,0.E0,1.E0));
#1373=DIRECTION('',(0.E0,1.E0,0.E0));
#1374=AXIS2_PLACEMENT_3D('',#1371,#1372,#1373);
#1376=DIRECTION('',(0.E0,-1.E0,0.E0));
#1377=VECTOR('',#1376,2.855E0);
#1378=CARTESIAN_POINT('',(-1.1395E1,3.855E0,-9.53E0));
#1379=LINE('',#1378,#1377);
#1380=DIRECTION('',(-1.E0,0.E0,0.E0));
#1381=VECTOR('',#1380,1.5E0);
#1382=CARTESIAN_POINT('',(-1.1395E1,1.E0,-9.53E0));
#1383=LINE('',#1382,#1381);
#1384=DIRECTION('',(0.E0,-1.E0,0.E0));
#1385=VECTOR('',#1384,2.E0);
#1386=CARTESIAN_POINT('',(-1.2895E1,1.E0,-9.53E0));
#1387=LINE('',#1386,#1385);
#1388=DIRECTION('',(1.E0,0.E0,0.E0));
#1389=VECTOR('',#1388,1.5E0);
#1390=CARTESIAN_POINT('',(-1.2895E1,-1.E0,-9.53E0));
#1391=LINE('',#1390,#1389);
#1392=DIRECTION('',(0.E0,-1.E0,0.E0));
#1393=VECTOR('',#1392,2.605E0);
#1394=CARTESIAN_POINT('',(-1.1395E1,-1.E0,-9.53E0));
#1395=LINE('',#1394,#1393);
#1396=DIRECTION('',(1.E0,0.E0,0.E0));
#1397=VECTOR('',#1396,2.279E1);
#1398=CARTESIAN_POINT('',(-1.1395E1,-3.605E0,-9.53E0));
#1399=LINE('',#1398,#1397);
#1400=DIRECTION('',(0.E0,1.E0,0.E0));
#1401=VECTOR('',#1400,6.535308E-1);
#1402=CARTESIAN_POINT('',(-7.395E0,-2.605E0,-9.53E0));
#1403=LINE('',#1402,#1401);
#1404=DIRECTION('',(9.063077870367E-1,4.226182617407E-1,0.E0));
#1405=VECTOR('',#1404,1.218349015416E-1);
#1406=CARTESIAN_POINT('',(-7.395E0,-1.9514692E0,-9.53E0));
#1407=LINE('',#1406,#1405);
#1408=DIRECTION('',(0.E0,1.E0,0.E0));
#1409=VECTOR('',#1408,5.277796088963E-1);
#1410=CARTESIAN_POINT('',(-7.28458008E0,-1.899979545691E0,-9.53E0));
#1411=LINE('',#1410,#1409);
#1412=DIRECTION('',(-9.033231713565E-1,4.289606603064E-1,0.E0));
#1413=VECTOR('',#1412,1.222374489012E-1);
#1414=CARTESIAN_POINT('',(-7.28458008E0,-1.372199936795E0,-9.53E0));
#1415=LINE('',#1414,#1413);
#1416=DIRECTION('',(0.E0,1.E0,0.E0));
#1417=VECTOR('',#1416,6.535308E-1);
#1418=CARTESIAN_POINT('',(-7.395E0,-1.31976488E0,-9.53E0));
#1419=LINE('',#1418,#1417);
#1420=DIRECTION('',(8.746197071394E-1,-4.848096202463E-1,0.E0));
#1421=VECTOR('',#1420,1.189088230588E0);
#1422=CARTESIAN_POINT('',(-7.395E0,-6.6623408E-1,-9.53E0));
#1423=LINE('',#1422,#1421);
#1424=DIRECTION('',(0.E0,-1.E0,0.E0));
#1425=VECTOR('',#1424,7.858030929782E-1);
#1426=CARTESIAN_POINT('',(-6.355E0,-1.242715493511E0,-9.53E0));
#1427=LINE('',#1426,#1425);
#1428=DIRECTION('',(-8.746197071394E-1,-4.848096202463E-1,0.E0));
#1429=VECTOR('',#1428,1.189088230588E0);
#1430=CARTESIAN_POINT('',(-6.355E0,-2.028518586489E0,-9.53E0));
#1431=LINE('',#1430,#1429);
#1432=DIRECTION('',(-9.033231713565E-1,4.289606603064E-1,0.E0));
#1433=VECTOR('',#1432,3.308233082865E-1);
#1434=CARTESIAN_POINT('',(-6.72381468E0,-1.638490345243E0,-9.53E0));
#1435=LINE('',#1434,#1433);
#1436=DIRECTION('',(0.E0,-1.E0,0.E0));
#1437=VECTOR('',#1436,2.812617332011E-1);
#1438=CARTESIAN_POINT('',(-7.02265504E0,-1.496580160475E0,-9.53E0));
#1439=LINE('',#1438,#1437);
#1440=DIRECTION('',(9.063077870367E-1,4.226182617407E-1,0.E0));
#1441=VECTOR('',#1440,3.297338545188E-1);
#1442=CARTESIAN_POINT('',(-7.02265504E0,-1.777841893677E0,-9.53E0));
#1443=LINE('',#1442,#1441);
#1444=DIRECTION('',(0.E0,-1.E0,0.E0));
#1445=VECTOR('',#1444,9.0390144E-1);
#1446=CARTESIAN_POINT('',(-6.355E0,1.60892712E0,-9.53E0));
#1447=LINE('',#1446,#1445);
#1448=DIRECTION('',(-9.271838545668E-1,-3.746065934159E-1,0.E0));
#1449=VECTOR('',#1448,5.800979582832E-1);
#1450=CARTESIAN_POINT('',(-6.355E0,7.0502568E-1,-9.53E0));
#1451=LINE('',#1450,#1449);
#1452=DIRECTION('',(9.271838545668E-1,-3.746065934159E-1,0.E0));
#1453=VECTOR('',#1452,5.800979582832E-1);
#1454=CARTESIAN_POINT('',(-6.892857460987E0,4.8771716E-1,-9.53E0));
#1455=LINE('',#1454,#1453);
#1456=DIRECTION('',(0.E0,-1.E0,0.E0));
#1457=VECTOR('',#1456,9.0390144E-1);
#1458=CARTESIAN_POINT('',(-6.355E0,2.7040864E-1,-9.53E0));
#1459=LINE('',#1458,#1457);
#1460=DIRECTION('',(-1.E0,0.E0,0.E0));
#1461=VECTOR('',#1460,1.04E0);
#1462=CARTESIAN_POINT('',(-6.355E0,-6.334928E-1,-9.53E0));
#1463=LINE('',#1462,#1461);
#1464=DIRECTION('',(0.E0,1.E0,0.E0));
#1465=VECTOR('',#1464,5.72E-1);
#1466=CARTESIAN_POINT('',(-7.395E0,-6.334928E-1,-9.53E0));
#1467=LINE('',#1466,#1465);
#1468=DIRECTION('',(1.E0,0.E0,0.E0));
#1469=VECTOR('',#1468,6.7118532E-1);
#1470=CARTESIAN_POINT('',(-7.395E0,-6.149279999995E-2,-9.53E0));
#1471=LINE('',#1470,#1469);
#1472=DIRECTION('',(-9.210703467209E-1,3.893962203096E-1,0.E0));
#1473=VECTOR('',#1472,7.287014747456E-1);
#1474=CARTESIAN_POINT('',(-6.72381468E0,-6.149279999995E-2,-9.53E0));
#1475=LINE('',#1474,#1473);
#1476=DIRECTION('',(0.E0,1.E0,0.E0));
#1477=VECTOR('',#1476,5.3091376E-1);
#1478=CARTESIAN_POINT('',(-7.395E0,2.222608E-1,-9.53E0));
#1479=LINE('',#1478,#1477);
#1480=DIRECTION('',(9.210708586005E-1,3.893950095173E-1,0.E0));
#1481=VECTOR('',#1480,7.287010697742E-1);
#1482=CARTESIAN_POINT('',(-7.395E0,7.5317456E-1,-9.53E0));
#1483=LINE('',#1482,#1481);
#1484=DIRECTION('',(-1.E0,0.E0,0.E0));
#1485=VECTOR('',#1484,6.7118532E-1);
#1486=CARTESIAN_POINT('',(-6.72381468E0,1.03692712E0,-9.53E0));
#1487=LINE('',#1486,#1485);
#1488=DIRECTION('',(0.E0,1.E0,0.E0));
#1489=VECTOR('',#1488,5.72E-1);
#1490=CARTESIAN_POINT('',(-7.395E0,1.03692712E0,-9.53E0));
#1491=LINE('',#1490,#1489);
#1492=DIRECTION('',(1.E0,0.E0,0.E0));
#1493=VECTOR('',#1492,1.04E0);
#1494=CARTESIAN_POINT('',(-7.395E0,1.60892712E0,-9.53E0));
#1495=LINE('',#1494,#1493);
#1496=DIRECTION('',(0.E0,1.E0,0.E0));
#1497=VECTOR('',#1496,5.7456776E-1);
#1498=CARTESIAN_POINT('',(-7.395E0,1.76492296E0,-9.53E0));
#1499=LINE('',#1498,#1497);
#1500=DIRECTION('',(1.E0,0.E0,0.E0));
#1501=VECTOR('',#1500,3.03654E-1);
#1502=CARTESIAN_POINT('',(-7.395E0,2.33949072E0,-9.53E0));
#1503=LINE('',#1502,#1501);
#1504=DIRECTION('',(0.E0,1.E0,0.E0));
#1505=VECTOR('',#1504,4.821232E-1);
#1506=CARTESIAN_POINT('',(-7.091346E0,2.33949072E0,-9.53E0));
#1507=LINE('',#1506,#1505);
#1508=CARTESIAN_POINT('',(-6.72381468E0,3.5136632E0,-9.53E0));
#1509=CARTESIAN_POINT('',(-6.767963871667E0,3.5136632E0,-9.53E0));
#1510=CARTESIAN_POINT('',(-6.841649800648E0,3.499050745648E0,-9.53E0));
#1511=CARTESIAN_POINT('',(-6.950107309384E0,3.430911487717E0,-9.53E0));
#1512=CARTESIAN_POINT('',(-7.033385710929E0,3.293443930929E0,-9.53E0));
#1513=CARTESIAN_POINT('',(-7.082491231031E0,3.077654301031E0,-9.53E0));
#1514=CARTESIAN_POINT('',(-7.091346E0,2.909912303333E0,-9.53E0));
#1515=CARTESIAN_POINT('',(-7.091346E0,2.82161392E0,-9.53E0));
#1517=CARTESIAN_POINT('',(-6.355E0,2.82161392E0,-9.53E0));
#1518=CARTESIAN_POINT('',(-6.355E0,2.91001925E0,-9.53E0));
#1519=CARTESIAN_POINT('',(-6.363908131691E0,3.077921778309E0,-9.53E0));
#1520=CARTESIAN_POINT('',(-6.413274926980E0,3.293770973020E0,-9.53E0));
#1521=CARTESIAN_POINT('',(-6.496937182810E0,3.431122042190E0,-9.53E0));
#1522=CARTESIAN_POINT('',(-6.605758549929E0,3.499111335071E0,-9.53E0));
#1523=CARTESIAN_POINT('',(-6.679612015E0,3.5136632E0,-9.53E0));
#1524=CARTESIAN_POINT('',(-6.72381468E0,3.5136632E0,-9.53E0));
#1526=DIRECTION('',(0.E0,-1.E0,0.E0));
#1527=VECTOR('',#1526,1.05669096E0);
#1528=CARTESIAN_POINT('',(-6.355E0,2.82161392E0,-9.53E0));
#1529=LINE('',#1528,#1527);
#1530=DIRECTION('',(-1.E0,0.E0,0.E0));
#1531=VECTOR('',#1530,1.04E0);
#1532=CARTESIAN_POINT('',(-6.355E0,1.76492296E0,-9.53E0));
#1533=LINE('',#1532,#1531);
#1534=DIRECTION('',(1.E0,0.E0,0.E0));
#1535=VECTOR('',#1534,1.547156E-1);
#1536=CARTESIAN_POINT('',(-6.80117248E0,2.33949072E0,-9.53E0));
#1537=LINE('',#1536,#1535);
#1538=DIRECTION('',(0.E0,1.E0,0.E0));
#1539=VECTOR('',#1538,4.821232E-1);
#1540=CARTESIAN_POINT('',(-6.64645688E0,2.33949072E0,-9.53E0));
#1541=LINE('',#1540,#1539);
#1542=CARTESIAN_POINT('',(-6.72381468E0,2.82161392E0,-9.53E0));
#1543=DIRECTION('',(0.E0,0.E0,-1.E0));
#1544=DIRECTION('',(-1.E0,0.E0,0.E0));
#1545=AXIS2_PLACEMENT_3D('',#1542,#1543,#1544);
#1547=DIRECTION('',(0.E0,-1.E0,0.E0));
#1548=VECTOR('',#1547,4.821232E-1);
#1549=CARTESIAN_POINT('',(-6.80117248E0,2.82161392E0,-9.53E0));
#1550=LINE('',#1549,#1548);
#1551=DIRECTION('',(0.E0,0.E0,1.E0));
#1552=VECTOR('',#1551,7.53E0);
#1553=CARTESIAN_POINT('',(1.1395E1,1.E0,-9.53E0));
#1554=LINE('',#1553,#1552);
#1555=DIRECTION('',(0.E0,1.E0,0.E0));
#1556=VECTOR('',#1555,2.E0);
#1557=CARTESIAN_POINT('',(1.1395E1,-1.E0,-2.E0));
#1558=LINE('',#1557,#1556);
#1559=DIRECTION('',(0.E0,0.E0,1.E0));
#1560=VECTOR('',#1559,7.53E0);
#1561=CARTESIAN_POINT('',(1.1395E1,-1.E0,-9.53E0));
#1562=LINE('',#1561,#1560);
#1563=DIRECTION('',(0.E0,0.E0,-1.E0));
#1564=VECTOR('',#1563,9.53E0);
#1565=CARTESIAN_POINT('',(1.1395E1,-3.605E0,0.E0));
#1566=LINE('',#1565,#1564);
#1567=DIRECTION('',(0.E0,0.E0,-1.E0));
#1568=VECTOR('',#1567,7.53E0);
#1569=CARTESIAN_POINT('',(1.2895E1,1.E0,-2.E0));
#1570=LINE('',#1569,#1568);
#1571=DIRECTION('',(0.E0,0.E0,-1.E0));
#1572=VECTOR('',#1571,7.53E0);
#1573=CARTESIAN_POINT('',(1.2895E1,-1.E0,-2.E0));
#1574=LINE('',#1573,#1572);
#1575=DIRECTION('',(1.E0,0.E0,0.E0));
#1576=VECTOR('',#1575,1.5E0);
#1577=CARTESIAN_POINT('',(-1.2895E1,-1.E0,-2.E0));
#1578=LINE('',#1577,#1576);
#1579=DIRECTION('',(0.E0,-1.E0,0.E0));
#1580=VECTOR('',#1579,2.E0);
#1581=CARTESIAN_POINT('',(-1.2895E1,1.E0,-2.E0));
#1582=LINE('',#1581,#1580);
#1583=DIRECTION('',(-1.E0,0.E0,0.E0));
#1584=VECTOR('',#1583,1.5E0);
#1585=CARTESIAN_POINT('',(-1.1395E1,1.E0,-2.E0));
#1586=LINE('',#1585,#1584);
#1587=DIRECTION('',(-1.E0,0.E0,0.E0));
#1588=VECTOR('',#1587,1.5E0);
#1589=CARTESIAN_POINT('',(1.2895E1,1.E0,-2.E0));
#1590=LINE('',#1589,#1588);
#1591=DIRECTION('',(0.E0,1.E0,0.E0));
#1592=VECTOR('',#1591,2.E0);
#1593=CARTESIAN_POINT('',(1.2895E1,-1.E0,-2.E0));
#1594=LINE('',#1593,#1592);
#1595=DIRECTION('',(1.E0,0.E0,0.E0));
#1596=VECTOR('',#1595,1.5E0);
#1597=CARTESIAN_POINT('',(1.1395E1,-1.E0,-2.E0));
#1598=LINE('',#1597,#1596);
#1599=DIRECTION('',(0.E0,0.E0,-1.E0));
#1600=VECTOR('',#1599,7.53E0);
#1601=CARTESIAN_POINT('',(-1.2895E1,1.E0,-2.E0));
#1602=LINE('',#1601,#1600);
#1603=DIRECTION('',(0.E0,0.E0,-1.E0));
#1604=VECTOR('',#1603,9.53E0);
#1605=CARTESIAN_POINT('',(-1.1395E1,-3.605E0,0.E0));
#1606=LINE('',#1605,#1604);
#1607=DIRECTION('',(1.E0,0.E0,0.E0));
#1608=VECTOR('',#1607,6.4E-1);
#1609=CARTESIAN_POINT('',(7.91E0,-3.605E0,-8.72E0));
#1610=LINE('',#1609,#1608);
#1611=DIRECTION('',(0.E0,0.E0,1.E0));
#1612=VECTOR('',#1611,7.91E0);
#1613=CARTESIAN_POINT('',(8.55E0,-3.605E0,-8.72E0));
#1614=LINE('',#1613,#1612);
#1615=DIRECTION('',(-1.E0,0.E0,0.E0));
#1616=VECTOR('',#1615,6.4E-1);
#1617=CARTESIAN_POINT('',(8.55E0,-3.605E0,-8.1E-1));
#1618=LINE('',#1617,#1616);
#1619=DIRECTION('',(0.E0,0.E0,-1.E0));
#1620=VECTOR('',#1619,7.91E0);
#1621=CARTESIAN_POINT('',(7.91E0,-3.605E0,-8.1E-1));
#1622=LINE('',#1621,#1620);
#1623=DIRECTION('',(1.E0,0.E0,0.E0));
#1624=VECTOR('',#1623,6.4E-1);
#1625=CARTESIAN_POINT('',(-3.2E-1,-3.605E0,-6.E0));
#1626=LINE('',#1625,#1624);
#1627=DIRECTION('',(0.E0,0.E0,1.E0));
#1628=VECTOR('',#1627,5.19E0);
#1629=CARTESIAN_POINT('',(3.2E-1,-3.605E0,-6.E0));
#1630=LINE('',#1629,#1628);
#1631=DIRECTION('',(-1.E0,0.E0,0.E0));
#1632=VECTOR('',#1631,6.4E-1);
#1633=CARTESIAN_POINT('',(3.2E-1,-3.605E0,-8.1E-1));
#1634=LINE('',#1633,#1632);
#1635=DIRECTION('',(0.E0,0.E0,-1.E0));
#1636=VECTOR('',#1635,5.19E0);
#1637=CARTESIAN_POINT('',(-3.2E-1,-3.605E0,-8.1E-1));
#1638=LINE('',#1637,#1636);
#1639=DIRECTION('',(1.E0,0.E0,0.E0));
#1640=VECTOR('',#1639,6.4E-1);
#1641=CARTESIAN_POINT('',(-8.55E0,-3.605E0,-8.72E0));
#1642=LINE('',#1641,#1640);
#1643=DIRECTION('',(0.E0,0.E0,1.E0));
#1644=VECTOR('',#1643,7.91E0);
#1645=CARTESIAN_POINT('',(-7.91E0,-3.605E0,-8.72E0));
#1646=LINE('',#1645,#1644);
#1647=DIRECTION('',(-1.E0,0.E0,0.E0));
#1648=VECTOR('',#1647,6.4E-1);
#1649=CARTESIAN_POINT('',(-7.91E0,-3.605E0,-8.1E-1));
#1650=LINE('',#1649,#1648);
#1651=DIRECTION('',(0.E0,0.E0,-1.E0));
#1652=VECTOR('',#1651,7.91E0);
#1653=CARTESIAN_POINT('',(-8.55E0,-3.605E0,-8.1E-1));
#1654=LINE('',#1653,#1652);
#1655=CARTESIAN_POINT('',(-4.835E0,-3.605E0,-3.5E0));
#1656=DIRECTION('',(0.E0,-1.E0,0.E0));
#1657=DIRECTION('',(1.E0,0.E0,0.E0));
#1658=AXIS2_PLACEMENT_3D('',#1655,#1656,#1657);
#1660=CARTESIAN_POINT('',(-4.835E0,-3.605E0,-3.5E0));
#1661=DIRECTION('',(0.E0,-1.E0,0.E0));
#1662=DIRECTION('',(-1.E0,0.E0,0.E0));
#1663=AXIS2_PLACEMENT_3D('',#1660,#1661,#1662);
#1665=CARTESIAN_POINT('',(5.165E0,-3.605E0,-3.5E0));
#1666=DIRECTION('',(0.E0,1.E0,0.E0));
#1667=DIRECTION('',(-1.E0,0.E0,0.E0));
#1668=AXIS2_PLACEMENT_3D('',#1665,#1666,#1667);
#1670=CARTESIAN_POINT('',(5.165E0,-3.605E0,-3.5E0));
#1671=DIRECTION('',(0.E0,1.E0,0.E0));
#1672=DIRECTION('',(1.E0,0.E0,0.E0));
#1673=AXIS2_PLACEMENT_3D('',#1670,#1671,#1672);
#1675=DIRECTION('',(-1.E0,0.E0,0.E0));
#1676=VECTOR('',#1675,6.3E-1);
#1677=CARTESIAN_POINT('',(-4.52E0,-3.605E0,-9.2655E0));
#1678=LINE('',#1677,#1676);
#1679=DIRECTION('',(0.E0,0.E0,-1.E0));
#1680=VECTOR('',#1679,2.51E-1);
#1681=CARTESIAN_POINT('',(-4.52E0,-3.605E0,-9.0145E0));
#1682=LINE('',#1681,#1680);
#1683=DIRECTION('',(-1.E0,0.E0,0.E0));
#1684=VECTOR('',#1683,6.3E-1);
#1685=CARTESIAN_POINT('',(-4.52E0,-3.605E0,-9.0145E0));
#1686=LINE('',#1685,#1684);
#1687=DIRECTION('',(0.E0,0.E0,-1.E0));
#1688=VECTOR('',#1687,2.51E-1);
#1689=CARTESIAN_POINT('',(-5.15E0,-3.605E0,-9.0145E0));
#1690=LINE('',#1689,#1688);
#1691=DIRECTION('',(-1.E0,0.E0,0.E0));
#1692=VECTOR('',#1691,6.3E-1);
#1693=CARTESIAN_POINT('',(-2.52E0,-3.605E0,-9.2655E0));
#1694=LINE('',#1693,#1692);
#1695=DIRECTION('',(0.E0,0.E0,-1.E0));
#1696=VECTOR('',#1695,2.51E-1);
#1697=CARTESIAN_POINT('',(-2.52E0,-3.605E0,-9.0145E0));
#1698=LINE('',#1697,#1696);
#1699=DIRECTION('',(-1.E0,0.E0,0.E0));
#1700=VECTOR('',#1699,6.3E-1);
#1701=CARTESIAN_POINT('',(-2.52E0,-3.605E0,-9.0145E0));
#1702=LINE('',#1701,#1700);
#1703=DIRECTION('',(0.E0,0.E0,-1.E0));
#1704=VECTOR('',#1703,2.51E-1);
#1705=CARTESIAN_POINT('',(-3.15E0,-3.605E0,-9.0145E0));
#1706=LINE('',#1705,#1704);
#1707=DIRECTION('',(-1.E0,0.E0,0.E0));
#1708=VECTOR('',#1707,6.3E-1);
#1709=CARTESIAN_POINT('',(-5.2E-1,-3.605E0,-9.2655E0));
#1710=LINE('',#1709,#1708);
#1711=DIRECTION('',(0.E0,0.E0,-1.E0));
#1712=VECTOR('',#1711,2.51E-1);
#1713=CARTESIAN_POINT('',(-5.2E-1,-3.605E0,-9.0145E0));
#1714=LINE('',#1713,#1712);
#1715=DIRECTION('',(-1.E0,0.E0,0.E0));
#1716=VECTOR('',#1715,6.3E-1);
#1717=CARTESIAN_POINT('',(-5.2E-1,-3.605E0,-9.0145E0));
#1718=LINE('',#1717,#1716);
#1719=DIRECTION('',(0.E0,0.E0,-1.E0));
#1720=VECTOR('',#1719,2.51E-1);
#1721=CARTESIAN_POINT('',(-1.15E0,-3.605E0,-9.0145E0));
#1722=LINE('',#1721,#1720);
#1723=DIRECTION('',(-1.E0,0.E0,0.E0));
#1724=VECTOR('',#1723,6.3E-1);
#1725=CARTESIAN_POINT('',(1.48E0,-3.605E0,-9.2655E0));
#1726=LINE('',#1725,#1724);
#1727=DIRECTION('',(0.E0,0.E0,-1.E0));
#1728=VECTOR('',#1727,2.51E-1);
#1729=CARTESIAN_POINT('',(1.48E0,-3.605E0,-9.0145E0));
#1730=LINE('',#1729,#1728);
#1731=DIRECTION('',(-1.E0,0.E0,0.E0));
#1732=VECTOR('',#1731,6.3E-1);
#1733=CARTESIAN_POINT('',(1.48E0,-3.605E0,-9.0145E0));
#1734=LINE('',#1733,#1732);
#1735=DIRECTION('',(0.E0,0.E0,-1.E0));
#1736=VECTOR('',#1735,2.51E-1);
#1737=CARTESIAN_POINT('',(8.5E-1,-3.605E0,-9.0145E0));
#1738=LINE('',#1737,#1736);
#1739=DIRECTION('',(-1.E0,0.E0,0.E0));
#1740=VECTOR('',#1739,6.3E-1);
#1741=CARTESIAN_POINT('',(3.48E0,-3.605E0,-9.2655E0));
#1742=LINE('',#1741,#1740);
#1743=DIRECTION('',(0.E0,0.E0,-1.E0));
#1744=VECTOR('',#1743,2.51E-1);
#1745=CARTESIAN_POINT('',(3.48E0,-3.605E0,-9.0145E0));
#1746=LINE('',#1745,#1744);
#1747=DIRECTION('',(-1.E0,0.E0,0.E0));
#1748=VECTOR('',#1747,6.3E-1);
#1749=CARTESIAN_POINT('',(3.48E0,-3.605E0,-9.0145E0));
#1750=LINE('',#1749,#1748);
#1751=DIRECTION('',(0.E0,0.E0,-1.E0));
#1752=VECTOR('',#1751,2.51E-1);
#1753=CARTESIAN_POINT('',(2.85E0,-3.605E0,-9.0145E0));
#1754=LINE('',#1753,#1752);
#1755=DIRECTION('',(-1.E0,0.E0,0.E0));
#1756=VECTOR('',#1755,6.3E-1);
#1757=CARTESIAN_POINT('',(5.48E0,-3.605E0,-9.2655E0));
#1758=LINE('',#1757,#1756);
#1759=DIRECTION('',(0.E0,0.E0,-1.E0));
#1760=VECTOR('',#1759,2.51E-1);
#1761=CARTESIAN_POINT('',(5.48E0,-3.605E0,-9.0145E0));
#1762=LINE('',#1761,#1760);
#1763=DIRECTION('',(-1.E0,0.E0,0.E0));
#1764=VECTOR('',#1763,6.3E-1);
#1765=CARTESIAN_POINT('',(5.48E0,-3.605E0,-9.0145E0));
#1766=LINE('',#1765,#1764);
#1767=DIRECTION('',(0.E0,0.E0,-1.E0));
#1768=VECTOR('',#1767,2.51E-1);
#1769=CARTESIAN_POINT('',(4.85E0,-3.605E0,-9.0145E0));
#1770=LINE('',#1769,#1768);
#1771=DIRECTION('',(0.E0,-1.E0,0.E0));
#1772=VECTOR('',#1771,3.8E-1);
#1773=CARTESIAN_POINT('',(7.91E0,-3.605E0,-8.72E0));
#1774=LINE('',#1773,#1772);
#1775=DIRECTION('',(0.E0,-1.E0,0.E0));
#1776=VECTOR('',#1775,3.8E-1);
#1777=CARTESIAN_POINT('',(7.91E0,-3.605E0,-8.1E-1));
#1778=LINE('',#1777,#1776);
#1779=DIRECTION('',(0.E0,-1.E0,0.E0));
#1780=VECTOR('',#1779,3.8E-1);
#1781=CARTESIAN_POINT('',(8.55E0,-3.605E0,-8.1E-1));
#1782=LINE('',#1781,#1780);
#1783=DIRECTION('',(0.E0,-1.E0,0.E0));
#1784=VECTOR('',#1783,3.8E-1);
#1785=CARTESIAN_POINT('',(8.55E0,-3.605E0,-8.72E0));
#1786=LINE('',#1785,#1784);
#1787=DIRECTION('',(1.E0,0.E0,0.E0));
#1788=VECTOR('',#1787,6.4E-1);
#1789=CARTESIAN_POINT('',(7.91E0,-3.985E0,-8.72E0));
#1790=LINE('',#1789,#1788);
#1791=DIRECTION('',(0.E0,0.E0,-1.E0));
#1792=VECTOR('',#1791,7.91E0);
#1793=CARTESIAN_POINT('',(7.91E0,-3.985E0,-8.1E-1));
#1794=LINE('',#1793,#1792);
#1795=DIRECTION('',(-1.E0,0.E0,0.E0));
#1796=VECTOR('',#1795,6.4E-1);
#1797=CARTESIAN_POINT('',(8.55E0,-3.985E0,-8.1E-1));
#1798=LINE('',#1797,#1796);
#1799=DIRECTION('',(0.E0,0.E0,1.E0));
#1800=VECTOR('',#1799,7.91E0);
#1801=CARTESIAN_POINT('',(8.55E0,-3.985E0,-8.72E0));
#1802=LINE('',#1801,#1800);
#1803=DIRECTION('',(1.E0,0.E0,0.E0));
#1804=VECTOR('',#1803,6.4E-1);
#1805=CARTESIAN_POINT('',(-3.2E-1,-3.985E0,-6.E0));
#1806=LINE('',#1805,#1804);
#1807=DIRECTION('',(0.E0,0.E0,-1.E0));
#1808=VECTOR('',#1807,5.19E0);
#1809=CARTESIAN_POINT('',(-3.2E-1,-3.985E0,-8.1E-1));
#1810=LINE('',#1809,#1808);
#1811=DIRECTION('',(-1.E0,0.E0,0.E0));
#1812=VECTOR('',#1811,6.4E-1);
#1813=CARTESIAN_POINT('',(3.2E-1,-3.985E0,-8.1E-1));
#1814=LINE('',#1813,#1812);
#1815=DIRECTION('',(0.E0,0.E0,1.E0));
#1816=VECTOR('',#1815,5.19E0);
#1817=CARTESIAN_POINT('',(3.2E-1,-3.985E0,-6.E0));
#1818=LINE('',#1817,#1816);
#1819=DIRECTION('',(1.E0,0.E0,0.E0));
#1820=VECTOR('',#1819,6.4E-1);
#1821=CARTESIAN_POINT('',(-8.55E0,-3.985E0,-8.72E0));
#1822=LINE('',#1821,#1820);
#1823=DIRECTION('',(0.E0,0.E0,-1.E0));
#1824=VECTOR('',#1823,7.91E0);
#1825=CARTESIAN_POINT('',(-8.55E0,-3.985E0,-8.1E-1));
#1826=LINE('',#1825,#1824);
#1827=DIRECTION('',(-1.E0,0.E0,0.E0));
#1828=VECTOR('',#1827,6.4E-1);
#1829=CARTESIAN_POINT('',(-7.91E0,-3.985E0,-8.1E-1));
#1830=LINE('',#1829,#1828);
#1831=DIRECTION('',(0.E0,0.E0,1.E0));
#1832=VECTOR('',#1831,7.91E0);
#1833=CARTESIAN_POINT('',(-7.91E0,-3.985E0,-8.72E0));
#1834=LINE('',#1833,#1832);
#1835=DIRECTION('',(0.E0,-1.E0,0.E0));
#1836=VECTOR('',#1835,3.8E-1);
#1837=CARTESIAN_POINT('',(-3.2E-1,-3.605E0,-6.E0));
#1838=LINE('',#1837,#1836);
#1839=DIRECTION('',(0.E0,-1.E0,0.E0));
#1840=VECTOR('',#1839,3.8E-1);
#1841=CARTESIAN_POINT('',(-3.2E-1,-3.605E0,-8.1E-1));
#1842=LINE('',#1841,#1840);
#1843=DIRECTION('',(0.E0,-1.E0,0.E0));
#1844=VECTOR('',#1843,3.8E-1);
#1845=CARTESIAN_POINT('',(3.2E-1,-3.605E0,-8.1E-1));
#1846=LINE('',#1845,#1844);
#1847=DIRECTION('',(0.E0,-1.E0,0.E0));
#1848=VECTOR('',#1847,3.8E-1);
#1849=CARTESIAN_POINT('',(3.2E-1,-3.605E0,-6.E0));
#1850=LINE('',#1849,#1848);
#1851=DIRECTION('',(0.E0,-1.E0,0.E0));
#1852=VECTOR('',#1851,3.8E-1);
#1853=CARTESIAN_POINT('',(-8.55E0,-3.605E0,-8.72E0));
#1854=LINE('',#1853,#1852);
#1855=DIRECTION('',(0.E0,-1.E0,0.E0));
#1856=VECTOR('',#1855,3.8E-1);
#1857=CARTESIAN_POINT('',(-8.55E0,-3.605E0,-8.1E-1));
#1858=LINE('',#1857,#1856);
#1859=DIRECTION('',(0.E0,-1.E0,0.E0));
#1860=VECTOR('',#1859,3.8E-1);
#1861=CARTESIAN_POINT('',(-7.91E0,-3.605E0,-8.1E-1));
#1862=LINE('',#1861,#1860);
#1863=DIRECTION('',(0.E0,-1.E0,0.E0));
#1864=VECTOR('',#1863,3.8E-1);
#1865=CARTESIAN_POINT('',(-7.91E0,-3.605E0,-8.72E0));
#1866=LINE('',#1865,#1864);
#1867=DIRECTION('',(0.E0,-1.E0,0.E0));
#1868=VECTOR('',#1867,1.708423233502E0);
#1869=CARTESIAN_POINT('',(-3.835E0,-3.605E0,-3.5E0));
#1870=LINE('',#1869,#1868);
#1871=DIRECTION('',(0.E0,-1.E0,0.E0));
#1872=VECTOR('',#1871,1.708423233502E0);
#1873=CARTESIAN_POINT('',(-5.835E0,-3.605E0,-3.5E0));
#1874=LINE('',#1873,#1872);
#1875=DIRECTION('',(-5.E-1,-8.660254037844E-1,0.E0));
#1876=VECTOR('',#1875,6.6E-1);
#1877=CARTESIAN_POINT('',(-3.835E0,-5.313423233502E0,-3.5E0));
#1878=LINE('',#1877,#1876);
#1879=CARTESIAN_POINT('',(-4.835E0,-5.313423233502E0,-3.5E0));
#1880=DIRECTION('',(0.E0,1.E0,0.E0));
#1881=DIRECTION('',(1.E0,0.E0,0.E0));
#1882=AXIS2_PLACEMENT_3D('',#1879,#1880,#1881);
#1884=DIRECTION('',(5.E-1,-8.660254037844E-1,0.E0));
#1885=VECTOR('',#1884,6.6E-1);
#1886=CARTESIAN_POINT('',(-5.835E0,-5.313423233502E0,-3.5E0));
#1887=LINE('',#1886,#1885);
#1888=CARTESIAN_POINT('',(-4.835E0,-5.313423233502E0,-3.5E0));
#1889=DIRECTION('',(0.E0,-1.E0,0.E0));
#1890=DIRECTION('',(1.E0,0.E0,0.E0));
#1891=AXIS2_PLACEMENT_3D('',#1888,#1889,#1890);
#1893=CARTESIAN_POINT('',(-4.835E0,-5.885E0,-3.5E0));
#1894=DIRECTION('',(0.E0,1.E0,0.E0));
#1895=DIRECTION('',(1.E0,0.E0,0.E0));
#1896=AXIS2_PLACEMENT_3D('',#1893,#1894,#1895);
#1898=CARTESIAN_POINT('',(-4.835E0,-5.885E0,-3.5E0));
#1899=DIRECTION('',(0.E0,-1.E0,0.E0));
#1900=DIRECTION('',(1.E0,0.E0,0.E0));
#1901=AXIS2_PLACEMENT_3D('',#1898,#1899,#1900);
#1903=CARTESIAN_POINT('',(5.165E0,-5.313423233502E0,-3.5E0));
#1904=DIRECTION('',(0.E0,1.E0,0.E0));
#1905=DIRECTION('',(-1.E0,0.E0,0.E0));
#1906=AXIS2_PLACEMENT_3D('',#1903,#1904,#1905);
#1908=DIRECTION('',(0.E0,1.E0,0.E0));
#1909=VECTOR('',#1908,1.708423233502E0);
#1910=CARTESIAN_POINT('',(4.165E0,-5.313423233502E0,-3.5E0));
#1911=LINE('',#1910,#1909);
#1912=CARTESIAN_POINT('',(5.165E0,-5.313423233502E0,-3.5E0));
#1913=DIRECTION('',(0.E0,-1.E0,0.E0));
#1914=DIRECTION('',(-1.E0,0.E0,0.E0));
#1915=AXIS2_PLACEMENT_3D('',#1912,#1913,#1914);
#1917=DIRECTION('',(0.E0,1.E0,0.E0));
#1918=VECTOR('',#1917,1.708423233502E0);
#1919=CARTESIAN_POINT('',(6.165E0,-5.313423233502E0,-3.5E0));
#1920=LINE('',#1919,#1918);
#1921=DIRECTION('',(-5.E-1,8.660254037844E-1,0.E0));
#1922=VECTOR('',#1921,6.6E-1);
#1923=CARTESIAN_POINT('',(4.495E0,-5.885E0,-3.5E0));
#1924=LINE('',#1923,#1922);
#1925=CARTESIAN_POINT('',(5.165E0,-5.885E0,-3.5E0));
#1926=DIRECTION('',(0.E0,-1.E0,0.E0));
#1927=DIRECTION('',(-1.E0,0.E0,0.E0));
#1928=AXIS2_PLACEMENT_3D('',#1925,#1926,#1927);
#1930=DIRECTION('',(5.E-1,8.660254037844E-1,0.E0));
#1931=VECTOR('',#1930,6.6E-1);
#1932=CARTESIAN_POINT('',(5.835E0,-5.885E0,-3.5E0));
#1933=LINE('',#1932,#1931);
#1934=CARTESIAN_POINT('',(5.165E0,-5.885E0,-3.5E0));
#1935=DIRECTION('',(0.E0,1.E0,0.E0));
#1936=DIRECTION('',(-1.E0,0.E0,0.E0));
#1937=AXIS2_PLACEMENT_3D('',#1934,#1935,#1936);
#1939=DIRECTION('',(0.E0,1.E0,0.E0));
#1940=VECTOR('',#1939,1.88E0);
#1941=CARTESIAN_POINT('',(-5.15E0,-5.485E0,-9.2655E0));
#1942=LINE('',#1941,#1940);
#1943=DIRECTION('',(-4.027386142660E-1,9.153150324228E-1,0.E0));
#1944=VECTOR('',#1943,5.462600113499E-1);
#1945=CARTESIAN_POINT('',(-4.93E0,-5.985E0,-9.2655E0));
#1946=LINE('',#1945,#1944);
#1947=DIRECTION('',(-1.E0,0.E0,0.E0));
#1948=VECTOR('',#1947,1.9E-1);
#1949=CARTESIAN_POINT('',(-4.74E0,-5.985E0,-9.2655E0));
#1950=LINE('',#1949,#1948);
#1951=DIRECTION('',(-4.027386142660E-1,-9.153150324228E-1,0.E0));
#1952=VECTOR('',#1951,5.462600113499E-1);
#1953=CARTESIAN_POINT('',(-4.52E0,-5.485E0,-9.2655E0));
#1954=LINE('',#1953,#1952);
#1955=DIRECTION('',(0.E0,-1.E0,0.E0));
#1956=VECTOR('',#1955,1.88E0);
#1957=CARTESIAN_POINT('',(-4.52E0,-3.605E0,-9.2655E0));
#1958=LINE('',#1957,#1956);
#1959=DIRECTION('',(0.E0,0.E0,1.E0));
#1960=VECTOR('',#1959,2.51E-1);
#1961=CARTESIAN_POINT('',(-5.15E0,-5.485E0,-9.2655E0));
#1962=LINE('',#1961,#1960);
#1963=DIRECTION('',(0.E0,-1.E0,0.E0));
#1964=VECTOR('',#1963,1.88E0);
#1965=CARTESIAN_POINT('',(-4.52E0,-3.605E0,-9.0145E0));
#1966=LINE('',#1965,#1964);
#1967=DIRECTION('',(-4.027386142660E-1,-9.153150324228E-1,0.E0));
#1968=VECTOR('',#1967,5.462600113499E-1);
#1969=CARTESIAN_POINT('',(-4.52E0,-5.485E0,-9.0145E0));
#1970=LINE('',#1969,#1968);
#1971=DIRECTION('',(-1.E0,0.E0,0.E0));
#1972=VECTOR('',#1971,1.9E-1);
#1973=CARTESIAN_POINT('',(-4.74E0,-5.985E0,-9.0145E0));
#1974=LINE('',#1973,#1972);
#1975=DIRECTION('',(-4.027386142660E-1,9.153150324228E-1,0.E0));
#1976=VECTOR('',#1975,5.462600113499E-1);
#1977=CARTESIAN_POINT('',(-4.93E0,-5.985E0,-9.0145E0));
#1978=LINE('',#1977,#1976);
#1979=DIRECTION('',(0.E0,1.E0,0.E0));
#1980=VECTOR('',#1979,1.88E0);
#1981=CARTESIAN_POINT('',(-5.15E0,-5.485E0,-9.0145E0));
#1982=LINE('',#1981,#1980);
#1983=DIRECTION('',(0.E0,0.E0,1.E0));
#1984=VECTOR('',#1983,2.51E-1);
#1985=CARTESIAN_POINT('',(-4.52E0,-5.485E0,-9.2655E0));
#1986=LINE('',#1985,#1984);
#1987=DIRECTION('',(0.E0,0.E0,1.E0));
#1988=VECTOR('',#1987,2.51E-1);
#1989=CARTESIAN_POINT('',(-4.74E0,-5.985E0,-9.2655E0));
#1990=LINE('',#1989,#1988);
#1991=DIRECTION('',(0.E0,0.E0,1.E0));
#1992=VECTOR('',#1991,2.51E-1);
#1993=CARTESIAN_POINT('',(-4.93E0,-5.985E0,-9.2655E0));
#1994=LINE('',#1993,#1992);
#1995=DIRECTION('',(0.E0,1.E0,0.E0));
#1996=VECTOR('',#1995,1.88E0);
#1997=CARTESIAN_POINT('',(-3.15E0,-5.485E0,-9.2655E0));
#1998=LINE('',#1997,#1996);
#1999=DIRECTION('',(-4.027386142660E-1,9.153150324228E-1,0.E0));
#2000=VECTOR('',#1999,5.462600113499E-1);
#2001=CARTESIAN_POINT('',(-2.93E0,-5.985E0,-9.2655E0));
#2002=LINE('',#2001,#2000);
#2003=DIRECTION('',(-1.E0,0.E0,0.E0));
#2004=VECTOR('',#2003,1.9E-1);
#2005=CARTESIAN_POINT('',(-2.74E0,-5.985E0,-9.2655E0));
#2006=LINE('',#2005,#2004);
#2007=DIRECTION('',(-4.027386142660E-1,-9.153150324228E-1,0.E0));
#2008=VECTOR('',#2007,5.462600113499E-1);
#2009=CARTESIAN_POINT('',(-2.52E0,-5.485E0,-9.2655E0));
#2010=LINE('',#2009,#2008);
#2011=DIRECTION('',(0.E0,-1.E0,0.E0));
#2012=VECTOR('',#2011,1.88E0);
#2013=CARTESIAN_POINT('',(-2.52E0,-3.605E0,-9.2655E0));
#2014=LINE('',#2013,#2012);
#2015=DIRECTION('',(0.E0,0.E0,1.E0));
#2016=VECTOR('',#2015,2.51E-1);
#2017=CARTESIAN_POINT('',(-3.15E0,-5.485E0,-9.2655E0));
#2018=LINE('',#2017,#2016);
#2019=DIRECTION('',(0.E0,-1.E0,0.E0));
#2020=VECTOR('',#2019,1.88E0);
#2021=CARTESIAN_POINT('',(-2.52E0,-3.605E0,-9.0145E0));
#2022=LINE('',#2021,#2020);
#2023=DIRECTION('',(-4.027386142660E-1,-9.153150324228E-1,0.E0));
#2024=VECTOR('',#2023,5.462600113499E-1);
#2025=CARTESIAN_POINT('',(-2.52E0,-5.485E0,-9.0145E0));
#2026=LINE('',#2025,#2024);
#2027=DIRECTION('',(-1.E0,0.E0,0.E0));
#2028=VECTOR('',#2027,1.9E-1);
#2029=CARTESIAN_POINT('',(-2.74E0,-5.985E0,-9.0145E0));
#2030=LINE('',#2029,#2028);
#2031=DIRECTION('',(-4.027386142660E-1,9.153150324228E-1,0.E0));
#2032=VECTOR('',#2031,5.462600113499E-1);
#2033=CARTESIAN_POINT('',(-2.93E0,-5.985E0,-9.0145E0));
#2034=LINE('',#2033,#2032);
#2035=DIRECTION('',(0.E0,1.E0,0.E0));
#2036=VECTOR('',#2035,1.88E0);
#2037=CARTESIAN_POINT('',(-3.15E0,-5.485E0,-9.0145E0));
#2038=LINE('',#2037,#2036);
#2039=DIRECTION('',(0.E0,0.E0,1.E0));
#2040=VECTOR('',#2039,2.51E-1);
#2041=CARTESIAN_POINT('',(-2.52E0,-5.485E0,-9.2655E0));
#2042=LINE('',#2041,#2040);
#2043=DIRECTION('',(0.E0,0.E0,1.E0));
#2044=VECTOR('',#2043,2.51E-1);
#2045=CARTESIAN_POINT('',(-2.74E0,-5.985E0,-9.2655E0));
#2046=LINE('',#2045,#2044);
#2047=DIRECTION('',(0.E0,0.E0,1.E0));
#2048=VECTOR('',#2047,2.51E-1);
#2049=CARTESIAN_POINT('',(-2.93E0,-5.985E0,-9.2655E0));
#2050=LINE('',#2049,#2048);
#2051=DIRECTION('',(0.E0,1.E0,0.E0));
#2052=VECTOR('',#2051,1.88E0);
#2053=CARTESIAN_POINT('',(-1.15E0,-5.485E0,-9.2655E0));
#2054=LINE('',#2053,#2052);
#2055=DIRECTION('',(-4.027386142660E-1,9.153150324228E-1,0.E0));
#2056=VECTOR('',#2055,5.462600113499E-1);
#2057=CARTESIAN_POINT('',(-9.3E-1,-5.985E0,-9.2655E0));
#2058=LINE('',#2057,#2056);
#2059=DIRECTION('',(-1.E0,0.E0,0.E0));
#2060=VECTOR('',#2059,1.9E-1);
#2061=CARTESIAN_POINT('',(-7.4E-1,-5.985E0,-9.2655E0));
#2062=LINE('',#2061,#2060);
#2063=DIRECTION('',(-4.027386142660E-1,-9.153150324228E-1,0.E0));
#2064=VECTOR('',#2063,5.462600113499E-1);
#2065=CARTESIAN_POINT('',(-5.2E-1,-5.485E0,-9.2655E0));
#2066=LINE('',#2065,#2064);
#2067=DIRECTION('',(0.E0,-1.E0,0.E0));
#2068=VECTOR('',#2067,1.88E0);
#2069=CARTESIAN_POINT('',(-5.2E-1,-3.605E0,-9.2655E0));
#2070=LINE('',#2069,#2068);
#2071=DIRECTION('',(0.E0,0.E0,1.E0));
#2072=VECTOR('',#2071,2.51E-1);
#2073=CARTESIAN_POINT('',(-1.15E0,-5.485E0,-9.2655E0));
#2074=LINE('',#2073,#2072);
#2075=DIRECTION('',(0.E0,-1.E0,0.E0));
#2076=VECTOR('',#2075,1.88E0);
#2077=CARTESIAN_POINT('',(-5.2E-1,-3.605E0,-9.0145E0));
#2078=LINE('',#2077,#2076);
#2079=DIRECTION('',(-4.027386142660E-1,-9.153150324228E-1,0.E0));
#2080=VECTOR('',#2079,5.462600113499E-1);
#2081=CARTESIAN_POINT('',(-5.2E-1,-5.485E0,-9.0145E0));
#2082=LINE('',#2081,#2080);
#2083=DIRECTION('',(-1.E0,0.E0,0.E0));
#2084=VECTOR('',#2083,1.9E-1);
#2085=CARTESIAN_POINT('',(-7.4E-1,-5.985E0,-9.0145E0));
#2086=LINE('',#2085,#2084);
#2087=DIRECTION('',(-4.027386142660E-1,9.153150324228E-1,0.E0));
#2088=VECTOR('',#2087,5.462600113499E-1);
#2089=CARTESIAN_POINT('',(-9.3E-1,-5.985E0,-9.0145E0));
#2090=LINE('',#2089,#2088);
#2091=DIRECTION('',(0.E0,1.E0,0.E0));
#2092=VECTOR('',#2091,1.88E0);
#2093=CARTESIAN_POINT('',(-1.15E0,-5.485E0,-9.0145E0));
#2094=LINE('',#2093,#2092);
#2095=DIRECTION('',(0.E0,0.E0,1.E0));
#2096=VECTOR('',#2095,2.51E-1);
#2097=CARTESIAN_POINT('',(-5.2E-1,-5.485E0,-9.2655E0));
#2098=LINE('',#2097,#2096);
#2099=DIRECTION('',(0.E0,0.E0,1.E0));
#2100=VECTOR('',#2099,2.51E-1);
#2101=CARTESIAN_POINT('',(-7.4E-1,-5.985E0,-9.2655E0));
#2102=LINE('',#2101,#2100);
#2103=DIRECTION('',(0.E0,0.E0,1.E0));
#2104=VECTOR('',#2103,2.51E-1);
#2105=CARTESIAN_POINT('',(-9.3E-1,-5.985E0,-9.2655E0));
#2106=LINE('',#2105,#2104);
#2107=DIRECTION('',(0.E0,1.E0,0.E0));
#2108=VECTOR('',#2107,1.88E0);
#2109=CARTESIAN_POINT('',(8.5E-1,-5.485E0,-9.2655E0));
#2110=LINE('',#2109,#2108);
#2111=DIRECTION('',(-4.027386142660E-1,9.153150324228E-1,0.E0));
#2112=VECTOR('',#2111,5.462600113499E-1);
#2113=CARTESIAN_POINT('',(1.07E0,-5.985E0,-9.2655E0));
#2114=LINE('',#2113,#2112);
#2115=DIRECTION('',(-1.E0,0.E0,0.E0));
#2116=VECTOR('',#2115,1.9E-1);
#2117=CARTESIAN_POINT('',(1.26E0,-5.985E0,-9.2655E0));
#2118=LINE('',#2117,#2116);
#2119=DIRECTION('',(-4.027386142660E-1,-9.153150324228E-1,0.E0));
#2120=VECTOR('',#2119,5.462600113499E-1);
#2121=CARTESIAN_POINT('',(1.48E0,-5.485E0,-9.2655E0));
#2122=LINE('',#2121,#2120);
#2123=DIRECTION('',(0.E0,-1.E0,0.E0));
#2124=VECTOR('',#2123,1.88E0);
#2125=CARTESIAN_POINT('',(1.48E0,-3.605E0,-9.2655E0));
#2126=LINE('',#2125,#2124);
#2127=DIRECTION('',(0.E0,0.E0,1.E0));
#2128=VECTOR('',#2127,2.51E-1);
#2129=CARTESIAN_POINT('',(8.5E-1,-5.485E0,-9.2655E0));
#2130=LINE('',#2129,#2128);
#2131=DIRECTION('',(0.E0,-1.E0,0.E0));
#2132=VECTOR('',#2131,1.88E0);
#2133=CARTESIAN_POINT('',(1.48E0,-3.605E0,-9.0145E0));
#2134=LINE('',#2133,#2132);
#2135=DIRECTION('',(-4.027386142660E-1,-9.153150324228E-1,0.E0));
#2136=VECTOR('',#2135,5.462600113499E-1);
#2137=CARTESIAN_POINT('',(1.48E0,-5.485E0,-9.0145E0));
#2138=LINE('',#2137,#2136);
#2139=DIRECTION('',(-1.E0,0.E0,0.E0));
#2140=VECTOR('',#2139,1.9E-1);
#2141=CARTESIAN_POINT('',(1.26E0,-5.985E0,-9.0145E0));
#2142=LINE('',#2141,#2140);
#2143=DIRECTION('',(-4.027386142660E-1,9.153150324228E-1,0.E0));
#2144=VECTOR('',#2143,5.462600113499E-1);
#2145=CARTESIAN_POINT('',(1.07E0,-5.985E0,-9.0145E0));
#2146=LINE('',#2145,#2144);
#2147=DIRECTION('',(0.E0,1.E0,0.E0));
#2148=VECTOR('',#2147,1.88E0);
#2149=CARTESIAN_POINT('',(8.5E-1,-5.485E0,-9.0145E0));
#2150=LINE('',#2149,#2148);
#2151=DIRECTION('',(0.E0,0.E0,1.E0));
#2152=VECTOR('',#2151,2.51E-1);
#2153=CARTESIAN_POINT('',(1.48E0,-5.485E0,-9.2655E0));
#2154=LINE('',#2153,#2152);
#2155=DIRECTION('',(0.E0,0.E0,1.E0));
#2156=VECTOR('',#2155,2.51E-1);
#2157=CARTESIAN_POINT('',(1.26E0,-5.985E0,-9.2655E0));
#2158=LINE('',#2157,#2156);
#2159=DIRECTION('',(0.E0,0.E0,1.E0));
#2160=VECTOR('',#2159,2.51E-1);
#2161=CARTESIAN_POINT('',(1.07E0,-5.985E0,-9.2655E0));
#2162=LINE('',#2161,#2160);
#2163=DIRECTION('',(0.E0,1.E0,0.E0));
#2164=VECTOR('',#2163,1.88E0);
#2165=CARTESIAN_POINT('',(2.85E0,-5.485E0,-9.2655E0));
#2166=LINE('',#2165,#2164);
#2167=DIRECTION('',(-4.027386142660E-1,9.153150324228E-1,0.E0));
#2168=VECTOR('',#2167,5.462600113499E-1);
#2169=CARTESIAN_POINT('',(3.07E0,-5.985E0,-9.2655E0));
#2170=LINE('',#2169,#2168);
#2171=DIRECTION('',(-1.E0,0.E0,0.E0));
#2172=VECTOR('',#2171,1.9E-1);
#2173=CARTESIAN_POINT('',(3.26E0,-5.985E0,-9.2655E0));
#2174=LINE('',#2173,#2172);
#2175=DIRECTION('',(-4.027386142660E-1,-9.153150324228E-1,0.E0));
#2176=VECTOR('',#2175,5.462600113499E-1);
#2177=CARTESIAN_POINT('',(3.48E0,-5.485E0,-9.2655E0));
#2178=LINE('',#2177,#2176);
#2179=DIRECTION('',(0.E0,-1.E0,0.E0));
#2180=VECTOR('',#2179,1.88E0);
#2181=CARTESIAN_POINT('',(3.48E0,-3.605E0,-9.2655E0));
#2182=LINE('',#2181,#2180);
#2183=DIRECTION('',(0.E0,0.E0,1.E0));
#2184=VECTOR('',#2183,2.51E-1);
#2185=CARTESIAN_POINT('',(2.85E0,-5.485E0,-9.2655E0));
#2186=LINE('',#2185,#2184);
#2187=DIRECTION('',(0.E0,-1.E0,0.E0));
#2188=VECTOR('',#2187,1.88E0);
#2189=CARTESIAN_POINT('',(3.48E0,-3.605E0,-9.0145E0));
#2190=LINE('',#2189,#2188);
#2191=DIRECTION('',(-4.027386142660E-1,-9.153150324228E-1,0.E0));
#2192=VECTOR('',#2191,5.462600113499E-1);
#2193=CARTESIAN_POINT('',(3.48E0,-5.485E0,-9.0145E0));
#2194=LINE('',#2193,#2192);
#2195=DIRECTION('',(-1.E0,0.E0,0.E0));
#2196=VECTOR('',#2195,1.9E-1);
#2197=CARTESIAN_POINT('',(3.26E0,-5.985E0,-9.0145E0));
#2198=LINE('',#2197,#2196);
#2199=DIRECTION('',(-4.027386142660E-1,9.153150324228E-1,0.E0));
#2200=VECTOR('',#2199,5.462600113499E-1);
#2201=CARTESIAN_POINT('',(3.07E0,-5.985E0,-9.0145E0));
#2202=LINE('',#2201,#2200);
#2203=DIRECTION('',(0.E0,1.E0,0.E0));
#2204=VECTOR('',#2203,1.88E0);
#2205=CARTESIAN_POINT('',(2.85E0,-5.485E0,-9.0145E0));
#2206=LINE('',#2205,#2204);
#2207=DIRECTION('',(0.E0,0.E0,1.E0));
#2208=VECTOR('',#2207,2.51E-1);
#2209=CARTESIAN_POINT('',(3.48E0,-5.485E0,-9.2655E0));
#2210=LINE('',#2209,#2208);
#2211=DIRECTION('',(0.E0,0.E0,1.E0));
#2212=VECTOR('',#2211,2.51E-1);
#2213=CARTESIAN_POINT('',(3.26E0,-5.985E0,-9.2655E0));
#2214=LINE('',#2213,#2212);
#2215=DIRECTION('',(0.E0,0.E0,1.E0));
#2216=VECTOR('',#2215,2.51E-1);
#2217=CARTESIAN_POINT('',(3.07E0,-5.985E0,-9.2655E0));
#2218=LINE('',#2217,#2216);
#2219=DIRECTION('',(0.E0,1.E0,0.E0));
#2220=VECTOR('',#2219,1.88E0);
#2221=CARTESIAN_POINT('',(4.85E0,-5.485E0,-9.2655E0));
#2222=LINE('',#2221,#2220);
#2223=DIRECTION('',(-4.027386142660E-1,9.153150324228E-1,0.E0));
#2224=VECTOR('',#2223,5.462600113499E-1);
#2225=CARTESIAN_POINT('',(5.07E0,-5.985E0,-9.2655E0));
#2226=LINE('',#2225,#2224);
#2227=DIRECTION('',(-1.E0,0.E0,0.E0));
#2228=VECTOR('',#2227,1.9E-1);
#2229=CARTESIAN_POINT('',(5.26E0,-5.985E0,-9.2655E0));
#2230=LINE('',#2229,#2228);
#2231=DIRECTION('',(-4.027386142660E-1,-9.153150324228E-1,0.E0));
#2232=VECTOR('',#2231,5.462600113499E-1);
#2233=CARTESIAN_POINT('',(5.48E0,-5.485E0,-9.2655E0));
#2234=LINE('',#2233,#2232);
#2235=DIRECTION('',(0.E0,-1.E0,0.E0));
#2236=VECTOR('',#2235,1.88E0);
#2237=CARTESIAN_POINT('',(5.48E0,-3.605E0,-9.2655E0));
#2238=LINE('',#2237,#2236);
#2239=DIRECTION('',(0.E0,0.E0,1.E0));
#2240=VECTOR('',#2239,2.51E-1);
#2241=CARTESIAN_POINT('',(4.85E0,-5.485E0,-9.2655E0));
#2242=LINE('',#2241,#2240);
#2243=DIRECTION('',(0.E0,-1.E0,0.E0));
#2244=VECTOR('',#2243,1.88E0);
#2245=CARTESIAN_POINT('',(5.48E0,-3.605E0,-9.0145E0));
#2246=LINE('',#2245,#2244);
#2247=DIRECTION('',(-4.027386142660E-1,-9.153150324228E-1,0.E0));
#2248=VECTOR('',#2247,5.462600113499E-1);
#2249=CARTESIAN_POINT('',(5.48E0,-5.485E0,-9.0145E0));
#2250=LINE('',#2249,#2248);
#2251=DIRECTION('',(-1.E0,0.E0,0.E0));
#2252=VECTOR('',#2251,1.9E-1);
#2253=CARTESIAN_POINT('',(5.26E0,-5.985E0,-9.0145E0));
#2254=LINE('',#2253,#2252);
#2255=DIRECTION('',(-4.027386142660E-1,9.153150324228E-1,0.E0));
#2256=VECTOR('',#2255,5.462600113499E-1);
#2257=CARTESIAN_POINT('',(5.07E0,-5.985E0,-9.0145E0));
#2258=LINE('',#2257,#2256);
#2259=DIRECTION('',(0.E0,1.E0,0.E0));
#2260=VECTOR('',#2259,1.88E0);
#2261=CARTESIAN_POINT('',(4.85E0,-5.485E0,-9.0145E0));
#2262=LINE('',#2261,#2260);
#2263=DIRECTION('',(0.E0,0.E0,1.E0));
#2264=VECTOR('',#2263,2.51E-1);
#2265=CARTESIAN_POINT('',(5.48E0,-5.485E0,-9.2655E0));
#2266=LINE('',#2265,#2264);
#2267=DIRECTION('',(0.E0,0.E0,1.E0));
#2268=VECTOR('',#2267,2.51E-1);
#2269=CARTESIAN_POINT('',(5.26E0,-5.985E0,-9.2655E0));
#2270=LINE('',#2269,#2268);
#2271=DIRECTION('',(0.E0,0.E0,1.E0));
#2272=VECTOR('',#2271,2.51E-1);
#2273=CARTESIAN_POINT('',(5.07E0,-5.985E0,-9.2655E0));
#2274=LINE('',#2273,#2272);
#2275=DIRECTION('',(0.E0,0.E0,-1.E0));
#2276=VECTOR('',#2275,9.53E0);
#2277=CARTESIAN_POINT('',(1.1395E1,3.855E0,0.E0));
#2278=LINE('',#2277,#2276);
#2279=DIRECTION('',(0.E0,0.E0,1.E0));
#2280=VECTOR('',#2279,1.25E-1);
#2281=CARTESIAN_POINT('',(-7.395E0,-2.605E0,-9.53E0));
#2282=LINE('',#2281,#2280);
#2283=DIRECTION('',(0.E0,0.E0,1.E0));
#2284=VECTOR('',#2283,1.25E-1);
#2285=CARTESIAN_POINT('',(-6.355E0,-2.028518586489E0,-9.53E0));
#2286=LINE('',#2285,#2284);
#2287=DIRECTION('',(0.E0,0.E0,1.E0));
#2288=VECTOR('',#2287,1.25E-1);
#2289=CARTESIAN_POINT('',(-6.355E0,-1.242715493511E0,-9.53E0));
#2290=LINE('',#2289,#2288);
#2291=DIRECTION('',(0.E0,0.E0,1.E0));
#2292=VECTOR('',#2291,1.25E-1);
#2293=CARTESIAN_POINT('',(-7.395E0,-6.6623408E-1,-9.53E0));
#2294=LINE('',#2293,#2292);
#2295=DIRECTION('',(0.E0,0.E0,1.E0));
#2296=VECTOR('',#2295,1.25E-1);
#2297=CARTESIAN_POINT('',(-7.395E0,-1.31976488E0,-9.53E0));
#2298=LINE('',#2297,#2296);
#2299=DIRECTION('',(0.E0,0.E0,1.E0));
#2300=VECTOR('',#2299,1.25E-1);
#2301=CARTESIAN_POINT('',(-7.28458008E0,-1.372199936795E0,-9.53E0));
#2302=LINE('',#2301,#2300);
#2303=DIRECTION('',(0.E0,0.E0,1.E0));
#2304=VECTOR('',#2303,1.25E-1);
#2305=CARTESIAN_POINT('',(-7.28458008E0,-1.899979545691E0,-9.53E0));
#2306=LINE('',#2305,#2304);
#2307=DIRECTION('',(0.E0,0.E0,1.E0));
#2308=VECTOR('',#2307,1.25E-1);
#2309=CARTESIAN_POINT('',(-7.395E0,-1.9514692E0,-9.53E0));
#2310=LINE('',#2309,#2308);
#2311=DIRECTION('',(0.E0,1.E0,0.E0));
#2312=VECTOR('',#2311,6.535308E-1);
#2313=CARTESIAN_POINT('',(-7.395E0,-2.605E0,-9.405E0));
#2314=LINE('',#2313,#2312);
#2315=DIRECTION('',(-8.746197071394E-1,-4.848096202463E-1,0.E0));
#2316=VECTOR('',#2315,1.189088230588E0);
#2317=CARTESIAN_POINT('',(-6.355E0,-2.028518586489E0,-9.405E0));
#2318=LINE('',#2317,#2316);
#2319=DIRECTION('',(0.E0,-1.E0,0.E0));
#2320=VECTOR('',#2319,7.858030929782E-1);
#2321=CARTESIAN_POINT('',(-6.355E0,-1.242715493511E0,-9.405E0));
#2322=LINE('',#2321,#2320);
#2323=DIRECTION('',(8.746197071394E-1,-4.848096202463E-1,0.E0));
#2324=VECTOR('',#2323,1.189088230588E0);
#2325=CARTESIAN_POINT('',(-7.395E0,-6.6623408E-1,-9.405E0));
#2326=LINE('',#2325,#2324);
#2327=DIRECTION('',(0.E0,1.E0,0.E0));
#2328=VECTOR('',#2327,6.535308E-1);
#2329=CARTESIAN_POINT('',(-7.395E0,-1.31976488E0,-9.405E0));
#2330=LINE('',#2329,#2328);
#2331=DIRECTION('',(-9.033231713565E-1,4.289606603064E-1,0.E0));
#2332=VECTOR('',#2331,1.222374489012E-1);
#2333=CARTESIAN_POINT('',(-7.28458008E0,-1.372199936795E0,-9.405E0));
#2334=LINE('',#2333,#2332);
#2335=DIRECTION('',(0.E0,1.E0,0.E0));
#2336=VECTOR('',#2335,5.277796088963E-1);
#2337=CARTESIAN_POINT('',(-7.28458008E0,-1.899979545691E0,-9.405E0));
#2338=LINE('',#2337,#2336);
#2339=DIRECTION('',(9.063077870367E-1,4.226182617407E-1,0.E0));
#2340=VECTOR('',#2339,1.218349015416E-1);
#2341=CARTESIAN_POINT('',(-7.395E0,-1.9514692E0,-9.405E0));
#2342=LINE('',#2341,#2340);
#2343=DIRECTION('',(-9.033231713565E-1,4.289606603064E-1,0.E0));
#2344=VECTOR('',#2343,3.308233082865E-1);
#2345=CARTESIAN_POINT('',(-6.72381468E0,-1.638490345243E0,-9.405E0));
#2346=LINE('',#2345,#2344);
#2347=DIRECTION('',(9.063077870367E-1,4.226182617407E-1,0.E0));
#2348=VECTOR('',#2347,3.297338545188E-1);
#2349=CARTESIAN_POINT('',(-7.02265504E0,-1.777841893677E0,-9.405E0));
#2350=LINE('',#2349,#2348);
#2351=DIRECTION('',(0.E0,-1.E0,0.E0));
#2352=VECTOR('',#2351,2.812617332011E-1);
#2353=CARTESIAN_POINT('',(-7.02265504E0,-1.496580160475E0,-9.405E0));
#2354=LINE('',#2353,#2352);
#2355=DIRECTION('',(0.E0,-1.E0,0.E0));
#2356=VECTOR('',#2355,9.0390144E-1);
#2357=CARTESIAN_POINT('',(-6.355E0,1.60892712E0,-9.405E0));
#2358=LINE('',#2357,#2356);
#2359=DIRECTION('',(1.E0,0.E0,0.E0));
#2360=VECTOR('',#2359,1.04E0);
#2361=CARTESIAN_POINT('',(-7.395E0,1.60892712E0,-9.405E0));
#2362=LINE('',#2361,#2360);
#2363=DIRECTION('',(0.E0,1.E0,0.E0));
#2364=VECTOR('',#2363,5.72E-1);
#2365=CARTESIAN_POINT('',(-7.395E0,1.03692712E0,-9.405E0));
#2366=LINE('',#2365,#2364);
#2367=DIRECTION('',(-1.E0,0.E0,0.E0));
#2368=VECTOR('',#2367,6.7118532E-1);
#2369=CARTESIAN_POINT('',(-6.72381468E0,1.03692712E0,-9.405E0));
#2370=LINE('',#2369,#2368);
#2371=DIRECTION('',(9.210708586005E-1,3.893950095173E-1,0.E0));
#2372=VECTOR('',#2371,7.287010697742E-1);
#2373=CARTESIAN_POINT('',(-7.395E0,7.5317456E-1,-9.405E0));
#2374=LINE('',#2373,#2372);
#2375=DIRECTION('',(0.E0,1.E0,0.E0));
#2376=VECTOR('',#2375,5.3091376E-1);
#2377=CARTESIAN_POINT('',(-7.395E0,2.222608E-1,-9.405E0));
#2378=LINE('',#2377,#2376);
#2379=DIRECTION('',(-9.210703467209E-1,3.893962203096E-1,0.E0));
#2380=VECTOR('',#2379,7.287014747456E-1);
#2381=CARTESIAN_POINT('',(-6.72381468E0,-6.149279999995E-2,-9.405E0));
#2382=LINE('',#2381,#2380);
#2383=DIRECTION('',(1.E0,0.E0,0.E0));
#2384=VECTOR('',#2383,6.7118532E-1);
#2385=CARTESIAN_POINT('',(-7.395E0,-6.149279999995E-2,-9.405E0));
#2386=LINE('',#2385,#2384);
#2387=DIRECTION('',(0.E0,1.E0,0.E0));
#2388=VECTOR('',#2387,5.72E-1);
#2389=CARTESIAN_POINT('',(-7.395E0,-6.334928E-1,-9.405E0));
#2390=LINE('',#2389,#2388);
#2391=DIRECTION('',(-1.E0,0.E0,0.E0));
#2392=VECTOR('',#2391,1.04E0);
#2393=CARTESIAN_POINT('',(-6.355E0,-6.334928E-1,-9.405E0));
#2394=LINE('',#2393,#2392);
#2395=DIRECTION('',(0.E0,-1.E0,0.E0));
#2396=VECTOR('',#2395,9.0390144E-1);
#2397=CARTESIAN_POINT('',(-6.355E0,2.7040864E-1,-9.405E0));
#2398=LINE('',#2397,#2396);
#2399=DIRECTION('',(9.271838545668E-1,-3.746065934159E-1,0.E0));
#2400=VECTOR('',#2399,5.800979582832E-1);
#2401=CARTESIAN_POINT('',(-6.892857460987E0,4.8771716E-1,-9.405E0));
#2402=LINE('',#2401,#2400);
#2403=DIRECTION('',(-9.271838545668E-1,-3.746065934159E-1,0.E0));
#2404=VECTOR('',#2403,5.800979582832E-1);
#2405=CARTESIAN_POINT('',(-6.355E0,7.0502568E-1,-9.405E0));
#2406=LINE('',#2405,#2404);
#2407=DIRECTION('',(0.E0,1.E0,0.E0));
#2408=VECTOR('',#2407,5.7456776E-1);
#2409=CARTESIAN_POINT('',(-7.395E0,1.76492296E0,-9.405E0));
#2410=LINE('',#2409,#2408);
#2411=DIRECTION('',(-1.E0,0.E0,0.E0));
#2412=VECTOR('',#2411,1.04E0);
#2413=CARTESIAN_POINT('',(-6.355E0,1.76492296E0,-9.405E0));
#2414=LINE('',#2413,#2412);
#2415=DIRECTION('',(0.E0,-1.E0,0.E0));
#2416=VECTOR('',#2415,1.05669096E0);
#2417=CARTESIAN_POINT('',(-6.355E0,2.82161392E0,-9.405E0));
#2418=LINE('',#2417,#2416);
#2419=CARTESIAN_POINT('',(-6.72381468E0,3.5136632E0,-9.405E0));
#2420=CARTESIAN_POINT('',(-6.687587467749E0,3.5136632E0,-9.405E0));
#2421=CARTESIAN_POINT('',(-6.621494200756E0,3.503152549552E0,-9.405E0));
#2422=CARTESIAN_POINT('',(-6.546042803832E0,3.464723927038E0,-9.405E0));
#2423=CARTESIAN_POINT('',(-6.480249267477E0,3.400735185855E0,-9.405E0));
#2424=CARTESIAN_POINT('',(-6.426533154835E0,3.307486727071E0,-9.405E0));
#2425=CARTESIAN_POINT('',(-6.386227249529E0,3.182541556306E0,-9.405E0));
#2426=CARTESIAN_POINT('',(-6.360927411527E0,3.023673884568E0,-9.405E0));
#2427=CARTESIAN_POINT('',(-6.355E0,2.892977675646E0,-9.405E0));
#2428=CARTESIAN_POINT('',(-6.355E0,2.82161392E0,-9.405E0));
#2430=CARTESIAN_POINT('',(-7.091346E0,2.82161392E0,-9.405E0));
#2431=CARTESIAN_POINT('',(-7.091346E0,2.892917279729E0,-9.405E0));
#2432=CARTESIAN_POINT('',(-7.085449536510E0,3.023522837478E0,-9.405E0));
#2433=CARTESIAN_POINT('',(-7.060268698964E0,3.182355048006E0,-9.405E0));
#2434=CARTESIAN_POINT('',(-7.020127685537E0,3.307334810699E0,-9.405E0));
#2435=CARTESIAN_POINT('',(-6.966604026902E0,3.400652870254E0,-9.405E0));
#2436=CARTESIAN_POINT('',(-6.900975197894E0,3.464730145716E0,-9.405E0));
#2437=CARTESIAN_POINT('',(-6.825741773995E0,3.503164441797E0,-9.405E0));
#2438=CARTESIAN_POINT('',(-6.759897179532E0,3.5136632E0,-9.405E0));
#2439=CARTESIAN_POINT('',(-6.72381468E0,3.5136632E0,-9.405E0));
#2441=DIRECTION('',(0.E0,1.E0,0.E0));
#2442=VECTOR('',#2441,4.821232E-1);
#2443=CARTESIAN_POINT('',(-7.091346E0,2.33949072E0,-9.405E0));
#2444=LINE('',#2443,#2442);
#2445=DIRECTION('',(1.E0,0.E0,0.E0));
#2446=VECTOR('',#2445,3.03654E-1);
#2447=CARTESIAN_POINT('',(-7.395E0,2.33949072E0,-9.405E0));
#2448=LINE('',#2447,#2446);
#2449=DIRECTION('',(1.E0,0.E0,0.E0));
#2450=VECTOR('',#2449,1.547156E-1);
#2451=CARTESIAN_POINT('',(-6.80117248E0,2.33949072E0,-9.405E0));
#2452=LINE('',#2451,#2450);
#2453=DIRECTION('',(0.E0,-1.E0,0.E0));
#2454=VECTOR('',#2453,4.821232E-1);
#2455=CARTESIAN_POINT('',(-6.80117248E0,2.82161392E0,-9.405E0));
#2456=LINE('',#2455,#2454);
#2457=CARTESIAN_POINT('',(-6.72381468E0,2.82161392E0,-9.405E0));
#2458=DIRECTION('',(0.E0,0.E0,1.E0));
#2459=DIRECTION('',(1.E0,0.E0,0.E0));
#2460=AXIS2_PLACEMENT_3D('',#2457,#2458,#2459);
#2462=DIRECTION('',(0.E0,1.E0,0.E0));
#2463=VECTOR('',#2462,4.821232E-1);
#2464=CARTESIAN_POINT('',(-6.64645688E0,2.33949072E0,-9.405E0));
#2465=LINE('',#2464,#2463);
#2466=DIRECTION('',(0.E0,0.E0,1.E0));
#2467=VECTOR('',#2466,1.25E-1);
#2468=CARTESIAN_POINT('',(-6.72381468E0,-1.638490345243E0,-9.53E0));
#2469=LINE('',#2468,#2467);
#2470=DIRECTION('',(0.E0,0.E0,1.E0));
#2471=VECTOR('',#2470,1.25E-1);
#2472=CARTESIAN_POINT('',(-7.02265504E0,-1.777841893677E0,-9.53E0));
#2473=LINE('',#2472,#2471);
#2474=DIRECTION('',(0.E0,0.E0,1.E0));
#2475=VECTOR('',#2474,1.25E-1);
#2476=CARTESIAN_POINT('',(-7.02265504E0,-1.496580160475E0,-9.53E0));
#2477=LINE('',#2476,#2475);
#2478=DIRECTION('',(0.E0,0.E0,1.E0));
#2479=VECTOR('',#2478,1.25E-1);
#2480=CARTESIAN_POINT('',(-6.355E0,1.60892712E0,-9.53E0));
#2481=LINE('',#2480,#2479);
#2482=DIRECTION('',(0.E0,0.E0,1.E0));
#2483=VECTOR('',#2482,1.25E-1);
#2484=CARTESIAN_POINT('',(-7.395E0,1.60892712E0,-9.53E0));
#2485=LINE('',#2484,#2483);
#2486=DIRECTION('',(0.E0,0.E0,1.E0));
#2487=VECTOR('',#2486,1.25E-1);
#2488=CARTESIAN_POINT('',(-7.395E0,1.03692712E0,-9.53E0));
#2489=LINE('',#2488,#2487);
#2490=DIRECTION('',(0.E0,0.E0,1.E0));
#2491=VECTOR('',#2490,1.25E-1);
#2492=CARTESIAN_POINT('',(-6.72381468E0,1.03692712E0,-9.53E0));
#2493=LINE('',#2492,#2491);
#2494=DIRECTION('',(0.E0,0.E0,1.E0));
#2495=VECTOR('',#2494,1.25E-1);
#2496=CARTESIAN_POINT('',(-7.395E0,7.5317456E-1,-9.53E0));
#2497=LINE('',#2496,#2495);
#2498=DIRECTION('',(0.E0,0.E0,1.E0));
#2499=VECTOR('',#2498,1.25E-1);
#2500=CARTESIAN_POINT('',(-7.395E0,2.222608E-1,-9.53E0));
#2501=LINE('',#2500,#2499);
#2502=DIRECTION('',(0.E0,0.E0,1.E0));
#2503=VECTOR('',#2502,1.25E-1);
#2504=CARTESIAN_POINT('',(-6.72381468E0,-6.149279999995E-2,-9.53E0));
#2505=LINE('',#2504,#2503);
#2506=DIRECTION('',(0.E0,0.E0,1.E0));
#2507=VECTOR('',#2506,1.25E-1);
#2508=CARTESIAN_POINT('',(-7.395E0,-6.149279999995E-2,-9.53E0));
#2509=LINE('',#2508,#2507);
#2510=DIRECTION('',(0.E0,0.E0,1.E0));
#2511=VECTOR('',#2510,1.25E-1);
#2512=CARTESIAN_POINT('',(-7.395E0,-6.334928E-1,-9.53E0));
#2513=LINE('',#2512,#2511);
#2514=DIRECTION('',(0.E0,0.E0,1.E0));
#2515=VECTOR('',#2514,1.25E-1);
#2516=CARTESIAN_POINT('',(-6.355E0,-6.334928E-1,-9.53E0));
#2517=LINE('',#2516,#2515);
#2518=DIRECTION('',(0.E0,0.E0,1.E0));
#2519=VECTOR('',#2518,1.25E-1);
#2520=CARTESIAN_POINT('',(-6.355E0,2.7040864E-1,-9.53E0));
#2521=LINE('',#2520,#2519);
#2522=DIRECTION('',(0.E0,0.E0,1.E0));
#2523=VECTOR('',#2522,1.25E-1);
#2524=CARTESIAN_POINT('',(-6.892857460987E0,4.8771716E-1,-9.53E0));
#2525=LINE('',#2524,#2523);
#2526=DIRECTION('',(0.E0,0.E0,1.E0));
#2527=VECTOR('',#2526,1.25E-1);
#2528=CARTESIAN_POINT('',(-6.355E0,7.0502568E-1,-9.53E0));
#2529=LINE('',#2528,#2527);
#2530=DIRECTION('',(0.E0,0.E0,1.E0));
#2531=VECTOR('',#2530,1.25E-1);
#2532=CARTESIAN_POINT('',(-7.395E0,1.76492296E0,-9.53E0));
#2533=LINE('',#2532,#2531);
#2534=DIRECTION('',(0.E0,0.E0,1.E0));
#2535=VECTOR('',#2534,1.25E-1);
#2536=CARTESIAN_POINT('',(-6.355E0,1.76492296E0,-9.53E0));
#2537=LINE('',#2536,#2535);
#2538=DIRECTION('',(0.E0,0.E0,1.E0));
#2539=VECTOR('',#2538,1.25E-1);
#2540=CARTESIAN_POINT('',(-6.355E0,2.82161392E0,-9.53E0));
#2541=LINE('',#2540,#2539);
#2542=DIRECTION('',(0.E0,0.E0,1.E0));
#2543=VECTOR('',#2542,1.25E-1);
#2544=CARTESIAN_POINT('',(-6.72381468E0,3.5136632E0,-9.53E0));
#2545=LINE('',#2544,#2543);
#2546=DIRECTION('',(0.E0,0.E0,1.E0));
#2547=VECTOR('',#2546,1.25E-1);
#2548=CARTESIAN_POINT('',(-7.091346E0,2.82161392E0,-9.53E0));
#2549=LINE('',#2548,#2547);
#2550=DIRECTION('',(0.E0,0.E0,1.E0));
#2551=VECTOR('',#2550,1.25E-1);
#2552=CARTESIAN_POINT('',(-7.091346E0,2.33949072E0,-9.53E0));
#2553=LINE('',#2552,#2551);
#2554=DIRECTION('',(0.E0,0.E0,1.E0));
#2555=VECTOR('',#2554,1.25E-1);
#2556=CARTESIAN_POINT('',(-7.395E0,2.33949072E0,-9.53E0));
#2557=LINE('',#2556,#2555);
#2558=DIRECTION('',(0.E0,0.E0,1.E0));
#2559=VECTOR('',#2558,1.25E-1);
#2560=CARTESIAN_POINT('',(-6.80117248E0,2.33949072E0,-9.53E0));
#2561=LINE('',#2560,#2559);
#2562=DIRECTION('',(0.E0,0.E0,1.E0));
#2563=VECTOR('',#2562,1.25E-1);
#2564=CARTESIAN_POINT('',(-6.80117248E0,2.82161392E0,-9.53E0));
#2565=LINE('',#2564,#2563);
#2566=DIRECTION('',(0.E0,0.E0,1.E0));
#2567=VECTOR('',#2566,1.25E-1);
#2568=CARTESIAN_POINT('',(-6.64645688E0,2.82161392E0,-9.53E0));
#2569=LINE('',#2568,#2567);
#2570=DIRECTION('',(0.E0,0.E0,1.E0));
#2571=VECTOR('',#2570,1.25E-1);
#2572=CARTESIAN_POINT('',(-6.64645688E0,2.33949072E0,-9.53E0));
#2573=LINE('',#2572,#2571);
#2574=CARTESIAN_POINT('',(-1.0635E1,4.615E0,0.E0));
#2575=CARTESIAN_POINT('',(-1.1395E1,3.855E0,0.E0));
#2576=VERTEX_POINT('',#2574);
#2577=VERTEX_POINT('',#2575);
#2578=CARTESIAN_POINT('',(-1.1395E1,-3.605E0,0.E0));
#2579=VERTEX_POINT('',#2578);
#2580=CARTESIAN_POINT('',(1.1395E1,-3.605E0,0.E0));
#2581=VERTEX_POINT('',#2580);
#2582=CARTESIAN_POINT('',(1.1395E1,3.855E0,0.E0));
#2583=VERTEX_POINT('',#2582);
#2584=CARTESIAN_POINT('',(1.0635E1,4.615E0,0.E0));
#2585=VERTEX_POINT('',#2584);
#2586=CARTESIAN_POINT('',(-1.0635E1,4.615E0,-9.53E0));
#2587=CARTESIAN_POINT('',(-1.1395E1,3.855E0,-9.53E0));
#2588=VERTEX_POINT('',#2586);
#2589=VERTEX_POINT('',#2587);
#2590=CARTESIAN_POINT('',(-1.1395E1,-3.605E0,-9.53E0));
#2591=CARTESIAN_POINT('',(1.1395E1,-3.605E0,-9.53E0));
#2592=VERTEX_POINT('',#2590);
#2593=VERTEX_POINT('',#2591);
#2594=CARTESIAN_POINT('',(1.1395E1,3.855E0,-9.53E0));
#2595=CARTESIAN_POINT('',(1.0635E1,4.615E0,-9.53E0));
#2596=VERTEX_POINT('',#2594);
#2597=VERTEX_POINT('',#2595);
#2598=CARTESIAN_POINT('',(-1.2895E1,1.E0,-2.E0));
#2599=CARTESIAN_POINT('',(-1.2895E1,-1.E0,-2.E0));
#2600=VERTEX_POINT('',#2598);
#2601=VERTEX_POINT('',#2599);
#2602=CARTESIAN_POINT('',(1.2895E1,-1.E0,-2.E0));
#2603=CARTESIAN_POINT('',(1.2895E1,1.E0,-2.E0));
#2604=VERTEX_POINT('',#2602);
#2605=VERTEX_POINT('',#2603);
#2606=CARTESIAN_POINT('',(-1.2895E1,1.E0,-9.53E0));
#2607=CARTESIAN_POINT('',(-1.2895E1,-1.E0,-9.53E0));
#2608=VERTEX_POINT('',#2606);
#2609=VERTEX_POINT('',#2607);
#2610=CARTESIAN_POINT('',(1.2895E1,-1.E0,-9.53E0));
#2611=CARTESIAN_POINT('',(1.2895E1,1.E0,-9.53E0));
#2612=VERTEX_POINT('',#2610);
#2613=VERTEX_POINT('',#2611);
#2614=CARTESIAN_POINT('',(-1.1395E1,-1.E0,-9.53E0));
#2615=CARTESIAN_POINT('',(-1.1395E1,-1.E0,-2.E0));
#2616=VERTEX_POINT('',#2614);
#2617=VERTEX_POINT('',#2615);
#2618=CARTESIAN_POINT('',(-1.1395E1,1.E0,-9.53E0));
#2619=CARTESIAN_POINT('',(-1.1395E1,1.E0,-2.E0));
#2620=VERTEX_POINT('',#2618);
#2621=VERTEX_POINT('',#2619);
#2622=CARTESIAN_POINT('',(1.1395E1,1.E0,-9.53E0));
#2623=CARTESIAN_POINT('',(1.1395E1,1.E0,-2.E0));
#2624=VERTEX_POINT('',#2622);
#2625=VERTEX_POINT('',#2623);
#2626=CARTESIAN_POINT('',(1.1395E1,-1.E0,-9.53E0));
#2627=CARTESIAN_POINT('',(1.1395E1,-1.E0,-2.E0));
#2628=VERTEX_POINT('',#2626);
#2629=VERTEX_POINT('',#2627);
#2630=CARTESIAN_POINT('',(7.91E0,-3.985E0,-8.72E0));
#2631=CARTESIAN_POINT('',(8.55E0,-3.985E0,-8.72E0));
#2632=VERTEX_POINT('',#2630);
#2633=VERTEX_POINT('',#2631);
#2634=CARTESIAN_POINT('',(8.55E0,-3.985E0,-8.1E-1));
#2635=VERTEX_POINT('',#2634);
#2636=CARTESIAN_POINT('',(7.91E0,-3.985E0,-8.1E-1));
#2637=VERTEX_POINT('',#2636);
#2638=CARTESIAN_POINT('',(-3.2E-1,-3.985E0,-6.E0));
#2639=CARTESIAN_POINT('',(3.2E-1,-3.985E0,-6.E0));
#2640=VERTEX_POINT('',#2638);
#2641=VERTEX_POINT('',#2639);
#2642=CARTESIAN_POINT('',(3.2E-1,-3.985E0,-8.1E-1));
#2643=VERTEX_POINT('',#2642);
#2644=CARTESIAN_POINT('',(-3.2E-1,-3.985E0,-8.1E-1));
#2645=VERTEX_POINT('',#2644);
#2646=CARTESIAN_POINT('',(-8.55E0,-3.985E0,-8.72E0));
#2647=CARTESIAN_POINT('',(-7.91E0,-3.985E0,-8.72E0));
#2648=VERTEX_POINT('',#2646);
#2649=VERTEX_POINT('',#2647);
#2650=CARTESIAN_POINT('',(-7.91E0,-3.985E0,-8.1E-1));
#2651=VERTEX_POINT('',#2650);
#2652=CARTESIAN_POINT('',(-8.55E0,-3.985E0,-8.1E-1));
#2653=VERTEX_POINT('',#2652);
#2654=CARTESIAN_POINT('',(7.91E0,-3.605E0,-8.72E0));
#2655=CARTESIAN_POINT('',(8.55E0,-3.605E0,-8.72E0));
#2656=VERTEX_POINT('',#2654);
#2657=VERTEX_POINT('',#2655);
#2658=CARTESIAN_POINT('',(8.55E0,-3.605E0,-8.1E-1));
#2659=VERTEX_POINT('',#2658);
#2660=CARTESIAN_POINT('',(7.91E0,-3.605E0,-8.1E-1));
#2661=VERTEX_POINT('',#2660);
#2662=CARTESIAN_POINT('',(-3.2E-1,-3.605E0,-6.E0));
#2663=CARTESIAN_POINT('',(3.2E-1,-3.605E0,-6.E0));
#2664=VERTEX_POINT('',#2662);
#2665=VERTEX_POINT('',#2663);
#2666=CARTESIAN_POINT('',(3.2E-1,-3.605E0,-8.1E-1));
#2667=VERTEX_POINT('',#2666);
#2668=CARTESIAN_POINT('',(-3.2E-1,-3.605E0,-8.1E-1));
#2669=VERTEX_POINT('',#2668);
#2670=CARTESIAN_POINT('',(-8.55E0,-3.605E0,-8.72E0));
#2671=CARTESIAN_POINT('',(-7.91E0,-3.605E0,-8.72E0));
#2672=VERTEX_POINT('',#2670);
#2673=VERTEX_POINT('',#2671);
#2674=CARTESIAN_POINT('',(-7.91E0,-3.605E0,-8.1E-1));
#2675=VERTEX_POINT('',#2674);
#2676=CARTESIAN_POINT('',(-8.55E0,-3.605E0,-8.1E-1));
#2677=VERTEX_POINT('',#2676);
#2678=CARTESIAN_POINT('',(7.4E0,-2.385E0,-7.E0));
#2679=CARTESIAN_POINT('',(9.13E0,-2.385E0,-7.E0));
#2680=VERTEX_POINT('',#2678);
#2681=VERTEX_POINT('',#2679);
#2682=CARTESIAN_POINT('',(-3.295E0,-1.085E0,-5.7E0));
#2683=CARTESIAN_POINT('',(-2.705E0,-1.085E0,-5.7E0));
#2684=VERTEX_POINT('',#2682);
#2685=VERTEX_POINT('',#2683);
#2686=CARTESIAN_POINT('',(-4.705E0,-1.985E0,-6.6E0));
#2687=CARTESIAN_POINT('',(-5.295E0,-1.985E0,-6.6E0));
#2688=VERTEX_POINT('',#2686);
#2689=VERTEX_POINT('',#2687);
#2690=CARTESIAN_POINT('',(-4.705E0,1.694096773930E0,-2.200903226070E0));
#2691=CARTESIAN_POINT('',(-4.705E0,1.486010080001E0,-2.408989919999E0));
#2692=VERTEX_POINT('',#2690);
#2693=VERTEX_POINT('',#2691);
#2694=CARTESIAN_POINT('',(-4.705E0,4.918134188803E-1,-3.403186581120E0));
#2695=CARTESIAN_POINT('',(-4.705E0,7.185096541982E-2,-3.823149034580E0));
#2696=VERTEX_POINT('',#2694);
#2697=VERTEX_POINT('',#2695);
#2698=CARTESIAN_POINT('',(-4.705E0,2.415345690740E0,-2.922152142881E0));
#2699=CARTESIAN_POINT('',(-4.705E0,2.207258996811E0,-3.130238836809E0));
#2700=VERTEX_POINT('',#2698);
#2701=VERTEX_POINT('',#2699);
#2702=CARTESIAN_POINT('',(-4.705E0,1.213062335691E0,-4.124435497930E0));
#2703=CARTESIAN_POINT('',(-4.705E0,7.930998822301E-1,-4.544397951391E0));
#2704=VERTEX_POINT('',#2702);
#2705=VERTEX_POINT('',#2703);
#2706=CARTESIAN_POINT('',(-4.933824532490E0,8.388018841052E-1,
-3.056198115895E0));
#2707=VERTEX_POINT('',#2706);
#2708=CARTESIAN_POINT('',(-4.933824532490E0,1.560050800915E0,
-3.777447032705E0));
#2709=VERTEX_POINT('',#2708);
#2710=CARTESIAN_POINT('',(-4.52E0,-5.485E0,-9.2655E0));
#2711=CARTESIAN_POINT('',(-4.74E0,-5.985E0,-9.2655E0));
#2712=VERTEX_POINT('',#2710);
#2713=VERTEX_POINT('',#2711);
#2714=CARTESIAN_POINT('',(-4.93E0,-5.985E0,-9.2655E0));
#2715=VERTEX_POINT('',#2714);
#2716=CARTESIAN_POINT('',(-5.15E0,-5.485E0,-9.2655E0));
#2717=VERTEX_POINT('',#2716);
#2718=CARTESIAN_POINT('',(-4.52E0,-5.485E0,-9.0145E0));
#2719=CARTESIAN_POINT('',(-4.74E0,-5.985E0,-9.0145E0));
#2720=VERTEX_POINT('',#2718);
#2721=VERTEX_POINT('',#2719);
#2722=CARTESIAN_POINT('',(-4.93E0,-5.985E0,-9.0145E0));
#2723=VERTEX_POINT('',#2722);
#2724=CARTESIAN_POINT('',(-5.15E0,-5.485E0,-9.0145E0));
#2725=VERTEX_POINT('',#2724);
#2726=CARTESIAN_POINT('',(-4.52E0,-3.605E0,-9.2655E0));
#2727=CARTESIAN_POINT('',(-5.15E0,-3.605E0,-9.2655E0));
#2728=VERTEX_POINT('',#2726);
#2729=VERTEX_POINT('',#2727);
#2730=CARTESIAN_POINT('',(-4.52E0,-3.605E0,-9.0145E0));
#2731=CARTESIAN_POINT('',(-5.15E0,-3.605E0,-9.0145E0));
#2732=VERTEX_POINT('',#2730);
#2733=VERTEX_POINT('',#2731);
#2734=CARTESIAN_POINT('',(9.13E0,3.956820693124E0,-7.E0));
#2735=CARTESIAN_POINT('',(9.13E0,3.956820693124E0,-6.581793068762E-1));
#2736=VERTEX_POINT('',#2734);
#2737=VERTEX_POINT('',#2735);
#2738=CARTESIAN_POINT('',(9.51E0,4.615E0,-7.38E0));
#2739=CARTESIAN_POINT('',(9.51E0,4.615E0,0.E0));
#2740=VERTEX_POINT('',#2738);
#2741=VERTEX_POINT('',#2739);
#2742=CARTESIAN_POINT('',(9.51E0,-2.765E0,0.E0));
#2743=VERTEX_POINT('',#2742);
#2744=CARTESIAN_POINT('',(9.13E0,-2.385E0,-6.581793068762E-1));
#2745=VERTEX_POINT('',#2744);
#2746=CARTESIAN_POINT('',(7.02E0,-2.765E0,0.E0));
#2747=VERTEX_POINT('',#2746);
#2748=CARTESIAN_POINT('',(7.4E0,-2.385E0,-6.581793068762E-1));
#2749=VERTEX_POINT('',#2748);
#2750=CARTESIAN_POINT('',(7.4E0,3.956820693124E0,-6.581793068762E-1));
#2751=VERTEX_POINT('',#2750);
#2752=CARTESIAN_POINT('',(7.02E0,4.615E0,0.E0));
#2753=VERTEX_POINT('',#2752);
#2754=CARTESIAN_POINT('',(7.02E0,4.615E0,-7.38E0));
#2755=VERTEX_POINT('',#2754);
#2756=CARTESIAN_POINT('',(7.4E0,3.956820693124E0,-7.E0));
#2757=VERTEX_POINT('',#2756);
#2758=CARTESIAN_POINT('',(-5.295E0,3.956820693124E0,-6.6E0));
#2759=CARTESIAN_POINT('',(-4.705E0,3.956820693124E0,-6.6E0));
#2760=VERTEX_POINT('',#2758);
#2761=VERTEX_POINT('',#2759);
#2762=CARTESIAN_POINT('',(-5.675E0,4.615E0,-6.98E0));
#2763=CARTESIAN_POINT('',(-4.325E0,4.615E0,-6.98E0));
#2764=VERTEX_POINT('',#2762);
#2765=VERTEX_POINT('',#2763);
#2766=CARTESIAN_POINT('',(-4.325E0,4.615E0,0.E0));
#2767=VERTEX_POINT('',#2766);
#2768=CARTESIAN_POINT('',(-4.705E0,3.956820693124E0,-6.581793068762E-1));
#2769=VERTEX_POINT('',#2768);
#2770=CARTESIAN_POINT('',(-4.705E0,-1.985E0,-6.581793068762E-1));
#2771=VERTEX_POINT('',#2770);
#2772=CARTESIAN_POINT('',(-4.325E0,-2.365E0,0.E0));
#2773=VERTEX_POINT('',#2772);
#2774=CARTESIAN_POINT('',(-5.675E0,-2.365E0,0.E0));
#2775=VERTEX_POINT('',#2774);
#2776=CARTESIAN_POINT('',(-5.295E0,-1.985E0,-6.581793068762E-1));
#2777=VERTEX_POINT('',#2776);
#2778=CARTESIAN_POINT('',(-5.295E0,3.956820693124E0,-6.581793068762E-1));
#2779=VERTEX_POINT('',#2778);
#2780=CARTESIAN_POINT('',(-5.675E0,4.615E0,0.E0));
#2781=VERTEX_POINT('',#2780);
#2782=CARTESIAN_POINT('',(-2.705E0,3.956820693124E0,-5.7E0));
#2783=CARTESIAN_POINT('',(-2.705E0,3.956820693124E0,-6.581793068762E-1));
#2784=VERTEX_POINT('',#2782);
#2785=VERTEX_POINT('',#2783);
#2786=CARTESIAN_POINT('',(-2.325E0,4.615E0,-6.08E0));
#2787=CARTESIAN_POINT('',(-2.325E0,4.615E0,0.E0));
#2788=VERTEX_POINT('',#2786);
#2789=VERTEX_POINT('',#2787);
#2790=CARTESIAN_POINT('',(-3.295E0,3.956820693124E0,-5.7E0));
#2791=VERTEX_POINT('',#2790);
#2792=CARTESIAN_POINT('',(-3.675E0,4.615E0,-6.08E0));
#2793=VERTEX_POINT('',#2792);
#2794=CARTESIAN_POINT('',(-3.675E0,4.615E0,0.E0));
#2795=VERTEX_POINT('',#2794);
#2796=CARTESIAN_POINT('',(-3.295E0,3.956820693124E0,-6.581793068762E-1));
#2797=VERTEX_POINT('',#2796);
#2798=CARTESIAN_POINT('',(-3.295E0,-1.085E0,-6.581793068762E-1));
#2799=VERTEX_POINT('',#2798);
#2800=CARTESIAN_POINT('',(-3.675E0,-1.465E0,0.E0));
#2801=VERTEX_POINT('',#2800);
#2802=CARTESIAN_POINT('',(-2.325E0,-1.465E0,0.E0));
#2803=VERTEX_POINT('',#2802);
#2804=CARTESIAN_POINT('',(-2.705E0,-1.085E0,-6.581793068762E-1));
#2805=VERTEX_POINT('',#2804);
#2806=CARTESIAN_POINT('',(-9.13E0,3.956820693124E0,-6.581793068762E-1));
#2807=CARTESIAN_POINT('',(-9.51E0,4.615E0,0.E0));
#2808=VERTEX_POINT('',#2806);
#2809=VERTEX_POINT('',#2807);
#2810=CARTESIAN_POINT('',(-9.13E0,3.956820693124E0,-7.E0));
#2811=CARTESIAN_POINT('',(-9.51E0,4.615E0,-7.38E0));
#2812=VERTEX_POINT('',#2810);
#2813=VERTEX_POINT('',#2811);
#2814=CARTESIAN_POINT('',(-7.4E0,3.956820693124E0,-6.581793068762E-1));
#2815=CARTESIAN_POINT('',(-7.02E0,4.615E0,0.E0));
#2816=VERTEX_POINT('',#2814);
#2817=VERTEX_POINT('',#2815);
#2818=CARTESIAN_POINT('',(4.705E0,3.956820693124E0,-6.581793068762E-1));
#2819=CARTESIAN_POINT('',(4.325E0,4.615E0,0.E0));
#2820=VERTEX_POINT('',#2818);
#2821=VERTEX_POINT('',#2819);
#2822=CARTESIAN_POINT('',(4.705E0,-1.985E0,-6.581793068762E-1));
#2823=CARTESIAN_POINT('',(4.325E0,-2.365E0,0.E0));
#2824=VERTEX_POINT('',#2822);
#2825=VERTEX_POINT('',#2823);
#2826=CARTESIAN_POINT('',(5.295E0,-1.985E0,-6.581793068762E-1));
#2827=CARTESIAN_POINT('',(5.675E0,-2.365E0,0.E0));
#2828=VERTEX_POINT('',#2826);
#2829=VERTEX_POINT('',#2827);
#2830=CARTESIAN_POINT('',(5.295E0,3.956820693124E0,-6.581793068762E-1));
#2831=CARTESIAN_POINT('',(5.675E0,4.615E0,0.E0));
#2832=VERTEX_POINT('',#2830);
#2833=VERTEX_POINT('',#2831);
#2834=CARTESIAN_POINT('',(-1.295E0,3.956820693124E0,-6.581793068762E-1));
#2835=CARTESIAN_POINT('',(-1.675E0,4.615E0,0.E0));
#2836=VERTEX_POINT('',#2834);
#2837=VERTEX_POINT('',#2835);
#2838=CARTESIAN_POINT('',(-1.295E0,3.956820693124E0,-5.7E0));
#2839=CARTESIAN_POINT('',(-1.675E0,4.615E0,-6.08E0));
#2840=VERTEX_POINT('',#2838);
#2841=VERTEX_POINT('',#2839);
#2842=CARTESIAN_POINT('',(-7.05E-1,-1.085E0,-6.581793068762E-1));
#2843=CARTESIAN_POINT('',(-3.25E-1,-1.465E0,0.E0));
#2844=VERTEX_POINT('',#2842);
#2845=VERTEX_POINT('',#2843);
#2846=CARTESIAN_POINT('',(1.295E0,-1.085E0,-6.581793068762E-1));
#2847=CARTESIAN_POINT('',(1.675E0,-1.465E0,0.E0));
#2848=VERTEX_POINT('',#2846);
#2849=VERTEX_POINT('',#2847);
#2850=CARTESIAN_POINT('',(7.05E-1,3.956820693124E0,-6.581793068762E-1));
#2851=CARTESIAN_POINT('',(3.25E-1,4.615E0,0.E0));
#2852=VERTEX_POINT('',#2850);
#2853=VERTEX_POINT('',#2851);
#2854=CARTESIAN_POINT('',(3.295E0,3.956820693124E0,-5.7E0));
#2855=CARTESIAN_POINT('',(3.675E0,4.615E0,-6.08E0));
#2856=VERTEX_POINT('',#2854);
#2857=VERTEX_POINT('',#2855);
#2858=CARTESIAN_POINT('',(3.295E0,3.956820693124E0,-6.581793068762E-1));
#2859=CARTESIAN_POINT('',(3.675E0,4.615E0,0.E0));
#2860=VERTEX_POINT('',#2858);
#2861=VERTEX_POINT('',#2859);
#2862=CARTESIAN_POINT('',(3.295E0,-1.085E0,-6.581793068762E-1));
#2863=CARTESIAN_POINT('',(3.675E0,-1.465E0,0.E0));
#2864=VERTEX_POINT('',#2862);
#2865=VERTEX_POINT('',#2863);
#2866=CARTESIAN_POINT('',(-7.395E0,-2.605E0,-9.405E0));
#2867=CARTESIAN_POINT('',(-7.395E0,-1.9514692E0,-9.405E0));
#2868=VERTEX_POINT('',#2866);
#2869=VERTEX_POINT('',#2867);
#2870=CARTESIAN_POINT('',(-7.28458008E0,-1.899979545691E0,-9.405E0));
#2871=VERTEX_POINT('',#2870);
#2872=CARTESIAN_POINT('',(-7.28458008E0,-1.372199936795E0,-9.405E0));
#2873=VERTEX_POINT('',#2872);
#2874=CARTESIAN_POINT('',(-7.395E0,-1.31976488E0,-9.405E0));
#2875=VERTEX_POINT('',#2874);
#2876=CARTESIAN_POINT('',(-7.395E0,-6.6623408E-1,-9.405E0));
#2877=VERTEX_POINT('',#2876);
#2878=CARTESIAN_POINT('',(-6.355E0,-1.242715493511E0,-9.405E0));
#2879=VERTEX_POINT('',#2878);
#2880=CARTESIAN_POINT('',(-6.355E0,-2.028518586489E0,-9.405E0));
#2881=VERTEX_POINT('',#2880);
#2882=CARTESIAN_POINT('',(-6.72381468E0,-1.638490345243E0,-9.405E0));
#2883=CARTESIAN_POINT('',(-7.02265504E0,-1.496580160475E0,-9.405E0));
#2884=VERTEX_POINT('',#2882);
#2885=VERTEX_POINT('',#2883);
#2886=CARTESIAN_POINT('',(-7.02265504E0,-1.777841893677E0,-9.405E0));
#2887=VERTEX_POINT('',#2886);
#2888=CARTESIAN_POINT('',(-6.355E0,1.60892712E0,-9.405E0));
#2889=CARTESIAN_POINT('',(-6.355E0,7.0502568E-1,-9.405E0));
#2890=VERTEX_POINT('',#2888);
#2891=VERTEX_POINT('',#2889);
#2892=CARTESIAN_POINT('',(-6.892857460987E0,4.8771716E-1,-9.405E0));
#2893=VERTEX_POINT('',#2892);
#2894=CARTESIAN_POINT('',(-6.355E0,2.7040864E-1,-9.405E0));
#2895=VERTEX_POINT('',#2894);
#2896=CARTESIAN_POINT('',(-6.355E0,-6.334928E-1,-9.405E0));
#2897=VERTEX_POINT('',#2896);
#2898=CARTESIAN_POINT('',(-7.395E0,-6.334928E-1,-9.405E0));
#2899=VERTEX_POINT('',#2898);
#2900=CARTESIAN_POINT('',(-7.395E0,-6.149279999995E-2,-9.405E0));
#2901=VERTEX_POINT('',#2900);
#2902=CARTESIAN_POINT('',(-6.72381468E0,-6.149279999995E-2,-9.405E0));
#2903=VERTEX_POINT('',#2902);
#2904=CARTESIAN_POINT('',(-7.395E0,2.222608E-1,-9.405E0));
#2905=VERTEX_POINT('',#2904);
#2906=CARTESIAN_POINT('',(-7.395E0,7.5317456E-1,-9.405E0));
#2907=VERTEX_POINT('',#2906);
#2908=CARTESIAN_POINT('',(-6.72381468E0,1.03692712E0,-9.405E0));
#2909=VERTEX_POINT('',#2908);
#2910=CARTESIAN_POINT('',(-7.395E0,1.03692712E0,-9.405E0));
#2911=VERTEX_POINT('',#2910);
#2912=CARTESIAN_POINT('',(-7.395E0,1.60892712E0,-9.405E0));
#2913=VERTEX_POINT('',#2912);
#2914=CARTESIAN_POINT('',(-7.395E0,1.76492296E0,-9.405E0));
#2915=CARTESIAN_POINT('',(-7.395E0,2.33949072E0,-9.405E0));
#2916=VERTEX_POINT('',#2914);
#2917=VERTEX_POINT('',#2915);
#2918=CARTESIAN_POINT('',(-7.091346E0,2.33949072E0,-9.405E0));
#2919=VERTEX_POINT('',#2918);
#2920=CARTESIAN_POINT('',(-7.091346E0,2.82161392E0,-9.405E0));
#2921=VERTEX_POINT('',#2920);
#2922=VERTEX_POINT('',#2439);
#2923=VERTEX_POINT('',#2428);
#2924=CARTESIAN_POINT('',(-6.355E0,1.76492296E0,-9.405E0));
#2925=VERTEX_POINT('',#2924);
#2926=CARTESIAN_POINT('',(-6.80117248E0,2.33949072E0,-9.405E0));
#2927=CARTESIAN_POINT('',(-6.64645688E0,2.33949072E0,-9.405E0));
#2928=VERTEX_POINT('',#2926);
#2929=VERTEX_POINT('',#2927);
#2930=CARTESIAN_POINT('',(-6.64645688E0,2.82161392E0,-9.405E0));
#2931=VERTEX_POINT('',#2930);
#2932=CARTESIAN_POINT('',(-6.80117248E0,2.82161392E0,-9.405E0));
#2933=VERTEX_POINT('',#2932);
#2934=CARTESIAN_POINT('',(-7.395E0,-2.605E0,-9.53E0));
#2935=CARTESIAN_POINT('',(-7.395E0,-1.9514692E0,-9.53E0));
#2936=VERTEX_POINT('',#2934);
#2937=VERTEX_POINT('',#2935);
#2938=CARTESIAN_POINT('',(-7.28458008E0,-1.899979545691E0,-9.53E0));
#2939=VERTEX_POINT('',#2938);
#2940=CARTESIAN_POINT('',(-7.28458008E0,-1.372199936795E0,-9.53E0));
#2941=VERTEX_POINT('',#2940);
#2942=CARTESIAN_POINT('',(-7.395E0,-1.31976488E0,-9.53E0));
#2943=VERTEX_POINT('',#2942);
#2944=CARTESIAN_POINT('',(-7.395E0,-6.6623408E-1,-9.53E0));
#2945=VERTEX_POINT('',#2944);
#2946=CARTESIAN_POINT('',(-6.355E0,-1.242715493511E0,-9.53E0));
#2947=VERTEX_POINT('',#2946);
#2948=CARTESIAN_POINT('',(-6.355E0,-2.028518586489E0,-9.53E0));
#2949=VERTEX_POINT('',#2948);
#2950=CARTESIAN_POINT('',(-6.72381468E0,-1.638490345243E0,-9.53E0));
#2951=CARTESIAN_POINT('',(-7.02265504E0,-1.496580160475E0,-9.53E0));
#2952=VERTEX_POINT('',#2950);
#2953=VERTEX_POINT('',#2951);
#2954=CARTESIAN_POINT('',(-7.02265504E0,-1.777841893677E0,-9.53E0));
#2955=VERTEX_POINT('',#2954);
#2956=CARTESIAN_POINT('',(-6.355E0,1.60892712E0,-9.53E0));
#2957=CARTESIAN_POINT('',(-6.355E0,7.0502568E-1,-9.53E0));
#2958=VERTEX_POINT('',#2956);
#2959=VERTEX_POINT('',#2957);
#2960=CARTESIAN_POINT('',(-6.892857460987E0,4.8771716E-1,-9.53E0));
#2961=VERTEX_POINT('',#2960);
#2962=CARTESIAN_POINT('',(-6.355E0,2.7040864E-1,-9.53E0));
#2963=VERTEX_POINT('',#2962);
#2964=CARTESIAN_POINT('',(-6.355E0,-6.334928E-1,-9.53E0));
#2965=VERTEX_POINT('',#2964);
#2966=CARTESIAN_POINT('',(-7.395E0,-6.334928E-1,-9.53E0));
#2967=VERTEX_POINT('',#2966);
#2968=CARTESIAN_POINT('',(-7.395E0,-6.149279999995E-2,-9.53E0));
#2969=VERTEX_POINT('',#2968);
#2970=CARTESIAN_POINT('',(-6.72381468E0,-6.149279999995E-2,-9.53E0));
#2971=VERTEX_POINT('',#2970);
#2972=CARTESIAN_POINT('',(-7.395E0,2.222608E-1,-9.53E0));
#2973=VERTEX_POINT('',#2972);
#2974=CARTESIAN_POINT('',(-7.395E0,7.5317456E-1,-9.53E0));
#2975=VERTEX_POINT('',#2974);
#2976=CARTESIAN_POINT('',(-6.72381468E0,1.03692712E0,-9.53E0));
#2977=VERTEX_POINT('',#2976);
#2978=CARTESIAN_POINT('',(-7.395E0,1.03692712E0,-9.53E0));
#2979=VERTEX_POINT('',#2978);
#2980=CARTESIAN_POINT('',(-7.395E0,1.60892712E0,-9.53E0));
#2981=VERTEX_POINT('',#2980);
#2982=CARTESIAN_POINT('',(-7.395E0,1.76492296E0,-9.53E0));
#2983=CARTESIAN_POINT('',(-7.395E0,2.33949072E0,-9.53E0));
#2984=VERTEX_POINT('',#2982);
#2985=VERTEX_POINT('',#2983);
#2986=CARTESIAN_POINT('',(-7.091346E0,2.33949072E0,-9.53E0));
#2987=VERTEX_POINT('',#2986);
#2988=CARTESIAN_POINT('',(-7.091346E0,2.82161392E0,-9.53E0));
#2989=VERTEX_POINT('',#2988);
#2990=VERTEX_POINT('',#1508);
#2991=VERTEX_POINT('',#1517);
#2992=CARTESIAN_POINT('',(-6.355E0,1.76492296E0,-9.53E0));
#2993=VERTEX_POINT('',#2992);
#2994=CARTESIAN_POINT('',(-6.80117248E0,2.33949072E0,-9.53E0));
#2995=CARTESIAN_POINT('',(-6.64645688E0,2.33949072E0,-9.53E0));
#2996=VERTEX_POINT('',#2994);
#2997=VERTEX_POINT('',#2995);
#2998=CARTESIAN_POINT('',(-6.64645688E0,2.82161392E0,-9.53E0));
#2999=VERTEX_POINT('',#2998);
#3000=CARTESIAN_POINT('',(-6.80117248E0,2.82161392E0,-9.53E0));
#3001=VERTEX_POINT('',#3000);
#3002=CARTESIAN_POINT('',(4.705E0,-1.985E0,-6.6E0));
#3003=CARTESIAN_POINT('',(5.295E0,-1.985E0,-6.6E0));
#3004=VERTEX_POINT('',#3002);
#3005=VERTEX_POINT('',#3003);
#3006=CARTESIAN_POINT('',(5.675E0,4.615E0,-6.98E0));
#3007=VERTEX_POINT('',#3006);
#3008=CARTESIAN_POINT('',(5.295E0,3.956820693124E0,-6.6E0));
#3009=VERTEX_POINT('',#3008);
#3010=CARTESIAN_POINT('',(4.705E0,3.956820693124E0,-6.6E0));
#3011=VERTEX_POINT('',#3010);
#3012=CARTESIAN_POINT('',(4.325E0,4.615E0,-6.98E0));
#3013=VERTEX_POINT('',#3012);
#3014=CARTESIAN_POINT('',(1.295E0,3.956820693124E0,-6.581793068762E-1));
#3015=CARTESIAN_POINT('',(1.675E0,4.615E0,0.E0));
#3016=VERTEX_POINT('',#3014);
#3017=VERTEX_POINT('',#3015);
#3018=CARTESIAN_POINT('',(7.05E-1,3.956820693124E0,-5.7E0));
#3019=CARTESIAN_POINT('',(3.25E-1,4.615E0,-6.08E0));
#3020=VERTEX_POINT('',#3018);
#3021=VERTEX_POINT('',#3019);
#3022=CARTESIAN_POINT('',(-2.705E0,1.486010080001E0,-2.408989919999E0));
#3023=CARTESIAN_POINT('',(-2.933824532490E0,8.388018841052E-1,
-3.056198115895E0));
#3024=VERTEX_POINT('',#3022);
#3025=VERTEX_POINT('',#3023);
#3026=CARTESIAN_POINT('',(-2.705E0,2.207258996811E0,-3.130238836809E0));
#3027=CARTESIAN_POINT('',(-2.933824532490E0,1.560050800915E0,
-3.777447032705E0));
#3028=VERTEX_POINT('',#3026);
#3029=VERTEX_POINT('',#3027);
#3030=CARTESIAN_POINT('',(-7.05E-1,1.486010080001E0,-2.408989919999E0));
#3031=CARTESIAN_POINT('',(-9.338245324904E-1,8.388018841052E-1,
-3.056198115895E0));
#3032=VERTEX_POINT('',#3030);
#3033=VERTEX_POINT('',#3031);
#3034=CARTESIAN_POINT('',(-7.05E-1,2.207258996811E0,-3.130238836809E0));
#3035=CARTESIAN_POINT('',(-9.338245324904E-1,1.560050800915E0,
-3.777447032705E0));
#3036=VERTEX_POINT('',#3034);
#3037=VERTEX_POINT('',#3035);
#3038=CARTESIAN_POINT('',(1.295E0,1.486010080001E0,-2.408989919999E0));
#3039=CARTESIAN_POINT('',(1.066175467510E0,8.388018841052E-1,
-3.056198115895E0));
#3040=VERTEX_POINT('',#3038);
#3041=VERTEX_POINT('',#3039);
#3042=CARTESIAN_POINT('',(1.295E0,2.207258996811E0,-3.130238836809E0));
#3043=CARTESIAN_POINT('',(1.066175467510E0,1.560050800915E0,-3.777447032705E0));
#3044=VERTEX_POINT('',#3042);
#3045=VERTEX_POINT('',#3043);
#3046=CARTESIAN_POINT('',(3.295E0,1.486010080001E0,-2.408989919999E0));
#3047=CARTESIAN_POINT('',(3.066175467510E0,8.388018841052E-1,
-3.056198115895E0));
#3048=VERTEX_POINT('',#3046);
#3049=VERTEX_POINT('',#3047);
#3050=CARTESIAN_POINT('',(3.295E0,2.207258996811E0,-3.130238836809E0));
#3051=CARTESIAN_POINT('',(3.066175467510E0,1.560050800915E0,-3.777447032705E0));
#3052=VERTEX_POINT('',#3050);
#3053=VERTEX_POINT('',#3051);
#3054=CARTESIAN_POINT('',(5.295E0,1.694096773930E0,-2.200903226070E0));
#3055=CARTESIAN_POINT('',(5.295E0,1.486010080001E0,-2.408989919999E0));
#3056=VERTEX_POINT('',#3054);
#3057=VERTEX_POINT('',#3055);
#3058=CARTESIAN_POINT('',(5.295E0,4.918134188803E-1,-3.403186581120E0));
#3059=CARTESIAN_POINT('',(5.295E0,7.185096541982E-2,-3.823149034580E0));
#3060=VERTEX_POINT('',#3058);
#3061=VERTEX_POINT('',#3059);
#3062=CARTESIAN_POINT('',(5.295E0,2.415345690740E0,-2.922152142881E0));
#3063=CARTESIAN_POINT('',(5.295E0,2.207258996811E0,-3.130238836809E0));
#3064=VERTEX_POINT('',#3062);
#3065=VERTEX_POINT('',#3063);
#3066=CARTESIAN_POINT('',(5.295E0,1.213062335691E0,-4.124435497930E0));
#3067=CARTESIAN_POINT('',(5.295E0,7.930998822301E-1,-4.544397951391E0));
#3068=VERTEX_POINT('',#3066);
#3069=VERTEX_POINT('',#3067);
#3070=CARTESIAN_POINT('',(5.066175467510E0,8.388018841052E-1,
-3.056198115895E0));
#3071=VERTEX_POINT('',#3070);
#3072=CARTESIAN_POINT('',(5.066175467510E0,1.560050800915E0,-3.777447032705E0));
#3073=VERTEX_POINT('',#3072);
#3074=CARTESIAN_POINT('',(-2.52E0,-5.485E0,-9.2655E0));
#3075=CARTESIAN_POINT('',(-2.74E0,-5.985E0,-9.2655E0));
#3076=VERTEX_POINT('',#3074);
#3077=VERTEX_POINT('',#3075);
#3078=CARTESIAN_POINT('',(-2.93E0,-5.985E0,-9.2655E0));
#3079=VERTEX_POINT('',#3078);
#3080=CARTESIAN_POINT('',(-3.15E0,-5.485E0,-9.2655E0));
#3081=VERTEX_POINT('',#3080);
#3082=CARTESIAN_POINT('',(-2.52E0,-5.485E0,-9.0145E0));
#3083=CARTESIAN_POINT('',(-2.74E0,-5.985E0,-9.0145E0));
#3084=VERTEX_POINT('',#3082);
#3085=VERTEX_POINT('',#3083);
#3086=CARTESIAN_POINT('',(-2.93E0,-5.985E0,-9.0145E0));
#3087=VERTEX_POINT('',#3086);
#3088=CARTESIAN_POINT('',(-3.15E0,-5.485E0,-9.0145E0));
#3089=VERTEX_POINT('',#3088);
#3090=CARTESIAN_POINT('',(-2.52E0,-3.605E0,-9.2655E0));
#3091=CARTESIAN_POINT('',(-3.15E0,-3.605E0,-9.2655E0));
#3092=VERTEX_POINT('',#3090);
#3093=VERTEX_POINT('',#3091);
#3094=CARTESIAN_POINT('',(-2.52E0,-3.605E0,-9.0145E0));
#3095=CARTESIAN_POINT('',(-3.15E0,-3.605E0,-9.0145E0));
#3096=VERTEX_POINT('',#3094);
#3097=VERTEX_POINT('',#3095);
#3098=CARTESIAN_POINT('',(-5.2E-1,-5.485E0,-9.2655E0));
#3099=CARTESIAN_POINT('',(-7.4E-1,-5.985E0,-9.2655E0));
#3100=VERTEX_POINT('',#3098);
#3101=VERTEX_POINT('',#3099);
#3102=CARTESIAN_POINT('',(-9.3E-1,-5.985E0,-9.2655E0));
#3103=VERTEX_POINT('',#3102);
#3104=CARTESIAN_POINT('',(-1.15E0,-5.485E0,-9.2655E0));
#3105=VERTEX_POINT('',#3104);
#3106=CARTESIAN_POINT('',(-5.2E-1,-5.485E0,-9.0145E0));
#3107=CARTESIAN_POINT('',(-7.4E-1,-5.985E0,-9.0145E0));
#3108=VERTEX_POINT('',#3106);
#3109=VERTEX_POINT('',#3107);
#3110=CARTESIAN_POINT('',(-9.3E-1,-5.985E0,-9.0145E0));
#3111=VERTEX_POINT('',#3110);
#3112=CARTESIAN_POINT('',(-1.15E0,-5.485E0,-9.0145E0));
#3113=VERTEX_POINT('',#3112);
#3114=CARTESIAN_POINT('',(-5.2E-1,-3.605E0,-9.2655E0));
#3115=CARTESIAN_POINT('',(-1.15E0,-3.605E0,-9.2655E0));
#3116=VERTEX_POINT('',#3114);
#3117=VERTEX_POINT('',#3115);
#3118=CARTESIAN_POINT('',(-5.2E-1,-3.605E0,-9.0145E0));
#3119=CARTESIAN_POINT('',(-1.15E0,-3.605E0,-9.0145E0));
#3120=VERTEX_POINT('',#3118);
#3121=VERTEX_POINT('',#3119);
#3122=CARTESIAN_POINT('',(1.48E0,-5.485E0,-9.2655E0));
#3123=CARTESIAN_POINT('',(1.26E0,-5.985E0,-9.2655E0));
#3124=VERTEX_POINT('',#3122);
#3125=VERTEX_POINT('',#3123);
#3126=CARTESIAN_POINT('',(1.07E0,-5.985E0,-9.2655E0));
#3127=VERTEX_POINT('',#3126);
#3128=CARTESIAN_POINT('',(8.5E-1,-5.485E0,-9.2655E0));
#3129=VERTEX_POINT('',#3128);
#3130=CARTESIAN_POINT('',(1.48E0,-5.485E0,-9.0145E0));
#3131=CARTESIAN_POINT('',(1.26E0,-5.985E0,-9.0145E0));
#3132=VERTEX_POINT('',#3130);
#3133=VERTEX_POINT('',#3131);
#3134=CARTESIAN_POINT('',(1.07E0,-5.985E0,-9.0145E0));
#3135=VERTEX_POINT('',#3134);
#3136=CARTESIAN_POINT('',(8.5E-1,-5.485E0,-9.0145E0));
#3137=VERTEX_POINT('',#3136);
#3138=CARTESIAN_POINT('',(1.48E0,-3.605E0,-9.2655E0));
#3139=CARTESIAN_POINT('',(8.5E-1,-3.605E0,-9.2655E0));
#3140=VERTEX_POINT('',#3138);
#3141=VERTEX_POINT('',#3139);
#3142=CARTESIAN_POINT('',(1.48E0,-3.605E0,-9.0145E0));
#3143=CARTESIAN_POINT('',(8.5E-1,-3.605E0,-9.0145E0));
#3144=VERTEX_POINT('',#3142);
#3145=VERTEX_POINT('',#3143);
#3146=CARTESIAN_POINT('',(3.48E0,-5.485E0,-9.2655E0));
#3147=CARTESIAN_POINT('',(3.26E0,-5.985E0,-9.2655E0));
#3148=VERTEX_POINT('',#3146);
#3149=VERTEX_POINT('',#3147);
#3150=CARTESIAN_POINT('',(3.07E0,-5.985E0,-9.2655E0));
#3151=VERTEX_POINT('',#3150);
#3152=CARTESIAN_POINT('',(2.85E0,-5.485E0,-9.2655E0));
#3153=VERTEX_POINT('',#3152);
#3154=CARTESIAN_POINT('',(3.48E0,-5.485E0,-9.0145E0));
#3155=CARTESIAN_POINT('',(3.26E0,-5.985E0,-9.0145E0));
#3156=VERTEX_POINT('',#3154);
#3157=VERTEX_POINT('',#3155);
#3158=CARTESIAN_POINT('',(3.07E0,-5.985E0,-9.0145E0));
#3159=VERTEX_POINT('',#3158);
#3160=CARTESIAN_POINT('',(2.85E0,-5.485E0,-9.0145E0));
#3161=VERTEX_POINT('',#3160);
#3162=CARTESIAN_POINT('',(3.48E0,-3.605E0,-9.2655E0));
#3163=CARTESIAN_POINT('',(2.85E0,-3.605E0,-9.2655E0));
#3164=VERTEX_POINT('',#3162);
#3165=VERTEX_POINT('',#3163);
#3166=CARTESIAN_POINT('',(3.48E0,-3.605E0,-9.0145E0));
#3167=CARTESIAN_POINT('',(2.85E0,-3.605E0,-9.0145E0));
#3168=VERTEX_POINT('',#3166);
#3169=VERTEX_POINT('',#3167);
#3170=CARTESIAN_POINT('',(5.48E0,-5.485E0,-9.2655E0));
#3171=CARTESIAN_POINT('',(5.26E0,-5.985E0,-9.2655E0));
#3172=VERTEX_POINT('',#3170);
#3173=VERTEX_POINT('',#3171);
#3174=CARTESIAN_POINT('',(5.07E0,-5.985E0,-9.2655E0));
#3175=VERTEX_POINT('',#3174);
#3176=CARTESIAN_POINT('',(4.85E0,-5.485E0,-9.2655E0));
#3177=VERTEX_POINT('',#3176);
#3178=CARTESIAN_POINT('',(5.48E0,-5.485E0,-9.0145E0));
#3179=CARTESIAN_POINT('',(5.26E0,-5.985E0,-9.0145E0));
#3180=VERTEX_POINT('',#3178);
#3181=VERTEX_POINT('',#3179);
#3182=CARTESIAN_POINT('',(5.07E0,-5.985E0,-9.0145E0));
#3183=VERTEX_POINT('',#3182);
#3184=CARTESIAN_POINT('',(4.85E0,-5.485E0,-9.0145E0));
#3185=VERTEX_POINT('',#3184);
#3186=CARTESIAN_POINT('',(5.48E0,-3.605E0,-9.2655E0));
#3187=CARTESIAN_POINT('',(4.85E0,-3.605E0,-9.2655E0));
#3188=VERTEX_POINT('',#3186);
#3189=VERTEX_POINT('',#3187);
#3190=CARTESIAN_POINT('',(5.48E0,-3.605E0,-9.0145E0));
#3191=CARTESIAN_POINT('',(4.85E0,-3.605E0,-9.0145E0));
#3192=VERTEX_POINT('',#3190);
#3193=VERTEX_POINT('',#3191);
#3194=CARTESIAN_POINT('',(-9.13E0,-2.385E0,-7.E0));
#3195=CARTESIAN_POINT('',(-7.4E0,-2.385E0,-7.E0));
#3196=VERTEX_POINT('',#3194);
#3197=VERTEX_POINT('',#3195);
#3198=CARTESIAN_POINT('',(-1.295E0,-1.085E0,-5.7E0));
#3199=CARTESIAN_POINT('',(-7.05E-1,-1.085E0,-5.7E0));
#3200=VERTEX_POINT('',#3198);
#3201=VERTEX_POINT('',#3199);
#3202=CARTESIAN_POINT('',(7.05E-1,-1.085E0,-5.7E0));
#3203=CARTESIAN_POINT('',(1.295E0,-1.085E0,-5.7E0));
#3204=VERTEX_POINT('',#3202);
#3205=VERTEX_POINT('',#3203);
#3206=CARTESIAN_POINT('',(2.705E0,-1.085E0,-5.7E0));
#3207=CARTESIAN_POINT('',(3.295E0,-1.085E0,-5.7E0));
#3208=VERTEX_POINT('',#3206);
#3209=VERTEX_POINT('',#3207);
#3210=CARTESIAN_POINT('',(-7.4E0,-2.385E0,-6.581793068762E-1));
#3211=VERTEX_POINT('',#3210);
#3212=CARTESIAN_POINT('',(-7.02E0,-2.385E0,0.E0));
#3213=VERTEX_POINT('',#3212);
#3214=CARTESIAN_POINT('',(-7.4E0,3.956820693124E0,-7.E0));
#3215=VERTEX_POINT('',#3214);
#3216=CARTESIAN_POINT('',(-7.02E0,4.615E0,-7.38E0));
#3217=VERTEX_POINT('',#3216);
#3218=CARTESIAN_POINT('',(-9.51E0,-2.385E0,0.E0));
#3219=VERTEX_POINT('',#3218);
#3220=CARTESIAN_POINT('',(-9.13E0,-2.385E0,-6.581793068762E-1));
#3221=VERTEX_POINT('',#3220);
#3222=CARTESIAN_POINT('',(-3.25E-1,4.615E0,0.E0));
#3223=VERTEX_POINT('',#3222);
#3224=CARTESIAN_POINT('',(-7.05E-1,3.956820693124E0,-6.581793068762E-1));
#3225=VERTEX_POINT('',#3224);
#3226=CARTESIAN_POINT('',(-7.05E-1,3.956820693124E0,-5.7E0));
#3227=VERTEX_POINT('',#3226);
#3228=CARTESIAN_POINT('',(-3.25E-1,4.615E0,-6.08E0));
#3229=VERTEX_POINT('',#3228);
#3230=CARTESIAN_POINT('',(-1.295E0,-1.085E0,-6.581793068762E-1));
#3231=VERTEX_POINT('',#3230);
#3232=CARTESIAN_POINT('',(-1.675E0,-1.465E0,0.E0));
#3233=VERTEX_POINT('',#3232);
#3234=CARTESIAN_POINT('',(1.295E0,3.956820693124E0,-5.7E0));
#3235=VERTEX_POINT('',#3234);
#3236=CARTESIAN_POINT('',(1.675E0,4.615E0,-6.08E0));
#3237=VERTEX_POINT('',#3236);
#3238=CARTESIAN_POINT('',(3.25E-1,-1.465E0,0.E0));
#3239=VERTEX_POINT('',#3238);
#3240=CARTESIAN_POINT('',(7.05E-1,-1.085E0,-6.581793068762E-1));
#3241=VERTEX_POINT('',#3240);
#3242=CARTESIAN_POINT('',(2.705E0,-1.085E0,-6.581793068762E-1));
#3243=VERTEX_POINT('',#3242);
#3244=CARTESIAN_POINT('',(2.705E0,-1.465E0,0.E0));
#3245=VERTEX_POINT('',#3244);
#3246=CARTESIAN_POINT('',(2.705E0,3.956820693124E0,-5.7E0));
#3247=VERTEX_POINT('',#3246);
#3248=CARTESIAN_POINT('',(2.325E0,4.615E0,-6.08E0));
#3249=VERTEX_POINT('',#3248);
#3250=CARTESIAN_POINT('',(2.705E0,3.956820693124E0,0.E0));
#3251=CARTESIAN_POINT('',(2.325E0,4.615E0,0.E0));
#3252=VERTEX_POINT('',#3250);
#3253=VERTEX_POINT('',#3251);
#3254=CARTESIAN_POINT('',(-2.705E0,1.694096773930E0,-2.200903226070E0));
#3255=VERTEX_POINT('',#3254);
#3256=CARTESIAN_POINT('',(-2.705E0,4.918134188803E-1,-3.403186581120E0));
#3257=CARTESIAN_POINT('',(-2.705E0,7.185096541982E-2,-3.823149034580E0));
#3258=VERTEX_POINT('',#3256);
#3259=VERTEX_POINT('',#3257);
#3260=CARTESIAN_POINT('',(-2.705E0,2.415345690740E0,-2.922152142881E0));
#3261=VERTEX_POINT('',#3260);
#3262=CARTESIAN_POINT('',(-2.705E0,1.213062335691E0,-4.124435497930E0));
#3263=CARTESIAN_POINT('',(-2.705E0,7.930998822301E-1,-4.544397951391E0));
#3264=VERTEX_POINT('',#3262);
#3265=VERTEX_POINT('',#3263);
#3266=CARTESIAN_POINT('',(-7.05E-1,1.694096773930E0,-2.200903226070E0));
#3267=VERTEX_POINT('',#3266);
#3268=CARTESIAN_POINT('',(-7.05E-1,4.918134188803E-1,-3.403186581120E0));
#3269=CARTESIAN_POINT('',(-7.05E-1,7.185096541982E-2,-3.823149034580E0));
#3270=VERTEX_POINT('',#3268);
#3271=VERTEX_POINT('',#3269);
#3272=CARTESIAN_POINT('',(-7.05E-1,2.415345690740E0,-2.922152142881E0));
#3273=VERTEX_POINT('',#3272);
#3274=CARTESIAN_POINT('',(-7.05E-1,1.213062335691E0,-4.124435497930E0));
#3275=CARTESIAN_POINT('',(-7.05E-1,7.930998822301E-1,-4.544397951391E0));
#3276=VERTEX_POINT('',#3274);
#3277=VERTEX_POINT('',#3275);
#3278=CARTESIAN_POINT('',(1.295E0,1.694096773930E0,-2.200903226070E0));
#3279=VERTEX_POINT('',#3278);
#3280=CARTESIAN_POINT('',(1.295E0,4.918134188803E-1,-3.403186581120E0));
#3281=CARTESIAN_POINT('',(1.295E0,7.185096541982E-2,-3.823149034580E0));
#3282=VERTEX_POINT('',#3280);
#3283=VERTEX_POINT('',#3281);
#3284=CARTESIAN_POINT('',(1.295E0,2.415345690740E0,-2.922152142881E0));
#3285=VERTEX_POINT('',#3284);
#3286=CARTESIAN_POINT('',(1.295E0,1.213062335691E0,-4.124435497930E0));
#3287=CARTESIAN_POINT('',(1.295E0,7.930998822301E-1,-4.544397951391E0));
#3288=VERTEX_POINT('',#3286);
#3289=VERTEX_POINT('',#3287);
#3290=CARTESIAN_POINT('',(3.295E0,1.694096773930E0,-2.200903226070E0));
#3291=VERTEX_POINT('',#3290);
#3292=CARTESIAN_POINT('',(3.295E0,4.918134188803E-1,-3.403186581120E0));
#3293=CARTESIAN_POINT('',(3.295E0,7.185096541982E-2,-3.823149034580E0));
#3294=VERTEX_POINT('',#3292);
#3295=VERTEX_POINT('',#3293);
#3296=CARTESIAN_POINT('',(3.295E0,2.415345690740E0,-2.922152142881E0));
#3297=VERTEX_POINT('',#3296);
#3298=CARTESIAN_POINT('',(3.295E0,1.213062335691E0,-4.124435497930E0));
#3299=CARTESIAN_POINT('',(3.295E0,7.930998822301E-1,-4.544397951391E0));
#3300=VERTEX_POINT('',#3298);
#3301=VERTEX_POINT('',#3299);
#3302=CARTESIAN_POINT('',(-3.835E0,-5.313423233502E0,-3.5E0));
#3303=CARTESIAN_POINT('',(-4.165E0,-5.885E0,-3.5E0));
#3304=VERTEX_POINT('',#3302);
#3305=VERTEX_POINT('',#3303);
#3306=CARTESIAN_POINT('',(-5.835E0,-5.313423233502E0,-3.5E0));
#3307=CARTESIAN_POINT('',(-5.505E0,-5.885E0,-3.5E0));
#3308=VERTEX_POINT('',#3306);
#3309=VERTEX_POINT('',#3307);
#3310=CARTESIAN_POINT('',(-3.835E0,-3.605E0,-3.5E0));
#3311=CARTESIAN_POINT('',(-5.835E0,-3.605E0,-3.5E0));
#3312=VERTEX_POINT('',#3310);
#3313=VERTEX_POINT('',#3311);
#3314=CARTESIAN_POINT('',(4.495E0,-5.885E0,-3.5E0));
#3315=CARTESIAN_POINT('',(4.165E0,-5.313423233502E0,-3.5E0));
#3316=VERTEX_POINT('',#3314);
#3317=VERTEX_POINT('',#3315);
#3318=CARTESIAN_POINT('',(5.835E0,-5.885E0,-3.5E0));
#3319=CARTESIAN_POINT('',(6.165E0,-5.313423233502E0,-3.5E0));
#3320=VERTEX_POINT('',#3318);
#3321=VERTEX_POINT('',#3319);
#3322=CARTESIAN_POINT('',(4.165E0,-3.605E0,-3.5E0));
#3323=CARTESIAN_POINT('',(6.165E0,-3.605E0,-3.5E0));
#3324=VERTEX_POINT('',#3322);
#3325=VERTEX_POINT('',#3323);
#3326=CARTESIAN_POINT('',(-5.161307787037E0,7.637939881840E-1,
-3.131206011816E0));
#3327=CARTESIAN_POINT('',(-5.161307787037E0,1.485042904994E0,
-3.852454928626E0));
#3328=VERTEX_POINT('',#3326);
#3329=VERTEX_POINT('',#3327);
#3330=CARTESIAN_POINT('',(-3.161307787037E0,7.637939881840E-1,
-3.131206011816E0));
#3331=CARTESIAN_POINT('',(-3.161307787037E0,1.485042904994E0,
-3.852454928626E0));
#3332=VERTEX_POINT('',#3330);
#3333=VERTEX_POINT('',#3331);
#3334=CARTESIAN_POINT('',(-1.161307787037E0,7.637939881840E-1,
-3.131206011816E0));
#3335=CARTESIAN_POINT('',(-1.161307787037E0,1.485042904994E0,
-3.852454928626E0));
#3336=VERTEX_POINT('',#3334);
#3337=VERTEX_POINT('',#3335);
#3338=CARTESIAN_POINT('',(8.386922129634E-1,7.637939881840E-1,
-3.131206011816E0));
#3339=CARTESIAN_POINT('',(8.386922129634E-1,1.485042904994E0,
-3.852454928626E0));
#3340=VERTEX_POINT('',#3338);
#3341=VERTEX_POINT('',#3339);
#3342=CARTESIAN_POINT('',(2.838692212963E0,7.637939881840E-1,
-3.131206011816E0));
#3343=CARTESIAN_POINT('',(2.838692212963E0,1.485042904994E0,-3.852454928626E0));
#3344=VERTEX_POINT('',#3342);
#3345=VERTEX_POINT('',#3343);
#3346=CARTESIAN_POINT('',(4.838692212963E0,7.637939881840E-1,
-3.131206011816E0));
#3347=CARTESIAN_POINT('',(4.838692212963E0,1.485042904994E0,-3.852454928626E0));
#3348=VERTEX_POINT('',#3346);
#3349=VERTEX_POINT('',#3347);
#3350=CARTESIAN_POINT('',(0.E0,0.E0,0.E0));
#3351=DIRECTION('',(0.E0,0.E0,1.E0));
#3352=DIRECTION('',(1.E0,0.E0,0.E0));
#3353=AXIS2_PLACEMENT_3D('',#3350,#3351,#3352);
#3354=PLANE('',#3353);
#3356=ORIENTED_EDGE('',*,*,#3355,.F.);
#3358=ORIENTED_EDGE('',*,*,#3357,.F.);
#3360=ORIENTED_EDGE('',*,*,#3359,.F.);
#3362=ORIENTED_EDGE('',*,*,#3361,.F.);
#3364=ORIENTED_EDGE('',*,*,#3363,.F.);
#3366=ORIENTED_EDGE('',*,*,#3365,.F.);
#3368=ORIENTED_EDGE('',*,*,#3367,.F.);
#3370=ORIENTED_EDGE('',*,*,#3369,.F.);
#3372=ORIENTED_EDGE('',*,*,#3371,.F.);
#3374=ORIENTED_EDGE('',*,*,#3373,.F.);
#3376=ORIENTED_EDGE('',*,*,#3375,.F.);
#3378=ORIENTED_EDGE('',*,*,#3377,.F.);
#3380=ORIENTED_EDGE('',*,*,#3379,.F.);
#3382=ORIENTED_EDGE('',*,*,#3381,.F.);
#3384=ORIENTED_EDGE('',*,*,#3383,.F.);
#3386=ORIENTED_EDGE('',*,*,#3385,.F.);
#3388=ORIENTED_EDGE('',*,*,#3387,.F.);
#3390=ORIENTED_EDGE('',*,*,#3389,.F.);
#3392=ORIENTED_EDGE('',*,*,#3391,.F.);
#3394=ORIENTED_EDGE('',*,*,#3393,.F.);
#3396=ORIENTED_EDGE('',*,*,#3395,.F.);
#3398=ORIENTED_EDGE('',*,*,#3397,.F.);
#3400=ORIENTED_EDGE('',*,*,#3399,.F.);
#3402=ORIENTED_EDGE('',*,*,#3401,.F.);
#3404=ORIENTED_EDGE('',*,*,#3403,.F.);
#3406=ORIENTED_EDGE('',*,*,#3405,.F.);
#3408=ORIENTED_EDGE('',*,*,#3407,.F.);
#3410=ORIENTED_EDGE('',*,*,#3409,.F.);
#3412=ORIENTED_EDGE('',*,*,#3411,.F.);
#3414=ORIENTED_EDGE('',*,*,#3413,.F.);
#3416=ORIENTED_EDGE('',*,*,#3415,.F.);
#3418=ORIENTED_EDGE('',*,*,#3417,.F.);
#3420=ORIENTED_EDGE('',*,*,#3419,.F.);
#3422=ORIENTED_EDGE('',*,*,#3421,.F.);
#3424=ORIENTED_EDGE('',*,*,#3423,.F.);
#3426=ORIENTED_EDGE('',*,*,#3425,.F.);
#3428=ORIENTED_EDGE('',*,*,#3427,.F.);
#3430=ORIENTED_EDGE('',*,*,#3429,.F.);
#3432=ORIENTED_EDGE('',*,*,#3431,.F.);
#3433=EDGE_LOOP('',(#3356,#3358,#3360,#3362,#3364,#3366,#3368,#3370,#3372,#3374,
#3376,#3378,#3380,#3382,#3384,#3386,#3388,#3390,#3392,#3394,#3396,#3398,#3400,
#3402,#3404,#3406,#3408,#3410,#3412,#3414,#3416,#3418,#3420,#3422,#3424,#3426,
#3428,#3430,#3432));
#3434=FACE_OUTER_BOUND('',#3433,.F.);
#3435=ADVANCED_FACE('',(#3434),#3354,.T.);
#3436=CARTESIAN_POINT('',(9.32E0,1.115E0,-3.290896534381E-1));
#3437=DIRECTION('',(-8.660254037844E-1,0.E0,5.E-1));
#3438=DIRECTION('',(0.E0,-1.E0,0.E0));
#3439=AXIS2_PLACEMENT_3D('',#3436,#3437,#3438);
#3440=PLANE('',#3439);
#3441=ORIENTED_EDGE('',*,*,#3355,.T.);
#3443=ORIENTED_EDGE('',*,*,#3442,.F.);
#3445=ORIENTED_EDGE('',*,*,#3444,.F.);
#3447=ORIENTED_EDGE('',*,*,#3446,.T.);
#3448=EDGE_LOOP('',(#3441,#3443,#3445,#3447));
#3449=FACE_OUTER_BOUND('',#3448,.F.);
#3450=ADVANCED_FACE('',(#3449),#3440,.T.);
#3451=CARTESIAN_POINT('',(8.265E0,-2.575E0,-3.290896534381E-1));
#3452=DIRECTION('',(0.E0,8.660254037844E-1,5.E-1));
#3453=DIRECTION('',(-1.E0,0.E0,0.E0));
#3454=AXIS2_PLACEMENT_3D('',#3451,#3452,#3453);
#3455=PLANE('',#3454);
#3456=ORIENTED_EDGE('',*,*,#3431,.T.);
#3458=ORIENTED_EDGE('',*,*,#3457,.F.);
#3460=ORIENTED_EDGE('',*,*,#3459,.F.);
#3461=ORIENTED_EDGE('',*,*,#3442,.T.);
#3462=EDGE_LOOP('',(#3456,#3458,#3460,#3461));
#3463=FACE_OUTER_BOUND('',#3462,.F.);
#3464=ADVANCED_FACE('',(#3463),#3455,.T.);
#3465=CARTESIAN_POINT('',(7.21E0,1.115E0,-3.290896534381E-1));
#3466=DIRECTION('',(8.660254037844E-1,0.E0,5.E-1));
#3467=DIRECTION('',(0.E0,-1.E0,0.E0));
#3468=AXIS2_PLACEMENT_3D('',#3465,#3466,#3467);
#3469=PLANE('',#3468);
#3471=ORIENTED_EDGE('',*,*,#3470,.F.);
#3472=ORIENTED_EDGE('',*,*,#3457,.T.);
#3473=ORIENTED_EDGE('',*,*,#3429,.T.);
#3475=ORIENTED_EDGE('',*,*,#3474,.F.);
#3476=EDGE_LOOP('',(#3471,#3472,#3473,#3475));
#3477=FACE_OUTER_BOUND('',#3476,.F.);
#3478=ADVANCED_FACE('',(#3477),#3469,.T.);
#3479=CARTESIAN_POINT('',(7.4E0,4.615E0,0.E0));
#3480=DIRECTION('',(-1.E0,0.E0,0.E0));
#3481=DIRECTION('',(0.E0,-1.E0,0.E0));
#3482=AXIS2_PLACEMENT_3D('',#3479,#3480,#3481);
#3483=PLANE('',#3482);
#3484=ORIENTED_EDGE('',*,*,#3470,.T.);
#3486=ORIENTED_EDGE('',*,*,#3485,.T.);
#3488=ORIENTED_EDGE('',*,*,#3487,.T.);
#3490=ORIENTED_EDGE('',*,*,#3489,.F.);
#3491=EDGE_LOOP('',(#3484,#3486,#3488,#3490));
#3492=FACE_OUTER_BOUND('',#3491,.F.);
#3493=ADVANCED_FACE('',(#3492),#3483,.F.);
#3494=CARTESIAN_POINT('',(7.21E0,4.285910346562E0,-3.5E0));
#3495=DIRECTION('',(8.660254037844E-1,5.E-1,0.E0));
#3496=DIRECTION('',(0.E0,0.E0,-1.E0));
#3497=AXIS2_PLACEMENT_3D('',#3494,#3495,#3496);
#3498=PLANE('',#3497);
#3500=ORIENTED_EDGE('',*,*,#3499,.T.);
#3502=ORIENTED_EDGE('',*,*,#3501,.F.);
#3503=ORIENTED_EDGE('',*,*,#3485,.F.);
#3504=ORIENTED_EDGE('',*,*,#3474,.T.);
#3505=EDGE_LOOP('',(#3500,#3502,#3503,#3504));
#3506=FACE_OUTER_BOUND('',#3505,.F.);
#3507=ADVANCED_FACE('',(#3506),#3498,.T.);
#3508=CARTESIAN_POINT('',(1.0635E1,4.615E0,0.E0));
#3509=DIRECTION('',(0.E0,1.E0,0.E0));
#3510=DIRECTION('',(-1.E0,0.E0,0.E0));
#3511=AXIS2_PLACEMENT_3D('',#3508,#3509,#3510);
#3512=PLANE('',#3511);
#3514=ORIENTED_EDGE('',*,*,#3513,.F.);
#3516=ORIENTED_EDGE('',*,*,#3515,.F.);
#3517=ORIENTED_EDGE('',*,*,#3499,.F.);
#3518=ORIENTED_EDGE('',*,*,#3427,.T.);
#3520=ORIENTED_EDGE('',*,*,#3519,.F.);
#3522=ORIENTED_EDGE('',*,*,#3521,.F.);
#3524=ORIENTED_EDGE('',*,*,#3523,.F.);
#3525=ORIENTED_EDGE('',*,*,#3419,.T.);
#3527=ORIENTED_EDGE('',*,*,#3526,.F.);
#3529=ORIENTED_EDGE('',*,*,#3528,.F.);
#3531=ORIENTED_EDGE('',*,*,#3530,.F.);
#3532=ORIENTED_EDGE('',*,*,#3409,.T.);
#3534=ORIENTED_EDGE('',*,*,#3533,.F.);
#3536=ORIENTED_EDGE('',*,*,#3535,.F.);
#3538=ORIENTED_EDGE('',*,*,#3537,.F.);
#3539=ORIENTED_EDGE('',*,*,#3401,.T.);
#3541=ORIENTED_EDGE('',*,*,#3540,.F.);
#3543=ORIENTED_EDGE('',*,*,#3542,.F.);
#3545=ORIENTED_EDGE('',*,*,#3544,.F.);
#3546=ORIENTED_EDGE('',*,*,#3393,.T.);
#3548=ORIENTED_EDGE('',*,*,#3547,.F.);
#3550=ORIENTED_EDGE('',*,*,#3549,.F.);
#3552=ORIENTED_EDGE('',*,*,#3551,.F.);
#3553=ORIENTED_EDGE('',*,*,#3385,.T.);
#3555=ORIENTED_EDGE('',*,*,#3554,.F.);
#3557=ORIENTED_EDGE('',*,*,#3556,.F.);
#3559=ORIENTED_EDGE('',*,*,#3558,.F.);
#3560=ORIENTED_EDGE('',*,*,#3377,.T.);
#3562=ORIENTED_EDGE('',*,*,#3561,.F.);
#3564=ORIENTED_EDGE('',*,*,#3563,.F.);
#3566=ORIENTED_EDGE('',*,*,#3565,.F.);
#3567=ORIENTED_EDGE('',*,*,#3369,.T.);
#3569=ORIENTED_EDGE('',*,*,#3568,.T.);
#3571=ORIENTED_EDGE('',*,*,#3570,.F.);
#3573=ORIENTED_EDGE('',*,*,#3572,.F.);
#3574=ORIENTED_EDGE('',*,*,#3357,.T.);
#3575=EDGE_LOOP('',(#3514,#3516,#3517,#3518,#3520,#3522,#3524,#3525,#3527,#3529,
#3531,#3532,#3534,#3536,#3538,#3539,#3541,#3543,#3545,#3546,#3548,#3550,#3552,
#3553,#3555,#3557,#3559,#3560,#3562,#3564,#3566,#3567,#3569,#3571,#3573,#3574));
#3576=FACE_OUTER_BOUND('',#3575,.F.);
#3577=ADVANCED_FACE('',(#3576),#3512,.T.);
#3578=CARTESIAN_POINT('',(9.32E0,4.285910346562E0,-3.5E0));
#3579=DIRECTION('',(-8.660254037844E-1,5.E-1,0.E0));
#3580=DIRECTION('',(0.E0,0.E0,-1.E0));
#3581=AXIS2_PLACEMENT_3D('',#3578,#3579,#3580);
#3582=PLANE('',#3581);
#3584=ORIENTED_EDGE('',*,*,#3583,.F.);
#3586=ORIENTED_EDGE('',*,*,#3585,.T.);
#3587=ORIENTED_EDGE('',*,*,#3513,.T.);
#3588=ORIENTED_EDGE('',*,*,#3446,.F.);
#3589=EDGE_LOOP('',(#3584,#3586,#3587,#3588));
#3590=FACE_OUTER_BOUND('',#3589,.F.);
#3591=ADVANCED_FACE('',(#3590),#3582,.T.);
#3592=CARTESIAN_POINT('',(9.13E0,-2.385E0,0.E0));
#3593=DIRECTION('',(1.E0,0.E0,0.E0));
#3594=DIRECTION('',(0.E0,1.E0,0.E0));
#3595=AXIS2_PLACEMENT_3D('',#3592,#3593,#3594);
#3596=PLANE('',#3595);
#3597=ORIENTED_EDGE('',*,*,#3583,.T.);
#3598=ORIENTED_EDGE('',*,*,#3444,.T.);
#3600=ORIENTED_EDGE('',*,*,#3599,.T.);
#3602=ORIENTED_EDGE('',*,*,#3601,.T.);
#3603=EDGE_LOOP('',(#3597,#3598,#3600,#3602));
#3604=FACE_OUTER_BOUND('',#3603,.F.);
#3605=ADVANCED_FACE('',(#3604),#3596,.F.);
#3606=CARTESIAN_POINT('',(7.4E0,-2.385E0,0.E0));
#3607=DIRECTION('',(0.E0,-1.E0,0.E0));
#3608=DIRECTION('',(1.E0,0.E0,0.E0));
#3609=AXIS2_PLACEMENT_3D('',#3606,#3607,#3608);
#3610=PLANE('',#3609);
#3611=ORIENTED_EDGE('',*,*,#3459,.T.);
#3612=ORIENTED_EDGE('',*,*,#3489,.T.);
#3614=ORIENTED_EDGE('',*,*,#3613,.T.);
#3615=ORIENTED_EDGE('',*,*,#3599,.F.);
#3616=EDGE_LOOP('',(#3611,#3612,#3614,#3615));
#3617=FACE_OUTER_BOUND('',#3616,.F.);
#3618=ADVANCED_FACE('',(#3617),#3610,.F.);
#3619=CARTESIAN_POINT('',(0.E0,0.E0,-7.E0));
#3620=DIRECTION('',(0.E0,0.E0,1.E0));
#3621=DIRECTION('',(1.E0,0.E0,0.E0));
#3622=AXIS2_PLACEMENT_3D('',#3619,#3620,#3621);
#3623=PLANE('',#3622);
#3625=ORIENTED_EDGE('',*,*,#3624,.T.);
#3626=ORIENTED_EDGE('',*,*,#3601,.F.);
#3627=ORIENTED_EDGE('',*,*,#3613,.F.);
#3628=ORIENTED_EDGE('',*,*,#3487,.F.);
#3629=EDGE_LOOP('',(#3625,#3626,#3627,#3628));
#3630=FACE_OUTER_BOUND('',#3629,.F.);
#3631=ADVANCED_FACE('',(#3630),#3623,.T.);
#3632=CARTESIAN_POINT('',(0.E0,0.E0,-7.E0));
#3633=DIRECTION('',(0.E0,0.E0,1.E0));
#3634=DIRECTION('',(1.E0,0.E0,0.E0));
#3635=AXIS2_PLACEMENT_3D('',#3632,#3633,#3634);
#3636=PLANE('',#3635);
#3638=ORIENTED_EDGE('',*,*,#3637,.T.);
#3640=ORIENTED_EDGE('',*,*,#3639,.F.);
#3642=ORIENTED_EDGE('',*,*,#3641,.F.);
#3644=ORIENTED_EDGE('',*,*,#3643,.F.);
#3645=EDGE_LOOP('',(#3638,#3640,#3642,#3644));
#3646=FACE_OUTER_BOUND('',#3645,.F.);
#3647=ADVANCED_FACE('',(#3646),#3636,.T.);
#3648=CARTESIAN_POINT('',(8.265E0,4.285910346562E0,-7.19E0));
#3649=DIRECTION('',(0.E0,5.E-1,8.660254037844E-1));
#3650=DIRECTION('',(-1.E0,0.E0,0.E0));
#3651=AXIS2_PLACEMENT_3D('',#3648,#3649,#3650);
#3652=PLANE('',#3651);
#3653=ORIENTED_EDGE('',*,*,#3624,.F.);
#3654=ORIENTED_EDGE('',*,*,#3501,.T.);
#3655=ORIENTED_EDGE('',*,*,#3515,.T.);
#3656=ORIENTED_EDGE('',*,*,#3585,.F.);
#3657=EDGE_LOOP('',(#3653,#3654,#3655,#3656));
#3658=FACE_OUTER_BOUND('',#3657,.F.);
#3659=ADVANCED_FACE('',(#3658),#3652,.T.);
#3660=CARTESIAN_POINT('',(-8.265E0,4.285910346562E0,-7.19E0));
#3661=DIRECTION('',(0.E0,5.E-1,8.660254037844E-1));
#3662=DIRECTION('',(-1.E0,0.E0,0.E0));
#3663=AXIS2_PLACEMENT_3D('',#3660,#3661,#3662);
#3664=PLANE('',#3663);
#3666=ORIENTED_EDGE('',*,*,#3665,.T.);
#3667=ORIENTED_EDGE('',*,*,#3563,.T.);
#3669=ORIENTED_EDGE('',*,*,#3668,.F.);
#3670=ORIENTED_EDGE('',*,*,#3637,.F.);
#3671=EDGE_LOOP('',(#3666,#3667,#3669,#3670));
#3672=FACE_OUTER_BOUND('',#3671,.F.);
#3673=ADVANCED_FACE('',(#3672),#3664,.T.);
#3674=CARTESIAN_POINT('',(-9.32E0,4.285910346562E0,-3.5E0));
#3675=DIRECTION('',(8.660254037844E-1,5.E-1,0.E0));
#3676=DIRECTION('',(0.E0,0.E0,-1.E0));
#3677=AXIS2_PLACEMENT_3D('',#3674,#3675,#3676);
#3678=PLANE('',#3677);
#3680=ORIENTED_EDGE('',*,*,#3679,.T.);
#3681=ORIENTED_EDGE('',*,*,#3565,.T.);
#3682=ORIENTED_EDGE('',*,*,#3665,.F.);
#3684=ORIENTED_EDGE('',*,*,#3683,.F.);
#3685=EDGE_LOOP('',(#3680,#3681,#3682,#3684));
#3686=FACE_OUTER_BOUND('',#3685,.F.);
#3687=ADVANCED_FACE('',(#3686),#3678,.T.);
#3688=CARTESIAN_POINT('',(-9.32E0,1.115E0,-3.290896534381E-1));
#3689=DIRECTION('',(8.660254037844E-1,0.E0,5.E-1));
#3690=DIRECTION('',(0.E0,-1.E0,0.E0));
#3691=AXIS2_PLACEMENT_3D('',#3688,#3689,#3690);
#3692=PLANE('',#3691);
#3693=ORIENTED_EDGE('',*,*,#3679,.F.);
#3695=ORIENTED_EDGE('',*,*,#3694,.F.);
#3697=ORIENTED_EDGE('',*,*,#3696,.T.);
#3698=ORIENTED_EDGE('',*,*,#3371,.T.);
#3699=EDGE_LOOP('',(#3693,#3695,#3697,#3698));
#3700=FACE_OUTER_BOUND('',#3699,.F.);
#3701=ADVANCED_FACE('',(#3700),#3692,.T.);
#3702=CARTESIAN_POINT('',(-9.13E0,4.615E0,0.E0));
#3703=DIRECTION('',(-1.E0,0.E0,0.E0));
#3704=DIRECTION('',(0.E0,-1.E0,0.E0));
#3705=AXIS2_PLACEMENT_3D('',#3702,#3703,#3704);
#3706=PLANE('',#3705);
#3707=ORIENTED_EDGE('',*,*,#3683,.T.);
#3708=ORIENTED_EDGE('',*,*,#3643,.T.);
#3710=ORIENTED_EDGE('',*,*,#3709,.F.);
#3711=ORIENTED_EDGE('',*,*,#3694,.T.);
#3712=EDGE_LOOP('',(#3707,#3708,#3710,#3711));
#3713=FACE_OUTER_BOUND('',#3712,.F.);
#3714=ADVANCED_FACE('',(#3713),#3706,.F.);
#3715=CARTESIAN_POINT('',(-9.13E0,-2.385E0,0.E0));
#3716=DIRECTION('',(0.E0,-1.E0,0.E0));
#3717=DIRECTION('',(1.E0,0.E0,0.E0));
#3718=AXIS2_PLACEMENT_3D('',#3715,#3716,#3717);
#3719=PLANE('',#3718);
#3721=ORIENTED_EDGE('',*,*,#3720,.F.);
#3723=ORIENTED_EDGE('',*,*,#3722,.F.);
#3724=ORIENTED_EDGE('',*,*,#3373,.T.);
#3725=ORIENTED_EDGE('',*,*,#3696,.F.);
#3726=ORIENTED_EDGE('',*,*,#3709,.T.);
#3727=ORIENTED_EDGE('',*,*,#3641,.T.);
#3728=EDGE_LOOP('',(#3721,#3723,#3724,#3725,#3726,#3727));
#3729=FACE_OUTER_BOUND('',#3728,.F.);
#3730=ADVANCED_FACE('',(#3729),#3719,.F.);
#3731=CARTESIAN_POINT('',(-7.4E0,-2.385E0,0.E0));
#3732=DIRECTION('',(1.E0,0.E0,0.E0));
#3733=DIRECTION('',(0.E0,1.E0,0.E0));
#3734=AXIS2_PLACEMENT_3D('',#3731,#3732,#3733);
#3735=PLANE('',#3734);
#3737=ORIENTED_EDGE('',*,*,#3736,.T.);
#3738=ORIENTED_EDGE('',*,*,#3720,.T.);
#3739=ORIENTED_EDGE('',*,*,#3639,.T.);
#3741=ORIENTED_EDGE('',*,*,#3740,.T.);
#3742=EDGE_LOOP('',(#3737,#3738,#3739,#3741));
#3743=FACE_OUTER_BOUND('',#3742,.F.);
#3744=ADVANCED_FACE('',(#3743),#3735,.F.);
#3745=CARTESIAN_POINT('',(-7.21E0,1.115E0,-3.290896534381E-1));
#3746=DIRECTION('',(-8.660254037844E-1,0.E0,5.E-1));
#3747=DIRECTION('',(0.E0,-1.E0,0.E0));
#3748=AXIS2_PLACEMENT_3D('',#3745,#3746,#3747);
#3749=PLANE('',#3748);
#3751=ORIENTED_EDGE('',*,*,#3750,.T.);
#3752=ORIENTED_EDGE('',*,*,#3375,.T.);
#3753=ORIENTED_EDGE('',*,*,#3722,.T.);
#3754=ORIENTED_EDGE('',*,*,#3736,.F.);
#3755=EDGE_LOOP('',(#3751,#3752,#3753,#3754));
#3756=FACE_OUTER_BOUND('',#3755,.F.);
#3757=ADVANCED_FACE('',(#3756),#3749,.T.);
#3758=CARTESIAN_POINT('',(-7.21E0,4.285910346562E0,-3.5E0));
#3759=DIRECTION('',(-8.660254037844E-1,5.E-1,0.E0));
#3760=DIRECTION('',(0.E0,0.E0,-1.E0));
#3761=AXIS2_PLACEMENT_3D('',#3758,#3759,#3760);
#3762=PLANE('',#3761);
#3763=ORIENTED_EDGE('',*,*,#3750,.F.);
#3764=ORIENTED_EDGE('',*,*,#3740,.F.);
#3765=ORIENTED_EDGE('',*,*,#3668,.T.);
#3766=ORIENTED_EDGE('',*,*,#3561,.T.);
#3767=EDGE_LOOP('',(#3763,#3764,#3765,#3766));
#3768=FACE_OUTER_BOUND('',#3767,.F.);
#3769=ADVANCED_FACE('',(#3768),#3762,.T.);
#3770=CARTESIAN_POINT('',(5.485E0,4.285910346562E0,-3.3E0));
#3771=DIRECTION('',(-8.660254037844E-1,5.E-1,0.E0));
#3772=DIRECTION('',(0.E0,0.E0,-1.E0));
#3773=AXIS2_PLACEMENT_3D('',#3770,#3771,#3772);
#3774=PLANE('',#3773);
#3776=ORIENTED_EDGE('',*,*,#3775,.F.);
#3778=ORIENTED_EDGE('',*,*,#3777,.F.);
#3780=ORIENTED_EDGE('',*,*,#3779,.T.);
#3781=ORIENTED_EDGE('',*,*,#3519,.T.);
#3782=EDGE_LOOP('',(#3776,#3778,#3780,#3781));
#3783=FACE_OUTER_BOUND('',#3782,.F.);
#3784=ADVANCED_FACE('',(#3783),#3774,.T.);
#3785=CARTESIAN_POINT('',(5.485E0,1.315E0,-3.290896534381E-1));
#3786=DIRECTION('',(-8.660254037844E-1,0.E0,5.E-1));
#3787=DIRECTION('',(0.E0,-1.E0,0.E0));
#3788=AXIS2_PLACEMENT_3D('',#3785,#3786,#3787);
#3789=PLANE('',#3788);
#3791=ORIENTED_EDGE('',*,*,#3790,.F.);
#3793=ORIENTED_EDGE('',*,*,#3792,.F.);
#3794=ORIENTED_EDGE('',*,*,#3775,.T.);
#3795=ORIENTED_EDGE('',*,*,#3425,.T.);
#3796=EDGE_LOOP('',(#3791,#3793,#3794,#3795));
#3797=FACE_OUTER_BOUND('',#3796,.F.);
#3798=ADVANCED_FACE('',(#3797),#3789,.T.);
#3799=CARTESIAN_POINT('',(5.E0,-2.175E0,-3.290896534381E-1));
#3800=DIRECTION('',(0.E0,8.660254037844E-1,5.E-1));
#3801=DIRECTION('',(-1.E0,0.E0,0.E0));
#3802=AXIS2_PLACEMENT_3D('',#3799,#3800,#3801);
#3803=PLANE('',#3802);
#3805=ORIENTED_EDGE('',*,*,#3804,.F.);
#3807=ORIENTED_EDGE('',*,*,#3806,.F.);
#3808=ORIENTED_EDGE('',*,*,#3790,.T.);
#3809=ORIENTED_EDGE('',*,*,#3423,.T.);
#3810=EDGE_LOOP('',(#3805,#3807,#3808,#3809));
#3811=FACE_OUTER_BOUND('',#3810,.F.);
#3812=ADVANCED_FACE('',(#3811),#3803,.T.);
#3813=CARTESIAN_POINT('',(4.515E0,1.315E0,-3.290896534381E-1));
#3814=DIRECTION('',(8.660254037844E-1,0.E0,5.E-1));
#3815=DIRECTION('',(0.E0,-1.E0,0.E0));
#3816=AXIS2_PLACEMENT_3D('',#3813,#3814,#3815);
#3817=PLANE('',#3816);
#3819=ORIENTED_EDGE('',*,*,#3818,.F.);
#3821=ORIENTED_EDGE('',*,*,#3820,.F.);
#3822=ORIENTED_EDGE('',*,*,#3804,.T.);
#3823=ORIENTED_EDGE('',*,*,#3421,.T.);
#3824=EDGE_LOOP('',(#3819,#3821,#3822,#3823));
#3825=FACE_OUTER_BOUND('',#3824,.F.);
#3826=ADVANCED_FACE('',(#3825),#3817,.T.);
#3827=CARTESIAN_POINT('',(4.515E0,4.285910346562E0,-3.3E0));
#3828=DIRECTION('',(8.660254037844E-1,5.E-1,0.E0));
#3829=DIRECTION('',(0.E0,0.E0,-1.E0));
#3830=AXIS2_PLACEMENT_3D('',#3827,#3828,#3829);
#3831=PLANE('',#3830);
#3832=ORIENTED_EDGE('',*,*,#3818,.T.);
#3833=ORIENTED_EDGE('',*,*,#3523,.T.);
#3835=ORIENTED_EDGE('',*,*,#3834,.F.);
#3837=ORIENTED_EDGE('',*,*,#3836,.F.);
#3838=EDGE_LOOP('',(#3832,#3833,#3835,#3837));
#3839=FACE_OUTER_BOUND('',#3838,.F.);
#3840=ADVANCED_FACE('',(#3839),#3831,.T.);
#3841=CARTESIAN_POINT('',(5.E0,4.285910346562E0,-6.79E0));
#3842=DIRECTION('',(0.E0,5.E-1,8.660254037844E-1));
#3843=DIRECTION('',(-1.E0,0.E0,0.E0));
#3844=AXIS2_PLACEMENT_3D('',#3841,#3842,#3843);
#3845=PLANE('',#3844);
#3847=ORIENTED_EDGE('',*,*,#3846,.F.);
#3848=ORIENTED_EDGE('',*,*,#3834,.T.);
#3849=ORIENTED_EDGE('',*,*,#3521,.T.);
#3850=ORIENTED_EDGE('',*,*,#3779,.F.);
#3851=EDGE_LOOP('',(#3847,#3848,#3849,#3850));
#3852=FACE_OUTER_BOUND('',#3851,.F.);
#3853=ADVANCED_FACE('',(#3852),#3845,.T.);
#3854=CARTESIAN_POINT('',(4.705E0,-1.985E0,-6.6E0));
#3855=DIRECTION('',(0.E0,0.E0,-1.E0));
#3856=DIRECTION('',(0.E0,1.E0,0.E0));
#3857=AXIS2_PLACEMENT_3D('',#3854,#3855,#3856);
#3858=PLANE('',#3857);
#3859=ORIENTED_EDGE('',*,*,#3846,.T.);
#3861=ORIENTED_EDGE('',*,*,#3860,.F.);
#3863=ORIENTED_EDGE('',*,*,#3862,.F.);
#3865=ORIENTED_EDGE('',*,*,#3864,.T.);
#3866=EDGE_LOOP('',(#3859,#3861,#3863,#3865));
#3867=FACE_OUTER_BOUND('',#3866,.F.);
#3868=ADVANCED_FACE('',(#3867),#3858,.F.);
#3869=CARTESIAN_POINT('',(5.295E0,0.E0,0.E0));
#3870=DIRECTION('',(1.E0,0.E0,0.E0));
#3871=DIRECTION('',(0.E0,0.E0,-1.E0));
#3872=AXIS2_PLACEMENT_3D('',#3869,#3870,#3871);
#3873=PLANE('',#3872);
#3874=ORIENTED_EDGE('',*,*,#3777,.T.);
#3875=ORIENTED_EDGE('',*,*,#3792,.T.);
#3877=ORIENTED_EDGE('',*,*,#3876,.T.);
#3878=ORIENTED_EDGE('',*,*,#3860,.T.);
#3879=EDGE_LOOP('',(#3874,#3875,#3877,#3878));
#3880=FACE_OUTER_BOUND('',#3879,.F.);
#3882=ORIENTED_EDGE('',*,*,#3881,.F.);
#3884=ORIENTED_EDGE('',*,*,#3883,.T.);
#3886=ORIENTED_EDGE('',*,*,#3885,.T.);
#3888=ORIENTED_EDGE('',*,*,#3887,.T.);
#3889=EDGE_LOOP('',(#3882,#3884,#3886,#3888));
#3890=FACE_BOUND('',#3889,.F.);
#3892=ORIENTED_EDGE('',*,*,#3891,.F.);
#3894=ORIENTED_EDGE('',*,*,#3893,.T.);
#3896=ORIENTED_EDGE('',*,*,#3895,.T.);
#3898=ORIENTED_EDGE('',*,*,#3897,.F.);
#3899=EDGE_LOOP('',(#3892,#3894,#3896,#3898));
#3900=FACE_BOUND('',#3899,.F.);
#3901=ADVANCED_FACE('',(#3880,#3890,#3900),#3873,.F.);
#3902=CARTESIAN_POINT('',(4.705E0,-1.985E0,0.E0));
#3903=DIRECTION('',(0.E0,-1.E0,0.E0));
#3904=DIRECTION('',(0.E0,0.E0,-1.E0));
#3905=AXIS2_PLACEMENT_3D('',#3902,#3903,#3904);
#3906=PLANE('',#3905);
#3907=ORIENTED_EDGE('',*,*,#3806,.T.);
#3909=ORIENTED_EDGE('',*,*,#3908,.T.);
#3910=ORIENTED_EDGE('',*,*,#3862,.T.);
#3911=ORIENTED_EDGE('',*,*,#3876,.F.);
#3912=EDGE_LOOP('',(#3907,#3909,#3910,#3911));
#3913=FACE_OUTER_BOUND('',#3912,.F.);
#3914=ADVANCED_FACE('',(#3913),#3906,.F.);
#3915=CARTESIAN_POINT('',(4.705E0,0.E0,0.E0));
#3916=DIRECTION('',(1.E0,0.E0,0.E0));
#3917=DIRECTION('',(0.E0,0.E0,-1.E0));
#3918=AXIS2_PLACEMENT_3D('',#3915,#3916,#3917);
#3919=PLANE('',#3918);
#3920=ORIENTED_EDGE('',*,*,#3820,.T.);
#3921=ORIENTED_EDGE('',*,*,#3836,.T.);
#3922=ORIENTED_EDGE('',*,*,#3864,.F.);
#3923=ORIENTED_EDGE('',*,*,#3908,.F.);
#3924=EDGE_LOOP('',(#3920,#3921,#3922,#3923));
#3925=FACE_OUTER_BOUND('',#3924,.F.);
#3926=ADVANCED_FACE('',(#3925),#3919,.T.);
#3927=CARTESIAN_POINT('',(1.E1,-1.985E0,-5.88E0));
#3928=DIRECTION('',(0.E0,7.071067811865E-1,-7.071067811865E-1));
#3929=DIRECTION('',(0.E0,-7.071067811865E-1,-7.071067811865E-1));
#3930=AXIS2_PLACEMENT_3D('',#3927,#3928,#3929);
#3931=PLANE('',#3930);
#3932=ORIENTED_EDGE('',*,*,#3881,.T.);
#3934=ORIENTED_EDGE('',*,*,#3933,.T.);
#3936=ORIENTED_EDGE('',*,*,#3935,.T.);
#3937=ORIENTED_EDGE('',*,*,#3891,.T.);
#3939=ORIENTED_EDGE('',*,*,#3938,.T.);
#3941=ORIENTED_EDGE('',*,*,#3940,.T.);
#3942=EDGE_LOOP('',(#3932,#3934,#3936,#3937,#3939,#3941));
#3943=FACE_OUTER_BOUND('',#3942,.F.);
#3944=ADVANCED_FACE('',(#3943),#3931,.F.);
#3945=CARTESIAN_POINT('',(5.745E0,1.062630226914E0,-2.832369773086E0));
#3946=DIRECTION('',(0.E0,7.071067811865E-1,-7.071067811865E-1));
#3947=DIRECTION('',(0.E0,-7.071067811865E-1,-7.071067811865E-1));
#3948=AXIS2_PLACEMENT_3D('',#3945,#3946,#3947);
#3949=CYLINDRICAL_SURFACE('',#3948,7.49E-1);
#3950=ORIENTED_EDGE('',*,*,#3887,.F.);
#3952=ORIENTED_EDGE('',*,*,#3951,.T.);
#3954=ORIENTED_EDGE('',*,*,#3953,.F.);
#3955=ORIENTED_EDGE('',*,*,#3933,.F.);
#3956=EDGE_LOOP('',(#3950,#3952,#3954,#3955));
#3957=FACE_OUTER_BOUND('',#3956,.F.);
#3958=ADVANCED_FACE('',(#3957),#3949,.F.);
#3959=CARTESIAN_POINT('',(1.E1,-1.263751083190E0,-6.601248916810E0));
#3960=DIRECTION('',(0.E0,7.071067811865E-1,-7.071067811865E-1));
#3961=DIRECTION('',(0.E0,-7.071067811865E-1,-7.071067811865E-1));
#3962=AXIS2_PLACEMENT_3D('',#3959,#3960,#3961);
#3963=PLANE('',#3962);
#3964=ORIENTED_EDGE('',*,*,#3885,.F.);
#3966=ORIENTED_EDGE('',*,*,#3965,.F.);
#3968=ORIENTED_EDGE('',*,*,#3967,.F.);
#3969=ORIENTED_EDGE('',*,*,#3895,.F.);
#3971=ORIENTED_EDGE('',*,*,#3970,.F.);
#3972=ORIENTED_EDGE('',*,*,#3951,.F.);
#3973=EDGE_LOOP('',(#3964,#3966,#3968,#3969,#3971,#3972));
#3974=FACE_OUTER_BOUND('',#3973,.F.);
#3975=ADVANCED_FACE('',(#3974),#3963,.T.);
#3976=CARTESIAN_POINT('',(5.745E0,1.062630226914E0,-2.832369773086E0));
#3977=DIRECTION('',(0.E0,7.071067811865E-1,-7.071067811865E-1));
#3978=DIRECTION('',(0.E0,-7.071067811865E-1,-7.071067811865E-1));
#3979=AXIS2_PLACEMENT_3D('',#3976,#3977,#3978);
#3980=CYLINDRICAL_SURFACE('',#3979,1.E0);
#3981=ORIENTED_EDGE('',*,*,#3883,.F.);
#3982=ORIENTED_EDGE('',*,*,#3940,.F.);
#3984=ORIENTED_EDGE('',*,*,#3983,.T.);
#3985=ORIENTED_EDGE('',*,*,#3965,.T.);
#3986=EDGE_LOOP('',(#3981,#3982,#3984,#3985));
#3987=FACE_OUTER_BOUND('',#3986,.F.);
#3988=ADVANCED_FACE('',(#3987),#3980,.T.);
#3989=CARTESIAN_POINT('',(5.295E0,7.185096541982E-2,-3.823149034580E0));
#3990=DIRECTION('',(-9.063077870367E-1,-2.988362387301E-1,-2.988362387301E-1));
#3991=DIRECTION('',(-4.226182617407E-1,6.408563820558E-1,6.408563820558E-1));
#3992=AXIS2_PLACEMENT_3D('',#3989,#3990,#3991);
#3993=PLANE('',#3992);
#3994=ORIENTED_EDGE('',*,*,#3897,.T.);
#3995=ORIENTED_EDGE('',*,*,#3967,.T.);
#3996=ORIENTED_EDGE('',*,*,#3983,.F.);
#3997=ORIENTED_EDGE('',*,*,#3938,.F.);
#3998=EDGE_LOOP('',(#3994,#3995,#3996,#3997));
#3999=FACE_OUTER_BOUND('',#3998,.F.);
#4000=ADVANCED_FACE('',(#3999),#3993,.T.);
#4001=CARTESIAN_POINT('',(5.066175467510E0,8.388018841052E-1,
-3.056198115895E0));
#4002=DIRECTION('',(9.063077870367E-1,2.988362387301E-1,2.988362387301E-1));
#4003=DIRECTION('',(4.226182617407E-1,-6.408563820558E-1,-6.408563820558E-1));
#4004=AXIS2_PLACEMENT_3D('',#4001,#4002,#4003);
#4005=PLANE('',#4004);
#4006=ORIENTED_EDGE('',*,*,#3893,.F.);
#4007=ORIENTED_EDGE('',*,*,#3935,.F.);
#4008=ORIENTED_EDGE('',*,*,#3953,.T.);
#4009=ORIENTED_EDGE('',*,*,#3970,.T.);
#4010=EDGE_LOOP('',(#4006,#4007,#4008,#4009));
#4011=FACE_OUTER_BOUND('',#4010,.F.);
#4012=ADVANCED_FACE('',(#4011),#4005,.T.);
#4013=CARTESIAN_POINT('',(3.485E0,4.285910346562E0,-2.85E0));
#4014=DIRECTION('',(-8.660254037844E-1,5.E-1,0.E0));
#4015=DIRECTION('',(0.E0,0.E0,-1.E0));
#4016=AXIS2_PLACEMENT_3D('',#4013,#4014,#4015);
#4017=PLANE('',#4016);
#4019=ORIENTED_EDGE('',*,*,#4018,.T.);
#4020=ORIENTED_EDGE('',*,*,#3526,.T.);
#4022=ORIENTED_EDGE('',*,*,#4021,.F.);
#4024=ORIENTED_EDGE('',*,*,#4023,.F.);
#4025=EDGE_LOOP('',(#4019,#4020,#4022,#4024));
#4026=FACE_OUTER_BOUND('',#4025,.F.);
#4027=ADVANCED_FACE('',(#4026),#4017,.T.);
#4028=CARTESIAN_POINT('',(3.E0,4.285910346562E0,-5.89E0));
#4029=DIRECTION('',(0.E0,5.E-1,8.660254037844E-1));
#4030=DIRECTION('',(-1.E0,0.E0,0.E0));
#4031=AXIS2_PLACEMENT_3D('',#4028,#4029,#4030);
#4032=PLANE('',#4031);
#4033=ORIENTED_EDGE('',*,*,#4018,.F.);
#4035=ORIENTED_EDGE('',*,*,#4034,.F.);
#4037=ORIENTED_EDGE('',*,*,#4036,.T.);
#4038=ORIENTED_EDGE('',*,*,#3528,.T.);
#4039=EDGE_LOOP('',(#4033,#4035,#4037,#4038));
#4040=FACE_OUTER_BOUND('',#4039,.F.);
#4041=ADVANCED_FACE('',(#4040),#4032,.T.);
#4042=CARTESIAN_POINT('',(6.E0,0.E0,-5.7E0));
#4043=DIRECTION('',(0.E0,0.E0,1.E0));
#4044=DIRECTION('',(1.E0,0.E0,0.E0));
#4045=AXIS2_PLACEMENT_3D('',#4042,#4043,#4044);
#4046=PLANE('',#4045);
#4047=ORIENTED_EDGE('',*,*,#4034,.T.);
#4049=ORIENTED_EDGE('',*,*,#4048,.F.);
#4051=ORIENTED_EDGE('',*,*,#4050,.F.);
#4053=ORIENTED_EDGE('',*,*,#4052,.F.);
#4054=EDGE_LOOP('',(#4047,#4049,#4051,#4053));
#4055=FACE_OUTER_BOUND('',#4054,.F.);
#4056=ADVANCED_FACE('',(#4055),#4046,.T.);
#4057=CARTESIAN_POINT('',(3.295E0,-1.085E0,0.E0));
#4058=DIRECTION('',(1.E0,0.E0,0.E0));
#4059=DIRECTION('',(0.E0,1.E0,0.E0));
#4060=AXIS2_PLACEMENT_3D('',#4057,#4058,#4059);
#4061=PLANE('',#4060);
#4063=ORIENTED_EDGE('',*,*,#4062,.T.);
#4065=ORIENTED_EDGE('',*,*,#4064,.T.);
#4066=ORIENTED_EDGE('',*,*,#4048,.T.);
#4067=ORIENTED_EDGE('',*,*,#4023,.T.);
#4068=EDGE_LOOP('',(#4063,#4065,#4066,#4067));
#4069=FACE_OUTER_BOUND('',#4068,.F.);
#4071=ORIENTED_EDGE('',*,*,#4070,.F.);
#4073=ORIENTED_EDGE('',*,*,#4072,.T.);
#4075=ORIENTED_EDGE('',*,*,#4074,.T.);
#4077=ORIENTED_EDGE('',*,*,#4076,.T.);
#4078=EDGE_LOOP('',(#4071,#4073,#4075,#4077));
#4079=FACE_BOUND('',#4078,.F.);
#4081=ORIENTED_EDGE('',*,*,#4080,.F.);
#4083=ORIENTED_EDGE('',*,*,#4082,.T.);
#4085=ORIENTED_EDGE('',*,*,#4084,.T.);
#4087=ORIENTED_EDGE('',*,*,#4086,.F.);
#4088=EDGE_LOOP('',(#4081,#4083,#4085,#4087));
#4089=FACE_BOUND('',#4088,.F.);
#4090=ADVANCED_FACE('',(#4069,#4079,#4089),#4061,.F.);
#4091=CARTESIAN_POINT('',(3.485E0,1.765E0,-3.290896534381E-1));
#4092=DIRECTION('',(-8.660254037844E-1,0.E0,5.E-1));
#4093=DIRECTION('',(0.E0,-1.E0,0.E0));
#4094=AXIS2_PLACEMENT_3D('',#4091,#4092,#4093);
#4095=PLANE('',#4094);
#4096=ORIENTED_EDGE('',*,*,#4021,.T.);
#4097=ORIENTED_EDGE('',*,*,#3417,.T.);
#4099=ORIENTED_EDGE('',*,*,#4098,.F.);
#4100=ORIENTED_EDGE('',*,*,#4062,.F.);
#4101=EDGE_LOOP('',(#4096,#4097,#4099,#4100));
#4102=FACE_OUTER_BOUND('',#4101,.F.);
#4103=ADVANCED_FACE('',(#4102),#4095,.T.);
#4104=CARTESIAN_POINT('',(3.E0,-1.275E0,-3.290896534381E-1));
#4105=DIRECTION('',(0.E0,8.660254037844E-1,5.E-1));
#4106=DIRECTION('',(-1.E0,0.E0,0.E0));
#4107=AXIS2_PLACEMENT_3D('',#4104,#4105,#4106);
#4108=PLANE('',#4107);
#4109=ORIENTED_EDGE('',*,*,#4098,.T.);
#4110=ORIENTED_EDGE('',*,*,#3415,.T.);
#4112=ORIENTED_EDGE('',*,*,#4111,.T.);
#4114=ORIENTED_EDGE('',*,*,#4113,.F.);
#4115=EDGE_LOOP('',(#4109,#4110,#4112,#4114));
#4116=FACE_OUTER_BOUND('',#4115,.F.);
#4117=ADVANCED_FACE('',(#4116),#4108,.T.);
#4118=CARTESIAN_POINT('',(2.705E0,4.615E0,0.E0));
#4119=DIRECTION('',(-1.E0,0.E0,0.E0));
#4120=DIRECTION('',(0.E0,-1.E0,0.E0));
#4121=AXIS2_PLACEMENT_3D('',#4118,#4119,#4120);
#4122=PLANE('',#4121);
#4124=ORIENTED_EDGE('',*,*,#4123,.F.);
#4125=ORIENTED_EDGE('',*,*,#4111,.F.);
#4126=ORIENTED_EDGE('',*,*,#3413,.T.);
#4128=ORIENTED_EDGE('',*,*,#4127,.T.);
#4129=ORIENTED_EDGE('',*,*,#4052,.T.);
#4130=EDGE_LOOP('',(#4124,#4125,#4126,#4128,#4129));
#4131=FACE_OUTER_BOUND('',#4130,.F.);
#4132=ADVANCED_FACE('',(#4131),#4122,.F.);
#4133=CARTESIAN_POINT('',(2.705E0,-1.085E0,0.E0));
#4134=DIRECTION('',(0.E0,-1.E0,0.E0));
#4135=DIRECTION('',(1.E0,0.E0,0.E0));
#4136=AXIS2_PLACEMENT_3D('',#4133,#4134,#4135);
#4137=PLANE('',#4136);
#4138=ORIENTED_EDGE('',*,*,#4113,.T.);
#4139=ORIENTED_EDGE('',*,*,#4123,.T.);
#4140=ORIENTED_EDGE('',*,*,#4050,.T.);
#4141=ORIENTED_EDGE('',*,*,#4064,.F.);
#4142=EDGE_LOOP('',(#4138,#4139,#4140,#4141));
#4143=FACE_OUTER_BOUND('',#4142,.F.);
#4144=ADVANCED_FACE('',(#4143),#4137,.F.);
#4145=CARTESIAN_POINT('',(2.515E0,4.285910346562E0,-2.85E0));
#4146=DIRECTION('',(8.660254037844E-1,5.E-1,0.E0));
#4147=DIRECTION('',(0.E0,0.E0,-1.E0));
#4148=AXIS2_PLACEMENT_3D('',#4145,#4146,#4147);
#4149=PLANE('',#4148);
#4150=ORIENTED_EDGE('',*,*,#3411,.T.);
#4151=ORIENTED_EDGE('',*,*,#3530,.T.);
#4152=ORIENTED_EDGE('',*,*,#4036,.F.);
#4153=ORIENTED_EDGE('',*,*,#4127,.F.);
#4154=EDGE_LOOP('',(#4150,#4151,#4152,#4153));
#4155=FACE_OUTER_BOUND('',#4154,.F.);
#4156=ADVANCED_FACE('',(#4155),#4149,.T.);
#4157=CARTESIAN_POINT('',(8.E0,-1.985E0,-5.88E0));
#4158=DIRECTION('',(0.E0,7.071067811865E-1,-7.071067811865E-1));
#4159=DIRECTION('',(0.E0,-7.071067811865E-1,-7.071067811865E-1));
#4160=AXIS2_PLACEMENT_3D('',#4157,#4158,#4159);
#4161=PLANE('',#4160);
#4163=ORIENTED_EDGE('',*,*,#4162,.T.);
#4165=ORIENTED_EDGE('',*,*,#4164,.T.);
#4166=ORIENTED_EDGE('',*,*,#4080,.T.);
#4168=ORIENTED_EDGE('',*,*,#4167,.T.);
#4170=ORIENTED_EDGE('',*,*,#4169,.T.);
#4171=ORIENTED_EDGE('',*,*,#4070,.T.);
#4172=EDGE_LOOP('',(#4163,#4165,#4166,#4168,#4170,#4171));
#4173=FACE_OUTER_BOUND('',#4172,.F.);
#4174=ADVANCED_FACE('',(#4173),#4161,.F.);
#4175=CARTESIAN_POINT('',(3.745E0,1.062630226914E0,-2.832369773086E0));
#4176=DIRECTION('',(0.E0,7.071067811865E-1,-7.071067811865E-1));
#4177=DIRECTION('',(0.E0,-7.071067811865E-1,-7.071067811865E-1));
#4178=AXIS2_PLACEMENT_3D('',#4175,#4176,#4177);
#4179=CYLINDRICAL_SURFACE('',#4178,7.49E-1);
#4180=ORIENTED_EDGE('',*,*,#4162,.F.);
#4181=ORIENTED_EDGE('',*,*,#4076,.F.);
#4183=ORIENTED_EDGE('',*,*,#4182,.T.);
#4185=ORIENTED_EDGE('',*,*,#4184,.F.);
#4186=EDGE_LOOP('',(#4180,#4181,#4183,#4185));
#4187=FACE_OUTER_BOUND('',#4186,.F.);
#4188=ADVANCED_FACE('',(#4187),#4179,.F.);
#4189=CARTESIAN_POINT('',(8.E0,-1.263751083190E0,-6.601248916810E0));
#4190=DIRECTION('',(0.E0,7.071067811865E-1,-7.071067811865E-1));
#4191=DIRECTION('',(0.E0,-7.071067811865E-1,-7.071067811865E-1));
#4192=AXIS2_PLACEMENT_3D('',#4189,#4190,#4191);
#4193=PLANE('',#4192);
#4194=ORIENTED_EDGE('',*,*,#4182,.F.);
#4195=ORIENTED_EDGE('',*,*,#4074,.F.);
#4197=ORIENTED_EDGE('',*,*,#4196,.F.);
#4199=ORIENTED_EDGE('',*,*,#4198,.F.);
#4200=ORIENTED_EDGE('',*,*,#4084,.F.);
#4202=ORIENTED_EDGE('',*,*,#4201,.F.);
#4203=EDGE_LOOP('',(#4194,#4195,#4197,#4199,#4200,#4202));
#4204=FACE_OUTER_BOUND('',#4203,.F.);
#4205=ADVANCED_FACE('',(#4204),#4193,.T.);
#4206=CARTESIAN_POINT('',(3.745E0,1.062630226914E0,-2.832369773086E0));
#4207=DIRECTION('',(0.E0,7.071067811865E-1,-7.071067811865E-1));
#4208=DIRECTION('',(0.E0,-7.071067811865E-1,-7.071067811865E-1));
#4209=AXIS2_PLACEMENT_3D('',#4206,#4207,#4208);
#4210=CYLINDRICAL_SURFACE('',#4209,1.E0);
#4211=ORIENTED_EDGE('',*,*,#4072,.F.);
#4212=ORIENTED_EDGE('',*,*,#4169,.F.);
#4214=ORIENTED_EDGE('',*,*,#4213,.T.);
#4215=ORIENTED_EDGE('',*,*,#4196,.T.);
#4216=EDGE_LOOP('',(#4211,#4212,#4214,#4215));
#4217=FACE_OUTER_BOUND('',#4216,.F.);
#4218=ADVANCED_FACE('',(#4217),#4210,.T.);
#4219=CARTESIAN_POINT('',(3.295E0,7.185096541982E-2,-3.823149034580E0));
#4220=DIRECTION('',(-9.063077870367E-1,-2.988362387301E-1,-2.988362387301E-1));
#4221=DIRECTION('',(-4.226182617407E-1,6.408563820558E-1,6.408563820558E-1));
#4222=AXIS2_PLACEMENT_3D('',#4219,#4220,#4221);
#4223=PLANE('',#4222);
#4224=ORIENTED_EDGE('',*,*,#4086,.T.);
#4225=ORIENTED_EDGE('',*,*,#4198,.T.);
#4226=ORIENTED_EDGE('',*,*,#4213,.F.);
#4227=ORIENTED_EDGE('',*,*,#4167,.F.);
#4228=EDGE_LOOP('',(#4224,#4225,#4226,#4227));
#4229=FACE_OUTER_BOUND('',#4228,.F.);
#4230=ADVANCED_FACE('',(#4229),#4223,.T.);
#4231=CARTESIAN_POINT('',(3.066175467510E0,8.388018841052E-1,
-3.056198115895E0));
#4232=DIRECTION('',(9.063077870367E-1,2.988362387301E-1,2.988362387301E-1));
#4233=DIRECTION('',(4.226182617407E-1,-6.408563820558E-1,-6.408563820558E-1));
#4234=AXIS2_PLACEMENT_3D('',#4231,#4232,#4233);
#4235=PLANE('',#4234);
#4236=ORIENTED_EDGE('',*,*,#4082,.F.);
#4237=ORIENTED_EDGE('',*,*,#4164,.F.);
#4238=ORIENTED_EDGE('',*,*,#4184,.T.);
#4239=ORIENTED_EDGE('',*,*,#4201,.T.);
#4240=EDGE_LOOP('',(#4236,#4237,#4238,#4239));
#4241=FACE_OUTER_BOUND('',#4240,.F.);
#4242=ADVANCED_FACE('',(#4241),#4235,.T.);
#4243=CARTESIAN_POINT('',(1.485E0,4.285910346562E0,-2.85E0));
#4244=DIRECTION('',(-8.660254037844E-1,5.E-1,0.E0));
#4245=DIRECTION('',(0.E0,0.E0,-1.E0));
#4246=AXIS2_PLACEMENT_3D('',#4243,#4244,#4245);
#4247=PLANE('',#4246);
#4249=ORIENTED_EDGE('',*,*,#4248,.F.);
#4251=ORIENTED_EDGE('',*,*,#4250,.F.);
#4253=ORIENTED_EDGE('',*,*,#4252,.T.);
#4254=ORIENTED_EDGE('',*,*,#3533,.T.);
#4255=EDGE_LOOP('',(#4249,#4251,#4253,#4254));
#4256=FACE_OUTER_BOUND('',#4255,.F.);
#4257=ADVANCED_FACE('',(#4256),#4247,.T.);
#4258=CARTESIAN_POINT('',(1.485E0,1.765E0,-3.290896534381E-1));
#4259=DIRECTION('',(-8.660254037844E-1,0.E0,5.E-1));
#4260=DIRECTION('',(0.E0,-1.E0,0.E0));
#4261=AXIS2_PLACEMENT_3D('',#4258,#4259,#4260);
#4262=PLANE('',#4261);
#4264=ORIENTED_EDGE('',*,*,#4263,.F.);
#4266=ORIENTED_EDGE('',*,*,#4265,.F.);
#4267=ORIENTED_EDGE('',*,*,#4248,.T.);
#4268=ORIENTED_EDGE('',*,*,#3407,.T.);
#4269=EDGE_LOOP('',(#4264,#4266,#4267,#4268));
#4270=FACE_OUTER_BOUND('',#4269,.F.);
#4271=ADVANCED_FACE('',(#4270),#4262,.T.);
#4272=CARTESIAN_POINT('',(1.E0,-1.275E0,-3.290896534381E-1));
#4273=DIRECTION('',(0.E0,8.660254037844E-1,5.E-1));
#4274=DIRECTION('',(-1.E0,0.E0,0.E0));
#4275=AXIS2_PLACEMENT_3D('',#4272,#4273,#4274);
#4276=PLANE('',#4275);
#4277=ORIENTED_EDGE('',*,*,#4263,.T.);
#4278=ORIENTED_EDGE('',*,*,#3405,.T.);
#4280=ORIENTED_EDGE('',*,*,#4279,.F.);
#4282=ORIENTED_EDGE('',*,*,#4281,.F.);
#4283=EDGE_LOOP('',(#4277,#4278,#4280,#4282));
#4284=FACE_OUTER_BOUND('',#4283,.F.);
#4285=ADVANCED_FACE('',(#4284),#4276,.T.);
#4286=CARTESIAN_POINT('',(5.15E-1,1.765E0,-3.290896534381E-1));
#4287=DIRECTION('',(8.660254037844E-1,0.E0,5.E-1));
#4288=DIRECTION('',(0.E0,-1.E0,0.E0));
#4289=AXIS2_PLACEMENT_3D('',#4286,#4287,#4288);
#4290=PLANE('',#4289);
#4292=ORIENTED_EDGE('',*,*,#4291,.F.);
#4294=ORIENTED_EDGE('',*,*,#4293,.F.);
#4295=ORIENTED_EDGE('',*,*,#4279,.T.);
#4296=ORIENTED_EDGE('',*,*,#3403,.T.);
#4297=EDGE_LOOP('',(#4292,#4294,#4295,#4296));
#4298=FACE_OUTER_BOUND('',#4297,.F.);
#4299=ADVANCED_FACE('',(#4298),#4290,.T.);
#4300=CARTESIAN_POINT('',(5.15E-1,4.285910346562E0,-2.85E0));
#4301=DIRECTION('',(8.660254037844E-1,5.E-1,0.E0));
#4302=DIRECTION('',(0.E0,0.E0,-1.E0));
#4303=AXIS2_PLACEMENT_3D('',#4300,#4301,#4302);
#4304=PLANE('',#4303);
#4305=ORIENTED_EDGE('',*,*,#4291,.T.);
#4306=ORIENTED_EDGE('',*,*,#3537,.T.);
#4308=ORIENTED_EDGE('',*,*,#4307,.F.);
#4310=ORIENTED_EDGE('',*,*,#4309,.F.);
#4311=EDGE_LOOP('',(#4305,#4306,#4308,#4310));
#4312=FACE_OUTER_BOUND('',#4311,.F.);
#4313=ADVANCED_FACE('',(#4312),#4304,.T.);
#4314=CARTESIAN_POINT('',(1.E0,4.285910346562E0,-5.89E0));
#4315=DIRECTION('',(0.E0,5.E-1,8.660254037844E-1));
#4316=DIRECTION('',(-1.E0,0.E0,0.E0));
#4317=AXIS2_PLACEMENT_3D('',#4314,#4315,#4316);
#4318=PLANE('',#4317);
#4319=ORIENTED_EDGE('',*,*,#4307,.T.);
#4320=ORIENTED_EDGE('',*,*,#3535,.T.);
#4321=ORIENTED_EDGE('',*,*,#4252,.F.);
#4323=ORIENTED_EDGE('',*,*,#4322,.F.);
#4324=EDGE_LOOP('',(#4319,#4320,#4321,#4323));
#4325=FACE_OUTER_BOUND('',#4324,.F.);
#4326=ADVANCED_FACE('',(#4325),#4318,.T.);
#4327=CARTESIAN_POINT('',(4.E0,0.E0,-5.7E0));
#4328=DIRECTION('',(0.E0,0.E0,1.E0));
#4329=DIRECTION('',(1.E0,0.E0,0.E0));
#4330=AXIS2_PLACEMENT_3D('',#4327,#4328,#4329);
#4331=PLANE('',#4330);
#4332=ORIENTED_EDGE('',*,*,#4322,.T.);
#4334=ORIENTED_EDGE('',*,*,#4333,.F.);
#4336=ORIENTED_EDGE('',*,*,#4335,.F.);
#4338=ORIENTED_EDGE('',*,*,#4337,.F.);
#4339=EDGE_LOOP('',(#4332,#4334,#4336,#4338));
#4340=FACE_OUTER_BOUND('',#4339,.F.);
#4341=ADVANCED_FACE('',(#4340),#4331,.T.);
#4342=CARTESIAN_POINT('',(1.295E0,-1.085E0,0.E0));
#4343=DIRECTION('',(1.E0,0.E0,0.E0));
#4344=DIRECTION('',(0.E0,1.E0,0.E0));
#4345=AXIS2_PLACEMENT_3D('',#4342,#4343,#4344);
#4346=PLANE('',#4345);
#4347=ORIENTED_EDGE('',*,*,#4250,.T.);
#4348=ORIENTED_EDGE('',*,*,#4265,.T.);
#4350=ORIENTED_EDGE('',*,*,#4349,.T.);
#4351=ORIENTED_EDGE('',*,*,#4333,.T.);
#4352=EDGE_LOOP('',(#4347,#4348,#4350,#4351));
#4353=FACE_OUTER_BOUND('',#4352,.F.);
#4355=ORIENTED_EDGE('',*,*,#4354,.F.);
#4357=ORIENTED_EDGE('',*,*,#4356,.T.);
#4359=ORIENTED_EDGE('',*,*,#4358,.T.);
#4361=ORIENTED_EDGE('',*,*,#4360,.T.);
#4362=EDGE_LOOP('',(#4355,#4357,#4359,#4361));
#4363=FACE_BOUND('',#4362,.F.);
#4365=ORIENTED_EDGE('',*,*,#4364,.F.);
#4367=ORIENTED_EDGE('',*,*,#4366,.T.);
#4369=ORIENTED_EDGE('',*,*,#4368,.T.);
#4371=ORIENTED_EDGE('',*,*,#4370,.F.);
#4372=EDGE_LOOP('',(#4365,#4367,#4369,#4371));
#4373=FACE_BOUND('',#4372,.F.);
#4374=ADVANCED_FACE('',(#4353,#4363,#4373),#4346,.F.);
#4375=CARTESIAN_POINT('',(7.05E-1,-1.085E0,0.E0));
#4376=DIRECTION('',(0.E0,-1.E0,0.E0));
#4377=DIRECTION('',(1.E0,0.E0,0.E0));
#4378=AXIS2_PLACEMENT_3D('',#4375,#4376,#4377);
#4379=PLANE('',#4378);
#4380=ORIENTED_EDGE('',*,*,#4281,.T.);
#4382=ORIENTED_EDGE('',*,*,#4381,.T.);
#4383=ORIENTED_EDGE('',*,*,#4335,.T.);
#4384=ORIENTED_EDGE('',*,*,#4349,.F.);
#4385=EDGE_LOOP('',(#4380,#4382,#4383,#4384));
#4386=FACE_OUTER_BOUND('',#4385,.F.);
#4387=ADVANCED_FACE('',(#4386),#4379,.F.);
#4388=CARTESIAN_POINT('',(7.05E-1,4.615E0,0.E0));
#4389=DIRECTION('',(-1.E0,0.E0,0.E0));
#4390=DIRECTION('',(0.E0,-1.E0,0.E0));
#4391=AXIS2_PLACEMENT_3D('',#4388,#4389,#4390);
#4392=PLANE('',#4391);
#4393=ORIENTED_EDGE('',*,*,#4309,.T.);
#4394=ORIENTED_EDGE('',*,*,#4337,.T.);
#4395=ORIENTED_EDGE('',*,*,#4381,.F.);
#4396=ORIENTED_EDGE('',*,*,#4293,.T.);
#4397=EDGE_LOOP('',(#4393,#4394,#4395,#4396));
#4398=FACE_OUTER_BOUND('',#4397,.F.);
#4399=ADVANCED_FACE('',(#4398),#4392,.F.);
#4400=CARTESIAN_POINT('',(6.E0,-1.985E0,-5.88E0));
#4401=DIRECTION('',(0.E0,7.071067811865E-1,-7.071067811865E-1));
#4402=DIRECTION('',(0.E0,-7.071067811865E-1,-7.071067811865E-1));
#4403=AXIS2_PLACEMENT_3D('',#4400,#4401,#4402);
#4404=PLANE('',#4403);
#4406=ORIENTED_EDGE('',*,*,#4405,.T.);
#4408=ORIENTED_EDGE('',*,*,#4407,.T.);
#4409=ORIENTED_EDGE('',*,*,#4364,.T.);
#4411=ORIENTED_EDGE('',*,*,#4410,.T.);
#4413=ORIENTED_EDGE('',*,*,#4412,.T.);
#4414=ORIENTED_EDGE('',*,*,#4354,.T.);
#4415=EDGE_LOOP('',(#4406,#4408,#4409,#4411,#4413,#4414));
#4416=FACE_OUTER_BOUND('',#4415,.F.);
#4417=ADVANCED_FACE('',(#4416),#4404,.F.);
#4418=CARTESIAN_POINT('',(1.745E0,1.062630226914E0,-2.832369773086E0));
#4419=DIRECTION('',(0.E0,7.071067811865E-1,-7.071067811865E-1));
#4420=DIRECTION('',(0.E0,-7.071067811865E-1,-7.071067811865E-1));
#4421=AXIS2_PLACEMENT_3D('',#4418,#4419,#4420);
#4422=CYLINDRICAL_SURFACE('',#4421,7.49E-1);
#4423=ORIENTED_EDGE('',*,*,#4405,.F.);
#4424=ORIENTED_EDGE('',*,*,#4360,.F.);
#4426=ORIENTED_EDGE('',*,*,#4425,.T.);
#4428=ORIENTED_EDGE('',*,*,#4427,.F.);
#4429=EDGE_LOOP('',(#4423,#4424,#4426,#4428));
#4430=FACE_OUTER_BOUND('',#4429,.F.);
#4431=ADVANCED_FACE('',(#4430),#4422,.F.);
#4432=CARTESIAN_POINT('',(6.E0,-1.263751083190E0,-6.601248916810E0));
#4433=DIRECTION('',(0.E0,7.071067811865E-1,-7.071067811865E-1));
#4434=DIRECTION('',(0.E0,-7.071067811865E-1,-7.071067811865E-1));
#4435=AXIS2_PLACEMENT_3D('',#4432,#4433,#4434);
#4436=PLANE('',#4435);
#4437=ORIENTED_EDGE('',*,*,#4425,.F.);
#4438=ORIENTED_EDGE('',*,*,#4358,.F.);
#4440=ORIENTED_EDGE('',*,*,#4439,.F.);
#4442=ORIENTED_EDGE('',*,*,#4441,.F.);
#4443=ORIENTED_EDGE('',*,*,#4368,.F.);
#4445=ORIENTED_EDGE('',*,*,#4444,.F.);
#4446=EDGE_LOOP('',(#4437,#4438,#4440,#4442,#4443,#4445));
#4447=FACE_OUTER_BOUND('',#4446,.F.);
#4448=ADVANCED_FACE('',(#4447),#4436,.T.);
#4449=CARTESIAN_POINT('',(1.745E0,1.062630226914E0,-2.832369773086E0));
#4450=DIRECTION('',(0.E0,7.071067811865E-1,-7.071067811865E-1));
#4451=DIRECTION('',(0.E0,-7.071067811865E-1,-7.071067811865E-1));
#4452=AXIS2_PLACEMENT_3D('',#4449,#4450,#4451);
#4453=CYLINDRICAL_SURFACE('',#4452,1.E0);
#4454=ORIENTED_EDGE('',*,*,#4356,.F.);
#4455=ORIENTED_EDGE('',*,*,#4412,.F.);
#4457=ORIENTED_EDGE('',*,*,#4456,.T.);
#4458=ORIENTED_EDGE('',*,*,#4439,.T.);
#4459=EDGE_LOOP('',(#4454,#4455,#4457,#4458));
#4460=FACE_OUTER_BOUND('',#4459,.F.);
#4461=ADVANCED_FACE('',(#4460),#4453,.T.);
#4462=CARTESIAN_POINT('',(1.295E0,7.185096541982E-2,-3.823149034580E0));
#4463=DIRECTION('',(-9.063077870367E-1,-2.988362387301E-1,-2.988362387301E-1));
#4464=DIRECTION('',(-4.226182617407E-1,6.408563820558E-1,6.408563820558E-1));
#4465=AXIS2_PLACEMENT_3D('',#4462,#4463,#4464);
#4466=PLANE('',#4465);
#4467=ORIENTED_EDGE('',*,*,#4370,.T.);
#4468=ORIENTED_EDGE('',*,*,#4441,.T.);
#4469=ORIENTED_EDGE('',*,*,#4456,.F.);
#4470=ORIENTED_EDGE('',*,*,#4410,.F.);
#4471=EDGE_LOOP('',(#4467,#4468,#4469,#4470));
#4472=FACE_OUTER_BOUND('',#4471,.F.);
#4473=ADVANCED_FACE('',(#4472),#4466,.T.);
#4474=CARTESIAN_POINT('',(1.066175467510E0,8.388018841052E-1,
-3.056198115895E0));
#4475=DIRECTION('',(9.063077870367E-1,2.988362387301E-1,2.988362387301E-1));
#4476=DIRECTION('',(4.226182617407E-1,-6.408563820558E-1,-6.408563820558E-1));
#4477=AXIS2_PLACEMENT_3D('',#4474,#4475,#4476);
#4478=PLANE('',#4477);
#4479=ORIENTED_EDGE('',*,*,#4366,.F.);
#4480=ORIENTED_EDGE('',*,*,#4407,.F.);
#4481=ORIENTED_EDGE('',*,*,#4427,.T.);
#4482=ORIENTED_EDGE('',*,*,#4444,.T.);
#4483=EDGE_LOOP('',(#4479,#4480,#4481,#4482));
#4484=FACE_OUTER_BOUND('',#4483,.F.);
#4485=ADVANCED_FACE('',(#4484),#4478,.T.);
#4486=CARTESIAN_POINT('',(-5.15E-1,4.285910346562E0,-2.85E0));
#4487=DIRECTION('',(-8.660254037844E-1,5.E-1,0.E0));
#4488=DIRECTION('',(0.E0,0.E0,-1.E0));
#4489=AXIS2_PLACEMENT_3D('',#4486,#4487,#4488);
#4490=PLANE('',#4489);
#4492=ORIENTED_EDGE('',*,*,#4491,.F.);
#4494=ORIENTED_EDGE('',*,*,#4493,.T.);
#4495=ORIENTED_EDGE('',*,*,#3540,.T.);
#4497=ORIENTED_EDGE('',*,*,#4496,.F.);
#4498=EDGE_LOOP('',(#4492,#4494,#4495,#4497));
#4499=FACE_OUTER_BOUND('',#4498,.F.);
#4500=ADVANCED_FACE('',(#4499),#4490,.T.);
#4501=CARTESIAN_POINT('',(-7.05E-1,-1.085E0,0.E0));
#4502=DIRECTION('',(1.E0,0.E0,0.E0));
#4503=DIRECTION('',(0.E0,1.E0,0.E0));
#4504=AXIS2_PLACEMENT_3D('',#4501,#4502,#4503);
#4505=PLANE('',#4504);
#4507=ORIENTED_EDGE('',*,*,#4506,.T.);
#4509=ORIENTED_EDGE('',*,*,#4508,.T.);
#4511=ORIENTED_EDGE('',*,*,#4510,.T.);
#4512=ORIENTED_EDGE('',*,*,#4491,.T.);
#4513=EDGE_LOOP('',(#4507,#4509,#4511,#4512));
#4514=FACE_OUTER_BOUND('',#4513,.F.);
#4516=ORIENTED_EDGE('',*,*,#4515,.F.);
#4518=ORIENTED_EDGE('',*,*,#4517,.T.);
#4520=ORIENTED_EDGE('',*,*,#4519,.T.);
#4522=ORIENTED_EDGE('',*,*,#4521,.T.);
#4523=EDGE_LOOP('',(#4516,#4518,#4520,#4522));
#4524=FACE_BOUND('',#4523,.F.);
#4526=ORIENTED_EDGE('',*,*,#4525,.F.);
#4528=ORIENTED_EDGE('',*,*,#4527,.T.);
#4530=ORIENTED_EDGE('',*,*,#4529,.T.);
#4532=ORIENTED_EDGE('',*,*,#4531,.F.);
#4533=EDGE_LOOP('',(#4526,#4528,#4530,#4532));
#4534=FACE_BOUND('',#4533,.F.);
#4535=ADVANCED_FACE('',(#4514,#4524,#4534),#4505,.F.);
#4536=CARTESIAN_POINT('',(-5.15E-1,1.765E0,-3.290896534381E-1));
#4537=DIRECTION('',(-8.660254037844E-1,0.E0,5.E-1));
#4538=DIRECTION('',(0.E0,-1.E0,0.E0));
#4539=AXIS2_PLACEMENT_3D('',#4536,#4537,#4538);
#4540=PLANE('',#4539);
#4542=ORIENTED_EDGE('',*,*,#4541,.F.);
#4543=ORIENTED_EDGE('',*,*,#4506,.F.);
#4544=ORIENTED_EDGE('',*,*,#4496,.T.);
#4545=ORIENTED_EDGE('',*,*,#3399,.T.);
#4546=EDGE_LOOP('',(#4542,#4543,#4544,#4545));
#4547=FACE_OUTER_BOUND('',#4546,.F.);
#4548=ADVANCED_FACE('',(#4547),#4540,.T.);
#4549=CARTESIAN_POINT('',(-1.E0,-1.275E0,-3.290896534381E-1));
#4550=DIRECTION('',(0.E0,8.660254037844E-1,5.E-1));
#4551=DIRECTION('',(-1.E0,0.E0,0.E0));
#4552=AXIS2_PLACEMENT_3D('',#4549,#4550,#4551);
#4553=PLANE('',#4552);
#4554=ORIENTED_EDGE('',*,*,#4541,.T.);
#4555=ORIENTED_EDGE('',*,*,#3397,.T.);
#4557=ORIENTED_EDGE('',*,*,#4556,.F.);
#4559=ORIENTED_EDGE('',*,*,#4558,.F.);
#4560=EDGE_LOOP('',(#4554,#4555,#4557,#4559));
#4561=FACE_OUTER_BOUND('',#4560,.F.);
#4562=ADVANCED_FACE('',(#4561),#4553,.T.);
#4563=CARTESIAN_POINT('',(-1.485E0,1.765E0,-3.290896534381E-1));
#4564=DIRECTION('',(8.660254037844E-1,0.E0,5.E-1));
#4565=DIRECTION('',(0.E0,-1.E0,0.E0));
#4566=AXIS2_PLACEMENT_3D('',#4563,#4564,#4565);
#4567=PLANE('',#4566);
#4569=ORIENTED_EDGE('',*,*,#4568,.F.);
#4571=ORIENTED_EDGE('',*,*,#4570,.F.);
#4572=ORIENTED_EDGE('',*,*,#4556,.T.);
#4573=ORIENTED_EDGE('',*,*,#3395,.T.);
#4574=EDGE_LOOP('',(#4569,#4571,#4572,#4573));
#4575=FACE_OUTER_BOUND('',#4574,.F.);
#4576=ADVANCED_FACE('',(#4575),#4567,.T.);
#4577=CARTESIAN_POINT('',(-1.485E0,4.285910346562E0,-2.85E0));
#4578=DIRECTION('',(8.660254037844E-1,5.E-1,0.E0));
#4579=DIRECTION('',(0.E0,0.E0,-1.E0));
#4580=AXIS2_PLACEMENT_3D('',#4577,#4578,#4579);
#4581=PLANE('',#4580);
#4582=ORIENTED_EDGE('',*,*,#4568,.T.);
#4583=ORIENTED_EDGE('',*,*,#3544,.T.);
#4585=ORIENTED_EDGE('',*,*,#4584,.F.);
#4587=ORIENTED_EDGE('',*,*,#4586,.F.);
#4588=EDGE_LOOP('',(#4582,#4583,#4585,#4587));
#4589=FACE_OUTER_BOUND('',#4588,.F.);
#4590=ADVANCED_FACE('',(#4589),#4581,.T.);
#4591=CARTESIAN_POINT('',(-1.E0,4.285910346562E0,-5.89E0));
#4592=DIRECTION('',(0.E0,5.E-1,8.660254037844E-1));
#4593=DIRECTION('',(-1.E0,0.E0,0.E0));
#4594=AXIS2_PLACEMENT_3D('',#4591,#4592,#4593);
#4595=PLANE('',#4594);
#4596=ORIENTED_EDGE('',*,*,#4584,.T.);
#4597=ORIENTED_EDGE('',*,*,#3542,.T.);
#4598=ORIENTED_EDGE('',*,*,#4493,.F.);
#4600=ORIENTED_EDGE('',*,*,#4599,.F.);
#4601=EDGE_LOOP('',(#4596,#4597,#4598,#4600));
#4602=FACE_OUTER_BOUND('',#4601,.F.);
#4603=ADVANCED_FACE('',(#4602),#4595,.T.);
#4604=CARTESIAN_POINT('',(2.E0,0.E0,-5.7E0));
#4605=DIRECTION('',(0.E0,0.E0,1.E0));
#4606=DIRECTION('',(1.E0,0.E0,0.E0));
#4607=AXIS2_PLACEMENT_3D('',#4604,#4605,#4606);
#4608=PLANE('',#4607);
#4609=ORIENTED_EDGE('',*,*,#4599,.T.);
#4610=ORIENTED_EDGE('',*,*,#4510,.F.);
#4612=ORIENTED_EDGE('',*,*,#4611,.F.);
#4614=ORIENTED_EDGE('',*,*,#4613,.F.);
#4615=EDGE_LOOP('',(#4609,#4610,#4612,#4614));
#4616=FACE_OUTER_BOUND('',#4615,.F.);
#4617=ADVANCED_FACE('',(#4616),#4608,.T.);
#4618=CARTESIAN_POINT('',(-1.295E0,-1.085E0,0.E0));
#4619=DIRECTION('',(0.E0,-1.E0,0.E0));
#4620=DIRECTION('',(1.E0,0.E0,0.E0));
#4621=AXIS2_PLACEMENT_3D('',#4618,#4619,#4620);
#4622=PLANE('',#4621);
#4623=ORIENTED_EDGE('',*,*,#4558,.T.);
#4625=ORIENTED_EDGE('',*,*,#4624,.T.);
#4626=ORIENTED_EDGE('',*,*,#4611,.T.);
#4627=ORIENTED_EDGE('',*,*,#4508,.F.);
#4628=EDGE_LOOP('',(#4623,#4625,#4626,#4627));
#4629=FACE_OUTER_BOUND('',#4628,.F.);
#4630=ADVANCED_FACE('',(#4629),#4622,.F.);
#4631=CARTESIAN_POINT('',(-1.295E0,4.615E0,0.E0));
#4632=DIRECTION('',(-1.E0,0.E0,0.E0));
#4633=DIRECTION('',(0.E0,-1.E0,0.E0));
#4634=AXIS2_PLACEMENT_3D('',#4631,#4632,#4633);
#4635=PLANE('',#4634);
#4636=ORIENTED_EDGE('',*,*,#4586,.T.);
#4637=ORIENTED_EDGE('',*,*,#4613,.T.);
#4638=ORIENTED_EDGE('',*,*,#4624,.F.);
#4639=ORIENTED_EDGE('',*,*,#4570,.T.);
#4640=EDGE_LOOP('',(#4636,#4637,#4638,#4639));
#4641=FACE_OUTER_BOUND('',#4640,.F.);
#4642=ADVANCED_FACE('',(#4641),#4635,.F.);
#4643=CARTESIAN_POINT('',(4.E0,-1.985E0,-5.88E0));
#4644=DIRECTION('',(0.E0,7.071067811865E-1,-7.071067811865E-1));
#4645=DIRECTION('',(0.E0,-7.071067811865E-1,-7.071067811865E-1));
#4646=AXIS2_PLACEMENT_3D('',#4643,#4644,#4645);
#4647=PLANE('',#4646);
#4649=ORIENTED_EDGE('',*,*,#4648,.T.);
#4651=ORIENTED_EDGE('',*,*,#4650,.T.);
#4652=ORIENTED_EDGE('',*,*,#4525,.T.);
#4654=ORIENTED_EDGE('',*,*,#4653,.T.);
#4656=ORIENTED_EDGE('',*,*,#4655,.T.);
#4657=ORIENTED_EDGE('',*,*,#4515,.T.);
#4658=EDGE_LOOP('',(#4649,#4651,#4652,#4654,#4656,#4657));
#4659=FACE_OUTER_BOUND('',#4658,.F.);
#4660=ADVANCED_FACE('',(#4659),#4647,.F.);
#4661=CARTESIAN_POINT('',(-2.55E-1,1.062630226914E0,-2.832369773086E0));
#4662=DIRECTION('',(0.E0,7.071067811865E-1,-7.071067811865E-1));
#4663=DIRECTION('',(0.E0,-7.071067811865E-1,-7.071067811865E-1));
#4664=AXIS2_PLACEMENT_3D('',#4661,#4662,#4663);
#4665=CYLINDRICAL_SURFACE('',#4664,7.49E-1);
#4666=ORIENTED_EDGE('',*,*,#4648,.F.);
#4667=ORIENTED_EDGE('',*,*,#4521,.F.);
#4669=ORIENTED_EDGE('',*,*,#4668,.T.);
#4671=ORIENTED_EDGE('',*,*,#4670,.F.);
#4672=EDGE_LOOP('',(#4666,#4667,#4669,#4671));
#4673=FACE_OUTER_BOUND('',#4672,.F.);
#4674=ADVANCED_FACE('',(#4673),#4665,.F.);
#4675=CARTESIAN_POINT('',(4.E0,-1.263751083190E0,-6.601248916810E0));
#4676=DIRECTION('',(0.E0,7.071067811865E-1,-7.071067811865E-1));
#4677=DIRECTION('',(0.E0,-7.071067811865E-1,-7.071067811865E-1));
#4678=AXIS2_PLACEMENT_3D('',#4675,#4676,#4677);
#4679=PLANE('',#4678);
#4680=ORIENTED_EDGE('',*,*,#4668,.F.);
#4681=ORIENTED_EDGE('',*,*,#4519,.F.);
#4683=ORIENTED_EDGE('',*,*,#4682,.F.);
#4685=ORIENTED_EDGE('',*,*,#4684,.F.);
#4686=ORIENTED_EDGE('',*,*,#4529,.F.);
#4688=ORIENTED_EDGE('',*,*,#4687,.F.);
#4689=EDGE_LOOP('',(#4680,#4681,#4683,#4685,#4686,#4688));
#4690=FACE_OUTER_BOUND('',#4689,.F.);
#4691=ADVANCED_FACE('',(#4690),#4679,.T.);
#4692=CARTESIAN_POINT('',(-2.55E-1,1.062630226914E0,-2.832369773086E0));
#4693=DIRECTION('',(0.E0,7.071067811865E-1,-7.071067811865E-1));
#4694=DIRECTION('',(0.E0,-7.071067811865E-1,-7.071067811865E-1));
#4695=AXIS2_PLACEMENT_3D('',#4692,#4693,#4694);
#4696=CYLINDRICAL_SURFACE('',#4695,1.E0);
#4697=ORIENTED_EDGE('',*,*,#4517,.F.);
#4698=ORIENTED_EDGE('',*,*,#4655,.F.);
#4700=ORIENTED_EDGE('',*,*,#4699,.T.);
#4701=ORIENTED_EDGE('',*,*,#4682,.T.);
#4702=EDGE_LOOP('',(#4697,#4698,#4700,#4701));
#4703=FACE_OUTER_BOUND('',#4702,.F.);
#4704=ADVANCED_FACE('',(#4703),#4696,.T.);
#4705=CARTESIAN_POINT('',(-7.05E-1,7.185096541982E-2,-3.823149034580E0));
#4706=DIRECTION('',(-9.063077870367E-1,-2.988362387301E-1,-2.988362387301E-1));
#4707=DIRECTION('',(-4.226182617407E-1,6.408563820558E-1,6.408563820558E-1));
#4708=AXIS2_PLACEMENT_3D('',#4705,#4706,#4707);
#4709=PLANE('',#4708);
#4710=ORIENTED_EDGE('',*,*,#4531,.T.);
#4711=ORIENTED_EDGE('',*,*,#4684,.T.);
#4712=ORIENTED_EDGE('',*,*,#4699,.F.);
#4713=ORIENTED_EDGE('',*,*,#4653,.F.);
#4714=EDGE_LOOP('',(#4710,#4711,#4712,#4713));
#4715=FACE_OUTER_BOUND('',#4714,.F.);
#4716=ADVANCED_FACE('',(#4715),#4709,.T.);
#4717=CARTESIAN_POINT('',(-9.338245324904E-1,8.388018841052E-1,
-3.056198115895E0));
#4718=DIRECTION('',(9.063077870367E-1,2.988362387301E-1,2.988362387301E-1));
#4719=DIRECTION('',(4.226182617407E-1,-6.408563820558E-1,-6.408563820558E-1));
#4720=AXIS2_PLACEMENT_3D('',#4717,#4718,#4719);
#4721=PLANE('',#4720);
#4722=ORIENTED_EDGE('',*,*,#4527,.F.);
#4723=ORIENTED_EDGE('',*,*,#4650,.F.);
#4724=ORIENTED_EDGE('',*,*,#4670,.T.);
#4725=ORIENTED_EDGE('',*,*,#4687,.T.);
#4726=EDGE_LOOP('',(#4722,#4723,#4724,#4725));
#4727=FACE_OUTER_BOUND('',#4726,.F.);
#4728=ADVANCED_FACE('',(#4727),#4721,.T.);
#4729=CARTESIAN_POINT('',(-2.515E0,4.285910346562E0,-2.85E0));
#4730=DIRECTION('',(-8.660254037844E-1,5.E-1,0.E0));
#4731=DIRECTION('',(0.E0,0.E0,-1.E0));
#4732=AXIS2_PLACEMENT_3D('',#4729,#4730,#4731);
#4733=PLANE('',#4732);
#4735=ORIENTED_EDGE('',*,*,#4734,.F.);
#4737=ORIENTED_EDGE('',*,*,#4736,.T.);
#4738=ORIENTED_EDGE('',*,*,#3547,.T.);
#4740=ORIENTED_EDGE('',*,*,#4739,.F.);
#4741=EDGE_LOOP('',(#4735,#4737,#4738,#4740));
#4742=FACE_OUTER_BOUND('',#4741,.F.);
#4743=ADVANCED_FACE('',(#4742),#4733,.T.);
#4744=CARTESIAN_POINT('',(-2.705E0,-1.085E0,0.E0));
#4745=DIRECTION('',(1.E0,0.E0,0.E0));
#4746=DIRECTION('',(0.E0,1.E0,0.E0));
#4747=AXIS2_PLACEMENT_3D('',#4744,#4745,#4746);
#4748=PLANE('',#4747);
#4749=ORIENTED_EDGE('',*,*,#4734,.T.);
#4751=ORIENTED_EDGE('',*,*,#4750,.T.);
#4753=ORIENTED_EDGE('',*,*,#4752,.T.);
#4755=ORIENTED_EDGE('',*,*,#4754,.T.);
#4756=EDGE_LOOP('',(#4749,#4751,#4753,#4755));
#4757=FACE_OUTER_BOUND('',#4756,.F.);
#4759=ORIENTED_EDGE('',*,*,#4758,.F.);
#4761=ORIENTED_EDGE('',*,*,#4760,.T.);
#4763=ORIENTED_EDGE('',*,*,#4762,.T.);
#4765=ORIENTED_EDGE('',*,*,#4764,.T.);
#4766=EDGE_LOOP('',(#4759,#4761,#4763,#4765));
#4767=FACE_BOUND('',#4766,.F.);
#4769=ORIENTED_EDGE('',*,*,#4768,.F.);
#4771=ORIENTED_EDGE('',*,*,#4770,.T.);
#4773=ORIENTED_EDGE('',*,*,#4772,.T.);
#4775=ORIENTED_EDGE('',*,*,#4774,.F.);
#4776=EDGE_LOOP('',(#4769,#4771,#4773,#4775));
#4777=FACE_BOUND('',#4776,.F.);
#4778=ADVANCED_FACE('',(#4757,#4767,#4777),#4748,.F.);
#4779=CARTESIAN_POINT('',(-2.515E0,1.765E0,-3.290896534381E-1));
#4780=DIRECTION('',(-8.660254037844E-1,0.E0,5.E-1));
#4781=DIRECTION('',(0.E0,-1.E0,0.E0));
#4782=AXIS2_PLACEMENT_3D('',#4779,#4780,#4781);
#4783=PLANE('',#4782);
#4784=ORIENTED_EDGE('',*,*,#3391,.T.);
#4786=ORIENTED_EDGE('',*,*,#4785,.F.);
#4787=ORIENTED_EDGE('',*,*,#4750,.F.);
#4788=ORIENTED_EDGE('',*,*,#4739,.T.);
#4789=EDGE_LOOP('',(#4784,#4786,#4787,#4788));
#4790=FACE_OUTER_BOUND('',#4789,.F.);
#4791=ADVANCED_FACE('',(#4790),#4783,.T.);
#4792=CARTESIAN_POINT('',(-3.E0,-1.275E0,-3.290896534381E-1));
#4793=DIRECTION('',(0.E0,8.660254037844E-1,5.E-1));
#4794=DIRECTION('',(-1.E0,0.E0,0.E0));
#4795=AXIS2_PLACEMENT_3D('',#4792,#4793,#4794);
#4796=PLANE('',#4795);
#4797=ORIENTED_EDGE('',*,*,#3389,.T.);
#4799=ORIENTED_EDGE('',*,*,#4798,.F.);
#4801=ORIENTED_EDGE('',*,*,#4800,.F.);
#4802=ORIENTED_EDGE('',*,*,#4785,.T.);
#4803=EDGE_LOOP('',(#4797,#4799,#4801,#4802));
#4804=FACE_OUTER_BOUND('',#4803,.F.);
#4805=ADVANCED_FACE('',(#4804),#4796,.T.);
#4806=CARTESIAN_POINT('',(-3.485E0,1.765E0,-3.290896534381E-1));
#4807=DIRECTION('',(8.660254037844E-1,0.E0,5.E-1));
#4808=DIRECTION('',(0.E0,-1.E0,0.E0));
#4809=AXIS2_PLACEMENT_3D('',#4806,#4807,#4808);
#4810=PLANE('',#4809);
#4812=ORIENTED_EDGE('',*,*,#4811,.F.);
#4813=ORIENTED_EDGE('',*,*,#4798,.T.);
#4814=ORIENTED_EDGE('',*,*,#3387,.T.);
#4816=ORIENTED_EDGE('',*,*,#4815,.F.);
#4817=EDGE_LOOP('',(#4812,#4813,#4814,#4816));
#4818=FACE_OUTER_BOUND('',#4817,.F.);
#4819=ADVANCED_FACE('',(#4818),#4810,.T.);
#4820=CARTESIAN_POINT('',(-3.295E0,4.615E0,0.E0));
#4821=DIRECTION('',(-1.E0,0.E0,0.E0));
#4822=DIRECTION('',(0.E0,-1.E0,0.E0));
#4823=AXIS2_PLACEMENT_3D('',#4820,#4821,#4822);
#4824=PLANE('',#4823);
#4826=ORIENTED_EDGE('',*,*,#4825,.T.);
#4828=ORIENTED_EDGE('',*,*,#4827,.T.);
#4830=ORIENTED_EDGE('',*,*,#4829,.F.);
#4831=ORIENTED_EDGE('',*,*,#4811,.T.);
#4832=EDGE_LOOP('',(#4826,#4828,#4830,#4831));
#4833=FACE_OUTER_BOUND('',#4832,.F.);
#4834=ADVANCED_FACE('',(#4833),#4824,.F.);
#4835=CARTESIAN_POINT('',(-3.485E0,4.285910346562E0,-2.85E0));
#4836=DIRECTION('',(8.660254037844E-1,5.E-1,0.E0));
#4837=DIRECTION('',(0.E0,0.E0,-1.E0));
#4838=AXIS2_PLACEMENT_3D('',#4835,#4836,#4837);
#4839=PLANE('',#4838);
#4840=ORIENTED_EDGE('',*,*,#3551,.T.);
#4842=ORIENTED_EDGE('',*,*,#4841,.F.);
#4843=ORIENTED_EDGE('',*,*,#4825,.F.);
#4844=ORIENTED_EDGE('',*,*,#4815,.T.);
#4845=EDGE_LOOP('',(#4840,#4842,#4843,#4844));
#4846=FACE_OUTER_BOUND('',#4845,.F.);
#4847=ADVANCED_FACE('',(#4846),#4839,.T.);
#4848=CARTESIAN_POINT('',(-3.E0,4.285910346562E0,-5.89E0));
#4849=DIRECTION('',(0.E0,5.E-1,8.660254037844E-1));
#4850=DIRECTION('',(-1.E0,0.E0,0.E0));
#4851=AXIS2_PLACEMENT_3D('',#4848,#4849,#4850);
#4852=PLANE('',#4851);
#4854=ORIENTED_EDGE('',*,*,#4853,.F.);
#4855=ORIENTED_EDGE('',*,*,#4841,.T.);
#4856=ORIENTED_EDGE('',*,*,#3549,.T.);
#4857=ORIENTED_EDGE('',*,*,#4736,.F.);
#4858=EDGE_LOOP('',(#4854,#4855,#4856,#4857));
#4859=FACE_OUTER_BOUND('',#4858,.F.);
#4860=ADVANCED_FACE('',(#4859),#4852,.T.);
#4861=CARTESIAN_POINT('',(0.E0,0.E0,-5.7E0));
#4862=DIRECTION('',(0.E0,0.E0,1.E0));
#4863=DIRECTION('',(1.E0,0.E0,0.E0));
#4864=AXIS2_PLACEMENT_3D('',#4861,#4862,#4863);
#4865=PLANE('',#4864);
#4866=ORIENTED_EDGE('',*,*,#4853,.T.);
#4867=ORIENTED_EDGE('',*,*,#4754,.F.);
#4869=ORIENTED_EDGE('',*,*,#4868,.F.);
#4870=ORIENTED_EDGE('',*,*,#4827,.F.);
#4871=EDGE_LOOP('',(#4866,#4867,#4869,#4870));
#4872=FACE_OUTER_BOUND('',#4871,.F.);
#4873=ADVANCED_FACE('',(#4872),#4865,.T.);
#4874=CARTESIAN_POINT('',(-3.295E0,-1.085E0,0.E0));
#4875=DIRECTION('',(0.E0,-1.E0,0.E0));
#4876=DIRECTION('',(1.E0,0.E0,0.E0));
#4877=AXIS2_PLACEMENT_3D('',#4874,#4875,#4876);
#4878=PLANE('',#4877);
#4879=ORIENTED_EDGE('',*,*,#4800,.T.);
#4880=ORIENTED_EDGE('',*,*,#4829,.T.);
#4881=ORIENTED_EDGE('',*,*,#4868,.T.);
#4882=ORIENTED_EDGE('',*,*,#4752,.F.);
#4883=EDGE_LOOP('',(#4879,#4880,#4881,#4882));
#4884=FACE_OUTER_BOUND('',#4883,.F.);
#4885=ADVANCED_FACE('',(#4884),#4878,.F.);
#4886=CARTESIAN_POINT('',(2.E0,-1.985E0,-5.88E0));
#4887=DIRECTION('',(0.E0,7.071067811865E-1,-7.071067811865E-1));
#4888=DIRECTION('',(0.E0,-7.071067811865E-1,-7.071067811865E-1));
#4889=AXIS2_PLACEMENT_3D('',#4886,#4887,#4888);
#4890=PLANE('',#4889);
#4892=ORIENTED_EDGE('',*,*,#4891,.T.);
#4894=ORIENTED_EDGE('',*,*,#4893,.T.);
#4895=ORIENTED_EDGE('',*,*,#4768,.T.);
#4897=ORIENTED_EDGE('',*,*,#4896,.T.);
#4899=ORIENTED_EDGE('',*,*,#4898,.T.);
#4900=ORIENTED_EDGE('',*,*,#4758,.T.);
#4901=EDGE_LOOP('',(#4892,#4894,#4895,#4897,#4899,#4900));
#4902=FACE_OUTER_BOUND('',#4901,.F.);
#4903=ADVANCED_FACE('',(#4902),#4890,.F.);
#4904=CARTESIAN_POINT('',(-2.255E0,1.062630226914E0,-2.832369773086E0));
#4905=DIRECTION('',(0.E0,7.071067811865E-1,-7.071067811865E-1));
#4906=DIRECTION('',(0.E0,-7.071067811865E-1,-7.071067811865E-1));
#4907=AXIS2_PLACEMENT_3D('',#4904,#4905,#4906);
#4908=CYLINDRICAL_SURFACE('',#4907,7.49E-1);
#4909=ORIENTED_EDGE('',*,*,#4891,.F.);
#4910=ORIENTED_EDGE('',*,*,#4764,.F.);
#4912=ORIENTED_EDGE('',*,*,#4911,.T.);
#4914=ORIENTED_EDGE('',*,*,#4913,.F.);
#4915=EDGE_LOOP('',(#4909,#4910,#4912,#4914));
#4916=FACE_OUTER_BOUND('',#4915,.F.);
#4917=ADVANCED_FACE('',(#4916),#4908,.F.);
#4918=CARTESIAN_POINT('',(2.E0,-1.263751083190E0,-6.601248916810E0));
#4919=DIRECTION('',(0.E0,7.071067811865E-1,-7.071067811865E-1));
#4920=DIRECTION('',(0.E0,-7.071067811865E-1,-7.071067811865E-1));
#4921=AXIS2_PLACEMENT_3D('',#4918,#4919,#4920);
#4922=PLANE('',#4921);
#4923=ORIENTED_EDGE('',*,*,#4911,.F.);
#4924=ORIENTED_EDGE('',*,*,#4762,.F.);
#4926=ORIENTED_EDGE('',*,*,#4925,.F.);
#4928=ORIENTED_EDGE('',*,*,#4927,.F.);
#4929=ORIENTED_EDGE('',*,*,#4772,.F.);
#4931=ORIENTED_EDGE('',*,*,#4930,.F.);
#4932=EDGE_LOOP('',(#4923,#4924,#4926,#4928,#4929,#4931));
#4933=FACE_OUTER_BOUND('',#4932,.F.);
#4934=ADVANCED_FACE('',(#4933),#4922,.T.);
#4935=CARTESIAN_POINT('',(-2.255E0,1.062630226914E0,-2.832369773086E0));
#4936=DIRECTION('',(0.E0,7.071067811865E-1,-7.071067811865E-1));
#4937=DIRECTION('',(0.E0,-7.071067811865E-1,-7.071067811865E-1));
#4938=AXIS2_PLACEMENT_3D('',#4935,#4936,#4937);
#4939=CYLINDRICAL_SURFACE('',#4938,1.E0);
#4940=ORIENTED_EDGE('',*,*,#4760,.F.);
#4941=ORIENTED_EDGE('',*,*,#4898,.F.);
#4943=ORIENTED_EDGE('',*,*,#4942,.T.);
#4944=ORIENTED_EDGE('',*,*,#4925,.T.);
#4945=EDGE_LOOP('',(#4940,#4941,#4943,#4944));
#4946=FACE_OUTER_BOUND('',#4945,.F.);
#4947=ADVANCED_FACE('',(#4946),#4939,.T.);
#4948=CARTESIAN_POINT('',(-2.705E0,7.185096541982E-2,-3.823149034580E0));
#4949=DIRECTION('',(-9.063077870367E-1,-2.988362387301E-1,-2.988362387301E-1));
#4950=DIRECTION('',(-4.226182617407E-1,6.408563820558E-1,6.408563820558E-1));
#4951=AXIS2_PLACEMENT_3D('',#4948,#4949,#4950);
#4952=PLANE('',#4951);
#4953=ORIENTED_EDGE('',*,*,#4774,.T.);
#4954=ORIENTED_EDGE('',*,*,#4927,.T.);
#4955=ORIENTED_EDGE('',*,*,#4942,.F.);
#4956=ORIENTED_EDGE('',*,*,#4896,.F.);
#4957=EDGE_LOOP('',(#4953,#4954,#4955,#4956));
#4958=FACE_OUTER_BOUND('',#4957,.F.);
#4959=ADVANCED_FACE('',(#4958),#4952,.T.);
#4960=CARTESIAN_POINT('',(-2.933824532490E0,8.388018841052E-1,
-3.056198115895E0));
#4961=DIRECTION('',(9.063077870367E-1,2.988362387301E-1,2.988362387301E-1));
#4962=DIRECTION('',(4.226182617407E-1,-6.408563820558E-1,-6.408563820558E-1));
#4963=AXIS2_PLACEMENT_3D('',#4960,#4961,#4962);
#4964=PLANE('',#4963);
#4965=ORIENTED_EDGE('',*,*,#4770,.F.);
#4966=ORIENTED_EDGE('',*,*,#4893,.F.);
#4967=ORIENTED_EDGE('',*,*,#4913,.T.);
#4968=ORIENTED_EDGE('',*,*,#4930,.T.);
#4969=EDGE_LOOP('',(#4965,#4966,#4967,#4968));
#4970=FACE_OUTER_BOUND('',#4969,.F.);
#4971=ADVANCED_FACE('',(#4970),#4964,.T.);
#4972=CARTESIAN_POINT('',(-4.515E0,4.285910346562E0,-3.3E0));
#4973=DIRECTION('',(-8.660254037844E-1,5.E-1,0.E0));
#4974=DIRECTION('',(0.E0,0.E0,-1.E0));
#4975=AXIS2_PLACEMENT_3D('',#4972,#4973,#4974);
#4976=PLANE('',#4975);
#4977=ORIENTED_EDGE('',*,*,#3554,.T.);
#4979=ORIENTED_EDGE('',*,*,#4978,.F.);
#4981=ORIENTED_EDGE('',*,*,#4980,.F.);
#4983=ORIENTED_EDGE('',*,*,#4982,.T.);
#4984=EDGE_LOOP('',(#4977,#4979,#4981,#4983));
#4985=FACE_OUTER_BOUND('',#4984,.F.);
#4986=ADVANCED_FACE('',(#4985),#4976,.T.);
#4987=CARTESIAN_POINT('',(-4.515E0,1.315E0,-3.290896534381E-1));
#4988=DIRECTION('',(-8.660254037844E-1,0.E0,5.E-1));
#4989=DIRECTION('',(0.E0,-1.E0,0.E0));
#4990=AXIS2_PLACEMENT_3D('',#4987,#4988,#4989);
#4991=PLANE('',#4990);
#4993=ORIENTED_EDGE('',*,*,#4992,.F.);
#4994=ORIENTED_EDGE('',*,*,#4978,.T.);
#4995=ORIENTED_EDGE('',*,*,#3383,.T.);
#4997=ORIENTED_EDGE('',*,*,#4996,.F.);
#4998=EDGE_LOOP('',(#4993,#4994,#4995,#4997));
#4999=FACE_OUTER_BOUND('',#4998,.F.);
#5000=ADVANCED_FACE('',(#4999),#4991,.T.);
#5001=CARTESIAN_POINT('',(-4.705E0,0.E0,0.E0));
#5002=DIRECTION('',(1.E0,0.E0,0.E0));
#5003=DIRECTION('',(0.E0,0.E0,-1.E0));
#5004=AXIS2_PLACEMENT_3D('',#5001,#5002,#5003);
#5005=PLANE('',#5004);
#5006=ORIENTED_EDGE('',*,*,#4980,.T.);
#5007=ORIENTED_EDGE('',*,*,#4992,.T.);
#5009=ORIENTED_EDGE('',*,*,#5008,.T.);
#5011=ORIENTED_EDGE('',*,*,#5010,.T.);
#5012=EDGE_LOOP('',(#5006,#5007,#5009,#5011));
#5013=FACE_OUTER_BOUND('',#5012,.F.);
#5015=ORIENTED_EDGE('',*,*,#5014,.F.);
#5017=ORIENTED_EDGE('',*,*,#5016,.T.);
#5019=ORIENTED_EDGE('',*,*,#5018,.T.);
#5021=ORIENTED_EDGE('',*,*,#5020,.T.);
#5022=EDGE_LOOP('',(#5015,#5017,#5019,#5021));
#5023=FACE_BOUND('',#5022,.F.);
#5025=ORIENTED_EDGE('',*,*,#5024,.F.);
#5027=ORIENTED_EDGE('',*,*,#5026,.T.);
#5029=ORIENTED_EDGE('',*,*,#5028,.T.);
#5031=ORIENTED_EDGE('',*,*,#5030,.F.);
#5032=EDGE_LOOP('',(#5025,#5027,#5029,#5031));
#5033=FACE_BOUND('',#5032,.F.);
#5034=ADVANCED_FACE('',(#5013,#5023,#5033),#5005,.F.);
#5035=CARTESIAN_POINT('',(-5.295E0,-1.985E0,0.E0));
#5036=DIRECTION('',(0.E0,-1.E0,0.E0));
#5037=DIRECTION('',(0.E0,0.E0,-1.E0));
#5038=AXIS2_PLACEMENT_3D('',#5035,#5036,#5037);
#5039=PLANE('',#5038);
#5041=ORIENTED_EDGE('',*,*,#5040,.T.);
#5043=ORIENTED_EDGE('',*,*,#5042,.T.);
#5045=ORIENTED_EDGE('',*,*,#5044,.F.);
#5046=ORIENTED_EDGE('',*,*,#5008,.F.);
#5047=EDGE_LOOP('',(#5041,#5043,#5045,#5046));
#5048=FACE_OUTER_BOUND('',#5047,.F.);
#5049=ADVANCED_FACE('',(#5048),#5039,.F.);
#5050=CARTESIAN_POINT('',(-5.E0,-2.175E0,-3.290896534381E-1));
#5051=DIRECTION('',(0.E0,8.660254037844E-1,5.E-1));
#5052=DIRECTION('',(-1.E0,0.E0,0.E0));
#5053=AXIS2_PLACEMENT_3D('',#5050,#5051,#5052);
#5054=PLANE('',#5053);
#5055=ORIENTED_EDGE('',*,*,#3381,.T.);
#5057=ORIENTED_EDGE('',*,*,#5056,.F.);
#5058=ORIENTED_EDGE('',*,*,#5040,.F.);
#5059=ORIENTED_EDGE('',*,*,#4996,.T.);
#5060=EDGE_LOOP('',(#5055,#5057,#5058,#5059));
#5061=FACE_OUTER_BOUND('',#5060,.F.);
#5062=ADVANCED_FACE('',(#5061),#5054,.T.);
#5063=CARTESIAN_POINT('',(-5.485E0,1.315E0,-3.290896534381E-1));
#5064=DIRECTION('',(8.660254037844E-1,0.E0,5.E-1));
#5065=DIRECTION('',(0.E0,-1.E0,0.E0));
#5066=AXIS2_PLACEMENT_3D('',#5063,#5064,#5065);
#5067=PLANE('',#5066);
#5069=ORIENTED_EDGE('',*,*,#5068,.F.);
#5070=ORIENTED_EDGE('',*,*,#5056,.T.);
#5071=ORIENTED_EDGE('',*,*,#3379,.T.);
#5073=ORIENTED_EDGE('',*,*,#5072,.F.);
#5074=EDGE_LOOP('',(#5069,#5070,#5071,#5073));
#5075=FACE_OUTER_BOUND('',#5074,.F.);
#5076=ADVANCED_FACE('',(#5075),#5067,.T.);
#5077=CARTESIAN_POINT('',(-5.295E0,0.E0,0.E0));
#5078=DIRECTION('',(1.E0,0.E0,0.E0));
#5079=DIRECTION('',(0.E0,0.E0,-1.E0));
#5080=AXIS2_PLACEMENT_3D('',#5077,#5078,#5079);
#5081=PLANE('',#5080);
#5082=ORIENTED_EDGE('',*,*,#5068,.T.);
#5084=ORIENTED_EDGE('',*,*,#5083,.T.);
#5086=ORIENTED_EDGE('',*,*,#5085,.F.);
#5087=ORIENTED_EDGE('',*,*,#5042,.F.);
#5088=EDGE_LOOP('',(#5082,#5084,#5086,#5087));
#5089=FACE_OUTER_BOUND('',#5088,.F.);
#5090=ADVANCED_FACE('',(#5089),#5081,.T.);
#5091=CARTESIAN_POINT('',(-5.485E0,4.285910346562E0,-3.3E0));
#5092=DIRECTION('',(8.660254037844E-1,5.E-1,0.E0));
#5093=DIRECTION('',(0.E0,0.E0,-1.E0));
#5094=AXIS2_PLACEMENT_3D('',#5091,#5092,#5093);
#5095=PLANE('',#5094);
#5096=ORIENTED_EDGE('',*,*,#5083,.F.);
#5097=ORIENTED_EDGE('',*,*,#5072,.T.);
#5098=ORIENTED_EDGE('',*,*,#3558,.T.);
#5100=ORIENTED_EDGE('',*,*,#5099,.F.);
#5101=EDGE_LOOP('',(#5096,#5097,#5098,#5100));
#5102=FACE_OUTER_BOUND('',#5101,.F.);
#5103=ADVANCED_FACE('',(#5102),#5095,.T.);
#5104=CARTESIAN_POINT('',(-5.E0,4.285910346562E0,-6.79E0));
#5105=DIRECTION('',(0.E0,5.E-1,8.660254037844E-1));
#5106=DIRECTION('',(-1.E0,0.E0,0.E0));
#5107=AXIS2_PLACEMENT_3D('',#5104,#5105,#5106);
#5108=PLANE('',#5107);
#5110=ORIENTED_EDGE('',*,*,#5109,.F.);
#5111=ORIENTED_EDGE('',*,*,#5099,.T.);
#5112=ORIENTED_EDGE('',*,*,#3556,.T.);
#5113=ORIENTED_EDGE('',*,*,#4982,.F.);
#5114=EDGE_LOOP('',(#5110,#5111,#5112,#5113));
#5115=FACE_OUTER_BOUND('',#5114,.F.);
#5116=ADVANCED_FACE('',(#5115),#5108,.T.);
#5117=CARTESIAN_POINT('',(-5.295E0,-1.985E0,-6.6E0));
#5118=DIRECTION('',(0.E0,0.E0,-1.E0));
#5119=DIRECTION('',(0.E0,1.E0,0.E0));
#5120=AXIS2_PLACEMENT_3D('',#5117,#5118,#5119);
#5121=PLANE('',#5120);
#5122=ORIENTED_EDGE('',*,*,#5109,.T.);
#5123=ORIENTED_EDGE('',*,*,#5010,.F.);
#5124=ORIENTED_EDGE('',*,*,#5044,.T.);
#5125=ORIENTED_EDGE('',*,*,#5085,.T.);
#5126=EDGE_LOOP('',(#5122,#5123,#5124,#5125));
#5127=FACE_OUTER_BOUND('',#5126,.F.);
#5128=ADVANCED_FACE('',(#5127),#5121,.F.);
#5129=CARTESIAN_POINT('',(0.E0,-1.985E0,-5.88E0));
#5130=DIRECTION('',(0.E0,7.071067811865E-1,-7.071067811865E-1));
#5131=DIRECTION('',(0.E0,-7.071067811865E-1,-7.071067811865E-1));
#5132=AXIS2_PLACEMENT_3D('',#5129,#5130,#5131);
#5133=PLANE('',#5132);
#5134=ORIENTED_EDGE('',*,*,#5014,.T.);
#5136=ORIENTED_EDGE('',*,*,#5135,.T.);
#5138=ORIENTED_EDGE('',*,*,#5137,.T.);
#5139=ORIENTED_EDGE('',*,*,#5024,.T.);
#5141=ORIENTED_EDGE('',*,*,#5140,.T.);
#5143=ORIENTED_EDGE('',*,*,#5142,.T.);
#5144=EDGE_LOOP('',(#5134,#5136,#5138,#5139,#5141,#5143));
#5145=FACE_OUTER_BOUND('',#5144,.F.);
#5146=ADVANCED_FACE('',(#5145),#5133,.F.);
#5147=CARTESIAN_POINT('',(-4.255E0,1.062630226914E0,-2.832369773086E0));
#5148=DIRECTION('',(0.E0,7.071067811865E-1,-7.071067811865E-1));
#5149=DIRECTION('',(0.E0,-7.071067811865E-1,-7.071067811865E-1));
#5150=AXIS2_PLACEMENT_3D('',#5147,#5148,#5149);
#5151=CYLINDRICAL_SURFACE('',#5150,7.49E-1);
#5152=ORIENTED_EDGE('',*,*,#5020,.F.);
#5154=ORIENTED_EDGE('',*,*,#5153,.T.);
#5156=ORIENTED_EDGE('',*,*,#5155,.F.);
#5157=ORIENTED_EDGE('',*,*,#5135,.F.);
#5158=EDGE_LOOP('',(#5152,#5154,#5156,#5157));
#5159=FACE_OUTER_BOUND('',#5158,.F.);
#5160=ADVANCED_FACE('',(#5159),#5151,.F.);
#5161=CARTESIAN_POINT('',(0.E0,-1.263751083190E0,-6.601248916810E0));
#5162=DIRECTION('',(0.E0,7.071067811865E-1,-7.071067811865E-1));
#5163=DIRECTION('',(0.E0,-7.071067811865E-1,-7.071067811865E-1));
#5164=AXIS2_PLACEMENT_3D('',#5161,#5162,#5163);
#5165=PLANE('',#5164);
#5166=ORIENTED_EDGE('',*,*,#5018,.F.);
#5168=ORIENTED_EDGE('',*,*,#5167,.F.);
#5170=ORIENTED_EDGE('',*,*,#5169,.F.);
#5171=ORIENTED_EDGE('',*,*,#5028,.F.);
#5173=ORIENTED_EDGE('',*,*,#5172,.F.);
#5174=ORIENTED_EDGE('',*,*,#5153,.F.);
#5175=EDGE_LOOP('',(#5166,#5168,#5170,#5171,#5173,#5174));
#5176=FACE_OUTER_BOUND('',#5175,.F.);
#5177=ADVANCED_FACE('',(#5176),#5165,.T.);
#5178=CARTESIAN_POINT('',(-4.255E0,1.062630226914E0,-2.832369773086E0));
#5179=DIRECTION('',(0.E0,7.071067811865E-1,-7.071067811865E-1));
#5180=DIRECTION('',(0.E0,-7.071067811865E-1,-7.071067811865E-1));
#5181=AXIS2_PLACEMENT_3D('',#5178,#5179,#5180);
#5182=CYLINDRICAL_SURFACE('',#5181,1.E0);
#5183=ORIENTED_EDGE('',*,*,#5016,.F.);
#5184=ORIENTED_EDGE('',*,*,#5142,.F.);
#5186=ORIENTED_EDGE('',*,*,#5185,.T.);
#5187=ORIENTED_EDGE('',*,*,#5167,.T.);
#5188=EDGE_LOOP('',(#5183,#5184,#5186,#5187));
#5189=FACE_OUTER_BOUND('',#5188,.F.);
#5190=ADVANCED_FACE('',(#5189),#5182,.T.);
#5191=CARTESIAN_POINT('',(-4.705E0,7.185096541982E-2,-3.823149034580E0));
#5192=DIRECTION('',(-9.063077870367E-1,-2.988362387301E-1,-2.988362387301E-1));
#5193=DIRECTION('',(-4.226182617407E-1,6.408563820558E-1,6.408563820558E-1));
#5194=AXIS2_PLACEMENT_3D('',#5191,#5192,#5193);
#5195=PLANE('',#5194);
#5196=ORIENTED_EDGE('',*,*,#5030,.T.);
#5197=ORIENTED_EDGE('',*,*,#5169,.T.);
#5198=ORIENTED_EDGE('',*,*,#5185,.F.);
#5199=ORIENTED_EDGE('',*,*,#5140,.F.);
#5200=EDGE_LOOP('',(#5196,#5197,#5198,#5199));
#5201=FACE_OUTER_BOUND('',#5200,.F.);
#5202=ADVANCED_FACE('',(#5201),#5195,.T.);
#5203=CARTESIAN_POINT('',(-4.933824532490E0,8.388018841052E-1,
-3.056198115895E0));
#5204=DIRECTION('',(9.063077870367E-1,2.988362387301E-1,2.988362387301E-1));
#5205=DIRECTION('',(4.226182617407E-1,-6.408563820558E-1,-6.408563820558E-1));
#5206=AXIS2_PLACEMENT_3D('',#5203,#5204,#5205);
#5207=PLANE('',#5206);
#5208=ORIENTED_EDGE('',*,*,#5026,.F.);
#5209=ORIENTED_EDGE('',*,*,#5137,.F.);
#5210=ORIENTED_EDGE('',*,*,#5155,.T.);
#5211=ORIENTED_EDGE('',*,*,#5172,.T.);
#5212=EDGE_LOOP('',(#5208,#5209,#5210,#5211));
#5213=FACE_OUTER_BOUND('',#5212,.F.);
#5214=ADVANCED_FACE('',(#5213),#5207,.T.);
#5215=CARTESIAN_POINT('',(-1.0635E1,3.855E0,0.E0));
#5216=DIRECTION('',(0.E0,0.E0,1.E0));
#5217=DIRECTION('',(1.E0,0.E0,0.E0));
#5218=AXIS2_PLACEMENT_3D('',#5215,#5216,#5217);
#5219=CYLINDRICAL_SURFACE('',#5218,7.6E-1);
#5220=ORIENTED_EDGE('',*,*,#3367,.T.);
#5222=ORIENTED_EDGE('',*,*,#5221,.T.);
#5224=ORIENTED_EDGE('',*,*,#5223,.F.);
#5225=ORIENTED_EDGE('',*,*,#3568,.F.);
#5226=EDGE_LOOP('',(#5220,#5222,#5224,#5225));
#5227=FACE_OUTER_BOUND('',#5226,.F.);
#5228=ADVANCED_FACE('',(#5227),#5219,.T.);
#5229=CARTESIAN_POINT('',(-1.1395E1,3.855E0,0.E0));
#5230=DIRECTION('',(-1.E0,0.E0,0.E0));
#5231=DIRECTION('',(0.E0,-1.E0,0.E0));
#5232=AXIS2_PLACEMENT_3D('',#5229,#5230,#5231);
#5233=PLANE('',#5232);
#5235=ORIENTED_EDGE('',*,*,#5234,.T.);
#5237=ORIENTED_EDGE('',*,*,#5236,.T.);
#5239=ORIENTED_EDGE('',*,*,#5238,.F.);
#5241=ORIENTED_EDGE('',*,*,#5240,.F.);
#5242=ORIENTED_EDGE('',*,*,#5221,.F.);
#5243=ORIENTED_EDGE('',*,*,#3365,.T.);
#5245=ORIENTED_EDGE('',*,*,#5244,.T.);
#5247=ORIENTED_EDGE('',*,*,#5246,.F.);
#5248=EDGE_LOOP('',(#5235,#5237,#5239,#5241,#5242,#5243,#5245,#5247));
#5249=FACE_OUTER_BOUND('',#5248,.F.);
#5250=ADVANCED_FACE('',(#5249),#5233,.T.);
#5251=CARTESIAN_POINT('',(-1.2895E1,-1.E0,-2.E0));
#5252=DIRECTION('',(0.E0,-1.E0,0.E0));
#5253=DIRECTION('',(1.E0,0.E0,0.E0));
#5254=AXIS2_PLACEMENT_3D('',#5251,#5252,#5253);
#5255=PLANE('',#5254);
#5256=ORIENTED_EDGE('',*,*,#5234,.F.);
#5258=ORIENTED_EDGE('',*,*,#5257,.F.);
#5260=ORIENTED_EDGE('',*,*,#5259,.F.);
#5262=ORIENTED_EDGE('',*,*,#5261,.T.);
#5263=EDGE_LOOP('',(#5256,#5258,#5260,#5262));
#5264=FACE_OUTER_BOUND('',#5263,.F.);
#5265=ADVANCED_FACE('',(#5264),#5255,.T.);
#5266=CARTESIAN_POINT('',(0.E0,0.E0,-9.53E0));
#5267=DIRECTION('',(0.E0,0.E0,1.E0));
#5268=DIRECTION('',(1.E0,0.E0,0.E0));
#5269=AXIS2_PLACEMENT_3D('',#5266,#5267,#5268);
#5270=PLANE('',#5269);
#5272=ORIENTED_EDGE('',*,*,#5271,.T.);
#5274=ORIENTED_EDGE('',*,*,#5273,.T.);
#5276=ORIENTED_EDGE('',*,*,#5275,.T.);
#5278=ORIENTED_EDGE('',*,*,#5277,.T.);
#5280=ORIENTED_EDGE('',*,*,#5279,.T.);
#5282=ORIENTED_EDGE('',*,*,#5281,.T.);
#5283=ORIENTED_EDGE('',*,*,#3570,.T.);
#5284=ORIENTED_EDGE('',*,*,#5223,.T.);
#5285=ORIENTED_EDGE('',*,*,#5240,.T.);
#5287=ORIENTED_EDGE('',*,*,#5286,.T.);
#5289=ORIENTED_EDGE('',*,*,#5288,.T.);
#5290=ORIENTED_EDGE('',*,*,#5257,.T.);
#5291=ORIENTED_EDGE('',*,*,#5246,.T.);
#5293=ORIENTED_EDGE('',*,*,#5292,.T.);
#5294=EDGE_LOOP('',(#5272,#5274,#5276,#5278,#5280,#5282,#5283,#5284,#5285,#5287,
#5289,#5290,#5291,#5293));
#5295=FACE_OUTER_BOUND('',#5294,.F.);
#5297=ORIENTED_EDGE('',*,*,#5296,.T.);
#5299=ORIENTED_EDGE('',*,*,#5298,.T.);
#5301=ORIENTED_EDGE('',*,*,#5300,.T.);
#5303=ORIENTED_EDGE('',*,*,#5302,.T.);
#5305=ORIENTED_EDGE('',*,*,#5304,.T.);
#5307=ORIENTED_EDGE('',*,*,#5306,.T.);
#5309=ORIENTED_EDGE('',*,*,#5308,.T.);
#5311=ORIENTED_EDGE('',*,*,#5310,.T.);
#5312=EDGE_LOOP('',(#5297,#5299,#5301,#5303,#5305,#5307,#5309,#5311));
#5313=FACE_BOUND('',#5312,.F.);
#5315=ORIENTED_EDGE('',*,*,#5314,.T.);
#5317=ORIENTED_EDGE('',*,*,#5316,.T.);
#5319=ORIENTED_EDGE('',*,*,#5318,.T.);
#5321=ORIENTED_EDGE('',*,*,#5320,.T.);
#5323=ORIENTED_EDGE('',*,*,#5322,.T.);
#5325=ORIENTED_EDGE('',*,*,#5324,.T.);
#5327=ORIENTED_EDGE('',*,*,#5326,.T.);
#5329=ORIENTED_EDGE('',*,*,#5328,.T.);
#5331=ORIENTED_EDGE('',*,*,#5330,.T.);
#5333=ORIENTED_EDGE('',*,*,#5332,.T.);
#5335=ORIENTED_EDGE('',*,*,#5334,.T.);
#5337=ORIENTED_EDGE('',*,*,#5336,.T.);
#5339=ORIENTED_EDGE('',*,*,#5338,.T.);
#5340=EDGE_LOOP('',(#5315,#5317,#5319,#5321,#5323,#5325,#5327,#5329,#5331,#5333,
#5335,#5337,#5339));
#5341=FACE_BOUND('',#5340,.F.);
#5343=ORIENTED_EDGE('',*,*,#5342,.T.);
#5345=ORIENTED_EDGE('',*,*,#5344,.T.);
#5347=ORIENTED_EDGE('',*,*,#5346,.T.);
#5349=ORIENTED_EDGE('',*,*,#5348,.F.);
#5351=ORIENTED_EDGE('',*,*,#5350,.F.);
#5353=ORIENTED_EDGE('',*,*,#5352,.T.);
#5355=ORIENTED_EDGE('',*,*,#5354,.T.);
#5356=EDGE_LOOP('',(#5343,#5345,#5347,#5349,#5351,#5353,#5355));
#5357=FACE_BOUND('',#5356,.F.);
#5358=ADVANCED_FACE('',(#5295,#5313,#5341,#5357),#5270,.F.);
#5359=CARTESIAN_POINT('',(0.E0,0.E0,-9.53E0));
#5360=DIRECTION('',(0.E0,0.E0,1.E0));
#5361=DIRECTION('',(1.E0,0.E0,0.E0));
#5362=AXIS2_PLACEMENT_3D('',#5359,#5360,#5361);
#5363=PLANE('',#5362);
#5365=ORIENTED_EDGE('',*,*,#5364,.T.);
#5367=ORIENTED_EDGE('',*,*,#5366,.T.);
#5369=ORIENTED_EDGE('',*,*,#5368,.T.);
#5370=EDGE_LOOP('',(#5365,#5367,#5369));
#5371=FACE_OUTER_BOUND('',#5370,.F.);
#5372=ADVANCED_FACE('',(#5371),#5363,.F.);
#5373=CARTESIAN_POINT('',(0.E0,0.E0,-9.53E0));
#5374=DIRECTION('',(0.E0,0.E0,1.E0));
#5375=DIRECTION('',(1.E0,0.E0,0.E0));
#5376=AXIS2_PLACEMENT_3D('',#5373,#5374,#5375);
#5377=PLANE('',#5376);
#5379=ORIENTED_EDGE('',*,*,#5378,.T.);
#5381=ORIENTED_EDGE('',*,*,#5380,.T.);
#5383=ORIENTED_EDGE('',*,*,#5382,.F.);
#5385=ORIENTED_EDGE('',*,*,#5384,.T.);
#5386=EDGE_LOOP('',(#5379,#5381,#5383,#5385));
#5387=FACE_OUTER_BOUND('',#5386,.F.);
#5388=ADVANCED_FACE('',(#5387),#5377,.F.);
#5389=CARTESIAN_POINT('',(1.1395E1,-3.605E0,0.E0));
#5390=DIRECTION('',(1.E0,0.E0,0.E0));
#5391=DIRECTION('',(0.E0,1.E0,0.E0));
#5392=AXIS2_PLACEMENT_3D('',#5389,#5390,#5391);
#5393=PLANE('',#5392);
#5395=ORIENTED_EDGE('',*,*,#5394,.T.);
#5397=ORIENTED_EDGE('',*,*,#5396,.F.);
#5399=ORIENTED_EDGE('',*,*,#5398,.F.);
#5400=ORIENTED_EDGE('',*,*,#5271,.F.);
#5402=ORIENTED_EDGE('',*,*,#5401,.F.);
#5403=ORIENTED_EDGE('',*,*,#3361,.T.);
#5405=ORIENTED_EDGE('',*,*,#5404,.T.);
#5406=ORIENTED_EDGE('',*,*,#5279,.F.);
#5407=EDGE_LOOP('',(#5395,#5397,#5399,#5400,#5402,#5403,#5405,#5406));
#5408=FACE_OUTER_BOUND('',#5407,.F.);
#5409=ADVANCED_FACE('',(#5408),#5393,.T.);
#5410=CARTESIAN_POINT('',(1.2895E1,1.E0,-2.E0));
#5411=DIRECTION('',(0.E0,1.E0,0.E0));
#5412=DIRECTION('',(-1.E0,0.E0,0.E0));
#5413=AXIS2_PLACEMENT_3D('',#5410,#5411,#5412);
#5414=PLANE('',#5413);
#5415=ORIENTED_EDGE('',*,*,#5394,.F.);
#5416=ORIENTED_EDGE('',*,*,#5277,.F.);
#5418=ORIENTED_EDGE('',*,*,#5417,.F.);
#5420=ORIENTED_EDGE('',*,*,#5419,.T.);
#5421=EDGE_LOOP('',(#5415,#5416,#5418,#5420));
#5422=FACE_OUTER_BOUND('',#5421,.F.);
#5423=ADVANCED_FACE('',(#5422),#5414,.T.);
#5424=CARTESIAN_POINT('',(1.2895E1,-1.E0,-2.E0));
#5425=DIRECTION('',(1.E0,0.E0,0.E0));
#5426=DIRECTION('',(0.E0,1.E0,0.E0));
#5427=AXIS2_PLACEMENT_3D('',#5424,#5425,#5426);
#5428=PLANE('',#5427);
#5430=ORIENTED_EDGE('',*,*,#5429,.T.);
#5431=ORIENTED_EDGE('',*,*,#5417,.T.);
#5432=ORIENTED_EDGE('',*,*,#5275,.F.);
#5434=ORIENTED_EDGE('',*,*,#5433,.F.);
#5435=EDGE_LOOP('',(#5430,#5431,#5432,#5434));
#5436=FACE_OUTER_BOUND('',#5435,.F.);
#5437=ADVANCED_FACE('',(#5436),#5428,.T.);
#5438=CARTESIAN_POINT('',(0.E0,0.E0,-2.E0));
#5439=DIRECTION('',(0.E0,0.E0,1.E0));
#5440=DIRECTION('',(1.E0,0.E0,0.E0));
#5441=AXIS2_PLACEMENT_3D('',#5438,#5439,#5440);
#5442=PLANE('',#5441);
#5443=ORIENTED_EDGE('',*,*,#5261,.F.);
#5445=ORIENTED_EDGE('',*,*,#5444,.F.);
#5447=ORIENTED_EDGE('',*,*,#5446,.F.);
#5448=ORIENTED_EDGE('',*,*,#5236,.F.);
#5449=EDGE_LOOP('',(#5443,#5445,#5447,#5448));
#5450=FACE_OUTER_BOUND('',#5449,.F.);
#5451=ADVANCED_FACE('',(#5450),#5442,.T.);
#5452=CARTESIAN_POINT('',(0.E0,0.E0,-2.E0));
#5453=DIRECTION('',(0.E0,0.E0,1.E0));
#5454=DIRECTION('',(1.E0,0.E0,0.E0));
#5455=AXIS2_PLACEMENT_3D('',#5452,#5453,#5454);
#5456=PLANE('',#5455);
#5457=ORIENTED_EDGE('',*,*,#5419,.F.);
#5458=ORIENTED_EDGE('',*,*,#5429,.F.);
#5460=ORIENTED_EDGE('',*,*,#5459,.F.);
#5461=ORIENTED_EDGE('',*,*,#5396,.T.);
#5462=EDGE_LOOP('',(#5457,#5458,#5460,#5461));
#5463=FACE_OUTER_BOUND('',#5462,.F.);
#5464=ADVANCED_FACE('',(#5463),#5456,.T.);
#5465=CARTESIAN_POINT('',(-1.2895E1,1.E0,-2.E0));
#5466=DIRECTION('',(-1.E0,0.E0,0.E0));
#5467=DIRECTION('',(0.E0,-1.E0,0.E0));
#5468=AXIS2_PLACEMENT_3D('',#5465,#5466,#5467);
#5469=PLANE('',#5468);
#5470=ORIENTED_EDGE('',*,*,#5444,.T.);
#5471=ORIENTED_EDGE('',*,*,#5259,.T.);
#5472=ORIENTED_EDGE('',*,*,#5288,.F.);
#5474=ORIENTED_EDGE('',*,*,#5473,.F.);
#5475=EDGE_LOOP('',(#5470,#5471,#5472,#5474));
#5476=FACE_OUTER_BOUND('',#5475,.F.);
#5477=ADVANCED_FACE('',(#5476),#5469,.T.);
#5478=CARTESIAN_POINT('',(-1.1395E1,1.E0,-2.E0));
#5479=DIRECTION('',(0.E0,1.E0,0.E0));
#5480=DIRECTION('',(-1.E0,0.E0,0.E0));
#5481=AXIS2_PLACEMENT_3D('',#5478,#5479,#5480);
#5482=PLANE('',#5481);
#5483=ORIENTED_EDGE('',*,*,#5238,.T.);
#5484=ORIENTED_EDGE('',*,*,#5446,.T.);
#5485=ORIENTED_EDGE('',*,*,#5473,.T.);
#5486=ORIENTED_EDGE('',*,*,#5286,.F.);
#5487=EDGE_LOOP('',(#5483,#5484,#5485,#5486));
#5488=FACE_OUTER_BOUND('',#5487,.F.);
#5489=ADVANCED_FACE('',(#5488),#5482,.T.);
#5490=CARTESIAN_POINT('',(1.1395E1,-1.E0,-2.E0));
#5491=DIRECTION('',(0.E0,-1.E0,0.E0));
#5492=DIRECTION('',(1.E0,0.E0,0.E0));
#5493=AXIS2_PLACEMENT_3D('',#5490,#5491,#5492);
#5494=PLANE('',#5493);
#5495=ORIENTED_EDGE('',*,*,#5398,.T.);
#5496=ORIENTED_EDGE('',*,*,#5459,.T.);
#5497=ORIENTED_EDGE('',*,*,#5433,.T.);
#5498=ORIENTED_EDGE('',*,*,#5273,.F.);
#5499=EDGE_LOOP('',(#5495,#5496,#5497,#5498));
#5500=FACE_OUTER_BOUND('',#5499,.F.);
#5501=ADVANCED_FACE('',(#5500),#5494,.T.);
#5502=CARTESIAN_POINT('',(-1.1395E1,-3.605E0,0.E0));
#5503=DIRECTION('',(0.E0,-1.E0,0.E0));
#5504=DIRECTION('',(1.E0,0.E0,0.E0));
#5505=AXIS2_PLACEMENT_3D('',#5502,#5503,#5504);
#5506=PLANE('',#5505);
#5507=ORIENTED_EDGE('',*,*,#3363,.T.);
#5508=ORIENTED_EDGE('',*,*,#5401,.T.);
#5509=ORIENTED_EDGE('',*,*,#5292,.F.);
#5510=ORIENTED_EDGE('',*,*,#5244,.F.);
#5511=EDGE_LOOP('',(#5507,#5508,#5509,#5510));
#5512=FACE_OUTER_BOUND('',#5511,.F.);
#5514=ORIENTED_EDGE('',*,*,#5513,.T.);
#5516=ORIENTED_EDGE('',*,*,#5515,.T.);
#5518=ORIENTED_EDGE('',*,*,#5517,.T.);
#5520=ORIENTED_EDGE('',*,*,#5519,.T.);
#5521=EDGE_LOOP('',(#5514,#5516,#5518,#5520));
#5522=FACE_BOUND('',#5521,.F.);
#5524=ORIENTED_EDGE('',*,*,#5523,.T.);
#5526=ORIENTED_EDGE('',*,*,#5525,.T.);
#5528=ORIENTED_EDGE('',*,*,#5527,.T.);
#5530=ORIENTED_EDGE('',*,*,#5529,.T.);
#5531=EDGE_LOOP('',(#5524,#5526,#5528,#5530));
#5532=FACE_BOUND('',#5531,.F.);
#5534=ORIENTED_EDGE('',*,*,#5533,.T.);
#5536=ORIENTED_EDGE('',*,*,#5535,.T.);
#5538=ORIENTED_EDGE('',*,*,#5537,.T.);
#5540=ORIENTED_EDGE('',*,*,#5539,.T.);
#5541=EDGE_LOOP('',(#5534,#5536,#5538,#5540));
#5542=FACE_BOUND('',#5541,.F.);
#5544=ORIENTED_EDGE('',*,*,#5543,.T.);
#5546=ORIENTED_EDGE('',*,*,#5545,.T.);
#5547=EDGE_LOOP('',(#5544,#5546));
#5548=FACE_BOUND('',#5547,.F.);
#5550=ORIENTED_EDGE('',*,*,#5549,.F.);
#5552=ORIENTED_EDGE('',*,*,#5551,.F.);
#5553=EDGE_LOOP('',(#5550,#5552));
#5554=FACE_BOUND('',#5553,.F.);
#5556=ORIENTED_EDGE('',*,*,#5555,.F.);
#5558=ORIENTED_EDGE('',*,*,#5557,.F.);
#5560=ORIENTED_EDGE('',*,*,#5559,.T.);
#5562=ORIENTED_EDGE('',*,*,#5561,.T.);
#5563=EDGE_LOOP('',(#5556,#5558,#5560,#5562));
#5564=FACE_BOUND('',#5563,.F.);
#5566=ORIENTED_EDGE('',*,*,#5565,.F.);
#5568=ORIENTED_EDGE('',*,*,#5567,.F.);
#5570=ORIENTED_EDGE('',*,*,#5569,.T.);
#5572=ORIENTED_EDGE('',*,*,#5571,.T.);
#5573=EDGE_LOOP('',(#5566,#5568,#5570,#5572));
#5574=FACE_BOUND('',#5573,.F.);
#5576=ORIENTED_EDGE('',*,*,#5575,.F.);
#5578=ORIENTED_EDGE('',*,*,#5577,.F.);
#5580=ORIENTED_EDGE('',*,*,#5579,.T.);
#5582=ORIENTED_EDGE('',*,*,#5581,.T.);
#5583=EDGE_LOOP('',(#5576,#5578,#5580,#5582));
#5584=FACE_BOUND('',#5583,.F.);
#5586=ORIENTED_EDGE('',*,*,#5585,.F.);
#5588=ORIENTED_EDGE('',*,*,#5587,.F.);
#5590=ORIENTED_EDGE('',*,*,#5589,.T.);
#5592=ORIENTED_EDGE('',*,*,#5591,.T.);
#5593=EDGE_LOOP('',(#5586,#5588,#5590,#5592));
#5594=FACE_BOUND('',#5593,.F.);
#5596=ORIENTED_EDGE('',*,*,#5595,.F.);
#5598=ORIENTED_EDGE('',*,*,#5597,.F.);
#5600=ORIENTED_EDGE('',*,*,#5599,.T.);
#5602=ORIENTED_EDGE('',*,*,#5601,.T.);
#5603=EDGE_LOOP('',(#5596,#5598,#5600,#5602));
#5604=FACE_BOUND('',#5603,.F.);
#5606=ORIENTED_EDGE('',*,*,#5605,.F.);
#5608=ORIENTED_EDGE('',*,*,#5607,.F.);
#5610=ORIENTED_EDGE('',*,*,#5609,.T.);
#5612=ORIENTED_EDGE('',*,*,#5611,.T.);
#5613=EDGE_LOOP('',(#5606,#5608,#5610,#5612));
#5614=FACE_BOUND('',#5613,.F.);
#5615=ADVANCED_FACE('',(#5512,#5522,#5532,#5542,#5548,#5554,#5564,#5574,#5584,
#5594,#5604,#5614),#5506,.T.);
#5616=CARTESIAN_POINT('',(7.91E0,-3.605E0,-8.72E0));
#5617=DIRECTION('',(0.E0,0.E0,-1.E0));
#5618=DIRECTION('',(1.E0,0.E0,0.E0));
#5619=AXIS2_PLACEMENT_3D('',#5616,#5617,#5618);
#5620=PLANE('',#5619);
#5621=ORIENTED_EDGE('',*,*,#5513,.F.);
#5623=ORIENTED_EDGE('',*,*,#5622,.T.);
#5625=ORIENTED_EDGE('',*,*,#5624,.T.);
#5627=ORIENTED_EDGE('',*,*,#5626,.F.);
#5628=EDGE_LOOP('',(#5621,#5623,#5625,#5627));
#5629=FACE_OUTER_BOUND('',#5628,.F.);
#5630=ADVANCED_FACE('',(#5629),#5620,.T.);
#5631=CARTESIAN_POINT('',(7.91E0,-3.605E0,-8.1E-1));
#5632=DIRECTION('',(-1.E0,0.E0,0.E0));
#5633=DIRECTION('',(0.E0,0.E0,-1.E0));
#5634=AXIS2_PLACEMENT_3D('',#5631,#5632,#5633);
#5635=PLANE('',#5634);
#5636=ORIENTED_EDGE('',*,*,#5519,.F.);
#5638=ORIENTED_EDGE('',*,*,#5637,.T.);
#5640=ORIENTED_EDGE('',*,*,#5639,.T.);
#5641=ORIENTED_EDGE('',*,*,#5622,.F.);
#5642=EDGE_LOOP('',(#5636,#5638,#5640,#5641));
#5643=FACE_OUTER_BOUND('',#5642,.F.);
#5644=ADVANCED_FACE('',(#5643),#5635,.T.);
#5645=CARTESIAN_POINT('',(8.55E0,-3.605E0,-8.1E-1));
#5646=DIRECTION('',(0.E0,0.E0,1.E0));
#5647=DIRECTION('',(-1.E0,0.E0,0.E0));
#5648=AXIS2_PLACEMENT_3D('',#5645,#5646,#5647);
#5649=PLANE('',#5648);
#5650=ORIENTED_EDGE('',*,*,#5517,.F.);
#5652=ORIENTED_EDGE('',*,*,#5651,.T.);
#5654=ORIENTED_EDGE('',*,*,#5653,.T.);
#5655=ORIENTED_EDGE('',*,*,#5637,.F.);
#5656=EDGE_LOOP('',(#5650,#5652,#5654,#5655));
#5657=FACE_OUTER_BOUND('',#5656,.F.);
#5658=ADVANCED_FACE('',(#5657),#5649,.T.);
#5659=CARTESIAN_POINT('',(8.55E0,-3.605E0,-8.72E0));
#5660=DIRECTION('',(1.E0,0.E0,0.E0));
#5661=DIRECTION('',(0.E0,0.E0,1.E0));
#5662=AXIS2_PLACEMENT_3D('',#5659,#5660,#5661);
#5663=PLANE('',#5662);
#5664=ORIENTED_EDGE('',*,*,#5515,.F.);
#5665=ORIENTED_EDGE('',*,*,#5626,.T.);
#5667=ORIENTED_EDGE('',*,*,#5666,.T.);
#5668=ORIENTED_EDGE('',*,*,#5651,.F.);
#5669=EDGE_LOOP('',(#5664,#5665,#5667,#5668));
#5670=FACE_OUTER_BOUND('',#5669,.F.);
#5671=ADVANCED_FACE('',(#5670),#5663,.T.);
#5672=CARTESIAN_POINT('',(0.E0,-3.985E0,0.E0));
#5673=DIRECTION('',(0.E0,-1.E0,0.E0));
#5674=DIRECTION('',(1.E0,0.E0,0.E0));
#5675=AXIS2_PLACEMENT_3D('',#5672,#5673,#5674);
#5676=PLANE('',#5675);
#5677=ORIENTED_EDGE('',*,*,#5624,.F.);
#5678=ORIENTED_EDGE('',*,*,#5639,.F.);
#5679=ORIENTED_EDGE('',*,*,#5653,.F.);
#5680=ORIENTED_EDGE('',*,*,#5666,.F.);
#5681=EDGE_LOOP('',(#5677,#5678,#5679,#5680));
#5682=FACE_OUTER_BOUND('',#5681,.F.);
#5683=ADVANCED_FACE('',(#5682),#5676,.T.);
#5684=CARTESIAN_POINT('',(0.E0,-3.985E0,0.E0));
#5685=DIRECTION('',(0.E0,-1.E0,0.E0));
#5686=DIRECTION('',(1.E0,0.E0,0.E0));
#5687=AXIS2_PLACEMENT_3D('',#5684,#5685,#5686);
#5688=PLANE('',#5687);
#5690=ORIENTED_EDGE('',*,*,#5689,.F.);
#5692=ORIENTED_EDGE('',*,*,#5691,.F.);
#5694=ORIENTED_EDGE('',*,*,#5693,.F.);
#5696=ORIENTED_EDGE('',*,*,#5695,.F.);
#5697=EDGE_LOOP('',(#5690,#5692,#5694,#5696));
#5698=FACE_OUTER_BOUND('',#5697,.F.);
#5699=ADVANCED_FACE('',(#5698),#5688,.T.);
#5700=CARTESIAN_POINT('',(0.E0,-3.985E0,0.E0));
#5701=DIRECTION('',(0.E0,-1.E0,0.E0));
#5702=DIRECTION('',(1.E0,0.E0,0.E0));
#5703=AXIS2_PLACEMENT_3D('',#5700,#5701,#5702);
#5704=PLANE('',#5703);
#5706=ORIENTED_EDGE('',*,*,#5705,.F.);
#5708=ORIENTED_EDGE('',*,*,#5707,.F.);
#5710=ORIENTED_EDGE('',*,*,#5709,.F.);
#5712=ORIENTED_EDGE('',*,*,#5711,.F.);
#5713=EDGE_LOOP('',(#5706,#5708,#5710,#5712));
#5714=FACE_OUTER_BOUND('',#5713,.F.);
#5715=ADVANCED_FACE('',(#5714),#5704,.T.);
#5716=CARTESIAN_POINT('',(-3.2E-1,-3.605E0,-6.E0));
#5717=DIRECTION('',(0.E0,0.E0,-1.E0));
#5718=DIRECTION('',(1.E0,0.E0,0.E0));
#5719=AXIS2_PLACEMENT_3D('',#5716,#5717,#5718);
#5720=PLANE('',#5719);
#5721=ORIENTED_EDGE('',*,*,#5523,.F.);
#5723=ORIENTED_EDGE('',*,*,#5722,.T.);
#5724=ORIENTED_EDGE('',*,*,#5689,.T.);
#5726=ORIENTED_EDGE('',*,*,#5725,.F.);
#5727=EDGE_LOOP('',(#5721,#5723,#5724,#5726));
#5728=FACE_OUTER_BOUND('',#5727,.F.);
#5729=ADVANCED_FACE('',(#5728),#5720,.T.);
#5730=CARTESIAN_POINT('',(-3.2E-1,-3.605E0,-8.1E-1));
#5731=DIRECTION('',(-1.E0,0.E0,0.E0));
#5732=DIRECTION('',(0.E0,0.E0,-1.E0));
#5733=AXIS2_PLACEMENT_3D('',#5730,#5731,#5732);
#5734=PLANE('',#5733);
#5735=ORIENTED_EDGE('',*,*,#5529,.F.);
#5737=ORIENTED_EDGE('',*,*,#5736,.T.);
#5738=ORIENTED_EDGE('',*,*,#5691,.T.);
#5739=ORIENTED_EDGE('',*,*,#5722,.F.);
#5740=EDGE_LOOP('',(#5735,#5737,#5738,#5739));
#5741=FACE_OUTER_BOUND('',#5740,.F.);
#5742=ADVANCED_FACE('',(#5741),#5734,.T.);
#5743=CARTESIAN_POINT('',(3.2E-1,-3.605E0,-8.1E-1));
#5744=DIRECTION('',(0.E0,0.E0,1.E0));
#5745=DIRECTION('',(-1.E0,0.E0,0.E0));
#5746=AXIS2_PLACEMENT_3D('',#5743,#5744,#5745);
#5747=PLANE('',#5746);
#5748=ORIENTED_EDGE('',*,*,#5527,.F.);
#5750=ORIENTED_EDGE('',*,*,#5749,.T.);
#5751=ORIENTED_EDGE('',*,*,#5693,.T.);
#5752=ORIENTED_EDGE('',*,*,#5736,.F.);
#5753=EDGE_LOOP('',(#5748,#5750,#5751,#5752));
#5754=FACE_OUTER_BOUND('',#5753,.F.);
#5755=ADVANCED_FACE('',(#5754),#5747,.T.);
#5756=CARTESIAN_POINT('',(3.2E-1,-3.605E0,-6.E0));
#5757=DIRECTION('',(1.E0,0.E0,0.E0));
#5758=DIRECTION('',(0.E0,0.E0,1.E0));
#5759=AXIS2_PLACEMENT_3D('',#5756,#5757,#5758);
#5760=PLANE('',#5759);
#5761=ORIENTED_EDGE('',*,*,#5525,.F.);
#5762=ORIENTED_EDGE('',*,*,#5725,.T.);
#5763=ORIENTED_EDGE('',*,*,#5695,.T.);
#5764=ORIENTED_EDGE('',*,*,#5749,.F.);
#5765=EDGE_LOOP('',(#5761,#5762,#5763,#5764));
#5766=FACE_OUTER_BOUND('',#5765,.F.);
#5767=ADVANCED_FACE('',(#5766),#5760,.T.);
#5768=CARTESIAN_POINT('',(-8.55E0,-3.605E0,-8.72E0));
#5769=DIRECTION('',(0.E0,0.E0,-1.E0));
#5770=DIRECTION('',(1.E0,0.E0,0.E0));
#5771=AXIS2_PLACEMENT_3D('',#5768,#5769,#5770);
#5772=PLANE('',#5771);
#5773=ORIENTED_EDGE('',*,*,#5533,.F.);
#5775=ORIENTED_EDGE('',*,*,#5774,.T.);
#5776=ORIENTED_EDGE('',*,*,#5705,.T.);
#5778=ORIENTED_EDGE('',*,*,#5777,.F.);
#5779=EDGE_LOOP('',(#5773,#5775,#5776,#5778));
#5780=FACE_OUTER_BOUND('',#5779,.F.);
#5781=ADVANCED_FACE('',(#5780),#5772,.T.);
#5782=CARTESIAN_POINT('',(-8.55E0,-3.605E0,-8.1E-1));
#5783=DIRECTION('',(-1.E0,0.E0,0.E0));
#5784=DIRECTION('',(0.E0,0.E0,-1.E0));
#5785=AXIS2_PLACEMENT_3D('',#5782,#5783,#5784);
#5786=PLANE('',#5785);
#5787=ORIENTED_EDGE('',*,*,#5539,.F.);
#5789=ORIENTED_EDGE('',*,*,#5788,.T.);
#5790=ORIENTED_EDGE('',*,*,#5707,.T.);
#5791=ORIENTED_EDGE('',*,*,#5774,.F.);
#5792=EDGE_LOOP('',(#5787,#5789,#5790,#5791));
#5793=FACE_OUTER_BOUND('',#5792,.F.);
#5794=ADVANCED_FACE('',(#5793),#5786,.T.);
#5795=CARTESIAN_POINT('',(-7.91E0,-3.605E0,-8.1E-1));
#5796=DIRECTION('',(0.E0,0.E0,1.E0));
#5797=DIRECTION('',(-1.E0,0.E0,0.E0));
#5798=AXIS2_PLACEMENT_3D('',#5795,#5796,#5797);
#5799=PLANE('',#5798);
#5800=ORIENTED_EDGE('',*,*,#5537,.F.);
#5802=ORIENTED_EDGE('',*,*,#5801,.T.);
#5803=ORIENTED_EDGE('',*,*,#5709,.T.);
#5804=ORIENTED_EDGE('',*,*,#5788,.F.);
#5805=EDGE_LOOP('',(#5800,#5802,#5803,#5804));
#5806=FACE_OUTER_BOUND('',#5805,.F.);
#5807=ADVANCED_FACE('',(#5806),#5799,.T.);
#5808=CARTESIAN_POINT('',(-7.91E0,-3.605E0,-8.72E0));
#5809=DIRECTION('',(1.E0,0.E0,0.E0));
#5810=DIRECTION('',(0.E0,0.E0,1.E0));
#5811=AXIS2_PLACEMENT_3D('',#5808,#5809,#5810);
#5812=PLANE('',#5811);
#5813=ORIENTED_EDGE('',*,*,#5535,.F.);
#5814=ORIENTED_EDGE('',*,*,#5777,.T.);
#5815=ORIENTED_EDGE('',*,*,#5711,.T.);
#5816=ORIENTED_EDGE('',*,*,#5801,.F.);
#5817=EDGE_LOOP('',(#5813,#5814,#5815,#5816));
#5818=FACE_OUTER_BOUND('',#5817,.F.);
#5819=ADVANCED_FACE('',(#5818),#5812,.T.);
#5820=CARTESIAN_POINT('',(-4.835E0,-3.491E0,-3.5E0));
#5821=DIRECTION('',(0.E0,-1.E0,0.E0));
#5822=DIRECTION('',(1.E0,0.E0,0.E0));
#5823=AXIS2_PLACEMENT_3D('',#5820,#5821,#5822);
#5824=CYLINDRICAL_SURFACE('',#5823,1.E0);
#5825=ORIENTED_EDGE('',*,*,#5543,.F.);
#5827=ORIENTED_EDGE('',*,*,#5826,.T.);
#5829=ORIENTED_EDGE('',*,*,#5828,.T.);
#5831=ORIENTED_EDGE('',*,*,#5830,.F.);
#5832=EDGE_LOOP('',(#5825,#5827,#5829,#5831));
#5833=FACE_OUTER_BOUND('',#5832,.F.);
#5834=ADVANCED_FACE('',(#5833),#5824,.T.);
#5835=CARTESIAN_POINT('',(-4.835E0,-3.491E0,-3.5E0));
#5836=DIRECTION('',(0.E0,-1.E0,0.E0));
#5837=DIRECTION('',(1.E0,0.E0,0.E0));
#5838=AXIS2_PLACEMENT_3D('',#5835,#5836,#5837);
#5839=CYLINDRICAL_SURFACE('',#5838,1.E0);
#5840=ORIENTED_EDGE('',*,*,#5826,.F.);
#5841=ORIENTED_EDGE('',*,*,#5545,.F.);
#5842=ORIENTED_EDGE('',*,*,#5830,.T.);
#5844=ORIENTED_EDGE('',*,*,#5843,.F.);
#5845=EDGE_LOOP('',(#5840,#5841,#5842,#5844));
#5846=FACE_OUTER_BOUND('',#5845,.F.);
#5847=ADVANCED_FACE('',(#5846),#5839,.T.);
#5848=CARTESIAN_POINT('',(-4.835E0,-5.599211616751E0,-3.5E0));
#5849=DIRECTION('',(0.E0,1.E0,0.E0));
#5850=DIRECTION('',(-1.E0,0.E0,0.E0));
#5851=AXIS2_PLACEMENT_3D('',#5848,#5849,#5850);
#5852=CONICAL_SURFACE('',#5851,8.35E-1,3.E1);
#5854=ORIENTED_EDGE('',*,*,#5853,.F.);
#5855=ORIENTED_EDGE('',*,*,#5843,.T.);
#5857=ORIENTED_EDGE('',*,*,#5856,.T.);
#5859=ORIENTED_EDGE('',*,*,#5858,.F.);
#5860=EDGE_LOOP('',(#5854,#5855,#5857,#5859));
#5861=FACE_OUTER_BOUND('',#5860,.F.);
#5862=ADVANCED_FACE('',(#5861),#5852,.T.);
#5863=CARTESIAN_POINT('',(-4.835E0,-5.599211616751E0,-3.5E0));
#5864=DIRECTION('',(0.E0,1.E0,0.E0));
#5865=DIRECTION('',(-1.E0,0.E0,0.E0));
#5866=AXIS2_PLACEMENT_3D('',#5863,#5864,#5865);
#5867=CONICAL_SURFACE('',#5866,8.35E-1,3.E1);
#5868=ORIENTED_EDGE('',*,*,#5853,.T.);
#5870=ORIENTED_EDGE('',*,*,#5869,.T.);
#5871=ORIENTED_EDGE('',*,*,#5856,.F.);
#5872=ORIENTED_EDGE('',*,*,#5828,.F.);
#5873=EDGE_LOOP('',(#5868,#5870,#5871,#5872));
#5874=FACE_OUTER_BOUND('',#5873,.F.);
#5875=ADVANCED_FACE('',(#5874),#5867,.T.);
#5876=CARTESIAN_POINT('',(-4.835E0,-5.885E0,-3.5E0));
#5877=DIRECTION('',(0.E0,-1.E0,0.E0));
#5878=DIRECTION('',(1.E0,0.E0,0.E0));
#5879=AXIS2_PLACEMENT_3D('',#5876,#5877,#5878);
#5880=PLANE('',#5879);
#5881=ORIENTED_EDGE('',*,*,#5858,.T.);
#5882=ORIENTED_EDGE('',*,*,#5869,.F.);
#5883=EDGE_LOOP('',(#5881,#5882));
#5884=FACE_OUTER_BOUND('',#5883,.F.);
#5885=ADVANCED_FACE('',(#5884),#5880,.T.);
#5886=CARTESIAN_POINT('',(5.165E0,-5.999E0,-3.5E0));
#5887=DIRECTION('',(0.E0,1.E0,0.E0));
#5888=DIRECTION('',(-1.E0,0.E0,0.E0));
#5889=AXIS2_PLACEMENT_3D('',#5886,#5887,#5888);
#5890=CYLINDRICAL_SURFACE('',#5889,1.E0);
#5891=ORIENTED_EDGE('',*,*,#5549,.T.);
#5893=ORIENTED_EDGE('',*,*,#5892,.F.);
#5895=ORIENTED_EDGE('',*,*,#5894,.F.);
#5897=ORIENTED_EDGE('',*,*,#5896,.T.);
#5898=EDGE_LOOP('',(#5891,#5893,#5895,#5897));
#5899=FACE_OUTER_BOUND('',#5898,.F.);
#5900=ADVANCED_FACE('',(#5899),#5890,.T.);
#5901=CARTESIAN_POINT('',(5.165E0,-5.999E0,-3.5E0));
#5902=DIRECTION('',(0.E0,1.E0,0.E0));
#5903=DIRECTION('',(-1.E0,0.E0,0.E0));
#5904=AXIS2_PLACEMENT_3D('',#5901,#5902,#5903);
#5905=CYLINDRICAL_SURFACE('',#5904,1.E0);
#5906=ORIENTED_EDGE('',*,*,#5551,.T.);
#5907=ORIENTED_EDGE('',*,*,#5896,.F.);
#5909=ORIENTED_EDGE('',*,*,#5908,.T.);
#5910=ORIENTED_EDGE('',*,*,#5892,.T.);
#5911=EDGE_LOOP('',(#5906,#5907,#5909,#5910));
#5912=FACE_OUTER_BOUND('',#5911,.F.);
#5913=ADVANCED_FACE('',(#5912),#5905,.T.);
#5914=CARTESIAN_POINT('',(5.165E0,-5.599211616751E0,-3.5E0));
#5915=DIRECTION('',(0.E0,1.E0,0.E0));
#5916=DIRECTION('',(-1.E0,0.E0,0.E0));
#5917=AXIS2_PLACEMENT_3D('',#5914,#5915,#5916);
#5918=CONICAL_SURFACE('',#5917,8.35E-1,3.E1);
#5920=ORIENTED_EDGE('',*,*,#5919,.F.);
#5922=ORIENTED_EDGE('',*,*,#5921,.T.);
#5924=ORIENTED_EDGE('',*,*,#5923,.T.);
#5925=ORIENTED_EDGE('',*,*,#5908,.F.);
#5926=EDGE_LOOP('',(#5920,#5922,#5924,#5925));
#5927=FACE_OUTER_BOUND('',#5926,.F.);
#5928=ADVANCED_FACE('',(#5927),#5918,.T.);
#5929=CARTESIAN_POINT('',(5.165E0,-5.599211616751E0,-3.5E0));
#5930=DIRECTION('',(0.E0,1.E0,0.E0));
#5931=DIRECTION('',(-1.E0,0.E0,0.E0));
#5932=AXIS2_PLACEMENT_3D('',#5929,#5930,#5931);
#5933=CONICAL_SURFACE('',#5932,8.35E-1,3.E1);
#5934=ORIENTED_EDGE('',*,*,#5919,.T.);
#5935=ORIENTED_EDGE('',*,*,#5894,.T.);
#5936=ORIENTED_EDGE('',*,*,#5923,.F.);
#5938=ORIENTED_EDGE('',*,*,#5937,.F.);
#5939=EDGE_LOOP('',(#5934,#5935,#5936,#5938));
#5940=FACE_OUTER_BOUND('',#5939,.F.);
#5941=ADVANCED_FACE('',(#5940),#5933,.T.);
#5942=CARTESIAN_POINT('',(5.165E0,-5.885E0,-3.5E0));
#5943=DIRECTION('',(0.E0,1.E0,0.E0));
#5944=DIRECTION('',(-1.E0,0.E0,0.E0));
#5945=AXIS2_PLACEMENT_3D('',#5942,#5943,#5944);
#5946=PLANE('',#5945);
#5947=ORIENTED_EDGE('',*,*,#5921,.F.);
#5948=ORIENTED_EDGE('',*,*,#5937,.T.);
#5949=EDGE_LOOP('',(#5947,#5948));
#5950=FACE_OUTER_BOUND('',#5949,.F.);
#5951=ADVANCED_FACE('',(#5950),#5946,.F.);
#5952=CARTESIAN_POINT('',(0.E0,0.E0,-9.2655E0));
#5953=DIRECTION('',(0.E0,0.E0,-1.E0));
#5954=DIRECTION('',(-1.E0,0.E0,0.E0));
#5955=AXIS2_PLACEMENT_3D('',#5952,#5953,#5954);
#5956=PLANE('',#5955);
#5957=ORIENTED_EDGE('',*,*,#5555,.T.);
#5959=ORIENTED_EDGE('',*,*,#5958,.F.);
#5961=ORIENTED_EDGE('',*,*,#5960,.F.);
#5963=ORIENTED_EDGE('',*,*,#5962,.F.);
#5965=ORIENTED_EDGE('',*,*,#5964,.F.);
#5967=ORIENTED_EDGE('',*,*,#5966,.F.);
#5968=EDGE_LOOP('',(#5957,#5959,#5961,#5963,#5965,#5967));
#5969=FACE_OUTER_BOUND('',#5968,.F.);
#5970=ADVANCED_FACE('',(#5969),#5956,.T.);
#5971=CARTESIAN_POINT('',(-5.15E0,-5.485E0,-9.2655E0));
#5972=DIRECTION('',(-1.E0,0.E0,0.E0));
#5973=DIRECTION('',(0.E0,1.E0,0.E0));
#5974=AXIS2_PLACEMENT_3D('',#5971,#5972,#5973);
#5975=PLANE('',#5974);
#5976=ORIENTED_EDGE('',*,*,#5561,.F.);
#5978=ORIENTED_EDGE('',*,*,#5977,.F.);
#5980=ORIENTED_EDGE('',*,*,#5979,.F.);
#5981=ORIENTED_EDGE('',*,*,#5958,.T.);
#5982=EDGE_LOOP('',(#5976,#5978,#5980,#5981));
#5983=FACE_OUTER_BOUND('',#5982,.F.);
#5984=ADVANCED_FACE('',(#5983),#5975,.T.);
#5985=CARTESIAN_POINT('',(0.E0,0.E0,-9.0145E0));
#5986=DIRECTION('',(0.E0,0.E0,-1.E0));
#5987=DIRECTION('',(-1.E0,0.E0,0.E0));
#5988=AXIS2_PLACEMENT_3D('',#5985,#5986,#5987);
#5989=PLANE('',#5988);
#5990=ORIENTED_EDGE('',*,*,#5559,.F.);
#5992=ORIENTED_EDGE('',*,*,#5991,.T.);
#5994=ORIENTED_EDGE('',*,*,#5993,.T.);
#5996=ORIENTED_EDGE('',*,*,#5995,.T.);
#5998=ORIENTED_EDGE('',*,*,#5997,.T.);
#5999=ORIENTED_EDGE('',*,*,#5977,.T.);
#6000=EDGE_LOOP('',(#5990,#5992,#5994,#5996,#5998,#5999));
#6001=FACE_OUTER_BOUND('',#6000,.F.);
#6002=ADVANCED_FACE('',(#6001),#5989,.F.);
#6003=CARTESIAN_POINT('',(-4.52E0,-3.605E0,-9.2655E0));
#6004=DIRECTION('',(1.E0,0.E0,0.E0));
#6005=DIRECTION('',(0.E0,-1.E0,0.E0));
#6006=AXIS2_PLACEMENT_3D('',#6003,#6004,#6005);
#6007=PLANE('',#6006);
#6008=ORIENTED_EDGE('',*,*,#5557,.T.);
#6009=ORIENTED_EDGE('',*,*,#5966,.T.);
#6011=ORIENTED_EDGE('',*,*,#6010,.T.);
#6012=ORIENTED_EDGE('',*,*,#5991,.F.);
#6013=EDGE_LOOP('',(#6008,#6009,#6011,#6012));
#6014=FACE_OUTER_BOUND('',#6013,.F.);
#6015=ADVANCED_FACE('',(#6014),#6007,.T.);
#6016=CARTESIAN_POINT('',(-4.52E0,-5.485E0,-9.2655E0));
#6017=DIRECTION('',(9.153150324228E-1,-4.027386142660E-1,0.E0));
#6018=DIRECTION('',(-4.027386142660E-1,-9.153150324228E-1,0.E0));
#6019=AXIS2_PLACEMENT_3D('',#6016,#6017,#6018);
#6020=PLANE('',#6019);
#6021=ORIENTED_EDGE('',*,*,#5964,.T.);
#6023=ORIENTED_EDGE('',*,*,#6022,.T.);
#6024=ORIENTED_EDGE('',*,*,#5993,.F.);
#6025=ORIENTED_EDGE('',*,*,#6010,.F.);
#6026=EDGE_LOOP('',(#6021,#6023,#6024,#6025));
#6027=FACE_OUTER_BOUND('',#6026,.F.);
#6028=ADVANCED_FACE('',(#6027),#6020,.T.);
#6029=CARTESIAN_POINT('',(-4.74E0,-5.985E0,-9.2655E0));
#6030=DIRECTION('',(0.E0,-1.E0,0.E0));
#6031=DIRECTION('',(-1.E0,0.E0,0.E0));
#6032=AXIS2_PLACEMENT_3D('',#6029,#6030,#6031);
#6033=PLANE('',#6032);
#6034=ORIENTED_EDGE('',*,*,#5962,.T.);
#6036=ORIENTED_EDGE('',*,*,#6035,.T.);
#6037=ORIENTED_EDGE('',*,*,#5995,.F.);
#6038=ORIENTED_EDGE('',*,*,#6022,.F.);
#6039=EDGE_LOOP('',(#6034,#6036,#6037,#6038));
#6040=FACE_OUTER_BOUND('',#6039,.F.);
#6041=ADVANCED_FACE('',(#6040),#6033,.T.);
#6042=CARTESIAN_POINT('',(-4.93E0,-5.985E0,-9.2655E0));
#6043=DIRECTION('',(-9.153150324228E-1,-4.027386142660E-1,0.E0));
#6044=DIRECTION('',(-4.027386142660E-1,9.153150324228E-1,0.E0));
#6045=AXIS2_PLACEMENT_3D('',#6042,#6043,#6044);
#6046=PLANE('',#6045);
#6047=ORIENTED_EDGE('',*,*,#5960,.T.);
#6048=ORIENTED_EDGE('',*,*,#5979,.T.);
#6049=ORIENTED_EDGE('',*,*,#5997,.F.);
#6050=ORIENTED_EDGE('',*,*,#6035,.F.);
#6051=EDGE_LOOP('',(#6047,#6048,#6049,#6050));
#6052=FACE_OUTER_BOUND('',#6051,.F.);
#6053=ADVANCED_FACE('',(#6052),#6046,.T.);
#6054=CARTESIAN_POINT('',(2.E0,0.E0,-9.2655E0));
#6055=DIRECTION('',(0.E0,0.E0,-1.E0));
#6056=DIRECTION('',(-1.E0,0.E0,0.E0));
#6057=AXIS2_PLACEMENT_3D('',#6054,#6055,#6056);
#6058=PLANE('',#6057);
#6059=ORIENTED_EDGE('',*,*,#5565,.T.);
#6061=ORIENTED_EDGE('',*,*,#6060,.F.);
#6063=ORIENTED_EDGE('',*,*,#6062,.F.);
#6065=ORIENTED_EDGE('',*,*,#6064,.F.);
#6067=ORIENTED_EDGE('',*,*,#6066,.F.);
#6069=ORIENTED_EDGE('',*,*,#6068,.F.);
#6070=EDGE_LOOP('',(#6059,#6061,#6063,#6065,#6067,#6069));
#6071=FACE_OUTER_BOUND('',#6070,.F.);
#6072=ADVANCED_FACE('',(#6071),#6058,.T.);
#6073=CARTESIAN_POINT('',(-3.15E0,-5.485E0,-9.2655E0));
#6074=DIRECTION('',(-1.E0,0.E0,0.E0));
#6075=DIRECTION('',(0.E0,1.E0,0.E0));
#6076=AXIS2_PLACEMENT_3D('',#6073,#6074,#6075);
#6077=PLANE('',#6076);
#6078=ORIENTED_EDGE('',*,*,#5571,.F.);
#6080=ORIENTED_EDGE('',*,*,#6079,.F.);
#6082=ORIENTED_EDGE('',*,*,#6081,.F.);
#6083=ORIENTED_EDGE('',*,*,#6060,.T.);
#6084=EDGE_LOOP('',(#6078,#6080,#6082,#6083));
#6085=FACE_OUTER_BOUND('',#6084,.F.);
#6086=ADVANCED_FACE('',(#6085),#6077,.T.);
#6087=CARTESIAN_POINT('',(2.E0,0.E0,-9.0145E0));
#6088=DIRECTION('',(0.E0,0.E0,-1.E0));
#6089=DIRECTION('',(-1.E0,0.E0,0.E0));
#6090=AXIS2_PLACEMENT_3D('',#6087,#6088,#6089);
#6091=PLANE('',#6090);
#6092=ORIENTED_EDGE('',*,*,#5569,.F.);
#6094=ORIENTED_EDGE('',*,*,#6093,.T.);
#6096=ORIENTED_EDGE('',*,*,#6095,.T.);
#6098=ORIENTED_EDGE('',*,*,#6097,.T.);
#6100=ORIENTED_EDGE('',*,*,#6099,.T.);
#6101=ORIENTED_EDGE('',*,*,#6079,.T.);
#6102=EDGE_LOOP('',(#6092,#6094,#6096,#6098,#6100,#6101));
#6103=FACE_OUTER_BOUND('',#6102,.F.);
#6104=ADVANCED_FACE('',(#6103),#6091,.F.);
#6105=CARTESIAN_POINT('',(-2.52E0,-3.605E0,-9.2655E0));
#6106=DIRECTION('',(1.E0,0.E0,0.E0));
#6107=DIRECTION('',(0.E0,-1.E0,0.E0));
#6108=AXIS2_PLACEMENT_3D('',#6105,#6106,#6107);
#6109=PLANE('',#6108);
#6110=ORIENTED_EDGE('',*,*,#5567,.T.);
#6111=ORIENTED_EDGE('',*,*,#6068,.T.);
#6113=ORIENTED_EDGE('',*,*,#6112,.T.);
#6114=ORIENTED_EDGE('',*,*,#6093,.F.);
#6115=EDGE_LOOP('',(#6110,#6111,#6113,#6114));
#6116=FACE_OUTER_BOUND('',#6115,.F.);
#6117=ADVANCED_FACE('',(#6116),#6109,.T.);
#6118=CARTESIAN_POINT('',(-2.52E0,-5.485E0,-9.2655E0));
#6119=DIRECTION('',(9.153150324228E-1,-4.027386142660E-1,0.E0));
#6120=DIRECTION('',(-4.027386142660E-1,-9.153150324228E-1,0.E0));
#6121=AXIS2_PLACEMENT_3D('',#6118,#6119,#6120);
#6122=PLANE('',#6121);
#6123=ORIENTED_EDGE('',*,*,#6066,.T.);
#6125=ORIENTED_EDGE('',*,*,#6124,.T.);
#6126=ORIENTED_EDGE('',*,*,#6095,.F.);
#6127=ORIENTED_EDGE('',*,*,#6112,.F.);
#6128=EDGE_LOOP('',(#6123,#6125,#6126,#6127));
#6129=FACE_OUTER_BOUND('',#6128,.F.);
#6130=ADVANCED_FACE('',(#6129),#6122,.T.);
#6131=CARTESIAN_POINT('',(-2.74E0,-5.985E0,-9.2655E0));
#6132=DIRECTION('',(0.E0,-1.E0,0.E0));
#6133=DIRECTION('',(-1.E0,0.E0,0.E0));
#6134=AXIS2_PLACEMENT_3D('',#6131,#6132,#6133);
#6135=PLANE('',#6134);
#6136=ORIENTED_EDGE('',*,*,#6064,.T.);
#6138=ORIENTED_EDGE('',*,*,#6137,.T.);
#6139=ORIENTED_EDGE('',*,*,#6097,.F.);
#6140=ORIENTED_EDGE('',*,*,#6124,.F.);
#6141=EDGE_LOOP('',(#6136,#6138,#6139,#6140));
#6142=FACE_OUTER_BOUND('',#6141,.F.);
#6143=ADVANCED_FACE('',(#6142),#6135,.T.);
#6144=CARTESIAN_POINT('',(-2.93E0,-5.985E0,-9.2655E0));
#6145=DIRECTION('',(-9.153150324228E-1,-4.027386142660E-1,0.E0));
#6146=DIRECTION('',(-4.027386142660E-1,9.153150324228E-1,0.E0));
#6147=AXIS2_PLACEMENT_3D('',#6144,#6145,#6146);
#6148=PLANE('',#6147);
#6149=ORIENTED_EDGE('',*,*,#6062,.T.);
#6150=ORIENTED_EDGE('',*,*,#6081,.T.);
#6151=ORIENTED_EDGE('',*,*,#6099,.F.);
#6152=ORIENTED_EDGE('',*,*,#6137,.F.);
#6153=EDGE_LOOP('',(#6149,#6150,#6151,#6152));
#6154=FACE_OUTER_BOUND('',#6153,.F.);
#6155=ADVANCED_FACE('',(#6154),#6148,.T.);
#6156=CARTESIAN_POINT('',(4.E0,0.E0,-9.2655E0));
#6157=DIRECTION('',(0.E0,0.E0,-1.E0));
#6158=DIRECTION('',(-1.E0,0.E0,0.E0));
#6159=AXIS2_PLACEMENT_3D('',#6156,#6157,#6158);
#6160=PLANE('',#6159);
#6161=ORIENTED_EDGE('',*,*,#5575,.T.);
#6163=ORIENTED_EDGE('',*,*,#6162,.F.);
#6165=ORIENTED_EDGE('',*,*,#6164,.F.);
#6167=ORIENTED_EDGE('',*,*,#6166,.F.);
#6169=ORIENTED_EDGE('',*,*,#6168,.F.);
#6171=ORIENTED_EDGE('',*,*,#6170,.F.);
#6172=EDGE_LOOP('',(#6161,#6163,#6165,#6167,#6169,#6171));
#6173=FACE_OUTER_BOUND('',#6172,.F.);
#6174=ADVANCED_FACE('',(#6173),#6160,.T.);
#6175=CARTESIAN_POINT('',(-1.15E0,-5.485E0,-9.2655E0));
#6176=DIRECTION('',(-1.E0,0.E0,0.E0));
#6177=DIRECTION('',(0.E0,1.E0,0.E0));
#6178=AXIS2_PLACEMENT_3D('',#6175,#6176,#6177);
#6179=PLANE('',#6178);
#6180=ORIENTED_EDGE('',*,*,#5581,.F.);
#6182=ORIENTED_EDGE('',*,*,#6181,.F.);
#6184=ORIENTED_EDGE('',*,*,#6183,.F.);
#6185=ORIENTED_EDGE('',*,*,#6162,.T.);
#6186=EDGE_LOOP('',(#6180,#6182,#6184,#6185));
#6187=FACE_OUTER_BOUND('',#6186,.F.);
#6188=ADVANCED_FACE('',(#6187),#6179,.T.);
#6189=CARTESIAN_POINT('',(4.E0,0.E0,-9.0145E0));
#6190=DIRECTION('',(0.E0,0.E0,-1.E0));
#6191=DIRECTION('',(-1.E0,0.E0,0.E0));
#6192=AXIS2_PLACEMENT_3D('',#6189,#6190,#6191);
#6193=PLANE('',#6192);
#6194=ORIENTED_EDGE('',*,*,#5579,.F.);
#6196=ORIENTED_EDGE('',*,*,#6195,.T.);
#6198=ORIENTED_EDGE('',*,*,#6197,.T.);
#6200=ORIENTED_EDGE('',*,*,#6199,.T.);
#6202=ORIENTED_EDGE('',*,*,#6201,.T.);
#6203=ORIENTED_EDGE('',*,*,#6181,.T.);
#6204=EDGE_LOOP('',(#6194,#6196,#6198,#6200,#6202,#6203));
#6205=FACE_OUTER_BOUND('',#6204,.F.);
#6206=ADVANCED_FACE('',(#6205),#6193,.F.);
#6207=CARTESIAN_POINT('',(-5.2E-1,-3.605E0,-9.2655E0));
#6208=DIRECTION('',(1.E0,0.E0,0.E0));
#6209=DIRECTION('',(0.E0,-1.E0,0.E0));
#6210=AXIS2_PLACEMENT_3D('',#6207,#6208,#6209);
#6211=PLANE('',#6210);
#6212=ORIENTED_EDGE('',*,*,#5577,.T.);
#6213=ORIENTED_EDGE('',*,*,#6170,.T.);
#6215=ORIENTED_EDGE('',*,*,#6214,.T.);
#6216=ORIENTED_EDGE('',*,*,#6195,.F.);
#6217=EDGE_LOOP('',(#6212,#6213,#6215,#6216));
#6218=FACE_OUTER_BOUND('',#6217,.F.);
#6219=ADVANCED_FACE('',(#6218),#6211,.T.);
#6220=CARTESIAN_POINT('',(-5.2E-1,-5.485E0,-9.2655E0));
#6221=DIRECTION('',(9.153150324228E-1,-4.027386142660E-1,0.E0));
#6222=DIRECTION('',(-4.027386142660E-1,-9.153150324228E-1,0.E0));
#6223=AXIS2_PLACEMENT_3D('',#6220,#6221,#6222);
#6224=PLANE('',#6223);
#6225=ORIENTED_EDGE('',*,*,#6168,.T.);
#6227=ORIENTED_EDGE('',*,*,#6226,.T.);
#6228=ORIENTED_EDGE('',*,*,#6197,.F.);
#6229=ORIENTED_EDGE('',*,*,#6214,.F.);
#6230=EDGE_LOOP('',(#6225,#6227,#6228,#6229));
#6231=FACE_OUTER_BOUND('',#6230,.F.);
#6232=ADVANCED_FACE('',(#6231),#6224,.T.);
#6233=CARTESIAN_POINT('',(-7.4E-1,-5.985E0,-9.2655E0));
#6234=DIRECTION('',(0.E0,-1.E0,0.E0));
#6235=DIRECTION('',(-1.E0,0.E0,0.E0));
#6236=AXIS2_PLACEMENT_3D('',#6233,#6234,#6235);
#6237=PLANE('',#6236);
#6238=ORIENTED_EDGE('',*,*,#6166,.T.);
#6240=ORIENTED_EDGE('',*,*,#6239,.T.);
#6241=ORIENTED_EDGE('',*,*,#6199,.F.);
#6242=ORIENTED_EDGE('',*,*,#6226,.F.);
#6243=EDGE_LOOP('',(#6238,#6240,#6241,#6242));
#6244=FACE_OUTER_BOUND('',#6243,.F.);
#6245=ADVANCED_FACE('',(#6244),#6237,.T.);
#6246=CARTESIAN_POINT('',(-9.3E-1,-5.985E0,-9.2655E0));
#6247=DIRECTION('',(-9.153150324228E-1,-4.027386142660E-1,0.E0));
#6248=DIRECTION('',(-4.027386142660E-1,9.153150324228E-1,0.E0));
#6249=AXIS2_PLACEMENT_3D('',#6246,#6247,#6248);
#6250=PLANE('',#6249);
#6251=ORIENTED_EDGE('',*,*,#6164,.T.);
#6252=ORIENTED_EDGE('',*,*,#6183,.T.);
#6253=ORIENTED_EDGE('',*,*,#6201,.F.);
#6254=ORIENTED_EDGE('',*,*,#6239,.F.);
#6255=EDGE_LOOP('',(#6251,#6252,#6253,#6254));
#6256=FACE_OUTER_BOUND('',#6255,.F.);
#6257=ADVANCED_FACE('',(#6256),#6250,.T.);
#6258=CARTESIAN_POINT('',(6.E0,0.E0,-9.2655E0));
#6259=DIRECTION('',(0.E0,0.E0,-1.E0));
#6260=DIRECTION('',(-1.E0,0.E0,0.E0));
#6261=AXIS2_PLACEMENT_3D('',#6258,#6259,#6260);
#6262=PLANE('',#6261);
#6263=ORIENTED_EDGE('',*,*,#5585,.T.);
#6265=ORIENTED_EDGE('',*,*,#6264,.F.);
#6267=ORIENTED_EDGE('',*,*,#6266,.F.);
#6269=ORIENTED_EDGE('',*,*,#6268,.F.);
#6271=ORIENTED_EDGE('',*,*,#6270,.F.);
#6273=ORIENTED_EDGE('',*,*,#6272,.F.);
#6274=EDGE_LOOP('',(#6263,#6265,#6267,#6269,#6271,#6273));
#6275=FACE_OUTER_BOUND('',#6274,.F.);
#6276=ADVANCED_FACE('',(#6275),#6262,.T.);
#6277=CARTESIAN_POINT('',(8.5E-1,-5.485E0,-9.2655E0));
#6278=DIRECTION('',(-1.E0,0.E0,0.E0));
#6279=DIRECTION('',(0.E0,1.E0,0.E0));
#6280=AXIS2_PLACEMENT_3D('',#6277,#6278,#6279);
#6281=PLANE('',#6280);
#6282=ORIENTED_EDGE('',*,*,#5591,.F.);
#6284=ORIENTED_EDGE('',*,*,#6283,.F.);
#6286=ORIENTED_EDGE('',*,*,#6285,.F.);
#6287=ORIENTED_EDGE('',*,*,#6264,.T.);
#6288=EDGE_LOOP('',(#6282,#6284,#6286,#6287));
#6289=FACE_OUTER_BOUND('',#6288,.F.);
#6290=ADVANCED_FACE('',(#6289),#6281,.T.);
#6291=CARTESIAN_POINT('',(6.E0,0.E0,-9.0145E0));
#6292=DIRECTION('',(0.E0,0.E0,-1.E0));
#6293=DIRECTION('',(-1.E0,0.E0,0.E0));
#6294=AXIS2_PLACEMENT_3D('',#6291,#6292,#6293);
#6295=PLANE('',#6294);
#6296=ORIENTED_EDGE('',*,*,#5589,.F.);
#6298=ORIENTED_EDGE('',*,*,#6297,.T.);
#6300=ORIENTED_EDGE('',*,*,#6299,.T.);
#6302=ORIENTED_EDGE('',*,*,#6301,.T.);
#6304=ORIENTED_EDGE('',*,*,#6303,.T.);
#6305=ORIENTED_EDGE('',*,*,#6283,.T.);
#6306=EDGE_LOOP('',(#6296,#6298,#6300,#6302,#6304,#6305));
#6307=FACE_OUTER_BOUND('',#6306,.F.);
#6308=ADVANCED_FACE('',(#6307),#6295,.F.);
#6309=CARTESIAN_POINT('',(1.48E0,-3.605E0,-9.2655E0));
#6310=DIRECTION('',(1.E0,0.E0,0.E0));
#6311=DIRECTION('',(0.E0,-1.E0,0.E0));
#6312=AXIS2_PLACEMENT_3D('',#6309,#6310,#6311);
#6313=PLANE('',#6312);
#6314=ORIENTED_EDGE('',*,*,#5587,.T.);
#6315=ORIENTED_EDGE('',*,*,#6272,.T.);
#6317=ORIENTED_EDGE('',*,*,#6316,.T.);
#6318=ORIENTED_EDGE('',*,*,#6297,.F.);
#6319=EDGE_LOOP('',(#6314,#6315,#6317,#6318));
#6320=FACE_OUTER_BOUND('',#6319,.F.);
#6321=ADVANCED_FACE('',(#6320),#6313,.T.);
#6322=CARTESIAN_POINT('',(1.48E0,-5.485E0,-9.2655E0));
#6323=DIRECTION('',(9.153150324228E-1,-4.027386142660E-1,0.E0));
#6324=DIRECTION('',(-4.027386142660E-1,-9.153150324228E-1,0.E0));
#6325=AXIS2_PLACEMENT_3D('',#6322,#6323,#6324);
#6326=PLANE('',#6325);
#6327=ORIENTED_EDGE('',*,*,#6270,.T.);
#6329=ORIENTED_EDGE('',*,*,#6328,.T.);
#6330=ORIENTED_EDGE('',*,*,#6299,.F.);
#6331=ORIENTED_EDGE('',*,*,#6316,.F.);
#6332=EDGE_LOOP('',(#6327,#6329,#6330,#6331));
#6333=FACE_OUTER_BOUND('',#6332,.F.);
#6334=ADVANCED_FACE('',(#6333),#6326,.T.);
#6335=CARTESIAN_POINT('',(1.26E0,-5.985E0,-9.2655E0));
#6336=DIRECTION('',(0.E0,-1.E0,0.E0));
#6337=DIRECTION('',(-1.E0,0.E0,0.E0));
#6338=AXIS2_PLACEMENT_3D('',#6335,#6336,#6337);
#6339=PLANE('',#6338);
#6340=ORIENTED_EDGE('',*,*,#6268,.T.);
#6342=ORIENTED_EDGE('',*,*,#6341,.T.);
#6343=ORIENTED_EDGE('',*,*,#6301,.F.);
#6344=ORIENTED_EDGE('',*,*,#6328,.F.);
#6345=EDGE_LOOP('',(#6340,#6342,#6343,#6344));
#6346=FACE_OUTER_BOUND('',#6345,.F.);
#6347=ADVANCED_FACE('',(#6346),#6339,.T.);
#6348=CARTESIAN_POINT('',(1.07E0,-5.985E0,-9.2655E0));
#6349=DIRECTION('',(-9.153150324228E-1,-4.027386142660E-1,0.E0));
#6350=DIRECTION('',(-4.027386142660E-1,9.153150324228E-1,0.E0));
#6351=AXIS2_PLACEMENT_3D('',#6348,#6349,#6350);
#6352=PLANE('',#6351);
#6353=ORIENTED_EDGE('',*,*,#6266,.T.);
#6354=ORIENTED_EDGE('',*,*,#6285,.T.);
#6355=ORIENTED_EDGE('',*,*,#6303,.F.);
#6356=ORIENTED_EDGE('',*,*,#6341,.F.);
#6357=EDGE_LOOP('',(#6353,#6354,#6355,#6356));
#6358=FACE_OUTER_BOUND('',#6357,.F.);
#6359=ADVANCED_FACE('',(#6358),#6352,.T.);
#6360=CARTESIAN_POINT('',(8.E0,0.E0,-9.2655E0));
#6361=DIRECTION('',(0.E0,0.E0,-1.E0));
#6362=DIRECTION('',(-1.E0,0.E0,0.E0));
#6363=AXIS2_PLACEMENT_3D('',#6360,#6361,#6362);
#6364=PLANE('',#6363);
#6365=ORIENTED_EDGE('',*,*,#5595,.T.);
#6367=ORIENTED_EDGE('',*,*,#6366,.F.);
#6369=ORIENTED_EDGE('',*,*,#6368,.F.);
#6371=ORIENTED_EDGE('',*,*,#6370,.F.);
#6373=ORIENTED_EDGE('',*,*,#6372,.F.);
#6375=ORIENTED_EDGE('',*,*,#6374,.F.);
#6376=EDGE_LOOP('',(#6365,#6367,#6369,#6371,#6373,#6375));
#6377=FACE_OUTER_BOUND('',#6376,.F.);
#6378=ADVANCED_FACE('',(#6377),#6364,.T.);
#6379=CARTESIAN_POINT('',(2.85E0,-5.485E0,-9.2655E0));
#6380=DIRECTION('',(-1.E0,0.E0,0.E0));
#6381=DIRECTION('',(0.E0,1.E0,0.E0));
#6382=AXIS2_PLACEMENT_3D('',#6379,#6380,#6381);
#6383=PLANE('',#6382);
#6384=ORIENTED_EDGE('',*,*,#5601,.F.);
#6386=ORIENTED_EDGE('',*,*,#6385,.F.);
#6388=ORIENTED_EDGE('',*,*,#6387,.F.);
#6389=ORIENTED_EDGE('',*,*,#6366,.T.);
#6390=EDGE_LOOP('',(#6384,#6386,#6388,#6389));
#6391=FACE_OUTER_BOUND('',#6390,.F.);
#6392=ADVANCED_FACE('',(#6391),#6383,.T.);
#6393=CARTESIAN_POINT('',(8.E0,0.E0,-9.0145E0));
#6394=DIRECTION('',(0.E0,0.E0,-1.E0));
#6395=DIRECTION('',(-1.E0,0.E0,0.E0));
#6396=AXIS2_PLACEMENT_3D('',#6393,#6394,#6395);
#6397=PLANE('',#6396);
#6398=ORIENTED_EDGE('',*,*,#5599,.F.);
#6400=ORIENTED_EDGE('',*,*,#6399,.T.);
#6402=ORIENTED_EDGE('',*,*,#6401,.T.);
#6404=ORIENTED_EDGE('',*,*,#6403,.T.);
#6406=ORIENTED_EDGE('',*,*,#6405,.T.);
#6407=ORIENTED_EDGE('',*,*,#6385,.T.);
#6408=EDGE_LOOP('',(#6398,#6400,#6402,#6404,#6406,#6407));
#6409=FACE_OUTER_BOUND('',#6408,.F.);
#6410=ADVANCED_FACE('',(#6409),#6397,.F.);
#6411=CARTESIAN_POINT('',(3.48E0,-3.605E0,-9.2655E0));
#6412=DIRECTION('',(1.E0,0.E0,0.E0));
#6413=DIRECTION('',(0.E0,-1.E0,0.E0));
#6414=AXIS2_PLACEMENT_3D('',#6411,#6412,#6413);
#6415=PLANE('',#6414);
#6416=ORIENTED_EDGE('',*,*,#5597,.T.);
#6417=ORIENTED_EDGE('',*,*,#6374,.T.);
#6419=ORIENTED_EDGE('',*,*,#6418,.T.);
#6420=ORIENTED_EDGE('',*,*,#6399,.F.);
#6421=EDGE_LOOP('',(#6416,#6417,#6419,#6420));
#6422=FACE_OUTER_BOUND('',#6421,.F.);
#6423=ADVANCED_FACE('',(#6422),#6415,.T.);
#6424=CARTESIAN_POINT('',(3.48E0,-5.485E0,-9.2655E0));
#6425=DIRECTION('',(9.153150324228E-1,-4.027386142660E-1,0.E0));
#6426=DIRECTION('',(-4.027386142660E-1,-9.153150324228E-1,0.E0));
#6427=AXIS2_PLACEMENT_3D('',#6424,#6425,#6426);
#6428=PLANE('',#6427);
#6429=ORIENTED_EDGE('',*,*,#6372,.T.);
#6431=ORIENTED_EDGE('',*,*,#6430,.T.);
#6432=ORIENTED_EDGE('',*,*,#6401,.F.);
#6433=ORIENTED_EDGE('',*,*,#6418,.F.);
#6434=EDGE_LOOP('',(#6429,#6431,#6432,#6433));
#6435=FACE_OUTER_BOUND('',#6434,.F.);
#6436=ADVANCED_FACE('',(#6435),#6428,.T.);
#6437=CARTESIAN_POINT('',(3.26E0,-5.985E0,-9.2655E0));
#6438=DIRECTION('',(0.E0,-1.E0,0.E0));
#6439=DIRECTION('',(-1.E0,0.E0,0.E0));
#6440=AXIS2_PLACEMENT_3D('',#6437,#6438,#6439);
#6441=PLANE('',#6440);
#6442=ORIENTED_EDGE('',*,*,#6370,.T.);
#6444=ORIENTED_EDGE('',*,*,#6443,.T.);
#6445=ORIENTED_EDGE('',*,*,#6403,.F.);
#6446=ORIENTED_EDGE('',*,*,#6430,.F.);
#6447=EDGE_LOOP('',(#6442,#6444,#6445,#6446));
#6448=FACE_OUTER_BOUND('',#6447,.F.);
#6449=ADVANCED_FACE('',(#6448),#6441,.T.);
#6450=CARTESIAN_POINT('',(3.07E0,-5.985E0,-9.2655E0));
#6451=DIRECTION('',(-9.153150324228E-1,-4.027386142660E-1,0.E0));
#6452=DIRECTION('',(-4.027386142660E-1,9.153150324228E-1,0.E0));
#6453=AXIS2_PLACEMENT_3D('',#6450,#6451,#6452);
#6454=PLANE('',#6453);
#6455=ORIENTED_EDGE('',*,*,#6368,.T.);
#6456=ORIENTED_EDGE('',*,*,#6387,.T.);
#6457=ORIENTED_EDGE('',*,*,#6405,.F.);
#6458=ORIENTED_EDGE('',*,*,#6443,.F.);
#6459=EDGE_LOOP('',(#6455,#6456,#6457,#6458));
#6460=FACE_OUTER_BOUND('',#6459,.F.);
#6461=ADVANCED_FACE('',(#6460),#6454,.T.);
#6462=CARTESIAN_POINT('',(1.E1,0.E0,-9.2655E0));
#6463=DIRECTION('',(0.E0,0.E0,-1.E0));
#6464=DIRECTION('',(-1.E0,0.E0,0.E0));
#6465=AXIS2_PLACEMENT_3D('',#6462,#6463,#6464);
#6466=PLANE('',#6465);
#6467=ORIENTED_EDGE('',*,*,#5605,.T.);
#6469=ORIENTED_EDGE('',*,*,#6468,.F.);
#6471=ORIENTED_EDGE('',*,*,#6470,.F.);
#6473=ORIENTED_EDGE('',*,*,#6472,.F.);
#6475=ORIENTED_EDGE('',*,*,#6474,.F.);
#6477=ORIENTED_EDGE('',*,*,#6476,.F.);
#6478=EDGE_LOOP('',(#6467,#6469,#6471,#6473,#6475,#6477));
#6479=FACE_OUTER_BOUND('',#6478,.F.);
#6480=ADVANCED_FACE('',(#6479),#6466,.T.);
#6481=CARTESIAN_POINT('',(4.85E0,-5.485E0,-9.2655E0));
#6482=DIRECTION('',(-1.E0,0.E0,0.E0));
#6483=DIRECTION('',(0.E0,1.E0,0.E0));
#6484=AXIS2_PLACEMENT_3D('',#6481,#6482,#6483);
#6485=PLANE('',#6484);
#6486=ORIENTED_EDGE('',*,*,#5611,.F.);
#6488=ORIENTED_EDGE('',*,*,#6487,.F.);
#6490=ORIENTED_EDGE('',*,*,#6489,.F.);
#6491=ORIENTED_EDGE('',*,*,#6468,.T.);
#6492=EDGE_LOOP('',(#6486,#6488,#6490,#6491));
#6493=FACE_OUTER_BOUND('',#6492,.F.);
#6494=ADVANCED_FACE('',(#6493),#6485,.T.);
#6495=CARTESIAN_POINT('',(1.E1,0.E0,-9.0145E0));
#6496=DIRECTION('',(0.E0,0.E0,-1.E0));
#6497=DIRECTION('',(-1.E0,0.E0,0.E0));
#6498=AXIS2_PLACEMENT_3D('',#6495,#6496,#6497);
#6499=PLANE('',#6498);
#6500=ORIENTED_EDGE('',*,*,#5609,.F.);
#6502=ORIENTED_EDGE('',*,*,#6501,.T.);
#6504=ORIENTED_EDGE('',*,*,#6503,.T.);
#6506=ORIENTED_EDGE('',*,*,#6505,.T.);
#6508=ORIENTED_EDGE('',*,*,#6507,.T.);
#6509=ORIENTED_EDGE('',*,*,#6487,.T.);
#6510=EDGE_LOOP('',(#6500,#6502,#6504,#6506,#6508,#6509));
#6511=FACE_OUTER_BOUND('',#6510,.F.);
#6512=ADVANCED_FACE('',(#6511),#6499,.F.);
#6513=CARTESIAN_POINT('',(5.48E0,-3.605E0,-9.2655E0));
#6514=DIRECTION('',(1.E0,0.E0,0.E0));
#6515=DIRECTION('',(0.E0,-1.E0,0.E0));
#6516=AXIS2_PLACEMENT_3D('',#6513,#6514,#6515);
#6517=PLANE('',#6516);
#6518=ORIENTED_EDGE('',*,*,#5607,.T.);
#6519=ORIENTED_EDGE('',*,*,#6476,.T.);
#6521=ORIENTED_EDGE('',*,*,#6520,.T.);
#6522=ORIENTED_EDGE('',*,*,#6501,.F.);
#6523=EDGE_LOOP('',(#6518,#6519,#6521,#6522));
#6524=FACE_OUTER_BOUND('',#6523,.F.);
#6525=ADVANCED_FACE('',(#6524),#6517,.T.);
#6526=CARTESIAN_POINT('',(5.48E0,-5.485E0,-9.2655E0));
#6527=DIRECTION('',(9.153150324228E-1,-4.027386142660E-1,0.E0));
#6528=DIRECTION('',(-4.027386142660E-1,-9.153150324228E-1,0.E0));
#6529=AXIS2_PLACEMENT_3D('',#6526,#6527,#6528);
#6530=PLANE('',#6529);
#6531=ORIENTED_EDGE('',*,*,#6474,.T.);
#6533=ORIENTED_EDGE('',*,*,#6532,.T.);
#6534=ORIENTED_EDGE('',*,*,#6503,.F.);
#6535=ORIENTED_EDGE('',*,*,#6520,.F.);
#6536=EDGE_LOOP('',(#6531,#6533,#6534,#6535));
#6537=FACE_OUTER_BOUND('',#6536,.F.);
#6538=ADVANCED_FACE('',(#6537),#6530,.T.);
#6539=CARTESIAN_POINT('',(5.26E0,-5.985E0,-9.2655E0));
#6540=DIRECTION('',(0.E0,-1.E0,0.E0));
#6541=DIRECTION('',(-1.E0,0.E0,0.E0));
#6542=AXIS2_PLACEMENT_3D('',#6539,#6540,#6541);
#6543=PLANE('',#6542);
#6544=ORIENTED_EDGE('',*,*,#6472,.T.);
#6546=ORIENTED_EDGE('',*,*,#6545,.T.);
#6547=ORIENTED_EDGE('',*,*,#6505,.F.);
#6548=ORIENTED_EDGE('',*,*,#6532,.F.);
#6549=EDGE_LOOP('',(#6544,#6546,#6547,#6548));
#6550=FACE_OUTER_BOUND('',#6549,.F.);
#6551=ADVANCED_FACE('',(#6550),#6543,.T.);
#6552=CARTESIAN_POINT('',(5.07E0,-5.985E0,-9.2655E0));
#6553=DIRECTION('',(-9.153150324228E-1,-4.027386142660E-1,0.E0));
#6554=DIRECTION('',(-4.027386142660E-1,9.153150324228E-1,0.E0));
#6555=AXIS2_PLACEMENT_3D('',#6552,#6553,#6554);
#6556=PLANE('',#6555);
#6557=ORIENTED_EDGE('',*,*,#6470,.T.);
#6558=ORIENTED_EDGE('',*,*,#6489,.T.);
#6559=ORIENTED_EDGE('',*,*,#6507,.F.);
#6560=ORIENTED_EDGE('',*,*,#6545,.F.);
#6561=EDGE_LOOP('',(#6557,#6558,#6559,#6560));
#6562=FACE_OUTER_BOUND('',#6561,.F.);
#6563=ADVANCED_FACE('',(#6562),#6556,.T.);
#6564=CARTESIAN_POINT('',(1.0635E1,3.855E0,0.E0));
#6565=DIRECTION('',(0.E0,0.E0,1.E0));
#6566=DIRECTION('',(1.E0,0.E0,0.E0));
#6567=AXIS2_PLACEMENT_3D('',#6564,#6565,#6566);
#6568=CYLINDRICAL_SURFACE('',#6567,7.6E-1);
#6569=ORIENTED_EDGE('',*,*,#3359,.T.);
#6570=ORIENTED_EDGE('',*,*,#3572,.T.);
#6571=ORIENTED_EDGE('',*,*,#5281,.F.);
#6572=ORIENTED_EDGE('',*,*,#5404,.F.);
#6573=EDGE_LOOP('',(#6569,#6570,#6571,#6572));
#6574=FACE_OUTER_BOUND('',#6573,.F.);
#6575=ADVANCED_FACE('',(#6574),#6568,.T.);
#6576=CARTESIAN_POINT('',(-7.395E0,-2.605E0,-9.53E0));
#6577=DIRECTION('',(-1.E0,0.E0,0.E0));
#6578=DIRECTION('',(0.E0,1.E0,0.E0));
#6579=AXIS2_PLACEMENT_3D('',#6576,#6577,#6578);
#6580=PLANE('',#6579);
#6581=ORIENTED_EDGE('',*,*,#5296,.F.);
#6583=ORIENTED_EDGE('',*,*,#6582,.T.);
#6585=ORIENTED_EDGE('',*,*,#6584,.T.);
#6587=ORIENTED_EDGE('',*,*,#6586,.F.);
#6588=EDGE_LOOP('',(#6581,#6583,#6585,#6587));
#6589=FACE_OUTER_BOUND('',#6588,.F.);
#6590=ADVANCED_FACE('',(#6589),#6580,.F.);
#6591=CARTESIAN_POINT('',(-6.355E0,-2.028518586489E0,-9.53E0));
#6592=DIRECTION('',(4.848096202463E-1,-8.746197071394E-1,0.E0));
#6593=DIRECTION('',(-8.746197071394E-1,-4.848096202463E-1,0.E0));
#6594=AXIS2_PLACEMENT_3D('',#6591,#6592,#6593);
#6595=PLANE('',#6594);
#6596=ORIENTED_EDGE('',*,*,#5310,.F.);
#6598=ORIENTED_EDGE('',*,*,#6597,.T.);
#6600=ORIENTED_EDGE('',*,*,#6599,.T.);
#6601=ORIENTED_EDGE('',*,*,#6582,.F.);
#6602=EDGE_LOOP('',(#6596,#6598,#6600,#6601));
#6603=FACE_OUTER_BOUND('',#6602,.F.);
#6604=ADVANCED_FACE('',(#6603),#6595,.F.);
#6605=CARTESIAN_POINT('',(-6.355E0,-1.242715493511E0,-9.53E0));
#6606=DIRECTION('',(1.E0,0.E0,0.E0));
#6607=DIRECTION('',(0.E0,-1.E0,0.E0));
#6608=AXIS2_PLACEMENT_3D('',#6605,#6606,#6607);
#6609=PLANE('',#6608);
#6610=ORIENTED_EDGE('',*,*,#5308,.F.);
#6612=ORIENTED_EDGE('',*,*,#6611,.T.);
#6614=ORIENTED_EDGE('',*,*,#6613,.T.);
#6615=ORIENTED_EDGE('',*,*,#6597,.F.);
#6616=EDGE_LOOP('',(#6610,#6612,#6614,#6615));
#6617=FACE_OUTER_BOUND('',#6616,.F.);
#6618=ADVANCED_FACE('',(#6617),#6609,.F.);
#6619=CARTESIAN_POINT('',(-7.395E0,-6.6623408E-1,-9.53E0));
#6620=DIRECTION('',(4.848096202463E-1,8.746197071394E-1,0.E0));
#6621=DIRECTION('',(8.746197071394E-1,-4.848096202463E-1,0.E0));
#6622=AXIS2_PLACEMENT_3D('',#6619,#6620,#6621);
#6623=PLANE('',#6622);
#6624=ORIENTED_EDGE('',*,*,#5306,.F.);
#6626=ORIENTED_EDGE('',*,*,#6625,.T.);
#6628=ORIENTED_EDGE('',*,*,#6627,.T.);
#6629=ORIENTED_EDGE('',*,*,#6611,.F.);
#6630=EDGE_LOOP('',(#6624,#6626,#6628,#6629));
#6631=FACE_OUTER_BOUND('',#6630,.F.);
#6632=ADVANCED_FACE('',(#6631),#6623,.F.);
#6633=CARTESIAN_POINT('',(-7.395E0,-1.31976488E0,-9.53E0));
#6634=DIRECTION('',(-1.E0,0.E0,0.E0));
#6635=DIRECTION('',(0.E0,1.E0,0.E0));
#6636=AXIS2_PLACEMENT_3D('',#6633,#6634,#6635);
#6637=PLANE('',#6636);
#6638=ORIENTED_EDGE('',*,*,#5304,.F.);
#6640=ORIENTED_EDGE('',*,*,#6639,.T.);
#6642=ORIENTED_EDGE('',*,*,#6641,.T.);
#6643=ORIENTED_EDGE('',*,*,#6625,.F.);
#6644=EDGE_LOOP('',(#6638,#6640,#6642,#6643));
#6645=FACE_OUTER_BOUND('',#6644,.F.);
#6646=ADVANCED_FACE('',(#6645),#6637,.F.);
#6647=CARTESIAN_POINT('',(-7.28458008E0,-1.372199936795E0,-9.53E0));
#6648=DIRECTION('',(-4.289606603064E-1,-9.033231713565E-1,0.E0));
#6649=DIRECTION('',(-9.033231713565E-1,4.289606603064E-1,0.E0));
#6650=AXIS2_PLACEMENT_3D('',#6647,#6648,#6649);
#6651=PLANE('',#6650);
#6652=ORIENTED_EDGE('',*,*,#5302,.F.);
#6654=ORIENTED_EDGE('',*,*,#6653,.T.);
#6656=ORIENTED_EDGE('',*,*,#6655,.T.);
#6657=ORIENTED_EDGE('',*,*,#6639,.F.);
#6658=EDGE_LOOP('',(#6652,#6654,#6656,#6657));
#6659=FACE_OUTER_BOUND('',#6658,.F.);
#6660=ADVANCED_FACE('',(#6659),#6651,.F.);
#6661=CARTESIAN_POINT('',(-7.28458008E0,-1.899979545691E0,-9.53E0));
#6662=DIRECTION('',(-1.E0,0.E0,0.E0));
#6663=DIRECTION('',(0.E0,1.E0,0.E0));
#6664=AXIS2_PLACEMENT_3D('',#6661,#6662,#6663);
#6665=PLANE('',#6664);
#6666=ORIENTED_EDGE('',*,*,#5300,.F.);
#6668=ORIENTED_EDGE('',*,*,#6667,.T.);
#6670=ORIENTED_EDGE('',*,*,#6669,.T.);
#6671=ORIENTED_EDGE('',*,*,#6653,.F.);
#6672=EDGE_LOOP('',(#6666,#6668,#6670,#6671));
#6673=FACE_OUTER_BOUND('',#6672,.F.);
#6674=ADVANCED_FACE('',(#6673),#6665,.F.);
#6675=CARTESIAN_POINT('',(-7.395E0,-1.9514692E0,-9.53E0));
#6676=DIRECTION('',(-4.226182617407E-1,9.063077870367E-1,0.E0));
#6677=DIRECTION('',(9.063077870367E-1,4.226182617407E-1,0.E0));
#6678=AXIS2_PLACEMENT_3D('',#6675,#6676,#6677);
#6679=PLANE('',#6678);
#6680=ORIENTED_EDGE('',*,*,#5298,.F.);
#6681=ORIENTED_EDGE('',*,*,#6586,.T.);
#6683=ORIENTED_EDGE('',*,*,#6682,.T.);
#6684=ORIENTED_EDGE('',*,*,#6667,.F.);
#6685=EDGE_LOOP('',(#6680,#6681,#6683,#6684));
#6686=FACE_OUTER_BOUND('',#6685,.F.);
#6687=ADVANCED_FACE('',(#6686),#6679,.F.);
#6688=CARTESIAN_POINT('',(0.E0,0.E0,-9.405E0));
#6689=DIRECTION('',(0.E0,0.E0,-1.E0));
#6690=DIRECTION('',(0.E0,1.E0,0.E0));
#6691=AXIS2_PLACEMENT_3D('',#6688,#6689,#6690);
#6692=PLANE('',#6691);
#6693=ORIENTED_EDGE('',*,*,#6584,.F.);
#6694=ORIENTED_EDGE('',*,*,#6599,.F.);
#6695=ORIENTED_EDGE('',*,*,#6613,.F.);
#6696=ORIENTED_EDGE('',*,*,#6627,.F.);
#6697=ORIENTED_EDGE('',*,*,#6641,.F.);
#6698=ORIENTED_EDGE('',*,*,#6655,.F.);
#6699=ORIENTED_EDGE('',*,*,#6669,.F.);
#6700=ORIENTED_EDGE('',*,*,#6682,.F.);
#6701=EDGE_LOOP('',(#6693,#6694,#6695,#6696,#6697,#6698,#6699,#6700));
#6702=FACE_OUTER_BOUND('',#6701,.F.);
#6704=ORIENTED_EDGE('',*,*,#6703,.F.);
#6706=ORIENTED_EDGE('',*,*,#6705,.F.);
#6708=ORIENTED_EDGE('',*,*,#6707,.F.);
#6709=EDGE_LOOP('',(#6704,#6706,#6708));
#6710=FACE_BOUND('',#6709,.F.);
#6711=ADVANCED_FACE('',(#6702,#6710),#6692,.T.);
#6712=CARTESIAN_POINT('',(0.E0,0.E0,-9.405E0));
#6713=DIRECTION('',(0.E0,0.E0,-1.E0));
#6714=DIRECTION('',(0.E0,1.E0,0.E0));
#6715=AXIS2_PLACEMENT_3D('',#6712,#6713,#6714);
#6716=PLANE('',#6715);
#6718=ORIENTED_EDGE('',*,*,#6717,.F.);
#6720=ORIENTED_EDGE('',*,*,#6719,.F.);
#6722=ORIENTED_EDGE('',*,*,#6721,.F.);
#6724=ORIENTED_EDGE('',*,*,#6723,.F.);
#6726=ORIENTED_EDGE('',*,*,#6725,.F.);
#6728=ORIENTED_EDGE('',*,*,#6727,.F.);
#6730=ORIENTED_EDGE('',*,*,#6729,.F.);
#6732=ORIENTED_EDGE('',*,*,#6731,.F.);
#6734=ORIENTED_EDGE('',*,*,#6733,.F.);
#6736=ORIENTED_EDGE('',*,*,#6735,.F.);
#6738=ORIENTED_EDGE('',*,*,#6737,.F.);
#6740=ORIENTED_EDGE('',*,*,#6739,.F.);
#6742=ORIENTED_EDGE('',*,*,#6741,.F.);
#6743=EDGE_LOOP('',(#6718,#6720,#6722,#6724,#6726,#6728,#6730,#6732,#6734,#6736,
#6738,#6740,#6742));
#6744=FACE_OUTER_BOUND('',#6743,.F.);
#6745=ADVANCED_FACE('',(#6744),#6716,.T.);
#6746=CARTESIAN_POINT('',(0.E0,0.E0,-9.405E0));
#6747=DIRECTION('',(0.E0,0.E0,-1.E0));
#6748=DIRECTION('',(0.E0,1.E0,0.E0));
#6749=AXIS2_PLACEMENT_3D('',#6746,#6747,#6748);
#6750=PLANE('',#6749);
#6752=ORIENTED_EDGE('',*,*,#6751,.F.);
#6754=ORIENTED_EDGE('',*,*,#6753,.F.);
#6756=ORIENTED_EDGE('',*,*,#6755,.F.);
#6758=ORIENTED_EDGE('',*,*,#6757,.F.);
#6760=ORIENTED_EDGE('',*,*,#6759,.F.);
#6762=ORIENTED_EDGE('',*,*,#6761,.F.);
#6764=ORIENTED_EDGE('',*,*,#6763,.F.);
#6765=EDGE_LOOP('',(#6752,#6754,#6756,#6758,#6760,#6762,#6764));
#6766=FACE_OUTER_BOUND('',#6765,.F.);
#6768=ORIENTED_EDGE('',*,*,#6767,.F.);
#6770=ORIENTED_EDGE('',*,*,#6769,.F.);
#6772=ORIENTED_EDGE('',*,*,#6771,.F.);
#6774=ORIENTED_EDGE('',*,*,#6773,.F.);
#6775=EDGE_LOOP('',(#6768,#6770,#6772,#6774));
#6776=FACE_BOUND('',#6775,.F.);
#6777=ADVANCED_FACE('',(#6766,#6776),#6750,.T.);
#6778=CARTESIAN_POINT('',(-6.72381468E0,-1.638490345243E0,-9.53E0));
#6779=DIRECTION('',(-4.289606603064E-1,-9.033231713565E-1,0.E0));
#6780=DIRECTION('',(-9.033231713565E-1,4.289606603064E-1,0.E0));
#6781=AXIS2_PLACEMENT_3D('',#6778,#6779,#6780);
#6782=PLANE('',#6781);
#6783=ORIENTED_EDGE('',*,*,#5364,.F.);
#6785=ORIENTED_EDGE('',*,*,#6784,.T.);
#6786=ORIENTED_EDGE('',*,*,#6703,.T.);
#6788=ORIENTED_EDGE('',*,*,#6787,.F.);
#6789=EDGE_LOOP('',(#6783,#6785,#6786,#6788));
#6790=FACE_OUTER_BOUND('',#6789,.F.);
#6791=ADVANCED_FACE('',(#6790),#6782,.F.);
#6792=CARTESIAN_POINT('',(-7.02265504E0,-1.777841893677E0,-9.53E0));
#6793=DIRECTION('',(-4.226182617407E-1,9.063077870367E-1,0.E0));
#6794=DIRECTION('',(9.063077870367E-1,4.226182617407E-1,0.E0));
#6795=AXIS2_PLACEMENT_3D('',#6792,#6793,#6794);
#6796=PLANE('',#6795);
#6797=ORIENTED_EDGE('',*,*,#5368,.F.);
#6799=ORIENTED_EDGE('',*,*,#6798,.T.);
#6800=ORIENTED_EDGE('',*,*,#6705,.T.);
#6801=ORIENTED_EDGE('',*,*,#6784,.F.);
#6802=EDGE_LOOP('',(#6797,#6799,#6800,#6801));
#6803=FACE_OUTER_BOUND('',#6802,.F.);
#6804=ADVANCED_FACE('',(#6803),#6796,.F.);
#6805=CARTESIAN_POINT('',(-7.02265504E0,-1.496580160475E0,-9.53E0));
#6806=DIRECTION('',(1.E0,0.E0,0.E0));
#6807=DIRECTION('',(0.E0,-1.E0,0.E0));
#6808=AXIS2_PLACEMENT_3D('',#6805,#6806,#6807);
#6809=PLANE('',#6808);
#6810=ORIENTED_EDGE('',*,*,#5366,.F.);
#6811=ORIENTED_EDGE('',*,*,#6787,.T.);
#6812=ORIENTED_EDGE('',*,*,#6707,.T.);
#6813=ORIENTED_EDGE('',*,*,#6798,.F.);
#6814=EDGE_LOOP('',(#6810,#6811,#6812,#6813));
#6815=FACE_OUTER_BOUND('',#6814,.F.);
#6816=ADVANCED_FACE('',(#6815),#6809,.F.);
#6817=CARTESIAN_POINT('',(-6.355E0,1.60892712E0,-9.53E0));
#6818=DIRECTION('',(1.E0,0.E0,0.E0));
#6819=DIRECTION('',(0.E0,-1.E0,0.E0));
#6820=AXIS2_PLACEMENT_3D('',#6817,#6818,#6819);
#6821=PLANE('',#6820);
#6822=ORIENTED_EDGE('',*,*,#5314,.F.);
#6824=ORIENTED_EDGE('',*,*,#6823,.T.);
#6825=ORIENTED_EDGE('',*,*,#6717,.T.);
#6827=ORIENTED_EDGE('',*,*,#6826,.F.);
#6828=EDGE_LOOP('',(#6822,#6824,#6825,#6827));
#6829=FACE_OUTER_BOUND('',#6828,.F.);
#6830=ADVANCED_FACE('',(#6829),#6821,.F.);
#6831=CARTESIAN_POINT('',(-7.395E0,1.60892712E0,-9.53E0));
#6832=DIRECTION('',(0.E0,1.E0,0.E0));
#6833=DIRECTION('',(1.E0,0.E0,0.E0));
#6834=AXIS2_PLACEMENT_3D('',#6831,#6832,#6833);
#6835=PLANE('',#6834);
#6836=ORIENTED_EDGE('',*,*,#5338,.F.);
#6838=ORIENTED_EDGE('',*,*,#6837,.T.);
#6839=ORIENTED_EDGE('',*,*,#6719,.T.);
#6840=ORIENTED_EDGE('',*,*,#6823,.F.);
#6841=EDGE_LOOP('',(#6836,#6838,#6839,#6840));
#6842=FACE_OUTER_BOUND('',#6841,.F.);
#6843=ADVANCED_FACE('',(#6842),#6835,.F.);
#6844=CARTESIAN_POINT('',(-7.395E0,1.03692712E0,-9.53E0));
#6845=DIRECTION('',(-1.E0,0.E0,0.E0));
#6846=DIRECTION('',(0.E0,1.E0,0.E0));
#6847=AXIS2_PLACEMENT_3D('',#6844,#6845,#6846);
#6848=PLANE('',#6847);
#6849=ORIENTED_EDGE('',*,*,#5336,.F.);
#6851=ORIENTED_EDGE('',*,*,#6850,.T.);
#6852=ORIENTED_EDGE('',*,*,#6721,.T.);
#6853=ORIENTED_EDGE('',*,*,#6837,.F.);
#6854=EDGE_LOOP('',(#6849,#6851,#6852,#6853));
#6855=FACE_OUTER_BOUND('',#6854,.F.);
#6856=ADVANCED_FACE('',(#6855),#6848,.F.);
#6857=CARTESIAN_POINT('',(-6.72381468E0,1.03692712E0,-9.53E0));
#6858=DIRECTION('',(0.E0,-1.E0,0.E0));
#6859=DIRECTION('',(-1.E0,0.E0,0.E0));
#6860=AXIS2_PLACEMENT_3D('',#6857,#6858,#6859);
#6861=PLANE('',#6860);
#6862=ORIENTED_EDGE('',*,*,#5334,.F.);
#6864=ORIENTED_EDGE('',*,*,#6863,.T.);
#6865=ORIENTED_EDGE('',*,*,#6723,.T.);
#6866=ORIENTED_EDGE('',*,*,#6850,.F.);
#6867=EDGE_LOOP('',(#6862,#6864,#6865,#6866));
#6868=FACE_OUTER_BOUND('',#6867,.F.);
#6869=ADVANCED_FACE('',(#6868),#6861,.F.);
#6870=CARTESIAN_POINT('',(-7.395E0,7.5317456E-1,-9.53E0));
#6871=DIRECTION('',(-3.893950095173E-1,9.210708586005E-1,0.E0));
#6872=DIRECTION('',(9.210708586005E-1,3.893950095173E-1,0.E0));
#6873=AXIS2_PLACEMENT_3D('',#6870,#6871,#6872);
#6874=PLANE('',#6873);
#6875=ORIENTED_EDGE('',*,*,#5332,.F.);
#6877=ORIENTED_EDGE('',*,*,#6876,.T.);
#6878=ORIENTED_EDGE('',*,*,#6725,.T.);
#6879=ORIENTED_EDGE('',*,*,#6863,.F.);
#6880=EDGE_LOOP('',(#6875,#6877,#6878,#6879));
#6881=FACE_OUTER_BOUND('',#6880,.F.);
#6882=ADVANCED_FACE('',(#6881),#6874,.F.);
#6883=CARTESIAN_POINT('',(-7.395E0,2.222608E-1,-9.53E0));
#6884=DIRECTION('',(-1.E0,0.E0,0.E0));
#6885=DIRECTION('',(0.E0,1.E0,0.E0));
#6886=AXIS2_PLACEMENT_3D('',#6883,#6884,#6885);
#6887=PLANE('',#6886);
#6888=ORIENTED_EDGE('',*,*,#5330,.F.);
#6890=ORIENTED_EDGE('',*,*,#6889,.T.);
#6891=ORIENTED_EDGE('',*,*,#6727,.T.);
#6892=ORIENTED_EDGE('',*,*,#6876,.F.);
#6893=EDGE_LOOP('',(#6888,#6890,#6891,#6892));
#6894=FACE_OUTER_BOUND('',#6893,.F.);
#6895=ADVANCED_FACE('',(#6894),#6887,.F.);
#6896=CARTESIAN_POINT('',(-6.72381468E0,-6.149279999995E-2,-9.53E0));
#6897=DIRECTION('',(-3.893962203096E-1,-9.210703467209E-1,0.E0));
#6898=DIRECTION('',(-9.210703467209E-1,3.893962203096E-1,0.E0));
#6899=AXIS2_PLACEMENT_3D('',#6896,#6897,#6898);
#6900=PLANE('',#6899);
#6901=ORIENTED_EDGE('',*,*,#5328,.F.);
#6903=ORIENTED_EDGE('',*,*,#6902,.T.);
#6904=ORIENTED_EDGE('',*,*,#6729,.T.);
#6905=ORIENTED_EDGE('',*,*,#6889,.F.);
#6906=EDGE_LOOP('',(#6901,#6903,#6904,#6905));
#6907=FACE_OUTER_BOUND('',#6906,.F.);
#6908=ADVANCED_FACE('',(#6907),#6900,.F.);
#6909=CARTESIAN_POINT('',(-7.395E0,-6.149279999995E-2,-9.53E0));
#6910=DIRECTION('',(0.E0,1.E0,0.E0));
#6911=DIRECTION('',(1.E0,0.E0,0.E0));
#6912=AXIS2_PLACEMENT_3D('',#6909,#6910,#6911);
#6913=PLANE('',#6912);
#6914=ORIENTED_EDGE('',*,*,#5326,.F.);
#6916=ORIENTED_EDGE('',*,*,#6915,.T.);
#6917=ORIENTED_EDGE('',*,*,#6731,.T.);
#6918=ORIENTED_EDGE('',*,*,#6902,.F.);
#6919=EDGE_LOOP('',(#6914,#6916,#6917,#6918));
#6920=FACE_OUTER_BOUND('',#6919,.F.);
#6921=ADVANCED_FACE('',(#6920),#6913,.F.);
#6922=CARTESIAN_POINT('',(-7.395E0,-6.334928E-1,-9.53E0));
#6923=DIRECTION('',(-1.E0,0.E0,0.E0));
#6924=DIRECTION('',(0.E0,1.E0,0.E0));
#6925=AXIS2_PLACEMENT_3D('',#6922,#6923,#6924);
#6926=PLANE('',#6925);
#6927=ORIENTED_EDGE('',*,*,#5324,.F.);
#6929=ORIENTED_EDGE('',*,*,#6928,.T.);
#6930=ORIENTED_EDGE('',*,*,#6733,.T.);
#6931=ORIENTED_EDGE('',*,*,#6915,.F.);
#6932=EDGE_LOOP('',(#6927,#6929,#6930,#6931));
#6933=FACE_OUTER_BOUND('',#6932,.F.);
#6934=ADVANCED_FACE('',(#6933),#6926,.F.);
#6935=CARTESIAN_POINT('',(-6.355E0,-6.334928E-1,-9.53E0));
#6936=DIRECTION('',(0.E0,-1.E0,0.E0));
#6937=DIRECTION('',(-1.E0,0.E0,0.E0));
#6938=AXIS2_PLACEMENT_3D('',#6935,#6936,#6937);
#6939=PLANE('',#6938);
#6940=ORIENTED_EDGE('',*,*,#5322,.F.);
#6942=ORIENTED_EDGE('',*,*,#6941,.T.);
#6943=ORIENTED_EDGE('',*,*,#6735,.T.);
#6944=ORIENTED_EDGE('',*,*,#6928,.F.);
#6945=EDGE_LOOP('',(#6940,#6942,#6943,#6944));
#6946=FACE_OUTER_BOUND('',#6945,.F.);
#6947=ADVANCED_FACE('',(#6946),#6939,.F.);
#6948=CARTESIAN_POINT('',(-6.355E0,2.7040864E-1,-9.53E0));
#6949=DIRECTION('',(1.E0,0.E0,0.E0));
#6950=DIRECTION('',(0.E0,-1.E0,0.E0));
#6951=AXIS2_PLACEMENT_3D('',#6948,#6949,#6950);
#6952=PLANE('',#6951);
#6953=ORIENTED_EDGE('',*,*,#5320,.F.);
#6955=ORIENTED_EDGE('',*,*,#6954,.T.);
#6956=ORIENTED_EDGE('',*,*,#6737,.T.);
#6957=ORIENTED_EDGE('',*,*,#6941,.F.);
#6958=EDGE_LOOP('',(#6953,#6955,#6956,#6957));
#6959=FACE_OUTER_BOUND('',#6958,.F.);
#6960=ADVANCED_FACE('',(#6959),#6952,.F.);
#6961=CARTESIAN_POINT('',(-6.892857460987E0,4.8771716E-1,-9.53E0));
#6962=DIRECTION('',(3.746065934159E-1,9.271838545668E-1,0.E0));
#6963=DIRECTION('',(9.271838545668E-1,-3.746065934159E-1,0.E0));
#6964=AXIS2_PLACEMENT_3D('',#6961,#6962,#6963);
#6965=PLANE('',#6964);
#6966=ORIENTED_EDGE('',*,*,#5318,.F.);
#6968=ORIENTED_EDGE('',*,*,#6967,.T.);
#6969=ORIENTED_EDGE('',*,*,#6739,.T.);
#6970=ORIENTED_EDGE('',*,*,#6954,.F.);
#6971=EDGE_LOOP('',(#6966,#6968,#6969,#6970));
#6972=FACE_OUTER_BOUND('',#6971,.F.);
#6973=ADVANCED_FACE('',(#6972),#6965,.F.);
#6974=CARTESIAN_POINT('',(-6.355E0,7.0502568E-1,-9.53E0));
#6975=DIRECTION('',(3.746065934159E-1,-9.271838545668E-1,0.E0));
#6976=DIRECTION('',(-9.271838545668E-1,-3.746065934159E-1,0.E0));
#6977=AXIS2_PLACEMENT_3D('',#6974,#6975,#6976);
#6978=PLANE('',#6977);
#6979=ORIENTED_EDGE('',*,*,#5316,.F.);
#6980=ORIENTED_EDGE('',*,*,#6826,.T.);
#6981=ORIENTED_EDGE('',*,*,#6741,.T.);
#6982=ORIENTED_EDGE('',*,*,#6967,.F.);
#6983=EDGE_LOOP('',(#6979,#6980,#6981,#6982));
#6984=FACE_OUTER_BOUND('',#6983,.F.);
#6985=ADVANCED_FACE('',(#6984),#6978,.F.);
#6986=CARTESIAN_POINT('',(-7.395E0,1.76492296E0,-9.53E0));
#6987=DIRECTION('',(-1.E0,0.E0,0.E0));
#6988=DIRECTION('',(0.E0,1.E0,0.E0));
#6989=AXIS2_PLACEMENT_3D('',#6986,#6987,#6988);
#6990=PLANE('',#6989);
#6991=ORIENTED_EDGE('',*,*,#5342,.F.);
#6993=ORIENTED_EDGE('',*,*,#6992,.T.);
#6994=ORIENTED_EDGE('',*,*,#6751,.T.);
#6996=ORIENTED_EDGE('',*,*,#6995,.F.);
#6997=EDGE_LOOP('',(#6991,#6993,#6994,#6996));
#6998=FACE_OUTER_BOUND('',#6997,.F.);
#6999=ADVANCED_FACE('',(#6998),#6990,.F.);
#7000=CARTESIAN_POINT('',(-6.355E0,1.76492296E0,-9.53E0));
#7001=DIRECTION('',(0.E0,-1.E0,0.E0));
#7002=DIRECTION('',(-1.E0,0.E0,0.E0));
#7003=AXIS2_PLACEMENT_3D('',#7000,#7001,#7002);
#7004=PLANE('',#7003);
#7005=ORIENTED_EDGE('',*,*,#5354,.F.);
#7007=ORIENTED_EDGE('',*,*,#7006,.T.);
#7008=ORIENTED_EDGE('',*,*,#6753,.T.);
#7009=ORIENTED_EDGE('',*,*,#6992,.F.);
#7010=EDGE_LOOP('',(#7005,#7007,#7008,#7009));
#7011=FACE_OUTER_BOUND('',#7010,.F.);
#7012=ADVANCED_FACE('',(#7011),#7004,.F.);
#7013=CARTESIAN_POINT('',(-6.355E0,2.82161392E0,-9.53E0));
#7014=DIRECTION('',(1.E0,0.E0,0.E0));
#7015=DIRECTION('',(0.E0,-1.E0,0.E0));
#7016=AXIS2_PLACEMENT_3D('',#7013,#7014,#7015);
#7017=PLANE('',#7016);
#7018=ORIENTED_EDGE('',*,*,#5352,.F.);
#7020=ORIENTED_EDGE('',*,*,#7019,.T.);
#7021=ORIENTED_EDGE('',*,*,#6755,.T.);
#7022=ORIENTED_EDGE('',*,*,#7006,.F.);
#7023=EDGE_LOOP('',(#7018,#7020,#7021,#7022));
#7024=FACE_OUTER_BOUND('',#7023,.F.);
#7025=ADVANCED_FACE('',(#7024),#7017,.F.);
#7026=CARTESIAN_POINT('',(-6.355059425396E0,2.803933335759E0,-9.53E0));
#7027=CARTESIAN_POINT('',(-6.353830357098E0,2.987926176746E0,-9.53E0));
#7028=CARTESIAN_POINT('',(-6.377784986928E0,3.238117205949E0,-9.53E0));
#7029=CARTESIAN_POINT('',(-6.517955932453E0,3.463473805802E0,-9.53E0));
#7030=CARTESIAN_POINT('',(-6.646608379407E0,3.517585131538E0,-9.53E0));
#7031=CARTESIAN_POINT('',(-6.742337983296E0,3.513237413993E0,-9.53E0));
#7033=DIRECTION('',(0.E0,0.E0,-1.E0));
#7034=VECTOR('',#7033,1.E0);
#7035=SURFACE_OF_LINEAR_EXTRUSION('',#7032,#7034);
#7036=ORIENTED_EDGE('',*,*,#5350,.T.);
#7038=ORIENTED_EDGE('',*,*,#7037,.T.);
#7039=ORIENTED_EDGE('',*,*,#6757,.T.);
#7040=ORIENTED_EDGE('',*,*,#7019,.F.);
#7041=EDGE_LOOP('',(#7036,#7038,#7039,#7040));
#7042=FACE_OUTER_BOUND('',#7041,.F.);
#7043=ADVANCED_FACE('',(#7042),#7035,.T.);
#7044=CARTESIAN_POINT('',(-6.706125566946E0,3.513271789043E0,-9.53E0));
#7045=CARTESIAN_POINT('',(-6.801516301889E0,3.517444221934E0,-9.53E0));
#7046=CARTESIAN_POINT('',(-6.929476551947E0,3.462967867887E0,-9.53E0));
#7047=CARTESIAN_POINT('',(-7.068768982282E0,3.237387090013E0,-9.53E0));
#7048=CARTESIAN_POINT('',(-7.092516793587E0,2.987479995161E0,-9.53E0));
#7049=CARTESIAN_POINT('',(-7.091285974801E0,2.803812572271E0,-9.53E0));
#7051=DIRECTION('',(0.E0,0.E0,-1.E0));
#7052=VECTOR('',#7051,1.E0);
#7053=SURFACE_OF_LINEAR_EXTRUSION('',#7050,#7052);
#7054=ORIENTED_EDGE('',*,*,#5348,.T.);
#7056=ORIENTED_EDGE('',*,*,#7055,.T.);
#7057=ORIENTED_EDGE('',*,*,#6759,.T.);
#7058=ORIENTED_EDGE('',*,*,#7037,.F.);
#7059=EDGE_LOOP('',(#7054,#7056,#7057,#7058));
#7060=FACE_OUTER_BOUND('',#7059,.F.);
#7061=ADVANCED_FACE('',(#7060),#7053,.T.);
#7062=CARTESIAN_POINT('',(-7.091346E0,2.33949072E0,-9.53E0));
#7063=DIRECTION('',(-1.E0,0.E0,0.E0));
#7064=DIRECTION('',(0.E0,1.E0,0.E0));
#7065=AXIS2_PLACEMENT_3D('',#7062,#7063,#7064);
#7066=PLANE('',#7065);
#7067=ORIENTED_EDGE('',*,*,#5346,.F.);
#7069=ORIENTED_EDGE('',*,*,#7068,.T.);
#7070=ORIENTED_EDGE('',*,*,#6761,.T.);
#7071=ORIENTED_EDGE('',*,*,#7055,.F.);
#7072=EDGE_LOOP('',(#7067,#7069,#7070,#7071));
#7073=FACE_OUTER_BOUND('',#7072,.F.);
#7074=ADVANCED_FACE('',(#7073),#7066,.F.);
#7075=CARTESIAN_POINT('',(-7.395E0,2.33949072E0,-9.53E0));
#7076=DIRECTION('',(0.E0,1.E0,0.E0));
#7077=DIRECTION('',(1.E0,0.E0,0.E0));
#7078=AXIS2_PLACEMENT_3D('',#7075,#7076,#7077);
#7079=PLANE('',#7078);
#7080=ORIENTED_EDGE('',*,*,#5344,.F.);
#7081=ORIENTED_EDGE('',*,*,#6995,.T.);
#7082=ORIENTED_EDGE('',*,*,#6763,.T.);
#7083=ORIENTED_EDGE('',*,*,#7068,.F.);
#7084=EDGE_LOOP('',(#7080,#7081,#7082,#7083));
#7085=FACE_OUTER_BOUND('',#7084,.F.);
#7086=ADVANCED_FACE('',(#7085),#7079,.F.);
#7087=CARTESIAN_POINT('',(-6.80117248E0,2.33949072E0,-9.53E0));
#7088=DIRECTION('',(0.E0,1.E0,0.E0));
#7089=DIRECTION('',(1.E0,0.E0,0.E0));
#7090=AXIS2_PLACEMENT_3D('',#7087,#7088,#7089);
#7091=PLANE('',#7090);
#7092=ORIENTED_EDGE('',*,*,#5378,.F.);
#7094=ORIENTED_EDGE('',*,*,#7093,.T.);
#7095=ORIENTED_EDGE('',*,*,#6767,.T.);
#7097=ORIENTED_EDGE('',*,*,#7096,.F.);
#7098=EDGE_LOOP('',(#7092,#7094,#7095,#7097));
#7099=FACE_OUTER_BOUND('',#7098,.F.);
#7100=ADVANCED_FACE('',(#7099),#7091,.F.);
#7101=CARTESIAN_POINT('',(-6.80117248E0,2.82161392E0,-9.53E0));
#7102=DIRECTION('',(1.E0,0.E0,0.E0));
#7103=DIRECTION('',(0.E0,-1.E0,0.E0));
#7104=AXIS2_PLACEMENT_3D('',#7101,#7102,#7103);
#7105=PLANE('',#7104);
#7106=ORIENTED_EDGE('',*,*,#5384,.F.);
#7108=ORIENTED_EDGE('',*,*,#7107,.T.);
#7109=ORIENTED_EDGE('',*,*,#6769,.T.);
#7110=ORIENTED_EDGE('',*,*,#7093,.F.);
#7111=EDGE_LOOP('',(#7106,#7108,#7109,#7110));
#7112=FACE_OUTER_BOUND('',#7111,.F.);
#7113=ADVANCED_FACE('',(#7112),#7105,.F.);
#7114=CARTESIAN_POINT('',(-6.72381468E0,2.82161392E0,-9.53E0));
#7115=DIRECTION('',(0.E0,0.E0,-1.E0));
#7116=DIRECTION('',(0.E0,1.E0,0.E0));
#7117=AXIS2_PLACEMENT_3D('',#7114,#7115,#7116);
#7118=CYLINDRICAL_SURFACE('',#7117,7.73578E-2);
#7119=ORIENTED_EDGE('',*,*,#5382,.T.);
#7121=ORIENTED_EDGE('',*,*,#7120,.T.);
#7122=ORIENTED_EDGE('',*,*,#6771,.T.);
#7123=ORIENTED_EDGE('',*,*,#7107,.F.);
#7124=EDGE_LOOP('',(#7119,#7121,#7122,#7123));
#7125=FACE_OUTER_BOUND('',#7124,.F.);
#7126=ADVANCED_FACE('',(#7125),#7118,.T.);
#7127=CARTESIAN_POINT('',(-6.64645688E0,2.33949072E0,-9.53E0));
#7128=DIRECTION('',(-1.E0,0.E0,0.E0));
#7129=DIRECTION('',(0.E0,1.E0,0.E0));
#7130=AXIS2_PLACEMENT_3D('',#7127,#7128,#7129);
#7131=PLANE('',#7130);
#7132=ORIENTED_EDGE('',*,*,#5380,.F.);
#7133=ORIENTED_EDGE('',*,*,#7096,.T.);
#7134=ORIENTED_EDGE('',*,*,#6773,.T.);
#7135=ORIENTED_EDGE('',*,*,#7120,.F.);
#7136=EDGE_LOOP('',(#7132,#7133,#7134,#7135));
#7137=FACE_OUTER_BOUND('',#7136,.F.);
#7138=ADVANCED_FACE('',(#7137),#7131,.F.);
#7139=CLOSED_SHELL('',(#3435,#3450,#3464,#3478,#3493,#3507,#3577,#3591,#3605,
#3618,#3631,#3647,#3659,#3673,#3687,#3701,#3714,#3730,#3744,#3757,#3769,#3784,
#3798,#3812,#3826,#3840,#3853,#3868,#3901,#3914,#3926,#3944,#3958,#3975,#3988,
#4000,#4012,#4027,#4041,#4056,#4090,#4103,#4117,#4132,#4144,#4156,#4174,#4188,
#4205,#4218,#4230,#4242,#4257,#4271,#4285,#4299,#4313,#4326,#4341,#4374,#4387,
#4399,#4417,#4431,#4448,#4461,#4473,#4485,#4500,#4535,#4548,#4562,#4576,#4590,
#4603,#4617,#4630,#4642,#4660,#4674,#4691,#4704,#4716,#4728,#4743,#4778,#4791,
#4805,#4819,#4834,#4847,#4860,#4873,#4885,#4903,#4917,#4934,#4947,#4959,#4971,
#4986,#5000,#5034,#5049,#5062,#5076,#5090,#5103,#5116,#5128,#5146,#5160,#5177,
#5190,#5202,#5214,#5228,#5250,#5265,#5358,#5372,#5388,#5409,#5423,#5437,#5451,
#5464,#5477,#5489,#5501,#5615,#5630,#5644,#5658,#5671,#5683,#5699,#5715,#5729,
#5742,#5755,#5767,#5781,#5794,#5807,#5819,#5834,#5847,#5862,#5875,#5885,#5900,
#5913,#5928,#5941,#5951,#5970,#5984,#6002,#6015,#6028,#6041,#6053,#6072,#6086,
#6104,#6117,#6130,#6143,#6155,#6174,#6188,#6206,#6219,#6232,#6245,#6257,#6276,
#6290,#6308,#6321,#6334,#6347,#6359,#6378,#6392,#6410,#6423,#6436,#6449,#6461,
#6480,#6494,#6512,#6525,#6538,#6551,#6563,#6575,#6590,#6604,#6618,#6632,#6646,
#6660,#6674,#6687,#6711,#6745,#6777,#6791,#6804,#6816,#6830,#6843,#6856,#6869,
#6882,#6895,#6908,#6921,#6934,#6947,#6960,#6973,#6985,#6999,#7012,#7025,#7043,
#7061,#7074,#7086,#7100,#7113,#7126,#7138));
#7140=MANIFOLD_SOLID_BREP('',#7139);
#7141=(LENGTH_UNIT()NAMED_UNIT(*)SI_UNIT(.MILLI.,.METRE.));
#7142=DIMENSIONAL_EXPONENTS(0.E0,0.E0,0.E0,0.E0,0.E0,0.E0,0.E0);
#7143=(NAMED_UNIT(*)PLANE_ANGLE_UNIT()SI_UNIT($,.RADIAN.));
#7144=PLANE_ANGLE_MEASURE_WITH_UNIT(PLANE_ANGLE_MEASURE(1.745329251994E-2),
#7143);
#7145=(CONVERSION_BASED_UNIT('DEGREE',#7144)NAMED_UNIT(#7142)PLANE_ANGLE_UNIT(
));
#7146=(NAMED_UNIT(*)SI_UNIT($,.STERADIAN.)SOLID_ANGLE_UNIT());
#7147=UNCERTAINTY_MEASURE_WITH_UNIT(LENGTH_MEASURE(2.946704973920E-3),#7141,
'closure',
'Maximum model space distance between geometric entities at asserted connectivities');
#7148=(GEOMETRIC_REPRESENTATION_CONTEXT(3)GLOBAL_UNCERTAINTY_ASSIGNED_CONTEXT((
#7147))GLOBAL_UNIT_ASSIGNED_CONTEXT((#7141,#7145,#7146))REPRESENTATION_CONTEXT(
'ID1','3'));
#7150=APPLICATION_CONTEXT(
'CONFIGURATION CONTROLLED 3D DESIGNS OF MECHANICAL PARTS AND ASSEMBLIES');
#7151=APPLICATION_PROTOCOL_DEFINITION('international standard',
'ccd_cla_gvp_ast_asd',1995,#7150);
#7152=DESIGN_CONTEXT('',#7150,'design');
#7153=MECHANICAL_CONTEXT('',#7150,'mechanical');
#7154=PRODUCT('C-5787526-01-3','C-5787526-01-3','NOT SPECIFIED',(#7153));
#7155=PRODUCT_DEFINITION_FORMATION_WITH_SPECIFIED_SOURCE('1','LAST_VERSION',
#7154,.MADE.);
#7162=(LENGTH_UNIT()NAMED_UNIT(*)SI_UNIT(.MILLI.,.METRE.));
#7163=DERIVED_UNIT_ELEMENT(#7162,2.E0);
#7164=DERIVED_UNIT((#7163));
#7165=MEASURE_REPRESENTATION_ITEM('surface area measure',AREA_MEASURE(
1.687236546604E3),#7164);
#7169=(LENGTH_UNIT()NAMED_UNIT(*)SI_UNIT(.MILLI.,.METRE.));
#7170=DERIVED_UNIT_ELEMENT(#7169,3.E0);
#7171=DERIVED_UNIT((#7170));
#7172=MEASURE_REPRESENTATION_ITEM('volume measure',VOLUME_MEASURE(
1.527671904062E3),#7171);
#7176=CARTESIAN_POINT('centre point',(3.972790281895E-3,2.220631549475E-1,
-5.116849432234E0));
#7181=PRODUCT_CATEGORY('part','');
#7182=PRODUCT_RELATED_PRODUCT_CATEGORY('detail','',(#7154));
#7183=PRODUCT_CATEGORY_RELATIONSHIP('','',#7181,#7182);
#7184=SECURITY_CLASSIFICATION_LEVEL('unclassified');
#7185=SECURITY_CLASSIFICATION('','',#7184);
#7186=CC_DESIGN_SECURITY_CLASSIFICATION(#7185,(#7155));
#7187=APPROVAL_STATUS('approved');
#7188=APPROVAL(#7187,'');
#7189=CC_DESIGN_APPROVAL(#7188,(#7185,#7155,#7156));
#7190=CALENDAR_DATE(107,7,9);
#7191=COORDINATED_UNIVERSAL_TIME_OFFSET(3,0,.BEHIND.);
#7192=LOCAL_TIME(7,7,4.4E1,#7191);
#7193=DATE_AND_TIME(#7190,#7192);
#7194=APPROVAL_DATE_TIME(#7193,#7188);
#7195=DATE_TIME_ROLE('creation_date');
#7196=CC_DESIGN_DATE_AND_TIME_ASSIGNMENT(#7193,#7195,(#7156));
#7197=DATE_TIME_ROLE('classification_date');
#7198=CC_DESIGN_DATE_AND_TIME_ASSIGNMENT(#7193,#7197,(#7185));
#7199=PERSON('UNSPECIFIED','UNSPECIFIED',$,$,$,$);
#7200=ORGANIZATION('UNSPECIFIED','UNSPECIFIED','UNSPECIFIED');
#7201=PERSON_AND_ORGANIZATION(#7199,#7200);
#7202=APPROVAL_ROLE('approver');
#7203=APPROVAL_PERSON_ORGANIZATION(#7201,#7188,#7202);
#7204=PERSON_AND_ORGANIZATION_ROLE('creator');
#7205=CC_DESIGN_PERSON_AND_ORGANIZATION_ASSIGNMENT(#7201,#7204,(#7155,#7156));
#7206=PERSON_AND_ORGANIZATION_ROLE('design_supplier');
#7207=CC_DESIGN_PERSON_AND_ORGANIZATION_ASSIGNMENT(#7201,#7206,(#7155));
#7208=PERSON_AND_ORGANIZATION_ROLE('classification_officer');
#7209=CC_DESIGN_PERSON_AND_ORGANIZATION_ASSIGNMENT(#7201,#7208,(#7185));
#7210=PERSON_AND_ORGANIZATION_ROLE('design_owner');
#7211=CC_DESIGN_PERSON_AND_ORGANIZATION_ASSIGNMENT(#7201,#7210,(#7154));
#84=CIRCLE('',#83,7.6E-1);
#101=CIRCLE('',#100,7.6E-1);
#562=CIRCLE('',#561,7.49E-1);
#575=CIRCLE('',#574,1.E0);
#580=CIRCLE('',#579,1.E0);
#593=CIRCLE('',#592,7.49E-1);
#702=CIRCLE('',#701,7.49E-1);
#715=CIRCLE('',#714,1.E0);
#720=CIRCLE('',#719,7.49E-1);
#725=CIRCLE('',#724,1.E0);
#846=CIRCLE('',#845,7.49E-1);
#859=CIRCLE('',#858,1.E0);
#864=CIRCLE('',#863,7.49E-1);
#869=CIRCLE('',#868,1.E0);
#990=CIRCLE('',#989,7.49E-1);
#1003=CIRCLE('',#1002,1.E0);
#1008=CIRCLE('',#1007,7.49E-1);
#1013=CIRCLE('',#1012,1.E0);
#1134=CIRCLE('',#1133,7.49E-1);
#1147=CIRCLE('',#1146,1.E0);
#1152=CIRCLE('',#1151,7.49E-1);
#1157=CIRCLE('',#1156,1.E0);
#1278=CIRCLE('',#1277,7.49E-1);
#1291=CIRCLE('',#1290,1.E0);
#1296=CIRCLE('',#1295,1.E0);
#1309=CIRCLE('',#1308,7.49E-1);
#1366=CIRCLE('',#1365,7.6E-1);
#1375=CIRCLE('',#1374,7.6E-1);
#1516=B_SPLINE_CURVE_WITH_KNOTS('',3,(#1508,#1509,#1510,#1511,#1512,#1513,#1514,
#1515),.UNSPECIFIED.,.F.,.F.,(4,1,1,1,1,4),(0.E0,1.25E-1,2.5E-1,5.E-1,7.5E-1,
1.E0),.UNSPECIFIED.);
#1525=B_SPLINE_CURVE_WITH_KNOTS('',3,(#1517,#1518,#1519,#1520,#1521,#1522,#1523,
#1524),.UNSPECIFIED.,.F.,.F.,(4,1,1,1,1,4),(0.E0,2.5E-1,5.E-1,7.5E-1,8.75E-1,
1.E0),.UNSPECIFIED.);
#1546=CIRCLE('',#1545,7.73578E-2);
#1659=CIRCLE('',#1658,1.E0);
#1664=CIRCLE('',#1663,1.E0);
#1669=CIRCLE('',#1668,1.E0);
#1674=CIRCLE('',#1673,1.E0);
#1883=CIRCLE('',#1882,1.E0);
#1892=CIRCLE('',#1891,1.E0);
#1897=CIRCLE('',#1896,6.7E-1);
#1902=CIRCLE('',#1901,6.7E-1);
#1907=CIRCLE('',#1906,1.E0);
#1916=CIRCLE('',#1915,1.E0);
#1929=CIRCLE('',#1928,6.7E-1);
#1938=CIRCLE('',#1937,6.7E-1);
#2429=B_SPLINE_CURVE_WITH_KNOTS('',3,(#2419,#2420,#2421,#2422,#2423,#2424,#2425,
#2426,#2427,#2428),.UNSPECIFIED.,.F.,.F.,(4,1,1,1,1,1,1,4),(0.E0,
1.428571428571E-1,2.857142857143E-1,4.285714285714E-1,5.714285714286E-1,
7.142857142857E-1,8.571428571429E-1,1.E0),.UNSPECIFIED.);
#2440=B_SPLINE_CURVE_WITH_KNOTS('',3,(#2430,#2431,#2432,#2433,#2434,#2435,#2436,
#2437,#2438,#2439),.UNSPECIFIED.,.F.,.F.,(4,1,1,1,1,1,1,4),(0.E0,
1.428571428571E-1,2.857142857143E-1,4.285714285714E-1,5.714285714286E-1,
7.142857142857E-1,8.571428571429E-1,1.E0),.UNSPECIFIED.);
#2461=CIRCLE('',#2460,7.73578E-2);
#3355=EDGE_CURVE('',#2741,#2743,#75,.T.);
#3357=EDGE_CURVE('',#2585,#2741,#79,.T.);
#3359=EDGE_CURVE('',#2583,#2585,#84,.T.);
#3361=EDGE_CURVE('',#2581,#2583,#88,.T.);
#3363=EDGE_CURVE('',#2579,#2581,#92,.T.);
#3365=EDGE_CURVE('',#2577,#2579,#96,.T.);
#3367=EDGE_CURVE('',#2576,#2577,#101,.T.);
#3369=EDGE_CURVE('',#2809,#2576,#105,.T.);
#3371=EDGE_CURVE('',#3219,#2809,#109,.T.);
#3373=EDGE_CURVE('',#3213,#3219,#433,.T.);
#3375=EDGE_CURVE('',#2817,#3213,#113,.T.);
#3377=EDGE_CURVE('',#2781,#2817,#117,.T.);
#3379=EDGE_CURVE('',#2775,#2781,#121,.T.);
#3381=EDGE_CURVE('',#2773,#2775,#125,.T.);
#3383=EDGE_CURVE('',#2767,#2773,#129,.T.);
#3385=EDGE_CURVE('',#2795,#2767,#133,.T.);
#3387=EDGE_CURVE('',#2801,#2795,#137,.T.);
#3389=EDGE_CURVE('',#2803,#2801,#141,.T.);
#3391=EDGE_CURVE('',#2789,#2803,#145,.T.);
#3393=EDGE_CURVE('',#2837,#2789,#149,.T.);
#3395=EDGE_CURVE('',#3233,#2837,#153,.T.);
#3397=EDGE_CURVE('',#2845,#3233,#157,.T.);
#3399=EDGE_CURVE('',#3223,#2845,#161,.T.);
#3401=EDGE_CURVE('',#2853,#3223,#165,.T.);
#3403=EDGE_CURVE('',#3239,#2853,#169,.T.);
#3405=EDGE_CURVE('',#2849,#3239,#173,.T.);
#3407=EDGE_CURVE('',#3017,#2849,#177,.T.);
#3409=EDGE_CURVE('',#3253,#3017,#181,.T.);
#3411=EDGE_CURVE('',#3252,#3253,#185,.T.);
#3413=EDGE_CURVE('',#3245,#3252,#681,.T.);
#3415=EDGE_CURVE('',#2865,#3245,#189,.T.);
#3417=EDGE_CURVE('',#2861,#2865,#193,.T.);
#3419=EDGE_CURVE('',#2821,#2861,#197,.T.);
#3421=EDGE_CURVE('',#2825,#2821,#201,.T.);
#3423=EDGE_CURVE('',#2829,#2825,#205,.T.);
#3425=EDGE_CURVE('',#2833,#2829,#209,.T.);
#3427=EDGE_CURVE('',#2753,#2833,#213,.T.);
#3429=EDGE_CURVE('',#2747,#2753,#217,.T.);
#3431=EDGE_CURVE('',#2743,#2747,#221,.T.);
#3442=EDGE_CURVE('',#2745,#2743,#225,.T.);
#3444=EDGE_CURVE('',#2737,#2745,#357,.T.);
#3446=EDGE_CURVE('',#2737,#2741,#349,.T.);
#3457=EDGE_CURVE('',#2749,#2747,#229,.T.);
#3459=EDGE_CURVE('',#2745,#2749,#365,.T.);
#3470=EDGE_CURVE('',#2749,#2751,#237,.T.);
#3474=EDGE_CURVE('',#2751,#2753,#233,.T.);
#3485=EDGE_CURVE('',#2751,#2757,#241,.T.);
#3487=EDGE_CURVE('',#2757,#2680,#385,.T.);
#3489=EDGE_CURVE('',#2749,#2680,#369,.T.);
#3499=EDGE_CURVE('',#2753,#2755,#257,.T.);
#3501=EDGE_CURVE('',#2757,#2755,#245,.T.);
#3513=EDGE_CURVE('',#2740,#2741,#249,.T.);
#3515=EDGE_CURVE('',#2755,#2740,#253,.T.);
#3519=EDGE_CURVE('',#3007,#2833,#261,.T.);
#3521=EDGE_CURVE('',#3013,#3007,#265,.T.);
#3523=EDGE_CURVE('',#2821,#3013,#269,.T.);
#3526=EDGE_CURVE('',#2857,#2861,#273,.T.);
#3528=EDGE_CURVE('',#3249,#2857,#277,.T.);
#3530=EDGE_CURVE('',#3253,#3249,#281,.T.);
#3533=EDGE_CURVE('',#3237,#3017,#285,.T.);
#3535=EDGE_CURVE('',#3021,#3237,#289,.T.);
#3537=EDGE_CURVE('',#2853,#3021,#293,.T.);
#3540=EDGE_CURVE('',#3229,#3223,#297,.T.);
#3542=EDGE_CURVE('',#2841,#3229,#301,.T.);
#3544=EDGE_CURVE('',#2837,#2841,#305,.T.);
#3547=EDGE_CURVE('',#2788,#2789,#309,.T.);
#3549=EDGE_CURVE('',#2793,#2788,#313,.T.);
#3551=EDGE_CURVE('',#2795,#2793,#317,.T.);
#3554=EDGE_CURVE('',#2765,#2767,#321,.T.);
#3556=EDGE_CURVE('',#2764,#2765,#325,.T.);
#3558=EDGE_CURVE('',#2781,#2764,#329,.T.);
#3561=EDGE_CURVE('',#3217,#2817,#333,.T.);
#3563=EDGE_CURVE('',#2813,#3217,#337,.T.);
#3565=EDGE_CURVE('',#2809,#2813,#341,.T.);
#3568=EDGE_CURVE('',#2576,#2588,#1321,.T.);
#3570=EDGE_CURVE('',#2597,#2588,#1370,.T.);
#3572=EDGE_CURVE('',#2585,#2597,#345,.T.);
#3583=EDGE_CURVE('',#2736,#2737,#353,.T.);
#3585=EDGE_CURVE('',#2736,#2740,#405,.T.);
#3599=EDGE_CURVE('',#2745,#2681,#361,.T.);
#3601=EDGE_CURVE('',#2681,#2736,#377,.T.);
#3613=EDGE_CURVE('',#2680,#2681,#381,.T.);
#3624=EDGE_CURVE('',#2757,#2736,#373,.T.);
#3637=EDGE_CURVE('',#2812,#3215,#389,.T.);
#3639=EDGE_CURVE('',#3197,#3215,#393,.T.);
#3641=EDGE_CURVE('',#3196,#3197,#397,.T.);
#3643=EDGE_CURVE('',#2812,#3196,#401,.T.);
#3665=EDGE_CURVE('',#2812,#2813,#413,.T.);
#3668=EDGE_CURVE('',#3215,#3217,#409,.T.);
#3679=EDGE_CURVE('',#2808,#2809,#417,.T.);
#3683=EDGE_CURVE('',#2808,#2812,#425,.T.);
#3694=EDGE_CURVE('',#3221,#2808,#429,.T.);
#3696=EDGE_CURVE('',#3221,#3219,#421,.T.);
#3709=EDGE_CURVE('',#3221,#3196,#437,.T.);
#3720=EDGE_CURVE('',#3211,#3197,#445,.T.);
#3722=EDGE_CURVE('',#3213,#3211,#453,.T.);
#3736=EDGE_CURVE('',#2816,#3211,#441,.T.);
#3740=EDGE_CURVE('',#3215,#2816,#449,.T.);
#3750=EDGE_CURVE('',#2816,#2817,#457,.T.);
#3775=EDGE_CURVE('',#2832,#2833,#461,.T.);
#3777=EDGE_CURVE('',#3009,#2832,#493,.T.);
#3779=EDGE_CURVE('',#3009,#3007,#481,.T.);
#3790=EDGE_CURVE('',#2828,#2829,#465,.T.);
#3792=EDGE_CURVE('',#2832,#2828,#497,.T.);
#3804=EDGE_CURVE('',#2824,#2825,#469,.T.);
#3806=EDGE_CURVE('',#2828,#2824,#541,.T.);
#3818=EDGE_CURVE('',#2820,#2821,#473,.T.);
#3820=EDGE_CURVE('',#2824,#2820,#545,.T.);
#3834=EDGE_CURVE('',#3011,#3013,#477,.T.);
#3836=EDGE_CURVE('',#2820,#3011,#549,.T.);
#3846=EDGE_CURVE('',#3011,#3009,#485,.T.);
#3860=EDGE_CURVE('',#3005,#3009,#505,.T.);
#3862=EDGE_CURVE('',#3004,#3005,#489,.T.);
#3864=EDGE_CURVE('',#3004,#3011,#553,.T.);
#3876=EDGE_CURVE('',#2828,#3005,#501,.T.);
#3881=EDGE_CURVE('',#3056,#3057,#509,.T.);
#3883=EDGE_CURVE('',#3056,#3064,#513,.T.);
#3885=EDGE_CURVE('',#3064,#3065,#517,.T.);
#3887=EDGE_CURVE('',#3065,#3057,#521,.T.);
#3891=EDGE_CURVE('',#3060,#3061,#525,.T.);
#3893=EDGE_CURVE('',#3060,#3068,#529,.T.);
#3895=EDGE_CURVE('',#3068,#3069,#533,.T.);
#3897=EDGE_CURVE('',#3061,#3069,#537,.T.);
#3908=EDGE_CURVE('',#2824,#3004,#557,.T.);
#3933=EDGE_CURVE('',#3057,#3071,#562,.T.);
#3935=EDGE_CURVE('',#3071,#3060,#566,.T.);
#3938=EDGE_CURVE('',#3061,#3348,#570,.T.);
#3940=EDGE_CURVE('',#3348,#3056,#575,.T.);
#3951=EDGE_CURVE('',#3065,#3073,#593,.T.);
#3953=EDGE_CURVE('',#3071,#3073,#601,.T.);
#3965=EDGE_CURVE('',#3349,#3064,#580,.T.);
#3967=EDGE_CURVE('',#3069,#3349,#584,.T.);
#3970=EDGE_CURVE('',#3073,#3068,#588,.T.);
#3983=EDGE_CURVE('',#3348,#3349,#597,.T.);
#4018=EDGE_CURVE('',#2856,#2857,#609,.T.);
#4021=EDGE_CURVE('',#2860,#2861,#605,.T.);
#4023=EDGE_CURVE('',#2856,#2860,#637,.T.);
#4034=EDGE_CURVE('',#3247,#2856,#613,.T.);
#4036=EDGE_CURVE('',#3247,#3249,#697,.T.);
#4048=EDGE_CURVE('',#3209,#2856,#617,.T.);
#4050=EDGE_CURVE('',#3208,#3209,#621,.T.);
#4052=EDGE_CURVE('',#3247,#3208,#625,.T.);
#4062=EDGE_CURVE('',#2860,#2864,#629,.T.);
#4064=EDGE_CURVE('',#2864,#3209,#633,.T.);
#4070=EDGE_CURVE('',#3291,#3048,#641,.T.);
#4072=EDGE_CURVE('',#3291,#3297,#645,.T.);
#4074=EDGE_CURVE('',#3297,#3052,#649,.T.);
#4076=EDGE_CURVE('',#3052,#3048,#653,.T.);
#4080=EDGE_CURVE('',#3294,#3295,#657,.T.);
#4082=EDGE_CURVE('',#3294,#3300,#661,.T.);
#4084=EDGE_CURVE('',#3300,#3301,#665,.T.);
#4086=EDGE_CURVE('',#3295,#3301,#669,.T.);
#4098=EDGE_CURVE('',#2864,#2865,#673,.T.);
#4111=EDGE_CURVE('',#3245,#3243,#677,.T.);
#4113=EDGE_CURVE('',#2864,#3243,#689,.T.);
#4123=EDGE_CURVE('',#3243,#3208,#693,.T.);
#4127=EDGE_CURVE('',#3252,#3247,#685,.T.);
#4162=EDGE_CURVE('',#3048,#3049,#702,.T.);
#4164=EDGE_CURVE('',#3049,#3294,#706,.T.);
#4167=EDGE_CURVE('',#3295,#3344,#710,.T.);
#4169=EDGE_CURVE('',#3344,#3291,#715,.T.);
#4182=EDGE_CURVE('',#3052,#3053,#720,.T.);
#4184=EDGE_CURVE('',#3049,#3053,#741,.T.);
#4196=EDGE_CURVE('',#3345,#3297,#725,.T.);
#4198=EDGE_CURVE('',#3301,#3345,#729,.T.);
#4201=EDGE_CURVE('',#3053,#3300,#733,.T.);
#4213=EDGE_CURVE('',#3344,#3345,#737,.T.);
#4248=EDGE_CURVE('',#3016,#3017,#745,.T.);
#4250=EDGE_CURVE('',#3235,#3016,#785,.T.);
#4252=EDGE_CURVE('',#3235,#3237,#765,.T.);
#4263=EDGE_CURVE('',#2848,#2849,#749,.T.);
#4265=EDGE_CURVE('',#3016,#2848,#789,.T.);
#4279=EDGE_CURVE('',#3241,#3239,#753,.T.);
#4281=EDGE_CURVE('',#2848,#3241,#829,.T.);
#4291=EDGE_CURVE('',#2852,#2853,#757,.T.);
#4293=EDGE_CURVE('',#3241,#2852,#841,.T.);
#4307=EDGE_CURVE('',#3020,#3021,#761,.T.);
#4309=EDGE_CURVE('',#2852,#3020,#837,.T.);
#4322=EDGE_CURVE('',#3020,#3235,#769,.T.);
#4333=EDGE_CURVE('',#3205,#3235,#773,.T.);
#4335=EDGE_CURVE('',#3204,#3205,#777,.T.);
#4337=EDGE_CURVE('',#3020,#3204,#781,.T.);
#4349=EDGE_CURVE('',#2848,#3205,#793,.T.);
#4354=EDGE_CURVE('',#3279,#3040,#797,.T.);
#4356=EDGE_CURVE('',#3279,#3285,#801,.T.);
#4358=EDGE_CURVE('',#3285,#3044,#805,.T.);
#4360=EDGE_CURVE('',#3044,#3040,#809,.T.);
#4364=EDGE_CURVE('',#3282,#3283,#813,.T.);
#4366=EDGE_CURVE('',#3282,#3288,#817,.T.);
#4368=EDGE_CURVE('',#3288,#3289,#821,.T.);
#4370=EDGE_CURVE('',#3283,#3289,#825,.T.);
#4381=EDGE_CURVE('',#3241,#3204,#833,.T.);
#4405=EDGE_CURVE('',#3040,#3041,#846,.T.);
#4407=EDGE_CURVE('',#3041,#3282,#850,.T.);
#4410=EDGE_CURVE('',#3283,#3340,#854,.T.);
#4412=EDGE_CURVE('',#3340,#3279,#859,.T.);
#4425=EDGE_CURVE('',#3044,#3045,#864,.T.);
#4427=EDGE_CURVE('',#3041,#3045,#885,.T.);
#4439=EDGE_CURVE('',#3341,#3285,#869,.T.);
#4441=EDGE_CURVE('',#3289,#3341,#873,.T.);
#4444=EDGE_CURVE('',#3045,#3288,#877,.T.);
#4456=EDGE_CURVE('',#3340,#3341,#881,.T.);
#4491=EDGE_CURVE('',#3227,#3225,#901,.T.);
#4493=EDGE_CURVE('',#3227,#3229,#953,.T.);
#4496=EDGE_CURVE('',#3225,#3223,#889,.T.);
#4506=EDGE_CURVE('',#3225,#2844,#893,.T.);
#4508=EDGE_CURVE('',#2844,#3201,#897,.T.);
#4510=EDGE_CURVE('',#3201,#3227,#961,.T.);
#4515=EDGE_CURVE('',#3267,#3032,#905,.T.);
#4517=EDGE_CURVE('',#3267,#3273,#909,.T.);
#4519=EDGE_CURVE('',#3273,#3036,#913,.T.);
#4521=EDGE_CURVE('',#3036,#3032,#917,.T.);
#4525=EDGE_CURVE('',#3270,#3271,#921,.T.);
#4527=EDGE_CURVE('',#3270,#3276,#925,.T.);
#4529=EDGE_CURVE('',#3276,#3277,#929,.T.);
#4531=EDGE_CURVE('',#3271,#3277,#933,.T.);
#4541=EDGE_CURVE('',#2844,#2845,#937,.T.);
#4556=EDGE_CURVE('',#3231,#3233,#941,.T.);
#4558=EDGE_CURVE('',#2844,#3231,#973,.T.);
#4568=EDGE_CURVE('',#2836,#2837,#945,.T.);
#4570=EDGE_CURVE('',#3231,#2836,#985,.T.);
#4584=EDGE_CURVE('',#2840,#2841,#949,.T.);
#4586=EDGE_CURVE('',#2836,#2840,#981,.T.);
#4599=EDGE_CURVE('',#2840,#3227,#957,.T.);
#4611=EDGE_CURVE('',#3200,#3201,#965,.T.);
#4613=EDGE_CURVE('',#2840,#3200,#969,.T.);
#4624=EDGE_CURVE('',#3231,#3200,#977,.T.);
#4648=EDGE_CURVE('',#3032,#3033,#990,.T.);
#4650=EDGE_CURVE('',#3033,#3270,#994,.T.);
#4653=EDGE_CURVE('',#3271,#3336,#998,.T.);
#4655=EDGE_CURVE('',#3336,#3267,#1003,.T.);
#4668=EDGE_CURVE('',#3036,#3037,#1008,.T.);
#4670=EDGE_CURVE('',#3033,#3037,#1029,.T.);
#4682=EDGE_CURVE('',#3337,#3273,#1013,.T.);
#4684=EDGE_CURVE('',#3277,#3337,#1017,.T.);
#4687=EDGE_CURVE('',#3037,#3276,#1021,.T.);
#4699=EDGE_CURVE('',#3336,#3337,#1025,.T.);
#4734=EDGE_CURVE('',#2784,#2785,#1037,.T.);
#4736=EDGE_CURVE('',#2784,#2788,#1105,.T.);
#4739=EDGE_CURVE('',#2785,#2789,#1033,.T.);
#4750=EDGE_CURVE('',#2785,#2805,#1041,.T.);
#4752=EDGE_CURVE('',#2805,#2685,#1045,.T.);
#4754=EDGE_CURVE('',#2685,#2784,#1113,.T.);
#4758=EDGE_CURVE('',#3255,#3024,#1049,.T.);
#4760=EDGE_CURVE('',#3255,#3261,#1053,.T.);
#4762=EDGE_CURVE('',#3261,#3028,#1057,.T.);
#4764=EDGE_CURVE('',#3028,#3024,#1061,.T.);
#4768=EDGE_CURVE('',#3258,#3259,#1065,.T.);
#4770=EDGE_CURVE('',#3258,#3264,#1069,.T.);
#4772=EDGE_CURVE('',#3264,#3265,#1073,.T.);
#4774=EDGE_CURVE('',#3259,#3265,#1077,.T.);
#4785=EDGE_CURVE('',#2805,#2803,#1081,.T.);
#4798=EDGE_CURVE('',#2799,#2801,#1085,.T.);
#4800=EDGE_CURVE('',#2805,#2799,#1125,.T.);
#4811=EDGE_CURVE('',#2799,#2797,#1097,.T.);
#4815=EDGE_CURVE('',#2797,#2795,#1089,.T.);
#4825=EDGE_CURVE('',#2797,#2791,#1093,.T.);
#4827=EDGE_CURVE('',#2791,#2684,#1121,.T.);
#4829=EDGE_CURVE('',#2799,#2684,#1129,.T.);
#4841=EDGE_CURVE('',#2791,#2793,#1101,.T.);
#4853=EDGE_CURVE('',#2791,#2784,#1109,.T.);
#4868=EDGE_CURVE('',#2684,#2685,#1117,.T.);
#4891=EDGE_CURVE('',#3024,#3025,#1134,.T.);
#4893=EDGE_CURVE('',#3025,#3258,#1138,.T.);
#4896=EDGE_CURVE('',#3259,#3332,#1142,.T.);
#4898=EDGE_CURVE('',#3332,#3255,#1147,.T.);
#4911=EDGE_CURVE('',#3028,#3029,#1152,.T.);
#4913=EDGE_CURVE('',#3025,#3029,#1173,.T.);
#4925=EDGE_CURVE('',#3333,#3261,#1157,.T.);
#4927=EDGE_CURVE('',#3265,#3333,#1161,.T.);
#4930=EDGE_CURVE('',#3029,#3264,#1165,.T.);
#4942=EDGE_CURVE('',#3332,#3333,#1169,.T.);
#4978=EDGE_CURVE('',#2769,#2767,#1177,.T.);
#4980=EDGE_CURVE('',#2761,#2769,#1185,.T.);
#4982=EDGE_CURVE('',#2761,#2765,#1265,.T.);
#4992=EDGE_CURVE('',#2769,#2771,#1189,.T.);
#4996=EDGE_CURVE('',#2771,#2773,#1181,.T.);
#5008=EDGE_CURVE('',#2771,#2688,#1193,.T.);
#5010=EDGE_CURVE('',#2688,#2761,#1197,.T.);
#5014=EDGE_CURVE('',#2692,#2693,#1201,.T.);
#5016=EDGE_CURVE('',#2692,#2700,#1205,.T.);
#5018=EDGE_CURVE('',#2700,#2701,#1209,.T.);
#5020=EDGE_CURVE('',#2701,#2693,#1213,.T.);
#5024=EDGE_CURVE('',#2696,#2697,#1217,.T.);
#5026=EDGE_CURVE('',#2696,#2704,#1221,.T.);
#5028=EDGE_CURVE('',#2704,#2705,#1225,.T.);
#5030=EDGE_CURVE('',#2697,#2705,#1229,.T.);
#5040=EDGE_CURVE('',#2771,#2777,#1233,.T.);
#5042=EDGE_CURVE('',#2777,#2689,#1257,.T.);
#5044=EDGE_CURVE('',#2688,#2689,#1273,.T.);
#5056=EDGE_CURVE('',#2777,#2775,#1237,.T.);
#5068=EDGE_CURVE('',#2777,#2779,#1245,.T.);
#5072=EDGE_CURVE('',#2779,#2781,#1241,.T.);
#5083=EDGE_CURVE('',#2779,#2760,#1249,.T.);
#5085=EDGE_CURVE('',#2689,#2760,#1253,.T.);
#5099=EDGE_CURVE('',#2760,#2764,#1261,.T.);
#5109=EDGE_CURVE('',#2760,#2761,#1269,.T.);
#5135=EDGE_CURVE('',#2693,#2707,#1278,.T.);
#5137=EDGE_CURVE('',#2707,#2696,#1282,.T.);
#5140=EDGE_CURVE('',#2697,#3328,#1286,.T.);
#5142=EDGE_CURVE('',#3328,#2692,#1291,.T.);
#5153=EDGE_CURVE('',#2701,#2709,#1309,.T.);
#5155=EDGE_CURVE('',#2707,#2709,#1317,.T.);
#5167=EDGE_CURVE('',#3329,#2700,#1296,.T.);
#5169=EDGE_CURVE('',#2705,#3329,#1300,.T.);
#5172=EDGE_CURVE('',#2709,#2704,#1304,.T.);
#5185=EDGE_CURVE('',#3328,#3329,#1313,.T.);
#5221=EDGE_CURVE('',#2577,#2589,#1337,.T.);
#5223=EDGE_CURVE('',#2588,#2589,#1375,.T.);
#5234=EDGE_CURVE('',#2616,#2617,#1325,.T.);
#5236=EDGE_CURVE('',#2617,#2621,#1329,.T.);
#5238=EDGE_CURVE('',#2620,#2621,#1333,.T.);
#5240=EDGE_CURVE('',#2589,#2620,#1379,.T.);
#5244=EDGE_CURVE('',#2579,#2592,#1606,.T.);
#5246=EDGE_CURVE('',#2616,#2592,#1395,.T.);
#5257=EDGE_CURVE('',#2609,#2616,#1391,.T.);
#5259=EDGE_CURVE('',#2601,#2609,#1341,.T.);
#5261=EDGE_CURVE('',#2601,#2617,#1578,.T.);
#5271=EDGE_CURVE('',#2593,#2628,#1345,.T.);
#5273=EDGE_CURVE('',#2628,#2612,#1349,.T.);
#5275=EDGE_CURVE('',#2612,#2613,#1353,.T.);
#5277=EDGE_CURVE('',#2613,#2624,#1357,.T.);
#5279=EDGE_CURVE('',#2624,#2596,#1361,.T.);
#5281=EDGE_CURVE('',#2596,#2597,#1366,.T.);
#5286=EDGE_CURVE('',#2620,#2608,#1383,.T.);
#5288=EDGE_CURVE('',#2608,#2609,#1387,.T.);
#5292=EDGE_CURVE('',#2592,#2593,#1399,.T.);
#5296=EDGE_CURVE('',#2936,#2937,#1403,.T.);
#5298=EDGE_CURVE('',#2937,#2939,#1407,.T.);
#5300=EDGE_CURVE('',#2939,#2941,#1411,.T.);
#5302=EDGE_CURVE('',#2941,#2943,#1415,.T.);
#5304=EDGE_CURVE('',#2943,#2945,#1419,.T.);
#5306=EDGE_CURVE('',#2945,#2947,#1423,.T.);
#5308=EDGE_CURVE('',#2947,#2949,#1427,.T.);
#5310=EDGE_CURVE('',#2949,#2936,#1431,.T.);
#5314=EDGE_CURVE('',#2958,#2959,#1447,.T.);
#5316=EDGE_CURVE('',#2959,#2961,#1451,.T.);
#5318=EDGE_CURVE('',#2961,#2963,#1455,.T.);
#5320=EDGE_CURVE('',#2963,#2965,#1459,.T.);
#5322=EDGE_CURVE('',#2965,#2967,#1463,.T.);
#5324=EDGE_CURVE('',#2967,#2969,#1467,.T.);
#5326=EDGE_CURVE('',#2969,#2971,#1471,.T.);
#5328=EDGE_CURVE('',#2971,#2973,#1475,.T.);
#5330=EDGE_CURVE('',#2973,#2975,#1479,.T.);
#5332=EDGE_CURVE('',#2975,#2977,#1483,.T.);
#5334=EDGE_CURVE('',#2977,#2979,#1487,.T.);
#5336=EDGE_CURVE('',#2979,#2981,#1491,.T.);
#5338=EDGE_CURVE('',#2981,#2958,#1495,.T.);
#5342=EDGE_CURVE('',#2984,#2985,#1499,.T.);
#5344=EDGE_CURVE('',#2985,#2987,#1503,.T.);
#5346=EDGE_CURVE('',#2987,#2989,#1507,.T.);
#5348=EDGE_CURVE('',#2990,#2989,#1516,.T.);
#5350=EDGE_CURVE('',#2991,#2990,#1525,.T.);
#5352=EDGE_CURVE('',#2991,#2993,#1529,.T.);
#5354=EDGE_CURVE('',#2993,#2984,#1533,.T.);
#5364=EDGE_CURVE('',#2952,#2953,#1435,.T.);
#5366=EDGE_CURVE('',#2953,#2955,#1439,.T.);
#5368=EDGE_CURVE('',#2955,#2952,#1443,.T.);
#5378=EDGE_CURVE('',#2996,#2997,#1537,.T.);
#5380=EDGE_CURVE('',#2997,#2999,#1541,.T.);
#5382=EDGE_CURVE('',#3001,#2999,#1546,.T.);
#5384=EDGE_CURVE('',#3001,#2996,#1550,.T.);
#5394=EDGE_CURVE('',#2624,#2625,#1554,.T.);
#5396=EDGE_CURVE('',#2629,#2625,#1558,.T.);
#5398=EDGE_CURVE('',#2628,#2629,#1562,.T.);
#5401=EDGE_CURVE('',#2581,#2593,#1566,.T.);
#5404=EDGE_CURVE('',#2583,#2596,#2278,.T.);
#5417=EDGE_CURVE('',#2605,#2613,#1570,.T.);
#5419=EDGE_CURVE('',#2605,#2625,#1590,.T.);
#5429=EDGE_CURVE('',#2604,#2605,#1594,.T.);
#5433=EDGE_CURVE('',#2604,#2612,#1574,.T.);
#5444=EDGE_CURVE('',#2600,#2601,#1582,.T.);
#5446=EDGE_CURVE('',#2621,#2600,#1586,.T.);
#5459=EDGE_CURVE('',#2629,#2604,#1598,.T.);
#5473=EDGE_CURVE('',#2600,#2608,#1602,.T.);
#5513=EDGE_CURVE('',#2656,#2657,#1610,.T.);
#5515=EDGE_CURVE('',#2657,#2659,#1614,.T.);
#5517=EDGE_CURVE('',#2659,#2661,#1618,.T.);
#5519=EDGE_CURVE('',#2661,#2656,#1622,.T.);
#5523=EDGE_CURVE('',#2664,#2665,#1626,.T.);
#5525=EDGE_CURVE('',#2665,#2667,#1630,.T.);
#5527=EDGE_CURVE('',#2667,#2669,#1634,.T.);
#5529=EDGE_CURVE('',#2669,#2664,#1638,.T.);
#5533=EDGE_CURVE('',#2672,#2673,#1642,.T.);
#5535=EDGE_CURVE('',#2673,#2675,#1646,.T.);
#5537=EDGE_CURVE('',#2675,#2677,#1650,.T.);
#5539=EDGE_CURVE('',#2677,#2672,#1654,.T.);
#5543=EDGE_CURVE('',#3312,#3313,#1659,.T.);
#5545=EDGE_CURVE('',#3313,#3312,#1664,.T.);
#5549=EDGE_CURVE('',#3324,#3325,#1669,.T.);
#5551=EDGE_CURVE('',#3325,#3324,#1674,.T.);
#5555=EDGE_CURVE('',#2728,#2729,#1678,.T.);
#5557=EDGE_CURVE('',#2732,#2728,#1682,.T.);
#5559=EDGE_CURVE('',#2732,#2733,#1686,.T.);
#5561=EDGE_CURVE('',#2733,#2729,#1690,.T.);
#5565=EDGE_CURVE('',#3092,#3093,#1694,.T.);
#5567=EDGE_CURVE('',#3096,#3092,#1698,.T.);
#5569=EDGE_CURVE('',#3096,#3097,#1702,.T.);
#5571=EDGE_CURVE('',#3097,#3093,#1706,.T.);
#5575=EDGE_CURVE('',#3116,#3117,#1710,.T.);
#5577=EDGE_CURVE('',#3120,#3116,#1714,.T.);
#5579=EDGE_CURVE('',#3120,#3121,#1718,.T.);
#5581=EDGE_CURVE('',#3121,#3117,#1722,.T.);
#5585=EDGE_CURVE('',#3140,#3141,#1726,.T.);
#5587=EDGE_CURVE('',#3144,#3140,#1730,.T.);
#5589=EDGE_CURVE('',#3144,#3145,#1734,.T.);
#5591=EDGE_CURVE('',#3145,#3141,#1738,.T.);
#5595=EDGE_CURVE('',#3164,#3165,#1742,.T.);
#5597=EDGE_CURVE('',#3168,#3164,#1746,.T.);
#5599=EDGE_CURVE('',#3168,#3169,#1750,.T.);
#5601=EDGE_CURVE('',#3169,#3165,#1754,.T.);
#5605=EDGE_CURVE('',#3188,#3189,#1758,.T.);
#5607=EDGE_CURVE('',#3192,#3188,#1762,.T.);
#5609=EDGE_CURVE('',#3192,#3193,#1766,.T.);
#5611=EDGE_CURVE('',#3193,#3189,#1770,.T.);
#5622=EDGE_CURVE('',#2656,#2632,#1774,.T.);
#5624=EDGE_CURVE('',#2632,#2633,#1790,.T.);
#5626=EDGE_CURVE('',#2657,#2633,#1786,.T.);
#5637=EDGE_CURVE('',#2661,#2637,#1778,.T.);
#5639=EDGE_CURVE('',#2637,#2632,#1794,.T.);
#5651=EDGE_CURVE('',#2659,#2635,#1782,.T.);
#5653=EDGE_CURVE('',#2635,#2637,#1798,.T.);
#5666=EDGE_CURVE('',#2633,#2635,#1802,.T.);
#5689=EDGE_CURVE('',#2640,#2641,#1806,.T.);
#5691=EDGE_CURVE('',#2645,#2640,#1810,.T.);
#5693=EDGE_CURVE('',#2643,#2645,#1814,.T.);
#5695=EDGE_CURVE('',#2641,#2643,#1818,.T.);
#5705=EDGE_CURVE('',#2648,#2649,#1822,.T.);
#5707=EDGE_CURVE('',#2653,#2648,#1826,.T.);
#5709=EDGE_CURVE('',#2651,#2653,#1830,.T.);
#5711=EDGE_CURVE('',#2649,#2651,#1834,.T.);
#5722=EDGE_CURVE('',#2664,#2640,#1838,.T.);
#5725=EDGE_CURVE('',#2665,#2641,#1850,.T.);
#5736=EDGE_CURVE('',#2669,#2645,#1842,.T.);
#5749=EDGE_CURVE('',#2667,#2643,#1846,.T.);
#5774=EDGE_CURVE('',#2672,#2648,#1854,.T.);
#5777=EDGE_CURVE('',#2673,#2649,#1866,.T.);
#5788=EDGE_CURVE('',#2677,#2653,#1858,.T.);
#5801=EDGE_CURVE('',#2675,#2651,#1862,.T.);
#5826=EDGE_CURVE('',#3312,#3304,#1870,.T.);
#5828=EDGE_CURVE('',#3304,#3308,#1892,.T.);
#5830=EDGE_CURVE('',#3313,#3308,#1874,.T.);
#5843=EDGE_CURVE('',#3304,#3308,#1883,.T.);
#5853=EDGE_CURVE('',#3304,#3305,#1878,.T.);
#5856=EDGE_CURVE('',#3308,#3309,#1887,.T.);
#5858=EDGE_CURVE('',#3305,#3309,#1897,.T.);
#5869=EDGE_CURVE('',#3305,#3309,#1902,.T.);
#5892=EDGE_CURVE('',#3321,#3325,#1920,.T.);
#5894=EDGE_CURVE('',#3317,#3321,#1907,.T.);
#5896=EDGE_CURVE('',#3317,#3324,#1911,.T.);
#5908=EDGE_CURVE('',#3317,#3321,#1916,.T.);
#5919=EDGE_CURVE('',#3316,#3317,#1924,.T.);
#5921=EDGE_CURVE('',#3316,#3320,#1929,.T.);
#5923=EDGE_CURVE('',#3320,#3321,#1933,.T.);
#5937=EDGE_CURVE('',#3316,#3320,#1938,.T.);
#5958=EDGE_CURVE('',#2717,#2729,#1942,.T.);
#5960=EDGE_CURVE('',#2715,#2717,#1946,.T.);
#5962=EDGE_CURVE('',#2713,#2715,#1950,.T.);
#5964=EDGE_CURVE('',#2712,#2713,#1954,.T.);
#5966=EDGE_CURVE('',#2728,#2712,#1958,.T.);
#5977=EDGE_CURVE('',#2725,#2733,#1982,.T.);
#5979=EDGE_CURVE('',#2717,#2725,#1962,.T.);
#5991=EDGE_CURVE('',#2732,#2720,#1966,.T.);
#5993=EDGE_CURVE('',#2720,#2721,#1970,.T.);
#5995=EDGE_CURVE('',#2721,#2723,#1974,.T.);
#5997=EDGE_CURVE('',#2723,#2725,#1978,.T.);
#6010=EDGE_CURVE('',#2712,#2720,#1986,.T.);
#6022=EDGE_CURVE('',#2713,#2721,#1990,.T.);
#6035=EDGE_CURVE('',#2715,#2723,#1994,.T.);
#6060=EDGE_CURVE('',#3081,#3093,#1998,.T.);
#6062=EDGE_CURVE('',#3079,#3081,#2002,.T.);
#6064=EDGE_CURVE('',#3077,#3079,#2006,.T.);
#6066=EDGE_CURVE('',#3076,#3077,#2010,.T.);
#6068=EDGE_CURVE('',#3092,#3076,#2014,.T.);
#6079=EDGE_CURVE('',#3089,#3097,#2038,.T.);
#6081=EDGE_CURVE('',#3081,#3089,#2018,.T.);
#6093=EDGE_CURVE('',#3096,#3084,#2022,.T.);
#6095=EDGE_CURVE('',#3084,#3085,#2026,.T.);
#6097=EDGE_CURVE('',#3085,#3087,#2030,.T.);
#6099=EDGE_CURVE('',#3087,#3089,#2034,.T.);
#6112=EDGE_CURVE('',#3076,#3084,#2042,.T.);
#6124=EDGE_CURVE('',#3077,#3085,#2046,.T.);
#6137=EDGE_CURVE('',#3079,#3087,#2050,.T.);
#6162=EDGE_CURVE('',#3105,#3117,#2054,.T.);
#6164=EDGE_CURVE('',#3103,#3105,#2058,.T.);
#6166=EDGE_CURVE('',#3101,#3103,#2062,.T.);
#6168=EDGE_CURVE('',#3100,#3101,#2066,.T.);
#6170=EDGE_CURVE('',#3116,#3100,#2070,.T.);
#6181=EDGE_CURVE('',#3113,#3121,#2094,.T.);
#6183=EDGE_CURVE('',#3105,#3113,#2074,.T.);
#6195=EDGE_CURVE('',#3120,#3108,#2078,.T.);
#6197=EDGE_CURVE('',#3108,#3109,#2082,.T.);
#6199=EDGE_CURVE('',#3109,#3111,#2086,.T.);
#6201=EDGE_CURVE('',#3111,#3113,#2090,.T.);
#6214=EDGE_CURVE('',#3100,#3108,#2098,.T.);
#6226=EDGE_CURVE('',#3101,#3109,#2102,.T.);
#6239=EDGE_CURVE('',#3103,#3111,#2106,.T.);
#6264=EDGE_CURVE('',#3129,#3141,#2110,.T.);
#6266=EDGE_CURVE('',#3127,#3129,#2114,.T.);
#6268=EDGE_CURVE('',#3125,#3127,#2118,.T.);
#6270=EDGE_CURVE('',#3124,#3125,#2122,.T.);
#6272=EDGE_CURVE('',#3140,#3124,#2126,.T.);
#6283=EDGE_CURVE('',#3137,#3145,#2150,.T.);
#6285=EDGE_CURVE('',#3129,#3137,#2130,.T.);
#6297=EDGE_CURVE('',#3144,#3132,#2134,.T.);
#6299=EDGE_CURVE('',#3132,#3133,#2138,.T.);
#6301=EDGE_CURVE('',#3133,#3135,#2142,.T.);
#6303=EDGE_CURVE('',#3135,#3137,#2146,.T.);
#6316=EDGE_CURVE('',#3124,#3132,#2154,.T.);
#6328=EDGE_CURVE('',#3125,#3133,#2158,.T.);
#6341=EDGE_CURVE('',#3127,#3135,#2162,.T.);
#6366=EDGE_CURVE('',#3153,#3165,#2166,.T.);
#6368=EDGE_CURVE('',#3151,#3153,#2170,.T.);
#6370=EDGE_CURVE('',#3149,#3151,#2174,.T.);
#6372=EDGE_CURVE('',#3148,#3149,#2178,.T.);
#6374=EDGE_CURVE('',#3164,#3148,#2182,.T.);
#6385=EDGE_CURVE('',#3161,#3169,#2206,.T.);
#6387=EDGE_CURVE('',#3153,#3161,#2186,.T.);
#6399=EDGE_CURVE('',#3168,#3156,#2190,.T.);
#6401=EDGE_CURVE('',#3156,#3157,#2194,.T.);
#6403=EDGE_CURVE('',#3157,#3159,#2198,.T.);
#6405=EDGE_CURVE('',#3159,#3161,#2202,.T.);
#6418=EDGE_CURVE('',#3148,#3156,#2210,.T.);
#6430=EDGE_CURVE('',#3149,#3157,#2214,.T.);
#6443=EDGE_CURVE('',#3151,#3159,#2218,.T.);
#6468=EDGE_CURVE('',#3177,#3189,#2222,.T.);
#6470=EDGE_CURVE('',#3175,#3177,#2226,.T.);
#6472=EDGE_CURVE('',#3173,#3175,#2230,.T.);
#6474=EDGE_CURVE('',#3172,#3173,#2234,.T.);
#6476=EDGE_CURVE('',#3188,#3172,#2238,.T.);
#6487=EDGE_CURVE('',#3185,#3193,#2262,.T.);
#6489=EDGE_CURVE('',#3177,#3185,#2242,.T.);
#6501=EDGE_CURVE('',#3192,#3180,#2246,.T.);
#6503=EDGE_CURVE('',#3180,#3181,#2250,.T.);
#6505=EDGE_CURVE('',#3181,#3183,#2254,.T.);
#6507=EDGE_CURVE('',#3183,#3185,#2258,.T.);
#6520=EDGE_CURVE('',#3172,#3180,#2266,.T.);
#6532=EDGE_CURVE('',#3173,#3181,#2270,.T.);
#6545=EDGE_CURVE('',#3175,#3183,#2274,.T.);
#6582=EDGE_CURVE('',#2936,#2868,#2282,.T.);
#6584=EDGE_CURVE('',#2868,#2869,#2314,.T.);
#6586=EDGE_CURVE('',#2937,#2869,#2310,.T.);
#6597=EDGE_CURVE('',#2949,#2881,#2286,.T.);
#6599=EDGE_CURVE('',#2881,#2868,#2318,.T.);
#6611=EDGE_CURVE('',#2947,#2879,#2290,.T.);
#6613=EDGE_CURVE('',#2879,#2881,#2322,.T.);
#6625=EDGE_CURVE('',#2945,#2877,#2294,.T.);
#6627=EDGE_CURVE('',#2877,#2879,#2326,.T.);
#6639=EDGE_CURVE('',#2943,#2875,#2298,.T.);
#6641=EDGE_CURVE('',#2875,#2877,#2330,.T.);
#6653=EDGE_CURVE('',#2941,#2873,#2302,.T.);
#6655=EDGE_CURVE('',#2873,#2875,#2334,.T.);
#6667=EDGE_CURVE('',#2939,#2871,#2306,.T.);
#6669=EDGE_CURVE('',#2871,#2873,#2338,.T.);
#6682=EDGE_CURVE('',#2869,#2871,#2342,.T.);
#6703=EDGE_CURVE('',#2884,#2885,#2346,.T.);
#6705=EDGE_CURVE('',#2887,#2884,#2350,.T.);
#6707=EDGE_CURVE('',#2885,#2887,#2354,.T.);
#6717=EDGE_CURVE('',#2890,#2891,#2358,.T.);
#6719=EDGE_CURVE('',#2913,#2890,#2362,.T.);
#6721=EDGE_CURVE('',#2911,#2913,#2366,.T.);
#6723=EDGE_CURVE('',#2909,#2911,#2370,.T.);
#6725=EDGE_CURVE('',#2907,#2909,#2374,.T.);
#6727=EDGE_CURVE('',#2905,#2907,#2378,.T.);
#6729=EDGE_CURVE('',#2903,#2905,#2382,.T.);
#6731=EDGE_CURVE('',#2901,#2903,#2386,.T.);
#6733=EDGE_CURVE('',#2899,#2901,#2390,.T.);
#6735=EDGE_CURVE('',#2897,#2899,#2394,.T.);
#6737=EDGE_CURVE('',#2895,#2897,#2398,.T.);
#6739=EDGE_CURVE('',#2893,#2895,#2402,.T.);
#6741=EDGE_CURVE('',#2891,#2893,#2406,.T.);
#6751=EDGE_CURVE('',#2916,#2917,#2410,.T.);
#6753=EDGE_CURVE('',#2925,#2916,#2414,.T.);
#6755=EDGE_CURVE('',#2923,#2925,#2418,.T.);
#6757=EDGE_CURVE('',#2922,#2923,#2429,.T.);
#6759=EDGE_CURVE('',#2921,#2922,#2440,.T.);
#6761=EDGE_CURVE('',#2919,#2921,#2444,.T.);
#6763=EDGE_CURVE('',#2917,#2919,#2448,.T.);
#6767=EDGE_CURVE('',#2928,#2929,#2452,.T.);
#6769=EDGE_CURVE('',#2933,#2928,#2456,.T.);
#6771=EDGE_CURVE('',#2931,#2933,#2461,.T.);
#6773=EDGE_CURVE('',#2929,#2931,#2465,.T.);
#6784=EDGE_CURVE('',#2952,#2884,#2469,.T.);
#6787=EDGE_CURVE('',#2953,#2885,#2477,.T.);
#6798=EDGE_CURVE('',#2955,#2887,#2473,.T.);
#6823=EDGE_CURVE('',#2958,#2890,#2481,.T.);
#6826=EDGE_CURVE('',#2959,#2891,#2529,.T.);
#6837=EDGE_CURVE('',#2981,#2913,#2485,.T.);
#6850=EDGE_CURVE('',#2979,#2911,#2489,.T.);
#6863=EDGE_CURVE('',#2977,#2909,#2493,.T.);
#6876=EDGE_CURVE('',#2975,#2907,#2497,.T.);
#6889=EDGE_CURVE('',#2973,#2905,#2501,.T.);
#6902=EDGE_CURVE('',#2971,#2903,#2505,.T.);
#6915=EDGE_CURVE('',#2969,#2901,#2509,.T.);
#6928=EDGE_CURVE('',#2967,#2899,#2513,.T.);
#6941=EDGE_CURVE('',#2965,#2897,#2517,.T.);
#6954=EDGE_CURVE('',#2963,#2895,#2521,.T.);
#6967=EDGE_CURVE('',#2961,#2893,#2525,.T.);
#6992=EDGE_CURVE('',#2984,#2916,#2533,.T.);
#6995=EDGE_CURVE('',#2985,#2917,#2557,.T.);
#7006=EDGE_CURVE('',#2993,#2925,#2537,.T.);
#7019=EDGE_CURVE('',#2991,#2923,#2541,.T.);
#7032=B_SPLINE_CURVE_WITH_KNOTS('',3,(#7026,#7027,#7028,#7029,#7030,#7031),
.UNSPECIFIED.,.F.,.F.,(4,1,1,4),(0.E0,5.E-1,7.5E-1,1.E0),.UNSPECIFIED.);
#7037=EDGE_CURVE('',#2990,#2922,#2545,.T.);
#7050=B_SPLINE_CURVE_WITH_KNOTS('',3,(#7044,#7045,#7046,#7047,#7048,#7049),
.UNSPECIFIED.,.F.,.F.,(4,1,1,4),(0.E0,2.5E-1,5.E-1,1.E0),.UNSPECIFIED.);
#7055=EDGE_CURVE('',#2989,#2921,#2549,.T.);
#7068=EDGE_CURVE('',#2987,#2919,#2553,.T.);
#7093=EDGE_CURVE('',#2996,#2928,#2561,.T.);
#7096=EDGE_CURVE('',#2997,#2929,#2573,.T.);
#7107=EDGE_CURVE('',#3001,#2933,#2565,.T.);
#7120=EDGE_CURVE('',#2999,#2931,#2569,.T.);
#7149=ADVANCED_BREP_SHAPE_REPRESENTATION('',(#7140),#7148);
#7156=PRODUCT_DEFINITION('design','',#7155,#7152);
#7157=PRODUCT_DEFINITION_SHAPE('','SHAPE FOR C-5787526-01-3.',#7156);
#7158=SHAPE_REPRESENTATION('',(#7140),#7148);
#7159=SHAPE_ASPECT('','solid data associated with C-5787526-01-3',#7157,.F.);
#7160=PROPERTY_DEFINITION('',
'shape for solid data with which properties are associated',#7159);
#7161=SHAPE_DEFINITION_REPRESENTATION(#7160,#7158);
#7166=PROPERTY_DEFINITION('geometric_validation_property',
'area of C-5787526-01-3',#7159);
#7167=REPRESENTATION('surface area',(#7165),#7148);
#7168=PROPERTY_DEFINITION_REPRESENTATION(#7166,#7167);
#7173=PROPERTY_DEFINITION('geometric_validation_property',
'volume of C-5787526-01-3',#7159);
#7174=REPRESENTATION('volume',(#7172),#7148);
#7175=PROPERTY_DEFINITION_REPRESENTATION(#7173,#7174);
#7177=PROPERTY_DEFINITION('geometric_validation_property',
'centroid of C-5787526-01-3',#7159);
#7178=REPRESENTATION('centroid',(#7176),#7148);
#7179=PROPERTY_DEFINITION_REPRESENTATION(#7177,#7178);
#7180=SHAPE_DEFINITION_REPRESENTATION(#7157,#7149);
ENDSEC;
END-ISO-10303-21;
