ISO-10303-21;
HEADER;
FILE_DESCRIPTION (( 'STEP AP214' ),
    '1' );
FILE_NAME ('1612898-1.STEP',
    '2024-09-04T00:54:39',
    ( '' ),
    ( '' ),
    'SwSTEP 2.0',
    'SolidWorks 2023',
    '' );
FILE_SCHEMA (( 'AUTOMOTIVE_DESIGN' ));
ENDSEC;

DATA;
#1 = CARTESIAN_POINT ( 'NONE',  ( -0.2500000000000000000, -1.500000000000000000, 0.000000000000000000 ) ) ;
#2 = VERTEX_POINT ( 'NONE', #1699 ) ;
#3 = FILL_AREA_STYLE_COLOUR ( '', #74 ) ;
#4 = ADVANCED_FACE ( 'NONE', ( #4429 ), #988, .T. ) ;
#5 = FACE_OUTER_BOUND ( 'NONE', #4206, .T. ) ;
#6 = VECTOR ( 'NONE', #654, 1000.000000000000000 ) ;
#7 = LINE ( 'NONE', #3916, #3676 ) ;
#8 = CARTESIAN_POINT ( 'NONE',  ( -1.750000000000000000, 0.000000000000000000, 1.209799459665320764 ) ) ;
#9 = EDGE_LOOP ( 'NONE', ( #2316, #3818, #3400, #4916 ) ) ;
#10 = FILL_AREA_STYLE_COLOUR ( '', #3830 ) ;
#11 = VECTOR ( 'NONE', #2698, 1000.000000000000000 ) ;
#12 = VERTEX_POINT ( 'NONE', #838 ) ;
#13 =( LENGTH_UNIT ( ) NAMED_UNIT ( * ) SI_UNIT ( .MILLI., .METRE. ) );
#14 = VECTOR ( 'NONE', #1054, 1000.000000000000000 ) ;
#15 = ORIENTED_EDGE ( 'NONE', *, *, #4520, .T. ) ;
#16 =( LENGTH_UNIT ( ) NAMED_UNIT ( * ) SI_UNIT ( .MILLI., .METRE. ) );
#17 = ORIENTED_EDGE ( 'NONE', *, *, #1809, .F. ) ;
#18 = AXIS2_PLACEMENT_3D ( 'NONE', #2731, #78, #4532 ) ;
#19 = SURFACE_STYLE_USAGE ( .BOTH. , #4600 ) ;
#20 = SURFACE_SIDE_STYLE ('',( #4575 ) ) ;
#21 = VERTEX_POINT ( 'NONE', #4005 ) ;
#22 = DIRECTION ( 'NONE',  ( 1.000000000000000000, 0.000000000000000000, 0.000000000000000000 ) ) ;
#23 = EDGE_LOOP ( 'NONE', ( #2479, #3800, #2401, #1995 ) ) ;
#24 = CARTESIAN_POINT ( 'NONE',  ( 1.750000000000000000, -0.2500000000000000000, -2.549999999999999822 ) ) ;
#25 = SURFACE_STYLE_USAGE ( .BOTH. , #397 ) ;
#26 = PLANE ( 'NONE',  #1253 ) ;
#27 = EDGE_CURVE ( 'NONE', #1190, #86, #2433, .T. ) ;
#28 = EDGE_CURVE ( 'NONE', #360, #615, #1264, .T. ) ;
#29 = PLANE ( 'NONE',  #4729 ) ;
#30 = SURFACE_STYLE_FILL_AREA ( #1600 ) ;
#31 = ORIENTED_EDGE ( 'NONE', *, *, #4394, .T. ) ;
#32 = DIRECTION ( 'NONE',  ( 0.000000000000000000, 0.000000000000000000, -1.000000000000000000 ) ) ;
#33 = VECTOR ( 'NONE', #1805, 1000.000000000000000 ) ;
#34 = DIRECTION ( 'NONE',  ( -1.000000000000000000, 0.000000000000000000, 0.000000000000000000 ) ) ;
#35 = ORIENTED_EDGE ( 'NONE', *, *, #3320, .F. ) ;
#36 = CARTESIAN_POINT ( 'NONE',  ( -1.749999999999999778, -2.200000000000000178, -2.549999999999999822 ) ) ;
#37 = CARTESIAN_POINT ( 'NONE',  ( 1.750000000000000000, -1.500000000000000000, 0.000000000000000000 ) ) ;
#38 = AXIS2_PLACEMENT_3D ( 'NONE', #804, #2330, #3878 ) ;
#39 = ORIENTED_EDGE ( 'NONE', *, *, #4731, .F. ) ;
#40 =( GEOMETRIC_REPRESENTATION_CONTEXT ( 3 ) GLOBAL_UNCERTAINTY_ASSIGNED_CONTEXT ( ( #2452 ) ) GLOBAL_UNIT_ASSIGNED_CONTEXT ( ( #743, #1896, #4264 ) ) REPRESENTATION_CONTEXT ( 'NONE', 'WORKASPACE' ) );
#41 = CIRCLE ( 'NONE', #1171, 0.2999999999999999334 ) ;
#42 = ORIENTED_EDGE ( 'NONE', *, *, #1511, .F. ) ;
#43 = UNCERTAINTY_MEASURE_WITH_UNIT (LENGTH_MEASURE( 1.000000000000000082E-05 ), #2861, 'distance_accuracy_value', 'NONE');
#44 = DIRECTION ( 'NONE',  ( 0.000000000000000000, -1.000000000000000000, 0.000000000000000000 ) ) ;
#45 = FACE_OUTER_BOUND ( 'NONE', #1630, .T. ) ;
#46 = PRESENTATION_LAYER_ASSIGNMENT (  '', '', ( #693 ) ) ;
#47 = VECTOR ( 'NONE', #2478, 1000.000000000000000 ) ;
#48 = ORIENTED_EDGE ( 'NONE', *, *, #3354, .F. ) ;
#49 = VECTOR ( 'NONE', #57, 1000.000000000000000 ) ;
#50 = VERTEX_POINT ( 'NONE', #2084 ) ;
#51 = CARTESIAN_POINT ( 'NONE',  ( 1.750000000000000000, -1.100000000000000089, 0.000000000000000000 ) ) ;
#52 =( GEOMETRIC_REPRESENTATION_CONTEXT ( 3 ) GLOBAL_UNCERTAINTY_ASSIGNED_CONTEXT ( ( #436 ) ) GLOBAL_UNIT_ASSIGNED_CONTEXT ( ( #3778, #3452, #1888 ) ) REPRESENTATION_CONTEXT ( 'NONE', 'WORKASPACE' ) );
#53 =( GEOMETRIC_REPRESENTATION_CONTEXT ( 3 ) GLOBAL_UNCERTAINTY_ASSIGNED_CONTEXT ( ( #904 ) ) GLOBAL_UNIT_ASSIGNED_CONTEXT ( ( #3079, #2995, #2246 ) ) REPRESENTATION_CONTEXT ( 'NONE', 'WORKASPACE' ) );
#54 = DIRECTION ( 'NONE',  ( 1.000000000000000000, 0.000000000000000000, 0.000000000000000000 ) ) ;
#55 = LINE ( 'NONE', #3950, #1123 ) ;
#56 = MECHANICAL_DESIGN_GEOMETRIC_PRESENTATION_REPRESENTATION (  '', ( #4471 ), #1194 ) ;
#57 = DIRECTION ( 'NONE',  ( -0.000000000000000000, -1.000000000000000000, -0.000000000000000000 ) ) ;
#58 = ORIENTED_EDGE ( 'NONE', *, *, #3390, .T. ) ;
#59 = ADVANCED_FACE ( 'NONE', ( #1994 ), #75, .T. ) ;
#60 = VECTOR ( 'NONE', #4014, 1000.000000000000000 ) ;
#61 = FILL_AREA_STYLE_COLOUR ( '', #2232 ) ;
#62 = CARTESIAN_POINT ( 'NONE',  ( 3.250000000000000444, -2.200000000000000178, -2.549999999999999822 ) ) ;
#63 = ORIENTED_EDGE ( 'NONE', *, *, #3684, .T. ) ;
#64 = CARTESIAN_POINT ( 'NONE',  ( -3.250000000000000444, -2.200000000000000178, -1.000000000000000000 ) ) ;
#65 = FACE_OUTER_BOUND ( 'NONE', #256, .T. ) ;
#66 = EDGE_CURVE ( 'NONE', #3959, #303, #3981, .T. ) ;
#67 = VECTOR ( 'NONE', #3426, 1000.000000000000000 ) ;
#68 = CARTESIAN_POINT ( 'NONE',  ( 0.2500000000000000000, 0.000000000000000000, 0.000000000000000000 ) ) ;
#69 = ADVANCED_FACE ( 'NONE', ( #552 ), #930, .T. ) ;
#70 = ORIENTED_EDGE ( 'NONE', *, *, #716, .F. ) ;
#71 = CIRCLE ( 'NONE', #715, 0.2999999999999999334 ) ;
#72 = ORIENTED_EDGE ( 'NONE', *, *, #163, .T. ) ;
#73 = DIRECTION ( 'NONE',  ( 0.000000000000000000, -0.000000000000000000, -1.000000000000000000 ) ) ;
#74 = COLOUR_RGB ( '',0.2862745098039215508, 0.2862745098039215508, 0.2862745098039215508 ) ;
#75 = PLANE ( 'NONE',  #2405 ) ;
#76 = VERTEX_POINT ( 'NONE', #1690 ) ;
#77 = CARTESIAN_POINT ( 'NONE',  ( -2.850002436268876949, -1.899999999999999911, -3.149999999999999911 ) ) ;
#78 = DIRECTION ( 'NONE',  ( 1.000000000000000000, 0.000000000000000000, 0.000000000000000000 ) ) ;
#79 = DIRECTION ( 'NONE',  ( -1.000000000000000000, -0.000000000000000000, -0.000000000000000000 ) ) ;
#80 = DIRECTION ( 'NONE',  ( -0.000000000000000000, 0.000000000000000000, -1.000000000000000000 ) ) ;
#81 = CARTESIAN_POINT ( 'NONE',  ( 0.000000000000000000, -2.200000000000000178, -1.949999999999999956 ) ) ;
#82 = FILL_AREA_STYLE_COLOUR ( '', #1020 ) ;
#83 = ORIENTED_EDGE ( 'NONE', *, *, #4577, .T. ) ;
#84 = FILL_AREA_STYLE_COLOUR ( '', #537 ) ;
#85 =( NAMED_UNIT ( * ) PLANE_ANGLE_UNIT ( ) SI_UNIT ( $, .RADIAN. ) );
#86 = VERTEX_POINT ( 'NONE', #2063 ) ;
#87 = LINE ( 'NONE', #1204, #3583 ) ;
#88 = FILL_AREA_STYLE ('',( #1983 ) ) ;
#89 = CARTESIAN_POINT ( 'NONE',  ( -3.250000000000000444, 2.200000000000000178, -1.000000000000000000 ) ) ;
#90 = FACE_OUTER_BOUND ( 'NONE', #2844, .T. ) ;
#91 = ORIENTED_EDGE ( 'NONE', *, *, #3507, .T. ) ;
#92 = ADVANCED_FACE ( 'NONE', ( #3907 ), #4772, .T. ) ;
#93 = EDGE_CURVE ( 'NONE', #3998, #2672, #2936, .T. ) ;
#94 = ORIENTED_EDGE ( 'NONE', *, *, #1084, .T. ) ;
#95 = MECHANICAL_DESIGN_GEOMETRIC_PRESENTATION_REPRESENTATION (  '', ( #2189 ), #2507 ) ;
#96 = PRESENTATION_STYLE_ASSIGNMENT (( #3978 ) ) ;
#97 =( GEOMETRIC_REPRESENTATION_CONTEXT ( 3 ) GLOBAL_UNCERTAINTY_ASSIGNED_CONTEXT ( ( #4825 ) ) GLOBAL_UNIT_ASSIGNED_CONTEXT ( ( #671, #2151, #4462 ) ) REPRESENTATION_CONTEXT ( 'NONE', 'WORKASPACE' ) );
#98 = DIRECTION ( 'NONE',  ( 1.000000000000000000, -0.000000000000000000, 0.000000000000000000 ) ) ;
#99 = CARTESIAN_POINT ( 'NONE',  ( -3.260000000000000675, -2.200000000000000178, -2.549999999999999822 ) ) ;
#100 = SURFACE_SIDE_STYLE ('',( #4289 ) ) ;
#101 = DIRECTION ( 'NONE',  ( 0.000000000000000000, 0.000000000000000000, -1.000000000000000000 ) ) ;
#102 = CARTESIAN_POINT ( 'NONE',  ( -2.250000000000000444, 0.000000000000000000, -2.600000000000000533 ) ) ;
#103 = VERTEX_POINT ( 'NONE', #4441 ) ;
#104 = ORIENTED_EDGE ( 'NONE', *, *, #362, .T. ) ;
#105 = DIRECTION ( 'NONE',  ( -0.000000000000000000, -1.000000000000000000, -0.000000000000000000 ) ) ;
#106 = VECTOR ( 'NONE', #678, 1000.000000000000000 ) ;
#107 = ORIENTED_EDGE ( 'NONE', *, *, #3202, .F. ) ;
#108 = CARTESIAN_POINT ( 'NONE',  ( 2.950000000000000178, 1.899999999999999911, -2.549999999999999822 ) ) ;
#109 = VERTEX_POINT ( 'NONE', #574 ) ;
#110 = CARTESIAN_POINT ( 'NONE',  ( 2.250000000000000444, 0.000000000000000000, 0.000000000000000000 ) ) ;
#111 =( NAMED_UNIT ( * ) SI_UNIT ( $, .STERADIAN. ) SOLID_ANGLE_UNIT ( ) );
#112 =( NAMED_UNIT ( * ) SI_UNIT ( $, .STERADIAN. ) SOLID_ANGLE_UNIT ( ) );
#113 = STYLED_ITEM ( 'NONE', ( #706 ), #2012 ) ;
#114 = CARTESIAN_POINT ( 'NONE',  ( -1.750000000000000000, -2.399999999999999911, 0.000000000000000000 ) ) ;
#115 = PRESENTATION_LAYER_ASSIGNMENT (  '', '', ( #276 ) ) ;
#116 = EDGE_CURVE ( 'NONE', #432, #3087, #179, .T. ) ;
#117 = ADVANCED_FACE ( 'NONE', ( #2212 ), #3312, .T. ) ;
#118 = AXIS2_PLACEMENT_3D ( 'NONE', #4244, #327, #4593 ) ;
#119 = COLOUR_RGB ( '',0.8431372549019607865, 0.8431372549019607865, 0.8431372549019607865 ) ;
#120 = CARTESIAN_POINT ( 'NONE',  ( 3.250000000000000444, -0.2500000000000000000, -2.549999999999999822 ) ) ;
#121 = DIRECTION ( 'NONE',  ( -0.000000000000000000, 0.000000000000000000, 1.000000000000000000 ) ) ;
#122 = ORIENTED_EDGE ( 'NONE', *, *, #258, .F. ) ;
#123 = AXIS2_PLACEMENT_3D ( 'NONE', #562, #1647, #2440 ) ;
#124 = LINE ( 'NONE', #742, #3436 ) ;
#125 = ORIENTED_EDGE ( 'NONE', *, *, #28, .F. ) ;
#126 = CARTESIAN_POINT ( 'NONE',  ( 3.250000000000000444, 1.500000000000000000, -2.549999999999999822 ) ) ;
#127 = VECTOR ( 'NONE', #3085, 1000.000000000000000 ) ;
#128 = ORIENTED_EDGE ( 'NONE', *, *, #987, .T. ) ;
#129 = VECTOR ( 'NONE', #3051, 1000.000000000000000 ) ;
#130 = ORIENTED_EDGE ( 'NONE', *, *, #4335, .F. ) ;
#131 =( NAMED_UNIT ( * ) PLANE_ANGLE_UNIT ( ) SI_UNIT ( $, .RADIAN. ) );
#132 = FILL_AREA_STYLE_COLOUR ( '', #2579 ) ;
#133 = AXIS2_PLACEMENT_3D ( 'NONE', #1248, #3557, #1651 ) ;
#134 = ORIENTED_EDGE ( 'NONE', *, *, #3693, .F. ) ;
#135 = VECTOR ( 'NONE', #2775, 1000.000000000000000 ) ;
#136 = CARTESIAN_POINT ( 'NONE',  ( 0.2500000000000000000, 0.000000000000000000, -1.949999999999999956 ) ) ;
#137 = LINE ( 'NONE', #3945, #2848 ) ;
#138 = VECTOR ( 'NONE', #1056, 1000.000000000000000 ) ;
#139 = SURFACE_STYLE_FILL_AREA ( #1719 ) ;
#140 = SURFACE_STYLE_USAGE ( .BOTH. , #4033 ) ;
#141 = EDGE_CURVE ( 'NONE', #2368, #2289, #2510, .T. ) ;
#142 = SURFACE_STYLE_USAGE ( .BOTH. , #4777 ) ;
#143 = ORIENTED_EDGE ( 'NONE', *, *, #1079, .F. ) ;
#144 = SURFACE_SIDE_STYLE ('',( #3607 ) ) ;
#145 = EDGE_CURVE ( 'NONE', #3062, #821, #1830, .T. ) ;
#146 = CARTESIAN_POINT ( 'NONE',  ( 1.750000000000000000, 1.100000000000000089, 0.000000000000000000 ) ) ;
#147 = VERTEX_POINT ( 'NONE', #2537 ) ;
#148 = SURFACE_STYLE_FILL_AREA ( #2171 ) ;
#149 = CLOSED_SHELL ( 'NONE', ( #483, #1240, #1178, #4954, #3782, #4421, #4099, #1453, #3597, #3862, #3362, #2654, #2088, #4182, #4897, #2768, #2153, #3821, #322, #4251, #4368, #2743, #1208 ) ) ;
#150 = ORIENTED_EDGE ( 'NONE', *, *, #2124, .T. ) ;
#151 = PRESENTATION_LAYER_ASSIGNMENT (  '', '', ( #4906 ) ) ;
#152 = ORIENTED_EDGE ( 'NONE', *, *, #424, .T. ) ;
#153 =( NAMED_UNIT ( * ) SI_UNIT ( $, .STERADIAN. ) SOLID_ANGLE_UNIT ( ) );
#154 = FILL_AREA_STYLE_COLOUR ( '', #2705 ) ;
#155 = VERTEX_POINT ( 'NONE', #3265 ) ;
#156 = PRESENTATION_LAYER_ASSIGNMENT (  '', '', ( #981 ) ) ;
#157 = CARTESIAN_POINT ( 'NONE',  ( -3.260000000000000675, 2.200000000000000178, -1.949999999999999956 ) ) ;
#158 = CARTESIAN_POINT ( 'NONE',  ( -0.2500000000000000000, -0.09999999999999988065, 2.700000000000000178 ) ) ;
#159 = FILL_AREA_STYLE_COLOUR ( '', #801 ) ;
#160 = CARTESIAN_POINT ( 'NONE',  ( 2.250000000000000444, -1.500000000000000000, -2.600000000000000533 ) ) ;
#161 = ORIENTED_EDGE ( 'NONE', *, *, #3447, .F. ) ;
#162 = EDGE_CURVE ( 'NONE', #251, #2096, #2888, .T. ) ;
#163 = EDGE_CURVE ( 'NONE', #917, #3943, #3342, .T. ) ;
#164 = DIRECTION ( 'NONE',  ( -1.000000000000000000, 0.000000000000000000, 0.000000000000000000 ) ) ;
#165 = EDGE_LOOP ( 'NONE', ( #4642, #4902, #3143, #1496 ) ) ;
#166 = DIRECTION ( 'NONE',  ( -0.000000000000000000, 0.000000000000000000, -1.000000000000000000 ) ) ;
#167 = EDGE_CURVE ( 'NONE', #109, #3189, #1804, .T. ) ;
#168 = EDGE_CURVE ( 'NONE', #3997, #4455, #2819, .T. ) ;
#169 = VERTEX_POINT ( 'NONE', #2913 ) ;
#170 = FACE_OUTER_BOUND ( 'NONE', #1246, .T. ) ;
#171 = SURFACE_SIDE_STYLE ('',( #4097 ) ) ;
#172 = ORIENTED_EDGE ( 'NONE', *, *, #2659, .T. ) ;
#173 =( NAMED_UNIT ( * ) SI_UNIT ( $, .STERADIAN. ) SOLID_ANGLE_UNIT ( ) );
#174 = UNCERTAINTY_MEASURE_WITH_UNIT (LENGTH_MEASURE( 1.000000000000000082E-05 ), #2843, 'distance_accuracy_value', 'NONE');
#175 = PRESENTATION_STYLE_ASSIGNMENT (( #3215 ) ) ;
#176 = DIRECTION ( 'NONE',  ( 0.000000000000000000, -0.000000000000000000, 1.000000000000000000 ) ) ;
#177 = ORIENTED_EDGE ( 'NONE', *, *, #93, .T. ) ;
#178 = CIRCLE ( 'NONE', #2285, 1.000000000000000000 ) ;
#179 = LINE ( 'NONE', #3370, #970 ) ;
#180 = DIRECTION ( 'NONE',  ( 0.000000000000000000, -0.000000000000000000, 1.000000000000000000 ) ) ;
#181 = VECTOR ( 'NONE', #2396, 1000.000000000000000 ) ;
#182 =( GEOMETRIC_REPRESENTATION_CONTEXT ( 3 ) GLOBAL_UNCERTAINTY_ASSIGNED_CONTEXT ( ( #228 ) ) GLOBAL_UNIT_ASSIGNED_CONTEXT ( ( #372, #4261, #4157 ) ) REPRESENTATION_CONTEXT ( 'NONE', 'WORKASPACE' ) );
#183 = CARTESIAN_POINT ( 'NONE',  ( -3.260000000000000675, -1.500000000000000000, -2.549999999999999822 ) ) ;
#184 =( GEOMETRIC_REPRESENTATION_CONTEXT ( 3 ) GLOBAL_UNCERTAINTY_ASSIGNED_CONTEXT ( ( #4466 ) ) GLOBAL_UNIT_ASSIGNED_CONTEXT ( ( #2216, #960, #983 ) ) REPRESENTATION_CONTEXT ( 'NONE', 'WORKASPACE' ) );
#185 = CYLINDRICAL_SURFACE ( 'NONE', #4875, 1.000000000000000000 ) ;
#186 =( LENGTH_UNIT ( ) NAMED_UNIT ( * ) SI_UNIT ( .MILLI., .METRE. ) );
#187 = ORIENTED_EDGE ( 'NONE', *, *, #1301, .T. ) ;
#188 = VECTOR ( 'NONE', #3337, 1000.000000000000000 ) ;
#189 = LINE ( 'NONE', #3678, #2155 ) ;
#190 = EDGE_CURVE ( 'NONE', #1933, #21, #4126, .T. ) ;
#191 = ORIENTED_EDGE ( 'NONE', *, *, #1023, .F. ) ;
#192 = AXIS2_PLACEMENT_3D ( 'NONE', #4049, #1346, #3614 ) ;
#193 = LINE ( 'NONE', #1748, #49 ) ;
#194 = VECTOR ( 'NONE', #1782, 1000.000000000000000 ) ;
#195 = PLANE ( 'NONE',  #4590 ) ;
#196 =( LENGTH_UNIT ( ) NAMED_UNIT ( * ) SI_UNIT ( .MILLI., .METRE. ) );
#197 = STYLED_ITEM ( 'NONE', ( #3181 ), #3782 ) ;
#198 = VECTOR ( 'NONE', #1380, 1000.000000000000000 ) ;
#199 = DIRECTION ( 'NONE',  ( -0.000000000000000000, 0.000000000000000000, 1.000000000000000000 ) ) ;
#200 = ORIENTED_EDGE ( 'NONE', *, *, #1844, .T. ) ;
#201 = DIRECTION ( 'NONE',  ( -0.000000000000000000, -0.000000000000000000, 1.000000000000000000 ) ) ;
#202 = EDGE_CURVE ( 'NONE', #303, #1845, #4496, .T. ) ;
#203 = ORIENTED_EDGE ( 'NONE', *, *, #2283, .F. ) ;
#204 = ADVANCED_FACE ( 'NONE', ( #958 ), #4052, .T. ) ;
#205 = FILL_AREA_STYLE_COLOUR ( '', #4081 ) ;
#206 = VECTOR ( 'NONE', #1202, 1000.000000000000000 ) ;
#207 = PLANE ( 'NONE',  #611 ) ;
#208 = ORIENTED_EDGE ( 'NONE', *, *, #3008, .F. ) ;
#209 = STYLED_ITEM ( 'NONE', ( #2873 ), #3832 ) ;
#210 = SURFACE_STYLE_USAGE ( .BOTH. , #3671 ) ;
#211 = DIRECTION ( 'NONE',  ( -1.000000000000000000, 0.000000000000000000, -0.000000000000000000 ) ) ;
#212 =( GEOMETRIC_REPRESENTATION_CONTEXT ( 3 ) GLOBAL_UNCERTAINTY_ASSIGNED_CONTEXT ( ( #1654 ) ) GLOBAL_UNIT_ASSIGNED_CONTEXT ( ( #1540, #2425, #1138 ) ) REPRESENTATION_CONTEXT ( 'NONE', 'WORKASPACE' ) );
#213 = ADVANCED_BREP_SHAPE_REPRESENTATION ( '1612898-1', ( #2170, #659, #2238, #2201, #3832, #676, #536, #494, #2162, #2319, #3798, #3856, #3843, #703, #527, #503, #3286 ), #1930 ) ;
#214 = DIRECTION ( 'NONE',  ( 0.000000000000000000, 1.000000000000000000, 0.000000000000000000 ) ) ;
#215 = DIRECTION ( 'NONE',  ( 1.000000000000000000, -0.000000000000000000, 0.000000000000000000 ) ) ;
#216 = VECTOR ( 'NONE', #2113, 1000.000000000000000 ) ;
#217 = VERTEX_POINT ( 'NONE', #3011 ) ;
#218 = DIRECTION ( 'NONE',  ( 1.000000000000000000, -0.000000000000000000, 0.000000000000000000 ) ) ;
#219 = LINE ( 'NONE', #1385, #1899 ) ;
#220 = CARTESIAN_POINT ( 'NONE',  ( -2.250000000000000444, 0.1000000000000000056, 1.699999999999999956 ) ) ;
#221 = EDGE_LOOP ( 'NONE', ( #4269, #515, #2309, #4766 ) ) ;
#222 = PRODUCT_CONTEXT ( 'NONE', #3391, 'mechanical' ) ;
#223 = CARTESIAN_POINT ( 'NONE',  ( -1.750000000000000000, 0.000000000000000000, 0.000000000000000000 ) ) ;
#224 = FACE_OUTER_BOUND ( 'NONE', #1879, .T. ) ;
#225 = VERTEX_POINT ( 'NONE', #874 ) ;
#226 =( NAMED_UNIT ( * ) SI_UNIT ( $, .STERADIAN. ) SOLID_ANGLE_UNIT ( ) );
#227 = VECTOR ( 'NONE', #3148, 1000.000000000000000 ) ;
#228 = UNCERTAINTY_MEASURE_WITH_UNIT (LENGTH_MEASURE( 1.000000000000000082E-05 ), #372, 'distance_accuracy_value', 'NONE');
#229 = CARTESIAN_POINT ( 'NONE',  ( -2.250000000000000444, -1.500000000000000000, -2.600000000000000533 ) ) ;
#230 = EDGE_CURVE ( 'NONE', #3120, #917, #2899, .T. ) ;
#231 = EDGE_CURVE ( 'NONE', #1319, #4552, #851, .T. ) ;
#232 = ORIENTED_EDGE ( 'NONE', *, *, #4702, .T. ) ;
#233 = FILL_AREA_STYLE_COLOUR ( '', #3618 ) ;
#234 = UNCERTAINTY_MEASURE_WITH_UNIT (LENGTH_MEASURE( 1.000000000000000082E-05 ), #4280, 'distance_accuracy_value', 'NONE');
#235 =( LENGTH_UNIT ( ) NAMED_UNIT ( * ) SI_UNIT ( .MILLI., .METRE. ) );
#236 = VECTOR ( 'NONE', #4892, 1000.000000000000000 ) ;
#237 = LINE ( 'NONE', #3346, #689 ) ;
#238 = COLOUR_RGB ( '',1.000000000000000000, 1.000000000000000000, 1.000000000000000000 ) ;
#239 = FACE_OUTER_BOUND ( 'NONE', #2695, .T. ) ;
#240 = PLANE ( 'NONE',  #3347 ) ;
#241 = DIRECTION ( 'NONE',  ( 0.000000000000000000, 0.000000000000000000, -1.000000000000000000 ) ) ;
#242 = VECTOR ( 'NONE', #166, 1000.000000000000000 ) ;
#243 = AXIS2_PLACEMENT_3D ( 'NONE', #223, #4816, #1342 ) ;
#244 = PLANE ( 'NONE',  #1605 ) ;
#245 = LINE ( 'NONE', #4810, #3433 ) ;
#246 =( NAMED_UNIT ( * ) SI_UNIT ( $, .STERADIAN. ) SOLID_ANGLE_UNIT ( ) );
#247 =( LENGTH_UNIT ( ) NAMED_UNIT ( * ) SI_UNIT ( .MILLI., .METRE. ) );
#248 = EDGE_LOOP ( 'NONE', ( #2235, #418, #2261, #4487 ) ) ;
#249 = CARTESIAN_POINT ( 'NONE',  ( 0.2500000000000000000, 1.100000000000000089, 0.000000000000000000 ) ) ;
#250 = FILL_AREA_STYLE_COLOUR ( '', #1493 ) ;
#251 = VERTEX_POINT ( 'NONE', #2614 ) ;
#252 = FILL_AREA_STYLE ('',( #4570 ) ) ;
#253 = DIRECTION ( 'NONE',  ( 1.000000000000000000, 0.000000000000000000, 0.000000000000000000 ) ) ;
#254 = CARTESIAN_POINT ( 'NONE',  ( 1.750000000000000000, -0.2500000000000000000, -4.400000000000000355 ) ) ;
#255 = DIRECTION ( 'NONE',  ( -1.000000000000000000, 0.000000000000000000, 0.000000000000000000 ) ) ;
#256 = EDGE_LOOP ( 'NONE', ( #510, #3245, #152, #31 ) ) ;
#257 = CARTESIAN_POINT ( 'NONE',  ( -0.2500000000000000000, 1.100000000000000089, 0.000000000000000000 ) ) ;
#258 = EDGE_CURVE ( 'NONE', #1369, #859, #2395, .T. ) ;
#259 = DIRECTION ( 'NONE',  ( 0.000000000000000000, 0.000000000000000000, -1.000000000000000000 ) ) ;
#260 = VECTOR ( 'NONE', #4474, 1000.000000000000000 ) ;
#261 = CYLINDRICAL_SURFACE ( 'NONE', #3817, 0.2999999999999999334 ) ;
#262 = LINE ( 'NONE', #4087, #4089 ) ;
#263 =( NAMED_UNIT ( * ) PLANE_ANGLE_UNIT ( ) SI_UNIT ( $, .RADIAN. ) );
#264 = DIRECTION ( 'NONE',  ( 1.000000000000000000, 0.000000000000000000, 0.000000000000000000 ) ) ;
#265 = ADVANCED_FACE ( 'NONE', ( #65 ), #4172, .T. ) ;
#266 = EDGE_CURVE ( 'NONE', #992, #1917, #2845, .T. ) ;
#267 = CARTESIAN_POINT ( 'NONE',  ( -3.260000000000000675, 2.200000000000000178, -2.549999999999999822 ) ) ;
#268 = VECTOR ( 'NONE', #1584, 1000.000000000000000 ) ;
#269 = AXIS2_PLACEMENT_3D ( 'NONE', #3775, #3829, #3472 ) ;
#270 = PLANE ( 'NONE',  #4396 ) ;
#271 = CARTESIAN_POINT ( 'NONE',  ( -0.2500000000000000000, -2.399999999999999911, -2.600000000000000533 ) ) ;
#272 = DIRECTION ( 'NONE',  ( 1.000000000000000000, 0.000000000000000000, 0.000000000000000000 ) ) ;
#273 = CARTESIAN_POINT ( 'NONE',  ( 2.250000000000000444, 1.500000000000000000, 0.000000000000000000 ) ) ;
#274 = VECTOR ( 'NONE', #3550, 1000.000000000000000 ) ;
#275 = CARTESIAN_POINT ( 'NONE',  ( -0.2500000000000000000, -2.200000000000000178, -1.949999999999999956 ) ) ;
#276 = STYLED_ITEM ( 'NONE', ( #96 ), #2088 ) ;
#277 = ORIENTED_EDGE ( 'NONE', *, *, #2650, .F. ) ;
#278 = COLOUR_RGB ( '',0.8627450980392157298, 0.5882352941176470784, 0.06274509803921568540 ) ;
#279 = AXIS2_PLACEMENT_3D ( 'NONE', #2924, #297, #272 ) ;
#280 = FACE_OUTER_BOUND ( 'NONE', #4073, .T. ) ;
#281 = ORIENTED_EDGE ( 'NONE', *, *, #168, .F. ) ;
#282 = PRESENTATION_STYLE_ASSIGNMENT (( #305 ) ) ;
#283 = MECHANICAL_DESIGN_GEOMETRIC_PRESENTATION_REPRESENTATION (  '', ( #4151 ), #2540 ) ;
#284 = FACE_OUTER_BOUND ( 'NONE', #1715, .T. ) ;
#285 = ORIENTED_EDGE ( 'NONE', *, *, #3507, .F. ) ;
#286 = DIRECTION ( 'NONE',  ( 0.000000000000000000, 0.000000000000000000, -1.000000000000000000 ) ) ;
#287 = CARTESIAN_POINT ( 'NONE',  ( 1.750000000000000000, -0.2500000000000000000, -2.549999999999999822 ) ) ;
#288 = SURFACE_STYLE_USAGE ( .BOTH. , #2166 ) ;
#289 = CARTESIAN_POINT ( 'NONE',  ( -3.260000000000000675, -2.200000000000000178, -2.549999999999999822 ) ) ;
#290 = AXIS2_PLACEMENT_3D ( 'NONE', #579, #4403, #1290 ) ;
#291 = SURFACE_STYLE_FILL_AREA ( #1742 ) ;
#292 = ADVANCED_FACE ( 'NONE', ( #3279 ), #195, .T. ) ;
#293 = AXIS2_PLACEMENT_3D ( 'NONE', #2228, #3726, #2599 ) ;
#294 = EDGE_CURVE ( 'NONE', #769, #992, #4741, .T. ) ;
#295 = PRESENTATION_STYLE_ASSIGNMENT (( #4454 ) ) ;
#296 = CARTESIAN_POINT ( 'NONE',  ( -2.250000000000000444, 2.200000000000000178, -2.549999999999999822 ) ) ;
#297 = DIRECTION ( 'NONE',  ( -0.000000000000000000, 0.000000000000000000, 1.000000000000000000 ) ) ;
#298 = FILL_AREA_STYLE ('',( #10 ) ) ;
#299 = SURFACE_STYLE_FILL_AREA ( #2231 ) ;
#300 = ORIENTED_EDGE ( 'NONE', *, *, #2744, .F. ) ;
#301 = SURFACE_STYLE_USAGE ( .BOTH. , #4534 ) ;
#302 = PLANE ( 'NONE',  #2593 ) ;
#303 = VERTEX_POINT ( 'NONE', #2904 ) ;
#304 =( NAMED_UNIT ( * ) PLANE_ANGLE_UNIT ( ) SI_UNIT ( $, .RADIAN. ) );
#305 = SURFACE_STYLE_USAGE ( .BOTH. , #4819 ) ;
#306 = ORIENTED_EDGE ( 'NONE', *, *, #2116, .F. ) ;
#307 = DIRECTION ( 'NONE',  ( -1.000000000000000000, 0.000000000000000000, 0.000000000000000000 ) ) ;
#308 = FILL_AREA_STYLE ('',( #785 ) ) ;
#309 = CLOSED_SHELL ( 'NONE', ( #59, #2117, #1050, #2801, #3172, #2560, #417, #4920 ) ) ;
#310 = FILL_AREA_STYLE_COLOUR ( '', #4054 ) ;
#311 = EDGE_LOOP ( 'NONE', ( #4537, #1137, #203, #3667 ) ) ;
#312 = DIRECTION ( 'NONE',  ( 1.000000000000000000, 0.000000000000000000, 0.000000000000000000 ) ) ;
#313 = COLOUR_RGB ( '',0.2862745098039215508, 0.2862745098039215508, 0.2862745098039215508 ) ;
#314 = ORIENTED_EDGE ( 'NONE', *, *, #1761, .T. ) ;
#315 = PLANE ( 'NONE',  #1924 ) ;
#316 = DIRECTION ( 'NONE',  ( 0.000000000000000000, 0.000000000000000000, -1.000000000000000000 ) ) ;
#317 = FACE_OUTER_BOUND ( 'NONE', #4636, .T. ) ;
#318 = SURFACE_STYLE_USAGE ( .BOTH. , #144 ) ;
#319 = DIRECTION ( 'NONE',  ( 0.000000000000000000, 0.000000000000000000, -1.000000000000000000 ) ) ;
#320 = SURFACE_SIDE_STYLE ('',( #1467 ) ) ;
#321 = ADVANCED_FACE ( 'NONE', ( #993 ), #1299, .T. ) ;
#322 = ADVANCED_FACE ( 'NONE', ( #1705 ), #4716, .T. ) ;
#323 = ORIENTED_EDGE ( 'NONE', *, *, #2066, .T. ) ;
#324 =( GEOMETRIC_REPRESENTATION_CONTEXT ( 3 ) GLOBAL_UNCERTAINTY_ASSIGNED_CONTEXT ( ( #3266 ) ) GLOBAL_UNIT_ASSIGNED_CONTEXT ( ( #3788, #1596, #4658 ) ) REPRESENTATION_CONTEXT ( 'NONE', 'WORKASPACE' ) );
#325 = DIRECTION ( 'NONE',  ( -1.000000000000000000, 0.000000000000000000, -0.000000000000000000 ) ) ;
#326 = CARTESIAN_POINT ( 'NONE',  ( -0.2500000000000000000, 2.399999999999999911, -2.600000000000000533 ) ) ;
#327 = DIRECTION ( 'NONE',  ( 0.000000000000000000, 0.000000000000000000, -1.000000000000000000 ) ) ;
#328 = VERTEX_POINT ( 'NONE', #2229 ) ;
#329 = DIRECTION ( 'NONE',  ( 0.000000000000000000, -1.000000000000000000, -0.000000000000000000 ) ) ;
#330 = EDGE_CURVE ( 'NONE', #3195, #1951, #1466, .T. ) ;
#331 = EDGE_CURVE ( 'NONE', #833, #1026, #3786, .T. ) ;
#332 = DIRECTION ( 'NONE',  ( 0.000000000000000000, 0.000000000000000000, -1.000000000000000000 ) ) ;
#333 =( LENGTH_UNIT ( ) NAMED_UNIT ( * ) SI_UNIT ( .MILLI., .METRE. ) );
#334 = VERTEX_POINT ( 'NONE', #3380 ) ;
#335 = LINE ( 'NONE', #2991, #106 ) ;
#336 = SURFACE_STYLE_FILL_AREA ( #3883 ) ;
#337 = ORIENTED_EDGE ( 'NONE', *, *, #4612, .T. ) ;
#338 = FILL_AREA_STYLE ('',( #1139 ) ) ;
#339 = ORIENTED_EDGE ( 'NONE', *, *, #1215, .F. ) ;
#340 = DIRECTION ( 'NONE',  ( -0.000000000000000000, -1.000000000000000000, -0.000000000000000000 ) ) ;
#341 = DIRECTION ( 'NONE',  ( -0.000000000000000000, -0.000000000000000000, 1.000000000000000000 ) ) ;
#342 = CARTESIAN_POINT ( 'NONE',  ( -0.2500000000000000000, 1.500000000000000000, -2.600000000000000533 ) ) ;
#343 = SURFACE_SIDE_STYLE ('',( #3323 ) ) ;
#344 =( LENGTH_UNIT ( ) NAMED_UNIT ( * ) SI_UNIT ( .MILLI., .METRE. ) );
#345 = ORIENTED_EDGE ( 'NONE', *, *, #2333, .F. ) ;
#346 = PRESENTATION_STYLE_ASSIGNMENT (( #3816 ) ) ;
#347 = VECTOR ( 'NONE', #259, 1000.000000000000000 ) ;
#348 = ORIENTED_EDGE ( 'NONE', *, *, #2802, .T. ) ;
#349 = EDGE_CURVE ( 'NONE', #217, #4455, #3697, .T. ) ;
#350 = CARTESIAN_POINT ( 'NONE',  ( -0.2500000000000000000, 1.500000000000000000, -2.549999999999999822 ) ) ;
#351 = DIRECTION ( 'NONE',  ( 0.000000000000000000, 0.000000000000000000, -1.000000000000000000 ) ) ;
#352 = DIRECTION ( 'NONE',  ( 0.000000000000000000, -0.000000000000000000, -1.000000000000000000 ) ) ;
#353 = VERTEX_POINT ( 'NONE', #2174 ) ;
#354 = VECTOR ( 'NONE', #2275, 1000.000000000000000 ) ;
#355 = DIRECTION ( 'NONE',  ( -1.000000000000000000, -0.000000000000000000, -0.000000000000000000 ) ) ;
#356 =( GEOMETRIC_REPRESENTATION_CONTEXT ( 3 ) GLOBAL_UNCERTAINTY_ASSIGNED_CONTEXT ( ( #43 ) ) GLOBAL_UNIT_ASSIGNED_CONTEXT ( ( #2861, #1714, #4346 ) ) REPRESENTATION_CONTEXT ( 'NONE', 'WORKASPACE' ) );
#357 =( GEOMETRIC_REPRESENTATION_CONTEXT ( 3 ) GLOBAL_UNCERTAINTY_ASSIGNED_CONTEXT ( ( #2352 ) ) GLOBAL_UNIT_ASSIGNED_CONTEXT ( ( #16, #1982, #1557 ) ) REPRESENTATION_CONTEXT ( 'NONE', 'WORKASPACE' ) );
#358 =( GEOMETRIC_REPRESENTATION_CONTEXT ( 3 ) GLOBAL_UNCERTAINTY_ASSIGNED_CONTEXT ( ( #3213 ) ) GLOBAL_UNIT_ASSIGNED_CONTEXT ( ( #344, #1573, #795 ) ) REPRESENTATION_CONTEXT ( 'NONE', 'WORKASPACE' ) );
#359 =( NAMED_UNIT ( * ) PLANE_ANGLE_UNIT ( ) SI_UNIT ( $, .RADIAN. ) );
#360 = VERTEX_POINT ( 'NONE', #4914 ) ;
#361 = EDGE_CURVE ( 'NONE', #943, #1199, #2978, .T. ) ;
#362 = EDGE_CURVE ( 'NONE', #103, #1565, #2998, .T. ) ;
#363 = STYLED_ITEM ( 'NONE', ( #2857 ), #3561 ) ;
#364 = STYLED_ITEM ( 'NONE', ( #4183 ), #2491 ) ;
#365 = DIRECTION ( 'NONE',  ( -0.000000000000000000, 0.000000000000000000, 1.000000000000000000 ) ) ;
#366 = AXIS2_PLACEMENT_3D ( 'NONE', #1448, #2326, #798 ) ;
#367 = ORIENTED_EDGE ( 'NONE', *, *, #780, .F. ) ;
#368 = LINE ( 'NONE', #2037, #1513 ) ;
#369 = DIRECTION ( 'NONE',  ( 1.000000000000000000, 0.000000000000000000, 0.000000000000000000 ) ) ;
#370 = ORIENTED_EDGE ( 'NONE', *, *, #2794, .T. ) ;
#371 = CARTESIAN_POINT ( 'NONE',  ( -3.250000000000000888, 2.200000000000000178, -2.549999999999999822 ) ) ;
#372 =( LENGTH_UNIT ( ) NAMED_UNIT ( * ) SI_UNIT ( .MILLI., .METRE. ) );
#373 = DIRECTION ( 'NONE',  ( 0.000000000000000000, 0.000000000000000000, -1.000000000000000000 ) ) ;
#374 = DIRECTION ( 'NONE',  ( 0.000000000000000000, 1.000000000000000000, 0.000000000000000000 ) ) ;
#375 = CARTESIAN_POINT ( 'NONE',  ( 0.000000000000000000, -1.699999999999999956, 0.000000000000000000 ) ) ;
#376 = ORIENTED_EDGE ( 'NONE', *, *, #924, .T. ) ;
#377 = DIRECTION ( 'NONE',  ( 1.000000000000000000, 0.000000000000000000, 0.000000000000000000 ) ) ;
#378 =( GEOMETRIC_REPRESENTATION_CONTEXT ( 3 ) GLOBAL_UNCERTAINTY_ASSIGNED_CONTEXT ( ( #3367 ) ) GLOBAL_UNIT_ASSIGNED_CONTEXT ( ( #4268, #2327, #2418 ) ) REPRESENTATION_CONTEXT ( 'NONE', 'WORKASPACE' ) );
#379 = EDGE_LOOP ( 'NONE', ( #1476, #2305, #3074, #4326, #1312, #3065 ) ) ;
#380 = SURFACE_STYLE_FILL_AREA ( #3135 ) ;
#381 = LINE ( 'NONE', #1623, #4757 ) ;
#382 = CARTESIAN_POINT ( 'NONE',  ( 2.650000000000000355, 1.899999999999999911, -2.949998945221000035 ) ) ;
#383 = STYLED_ITEM ( 'NONE', ( #4683 ), #4549 ) ;
#384 = VERTEX_POINT ( 'NONE', #4839 ) ;
#385 = FACE_OUTER_BOUND ( 'NONE', #3526, .T. ) ;
#386 = CARTESIAN_POINT ( 'NONE',  ( 0.2500000000000000000, 0.000000000000000000, 0.000000000000000000 ) ) ;
#387 = ORIENTED_EDGE ( 'NONE', *, *, #898, .F. ) ;
#388 = CARTESIAN_POINT ( 'NONE',  ( -2.950000000000000178, -1.899999999999999911, -3.149999999999999911 ) ) ;
#389 = CARTESIAN_POINT ( 'NONE',  ( 0.2500000000000000000, 1.100000000000000089, 0.000000000000000000 ) ) ;
#390 =( NAMED_UNIT ( * ) PLANE_ANGLE_UNIT ( ) SI_UNIT ( $, .RADIAN. ) );
#391 = ADVANCED_FACE ( 'NONE', ( #2550 ), #4160, .T. ) ;
#392 = EDGE_CURVE ( 'NONE', #1216, #3252, #2252, .T. ) ;
#393 = VERTEX_POINT ( 'NONE', #3029 ) ;
#394 = DIRECTION ( 'NONE',  ( -0.000000000000000000, -0.000000000000000000, 1.000000000000000000 ) ) ;
#395 = ORIENTED_EDGE ( 'NONE', *, *, #3142, .T. ) ;
#396 = CARTESIAN_POINT ( 'NONE',  ( -2.250000000000000444, -1.100000000000000089, 1.209799459665320764 ) ) ;
#397 = SURFACE_SIDE_STYLE ('',( #1461 ) ) ;
#398 = DIRECTION ( 'NONE',  ( 0.000000000000000000, -0.000000000000000000, -1.000000000000000000 ) ) ;
#399 = COLOUR_RGB ( '',0.8627450980392157298, 0.5882352941176470784, 0.06274509803921568540 ) ;
#400 = DIRECTION ( 'NONE',  ( -0.000000000000000000, -1.000000000000000000, -0.000000000000000000 ) ) ;
#401 = DIRECTION ( 'NONE',  ( -0.000000000000000000, 1.000000000000000000, 0.000000000000000000 ) ) ;
#402 = FILL_AREA_STYLE_COLOUR ( '', #3836 ) ;
#403 = ORIENTED_EDGE ( 'NONE', *, *, #1348, .F. ) ;
#404 = DIRECTION ( 'NONE',  ( 0.000000000000000000, -0.000000000000000000, 1.000000000000000000 ) ) ;
#405 =( GEOMETRIC_REPRESENTATION_CONTEXT ( 3 ) GLOBAL_UNCERTAINTY_ASSIGNED_CONTEXT ( ( #2164 ) ) GLOBAL_UNIT_ASSIGNED_CONTEXT ( ( #4746, #1732, #2814 ) ) REPRESENTATION_CONTEXT ( 'NONE', 'WORKASPACE' ) );
#406 = VECTOR ( 'NONE', #1179, 1000.000000000000000 ) ;
#407 = SURFACE_STYLE_USAGE ( .BOTH. , #509 ) ;
#408 = VERTEX_POINT ( 'NONE', #1042 ) ;
#409 = CARTESIAN_POINT ( 'NONE',  ( 0.2500000000000000000, 0.000000000000000000, -2.600000000000000533 ) ) ;
#410 = LINE ( 'NONE', #36, #1971 ) ;
#411 = CARTESIAN_POINT ( 'NONE',  ( 0.2500000000000000000, 0.2500000000000000000, -4.400000000000000355 ) ) ;
#412 = MECHANICAL_DESIGN_GEOMETRIC_PRESENTATION_REPRESENTATION (  '', ( #3231 ), #1151 ) ;
#413 = ORIENTED_EDGE ( 'NONE', *, *, #2552, .F. ) ;
#414 = MECHANICAL_DESIGN_GEOMETRIC_PRESENTATION_REPRESENTATION (  '', ( #3158 ), #2993 ) ;
#415 = FACE_OUTER_BOUND ( 'NONE', #2652, .T. ) ;
#416 = VERTEX_POINT ( 'NONE', #4482 ) ;
#417 = ADVANCED_FACE ( 'NONE', ( #4184 ), #2573, .F. ) ;
#418 = ORIENTED_EDGE ( 'NONE', *, *, #3519, .F. ) ;
#419 = VERTEX_POINT ( 'NONE', #2199 ) ;
#420 = LINE ( 'NONE', #4703, #354 ) ;
#421 = LINE ( 'NONE', #4558, #1807 ) ;
#422 = EDGE_CURVE ( 'NONE', #650, #4519, #1817, .T. ) ;
#423 =( NAMED_UNIT ( * ) PLANE_ANGLE_UNIT ( ) SI_UNIT ( $, .RADIAN. ) );
#424 = EDGE_CURVE ( 'NONE', #2368, #3068, #2264, .T. ) ;
#425 = ORIENTED_EDGE ( 'NONE', *, *, #3921, .F. ) ;
#426 = AXIS2_PLACEMENT_3D ( 'NONE', #1064, #4105, #3293 ) ;
#427 = CARTESIAN_POINT ( 'NONE',  ( -2.950000000000000178, -1.899999999999999911, -2.549999999999999822 ) ) ;
#428 = ORIENTED_EDGE ( 'NONE', *, *, #4445, .F. ) ;
#429 = PLANE ( 'NONE',  #3914 ) ;
#430 =( NAMED_UNIT ( * ) PLANE_ANGLE_UNIT ( ) SI_UNIT ( $, .RADIAN. ) );
#431 = STYLED_ITEM ( 'NONE', ( #1990 ), #1470 ) ;
#432 = VERTEX_POINT ( 'NONE', #1510 ) ;
#433 = MECHANICAL_DESIGN_GEOMETRIC_PRESENTATION_REPRESENTATION (  '', ( #1975 ), #53 ) ;
#434 = MECHANICAL_DESIGN_GEOMETRIC_PRESENTATION_REPRESENTATION (  '', ( #2620 ), #184 ) ;
#435 = VERTEX_POINT ( 'NONE', #784 ) ;
#436 = UNCERTAINTY_MEASURE_WITH_UNIT (LENGTH_MEASURE( 1.000000000000000082E-05 ), #3778, 'distance_accuracy_value', 'NONE');
#437 = SURFACE_STYLE_USAGE ( .BOTH. , #3214 ) ;
#438 = LINE ( 'NONE', #2287, #11 ) ;
#439 = SURFACE_STYLE_FILL_AREA ( #837 ) ;
#440 = COLOUR_RGB ( '',1.000000000000000000, 1.000000000000000000, 1.000000000000000000 ) ;
#441 = AXIS2_PLACEMENT_3D ( 'NONE', #1537, #1186, #3014 ) ;
#442 = MECHANICAL_DESIGN_GEOMETRIC_PRESENTATION_REPRESENTATION (  '', ( #4707 ), #357 ) ;
#443 = PRESENTATION_LAYER_ASSIGNMENT (  '', '', ( #2062 ) ) ;
#444 = CARTESIAN_POINT ( 'NONE',  ( -3.260000000000000675, -2.216736561354061052, 1.209799459665320764 ) ) ;
#445 = ORIENTED_EDGE ( 'NONE', *, *, #987, .F. ) ;
#446 =( NAMED_UNIT ( * ) SI_UNIT ( $, .STERADIAN. ) SOLID_ANGLE_UNIT ( ) );
#447 = LINE ( 'NONE', #1309, #1734 ) ;
#448 = STYLED_ITEM ( 'NONE', ( #4941 ), #3598 ) ;
#449 = CARTESIAN_POINT ( 'NONE',  ( 2.250000000000000444, -2.399999999999999911, -1.949999999999999956 ) ) ;
#450 = DIRECTION ( 'NONE',  ( -1.000000000000000000, 0.000000000000000000, 0.000000000000000000 ) ) ;
#451 = COLOUR_RGB ( '',1.000000000000000000, 1.000000000000000000, 1.000000000000000000 ) ;
#452 = LINE ( 'NONE', #3987, #2304 ) ;
#453 = ORIENTED_EDGE ( 'NONE', *, *, #27, .T. ) ;
#454 = EDGE_CURVE ( 'NONE', #4232, #4137, #438, .T. ) ;
#455 = EDGE_CURVE ( 'NONE', #3568, #1928, #3046, .T. ) ;
#456 = LINE ( 'NONE', #2366, #206 ) ;
#457 = EDGE_LOOP ( 'NONE', ( #4662, #1254, #4051, #339, #4340, #3474 ) ) ;
#458 = CARTESIAN_POINT ( 'NONE',  ( 0.000000000000000000, 1.699999999999999956, 0.000000000000000000 ) ) ;
#459 = FILL_AREA_STYLE ('',( #1762 ) ) ;
#460 = DIRECTION ( 'NONE',  ( -0.000000000000000000, -1.000000000000000000, -0.000000000000000000 ) ) ;
#461 = DIRECTION ( 'NONE',  ( 0.000000000000000000, 0.000000000000000000, -1.000000000000000000 ) ) ;
#462 = CARTESIAN_POINT ( 'NONE',  ( -0.2500000000000000000, 2.399999999999999911, 0.000000000000000000 ) ) ;
#463 = ORIENTED_EDGE ( 'NONE', *, *, #2850, .T. ) ;
#464 = PRESENTATION_LAYER_ASSIGNMENT (  '', '', ( #3681 ) ) ;
#465 = FILL_AREA_STYLE_COLOUR ( '', #1519 ) ;
#466 = ORIENTED_EDGE ( 'NONE', *, *, #3622, .T. ) ;
#467 = CARTESIAN_POINT ( 'NONE',  ( -3.260000000000000675, 2.200000000000000178, -1.949999999999999956 ) ) ;
#468 = LINE ( 'NONE', #3939, #2139 ) ;
#469 = VECTOR ( 'NONE', #401, 1000.000000000000000 ) ;
#470 = LINE ( 'NONE', #254, #1326 ) ;
#471 = EDGE_LOOP ( 'NONE', ( #4440, #2664, #1454, #3476, #582, #2014 ) ) ;
#472 = FILL_AREA_STYLE_COLOUR ( '', #4027 ) ;
#473 = ORIENTED_EDGE ( 'NONE', *, *, #3857, .F. ) ;
#474 = LINE ( 'NONE', #932, #4458 ) ;
#475 =( NAMED_UNIT ( * ) PLANE_ANGLE_UNIT ( ) SI_UNIT ( $, .RADIAN. ) );
#476 = FILL_AREA_STYLE_COLOUR ( '', #1648 ) ;
#477 = CARTESIAN_POINT ( 'NONE',  ( -0.2500000000000000000, 1.100000000000000089, 1.209799459665320764 ) ) ;
#478 = PRESENTATION_STYLE_ASSIGNMENT (( #3951 ) ) ;
#479 = CARTESIAN_POINT ( 'NONE',  ( -2.250000000000000444, -1.100000000000000089, 1.209799459665320764 ) ) ;
#480 = ORIENTED_EDGE ( 'NONE', *, *, #2354, .T. ) ;
#481 = CLOSED_SHELL ( 'NONE', ( #4359, #4737, #2892, #806, #1373, #3044 ) ) ;
#482 =( NAMED_UNIT ( * ) SI_UNIT ( $, .STERADIAN. ) SOLID_ANGLE_UNIT ( ) );
#483 = ADVANCED_FACE ( 'NONE', ( #4652 ), #3468, .T. ) ;
#484 = ORIENTED_EDGE ( 'NONE', *, *, #1320, .F. ) ;
#485 = EDGE_CURVE ( 'NONE', #1957, #1074, #3804, .T. ) ;
#486 = LINE ( 'NONE', #126, #2782 ) ;
#487 = AXIS2_PLACEMENT_3D ( 'NONE', #4110, #1070, #3301 ) ;
#488 = UNCERTAINTY_MEASURE_WITH_UNIT (LENGTH_MEASURE( 1.000000000000000082E-05 ), #4179, 'distance_accuracy_value', 'NONE');
#489 = ORIENTED_EDGE ( 'NONE', *, *, #4032, .T. ) ;
#490 = STYLED_ITEM ( 'NONE', ( #3713 ), #527 ) ;
#491 = EDGE_CURVE ( 'NONE', #1386, #4721, #3123, .T. ) ;
#492 = ADVANCED_FACE ( 'NONE', ( #415 ), #1937, .T. ) ;
#493 = FACE_OUTER_BOUND ( 'NONE', #815, .T. ) ;
#494 = MANIFOLD_SOLID_BREP ( 'Split1[8]', #2669 ) ;
#495 = UNCERTAINTY_MEASURE_WITH_UNIT (LENGTH_MEASURE( 1.000000000000000082E-05 ), #1516, 'distance_accuracy_value', 'NONE');
#496 = SURFACE_STYLE_USAGE ( .BOTH. , #3937 ) ;
#497 = CARTESIAN_POINT ( 'NONE',  ( -2.250000000000000444, 1.100000000000000089, 0.000000000000000000 ) ) ;
#498 = COLOUR_RGB ( '',0.8627450980392157298, 0.5882352941176470784, 0.06274509803921568540 ) ;
#499 =( LENGTH_UNIT ( ) NAMED_UNIT ( * ) SI_UNIT ( .MILLI., .METRE. ) );
#500 = SURFACE_STYLE_USAGE ( .BOTH. , #2898 ) ;
#501 = PRESENTATION_STYLE_ASSIGNMENT (( #3219 ) ) ;
#502 =( NAMED_UNIT ( * ) PLANE_ANGLE_UNIT ( ) SI_UNIT ( $, .RADIAN. ) );
#503 = MANIFOLD_SOLID_BREP ( 'Split2[7]', #149 ) ;
#504 = FILL_AREA_STYLE ('',( #4732 ) ) ;
#505 = FACE_OUTER_BOUND ( 'NONE', #1450, .T. ) ;
#506 = DIRECTION ( 'NONE',  ( 1.000000000000000000, -0.000000000000000000, 0.000000000000000000 ) ) ;
#507 = ORIENTED_EDGE ( 'NONE', *, *, #1675, .T. ) ;
#508 = DIRECTION ( 'NONE',  ( 0.000000000000000000, 0.000000000000000000, -1.000000000000000000 ) ) ;
#509 = SURFACE_SIDE_STYLE ('',( #2367 ) ) ;
#510 = ORIENTED_EDGE ( 'NONE', *, *, #553, .T. ) ;
#511 = CARTESIAN_POINT ( 'NONE',  ( 1.750000000000000000, 0.000000000000000000, -2.549999999999999822 ) ) ;
#512 = LINE ( 'NONE', #4742, #3499 ) ;
#513 =( LENGTH_UNIT ( ) NAMED_UNIT ( * ) SI_UNIT ( .MILLI., .METRE. ) );
#514 = VECTOR ( 'NONE', #1717, 1000.000000000000000 ) ;
#515 = ORIENTED_EDGE ( 'NONE', *, *, #1235, .F. ) ;
#516 =( LENGTH_UNIT ( ) NAMED_UNIT ( * ) SI_UNIT ( .MILLI., .METRE. ) );
#517 = COLOUR_RGB ( '',0.8627450980392157298, 0.5882352941176470784, 0.06274509803921568540 ) ;
#518 = CARTESIAN_POINT ( 'NONE',  ( -3.250000000000000444, 2.200000000000000178, 0.000000000000000000 ) ) ;
#519 = DIRECTION ( 'NONE',  ( -0.000000000000000000, -1.000000000000000000, -0.000000000000000000 ) ) ;
#520 = EDGE_CURVE ( 'NONE', #50, #722, #4025, .T. ) ;
#521 = EDGE_CURVE ( 'NONE', #2254, #3542, #2963, .T. ) ;
#522 = ORIENTED_EDGE ( 'NONE', *, *, #3629, .T. ) ;
#523 = DIRECTION ( 'NONE',  ( 0.000000000000000000, -0.000000000000000000, -1.000000000000000000 ) ) ;
#524 =( GEOMETRIC_REPRESENTATION_CONTEXT ( 3 ) GLOBAL_UNCERTAINTY_ASSIGNED_CONTEXT ( ( #3615 ) ) GLOBAL_UNIT_ASSIGNED_CONTEXT ( ( #3571, #3944, #446 ) ) REPRESENTATION_CONTEXT ( 'NONE', 'WORKASPACE' ) );
#525 = LINE ( 'NONE', #114, #4068 ) ;
#526 = PRESENTATION_LAYER_ASSIGNMENT (  '', '', ( #3254 ) ) ;
#527 = MANIFOLD_SOLID_BREP ( 'Split2[6]', #309 ) ;
#528 = COLOUR_RGB ( '',0.8627450980392157298, 0.5882352941176470784, 0.06274509803921568540 ) ;
#529 = AXIS2_PLACEMENT_3D ( 'NONE', #4541, #2611, #729 ) ;
#530 = CARTESIAN_POINT ( 'NONE',  ( -1.750000000000000000, -1.500000000000000000, -2.600000000000000533 ) ) ;
#531 = PLANE ( 'NONE',  #1114 ) ;
#532 = FACE_OUTER_BOUND ( 'NONE', #3023, .T. ) ;
#533 = EDGE_LOOP ( 'NONE', ( #1161, #4822, #999, #4265 ) ) ;
#534 = PRESENTATION_LAYER_ASSIGNMENT (  '', '', ( #4949 ) ) ;
#535 = VECTOR ( 'NONE', #4011, 1000.000000000000000 ) ;
#536 = MANIFOLD_SOLID_BREP ( 'Split1[7]', #481 ) ;
#537 = COLOUR_RGB ( '',0.2862745098039215508, 0.2862745098039215508, 0.2862745098039215508 ) ;
#538 =( NAMED_UNIT ( * ) PLANE_ANGLE_UNIT ( ) SI_UNIT ( $, .RADIAN. ) );
#539 = SURFACE_SIDE_STYLE ('',( #4807 ) ) ;
#540 = FACE_OUTER_BOUND ( 'NONE', #4966, .T. ) ;
#541 = PRESENTATION_STYLE_ASSIGNMENT (( #1792 ) ) ;
#542 = DIRECTION ( 'NONE',  ( 0.000000000000000000, -0.000000000000000000, 1.000000000000000000 ) ) ;
#543 =( GEOMETRIC_REPRESENTATION_CONTEXT ( 3 ) GLOBAL_UNCERTAINTY_ASSIGNED_CONTEXT ( ( #174 ) ) GLOBAL_UNIT_ASSIGNED_CONTEXT ( ( #2843, #538, #3298 ) ) REPRESENTATION_CONTEXT ( 'NONE', 'WORKASPACE' ) );
#544 = VERTEX_POINT ( 'NONE', #3309 ) ;
#545 = VECTOR ( 'NONE', #1355, 1000.000000000000000 ) ;
#546 = VERTEX_POINT ( 'NONE', #700 ) ;
#547 = PLANE ( 'NONE',  #3110 ) ;
#548 = UNCERTAINTY_MEASURE_WITH_UNIT (LENGTH_MEASURE( 1.000000000000000082E-05 ), #3394, 'distance_accuracy_value', 'NONE');
#549 = SURFACE_SIDE_STYLE ('',( #1712 ) ) ;
#550 = PRESENTATION_STYLE_ASSIGNMENT (( #4002 ) ) ;
#551 = ORIENTED_EDGE ( 'NONE', *, *, #4061, .T. ) ;
#552 = FACE_OUTER_BOUND ( 'NONE', #1606, .T. ) ;
#553 = EDGE_CURVE ( 'NONE', #4972, #2289, #3393, .T. ) ;
#554 = VECTOR ( 'NONE', #2515, 1000.000000000000000 ) ;
#555 = UNCERTAINTY_MEASURE_WITH_UNIT (LENGTH_MEASURE( 1.000000000000000082E-05 ), #1392, 'distance_accuracy_value', 'NONE');
#556 = EDGE_CURVE ( 'NONE', #1074, #722, #4050, .T. ) ;
#557 = PLANE ( 'NONE',  #2931 ) ;
#558 = FACE_OUTER_BOUND ( 'NONE', #533, .T. ) ;
#559 = DIRECTION ( 'NONE',  ( -1.000000000000000000, 0.000000000000000000, -0.000000000000000000 ) ) ;
#560 = LINE ( 'NONE', #2489, #4013 ) ;
#561 = ADVANCED_FACE ( 'NONE', ( #3737 ), #1426, .T. ) ;
#562 = CARTESIAN_POINT ( 'NONE',  ( -3.260000000000000675, -2.216736561354061052, 1.209799459665320764 ) ) ;
#563 = PLANE ( 'NONE',  #293 ) ;
#564 = VERTEX_POINT ( 'NONE', #411 ) ;
#565 = SURFACE_SIDE_STYLE ('',( #4324 ) ) ;
#566 = CLOSED_SHELL ( 'NONE', ( #3630, #1379, #4288, #863, #3545, #391, #2717, #117 ) ) ;
#567 = VERTEX_POINT ( 'NONE', #3489 ) ;
#568 = FILL_AREA_STYLE ('',( #2578 ) ) ;
#569 = AXIS2_PLACEMENT_3D ( 'NONE', #1771, #319, #1869 ) ;
#570 = PLANE ( 'NONE',  #2061 ) ;
#571 = ORIENTED_EDGE ( 'NONE', *, *, #553, .F. ) ;
#572 = SURFACE_STYLE_USAGE ( .BOTH. , #3999 ) ;
#573 = EDGE_LOOP ( 'NONE', ( #774, #4162, #3849, #608 ) ) ;
#574 = CARTESIAN_POINT ( 'NONE',  ( 1.750000000000000000, -2.399999999999999911, -1.949999999999999956 ) ) ;
#575 = FILL_AREA_STYLE ('',( #2485 ) ) ;
#576 = CARTESIAN_POINT ( 'NONE',  ( -2.250000000000000444, -0.2500000000000000000, -4.400000000000000355 ) ) ;
#577 = AXIS2_PLACEMENT_3D ( 'NONE', #4895, #3682, #2951 ) ;
#578 = EDGE_CURVE ( 'NONE', #2419, #2721, #3855, .T. ) ;
#579 = CARTESIAN_POINT ( 'NONE',  ( -0.2500000000000000000, 0.000000000000000000, 0.000000000000000000 ) ) ;
#580 = CARTESIAN_POINT ( 'NONE',  ( 1.750000000000000000, 2.200000000000000178, -2.549999999999999822 ) ) ;
#581 = DIRECTION ( 'NONE',  ( 1.000000000000000000, -0.000000000000000000, 0.000000000000000000 ) ) ;
#582 = ORIENTED_EDGE ( 'NONE', *, *, #1350, .T. ) ;
#583 = MECHANICAL_DESIGN_GEOMETRIC_PRESENTATION_REPRESENTATION (  '', ( #1231 ), #3490 ) ;
#584 = ADVANCED_FACE ( 'NONE', ( #3412 ), #1907, .T. ) ;
#585 = EDGE_CURVE ( 'NONE', #217, #3943, #2260, .T. ) ;
#586 = ORIENTED_EDGE ( 'NONE', *, *, #231, .T. ) ;
#587 = CARTESIAN_POINT ( 'NONE',  ( 0.2500000000000000000, 0.000000000000000000, -1.949999999999999956 ) ) ;
#588 = CARTESIAN_POINT ( 'NONE',  ( 1.750000000000000000, 0.2500000000000000000, -4.400000000000000355 ) ) ;
#589 = ORIENTED_EDGE ( 'NONE', *, *, #1916, .T. ) ;
#590 = CARTESIAN_POINT ( 'NONE',  ( 1.750000000000000000, 1.100000000000000089, 0.000000000000000000 ) ) ;
#591 = CARTESIAN_POINT ( 'NONE',  ( -0.2500000000000000000, 1.500000000000000000, -2.600000000000000533 ) ) ;
#592 = EDGE_LOOP ( 'NONE', ( #3003, #3796, #4196, #3537 ) ) ;
#593 = UNCERTAINTY_MEASURE_WITH_UNIT (LENGTH_MEASURE( 1.000000000000000082E-05 ), #4507, 'distance_accuracy_value', 'NONE');
#594 = SURFACE_SIDE_STYLE ('',( #977 ) ) ;
#595 = STYLED_ITEM ( 'NONE', ( #3774 ), #1379 ) ;
#596 = ORIENTED_EDGE ( 'NONE', *, *, #4426, .F. ) ;
#597 = VECTOR ( 'NONE', #461, 1000.000000000000000 ) ;
#598 = DIRECTION ( 'NONE',  ( 0.000000000000000000, -0.000000000000000000, 1.000000000000000000 ) ) ;
#599 = UNCERTAINTY_MEASURE_WITH_UNIT (LENGTH_MEASURE( 1.000000000000000082E-05 ), #4665, 'distance_accuracy_value', 'NONE');
#600 = VECTOR ( 'NONE', #1090, 1000.000000000000000 ) ;
#601 = DIRECTION ( 'NONE',  ( 1.000000000000000000, 0.000000000000000000, 0.000000000000000000 ) ) ;
#602 = VECTOR ( 'NONE', #1738, 1000.000000000000000 ) ;
#603 = FACE_OUTER_BOUND ( 'NONE', #2236, .T. ) ;
#604 = FILL_AREA_STYLE_COLOUR ( '', #1321 ) ;
#605 = FILL_AREA_STYLE ('',( #2517 ) ) ;
#606 =( GEOMETRIC_REPRESENTATION_CONTEXT ( 3 ) GLOBAL_UNCERTAINTY_ASSIGNED_CONTEXT ( ( #2723 ) ) GLOBAL_UNIT_ASSIGNED_CONTEXT ( ( #907, #3457, #112 ) ) REPRESENTATION_CONTEXT ( 'NONE', 'WORKASPACE' ) );
#607 =( NAMED_UNIT ( * ) SI_UNIT ( $, .STERADIAN. ) SOLID_ANGLE_UNIT ( ) );
#608 = ORIENTED_EDGE ( 'NONE', *, *, #2915, .F. ) ;
#609 = VECTOR ( 'NONE', #758, 1000.000000000000000 ) ;
#610 = DIRECTION ( 'NONE',  ( 0.000000000000000000, 1.000000000000000000, 0.000000000000000000 ) ) ;
#611 = AXIS2_PLACEMENT_3D ( 'NONE', #1801, #1002, #176 ) ;
#612 = EDGE_CURVE ( 'NONE', #4145, #3257, #2694, .T. ) ;
#613 = EDGE_CURVE ( 'NONE', #225, #2034, #4249, .T. ) ;
#614 = DIRECTION ( 'NONE',  ( 1.000000000000000000, 0.000000000000000000, 0.000000000000000000 ) ) ;
#615 = VERTEX_POINT ( 'NONE', #1956 ) ;
#616 = CARTESIAN_POINT ( 'NONE',  ( -0.2500000000000000000, 1.100000000000000089, 0.000000000000000000 ) ) ;
#617 = CARTESIAN_POINT ( 'NONE',  ( -0.2500000000000000000, -2.399999999999999911, -2.600000000000000533 ) ) ;
#618 = ORIENTED_EDGE ( 'NONE', *, *, #2391, .F. ) ;
#619 = FACE_OUTER_BOUND ( 'NONE', #677, .T. ) ;
#620 = COLOUR_RGB ( '',0.2862745098039215508, 0.2862745098039215508, 0.2862745098039215508 ) ;
#621 =( NAMED_UNIT ( * ) PLANE_ANGLE_UNIT ( ) SI_UNIT ( $, .RADIAN. ) );
#622 = LINE ( 'NONE', #229, #194 ) ;
#623 = ORIENTED_EDGE ( 'NONE', *, *, #3142, .F. ) ;
#624 = PRESENTATION_LAYER_ASSIGNMENT (  '', '', ( #950 ) ) ;
#625 = CARTESIAN_POINT ( 'NONE',  ( -3.260000000000000675, -2.216736561354061052, 1.209799459665320764 ) ) ;
#626 = LINE ( 'NONE', #1353, #602 ) ;
#627 = MECHANICAL_DESIGN_GEOMETRIC_PRESENTATION_REPRESENTATION (  '', ( #1602 ), #2474 ) ;
#628 =( NAMED_UNIT ( * ) PLANE_ANGLE_UNIT ( ) SI_UNIT ( $, .RADIAN. ) );
#629 = STYLED_ITEM ( 'NONE', ( #2143 ), #4737 ) ;
#630 = LINE ( 'NONE', #2653, #1272 ) ;
#631 = DIRECTION ( 'NONE',  ( -0.000000000000000000, -1.000000000000000000, -0.000000000000000000 ) ) ;
#632 = FACE_OUTER_BOUND ( 'NONE', #704, .T. ) ;
#633 = PRESENTATION_LAYER_ASSIGNMENT (  '', '', ( #383 ) ) ;
#634 = CARTESIAN_POINT ( 'NONE',  ( -3.250000000000000444, -2.200000000000000178, -2.549999999999999822 ) ) ;
#635 = CARTESIAN_POINT ( 'NONE',  ( 2.250000000000000444, 0.000000000000000000, 2.700000000000000178 ) ) ;
#636 = FACE_OUTER_BOUND ( 'NONE', #4391, .T. ) ;
#637 = SURFACE_STYLE_USAGE ( .BOTH. , #3358 ) ;
#638 = CARTESIAN_POINT ( 'NONE',  ( -0.2500000000000000000, 1.100000000000000089, 1.209799459665320764 ) ) ;
#639 = EDGE_LOOP ( 'NONE', ( #967, #367, #3238, #2738 ) ) ;
#640 = ADVANCED_FACE ( 'NONE', ( #1585 ), #2644, .T. ) ;
#641 = FACE_OUTER_BOUND ( 'NONE', #1556, .T. ) ;
#642 = LINE ( 'NONE', #947, #1632 ) ;
#643 =( NAMED_UNIT ( * ) PLANE_ANGLE_UNIT ( ) SI_UNIT ( $, .RADIAN. ) );
#644 = EDGE_LOOP ( 'NONE', ( #2762, #4492, #91 ) ) ;
#645 = FACE_OUTER_BOUND ( 'NONE', #3165, .T. ) ;
#646 = UNCERTAINTY_MEASURE_WITH_UNIT (LENGTH_MEASURE( 1.000000000000000082E-05 ), #4405, 'distance_accuracy_value', 'NONE');
#647 = CARTESIAN_POINT ( 'NONE',  ( -1.750000000000000000, -0.2500000000000000000, -2.549999999999999822 ) ) ;
#648 = SURFACE_STYLE_FILL_AREA ( #2508 ) ;
#649 =( NAMED_UNIT ( * ) SI_UNIT ( $, .STERADIAN. ) SOLID_ANGLE_UNIT ( ) );
#650 = VERTEX_POINT ( 'NONE', #728 ) ;
#651 = MECHANICAL_DESIGN_GEOMETRIC_PRESENTATION_REPRESENTATION (  '', ( #1620 ), #1057 ) ;
#652 = EDGE_CURVE ( 'NONE', #3542, #435, #1877, .T. ) ;
#653 = EDGE_CURVE ( 'NONE', #4319, #50, #3006, .T. ) ;
#654 = DIRECTION ( 'NONE',  ( -0.000000000000000000, -0.000000000000000000, 1.000000000000000000 ) ) ;
#655 = UNCERTAINTY_MEASURE_WITH_UNIT (LENGTH_MEASURE( 1.000000000000000082E-05 ), #247, 'distance_accuracy_value', 'NONE');
#656 = DIRECTION ( 'NONE',  ( 0.000000000000000000, 0.000000000000000000, -1.000000000000000000 ) ) ;
#657 = VECTOR ( 'NONE', #3405, 1000.000000000000000 ) ;
#658 = CARTESIAN_POINT ( 'NONE',  ( -2.250000000000000444, 1.500000000000000000, -2.600000000000000533 ) ) ;
#659 = MANIFOLD_SOLID_BREP ( 'Split1[2]', #4823 ) ;
#660 = FACE_OUTER_BOUND ( 'NONE', #4187, .T. ) ;
#661 = FILL_AREA_STYLE ('',( #3294 ) ) ;
#662 = PRESENTATION_STYLE_ASSIGNMENT (( #4477 ) ) ;
#663 = DIRECTION ( 'NONE',  ( -0.000000000000000000, -1.000000000000000000, -0.000000000000000000 ) ) ;
#664 = DIRECTION ( 'NONE',  ( -0.000000000000000000, -1.000000000000000000, -0.000000000000000000 ) ) ;
#665 = VECTOR ( 'NONE', #1219, 1000.000000000000000 ) ;
#666 = VECTOR ( 'NONE', #2837, 1000.000000000000000 ) ;
#667 =( LENGTH_UNIT ( ) NAMED_UNIT ( * ) SI_UNIT ( .MILLI., .METRE. ) );
#668 = CARTESIAN_POINT ( 'NONE',  ( 1.750000000000000000, 0.000000000000000000, 0.000000000000000000 ) ) ;
#669 = LINE ( 'NONE', #638, #749 ) ;
#670 = ORIENTED_EDGE ( 'NONE', *, *, #3117, .F. ) ;
#671 =( LENGTH_UNIT ( ) NAMED_UNIT ( * ) SI_UNIT ( .MILLI., .METRE. ) );
#672 = PRESENTATION_STYLE_ASSIGNMENT (( #4118 ) ) ;
#673 = ORIENTED_EDGE ( 'NONE', *, *, #1612, .T. ) ;
#674 =( NAMED_UNIT ( * ) PLANE_ANGLE_UNIT ( ) SI_UNIT ( $, .RADIAN. ) );
#675 = FILL_AREA_STYLE ('',( #4080 ) ) ;
#676 = MANIFOLD_SOLID_BREP ( 'Split1[6]', #2895 ) ;
#677 = EDGE_LOOP ( 'NONE', ( #4285, #4102, #4338, #1635, #4510, #277 ) ) ;
#678 = DIRECTION ( 'NONE',  ( 1.000000000000000000, 0.000000000000000000, 0.000000000000000000 ) ) ;
#679 = EDGE_CURVE ( 'NONE', #3094, #3453, #805, .T. ) ;
#680 = EDGE_CURVE ( 'NONE', #334, #3236, #1474, .T. ) ;
#681 = PRESENTATION_LAYER_ASSIGNMENT (  '', '', ( #2696 ) ) ;
#682 = LINE ( 'NONE', #3776, #4209 ) ;
#683 =( NAMED_UNIT ( * ) PLANE_ANGLE_UNIT ( ) SI_UNIT ( $, .RADIAN. ) );
#684 = FACE_OUTER_BOUND ( 'NONE', #471, .T. ) ;
#685 = CARTESIAN_POINT ( 'NONE',  ( 1.750000000000000000, 1.100000000000000089, 1.209799459665320764 ) ) ;
#686 = FILL_AREA_STYLE_COLOUR ( '', #3413 ) ;
#687 = ADVANCED_FACE ( 'NONE', ( #90 ), #2372, .T. ) ;
#688 = PRESENTATION_LAYER_ASSIGNMENT (  '', '', ( #3996 ) ) ;
#689 = VECTOR ( 'NONE', #3745, 1000.000000000000000 ) ;
#690 = SURFACE_STYLE_FILL_AREA ( #2975 ) ;
#691 = LINE ( 'NONE', #271, #1349 ) ;
#692 = CARTESIAN_POINT ( 'NONE',  ( 2.950000000000000178, 1.899999999999999911, -3.149999999999999911 ) ) ;
#693 = STYLED_ITEM ( 'NONE', ( #1891 ), #2768 ) ;
#694 = DIRECTION ( 'NONE',  ( 0.000000000000000000, -1.000000000000000000, 0.000000000000000000 ) ) ;
#695 = ORIENTED_EDGE ( 'NONE', *, *, #4760, .T. ) ;
#696 = AXIS2_PLACEMENT_3D ( 'NONE', #4414, #2128, #1049 ) ;
#697 = COLOUR_RGB ( '',0.8627450980392157298, 0.5882352941176470784, 0.06274509803921568540 ) ;
#698 = EDGE_LOOP ( 'NONE', ( #4919, #2188, #3520, #2612 ) ) ;
#699 = UNCERTAINTY_MEASURE_WITH_UNIT (LENGTH_MEASURE( 1.000000000000000082E-05 ), #2057, 'distance_accuracy_value', 'NONE');
#700 = CARTESIAN_POINT ( 'NONE',  ( 2.250000000000000444, 2.200000000000000178, -2.549999999999999822 ) ) ;
#701 = AXIS2_PLACEMENT_3D ( 'NONE', #3076, #4231, #22 ) ;
#702 = SURFACE_STYLE_USAGE ( .BOTH. , #1475 ) ;
#703 = MANIFOLD_SOLID_BREP ( 'Split2[5]', #4499 ) ;
#704 = EDGE_LOOP ( 'NONE', ( #4388, #3060, #4770, #1332 ) ) ;
#705 =( NAMED_UNIT ( * ) PLANE_ANGLE_UNIT ( ) SI_UNIT ( $, .RADIAN. ) );
#706 = PRESENTATION_STYLE_ASSIGNMENT (( #1160 ) ) ;
#707 = ADVANCED_FACE ( 'NONE', ( #3327 ), #1656, .T. ) ;
#708 = ORIENTED_EDGE ( 'NONE', *, *, #2518, .T. ) ;
#709 = FILL_AREA_STYLE ('',( #3399 ) ) ;
#710 = EDGE_CURVE ( 'NONE', #1778, #3952, #1749, .T. ) ;
#711 = EDGE_LOOP ( 'NONE', ( #4432, #4648, #1652, #1173 ) ) ;
#712 = DIRECTION ( 'NONE',  ( 0.000000000000000000, 1.000000000000000000, 0.000000000000000000 ) ) ;
#713 = CIRCLE ( 'NONE', #1195, 1.000000000000000000 ) ;
#714 = DIRECTION ( 'NONE',  ( 0.000000000000000000, 1.000000000000000000, 0.000000000000000000 ) ) ;
#715 = AXIS2_PLACEMENT_3D ( 'NONE', #4108, #4133, #2686 ) ;
#716 = EDGE_CURVE ( 'NONE', #3299, #147, #1796, .T. ) ;
#717 = ADVANCED_FACE ( 'NONE', ( #1416 ), #1818, .T. ) ;
#718 = DIRECTION ( 'NONE',  ( 0.000000000000000000, 0.000000000000000000, -1.000000000000000000 ) ) ;
#719 = DIRECTION ( 'NONE',  ( -0.000000000000000000, 0.000000000000000000, 1.000000000000000000 ) ) ;
#720 = PRESENTATION_LAYER_ASSIGNMENT (  '', '', ( #629 ) ) ;
#721 = SURFACE_SIDE_STYLE ('',( #299 ) ) ;
#722 = VERTEX_POINT ( 'NONE', #2602 ) ;
#723 =( GEOMETRIC_REPRESENTATION_CONTEXT ( 3 ) GLOBAL_UNCERTAINTY_ASSIGNED_CONTEXT ( ( #4618 ) ) GLOBAL_UNIT_ASSIGNED_CONTEXT ( ( #333, #359, #649 ) ) REPRESENTATION_CONTEXT ( 'NONE', 'WORKASPACE' ) );
#724 = DIRECTION ( 'NONE',  ( -1.000000000000000000, -0.000000000000000000, 0.000000000000000000 ) ) ;
#725 = PLANE ( 'NONE',  #3343 ) ;
#726 = ORIENTED_EDGE ( 'NONE', *, *, #3973, .F. ) ;
#727 =( NAMED_UNIT ( * ) SI_UNIT ( $, .STERADIAN. ) SOLID_ANGLE_UNIT ( ) );
#728 = CARTESIAN_POINT ( 'NONE',  ( 0.2500000000000000555, -1.500000000000000000, -2.549999999999999822 ) ) ;
#729 = DIRECTION ( 'NONE',  ( 0.000000000000000000, 0.000000000000000000, -1.000000000000000000 ) ) ;
#730 = FILL_AREA_STYLE ('',( #4170 ) ) ;
#731 = ORIENTED_EDGE ( 'NONE', *, *, #2863, .T. ) ;
#732 = FACE_OUTER_BOUND ( 'NONE', #2105, .T. ) ;
#733 = FACE_OUTER_BOUND ( 'NONE', #711, .T. ) ;
#734 = AXIS2_PLACEMENT_3D ( 'NONE', #444, #2460, #909 ) ;
#735 = ORIENTED_EDGE ( 'NONE', *, *, #3824, .F. ) ;
#736 = SURFACE_STYLE_FILL_AREA ( #4342 ) ;
#737 = SURFACE_SIDE_STYLE ('',( #2655 ) ) ;
#738 = EDGE_LOOP ( 'NONE', ( #4685, #2441, #3495, #2687 ) ) ;
#739 = FACE_OUTER_BOUND ( 'NONE', #849, .T. ) ;
#740 = DIRECTION ( 'NONE',  ( 0.000000000000000000, 0.000000000000000000, -1.000000000000000000 ) ) ;
#741 = PRESENTATION_LAYER_ASSIGNMENT (  '', '', ( #979 ) ) ;
#742 = CARTESIAN_POINT ( 'NONE',  ( 1.750000000000000000, 1.100000000000000089, 1.209799459665320764 ) ) ;
#743 =( LENGTH_UNIT ( ) NAMED_UNIT ( * ) SI_UNIT ( .MILLI., .METRE. ) );
#744 = ORIENTED_EDGE ( 'NONE', *, *, #3288, .F. ) ;
#745 = SURFACE_STYLE_FILL_AREA ( #4531 ) ;
#746 = PRESENTATION_LAYER_ASSIGNMENT (  '', '', ( #1708 ) ) ;
#747 = EDGE_CURVE ( 'NONE', #821, #1341, #3157, .T. ) ;
#748 = ORIENTED_EDGE ( 'NONE', *, *, #1320, .T. ) ;
#749 = VECTOR ( 'NONE', #4135, 1000.000000000000000 ) ;
#750 = CARTESIAN_POINT ( 'NONE',  ( -1.750000000000000000, -2.200000000000000178, -1.949999999999999956 ) ) ;
#751 = EDGE_LOOP ( 'NONE', ( #2284, #4591 ) ) ;
#752 = CARTESIAN_POINT ( 'NONE',  ( 0.2500000000000000000, -0.2500000000000000000, -2.549999999999999822 ) ) ;
#753 = ORIENTED_EDGE ( 'NONE', *, *, #1144, .F. ) ;
#754 = UNCERTAINTY_MEASURE_WITH_UNIT (LENGTH_MEASURE( 1.000000000000000082E-05 ), #1404, 'distance_accuracy_value', 'NONE');
#755 = CARTESIAN_POINT ( 'NONE',  ( 2.250000000000000444, 2.200000000000000178, -1.949999999999999956 ) ) ;
#756 = EDGE_LOOP ( 'NONE', ( #3887, #3617, #2450, #670 ) ) ;
#757 = SURFACE_STYLE_USAGE ( .BOTH. , #1515 ) ;
#758 = DIRECTION ( 'NONE',  ( 1.000000000000000000, 0.000000000000000000, 0.000000000000000000 ) ) ;
#759 = VERTEX_POINT ( 'NONE', #1044 ) ;
#760 = LINE ( 'NONE', #24, #3450 ) ;
#761 = LINE ( 'NONE', #4631, #4142 ) ;
#762 = MECHANICAL_DESIGN_GEOMETRIC_PRESENTATION_REPRESENTATION (  '', ( #595 ), #3408 ) ;
#763 = LINE ( 'NONE', #793, #4887 ) ;
#764 = VECTOR ( 'NONE', #1934, 1000.000000000000000 ) ;
#765 = DIRECTION ( 'NONE',  ( 0.000000000000000000, -0.000000000000000000, -1.000000000000000000 ) ) ;
#766 = CARTESIAN_POINT ( 'NONE',  ( -0.2500000000000000000, 1.100000000000000089, 1.699999999999999956 ) ) ;
#767 = VERTEX_POINT ( 'NONE', #2500 ) ;
#768 = STYLED_ITEM ( 'NONE', ( #1718 ), #1808 ) ;
#769 = VERTEX_POINT ( 'NONE', #588 ) ;
#770 = PRESENTATION_STYLE_ASSIGNMENT (( #1650 ) ) ;
#771 = DIRECTION ( 'NONE',  ( 0.000000000000000000, 1.000000000000000000, 0.000000000000000000 ) ) ;
#772 = EDGE_CURVE ( 'NONE', #1928, #4602, #669, .T. ) ;
#773 = DIRECTION ( 'NONE',  ( 0.000000000000000000, -1.000000000000000000, 0.000000000000000000 ) ) ;
#774 = ORIENTED_EDGE ( 'NONE', *, *, #1106, .T. ) ;
#775 = AXIS2_PLACEMENT_3D ( 'NONE', #4058, #2729, #1484 ) ;
#776 = EDGE_CURVE ( 'NONE', #2156, #722, #2095, .T. ) ;
#777 = AXIS2_PLACEMENT_3D ( 'NONE', #3493, #906, #4674 ) ;
#778 = AXIS2_PLACEMENT_3D ( 'NONE', #64, #4688, #3539 ) ;
#779 = ORIENTED_EDGE ( 'NONE', *, *, #1209, .T. ) ;
#780 = EDGE_CURVE ( 'NONE', #2883, #769, #3706, .T. ) ;
#781 = STYLED_ITEM ( 'NONE', ( #662 ), #3481 ) ;
#782 = CARTESIAN_POINT ( 'NONE',  ( -0.2500000000000000000, 0.2500000000000000000, -2.549999999999999822 ) ) ;
#783 =( GEOMETRIC_REPRESENTATION_CONTEXT ( 3 ) GLOBAL_UNCERTAINTY_ASSIGNED_CONTEXT ( ( #2559 ) ) GLOBAL_UNIT_ASSIGNED_CONTEXT ( ( #4315, #4684, #4354 ) ) REPRESENTATION_CONTEXT ( 'NONE', 'WORKASPACE' ) );
#784 = CARTESIAN_POINT ( 'NONE',  ( 0.2500000000000000555, -0.2500000000000000000, -2.549999999999999822 ) ) ;
#785 = FILL_AREA_STYLE_COLOUR ( '', #933 ) ;
#786 = ORIENTED_EDGE ( 'NONE', *, *, #1875, .T. ) ;
#787 = PLANE ( 'NONE',  #3923 ) ;
#788 = ORIENTED_EDGE ( 'NONE', *, *, #1787, .T. ) ;
#789 = LINE ( 'NONE', #396, #1287 ) ;
#790 = PLANE ( 'NONE',  #3579 ) ;
#791 = CIRCLE ( 'NONE', #3595, 1.000000000000000000 ) ;
#792 = PRESENTATION_LAYER_ASSIGNMENT (  '', '', ( #4247 ) ) ;
#793 = CARTESIAN_POINT ( 'NONE',  ( 0.2500000000000002220, -1.699999999999999956, 0.000000000000000000 ) ) ;
#794 = PLANE ( 'NONE',  #4407 ) ;
#795 =( NAMED_UNIT ( * ) SI_UNIT ( $, .STERADIAN. ) SOLID_ANGLE_UNIT ( ) );
#796 = VERTEX_POINT ( 'NONE', #3251 ) ;
#797 = PRESENTATION_LAYER_ASSIGNMENT (  '', '', ( #4968 ) ) ;
#798 = DIRECTION ( 'NONE',  ( 0.000000000000000000, 0.000000000000000000, -1.000000000000000000 ) ) ;
#799 = CARTESIAN_POINT ( 'NONE',  ( -3.260000000000000675, -2.216736561354061052, 1.209799459665320764 ) ) ;
#800 = CARTESIAN_POINT ( 'NONE',  ( 0.2500000000000000000, -2.399999999999999911, -1.949999999999999956 ) ) ;
#801 = COLOUR_RGB ( '',0.8627450980392157298, 0.5882352941176470784, 0.06274509803921568540 ) ;
#802 = ORIENTED_EDGE ( 'NONE', *, *, #2863, .F. ) ;
#803 = CARTESIAN_POINT ( 'NONE',  ( 3.250000000000000888, 2.200000000000000178, -2.549999999999999822 ) ) ;
#804 = CARTESIAN_POINT ( 'NONE',  ( -1.750000000000000000, -0.1000000000000000056, 1.699999999999999956 ) ) ;
#805 = LINE ( 'NONE', #462, #1860 ) ;
#806 = ADVANCED_FACE ( 'NONE', ( #4785 ), #4813, .T. ) ;
#807 = AXIS2_PLACEMENT_3D ( 'NONE', #3454, #4630, #4233 ) ;
#808 = ORIENTED_EDGE ( 'NONE', *, *, #1809, .T. ) ;
#809 = UNCERTAINTY_MEASURE_WITH_UNIT (LENGTH_MEASURE( 1.000000000000000082E-05 ), #1356, 'distance_accuracy_value', 'NONE');
#810 = CARTESIAN_POINT ( 'NONE',  ( 3.250000000000000444, -1.500000000000000000, -2.549999999999999822 ) ) ;
#811 = FILL_AREA_STYLE_COLOUR ( '', #4621 ) ;
#812 = EDGE_CURVE ( 'NONE', #3707, #1933, #4308, .T. ) ;
#813 = EDGE_CURVE ( 'NONE', #3918, #4664, #4262, .T. ) ;
#814 = VERTEX_POINT ( 'NONE', #1468 ) ;
#815 = EDGE_LOOP ( 'NONE', ( #4957, #2427, #522, #48 ) ) ;
#816 = AXIS2_PLACEMENT_3D ( 'NONE', #157, #2043, #523 ) ;
#817 = FILL_AREA_STYLE_COLOUR ( '', #832 ) ;
#818 = AXIS2_PLACEMENT_3D ( 'NONE', #3802, #4321, #4299 ) ;
#819 = DIRECTION ( 'NONE',  ( 0.000000000000000000, 0.000000000000000000, -1.000000000000000000 ) ) ;
#820 = FILL_AREA_STYLE_COLOUR ( '', #2562 ) ;
#821 = VERTEX_POINT ( 'NONE', #3760 ) ;
#822 = DIRECTION ( 'NONE',  ( -1.000000000000000000, -0.000000000000000000, 0.000000000000000000 ) ) ;
#823 =( GEOMETRIC_REPRESENTATION_CONTEXT ( 3 ) GLOBAL_UNCERTAINTY_ASSIGNED_CONTEXT ( ( #3012 ) ) GLOBAL_UNIT_ASSIGNED_CONTEXT ( ( #4467, #2911, #4874 ) ) REPRESENTATION_CONTEXT ( 'NONE', 'WORKASPACE' ) );
#824 = LINE ( 'NONE', #3874, #4880 ) ;
#825 = STYLED_ITEM ( 'NONE', ( #876 ), #703 ) ;
#826 = DIRECTION ( 'NONE',  ( 0.000000000000000000, 0.000000000000000000, -1.000000000000000000 ) ) ;
#827 = ORIENTED_EDGE ( 'NONE', *, *, #3288, .T. ) ;
#828 = DIRECTION ( 'NONE',  ( -0.7070981676119889592, 8.659455076489809623E-17, 0.7071153946561816728 ) ) ;
#829 = SURFACE_SIDE_STYLE ('',( #3043 ) ) ;
#830 = DIRECTION ( 'NONE',  ( 1.000000000000000000, -0.000000000000000000, 0.000000000000000000 ) ) ;
#831 = DIRECTION ( 'NONE',  ( -1.000000000000000000, -0.000000000000000000, -0.000000000000000000 ) ) ;
#832 = COLOUR_RGB ( '',0.8627450980392157298, 0.5882352941176470784, 0.06274509803921568540 ) ;
#833 = VERTEX_POINT ( 'NONE', #1842 ) ;
#834 = DIRECTION ( 'NONE',  ( 0.000000000000000000, -1.000000000000000000, 0.000000000000000000 ) ) ;
#835 = ORIENTED_EDGE ( 'NONE', *, *, #1372, .T. ) ;
#836 = DIRECTION ( 'NONE',  ( 0.000000000000000000, -0.000000000000000000, -1.000000000000000000 ) ) ;
#837 = FILL_AREA_STYLE ('',( #1285 ) ) ;
#838 = CARTESIAN_POINT ( 'NONE',  ( 2.250000000000000444, 0.1000000000000000056, 2.700000000000000178 ) ) ;
#839 = ORIENTED_EDGE ( 'NONE', *, *, #747, .T. ) ;
#840 = EDGE_CURVE ( 'NONE', #4552, #4137, #1553, .T. ) ;
#841 = EDGE_CURVE ( 'NONE', #3649, #1222, #2749, .T. ) ;
#842 = DIRECTION ( 'NONE',  ( 0.000000000000000000, 0.000000000000000000, -1.000000000000000000 ) ) ;
#843 = DIRECTION ( 'NONE',  ( -1.000000000000000000, -0.000000000000000000, -0.000000000000000000 ) ) ;
#844 = PLANE ( 'NONE',  #1525 ) ;
#845 = CARTESIAN_POINT ( 'NONE',  ( -0.2500000000000000000, -2.200000000000000178, -1.949999999999999956 ) ) ;
#846 = ORIENTED_EDGE ( 'NONE', *, *, #2885, .T. ) ;
#847 = STYLED_ITEM ( 'NONE', ( #4497 ), #1318 ) ;
#848 = FACE_OUTER_BOUND ( 'NONE', #592, .T. ) ;
#849 = EDGE_LOOP ( 'NONE', ( #1735, #17, #473, #4841 ) ) ;
#850 = CARTESIAN_POINT ( 'NONE',  ( -0.2500000000000000000, 2.399999999999999911, -1.949999999999999956 ) ) ;
#851 = LINE ( 'NONE', #4522, #2673 ) ;
#852 = AXIS2_PLACEMENT_3D ( 'NONE', #4363, #1440, #241 ) ;
#853 = ORIENTED_EDGE ( 'NONE', *, *, #2391, .T. ) ;
#854 = VECTOR ( 'NONE', #4882, 1000.000000000000000 ) ;
#855 =( NAMED_UNIT ( * ) PLANE_ANGLE_UNIT ( ) SI_UNIT ( $, .RADIAN. ) );
#856 = VECTOR ( 'NONE', #460, 1000.000000000000000 ) ;
#857 = AXIS2_PLACEMENT_3D ( 'NONE', #1638, #4345, #2431 ) ;
#858 = VECTOR ( 'NONE', #1794, 1000.000000000000000 ) ;
#859 = VERTEX_POINT ( 'NONE', #3552 ) ;
#860 = DIRECTION ( 'NONE',  ( -0.000000000000000000, -1.000000000000000000, -0.000000000000000000 ) ) ;
#861 = SURFACE_STYLE_USAGE ( .BOTH. , #2435 ) ;
#862 = FACE_OUTER_BOUND ( 'NONE', #1338, .T. ) ;
#863 = ADVANCED_FACE ( 'NONE', ( #4933 ), #3912, .T. ) ;
#864 = EDGE_CURVE ( 'NONE', #4692, #2375, #1241, .T. ) ;
#865 =( LENGTH_UNIT ( ) NAMED_UNIT ( * ) SI_UNIT ( .MILLI., .METRE. ) );
#866 =( NAMED_UNIT ( * ) PLANE_ANGLE_UNIT ( ) SI_UNIT ( $, .RADIAN. ) );
#867 = MECHANICAL_DESIGN_GEOMETRIC_PRESENTATION_REPRESENTATION (  '', ( #1340 ), #1998 ) ;
#868 = SURFACE_STYLE_USAGE ( .BOTH. , #2362 ) ;
#869 = ORIENTED_EDGE ( 'NONE', *, *, #3018, .F. ) ;
#870 = ADVANCED_FACE ( 'NONE', ( #862 ), #1210, .T. ) ;
#871 = VECTOR ( 'NONE', #843, 1000.000000000000000 ) ;
#872 = EDGE_CURVE ( 'NONE', #796, #4145, #4039, .T. ) ;
#873 = ORIENTED_EDGE ( 'NONE', *, *, #1669, .T. ) ;
#874 = CARTESIAN_POINT ( 'NONE',  ( 2.250000000000000444, 2.399999999999999911, -1.949999999999999956 ) ) ;
#875 = AXIS2_PLACEMENT_3D ( 'NONE', #4694, #1281, #1634 ) ;
#876 = PRESENTATION_STYLE_ASSIGNMENT (( #944 ) ) ;
#877 = ORIENTED_EDGE ( 'NONE', *, *, #3167, .T. ) ;
#878 = DIRECTION ( 'NONE',  ( 0.000000000000000000, -0.000000000000000000, 1.000000000000000000 ) ) ;
#879 = ORIENTED_EDGE ( 'NONE', *, *, #1372, .F. ) ;
#880 = CARTESIAN_POINT ( 'NONE',  ( -3.260000000000000675, 2.200000000000000178, -2.549999999999999822 ) ) ;
#881 = FILL_AREA_STYLE ('',( #3491 ) ) ;
#882 = DIRECTION ( 'NONE',  ( 1.000000000000000000, -0.000000000000000000, 0.000000000000000000 ) ) ;
#883 = FACE_OUTER_BOUND ( 'NONE', #2647, .T. ) ;
#884 = COLOUR_RGB ( '',0.8627450980392157298, 0.5882352941176470784, 0.06274509803921568540 ) ;
#885 = EDGE_LOOP ( 'NONE', ( #4395, #104, #879, #3032 ) ) ;
#886 = CARTESIAN_POINT ( 'NONE',  ( 0.2500000000000000000, -2.200000000000000178, 0.000000000000000000 ) ) ;
#887 = DIRECTION ( 'NONE',  ( 1.000000000000000000, 0.000000000000000000, 0.000000000000000000 ) ) ;
#888 =( LENGTH_UNIT ( ) NAMED_UNIT ( * ) SI_UNIT ( .MILLI., .METRE. ) );
#889 = FACE_OUTER_BOUND ( 'NONE', #457, .T. ) ;
#890 =( NAMED_UNIT ( * ) SI_UNIT ( $, .STERADIAN. ) SOLID_ANGLE_UNIT ( ) );
#891 = FACE_OUTER_BOUND ( 'NONE', #4384, .T. ) ;
#892 = ORIENTED_EDGE ( 'NONE', *, *, #4009, .T. ) ;
#893 = EDGE_CURVE ( 'NONE', #4221, #3062, #642, .T. ) ;
#894 = FILL_AREA_STYLE_COLOUR ( '', #3755 ) ;
#895 = VERTEX_POINT ( 'NONE', #1775 ) ;
#896 = CARTESIAN_POINT ( 'NONE',  ( -0.2500000000000000000, 0.000000000000000000, 1.209799459665320764 ) ) ;
#897 = STYLED_ITEM ( 'NONE', ( #1121 ), #391 ) ;
#898 = EDGE_CURVE ( 'NONE', #1394, #1501, #2477, .T. ) ;
#899 = SURFACE_SIDE_STYLE ('',( #4690 ) ) ;
#900 = VERTEX_POINT ( 'NONE', #2956 ) ;
#901 =( GEOMETRIC_REPRESENTATION_CONTEXT ( 3 ) GLOBAL_UNCERTAINTY_ASSIGNED_CONTEXT ( ( #3371 ) ) GLOBAL_UNIT_ASSIGNED_CONTEXT ( ( #4563, #2925, #246 ) ) REPRESENTATION_CONTEXT ( 'NONE', 'WORKASPACE' ) );
#902 = EDGE_LOOP ( 'NONE', ( #2080, #1257, #4762, #2323 ) ) ;
#903 = DIRECTION ( 'NONE',  ( -1.000000000000000000, 0.000000000000000000, -0.000000000000000000 ) ) ;
#904 = UNCERTAINTY_MEASURE_WITH_UNIT (LENGTH_MEASURE( 1.000000000000000082E-05 ), #3079, 'distance_accuracy_value', 'NONE');
#905 = COLOUR_RGB ( '',0.8627450980392157298, 0.5882352941176470784, 0.06274509803921568540 ) ;
#906 = DIRECTION ( 'NONE',  ( 1.000000000000000000, -0.000000000000000000, 0.000000000000000000 ) ) ;
#907 =( LENGTH_UNIT ( ) NAMED_UNIT ( * ) SI_UNIT ( .MILLI., .METRE. ) );
#908 = VECTOR ( 'NONE', #4535, 1000.000000000000000 ) ;
#909 = DIRECTION ( 'NONE',  ( -1.000000000000000000, 0.000000000000000000, -0.000000000000000000 ) ) ;
#910 = DIRECTION ( 'NONE',  ( 0.000000000000000000, -0.000000000000000000, 1.000000000000000000 ) ) ;
#911 =( NAMED_UNIT ( * ) PLANE_ANGLE_UNIT ( ) SI_UNIT ( $, .RADIAN. ) );
#912 = CARTESIAN_POINT ( 'NONE',  ( -0.2500000000000000000, -0.2500000000000000000, -2.549999999999999822 ) ) ;
#913 = PLANE ( 'NONE',  #3206 ) ;
#914 = PLANE ( 'NONE',  #123 ) ;
#915 = VERTEX_POINT ( 'NONE', #1364 ) ;
#916 = FACE_OUTER_BOUND ( 'NONE', #2050, .T. ) ;
#917 = VERTEX_POINT ( 'NONE', #4868 ) ;
#918 = SURFACE_SIDE_STYLE ('',( #4411 ) ) ;
#919 = CARTESIAN_POINT ( 'NONE',  ( -2.250000000000000444, -2.200000000000000178, -2.549999999999999822 ) ) ;
#920 = FILL_AREA_STYLE ('',( #4860 ) ) ;
#921 = STYLED_ITEM ( 'NONE', ( #2541 ), #1234 ) ;
#922 = ORIENTED_EDGE ( 'NONE', *, *, #840, .T. ) ;
#923 = EDGE_CURVE ( 'NONE', #1935, #4602, #4763, .T. ) ;
#924 = EDGE_CURVE ( 'NONE', #2927, #21, #4789, .T. ) ;
#925 = VERTEX_POINT ( 'NONE', #1317 ) ;
#926 =( GEOMETRIC_REPRESENTATION_CONTEXT ( 3 ) GLOBAL_UNCERTAINTY_ASSIGNED_CONTEXT ( ( #4079 ) ) GLOBAL_UNIT_ASSIGNED_CONTEXT ( ( #3322, #3753, #2197 ) ) REPRESENTATION_CONTEXT ( 'NONE', 'WORKASPACE' ) );
#927 = PLANE ( 'NONE',  #1660 ) ;
#928 = VECTOR ( 'NONE', #2247, 1000.000000000000000 ) ;
#929 = ORIENTED_EDGE ( 'NONE', *, *, #4061, .F. ) ;
#930 = PLANE ( 'NONE',  #816 ) ;
#931 = VECTOR ( 'NONE', #1575, 1000.000000000000000 ) ;
#932 = CARTESIAN_POINT ( 'NONE',  ( 1.750000000000000000, -2.200000000000000178, -2.549999999999999822 ) ) ;
#933 = COLOUR_RGB ( '',0.8627450980392157298, 0.5882352941176470784, 0.06274509803921568540 ) ;
#934 = DIRECTION ( 'NONE',  ( -0.000000000000000000, -1.000000000000000000, -0.000000000000000000 ) ) ;
#935 = MECHANICAL_DESIGN_GEOMETRIC_PRESENTATION_REPRESENTATION (  '', ( #3833 ), #3108 ) ;
#936 = STYLED_ITEM ( 'NONE', ( #3039 ), #2310 ) ;
#937 = SURFACE_SIDE_STYLE ('',( #2820 ) ) ;
#938 = CARTESIAN_POINT ( 'NONE',  ( -2.250000000000000444, 2.200000000000000178, -1.949999999999999956 ) ) ;
#939 = FACE_OUTER_BOUND ( 'NONE', #1130, .T. ) ;
#940 = ORIENTED_EDGE ( 'NONE', *, *, #2428, .T. ) ;
#941 = VECTOR ( 'NONE', #1075, 1000.000000000000000 ) ;
#942 =( NAMED_UNIT ( * ) SI_UNIT ( $, .STERADIAN. ) SOLID_ANGLE_UNIT ( ) );
#943 = VERTEX_POINT ( 'NONE', #3709 ) ;
#944 = SURFACE_STYLE_USAGE ( .BOTH. , #565 ) ;
#945 = SURFACE_STYLE_USAGE ( .BOTH. , #1878 ) ;
#946 = ORIENTED_EDGE ( 'NONE', *, *, #3382, .T. ) ;
#947 = CARTESIAN_POINT ( 'NONE',  ( -2.250000000000000444, 0.000000000000000000, 1.209799459665320764 ) ) ;
#948 = FILL_AREA_STYLE ('',( #2854 ) ) ;
#949 = DIRECTION ( 'NONE',  ( 0.000000000000000000, -0.000000000000000000, 1.000000000000000000 ) ) ;
#950 = STYLED_ITEM ( 'NONE', ( #4446 ), #4182 ) ;
#951 = ORIENTED_EDGE ( 'NONE', *, *, #4284, .F. ) ;
#952 = DIRECTION ( 'NONE',  ( 0.000000000000000000, -1.000000000000000000, 0.000000000000000000 ) ) ;
#953 = UNCERTAINTY_MEASURE_WITH_UNIT (LENGTH_MEASURE( 1.000000000000000082E-05 ), #4374, 'distance_accuracy_value', 'NONE');
#954 = EDGE_CURVE ( 'NONE', #2887, #1383, #4117, .T. ) ;
#955 = SURFACE_SIDE_STYLE ('',( #4393 ) ) ;
#956 =( GEOMETRIC_REPRESENTATION_CONTEXT ( 3 ) GLOBAL_UNCERTAINTY_ASSIGNED_CONTEXT ( ( #699 ) ) GLOBAL_UNIT_ASSIGNED_CONTEXT ( ( #2057, #3211, #3164 ) ) REPRESENTATION_CONTEXT ( 'NONE', 'WORKASPACE' ) );
#957 = ORIENTED_EDGE ( 'NONE', *, *, #4155, .F. ) ;
#958 = FACE_OUTER_BOUND ( 'NONE', #4301, .T. ) ;
#959 = VECTOR ( 'NONE', #4831, 1000.000000000000000 ) ;
#960 =( NAMED_UNIT ( * ) PLANE_ANGLE_UNIT ( ) SI_UNIT ( $, .RADIAN. ) );
#961 = ADVANCED_FACE ( 'NONE', ( #170 ), #2502, .T. ) ;
#962 = EDGE_CURVE ( 'NONE', #3120, #3636, #2755, .T. ) ;
#963 = PRESENTATION_STYLE_ASSIGNMENT (( #1694 ) ) ;
#964 = LINE ( 'NONE', #120, #4800 ) ;
#965 = FILL_AREA_STYLE_COLOUR ( '', #278 ) ;
#966 = LINE ( 'NONE', #1721, #216 ) ;
#967 = ORIENTED_EDGE ( 'NONE', *, *, #294, .F. ) ;
#968 = SURFACE_STYLE_USAGE ( .BOTH. , #4067 ) ;
#969 = FILL_AREA_STYLE ('',( #4865 ) ) ;
#970 = VECTOR ( 'NONE', #4824, 1000.000000000000000 ) ;
#971 = ORIENTED_EDGE ( 'NONE', *, *, #3009, .T. ) ;
#972 = PRESENTATION_STYLE_ASSIGNMENT (( #4096 ) ) ;
#973 = VECTOR ( 'NONE', #2662, 1000.000000000000000 ) ;
#974 = LINE ( 'NONE', #4076, #1586 ) ;
#975 = ORIENTED_EDGE ( 'NONE', *, *, #4335, .T. ) ;
#976 = FILL_AREA_STYLE_COLOUR ( '', #4550 ) ;
#977 = SURFACE_STYLE_FILL_AREA ( #2884 ) ;
#978 =( NAMED_UNIT ( * ) SI_UNIT ( $, .STERADIAN. ) SOLID_ANGLE_UNIT ( ) );
#979 = STYLED_ITEM ( 'NONE', ( #3592 ), #503 ) ;
#980 = EDGE_LOOP ( 'NONE', ( #2258, #1988, #1747, #4866 ) ) ;
#981 = STYLED_ITEM ( 'NONE', ( #2053 ), #687 ) ;
#982 = DIRECTION ( 'NONE',  ( 0.000000000000000000, -0.000000000000000000, 1.000000000000000000 ) ) ;
#983 =( NAMED_UNIT ( * ) SI_UNIT ( $, .STERADIAN. ) SOLID_ANGLE_UNIT ( ) );
#984 = PRESENTATION_LAYER_ASSIGNMENT (  '', '', ( #3231 ) ) ;
#985 = CARTESIAN_POINT ( 'NONE',  ( 0.2500000000000000555, 2.200000000000000178, -2.549999999999999822 ) ) ;
#986 = CARTESIAN_POINT ( 'NONE',  ( -2.650000000000000355, -1.899999999999999911, -2.549999999999999822 ) ) ;
#987 = EDGE_CURVE ( 'NONE', #1026, #796, #2881, .T. ) ;
#988 = PLANE ( 'NONE',  #734 ) ;
#989 = AXIS2_PLACEMENT_3D ( 'NONE', #1872, #4937, #3034 ) ;
#990 = EDGE_CURVE ( 'NONE', #2444, #169, #3237, .T. ) ;
#991 =( NAMED_UNIT ( * ) PLANE_ANGLE_UNIT ( ) SI_UNIT ( $, .RADIAN. ) );
#992 = VERTEX_POINT ( 'NONE', #4074 ) ;
#993 = FACE_OUTER_BOUND ( 'NONE', #3935, .T. ) ;
#994 = CARTESIAN_POINT ( 'NONE',  ( 1.750000000000000000, -0.2500000000000000000, -4.400000000000000355 ) ) ;
#995 = CYLINDRICAL_SURFACE ( 'NONE', #2658, 0.2999999999999999334 ) ;
#996 = ORIENTED_EDGE ( 'NONE', *, *, #3319, .F. ) ;
#997 = APPLICATION_PROTOCOL_DEFINITION ( 'draft international standard', 'automotive_design', 1998, #4576 ) ;
#998 = SURFACE_STYLE_USAGE ( .BOTH. , #4437 ) ;
#999 = ORIENTED_EDGE ( 'NONE', *, *, #3536, .F. ) ;
#1000 = PLANE ( 'NONE',  #2459 ) ;
#1001 = STYLED_ITEM ( 'NONE', ( #3722 ), #1240 ) ;
#1002 = DIRECTION ( 'NONE',  ( 0.000000000000000000, 1.000000000000000000, 0.000000000000000000 ) ) ;
#1003 = ORIENTED_EDGE ( 'NONE', *, *, #556, .F. ) ;
#1004 = STYLED_ITEM ( 'NONE', ( #2962 ), #1478 ) ;
#1005 = UNCERTAINTY_MEASURE_WITH_UNIT (LENGTH_MEASURE( 1.000000000000000082E-05 ), #2111, 'distance_accuracy_value', 'NONE');
#1006 = CARTESIAN_POINT ( 'NONE',  ( 1.750000000000000000, -2.200000000000000178, 0.000000000000000000 ) ) ;
#1007 = AXIS2_PLACEMENT_3D ( 'NONE', #3621, #4006, #2836 ) ;
#1008 = CARTESIAN_POINT ( 'NONE',  ( 1.750000000000000000, 1.100000000000000089, 0.000000000000000000 ) ) ;
#1009 = AXIS2_PLACEMENT_3D ( 'NONE', #3359, #1929, #3759 ) ;
#1010 = MECHANICAL_DESIGN_GEOMETRIC_PRESENTATION_REPRESENTATION (  '', ( #1259 ), #4075 ) ;
#1011 = SURFACE_STYLE_FILL_AREA ( #2941 ) ;
#1012 = SURFACE_SIDE_STYLE ('',( #4449 ) ) ;
#1013 = EDGE_CURVE ( 'NONE', #2563, #1980, #4842, .T. ) ;
#1014 = MECHANICAL_DESIGN_GEOMETRIC_PRESENTATION_REPRESENTATION (  '', ( #1985 ), #2710 ) ;
#1015 = VECTOR ( 'NONE', #3133, 1000.000000000000000 ) ;
#1016 =( NAMED_UNIT ( * ) SI_UNIT ( $, .STERADIAN. ) SOLID_ANGLE_UNIT ( ) );
#1017 = EDGE_LOOP ( 'NONE', ( #4495, #4948, #1588, #1728 ) ) ;
#1018 = MECHANICAL_DESIGN_GEOMETRIC_PRESENTATION_REPRESENTATION (  '', ( #363 ), #2373 ) ;
#1019 = LINE ( 'NONE', #4891, #2711 ) ;
#1020 = COLOUR_RGB ( '',0.2862745098039215508, 0.2862745098039215508, 0.2862745098039215508 ) ;
#1021 = DIRECTION ( 'NONE',  ( 1.000000000000000000, 0.000000000000000000, 0.000000000000000000 ) ) ;
#1022 = CARTESIAN_POINT ( 'NONE',  ( -0.2500000000000000000, 2.200000000000000178, 0.000000000000000000 ) ) ;
#1023 = EDGE_CURVE ( 'NONE', #859, #833, #3331, .T. ) ;
#1024 = EDGE_CURVE ( 'NONE', #76, #3730, #1823, .T. ) ;
#1025 = MECHANICAL_DESIGN_GEOMETRIC_PRESENTATION_REPRESENTATION (  '', ( #3754 ), #3590 ) ;
#1026 = VERTEX_POINT ( 'NONE', #4918 ) ;
#1027 = CARTESIAN_POINT ( 'NONE',  ( -1.750000000000000000, -1.699999999999999956, 0.000000000000000000 ) ) ;
#1028 = VECTOR ( 'NONE', #1895, 1000.000000000000000 ) ;
#1029 = ORIENTED_EDGE ( 'NONE', *, *, #3979, .F. ) ;
#1030 = VECTOR ( 'NONE', #3985, 1000.000000000000000 ) ;
#1031 = DIRECTION ( 'NONE',  ( 1.000000000000000000, 0.000000000000000000, 0.000000000000000000 ) ) ;
#1032 = DIRECTION ( 'NONE',  ( 0.7070981676119889592, 0.000000000000000000, 0.7071153946561816728 ) ) ;
#1033 = COLOUR_RGB ( '',0.2862745098039215508, 0.2862745098039215508, 0.2862745098039215508 ) ;
#1034 = VECTOR ( 'NONE', #1410, 1000.000000000000000 ) ;
#1035 =( NAMED_UNIT ( * ) PLANE_ANGLE_UNIT ( ) SI_UNIT ( $, .RADIAN. ) );
#1036 = FACE_OUTER_BOUND ( 'NONE', #4670, .T. ) ;
#1037 = LINE ( 'NONE', #2114, #1505 ) ;
#1038 = SURFACE_SIDE_STYLE ('',( #2052 ) ) ;
#1039 = PRESENTATION_LAYER_ASSIGNMENT (  '', '', ( #4173 ) ) ;
#1040 =( LENGTH_UNIT ( ) NAMED_UNIT ( * ) SI_UNIT ( .MILLI., .METRE. ) );
#1041 =( LENGTH_UNIT ( ) NAMED_UNIT ( * ) SI_UNIT ( .MILLI., .METRE. ) );
#1042 = CARTESIAN_POINT ( 'NONE',  ( 2.250000000000000444, -1.500000000000000000, -2.549999999999999822 ) ) ;
#1043 = DIRECTION ( 'NONE',  ( 1.000000000000000000, 0.000000000000000000, 0.000000000000000000 ) ) ;
#1044 = CARTESIAN_POINT ( 'NONE',  ( -2.250000000000000444, -2.200000000000000178, -1.949999999999999956 ) ) ;
#1045 = PRODUCT_DEFINITION_SHAPE ( 'NONE', 'NONE',  #1781 ) ;
#1046 = ORIENTED_EDGE ( 'NONE', *, *, #4643, .F. ) ;
#1047 =( LENGTH_UNIT ( ) NAMED_UNIT ( * ) SI_UNIT ( .MILLI., .METRE. ) );
#1048 = DIRECTION ( 'NONE',  ( 1.000000000000000000, 0.000000000000000000, 0.000000000000000000 ) ) ;
#1049 = DIRECTION ( 'NONE',  ( 0.000000000000000000, -0.000000000000000000, 1.000000000000000000 ) ) ;
#1050 = ADVANCED_FACE ( 'NONE', ( #3364 ), #4592, .T. ) ;
#1051 = FILL_AREA_STYLE_COLOUR ( '', #3193 ) ;
#1052 = CLOSED_SHELL ( 'NONE', ( #4796, #4738, #2067, #4336, #1753, #4788, #2360, #4521 ) ) ;
#1053 = UNCERTAINTY_MEASURE_WITH_UNIT (LENGTH_MEASURE( 1.000000000000000082E-05 ), #1313, 'distance_accuracy_value', 'NONE');
#1054 = DIRECTION ( 'NONE',  ( -1.000000000000000000, 0.000000000000000000, 0.000000000000000000 ) ) ;
#1055 = PRESENTATION_STYLE_ASSIGNMENT (( #3287 ) ) ;
#1056 = DIRECTION ( 'NONE',  ( -1.000000000000000000, -0.000000000000000000, 0.000000000000000000 ) ) ;
#1057 =( GEOMETRIC_REPRESENTATION_CONTEXT ( 3 ) GLOBAL_UNCERTAINTY_ASSIGNED_CONTEXT ( ( #2565 ) ) GLOBAL_UNIT_ASSIGNED_CONTEXT ( ( #1784, #2564, #4028 ) ) REPRESENTATION_CONTEXT ( 'NONE', 'WORKASPACE' ) );
#1058 = PRESENTATION_STYLE_ASSIGNMENT (( #3741 ) ) ;
#1059 = UNCERTAINTY_MEASURE_WITH_UNIT (LENGTH_MEASURE( 1.000000000000000082E-05 ), #1766, 'distance_accuracy_value', 'NONE');
#1060 = LINE ( 'NONE', #3719, #33 ) ;
#1061 = STYLED_ITEM ( 'NONE', ( #1185 ), #483 ) ;
#1062 = SURFACE_STYLE_FILL_AREA ( #4498 ) ;
#1063 = VECTOR ( 'NONE', #3797, 1000.000000000000000 ) ;
#1064 = CARTESIAN_POINT ( 'NONE',  ( -3.260000000000000675, 1.699999999999999956, 0.000000000000000000 ) ) ;
#1065 = CARTESIAN_POINT ( 'NONE',  ( -1.750000000000000000, 0.000000000000000000, 2.700000000000000178 ) ) ;
#1066 = CARTESIAN_POINT ( 'NONE',  ( 1.750000000000000000, 1.100000000000000089, 1.699999999999999956 ) ) ;
#1067 = AXIS2_PLACEMENT_3D ( 'NONE', #4276, #834, #4490 ) ;
#1068 = PRESENTATION_LAYER_ASSIGNMENT (  '', '', ( #1716 ) ) ;
#1069 = CARTESIAN_POINT ( 'NONE',  ( -3.250000000000000444, -1.899999999999999911, -2.949998945221000035 ) ) ;
#1070 = DIRECTION ( 'NONE',  ( 0.000000000000000000, 0.000000000000000000, -1.000000000000000000 ) ) ;
#1071 = ORIENTED_EDGE ( 'NONE', *, *, #1969, .F. ) ;
#1072 = PRESENTATION_STYLE_ASSIGNMENT (( #4163 ) ) ;
#1073 = DIRECTION ( 'NONE',  ( -1.000000000000000000, -0.000000000000000000, -0.000000000000000000 ) ) ;
#1074 = VERTEX_POINT ( 'NONE', #2303 ) ;
#1075 = DIRECTION ( 'NONE',  ( -0.000000000000000000, 0.000000000000000000, -1.000000000000000000 ) ) ;
#1076 = SURFACE_SIDE_STYLE ('',( #3335 ) ) ;
#1077 =( NAMED_UNIT ( * ) SI_UNIT ( $, .STERADIAN. ) SOLID_ANGLE_UNIT ( ) );
#1078 = EDGE_CURVE ( 'NONE', #3236, #759, #1098, .T. ) ;
#1079 = EDGE_CURVE ( 'NONE', #3120, #3389, #3064, .T. ) ;
#1080 = CARTESIAN_POINT ( 'NONE',  ( -0.2500000000000000000, 1.100000000000000089, 0.000000000000000000 ) ) ;
#1081 = VERTEX_POINT ( 'NONE', #4189 ) ;
#1082 =( NAMED_UNIT ( * ) PLANE_ANGLE_UNIT ( ) SI_UNIT ( $, .RADIAN. ) );
#1083 = ADVANCED_FACE ( 'NONE', ( #2982 ), #4513, .T. ) ;
#1084 = EDGE_CURVE ( 'NONE', #12, #2423, #3762, .T. ) ;
#1085 = VECTOR ( 'NONE', #3270, 1000.000000000000000 ) ;
#1086 = FACE_OUTER_BOUND ( 'NONE', #2841, .T. ) ;
#1087 =( NAMED_UNIT ( * ) SI_UNIT ( $, .STERADIAN. ) SOLID_ANGLE_UNIT ( ) );
#1088 = CARTESIAN_POINT ( 'NONE',  ( -0.2500000000000000000, 0.000000000000000000, -1.949999999999999956 ) ) ;
#1089 =( GEOMETRIC_REPRESENTATION_CONTEXT ( 3 ) GLOBAL_UNCERTAINTY_ASSIGNED_CONTEXT ( ( #1509 ) ) GLOBAL_UNIT_ASSIGNED_CONTEXT ( ( #3591, #4329, #3564 ) ) REPRESENTATION_CONTEXT ( 'NONE', 'WORKASPACE' ) );
#1090 = DIRECTION ( 'NONE',  ( 1.000000000000000000, 0.000000000000000000, 0.000000000000000000 ) ) ;
#1091 = VECTOR ( 'NONE', #1520, 1000.000000000000000 ) ;
#1092 = FILL_AREA_STYLE ('',( #2546 ) ) ;
#1093 = FACE_OUTER_BOUND ( 'NONE', #3864, .T. ) ;
#1094 = VECTOR ( 'NONE', #2999, 1000.000000000000000 ) ;
#1095 = PRESENTATION_LAYER_ASSIGNMENT (  '', '', ( #4946 ) ) ;
#1096 = ORIENTED_EDGE ( 'NONE', *, *, #2465, .F. ) ;
#1097 = STYLED_ITEM ( 'NONE', ( #3634 ), #3353 ) ;
#1098 = LINE ( 'NONE', #2256, #1636 ) ;
#1099 = MECHANICAL_DESIGN_GEOMETRIC_PRESENTATION_REPRESENTATION (  '', ( #4627 ), #1664 ) ;
#1100 = LINE ( 'NONE', #2691, #3020 ) ;
#1101 = ORIENTED_EDGE ( 'NONE', *, *, #3117, .T. ) ;
#1102 = FILL_AREA_STYLE_COLOUR ( '', #2524 ) ;
#1103 = DIRECTION ( 'NONE',  ( 1.000000000000000000, -0.000000000000000000, 0.000000000000000000 ) ) ;
#1104 = AXIS2_PLACEMENT_3D ( 'NONE', #2469, #3177, #2388 ) ;
#1105 = ORIENTED_EDGE ( 'NONE', *, *, #2187, .F. ) ;
#1106 = EDGE_CURVE ( 'NONE', #3041, #3010, #381, .T. ) ;
#1107 = UNCERTAINTY_MEASURE_WITH_UNIT (LENGTH_MEASURE( 1.000000000000000082E-05 ), #4272, 'distance_accuracy_value', 'NONE');
#1108 = FACE_OUTER_BOUND ( 'NONE', #2476, .T. ) ;
#1109 = CARTESIAN_POINT ( 'NONE',  ( -0.2500000000000000000, 1.100000000000000089, 1.699999999999999956 ) ) ;
#1110 = ORIENTED_EDGE ( 'NONE', *, *, #4731, .T. ) ;
#1111 = FACE_OUTER_BOUND ( 'NONE', #756, .T. ) ;
#1112 = ORIENTED_EDGE ( 'NONE', *, *, #3519, .T. ) ;
#1113 = ADVANCED_FACE ( 'NONE', ( #2384 ), #302, .T. ) ;
#1114 = AXIS2_PLACEMENT_3D ( 'NONE', #4425, #1695, #559 ) ;
#1115 = EDGE_CURVE ( 'NONE', #3823, #3094, #4164, .T. ) ;
#1116 = DIRECTION ( 'NONE',  ( 0.000000000000000000, -1.000000000000000000, 0.000000000000000000 ) ) ;
#1117 = AXIS2_PLACEMENT_3D ( 'NONE', #146, #3650, #3276 ) ;
#1118 =( NAMED_UNIT ( * ) SI_UNIT ( $, .STERADIAN. ) SOLID_ANGLE_UNIT ( ) );
#1119 = CARTESIAN_POINT ( 'NONE',  ( 1.750000000000000000, 0.000000000000000000, 1.209799459665320764 ) ) ;
#1120 = DIRECTION ( 'NONE',  ( 1.000000000000000000, -0.000000000000000000, 0.000000000000000000 ) ) ;
#1121 = PRESENTATION_STYLE_ASSIGNMENT (( #637 ) ) ;
#1122 = SURFACE_SIDE_STYLE ('',( #745 ) ) ;
#1123 = VECTOR ( 'NONE', #2361, 1000.000000000000000 ) ;
#1124 = DIRECTION ( 'NONE',  ( 0.000000000000000000, -0.000000000000000000, -1.000000000000000000 ) ) ;
#1125 = VERTEX_POINT ( 'NONE', #4967 ) ;
#1126 = COLOUR_RGB ( '',0.2862745098039215508, 0.2862745098039215508, 0.2862745098039215508 ) ;
#1127 = PLANE ( 'NONE',  #2068 ) ;
#1128 = SURFACE_STYLE_USAGE ( .BOTH. , #2279 ) ;
#1129 = FACE_OUTER_BOUND ( 'NONE', #9, .T. ) ;
#1130 = EDGE_LOOP ( 'NONE', ( #996, #2910, #1611, #3886 ) ) ;
#1131 = SURFACE_SIDE_STYLE ('',( #1876 ) ) ;
#1132 = DIRECTION ( 'NONE',  ( -1.000000000000000000, -0.000000000000000000, 0.000000000000000000 ) ) ;
#1133 = SURFACE_STYLE_USAGE ( .BOTH. , #955 ) ;
#1134 = ORIENTED_EDGE ( 'NONE', *, *, #3656, .T. ) ;
#1135 = DIRECTION ( 'NONE',  ( -0.000000000000000000, -0.000000000000000000, 1.000000000000000000 ) ) ;
#1136 = CLOSED_SHELL ( 'NONE', ( #2688, #69, #1477, #3449, #4070, #2917, #4828, #4700 ) ) ;
#1137 = ORIENTED_EDGE ( 'NONE', *, *, #4651, .T. ) ;
#1138 =( NAMED_UNIT ( * ) SI_UNIT ( $, .STERADIAN. ) SOLID_ANGLE_UNIT ( ) );
#1139 = FILL_AREA_STYLE_COLOUR ( '', #3587 ) ;
#1140 = VECTOR ( 'NONE', #3717, 1000.000000000000000 ) ;
#1141 = ORIENTED_EDGE ( 'NONE', *, *, #3258, .F. ) ;
#1142 = LINE ( 'NONE', #3837, #3953 ) ;
#1143 =( GEOMETRIC_REPRESENTATION_CONTEXT ( 3 ) GLOBAL_UNCERTAINTY_ASSIGNED_CONTEXT ( ( #2108 ) ) GLOBAL_UNIT_ASSIGNED_CONTEXT ( ( #4793, #855, #1347 ) ) REPRESENTATION_CONTEXT ( 'NONE', 'WORKASPACE' ) );
#1144 = EDGE_CURVE ( 'NONE', #3257, #2048, #4922, .T. ) ;
#1145 = EDGE_CURVE ( 'NONE', #1957, #2302, #2666, .T. ) ;
#1146 = PLANE ( 'NONE',  #4152 ) ;
#1147 = ORIENTED_EDGE ( 'NONE', *, *, #3791, .F. ) ;
#1148 =( NAMED_UNIT ( * ) PLANE_ANGLE_UNIT ( ) SI_UNIT ( $, .RADIAN. ) );
#1149 = MECHANICAL_DESIGN_GEOMETRIC_PRESENTATION_REPRESENTATION (  '', ( #825 ), #4596 ) ;
#1150 = EDGE_LOOP ( 'NONE', ( #4786, #1351, #2380, #2177, #3662 ) ) ;
#1151 =( GEOMETRIC_REPRESENTATION_CONTEXT ( 3 ) GLOBAL_UNCERTAINTY_ASSIGNED_CONTEXT ( ( #1763 ) ) GLOBAL_UNIT_ASSIGNED_CONTEXT ( ( #2338, #4706, #1494 ) ) REPRESENTATION_CONTEXT ( 'NONE', 'WORKASPACE' ) );
#1152 = DIRECTION ( 'NONE',  ( -1.000000000000000000, -0.000000000000000000, -0.000000000000000000 ) ) ;
#1153 = LINE ( 'NONE', #3822, #1327 ) ;
#1154 = ORIENTED_EDGE ( 'NONE', *, *, #1731, .T. ) ;
#1155 = UNCERTAINTY_MEASURE_WITH_UNIT (LENGTH_MEASURE( 1.000000000000000082E-05 ), #1773, 'distance_accuracy_value', 'NONE');
#1156 = DIRECTION ( 'NONE',  ( 0.000000000000000000, -0.000000000000000000, 1.000000000000000000 ) ) ;
#1157 = PRESENTATION_STYLE_ASSIGNMENT (( #3443 ) ) ;
#1158 = ORIENTED_EDGE ( 'NONE', *, *, #812, .T. ) ;
#1159 = LINE ( 'NONE', #782, #1485 ) ;
#1160 = SURFACE_STYLE_USAGE ( .BOTH. , #1938 ) ;
#1161 = ORIENTED_EDGE ( 'NONE', *, *, #1408, .T. ) ;
#1162 = SURFACE_SIDE_STYLE ('',( #736 ) ) ;
#1163 = CARTESIAN_POINT ( 'NONE',  ( -2.250000000000000444, 1.500000000000000000, -2.600000000000000533 ) ) ;
#1164 = ORIENTED_EDGE ( 'NONE', *, *, #776, .T. ) ;
#1165 = LINE ( 'NONE', #342, #4063 ) ;
#1166 = CARTESIAN_POINT ( 'NONE',  ( -2.650000000000000355, -1.899999999999999911, -2.549999999999999822 ) ) ;
#1167 = PRESENTATION_LAYER_ASSIGNMENT (  '', '', ( #1004 ) ) ;
#1168 = SURFACE_STYLE_USAGE ( .BOTH. , #4609 ) ;
#1169 = ORIENTED_EDGE ( 'NONE', *, *, #4943, .F. ) ;
#1170 = CARTESIAN_POINT ( 'NONE',  ( -3.260000000000000675, 2.200000000000000178, -2.549999999999999822 ) ) ;
#1171 = AXIS2_PLACEMENT_3D ( 'NONE', #1289, #3599, #1997 ) ;
#1172 = CARTESIAN_POINT ( 'NONE',  ( -1.749999999999999778, 1.500000000000000000, -2.549999999999999822 ) ) ;
#1173 = ORIENTED_EDGE ( 'NONE', *, *, #2617, .T. ) ;
#1174 = PRESENTATION_LAYER_ASSIGNMENT (  '', '', ( #1658 ) ) ;
#1175 = PRESENTATION_LAYER_ASSIGNMENT (  '', '', ( #2220 ) ) ;
#1176 = EDGE_CURVE ( 'NONE', #759, #2096, #1528, .T. ) ;
#1177 = CARTESIAN_POINT ( 'NONE',  ( 3.250000000000000444, 1.899999999999999911, -2.549999999999999822 ) ) ;
#1178 = ADVANCED_FACE ( 'NONE', ( #558 ), #2756, .T. ) ;
#1179 = DIRECTION ( 'NONE',  ( -0.000000000000000000, -0.000000000000000000, 1.000000000000000000 ) ) ;
#1180 = VECTOR ( 'NONE', #3876, 1000.000000000000000 ) ;
#1181 = STYLED_ITEM ( 'NONE', ( #3086 ), #2484 ) ;
#1182 = ORIENTED_EDGE ( 'NONE', *, *, #349, .T. ) ;
#1183 =( LENGTH_UNIT ( ) NAMED_UNIT ( * ) SI_UNIT ( .MILLI., .METRE. ) );
#1184 = VECTOR ( 'NONE', #664, 1000.000000000000000 ) ;
#1185 = PRESENTATION_STYLE_ASSIGNMENT (( #1960 ) ) ;
#1186 = DIRECTION ( 'NONE',  ( 1.000000000000000000, -0.000000000000000000, 0.000000000000000000 ) ) ;
#1187 = VECTOR ( 'NONE', #329, 1000.000000000000000 ) ;
#1188 = ORIENTED_EDGE ( 'NONE', *, *, #4257, .F. ) ;
#1189 = FILL_AREA_STYLE_COLOUR ( '', #3509 ) ;
#1190 = VERTEX_POINT ( 'NONE', #3241 ) ;
#1191 = FACE_OUTER_BOUND ( 'NONE', #2182, .T. ) ;
#1192 = LINE ( 'NONE', #4557, #4538 ) ;
#1193 = PRESENTATION_STYLE_ASSIGNMENT (( #1568 ) ) ;
#1194 =( GEOMETRIC_REPRESENTATION_CONTEXT ( 3 ) GLOBAL_UNCERTAINTY_ASSIGNED_CONTEXT ( ( #2101 ) ) GLOBAL_UNIT_ASSIGNED_CONTEXT ( ( #13, #4038, #607 ) ) REPRESENTATION_CONTEXT ( 'NONE', 'WORKASPACE' ) );
#1195 = AXIS2_PLACEMENT_3D ( 'NONE', #3501, #54, #1598 ) ;
#1196 = SURFACE_SIDE_STYLE ('',( #690 ) ) ;
#1197 = CARTESIAN_POINT ( 'NONE',  ( -0.2500000000000000000, 1.100000000000000089, 1.209799459665320764 ) ) ;
#1198 = FILL_AREA_STYLE ('',( #402 ) ) ;
#1199 = VERTEX_POINT ( 'NONE', #2086 ) ;
#1200 = DIRECTION ( 'NONE',  ( 1.000000000000000000, -0.000000000000000000, 0.000000000000000000 ) ) ;
#1201 = VECTOR ( 'NONE', #1680, 1000.000000000000000 ) ;
#1202 = DIRECTION ( 'NONE',  ( 1.000000000000000000, 0.000000000000000000, -0.000000000000000000 ) ) ;
#1203 = ORIENTED_EDGE ( 'NONE', *, *, #4207, .T. ) ;
#1204 = CARTESIAN_POINT ( 'NONE',  ( 1.750000000000000000, -1.100000000000000089, 0.000000000000000000 ) ) ;
#1205 = UNCERTAINTY_MEASURE_WITH_UNIT (LENGTH_MEASURE( 1.000000000000000082E-05 ), #4836, 'distance_accuracy_value', 'NONE');
#1206 = DIRECTION ( 'NONE',  ( 0.000000000000000000, 1.000000000000000000, 0.000000000000000000 ) ) ;
#1207 = ORIENTED_EDGE ( 'NONE', *, *, #4092, .F. ) ;
#1208 = ADVANCED_FACE ( 'NONE', ( #3174 ), #1329, .T. ) ;
#1209 = EDGE_CURVE ( 'NONE', #567, #821, #2795, .T. ) ;
#1210 = PLANE ( 'NONE',  #1067 ) ;
#1211 = ORIENTED_EDGE ( 'NONE', *, *, #2457, .T. ) ;
#1212 = FACE_OUTER_BOUND ( 'NONE', #2530, .T. ) ;
#1213 =( NAMED_UNIT ( * ) SI_UNIT ( $, .STERADIAN. ) SOLID_ANGLE_UNIT ( ) );
#1214 = DIRECTION ( 'NONE',  ( 1.000000000000000000, -0.000000000000000000, 0.000000000000000000 ) ) ;
#1215 = EDGE_CURVE ( 'NONE', #3952, #4460, #3984, .T. ) ;
#1216 = VERTEX_POINT ( 'NONE', #4332 ) ;
#1217 = VERTEX_POINT ( 'NONE', #4801 ) ;
#1218 = STYLED_ITEM ( 'NONE', ( #3197 ), #4 ) ;
#1219 = DIRECTION ( 'NONE',  ( 0.000000000000000000, 0.000000000000000000, -1.000000000000000000 ) ) ;
#1220 = CARTESIAN_POINT ( 'NONE',  ( 0.2500000000000000000, 2.200000000000000178, -1.949999999999999956 ) ) ;
#1221 = DIRECTION ( 'NONE',  ( 0.000000000000000000, 0.000000000000000000, -1.000000000000000000 ) ) ;
#1222 = VERTEX_POINT ( 'NONE', #530 ) ;
#1223 = DIRECTION ( 'NONE',  ( 0.000000000000000000, 0.000000000000000000, -1.000000000000000000 ) ) ;
#1224 = COLOUR_RGB ( '',0.8627450980392157298, 0.5882352941176470784, 0.06274509803921568540 ) ;
#1225 = PLANE ( 'NONE',  #1117 ) ;
#1226 = VERTEX_POINT ( 'NONE', #985 ) ;
#1227 = DIRECTION ( 'NONE',  ( 1.000000000000000000, 0.000000000000000000, -0.000000000000000000 ) ) ;
#1228 = VECTOR ( 'NONE', #3407, 1000.000000000000000 ) ;
#1229 = ORIENTED_EDGE ( 'NONE', *, *, #2891, .T. ) ;
#1230 = ORIENTED_EDGE ( 'NONE', *, *, #2552, .T. ) ;
#1231 = STYLED_ITEM ( 'NONE', ( #963 ), #1208 ) ;
#1232 = SURFACE_STYLE_FILL_AREA ( #1959 ) ;
#1233 = DIRECTION ( 'NONE',  ( 1.000000000000000000, 0.000000000000000000, 0.000000000000000000 ) ) ;
#1234 = ADVANCED_FACE ( 'NONE', ( #3948 ), #2069, .F. ) ;
#1235 = EDGE_CURVE ( 'NONE', #3274, #419, #682, .T. ) ;
#1236 = CARTESIAN_POINT ( 'NONE',  ( -1.750000000000000000, 0.000000000000000000, -1.949999999999999956 ) ) ;
#1237 = SURFACE_STYLE_FILL_AREA ( #4678 ) ;
#1238 = ORIENTED_EDGE ( 'NONE', *, *, #2354, .F. ) ;
#1239 =( NAMED_UNIT ( * ) SI_UNIT ( $, .STERADIAN. ) SOLID_ANGLE_UNIT ( ) );
#1240 = ADVANCED_FACE ( 'NONE', ( #660 ), #261, .T. ) ;
#1241 = LINE ( 'NONE', #2771, #3969 ) ;
#1242 = EDGE_CURVE ( 'NONE', #2822, #432, #3748, .T. ) ;
#1243 = LINE ( 'NONE', #2321, #3042 ) ;
#1244 = SURFACE_SIDE_STYLE ('',( #4735 ) ) ;
#1245 = AXIS2_PLACEMENT_3D ( 'NONE', #3420, #3803, #4950 ) ;
#1246 = EDGE_LOOP ( 'NONE', ( #172, #2766, #2075, #1282, #4711, #3689 ) ) ;
#1247 =( GEOMETRIC_REPRESENTATION_CONTEXT ( 3 ) GLOBAL_UNCERTAINTY_ASSIGNED_CONTEXT ( ( #754 ) ) GLOBAL_UNIT_ASSIGNED_CONTEXT ( ( #1404, #2827, #1838 ) ) REPRESENTATION_CONTEXT ( 'NONE', 'WORKASPACE' ) );
#1248 = CARTESIAN_POINT ( 'NONE',  ( -2.250000000000000444, -2.399999999999999911, -1.949999999999999956 ) ) ;
#1249 = ORIENTED_EDGE ( 'NONE', *, *, #4483, .F. ) ;
#1250 = PRESENTATION_STYLE_ASSIGNMENT (( #4215 ) ) ;
#1251 = UNCERTAINTY_MEASURE_WITH_UNIT (LENGTH_MEASURE( 1.000000000000000082E-05 ), #865, 'distance_accuracy_value', 'NONE');
#1252 =( NAMED_UNIT ( * ) PLANE_ANGLE_UNIT ( ) SI_UNIT ( $, .RADIAN. ) );
#1253 = AXIS2_PLACEMENT_3D ( 'NONE', #3080, #1923, #398 ) ;
#1254 = ORIENTED_EDGE ( 'NONE', *, *, #1844, .F. ) ;
#1255 =( GEOMETRIC_REPRESENTATION_CONTEXT ( 3 ) GLOBAL_UNCERTAINTY_ASSIGNED_CONTEXT ( ( #2505 ) ) GLOBAL_UNIT_ASSIGNED_CONTEXT ( ( #1563, #1082, #4623 ) ) REPRESENTATION_CONTEXT ( 'NONE', 'WORKASPACE' ) );
#1256 = CARTESIAN_POINT ( 'NONE',  ( 0.2500000000000000000, -2.399999999999999911, 0.000000000000000000 ) ) ;
#1257 = ORIENTED_EDGE ( 'NONE', *, *, #2587, .T. ) ;
#1258 = VECTOR ( 'NONE', #4536, 1000.000000000000000 ) ;
#1259 = STYLED_ITEM ( 'NONE', ( #2789 ), #2201 ) ;
#1260 = SURFACE_STYLE_USAGE ( .BOTH. , #4697 ) ;
#1261 = EDGE_LOOP ( 'NONE', ( #3156, #1110, #4046, #2346 ) ) ;
#1262 = PRESENTATION_LAYER_ASSIGNMENT (  '', '', ( #3432 ) ) ;
#1263 = MECHANICAL_DESIGN_GEOMETRIC_PRESENTATION_REPRESENTATION (  '', ( #1181 ), #358 ) ;
#1264 = LINE ( 'NONE', #886, #3377 ) ;
#1265 = DIRECTION ( 'NONE',  ( 1.000000000000000000, -0.000000000000000000, 0.000000000000000000 ) ) ;
#1266 = VECTOR ( 'NONE', #3895, 1000.000000000000000 ) ;
#1267 = EDGE_CURVE ( 'NONE', #21, #4065, #4055, .T. ) ;
#1268 = CARTESIAN_POINT ( 'NONE',  ( -1.750000000000000000, 1.100000000000000089, 0.000000000000000000 ) ) ;
#1269 = ADVANCED_FACE ( 'NONE', ( #239 ), #3316, .T. ) ;
#1270 = MECHANICAL_DESIGN_GEOMETRIC_PRESENTATION_REPRESENTATION (  '', ( #2643 ), #1595 ) ;
#1271 = ORIENTED_EDGE ( 'NONE', *, *, #4588, .F. ) ;
#1272 = VECTOR ( 'NONE', #2623, 1000.000000000000000 ) ;
#1273 = DIRECTION ( 'NONE',  ( 1.000000000000000000, -0.000000000000000000, 0.000000000000000000 ) ) ;
#1274 = DIRECTION ( 'NONE',  ( 0.000000000000000000, 0.000000000000000000, -1.000000000000000000 ) ) ;
#1275 = ORIENTED_EDGE ( 'NONE', *, *, #2945, .T. ) ;
#1276 = DIRECTION ( 'NONE',  ( -0.000000000000000000, -0.000000000000000000, 1.000000000000000000 ) ) ;
#1277 = STYLED_ITEM ( 'NONE', ( #2521 ), #4366 ) ;
#1278 = SURFACE_STYLE_USAGE ( .BOTH. , #3612 ) ;
#1279 = EDGE_LOOP ( 'NONE', ( #130, #2120, #3582 ) ) ;
#1280 = AXIS2_PLACEMENT_3D ( 'NONE', #3723, #3751, #3374 ) ;
#1281 = DIRECTION ( 'NONE',  ( 1.000000000000000000, -0.000000000000000000, 0.000000000000000000 ) ) ;
#1282 = ORIENTED_EDGE ( 'NONE', *, *, #2456, .T. ) ;
#1283 = CARTESIAN_POINT ( 'NONE',  ( 0.2500000000000002220, -2.200000000000000178, -2.549999999999999822 ) ) ;
#1284 =( NAMED_UNIT ( * ) PLANE_ANGLE_UNIT ( ) SI_UNIT ( $, .RADIAN. ) );
#1285 = FILL_AREA_STYLE_COLOUR ( '', #4459 ) ;
#1286 = VECTOR ( 'NONE', #1827, 1000.000000000000000 ) ;
#1287 = VECTOR ( 'NONE', #1942, 1000.000000000000000 ) ;
#1288 = CARTESIAN_POINT ( 'NONE',  ( -2.750000000000000000, -1.699999999999999956, 0.000000000000000000 ) ) ;
#1289 = CARTESIAN_POINT ( 'NONE',  ( 2.950000000000000178, 1.899999999999999911, -2.549999999999999822 ) ) ;
#1290 = DIRECTION ( 'NONE',  ( 0.000000000000000000, 0.000000000000000000, -1.000000000000000000 ) ) ;
#1291 = FILL_AREA_STYLE ('',( #159 ) ) ;
#1292 = FILL_AREA_STYLE ('',( #1722 ) ) ;
#1293 = EDGE_CURVE ( 'NONE', #225, #169, #4884, .T. ) ;
#1294 = EDGE_CURVE ( 'NONE', #900, #1389, #2436, .T. ) ;
#1295 = STYLED_ITEM ( 'NONE', ( #1609 ), #204 ) ;
#1296 = SURFACE_STYLE_USAGE ( .BOTH. , #2443 ) ;
#1297 = FILL_AREA_STYLE_COLOUR ( '', #2796 ) ;
#1298 = ORIENTED_EDGE ( 'NONE', *, *, #2828, .F. ) ;
#1299 = PLANE ( 'NONE',  #4422 ) ;
#1300 = CARTESIAN_POINT ( 'NONE',  ( -0.2500000000000000000, -0.2500000000000000000, -4.400000000000000355 ) ) ;
#1301 = EDGE_CURVE ( 'NONE', #650, #1125, #1855, .T. ) ;
#1302 = ORIENTED_EDGE ( 'NONE', *, *, #3790, .T. ) ;
#1303 = COLOUR_RGB ( '',1.000000000000000000, 1.000000000000000000, 1.000000000000000000 ) ;
#1304 = DIRECTION ( 'NONE',  ( 0.000000000000000000, 0.000000000000000000, 1.000000000000000000 ) ) ;
#1305 = UNCERTAINTY_MEASURE_WITH_UNIT (LENGTH_MEASURE( 1.000000000000000082E-05 ), #3593, 'distance_accuracy_value', 'NONE');
#1306 = MECHANICAL_DESIGN_GEOMETRIC_PRESENTATION_REPRESENTATION (  '', ( #2912 ), #2103 ) ;
#1307 = COLOUR_RGB ( '',1.000000000000000000, 1.000000000000000000, 1.000000000000000000 ) ;
#1308 = CARTESIAN_POINT ( 'NONE',  ( -2.250000000000000444, 1.100000000000000089, 1.209799459665320764 ) ) ;
#1309 = CARTESIAN_POINT ( 'NONE',  ( 1.750000000000000000, 0.000000000000000000, -1.949999999999999956 ) ) ;
#1310 = LINE ( 'NONE', #4376, #545 ) ;
#1311 = PLANE ( 'NONE',  #1334 ) ;
#1312 = ORIENTED_EDGE ( 'NONE', *, *, #491, .F. ) ;
#1313 =( LENGTH_UNIT ( ) NAMED_UNIT ( * ) SI_UNIT ( .MILLI., .METRE. ) );
#1314 = ORIENTED_EDGE ( 'NONE', *, *, #455, .F. ) ;
#1315 = ORIENTED_EDGE ( 'NONE', *, *, #4761, .T. ) ;
#1316 = CARTESIAN_POINT ( 'NONE',  ( 0.000000000000000000, 0.000000000000000000, 0.000000000000000000 ) ) ;
#1317 = CARTESIAN_POINT ( 'NONE',  ( -1.749999999999999778, -1.500000000000000000, -2.549999999999999822 ) ) ;
#1318 = ADVANCED_FACE ( 'NONE', ( #1432 ), #2138, .T. ) ;
#1319 = VERTEX_POINT ( 'NONE', #2191 ) ;
#1320 = EDGE_CURVE ( 'NONE', #2038, #103, #178, .T. ) ;
#1321 = COLOUR_RGB ( '',0.2862745098039215508, 0.2862745098039215508, 0.2862745098039215508 ) ;
#1322 = VECTOR ( 'NONE', #3057, 1000.000000000000000 ) ;
#1323 = ORIENTED_EDGE ( 'NONE', *, *, #4520, .F. ) ;
#1324 = DIRECTION ( 'NONE',  ( -0.000000000000000000, -1.000000000000000000, -0.000000000000000000 ) ) ;
#1325 = SURFACE_STYLE_USAGE ( .BOTH. , #1764 ) ;
#1326 = VECTOR ( 'NONE', #4794, 1000.000000000000000 ) ;
#1327 = VECTOR ( 'NONE', #2606, 1000.000000000000000 ) ;
#1328 = VECTOR ( 'NONE', #3379, 1000.000000000000000 ) ;
#1329 = PLANE ( 'NONE',  #3169 ) ;
#1330 = PLANE ( 'NONE',  #3600 ) ;
#1331 = FACE_OUTER_BOUND ( 'NONE', #3908, .T. ) ;
#1332 = ORIENTED_EDGE ( 'NONE', *, *, #1669, .F. ) ;
#1333 = MECHANICAL_DESIGN_GEOMETRIC_PRESENTATION_REPRESENTATION (  '', ( #3432 ), #1744 ) ;
#1334 = AXIS2_PLACEMENT_3D ( 'NONE', #4755, #506, #1221 ) ;
#1335 = PRESENTATION_LAYER_ASSIGNMENT (  '', '', ( #1908 ) ) ;
#1336 = SURFACE_STYLE_FILL_AREA ( #3247 ) ;
#1337 =( NAMED_UNIT ( * ) SI_UNIT ( $, .STERADIAN. ) SOLID_ANGLE_UNIT ( ) );
#1338 = EDGE_LOOP ( 'NONE', ( #2955, #1158, #4470, #4871 ) ) ;
#1339 = SURFACE_STYLE_FILL_AREA ( #88 ) ;
#1340 = STYLED_ITEM ( 'NONE', ( #4237 ), #3888 ) ;
#1341 = VERTEX_POINT ( 'NONE', #3267 ) ;
#1342 = DIRECTION ( 'NONE',  ( 0.000000000000000000, 0.000000000000000000, -1.000000000000000000 ) ) ;
#1343 = CARTESIAN_POINT ( 'NONE',  ( -0.2500000000000000000, -2.399999999999999911, -1.949999999999999956 ) ) ;
#1344 = VECTOR ( 'NONE', #3933, 1000.000000000000000 ) ;
#1345 = EDGE_LOOP ( 'NONE', ( #2849, #200, #1649, #4679 ) ) ;
#1346 = DIRECTION ( 'NONE',  ( 1.000000000000000000, 0.000000000000000000, 0.000000000000000000 ) ) ;
#1347 =( NAMED_UNIT ( * ) SI_UNIT ( $, .STERADIAN. ) SOLID_ANGLE_UNIT ( ) );
#1348 = EDGE_CURVE ( 'NONE', #3010, #3807, #2868, .T. ) ;
#1349 = VECTOR ( 'NONE', #3784, 1000.000000000000000 ) ;
#1350 = EDGE_CURVE ( 'NONE', #3897, #3195, #1060, .T. ) ;
#1351 = ORIENTED_EDGE ( 'NONE', *, *, #1944, .T. ) ;
#1352 = CARTESIAN_POINT ( 'NONE',  ( 2.250000000000000444, 0.000000000000000000, -2.600000000000000533 ) ) ;
#1353 = CARTESIAN_POINT ( 'NONE',  ( -3.250000000000000444, -2.200000000000000178, -2.549999999999999822 ) ) ;
#1354 = AXIS2_PLACEMENT_3D ( 'NONE', #3715, #255, #3340 ) ;
#1355 = DIRECTION ( 'NONE',  ( -0.000000000000000000, -1.000000000000000000, -0.000000000000000000 ) ) ;
#1356 =( LENGTH_UNIT ( ) NAMED_UNIT ( * ) SI_UNIT ( .MILLI., .METRE. ) );
#1357 = FACE_OUTER_BOUND ( 'NONE', #2497, .T. ) ;
#1358 = ORIENTED_EDGE ( 'NONE', *, *, #3692, .T. ) ;
#1359 = FILL_AREA_STYLE_COLOUR ( '', #3584 ) ;
#1360 = DIRECTION ( 'NONE',  ( 1.000000000000000000, 0.000000000000000000, 0.000000000000000000 ) ) ;
#1361 = FACE_OUTER_BOUND ( 'NONE', #3640, .T. ) ;
#1362 = ORIENTED_EDGE ( 'NONE', *, *, #2116, .T. ) ;
#1363 =( NAMED_UNIT ( * ) PLANE_ANGLE_UNIT ( ) SI_UNIT ( $, .RADIAN. ) );
#1364 = CARTESIAN_POINT ( 'NONE',  ( 1.750000000000000000, -1.100000000000000089, 1.699999999999999956 ) ) ;
#1365 = VECTOR ( 'NONE', #1276, 1000.000000000000000 ) ;
#1366 = FACE_OUTER_BOUND ( 'NONE', #3183, .T. ) ;
#1367 = ORIENTED_EDGE ( 'NONE', *, *, #2794, .F. ) ;
#1368 = CARTESIAN_POINT ( 'NONE',  ( 3.250000000000000444, 2.200000000000000178, 0.000000000000000000 ) ) ;
#1369 = VERTEX_POINT ( 'NONE', #2085 ) ;
#1370 = STYLED_ITEM ( 'NONE', ( #3931 ), #676 ) ;
#1371 = DIRECTION ( 'NONE',  ( -0.000000000000000000, -0.000000000000000000, 1.000000000000000000 ) ) ;
#1372 = EDGE_CURVE ( 'NONE', #3257, #1565, #3620, .T. ) ;
#1373 = ADVANCED_FACE ( 'NONE', ( #4398 ), #4442, .T. ) ;
#1374 = PRESENTATION_STYLE_ASSIGNMENT (( #210 ) ) ;
#1375 = LINE ( 'NONE', #4103, #2134 ) ;
#1376 = AXIS2_PLACEMENT_3D ( 'NONE', #2908, #1048, #1754 ) ;
#1377 =( NAMED_UNIT ( * ) SI_UNIT ( $, .STERADIAN. ) SOLID_ANGLE_UNIT ( ) );
#1378 = EDGE_CURVE ( 'NONE', #2536, #2302, #335, .T. ) ;
#1379 = ADVANCED_FACE ( 'NONE', ( #732 ), #4622, .T. ) ;
#1380 = DIRECTION ( 'NONE',  ( -1.000000000000000000, 0.000000000000000000, 0.000000000000000000 ) ) ;
#1381 = PRESENTATION_STYLE_ASSIGNMENT (( #4929 ) ) ;
#1382 = LINE ( 'NONE', #4358, #3129 ) ;
#1383 = VERTEX_POINT ( 'NONE', #3372 ) ;
#1384 = CARTESIAN_POINT ( 'NONE',  ( -2.750000000000000000, -1.699999999999999956, 0.000000000000000000 ) ) ;
#1385 = CARTESIAN_POINT ( 'NONE',  ( 1.750000000000000000, -1.100000000000000089, 0.000000000000000000 ) ) ;
#1386 = VERTEX_POINT ( 'NONE', #4903 ) ;
#1387 = CARTESIAN_POINT ( 'NONE',  ( -0.2500000000000000000, -2.200000000000000178, 0.000000000000000000 ) ) ;
#1388 = DIRECTION ( 'NONE',  ( 0.000000000000000000, 1.000000000000000000, 0.000000000000000000 ) ) ;
#1389 = VERTEX_POINT ( 'NONE', #4924 ) ;
#1390 = FILL_AREA_STYLE ('',( #1051 ) ) ;
#1391 = UNCERTAINTY_MEASURE_WITH_UNIT (LENGTH_MEASURE( 1.000000000000000082E-05 ), #3766, 'distance_accuracy_value', 'NONE');
#1392 =( LENGTH_UNIT ( ) NAMED_UNIT ( * ) SI_UNIT ( .MILLI., .METRE. ) );
#1393 = LINE ( 'NONE', #2132, #188 ) ;
#1394 = VERTEX_POINT ( 'NONE', #2286 ) ;
#1395 = DIRECTION ( 'NONE',  ( 1.000000000000000000, -0.000000000000000000, 0.000000000000000000 ) ) ;
#1396 = UNCERTAINTY_MEASURE_WITH_UNIT (LENGTH_MEASURE( 1.000000000000000082E-05 ), #4129, 'distance_accuracy_value', 'NONE');
#1397 = LINE ( 'NONE', #3672, #854 ) ;
#1398 = PRESENTATION_LAYER_ASSIGNMENT (  '', '', ( #2620 ) ) ;
#1399 =( NAMED_UNIT ( * ) PLANE_ANGLE_UNIT ( ) SI_UNIT ( $, .RADIAN. ) );
#1400 = VECTOR ( 'NONE', #2701, 1000.000000000000000 ) ;
#1401 = DIRECTION ( 'NONE',  ( 0.000000000000000000, -0.000000000000000000, -1.000000000000000000 ) ) ;
#1402 =( GEOMETRIC_REPRESENTATION_CONTEXT ( 3 ) GLOBAL_UNCERTAINTY_ASSIGNED_CONTEXT ( ( #2016 ) ) GLOBAL_UNIT_ASSIGNED_CONTEXT ( ( #499, #4696, #1688 ) ) REPRESENTATION_CONTEXT ( 'NONE', 'WORKASPACE' ) );
#1403 = LINE ( 'NONE', #1088, #4169 ) ;
#1404 =( LENGTH_UNIT ( ) NAMED_UNIT ( * ) SI_UNIT ( .MILLI., .METRE. ) );
#1405 = PRESENTATION_LAYER_ASSIGNMENT (  '', '', ( #4707 ) ) ;
#1406 =( GEOMETRIC_REPRESENTATION_CONTEXT ( 3 ) GLOBAL_UNCERTAINTY_ASSIGNED_CONTEXT ( ( #4723 ) ) GLOBAL_UNIT_ASSIGNED_CONTEXT ( ( #4168, #3799, #1077 ) ) REPRESENTATION_CONTEXT ( 'NONE', 'WORKASPACE' ) );
#1407 = EDGE_CURVE ( 'NONE', #1594, #1963, #2697, .T. ) ;
#1408 = EDGE_CURVE ( 'NONE', #2862, #4692, #2131, .T. ) ;
#1409 =( LENGTH_UNIT ( ) NAMED_UNIT ( * ) SI_UNIT ( .MILLI., .METRE. ) );
#1410 = DIRECTION ( 'NONE',  ( -0.000000000000000000, -0.000000000000000000, 1.000000000000000000 ) ) ;
#1411 = STYLED_ITEM ( 'NONE', ( #3712 ), #3597 ) ;
#1412 = DIRECTION ( 'NONE',  ( -0.000000000000000000, -1.000000000000000000, -0.000000000000000000 ) ) ;
#1413 = PRESENTATION_LAYER_ASSIGNMENT (  '', '', ( #4236 ) ) ;
#1414 = CARTESIAN_POINT ( 'NONE',  ( -0.2500000000000000000, 0.1000000000000000056, 2.700000000000000178 ) ) ;
#1415 = DIRECTION ( 'NONE',  ( -0.000000000000000000, 0.000000000000000000, 1.000000000000000000 ) ) ;
#1416 = FACE_OUTER_BOUND ( 'NONE', #3627, .T. ) ;
#1417 = PRESENTATION_LAYER_ASSIGNMENT (  '', '', ( #1993 ) ) ;
#1418 = ORIENTED_EDGE ( 'NONE', *, *, #2490, .F. ) ;
#1419 =( NAMED_UNIT ( * ) SI_UNIT ( $, .STERADIAN. ) SOLID_ANGLE_UNIT ( ) );
#1420 = CARTESIAN_POINT ( 'NONE',  ( -0.2500000000000000000, -1.100000000000000089, 1.209799459665320764 ) ) ;
#1421 = CARTESIAN_POINT ( 'NONE',  ( 3.250000000000000444, -2.200000000000000178, -1.000000000000000000 ) ) ;
#1422 = ORIENTED_EDGE ( 'NONE', *, *, #330, .F. ) ;
#1423 = DIRECTION ( 'NONE',  ( 0.000000000000000000, -0.000000000000000000, -1.000000000000000000 ) ) ;
#1424 = COLOUR_RGB ( '',0.8627450980392157298, 0.5882352941176470784, 0.06274509803921568540 ) ;
#1425 = SURFACE_STYLE_USAGE ( .BOTH. , #1076 ) ;
#1426 = PLANE ( 'NONE',  #2585 ) ;
#1427 = DIRECTION ( 'NONE',  ( -1.000000000000000000, 0.000000000000000000, -0.000000000000000000 ) ) ;
#1428 = DIRECTION ( 'NONE',  ( -0.000000000000000000, 0.000000000000000000, 1.000000000000000000 ) ) ;
#1429 = ORIENTED_EDGE ( 'NONE', *, *, #162, .T. ) ;
#1430 = MECHANICAL_DESIGN_GEOMETRIC_PRESENTATION_REPRESENTATION (  '', ( #2385 ), #2237 ) ;
#1431 = DIRECTION ( 'NONE',  ( -1.000000000000000000, 0.000000000000000000, 0.000000000000000000 ) ) ;
#1432 = FACE_OUTER_BOUND ( 'NONE', #4955, .T. ) ;
#1433 = FILL_AREA_STYLE_COLOUR ( '', #4776 ) ;
#1434 = AXIS2_PLACEMENT_3D ( 'NONE', #799, #826, #2345 ) ;
#1435 = CARTESIAN_POINT ( 'NONE',  ( 1.750000000000000000, 2.399999999999999911, -1.949999999999999956 ) ) ;
#1436 = AXIS2_PLACEMENT_3D ( 'NONE', #4886, #4131, #2942 ) ;
#1437 = LINE ( 'NONE', #2542, #1597 ) ;
#1438 = LINE ( 'NONE', #1065, #3448 ) ;
#1439 = LINE ( 'NONE', #3699, #1184 ) ;
#1440 = DIRECTION ( 'NONE',  ( 1.000000000000000000, 0.000000000000000000, 0.000000000000000000 ) ) ;
#1441 = MECHANICAL_DESIGN_GEOMETRIC_PRESENTATION_REPRESENTATION (  '', ( #4173 ), #4488 ) ;
#1442 =( NAMED_UNIT ( * ) PLANE_ANGLE_UNIT ( ) SI_UNIT ( $, .RADIAN. ) );
#1443 = DIRECTION ( 'NONE',  ( 0.000000000000000000, 1.000000000000000000, 0.000000000000000000 ) ) ;
#1444 = DIRECTION ( 'NONE',  ( 0.000000000000000000, 1.000000000000000000, 0.000000000000000000 ) ) ;
#1445 = EDGE_CURVE ( 'NONE', #3792, #3959, #3469, .T. ) ;
#1446 = EDGE_CURVE ( 'NONE', #3918, #4175, #1159, .T. ) ;
#1447 = EDGE_LOOP ( 'NONE', ( #1769, #1203, #2299, #1799 ) ) ;
#1448 = CARTESIAN_POINT ( 'NONE',  ( -0.2500000000000000000, 0.000000000000000000, 0.000000000000000000 ) ) ;
#1449 = DIRECTION ( 'NONE',  ( 0.000000000000000000, -0.000000000000000000, 1.000000000000000000 ) ) ;
#1450 = EDGE_LOOP ( 'NONE', ( #2274, #1046, #125, #1619 ) ) ;
#1451 = UNCERTAINTY_MEASURE_WITH_UNIT (LENGTH_MEASURE( 1.000000000000000082E-05 ), #4553, 'distance_accuracy_value', 'NONE');
#1452 = FILL_AREA_STYLE ('',( #1102 ) ) ;
#1453 = ADVANCED_FACE ( 'NONE', ( #1108 ), #2591, .F. ) ;
#1454 = ORIENTED_EDGE ( 'NONE', *, *, #4702, .F. ) ;
#1455 = MECHANICAL_DESIGN_GEOMETRIC_PRESENTATION_REPRESENTATION (  '', ( #3961 ), #2742 ) ;
#1456 = VECTOR ( 'NONE', #836, 1000.000000000000000 ) ;
#1457 = DIRECTION ( 'NONE',  ( -0.000000000000000000, -1.000000000000000000, -0.000000000000000000 ) ) ;
#1458 = AXIS2_PLACEMENT_3D ( 'NONE', #386, #1103, #332 ) ;
#1459 =( NAMED_UNIT ( * ) SI_UNIT ( $, .STERADIAN. ) SOLID_ANGLE_UNIT ( ) );
#1460 = PLANE ( 'NONE',  #4572 ) ;
#1461 = SURFACE_STYLE_FILL_AREA ( #2627 ) ;
#1462 = FILL_AREA_STYLE ('',( #2803 ) ) ;
#1463 = COLOUR_RGB ( '',0.2862745098039215508, 0.2862745098039215508, 0.2862745098039215508 ) ;
#1464 = DIRECTION ( 'NONE',  ( -0.000000000000000000, -0.000000000000000000, 1.000000000000000000 ) ) ;
#1465 =( NAMED_UNIT ( * ) SI_UNIT ( $, .STERADIAN. ) SOLID_ANGLE_UNIT ( ) );
#1466 = LINE ( 'NONE', #4457, #236 ) ;
#1467 = SURFACE_STYLE_FILL_AREA ( #298 ) ;
#1468 = CARTESIAN_POINT ( 'NONE',  ( 2.250000000000000444, -1.100000000000000089, 1.209799459665320764 ) ) ;
#1469 = ORIENTED_EDGE ( 'NONE', *, *, #2588, .T. ) ;
#1470 = ADVANCED_FACE ( 'NONE', ( #1212 ), #2813, .T. ) ;
#1471 = FILL_AREA_STYLE_COLOUR ( '', #451 ) ;
#1472 = EDGE_LOOP ( 'NONE', ( #4740, #1134, #1828, #2785 ) ) ;
#1473 = SURFACE_STYLE_FILL_AREA ( #252 ) ;
#1474 = LINE ( 'NONE', #4386, #2417 ) ;
#1475 = SURFACE_SIDE_STYLE ('',( #1506 ) ) ;
#1476 = ORIENTED_EDGE ( 'NONE', *, *, #990, .F. ) ;
#1477 = ADVANCED_FACE ( 'NONE', ( #4873 ), #4595, .T. ) ;
#1478 = ADVANCED_FACE ( 'NONE', ( #385 ), #4120, .T. ) ;
#1479 = PRESENTATION_LAYER_ASSIGNMENT (  '', '', ( #1001 ) ) ;
#1480 = SURFACE_SIDE_STYLE ('',( #2594 ) ) ;
#1481 = PLANE ( 'NONE',  #701 ) ;
#1482 = EDGE_LOOP ( 'NONE', ( #3239, #3233, #853, #3092, #946, #1704 ) ) ;
#1483 = LINE ( 'NONE', #1811, #4256 ) ;
#1484 = DIRECTION ( 'NONE',  ( 1.000000000000000000, 0.000000000000000000, 0.000000000000000000 ) ) ;
#1485 = VECTOR ( 'NONE', #3095, 1000.000000000000000 ) ;
#1486 = FACE_OUTER_BOUND ( 'NONE', #3461, .T. ) ;
#1487 = AXIS2_PLACEMENT_3D ( 'NONE', #692, #3381, #2230 ) ;
#1488 = VECTOR ( 'NONE', #1032, 1000.000000000000000 ) ;
#1489 =( NAMED_UNIT ( * ) SI_UNIT ( $, .STERADIAN. ) SOLID_ANGLE_UNIT ( ) );
#1490 = CARTESIAN_POINT ( 'NONE',  ( -0.2500000000000000555, -1.500000000000000000, -2.549999999999999822 ) ) ;
#1491 = DIRECTION ( 'NONE',  ( 0.000000000000000000, 0.000000000000000000, -1.000000000000000000 ) ) ;
#1492 = PLANE ( 'NONE',  #3102 ) ;
#1493 = COLOUR_RGB ( '',0.8627450980392157298, 0.5882352941176470784, 0.06274509803921568540 ) ;
#1494 =( NAMED_UNIT ( * ) SI_UNIT ( $, .STERADIAN. ) SOLID_ANGLE_UNIT ( ) );
#1495 = VECTOR ( 'NONE', #1457, 1000.000000000000000 ) ;
#1496 = ORIENTED_EDGE ( 'NONE', *, *, #4862, .F. ) ;
#1497 =( GEOMETRIC_REPRESENTATION_CONTEXT ( 3 ) GLOBAL_UNCERTAINTY_ASSIGNED_CONTEXT ( ( #1391 ) ) GLOBAL_UNIT_ASSIGNED_CONTEXT ( ( #3766, #2183, #727 ) ) REPRESENTATION_CONTEXT ( 'NONE', 'WORKASPACE' ) );
#1498 = DIRECTION ( 'NONE',  ( 0.000000000000000000, 1.000000000000000000, 0.000000000000000000 ) ) ;
#1499 = CARTESIAN_POINT ( 'NONE',  ( 3.250000000000000444, 2.200000000000000178, -2.549999999999999822 ) ) ;
#1500 = PLANE ( 'NONE',  #118 ) ;
#1501 = VERTEX_POINT ( 'NONE', #4323 ) ;
#1502 = SURFACE_STYLE_FILL_AREA ( #1825 ) ;
#1503 = DIRECTION ( 'NONE',  ( 0.000000000000000000, 0.000000000000000000, -1.000000000000000000 ) ) ;
#1504 = MECHANICAL_DESIGN_GEOMETRIC_PRESENTATION_REPRESENTATION (  '', ( #197 ), #2787 ) ;
#1505 = VECTOR ( 'NONE', #4503, 1000.000000000000000 ) ;
#1506 = SURFACE_STYLE_FILL_AREA ( #1852 ) ;
#1507 = ORIENTED_EDGE ( 'NONE', *, *, #4675, .F. ) ;
#1508 = PRESENTATION_LAYER_ASSIGNMENT (  '', '', ( #209 ) ) ;
#1509 = UNCERTAINTY_MEASURE_WITH_UNIT (LENGTH_MEASURE( 1.000000000000000082E-05 ), #3591, 'distance_accuracy_value', 'NONE');
#1510 = CARTESIAN_POINT ( 'NONE',  ( -3.250000000000000444, -2.200000000000000178, -1.000000000000000000 ) ) ;
#1511 = EDGE_CURVE ( 'NONE', #3113, #1394, #3560, .T. ) ;
#1512 = EDGE_CURVE ( 'NONE', #2927, #4214, #3517, .T. ) ;
#1513 = VECTOR ( 'NONE', #3974, 1000.000000000000000 ) ;
#1514 = ORIENTED_EDGE ( 'NONE', *, *, #2617, .F. ) ;
#1515 = SURFACE_SIDE_STYLE ('',( #4229 ) ) ;
#1516 =( LENGTH_UNIT ( ) NAMED_UNIT ( * ) SI_UNIT ( .MILLI., .METRE. ) );
#1517 = ORIENTED_EDGE ( 'NONE', *, *, #116, .F. ) ;
#1518 =( NAMED_UNIT ( * ) PLANE_ANGLE_UNIT ( ) SI_UNIT ( $, .RADIAN. ) );
#1519 = COLOUR_RGB ( '',0.8627450980392157298, 0.5882352941176470784, 0.06274509803921568540 ) ;
#1520 = DIRECTION ( 'NONE',  ( -1.000000000000000000, -0.000000000000000000, -0.000000000000000000 ) ) ;
#1521 = DIRECTION ( 'NONE',  ( -1.000000000000000000, -0.000000000000000000, -0.000000000000000000 ) ) ;
#1522 = DIRECTION ( 'NONE',  ( 0.000000000000000000, 1.000000000000000000, 0.000000000000000000 ) ) ;
#1523 = ORIENTED_EDGE ( 'NONE', *, *, #1013, .T. ) ;
#1524 = CARTESIAN_POINT ( 'NONE',  ( -1.750000000000000000, -2.399999999999999911, -1.949999999999999956 ) ) ;
#1525 = AXIS2_PLACEMENT_3D ( 'NONE', #1949, #3132, #1572 ) ;
#1526 = ORIENTED_EDGE ( 'NONE', *, *, #3416, .T. ) ;
#1527 = AXIS2_PLACEMENT_3D ( 'NONE', #2126, #199, #3280 ) ;
#1528 = LINE ( 'NONE', #2690, #666 ) ;
#1529 = LINE ( 'NONE', #896, #4148 ) ;
#1530 = EDGE_LOOP ( 'NONE', ( #2603, #3217, #869, #70 ) ) ;
#1531 = LINE ( 'NONE', #479, #2454 ) ;
#1532 = CARTESIAN_POINT ( 'NONE',  ( -3.260000000000000675, -2.200000000000000178, -2.549999999999999822 ) ) ;
#1533 = ORIENTED_EDGE ( 'NONE', *, *, #4580, .F. ) ;
#1534 = CLOSED_SHELL ( 'NONE', ( #4, #961, #1808, #687, #3481, #4953, #3888, #92 ) ) ;
#1535 = FILL_AREA_STYLE ('',( #2312 ) ) ;
#1536 = FILL_AREA_STYLE_COLOUR ( '', #4107 ) ;
#1537 = CARTESIAN_POINT ( 'NONE',  ( 2.250000000000000444, 0.000000000000000000, 0.000000000000000000 ) ) ;
#1538 = AXIS2_PLACEMENT_3D ( 'NONE', #4881, #1371, #1431 ) ;
#1539 = ORIENTED_EDGE ( 'NONE', *, *, #3083, .T. ) ;
#1540 =( LENGTH_UNIT ( ) NAMED_UNIT ( * ) SI_UNIT ( .MILLI., .METRE. ) );
#1541 =( GEOMETRIC_REPRESENTATION_CONTEXT ( 3 ) GLOBAL_UNCERTAINTY_ASSIGNED_CONTEXT ( ( #2615 ) ) GLOBAL_UNIT_ASSIGNED_CONTEXT ( ( #1883, #4673, #1213 ) ) REPRESENTATION_CONTEXT ( 'NONE', 'WORKASPACE' ) );
#1542 = ORIENTED_EDGE ( 'NONE', *, *, #4147, .F. ) ;
#1543 = SURFACE_STYLE_FILL_AREA ( #3054 ) ;
#1544 = DIRECTION ( 'NONE',  ( 1.000000000000000000, 0.000000000000000000, 0.000000000000000000 ) ) ;
#1545 = SURFACE_STYLE_FILL_AREA ( #3839 ) ;
#1546 = PRESENTATION_STYLE_ASSIGNMENT (( #2835 ) ) ;
#1547 = EDGE_CURVE ( 'NONE', #4210, #1217, #4619, .T. ) ;
#1548 = ADVANCED_FACE ( 'NONE', ( #1955 ), #3161, .T. ) ;
#1549 = CARTESIAN_POINT ( 'NONE',  ( -2.250000000000000444, -2.200000000000000178, -1.949999999999999956 ) ) ;
#1550 = LINE ( 'NONE', #8, #1900 ) ;
#1551 = ORIENTED_EDGE ( 'NONE', *, *, #2518, .F. ) ;
#1552 = ORIENTED_EDGE ( 'NONE', *, *, #3692, .F. ) ;
#1553 = CIRCLE ( 'NONE', #18, 1.000000000000000000 ) ;
#1554 = CARTESIAN_POINT ( 'NONE',  ( -1.750000000000000000, 0.1000000000000000056, 2.700000000000000178 ) ) ;
#1555 = DIRECTION ( 'NONE',  ( 1.000000000000000000, -0.000000000000000000, 0.000000000000000000 ) ) ;
#1556 = EDGE_LOOP ( 'NONE', ( #4569, #2337, #4077, #2243 ) ) ;
#1557 =( NAMED_UNIT ( * ) SI_UNIT ( $, .STERADIAN. ) SOLID_ANGLE_UNIT ( ) );
#1558 = UNCERTAINTY_MEASURE_WITH_UNIT (LENGTH_MEASURE( 1.000000000000000082E-05 ), #2947, 'distance_accuracy_value', 'NONE');
#1559 = CARTESIAN_POINT ( 'NONE',  ( -2.750000000000000000, -1.699999999999999956, -1.000000000000000000 ) ) ;
#1560 = DIRECTION ( 'NONE',  ( 1.000000000000000000, 0.000000000000000000, 0.000000000000000000 ) ) ;
#1561 = ORIENTED_EDGE ( 'NONE', *, *, #4181, .F. ) ;
#1562 =( NAMED_UNIT ( * ) PLANE_ANGLE_UNIT ( ) SI_UNIT ( $, .RADIAN. ) );
#1563 =( LENGTH_UNIT ( ) NAMED_UNIT ( * ) SI_UNIT ( .MILLI., .METRE. ) );
#1564 = ORIENTED_EDGE ( 'NONE', *, *, #2660, .T. ) ;
#1565 = VERTEX_POINT ( 'NONE', #2719 ) ;
#1566 = DIRECTION ( 'NONE',  ( 0.000000000000000000, -0.000000000000000000, -1.000000000000000000 ) ) ;
#1567 = LINE ( 'NONE', #3198, #2622 ) ;
#1568 = SURFACE_STYLE_USAGE ( .BOTH. , #1946 ) ;
#1569 = VECTOR ( 'NONE', #3695, 1000.000000000000000 ) ;
#1570 = LINE ( 'NONE', #4312, #1756 ) ;
#1571 = PRESENTATION_LAYER_ASSIGNMENT (  '', '', ( #2442 ) ) ;
#1572 = DIRECTION ( 'NONE',  ( 1.000000000000000000, 0.000000000000000000, 0.000000000000000000 ) ) ;
#1573 =( NAMED_UNIT ( * ) PLANE_ANGLE_UNIT ( ) SI_UNIT ( $, .RADIAN. ) );
#1574 = ORIENTED_EDGE ( 'NONE', *, *, #1293, .F. ) ;
#1575 = DIRECTION ( 'NONE',  ( -0.000000000000000000, 0.000000000000000000, -1.000000000000000000 ) ) ;
#1576 = EDGE_CURVE ( 'NONE', #2328, #4214, #3900, .T. ) ;
#1577 = EDGE_CURVE ( 'NONE', #917, #147, #4717, .T. ) ;
#1578 = PRESENTATION_LAYER_ASSIGNMENT (  '', '', ( #768 ) ) ;
#1579 = LINE ( 'NONE', #2006, #4158 ) ;
#1580 =( NAMED_UNIT ( * ) SI_UNIT ( $, .STERADIAN. ) SOLID_ANGLE_UNIT ( ) );
#1581 = EDGE_LOOP ( 'NONE', ( #306, #4201, #4927, #35, #3386, #2980 ) ) ;
#1582 = VECTOR ( 'NONE', #822, 1000.000000000000000 ) ;
#1583 = SURFACE_STYLE_FILL_AREA ( #2693 ) ;
#1584 = DIRECTION ( 'NONE',  ( -0.000000000000000000, -0.000000000000000000, 1.000000000000000000 ) ) ;
#1585 = FACE_OUTER_BOUND ( 'NONE', #4610, .T. ) ;
#1586 = VECTOR ( 'NONE', #1388, 1000.000000000000000 ) ;
#1587 = CIRCLE ( 'NONE', #3109, 1.000000000000000000 ) ;
#1588 = ORIENTED_EDGE ( 'NONE', *, *, #4156, .T. ) ;
#1589 = VERTEX_POINT ( 'NONE', #3466 ) ;
#1590 = MECHANICAL_DESIGN_GEOMETRIC_PRESENTATION_REPRESENTATION (  '', ( #781 ), #2864 ) ;
#1591 = DIRECTION ( 'NONE',  ( 0.000000000000000000, -0.000000000000000000, -1.000000000000000000 ) ) ;
#1592 = PLANE ( 'NONE',  #857 ) ;
#1593 = VERTEX_POINT ( 'NONE', #1559 ) ;
#1594 = VERTEX_POINT ( 'NONE', #3488 ) ;
#1595 =( GEOMETRIC_REPRESENTATION_CONTEXT ( 3 ) GLOBAL_UNCERTAINTY_ASSIGNED_CONTEXT ( ( #3516 ) ) GLOBAL_UNIT_ASSIGNED_CONTEXT ( ( #1409, #3783, #1118 ) ) REPRESENTATION_CONTEXT ( 'NONE', 'WORKASPACE' ) );
#1596 =( NAMED_UNIT ( * ) PLANE_ANGLE_UNIT ( ) SI_UNIT ( $, .RADIAN. ) );
#1597 = VECTOR ( 'NONE', #1401, 1000.000000000000000 ) ;
#1598 = DIRECTION ( 'NONE',  ( 0.000000000000000000, 0.000000000000000000, -1.000000000000000000 ) ) ;
#1599 = FACE_OUTER_BOUND ( 'NONE', #165, .T. ) ;
#1600 = FILL_AREA_STYLE ('',( #4562 ) ) ;
#1601 = ORIENTED_EDGE ( 'NONE', *, *, #4155, .T. ) ;
#1602 = STYLED_ITEM ( 'NONE', ( #1723 ), #4421 ) ;
#1603 = CARTESIAN_POINT ( 'NONE',  ( 2.950000000000000178, 1.899999999999999911, -2.549999999999999822 ) ) ;
#1604 = EDGE_CURVE ( 'NONE', #1319, #4232, #2049, .T. ) ;
#1605 = AXIS2_PLACEMENT_3D ( 'NONE', #1840, #2198, #765 ) ;
#1606 = EDGE_LOOP ( 'NONE', ( #3770, #466, #4837, #463 ) ) ;
#1607 = EDGE_CURVE ( 'NONE', #334, #925, #410, .T. ) ;
#1608 = LINE ( 'NONE', #409, #3919 ) ;
#1609 = PRESENTATION_STYLE_ASSIGNMENT (( #1856 ) ) ;
#1610 = FILL_AREA_STYLE ('',( #1684 ) ) ;
#1611 = ORIENTED_EDGE ( 'NONE', *, *, #4147, .T. ) ;
#1612 = EDGE_CURVE ( 'NONE', #3959, #109, #3116, .T. ) ;
#1613 = VERTEX_POINT ( 'NONE', #1066 ) ;
#1614 = ADVANCED_FACE ( 'NONE', ( #3700 ), #3611, .T. ) ;
#1615 = UNCERTAINTY_MEASURE_WITH_UNIT (LENGTH_MEASURE( 1.000000000000000082E-05 ), #667, 'distance_accuracy_value', 'NONE');
#1616 = FILL_AREA_STYLE ('',( #2353 ) ) ;
#1617 = SURFACE_SIDE_STYLE ('',( #439 ) ) ;
#1618 = DIRECTION ( 'NONE',  ( 1.000000000000000000, 0.000000000000000000, 0.000000000000000000 ) ) ;
#1619 = ORIENTED_EDGE ( 'NONE', *, *, #3508, .F. ) ;
#1620 = STYLED_ITEM ( 'NONE', ( #1058 ), #117 ) ;
#1621 = CARTESIAN_POINT ( 'NONE',  ( -0.2500000000000000000, -1.100000000000000089, 1.699999999999999956 ) ) ;
#1622 = PRESENTATION_LAYER_ASSIGNMENT (  '', '', ( #1295 ) ) ;
#1623 = CARTESIAN_POINT ( 'NONE',  ( -2.250000000000000444, -2.399999999999999911, -1.949999999999999956 ) ) ;
#1624 = CARTESIAN_POINT ( 'NONE',  ( 0.2500000000000000000, -1.100000000000000089, 0.000000000000000000 ) ) ;
#1625 = SURFACE_STYLE_FILL_AREA ( #4314 ) ;
#1626 = FILL_AREA_STYLE ('',( #82 ) ) ;
#1627 = VERTEX_POINT ( 'NONE', #4833 ) ;
#1628 = MECHANICAL_DESIGN_GEOMETRIC_PRESENTATION_REPRESENTATION (  '', ( #490 ), #823 ) ;
#1629 = VECTOR ( 'NONE', #3879, 1000.000000000000000 ) ;
#1630 = EDGE_LOOP ( 'NONE', ( #345, #3847, #1514, #4228 ) ) ;
#1631 = CARTESIAN_POINT ( 'NONE',  ( -2.250000000000000444, -1.100000000000000089, 1.699999999999999956 ) ) ;
#1632 = VECTOR ( 'NONE', #2179, 1000.000000000000000 ) ;
#1633 = ORIENTED_EDGE ( 'NONE', *, *, #4032, .F. ) ;
#1634 = DIRECTION ( 'NONE',  ( 0.000000000000000000, 0.000000000000000000, -1.000000000000000000 ) ) ;
#1635 = ORIENTED_EDGE ( 'NONE', *, *, #66, .T. ) ;
#1636 = VECTOR ( 'NONE', #79, 1000.000000000000000 ) ;
#1637 =( NAMED_UNIT ( * ) PLANE_ANGLE_UNIT ( ) SI_UNIT ( $, .RADIAN. ) );
#1638 = CARTESIAN_POINT ( 'NONE',  ( -3.260000000000000675, 1.699999999999999956, 0.000000000000000000 ) ) ;
#1639 = FILL_AREA_STYLE ('',( #3547 ) ) ;
#1640 = EDGE_CURVE ( 'NONE', #1199, #408, #4451, .T. ) ;
#1641 = CARTESIAN_POINT ( 'NONE',  ( 2.250000000000000444, 0.000000000000000000, -2.549999999999999822 ) ) ;
#1642 = DIRECTION ( 'NONE',  ( 0.000000000000000000, 0.000000000000000000, -1.000000000000000000 ) ) ;
#1643 = DIRECTION ( 'NONE',  ( 1.000000000000000000, 0.000000000000000000, 0.000000000000000000 ) ) ;
#1644 = DIRECTION ( 'NONE',  ( 0.000000000000000000, -1.000000000000000000, 0.000000000000000000 ) ) ;
#1645 = SURFACE_SIDE_STYLE ('',( #3553 ) ) ;
#1646 = DIRECTION ( 'NONE',  ( 1.000000000000000000, -0.000000000000000000, 0.000000000000000000 ) ) ;
#1647 = DIRECTION ( 'NONE',  ( 0.000000000000000000, 0.000000000000000000, -1.000000000000000000 ) ) ;
#1648 = COLOUR_RGB ( '',1.000000000000000000, 1.000000000000000000, 1.000000000000000000 ) ;
#1649 = ORIENTED_EDGE ( 'NONE', *, *, #1115, .F. ) ;
#1650 = SURFACE_STYLE_USAGE ( .BOTH. , #3556 ) ;
#1651 = DIRECTION ( 'NONE',  ( 0.000000000000000000, -0.000000000000000000, -1.000000000000000000 ) ) ;
#1652 = ORIENTED_EDGE ( 'NONE', *, *, #4511, .T. ) ;
#1653 = SURFACE_STYLE_USAGE ( .BOTH. , #3610 ) ;
#1654 = UNCERTAINTY_MEASURE_WITH_UNIT (LENGTH_MEASURE( 1.000000000000000082E-05 ), #1540, 'distance_accuracy_value', 'NONE');
#1655 = CARTESIAN_POINT ( 'NONE',  ( 2.250000000000000444, 1.100000000000000089, 0.000000000000000000 ) ) ;
#1656 = PLANE ( 'NONE',  #4350 ) ;
#1657 = EDGE_LOOP ( 'NONE', ( #4533, #1633, #2374, #3435, #1751, #4114 ) ) ;
#1658 = STYLED_ITEM ( 'NONE', ( #4240 ), #3044 ) ;
#1659 = DIRECTION ( 'NONE',  ( 0.000000000000000000, 0.000000000000000000, -1.000000000000000000 ) ) ;
#1660 = AXIS2_PLACEMENT_3D ( 'NONE', #3144, #3124, #73 ) ;
#1661 = FACE_OUTER_BOUND ( 'NONE', #4795, .T. ) ;
#1662 = UNCERTAINTY_MEASURE_WITH_UNIT (LENGTH_MEASURE( 1.000000000000000082E-05 ), #3001, 'distance_accuracy_value', 'NONE');
#1663 = AXIS2_PLACEMENT_3D ( 'NONE', #591, #4491, #4464 ) ;
#1664 =( GEOMETRIC_REPRESENTATION_CONTEXT ( 3 ) GLOBAL_UNCERTAINTY_ASSIGNED_CONTEXT ( ( #4024 ) ) GLOBAL_UNIT_ASSIGNED_CONTEXT ( ( #2886, #4417, #978 ) ) REPRESENTATION_CONTEXT ( 'NONE', 'WORKASPACE' ) );
#1665 = ORIENTED_EDGE ( 'NONE', *, *, #1407, .F. ) ;
#1666 = PRESENTATION_LAYER_ASSIGNMENT (  '', '', ( #1411 ) ) ;
#1667 = CIRCLE ( 'NONE', #2448, 0.2999999999999999334 ) ;
#1668 = ADVANCED_FACE ( 'NONE', ( #632 ), #1813, .T. ) ;
#1669 = EDGE_CURVE ( 'NONE', #3542, #564, #2224, .T. ) ;
#1670 = CARTESIAN_POINT ( 'NONE',  ( 1.750000000000000000, -0.2500000000000000000, -4.400000000000000355 ) ) ;
#1671 = AXIS2_PLACEMENT_3D ( 'NONE', #1603, #1223, #34 ) ;
#1672 =( NAMED_UNIT ( * ) SI_UNIT ( $, .STERADIAN. ) SOLID_ANGLE_UNIT ( ) );
#1673 = LINE ( 'NONE', #3175, #2792 ) ;
#1674 = CARTESIAN_POINT ( 'NONE',  ( -3.260000000000000675, 0.2499999999999999445, -2.549999999999999822 ) ) ;
#1675 = EDGE_CURVE ( 'NONE', #1594, #814, #4909, .T. ) ;
#1676 = LINE ( 'NONE', #2413, #2635 ) ;
#1677 = VERTEX_POINT ( 'NONE', #2628 ) ;
#1678 = CONICAL_SURFACE ( 'NONE', #4565, 0.2999968730028742536, 0.7853859820376795087 ) ;
#1679 = FILL_AREA_STYLE_COLOUR ( '', #4004 ) ;
#1680 = DIRECTION ( 'NONE',  ( -0.000000000000000000, -1.000000000000000000, -0.000000000000000000 ) ) ;
#1681 = ORIENTED_EDGE ( 'NONE', *, *, #520, .T. ) ;
#1682 = DIRECTION ( 'NONE',  ( 0.000000000000000000, -0.000000000000000000, -1.000000000000000000 ) ) ;
#1683 = COLOUR_RGB ( '',0.8627450980392157298, 0.5882352941176470784, 0.06274509803921568540 ) ;
#1684 = FILL_AREA_STYLE_COLOUR ( '', #3882 ) ;
#1685 = ORIENTED_EDGE ( 'NONE', *, *, #2333, .T. ) ;
#1686 = VECTOR ( 'NONE', #1464, 1000.000000000000000 ) ;
#1687 = FILL_AREA_STYLE ('',( #132 ) ) ;
#1688 =( NAMED_UNIT ( * ) SI_UNIT ( $, .STERADIAN. ) SOLID_ANGLE_UNIT ( ) );
#1689 = ORIENTED_EDGE ( 'NONE', *, *, #3757, .T. ) ;
#1690 = CARTESIAN_POINT ( 'NONE',  ( -2.250000000000000444, 1.500000000000000000, -2.549999999999999822 ) ) ;
#1691 = DIRECTION ( 'NONE',  ( -0.000000000000000000, -1.000000000000000000, -0.000000000000000000 ) ) ;
#1692 = CARTESIAN_POINT ( 'NONE',  ( 2.250000000000000444, -1.500000000000000000, -2.600000000000000533 ) ) ;
#1693 = EDGE_CURVE ( 'NONE', #3504, #1951, #512, .T. ) ;
#1694 = SURFACE_STYLE_USAGE ( .BOTH. , #937 ) ;
#1695 = DIRECTION ( 'NONE',  ( 0.000000000000000000, 0.000000000000000000, -1.000000000000000000 ) ) ;
#1696 = AXIS2_PLACEMENT_3D ( 'NONE', #3218, #2746, #598 ) ;
#1697 = CARTESIAN_POINT ( 'NONE',  ( -2.250000000000000444, 2.399999999999999911, -1.949999999999999956 ) ) ;
#1698 = CARTESIAN_POINT ( 'NONE',  ( 1.750000000000000000, 1.500000000000000000, -2.549999999999999822 ) ) ;
#1699 = CARTESIAN_POINT ( 'NONE',  ( 0.2500000000000000000, -2.399999999999999911, -2.600000000000000533 ) ) ;
#1700 =( GEOMETRIC_REPRESENTATION_CONTEXT ( 3 ) GLOBAL_UNCERTAINTY_ASSIGNED_CONTEXT ( ( #599 ) ) GLOBAL_UNIT_ASSIGNED_CONTEXT ( ( #4665, #3771, #2348 ) ) REPRESENTATION_CONTEXT ( 'NONE', 'WORKASPACE' ) );
#1701 = EDGE_CURVE ( 'NONE', #3087, #3943, #3478, .T. ) ;
#1702 = ADVANCED_FACE ( 'NONE', ( #1486 ), #26, .T. ) ;
#1703 = CYLINDRICAL_SURFACE ( 'NONE', #4649, 0.2999999999999999334 ) ;
#1704 = ORIENTED_EDGE ( 'NONE', *, *, #1301, .F. ) ;
#1705 = FACE_OUTER_BOUND ( 'NONE', #751, .T. ) ;
#1706 = DIRECTION ( 'NONE',  ( 0.000000000000000000, 1.000000000000000000, 0.000000000000000000 ) ) ;
#1707 = DIRECTION ( 'NONE',  ( 0.000000000000000000, -0.000000000000000000, -1.000000000000000000 ) ) ;
#1708 = STYLED_ITEM ( 'NONE', ( #2207 ), #561 ) ;
#1709 =( NAMED_UNIT ( * ) SI_UNIT ( $, .STERADIAN. ) SOLID_ANGLE_UNIT ( ) );
#1710 = DIRECTION ( 'NONE',  ( -1.000000000000000000, 0.000000000000000000, 0.000000000000000000 ) ) ;
#1711 = SURFACE_STYLE_USAGE ( .BOTH. , #4048 ) ;
#1712 = SURFACE_STYLE_FILL_AREA ( #1687 ) ;
#1713 = MECHANICAL_DESIGN_GEOMETRIC_PRESENTATION_REPRESENTATION (  '', ( #4598 ), #97 ) ;
#1714 =( NAMED_UNIT ( * ) PLANE_ANGLE_UNIT ( ) SI_UNIT ( $, .RADIAN. ) );
#1715 = EDGE_LOOP ( 'NONE', ( #2127, #877, #3304, #4298 ) ) ;
#1716 = STYLED_ITEM ( 'NONE', ( #2869 ), #1178 ) ;
#1717 = DIRECTION ( 'NONE',  ( -1.000000000000000000, -0.000000000000000000, -0.000000000000000000 ) ) ;
#1718 = PRESENTATION_STYLE_ASSIGNMENT (( #861 ) ) ;
#1719 = FILL_AREA_STYLE ('',( #3573 ) ) ;
#1720 =( NAMED_UNIT ( * ) PLANE_ANGLE_UNIT ( ) SI_UNIT ( $, .RADIAN. ) );
#1721 = CARTESIAN_POINT ( 'NONE',  ( -0.2500000000000000000, -1.100000000000000089, 0.000000000000000000 ) ) ;
#1722 = FILL_AREA_STYLE_COLOUR ( '', #1991 ) ;
#1723 = PRESENTATION_STYLE_ASSIGNMENT (( #2092 ) ) ;
#1724 = ORIENTED_EDGE ( 'NONE', *, *, #4452, .F. ) ;
#1725 = EDGE_CURVE ( 'NONE', #3097, #2672, #1165, .T. ) ;
#1726 = DIRECTION ( 'NONE',  ( 0.000000000000000000, 1.000000000000000000, 0.000000000000000000 ) ) ;
#1727 = MECHANICAL_DESIGN_GEOMETRIC_PRESENTATION_REPRESENTATION (  '', ( #2696 ), #4613 ) ;
#1728 = ORIENTED_EDGE ( 'NONE', *, *, #521, .T. ) ;
#1729 =( NAMED_UNIT ( * ) SI_UNIT ( $, .STERADIAN. ) SOLID_ANGLE_UNIT ( ) );
#1730 = EDGE_LOOP ( 'NONE', ( #4012, #3534, #1422, #3277 ) ) ;
#1731 = EDGE_CURVE ( 'NONE', #3716, #1341, #4585, .T. ) ;
#1732 =( NAMED_UNIT ( * ) PLANE_ANGLE_UNIT ( ) SI_UNIT ( $, .RADIAN. ) );
#1733 = VECTOR ( 'NONE', #377, 1000.000000000000000 ) ;
#1734 = VECTOR ( 'NONE', #934, 1000.000000000000000 ) ;
#1735 = ORIENTED_EDGE ( 'NONE', *, *, #1914, .F. ) ;
#1736 = VECTOR ( 'NONE', #2580, 1000.000000000000000 ) ;
#1737 = VECTOR ( 'NONE', #3940, 1000.000000000000000 ) ;
#1738 = DIRECTION ( 'NONE',  ( -0.000000000000000000, -1.000000000000000000, 0.000000000000000000 ) ) ;
#1739 = VECTOR ( 'NONE', #4246, 1000.000000000000000 ) ;
#1740 = PRESENTATION_LAYER_ASSIGNMENT (  '', '', ( #936 ) ) ;
#1741 = CARTESIAN_POINT ( 'NONE',  ( -0.2500000000000002220, -2.200000000000000178, -2.549999999999999822 ) ) ;
#1742 = FILL_AREA_STYLE ('',( #2169 ) ) ;
#1743 = ORIENTED_EDGE ( 'NONE', *, *, #3861, .F. ) ;
#1744 =( GEOMETRIC_REPRESENTATION_CONTEXT ( 3 ) GLOBAL_UNCERTAINTY_ASSIGNED_CONTEXT ( ( #495 ) ) GLOBAL_UNIT_ASSIGNED_CONTEXT ( ( #1516, #3960, #1087 ) ) REPRESENTATION_CONTEXT ( 'NONE', 'WORKASPACE' ) );
#1745 = COLOUR_RGB ( '',1.000000000000000000, 1.000000000000000000, 1.000000000000000000 ) ;
#1746 = SURFACE_STYLE_USAGE ( .BOTH. , #2172 ) ;
#1747 = ORIENTED_EDGE ( 'NONE', *, *, #3922, .T. ) ;
#1748 = CARTESIAN_POINT ( 'NONE',  ( -1.750000000000000000, 0.000000000000000000, -2.549999999999999822 ) ) ;
#1749 = LINE ( 'NONE', #1022, #242 ) ;
#1750 = AXIS2_PLACEMENT_3D ( 'NONE', #2339, #3532, #373 ) ;
#1751 = ORIENTED_EDGE ( 'NONE', *, *, #747, .F. ) ;
#1752 = ADVANCED_FACE ( 'NONE', ( #317 ), #3402, .F. ) ;
#1753 = ADVANCED_FACE ( 'NONE', ( #4928 ), #1893, .T. ) ;
#1754 = DIRECTION ( 'NONE',  ( 0.000000000000000000, 0.000000000000000000, -1.000000000000000000 ) ) ;
#1755 = DIRECTION ( 'NONE',  ( 0.000000000000000000, -0.000000000000000000, -1.000000000000000000 ) ) ;
#1756 = VECTOR ( 'NONE', #2733, 1000.000000000000000 ) ;
#1757 = UNCERTAINTY_MEASURE_WITH_UNIT (LENGTH_MEASURE( 1.000000000000000082E-05 ), #4781, 'distance_accuracy_value', 'NONE');
#1758 = CARTESIAN_POINT ( 'NONE',  ( -0.2500000000000000000, -0.2500000000000000000, -4.400000000000000355 ) ) ;
#1759 = ORIENTED_EDGE ( 'NONE', *, *, #1145, .T. ) ;
#1760 = EDGE_CURVE ( 'NONE', #3252, #3609, #421, .T. ) ;
#1761 = EDGE_CURVE ( 'NONE', #328, #3453, #4959, .T. ) ;
#1762 = FILL_AREA_STYLE_COLOUR ( '', #2575 ) ;
#1763 = UNCERTAINTY_MEASURE_WITH_UNIT (LENGTH_MEASURE( 1.000000000000000082E-05 ), #2338, 'distance_accuracy_value', 'NONE');
#1764 = SURFACE_SIDE_STYLE ('',( #4826 ) ) ;
#1765 = FACE_OUTER_BOUND ( 'NONE', #2100, .T. ) ;
#1766 =( LENGTH_UNIT ( ) NAMED_UNIT ( * ) SI_UNIT ( .MILLI., .METRE. ) );
#1767 = PLANE ( 'NONE',  #4318 ) ;
#1768 = DIRECTION ( 'NONE',  ( 1.000000000000000000, 0.000000000000000000, 0.000000000000000000 ) ) ;
#1769 = ORIENTED_EDGE ( 'NONE', *, *, #1024, .F. ) ;
#1770 = LINE ( 'NONE', #3300, #1328 ) ;
#1771 = CARTESIAN_POINT ( 'NONE',  ( -2.950000000000000178, -1.899999999999999911, -2.549999999999999822 ) ) ;
#1772 = SURFACE_SIDE_STYLE ('',( #2148 ) ) ;
#1773 =( LENGTH_UNIT ( ) NAMED_UNIT ( * ) SI_UNIT ( .MILLI., .METRE. ) );
#1774 = ORIENTED_EDGE ( 'NONE', *, *, #4394, .F. ) ;
#1775 = CARTESIAN_POINT ( 'NONE',  ( 1.750000000000000000, 1.500000000000000000, -2.600000000000000533 ) ) ;
#1776 =( GEOMETRIC_REPRESENTATION_CONTEXT ( 3 ) GLOBAL_UNCERTAINTY_ASSIGNED_CONTEXT ( ( #4223 ) ) GLOBAL_UNIT_ASSIGNED_CONTEXT ( ( #3633, #2051, #3653 ) ) REPRESENTATION_CONTEXT ( 'NONE', 'WORKASPACE' ) );
#1777 = DIRECTION ( 'NONE',  ( 0.000000000000000000, 1.000000000000000000, 0.000000000000000000 ) ) ;
#1778 = VERTEX_POINT ( 'NONE', #2682 ) ;
#1779 = SURFACE_STYLE_USAGE ( .BOTH. , #2206 ) ;
#1780 = FILL_AREA_STYLE ('',( #4901 ) ) ;
#1781 = PRODUCT_DEFINITION ( 'UNKNOWN', '', #4016, #4872 ) ;
#1782 = DIRECTION ( 'NONE',  ( -1.000000000000000000, -0.000000000000000000, 0.000000000000000000 ) ) ;
#1783 = ORIENTED_EDGE ( 'NONE', *, *, #1760, .T. ) ;
#1784 =( LENGTH_UNIT ( ) NAMED_UNIT ( * ) SI_UNIT ( .MILLI., .METRE. ) );
#1785 =( NAMED_UNIT ( * ) PLANE_ANGLE_UNIT ( ) SI_UNIT ( $, .RADIAN. ) );
#1786 = CARTESIAN_POINT ( 'NONE',  ( 0.2500000000000000000, 2.200000000000000178, 0.000000000000000000 ) ) ;
#1787 = EDGE_CURVE ( 'NONE', #2672, #3823, #761, .T. ) ;
#1788 = ADVANCED_FACE ( 'NONE', ( #5 ), #1965, .F. ) ;
#1789 = PRESENTATION_LAYER_ASSIGNMENT (  '', '', ( #2912 ) ) ;
#1790 = SURFACE_STYLE_USAGE ( .BOTH. , #1480 ) ;
#1791 = FACE_OUTER_BOUND ( 'NONE', #3496, .T. ) ;
#1792 = SURFACE_STYLE_USAGE ( .BOTH. , #3351 ) ;
#1793 = CARTESIAN_POINT ( 'NONE',  ( -0.2500000000000000555, 1.500000000000000000, -2.549999999999999822 ) ) ;
#1794 = DIRECTION ( 'NONE',  ( 0.000000000000000000, 1.000000000000000000, -0.000000000000000000 ) ) ;
#1795 = FILL_AREA_STYLE ('',( #3728 ) ) ;
#1796 = LINE ( 'NONE', #2175, #1947 ) ;
#1797 = ORIENTED_EDGE ( 'NONE', *, *, #4009, .F. ) ;
#1798 = DIRECTION ( 'NONE',  ( -0.000000000000000000, 0.000000000000000000, -1.000000000000000000 ) ) ;
#1799 = ORIENTED_EDGE ( 'NONE', *, *, #2282, .F. ) ;
#1800 = DIRECTION ( 'NONE',  ( -0.000000000000000000, 0.000000000000000000, 1.000000000000000000 ) ) ;
#1801 = CARTESIAN_POINT ( 'NONE',  ( -0.2500000000000000000, -1.500000000000000000, -2.600000000000000533 ) ) ;
#1802 = ORIENTED_EDGE ( 'NONE', *, *, #613, .T. ) ;
#1803 = AXIS2_PLACEMENT_3D ( 'NONE', #2376, #253, #3005 ) ;
#1804 = LINE ( 'NONE', #4798, #2494 ) ;
#1805 = DIRECTION ( 'NONE',  ( 0.000000000000000000, 1.000000000000000000, 0.000000000000000000 ) ) ;
#1806 = DIRECTION ( 'NONE',  ( 0.000000000000000000, 1.000000000000000000, 0.000000000000000000 ) ) ;
#1807 = VECTOR ( 'NONE', #2294, 1000.000000000000000 ) ;
#1808 = ADVANCED_FACE ( 'NONE', ( #4751 ), #557, .F. ) ;
#1809 = EDGE_CURVE ( 'NONE', #3792, #2267, #2357, .T. ) ;
#1810 = VECTOR ( 'NONE', #3216, 1000.000000000000000 ) ;
#1811 = CARTESIAN_POINT ( 'NONE',  ( -0.2500000000000002220, -2.200000000000000178, -2.549999999999999822 ) ) ;
#1812 = SURFACE_STYLE_USAGE ( .BOTH. , #4858 ) ;
#1813 = PLANE ( 'NONE',  #4774 ) ;
#1814 = DIRECTION ( 'NONE',  ( 0.000000000000000000, 0.000000000000000000, 1.000000000000000000 ) ) ;
#1815 = LINE ( 'NONE', #587, #2141 ) ;
#1816 = CIRCLE ( 'NONE', #1104, 0.09999756377550685083 ) ;
#1817 = LINE ( 'NONE', #810, #4910 ) ;
#1818 = PLANE ( 'NONE',  #577 ) ;
#1819 = CARTESIAN_POINT ( 'NONE',  ( -2.250000000000000444, -1.100000000000000089, 1.209799459665320764 ) ) ;
#1820 = AXIS2_PLACEMENT_3D ( 'NONE', #427, #3510, #3954 ) ;
#1821 = ORIENTED_EDGE ( 'NONE', *, *, #3861, .T. ) ;
#1822 = FILL_AREA_STYLE_COLOUR ( '', #1745 ) ;
#1823 = LINE ( 'NONE', #1904, #4677 ) ;
#1824 = ORIENTED_EDGE ( 'NONE', *, *, #2483, .F. ) ;
#1825 = FILL_AREA_STYLE ('',( #2081 ) ) ;
#1826 = FACE_OUTER_BOUND ( 'NONE', #639, .T. ) ;
#1827 = DIRECTION ( 'NONE',  ( 0.000000000000000000, 1.000000000000000000, -0.000000000000000000 ) ) ;
#1828 = ORIENTED_EDGE ( 'NONE', *, *, #1725, .T. ) ;
#1829 = COLOUR_RGB ( '',0.2862745098039215508, 0.2862745098039215508, 0.2862745098039215508 ) ;
#1830 = LINE ( 'NONE', #4397, #6 ) ;
#1831 =( LENGTH_UNIT ( ) NAMED_UNIT ( * ) SI_UNIT ( .MILLI., .METRE. ) );
#1832 = DIRECTION ( 'NONE',  ( 1.000000000000000000, 0.000000000000000000, 0.000000000000000000 ) ) ;
#1833 = DIRECTION ( 'NONE',  ( 0.000000000000000000, -0.000000000000000000, 1.000000000000000000 ) ) ;
#1834 = MECHANICAL_DESIGN_GEOMETRIC_PRESENTATION_REPRESENTATION (  '', ( #383 ), #2965 ) ;
#1835 = DIRECTION ( 'NONE',  ( -0.000000000000000000, 1.000000000000000000, 0.000000000000000000 ) ) ;
#1836 = PLANE ( 'NONE',  #2651 ) ;
#1837 = LINE ( 'NONE', #3780, #1400 ) ;
#1838 =( NAMED_UNIT ( * ) SI_UNIT ( $, .STERADIAN. ) SOLID_ANGLE_UNIT ( ) );
#1839 = EDGE_CURVE ( 'NONE', #169, #1386, #447, .T. ) ;
#1840 = CARTESIAN_POINT ( 'NONE',  ( -0.2500000000000000000, 1.500000000000000000, -2.549999999999999822 ) ) ;
#1841 = CARTESIAN_POINT ( 'NONE',  ( -2.250000000000000444, -0.2500000000000000000, -2.549999999999999822 ) ) ;
#1842 = CARTESIAN_POINT ( 'NONE',  ( 0.2500000000000000000, -1.100000000000000089, 1.209799459665320764 ) ) ;
#1843 = EDGE_CURVE ( 'NONE', #3636, #917, #41, .T. ) ;
#1844 = EDGE_CURVE ( 'NONE', #3097, #3094, #137, .T. ) ;
#1845 = VERTEX_POINT ( 'NONE', #1692 ) ;
#1846 = CARTESIAN_POINT ( 'NONE',  ( -1.750000000000000000, -2.399999999999999911, -2.600000000000000533 ) ) ;
#1847 = DIRECTION ( 'NONE',  ( 0.000000000000000000, -1.000000000000000000, 0.000000000000000000 ) ) ;
#1848 = DIRECTION ( 'NONE',  ( -1.000000000000000000, 0.000000000000000000, -0.000000000000000000 ) ) ;
#1849 = ORIENTED_EDGE ( 'NONE', *, *, #230, .T. ) ;
#1850 = PLANE ( 'NONE',  #4559 ) ;
#1851 = CLOSED_SHELL ( 'NONE', ( #4676, #4310, #3166, #2310, #2035, #3543 ) ) ;
#1852 = FILL_AREA_STYLE ('',( #4942 ) ) ;
#1853 = PLANE ( 'NONE',  #2325 ) ;
#1854 = ORIENTED_EDGE ( 'NONE', *, *, #3392, .T. ) ;
#1855 = LINE ( 'NONE', #3240, #260 ) ;
#1856 = SURFACE_STYLE_USAGE ( .BOTH. , #829 ) ;
#1857 =( LENGTH_UNIT ( ) NAMED_UNIT ( * ) SI_UNIT ( .MILLI., .METRE. ) );
#1858 =( GEOMETRIC_REPRESENTATION_CONTEXT ( 3 ) GLOBAL_UNCERTAINTY_ASSIGNED_CONTEXT ( ( #234 ) ) GLOBAL_UNIT_ASSIGNED_CONTEXT ( ( #4280, #1637, #4001 ) ) REPRESENTATION_CONTEXT ( 'NONE', 'WORKASPACE' ) );
#1859 = SURFACE_STYLE_USAGE ( .BOTH. , #20 ) ;
#1860 = VECTOR ( 'NONE', #2013, 1000.000000000000000 ) ;
#1861 = EDGE_LOOP ( 'NONE', ( #3486, #3578, #2810, #3975 ) ) ;
#1862 = CARTESIAN_POINT ( 'NONE',  ( 1.750000000000000000, 2.200000000000000178, -1.949999999999999956 ) ) ;
#1863 = CARTESIAN_POINT ( 'NONE',  ( -2.250000000000000444, -0.1000000000000000056, 1.699999999999999956 ) ) ;
#1864 = ORIENTED_EDGE ( 'NONE', *, *, #1576, .T. ) ;
#1865 = SURFACE_STYLE_USAGE ( .BOTH. , #3430 ) ;
#1866 = COLOUR_RGB ( '',0.8627450980392157298, 0.5882352941176470784, 0.06274509803921568540 ) ;
#1867 = AXIS2_PLACEMENT_3D ( 'NONE', #3601, #3200, #3221 ) ;
#1868 =( NAMED_UNIT ( * ) PLANE_ANGLE_UNIT ( ) SI_UNIT ( $, .RADIAN. ) );
#1869 = DIRECTION ( 'NONE',  ( -1.000000000000000000, 0.000000000000000000, 0.000000000000000000 ) ) ;
#1870 = EDGE_LOOP ( 'NONE', ( #2351, #1362, #161, #1533 ) ) ;
#1871 = DIRECTION ( 'NONE',  ( 0.000000000000000000, 0.000000000000000000, -1.000000000000000000 ) ) ;
#1872 = CARTESIAN_POINT ( 'NONE',  ( 0.2500000000000000000, -0.1000000000000000056, 1.699999999999999956 ) ) ;
#1873 = EDGE_CURVE ( 'NONE', #360, #650, #3528, .T. ) ;
#1874 = ORIENTED_EDGE ( 'NONE', *, *, #2553, .T. ) ;
#1875 = EDGE_CURVE ( 'NONE', #2096, #334, #3551, .T. ) ;
#1876 = SURFACE_STYLE_FILL_AREA ( #1390 ) ;
#1877 = LINE ( 'NONE', #752, #1063 ) ;
#1878 = SURFACE_SIDE_STYLE ('',( #3040 ) ) ;
#1879 = EDGE_LOOP ( 'NONE', ( #2091, #4343, #4119, #3651 ) ) ;
#1880 = EDGE_CURVE ( 'NONE', #3636, #3191, #4705, .T. ) ;
#1881 = MECHANICAL_DESIGN_GEOMETRIC_PRESENTATION_REPRESENTATION (  '', ( #847 ), #2520 ) ;
#1882 = SURFACE_STYLE_FILL_AREA ( #2262 ) ;
#1883 =( LENGTH_UNIT ( ) NAMED_UNIT ( * ) SI_UNIT ( .MILLI., .METRE. ) );
#1884 = FILL_AREA_STYLE ('',( #3805 ) ) ;
#1885 = MECHANICAL_DESIGN_GEOMETRIC_PRESENTATION_REPRESENTATION (  '', ( #431 ), #1089 ) ;
#1886 = VERTEX_POINT ( 'NONE', #2512 ) ;
#1887 = LINE ( 'NONE', #1256, #67 ) ;
#1888 =( NAMED_UNIT ( * ) SI_UNIT ( $, .STERADIAN. ) SOLID_ANGLE_UNIT ( ) );
#1889 = ORIENTED_EDGE ( 'NONE', *, *, #954, .F. ) ;
#1890 = SURFACE_STYLE_FILL_AREA ( #4154 ) ;
#1891 = PRESENTATION_STYLE_ASSIGNMENT (( #25 ) ) ;
#1892 = MECHANICAL_DESIGN_GEOMETRIC_PRESENTATION_REPRESENTATION (  '', ( #3736 ), #2365 ) ;
#1893 = PLANE ( 'NONE',  #3911 ) ;
#1894 = VECTOR ( 'NONE', #4904, 1000.000000000000000 ) ;
#1895 = DIRECTION ( 'NONE',  ( 0.000000000000000000, -0.000000000000000000, 1.000000000000000000 ) ) ;
#1896 =( NAMED_UNIT ( * ) PLANE_ANGLE_UNIT ( ) SI_UNIT ( $, .RADIAN. ) );
#1897 = EDGE_LOOP ( 'NONE', ( #2581, #4578, #4192, #2700, #3149, #3415 ) ) ;
#1898 =( NAMED_UNIT ( * ) SI_UNIT ( $, .STERADIAN. ) SOLID_ANGLE_UNIT ( ) );
#1899 = VECTOR ( 'NONE', #1021, 1000.000000000000000 ) ;
#1900 = VECTOR ( 'NONE', #2707, 1000.000000000000000 ) ;
#1901 = EDGE_LOOP ( 'NONE', ( #1864, #1821, #1249, #4898 ) ) ;
#1902 = PRESENTATION_LAYER_ASSIGNMENT (  '', '', ( #4151 ) ) ;
#1903 = FILL_AREA_STYLE ('',( #1471 ) ) ;
#1904 = CARTESIAN_POINT ( 'NONE',  ( 3.250000000000000444, 1.500000000000000000, -2.549999999999999822 ) ) ;
#1905 = DIRECTION ( 'NONE',  ( -0.000000000000000000, -0.000000000000000000, 1.000000000000000000 ) ) ;
#1906 = ORIENTED_EDGE ( 'NONE', *, *, #2358, .T. ) ;
#1907 = PLANE ( 'NONE',  #1458 ) ;
#1908 = STYLED_ITEM ( 'NONE', ( #2665 ), #3654 ) ;
#1909 = ORIENTED_EDGE ( 'NONE', *, *, #2852, .T. ) ;
#1910 = STYLED_ITEM ( 'NONE', ( #4911 ), #3843 ) ;
#1911 = DIRECTION ( 'NONE',  ( -1.000000000000000000, 0.000000000000000000, 0.000000000000000000 ) ) ;
#1912 = DIRECTION ( 'NONE',  ( 0.000000000000000000, 1.000000000000000000, 0.000000000000000000 ) ) ;
#1913 = PLANE ( 'NONE',  #441 ) ;
#1914 = EDGE_CURVE ( 'NONE', #2267, #943, #4443, .T. ) ;
#1915 =( GEOMETRIC_REPRESENTATION_CONTEXT ( 3 ) GLOBAL_UNCERTAINTY_ASSIGNED_CONTEXT ( ( #1451 ) ) GLOBAL_UNIT_ASSIGNED_CONTEXT ( ( #4553, #1035, #1459 ) ) REPRESENTATION_CONTEXT ( 'NONE', 'WORKASPACE' ) );
#1916 = EDGE_CURVE ( 'NONE', #1226, #4629, #4827, .T. ) ;
#1917 = VERTEX_POINT ( 'NONE', #287 ) ;
#1918 = PRESENTATION_STYLE_ASSIGNMENT (( #4579 ) ) ;
#1919 =( NAMED_UNIT ( * ) SI_UNIT ( $, .STERADIAN. ) SOLID_ANGLE_UNIT ( ) );
#1920 = ORIENTED_EDGE ( 'NONE', *, *, #1267, .T. ) ;
#1921 = PLANE ( 'NONE',  #1354 ) ;
#1922 = AXIS2_PLACEMENT_3D ( 'NONE', #2714, #4715, #1274 ) ;
#1923 = DIRECTION ( 'NONE',  ( 0.000000000000000000, -1.000000000000000000, 0.000000000000000000 ) ) ;
#1924 = AXIS2_PLACEMENT_3D ( 'NONE', #4448, #4502, #3318 ) ;
#1925 = CARTESIAN_POINT ( 'NONE',  ( -1.750000000000000000, 0.2500000000000000000, -4.400000000000000355 ) ) ;
#1926 = LINE ( 'NONE', #102, #959 ) ;
#1927 = FACE_OUTER_BOUND ( 'NONE', #1897, .T. ) ;
#1928 = VERTEX_POINT ( 'NONE', #3694 ) ;
#1929 = DIRECTION ( 'NONE',  ( -0.000000000000000000, -0.000000000000000000, 1.000000000000000000 ) ) ;
#1930 =( GEOMETRIC_REPRESENTATION_CONTEXT ( 3 ) GLOBAL_UNCERTAINTY_ASSIGNED_CONTEXT ( ( #3066 ) ) GLOBAL_UNIT_ASSIGNED_CONTEXT ( ( #3282, #1363, #1709 ) ) REPRESENTATION_CONTEXT ( 'NONE', 'WORKASPACE' ) );
#1931 = ORIENTED_EDGE ( 'NONE', *, *, #3055, .F. ) ;
#1932 =( NAMED_UNIT ( * ) PLANE_ANGLE_UNIT ( ) SI_UNIT ( $, .RADIAN. ) );
#1933 = VERTEX_POINT ( 'NONE', #2971 ) ;
#1934 = DIRECTION ( 'NONE',  ( 0.000000000000000000, 0.000000000000000000, -1.000000000000000000 ) ) ;
#1935 = VERTEX_POINT ( 'NONE', #2938 ) ;
#1936 = PRESENTATION_LAYER_ASSIGNMENT (  '', '', ( #2488 ) ) ;
#1937 = PLANE ( 'NONE',  #4748 ) ;
#1938 = SURFACE_SIDE_STYLE ('',( #336 ) ) ;
#1939 = ORIENTED_EDGE ( 'NONE', *, *, #1407, .T. ) ;
#1940 = COLOUR_RGB ( '',0.2862745098039215508, 0.2862745098039215508, 0.2862745098039215508 ) ;
#1941 = ORIENTED_EDGE ( 'NONE', *, *, #990, .T. ) ;
#1942 = DIRECTION ( 'NONE',  ( 1.000000000000000000, 0.000000000000000000, 0.000000000000000000 ) ) ;
#1943 = EDGE_CURVE ( 'NONE', #2328, #3128, #3315, .T. ) ;
#1944 = EDGE_CURVE ( 'NONE', #4455, #2822, #626, .T. ) ;
#1945 = DIRECTION ( 'NONE',  ( 0.000000000000000000, -0.000000000000000000, 1.000000000000000000 ) ) ;
#1946 = SURFACE_SIDE_STYLE ('',( #1545 ) ) ;
#1947 = VECTOR ( 'NONE', #2878, 1000.000000000000000 ) ;
#1948 = CARTESIAN_POINT ( 'NONE',  ( -1.749999999999999778, 0.2499999999999999445, -2.549999999999999822 ) ) ;
#1949 = CARTESIAN_POINT ( 'NONE',  ( -3.260000000000000675, 2.200000000000000178, -2.549999999999999822 ) ) ;
#1950 = LINE ( 'NONE', #375, #1015 ) ;
#1951 = VERTEX_POINT ( 'NONE', #2110 ) ;
#1952 = PLANE ( 'NONE',  #2218 ) ;
#1953 = VECTOR ( 'NONE', #2556, 1000.000000000000000 ) ;
#1954 = COLOUR_RGB ( '',0.2862745098039215508, 0.2862745098039215508, 0.2862745098039215508 ) ;
#1955 = FACE_OUTER_BOUND ( 'NONE', #2678, .T. ) ;
#1956 = CARTESIAN_POINT ( 'NONE',  ( 0.2500000000000000000, -2.200000000000000178, -1.949999999999999956 ) ) ;
#1957 = VERTEX_POINT ( 'NONE', #2567 ) ;
#1958 = UNCERTAINTY_MEASURE_WITH_UNIT (LENGTH_MEASURE( 1.000000000000000082E-05 ), #4921, 'distance_accuracy_value', 'NONE');
#1959 = FILL_AREA_STYLE ('',( #2059 ) ) ;
#1960 = SURFACE_STYLE_USAGE ( .BOTH. , #2313 ) ;
#1961 = VERTEX_POINT ( 'NONE', #4085 ) ;
#1962 = ORIENTED_EDGE ( 'NONE', *, *, #1577, .T. ) ;
#1963 = VERTEX_POINT ( 'NONE', #4851 ) ;
#1964 = LINE ( 'NONE', #1308, #274 ) ;
#1965 = PLANE ( 'NONE',  #1007 ) ;
#1966 = DIRECTION ( 'NONE',  ( 0.000000000000000000, -0.000000000000000000, -1.000000000000000000 ) ) ;
#1967 =( GEOMETRIC_REPRESENTATION_CONTEXT ( 3 ) GLOBAL_UNCERTAINTY_ASSIGNED_CONTEXT ( ( #1059 ) ) GLOBAL_UNIT_ASSIGNED_CONTEXT ( ( #1766, #1399, #4086 ) ) REPRESENTATION_CONTEXT ( 'NONE', 'WORKASPACE' ) );
#1968 = EDGE_CURVE ( 'NONE', #895, #2444, #1375, .T. ) ;
#1969 = EDGE_CURVE ( 'NONE', #4455, #2375, #237, .T. ) ;
#1970 = CARTESIAN_POINT ( 'NONE',  ( 1.750000000000000000, 0.2500000000000000000, -4.400000000000000355 ) ) ;
#1971 = VECTOR ( 'NONE', #1206, 1000.000000000000000 ) ;
#1972 = CARTESIAN_POINT ( 'NONE',  ( -0.2500000000000000000, 0.000000000000000000, 1.209799459665320764 ) ) ;
#1973 = CARTESIAN_POINT ( 'NONE',  ( -0.2500000000000000000, 1.100000000000000089, 0.000000000000000000 ) ) ;
#1974 = ORIENTED_EDGE ( 'NONE', *, *, #1640, .T. ) ;
#1975 = STYLED_ITEM ( 'NONE', ( #2318 ), #2743 ) ;
#1976 = VECTOR ( 'NONE', #3643, 1000.000000000000000 ) ;
#1977 = EDGE_CURVE ( 'NONE', #3504, #3897, #3268, .T. ) ;
#1978 = EDGE_CURVE ( 'NONE', #2509, #1589, #1397, .T. ) ;
#1979 = LINE ( 'NONE', #4663, #4713 ) ;
#1980 = VERTEX_POINT ( 'NONE', #2592 ) ;
#1981 = AXIS2_PLACEMENT_3D ( 'NONE', #4348, #2020, #842 ) ;
#1982 =( NAMED_UNIT ( * ) PLANE_ANGLE_UNIT ( ) SI_UNIT ( $, .RADIAN. ) );
#1983 = FILL_AREA_STYLE_COLOUR ( '', #4784 ) ;
#1984 = FILL_AREA_STYLE ('',( #2671 ) ) ;
#1985 = STYLED_ITEM ( 'NONE', ( #4390 ), #3171 ) ;
#1986 = PRESENTATION_LAYER_ASSIGNMENT (  '', '', ( #1181 ) ) ;
#1987 = ORIENTED_EDGE ( 'NONE', *, *, #1023, .T. ) ;
#1988 = ORIENTED_EDGE ( 'NONE', *, *, #4400, .F. ) ;
#1989 = VECTOR ( 'NONE', #2480, 1000.000000000000000 ) ;
#1990 = PRESENTATION_STYLE_ASSIGNMENT (( #496 ) ) ;
#1991 = COLOUR_RGB ( '',1.000000000000000000, 1.000000000000000000, 1.000000000000000000 ) ;
#1992 =( NAMED_UNIT ( * ) PLANE_ANGLE_UNIT ( ) SI_UNIT ( $, .RADIAN. ) );
#1993 = STYLED_ITEM ( 'NONE', ( #2668 ), #3630 ) ;
#1994 = FACE_OUTER_BOUND ( 'NONE', #3988, .T. ) ;
#1995 = ORIENTED_EDGE ( 'NONE', *, *, #2619, .F. ) ;
#1996 = CARTESIAN_POINT ( 'NONE',  ( 1.750000000000000000, 1.500000000000000000, -2.600000000000000533 ) ) ;
#1997 = DIRECTION ( 'NONE',  ( -1.000000000000000000, 0.000000000000000000, 0.000000000000000000 ) ) ;
#1998 =( GEOMETRIC_REPRESENTATION_CONTEXT ( 3 ) GLOBAL_UNCERTAINTY_ASSIGNED_CONTEXT ( ( #1251 ) ) GLOBAL_UNIT_ASSIGNED_CONTEXT ( ( #865, #423, #2751 ) ) REPRESENTATION_CONTEXT ( 'NONE', 'WORKASPACE' ) );
#1999 = DIRECTION ( 'NONE',  ( 1.000000000000000000, 0.000000000000000000, 0.000000000000000000 ) ) ;
#2000 = COLOUR_RGB ( '',0.2862745098039215508, 0.2862745098039215508, 0.2862745098039215508 ) ;
#2001 = DIRECTION ( 'NONE',  ( 0.000000000000000000, 0.000000000000000000, -1.000000000000000000 ) ) ;
#2002 = LINE ( 'NONE', #81, #4484 ) ;
#2003 = DIRECTION ( 'NONE',  ( 1.000000000000000000, -0.000000000000000000, 0.000000000000000000 ) ) ;
#2004 = ORIENTED_EDGE ( 'NONE', *, *, #2629, .T. ) ;
#2005 = EDGE_CURVE ( 'NONE', #2862, #1081, #4475, .T. ) ;
#2006 = CARTESIAN_POINT ( 'NONE',  ( 0.2500000000000000000, 2.399999999999999911, 0.000000000000000000 ) ) ;
#2007 = CARTESIAN_POINT ( 'NONE',  ( -1.750000000000000000, 1.100000000000000089, 0.000000000000000000 ) ) ;
#2008 = VECTOR ( 'NONE', #4293, 1000.000000000000000 ) ;
#2009 = ORIENTED_EDGE ( 'NONE', *, *, #4253, .T. ) ;
#2010 = CARTESIAN_POINT ( 'NONE',  ( -3.250000000000000444, -2.200000000000000178, -2.549999999999999822 ) ) ;
#2011 = ADVANCED_FACE ( 'NONE', ( #3720 ), #3292, .T. ) ;
#2012 = ADVANCED_FACE ( 'NONE', ( #1765 ), #2539, .F. ) ;
#2013 = DIRECTION ( 'NONE',  ( -0.000000000000000000, -0.000000000000000000, 1.000000000000000000 ) ) ;
#2014 = ORIENTED_EDGE ( 'NONE', *, *, #4580, .T. ) ;
#2015 = PRESENTATION_STYLE_ASSIGNMENT (( #757 ) ) ;
#2016 = UNCERTAINTY_MEASURE_WITH_UNIT (LENGTH_MEASURE( 1.000000000000000082E-05 ), #499, 'distance_accuracy_value', 'NONE');
#2017 =( NAMED_UNIT ( * ) SI_UNIT ( $, .STERADIAN. ) SOLID_ANGLE_UNIT ( ) );
#2018 = FILL_AREA_STYLE ('',( #2816 ) ) ;
#2019 = ORIENTED_EDGE ( 'NONE', *, *, #1293, .T. ) ;
#2020 = DIRECTION ( 'NONE',  ( 1.000000000000000000, -0.000000000000000000, 0.000000000000000000 ) ) ;
#2021 = DIRECTION ( 'NONE',  ( 0.000000000000000000, 1.000000000000000000, 0.000000000000000000 ) ) ;
#2022 = VECTOR ( 'NONE', #1444, 1000.000000000000000 ) ;
#2023 = FILL_AREA_STYLE ('',( #476 ) ) ;
#2024 = CARTESIAN_POINT ( 'NONE',  ( 3.250000000000000888, -2.200000000000000178, -2.549999999999999822 ) ) ;
#2025 = CARTESIAN_POINT ( 'NONE',  ( -1.750000000000000000, 2.399999999999999911, 0.000000000000000000 ) ) ;
#2026 = DIRECTION ( 'NONE',  ( 1.000000000000000000, 0.000000000000000000, 0.000000000000000000 ) ) ;
#2027 = ORIENTED_EDGE ( 'NONE', *, *, #2660, .F. ) ;
#2028 = MECHANICAL_DESIGN_GEOMETRIC_PRESENTATION_REPRESENTATION (  '', ( #979 ), #1143 ) ;
#2029 = FACE_OUTER_BOUND ( 'NONE', #1279, .T. ) ;
#2030 = AXIS2_PLACEMENT_3D ( 'NONE', #1631, #4019, #1707 ) ;
#2031 = ORIENTED_EDGE ( 'NONE', *, *, #4651, .F. ) ;
#2032 =( NAMED_UNIT ( * ) SI_UNIT ( $, .STERADIAN. ) SOLID_ANGLE_UNIT ( ) );
#2033 = VECTOR ( 'NONE', #201, 1000.000000000000000 ) ;
#2034 = VERTEX_POINT ( 'NONE', #755 ) ;
#2035 = ADVANCED_FACE ( 'NONE', ( #3047 ), #1913, .T. ) ;
#2036 = EDGE_CURVE ( 'NONE', #4175, #435, #2314, .T. ) ;
#2037 = CARTESIAN_POINT ( 'NONE',  ( -2.250000000000000444, -1.500000000000000000, 0.000000000000000000 ) ) ;
#2038 = VERTEX_POINT ( 'NONE', #1109 ) ;
#2039 = PRESENTATION_STYLE_ASSIGNMENT (( #2290 ) ) ;
#2040 = CARTESIAN_POINT ( 'NONE',  ( 0.2500000000000000000, 0.000000000000000000, 0.000000000000000000 ) ) ;
#2041 =( LENGTH_UNIT ( ) NAMED_UNIT ( * ) SI_UNIT ( .MILLI., .METRE. ) );
#2042 = ORIENTED_EDGE ( 'NONE', *, *, #2277, .F. ) ;
#2043 = DIRECTION ( 'NONE',  ( 0.000000000000000000, -1.000000000000000000, 0.000000000000000000 ) ) ;
#2044 =( NAMED_UNIT ( * ) PLANE_ANGLE_UNIT ( ) SI_UNIT ( $, .RADIAN. ) );
#2045 =( LENGTH_UNIT ( ) NAMED_UNIT ( * ) SI_UNIT ( .MILLI., .METRE. ) );
#2046 = CARTESIAN_POINT ( 'NONE',  ( -0.2500000000000000555, -0.2500000000000000000, -2.549999999999999822 ) ) ;
#2047 = VECTOR ( 'NONE', #1833, 1000.000000000000000 ) ;
#2048 = VERTEX_POINT ( 'NONE', #4548 ) ;
#2049 = CIRCLE ( 'NONE', #38, 1.000000000000000000 ) ;
#2050 = EDGE_LOOP ( 'NONE', ( #285, #4415, #4935, #1517, #3077 ) ) ;
#2051 =( NAMED_UNIT ( * ) PLANE_ANGLE_UNIT ( ) SI_UNIT ( $, .RADIAN. ) );
#2052 = SURFACE_STYLE_FILL_AREA ( #920 ) ;
#2053 = PRESENTATION_STYLE_ASSIGNMENT (( #2809 ) ) ;
#2054 = MECHANICAL_DESIGN_GEOMETRIC_PRESENTATION_REPRESENTATION (  '', ( #113 ), #3986 ) ;
#2055 = AXIS2_PLACEMENT_3D ( 'NONE', #3056, #1116, #2292 ) ;
#2056 =( GEOMETRIC_REPRESENTATION_CONTEXT ( 3 ) GLOBAL_UNCERTAINTY_ASSIGNED_CONTEXT ( ( #1305 ) ) GLOBAL_UNIT_ASSIGNED_CONTEXT ( ( #3593, #1992, #2017 ) ) REPRESENTATION_CONTEXT ( 'NONE', 'WORKASPACE' ) );
#2057 =( LENGTH_UNIT ( ) NAMED_UNIT ( * ) SI_UNIT ( .MILLI., .METRE. ) );
#2058 = UNCERTAINTY_MEASURE_WITH_UNIT (LENGTH_MEASURE( 1.000000000000000082E-05 ), #2601, 'distance_accuracy_value', 'NONE');
#2059 = FILL_AREA_STYLE_COLOUR ( '', #517 ) ;
#2060 = FILL_AREA_STYLE ('',( #3616 ) ) ;
#2061 = AXIS2_PLACEMENT_3D ( 'NONE', #2855, #1777, #949 ) ;
#2062 = STYLED_ITEM ( 'NONE', ( #4109 ), #2334 ) ;
#2063 = CARTESIAN_POINT ( 'NONE',  ( 2.250000000000000444, -0.2500000000000000000, -2.549999999999999822 ) ) ;
#2064 = FACE_OUTER_BOUND ( 'NONE', #1581, .T. ) ;
#2065 =( NAMED_UNIT ( * ) PLANE_ANGLE_UNIT ( ) SI_UNIT ( $, .RADIAN. ) );
#2066 = EDGE_CURVE ( 'NONE', #1341, #4552, #4601, .T. ) ;
#2067 = ADVANCED_FACE ( 'NONE', ( #2724 ), #2992, .T. ) ;
#2068 = AXIS2_PLACEMENT_3D ( 'NONE', #3387, #2255, #1871 ) ;
#2069 = PLANE ( 'NONE',  #426 ) ;
#2070 = CARTESIAN_POINT ( 'NONE',  ( -3.049997563731123851, -1.899999999999999911, -3.149999999999999911 ) ) ;
#2071 = SURFACE_STYLE_FILL_AREA ( #1292 ) ;
#2072 = ORIENTED_EDGE ( 'NONE', *, *, #2744, .T. ) ;
#2073 = PRESENTATION_LAYER_ASSIGNMENT (  '', '', ( #2385 ) ) ;
#2074 = FILL_AREA_STYLE ('',( #4782 ) ) ;
#2075 = ORIENTED_EDGE ( 'NONE', *, *, #4062, .T. ) ;
#2076 = PLANE ( 'NONE',  #2630 ) ;
#2077 = ORIENTED_EDGE ( 'NONE', *, *, #168, .T. ) ;
#2078 = STYLED_ITEM ( 'NONE', ( #3024 ), #4853 ) ;
#2079 = SHAPE_DEFINITION_REPRESENTATION ( #1045, #213 ) ;
#2080 = ORIENTED_EDGE ( 'NONE', *, *, #3417, .F. ) ;
#2081 = FILL_AREA_STYLE_COLOUR ( '', #3840 ) ;
#2082 = MECHANICAL_DESIGN_GEOMETRIC_PRESENTATION_REPRESENTATION (  '', ( #2398 ), #723 ) ;
#2083 = ORIENTED_EDGE ( 'NONE', *, *, #4420, .F. ) ;
#2084 = CARTESIAN_POINT ( 'NONE',  ( -2.250000000000000444, 1.100000000000000089, 0.000000000000000000 ) ) ;
#2085 = CARTESIAN_POINT ( 'NONE',  ( -0.2500000000000000000, -1.100000000000000089, 1.699999999999999956 ) ) ;
#2086 = CARTESIAN_POINT ( 'NONE',  ( 2.250000000000000444, -2.200000000000000178, -2.549999999999999822 ) ) ;
#2087 = FACE_OUTER_BOUND ( 'NONE', #1730, .T. ) ;
#2088 = ADVANCED_FACE ( 'NONE', ( #733 ), #2265, .T. ) ;
#2089 = COLOUR_RGB ( '',0.8627450980392157298, 0.5882352941176470784, 0.06274509803921568540 ) ;
#2090 = CARTESIAN_POINT ( 'NONE',  ( 3.250000000000000444, -2.200000000000000178, -1.000000000000000000 ) ) ;
#2091 = ORIENTED_EDGE ( 'NONE', *, *, #1115, .T. ) ;
#2092 = SURFACE_STYLE_USAGE ( .BOTH. , #4015 ) ;
#2093 = ORIENTED_EDGE ( 'NONE', *, *, #66, .F. ) ;
#2094 =( NAMED_UNIT ( * ) PLANE_ANGLE_UNIT ( ) SI_UNIT ( $, .RADIAN. ) );
#2095 = LINE ( 'NONE', #3635, #2823 ) ;
#2096 = VERTEX_POINT ( 'NONE', #4302 ) ;
#2097 = MECHANICAL_DESIGN_GEOMETRIC_PRESENTATION_REPRESENTATION (  '', ( #1708 ), #3073 ) ;
#2098 = DIRECTION ( 'NONE',  ( -0.000000000000000000, -0.000000000000000000, 1.000000000000000000 ) ) ;
#2099 = LINE ( 'NONE', #1027, #1736 ) ;
#2100 = EDGE_LOOP ( 'NONE', ( #2278, #4759, #1271, #3363 ) ) ;
#2101 = UNCERTAINTY_MEASURE_WITH_UNIT (LENGTH_MEASURE( 1.000000000000000082E-05 ), #13, 'distance_accuracy_value', 'NONE');
#2102 = SURFACE_SIDE_STYLE ('',( #2430 ) ) ;
#2103 =( GEOMETRIC_REPRESENTATION_CONTEXT ( 3 ) GLOBAL_UNCERTAINTY_ASSIGNED_CONTEXT ( ( #4523 ) ) GLOBAL_UNIT_ASSIGNED_CONTEXT ( ( #888, #502, #2424 ) ) REPRESENTATION_CONTEXT ( 'NONE', 'WORKASPACE' ) );
#2104 = LINE ( 'NONE', #4847, #4543 ) ;
#2105 = EDGE_LOOP ( 'NONE', ( #2363, #3178, #128, #4199, #4093, #3467 ) ) ;
#2106 = PRESENTATION_LAYER_ASSIGNMENT (  '', '', ( #3158 ) ) ;
#2107 = CARTESIAN_POINT ( 'NONE',  ( 3.250000000000000444, -2.200000000000000178, -2.549999999999999822 ) ) ;
#2108 = UNCERTAINTY_MEASURE_WITH_UNIT (LENGTH_MEASURE( 1.000000000000000082E-05 ), #4793, 'distance_accuracy_value', 'NONE');
#2109 = CARTESIAN_POINT ( 'NONE',  ( -0.2500000000000000000, 0.1000000000000000056, 1.699999999999999956 ) ) ;
#2110 = CARTESIAN_POINT ( 'NONE',  ( -2.250000000000000444, 2.399999999999999911, -2.600000000000000533 ) ) ;
#2111 =( LENGTH_UNIT ( ) NAMED_UNIT ( * ) SI_UNIT ( .MILLI., .METRE. ) );
#2112 = CARTESIAN_POINT ( 'NONE',  ( 0.2500000000000000000, 0.1000000000000000056, 2.700000000000000178 ) ) ;
#2113 = DIRECTION ( 'NONE',  ( 0.000000000000000000, 0.000000000000000000, -1.000000000000000000 ) ) ;
#2114 = CARTESIAN_POINT ( 'NONE',  ( -1.750000000000000000, -1.100000000000000089, 0.000000000000000000 ) ) ;
#2115 = ORIENTED_EDGE ( 'NONE', *, *, #2005, .T. ) ;
#2116 = EDGE_CURVE ( 'NONE', #1951, #3089, #2453, .T. ) ;
#2117 = ADVANCED_FACE ( 'NONE', ( #883 ), #927, .T. ) ;
#2118 = VECTOR ( 'NONE', #656, 1000.000000000000000 ) ;
#2119 = FILL_AREA_STYLE_COLOUR ( '', #4481 ) ;
#2120 = ORIENTED_EDGE ( 'NONE', *, *, #230, .F. ) ;
#2121 = CARTESIAN_POINT ( 'NONE',  ( -1.750000000000000000, 0.1000000000000000056, 1.699999999999999956 ) ) ;
#2122 = DIRECTION ( 'NONE',  ( 0.000000000000000000, 0.000000000000000000, -1.000000000000000000 ) ) ;
#2123 = EDGE_CURVE ( 'NONE', #4879, #1217, #4653, .T. ) ;
#2124 = EDGE_CURVE ( 'NONE', #4664, #435, #468, .T. ) ;
#2125 = VECTOR ( 'NONE', #3644, 1000.000000000000000 ) ;
#2126 = CARTESIAN_POINT ( 'NONE',  ( -2.250000000000000444, 0.1000000000000000056, 2.700000000000000178 ) ) ;
#2127 = ORIENTED_EDGE ( 'NONE', *, *, #3228, .T. ) ;
#2128 = DIRECTION ( 'NONE',  ( 0.000000000000000000, 1.000000000000000000, 0.000000000000000000 ) ) ;
#2129 = ORIENTED_EDGE ( 'NONE', *, *, #4216, .T. ) ;
#2130 = DIRECTION ( 'NONE',  ( 0.000000000000000000, 0.000000000000000000, -1.000000000000000000 ) ) ;
#2131 = CIRCLE ( 'NONE', #3983, 0.09999756373112352048 ) ;
#2132 = CARTESIAN_POINT ( 'NONE',  ( 2.250000000000000444, -0.2500000000000000000, -2.549999999999999822 ) ) ;
#2133 = STYLED_ITEM ( 'NONE', ( #346 ), #3017 ) ;
#2134 = VECTOR ( 'NONE', #1806, 1000.000000000000000 ) ;
#2135 = ORIENTED_EDGE ( 'NONE', *, *, #1512, .F. ) ;
#2136 = FILL_AREA_STYLE ('',( #233 ) ) ;
#2137 = VECTOR ( 'NONE', #1848, 1000.000000000000000 ) ;
#2138 = PLANE ( 'NONE',  #4444 ) ;
#2139 = VECTOR ( 'NONE', #1214, 1000.000000000000000 ) ;
#2140 = DIRECTION ( 'NONE',  ( 0.000000000000000000, 0.000000000000000000, -1.000000000000000000 ) ) ;
#2141 = VECTOR ( 'NONE', #1412, 1000.000000000000000 ) ;
#2142 = CARTESIAN_POINT ( 'NONE',  ( -2.250000000000000444, -1.100000000000000089, 1.209799459665320764 ) ) ;
#2143 = PRESENTATION_STYLE_ASSIGNMENT (( #2467 ) ) ;
#2144 = COLOUR_RGB ( '',0.8431372549019607865, 0.8431372549019607865, 0.8431372549019607865 ) ;
#2145 = ORIENTED_EDGE ( 'NONE', *, *, #3536, .T. ) ;
#2146 = CARTESIAN_POINT ( 'NONE',  ( -2.250000000000000444, 0.000000000000000000, 0.000000000000000000 ) ) ;
#2147 = DIRECTION ( 'NONE',  ( 1.000000000000000000, -0.000000000000000000, 0.000000000000000000 ) ) ;
#2148 = SURFACE_STYLE_FILL_AREA ( #2523 ) ;
#2149 = SURFACE_STYLE_FILL_AREA ( #4072 ) ;
#2150 = EDGE_LOOP ( 'NONE', ( #1774, #63, #4923, #4305 ) ) ;
#2151 =( NAMED_UNIT ( * ) PLANE_ANGLE_UNIT ( ) SI_UNIT ( $, .RADIAN. ) );
#2152 = CARTESIAN_POINT ( 'NONE',  ( 1.750000000000000000, -0.2500000000000000000, -2.549999999999999822 ) ) ;
#2153 = ADVANCED_FACE ( 'NONE', ( #45 ), #1592, .T. ) ;
#2154 = CARTESIAN_POINT ( 'NONE',  ( -0.2500000000000000000, 1.500000000000000000, -2.600000000000000533 ) ) ;
#2155 = VECTOR ( 'NONE', #1768, 1000.000000000000000 ) ;
#2156 = VERTEX_POINT ( 'NONE', #1819 ) ;
#2157 = EDGE_CURVE ( 'NONE', #2254, #1961, #4208, .T. ) ;
#2158 = PLANE ( 'NONE',  #3665 ) ;
#2159 = UNCERTAINTY_MEASURE_WITH_UNIT (LENGTH_MEASURE( 1.000000000000000082E-05 ), #3350, 'distance_accuracy_value', 'NONE');
#2160 = PRESENTATION_LAYER_ASSIGNMENT (  '', '', ( #3445 ) ) ;
#2161 = ORIENTED_EDGE ( 'NONE', *, *, #962, .T. ) ;
#2162 = MANIFOLD_SOLID_BREP ( 'Split1[9]', #4267 ) ;
#2163 = CARTESIAN_POINT ( 'NONE',  ( 1.749999999999999778, -1.699999999999999956, 0.000000000000000000 ) ) ;
#2164 = UNCERTAINTY_MEASURE_WITH_UNIT (LENGTH_MEASURE( 1.000000000000000082E-05 ), #4746, 'distance_accuracy_value', 'NONE');
#2165 = CARTESIAN_POINT ( 'NONE',  ( -2.650003126997126035, -1.899999999999999911, -2.949995818141815107 ) ) ;
#2166 = SURFACE_SIDE_STYLE ('',( #2194 ) ) ;
#2167 = DIRECTION ( 'NONE',  ( 0.000000000000000000, -1.000000000000000000, -0.000000000000000000 ) ) ;
#2168 = DIRECTION ( 'NONE',  ( -0.000000000000000000, 0.000000000000000000, 1.000000000000000000 ) ) ;
#2169 = FILL_AREA_STYLE_COLOUR ( '', #4775 ) ;
#2170 = MANIFOLD_SOLID_BREP ( 'Split1[1]', #1851 ) ;
#2171 = FILL_AREA_STYLE ('',( #686 ) ) ;
#2172 = SURFACE_SIDE_STYLE ('',( #3608 ) ) ;
#2173 = SURFACE_SIDE_STYLE ('',( #4094 ) ) ;
#2174 = CARTESIAN_POINT ( 'NONE',  ( -1.750000000000000000, -1.100000000000000089, 1.209799459665320764 ) ) ;
#2175 = CARTESIAN_POINT ( 'NONE',  ( 3.249996873047257484, 1.899999999999999911, -2.949995818141815107 ) ) ;
#2176 = PRESENTATION_LAYER_ASSIGNMENT (  '', '', ( #897 ) ) ;
#2177 = ORIENTED_EDGE ( 'NONE', *, *, #4945, .T. ) ;
#2178 =( NAMED_UNIT ( * ) SI_UNIT ( $, .STERADIAN. ) SOLID_ANGLE_UNIT ( ) );
#2179 = DIRECTION ( 'NONE',  ( 0.000000000000000000, 1.000000000000000000, 0.000000000000000000 ) ) ;
#2180 = MECHANICAL_DESIGN_GEOMETRIC_PRESENTATION_REPRESENTATION (  '', ( #3623 ), #3071 ) ;
#2181 = DIRECTION ( 'NONE',  ( 0.000000000000000000, 0.000000000000000000, -1.000000000000000000 ) ) ;
#2182 = EDGE_LOOP ( 'NONE', ( #951, #2833, #846, #1685 ) ) ;
#2183 =( NAMED_UNIT ( * ) PLANE_ANGLE_UNIT ( ) SI_UNIT ( $, .RADIAN. ) );
#2184 = SURFACE_SIDE_STYLE ('',( #648 ) ) ;
#2185 = VECTOR ( 'NONE', #1800, 1000.000000000000000 ) ;
#2186 = EDGE_CURVE ( 'NONE', #3236, #3041, #2432, .T. ) ;
#2187 = EDGE_CURVE ( 'NONE', #4465, #3437, #2764, .T. ) ;
#2188 = ORIENTED_EDGE ( 'NONE', *, *, #556, .T. ) ;
#2189 = STYLED_ITEM ( 'NONE', ( #4113 ), #717 ) ;
#2190 = CARTESIAN_POINT ( 'NONE',  ( -2.250000000000000444, -2.200000000000000178, -2.549999999999999822 ) ) ;
#2191 = CARTESIAN_POINT ( 'NONE',  ( -1.750000000000000000, -0.09999999999999993616, 2.700000000000000178 ) ) ;
#2192 = DIRECTION ( 'NONE',  ( 0.000000000000000000, 0.000000000000000000, -1.000000000000000000 ) ) ;
#2193 = AXIS2_PLACEMENT_3D ( 'NONE', #220, #614, #2122 ) ;
#2194 = SURFACE_STYLE_FILL_AREA ( #2621 ) ;
#2195 = DIRECTION ( 'NONE',  ( -0.000000000000000000, 1.000000000000000000, 0.000000000000000000 ) ) ;
#2196 = PLANE ( 'NONE',  #1280 ) ;
#2197 =( NAMED_UNIT ( * ) SI_UNIT ( $, .STERADIAN. ) SOLID_ANGLE_UNIT ( ) );
#2198 = DIRECTION ( 'NONE',  ( 0.000000000000000000, -1.000000000000000000, 0.000000000000000000 ) ) ;
#2199 = CARTESIAN_POINT ( 'NONE',  ( 2.750000000000000000, 1.699999999999999734, -1.000000000000000000 ) ) ;
#2200 =( NAMED_UNIT ( * ) PLANE_ANGLE_UNIT ( ) SI_UNIT ( $, .RADIAN. ) );
#2201 = MANIFOLD_SOLID_BREP ( 'Split1[4]', #1534 ) ;
#2202 = EDGE_LOOP ( 'NONE', ( #929, #1147, #1182, #4687, #2072 ) ) ;
#2203 = LINE ( 'NONE', #3819, #3932 ) ;
#2204 = CARTESIAN_POINT ( 'NONE',  ( 2.950000000000000178, 2.200000000000000178, -2.549999999999999822 ) ) ;
#2205 = ORIENTED_EDGE ( 'NONE', *, *, #392, .T. ) ;
#2206 = SURFACE_SIDE_STYLE ('',( #1502 ) ) ;
#2207 = PRESENTATION_STYLE_ASSIGNMENT (( #3285 ) ) ;
#2208 = DIRECTION ( 'NONE',  ( 0.000000000000000000, 0.000000000000000000, -1.000000000000000000 ) ) ;
#2209 = LINE ( 'NONE', #4947, #1286 ) ;
#2210 = ORIENTED_EDGE ( 'NONE', *, *, #4669, .T. ) ;
#2211 = PRESENTATION_LAYER_ASSIGNMENT (  '', '', ( #431 ) ) ;
#2212 = FACE_OUTER_BOUND ( 'NONE', #3249, .T. ) ;
#2213 = EDGE_CURVE ( 'NONE', #2883, #3411, #470, .T. ) ;
#2214 = UNCERTAINTY_MEASURE_WITH_UNIT (LENGTH_MEASURE( 1.000000000000000082E-05 ), #2788, 'distance_accuracy_value', 'NONE');
#2215 = SURFACE_STYLE_FILL_AREA ( #1535 ) ;
#2216 =( LENGTH_UNIT ( ) NAMED_UNIT ( * ) SI_UNIT ( .MILLI., .METRE. ) );
#2217 = AXIS2_PLACEMENT_3D ( 'NONE', #2657, #3026, #740 ) ;
#2218 = AXIS2_PLACEMENT_3D ( 'NONE', #617, #2181, #3710 ) ;
#2219 = CARTESIAN_POINT ( 'NONE',  ( -2.950000000000000178, -1.899999999999999911, -2.949995818141815107 ) ) ;
#2220 = STYLED_ITEM ( 'NONE', ( #550 ), #2170 ) ;
#2221 = FACE_OUTER_BOUND ( 'NONE', #4316, .T. ) ;
#2222 = EDGE_CURVE ( 'NONE', #1383, #2368, #2104, .T. ) ;
#2223 = EDGE_CURVE ( 'NONE', #3411, #86, #1393, .T. ) ;
#2224 = LINE ( 'NONE', #3376, #2613 ) ;
#2225 = PRESENTATION_LAYER_ASSIGNMENT (  '', '', ( #1985 ) ) ;
#2226 = PRESENTATION_LAYER_ASSIGNMENT (  '', '', ( #2860 ) ) ;
#2227 = DIRECTION ( 'NONE',  ( -1.000000000000000000, 0.000000000000000000, 0.000000000000000000 ) ) ;
#2228 = CARTESIAN_POINT ( 'NONE',  ( -3.260000000000000675, -2.200000000000000178, -2.549999999999999822 ) ) ;
#2229 = CARTESIAN_POINT ( 'NONE',  ( 0.2500000000000000000, 2.399999999999999911, -1.949999999999999956 ) ) ;
#2230 = DIRECTION ( 'NONE',  ( -1.000000000000000000, 0.000000000000000000, 0.000000000000000000 ) ) ;
#2231 = FILL_AREA_STYLE ('',( #2793 ) ) ;
#2232 = COLOUR_RGB ( '',0.8431372549019607865, 0.8431372549019607865, 0.8431372549019607865 ) ;
#2233 = EDGE_LOOP ( 'NONE', ( #39, #2414, #3141, #3815 ) ) ;
#2234 = CARTESIAN_POINT ( 'NONE',  ( 1.750000000000000000, -2.399999999999999911, -2.600000000000000533 ) ) ;
#2235 = ORIENTED_EDGE ( 'NONE', *, *, #3567, .T. ) ;
#2236 = EDGE_LOOP ( 'NONE', ( #3365, #3544, #395, #3632 ) ) ;
#2237 =( GEOMETRIC_REPRESENTATION_CONTEXT ( 3 ) GLOBAL_UNCERTAINTY_ASSIGNED_CONTEXT ( ( #2760 ) ) GLOBAL_UNIT_ASSIGNED_CONTEXT ( ( #4501, #683, #4476 ) ) REPRESENTATION_CONTEXT ( 'NONE', 'WORKASPACE' ) );
#2238 = MANIFOLD_SOLID_BREP ( 'Split1[3]', #566 ) ;
#2239 = SURFACE_STYLE_USAGE ( .BOTH. , #3859 ) ;
#2240 =( NAMED_UNIT ( * ) SI_UNIT ( $, .STERADIAN. ) SOLID_ANGLE_UNIT ( ) );
#2241 = AXIS2_PLACEMENT_3D ( 'NONE', #4912, #2976, #2250 ) ;
#2242 = MECHANICAL_DESIGN_GEOMETRIC_PRESENTATION_REPRESENTATION (  '', ( #2393 ), #2800 ) ;
#2243 = ORIENTED_EDGE ( 'NONE', *, *, #190, .F. ) ;
#2244 = SURFACE_STYLE_FILL_AREA ( #709 ) ;
#2245 = ORIENTED_EDGE ( 'NONE', *, *, #1446, .F. ) ;
#2246 =( NAMED_UNIT ( * ) SI_UNIT ( $, .STERADIAN. ) SOLID_ANGLE_UNIT ( ) );
#2247 = DIRECTION ( 'NONE',  ( -1.000000000000000000, -0.000000000000000000, -0.000000000000000000 ) ) ;
#2248 = ADVANCED_FACE ( 'NONE', ( #3639 ), #207, .T. ) ;
#2249 =( NAMED_UNIT ( * ) PLANE_ANGLE_UNIT ( ) SI_UNIT ( $, .RADIAN. ) );
#2250 = DIRECTION ( 'NONE',  ( 0.000000000000000000, 0.000000000000000000, -1.000000000000000000 ) ) ;
#2251 = SURFACE_SIDE_STYLE ('',( #30 ) ) ;
#2252 = LINE ( 'NONE', #273, #657 ) ;
#2253 = SURFACE_STYLE_USAGE ( .BOTH. , #721 ) ;
#2254 = VERTEX_POINT ( 'NONE', #1758 ) ;
#2255 = DIRECTION ( 'NONE',  ( 1.000000000000000000, -0.000000000000000000, 0.000000000000000000 ) ) ;
#2256 = CARTESIAN_POINT ( 'NONE',  ( 0.000000000000000000, -2.200000000000000178, -1.949999999999999956 ) ) ;
#2257 = LINE ( 'NONE', #3795, #4309 ) ;
#2258 = ORIENTED_EDGE ( 'NONE', *, *, #4290, .T. ) ;
#2259 = DIRECTION ( 'NONE',  ( -1.000000000000000000, 0.000000000000000000, -0.000000000000000000 ) ) ;
#2260 = LINE ( 'NONE', #1532, #4112 ) ;
#2261 = ORIENTED_EDGE ( 'NONE', *, *, #1215, .T. ) ;
#2262 = FILL_AREA_STYLE ('',( #4146 ) ) ;
#2263 = CARTESIAN_POINT ( 'NONE',  ( -2.250000000000000444, 1.100000000000000089, 0.000000000000000000 ) ) ;
#2264 = LINE ( 'NONE', #3096, #1456 ) ;
#2265 = PLANE ( 'NONE',  #777 ) ;
#2266 = STYLED_ITEM ( 'NONE', ( #1157 ), #659 ) ;
#2267 = VERTEX_POINT ( 'NONE', #4877 ) ;
#2268 = ORIENTED_EDGE ( 'NONE', *, *, #4797, .F. ) ;
#2269 = PLANE ( 'NONE',  #2055 ) ;
#2270 = CARTESIAN_POINT ( 'NONE',  ( 3.250000000000000444, -2.200000000000000178, 0.000000000000000000 ) ) ;
#2271 = PRESENTATION_LAYER_ASSIGNMENT (  '', '', ( #4598 ) ) ;
#2272 = VECTOR ( 'NONE', #724, 1000.000000000000000 ) ;
#2273 = CARTESIAN_POINT ( 'NONE',  ( -3.260000000000000675, 2.200000000000000178, -2.549999999999999822 ) ) ;
#2274 = ORIENTED_EDGE ( 'NONE', *, *, #1013, .F. ) ;
#2275 = DIRECTION ( 'NONE',  ( -0.000000000000000000, -1.000000000000000000, -0.000000000000000000 ) ) ;
#2276 = ADVANCED_FACE ( 'NONE', ( #284 ), #4821, .T. ) ;
#2277 = EDGE_CURVE ( 'NONE', #4210, #3389, #2932, .T. ) ;
#2278 = ORIENTED_EDGE ( 'NONE', *, *, #2390, .T. ) ;
#2279 = SURFACE_SIDE_STYLE ('',( #4681 ) ) ;
#2280 = ORIENTED_EDGE ( 'NONE', *, *, #2157, .F. ) ;
#2281 = CARTESIAN_POINT ( 'NONE',  ( -2.250000000000000444, 2.399999999999999911, -1.949999999999999956 ) ) ;
#2282 = EDGE_CURVE ( 'NONE', #3730, #3897, #4494, .T. ) ;
#2283 = EDGE_CURVE ( 'NONE', #1222, #384, #622, .T. ) ;
#2284 = ORIENTED_EDGE ( 'NONE', *, *, #1408, .F. ) ;
#2285 = AXIS2_PLACEMENT_3D ( 'NONE', #2109, #2511, #3344 ) ;
#2286 = CARTESIAN_POINT ( 'NONE',  ( -0.2500000000000000000, -2.399999999999999911, -2.600000000000000533 ) ) ;
#2287 = CARTESIAN_POINT ( 'NONE',  ( -2.250000000000000444, -1.100000000000000089, 1.699999999999999956 ) ) ;
#2288 =( GEOMETRIC_REPRESENTATION_CONTEXT ( 3 ) GLOBAL_UNCERTAINTY_ASSIGNED_CONTEXT ( ( #2674 ) ) GLOBAL_UNIT_ASSIGNED_CONTEXT ( ( #3768, #304, #3139 ) ) REPRESENTATION_CONTEXT ( 'NONE', 'WORKASPACE' ) );
#2289 = VERTEX_POINT ( 'NONE', #4469 ) ;
#2290 = SURFACE_STYLE_USAGE ( .BOTH. , #3475 ) ;
#2291 = EDGE_LOOP ( 'NONE', ( #3458, #808, #892, #2607 ) ) ;
#2292 = DIRECTION ( 'NONE',  ( 0.000000000000000000, -0.000000000000000000, -1.000000000000000000 ) ) ;
#2293 = VECTOR ( 'NONE', #4730, 1000.000000000000000 ) ;
#2294 = DIRECTION ( 'NONE',  ( 0.000000000000000000, 1.000000000000000000, 0.000000000000000000 ) ) ;
#2295 = COLOUR_RGB ( '',0.2862745098039215508, 0.2862745098039215508, 0.2862745098039215508 ) ;
#2296 = CARTESIAN_POINT ( 'NONE',  ( -0.2500000000000000000, 0.2500000000000000000, 0.000000000000000000 ) ) ;
#2297 = CARTESIAN_POINT ( 'NONE',  ( -2.250000000000000444, -0.09999999999999993616, 2.700000000000000178 ) ) ;
#2298 = DIRECTION ( 'NONE',  ( -1.000000000000000000, -0.000000000000000000, -0.000000000000000000 ) ) ;
#2299 = ORIENTED_EDGE ( 'NONE', *, *, #1977, .T. ) ;
#2300 = COLOUR_RGB ( '',0.2862745098039215508, 0.2862745098039215508, 0.2862745098039215508 ) ;
#2301 = MECHANICAL_DESIGN_GEOMETRIC_PRESENTATION_REPRESENTATION (  '', ( #936 ), #1406 ) ;
#2302 = VERTEX_POINT ( 'NONE', #2584 ) ;
#2303 = CARTESIAN_POINT ( 'NONE',  ( -1.750000000000000000, 1.100000000000000089, 1.209799459665320764 ) ) ;
#2304 = VECTOR ( 'NONE', #2003, 1000.000000000000000 ) ;
#2305 = ORIENTED_EDGE ( 'NONE', *, *, #1968, .F. ) ;
#2306 = CARTESIAN_POINT ( 'NONE',  ( -2.250000000000000444, 2.399999999999999911, -2.600000000000000533 ) ) ;
#2307 = CARTESIAN_POINT ( 'NONE',  ( 0.2500000000000000000, 0.000000000000000000, 2.700000000000000178 ) ) ;
#2308 = PRESENTATION_LAYER_ASSIGNMENT (  '', '', ( #4471 ) ) ;
#2309 = ORIENTED_EDGE ( 'NONE', *, *, #4284, .T. ) ;
#2310 = ADVANCED_FACE ( 'NONE', ( #1826 ), #4121, .F. ) ;
#2311 = STYLED_ITEM ( 'NONE', ( #1381 ), #3856 ) ;
#2312 = FILL_AREA_STYLE_COLOUR ( '', #2921 ) ;
#2313 = SURFACE_SIDE_STYLE ('',( #3905 ) ) ;
#2314 = LINE ( 'NONE', #4150, #1495 ) ;
#2315 = ORIENTED_EDGE ( 'NONE', *, *, #4216, .F. ) ;
#2316 = ORIENTED_EDGE ( 'NONE', *, *, #2891, .F. ) ;
#2317 = MECHANICAL_DESIGN_GEOMETRIC_PRESENTATION_REPRESENTATION (  '', ( #3681 ), #2877 ) ;
#2318 = PRESENTATION_STYLE_ASSIGNMENT (( #3100 ) ) ;
#2319 = MANIFOLD_SOLID_BREP ( 'Split2[1]', #1052 ) ;
#2320 = AXIS2_PLACEMENT_3D ( 'NONE', #1697, #121, #3223 ) ;
#2321 = CARTESIAN_POINT ( 'NONE',  ( 1.750000000000000000, 0.000000000000000000, -1.949999999999999956 ) ) ;
#2322 = CARTESIAN_POINT ( 'NONE',  ( -2.250000000000000444, 0.2500000000000000000, -4.400000000000000355 ) ) ;
#2323 = ORIENTED_EDGE ( 'NONE', *, *, #4427, .F. ) ;
#2324 = FILL_AREA_STYLE_COLOUR ( '', #4306 ) ;
#2325 = AXIS2_PLACEMENT_3D ( 'NONE', #4878, #1428, #2966 ) ;
#2326 = DIRECTION ( 'NONE',  ( 1.000000000000000000, -0.000000000000000000, 0.000000000000000000 ) ) ;
#2327 =( NAMED_UNIT ( * ) PLANE_ANGLE_UNIT ( ) SI_UNIT ( $, .RADIAN. ) );
#2328 = VERTEX_POINT ( 'NONE', #3727 ) ;
#2329 = CARTESIAN_POINT ( 'NONE',  ( -0.2500000000000000000, -2.399999999999999911, -1.949999999999999956 ) ) ;
#2330 = DIRECTION ( 'NONE',  ( 1.000000000000000000, 0.000000000000000000, 0.000000000000000000 ) ) ;
#2331 =( NAMED_UNIT ( * ) SI_UNIT ( $, .STERADIAN. ) SOLID_ANGLE_UNIT ( ) );
#2332 = VECTOR ( 'NONE', #286, 1000.000000000000000 ) ;
#2333 = EDGE_CURVE ( 'NONE', #1627, #767, #4194, .T. ) ;
#2334 = ADVANCED_FACE ( 'NONE', ( #636 ), #4134, .T. ) ;
#2335 = AXIS2_PLACEMENT_3D ( 'NONE', #2445, #3234, #1682 ) ;
#2336 = ORIENTED_EDGE ( 'NONE', *, *, #454, .F. ) ;
#2337 = ORIENTED_EDGE ( 'NONE', *, *, #4483, .T. ) ;
#2338 =( LENGTH_UNIT ( ) NAMED_UNIT ( * ) SI_UNIT ( .MILLI., .METRE. ) );
#2339 = CARTESIAN_POINT ( 'NONE',  ( -2.250000000000000444, 0.1000000000000000056, 1.699999999999999956 ) ) ;
#2340 = CARTESIAN_POINT ( 'NONE',  ( 1.750000000000000000, 0.1000000000000000056, 1.699999999999999956 ) ) ;
#2341 = ORIENTED_EDGE ( 'NONE', *, *, #4290, .F. ) ;
#2342 = CARTESIAN_POINT ( 'NONE',  ( 1.750000000000000000, -1.500000000000000000, -2.600000000000000533 ) ) ;
#2343 = MECHANICAL_DESIGN_GEOMETRIC_PRESENTATION_REPRESENTATION (  '', ( #3631 ), #324 ) ;
#2344 = CARTESIAN_POINT ( 'NONE',  ( -0.2500000000000002220, -1.699999999999999956, 0.000000000000000000 ) ) ;
#2345 = DIRECTION ( 'NONE',  ( -1.000000000000000000, 0.000000000000000000, -0.000000000000000000 ) ) ;
#2346 = ORIENTED_EDGE ( 'NONE', *, *, #2519, .F. ) ;
#2347 = LINE ( 'NONE', #2281, #4542 ) ;
#2348 =( NAMED_UNIT ( * ) SI_UNIT ( $, .STERADIAN. ) SOLID_ANGLE_UNIT ( ) );
#2349 = LINE ( 'NONE', #919, #856 ) ;
#2350 = ORIENTED_EDGE ( 'NONE', *, *, #4400, .T. ) ;
#2351 = ORIENTED_EDGE ( 'NONE', *, *, #330, .T. ) ;
#2352 = UNCERTAINTY_MEASURE_WITH_UNIT (LENGTH_MEASURE( 1.000000000000000082E-05 ), #16, 'distance_accuracy_value', 'NONE');
#2353 = FILL_AREA_STYLE_COLOUR ( '', #1940 ) ;
#2354 = EDGE_CURVE ( 'NONE', #2563, #3113, #245, .T. ) ;
#2355 = ORIENTED_EDGE ( 'NONE', *, *, #2426, .T. ) ;
#2356 = DIRECTION ( 'NONE',  ( 0.000000000000000000, 0.000000000000000000, -1.000000000000000000 ) ) ;
#2357 = LINE ( 'NONE', #2791, #2293 ) ;
#2358 = EDGE_CURVE ( 'NONE', #1216, #546, #4066, .T. ) ;
#2359 = LINE ( 'NONE', #2685, #3934 ) ;
#2360 = ADVANCED_FACE ( 'NONE', ( #2572 ), #3325, .F. ) ;
#2361 = DIRECTION ( 'NONE',  ( 0.000000000000000000, 1.000000000000000000, 0.000000000000000000 ) ) ;
#2362 = SURFACE_SIDE_STYLE ('',( #2071 ) ) ;
#2363 = ORIENTED_EDGE ( 'NONE', *, *, #3973, .T. ) ;
#2364 = COLOUR_RGB ( '',0.2862745098039215508, 0.2862745098039215508, 0.2862745098039215508 ) ;
#2365 =( GEOMETRIC_REPRESENTATION_CONTEXT ( 3 ) GLOBAL_UNCERTAINTY_ASSIGNED_CONTEXT ( ( #3259 ) ) GLOBAL_UNIT_ASSIGNED_CONTEXT ( ( #3890, #475, #1239 ) ) REPRESENTATION_CONTEXT ( 'NONE', 'WORKASPACE' ) );
#2366 = CARTESIAN_POINT ( 'NONE',  ( -2.250000000000000444, 0.2500000000000000000, -2.549999999999999822 ) ) ;
#2367 = SURFACE_STYLE_FILL_AREA ( #2804 ) ;
#2368 = VERTEX_POINT ( 'NONE', #1841 ) ;
#2369 = VECTOR ( 'NONE', #4970, 1000.000000000000000 ) ;
#2370 = CARTESIAN_POINT ( 'NONE',  ( -2.250000000000000444, 1.500000000000000000, -2.549999999999999822 ) ) ;
#2371 = MECHANICAL_DESIGN_GEOMETRIC_PRESENTATION_REPRESENTATION (  '', ( #3254 ), #356 ) ;
#2372 = PLANE ( 'NONE',  #2030 ) ;
#2373 =( GEOMETRIC_REPRESENTATION_CONTEXT ( 3 ) GLOBAL_UNCERTAINTY_ASSIGNED_CONTEXT ( ( #3977 ) ) GLOBAL_UNIT_ASSIGNED_CONTEXT ( ( #516, #131, #153 ) ) REPRESENTATION_CONTEXT ( 'NONE', 'WORKASPACE' ) );
#2374 = ORIENTED_EDGE ( 'NONE', *, *, #840, .F. ) ;
#2375 = VERTEX_POINT ( 'NONE', #1069 ) ;
#2376 = CARTESIAN_POINT ( 'NONE',  ( 1.750000000000000000, 0.1000000000000000056, 1.699999999999999956 ) ) ;
#2377 = VECTOR ( 'NONE', #2298, 1000.000000000000000 ) ;
#2378 = AXIS2_PLACEMENT_3D ( 'NONE', #4489, #4567, #325 ) ;
#2379 =( NAMED_UNIT ( * ) PLANE_ANGLE_UNIT ( ) SI_UNIT ( $, .RADIAN. ) );
#2380 = ORIENTED_EDGE ( 'NONE', *, *, #1242, .T. ) ;
#2381 = FACE_OUTER_BOUND ( 'NONE', #3893, .T. ) ;
#2382 = CARTESIAN_POINT ( 'NONE',  ( -2.250000000000000444, 0.000000000000000000, 0.000000000000000000 ) ) ;
#2383 = MECHANICAL_DESIGN_GEOMETRIC_PRESENTATION_REPRESENTATION (  '', ( #2311 ), #3121 ) ;
#2384 = FACE_OUTER_BOUND ( 'NONE', #1261, .T. ) ;
#2385 = STYLED_ITEM ( 'NONE', ( #2972 ), #4251 ) ;
#2386 = LINE ( 'NONE', #3949, #871 ) ;
#2387 = DIRECTION ( 'NONE',  ( 0.000000000000000000, -0.000000000000000000, 1.000000000000000000 ) ) ;
#2388 = DIRECTION ( 'NONE',  ( -1.000000000000000000, 0.000000000000000000, 0.000000000000000000 ) ) ;
#2389 = ORIENTED_EDGE ( 'NONE', *, *, #4122, .T. ) ;
#2390 = EDGE_CURVE ( 'NONE', #1389, #1928, #1770, .T. ) ;
#2391 = EDGE_CURVE ( 'NONE', #615, #3225, #1815, .T. ) ;
#2392 = LINE ( 'NONE', #2344, #1266 ) ;
#2393 = STYLED_ITEM ( 'NONE', ( #4378 ), #4676 ) ;
#2394 = ORIENTED_EDGE ( 'NONE', *, *, #864, .F. ) ;
#2395 = LINE ( 'NONE', #4546, #4341 ) ;
#2396 = DIRECTION ( 'NONE',  ( 0.000000000000000000, 1.000000000000000000, 0.000000000000000000 ) ) ;
#2397 =( LENGTH_UNIT ( ) NAMED_UNIT ( * ) SI_UNIT ( .MILLI., .METRE. ) );
#2398 = STYLED_ITEM ( 'NONE', ( #4605 ), #4897 ) ;
#2399 = ORIENTED_EDGE ( 'NONE', *, *, #813, .F. ) ;
#2400 =( NAMED_UNIT ( * ) SI_UNIT ( $, .STERADIAN. ) SOLID_ANGLE_UNIT ( ) );
#2401 = ORIENTED_EDGE ( 'NONE', *, *, #2428, .F. ) ;
#2402 = DIRECTION ( 'NONE',  ( 0.000000000000000000, 0.000000000000000000, -1.000000000000000000 ) ) ;
#2403 = SURFACE_SIDE_STYLE ('',( #3082 ) ) ;
#2404 = ORIENTED_EDGE ( 'NONE', *, *, #841, .T. ) ;
#2405 = AXIS2_PLACEMENT_3D ( 'NONE', #3596, #3964, #1618 ) ;
#2406 = DIRECTION ( 'NONE',  ( 0.000000000000000000, -0.000000000000000000, 1.000000000000000000 ) ) ;
#2407 = FACE_OUTER_BOUND ( 'NONE', #2558, .T. ) ;
#2408 =( NAMED_UNIT ( * ) SI_UNIT ( $, .STERADIAN. ) SOLID_ANGLE_UNIT ( ) );
#2409 = MECHANICAL_DESIGN_GEOMETRIC_PRESENTATION_REPRESENTATION (  '', ( #4906 ), #1776 ) ;
#2410 = SURFACE_SIDE_STYLE ('',( #139 ) ) ;
#2411 = SURFACE_STYLE_FILL_AREA ( #4803 ) ;
#2412 = SURFACE_STYLE_FILL_AREA ( #1291 ) ;
#2413 = CARTESIAN_POINT ( 'NONE',  ( 2.250000000000000444, 2.200000000000000178, 0.000000000000000000 ) ) ;
#2414 = ORIENTED_EDGE ( 'NONE', *, *, #4588, .T. ) ;
#2415 = VECTOR ( 'NONE', #2506, 1000.000000000000000 ) ;
#2416 = FILL_AREA_STYLE ('',( #894 ) ) ;
#2417 = VECTOR ( 'NONE', #542, 1000.000000000000000 ) ;
#2418 =( NAMED_UNIT ( * ) SI_UNIT ( $, .STERADIAN. ) SOLID_ANGLE_UNIT ( ) );
#2419 = VERTEX_POINT ( 'NONE', #4913 ) ;
#2420 = SURFACE_STYLE_FILL_AREA ( #1610 ) ;
#2421 = VECTOR ( 'NONE', #1726, 1000.000000000000000 ) ;
#2422 =( NAMED_UNIT ( * ) PLANE_ANGLE_UNIT ( ) SI_UNIT ( $, .RADIAN. ) );
#2423 = VERTEX_POINT ( 'NONE', #2997 ) ;
#2424 =( NAMED_UNIT ( * ) SI_UNIT ( $, .STERADIAN. ) SOLID_ANGLE_UNIT ( ) );
#2425 =( NAMED_UNIT ( * ) PLANE_ANGLE_UNIT ( ) SI_UNIT ( $, .RADIAN. ) );
#2426 = EDGE_CURVE ( 'NONE', #1125, #1501, #2949, .T. ) ;
#2427 = ORIENTED_EDGE ( 'NONE', *, *, #924, .F. ) ;
#2428 = EDGE_CURVE ( 'NONE', #564, #4175, #1019, .T. ) ;
#2429 = SURFACE_STYLE_USAGE ( .BOTH. , #4344 ) ;
#2430 = SURFACE_STYLE_FILL_AREA ( #2060 ) ;
#2431 = DIRECTION ( 'NONE',  ( 1.000000000000000000, 0.000000000000000000, 0.000000000000000000 ) ) ;
#2432 = LINE ( 'NONE', #1236, #4780 ) ;
#2433 = LINE ( 'NONE', #1641, #2974 ) ;
#2434 = SURFACE_SIDE_STYLE ('',( #3498 ) ) ;
#2435 = SURFACE_SIDE_STYLE ('',( #2770 ) ) ;
#2436 = LINE ( 'NONE', #2935, #4371 ) ;
#2437 =( NAMED_UNIT ( * ) SI_UNIT ( $, .STERADIAN. ) SOLID_ANGLE_UNIT ( ) );
#2438 = DIRECTION ( 'NONE',  ( -0.000000000000000000, 0.000000000000000000, 1.000000000000000000 ) ) ;
#2439 =( LENGTH_UNIT ( ) NAMED_UNIT ( * ) SI_UNIT ( .MILLI., .METRE. ) );
#2440 = DIRECTION ( 'NONE',  ( -1.000000000000000000, 0.000000000000000000, -0.000000000000000000 ) ) ;
#2441 = ORIENTED_EDGE ( 'NONE', *, *, #116, .T. ) ;
#2442 = STYLED_ITEM ( 'NONE', ( #3546 ), #1453 ) ;
#2443 = SURFACE_SIDE_STYLE ('',( #2900 ) ) ;
#2444 = VERTEX_POINT ( 'NONE', #2498 ) ;
#2445 = CARTESIAN_POINT ( 'NONE',  ( -2.250000000000000444, -0.2500000000000000000, -2.549999999999999822 ) ) ;
#2446 = VECTOR ( 'NONE', #1643, 1000.000000000000000 ) ;
#2447 = ORIENTED_EDGE ( 'NONE', *, *, #231, .F. ) ;
#2448 = AXIS2_PLACEMENT_3D ( 'NONE', #3838, #3867, #3025 ) ;
#2449 = DIRECTION ( 'NONE',  ( 1.000000000000000000, 0.000000000000000000, 0.000000000000000000 ) ) ;
#2450 = ORIENTED_EDGE ( 'NONE', *, *, #3915, .T. ) ;
#2451 = DIRECTION ( 'NONE',  ( 1.000000000000000000, -0.000000000000000000, 0.000000000000000000 ) ) ;
#2452 = UNCERTAINTY_MEASURE_WITH_UNIT (LENGTH_MEASURE( 1.000000000000000082E-05 ), #743, 'distance_accuracy_value', 'NONE');
#2453 = LINE ( 'NONE', #4282, #4227 ) ;
#2454 = VECTOR ( 'NONE', #2026, 1000.000000000000000 ) ;
#2455 = SURFACE_STYLE_FILL_AREA ( #2018 ) ;
#2456 = EDGE_CURVE ( 'NONE', #567, #3716, #1587, .T. ) ;
#2457 = EDGE_CURVE ( 'NONE', #4017, #2289, #193, .T. ) ;
#2458 = VERTEX_POINT ( 'NONE', #3404 ) ;
#2459 = AXIS2_PLACEMENT_3D ( 'NONE', #2531, #952, #3192 ) ;
#2460 = DIRECTION ( 'NONE',  ( 0.000000000000000000, 0.000000000000000000, -1.000000000000000000 ) ) ;
#2461 = UNCERTAINTY_MEASURE_WITH_UNIT (LENGTH_MEASURE( 1.000000000000000082E-05 ), #4517, 'distance_accuracy_value', 'NONE');
#2462 = PLANE ( 'NONE',  #4144 ) ;
#2463 = DIRECTION ( 'NONE',  ( 0.000000000000000000, 1.000000000000000000, 0.000000000000000000 ) ) ;
#2464 =( GEOMETRIC_REPRESENTATION_CONTEXT ( 3 ) GLOBAL_UNCERTAINTY_ASSIGNED_CONTEXT ( ( #1958 ) ) GLOBAL_UNIT_ASSIGNED_CONTEXT ( ( #4921, #3334, #226 ) ) REPRESENTATION_CONTEXT ( 'NONE', 'WORKASPACE' ) );
#2465 = EDGE_CURVE ( 'NONE', #1613, #2423, #3260, .T. ) ;
#2466 =( LENGTH_UNIT ( ) NAMED_UNIT ( * ) SI_UNIT ( .MILLI., .METRE. ) );
#2467 = SURFACE_STYLE_USAGE ( .BOTH. , #4734 ) ;
#2468 = MECHANICAL_DESIGN_GEOMETRIC_PRESENTATION_REPRESENTATION (  '', ( #4638 ), #3673 ) ;
#2469 = CARTESIAN_POINT ( 'NONE',  ( 2.950000000000000178, 1.899999999999999911, -3.149999999999999911 ) ) ;
#2470 = ORIENTED_EDGE ( 'NONE', *, *, #141, .T. ) ;
#2471 = VECTOR ( 'NONE', #2487, 1000.000000000000000 ) ;
#2472 = SURFACE_STYLE_FILL_AREA ( #4383 ) ;
#2473 = ORIENTED_EDGE ( 'NONE', *, *, #4007, .F. ) ;
#2474 =( GEOMETRIC_REPRESENTATION_CONTEXT ( 3 ) GLOBAL_UNCERTAINTY_ASSIGNED_CONTEXT ( ( #2609 ) ) GLOBAL_UNIT_ASSIGNED_CONTEXT ( ( #1041, #1868, #4529 ) ) REPRESENTATION_CONTEXT ( 'NONE', 'WORKASPACE' ) );
#2475 = FILL_AREA_STYLE ('',( #3162 ) ) ;
#2476 = EDGE_LOOP ( 'NONE', ( #143, #1724, #3513, #3341, #3968 ) ) ;
#2477 = LINE ( 'NONE', #4021, #3885 ) ;
#2478 = DIRECTION ( 'NONE',  ( 0.000000000000000000, 1.000000000000000000, 0.000000000000000000 ) ) ;
#2479 = ORIENTED_EDGE ( 'NONE', *, *, #3956, .T. ) ;
#2480 = DIRECTION ( 'NONE',  ( 0.000000000000000000, 1.000000000000000000, 0.000000000000000000 ) ) ;
#2481 = DIRECTION ( 'NONE',  ( -0.000000000000000000, -1.000000000000000000, -0.000000000000000000 ) ) ;
#2482 = EDGE_LOOP ( 'NONE', ( #2902, #2763, #187, #2355 ) ) ;
#2483 = EDGE_CURVE ( 'NONE', #353, #4380, #1550, .T. ) ;
#2484 = ADVANCED_FACE ( 'NONE', ( #1927 ), #3846, .T. ) ;
#2485 = FILL_AREA_STYLE_COLOUR ( '', #4852 ) ;
#2486 = CARTESIAN_POINT ( 'NONE',  ( -2.250000000000000444, 1.100000000000000089, 1.699999999999999956 ) ) ;
#2487 = DIRECTION ( 'NONE',  ( 0.000000000000000000, 0.000000000000000000, -1.000000000000000000 ) ) ;
#2488 = STYLED_ITEM ( 'NONE', ( #4304 ), #92 ) ;
#2489 = CARTESIAN_POINT ( 'NONE',  ( 2.250000000000000444, 0.000000000000000000, 1.209799459665320764 ) ) ;
#2490 = EDGE_CURVE ( 'NONE', #1627, #393, #1950, .T. ) ;
#2491 = ADVANCED_FACE ( 'NONE', ( #2734 ), #1146, .T. ) ;
#2492 = PRESENTATION_STYLE_ASSIGNMENT (( #1812 ) ) ;
#2493 = ORIENTED_EDGE ( 'NONE', *, *, #1880, .F. ) ;
#2494 = VECTOR ( 'NONE', #3670, 1000.000000000000000 ) ;
#2495 = SURFACE_STYLE_USAGE ( .BOTH. , #4806 ) ;
#2496 = CARTESIAN_POINT ( 'NONE',  ( -2.950000000000000178, -1.899999999999999911, -2.549999999999999822 ) ) ;
#2497 = EDGE_LOOP ( 'NONE', ( #1188, #387, #42, #1238, #1523, #2268 ) ) ;
#2498 = CARTESIAN_POINT ( 'NONE',  ( 1.750000000000000000, 2.399999999999999911, -2.600000000000000533 ) ) ;
#2499 =( NAMED_UNIT ( * ) SI_UNIT ( $, .STERADIAN. ) SOLID_ANGLE_UNIT ( ) );
#2500 = CARTESIAN_POINT ( 'NONE',  ( -2.750000000000000000, 1.699999999999999956, 0.000000000000000000 ) ) ;
#2501 = ORIENTED_EDGE ( 'NONE', *, *, #653, .T. ) ;
#2502 = PLANE ( 'NONE',  #243 ) ;
#2503 = FILL_AREA_STYLE_COLOUR ( '', #528 ) ;
#2504 = FILL_AREA_STYLE ('',( #976 ) ) ;
#2505 = UNCERTAINTY_MEASURE_WITH_UNIT (LENGTH_MEASURE( 1.000000000000000082E-05 ), #1563, 'distance_accuracy_value', 'NONE');
#2506 = DIRECTION ( 'NONE',  ( 1.000000000000000000, 0.000000000000000000, 0.000000000000000000 ) ) ;
#2507 =( GEOMETRIC_REPRESENTATION_CONTEXT ( 3 ) GLOBAL_UNCERTAINTY_ASSIGNED_CONTEXT ( ( #655 ) ) GLOBAL_UNIT_ASSIGNED_CONTEXT ( ( #247, #2200, #4069 ) ) REPRESENTATION_CONTEXT ( 'NONE', 'WORKASPACE' ) );
#2508 = FILL_AREA_STYLE ('',( #3714 ) ) ;
#2509 = VERTEX_POINT ( 'NONE', #3870 ) ;
#2510 = LINE ( 'NONE', #4849, #4667 ) ;
#2511 = DIRECTION ( 'NONE',  ( 1.000000000000000000, 0.000000000000000000, 0.000000000000000000 ) ) ;
#2512 = CARTESIAN_POINT ( 'NONE',  ( 2.250000000000000444, -0.09999999999999993616, 2.700000000000000178 ) ) ;
#2513 = CARTESIAN_POINT ( 'NONE',  ( -3.250000000000000444, -2.200000000000000178, 0.000000000000000000 ) ) ;
#2514 = CARTESIAN_POINT ( 'NONE',  ( -3.260000000000000675, -2.200000000000000178, -2.549999999999999822 ) ) ;
#2515 = DIRECTION ( 'NONE',  ( 0.000000000000000000, 1.000000000000000000, 0.000000000000000000 ) ) ;
#2516 = CARTESIAN_POINT ( 'NONE',  ( 1.750000000000000000, -1.500000000000000000, -2.549999999999999822 ) ) ;
#2517 = FILL_AREA_STYLE_COLOUR ( '', #2089 ) ;
#2518 = EDGE_CURVE ( 'NONE', #796, #2038, #3503, .T. ) ;
#2519 = EDGE_CURVE ( 'NONE', #1389, #2458, #2634, .T. ) ;
#2520 =( GEOMETRIC_REPRESENTATION_CONTEXT ( 3 ) GLOBAL_UNCERTAINTY_ASSIGNED_CONTEXT ( ( #3718 ) ) GLOBAL_UNIT_ASSIGNED_CONTEXT ( ( #235, #1785, #3642 ) ) REPRESENTATION_CONTEXT ( 'NONE', 'WORKASPACE' ) );
#2521 = PRESENTATION_STYLE_ASSIGNMENT (( #1746 ) ) ;
#2522 = ORIENTED_EDGE ( 'NONE', *, *, #2915, .T. ) ;
#2523 = FILL_AREA_STYLE ('',( #2906 ) ) ;
#2524 = COLOUR_RGB ( '',1.000000000000000000, 1.000000000000000000, 1.000000000000000000 ) ;
#2525 = FILL_AREA_STYLE_COLOUR ( '', #1126 ) ;
#2526 = ORIENTED_EDGE ( 'NONE', *, *, #1106, .F. ) ;
#2527 = DIRECTION ( 'NONE',  ( -0.000000000000000000, -0.000000000000000000, 1.000000000000000000 ) ) ;
#2528 = PRESENTATION_STYLE_ASSIGNMENT (( #998 ) ) ;
#2529 = FILL_AREA_STYLE ('',( #2503 ) ) ;
#2530 = EDGE_LOOP ( 'NONE', ( #1601, #4783, #3880, #3740 ) ) ;
#2531 = CARTESIAN_POINT ( 'NONE',  ( 1.750000000000000000, -1.100000000000000089, 1.699999999999999956 ) ) ;
#2532 = VECTOR ( 'NONE', #2192, 1000.000000000000000 ) ;
#2533 = SURFACE_SIDE_STYLE ('',( #3336 ) ) ;
#2534 = CARTESIAN_POINT ( 'NONE',  ( 1.750000000000000000, -2.399999999999999911, -2.600000000000000533 ) ) ;
#2535 = MECHANICAL_DESIGN_GEOMETRIC_PRESENTATION_REPRESENTATION (  '', ( #2133 ), #2779 ) ;
#2536 = VERTEX_POINT ( 'NONE', #2753 ) ;
#2537 = CARTESIAN_POINT ( 'NONE',  ( 3.250000000000000444, 1.899999999999999911, -2.949998945221000035 ) ) ;
#2538 = VECTOR ( 'NONE', #2964, 1000.000000000000000 ) ;
#2539 = PLANE ( 'NONE',  #269 ) ;
#2540 =( GEOMETRIC_REPRESENTATION_CONTEXT ( 3 ) GLOBAL_UNCERTAINTY_ASSIGNED_CONTEXT ( ( #3563 ) ) GLOBAL_UNIT_ASSIGNED_CONTEXT ( ( #3284, #4369, #173 ) ) REPRESENTATION_CONTEXT ( 'NONE', 'WORKASPACE' ) );
#2541 = PRESENTATION_STYLE_ASSIGNMENT (( #3674 ) ) ;
#2542 = CARTESIAN_POINT ( 'NONE',  ( -2.250000000000000444, 1.500000000000000000, -2.549999999999999822 ) ) ;
#2543 = SURFACE_SIDE_STYLE ('',( #1011 ) ) ;
#2544 = FACE_OUTER_BOUND ( 'NONE', #2576, .T. ) ;
#2545 = PRESENTATION_STYLE_ASSIGNMENT (( #2920 ) ) ;
#2546 = FILL_AREA_STYLE_COLOUR ( '', #620 ) ;
#2547 = DIRECTION ( 'NONE',  ( -1.000000000000000000, 0.000000000000000000, -0.000000000000000000 ) ) ;
#2548 = ORIENTED_EDGE ( 'NONE', *, *, #145, .T. ) ;
#2549 = DIRECTION ( 'NONE',  ( 1.000000000000000000, 0.000000000000000000, 0.000000000000000000 ) ) ;
#2550 = FACE_OUTER_BOUND ( 'NONE', #885, .T. ) ;
#2551 = FACE_OUTER_BOUND ( 'NONE', #738, .T. ) ;
#2552 = EDGE_CURVE ( 'NONE', #1778, #4629, #2777, .T. ) ;
#2553 = EDGE_CURVE ( 'NONE', #4210, #3087, #3967, .T. ) ;
#2554 = STYLED_ITEM ( 'NONE', ( #3222 ), #4099 ) ;
#2555 = ORIENTED_EDGE ( 'NONE', *, *, #2767, .F. ) ;
#2556 = DIRECTION ( 'NONE',  ( -0.000000000000000000, -0.000000000000000000, 1.000000000000000000 ) ) ;
#2557 = LINE ( 'NONE', #4022, #47 ) ;
#2558 = EDGE_LOOP ( 'NONE', ( #4545, #1759, #623, #348 ) ) ;
#2559 = UNCERTAINTY_MEASURE_WITH_UNIT (LENGTH_MEASURE( 1.000000000000000082E-05 ), #4315, 'distance_accuracy_value', 'NONE');
#2560 = ADVANCED_FACE ( 'NONE', ( #891 ), #1311, .T. ) ;
#2561 = CARTESIAN_POINT ( 'NONE',  ( -0.2500000000000000000, -0.2500000000000000000, -4.400000000000000355 ) ) ;
#2562 = COLOUR_RGB ( '',0.8627450980392157298, 0.5882352941176470784, 0.06274509803921568540 ) ;
#2563 = VERTEX_POINT ( 'NONE', #845 ) ;
#2564 =( NAMED_UNIT ( * ) PLANE_ANGLE_UNIT ( ) SI_UNIT ( $, .RADIAN. ) );
#2565 = UNCERTAINTY_MEASURE_WITH_UNIT (LENGTH_MEASURE( 1.000000000000000082E-05 ), #1784, 'distance_accuracy_value', 'NONE');
#2566 = CARTESIAN_POINT ( 'NONE',  ( -2.250000000000000444, -2.399999999999999911, 0.000000000000000000 ) ) ;
#2567 = CARTESIAN_POINT ( 'NONE',  ( -1.750000000000000000, -1.100000000000000089, 1.209799459665320764 ) ) ;
#2568 = SURFACE_STYLE_USAGE ( .BOTH. , #3229 ) ;
#2569 = DIRECTION ( 'NONE',  ( -0.000000000000000000, 0.000000000000000000, 1.000000000000000000 ) ) ;
#2570 = CARTESIAN_POINT ( 'NONE',  ( -0.2500000000000000000, 0.000000000000000000, 0.000000000000000000 ) ) ;
#2571 =( GEOMETRIC_REPRESENTATION_CONTEXT ( 3 ) GLOBAL_UNCERTAINTY_ASSIGNED_CONTEXT ( ( #4574 ) ) GLOBAL_UNIT_ASSIGNED_CONTEXT ( ( #3525, #2379, #4728 ) ) REPRESENTATION_CONTEXT ( 'NONE', 'WORKASPACE' ) );
#2572 = FACE_OUTER_BOUND ( 'NONE', #2856, .T. ) ;
#2573 = PLANE ( 'NONE',  #4031 ) ;
#2574 = SURFACE_SIDE_STYLE ('',( #4509 ) ) ;
#2575 = COLOUR_RGB ( '',0.8627450980392157298, 0.5882352941176470784, 0.06274509803921568540 ) ;
#2576 = EDGE_LOOP ( 'NONE', ( #232, #1105, #2689, #4360 ) ) ;
#2577 = ADVANCED_FACE ( 'NONE', ( #2840 ), #914, .F. ) ;
#2578 = FILL_AREA_STYLE_COLOUR ( '', #1866 ) ;
#2579 = COLOUR_RGB ( '',1.000000000000000000, 1.000000000000000000, 1.000000000000000000 ) ;
#2580 = DIRECTION ( 'NONE',  ( 0.000000000000000000, -1.000000000000000000, -0.000000000000000000 ) ) ;
#2581 = ORIENTED_EDGE ( 'NONE', *, *, #3202, .T. ) ;
#2582 =( LENGTH_UNIT ( ) NAMED_UNIT ( * ) SI_UNIT ( .MILLI., .METRE. ) );
#2583 = FILL_AREA_STYLE_COLOUR ( '', #1303 ) ;
#2584 = CARTESIAN_POINT ( 'NONE',  ( -1.750000000000000000, -1.100000000000000089, 0.000000000000000000 ) ) ;
#2585 = AXIS2_PLACEMENT_3D ( 'NONE', #4571, #4540, #1503 ) ;
#2586 = ORIENTED_EDGE ( 'NONE', *, *, #3747, .T. ) ;
#2587 = EDGE_CURVE ( 'NONE', #4139, #3299, #1816, .T. ) ;
#2588 = EDGE_CURVE ( 'NONE', #546, #2034, #1676, .T. ) ;
#2589 = COLOUR_RGB ( '',1.000000000000000000, 1.000000000000000000, 1.000000000000000000 ) ;
#2590 = DIRECTION ( 'NONE',  ( 0.000000000000000000, 1.000000000000000000, 0.000000000000000000 ) ) ;
#2591 = PLANE ( 'NONE',  #3173 ) ;
#2592 = CARTESIAN_POINT ( 'NONE',  ( -0.2500000000000000555, -2.200000000000000178, -2.549999999999999822 ) ) ;
#2593 = AXIS2_PLACEMENT_3D ( 'NONE', #3002, #1847, #2640 ) ;
#2594 = SURFACE_STYLE_FILL_AREA ( #661 ) ;
#2595 = PLANE ( 'NONE',  #4894 ) ;
#2596 =( NAMED_UNIT ( * ) SI_UNIT ( $, .STERADIAN. ) SOLID_ANGLE_UNIT ( ) );
#2597 = DIRECTION ( 'NONE',  ( -1.000000000000000000, 0.000000000000000000, -0.000000000000000000 ) ) ;
#2598 = CYLINDRICAL_SURFACE ( 'NONE', #1750, 1.000000000000000000 ) ;
#2599 = DIRECTION ( 'NONE',  ( 0.000000000000000000, -0.000000000000000000, 1.000000000000000000 ) ) ;
#2600 = CARTESIAN_POINT ( 'NONE',  ( -3.260000000000000675, -2.200000000000000178, -2.549999999999999822 ) ) ;
#2601 =( LENGTH_UNIT ( ) NAMED_UNIT ( * ) SI_UNIT ( .MILLI., .METRE. ) );
#2602 = CARTESIAN_POINT ( 'NONE',  ( -2.250000000000000444, 1.100000000000000089, 1.209799459665320764 ) ) ;
#2603 = ORIENTED_EDGE ( 'NONE', *, *, #3008, .T. ) ;
#2604 =( NAMED_UNIT ( * ) PLANE_ANGLE_UNIT ( ) SI_UNIT ( $, .RADIAN. ) );
#2605 = FILL_AREA_STYLE_COLOUR ( '', #1307 ) ;
#2606 = DIRECTION ( 'NONE',  ( 0.000000000000000000, 0.000000000000000000, -1.000000000000000000 ) ) ;
#2607 = ORIENTED_EDGE ( 'NONE', *, *, #1612, .F. ) ;
#2608 = CARTESIAN_POINT ( 'NONE',  ( 3.250000000000000444, -2.200000000000000178, -2.549999999999999822 ) ) ;
#2609 = UNCERTAINTY_MEASURE_WITH_UNIT (LENGTH_MEASURE( 1.000000000000000082E-05 ), #1041, 'distance_accuracy_value', 'NONE');
#2610 = MECHANICAL_DESIGN_GEOMETRIC_PRESENTATION_REPRESENTATION (  '', ( #921 ), #1967 ) ;
#2611 = DIRECTION ( 'NONE',  ( 1.000000000000000000, -0.000000000000000000, 0.000000000000000000 ) ) ;
#2612 = ORIENTED_EDGE ( 'NONE', *, *, #4856, .T. ) ;
#2613 = VECTOR ( 'NONE', #4526, 1000.000000000000000 ) ;
#2614 = CARTESIAN_POINT ( 'NONE',  ( -2.250000000000000444, -1.500000000000000000, -2.549999999999999822 ) ) ;
#2615 = UNCERTAINTY_MEASURE_WITH_UNIT (LENGTH_MEASURE( 1.000000000000000082E-05 ), #1883, 'distance_accuracy_value', 'NONE');
#2616 = DIRECTION ( 'NONE',  ( 0.000000000000000000, 1.000000000000000000, 0.000000000000000000 ) ) ;
#2617 = EDGE_CURVE ( 'NONE', #1677, #393, #3224, .T. ) ;
#2618 = PRESENTATION_LAYER_ASSIGNMENT (  '', '', ( #1975 ) ) ;
#2619 = EDGE_CURVE ( 'NONE', #1961, #564, #452, .T. ) ;
#2620 = STYLED_ITEM ( 'NONE', ( #2890 ), #2011 ) ;
#2621 = FILL_AREA_STYLE ('',( #310 ) ) ;
#2622 = VECTOR ( 'NONE', #910, 1000.000000000000000 ) ;
#2623 = DIRECTION ( 'NONE',  ( -0.000000000000000000, -0.000000000000000000, 1.000000000000000000 ) ) ;
#2624 = MECHANICAL_DESIGN_GEOMETRIC_PRESENTATION_REPRESENTATION (  '', ( #3831 ), #1255 ) ;
#2625 = CARTESIAN_POINT ( 'NONE',  ( -3.260000000000000675, -2.200000000000000178, -2.549999999999999822 ) ) ;
#2626 = PLANE ( 'NONE',  #807 ) ;
#2627 = FILL_AREA_STYLE ('',( #3375 ) ) ;
#2628 = CARTESIAN_POINT ( 'NONE',  ( 2.750000000000000000, 1.699999999999999956, 0.000000000000000000 ) ) ;
#2629 = EDGE_CURVE ( 'NONE', #3122, #895, #3204, .T. ) ;
#2630 = AXIS2_PLACEMENT_3D ( 'NONE', #4812, #1415, #1043 ) ;
#2631 = VECTOR ( 'NONE', #4838, 1000.000000000000000 ) ;
#2632 = SURFACE_SIDE_STYLE ('',( #4861 ) ) ;
#2633 = COLOUR_RGB ( '',0.8627450980392157298, 0.5882352941176470784, 0.06274509803921568540 ) ;
#2634 = LINE ( 'NONE', #4159, #2940 ) ;
#2635 = VECTOR ( 'NONE', #3155, 1000.000000000000000 ) ;
#2636 = SURFACE_STYLE_USAGE ( .BOTH. , #320 ) ;
#2637 = DIRECTION ( 'NONE',  ( -0.7070981676119889592, 8.659455076489809623E-17, 0.7071153946561816728 ) ) ;
#2638 = MECHANICAL_DESIGN_GEOMETRIC_PRESENTATION_REPRESENTATION (  '', ( #1908 ), #4392 ) ;
#2639 = ORIENTED_EDGE ( 'NONE', *, *, #2457, .F. ) ;
#2640 = DIRECTION ( 'NONE',  ( 0.000000000000000000, -0.000000000000000000, -1.000000000000000000 ) ) ;
#2641 = CARTESIAN_POINT ( 'NONE',  ( -0.2500000000000000000, -2.399999999999999911, -1.949999999999999956 ) ) ;
#2642 = EDGE_LOOP ( 'NONE', ( #2394, #695, #2115, #300 ) ) ;
#2643 = STYLED_ITEM ( 'NONE', ( #295 ), #3862 ) ;
#2644 = PLANE ( 'NONE',  #3226 ) ;
#2645 = PRESENTATION_STYLE_ASSIGNMENT (( #702 ) ) ;
#2646 = PLANE ( 'NONE',  #1527 ) ;
#2647 = EDGE_LOOP ( 'NONE', ( #971, #1469, #4333, #3691 ) ) ;
#2648 = DIRECTION ( 'NONE',  ( 0.000000000000000000, 1.000000000000000000, 0.000000000000000000 ) ) ;
#2649 = STYLED_ITEM ( 'NONE', ( #3926 ), #4359 ) ;
#2650 = EDGE_CURVE ( 'NONE', #408, #1845, #4661, .T. ) ;
#2651 = AXIS2_PLACEMENT_3D ( 'NONE', #3809, #2994, #3698 ) ;
#2652 = EDGE_LOOP ( 'NONE', ( #3884, #4656, #873, #940 ) ) ;
#2653 = CARTESIAN_POINT ( 'NONE',  ( 2.250000000000000444, 2.399999999999999911, 0.000000000000000000 ) ) ;
#2654 = ADVANCED_FACE ( 'NONE', ( #532 ), #3533, .T. ) ;
#2655 = SURFACE_STYLE_FILL_AREA ( #3865 ) ;
#2656 = ORIENTED_EDGE ( 'NONE', *, *, #3248, .T. ) ;
#2657 = CARTESIAN_POINT ( 'NONE',  ( 1.750000000000000000, 0.000000000000000000, 0.000000000000000000 ) ) ;
#2658 = AXIS2_PLACEMENT_3D ( 'NONE', #108, #1659, #3190 ) ;
#2659 = EDGE_CURVE ( 'NONE', #4232, #353, #1037, .T. ) ;
#2660 = EDGE_CURVE ( 'NONE', #2509, #1963, #4778, .T. ) ;
#2661 = SURFACE_SIDE_STYLE ('',( #3482 ) ) ;
#2662 = DIRECTION ( 'NONE',  ( -0.000000000000000000, -1.000000000000000000, -0.000000000000000000 ) ) ;
#2663 = DIRECTION ( 'NONE',  ( 0.000000000000000000, 1.000000000000000000, 0.000000000000000000 ) ) ;
#2664 = ORIENTED_EDGE ( 'NONE', *, *, #2850, .F. ) ;
#2665 = PRESENTATION_STYLE_ASSIGNMENT (( #301 ) ) ;
#2666 = LINE ( 'NONE', #3820, #3235 ) ;
#2667 = ORIENTED_EDGE ( 'NONE', *, *, #1701, .T. ) ;
#2668 = PRESENTATION_STYLE_ASSIGNMENT (( #4539 ) ) ;
#2669 = CLOSED_SHELL ( 'NONE', ( #2012, #1234, #1478, #1113, #2491, #3686 ) ) ;
#2670 = UNCERTAINTY_MEASURE_WITH_UNIT (LENGTH_MEASURE( 1.000000000000000082E-05 ), #2983, 'distance_accuracy_value', 'NONE');
#2671 = FILL_AREA_STYLE_COLOUR ( '', #498 ) ;
#2672 = VERTEX_POINT ( 'NONE', #3724 ) ;
#2673 = VECTOR ( 'NONE', #3515, 1000.000000000000000 ) ;
#2674 = UNCERTAINTY_MEASURE_WITH_UNIT (LENGTH_MEASURE( 1.000000000000000082E-05 ), #3768, 'distance_accuracy_value', 'NONE');
#2675 = CARTESIAN_POINT ( 'NONE',  ( 1.750000000000000000, 0.000000000000000000, 1.209799459665320764 ) ) ;
#2676 = COLOUR_RGB ( '',0.8431372549019607865, 0.8431372549019607865, 0.8431372549019607865 ) ;
#2677 =( GEOMETRIC_REPRESENTATION_CONTEXT ( 3 ) GLOBAL_UNCERTAINTY_ASSIGNED_CONTEXT ( ( #1107 ) ) GLOBAL_UNIT_ASSIGNED_CONTEXT ( ( #4272, #430, #2331 ) ) REPRESENTATION_CONTEXT ( 'NONE', 'WORKASPACE' ) );
#2678 = EDGE_LOOP ( 'NONE', ( #3369, #3106, #4295, #1539 ) ) ;
#2679 = LINE ( 'NONE', #1, #129 ) ;
#2680 = DIRECTION ( 'NONE',  ( -1.000000000000000000, 0.000000000000000000, -0.000000000000000000 ) ) ;
#2681 = ORIENTED_EDGE ( 'NONE', *, *, #3383, .T. ) ;
#2682 = CARTESIAN_POINT ( 'NONE',  ( -0.2500000000000000000, 2.200000000000000178, -1.949999999999999956 ) ) ;
#2683 = PRESENTATION_LAYER_ASSIGNMENT (  '', '', ( #3631 ) ) ;
#2684 = ADVANCED_FACE ( 'NONE', ( #1357 ), #1767, .F. ) ;
#2685 = CARTESIAN_POINT ( 'NONE',  ( 1.750000000000000000, -1.100000000000000089, 1.699999999999999956 ) ) ;
#2686 = DIRECTION ( 'NONE',  ( -1.000000000000000000, 0.000000000000000000, 0.000000000000000000 ) ) ;
#2687 = ORIENTED_EDGE ( 'NONE', *, *, #1547, .T. ) ;
#2688 = ADVANCED_FACE ( 'NONE', ( #2544 ), #240, .T. ) ;
#2689 = ORIENTED_EDGE ( 'NONE', *, *, #3320, .T. ) ;
#2690 = CARTESIAN_POINT ( 'NONE',  ( -2.250000000000000444, -2.200000000000000178, 0.000000000000000000 ) ) ;
#2691 = CARTESIAN_POINT ( 'NONE',  ( -3.250000000000000444, -1.699999999999999956, -1.000000000000000000 ) ) ;
#2692 = ORIENTED_EDGE ( 'NONE', *, *, #1607, .F. ) ;
#2693 = FILL_AREA_STYLE ('',( #2846 ) ) ;
#2694 = LINE ( 'NONE', #2307, #3395 ) ;
#2695 = EDGE_LOOP ( 'NONE', ( #3711, #1275, #2872, #1974 ) ) ;
#2696 = STYLED_ITEM ( 'NONE', ( #1374 ), #1373 ) ;
#2697 = LINE ( 'NONE', #2675, #3569 ) ;
#2698 = DIRECTION ( 'NONE',  ( -1.000000000000000000, -0.000000000000000000, -0.000000000000000000 ) ) ;
#2699 = ORIENTED_EDGE ( 'NONE', *, *, #2852, .F. ) ;
#2700 = ORIENTED_EDGE ( 'NONE', *, *, #4034, .T. ) ;
#2701 = DIRECTION ( 'NONE',  ( -1.000000000000000000, 0.000000000000000000, -0.000000000000000000 ) ) ;
#2702 = AXIS2_PLACEMENT_3D ( 'NONE', #576, #2140, #211 ) ;
#2703 = CARTESIAN_POINT ( 'NONE',  ( -0.2500000000000000000, 2.399999999999999911, -1.949999999999999956 ) ) ;
#2704 = STYLED_ITEM ( 'NONE', ( #501 ), #2892 ) ;
#2705 = COLOUR_RGB ( '',1.000000000000000000, 1.000000000000000000, 1.000000000000000000 ) ;
#2706 = DIRECTION ( 'NONE',  ( -0.000000000000000000, 0.000000000000000000, 1.000000000000000000 ) ) ;
#2707 = DIRECTION ( 'NONE',  ( 0.000000000000000000, 1.000000000000000000, 0.000000000000000000 ) ) ;
#2708 = ORIENTED_EDGE ( 'NONE', *, *, #4896, .T. ) ;
#2709 = FACE_OUTER_BOUND ( 'NONE', #23, .T. ) ;
#2710 =( GEOMETRIC_REPRESENTATION_CONTEXT ( 3 ) GLOBAL_UNCERTAINTY_ASSIGNED_CONTEXT ( ( #3308 ) ) GLOBAL_UNIT_ASSIGNED_CONTEXT ( ( #4843, #1932, #4191 ) ) REPRESENTATION_CONTEXT ( 'NONE', 'WORKASPACE' ) );
#2711 = VECTOR ( 'NONE', #4456, 1000.000000000000000 ) ;
#2712 = DIRECTION ( 'NONE',  ( -1.000000000000000000, -0.000000000000000000, -0.000000000000000000 ) ) ;
#2713 = AXIS2_PLACEMENT_3D ( 'NONE', #4132, #215, #4479 ) ;
#2714 = CARTESIAN_POINT ( 'NONE',  ( -0.2500000000000000000, 0.000000000000000000, 0.000000000000000000 ) ) ;
#2715 = EDGE_CURVE ( 'NONE', #3089, #4743, #1439, .T. ) ;
#2716 = ORIENTED_EDGE ( 'NONE', *, *, #4218, .T. ) ;
#2717 = ADVANCED_FACE ( 'NONE', ( #1331 ), #3752, .T. ) ;
#2718 = CARTESIAN_POINT ( 'NONE',  ( -2.250000000000000444, -1.100000000000000089, 0.000000000000000000 ) ) ;
#2719 = CARTESIAN_POINT ( 'NONE',  ( -0.2500000000000000000, -0.09999999999999993616, 2.700000000000000178 ) ) ;
#2720 = DIRECTION ( 'NONE',  ( 1.000000000000000000, 0.000000000000000000, 0.000000000000000000 ) ) ;
#2721 = VERTEX_POINT ( 'NONE', #2516 ) ;
#2722 = PRESENTATION_LAYER_ASSIGNMENT (  '', '', ( #4638 ) ) ;
#2723 = UNCERTAINTY_MEASURE_WITH_UNIT (LENGTH_MEASURE( 1.000000000000000082E-05 ), #907, 'distance_accuracy_value', 'NONE');
#2724 = FACE_OUTER_BOUND ( 'NONE', #980, .T. ) ;
#2725 = AXIS2_PLACEMENT_3D ( 'NONE', #3022, #2195, #4524 ) ;
#2726 = SURFACE_STYLE_USAGE ( .BOTH. , #737 ) ;
#2727 = ORIENTED_EDGE ( 'NONE', *, *, #578, .F. ) ;
#2728 = COLOUR_RGB ( '',1.000000000000000000, 1.000000000000000000, 1.000000000000000000 ) ;
#2729 = DIRECTION ( 'NONE',  ( -0.000000000000000000, 0.000000000000000000, 1.000000000000000000 ) ) ;
#2730 = DIRECTION ( 'NONE',  ( -1.000000000000000000, 0.000000000000000000, -0.000000000000000000 ) ) ;
#2731 = CARTESIAN_POINT ( 'NONE',  ( -2.250000000000000444, -0.1000000000000000056, 1.699999999999999956 ) ) ;
#2732 = PRESENTATION_LAYER_ASSIGNMENT (  '', '', ( #2078 ) ) ;
#2733 = DIRECTION ( 'NONE',  ( 0.000000000000000000, 0.000000000000000000, -1.000000000000000000 ) ) ;
#2734 = FACE_OUTER_BOUND ( 'NONE', #4435, .T. ) ;
#2735 = EDGE_LOOP ( 'NONE', ( #3396, #1987, #726, #1358 ) ) ;
#2736 = LINE ( 'NONE', #4637, #931 ) ;
#2737 = DIRECTION ( 'NONE',  ( -0.000000000000000000, -0.000000000000000000, 1.000000000000000000 ) ) ;
#2738 = ORIENTED_EDGE ( 'NONE', *, *, #266, .F. ) ;
#2739 = DIRECTION ( 'NONE',  ( 0.000000000000000000, 0.000000000000000000, -1.000000000000000000 ) ) ;
#2740 = DIRECTION ( 'NONE',  ( -0.000000000000000000, -1.000000000000000000, -0.000000000000000000 ) ) ;
#2741 = VERTEX_POINT ( 'NONE', #4832 ) ;
#2742 =( GEOMETRIC_REPRESENTATION_CONTEXT ( 3 ) GLOBAL_UNCERTAINTY_ASSIGNED_CONTEXT ( ( #2969 ) ) GLOBAL_UNIT_ASSIGNED_CONTEXT ( ( #4018, #2094, #2499 ) ) REPRESENTATION_CONTEXT ( 'NONE', 'WORKASPACE' ) );
#2743 = ADVANCED_FACE ( 'NONE', ( #4106 ), #4468, .T. ) ;
#2744 = EDGE_CURVE ( 'NONE', #2375, #1081, #1667, .T. ) ;
#2745 = EDGE_LOOP ( 'NONE', ( #1154, #323, #2447, #4555 ) ) ;
#2746 = DIRECTION ( 'NONE',  ( 0.000000000000000000, 1.000000000000000000, 0.000000000000000000 ) ) ;
#2747 = ORIENTED_EDGE ( 'NONE', *, *, #1943, .T. ) ;
#2748 = DIRECTION ( 'NONE',  ( 0.000000000000000000, -0.000000000000000000, 1.000000000000000000 ) ) ;
#2749 = LINE ( 'NONE', #3500, #3801 ) ;
#2750 = MECHANICAL_DESIGN_GEOMETRIC_PRESENTATION_REPRESENTATION (  '', ( #2266 ), #2677 ) ;
#2751 =( NAMED_UNIT ( * ) SI_UNIT ( $, .STERADIAN. ) SOLID_ANGLE_UNIT ( ) );
#2752 = LINE ( 'NONE', #3869, #469 ) ;
#2753 = CARTESIAN_POINT ( 'NONE',  ( -2.250000000000000444, -1.100000000000000089, 0.000000000000000000 ) ) ;
#2754 = ORIENTED_EDGE ( 'NONE', *, *, #4156, .F. ) ;
#2755 = CIRCLE ( 'NONE', #4115, 0.2999999999999999334 ) ;
#2756 = CONICAL_SURFACE ( 'NONE', #1867, 0.2999968730028742536, 0.7853859820376795087 ) ;
#2757 = SURFACE_SIDE_STYLE ('',( #3159 ) ) ;
#2758 = EDGE_LOOP ( 'NONE', ( #835, #370, #1552, #753 ) ) ;
#2759 = DIRECTION ( 'NONE',  ( 0.000000000000000000, -0.000000000000000000, -1.000000000000000000 ) ) ;
#2760 = UNCERTAINTY_MEASURE_WITH_UNIT (LENGTH_MEASURE( 1.000000000000000082E-05 ), #4501, 'distance_accuracy_value', 'NONE');
#2761 =( NAMED_UNIT ( * ) PLANE_ANGLE_UNIT ( ) SI_UNIT ( $, .RADIAN. ) );
#2762 = ORIENTED_EDGE ( 'NONE', *, *, #1944, .F. ) ;
#2763 = ORIENTED_EDGE ( 'NONE', *, *, #422, .F. ) ;
#2764 = LINE ( 'NONE', #4303, #1737 ) ;
#2765 = SURFACE_STYLE_USAGE ( .BOTH. , #3570 ) ;
#2766 = ORIENTED_EDGE ( 'NONE', *, *, #2483, .T. ) ;
#2767 = EDGE_CURVE ( 'NONE', #4594, #2038, #1192, .T. ) ;
#2768 = ADVANCED_FACE ( 'NONE', ( #4606 ), #790, .T. ) ;
#2769 = PLANE ( 'NONE',  #2851 ) ;
#2770 = SURFACE_STYLE_FILL_AREA ( #4349 ) ;
#2771 = CARTESIAN_POINT ( 'NONE',  ( -3.249996873002874764, -1.899999999999999911, -2.949995818141815107 ) ) ;
#2772 = PRESENTATION_STYLE_ASSIGNMENT (( #1128 ) ) ;
#2773 = LINE ( 'NONE', #3480, #3199 ) ;
#2774 = VECTOR ( 'NONE', #1706, 1000.000000000000000 ) ;
#2775 = DIRECTION ( 'NONE',  ( 0.000000000000000000, 1.000000000000000000, 0.000000000000000000 ) ) ;
#2776 = EDGE_CURVE ( 'NONE', #408, #2721, #1837, .T. ) ;
#2777 = LINE ( 'NONE', #3577, #3028 ) ;
#2778 = ORIENTED_EDGE ( 'NONE', *, *, #3567, .F. ) ;
#2779 =( GEOMETRIC_REPRESENTATION_CONTEXT ( 3 ) GLOBAL_UNCERTAINTY_ASSIGNED_CONTEXT ( ( #593 ) ) GLOBAL_UNIT_ASSIGNED_CONTEXT ( ( #4507, #1148, #1898 ) ) REPRESENTATION_CONTEXT ( 'NONE', 'WORKASPACE' ) );
#2780 = PRESENTATION_LAYER_ASSIGNMENT (  '', '', ( #3736 ) ) ;
#2781 = ORIENTED_EDGE ( 'NONE', *, *, #872, .F. ) ;
#2782 = VECTOR ( 'NONE', #830, 1000.000000000000000 ) ;
#2783 = LINE ( 'NONE', #4270, #3993 ) ;
#2784 = PRESENTATION_LAYER_ASSIGNMENT (  '', '', ( #3831 ) ) ;
#2785 = ORIENTED_EDGE ( 'NONE', *, *, #93, .F. ) ;
#2786 = ORIENTED_EDGE ( 'NONE', *, *, #2222, .F. ) ;
#2787 =( GEOMETRIC_REPRESENTATION_CONTEXT ( 3 ) GLOBAL_UNCERTAINTY_ASSIGNED_CONTEXT ( ( #2858 ) ) GLOBAL_UNIT_ASSIGNED_CONTEXT ( ( #3850, #4211, #482 ) ) REPRESENTATION_CONTEXT ( 'NONE', 'WORKASPACE' ) );
#2788 =( LENGTH_UNIT ( ) NAMED_UNIT ( * ) SI_UNIT ( .MILLI., .METRE. ) );
#2789 = PRESENTATION_STYLE_ASSIGNMENT (( #1260 ) ) ;
#2790 = CARTESIAN_POINT ( 'NONE',  ( -2.250000000000000444, 0.000000000000000000, 0.000000000000000000 ) ) ;
#2791 = CARTESIAN_POINT ( 'NONE',  ( 0.000000000000000000, -2.200000000000000178, -1.949999999999999956 ) ) ;
#2792 = VECTOR ( 'NONE', #3201, 1000.000000000000000 ) ;
#2793 = FILL_AREA_STYLE_COLOUR ( '', #2589 ) ;
#2794 = EDGE_CURVE ( 'NONE', #1565, #1369, #4940, .T. ) ;
#2795 = LINE ( 'NONE', #2486, #2125 ) ;
#2796 = COLOUR_RGB ( '',0.2862745098039215508, 0.2862745098039215508, 0.2862745098039215508 ) ;
#2797 = FILL_AREA_STYLE_COLOUR ( '', #4327 ) ;
#2798 = DIRECTION ( 'NONE',  ( -0.000000000000000000, 0.000000000000000000, -1.000000000000000000 ) ) ;
#2799 = ORIENTED_EDGE ( 'NONE', *, *, #2802, .F. ) ;
#2800 =( GEOMETRIC_REPRESENTATION_CONTEXT ( 3 ) GLOBAL_UNCERTAINTY_ASSIGNED_CONTEXT ( ( #4322 ) ) GLOBAL_UNIT_ASSIGNED_CONTEXT ( ( #2439, #4057, #4353 ) ) REPRESENTATION_CONTEXT ( 'NONE', 'WORKASPACE' ) );
#2801 = ADVANCED_FACE ( 'NONE', ( #3401 ), #2269, .T. ) ;
#2802 = EDGE_CURVE ( 'NONE', #4319, #1074, #3477, .T. ) ;
#2803 = FILL_AREA_STYLE_COLOUR ( '', #2144 ) ;
#2804 = FILL_AREA_STYLE ('',( #4640 ) ) ;
#2805 = AXIS2_PLACEMENT_3D ( 'NONE', #2973, #4478, #3349 ) ;
#2806 = ORIENTED_EDGE ( 'NONE', *, *, #4283, .F. ) ;
#2807 = SURFACE_STYLE_USAGE ( .BOTH. , #918 ) ;
#2808 = DIRECTION ( 'NONE',  ( 0.000000000000000000, 0.000000000000000000, -1.000000000000000000 ) ) ;
#2809 = SURFACE_STYLE_USAGE ( .BOTH. , #899 ) ;
#2810 = ORIENTED_EDGE ( 'NONE', *, *, #2426, .F. ) ;
#2811 = ORIENTED_EDGE ( 'NONE', *, *, #2213, .T. ) ;
#2812 = FACE_OUTER_BOUND ( 'NONE', #644, .T. ) ;
#2813 = CYLINDRICAL_SURFACE ( 'NONE', #1803, 1.000000000000000000 ) ;
#2814 =( NAMED_UNIT ( * ) SI_UNIT ( $, .STERADIAN. ) SOLID_ANGLE_UNIT ( ) );
#2815 = SURFACE_STYLE_USAGE ( .BOTH. , #1617 ) ;
#2816 = FILL_AREA_STYLE_COLOUR ( '', #3339 ) ;
#2817 = MECHANICAL_DESIGN_GEOMETRIC_PRESENTATION_REPRESENTATION (  '', ( #1218 ), #2571 ) ;
#2818 = CARTESIAN_POINT ( 'NONE',  ( 2.250000000000000444, -2.399999999999999911, 0.000000000000000000 ) ) ;
#2819 = CIRCLE ( 'NONE', #1538, 0.2999999999999999334 ) ;
#2820 = SURFACE_STYLE_FILL_AREA ( #504 ) ;
#2821 = CARTESIAN_POINT ( 'NONE',  ( 1.750000000000000000, 1.100000000000000089, 1.209799459665320764 ) ) ;
#2822 = VERTEX_POINT ( 'NONE', #3431 ) ;
#2823 = VECTOR ( 'NONE', #3657, 1000.000000000000000 ) ;
#2824 = ORIENTED_EDGE ( 'NONE', *, *, #4643, .T. ) ;
#2825 = CARTESIAN_POINT ( 'NONE',  ( -3.260000000000000675, -1.500000000000000000, -2.549999999999999822 ) ) ;
#2826 = CARTESIAN_POINT ( 'NONE',  ( 3.049997563775507015, 1.899999999999999911, -3.149999999999999911 ) ) ;
#2827 =( NAMED_UNIT ( * ) PLANE_ANGLE_UNIT ( ) SI_UNIT ( $, .RADIAN. ) );
#2828 = EDGE_CURVE ( 'NONE', #544, #2458, #4958, .T. ) ;
#2829 = FILL_AREA_STYLE ('',( #3586 ) ) ;
#2830 = AXIS2_PLACEMENT_3D ( 'NONE', #4212, #771, #1449 ) ;
#2831 = EDGE_LOOP ( 'NONE', ( #779, #839, #3605, #3126 ) ) ;
#2832 = FILL_AREA_STYLE_COLOUR ( '', #4961 ) ;
#2833 = ORIENTED_EDGE ( 'NONE', *, *, #4577, .F. ) ;
#2834 = SURFACE_STYLE_FILL_AREA ( #2504 ) ;
#2835 = SURFACE_STYLE_USAGE ( .BOTH. , #2403 ) ;
#2836 = DIRECTION ( 'NONE',  ( 0.000000000000000000, 0.000000000000000000, -1.000000000000000000 ) ) ;
#2837 = DIRECTION ( 'NONE',  ( -0.000000000000000000, 0.000000000000000000, -1.000000000000000000 ) ) ;
#2838 = LINE ( 'NONE', #986, #2471 ) ;
#2839 = LINE ( 'NONE', #4754, #3685 ) ;
#2840 = FACE_OUTER_BOUND ( 'NONE', #1901, .T. ) ;
#2841 = EDGE_LOOP ( 'NONE', ( #1418, #4848, #3679, #1931 ) ) ;
#2842 = MECHANICAL_DESIGN_GEOMETRIC_PRESENTATION_REPRESENTATION (  '', ( #2442 ), #3729 ) ;
#2843 =( LENGTH_UNIT ( ) NAMED_UNIT ( * ) SI_UNIT ( .MILLI., .METRE. ) );
#2844 = EDGE_LOOP ( 'NONE', ( #489, #3957, #4616, #3483 ) ) ;
#2845 = LINE ( 'NONE', #511, #2979 ) ;
#2846 = FILL_AREA_STYLE_COLOUR ( '', #2300 ) ;
#2847 = MECHANICAL_DESIGN_GEOMETRIC_PRESENTATION_REPRESENTATION (  '', ( #4236 ), #4876 ) ;
#2848 = VECTOR ( 'NONE', #2463, 1000.000000000000000 ) ;
#2849 = ORIENTED_EDGE ( 'NONE', *, *, #1725, .F. ) ;
#2850 = EDGE_CURVE ( 'NONE', #3437, #2741, #1567, .T. ) ;
#2851 = AXIS2_PLACEMENT_3D ( 'NONE', #2790, #4750, #3910 ) ;
#2852 = EDGE_CURVE ( 'NONE', #4380, #3062, #1964, .T. ) ;
#2853 = DIRECTION ( 'NONE',  ( -1.000000000000000000, -0.000000000000000000, 0.000000000000000000 ) ) ;
#2854 = FILL_AREA_STYLE_COLOUR ( '', #1683 ) ;
#2855 = CARTESIAN_POINT ( 'NONE',  ( -0.2500000000000000000, 2.399999999999999911, -2.600000000000000533 ) ) ;
#2856 = EDGE_LOOP ( 'NONE', ( #2341, #2031, #403, #1207, #4166, #2875 ) ) ;
#2857 = PRESENTATION_STYLE_ASSIGNMENT (( #2429 ) ) ;
#2858 = UNCERTAINTY_MEASURE_WITH_UNIT (LENGTH_MEASURE( 1.000000000000000082E-05 ), #3850, 'distance_accuracy_value', 'NONE');
#2859 = PRESENTATION_LAYER_ASSIGNMENT (  '', '', ( #3833 ) ) ;
#2860 = STYLED_ITEM ( 'NONE', ( #2645 ), #2319 ) ;
#2861 =( LENGTH_UNIT ( ) NAMED_UNIT ( * ) SI_UNIT ( .MILLI., .METRE. ) );
#2862 = VERTEX_POINT ( 'NONE', #77 ) ;
#2863 = EDGE_CURVE ( 'NONE', #328, #4629, #4330, .T. ) ;
#2864 =( GEOMETRIC_REPRESENTATION_CONTEXT ( 3 ) GLOBAL_UNCERTAINTY_ASSIGNED_CONTEXT ( ( #809 ) ) GLOBAL_UNIT_ASSIGNED_CONTEXT ( ( #1356, #263, #1919 ) ) REPRESENTATION_CONTEXT ( 'NONE', 'WORKASPACE' ) );
#2865 = AXIS2_PLACEMENT_3D ( 'NONE', #3243, #3321, #4428 ) ;
#2866 = DIRECTION ( 'NONE',  ( 0.000000000000000000, 1.000000000000000000, 0.000000000000000000 ) ) ;
#2867 = UNCERTAINTY_MEASURE_WITH_UNIT (LENGTH_MEASURE( 1.000000000000000082E-05 ), #3942, 'distance_accuracy_value', 'NONE');
#2868 = LINE ( 'NONE', #2566, #2118 ) ;
#2869 = PRESENTATION_STYLE_ASSIGNMENT (( #2893 ) ) ;
#2870 = DIRECTION ( 'NONE',  ( 1.000000000000000000, 0.000000000000000000, 0.000000000000000000 ) ) ;
#2871 = DIRECTION ( 'NONE',  ( -0.000000000000000000, 0.000000000000000000, 1.000000000000000000 ) ) ;
#2872 = ORIENTED_EDGE ( 'NONE', *, *, #361, .T. ) ;
#2873 = PRESENTATION_STYLE_ASSIGNMENT (( #2495 ) ) ;
#2874 = DIRECTION ( 'NONE',  ( 0.000000000000000000, 0.000000000000000000, -1.000000000000000000 ) ) ;
#2875 = ORIENTED_EDGE ( 'NONE', *, *, #162, .F. ) ;
#2876 = DIRECTION ( 'NONE',  ( 0.000000000000000000, -1.000000000000000000, 0.000000000000000000 ) ) ;
#2877 =( GEOMETRIC_REPRESENTATION_CONTEXT ( 3 ) GLOBAL_UNCERTAINTY_ASSIGNED_CONTEXT ( ( #2670 ) ) GLOBAL_UNIT_ASSIGNED_CONTEXT ( ( #2983, #85, #1580 ) ) REPRESENTATION_CONTEXT ( 'NONE', 'WORKASPACE' ) );
#2878 = DIRECTION ( 'NONE',  ( 0.7070981676119889592, 0.000000000000000000, 0.7071153946561816728 ) ) ;
#2879 = ORIENTED_EDGE ( 'NONE', *, *, #163, .F. ) ;
#2880 = VECTOR ( 'NONE', #1443, 1000.000000000000000 ) ;
#2881 = LINE ( 'NONE', #249, #4197 ) ;
#2882 = PLANE ( 'NONE',  #696 ) ;
#2883 = VERTEX_POINT ( 'NONE', #1670 ) ;
#2884 = FILL_AREA_STYLE ('',( #2583 ) ) ;
#2885 = EDGE_CURVE ( 'NONE', #1593, #1627, #4657, .T. ) ;
#2886 =( LENGTH_UNIT ( ) NAMED_UNIT ( * ) SI_UNIT ( .MILLI., .METRE. ) );
#2887 = VERTEX_POINT ( 'NONE', #3982 ) ;
#2888 = LINE ( 'NONE', #2190, #1140 ) ;
#2889 = SURFACE_STYLE_FILL_AREA ( #575 ) ;
#2890 = PRESENTATION_STYLE_ASSIGNMENT (( #4128 ) ) ;
#2891 = EDGE_CURVE ( 'NONE', #895, #3252, #4307, .T. ) ;
#2892 = ADVANCED_FACE ( 'NONE', ( #2407 ), #4286, .T. ) ;
#2893 = SURFACE_STYLE_USAGE ( .BOTH. , #2410 ) ;
#2894 =( NAMED_UNIT ( * ) SI_UNIT ( $, .STERADIAN. ) SOLID_ANGLE_UNIT ( ) );
#2895 = CLOSED_SHELL ( 'NONE', ( #3353, #3598, #3017, #4313, #492, #1668 ) ) ;
#2896 =( NAMED_UNIT ( * ) PLANE_ANGLE_UNIT ( ) SI_UNIT ( $, .RADIAN. ) );
#2897 = DIRECTION ( 'NONE',  ( -0.000000000000000000, 0.000000000000000000, 1.000000000000000000 ) ) ;
#2898 = SURFACE_SIDE_STYLE ('',( #4060 ) ) ;
#2899 = CIRCLE ( 'NONE', #3385, 0.2999999999999999334 ) ;
#2900 = SURFACE_STYLE_FILL_AREA ( #3275 ) ;
#2901 = SURFACE_STYLE_USAGE ( .BOTH. , #539 ) ;
#2902 = ORIENTED_EDGE ( 'NONE', *, *, #4257, .T. ) ;
#2903 = DIRECTION ( 'NONE',  ( -0.000000000000000000, -1.000000000000000000, -0.000000000000000000 ) ) ;
#2904 = CARTESIAN_POINT ( 'NONE',  ( 2.250000000000000444, -2.399999999999999911, -2.600000000000000533 ) ) ;
#2905 = MECHANICAL_DESIGN_GEOMETRIC_PRESENTATION_REPRESENTATION (  '', ( #4347 ), #405 ) ;
#2906 = FILL_AREA_STYLE_COLOUR ( '', #2989 ) ;
#2907 = ORIENTED_EDGE ( 'NONE', *, *, #3018, .T. ) ;
#2908 = CARTESIAN_POINT ( 'NONE',  ( 0.2500000000000000000, 0.1000000000000000056, 1.699999999999999956 ) ) ;
#2909 = FACE_OUTER_BOUND ( 'NONE', #1345, .T. ) ;
#2910 = ORIENTED_EDGE ( 'NONE', *, *, #266, .T. ) ;
#2911 =( NAMED_UNIT ( * ) PLANE_ANGLE_UNIT ( ) SI_UNIT ( $, .RADIAN. ) );
#2912 = STYLED_ITEM ( 'NONE', ( #3030 ), #870 ) ;
#2913 = CARTESIAN_POINT ( 'NONE',  ( 1.750000000000000000, 2.399999999999999911, -1.949999999999999956 ) ) ;
#2914 = CARTESIAN_POINT ( 'NONE',  ( 2.650000000000000355, 1.899999999999999911, -2.549999999999999822 ) ) ;
#2915 = EDGE_CURVE ( 'NONE', #3041, #3649, #525, .T. ) ;
#2916 = CARTESIAN_POINT ( 'NONE',  ( -1.750000000000000000, -1.100000000000000089, 1.699999999999999956 ) ) ;
#2917 = ADVANCED_FACE ( 'NONE', ( #2064 ), #2769, .F. ) ;
#2918 = FILL_AREA_STYLE_COLOUR ( '', #3769 ) ;
#2919 = FILL_AREA_STYLE ('',( #604 ) ) ;
#2920 = SURFACE_STYLE_USAGE ( .BOTH. , #1038 ) ;
#2921 = COLOUR_RGB ( '',0.8627450980392157298, 0.5882352941176470784, 0.06274509803921568540 ) ;
#2922 =( NAMED_UNIT ( * ) PLANE_ANGLE_UNIT ( ) SI_UNIT ( $, .RADIAN. ) );
#2923 = ORIENTED_EDGE ( 'NONE', *, *, #1078, .F. ) ;
#2924 = CARTESIAN_POINT ( 'NONE',  ( 1.750000000000000000, 0.1000000000000000056, 2.700000000000000178 ) ) ;
#2925 =( NAMED_UNIT ( * ) PLANE_ANGLE_UNIT ( ) SI_UNIT ( $, .RADIAN. ) );
#2926 = VECTOR ( 'NONE', #3540, 1000.000000000000000 ) ;
#2927 = VERTEX_POINT ( 'NONE', #4373 ) ;
#2928 = CARTESIAN_POINT ( 'NONE',  ( -0.2500000000000000000, 2.399999999999999911, -2.600000000000000533 ) ) ;
#2929 = ORIENTED_EDGE ( 'NONE', *, *, #680, .T. ) ;
#2930 = DIRECTION ( 'NONE',  ( 0.000000000000000000, -1.000000000000000000, 0.000000000000000000 ) ) ;
#2931 = AXIS2_PLACEMENT_3D ( 'NONE', #2382, #1265, #4287 ) ;
#2932 = LINE ( 'NONE', #1368, #2538 ) ;
#2933 = MECHANICAL_DESIGN_GEOMETRIC_PRESENTATION_REPRESENTATION (  '', ( #693 ), #182 ) ;
#2934 = ORIENTED_EDGE ( 'NONE', *, *, #424, .F. ) ;
#2935 = CARTESIAN_POINT ( 'NONE',  ( -0.2500000000000000000, -1.100000000000000089, 1.209799459665320764 ) ) ;
#2936 = LINE ( 'NONE', #3641, #2332 ) ;
#2937 = MECHANICAL_DESIGN_GEOMETRIC_PRESENTATION_REPRESENTATION (  '', ( #1097 ), #3424 ) ;
#2938 = CARTESIAN_POINT ( 'NONE',  ( -0.2500000000000001110, 1.100000000000000089, 0.000000000000000000 ) ) ;
#2939 = VECTOR ( 'NONE', #4200, 1000.000000000000000 ) ;
#2940 = VECTOR ( 'NONE', #718, 1000.000000000000000 ) ;
#2941 = FILL_AREA_STYLE ('',( #965 ) ) ;
#2942 = DIRECTION ( 'NONE',  ( -1.000000000000000000, 0.000000000000000000, 0.000000000000000000 ) ) ;
#2943 =( NAMED_UNIT ( * ) SI_UNIT ( $, .STERADIAN. ) SOLID_ANGLE_UNIT ( ) );
#2944 = VECTOR ( 'NONE', #4639, 1000.000000000000000 ) ;
#2945 = EDGE_CURVE ( 'NONE', #2721, #943, #474, .T. ) ;
#2946 = AXIS2_PLACEMENT_3D ( 'NONE', #4357, #508, #4739 ) ;
#2947 =( LENGTH_UNIT ( ) NAMED_UNIT ( * ) SI_UNIT ( .MILLI., .METRE. ) );
#2948 = CARTESIAN_POINT ( 'NONE',  ( -3.250000000000000444, -1.899999999999999911, -2.549999999999999822 ) ) ;
#2949 = LINE ( 'NONE', #3357, #2631 ) ;
#2950 = DIRECTION ( 'NONE',  ( 1.000000000000000000, 0.000000000000000000, 0.000000000000000000 ) ) ;
#2951 = DIRECTION ( 'NONE',  ( 0.000000000000000000, 0.000000000000000000, -1.000000000000000000 ) ) ;
#2952 = ADVANCED_FACE ( 'NONE', ( #2381 ), #2462, .T. ) ;
#2953 = VECTOR ( 'NONE', #878, 1000.000000000000000 ) ;
#2954 = EDGE_CURVE ( 'NONE', #4721, #3122, #420, .T. ) ;
#2955 = ORIENTED_EDGE ( 'NONE', *, *, #2985, .F. ) ;
#2956 = CARTESIAN_POINT ( 'NONE',  ( -0.2500000000000000000, -1.100000000000000089, 1.209799459665320764 ) ) ;
#2957 = PLANE ( 'NONE',  #3505 ) ;
#2958 = PRESENTATION_LAYER_ASSIGNMENT (  '', '', ( #1277 ) ) ;
#2959 = EDGE_LOOP ( 'NONE', ( #3858, #4003, #1323, #3777 ) ) ;
#2960 = CARTESIAN_POINT ( 'NONE',  ( 2.250000000000000444, 2.399999999999999911, -2.600000000000000533 ) ) ;
#2961 = UNCERTAINTY_MEASURE_WITH_UNIT (LENGTH_MEASURE( 1.000000000000000082E-05 ), #3892, 'distance_accuracy_value', 'NONE');
#2962 = PRESENTATION_STYLE_ASSIGNMENT (( #1425 ) ) ;
#2963 = LINE ( 'NONE', #2561, #2415 ) ;
#2964 = DIRECTION ( 'NONE',  ( -0.000000000000000000, 0.000000000000000000, -1.000000000000000000 ) ) ;
#2965 =( GEOMETRIC_REPRESENTATION_CONTEXT ( 3 ) GLOBAL_UNCERTAINTY_ASSIGNED_CONTEXT ( ( #2961 ) ) GLOBAL_UNIT_ASSIGNED_CONTEXT ( ( #3892, #866, #3176 ) ) REPRESENTATION_CONTEXT ( 'NONE', 'WORKASPACE' ) );
#2966 = DIRECTION ( 'NONE',  ( 1.000000000000000000, 0.000000000000000000, 0.000000000000000000 ) ) ;
#2967 = ORIENTED_EDGE ( 'NONE', *, *, #2186, .T. ) ;
#2968 = SURFACE_SIDE_STYLE ('',( #3291 ) ) ;
#2969 = UNCERTAINTY_MEASURE_WITH_UNIT (LENGTH_MEASURE( 1.000000000000000082E-05 ), #4018, 'distance_accuracy_value', 'NONE');
#2970 = DIRECTION ( 'NONE',  ( -1.000000000000000000, 0.000000000000000000, -0.000000000000000000 ) ) ;
#2971 = CARTESIAN_POINT ( 'NONE',  ( 1.749999999999999778, -1.100000000000000089, 0.000000000000000000 ) ) ;
#2972 = PRESENTATION_STYLE_ASSIGNMENT (( #3675 ) ) ;
#2973 = CARTESIAN_POINT ( 'NONE',  ( -3.260000000000000675, 1.699999999999999956, 0.000000000000000000 ) ) ;
#2974 = VECTOR ( 'NONE', #4699, 1000.000000000000000 ) ;
#2975 = FILL_AREA_STYLE ('',( #4889 ) ) ;
#2976 = DIRECTION ( 'NONE',  ( 1.000000000000000000, 0.000000000000000000, 0.000000000000000000 ) ) ;
#2977 = FILL_AREA_STYLE ('',( #1359 ) ) ;
#2978 = LINE ( 'NONE', #2600, #3145 ) ;
#2979 = VECTOR ( 'NONE', #105, 1000.000000000000000 ) ;
#2980 = ORIENTED_EDGE ( 'NONE', *, *, #2715, .F. ) ;
#2981 = SURFACE_STYLE_FILL_AREA ( #1903 ) ;
#2982 = FACE_OUTER_BOUND ( 'NONE', #2291, .T. ) ;
#2983 =( LENGTH_UNIT ( ) NAMED_UNIT ( * ) SI_UNIT ( .MILLI., .METRE. ) );
#2984 = ORIENTED_EDGE ( 'NONE', *, *, #3972, .F. ) ;
#2985 = EDGE_CURVE ( 'NONE', #3707, #2328, #4964, .T. ) ;
#2986 = SURFACE_STYLE_USAGE ( .BOTH. , #2533 ) ;
#2987 =( GEOMETRIC_REPRESENTATION_CONTEXT ( 3 ) GLOBAL_UNCERTAINTY_ASSIGNED_CONTEXT ( ( #3619 ) ) GLOBAL_UNIT_ASSIGNED_CONTEXT ( ( #4300, #1252, #3209 ) ) REPRESENTATION_CONTEXT ( 'NONE', 'WORKASPACE' ) );
#2988 = VERTEX_POINT ( 'NONE', #4611 ) ;
#2989 = COLOUR_RGB ( '',1.000000000000000000, 1.000000000000000000, 1.000000000000000000 ) ;
#2990 = DIRECTION ( 'NONE',  ( 0.000000000000000000, 0.000000000000000000, -1.000000000000000000 ) ) ;
#2991 = CARTESIAN_POINT ( 'NONE',  ( -2.250000000000000444, -1.100000000000000089, 0.000000000000000000 ) ) ;
#2992 = PLANE ( 'NONE',  #4381 ) ;
#2993 =( GEOMETRIC_REPRESENTATION_CONTEXT ( 3 ) GLOBAL_UNCERTAINTY_ASSIGNED_CONTEXT ( ( #3419 ) ) GLOBAL_UNIT_ASSIGNED_CONTEXT ( ( #4311, #3793, #4568 ) ) REPRESENTATION_CONTEXT ( 'NONE', 'WORKASPACE' ) );
#2994 = DIRECTION ( 'NONE',  ( 1.000000000000000000, -0.000000000000000000, 0.000000000000000000 ) ) ;
#2995 =( NAMED_UNIT ( * ) PLANE_ANGLE_UNIT ( ) SI_UNIT ( $, .RADIAN. ) );
#2996 = CARTESIAN_POINT ( 'NONE',  ( 1.750000000000000000, -1.100000000000000089, 1.209799459665320764 ) ) ;
#2997 = CARTESIAN_POINT ( 'NONE',  ( 1.750000000000000000, 0.1000000000000000056, 2.700000000000000178 ) ) ;
#2998 = LINE ( 'NONE', #3758, #973 ) ;
#2999 = DIRECTION ( 'NONE',  ( 1.000000000000000000, 0.000000000000000000, 0.000000000000000000 ) ) ;
#3000 = ORIENTED_EDGE ( 'NONE', *, *, #2222, .T. ) ;
#3001 =( LENGTH_UNIT ( ) NAMED_UNIT ( * ) SI_UNIT ( .MILLI., .METRE. ) );
#3002 = CARTESIAN_POINT ( 'NONE',  ( -0.2500000000000000000, -1.100000000000000089, 1.699999999999999956 ) ) ;
#3003 = ORIENTED_EDGE ( 'NONE', *, *, #1577, .F. ) ;
#3004 = LINE ( 'NONE', #4493, #1187 ) ;
#3005 = DIRECTION ( 'NONE',  ( 0.000000000000000000, 0.000000000000000000, -1.000000000000000000 ) ) ;
#3006 = LINE ( 'NONE', #3038, #4281 ) ;
#3007 = PRESENTATION_LAYER_ASSIGNMENT (  '', '', ( #595 ) ) ;
#3008 = EDGE_CURVE ( 'NONE', #3299, #4139, #3338, .T. ) ;
#3009 = EDGE_CURVE ( 'NONE', #4721, #546, #3848, .T. ) ;
#3010 = VERTEX_POINT ( 'NONE', #3787 ) ;
#3011 = CARTESIAN_POINT ( 'NONE',  ( -2.950000000000000178, -2.200000000000000178, -2.549999999999999822 ) ) ;
#3012 = UNCERTAINTY_MEASURE_WITH_UNIT (LENGTH_MEASURE( 1.000000000000000082E-05 ), #4467, 'distance_accuracy_value', 'NONE');
#3013 = DIRECTION ( 'NONE',  ( -0.000000000000000000, -0.000000000000000000, 1.000000000000000000 ) ) ;
#3014 = DIRECTION ( 'NONE',  ( 0.000000000000000000, 0.000000000000000000, -1.000000000000000000 ) ) ;
#3015 = VECTOR ( 'NONE', #887, 1000.000000000000000 ) ;
#3016 = VECTOR ( 'NONE', #2021, 1000.000000000000000 ) ;
#3017 = ADVANCED_FACE ( 'NONE', ( #2709 ), #4915, .T. ) ;
#3018 = EDGE_CURVE ( 'NONE', #147, #3191, #3179, .T. ) ;
#3019 = CARTESIAN_POINT ( 'NONE',  ( -2.950000000000000178, -1.899999999999999911, -2.549999999999999822 ) ) ;
#3020 = VECTOR ( 'NONE', #3091, 1000.000000000000000 ) ;
#3021 = ORIENTED_EDGE ( 'NONE', *, *, #2715, .T. ) ;
#3022 = CARTESIAN_POINT ( 'NONE',  ( 0.000000000000000000, -1.699999999999999956, 0.000000000000000000 ) ) ;
#3023 = EDGE_LOOP ( 'NONE', ( #2667, #2879, #975, #2042, #1874 ) ) ;
#3024 = PRESENTATION_STYLE_ASSIGNMENT (( #1865 ) ) ;
#3025 = DIRECTION ( 'NONE',  ( -1.000000000000000000, 0.000000000000000000, 0.000000000000000000 ) ) ;
#3026 = DIRECTION ( 'NONE',  ( 1.000000000000000000, -0.000000000000000000, 0.000000000000000000 ) ) ;
#3027 = MECHANICAL_DESIGN_GEOMETRIC_PRESENTATION_REPRESENTATION (  '', ( #1411 ), #1497 ) ;
#3028 = VECTOR ( 'NONE', #4294, 1000.000000000000000 ) ;
#3029 = CARTESIAN_POINT ( 'NONE',  ( 2.750000000000000000, -1.699999999999999956, 0.000000000000000000 ) ) ;
#3030 = PRESENTATION_STYLE_ASSIGNMENT (( #2253 ) ) ;
#3031 = VECTOR ( 'NONE', #4317, 1000.000000000000000 ) ;
#3032 = ORIENTED_EDGE ( 'NONE', *, *, #612, .F. ) ;
#3033 =( NAMED_UNIT ( * ) PLANE_ANGLE_UNIT ( ) SI_UNIT ( $, .RADIAN. ) );
#3034 = DIRECTION ( 'NONE',  ( 0.000000000000000000, 0.000000000000000000, -1.000000000000000000 ) ) ;
#3035 = CARTESIAN_POINT ( 'NONE',  ( 2.250000000000000444, 1.500000000000000000, -2.600000000000000533 ) ) ;
#3036 = ORIENTED_EDGE ( 'NONE', *, *, #3629, .F. ) ;
#3037 = PRESENTATION_LAYER_ASSIGNMENT (  '', '', ( #1910 ) ) ;
#3038 = CARTESIAN_POINT ( 'NONE',  ( -2.250000000000000444, 1.100000000000000089, 0.000000000000000000 ) ) ;
#3039 = PRESENTATION_STYLE_ASSIGNMENT (( #1133 ) ) ;
#3040 = SURFACE_STYLE_FILL_AREA ( #730 ) ;
#3041 = VERTEX_POINT ( 'NONE', #1524 ) ;
#3042 = VECTOR ( 'NONE', #400, 1000.000000000000000 ) ;
#3043 = SURFACE_STYLE_FILL_AREA ( #459 ) ;
#3044 = ADVANCED_FACE ( 'NONE', ( #3459 ), #1492, .F. ) ;
#3045 = DIRECTION ( 'NONE',  ( 0.000000000000000000, -0.000000000000000000, 1.000000000000000000 ) ) ;
#3046 = LINE ( 'NONE', #389, #3302 ) ;
#3047 = FACE_OUTER_BOUND ( 'NONE', #4620, .T. ) ;
#3048 = VECTOR ( 'NONE', #4243, 1000.000000000000000 ) ;
#3049 = VECTOR ( 'NONE', #450, 1000.000000000000000 ) ;
#3050 = EDGE_LOOP ( 'NONE', ( #4815, #2747, #3036, #4355 ) ) ;
#3051 = DIRECTION ( 'NONE',  ( -0.000000000000000000, -0.000000000000000000, 1.000000000000000000 ) ) ;
#3052 = CARTESIAN_POINT ( 'NONE',  ( 3.250000000000000444, -2.200000000000000178, -2.549999999999999822 ) ) ;
#3053 = ORIENTED_EDGE ( 'NONE', *, *, #1843, .T. ) ;
#3054 = FILL_AREA_STYLE ('',( #3 ) ) ;
#3055 = EDGE_CURVE ( 'NONE', #393, #3290, #2736, .T. ) ;
#3056 = CARTESIAN_POINT ( 'NONE',  ( 1.750000000000000000, 1.500000000000000000, -2.549999999999999822 ) ) ;
#3057 = DIRECTION ( 'NONE',  ( -0.000000000000000000, 0.000000000000000000, -1.000000000000000000 ) ) ;
#3058 = CARTESIAN_POINT ( 'NONE',  ( -0.2500000000000000555, 2.200000000000000178, -2.549999999999999822 ) ) ;
#3059 = DIRECTION ( 'NONE',  ( 0.000000000000000000, -0.000000000000000000, 1.000000000000000000 ) ) ;
#3060 = ORIENTED_EDGE ( 'NONE', *, *, #2157, .T. ) ;
#3061 = CLOSED_SHELL ( 'NONE', ( #321, #4071, #2248, #3255, #3084, #2684, #584, #707 ) ) ;
#3062 = VERTEX_POINT ( 'NONE', #3484 ) ;
#3063 = DIRECTION ( 'NONE',  ( 0.000000000000000000, -0.000000000000000000, -1.000000000000000000 ) ) ;
#3064 = LINE ( 'NONE', #1499, #4434 ) ;
#3065 = ORIENTED_EDGE ( 'NONE', *, *, #1839, .F. ) ;
#3066 = UNCERTAINTY_MEASURE_WITH_UNIT (LENGTH_MEASURE( 1.000000000000000082E-05 ), #3282, 'distance_accuracy_value', 'NONE');
#3067 = DIRECTION ( 'NONE',  ( -0.000000000000000000, 0.000000000000000000, 1.000000000000000000 ) ) ;
#3068 = VERTEX_POINT ( 'NONE', #3107 ) ;
#3069 = COLOUR_RGB ( '',0.8627450980392157298, 0.5882352941176470784, 0.06274509803921568540 ) ;
#3070 = SURFACE_STYLE_FILL_AREA ( #3860 ) ;
#3071 =( GEOMETRIC_REPRESENTATION_CONTEXT ( 3 ) GLOBAL_UNCERTAINTY_ASSIGNED_CONTEXT ( ( #2461 ) ) GLOBAL_UNIT_ASSIGNED_CONTEXT ( ( #4517, #621, #3690 ) ) REPRESENTATION_CONTEXT ( 'NONE', 'WORKASPACE' ) );
#3072 = CARTESIAN_POINT ( 'NONE',  ( -2.250000000000000444, 0.000000000000000000, 2.700000000000000178 ) ) ;
#3073 =( GEOMETRIC_REPRESENTATION_CONTEXT ( 3 ) GLOBAL_UNCERTAINTY_ASSIGNED_CONTEXT ( ( #555 ) ) GLOBAL_UNIT_ASSIGNED_CONTEXT ( ( #1392, #3901, #3826 ) ) REPRESENTATION_CONTEXT ( 'NONE', 'WORKASPACE' ) );
#3074 = ORIENTED_EDGE ( 'NONE', *, *, #2629, .F. ) ;
#3075 = PLANE ( 'NONE',  #4726 ) ;
#3076 = CARTESIAN_POINT ( 'NONE',  ( -3.260000000000000675, 1.699999999999999956, 0.000000000000000000 ) ) ;
#3077 = ORIENTED_EDGE ( 'NONE', *, *, #1242, .F. ) ;
#3078 = SURFACE_STYLE_USAGE ( .BOTH. , #4583 ) ;
#3079 =( LENGTH_UNIT ( ) NAMED_UNIT ( * ) SI_UNIT ( .MILLI., .METRE. ) );
#3080 = CARTESIAN_POINT ( 'NONE',  ( -3.260000000000000675, 2.200000000000000178, -1.949999999999999956 ) ) ;
#3081 = AXIS2_PLACEMENT_3D ( 'NONE', #1621, #694, #1966 ) ;
#3082 = SURFACE_STYLE_FILL_AREA ( #4747 ) ;
#3083 = EDGE_CURVE ( 'NONE', #1845, #2419, #4266, .T. ) ;
#3084 = ADVANCED_FACE ( 'NONE', ( #3894 ), #1952, .T. ) ;
#3085 = DIRECTION ( 'NONE',  ( -0.000000000000000000, -0.000000000000000000, 1.000000000000000000 ) ) ;
#3086 = PRESENTATION_STYLE_ASSIGNMENT (( #4238 ) ) ;
#3087 = VERTEX_POINT ( 'NONE', #1421 ) ;
#3088 =( NAMED_UNIT ( * ) PLANE_ANGLE_UNIT ( ) SI_UNIT ( $, .RADIAN. ) );
#3089 = VERTEX_POINT ( 'NONE', #4790 ) ;
#3090 = LINE ( 'NONE', #3535, #3031 ) ;
#3091 = DIRECTION ( 'NONE',  ( -1.000000000000000000, -0.000000000000000000, 0.000000000000000000 ) ) ;
#3092 = ORIENTED_EDGE ( 'NONE', *, *, #4283, .T. ) ;
#3093 = PLANE ( 'NONE',  #778 ) ;
#3094 = VERTEX_POINT ( 'NONE', #2928 ) ;
#3095 = DIRECTION ( 'NONE',  ( 1.000000000000000000, 0.000000000000000000, -0.000000000000000000 ) ) ;
#3096 = CARTESIAN_POINT ( 'NONE',  ( -2.250000000000000444, -0.2500000000000000000, -2.549999999999999822 ) ) ;
#3097 = VERTEX_POINT ( 'NONE', #2154 ) ;
#3098 = LINE ( 'NONE', #3052, #3746 ) ;
#3099 = ORIENTED_EDGE ( 'NONE', *, *, #3921, .T. ) ;
#3100 = SURFACE_STYLE_USAGE ( .BOTH. , #1012 ) ;
#3101 = DIRECTION ( 'NONE',  ( 1.000000000000000000, 0.000000000000000000, 0.000000000000000000 ) ) ;
#3102 = AXIS2_PLACEMENT_3D ( 'NONE', #4185, #1200, #32 ) ;
#3103 = CARTESIAN_POINT ( 'NONE',  ( 0.2500000000000000555, 1.500000000000000000, -2.549999999999999822 ) ) ;
#3104 = LINE ( 'NONE', #1972, #135 ) ;
#3105 = SURFACE_STYLE_USAGE ( .BOTH. , #2661 ) ;
#3106 = ORIENTED_EDGE ( 'NONE', *, *, #2776, .F. ) ;
#3107 = CARTESIAN_POINT ( 'NONE',  ( -2.250000000000000444, -0.2500000000000000000, -4.400000000000000355 ) ) ;
#3108 =( GEOMETRIC_REPRESENTATION_CONTEXT ( 3 ) GLOBAL_UNCERTAINTY_ASSIGNED_CONTEXT ( ( #4278 ) ) GLOBAL_UNIT_ASSIGNED_CONTEXT ( ( #4817, #643, #1729 ) ) REPRESENTATION_CONTEXT ( 'NONE', 'WORKASPACE' ) );
#3109 = AXIS2_PLACEMENT_3D ( 'NONE', #2121, #2549, #3652 ) ;
#3110 = AXIS2_PLACEMENT_3D ( 'NONE', #2608, #4167, #2259 ) ;
#3111 = CARTESIAN_POINT ( 'NONE',  ( 1.750000000000000000, 2.399999999999999911, -2.600000000000000533 ) ) ;
#3112 = VECTOR ( 'NONE', #2798, 1000.000000000000000 ) ;
#3113 = VERTEX_POINT ( 'NONE', #1343 ) ;
#3114 = LINE ( 'NONE', #2329, #1180 ) ;
#3115 = ADVANCED_FACE ( 'NONE', ( #2909 ), #3332, .T. ) ;
#3116 = LINE ( 'NONE', #4646, #4136 ) ;
#3117 = EDGE_CURVE ( 'NONE', #3411, #2988, #2557, .T. ) ;
#3118 = CARTESIAN_POINT ( 'NONE',  ( -0.2500000000000000000, 2.399999999999999911, -1.949999999999999956 ) ) ;
#3119 = MECHANICAL_DESIGN_GEOMETRIC_PRESENTATION_REPRESENTATION (  '', ( #448 ), #2464 ) ;
#3120 = VERTEX_POINT ( 'NONE', #2204 ) ;
#3121 =( GEOMETRIC_REPRESENTATION_CONTEXT ( 3 ) GLOBAL_UNCERTAINTY_ASSIGNED_CONTEXT ( ( #1558 ) ) GLOBAL_UNIT_ASSIGNED_CONTEXT ( ( #2947, #1442, #1489 ) ) REPRESENTATION_CONTEXT ( 'NONE', 'WORKASPACE' ) );
#3122 = VERTEX_POINT ( 'NONE', #3256 ) ;
#3123 = LINE ( 'NONE', #3446, #3147 ) ;
#3124 = DIRECTION ( 'NONE',  ( 0.000000000000000000, -1.000000000000000000, 0.000000000000000000 ) ) ;
#3125 =( GEOMETRIC_REPRESENTATION_CONTEXT ( 3 ) GLOBAL_UNCERTAINTY_ASSIGNED_CONTEXT ( ( #4271 ) ) GLOBAL_UNIT_ASSIGNED_CONTEXT ( ( #2045, #1720, #2894 ) ) REPRESENTATION_CONTEXT ( 'NONE', 'WORKASPACE' ) );
#3126 = ORIENTED_EDGE ( 'NONE', *, *, #2456, .F. ) ;
#3127 = ORIENTED_EDGE ( 'NONE', *, *, #3479, .F. ) ;
#3128 = VERTEX_POINT ( 'NONE', #3688 ) ;
#3129 = VECTOR ( 'NONE', #2547, 1000.000000000000000 ) ;
#3130 =( GEOMETRIC_REPRESENTATION_CONTEXT ( 3 ) GLOBAL_UNCERTAINTY_ASSIGNED_CONTEXT ( ( #488 ) ) GLOBAL_UNIT_ASSIGNED_CONTEXT ( ( #4179, #1518, #4088 ) ) REPRESENTATION_CONTEXT ( 'NONE', 'WORKASPACE' ) );
#3131 = CARTESIAN_POINT ( 'NONE',  ( -1.750000000000000000, 1.500000000000000000, -2.600000000000000533 ) ) ;
#3132 = DIRECTION ( 'NONE',  ( -0.000000000000000000, 0.000000000000000000, 1.000000000000000000 ) ) ;
#3133 = DIRECTION ( 'NONE',  ( 1.000000000000000000, 0.000000000000000000, 0.000000000000000000 ) ) ;
#3134 = ORIENTED_EDGE ( 'NONE', *, *, #3289, .F. ) ;
#3135 = FILL_AREA_STYLE ('',( #61 ) ) ;
#3136 = ORIENTED_EDGE ( 'NONE', *, *, #1875, .F. ) ;
#3137 = DIRECTION ( 'NONE',  ( 0.000000000000000000, -1.000000000000000000, 0.000000000000000000 ) ) ;
#3138 = CARTESIAN_POINT ( 'NONE',  ( 2.750000000000000000, -1.699999999999999956, -1.000000000000000000 ) ) ;
#3139 =( NAMED_UNIT ( * ) SI_UNIT ( $, .STERADIAN. ) SOLID_ANGLE_UNIT ( ) );
#3140 =( NAMED_UNIT ( * ) SI_UNIT ( $, .STERADIAN. ) SOLID_ANGLE_UNIT ( ) );
#3141 = ORIENTED_EDGE ( 'NONE', *, *, #923, .F. ) ;
#3142 = EDGE_CURVE ( 'NONE', #4319, #2302, #2099, .T. ) ;
#3143 = ORIENTED_EDGE ( 'NONE', *, *, #4669, .F. ) ;
#3144 = CARTESIAN_POINT ( 'NONE',  ( -3.260000000000000675, 2.200000000000000178, -1.949999999999999956 ) ) ;
#3145 = VECTOR ( 'NONE', #4932, 1000.000000000000000 ) ;
#3146 = ADVANCED_FACE ( 'NONE', ( #224 ), #570, .T. ) ;
#3147 = VECTOR ( 'NONE', #4975, 1000.000000000000000 ) ;
#3148 = DIRECTION ( 'NONE',  ( 0.000000000000000000, 0.000000000000000000, -1.000000000000000000 ) ) ;
#3149 = ORIENTED_EDGE ( 'NONE', *, *, #4420, .T. ) ;
#3150 = FILL_AREA_STYLE_COLOUR ( '', #440 ) ;
#3151 = CARTESIAN_POINT ( 'NONE',  ( 0.2500000000000002220, -2.200000000000000178, -2.549999999999999822 ) ) ;
#3152 = PRESENTATION_STYLE_ASSIGNMENT (( #3384 ) ) ;
#3153 = FILL_AREA_STYLE ('',( #2605 ) ) ;
#3154 = CARTESIAN_POINT ( 'NONE',  ( 1.750000000000000000, -0.09999999999999993616, 2.700000000000000178 ) ) ;
#3155 = DIRECTION ( 'NONE',  ( 0.000000000000000000, -0.000000000000000000, 1.000000000000000000 ) ) ;
#3156 = ORIENTED_EDGE ( 'NONE', *, *, #1294, .F. ) ;
#3157 = CIRCLE ( 'NONE', #2193, 1.000000000000000000 ) ;
#3158 = STYLED_ITEM ( 'NONE', ( #2772 ), #1113 ) ;
#3159 = SURFACE_STYLE_FILL_AREA ( #3485 ) ;
#3160 = EDGE_LOOP ( 'NONE', ( #586, #922, #2336, #4809 ) ) ;
#3161 = PLANE ( 'NONE',  #4450 ) ;
#3162 = FILL_AREA_STYLE_COLOUR ( '', #1224 ) ;
#3163 = ORIENTED_EDGE ( 'NONE', *, *, #1511, .T. ) ;
#3164 =( NAMED_UNIT ( * ) SI_UNIT ( $, .STERADIAN. ) SOLID_ANGLE_UNIT ( ) );
#3165 = EDGE_LOOP ( 'NONE', ( #3262, #191, #827, #4083 ) ) ;
#3166 = ADVANCED_FACE ( 'NONE', ( #4765 ), #2882, .T. ) ;
#3167 = EDGE_CURVE ( 'NONE', #3189, #2419, #974, .T. ) ;
#3168 = SURFACE_STYLE_FILL_AREA ( #1639 ) ;
#3169 = AXIS2_PLACEMENT_3D ( 'NONE', #4424, #101, #4401 ) ;
#3170 = CARTESIAN_POINT ( 'NONE',  ( 0.2500000000000000000, 0.000000000000000000, 0.000000000000000000 ) ) ;
#3171 = ADVANCED_FACE ( 'NONE', ( #1366 ), #2957, .F. ) ;
#3172 = ADVANCED_FACE ( 'NONE', ( #1129 ), #1500, .T. ) ;
#3173 = AXIS2_PLACEMENT_3D ( 'NONE', #467, #44, #1591 ) ;
#3174 = FACE_OUTER_BOUND ( 'NONE', #4171, .T. ) ;
#3175 = CARTESIAN_POINT ( 'NONE',  ( 1.750000000000000000, 1.100000000000000089, 1.699999999999999956 ) ) ;
#3176 =( NAMED_UNIT ( * ) SI_UNIT ( $, .STERADIAN. ) SOLID_ANGLE_UNIT ( ) );
#3177 = DIRECTION ( 'NONE',  ( -0.000000000000000000, -0.000000000000000000, 1.000000000000000000 ) ) ;
#3178 = ORIENTED_EDGE ( 'NONE', *, *, #331, .T. ) ;
#3179 = CIRCLE ( 'NONE', #1009, 0.2999999999999999334 ) ;
#3180 = PRESENTATION_LAYER_ASSIGNMENT (  '', '', ( #1259 ) ) ;
#3181 = PRESENTATION_STYLE_ASSIGNMENT (( #4242 ) ) ;
#3182 = FACE_OUTER_BOUND ( 'NONE', #698, .T. ) ;
#3183 = EDGE_LOOP ( 'NONE', ( #1665, #3210, #596, #735, #1096, #1141 ) ) ;
#3184 = AXIS2_PLACEMENT_3D ( 'NONE', #4931, #1120, #1491 ) ;
#3185 = DIRECTION ( 'NONE',  ( -0.000000000000000000, 0.000000000000000000, 1.000000000000000000 ) ) ;
#3186 = CARTESIAN_POINT ( 'NONE',  ( 1.750000000000000000, -1.500000000000000000, -2.600000000000000533 ) ) ;
#3187 = PRESENTATION_LAYER_ASSIGNMENT (  '', '', ( #363 ) ) ;
#3188 = STYLED_ITEM ( 'NONE', ( #4379 ), #2577 ) ;
#3189 = VERTEX_POINT ( 'NONE', #4938 ) ;
#3190 = DIRECTION ( 'NONE',  ( -1.000000000000000000, 0.000000000000000000, 0.000000000000000000 ) ) ;
#3191 = VERTEX_POINT ( 'NONE', #382 ) ;
#3192 = DIRECTION ( 'NONE',  ( 0.000000000000000000, -0.000000000000000000, -1.000000000000000000 ) ) ;
#3193 = COLOUR_RGB ( '',0.8627450980392157298, 0.5882352941176470784, 0.06274509803921568540 ) ;
#3194 = SURFACE_SIDE_STYLE ('',( #2455 ) ) ;
#3195 = VERTEX_POINT ( 'NONE', #3763 ) ;
#3196 = MECHANICAL_DESIGN_GEOMETRIC_PRESENTATION_REPRESENTATION (  '', ( #209 ), #543 ) ;
#3197 = PRESENTATION_STYLE_ASSIGNMENT (( #500 ) ) ;
#3198 = CARTESIAN_POINT ( 'NONE',  ( -1.750000000000000000, 2.200000000000000178, 0.000000000000000000 ) ) ;
#3199 = VECTOR ( 'NONE', #4634, 1000.000000000000000 ) ;
#3200 = DIRECTION ( 'NONE',  ( 0.000000000000000000, 0.000000000000000000, 1.000000000000000000 ) ) ;
#3201 = DIRECTION ( 'NONE',  ( -1.000000000000000000, -0.000000000000000000, -0.000000000000000000 ) ) ;
#3202 = EDGE_CURVE ( 'NONE', #416, #814, #1153, .T. ) ;
#3203 = LINE ( 'NONE', #4404, #554 ) ;
#3204 = LINE ( 'NONE', #1698, #3925 ) ;
#3205 = ORIENTED_EDGE ( 'NONE', *, *, #1839, .T. ) ;
#3206 = AXIS2_PLACEMENT_3D ( 'NONE', #1674, #2871, #4804 ) ;
#3207 = ORIENTED_EDGE ( 'NONE', *, *, #3824, .T. ) ;
#3208 = DIRECTION ( 'NONE',  ( 0.000000000000000000, -0.000000000000000000, -1.000000000000000000 ) ) ;
#3209 =( NAMED_UNIT ( * ) SI_UNIT ( $, .STERADIAN. ) SOLID_ANGLE_UNIT ( ) );
#3210 = ORIENTED_EDGE ( 'NONE', *, *, #3416, .F. ) ;
#3211 =( NAMED_UNIT ( * ) PLANE_ANGLE_UNIT ( ) SI_UNIT ( $, .RADIAN. ) );
#3212 = CARTESIAN_POINT ( 'NONE',  ( 0.2500000000000000555, 1.100000000000000089, 0.000000000000000000 ) ) ;
#3213 = UNCERTAINTY_MEASURE_WITH_UNIT (LENGTH_MEASURE( 1.000000000000000082E-05 ), #344, 'distance_accuracy_value', 'NONE');
#3214 = SURFACE_SIDE_STYLE ('',( #4279 ) ) ;
#3215 = SURFACE_STYLE_USAGE ( .BOTH. , #549 ) ;
#3216 = DIRECTION ( 'NONE',  ( 0.000000000000000000, -0.000000000000000000, 1.000000000000000000 ) ) ;
#3217 = ORIENTED_EDGE ( 'NONE', *, *, #3417, .T. ) ;
#3218 = CARTESIAN_POINT ( 'NONE',  ( -2.250000000000000444, 1.100000000000000089, 0.000000000000000000 ) ) ;
#3219 = SURFACE_STYLE_USAGE ( .BOTH. , #2434 ) ;
#3220 = MECHANICAL_DESIGN_GEOMETRIC_PRESENTATION_REPRESENTATION (  '', ( #1061 ), #1541 ) ;
#3221 = DIRECTION ( 'NONE',  ( 1.000000000000000000, 0.000000000000000000, 0.000000000000000000 ) ) ;
#3222 = PRESENTATION_STYLE_ASSIGNMENT (( #140 ) ) ;
#3223 = DIRECTION ( 'NONE',  ( 1.000000000000000000, 0.000000000000000000, 0.000000000000000000 ) ) ;
#3224 = LINE ( 'NONE', #4710, #535 ) ;
#3225 = VERTEX_POINT ( 'NONE', #800 ) ;
#3226 = AXIS2_PLACEMENT_3D ( 'NONE', #3118, #3067, #1560 ) ;
#3227 = EDGE_CURVE ( 'NONE', #3649, #3807, #4213, .T. ) ;
#3228 = EDGE_CURVE ( 'NONE', #303, #3189, #4138, .T. ) ;
#3229 = SURFACE_SIDE_STYLE ('',( #2149 ) ) ;
#3230 = PRESENTATION_STYLE_ASSIGNMENT (( #1296 ) ) ;
#3231 = STYLED_ITEM ( 'NONE', ( #3152 ), #863 ) ;
#3232 = FACE_OUTER_BOUND ( 'NONE', #2202, .T. ) ;
#3233 = ORIENTED_EDGE ( 'NONE', *, *, #28, .T. ) ;
#3234 = DIRECTION ( 'NONE',  ( 0.000000000000000000, -1.000000000000000000, 0.000000000000000000 ) ) ;
#3235 = VECTOR ( 'NONE', #351, 1000.000000000000000 ) ;
#3236 = VERTEX_POINT ( 'NONE', #750 ) ;
#3237 = LINE ( 'NONE', #4047, #2033 ) ;
#3238 = ORIENTED_EDGE ( 'NONE', *, *, #4896, .F. ) ;
#3239 = ORIENTED_EDGE ( 'NONE', *, *, #1873, .F. ) ;
#3240 = CARTESIAN_POINT ( 'NONE',  ( 0.2500000000000000000, -1.500000000000000000, -2.600000000000000533 ) ) ;
#3241 = CARTESIAN_POINT ( 'NONE',  ( 2.250000000000000444, 0.2499999999999999445, -2.549999999999999822 ) ) ;
#3242 = FACE_OUTER_BOUND ( 'NONE', #4963, .T. ) ;
#3243 = CARTESIAN_POINT ( 'NONE',  ( -0.2500000000000000000, 0.1000000000000000056, 1.699999999999999956 ) ) ;
#3244 = VECTOR ( 'NONE', #4351, 1000.000000000000000 ) ;
#3245 = ORIENTED_EDGE ( 'NONE', *, *, #141, .F. ) ;
#3246 = COLOUR_RGB ( '',0.2862745098039215508, 0.2862745098039215508, 0.2862745098039215508 ) ;
#3247 = FILL_AREA_STYLE ('',( #1679 ) ) ;
#3248 = EDGE_CURVE ( 'NONE', #3290, #1593, #1100, .T. ) ;
#3249 = EDGE_LOOP ( 'NONE', ( #445, #3962, #4844, #1551 ) ) ;
#3250 = PRESENTATION_LAYER_ASSIGNMENT (  '', '', ( #2133 ) ) ;
#3251 = CARTESIAN_POINT ( 'NONE',  ( 0.2500000000000000000, 1.100000000000000089, 1.699999999999999956 ) ) ;
#3252 = VERTEX_POINT ( 'NONE', #3035 ) ;
#3253 = PRESENTATION_LAYER_ASSIGNMENT (  '', '', ( #2704 ) ) ;
#3254 = STYLED_ITEM ( 'NONE', ( #1546 ), #2162 ) ;
#3255 = ADVANCED_FACE ( 'NONE', ( #280 ), #725, .T. ) ;
#3256 = CARTESIAN_POINT ( 'NONE',  ( 1.750000000000000000, 1.500000000000000000, -2.549999999999999822 ) ) ;
#3257 = VERTEX_POINT ( 'NONE', #3852 ) ;
#3258 = EDGE_CURVE ( 'NONE', #1963, #1613, #2257, .T. ) ;
#3259 = UNCERTAINTY_MEASURE_WITH_UNIT (LENGTH_MEASURE( 1.000000000000000082E-05 ), #3890, 'distance_accuracy_value', 'NONE');
#3260 = CIRCLE ( 'NONE', #4149, 1.000000000000000000 ) ;
#3261 =( NAMED_UNIT ( * ) PLANE_ANGLE_UNIT ( ) SI_UNIT ( $, .RADIAN. ) );
#3262 = ORIENTED_EDGE ( 'NONE', *, *, #331, .F. ) ;
#3263 = PRESENTATION_LAYER_ASSIGNMENT (  '', '', ( #781 ) ) ;
#3264 = PRESENTATION_LAYER_ASSIGNMENT (  '', '', ( #3188 ) ) ;
#3265 = CARTESIAN_POINT ( 'NONE',  ( -1.750000000000000000, 2.399999999999999911, -1.949999999999999956 ) ) ;
#3266 = UNCERTAINTY_MEASURE_WITH_UNIT (LENGTH_MEASURE( 1.000000000000000082E-05 ), #3788, 'distance_accuracy_value', 'NONE');
#3267 = CARTESIAN_POINT ( 'NONE',  ( -2.250000000000000444, 0.1000000000000000056, 2.700000000000000178 ) ) ;
#3268 = LINE ( 'NONE', #658, #3423 ) ;
#3269 = PRESENTATION_LAYER_ASSIGNMENT (  '', '', ( #3754 ) ) ;
#3270 = DIRECTION ( 'NONE',  ( -0.000000000000000000, -1.000000000000000000, -0.000000000000000000 ) ) ;
#3271 = SURFACE_STYLE_FILL_AREA ( #3646 ) ;
#3272 =( GEOMETRIC_REPRESENTATION_CONTEXT ( 3 ) GLOBAL_UNCERTAINTY_ASSIGNED_CONTEXT ( ( #3929 ) ) GLOBAL_UNIT_ASSIGNED_CONTEXT ( ( #1040, #2249, #3812 ) ) REPRESENTATION_CONTEXT ( 'NONE', 'WORKASPACE' ) );
#3273 =( NAMED_UNIT ( * ) PLANE_ANGLE_UNIT ( ) SI_UNIT ( $, .RADIAN. ) );
#3274 = VERTEX_POINT ( 'NONE', #3440 ) ;
#3275 = FILL_AREA_STYLE ('',( #4064 ) ) ;
#3276 = DIRECTION ( 'NONE',  ( 0.000000000000000000, -0.000000000000000000, 1.000000000000000000 ) ) ;
#3277 = ORIENTED_EDGE ( 'NONE', *, *, #1350, .F. ) ;
#3278 =( NAMED_UNIT ( * ) PLANE_ANGLE_UNIT ( ) SI_UNIT ( $, .RADIAN. ) );
#3279 = FACE_OUTER_BOUND ( 'NONE', #4604, .T. ) ;
#3280 = DIRECTION ( 'NONE',  ( 1.000000000000000000, 0.000000000000000000, 0.000000000000000000 ) ) ;
#3281 = ORIENTED_EDGE ( 'NONE', *, *, #585, .F. ) ;
#3282 =( LENGTH_UNIT ( ) NAMED_UNIT ( * ) SI_UNIT ( .MILLI., .METRE. ) );
#3283 = SURFACE_STYLE_FILL_AREA ( #568 ) ;
#3284 =( LENGTH_UNIT ( ) NAMED_UNIT ( * ) SI_UNIT ( .MILLI., .METRE. ) );
#3285 = SURFACE_STYLE_USAGE ( .BOTH. , #594 ) ;
#3286 = AXIS2_PLACEMENT_3D ( 'NONE', #1316, #1304, #2449 ) ;
#3287 = SURFACE_STYLE_USAGE ( .BOTH. , #2184 ) ;
#3288 = EDGE_CURVE ( 'NONE', #859, #4594, #1529, .T. ) ;
#3289 = EDGE_CURVE ( 'NONE', #3122, #1216, #486, .T. ) ;
#3290 = VERTEX_POINT ( 'NONE', #3138 ) ;
#3291 = SURFACE_STYLE_FILL_AREA ( #2136 ) ;
#3292 = PLANE ( 'NONE',  #2702 ) ;
#3293 = DIRECTION ( 'NONE',  ( 1.000000000000000000, 0.000000000000000000, 0.000000000000000000 ) ) ;
#3294 = FILL_AREA_STYLE_COLOUR ( '', #2000 ) ;
#3295 = CLOSED_SHELL ( 'NONE', ( #1269, #4820, #1548, #292, #2276, #1752, #3566, #1083 ) ) ;
#3296 = PLANE ( 'NONE',  #2320 ) ;
#3297 = AXIS2_PLACEMENT_3D ( 'NONE', #257, #2590, #982 ) ;
#3298 =( NAMED_UNIT ( * ) SI_UNIT ( $, .STERADIAN. ) SOLID_ANGLE_UNIT ( ) );
#3299 = VERTEX_POINT ( 'NONE', #2826 ) ;
#3300 = CARTESIAN_POINT ( 'NONE',  ( 0.2500000000000000000, 0.000000000000000000, 1.209799459665320764 ) ) ;
#3301 = DIRECTION ( 'NONE',  ( -1.000000000000000000, 0.000000000000000000, -0.000000000000000000 ) ) ;
#3302 = VECTOR ( 'NONE', #1135, 1000.000000000000000 ) ;
#3303 = SURFACE_STYLE_USAGE ( .BOTH. , #1772 ) ;
#3304 = ORIENTED_EDGE ( 'NONE', *, *, #3083, .F. ) ;
#3305 = PRESENTATION_LAYER_ASSIGNMENT (  '', '', ( #825 ) ) ;
#3306 = CARTESIAN_POINT ( 'NONE',  ( 2.950000000000000178, 1.899999999999999911, -2.549999999999999822 ) ) ;
#3307 = CARTESIAN_POINT ( 'NONE',  ( -0.2500000000000000000, -0.2500000000000000000, -2.549999999999999822 ) ) ;
#3308 = UNCERTAINTY_MEASURE_WITH_UNIT (LENGTH_MEASURE( 1.000000000000000082E-05 ), #4843, 'distance_accuracy_value', 'NONE');
#3309 = CARTESIAN_POINT ( 'NONE',  ( -0.2500000000000000555, -1.100000000000000089, 0.000000000000000000 ) ) ;
#3310 = FILL_AREA_STYLE_COLOUR ( '', #3666 ) ;
#3311 = ORIENTED_EDGE ( 'NONE', *, *, #167, .F. ) ;
#3312 = PLANE ( 'NONE',  #3297 ) ;
#3313 = UNCERTAINTY_MEASURE_WITH_UNIT (LENGTH_MEASURE( 1.000000000000000082E-05 ), #2466, 'distance_accuracy_value', 'NONE');
#3314 = DIRECTION ( 'NONE',  ( 0.000000000000000000, 0.000000000000000000, -1.000000000000000000 ) ) ;
#3315 = LINE ( 'NONE', #4053, #347 ) ;
#3316 = PLANE ( 'NONE',  #3980 ) ;
#3317 = CARTESIAN_POINT ( 'NONE',  ( 2.250000000000000444, 1.100000000000000089, 1.209799459665320764 ) ) ;
#3318 = DIRECTION ( 'NONE',  ( 0.000000000000000000, -0.000000000000000000, 1.000000000000000000 ) ) ;
#3319 = EDGE_CURVE ( 'NONE', #992, #1190, #4362, .T. ) ;
#3320 = EDGE_CURVE ( 'NONE', #4465, #76, #2349, .T. ) ;
#3321 = DIRECTION ( 'NONE',  ( 1.000000000000000000, 0.000000000000000000, 0.000000000000000000 ) ) ;
#3322 =( LENGTH_UNIT ( ) NAMED_UNIT ( * ) SI_UNIT ( .MILLI., .METRE. ) );
#3323 = SURFACE_STYLE_FILL_AREA ( #1462 ) ;
#3324 = CARTESIAN_POINT ( 'NONE',  ( 2.750000000000000000, 1.699999999999999956, 0.000000000000000000 ) ) ;
#3325 = PLANE ( 'NONE',  #4869 ) ;
#3326 =( NAMED_UNIT ( * ) PLANE_ANGLE_UNIT ( ) SI_UNIT ( $, .RADIAN. ) );
#3327 = FACE_OUTER_BOUND ( 'NONE', #4573, .T. ) ;
#3328 = AXIS2_PLACEMENT_3D ( 'NONE', #68, #4668, #2808 ) ;
#3329 = ORIENTED_EDGE ( 'NONE', *, *, #4062, .F. ) ;
#3330 = FACE_OUTER_BOUND ( 'NONE', #2233, .T. ) ;
#3331 = LINE ( 'NONE', #1420, #908 ) ;
#3332 = PLANE ( 'NONE',  #1663 ) ;
#3333 = ORIENTED_EDGE ( 'NONE', *, *, #3258, .T. ) ;
#3334 =( NAMED_UNIT ( * ) PLANE_ANGLE_UNIT ( ) SI_UNIT ( $, .RADIAN. ) );
#3335 = SURFACE_STYLE_FILL_AREA ( #1452 ) ;
#3336 = SURFACE_STYLE_FILL_AREA ( #1780 ) ;
#3337 = DIRECTION ( 'NONE',  ( -0.000000000000000000, 0.000000000000000000, 1.000000000000000000 ) ) ;
#3338 = CIRCLE ( 'NONE', #1487, 0.09999756377550685083 ) ;
#3339 = COLOUR_RGB ( '',0.8627450980392157298, 0.5882352941176470784, 0.06274509803921568540 ) ;
#3340 = DIRECTION ( 'NONE',  ( 0.000000000000000000, 0.000000000000000000, 1.000000000000000000 ) ) ;
#3341 = ORIENTED_EDGE ( 'NONE', *, *, #1547, .F. ) ;
#3342 = LINE ( 'NONE', #2107, #3465 ) ;
#3343 = AXIS2_PLACEMENT_3D ( 'NONE', #2641, #773, #352 ) ;
#3344 = DIRECTION ( 'NONE',  ( 0.000000000000000000, 0.000000000000000000, -1.000000000000000000 ) ) ;
#3345 =( GEOMETRIC_REPRESENTATION_CONTEXT ( 3 ) GLOBAL_UNCERTAINTY_ASSIGNED_CONTEXT ( ( #1615 ) ) GLOBAL_UNIT_ASSIGNED_CONTEXT ( ( #667, #3278, #3704 ) ) REPRESENTATION_CONTEXT ( 'NONE', 'WORKASPACE' ) );
#3346 = CARTESIAN_POINT ( 'NONE',  ( -3.250000000000000444, -1.899999999999999911, -2.549999999999999822 ) ) ;
#3347 = AXIS2_PLACEMENT_3D ( 'NONE', #267, #2897, #4805 ) ;
#3348 = PLANE ( 'NONE',  #2725 ) ;
#3349 = DIRECTION ( 'NONE',  ( 1.000000000000000000, 0.000000000000000000, 0.000000000000000000 ) ) ;
#3350 =( LENGTH_UNIT ( ) NAMED_UNIT ( * ) SI_UNIT ( .MILLI., .METRE. ) );
#3351 = SURFACE_SIDE_STYLE ('',( #148 ) ) ;
#3352 = VECTOR ( 'NONE', #3063, 1000.000000000000000 ) ;
#3353 = ADVANCED_FACE ( 'NONE', ( #540 ), #2076, .T. ) ;
#3354 = EDGE_CURVE ( 'NONE', #1933, #3128, #219, .T. ) ;
#3355 = PRESENTATION_LAYER_ASSIGNMENT (  '', '', ( #2643 ) ) ;
#3356 = FACE_OUTER_BOUND ( 'NONE', #2831, .T. ) ;
#3357 = CARTESIAN_POINT ( 'NONE',  ( -0.2500000000000000000, -1.500000000000000000, -2.600000000000000533 ) ) ;
#3358 = SURFACE_SIDE_STYLE ('',( #4530 ) ) ;
#3359 = CARTESIAN_POINT ( 'NONE',  ( 2.950000000000000178, 1.899999999999999911, -2.949998945221000035 ) ) ;
#3360 = SURFACE_STYLE_USAGE ( .BOTH. , #2574 ) ;
#3361 = VECTOR ( 'NONE', #2870, 1000.000000000000000 ) ;
#3362 = ADVANCED_FACE ( 'NONE', ( #4111, #2551 ), #3093, .T. ) ;
#3363 = ORIENTED_EDGE ( 'NONE', *, *, #1294, .T. ) ;
#3364 = FACE_OUTER_BOUND ( 'NONE', #4273, .T. ) ;
#3365 = ORIENTED_EDGE ( 'NONE', *, *, #4181, .T. ) ;
#3366 = SURFACE_SIDE_STYLE ('',( #1473 ) ) ;
#3367 = UNCERTAINTY_MEASURE_WITH_UNIT (LENGTH_MEASURE( 1.000000000000000082E-05 ), #4268, 'distance_accuracy_value', 'NONE');
#3368 = MECHANICAL_DESIGN_GEOMETRIC_PRESENTATION_REPRESENTATION (  '', ( #2078 ), #3130 ) ;
#3369 = ORIENTED_EDGE ( 'NONE', *, *, #578, .T. ) ;
#3370 = CARTESIAN_POINT ( 'NONE',  ( -3.250000000000000444, -2.200000000000000178, -1.000000000000000000 ) ) ;
#3371 = UNCERTAINTY_MEASURE_WITH_UNIT (LENGTH_MEASURE( 1.000000000000000082E-05 ), #4563, 'distance_accuracy_value', 'NONE');
#3372 = CARTESIAN_POINT ( 'NONE',  ( -2.250000000000000444, 0.2499999999999999445, -2.549999999999999822 ) ) ;
#3373 = DIRECTION ( 'NONE',  ( 1.000000000000000000, 0.000000000000000000, 0.000000000000000000 ) ) ;
#3374 = DIRECTION ( 'NONE',  ( 0.000000000000000000, 0.000000000000000000, -1.000000000000000000 ) ) ;
#3375 = FILL_AREA_STYLE_COLOUR ( '', #2364 ) ;
#3376 = CARTESIAN_POINT ( 'NONE',  ( 0.2500000000000000000, 0.000000000000000000, -4.400000000000000355 ) ) ;
#3377 = VECTOR ( 'NONE', #2406, 1000.000000000000000 ) ;
#3378 = CARTESIAN_POINT ( 'NONE',  ( 2.250000000000000444, 0.2500000000000000000, 0.000000000000000000 ) ) ;
#3379 = DIRECTION ( 'NONE',  ( 0.000000000000000000, 1.000000000000000000, 0.000000000000000000 ) ) ;
#3380 = CARTESIAN_POINT ( 'NONE',  ( -1.749999999999999778, -2.200000000000000178, -2.549999999999999822 ) ) ;
#3381 = DIRECTION ( 'NONE',  ( -0.000000000000000000, -0.000000000000000000, 1.000000000000000000 ) ) ;
#3382 = EDGE_CURVE ( 'NONE', #2, #1125, #1608, .T. ) ;
#3383 = EDGE_CURVE ( 'NONE', #2156, #2536, #3514, .T. ) ;
#3384 = SURFACE_STYLE_USAGE ( .BOTH. , #100 ) ;
#3385 = AXIS2_PLACEMENT_3D ( 'NONE', #3899, #2990, #307 ) ;
#3386 = ORIENTED_EDGE ( 'NONE', *, *, #3622, .F. ) ;
#3387 = CARTESIAN_POINT ( 'NONE',  ( 1.750000000000000000, 0.000000000000000000, 0.000000000000000000 ) ) ;
#3388 = CARTESIAN_POINT ( 'NONE',  ( 1.750000000000000000, -2.200000000000000178, -1.949999999999999956 ) ) ;
#3389 = VERTEX_POINT ( 'NONE', #803 ) ;
#3390 = EDGE_CURVE ( 'NONE', #3225, #3113, #3114, .T. ) ;
#3391 = APPLICATION_CONTEXT ( 'automotive_design' ) ;
#3392 = EDGE_CURVE ( 'NONE', #4455, #4879, #3487, .T. ) ;
#3393 = LINE ( 'NONE', #647, #2185 ) ;
#3394 =( LENGTH_UNIT ( ) NAMED_UNIT ( * ) SI_UNIT ( .MILLI., .METRE. ) );
#3395 = VECTOR ( 'NONE', #2740, 1000.000000000000000 ) ;
#3396 = ORIENTED_EDGE ( 'NONE', *, *, #258, .T. ) ;
#3397 = CARTESIAN_POINT ( 'NONE',  ( -2.250000000000000444, -1.500000000000000000, -2.600000000000000533 ) ) ;
#3398 = EDGE_LOOP ( 'NONE', ( #3329, #1909, #2548, #3971 ) ) ;
#3399 = FILL_AREA_STYLE_COLOUR ( '', #1829 ) ;
#3400 = ORIENTED_EDGE ( 'NONE', *, *, #3747, .F. ) ;
#3401 = FACE_OUTER_BOUND ( 'NONE', #4098, .T. ) ;
#3402 = PLANE ( 'NONE',  #2217 ) ;
#3403 = DIRECTION ( 'NONE',  ( 1.000000000000000000, 0.000000000000000000, 0.000000000000000000 ) ) ;
#3404 = CARTESIAN_POINT ( 'NONE',  ( 0.2500000000000000555, -1.100000000000000089, 0.000000000000000000 ) ) ;
#3405 = DIRECTION ( 'NONE',  ( 0.000000000000000000, 0.000000000000000000, -1.000000000000000000 ) ) ;
#3406 =( NAMED_UNIT ( * ) SI_UNIT ( $, .STERADIAN. ) SOLID_ANGLE_UNIT ( ) );
#3407 = DIRECTION ( 'NONE',  ( -0.000000000000000000, -1.000000000000000000, -0.000000000000000000 ) ) ;
#3408 =( GEOMETRIC_REPRESENTATION_CONTEXT ( 3 ) GLOBAL_UNCERTAINTY_ASSIGNED_CONTEXT ( ( #4127 ) ) GLOBAL_UNIT_ASSIGNED_CONTEXT ( ( #1831, #1562, #4224 ) ) REPRESENTATION_CONTEXT ( 'NONE', 'WORKASPACE' ) );
#3409 = ORIENTED_EDGE ( 'NONE', *, *, #680, .F. ) ;
#3410 = DIRECTION ( 'NONE',  ( 0.000000000000000000, 0.000000000000000000, -1.000000000000000000 ) ) ;
#3411 = VERTEX_POINT ( 'NONE', #4644 ) ;
#3412 = FACE_OUTER_BOUND ( 'NONE', #1482, .T. ) ;
#3413 = COLOUR_RGB ( '',0.8627450980392157298, 0.5882352941176470784, 0.06274509803921568540 ) ;
#3414 =( NAMED_UNIT ( * ) PLANE_ANGLE_UNIT ( ) SI_UNIT ( $, .RADIAN. ) );
#3415 = ORIENTED_EDGE ( 'NONE', *, *, #3972, .T. ) ;
#3416 = EDGE_CURVE ( 'NONE', #915, #1594, #87, .T. ) ;
#3417 = EDGE_CURVE ( 'NONE', #4139, #3191, #2783, .T. ) ;
#3418 = DIRECTION ( 'NONE',  ( 0.000000000000000000, 0.000000000000000000, -1.000000000000000000 ) ) ;
#3419 = UNCERTAINTY_MEASURE_WITH_UNIT (LENGTH_MEASURE( 1.000000000000000082E-05 ), #4311, 'distance_accuracy_value', 'NONE');
#3420 = CARTESIAN_POINT ( 'NONE',  ( 0.2500000000000000000, 0.000000000000000000, 0.000000000000000000 ) ) ;
#3421 = SURFACE_STYLE_FILL_AREA ( #1884 ) ;
#3422 = AXIS2_PLACEMENT_3D ( 'NONE', #3872, #2663, #404 ) ;
#3423 = VECTOR ( 'NONE', #1832, 1000.000000000000000 ) ;
#3424 =( GEOMETRIC_REPRESENTATION_CONTEXT ( 3 ) GLOBAL_UNCERTAINTY_ASSIGNED_CONTEXT ( ( #4818 ) ) GLOBAL_UNIT_ASSIGNED_CONTEXT ( ( #196, #3326, #4043 ) ) REPRESENTATION_CONTEXT ( 'NONE', 'WORKASPACE' ) );
#3425 = EDGE_LOOP ( 'NONE', ( #744, #122, #1367, #3638, #484, #2555 ) ) ;
#3426 = DIRECTION ( 'NONE',  ( 0.000000000000000000, 0.000000000000000000, -1.000000000000000000 ) ) ;
#3427 = COLOUR_RGB ( '',0.8627450980392157298, 0.5882352941176470784, 0.06274509803921568540 ) ;
#3428 = DIRECTION ( 'NONE',  ( 0.000000000000000000, 0.000000000000000000, -1.000000000000000000 ) ) ;
#3429 = ORIENTED_EDGE ( 'NONE', *, *, #3289, .T. ) ;
#3430 = SURFACE_SIDE_STYLE ('',( #1890 ) ) ;
#3431 = CARTESIAN_POINT ( 'NONE',  ( -3.250000000000000888, -2.200000000000000178, -2.549999999999999822 ) ) ;
#3432 = STYLED_ITEM ( 'NONE', ( #4177 ), #3543 ) ;
#3433 = VECTOR ( 'NONE', #2903, 1000.000000000000000 ) ;
#3434 = FACE_OUTER_BOUND ( 'NONE', #1150, .T. ) ;
#3435 = ORIENTED_EDGE ( 'NONE', *, *, #2066, .F. ) ;
#3436 = VECTOR ( 'NONE', #2227, 1000.000000000000000 ) ;
#3437 = VERTEX_POINT ( 'NONE', #4320 ) ;
#3438 = SURFACE_SIDE_STYLE ('',( #2981 ) ) ;
#3439 = DIRECTION ( 'NONE',  ( -0.000000000000000000, 0.000000000000000000, 1.000000000000000000 ) ) ;
#3440 = CARTESIAN_POINT ( 'NONE',  ( -2.750000000000000000, 1.699999999999999734, -1.000000000000000000 ) ) ;
#3441 = ORIENTED_EDGE ( 'NONE', *, *, #2587, .F. ) ;
#3442 = MECHANICAL_DESIGN_GEOMETRIC_PRESENTATION_REPRESENTATION (  '', ( #950 ), #1915 ) ;
#3443 = SURFACE_STYLE_USAGE ( .BOTH. , #4219 ) ;
#3444 = ORIENTED_EDGE ( 'NONE', *, *, #422, .T. ) ;
#3445 = STYLED_ITEM ( 'NONE', ( #1918 ), #4310 ) ;
#3446 = CARTESIAN_POINT ( 'NONE',  ( 1.750000000000000000, 2.200000000000000178, 0.000000000000000000 ) ) ;
#3447 = EDGE_CURVE ( 'NONE', #155, #3089, #2347, .T. ) ;
#3448 = VECTOR ( 'NONE', #631, 1000.000000000000000 ) ;
#3449 = ADVANCED_FACE ( 'NONE', ( #3898 ), #429, .T. ) ;
#3450 = VECTOR ( 'NONE', #1566, 1000.000000000000000 ) ;
#3451 = ORIENTED_EDGE ( 'NONE', *, *, #1378, .T. ) ;
#3452 =( NAMED_UNIT ( * ) PLANE_ANGLE_UNIT ( ) SI_UNIT ( $, .RADIAN. ) );
#3453 = VERTEX_POINT ( 'NONE', #850 ) ;
#3454 = CARTESIAN_POINT ( 'NONE',  ( -3.260000000000000675, 0.2499999999999999445, -2.549999999999999822 ) ) ;
#3455 = CARTESIAN_POINT ( 'NONE',  ( -0.2500000000000000000, -1.100000000000000089, 0.000000000000000000 ) ) ;
#3456 = FILL_AREA_STYLE_COLOUR ( '', #4377 ) ;
#3457 =( NAMED_UNIT ( * ) PLANE_ANGLE_UNIT ( ) SI_UNIT ( $, .RADIAN. ) );
#3458 = ORIENTED_EDGE ( 'NONE', *, *, #1445, .F. ) ;
#3459 = FACE_OUTER_BOUND ( 'NONE', #4969, .T. ) ;
#3460 = MECHANICAL_DESIGN_GEOMETRIC_PRESENTATION_REPRESENTATION (  '', ( #2488 ), #3873 ) ;
#3461 = EDGE_LOOP ( 'NONE', ( #1112, #589, #413, #4727 ) ) ;
#3462 = CARTESIAN_POINT ( 'NONE',  ( 1.750000000000000000, 0.000000000000000000, 0.000000000000000000 ) ) ;
#3463 = ORIENTED_EDGE ( 'NONE', *, *, #1978, .F. ) ;
#3464 = SURFACE_SIDE_STYLE ('',( #1583 ) ) ;
#3465 = VECTOR ( 'NONE', #1324, 1000.000000000000000 ) ;
#3466 = CARTESIAN_POINT ( 'NONE',  ( 2.250000000000000444, 1.100000000000000089, 1.699999999999999956 ) ) ;
#3467 = ORIENTED_EDGE ( 'NONE', *, *, #1144, .T. ) ;
#3468 = CONICAL_SURFACE ( 'NONE', #3548, 0.2999968730472571954, 0.7853859820376795087 ) ;
#3469 = LINE ( 'NONE', #4599, #4930 ) ;
#3470 = CARTESIAN_POINT ( 'NONE',  ( 2.950000000000000178, 1.899999999999999911, -2.949995818141815107 ) ) ;
#3471 = MECHANICAL_DESIGN_GEOMETRIC_PRESENTATION_REPRESENTATION (  '', ( #981 ), #2987 ) ;
#3472 = DIRECTION ( 'NONE',  ( -1.000000000000000000, 0.000000000000000000, -0.000000000000000000 ) ) ;
#3473 = EDGE_CURVE ( 'NONE', #767, #1677, #3928, .T. ) ;
#3474 = ORIENTED_EDGE ( 'NONE', *, *, #4761, .F. ) ;
#3475 = SURFACE_SIDE_STYLE ('',( #4554 ) ) ;
#3476 = ORIENTED_EDGE ( 'NONE', *, *, #2282, .T. ) ;
#3477 = LINE ( 'NONE', #4180, #4779 ) ;
#3478 = LINE ( 'NONE', #2270, #1322 ) ;
#3479 = EDGE_CURVE ( 'NONE', #4221, #353, #1531, .T. ) ;
#3480 = CARTESIAN_POINT ( 'NONE',  ( -0.2500000000000000000, 0.1000000000000000056, 2.700000000000000178 ) ) ;
#3481 = ADVANCED_FACE ( 'NONE', ( #4447 ), #185, .T. ) ;
#3482 = SURFACE_STYLE_FILL_AREA ( #1198 ) ;
#3483 = ORIENTED_EDGE ( 'NONE', *, *, #454, .T. ) ;
#3484 = CARTESIAN_POINT ( 'NONE',  ( -2.250000000000000444, 1.100000000000000089, 1.209799459665320764 ) ) ;
#3485 = FILL_AREA_STYLE ('',( #84 ) ) ;
#3486 = ORIENTED_EDGE ( 'NONE', *, *, #4445, .T. ) ;
#3487 = LINE ( 'NONE', #2010, #4626 ) ;
#3488 = CARTESIAN_POINT ( 'NONE',  ( 1.750000000000000000, -1.100000000000000089, 1.209799459665320764 ) ) ;
#3489 = CARTESIAN_POINT ( 'NONE',  ( -1.750000000000000000, 1.100000000000000089, 1.699999999999999956 ) ) ;
#3490 =( GEOMETRIC_REPRESENTATION_CONTEXT ( 3 ) GLOBAL_UNCERTAINTY_ASSIGNED_CONTEXT ( ( #3313 ) ) GLOBAL_UNIT_ASSIGNED_CONTEXT ( ( #2466, #911, #2437 ) ) REPRESENTATION_CONTEXT ( 'NONE', 'WORKASPACE' ) );
#3491 = FILL_AREA_STYLE_COLOUR ( '', #3246 ) ;
#3492 = PRESENTATION_STYLE_ASSIGNMENT (( #19 ) ) ;
#3493 = CARTESIAN_POINT ( 'NONE',  ( 2.750000000000000000, -1.699999999999999956, 0.000000000000000000 ) ) ;
#3494 = MECHANICAL_DESIGN_GEOMETRIC_PRESENTATION_REPRESENTATION (  '', ( #4059 ), #926 ) ;
#3495 = ORIENTED_EDGE ( 'NONE', *, *, #2553, .F. ) ;
#3496 = EDGE_LOOP ( 'NONE', ( #3409, #3136, #4582, #2923 ) ) ;
#3497 =( GEOMETRIC_REPRESENTATION_CONTEXT ( 3 ) GLOBAL_UNCERTAINTY_ASSIGNED_CONTEXT ( ( #2159 ) ) GLOBAL_UNIT_ASSIGNED_CONTEXT ( ( #3350, #4035, #2596 ) ) REPRESENTATION_CONTEXT ( 'NONE', 'WORKASPACE' ) );
#3498 = SURFACE_STYLE_FILL_AREA ( #3965 ) ;
#3499 = VECTOR ( 'NONE', #714, 1000.000000000000000 ) ;
#3500 = CARTESIAN_POINT ( 'NONE',  ( -1.750000000000000000, 0.000000000000000000, -2.600000000000000533 ) ) ;
#3501 = CARTESIAN_POINT ( 'NONE',  ( 2.250000000000000444, 0.1000000000000000056, 1.699999999999999956 ) ) ;
#3502 = DIRECTION ( 'NONE',  ( 1.000000000000000000, 0.000000000000000000, 0.000000000000000000 ) ) ;
#3503 = LINE ( 'NONE', #766, #2377 ) ;
#3504 = VERTEX_POINT ( 'NONE', #1163 ) ;
#3505 = AXIS2_PLACEMENT_3D ( 'NONE', #3462, #1555, #3410 ) ;
#3506 = MECHANICAL_DESIGN_GEOMETRIC_PRESENTATION_REPRESENTATION (  '', ( #2062 ), #3345 ) ;
#3507 = EDGE_CURVE ( 'NONE', #217, #2822, #3098, .T. ) ;
#3508 = EDGE_CURVE ( 'NONE', #1980, #360, #4259, .T. ) ;
#3509 = COLOUR_RGB ( '',0.8627450980392157298, 0.5882352941176470784, 0.06274509803921568540 ) ;
#3510 = DIRECTION ( 'NONE',  ( -0.000000000000000000, -0.000000000000000000, 1.000000000000000000 ) ) ;
#3511 = VECTOR ( 'NONE', #3604, 1000.000000000000000 ) ;
#3512 = LINE ( 'NONE', #62, #3048 ) ;
#3513 = ORIENTED_EDGE ( 'NONE', *, *, #2123, .T. ) ;
#3514 = LINE ( 'NONE', #2718, #1739 ) ;
#3515 = DIRECTION ( 'NONE',  ( -1.000000000000000000, -0.000000000000000000, -0.000000000000000000 ) ) ;
#3516 = UNCERTAINTY_MEASURE_WITH_UNIT (LENGTH_MEASURE( 1.000000000000000082E-05 ), #1409, 'distance_accuracy_value', 'NONE');
#3517 = LINE ( 'NONE', #1655, #268 ) ;
#3518 = PRESENTATION_LAYER_ASSIGNMENT (  '', '', ( #448 ) ) ;
#3519 = EDGE_CURVE ( 'NONE', #3952, #1226, #4581, .T. ) ;
#3520 = ORIENTED_EDGE ( 'NONE', *, *, #776, .F. ) ;
#3521 = PRESENTATION_LAYER_ASSIGNMENT (  '', '', ( #1340 ) ) ;
#3522 = ORIENTED_EDGE ( 'NONE', *, *, #613, .F. ) ;
#3523 = DIRECTION ( 'NONE',  ( -1.000000000000000000, 0.000000000000000000, -0.000000000000000000 ) ) ;
#3524 = VECTOR ( 'NONE', #2167, 1000.000000000000000 ) ;
#3525 =( LENGTH_UNIT ( ) NAMED_UNIT ( * ) SI_UNIT ( .MILLI., .METRE. ) );
#3526 = EDGE_LOOP ( 'NONE', ( #4695, #3808, #2473, #3871 ) ) ;
#3527 = MECHANICAL_DESIGN_GEOMETRIC_PRESENTATION_REPRESENTATION (  '', ( #3445 ), #956 ) ;
#3528 = LINE ( 'NONE', #3151, #3016 ) ;
#3529 = CARTESIAN_POINT ( 'NONE',  ( -2.250000000000000444, -1.100000000000000089, 1.699999999999999956 ) ) ;
#3530 = VECTOR ( 'NONE', #3403, 1000.000000000000000 ) ;
#3531 = CARTESIAN_POINT ( 'NONE',  ( 1.750000000000000000, 0.1000000000000000056, 2.700000000000000178 ) ) ;
#3532 = DIRECTION ( 'NONE',  ( 1.000000000000000000, 0.000000000000000000, 0.000000000000000000 ) ) ;
#3533 = PLANE ( 'NONE',  #2713 ) ;
#3534 = ORIENTED_EDGE ( 'NONE', *, *, #1693, .T. ) ;
#3535 = CARTESIAN_POINT ( 'NONE',  ( -1.750000000000000000, 0.000000000000000000, -1.949999999999999956 ) ) ;
#3536 = EDGE_CURVE ( 'NONE', #1081, #2375, #4387, .T. ) ;
#3537 = ORIENTED_EDGE ( 'NONE', *, *, #4427, .T. ) ;
#3538 = ADVANCED_FACE ( 'NONE', ( #493 ), #1481, .F. ) ;
#3539 = DIRECTION ( 'NONE',  ( 1.000000000000000000, 0.000000000000000000, -0.000000000000000000 ) ) ;
#3540 = DIRECTION ( 'NONE',  ( -1.000000000000000000, -0.000000000000000000, 0.000000000000000000 ) ) ;
#3541 =( NAMED_UNIT ( * ) PLANE_ANGLE_UNIT ( ) SI_UNIT ( $, .RADIAN. ) );
#3542 = VERTEX_POINT ( 'NONE', #4628 ) ;
#3543 = ADVANCED_FACE ( 'NONE', ( #1111 ), #787, .T. ) ;
#3544 = ORIENTED_EDGE ( 'NONE', *, *, #653, .F. ) ;
#3545 = ADVANCED_FACE ( 'NONE', ( #3663 ), #4792, .T. ) ;
#3546 = PRESENTATION_STYLE_ASSIGNMENT (( #437 ) ) ;
#3547 = FILL_AREA_STYLE_COLOUR ( '', #3427 ) ;
#3548 = AXIS2_PLACEMENT_3D ( 'NONE', #3470, #365, #1233 ) ;
#3549 = ORIENTED_EDGE ( 'NONE', *, *, #1916, .F. ) ;
#3550 = DIRECTION ( 'NONE',  ( -1.000000000000000000, 0.000000000000000000, 0.000000000000000000 ) ) ;
#3551 = LINE ( 'NONE', #99, #2446 ) ;
#3552 = CARTESIAN_POINT ( 'NONE',  ( -0.2500000000000000000, -1.100000000000000089, 1.209799459665320764 ) ) ;
#3553 = SURFACE_STYLE_FILL_AREA ( #2023 ) ;
#3554 = CARTESIAN_POINT ( 'NONE',  ( -2.250000000000000444, -1.100000000000000089, 1.699999999999999956 ) ) ;
#3555 = ORIENTED_EDGE ( 'NONE', *, *, #2223, .T. ) ;
#3556 = SURFACE_SIDE_STYLE ('',( #380 ) ) ;
#3557 = DIRECTION ( 'NONE',  ( 0.000000000000000000, -1.000000000000000000, 0.000000000000000000 ) ) ;
#3558 = EDGE_LOOP ( 'NONE', ( #1743, #2135, #376, #1920 ) ) ;
#3559 = CARTESIAN_POINT ( 'NONE',  ( 1.750000000000000000, 0.2500000000000000000, 0.000000000000000000 ) ) ;
#3560 = LINE ( 'NONE', #3930, #597 ) ;
#3561 = ADVANCED_FACE ( 'NONE', ( #4416 ), #1000, .T. ) ;
#3562 = EDGE_LOOP ( 'NONE', ( #1003, #2799, #2501, #1681 ) ) ;
#3563 = UNCERTAINTY_MEASURE_WITH_UNIT (LENGTH_MEASURE( 1.000000000000000082E-05 ), #3284, 'distance_accuracy_value', 'NONE');
#3564 =( NAMED_UNIT ( * ) SI_UNIT ( $, .STERADIAN. ) SOLID_ANGLE_UNIT ( ) );
#3565 = PRESENTATION_STYLE_ASSIGNMENT (( #2815 ) ) ;
#3566 = ADVANCED_FACE ( 'NONE', ( #619 ), #2158, .T. ) ;
#3567 = EDGE_CURVE ( 'NONE', #3998, #1226, #3976, .T. ) ;
#3568 = VERTEX_POINT ( 'NONE', #3212 ) ;
#3569 = VECTOR ( 'NONE', #4198, 1000.000000000000000 ) ;
#3570 = SURFACE_SIDE_STYLE ('',( #1237 ) ) ;
#3571 =( LENGTH_UNIT ( ) NAMED_UNIT ( * ) SI_UNIT ( .MILLI., .METRE. ) );
#3572 = MECHANICAL_DESIGN_GEOMETRIC_PRESENTATION_REPRESENTATION (  '', ( #4934 ), #1247 ) ;
#3573 = FILL_AREA_STYLE_COLOUR ( '', #1954 ) ;
#3574 = PLANE ( 'NONE',  #290 ) ;
#3575 = VECTOR ( 'NONE', #180, 1000.000000000000000 ) ;
#3576 = DIRECTION ( 'NONE',  ( -0.000000000000000000, -0.000000000000000000, 1.000000000000000000 ) ) ;
#3577 = CARTESIAN_POINT ( 'NONE',  ( -0.2500000000000000000, 2.200000000000000178, -1.949999999999999956 ) ) ;
#3578 = ORIENTED_EDGE ( 'NONE', *, *, #898, .T. ) ;
#3579 = AXIS2_PLACEMENT_3D ( 'NONE', #3889, #4203, #1945 ) ;
#3580 = MECHANICAL_DESIGN_GEOMETRIC_PRESENTATION_REPRESENTATION (  '', ( #276 ), #1402 ) ;
#3581 = CARTESIAN_POINT ( 'NONE',  ( -2.250000000000000444, -2.399999999999999911, -2.600000000000000533 ) ) ;
#3582 = ORIENTED_EDGE ( 'NONE', *, *, #1079, .T. ) ;
#3583 = VECTOR ( 'NONE', #2739, 1000.000000000000000 ) ;
#3584 = COLOUR_RGB ( '',0.8627450980392157298, 0.5882352941176470784, 0.06274509803921568540 ) ;
#3585 = PRESENTATION_STYLE_ASSIGNMENT (( #1653 ) ) ;
#3586 = FILL_AREA_STYLE_COLOUR ( '', #4834 ) ;
#3587 = COLOUR_RGB ( '',1.000000000000000000, 1.000000000000000000, 1.000000000000000000 ) ;
#3588 = FILL_AREA_STYLE ('',( #465 ) ) ;
#3589 = SURFACE_STYLE_FILL_AREA ( #4745 ) ;
#3590 =( GEOMETRIC_REPRESENTATION_CONTEXT ( 3 ) GLOBAL_UNCERTAINTY_ASSIGNED_CONTEXT ( ( #4768 ) ) GLOBAL_UNIT_ASSIGNED_CONTEXT ( ( #1047, #3033, #2178 ) ) REPRESENTATION_CONTEXT ( 'NONE', 'WORKASPACE' ) );
#3591 =( LENGTH_UNIT ( ) NAMED_UNIT ( * ) SI_UNIT ( .MILLI., .METRE. ) );
#3592 = PRESENTATION_STYLE_ASSIGNMENT (( #3938 ) ) ;
#3593 =( LENGTH_UNIT ( ) NAMED_UNIT ( * ) SI_UNIT ( .MILLI., .METRE. ) );
#3594 = EDGE_LOOP ( 'NONE', ( #2716, #2656, #83, #4756 ) ) ;
#3595 = AXIS2_PLACEMENT_3D ( 'NONE', #4962, #3842, #2001 ) ;
#3596 = CARTESIAN_POINT ( 'NONE',  ( -3.260000000000000675, 2.200000000000000178, -2.549999999999999822 ) ) ;
#3597 = ADVANCED_FACE ( 'NONE', ( #2812 ), #547, .T. ) ;
#3598 = ADVANCED_FACE ( 'NONE', ( #4141 ), #1850, .T. ) ;
#3599 = DIRECTION ( 'NONE',  ( -0.000000000000000000, -0.000000000000000000, 1.000000000000000000 ) ) ;
#3600 = AXIS2_PLACEMENT_3D ( 'NONE', #183, #2438, #601 ) ;
#3601 = CARTESIAN_POINT ( 'NONE',  ( -2.950000000000000178, -1.899999999999999911, -2.949995818141815107 ) ) ;
#3602 =( GEOMETRIC_REPRESENTATION_CONTEXT ( 3 ) GLOBAL_UNCERTAINTY_ASSIGNED_CONTEXT ( ( #1053 ) ) GLOBAL_UNIT_ASSIGNED_CONTEXT ( ( #1313, #2922, #1337 ) ) REPRESENTATION_CONTEXT ( 'NONE', 'WORKASPACE' ) );
#3603 = CARTESIAN_POINT ( 'NONE',  ( 0.2500000000000000555, 0.2499999999999999445, -2.549999999999999822 ) ) ;
#3604 = DIRECTION ( 'NONE',  ( -0.000000000000000000, -1.000000000000000000, -0.000000000000000000 ) ) ;
#3605 = ORIENTED_EDGE ( 'NONE', *, *, #1731, .F. ) ;
#3606 = CIRCLE ( 'NONE', #1436, 0.09999756373112352048 ) ;
#3607 = SURFACE_STYLE_FILL_AREA ( #2416 ) ;
#3608 = SURFACE_STYLE_FILL_AREA ( #4040 ) ;
#3609 = VERTEX_POINT ( 'NONE', #2960 ) ;
#3610 = SURFACE_SIDE_STYLE ('',( #1882 ) ) ;
#3611 = CYLINDRICAL_SURFACE ( 'NONE', #852, 1.000000000000000000 ) ;
#3612 = SURFACE_SIDE_STYLE ('',( #2420 ) ) ;
#3613 = ORIENTED_EDGE ( 'NONE', *, *, #3922, .F. ) ;
#3614 = DIRECTION ( 'NONE',  ( 0.000000000000000000, 0.000000000000000000, -1.000000000000000000 ) ) ;
#3615 = UNCERTAINTY_MEASURE_WITH_UNIT (LENGTH_MEASURE( 1.000000000000000082E-05 ), #3571, 'distance_accuracy_value', 'NONE');
#3616 = FILL_AREA_STYLE_COLOUR ( '', #3701 ) ;
#3617 = ORIENTED_EDGE ( 'NONE', *, *, #780, .T. ) ;
#3618 = COLOUR_RGB ( '',0.8627450980392157298, 0.5882352941176470784, 0.06274509803921568540 ) ;
#3619 = UNCERTAINTY_MEASURE_WITH_UNIT (LENGTH_MEASURE( 1.000000000000000082E-05 ), #4300, 'distance_accuracy_value', 'NONE');
#3620 = LINE ( 'NONE', #158, #514 ) ;
#3621 = CARTESIAN_POINT ( 'NONE',  ( -2.250000000000000444, 0.000000000000000000, 0.000000000000000000 ) ) ;
#3622 = EDGE_CURVE ( 'NONE', #4743, #4465, #4516, .T. ) ;
#3623 = STYLED_ITEM ( 'NONE', ( #282 ), #536 ) ;
#3624 = PLANE ( 'NONE',  #4645 ) ;
#3625 = PLANE ( 'NONE',  #2805 ) ;
#3626 = DIRECTION ( 'NONE',  ( 0.000000000000000000, -0.000000000000000000, -1.000000000000000000 ) ) ;
#3627 = EDGE_LOOP ( 'NONE', ( #1211, #571, #337, #2210 ) ) ;
#3628 = PRESENTATION_LAYER_ASSIGNMENT (  '', '', ( #2189 ) ) ;
#3629 = EDGE_CURVE ( 'NONE', #2927, #3128, #3004, .T. ) ;
#3630 = ADVANCED_FACE ( 'NONE', ( #645 ), #4917, .T. ) ;
#3631 = STYLED_ITEM ( 'NONE', ( #4840 ), #806 ) ;
#3632 = ORIENTED_EDGE ( 'NONE', *, *, #1378, .F. ) ;
#3633 =( LENGTH_UNIT ( ) NAMED_UNIT ( * ) SI_UNIT ( .MILLI., .METRE. ) );
#3634 = PRESENTATION_STYLE_ASSIGNMENT (( #968 ) ) ;
#3635 = CARTESIAN_POINT ( 'NONE',  ( -2.250000000000000444, 0.000000000000000000, 1.209799459665320764 ) ) ;
#3636 = VERTEX_POINT ( 'NONE', #4936 ) ;
#3637 = FILL_AREA_STYLE ('',( #250 ) ) ;
#3638 = ORIENTED_EDGE ( 'NONE', *, *, #362, .F. ) ;
#3639 = FACE_OUTER_BOUND ( 'NONE', #2482, .T. ) ;
#3640 = EDGE_LOOP ( 'NONE', ( #1849, #1962, #2907, #2493, #3970 ) ) ;
#3641 = CARTESIAN_POINT ( 'NONE',  ( 0.2500000000000000000, 1.500000000000000000, 0.000000000000000000 ) ) ;
#3642 =( NAMED_UNIT ( * ) SI_UNIT ( $, .STERADIAN. ) SOLID_ANGLE_UNIT ( ) );
#3643 = DIRECTION ( 'NONE',  ( -0.000000000000000000, 0.000000000000000000, -1.000000000000000000 ) ) ;
#3644 = DIRECTION ( 'NONE',  ( -1.000000000000000000, -0.000000000000000000, -0.000000000000000000 ) ) ;
#3645 = LINE ( 'NONE', #938, #3361 ) ;
#3646 = FILL_AREA_STYLE ('',( #2918 ) ) ;
#3647 = DIRECTION ( 'NONE',  ( 0.000000000000000000, 0.000000000000000000, -1.000000000000000000 ) ) ;
#3648 =( GEOMETRIC_REPRESENTATION_CONTEXT ( 3 ) GLOBAL_UNCERTAINTY_ASSIGNED_CONTEXT ( ( #1396 ) ) GLOBAL_UNIT_ASSIGNED_CONTEXT ( ( #4129, #628, #1377 ) ) REPRESENTATION_CONTEXT ( 'NONE', 'WORKASPACE' ) );
#3649 = VERTEX_POINT ( 'NONE', #1846 ) ;
#3650 = DIRECTION ( 'NONE',  ( 0.000000000000000000, 1.000000000000000000, 0.000000000000000000 ) ) ;
#3651 = ORIENTED_EDGE ( 'NONE', *, *, #3757, .F. ) ;
#3652 = DIRECTION ( 'NONE',  ( 0.000000000000000000, 0.000000000000000000, -1.000000000000000000 ) ) ;
#3653 =( NAMED_UNIT ( * ) SI_UNIT ( $, .STERADIAN. ) SOLID_ANGLE_UNIT ( ) );
#3654 = ADVANCED_FACE ( 'NONE', ( #641 ), #1127, .F. ) ;
#3655 = AXIS2_PLACEMENT_3D ( 'NONE', #4908, #4584, #316 ) ;
#3656 = EDGE_CURVE ( 'NONE', #4460, #3097, #4188, .T. ) ;
#3657 = DIRECTION ( 'NONE',  ( 0.000000000000000000, 1.000000000000000000, 0.000000000000000000 ) ) ;
#3658 = COLOUR_RGB ( '',0.8627450980392157298, 0.5882352941176470784, 0.06274509803921568540 ) ;
#3659 = ORIENTED_EDGE ( 'NONE', *, *, #3956, .F. ) ;
#3660 = CARTESIAN_POINT ( 'NONE',  ( -1.750000000000000000, -0.2500000000000000000, -4.400000000000000355 ) ) ;
#3661 = DIRECTION ( 'NONE',  ( -0.000000000000000000, -0.000000000000000000, 1.000000000000000000 ) ) ;
#3662 = ORIENTED_EDGE ( 'NONE', *, *, #2123, .F. ) ;
#3663 = FACE_OUTER_BOUND ( 'NONE', #2758, .T. ) ;
#3664 = UNCERTAINTY_MEASURE_WITH_UNIT (LENGTH_MEASURE( 1.000000000000000082E-05 ), #2582, 'distance_accuracy_value', 'NONE');
#3665 = AXIS2_PLACEMENT_3D ( 'NONE', #110, #2451, #4722 ) ;
#3666 = COLOUR_RGB ( '',0.8627450980392157298, 0.5882352941176470784, 0.06274509803921568540 ) ;
#3667 = ORIENTED_EDGE ( 'NONE', *, *, #841, .F. ) ;
#3668 = PRESENTATION_LAYER_ASSIGNMENT (  '', '', ( #197 ) ) ;
#3669 = MECHANICAL_DESIGN_GEOMETRIC_PRESENTATION_REPRESENTATION (  '', ( #3188 ), #783 ) ;
#3670 = DIRECTION ( 'NONE',  ( 0.000000000000000000, 0.000000000000000000, -1.000000000000000000 ) ) ;
#3671 = SURFACE_SIDE_STYLE ('',( #2889 ) ) ;
#3672 = CARTESIAN_POINT ( 'NONE',  ( 2.250000000000000444, 1.100000000000000089, 0.000000000000000000 ) ) ;
#3673 =( GEOMETRIC_REPRESENTATION_CONTEXT ( 3 ) GLOBAL_UNCERTAINTY_ASSIGNED_CONTEXT ( ( #1757 ) ) GLOBAL_UNIT_ASSIGNED_CONTEXT ( ( #4781, #4337, #942 ) ) REPRESENTATION_CONTEXT ( 'NONE', 'WORKASPACE' ) );
#3674 = SURFACE_STYLE_USAGE ( .BOTH. , #1645 ) ;
#3675 = SURFACE_STYLE_USAGE ( .BOTH. , #4855 ) ;
#3676 = VECTOR ( 'NONE', #80, 1000.000000000000000 ) ;
#3677 = MECHANICAL_DESIGN_GEOMETRIC_PRESENTATION_REPRESENTATION (  '', ( #2554 ), #3125 ) ;
#3678 = CARTESIAN_POINT ( 'NONE',  ( -2.250000000000000444, -0.2500000000000000000, -4.400000000000000355 ) ) ;
#3679 = ORIENTED_EDGE ( 'NONE', *, *, #3248, .F. ) ;
#3680 = DIRECTION ( 'NONE',  ( 0.000000000000000000, 0.000000000000000000, -1.000000000000000000 ) ) ;
#3681 = STYLED_ITEM ( 'NONE', ( #2528 ), #4313 ) ;
#3682 = DIRECTION ( 'NONE',  ( 1.000000000000000000, -0.000000000000000000, 0.000000000000000000 ) ) ;
#3683 = ORIENTED_EDGE ( 'NONE', *, *, #1675, .F. ) ;
#3684 = EDGE_CURVE ( 'NONE', #3068, #2887, #2203, .T. ) ;
#3685 = VECTOR ( 'NONE', #3576, 1000.000000000000000 ) ;
#3686 = ADVANCED_FACE ( 'NONE', ( #3330 ), #4867, .F. ) ;
#3687 = PLANE ( 'NONE',  #1922 ) ;
#3688 = CARTESIAN_POINT ( 'NONE',  ( 2.250000000000000444, -1.100000000000000089, 0.000000000000000000 ) ) ;
#3689 = ORIENTED_EDGE ( 'NONE', *, *, #1604, .T. ) ;
#3690 =( NAMED_UNIT ( * ) SI_UNIT ( $, .STERADIAN. ) SOLID_ANGLE_UNIT ( ) );
#3691 = ORIENTED_EDGE ( 'NONE', *, *, #491, .T. ) ;
#3692 = EDGE_CURVE ( 'NONE', #2048, #1369, #824, .T. ) ;
#3693 = EDGE_CURVE ( 'NONE', #1383, #4017, #456, .T. ) ;
#3694 = CARTESIAN_POINT ( 'NONE',  ( 0.2500000000000000000, 1.100000000000000089, 1.209799459665320764 ) ) ;
#3695 = DIRECTION ( 'NONE',  ( -0.000000000000000000, -0.000000000000000000, 1.000000000000000000 ) ) ;
#3696 = FACE_OUTER_BOUND ( 'NONE', #2642, .T. ) ;
#3697 = CIRCLE ( 'NONE', #569, 0.2999999999999999334 ) ;
#3698 = DIRECTION ( 'NONE',  ( 0.000000000000000000, 0.000000000000000000, -1.000000000000000000 ) ) ;
#3699 = CARTESIAN_POINT ( 'NONE',  ( -2.250000000000000444, 0.000000000000000000, -1.949999999999999956 ) ) ;
#3700 = FACE_OUTER_BOUND ( 'NONE', #4418, .T. ) ;
#3701 = COLOUR_RGB ( '',0.2862745098039215508, 0.2862745098039215508, 0.2862745098039215508 ) ;
#3702 = CARTESIAN_POINT ( 'NONE',  ( 2.250000000000000444, -2.200000000000000178, 0.000000000000000000 ) ) ;
#3703 = LINE ( 'NONE', #3324, #1034 ) ;
#3704 =( NAMED_UNIT ( * ) SI_UNIT ( $, .STERADIAN. ) SOLID_ANGLE_UNIT ( ) );
#3705 = PRESENTATION_LAYER_ASSIGNMENT (  '', '', ( #4347 ) ) ;
#3706 = LINE ( 'NONE', #994, #2421 ) ;
#3707 = VERTEX_POINT ( 'NONE', #4614 ) ;
#3708 =( GEOMETRIC_REPRESENTATION_CONTEXT ( 3 ) GLOBAL_UNCERTAINTY_ASSIGNED_CONTEXT ( ( #4029 ) ) GLOBAL_UNIT_ASSIGNED_CONTEXT ( ( #513, #3541, #3140 ) ) REPRESENTATION_CONTEXT ( 'NONE', 'WORKASPACE' ) );
#3709 = CARTESIAN_POINT ( 'NONE',  ( 1.750000000000000000, -2.200000000000000178, -2.549999999999999822 ) ) ;
#3710 = DIRECTION ( 'NONE',  ( -1.000000000000000000, 0.000000000000000000, -0.000000000000000000 ) ) ;
#3711 = ORIENTED_EDGE ( 'NONE', *, *, #2776, .T. ) ;
#3712 = PRESENTATION_STYLE_ASSIGNMENT (( #1779 ) ) ;
#3713 = PRESENTATION_STYLE_ASSIGNMENT (( #2986 ) ) ;
#3714 = FILL_AREA_STYLE_COLOUR ( '', #697 ) ;
#3715 = CARTESIAN_POINT ( 'NONE',  ( -2.750000000000000000, -1.699999999999999956, -1.000000000000000000 ) ) ;
#3716 = VERTEX_POINT ( 'NONE', #1554 ) ;
#3717 = DIRECTION ( 'NONE',  ( -0.000000000000000000, -1.000000000000000000, -0.000000000000000000 ) ) ;
#3718 = UNCERTAINTY_MEASURE_WITH_UNIT (LENGTH_MEASURE( 1.000000000000000082E-05 ), #235, 'distance_accuracy_value', 'NONE');
#3719 = CARTESIAN_POINT ( 'NONE',  ( -1.750000000000000000, 0.000000000000000000, -2.600000000000000533 ) ) ;
#3720 = FACE_OUTER_BOUND ( 'NONE', #2150, .T. ) ;
#3721 = EDGE_CURVE ( 'NONE', #4460, #3998, #1979, .T. ) ;
#3722 = PRESENTATION_STYLE_ASSIGNMENT (( #288 ) ) ;
#3723 = CARTESIAN_POINT ( 'NONE',  ( -1.750000000000000000, 0.000000000000000000, 0.000000000000000000 ) ) ;
#3724 = CARTESIAN_POINT ( 'NONE',  ( 0.2500000000000000000, 1.500000000000000000, -2.600000000000000533 ) ) ;
#3725 = MECHANICAL_DESIGN_GEOMETRIC_PRESENTATION_REPRESENTATION (  '', ( #1001 ), #3648 ) ;
#3726 = DIRECTION ( 'NONE',  ( 0.000000000000000000, 1.000000000000000000, 0.000000000000000000 ) ) ;
#3727 = CARTESIAN_POINT ( 'NONE',  ( 2.250000000000000444, -1.100000000000000089, 1.209799459665320764 ) ) ;
#3728 = FILL_AREA_STYLE_COLOUR ( '', #3069 ) ;
#3729 =( GEOMETRIC_REPRESENTATION_CONTEXT ( 3 ) GLOBAL_UNCERTAINTY_ASSIGNED_CONTEXT ( ( #2214 ) ) GLOBAL_UNIT_ASSIGNED_CONTEXT ( ( #2788, #1284, #111 ) ) REPRESENTATION_CONTEXT ( 'NONE', 'WORKASPACE' ) );
#3730 = VERTEX_POINT ( 'NONE', #1172 ) ;
#3731 =( NAMED_UNIT ( * ) SI_UNIT ( $, .STERADIAN. ) SOLID_ANGLE_UNIT ( ) );
#3732 = DIRECTION ( 'NONE',  ( 0.000000000000000000, 1.000000000000000000, 0.000000000000000000 ) ) ;
#3733 = SURFACE_STYLE_FILL_AREA ( #2529 ) ;
#3734 = ORIENTED_EDGE ( 'NONE', *, *, #4007, .T. ) ;
#3735 = CARTESIAN_POINT ( 'NONE',  ( -2.250000000000000444, 2.200000000000000178, 0.000000000000000000 ) ) ;
#3736 = STYLED_ITEM ( 'NONE', ( #1193 ), #1788 ) ;
#3737 = FACE_OUTER_BOUND ( 'NONE', #3050, .T. ) ;
#3738 = FILL_AREA_STYLE ('',( #3310 ) ) ;
#3739 = FACE_OUTER_BOUND ( 'NONE', #2745, .T. ) ;
#3740 = ORIENTED_EDGE ( 'NONE', *, *, #4034, .F. ) ;
#3741 = SURFACE_STYLE_USAGE ( .BOTH. , #2968 ) ;
#3742 = VECTOR ( 'NONE', #1227, 1000.000000000000000 ) ;
#3743 =( NAMED_UNIT ( * ) SI_UNIT ( $, .STERADIAN. ) SOLID_ANGLE_UNIT ( ) );
#3744 = VECTOR ( 'NONE', #610, 1000.000000000000000 ) ;
#3745 = DIRECTION ( 'NONE',  ( 0.000000000000000000, 0.000000000000000000, -1.000000000000000000 ) ) ;
#3746 = VECTOR ( 'NONE', #2680, 1000.000000000000000 ) ;
#3747 = EDGE_CURVE ( 'NONE', #3609, #2444, #3924, .T. ) ;
#3748 = LINE ( 'NONE', #2513, #2047 ) ;
#3749 = LINE ( 'NONE', #1862, #1344 ) ;
#3750 = EDGE_CURVE ( 'NONE', #155, #2741, #3090, .T. ) ;
#3751 = DIRECTION ( 'NONE',  ( 1.000000000000000000, -0.000000000000000000, 0.000000000000000000 ) ) ;
#3752 = CYLINDRICAL_SURFACE ( 'NONE', #2865, 1.000000000000000000 ) ;
#3753 =( NAMED_UNIT ( * ) PLANE_ANGLE_UNIT ( ) SI_UNIT ( $, .RADIAN. ) );
#3754 = STYLED_ITEM ( 'NONE', ( #1072 ), #3686 ) ;
#3755 = COLOUR_RGB ( '',0.8431372549019607865, 0.8431372549019607865, 0.8431372549019607865 ) ;
#3756 = DIRECTION ( 'NONE',  ( -1.000000000000000000, 0.000000000000000000, 0.000000000000000000 ) ) ;
#3757 = EDGE_CURVE ( 'NONE', #3823, #328, #1579, .T. ) ;
#3758 = CARTESIAN_POINT ( 'NONE',  ( -0.2500000000000000000, 0.000000000000000000, 2.700000000000000178 ) ) ;
#3759 = DIRECTION ( 'NONE',  ( -1.000000000000000000, 0.000000000000000000, 0.000000000000000000 ) ) ;
#3760 = CARTESIAN_POINT ( 'NONE',  ( -2.250000000000000444, 1.100000000000000089, 1.699999999999999956 ) ) ;
#3761 = ORIENTED_EDGE ( 'NONE', *, *, #4797, .T. ) ;
#3762 = LINE ( 'NONE', #3531, #3806 ) ;
#3763 = CARTESIAN_POINT ( 'NONE',  ( -1.750000000000000000, 2.399999999999999911, -2.600000000000000533 ) ) ;
#3764 = MECHANICAL_DESIGN_GEOMETRIC_PRESENTATION_REPRESENTATION (  '', ( #4968 ), #3602 ) ;
#3765 = EDGE_LOOP ( 'NONE', ( #3205, #2009, #3522, #2019 ) ) ;
#3766 =( LENGTH_UNIT ( ) NAMED_UNIT ( * ) SI_UNIT ( .MILLI., .METRE. ) );
#3767 = UNCERTAINTY_MEASURE_WITH_UNIT (LENGTH_MEASURE( 1.000000000000000082E-05 ), #186, 'distance_accuracy_value', 'NONE');
#3768 =( LENGTH_UNIT ( ) NAMED_UNIT ( * ) SI_UNIT ( .MILLI., .METRE. ) );
#3769 = COLOUR_RGB ( '',1.000000000000000000, 1.000000000000000000, 1.000000000000000000 ) ;
#3770 = ORIENTED_EDGE ( 'NONE', *, *, #4122, .F. ) ;
#3771 =( NAMED_UNIT ( * ) PLANE_ANGLE_UNIT ( ) SI_UNIT ( $, .RADIAN. ) );
#3772 = PRESENTATION_LAYER_ASSIGNMENT (  '', '', ( #2398 ) ) ;
#3773 = UNCERTAINTY_MEASURE_WITH_UNIT (LENGTH_MEASURE( 1.000000000000000082E-05 ), #2397, 'distance_accuracy_value', 'NONE');
#3774 = PRESENTATION_STYLE_ASSIGNMENT (( #2239 ) ) ;
#3775 = CARTESIAN_POINT ( 'NONE',  ( -3.260000000000000675, -2.216736561354061052, 1.209799459665320764 ) ) ;
#3776 = CARTESIAN_POINT ( 'NONE',  ( -3.250000000000000444, 1.699999999999999734, -1.000000000000000000 ) ) ;
#3777 = ORIENTED_EDGE ( 'NONE', *, *, #3915, .F. ) ;
#3778 =( LENGTH_UNIT ( ) NAMED_UNIT ( * ) SI_UNIT ( .MILLI., .METRE. ) );
#3779 = FILL_AREA_STYLE_COLOUR ( '', #884 ) ;
#3780 = CARTESIAN_POINT ( 'NONE',  ( 3.250000000000000444, -1.500000000000000000, -2.549999999999999822 ) ) ;
#3781 = PRODUCT ( '1612898-1', '1612898-1', '', ( #222 ) ) ;
#3782 = ADVANCED_FACE ( 'NONE', ( #848 ), #4714, .T. ) ;
#3783 =( NAMED_UNIT ( * ) PLANE_ANGLE_UNIT ( ) SI_UNIT ( $, .RADIAN. ) );
#3784 = DIRECTION ( 'NONE',  ( -1.000000000000000000, 0.000000000000000000, -0.000000000000000000 ) ) ;
#3785 = DIRECTION ( 'NONE',  ( 1.000000000000000000, 0.000000000000000000, 0.000000000000000000 ) ) ;
#3786 = LINE ( 'NONE', #4506, #2022 ) ;
#3787 = CARTESIAN_POINT ( 'NONE',  ( -2.250000000000000444, -2.399999999999999911, -1.949999999999999956 ) ) ;
#3788 =( LENGTH_UNIT ( ) NAMED_UNIT ( * ) SI_UNIT ( .MILLI., .METRE. ) );
#3789 = MECHANICAL_DESIGN_GEOMETRIC_PRESENTATION_REPRESENTATION (  '', ( #897 ), #901 ) ;
#3790 = EDGE_CURVE ( 'NONE', #544, #1935, #2392, .T. ) ;
#3791 = EDGE_CURVE ( 'NONE', #217, #3997, #3845, .T. ) ;
#3792 = VERTEX_POINT ( 'NONE', #4296 ) ;
#3793 =( NAMED_UNIT ( * ) PLANE_ANGLE_UNIT ( ) SI_UNIT ( $, .RADIAN. ) );
#3794 = VECTOR ( 'NONE', #4143, 1000.000000000000000 ) ;
#3795 = CARTESIAN_POINT ( 'NONE',  ( 1.750000000000000000, 1.100000000000000089, 0.000000000000000000 ) ) ;
#3796 = ORIENTED_EDGE ( 'NONE', *, *, #1843, .F. ) ;
#3797 = DIRECTION ( 'NONE',  ( -0.000000000000000000, 0.000000000000000000, 1.000000000000000000 ) ) ;
#3798 = MANIFOLD_SOLID_BREP ( 'Split2[2]', #3061 ) ;
#3799 =( NAMED_UNIT ( * ) PLANE_ANGLE_UNIT ( ) SI_UNIT ( $, .RADIAN. ) );
#3800 = ORIENTED_EDGE ( 'NONE', *, *, #1446, .T. ) ;
#3801 = VECTOR ( 'NONE', #4161, 1000.000000000000000 ) ;
#3802 = CARTESIAN_POINT ( 'NONE',  ( 1.750000000000000000, 1.100000000000000089, 0.000000000000000000 ) ) ;
#3803 = DIRECTION ( 'NONE',  ( 1.000000000000000000, -0.000000000000000000, 0.000000000000000000 ) ) ;
#3804 = LINE ( 'NONE', #4254, #4274 ) ;
#3805 = FILL_AREA_STYLE_COLOUR ( '', #2295 ) ;
#3806 = VECTOR ( 'NONE', #1152, 1000.000000000000000 ) ;
#3807 = VERTEX_POINT ( 'NONE', #3581 ) ;
#3808 = ORIENTED_EDGE ( 'NONE', *, *, #2519, .T. ) ;
#3809 = CARTESIAN_POINT ( 'NONE',  ( -1.750000000000000000, 0.000000000000000000, 0.000000000000000000 ) ) ;
#3810 = DIRECTION ( 'NONE',  ( -0.000000000000000000, -0.000000000000000000, 1.000000000000000000 ) ) ;
#3811 = CARTESIAN_POINT ( 'NONE',  ( -2.250000000000000444, 0.1000000000000000056, 2.700000000000000178 ) ) ;
#3812 =( NAMED_UNIT ( * ) SI_UNIT ( $, .STERADIAN. ) SOLID_ANGLE_UNIT ( ) );
#3813 = LINE ( 'NONE', #1119, #2880 ) ;
#3814 = DIRECTION ( 'NONE',  ( 0.000000000000000000, 0.000000000000000000, -1.000000000000000000 ) ) ;
#3815 = ORIENTED_EDGE ( 'NONE', *, *, #3790, .F. ) ;
#3816 = SURFACE_STYLE_USAGE ( .BOTH. , #1122 ) ;
#3817 = AXIS2_PLACEMENT_3D ( 'NONE', #3019, #4551, #4830 ) ;
#3818 = ORIENTED_EDGE ( 'NONE', *, *, #1968, .T. ) ;
#3819 = CARTESIAN_POINT ( 'NONE',  ( -2.250000000000000444, -0.2500000000000000000, -4.400000000000000355 ) ) ;
#3820 = CARTESIAN_POINT ( 'NONE',  ( -1.750000000000000000, -1.100000000000000089, 0.000000000000000000 ) ) ;
#3821 = ADVANCED_FACE ( 'NONE', ( #2029 ), #3991, .T. ) ;
#3822 = CARTESIAN_POINT ( 'NONE',  ( 2.250000000000000444, -1.100000000000000089, 0.000000000000000000 ) ) ;
#3823 = VERTEX_POINT ( 'NONE', #4408 ) ;
#3824 = EDGE_CURVE ( 'NONE', #2423, #3941, #4430, .T. ) ;
#3825 = DIRECTION ( 'NONE',  ( 0.000000000000000000, 1.000000000000000000, 0.000000000000000000 ) ) ;
#3826 =( NAMED_UNIT ( * ) SI_UNIT ( $, .STERADIAN. ) SOLID_ANGLE_UNIT ( ) );
#3827 = MECHANICAL_DESIGN_GEOMETRIC_PRESENTATION_REPRESENTATION (  '', ( #1004 ), #2288 ) ;
#3828 = ORIENTED_EDGE ( 'NONE', *, *, #520, .F. ) ;
#3829 = DIRECTION ( 'NONE',  ( 0.000000000000000000, 0.000000000000000000, -1.000000000000000000 ) ) ;
#3830 = COLOUR_RGB ( '',1.000000000000000000, 1.000000000000000000, 1.000000000000000000 ) ;
#3831 = STYLED_ITEM ( 'NONE', ( #4225 ), #2035 ) ;
#3832 = MANIFOLD_SOLID_BREP ( 'Split1[5]', #4905 ) ;
#3833 = STYLED_ITEM ( 'NONE', ( #672 ), #3166 ) ;
#3834 = ORIENTED_EDGE ( 'NONE', *, *, #3383, .F. ) ;
#3835 = PLANE ( 'NONE',  #875 ) ;
#3836 = COLOUR_RGB ( '',1.000000000000000000, 1.000000000000000000, 1.000000000000000000 ) ;
#3837 = CARTESIAN_POINT ( 'NONE',  ( -2.250000000000000444, 0.2500000000000000000, -4.400000000000000355 ) ) ;
#3838 = CARTESIAN_POINT ( 'NONE',  ( -2.950000000000000178, -1.899999999999999911, -2.949998945221000035 ) ) ;
#3839 = FILL_AREA_STYLE ('',( #3456 ) ) ;
#3840 = COLOUR_RGB ( '',0.2862745098039215508, 0.2862745098039215508, 0.2862745098039215508 ) ;
#3841 = MECHANICAL_DESIGN_GEOMETRIC_PRESENTATION_REPRESENTATION (  '', ( #364 ), #40 ) ;
#3842 = DIRECTION ( 'NONE',  ( 1.000000000000000000, 0.000000000000000000, 0.000000000000000000 ) ) ;
#3843 = MANIFOLD_SOLID_BREP ( 'Split2[4]', #1136 ) ;
#3844 = DIRECTION ( 'NONE',  ( -1.000000000000000000, -0.000000000000000000, -0.000000000000000000 ) ) ;
#3845 = CIRCLE ( 'NONE', #1820, 0.2999999999999999334 ) ;
#3846 = PLANE ( 'NONE',  #3184 ) ;
#3847 = ORIENTED_EDGE ( 'NONE', *, *, #2490, .T. ) ;
#3848 = LINE ( 'NONE', #1170, #1094 ) ;
#3849 = ORIENTED_EDGE ( 'NONE', *, *, #3227, .F. ) ;
#3850 =( LENGTH_UNIT ( ) NAMED_UNIT ( * ) SI_UNIT ( .MILLI., .METRE. ) );
#3851 = DIRECTION ( 'NONE',  ( 1.000000000000000000, -0.000000000000000000, 0.000000000000000000 ) ) ;
#3852 = CARTESIAN_POINT ( 'NONE',  ( 0.2500000000000000000, -0.09999999999999993616, 2.700000000000000178 ) ) ;
#3853 = ORIENTED_EDGE ( 'NONE', *, *, #2036, .F. ) ;
#3854 = DIRECTION ( 'NONE',  ( 0.000000000000000000, 1.000000000000000000, 0.000000000000000000 ) ) ;
#3855 = LINE ( 'NONE', #37, #406 ) ;
#3856 = MANIFOLD_SOLID_BREP ( 'Split2[3]', #3295 ) ;
#3857 = EDGE_CURVE ( 'NONE', #1199, #3792, #4527, .T. ) ;
#3858 = ORIENTED_EDGE ( 'NONE', *, *, #294, .T. ) ;
#3859 = SURFACE_SIDE_STYLE ('',( #2215 ) ) ;
#3860 = FILL_AREA_STYLE ('',( #1536 ) ) ;
#3861 = EDGE_CURVE ( 'NONE', #4214, #4065, #124, .T. ) ;
#3862 = ADVANCED_FACE ( 'NONE', ( #3434 ), #270, .T. ) ;
#3863 = PRESENTATION_LAYER_ASSIGNMENT (  '', '', ( #4334 ) ) ;
#3864 = EDGE_LOOP ( 'NONE', ( #4239, #4328, #4125, #2526 ) ) ;
#3865 = FILL_AREA_STYLE ('',( #1189 ) ) ;
#3866 = EDGE_LOOP ( 'NONE', ( #134, #3000, #2470, #2639 ) ) ;
#3867 = DIRECTION ( 'NONE',  ( -0.000000000000000000, -0.000000000000000000, 1.000000000000000000 ) ) ;
#3868 = DIRECTION ( 'NONE',  ( 0.000000000000000000, 0.000000000000000000, -1.000000000000000000 ) ) ;
#3869 = CARTESIAN_POINT ( 'NONE',  ( -2.750000000000000000, -2.200000000000000178, -1.000000000000000000 ) ) ;
#3870 = CARTESIAN_POINT ( 'NONE',  ( 2.250000000000000444, 1.100000000000000089, 1.209799459665320764 ) ) ;
#3871 = ORIENTED_EDGE ( 'NONE', *, *, #455, .T. ) ;
#3872 = CARTESIAN_POINT ( 'NONE',  ( -0.2500000000000000000, 0.2500000000000000000, -4.400000000000000355 ) ) ;
#3873 =( GEOMETRIC_REPRESENTATION_CONTEXT ( 3 ) GLOBAL_UNCERTAINTY_ASSIGNED_CONTEXT ( ( #2867 ) ) GLOBAL_UNIT_ASSIGNED_CONTEXT ( ( #3942, #4749, #4372 ) ) REPRESENTATION_CONTEXT ( 'NONE', 'WORKASPACE' ) );
#3874 = CARTESIAN_POINT ( 'NONE',  ( -0.2500000000000000000, -1.100000000000000089, 1.699999999999999956 ) ) ;
#3875 = ORIENTED_EDGE ( 'NONE', *, *, #3684, .F. ) ;
#3876 = DIRECTION ( 'NONE',  ( -1.000000000000000000, -0.000000000000000000, -0.000000000000000000 ) ) ;
#3877 = VECTOR ( 'NONE', #2866, 1000.000000000000000 ) ;
#3878 = DIRECTION ( 'NONE',  ( 0.000000000000000000, 0.000000000000000000, -1.000000000000000000 ) ) ;
#3879 = DIRECTION ( 'NONE',  ( -0.000000000000000000, -1.000000000000000000, -0.000000000000000000 ) ) ;
#3880 = ORIENTED_EDGE ( 'NONE', *, *, #1084, .F. ) ;
#3881 = STYLED_ITEM ( 'NONE', ( #3492 ), #492 ) ;
#3882 = COLOUR_RGB ( '',0.8627450980392157298, 0.5882352941176470784, 0.06274509803921568540 ) ;
#3883 = FILL_AREA_STYLE ('',( #811 ) ) ;
#3884 = ORIENTED_EDGE ( 'NONE', *, *, #2036, .T. ) ;
#3885 = VECTOR ( 'NONE', #3732, 1000.000000000000000 ) ;
#3886 = ORIENTED_EDGE ( 'NONE', *, *, #27, .F. ) ;
#3887 = ORIENTED_EDGE ( 'NONE', *, *, #2213, .F. ) ;
#3888 = ADVANCED_FACE ( 'NONE', ( #3356 ), #2598, .T. ) ;
#3889 = CARTESIAN_POINT ( 'NONE',  ( 0.000000000000000000, 1.699999999999999956, 0.000000000000000000 ) ) ;
#3890 =( LENGTH_UNIT ( ) NAMED_UNIT ( * ) SI_UNIT ( .MILLI., .METRE. ) );
#3891 =( GEOMETRIC_REPRESENTATION_CONTEXT ( 3 ) GLOBAL_UNCERTAINTY_ASSIGNED_CONTEXT ( ( #1005 ) ) GLOBAL_UNIT_ASSIGNED_CONTEXT ( ( #2111, #2044, #1672 ) ) REPRESENTATION_CONTEXT ( 'NONE', 'WORKASPACE' ) );
#3892 =( LENGTH_UNIT ( ) NAMED_UNIT ( * ) SI_UNIT ( .MILLI., .METRE. ) );
#3893 = EDGE_LOOP ( 'NONE', ( #731, #3549, #2778, #177, #788, #1689 ) ) ;
#3894 = FACE_OUTER_BOUND ( 'NONE', #1861, .T. ) ;
#3895 = DIRECTION ( 'NONE',  ( -0.000000000000000000, 1.000000000000000000, 0.000000000000000000 ) ) ;
#3896 = FACE_OUTER_BOUND ( 'NONE', #3558, .T. ) ;
#3897 = VERTEX_POINT ( 'NONE', #3131 ) ;
#3898 = FACE_OUTER_BOUND ( 'NONE', #1447, .T. ) ;
#3899 = CARTESIAN_POINT ( 'NONE',  ( 2.950000000000000178, 1.899999999999999911, -2.549999999999999822 ) ) ;
#3900 = LINE ( 'NONE', #4689, #181 ) ;
#3901 =( NAMED_UNIT ( * ) PLANE_ANGLE_UNIT ( ) SI_UNIT ( $, .RADIAN. ) );
#3902 = VERTEX_POINT ( 'NONE', #1925 ) ;
#3903 = EDGE_LOOP ( 'NONE', ( #1526, #507, #107, #4041 ) ) ;
#3904 = COLOUR_RGB ( '',0.8627450980392157298, 0.5882352941176470784, 0.06274509803921568540 ) ;
#3905 = SURFACE_STYLE_FILL_AREA ( #1616 ) ;
#3906 = PRESENTATION_LAYER_ASSIGNMENT (  '', '', ( #4934 ) ) ;
#3907 = FACE_OUTER_BOUND ( 'NONE', #3398, .T. ) ;
#3908 = EDGE_LOOP ( 'NONE', ( #708, #748, #1029, #2781 ) ) ;
#3909 = VECTOR ( 'NONE', #1691, 1000.000000000000000 ) ;
#3910 = DIRECTION ( 'NONE',  ( 0.000000000000000000, 0.000000000000000000, -1.000000000000000000 ) ) ;
#3911 = AXIS2_PLACEMENT_3D ( 'NONE', #4607, #3868, #2730 ) ;
#3912 = PLANE ( 'NONE',  #3081 ) ;
#3913 = EDGE_CURVE ( 'NONE', #416, #915, #2359, .T. ) ;
#3914 = AXIS2_PLACEMENT_3D ( 'NONE', #2370, #3137, #2759 ) ;
#3915 = EDGE_CURVE ( 'NONE', #769, #2988, #4204, .T. ) ;
#3916 = CARTESIAN_POINT ( 'NONE',  ( -1.750000000000000000, -1.500000000000000000, -2.600000000000000533 ) ) ;
#3917 = LINE ( 'NONE', #477, #3049 ) ;
#3918 = VERTEX_POINT ( 'NONE', #4263 ) ;
#3919 = VECTOR ( 'NONE', #4617, 1000.000000000000000 ) ;
#3920 = AXIS2_PLACEMENT_3D ( 'NONE', #2534, #2208, #1427 ) ;
#3921 = EDGE_CURVE ( 'NONE', #1886, #3941, #2386, .T. ) ;
#3922 = EDGE_CURVE ( 'NONE', #925, #1222, #7, .T. ) ;
#3923 = AXIS2_PLACEMENT_3D ( 'NONE', #4078, #2130, #903 ) ;
#3924 = LINE ( 'NONE', #3111, #2944 ) ;
#3925 = VECTOR ( 'NONE', #3626, 1000.000000000000000 ) ;
#3926 = PRESENTATION_STYLE_ASSIGNMENT (( #407 ) ) ;
#3927 = ORIENTED_EDGE ( 'NONE', *, *, #1145, .F. ) ;
#3928 = LINE ( 'NONE', #458, #2369 ) ;
#3929 = UNCERTAINTY_MEASURE_WITH_UNIT (LENGTH_MEASURE( 1.000000000000000082E-05 ), #1040, 'distance_accuracy_value', 'NONE');
#3930 = CARTESIAN_POINT ( 'NONE',  ( -0.2500000000000000000, -2.399999999999999911, 0.000000000000000000 ) ) ;
#3931 = PRESENTATION_STYLE_ASSIGNMENT (( #1278 ) ) ;
#3932 = VECTOR ( 'NONE', #1498, 1000.000000000000000 ) ;
#3933 = DIRECTION ( 'NONE',  ( 1.000000000000000000, 0.000000000000000000, 0.000000000000000000 ) ) ;
#3934 = VECTOR ( 'NONE', #1521, 1000.000000000000000 ) ;
#3935 = EDGE_LOOP ( 'NONE', ( #3444, #3761, #4026, #4365 ) ) ;
#3936 = UNCERTAINTY_MEASURE_WITH_UNIT (LENGTH_MEASURE( 1.000000000000000082E-05 ), #4255, 'distance_accuracy_value', 'NONE');
#3937 = SURFACE_SIDE_STYLE ('',( #1232 ) ) ;
#3938 = SURFACE_STYLE_USAGE ( .BOTH. , #2102 ) ;
#3939 = CARTESIAN_POINT ( 'NONE',  ( 3.250000000000000444, -0.2500000000000000000, -2.549999999999999822 ) ) ;
#3940 = DIRECTION ( 'NONE',  ( 1.000000000000000000, 0.000000000000000000, 0.000000000000000000 ) ) ;
#3941 = VERTEX_POINT ( 'NONE', #3154 ) ;
#3942 =( LENGTH_UNIT ( ) NAMED_UNIT ( * ) SI_UNIT ( .MILLI., .METRE. ) );
#3943 = VERTEX_POINT ( 'NONE', #2024 ) ;
#3944 =( NAMED_UNIT ( * ) PLANE_ANGLE_UNIT ( ) SI_UNIT ( $, .RADIAN. ) );
#3945 = CARTESIAN_POINT ( 'NONE',  ( -0.2500000000000000000, 0.000000000000000000, -2.600000000000000533 ) ) ;
#3946 = CARTESIAN_POINT ( 'NONE',  ( -0.2500000000000000000, 0.000000000000000000, -2.549999999999999822 ) ) ;
#3947 = MECHANICAL_DESIGN_GEOMETRIC_PRESENTATION_REPRESENTATION (  '', ( #629 ), #4971 ) ;
#3948 = FACE_OUTER_BOUND ( 'NONE', #4410, .T. ) ;
#3949 = CARTESIAN_POINT ( 'NONE',  ( 1.750000000000000000, -0.09999999999999988065, 2.700000000000000178 ) ) ;
#3950 = CARTESIAN_POINT ( 'NONE',  ( -1.750000000000000000, 0.000000000000000000, -4.400000000000000355 ) ) ;
#3951 = SURFACE_STYLE_USAGE ( .BOTH. , #1244 ) ;
#3952 = VERTEX_POINT ( 'NONE', #3058 ) ;
#3953 = VECTOR ( 'NONE', #4202, 1000.000000000000000 ) ;
#3954 = DIRECTION ( 'NONE',  ( -1.000000000000000000, 0.000000000000000000, 0.000000000000000000 ) ) ;
#3955 = EDGE_LOOP ( 'NONE', ( #3659, #2280, #2754, #2399 ) ) ;
#3956 = EDGE_CURVE ( 'NONE', #1961, #3918, #4608, .T. ) ;
#3957 = ORIENTED_EDGE ( 'NONE', *, *, #3479, .T. ) ;
#3958 = CARTESIAN_POINT ( 'NONE',  ( -2.750000000000000000, 1.699999999999999956, 0.000000000000000000 ) ) ;
#3959 = VERTEX_POINT ( 'NONE', #449 ) ;
#3960 =( NAMED_UNIT ( * ) PLANE_ANGLE_UNIT ( ) SI_UNIT ( $, .RADIAN. ) );
#3961 = STYLED_ITEM ( 'NONE', ( #4042 ), #322 ) ;
#3962 = ORIENTED_EDGE ( 'NONE', *, *, #4641, .T. ) ;
#3963 = PRESENTATION_LAYER_ASSIGNMENT (  '', '', ( #490 ) ) ;
#3964 = DIRECTION ( 'NONE',  ( -0.000000000000000000, 0.000000000000000000, 1.000000000000000000 ) ) ;
#3965 = FILL_AREA_STYLE ('',( #3150 ) ) ;
#3966 = DIRECTION ( 'NONE',  ( -0.000000000000000000, -0.000000000000000000, 1.000000000000000000 ) ) ;
#3967 = LINE ( 'NONE', #2090, #3511 ) ;
#3968 = ORIENTED_EDGE ( 'NONE', *, *, #2277, .T. ) ;
#3969 = VECTOR ( 'NONE', #2637, 1000.000000000000000 ) ;
#3970 = ORIENTED_EDGE ( 'NONE', *, *, #962, .F. ) ;
#3971 = ORIENTED_EDGE ( 'NONE', *, *, #1209, .F. ) ;
#3972 = EDGE_CURVE ( 'NONE', #1886, #416, #791, .T. ) ;
#3973 = EDGE_CURVE ( 'NONE', #2048, #833, #4587, .T. ) ;
#3974 = DIRECTION ( 'NONE',  ( -0.000000000000000000, -0.000000000000000000, 1.000000000000000000 ) ) ;
#3975 = ORIENTED_EDGE ( 'NONE', *, *, #3382, .F. ) ;
#3976 = LINE ( 'NONE', #1283, #1989 ) ;
#3977 = UNCERTAINTY_MEASURE_WITH_UNIT (LENGTH_MEASURE( 1.000000000000000082E-05 ), #516, 'distance_accuracy_value', 'NONE');
#3978 = SURFACE_STYLE_USAGE ( .BOTH. , #4952 ) ;
#3979 = EDGE_CURVE ( 'NONE', #4145, #103, #2773, .T. ) ;
#3980 = AXIS2_PLACEMENT_3D ( 'NONE', #4854, #2569, #3373 ) ;
#3981 = LINE ( 'NONE', #2818, #227 ) ;
#3982 = CARTESIAN_POINT ( 'NONE',  ( -2.250000000000000444, 0.2500000000000000000, -4.400000000000000355 ) ) ;
#3983 = AXIS2_PLACEMENT_3D ( 'NONE', #388, #3013, #1911 ) ;
#3984 = LINE ( 'NONE', #1741, #1085 ) ;
#3985 = DIRECTION ( 'NONE',  ( 0.000000000000000000, -0.000000000000000000, -1.000000000000000000 ) ) ;
#3986 =( GEOMETRIC_REPRESENTATION_CONTEXT ( 3 ) GLOBAL_UNCERTAINTY_ASSIGNED_CONTEXT ( ( #3936 ) ) GLOBAL_UNIT_ASSIGNED_CONTEXT ( ( #4255, #390, #2240 ) ) REPRESENTATION_CONTEXT ( 'NONE', 'WORKASPACE' ) );
#3987 = CARTESIAN_POINT ( 'NONE',  ( -0.2500000000000000000, 0.2500000000000000000, -4.400000000000000355 ) ) ;
#3988 = EDGE_LOOP ( 'NONE', ( #1906, #4412, #4650, #3429 ) ) ;
#3989 = MECHANICAL_DESIGN_GEOMETRIC_PRESENTATION_REPRESENTATION (  '', ( #1658 ), #4624 ) ;
#3990 = MECHANICAL_DESIGN_GEOMETRIC_PRESENTATION_REPRESENTATION (  '', ( #2220 ), #606 ) ;
#3991 = PLANE ( 'NONE',  #2946 ) ;
#3992 = EDGE_LOOP ( 'NONE', ( #72, #3281, #4566, #2077, #1854, #4791, #2161, #3053 ) ) ;
#3993 = VECTOR ( 'NONE', #828, 1000.000000000000000 ) ;
#3994 = PRESENTATION_LAYER_ASSIGNMENT (  '', '', ( #4627 ) ) ;
#3995 = CARTESIAN_POINT ( 'NONE',  ( 1.750000000000000000, 0.2500000000000000000, -2.549999999999999822 ) ) ;
#3996 = STYLED_ITEM ( 'NONE', ( #2492 ), #2717 ) ;
#3997 = VERTEX_POINT ( 'NONE', #1166 ) ;
#3998 = VERTEX_POINT ( 'NONE', #3103 ) ;
#3999 = SURFACE_SIDE_STYLE ('',( #3589 ) ) ;
#4000 =( GEOMETRIC_REPRESENTATION_CONTEXT ( 3 ) GLOBAL_UNCERTAINTY_ASSIGNED_CONTEXT ( ( #3664 ) ) GLOBAL_UNIT_ASSIGNED_CONTEXT ( ( #2582, #674, #1419 ) ) REPRESENTATION_CONTEXT ( 'NONE', 'WORKASPACE' ) );
#4001 =( NAMED_UNIT ( * ) SI_UNIT ( $, .STERADIAN. ) SOLID_ANGLE_UNIT ( ) );
#4002 = SURFACE_STYLE_USAGE ( .BOTH. , #3194 ) ;
#4003 = ORIENTED_EDGE ( 'NONE', *, *, #3319, .T. ) ;
#4004 = COLOUR_RGB ( '',0.8627450980392157298, 0.5882352941176470784, 0.06274509803921568540 ) ;
#4005 = CARTESIAN_POINT ( 'NONE',  ( 1.749999999999999778, 1.100000000000000089, 0.000000000000000000 ) ) ;
#4006 = DIRECTION ( 'NONE',  ( 1.000000000000000000, -0.000000000000000000, 0.000000000000000000 ) ) ;
#4007 = EDGE_CURVE ( 'NONE', #3568, #2458, #763, .T. ) ;
#4008 = VECTOR ( 'NONE', #3966, 1000.000000000000000 ) ;
#4009 = EDGE_CURVE ( 'NONE', #2267, #109, #1243, .T. ) ;
#4010 = DIRECTION ( 'NONE',  ( 0.000000000000000000, 1.000000000000000000, 0.000000000000000000 ) ) ;
#4011 = DIRECTION ( 'NONE',  ( -0.000000000000000000, -1.000000000000000000, -0.000000000000000000 ) ) ;
#4012 = ORIENTED_EDGE ( 'NONE', *, *, #1977, .F. ) ;
#4013 = VECTOR ( 'NONE', #214, 1000.000000000000000 ) ;
#4014 = DIRECTION ( 'NONE',  ( -0.000000000000000000, -1.000000000000000000, -0.000000000000000000 ) ) ;
#4015 = SURFACE_SIDE_STYLE ('',( #2472 ) ) ;
#4016 = PRODUCT_DEFINITION_FORMATION_WITH_SPECIFIED_SOURCE ( 'ANY', '', #3781, .NOT_KNOWN. ) ;
#4017 = VERTEX_POINT ( 'NONE', #1948 ) ;
#4018 =( LENGTH_UNIT ( ) NAMED_UNIT ( * ) SI_UNIT ( .MILLI., .METRE. ) );
#4019 = DIRECTION ( 'NONE',  ( 0.000000000000000000, -1.000000000000000000, 0.000000000000000000 ) ) ;
#4020 = ORIENTED_EDGE ( 'NONE', *, *, #3750, .F. ) ;
#4021 = CARTESIAN_POINT ( 'NONE',  ( -0.2500000000000000000, 0.000000000000000000, -2.600000000000000533 ) ) ;
#4022 = CARTESIAN_POINT ( 'NONE',  ( 2.250000000000000444, 0.000000000000000000, -4.400000000000000355 ) ) ;
#4023 = ORIENTED_EDGE ( 'NONE', *, *, #392, .F. ) ;
#4024 = UNCERTAINTY_MEASURE_WITH_UNIT (LENGTH_MEASURE( 1.000000000000000082E-05 ), #2886, 'distance_accuracy_value', 'NONE');
#4025 = LINE ( 'NONE', #497, #3794 ) ;
#4026 = ORIENTED_EDGE ( 'NONE', *, *, #3508, .T. ) ;
#4027 = COLOUR_RGB ( '',0.8627450980392157298, 0.5882352941176470784, 0.06274509803921568540 ) ;
#4028 =( NAMED_UNIT ( * ) SI_UNIT ( $, .STERADIAN. ) SOLID_ANGLE_UNIT ( ) );
#4029 = UNCERTAINTY_MEASURE_WITH_UNIT (LENGTH_MEASURE( 1.000000000000000082E-05 ), #513, 'distance_accuracy_value', 'NONE');
#4030 = MECHANICAL_DESIGN_GEOMETRIC_PRESENTATION_REPRESENTATION (  '', ( #1295 ), #1700 ) ;
#4031 = AXIS2_PLACEMENT_3D ( 'NONE', #668, #2147, #3680 ) ;
#4032 = EDGE_CURVE ( 'NONE', #4137, #4221, #1570, .T. ) ;
#4033 = SURFACE_SIDE_STYLE ('',( #2411 ) ) ;
#4034 = EDGE_CURVE ( 'NONE', #1589, #12, #713, .T. ) ;
#4035 =( NAMED_UNIT ( * ) PLANE_ANGLE_UNIT ( ) SI_UNIT ( $, .RADIAN. ) );
#4036 = ORIENTED_EDGE ( 'NONE', *, *, #1607, .T. ) ;
#4037 = PRESENTATION_LAYER_ASSIGNMENT (  '', '', ( #2266 ) ) ;
#4038 =( NAMED_UNIT ( * ) PLANE_ANGLE_UNIT ( ) SI_UNIT ( $, .RADIAN. ) );
#4039 = CIRCLE ( 'NONE', #1376, 1.000000000000000000 ) ;
#4040 = FILL_AREA_STYLE ('',( #2119 ) ) ;
#4041 = ORIENTED_EDGE ( 'NONE', *, *, #3913, .T. ) ;
#4042 = PRESENTATION_STYLE_ASSIGNMENT (( #2807 ) ) ;
#4043 =( NAMED_UNIT ( * ) SI_UNIT ( $, .STERADIAN. ) SOLID_ANGLE_UNIT ( ) );
#4044 = DIRECTION ( 'NONE',  ( -0.000000000000000000, 0.000000000000000000, 1.000000000000000000 ) ) ;
#4045 = AXIS2_PLACEMENT_3D ( 'NONE', #3388, #3439, #1999 ) ;
#4046 = ORIENTED_EDGE ( 'NONE', *, *, #2828, .T. ) ;
#4047 = CARTESIAN_POINT ( 'NONE',  ( 1.750000000000000000, 2.399999999999999911, 0.000000000000000000 ) ) ;
#4048 = SURFACE_SIDE_STYLE ('',( #3733 ) ) ;
#4049 = CARTESIAN_POINT ( 'NONE',  ( -0.2500000000000000000, -0.1000000000000000056, 1.699999999999999956 ) ) ;
#4050 = LINE ( 'NONE', #4846, #14 ) ;
#4051 = ORIENTED_EDGE ( 'NONE', *, *, #3656, .F. ) ;
#4052 = PLANE ( 'NONE',  #818 ) ;
#4053 = CARTESIAN_POINT ( 'NONE',  ( 2.250000000000000444, -1.100000000000000089, 0.000000000000000000 ) ) ;
#4054 = COLOUR_RGB ( '',0.2862745098039215508, 0.2862745098039215508, 0.2862745098039215508 ) ;
#4055 = LINE ( 'NONE', #1008, #1569 ) ;
#4056 = FACE_OUTER_BOUND ( 'NONE', #3992, .T. ) ;
#4057 =( NAMED_UNIT ( * ) PLANE_ANGLE_UNIT ( ) SI_UNIT ( $, .RADIAN. ) );
#4058 = CARTESIAN_POINT ( 'NONE',  ( 2.950000000000000178, 1.899999999999999911, -2.949995818141815107 ) ) ;
#4059 = STYLED_ITEM ( 'NONE', ( #2545 ), #1668 ) ;
#4060 = SURFACE_STYLE_FILL_AREA ( #605 ) ;
#4061 = EDGE_CURVE ( 'NONE', #3997, #1081, #2838, .T. ) ;
#4062 = EDGE_CURVE ( 'NONE', #4380, #567, #4708, .T. ) ;
#4063 = VECTOR ( 'NONE', #3101, 1000.000000000000000 ) ;
#4064 = FILL_AREA_STYLE_COLOUR ( '', #4241 ) ;
#4065 = VERTEX_POINT ( 'NONE', #2821 ) ;
#4066 = LINE ( 'NONE', #4505, #3744 ) ;
#4067 = SURFACE_SIDE_STYLE ('',( #1339 ) ) ;
#4068 = VECTOR ( 'NONE', #2356, 1000.000000000000000 ) ;
#4069 =( NAMED_UNIT ( * ) SI_UNIT ( $, .STERADIAN. ) SOLID_ANGLE_UNIT ( ) );
#4070 = ADVANCED_FACE ( 'NONE', ( #2087 ), #531, .T. ) ;
#4071 = ADVANCED_FACE ( 'NONE', ( #505 ), #3624, .T. ) ;
#4072 = FILL_AREA_STYLE ('',( #2525 ) ) ;
#4073 = EDGE_LOOP ( 'NONE', ( #58, #3163, #428, #2806 ) ) ;
#4074 = CARTESIAN_POINT ( 'NONE',  ( 1.750000000000000000, 0.2499999999999999445, -2.549999999999999822 ) ) ;
#4075 =( GEOMETRIC_REPRESENTATION_CONTEXT ( 3 ) GLOBAL_UNCERTAINTY_ASSIGNED_CONTEXT ( ( #4370 ) ) GLOBAL_UNIT_ASSIGNED_CONTEXT ( ( #2041, #3261, #4101 ) ) REPRESENTATION_CONTEXT ( 'NONE', 'WORKASPACE' ) );
#4076 = CARTESIAN_POINT ( 'NONE',  ( 1.750000000000000000, 0.000000000000000000, -2.600000000000000533 ) ) ;
#4077 = ORIENTED_EDGE ( 'NONE', *, *, #1267, .F. ) ;
#4078 = CARTESIAN_POINT ( 'NONE',  ( 1.750000000000000000, -0.2500000000000000000, -4.400000000000000355 ) ) ;
#4079 = UNCERTAINTY_MEASURE_WITH_UNIT (LENGTH_MEASURE( 1.000000000000000082E-05 ), #3322, 'distance_accuracy_value', 'NONE');
#4080 = FILL_AREA_STYLE_COLOUR ( '', #238 ) ;
#4081 = COLOUR_RGB ( '',0.8627450980392157298, 0.5882352941176470784, 0.06274509803921568540 ) ;
#4082 = DIRECTION ( 'NONE',  ( 0.000000000000000000, 0.000000000000000000, -1.000000000000000000 ) ) ;
#4083 = ORIENTED_EDGE ( 'NONE', *, *, #4641, .F. ) ;
#4084 = MECHANICAL_DESIGN_GEOMETRIC_PRESENTATION_REPRESENTATION (  '', ( #1993 ), #4000 ) ;
#4085 = CARTESIAN_POINT ( 'NONE',  ( -0.2500000000000000000, 0.2500000000000000000, -4.400000000000000355 ) ) ;
#4086 =( NAMED_UNIT ( * ) SI_UNIT ( $, .STERADIAN. ) SOLID_ANGLE_UNIT ( ) );
#4087 = CARTESIAN_POINT ( 'NONE',  ( -2.250000000000000444, -1.699999999999999956, 0.000000000000000000 ) ) ;
#4088 =( NAMED_UNIT ( * ) SI_UNIT ( $, .STERADIAN. ) SOLID_ANGLE_UNIT ( ) );
#4089 = VECTOR ( 'NONE', #1835, 1000.000000000000000 ) ;
#4090 = MECHANICAL_DESIGN_GEOMETRIC_PRESENTATION_REPRESENTATION (  '', ( #2649 ), #378 ) ;
#4091 = LINE ( 'NONE', #635, #1201 ) ;
#4092 = EDGE_CURVE ( 'NONE', #759, #3010, #1310, .T. ) ;
#4093 = ORIENTED_EDGE ( 'NONE', *, *, #612, .T. ) ;
#4094 = SURFACE_STYLE_FILL_AREA ( #2977 ) ;
#4095 = ORIENTED_EDGE ( 'NONE', *, *, #3390, .F. ) ;
#4096 = SURFACE_STYLE_USAGE ( .BOTH. , #4436 ) ;
#4097 = SURFACE_STYLE_FILL_AREA ( #3637 ) ;
#4098 = EDGE_LOOP ( 'NONE', ( #3134, #2004, #1229, #4023 ) ) ;
#4099 = ADVANCED_FACE ( 'NONE', ( #4056 ), #1330, .F. ) ;
#4100 = SURFACE_STYLE_FILL_AREA ( #675 ) ;
#4101 =( NAMED_UNIT ( * ) SI_UNIT ( $, .STERADIAN. ) SOLID_ANGLE_UNIT ( ) );
#4102 = ORIENTED_EDGE ( 'NONE', *, *, #3857, .T. ) ;
#4103 = CARTESIAN_POINT ( 'NONE',  ( 1.750000000000000000, 0.000000000000000000, -2.600000000000000533 ) ) ;
#4104 = PRESENTATION_LAYER_ASSIGNMENT (  '', '', ( #1218 ) ) ;
#4105 = DIRECTION ( 'NONE',  ( -0.000000000000000000, 0.000000000000000000, 1.000000000000000000 ) ) ;
#4106 = FACE_OUTER_BOUND ( 'NONE', #902, .T. ) ;
#4107 = COLOUR_RGB ( '',0.8627450980392157298, 0.5882352941176470784, 0.06274509803921568540 ) ;
#4108 = CARTESIAN_POINT ( 'NONE',  ( 2.950000000000000178, 1.899999999999999911, -2.949998945221000035 ) ) ;
#4109 = PRESENTATION_STYLE_ASSIGNMENT (( #4433 ) ) ;
#4110 = CARTESIAN_POINT ( 'NONE',  ( 0.000000000000000000, -2.200000000000000178, -3.149999999999999911 ) ) ;
#4111 = FACE_BOUND ( 'NONE', #3594, .T. ) ;
#4112 = VECTOR ( 'NONE', #2720, 1000.000000000000000 ) ;
#4113 = PRESENTATION_STYLE_ASSIGNMENT (( #3360 ) ) ;
#4114 = ORIENTED_EDGE ( 'NONE', *, *, #145, .F. ) ;
#4115 = AXIS2_PLACEMENT_3D ( 'NONE', #3306, #3661, #1710 ) ;
#4116 = FILL_AREA_STYLE ('',( #1822 ) ) ;
#4117 = LINE ( 'NONE', #4389, #1953 ) ;
#4118 = SURFACE_STYLE_USAGE ( .BOTH. , #171 ) ;
#4119 = ORIENTED_EDGE ( 'NONE', *, *, #1761, .F. ) ;
#4120 = PLANE ( 'NONE',  #3328 ) ;
#4121 = PLANE ( 'NONE',  #529 ) ;
#4122 = EDGE_CURVE ( 'NONE', #4743, #2741, #3645, .T. ) ;
#4123 = ADVANCED_FACE ( 'NONE', ( #889 ), #3574, .F. ) ;
#4124 = FACE_OUTER_BOUND ( 'NONE', #3765, .T. ) ;
#4125 = ORIENTED_EDGE ( 'NONE', *, *, #4092, .T. ) ;
#4126 = LINE ( 'NONE', #2163, #4744 ) ;
#4127 = UNCERTAINTY_MEASURE_WITH_UNIT (LENGTH_MEASURE( 1.000000000000000082E-05 ), #1831, 'distance_accuracy_value', 'NONE');
#4128 = SURFACE_STYLE_USAGE ( .BOTH. , #4799 ) ;
#4129 =( LENGTH_UNIT ( ) NAMED_UNIT ( * ) SI_UNIT ( .MILLI., .METRE. ) );
#4130 = LINE ( 'NONE', #4176, #3524 ) ;
#4131 = DIRECTION ( 'NONE',  ( -0.000000000000000000, -0.000000000000000000, 1.000000000000000000 ) ) ;
#4132 = CARTESIAN_POINT ( 'NONE',  ( 3.250000000000000444, -2.200000000000000178, -1.000000000000000000 ) ) ;
#4133 = DIRECTION ( 'NONE',  ( -0.000000000000000000, -0.000000000000000000, 1.000000000000000000 ) ) ;
#4134 = PLANE ( 'NONE',  #279 ) ;
#4135 = DIRECTION ( 'NONE',  ( -1.000000000000000000, 0.000000000000000000, 0.000000000000000000 ) ) ;
#4136 = VECTOR ( 'NONE', #831, 1000.000000000000000 ) ;
#4137 = VERTEX_POINT ( 'NONE', #3554 ) ;
#4138 = LINE ( 'NONE', #2234, #2137 ) ;
#4139 = VERTEX_POINT ( 'NONE', #4753 ) ;
#4140 = PRESENTATION_LAYER_ASSIGNMENT (  '', '', ( #364 ) ) ;
#4141 = FACE_OUTER_BOUND ( 'NONE', #1017, .T. ) ;
#4142 = VECTOR ( 'NONE', #4234, 1000.000000000000000 ) ;
#4143 = DIRECTION ( 'NONE',  ( -0.000000000000000000, -0.000000000000000000, 1.000000000000000000 ) ) ;
#4144 = AXIS2_PLACEMENT_3D ( 'NONE', #3170, #98, #1642 ) ;
#4145 = VERTEX_POINT ( 'NONE', #2112 ) ;
#4146 = FILL_AREA_STYLE_COLOUR ( '', #399 ) ;
#4147 = EDGE_CURVE ( 'NONE', #1917, #86, #964, .T. ) ;
#4148 = VECTOR ( 'NONE', #4666, 1000.000000000000000 ) ;
#4149 = AXIS2_PLACEMENT_3D ( 'NONE', #2340, #3785, #3814 ) ;
#4150 = CARTESIAN_POINT ( 'NONE',  ( 0.2500000000000000000, 0.000000000000000000, -2.549999999999999822 ) ) ;
#4151 = STYLED_ITEM ( 'NONE', ( #4767 ), #3545 ) ;
#4152 = AXIS2_PLACEMENT_3D ( 'NONE', #1973, #1522, #3059 ) ;
#4153 = DIRECTION ( 'NONE',  ( 0.000000000000000000, 0.000000000000000000, 1.000000000000000000 ) ) ;
#4154 = FILL_AREA_STYLE ('',( #3779 ) ) ;
#4155 = EDGE_CURVE ( 'NONE', #1589, #1613, #1673, .T. ) ;
#4156 = EDGE_CURVE ( 'NONE', #4664, #2254, #4733, .T. ) ;
#4157 =( NAMED_UNIT ( * ) SI_UNIT ( $, .STERADIAN. ) SOLID_ANGLE_UNIT ( ) );
#4158 = VECTOR ( 'NONE', #2737, 1000.000000000000000 ) ;
#4159 = CARTESIAN_POINT ( 'NONE',  ( 0.2500000000000000000, -1.100000000000000089, 0.000000000000000000 ) ) ;
#4160 = PLANE ( 'NONE',  #4504 ) ;
#4161 = DIRECTION ( 'NONE',  ( 0.000000000000000000, 1.000000000000000000, 0.000000000000000000 ) ) ;
#4162 = ORIENTED_EDGE ( 'NONE', *, *, #1348, .T. ) ;
#4163 = SURFACE_STYLE_USAGE ( .BOTH. , #3438 ) ;
#4164 = LINE ( 'NONE', #326, #2272 ) ;
#4165 =( GEOMETRIC_REPRESENTATION_CONTEXT ( 3 ) GLOBAL_UNCERTAINTY_ASSIGNED_CONTEXT ( ( #1205 ) ) GLOBAL_UNIT_ASSIGNED_CONTEXT ( ( #4836, #991, #1016 ) ) REPRESENTATION_CONTEXT ( 'NONE', 'WORKASPACE' ) );
#4166 = ORIENTED_EDGE ( 'NONE', *, *, #1176, .T. ) ;
#4167 = DIRECTION ( 'NONE',  ( 0.000000000000000000, 0.000000000000000000, -1.000000000000000000 ) ) ;
#4168 =( LENGTH_UNIT ( ) NAMED_UNIT ( * ) SI_UNIT ( .MILLI., .METRE. ) );
#4169 = VECTOR ( 'NONE', #663, 1000.000000000000000 ) ;
#4170 = FILL_AREA_STYLE_COLOUR ( '', #4974 ) ;
#4171 = EDGE_LOOP ( 'NONE', ( #208, #3441 ) ) ;
#4172 = PLANE ( 'NONE',  #2335 ) ;
#4173 = STYLED_ITEM ( 'NONE', ( #4364 ), #4953 ) ;
#4174 = DIRECTION ( 'NONE',  ( 0.000000000000000000, -0.000000000000000000, 1.000000000000000000 ) ) ;
#4175 = VERTEX_POINT ( 'NONE', #3603 ) ;
#4176 = CARTESIAN_POINT ( 'NONE',  ( 2.750000000000000000, -2.200000000000000178, -1.000000000000000000 ) ) ;
#4177 = PRESENTATION_STYLE_ASSIGNMENT (( #2726 ) ) ;
#4178 = EDGE_LOOP ( 'NONE', ( #4260, #2681, #3451, #3927 ) ) ;
#4179 =( LENGTH_UNIT ( ) NAMED_UNIT ( * ) SI_UNIT ( .MILLI., .METRE. ) );
#4180 = CARTESIAN_POINT ( 'NONE',  ( -1.750000000000000000, 1.100000000000000089, 0.000000000000000000 ) ) ;
#4181 = EDGE_CURVE ( 'NONE', #2536, #50, #262, .T. ) ;
#4182 = ADVANCED_FACE ( 'NONE', ( #1086 ), #3348, .F. ) ;
#4183 = PRESENTATION_STYLE_ASSIGNMENT (( #3105 ) ) ;
#4184 = FACE_OUTER_BOUND ( 'NONE', #379, .T. ) ;
#4185 = CARTESIAN_POINT ( 'NONE',  ( -2.250000000000000444, 0.000000000000000000, 0.000000000000000000 ) ) ;
#4186 = PRESENTATION_LAYER_ASSIGNMENT (  '', '', ( #3961 ) ) ;
#4187 = EDGE_LOOP ( 'NONE', ( #281, #551, #2145, #1071 ) ) ;
#4188 = LINE ( 'NONE', #350, #3352 ) ;
#4189 = CARTESIAN_POINT ( 'NONE',  ( -2.650000000000000355, -1.899999999999999911, -2.949998945221000035 ) ) ;
#4190 = PRESENTATION_LAYER_ASSIGNMENT (  '', '', ( #3881 ) ) ;
#4191 =( NAMED_UNIT ( * ) SI_UNIT ( $, .STERADIAN. ) SOLID_ANGLE_UNIT ( ) );
#4192 = ORIENTED_EDGE ( 'NONE', *, *, #1978, .T. ) ;
#4193 = CARTESIAN_POINT ( 'NONE',  ( 2.250000000000000444, 0.000000000000000000, -1.949999999999999956 ) ) ;
#4194 = LINE ( 'NONE', #1384, #858 ) ;
#4195 = MECHANICAL_DESIGN_GEOMETRIC_PRESENTATION_REPRESENTATION (  '', ( #1370 ), #3708 ) ;
#4196 = ORIENTED_EDGE ( 'NONE', *, *, #1880, .T. ) ;
#4197 = VECTOR ( 'NONE', #2527, 1000.000000000000000 ) ;
#4198 = DIRECTION ( 'NONE',  ( 0.000000000000000000, 1.000000000000000000, 0.000000000000000000 ) ) ;
#4199 = ORIENTED_EDGE ( 'NONE', *, *, #872, .T. ) ;
#4200 = DIRECTION ( 'NONE',  ( 1.000000000000000000, 0.000000000000000000, 0.000000000000000000 ) ) ;
#4201 = ORIENTED_EDGE ( 'NONE', *, *, #1693, .F. ) ;
#4202 = DIRECTION ( 'NONE',  ( 1.000000000000000000, -0.000000000000000000, 0.000000000000000000 ) ) ;
#4203 = DIRECTION ( 'NONE',  ( -0.000000000000000000, 1.000000000000000000, 0.000000000000000000 ) ) ;
#4204 = LINE ( 'NONE', #1970, #4560 ) ;
#4205 = LINE ( 'NONE', #2273, #3530 ) ;
#4206 = EDGE_LOOP ( 'NONE', ( #1889, #3875, #2934, #2786 ) ) ;
#4207 = EDGE_CURVE ( 'NONE', #76, #3504, #1437, .T. ) ;
#4208 = LINE ( 'NONE', #4725, #4704 ) ;
#4209 = VECTOR ( 'NONE', #4500, 1000.000000000000000 ) ;
#4210 = VERTEX_POINT ( 'NONE', #4885 ) ;
#4211 =( NAMED_UNIT ( * ) PLANE_ANGLE_UNIT ( ) SI_UNIT ( $, .RADIAN. ) );
#4212 = CARTESIAN_POINT ( 'NONE',  ( 1.750000000000000000, 2.399999999999999911, -2.600000000000000533 ) ) ;
#4213 = LINE ( 'NONE', #4514, #1258 ) ;
#4214 = VERTEX_POINT ( 'NONE', #3317 ) ;
#4215 = SURFACE_STYLE_USAGE ( .BOTH. , #3464 ) ;
#4216 = EDGE_CURVE ( 'NONE', #3609, #225, #630, .T. ) ;
#4217 = UNCERTAINTY_MEASURE_WITH_UNIT (LENGTH_MEASURE( 1.000000000000000082E-05 ), #1183, 'distance_accuracy_value', 'NONE');
#4218 = EDGE_CURVE ( 'NONE', #419, #3290, #4130, .T. ) ;
#4219 = SURFACE_SIDE_STYLE ('',( #4647 ) ) ;
#4220 = COLOUR_RGB ( '',0.8627450980392157298, 0.5882352941176470784, 0.06274509803921568540 ) ;
#4221 = VERTEX_POINT ( 'NONE', #2142 ) ;
#4222 = PRESENTATION_LAYER_ASSIGNMENT (  '', '', ( #113 ) ) ;
#4223 = UNCERTAINTY_MEASURE_WITH_UNIT (LENGTH_MEASURE( 1.000000000000000082E-05 ), #3633, 'distance_accuracy_value', 'NONE');
#4224 =( NAMED_UNIT ( * ) SI_UNIT ( $, .STERADIAN. ) SOLID_ANGLE_UNIT ( ) );
#4225 = PRESENTATION_STYLE_ASSIGNMENT (( #1859 ) ) ;
#4226 = VECTOR ( 'NONE', #1544, 1000.000000000000000 ) ;
#4227 = VECTOR ( 'NONE', #4724, 1000.000000000000000 ) ;
#4228 = ORIENTED_EDGE ( 'NONE', *, *, #3473, .F. ) ;
#4229 = SURFACE_STYLE_FILL_AREA ( #3588 ) ;
#4230 =( GEOMETRIC_REPRESENTATION_CONTEXT ( 3 ) GLOBAL_UNCERTAINTY_ASSIGNED_CONTEXT ( ( #548 ) ) GLOBAL_UNIT_ASSIGNED_CONTEXT ( ( #3394, #3414, #1465 ) ) REPRESENTATION_CONTEXT ( 'NONE', 'WORKASPACE' ) );
#4231 = DIRECTION ( 'NONE',  ( -0.000000000000000000, 0.000000000000000000, 1.000000000000000000 ) ) ;
#4232 = VERTEX_POINT ( 'NONE', #2916 ) ;
#4233 = DIRECTION ( 'NONE',  ( 1.000000000000000000, 0.000000000000000000, 0.000000000000000000 ) ) ;
#4234 = DIRECTION ( 'NONE',  ( 0.000000000000000000, 1.000000000000000000, 0.000000000000000000 ) ) ;
#4235 = AXIS2_PLACEMENT_3D ( 'NONE', #4926, #394, #4603 ) ;
#4236 = STYLED_ITEM ( 'NONE', ( #478 ), #2654 ) ;
#4237 = PRESENTATION_STYLE_ASSIGNMENT (( #4292 ) ) ;
#4238 = SURFACE_STYLE_USAGE ( .BOTH. , #2251 ) ;
#4239 = ORIENTED_EDGE ( 'NONE', *, *, #2186, .F. ) ;
#4240 = PRESENTATION_STYLE_ASSIGNMENT (( #2636 ) ) ;
#4241 = COLOUR_RGB ( '',0.2862745098039215508, 0.2862745098039215508, 0.2862745098039215508 ) ;
#4242 = SURFACE_STYLE_USAGE ( .BOTH. , #2757 ) ;
#4243 = DIRECTION ( 'NONE',  ( 0.000000000000000000, 1.000000000000000000, 0.000000000000000000 ) ) ;
#4244 = CARTESIAN_POINT ( 'NONE',  ( 1.750000000000000000, 1.500000000000000000, -2.600000000000000533 ) ) ;
#4245 = ORIENTED_EDGE ( 'NONE', *, *, #3167, .F. ) ;
#4246 = DIRECTION ( 'NONE',  ( 0.000000000000000000, 0.000000000000000000, -1.000000000000000000 ) ) ;
#4247 = STYLED_ITEM ( 'NONE', ( #2015 ), #4288 ) ;
#4248 = DIRECTION ( 'NONE',  ( 0.000000000000000000, -0.000000000000000000, 1.000000000000000000 ) ) ;
#4249 = LINE ( 'NONE', #4193, #1629 ) ;
#4250 = ORIENTED_EDGE ( 'NONE', *, *, #2945, .F. ) ;
#4251 = ADVANCED_FACE ( 'NONE', ( #3696 ), #1678, .T. ) ;
#4252 = PRESENTATION_LAYER_ASSIGNMENT (  '', '', ( #1602 ) ) ;
#4253 = EDGE_CURVE ( 'NONE', #1386, #2034, #3749, .T. ) ;
#4254 = CARTESIAN_POINT ( 'NONE',  ( -1.750000000000000000, 0.000000000000000000, 1.209799459665320764 ) ) ;
#4255 =( LENGTH_UNIT ( ) NAMED_UNIT ( * ) SI_UNIT ( .MILLI., .METRE. ) );
#4256 = VECTOR ( 'NONE', #340, 1000.000000000000000 ) ;
#4257 = EDGE_CURVE ( 'NONE', #1501, #4519, #2679, .T. ) ;
#4258 = ORIENTED_EDGE ( 'NONE', *, *, #813, .T. ) ;
#4259 = LINE ( 'NONE', #2625, #609 ) ;
#4260 = ORIENTED_EDGE ( 'NONE', *, *, #4856, .F. ) ;
#4261 =( NAMED_UNIT ( * ) PLANE_ANGLE_UNIT ( ) SI_UNIT ( $, .RADIAN. ) );
#4262 = LINE ( 'NONE', #3946, #1228 ) ;
#4263 = CARTESIAN_POINT ( 'NONE',  ( -0.2500000000000000555, 0.2499999999999999445, -2.549999999999999822 ) ) ;
#4264 =( NAMED_UNIT ( * ) SI_UNIT ( $, .STERADIAN. ) SOLID_ANGLE_UNIT ( ) );
#4265 = ORIENTED_EDGE ( 'NONE', *, *, #2005, .F. ) ;
#4266 = LINE ( 'NONE', #2342, #1582 ) ;
#4267 = CLOSED_SHELL ( 'NONE', ( #2577, #3538, #561, #870, #4366, #3654 ) ) ;
#4268 =( LENGTH_UNIT ( ) NAMED_UNIT ( * ) SI_UNIT ( .MILLI., .METRE. ) );
#4269 = ORIENTED_EDGE ( 'NONE', *, *, #4511, .F. ) ;
#4270 = CARTESIAN_POINT ( 'NONE',  ( 2.650003126952743315, 1.899999999999999911, -2.949995818141815107 ) ) ;
#4271 = UNCERTAINTY_MEASURE_WITH_UNIT (LENGTH_MEASURE( 1.000000000000000082E-05 ), #2045, 'distance_accuracy_value', 'NONE');
#4272 =( LENGTH_UNIT ( ) NAMED_UNIT ( * ) SI_UNIT ( .MILLI., .METRE. ) );
#4273 = EDGE_LOOP ( 'NONE', ( #2586, #1941, #1574, #2315 ) ) ;
#4274 = VECTOR ( 'NONE', #1912, 1000.000000000000000 ) ;
#4275 = PRESENTATION_STYLE_ASSIGNMENT (( #2568 ) ) ;
#4276 = CARTESIAN_POINT ( 'NONE',  ( 1.750000000000000000, -1.100000000000000089, 1.699999999999999956 ) ) ;
#4277 = ORIENTED_EDGE ( 'NONE', *, *, #3913, .F. ) ;
#4278 = UNCERTAINTY_MEASURE_WITH_UNIT (LENGTH_MEASURE( 1.000000000000000082E-05 ), #4817, 'distance_accuracy_value', 'NONE');
#4279 = SURFACE_STYLE_FILL_AREA ( #881 ) ;
#4280 =( LENGTH_UNIT ( ) NAMED_UNIT ( * ) SI_UNIT ( .MILLI., .METRE. ) );
#4281 = VECTOR ( 'NONE', #1132, 1000.000000000000000 ) ;
#4282 = CARTESIAN_POINT ( 'NONE',  ( -2.250000000000000444, 2.399999999999999911, 0.000000000000000000 ) ) ;
#4283 = EDGE_CURVE ( 'NONE', #3225, #2, #1887, .T. ) ;
#4284 = EDGE_CURVE ( 'NONE', #3274, #767, #4956, .T. ) ;
#4285 = ORIENTED_EDGE ( 'NONE', *, *, #1640, .F. ) ;
#4286 = PLANE ( 'NONE',  #1981 ) ;
#4287 = DIRECTION ( 'NONE',  ( 0.000000000000000000, 0.000000000000000000, -1.000000000000000000 ) ) ;
#4288 = ADVANCED_FACE ( 'NONE', ( #4719 ), #3835, .F. ) ;
#4289 = SURFACE_STYLE_FILL_AREA ( #4564 ) ;
#4290 = EDGE_CURVE ( 'NONE', #384, #251, #368, .T. ) ;
#4291 = PRESENTATION_LAYER_ASSIGNMENT (  '', '', ( #1231 ) ) ;
#4292 = SURFACE_STYLE_USAGE ( .BOTH. , #1196 ) ;
#4293 = DIRECTION ( 'NONE',  ( -0.000000000000000000, -0.000000000000000000, 1.000000000000000000 ) ) ;
#4294 = DIRECTION ( 'NONE',  ( 1.000000000000000000, 0.000000000000000000, 0.000000000000000000 ) ) ;
#4295 = ORIENTED_EDGE ( 'NONE', *, *, #2650, .T. ) ;
#4296 = CARTESIAN_POINT ( 'NONE',  ( 2.250000000000000444, -2.200000000000000178, -1.949999999999999956 ) ) ;
#4297 = FACE_OUTER_BOUND ( 'NONE', #573, .T. ) ;
#4298 = ORIENTED_EDGE ( 'NONE', *, *, #202, .F. ) ;
#4299 = DIRECTION ( 'NONE',  ( 0.000000000000000000, -0.000000000000000000, 1.000000000000000000 ) ) ;
#4300 =( LENGTH_UNIT ( ) NAMED_UNIT ( * ) SI_UNIT ( .MILLI., .METRE. ) );
#4301 = EDGE_LOOP ( 'NONE', ( #3463, #1564, #3333, #957 ) ) ;
#4302 = CARTESIAN_POINT ( 'NONE',  ( -2.250000000000000444, -2.200000000000000178, -2.549999999999999822 ) ) ;
#4303 = CARTESIAN_POINT ( 'NONE',  ( -3.260000000000000675, 2.200000000000000178, -2.549999999999999822 ) ) ;
#4304 = PRESENTATION_STYLE_ASSIGNMENT (( #2765 ) ) ;
#4305 = ORIENTED_EDGE ( 'NONE', *, *, #4612, .F. ) ;
#4306 = COLOUR_RGB ( '',0.8627450980392157298, 0.5882352941176470784, 0.06274509803921568540 ) ;
#4307 = LINE ( 'NONE', #1996, #3015 ) ;
#4308 = LINE ( 'NONE', #51, #665 ) ;
#4309 = VECTOR ( 'NONE', #1905, 1000.000000000000000 ) ;
#4310 = ADVANCED_FACE ( 'NONE', ( #1661 ), #3075, .T. ) ;
#4311 =( LENGTH_UNIT ( ) NAMED_UNIT ( * ) SI_UNIT ( .MILLI., .METRE. ) );
#4312 = CARTESIAN_POINT ( 'NONE',  ( -2.250000000000000444, -1.100000000000000089, 0.000000000000000000 ) ) ;
#4313 = ADVANCED_FACE ( 'NONE', ( #4764 ), #3687, .F. ) ;
#4314 = FILL_AREA_STYLE ('',( #820 ) ) ;
#4315 =( LENGTH_UNIT ( ) NAMED_UNIT ( * ) SI_UNIT ( .MILLI., .METRE. ) );
#4316 = EDGE_LOOP ( 'NONE', ( #2692, #2929, #2967, #2522, #2404, #3613 ) ) ;
#4317 = DIRECTION ( 'NONE',  ( -0.000000000000000000, -1.000000000000000000, -0.000000000000000000 ) ) ;
#4318 = AXIS2_PLACEMENT_3D ( 'NONE', #2570, #581, #3647 ) ;
#4319 = VERTEX_POINT ( 'NONE', #2007 ) ;
#4320 = CARTESIAN_POINT ( 'NONE',  ( -1.749999999999999778, 2.200000000000000178, -2.549999999999999822 ) ) ;
#4321 = DIRECTION ( 'NONE',  ( 0.000000000000000000, 1.000000000000000000, 0.000000000000000000 ) ) ;
#4322 = UNCERTAINTY_MEASURE_WITH_UNIT (LENGTH_MEASURE( 1.000000000000000082E-05 ), #2439, 'distance_accuracy_value', 'NONE');
#4323 = CARTESIAN_POINT ( 'NONE',  ( -0.2500000000000000000, -1.500000000000000000, -2.600000000000000533 ) ) ;
#4324 = SURFACE_STYLE_FILL_AREA ( #2829 ) ;
#4325 = MECHANICAL_DESIGN_GEOMETRIC_PRESENTATION_REPRESENTATION (  '', ( #1910 ), #3272 ) ;
#4326 = ORIENTED_EDGE ( 'NONE', *, *, #2954, .F. ) ;
#4327 = COLOUR_RGB ( '',0.2862745098039215508, 0.2862745098039215508, 0.2862745098039215508 ) ;
#4328 = ORIENTED_EDGE ( 'NONE', *, *, #1078, .T. ) ;
#4329 =( NAMED_UNIT ( * ) PLANE_ANGLE_UNIT ( ) SI_UNIT ( $, .RADIAN. ) );
#4330 = LINE ( 'NONE', #136, #3909 ) ;
#4331 = PRESENTATION_LAYER_ASSIGNMENT (  '', '', ( #2393 ) ) ;
#4332 = CARTESIAN_POINT ( 'NONE',  ( 2.250000000000000444, 1.500000000000000000, -2.549999999999999822 ) ) ;
#4333 = ORIENTED_EDGE ( 'NONE', *, *, #4253, .F. ) ;
#4334 = STYLED_ITEM ( 'NONE', ( #4275 ), #4954 ) ;
#4335 = EDGE_CURVE ( 'NONE', #917, #3389, #3512, .T. ) ;
#4336 = ADVANCED_FACE ( 'NONE', ( #4297 ), #4686, .T. ) ;
#4337 =( NAMED_UNIT ( * ) PLANE_ANGLE_UNIT ( ) SI_UNIT ( $, .RADIAN. ) );
#4338 = ORIENTED_EDGE ( 'NONE', *, *, #1445, .T. ) ;
#4339 = DIRECTION ( 'NONE',  ( 0.000000000000000000, 1.000000000000000000, 0.000000000000000000 ) ) ;
#4340 = ORIENTED_EDGE ( 'NONE', *, *, #710, .F. ) ;
#4341 = VECTOR ( 'NONE', #3418, 1000.000000000000000 ) ;
#4342 = FILL_AREA_STYLE ('',( #2832 ) ) ;
#4343 = ORIENTED_EDGE ( 'NONE', *, *, #679, .T. ) ;
#4344 = SURFACE_SIDE_STYLE ('',( #2834 ) ) ;
#4345 = DIRECTION ( 'NONE',  ( -0.000000000000000000, 0.000000000000000000, 1.000000000000000000 ) ) ;
#4346 =( NAMED_UNIT ( * ) SI_UNIT ( $, .STERADIAN. ) SOLID_ANGLE_UNIT ( ) );
#4347 = STYLED_ITEM ( 'NONE', ( #175 ), #494 ) ;
#4348 = CARTESIAN_POINT ( 'NONE',  ( -1.750000000000000000, 0.000000000000000000, 0.000000000000000000 ) ) ;
#4349 = FILL_AREA_STYLE ('',( #4680 ) ) ;
#4350 = AXIS2_PLACEMENT_3D ( 'NONE', #275, #4044, #4486 ) ;
#4351 = DIRECTION ( 'NONE',  ( -1.000000000000000000, -0.000000000000000000, -0.000000000000000000 ) ) ;
#4352 = DIRECTION ( 'NONE',  ( 0.000000000000000000, -0.000000000000000000, 1.000000000000000000 ) ) ;
#4353 =( NAMED_UNIT ( * ) SI_UNIT ( $, .STERADIAN. ) SOLID_ANGLE_UNIT ( ) );
#4354 =( NAMED_UNIT ( * ) SI_UNIT ( $, .STERADIAN. ) SOLID_ANGLE_UNIT ( ) );
#4355 = ORIENTED_EDGE ( 'NONE', *, *, #1512, .T. ) ;
#4356 = VECTOR ( 'NONE', #2853, 1000.000000000000000 ) ;
#4357 = CARTESIAN_POINT ( 'NONE',  ( 3.250000000000000444, -2.200000000000000178, -2.549999999999999822 ) ) ;
#4358 = CARTESIAN_POINT ( 'NONE',  ( 3.250000000000000444, -1.500000000000000000, -2.549999999999999822 ) ) ;
#4359 = ADVANCED_FACE ( 'NONE', ( #3182 ), #4615, .F. ) ;
#4360 = ORIENTED_EDGE ( 'NONE', *, *, #1024, .T. ) ;
#4361 = FILL_AREA_STYLE_COLOUR ( '', #313 ) ;
#4362 = LINE ( 'NONE', #3995, #3742 ) ;
#4363 = CARTESIAN_POINT ( 'NONE',  ( 1.750000000000000000, -0.1000000000000000056, 1.699999999999999956 ) ) ;
#4364 = PRESENTATION_STYLE_ASSIGNMENT (( #945 ) ) ;
#4365 = ORIENTED_EDGE ( 'NONE', *, *, #1873, .T. ) ;
#4366 = ADVANCED_FACE ( 'NONE', ( #3896 ), #1225, .T. ) ;
#4367 = ORIENTED_EDGE ( 'NONE', *, *, #2358, .F. ) ;
#4368 = ADVANCED_FACE ( 'NONE', ( #3232 ), #1703, .T. ) ;
#4369 =( NAMED_UNIT ( * ) PLANE_ANGLE_UNIT ( ) SI_UNIT ( $, .RADIAN. ) );
#4370 = UNCERTAINTY_MEASURE_WITH_UNIT (LENGTH_MEASURE( 1.000000000000000082E-05 ), #2041, 'distance_accuracy_value', 'NONE');
#4371 = VECTOR ( 'NONE', #1031, 1000.000000000000000 ) ;
#4372 =( NAMED_UNIT ( * ) SI_UNIT ( $, .STERADIAN. ) SOLID_ANGLE_UNIT ( ) );
#4373 = CARTESIAN_POINT ( 'NONE',  ( 2.250000000000000444, 1.100000000000000089, 0.000000000000000000 ) ) ;
#4374 =( LENGTH_UNIT ( ) NAMED_UNIT ( * ) SI_UNIT ( .MILLI., .METRE. ) );
#4375 = AXIS2_PLACEMENT_3D ( 'NONE', #2306, #3854, #1156 ) ;
#4376 = CARTESIAN_POINT ( 'NONE',  ( -2.250000000000000444, 0.000000000000000000, -1.949999999999999956 ) ) ;
#4377 = COLOUR_RGB ( '',0.8627450980392157298, 0.5882352941176470784, 0.06274509803921568540 ) ;
#4378 = PRESENTATION_STYLE_ASSIGNMENT (( #142 ) ) ;
#4379 = PRESENTATION_STYLE_ASSIGNMENT (( #868 ) ) ;
#4380 = VERTEX_POINT ( 'NONE', #4409 ) ;
#4381 = AXIS2_PLACEMENT_3D ( 'NONE', #3397, #2648, #4174 ) ;
#4382 = CARTESIAN_POINT ( 'NONE',  ( 1.750000000000000000, 0.000000000000000000, 2.700000000000000178 ) ) ;
#4383 = FILL_AREA_STYLE ('',( #1297 ) ) ;
#4384 = EDGE_LOOP ( 'NONE', ( #1802, #4589, #4367, #2205, #1783, #2129 ) ) ;
#4385 = FILL_AREA_STYLE ('',( #4361 ) ) ;
#4386 = CARTESIAN_POINT ( 'NONE',  ( -1.750000000000000000, -2.200000000000000178, 0.000000000000000000 ) ) ;
#4387 = CIRCLE ( 'NONE', #4235, 0.2999999999999999334 ) ;
#4388 = ORIENTED_EDGE ( 'NONE', *, *, #521, .F. ) ;
#4389 = CARTESIAN_POINT ( 'NONE',  ( -2.250000000000000444, 0.2500000000000000000, 0.000000000000000000 ) ) ;
#4390 = PRESENTATION_STYLE_ASSIGNMENT (( #1711 ) ) ;
#4391 = EDGE_LOOP ( 'NONE', ( #94, #3207, #425, #2083 ) ) ;
#4392 =( GEOMETRIC_REPRESENTATION_CONTEXT ( 3 ) GLOBAL_UNCERTAINTY_ASSIGNED_CONTEXT ( ( #1662 ) ) GLOBAL_UNIT_ASSIGNED_CONTEXT ( ( #3001, #2604, #3731 ) ) REPRESENTATION_CONTEXT ( 'NONE', 'WORKASPACE' ) );
#4393 = SURFACE_STYLE_FILL_AREA ( #3738 ) ;
#4394 = EDGE_CURVE ( 'NONE', #3068, #4972, #189, .T. ) ;
#4395 = ORIENTED_EDGE ( 'NONE', *, *, #3979, .T. ) ;
#4396 = AXIS2_PLACEMENT_3D ( 'NONE', #634, #3756, #1814 ) ;
#4397 = CARTESIAN_POINT ( 'NONE',  ( -2.250000000000000444, 1.100000000000000089, 0.000000000000000000 ) ) ;
#4398 = FACE_OUTER_BOUND ( 'NONE', #3562, .T. ) ;
#4399 = PRESENTATION_LAYER_ASSIGNMENT (  '', '', ( #2554 ) ) ;
#4400 = EDGE_CURVE ( 'NONE', #925, #251, #1382, .T. ) ;
#4401 = DIRECTION ( 'NONE',  ( -1.000000000000000000, 0.000000000000000000, -0.000000000000000000 ) ) ;
#4402 = CIRCLE ( 'NONE', #2241, 1.000000000000000000 ) ;
#4403 = DIRECTION ( 'NONE',  ( 1.000000000000000000, -0.000000000000000000, 0.000000000000000000 ) ) ;
#4404 = CARTESIAN_POINT ( 'NONE',  ( -1.749999999999999778, -2.200000000000000178, -2.549999999999999822 ) ) ;
#4405 =( LENGTH_UNIT ( ) NAMED_UNIT ( * ) SI_UNIT ( .MILLI., .METRE. ) );
#4406 = ORIENTED_EDGE ( 'NONE', *, *, #772, .F. ) ;
#4407 = AXIS2_PLACEMENT_3D ( 'NONE', #2322, #374, #2387 ) ;
#4408 = CARTESIAN_POINT ( 'NONE',  ( 0.2500000000000000000, 2.399999999999999911, -2.600000000000000533 ) ) ;
#4409 = CARTESIAN_POINT ( 'NONE',  ( -1.750000000000000000, 1.100000000000000089, 1.209799459665320764 ) ) ;
#4410 = EDGE_LOOP ( 'NONE', ( #1302, #1169, #3734, #1298 ) ) ;
#4411 = SURFACE_STYLE_FILL_AREA ( #4385 ) ;
#4412 = ORIENTED_EDGE ( 'NONE', *, *, #3009, .F. ) ;
#4413 = SURFACE_STYLE_FILL_AREA ( #948 ) ;
#4414 = CARTESIAN_POINT ( 'NONE',  ( 1.750000000000000000, 0.2500000000000000000, -4.400000000000000355 ) ) ;
#4415 = ORIENTED_EDGE ( 'NONE', *, *, #585, .T. ) ;
#4416 = FACE_OUTER_BOUND ( 'NONE', #3903, .T. ) ;
#4417 =( NAMED_UNIT ( * ) PLANE_ANGLE_UNIT ( ) SI_UNIT ( $, .RADIAN. ) );
#4418 = EDGE_LOOP ( 'NONE', ( #3099, #4438, #4277, #2984 ) ) ;
#4419 = PRESENTATION_LAYER_ASSIGNMENT (  '', '', ( #1620 ) ) ;
#4420 = EDGE_CURVE ( 'NONE', #12, #1886, #4091, .T. ) ;
#4421 = ADVANCED_FACE ( 'NONE', ( #916 ), #563, .F. ) ;
#4422 = AXIS2_PLACEMENT_3D ( 'NONE', #2825, #3185, #1360 ) ;
#4423 = PRESENTATION_LAYER_ASSIGNMENT (  '', '', ( #3623 ) ) ;
#4424 = CARTESIAN_POINT ( 'NONE',  ( 0.000000000000000000, -2.200000000000000178, -3.149999999999999911 ) ) ;
#4425 = CARTESIAN_POINT ( 'NONE',  ( -2.250000000000000444, 1.500000000000000000, -2.600000000000000533 ) ) ;
#4426 = EDGE_CURVE ( 'NONE', #3941, #915, #4402, .T. ) ;
#4427 = EDGE_CURVE ( 'NONE', #3191, #147, #71, .T. ) ;
#4428 = DIRECTION ( 'NONE',  ( 0.000000000000000000, 0.000000000000000000, -1.000000000000000000 ) ) ;
#4429 = FACE_OUTER_BOUND ( 'NONE', #4597, .T. ) ;
#4430 = LINE ( 'NONE', #4382, #60 ) ;
#4431 = VECTOR ( 'NONE', #2098, 1000.000000000000000 ) ;
#4432 = ORIENTED_EDGE ( 'NONE', *, *, #3055, .T. ) ;
#4433 = SURFACE_STYLE_USAGE ( .BOTH. , #2173 ) ;
#4434 = VECTOR ( 'NONE', #3851, 1000.000000000000000 ) ;
#4435 = EDGE_LOOP ( 'NONE', ( #4406, #1314, #4939, #4655 ) ) ;
#4436 = SURFACE_SIDE_STYLE ('',( #3283 ) ) ;
#4437 = SURFACE_SIDE_STYLE ('',( #4413 ) ) ;
#4438 = ORIENTED_EDGE ( 'NONE', *, *, #4426, .T. ) ;
#4439 = CARTESIAN_POINT ( 'NONE',  ( -1.750000000000000000, 1.500000000000000000, 0.000000000000000000 ) ) ;
#4440 = ORIENTED_EDGE ( 'NONE', *, *, #3750, .T. ) ;
#4441 = CARTESIAN_POINT ( 'NONE',  ( -0.2500000000000000000, 0.1000000000000000056, 2.700000000000000178 ) ) ;
#4442 = PLANE ( 'NONE',  #4528 ) ;
#4443 = LINE ( 'NONE', #1006, #1976 ) ;
#4444 = AXIS2_PLACEMENT_3D ( 'NONE', #625, #3314, #2970 ) ;
#4445 = EDGE_CURVE ( 'NONE', #2, #1394, #691, .T. ) ;
#4446 = PRESENTATION_STYLE_ASSIGNMENT (( #1790 ) ) ;
#4447 = FACE_OUTER_BOUND ( 'NONE', #3160, .T. ) ;
#4448 = CARTESIAN_POINT ( 'NONE',  ( -3.260000000000000675, -2.200000000000000178, -2.549999999999999822 ) ) ;
#4449 = SURFACE_STYLE_FILL_AREA ( #2919 ) ;
#4450 = AXIS2_PLACEMENT_3D ( 'NONE', #3186, #4339, #4248 ) ;
#4451 = LINE ( 'NONE', #4480, #2774 ) ;
#4452 = EDGE_CURVE ( 'NONE', #4879, #3120, #4205, .T. ) ;
#4453 = MECHANICAL_DESIGN_GEOMETRIC_PRESENTATION_REPRESENTATION (  '', ( #768 ), #4698 ) ;
#4454 = SURFACE_STYLE_USAGE ( .BOTH. , #2632 ) ;
#4455 = VERTEX_POINT ( 'NONE', #2948 ) ;
#4456 = DIRECTION ( 'NONE',  ( -0.000000000000000000, -0.000000000000000000, 1.000000000000000000 ) ) ;
#4457 = CARTESIAN_POINT ( 'NONE',  ( -2.250000000000000444, 2.399999999999999911, -2.600000000000000533 ) ) ;
#4458 = VECTOR ( 'NONE', #860, 1000.000000000000000 ) ;
#4459 = COLOUR_RGB ( '',0.2862745098039215508, 0.2862745098039215508, 0.2862745098039215508 ) ;
#4460 = VERTEX_POINT ( 'NONE', #1793 ) ;
#4461 = APPLICATION_PROTOCOL_DEFINITION ( 'draft international standard', 'automotive_design', 1998, #3391 ) ;
#4462 =( NAMED_UNIT ( * ) SI_UNIT ( $, .STERADIAN. ) SOLID_ANGLE_UNIT ( ) );
#4463 = VECTOR ( 'NONE', #4082, 1000.000000000000000 ) ;
#4464 = DIRECTION ( 'NONE',  ( -1.000000000000000000, 0.000000000000000000, -0.000000000000000000 ) ) ;
#4465 = VERTEX_POINT ( 'NONE', #296 ) ;
#4466 = UNCERTAINTY_MEASURE_WITH_UNIT (LENGTH_MEASURE( 1.000000000000000082E-05 ), #2216, 'distance_accuracy_value', 'NONE');
#4467 =( LENGTH_UNIT ( ) NAMED_UNIT ( * ) SI_UNIT ( .MILLI., .METRE. ) );
#4468 = CONICAL_SURFACE ( 'NONE', #775, 0.2999968730472571954, 0.7853859820376795087 ) ;
#4469 = CARTESIAN_POINT ( 'NONE',  ( -1.749999999999999778, -0.2500000000000000000, -2.549999999999999822 ) ) ;
#4470 = ORIENTED_EDGE ( 'NONE', *, *, #3354, .T. ) ;
#4471 = STYLED_ITEM ( 'NONE', ( #770 ), #3798 ) ;
#4472 = DIRECTION ( 'NONE',  ( -0.000000000000000000, 1.000000000000000000, 0.000000000000000000 ) ) ;
#4473 = UNCERTAINTY_MEASURE_WITH_UNIT (LENGTH_MEASURE( 1.000000000000000082E-05 ), #1857, 'distance_accuracy_value', 'NONE');
#4474 = DIRECTION ( 'NONE',  ( -0.000000000000000000, 0.000000000000000000, -1.000000000000000000 ) ) ;
#4475 = LINE ( 'NONE', #2165, #1488 ) ;
#4476 =( NAMED_UNIT ( * ) SI_UNIT ( $, .STERADIAN. ) SOLID_ANGLE_UNIT ( ) );
#4477 = SURFACE_STYLE_USAGE ( .BOTH. , #2543 ) ;
#4478 = DIRECTION ( 'NONE',  ( -0.000000000000000000, 0.000000000000000000, 1.000000000000000000 ) ) ;
#4479 = DIRECTION ( 'NONE',  ( 0.000000000000000000, 0.000000000000000000, -1.000000000000000000 ) ) ;
#4480 = CARTESIAN_POINT ( 'NONE',  ( 2.250000000000000444, -2.200000000000000178, -2.549999999999999822 ) ) ;
#4481 = COLOUR_RGB ( '',1.000000000000000000, 1.000000000000000000, 1.000000000000000000 ) ;
#4482 = CARTESIAN_POINT ( 'NONE',  ( 2.250000000000000444, -1.100000000000000089, 1.699999999999999956 ) ) ;
#4483 = EDGE_CURVE ( 'NONE', #3707, #4065, #3813, .T. ) ;
#4484 = VECTOR ( 'NONE', #3844, 1000.000000000000000 ) ;
#4485 = ADVANCED_FACE ( 'NONE', ( #4561 ), #244, .T. ) ;
#4486 = DIRECTION ( 'NONE',  ( 1.000000000000000000, 0.000000000000000000, 0.000000000000000000 ) ) ;
#4487 = ORIENTED_EDGE ( 'NONE', *, *, #3721, .T. ) ;
#4488 =( GEOMETRIC_REPRESENTATION_CONTEXT ( 3 ) GLOBAL_UNCERTAINTY_ASSIGNED_CONTEXT ( ( #1155 ) ) GLOBAL_UNIT_ASSIGNED_CONTEXT ( ( #1773, #2422, #4814 ) ) REPRESENTATION_CONTEXT ( 'NONE', 'WORKASPACE' ) );
#4489 = CARTESIAN_POINT ( 'NONE',  ( -3.260000000000000675, -2.216736561354061052, 1.209799459665320764 ) ) ;
#4490 = DIRECTION ( 'NONE',  ( 0.000000000000000000, -0.000000000000000000, -1.000000000000000000 ) ) ;
#4491 = DIRECTION ( 'NONE',  ( 0.000000000000000000, 0.000000000000000000, -1.000000000000000000 ) ) ;
#4492 = ORIENTED_EDGE ( 'NONE', *, *, #349, .F. ) ;
#4493 = CARTESIAN_POINT ( 'NONE',  ( 2.250000000000000444, -1.699999999999999956, 0.000000000000000000 ) ) ;
#4494 = LINE ( 'NONE', #4439, #4463 ) ;
#4495 = ORIENTED_EDGE ( 'NONE', *, *, #652, .T. ) ;
#4496 = LINE ( 'NONE', #1352, #3877 ) ;
#4497 = PRESENTATION_STYLE_ASSIGNMENT (( #1325 ) ) ;
#4498 = FILL_AREA_STYLE ('',( #1433 ) ) ;
#4499 = CLOSED_SHELL ( 'NONE', ( #4586, #1702, #3146, #4485, #3115, #2952, #4123, #640 ) ) ;
#4500 = DIRECTION ( 'NONE',  ( 1.000000000000000000, 0.000000000000000000, -0.000000000000000000 ) ) ;
#4501 =( LENGTH_UNIT ( ) NAMED_UNIT ( * ) SI_UNIT ( .MILLI., .METRE. ) );
#4502 = DIRECTION ( 'NONE',  ( 0.000000000000000000, 1.000000000000000000, 0.000000000000000000 ) ) ;
#4503 = DIRECTION ( 'NONE',  ( 0.000000000000000000, 0.000000000000000000, -1.000000000000000000 ) ) ;
#4504 = AXIS2_PLACEMENT_3D ( 'NONE', #1414, #719, #2950 ) ;
#4505 = CARTESIAN_POINT ( 'NONE',  ( 2.250000000000000444, -2.200000000000000178, -2.549999999999999822 ) ) ;
#4506 = CARTESIAN_POINT ( 'NONE',  ( 0.2500000000000000000, 0.000000000000000000, 1.209799459665320764 ) ) ;
#4507 =( LENGTH_UNIT ( ) NAMED_UNIT ( * ) SI_UNIT ( .MILLI., .METRE. ) );
#4508 = PRESENTATION_LAYER_ASSIGNMENT (  '', '', ( #1370 ) ) ;
#4509 = SURFACE_STYLE_FILL_AREA ( #969 ) ;
#4510 = ORIENTED_EDGE ( 'NONE', *, *, #202, .T. ) ;
#4511 = EDGE_CURVE ( 'NONE', #419, #1677, #3703, .T. ) ;
#4512 = SURFACE_STYLE_FILL_AREA ( #4116 ) ;
#4513 = PLANE ( 'NONE',  #4045 ) ;
#4514 = CARTESIAN_POINT ( 'NONE',  ( -2.250000000000000444, -2.399999999999999911, -2.600000000000000533 ) ) ;
#4515 = ORIENTED_EDGE ( 'NONE', *, *, #3228, .F. ) ;
#4516 = LINE ( 'NONE', #3735, #941 ) ;
#4517 =( LENGTH_UNIT ( ) NAMED_UNIT ( * ) SI_UNIT ( .MILLI., .METRE. ) );
#4518 = MECHANICAL_DESIGN_GEOMETRIC_PRESENTATION_REPRESENTATION (  '', ( #1716 ), #3891 ) ;
#4519 = VERTEX_POINT ( 'NONE', #1490 ) ;
#4520 = EDGE_CURVE ( 'NONE', #2988, #1190, #4890, .T. ) ;
#4521 = ADVANCED_FACE ( 'NONE', ( #1093 ), #29, .T. ) ;
#4522 = CARTESIAN_POINT ( 'NONE',  ( -2.250000000000000444, -0.09999999999999988065, 2.700000000000000178 ) ) ;
#4523 = UNCERTAINTY_MEASURE_WITH_UNIT (LENGTH_MEASURE( 1.000000000000000082E-05 ), #888, 'distance_accuracy_value', 'NONE');
#4524 = DIRECTION ( 'NONE',  ( 0.000000000000000000, -0.000000000000000000, 1.000000000000000000 ) ) ;
#4525 = FACE_OUTER_BOUND ( 'NONE', #3866, .T. ) ;
#4526 = DIRECTION ( 'NONE',  ( 0.000000000000000000, 1.000000000000000000, 0.000000000000000000 ) ) ;
#4527 = LINE ( 'NONE', #3702, #1028 ) ;
#4528 = AXIS2_PLACEMENT_3D ( 'NONE', #2263, #2616, #3045 ) ;
#4529 =( NAMED_UNIT ( * ) SI_UNIT ( $, .STERADIAN. ) SOLID_ANGLE_UNIT ( ) );
#4530 = SURFACE_STYLE_FILL_AREA ( #1795 ) ;
#4531 = FILL_AREA_STYLE ('',( #2324 ) ) ;
#4532 = DIRECTION ( 'NONE',  ( 0.000000000000000000, 0.000000000000000000, -1.000000000000000000 ) ) ;
#4533 = ORIENTED_EDGE ( 'NONE', *, *, #893, .F. ) ;
#4534 = SURFACE_SIDE_STYLE ('',( #4512 ) ) ;
#4535 = DIRECTION ( 'NONE',  ( 1.000000000000000000, 0.000000000000000000, 0.000000000000000000 ) ) ;
#4536 = DIRECTION ( 'NONE',  ( -1.000000000000000000, 0.000000000000000000, -0.000000000000000000 ) ) ;
#4537 = ORIENTED_EDGE ( 'NONE', *, *, #3227, .T. ) ;
#4538 = VECTOR ( 'NONE', #341, 1000.000000000000000 ) ;
#4539 = SURFACE_STYLE_USAGE ( .BOTH. , #1131 ) ;
#4540 = DIRECTION ( 'NONE',  ( 1.000000000000000000, -0.000000000000000000, 0.000000000000000000 ) ) ;
#4541 = CARTESIAN_POINT ( 'NONE',  ( 1.750000000000000000, 0.000000000000000000, 0.000000000000000000 ) ) ;
#4542 = VECTOR ( 'NONE', #355, 1000.000000000000000 ) ;
#4543 = VECTOR ( 'NONE', #2481, 1000.000000000000000 ) ;
#4544 = LINE ( 'NONE', #1080, #138 ) ;
#4545 = ORIENTED_EDGE ( 'NONE', *, *, #485, .F. ) ;
#4546 = CARTESIAN_POINT ( 'NONE',  ( -0.2500000000000000000, -1.100000000000000089, 0.000000000000000000 ) ) ;
#4547 = DIRECTION ( 'NONE',  ( -0.000000000000000000, -1.000000000000000000, -0.000000000000000000 ) ) ;
#4548 = CARTESIAN_POINT ( 'NONE',  ( 0.2500000000000000000, -1.100000000000000089, 1.699999999999999956 ) ) ;
#4549 = ADVANCED_FACE ( 'NONE', ( #1599 ), #794, .T. ) ;
#4550 = COLOUR_RGB ( '',0.8627450980392157298, 0.5882352941176470784, 0.06274509803921568540 ) ;
#4551 = DIRECTION ( 'NONE',  ( 0.000000000000000000, 0.000000000000000000, -1.000000000000000000 ) ) ;
#4552 = VERTEX_POINT ( 'NONE', #2297 ) ;
#4553 =( LENGTH_UNIT ( ) NAMED_UNIT ( * ) SI_UNIT ( .MILLI., .METRE. ) );
#4554 = SURFACE_STYLE_FILL_AREA ( #338 ) ;
#4555 = ORIENTED_EDGE ( 'NONE', *, *, #4787, .F. ) ;
#4556 = DIRECTION ( 'NONE',  ( 0.000000000000000000, -0.000000000000000000, 1.000000000000000000 ) ) ;
#4557 = CARTESIAN_POINT ( 'NONE',  ( -0.2500000000000000000, 1.100000000000000089, 0.000000000000000000 ) ) ;
#4558 = CARTESIAN_POINT ( 'NONE',  ( 2.250000000000000444, 0.000000000000000000, -2.600000000000000533 ) ) ;
#4559 = AXIS2_PLACEMENT_3D ( 'NONE', #3307, #2930, #1423 ) ;
#4560 = VECTOR ( 'NONE', #4659, 1000.000000000000000 ) ;
#4561 = FACE_OUTER_BOUND ( 'NONE', #1472, .T. ) ;
#4562 = FILL_AREA_STYLE_COLOUR ( '', #4951 ) ;
#4563 =( LENGTH_UNIT ( ) NAMED_UNIT ( * ) SI_UNIT ( .MILLI., .METRE. ) );
#4564 = FILL_AREA_STYLE ('',( #817 ) ) ;
#4565 = AXIS2_PLACEMENT_3D ( 'NONE', #2219, #4153, #312 ) ;
#4566 = ORIENTED_EDGE ( 'NONE', *, *, #3791, .T. ) ;
#4567 = DIRECTION ( 'NONE',  ( 0.000000000000000000, 0.000000000000000000, -1.000000000000000000 ) ) ;
#4568 =( NAMED_UNIT ( * ) SI_UNIT ( $, .STERADIAN. ) SOLID_ANGLE_UNIT ( ) );
#4569 = ORIENTED_EDGE ( 'NONE', *, *, #812, .F. ) ;
#4570 = FILL_AREA_STYLE_COLOUR ( '', #2633 ) ;
#4571 = CARTESIAN_POINT ( 'NONE',  ( 2.250000000000000444, 0.000000000000000000, 0.000000000000000000 ) ) ;
#4572 = AXIS2_PLACEMENT_3D ( 'NONE', #289, #712, #4556 ) ;
#4573 = EDGE_LOOP ( 'NONE', ( #618, #2824, #480, #4095 ) ) ;
#4574 = UNCERTAINTY_MEASURE_WITH_UNIT (LENGTH_MEASURE( 1.000000000000000082E-05 ), #3525, 'distance_accuracy_value', 'NONE');
#4575 = SURFACE_STYLE_FILL_AREA ( #308 ) ;
#4576 = APPLICATION_CONTEXT ( 'automotive_design' ) ;
#4577 = EDGE_CURVE ( 'NONE', #1593, #3274, #2752, .T. ) ;
#4578 = ORIENTED_EDGE ( 'NONE', *, *, #4675, .T. ) ;
#4579 = SURFACE_STYLE_USAGE ( .BOTH. , #1162 ) ;
#4580 = EDGE_CURVE ( 'NONE', #3195, #155, #4709, .T. ) ;
#4581 = LINE ( 'NONE', #880, #2939 ) ;
#4582 = ORIENTED_EDGE ( 'NONE', *, *, #1176, .F. ) ;
#4583 = SURFACE_SIDE_STYLE ('',( #1543 ) ) ;
#4584 = DIRECTION ( 'NONE',  ( 1.000000000000000000, 0.000000000000000000, 0.000000000000000000 ) ) ;
#4585 = LINE ( 'NONE', #3811, #928 ) ;
#4586 = ADVANCED_FACE ( 'NONE', ( #4660 ), #844, .T. ) ;
#4587 = LINE ( 'NONE', #1624, #4883 ) ;
#4588 = EDGE_CURVE ( 'NONE', #900, #4602, #3104, .T. ) ;
#4589 = ORIENTED_EDGE ( 'NONE', *, *, #2588, .F. ) ;
#4590 = AXIS2_PLACEMENT_3D ( 'NONE', #4811, #2876, #3208 ) ;
#4591 = ORIENTED_EDGE ( 'NONE', *, *, #4760, .F. ) ;
#4592 = PLANE ( 'NONE',  #2830 ) ;
#4593 = DIRECTION ( 'NONE',  ( -1.000000000000000000, 0.000000000000000000, -0.000000000000000000 ) ) ;
#4594 = VERTEX_POINT ( 'NONE', #4635 ) ;
#4595 = PLANE ( 'NONE',  #4375 ) ;
#4596 =( GEOMETRIC_REPRESENTATION_CONTEXT ( 3 ) GLOBAL_UNCERTAINTY_ASSIGNED_CONTEXT ( ( #3773 ) ) GLOBAL_UNIT_ASSIGNED_CONTEXT ( ( #2397, #2761, #2032 ) ) REPRESENTATION_CONTEXT ( 'NONE', 'WORKASPACE' ) );
#4597 = EDGE_LOOP ( 'NONE', ( #1824, #3127, #4900, #2699 ) ) ;
#4598 = STYLED_ITEM ( 'NONE', ( #972 ), #961 ) ;
#4599 = CARTESIAN_POINT ( 'NONE',  ( 2.250000000000000444, 0.000000000000000000, -1.949999999999999956 ) ) ;
#4600 = SURFACE_SIDE_STYLE ('',( #3070 ) ) ;
#4601 = LINE ( 'NONE', #3072, #1894 ) ;
#4602 = VERTEX_POINT ( 'NONE', #1197 ) ;
#4603 = DIRECTION ( 'NONE',  ( -1.000000000000000000, 0.000000000000000000, 0.000000000000000000 ) ) ;
#4604 = EDGE_LOOP ( 'NONE', ( #673, #4925, #4515, #2093 ) ) ;
#4605 = PRESENTATION_STYLE_ASSIGNMENT (( #3078 ) ) ;
#4606 = FACE_OUTER_BOUND ( 'NONE', #221, .T. ) ;
#4607 = CARTESIAN_POINT ( 'NONE',  ( -2.250000000000000444, -2.399999999999999911, -2.600000000000000533 ) ) ;
#4608 = LINE ( 'NONE', #2296, #127 ) ;
#4609 = SURFACE_SIDE_STYLE ('',( #1625 ) ) ;
#4610 = EDGE_LOOP ( 'NONE', ( #1315, #1230, #802, #314 ) ) ;
#4611 = CARTESIAN_POINT ( 'NONE',  ( 2.250000000000000444, 0.2500000000000000000, -4.400000000000000355 ) ) ;
#4612 = EDGE_CURVE ( 'NONE', #4972, #3902, #55, .T. ) ;
#4613 =( GEOMETRIC_REPRESENTATION_CONTEXT ( 3 ) GLOBAL_UNCERTAINTY_ASSIGNED_CONTEXT ( ( #4473 ) ) GLOBAL_UNIT_ASSIGNED_CONTEXT ( ( #1857, #705, #3743 ) ) REPRESENTATION_CONTEXT ( 'NONE', 'WORKASPACE' ) );
#4614 = CARTESIAN_POINT ( 'NONE',  ( 1.750000000000000000, -1.100000000000000089, 1.209799459665320764 ) ) ;
#4615 = PLANE ( 'NONE',  #1434 ) ;
#4616 = ORIENTED_EDGE ( 'NONE', *, *, #2659, .F. ) ;
#4617 = DIRECTION ( 'NONE',  ( 0.000000000000000000, 1.000000000000000000, 0.000000000000000000 ) ) ;
#4618 = UNCERTAINTY_MEASURE_WITH_UNIT (LENGTH_MEASURE( 1.000000000000000082E-05 ), #333, 'distance_accuracy_value', 'NONE');
#4619 = LINE ( 'NONE', #89, #2926 ) ;
#4620 = EDGE_LOOP ( 'NONE', ( #453, #4718, #1101, #15 ) ) ;
#4621 = COLOUR_RGB ( '',1.000000000000000000, 1.000000000000000000, 1.000000000000000000 ) ;
#4622 = PLANE ( 'NONE',  #1245 ) ;
#4623 =( NAMED_UNIT ( * ) SI_UNIT ( $, .STERADIAN. ) SOLID_ANGLE_UNIT ( ) );
#4624 =( GEOMETRIC_REPRESENTATION_CONTEXT ( 3 ) GLOBAL_UNCERTAINTY_ASSIGNED_CONTEXT ( ( #2058 ) ) GLOBAL_UNIT_ASSIGNED_CONTEXT ( ( #2601, #3088, #3406 ) ) REPRESENTATION_CONTEXT ( 'NONE', 'WORKASPACE' ) );
#4625 = MECHANICAL_DESIGN_GEOMETRIC_PRESENTATION_REPRESENTATION (  '', ( #4946 ), #2056 ) ;
#4626 = VECTOR ( 'NONE', #3825, 1000.000000000000000 ) ;
#4627 = STYLED_ITEM ( 'NONE', ( #1055 ), #2238 ) ;
#4628 = CARTESIAN_POINT ( 'NONE',  ( 0.2500000000000000000, -0.2500000000000000000, -4.400000000000000355 ) ) ;
#4629 = VERTEX_POINT ( 'NONE', #1220 ) ;
#4630 = DIRECTION ( 'NONE',  ( -0.000000000000000000, 0.000000000000000000, 1.000000000000000000 ) ) ;
#4631 = CARTESIAN_POINT ( 'NONE',  ( 0.2500000000000000000, 0.000000000000000000, -2.600000000000000533 ) ) ;
#4632 = MECHANICAL_DESIGN_GEOMETRIC_PRESENTATION_REPRESENTATION (  '', ( #4949 ), #52 ) ;
#4633 = MECHANICAL_DESIGN_GEOMETRIC_PRESENTATION_REPRESENTATION (  '', ( #3996 ), #3497 ) ;
#4634 = DIRECTION ( 'NONE',  ( -1.000000000000000000, -0.000000000000000000, -0.000000000000000000 ) ) ;
#4635 = CARTESIAN_POINT ( 'NONE',  ( -0.2500000000000000000, 1.100000000000000089, 1.209799459665320764 ) ) ;
#4636 = EDGE_LOOP ( 'NONE', ( #2727, #4245, #3311, #1797, #4736, #4250 ) ) ;
#4637 = CARTESIAN_POINT ( 'NONE',  ( 2.750000000000000000, -1.699999999999999956, 0.000000000000000000 ) ) ;
#4638 = STYLED_ITEM ( 'NONE', ( #3230 ), #3821 ) ;
#4639 = DIRECTION ( 'NONE',  ( -1.000000000000000000, -0.000000000000000000, 0.000000000000000000 ) ) ;
#4640 = FILL_AREA_STYLE_COLOUR ( '', #2728 ) ;
#4641 = EDGE_CURVE ( 'NONE', #1026, #4594, #3917, .T. ) ;
#4642 = ORIENTED_EDGE ( 'NONE', *, *, #954, .T. ) ;
#4643 = EDGE_CURVE ( 'NONE', #615, #2563, #2002, .T. ) ;
#4644 = CARTESIAN_POINT ( 'NONE',  ( 2.250000000000000444, -0.2500000000000000000, -4.400000000000000355 ) ) ;
#4645 = AXIS2_PLACEMENT_3D ( 'NONE', #2514, #4010, #4352 ) ;
#4646 = CARTESIAN_POINT ( 'NONE',  ( 1.750000000000000000, -2.399999999999999911, -1.949999999999999956 ) ) ;
#4647 = SURFACE_STYLE_FILL_AREA ( #1984 ) ;
#4648 = ORIENTED_EDGE ( 'NONE', *, *, #4218, .F. ) ;
#4649 = AXIS2_PLACEMENT_3D ( 'NONE', #2496, #2874, #164 ) ;
#4650 = ORIENTED_EDGE ( 'NONE', *, *, #2954, .T. ) ;
#4651 = EDGE_CURVE ( 'NONE', #3807, #384, #1926, .T. ) ;
#4652 = FACE_OUTER_BOUND ( 'NONE', #1530, .T. ) ;
#4653 = LINE ( 'NONE', #518, #1810 ) ;
#4654 = MECHANICAL_DESIGN_GEOMETRIC_PRESENTATION_REPRESENTATION (  '', ( #4334 ), #4808 ) ;
#4655 = ORIENTED_EDGE ( 'NONE', *, *, #923, .T. ) ;
#4656 = ORIENTED_EDGE ( 'NONE', *, *, #652, .F. ) ;
#4657 = LINE ( 'NONE', #1288, #4864 ) ;
#4658 =( NAMED_UNIT ( * ) SI_UNIT ( $, .STERADIAN. ) SOLID_ANGLE_UNIT ( ) );
#4659 = DIRECTION ( 'NONE',  ( 1.000000000000000000, -0.000000000000000000, 0.000000000000000000 ) ) ;
#4660 = FACE_OUTER_BOUND ( 'NONE', #248, .T. ) ;
#4661 = LINE ( 'NONE', #160, #3112 ) ;
#4662 = ORIENTED_EDGE ( 'NONE', *, *, #679, .F. ) ;
#4663 = CARTESIAN_POINT ( 'NONE',  ( 3.250000000000000444, 1.500000000000000000, -2.549999999999999822 ) ) ;
#4664 = VERTEX_POINT ( 'NONE', #2046 ) ;
#4665 =( LENGTH_UNIT ( ) NAMED_UNIT ( * ) SI_UNIT ( .MILLI., .METRE. ) );
#4666 = DIRECTION ( 'NONE',  ( 0.000000000000000000, 1.000000000000000000, 0.000000000000000000 ) ) ;
#4667 = VECTOR ( 'NONE', #1395, 1000.000000000000000 ) ;
#4668 = DIRECTION ( 'NONE',  ( 1.000000000000000000, -0.000000000000000000, 0.000000000000000000 ) ) ;
#4669 = EDGE_CURVE ( 'NONE', #3902, #4017, #2839, .T. ) ;
#4670 = EDGE_LOOP ( 'NONE', ( #2350, #1429, #786, #4036 ) ) ;
#4671 = MECHANICAL_DESIGN_GEOMETRIC_PRESENTATION_REPRESENTATION (  '', ( #3881 ), #1858 ) ;
#4672 = ORIENTED_EDGE ( 'NONE', *, *, #3447, .T. ) ;
#4673 =( NAMED_UNIT ( * ) PLANE_ANGLE_UNIT ( ) SI_UNIT ( $, .RADIAN. ) );
#4674 = DIRECTION ( 'NONE',  ( 0.000000000000000000, 0.000000000000000000, -1.000000000000000000 ) ) ;
#4675 = EDGE_CURVE ( 'NONE', #814, #2509, #560, .T. ) ;
#4676 = ADVANCED_FACE ( 'NONE', ( #939 ), #913, .T. ) ;
#4677 = VECTOR ( 'NONE', #4899, 1000.000000000000000 ) ;
#4678 = FILL_AREA_STYLE ('',( #472 ) ) ;
#4679 = ORIENTED_EDGE ( 'NONE', *, *, #1787, .F. ) ;
#4680 = FILL_AREA_STYLE_COLOUR ( '', #3658 ) ;
#4681 = SURFACE_STYLE_FILL_AREA ( #3153 ) ;
#4682 = DIRECTION ( 'NONE',  ( 0.000000000000000000, -1.000000000000000000, -0.000000000000000000 ) ) ;
#4683 = PRESENTATION_STYLE_ASSIGNMENT (( #1168 ) ) ;
#4684 =( NAMED_UNIT ( * ) PLANE_ANGLE_UNIT ( ) SI_UNIT ( $, .RADIAN. ) );
#4685 = ORIENTED_EDGE ( 'NONE', *, *, #4945, .F. ) ;
#4686 = PLANE ( 'NONE',  #133 ) ;
#4687 = ORIENTED_EDGE ( 'NONE', *, *, #1969, .T. ) ;
#4688 = DIRECTION ( 'NONE',  ( 0.000000000000000000, 0.000000000000000000, 1.000000000000000000 ) ) ;
#4689 = CARTESIAN_POINT ( 'NONE',  ( 2.250000000000000444, 0.000000000000000000, 1.209799459665320764 ) ) ;
#4690 = SURFACE_STYLE_FILL_AREA ( #2475 ) ;
#4691 = PRESENTATION_LAYER_ASSIGNMENT (  '', '', ( #847 ) ) ;
#4692 = VERTEX_POINT ( 'NONE', #2070 ) ;
#4693 =( NAMED_UNIT ( * ) PLANE_ANGLE_UNIT ( ) SI_UNIT ( $, .RADIAN. ) );
#4694 = CARTESIAN_POINT ( 'NONE',  ( -0.2500000000000000000, 0.000000000000000000, 0.000000000000000000 ) ) ;
#4695 = ORIENTED_EDGE ( 'NONE', *, *, #2390, .F. ) ;
#4696 =( NAMED_UNIT ( * ) PLANE_ANGLE_UNIT ( ) SI_UNIT ( $, .RADIAN. ) );
#4697 = SURFACE_SIDE_STYLE ('',( #3168 ) ) ;
#4698 =( GEOMETRIC_REPRESENTATION_CONTEXT ( 3 ) GLOBAL_UNCERTAINTY_ASSIGNED_CONTEXT ( ( #953 ) ) GLOBAL_UNIT_ASSIGNED_CONTEXT ( ( #4374, #2065, #2408 ) ) REPRESENTATION_CONTEXT ( 'NONE', 'WORKASPACE' ) );
#4699 = DIRECTION ( 'NONE',  ( -0.000000000000000000, -1.000000000000000000, -0.000000000000000000 ) ) ;
#4700 = ADVANCED_FACE ( 'NONE', ( #3242 ), #3296, .T. ) ;
#4701 = MECHANICAL_DESIGN_GEOMETRIC_PRESENTATION_REPRESENTATION (  '', ( #2704 ), #524 ) ;
#4702 = EDGE_CURVE ( 'NONE', #3730, #3437, #3203, .T. ) ;
#4703 = CARTESIAN_POINT ( 'NONE',  ( 1.750000000000000000, -2.200000000000000178, -2.549999999999999822 ) ) ;
#4704 = VECTOR ( 'NONE', #4769, 1000.000000000000000 ) ;
#4705 = LINE ( 'NONE', #2914, #2532 ) ;
#4706 =( NAMED_UNIT ( * ) PLANE_ANGLE_UNIT ( ) SI_UNIT ( $, .RADIAN. ) );
#4707 = STYLED_ITEM ( 'NONE', ( #1250 ), #3362 ) ;
#4708 = LINE ( 'NONE', #1268, #4008 ) ;
#4709 = LINE ( 'NONE', #2025, #2008 ) ;
#4710 = CARTESIAN_POINT ( 'NONE',  ( 2.750000000000000000, -1.699999999999999956, 0.000000000000000000 ) ) ;
#4711 = ORIENTED_EDGE ( 'NONE', *, *, #4787, .T. ) ;
#4712 = MECHANICAL_DESIGN_GEOMETRIC_PRESENTATION_REPRESENTATION (  '', ( #2860 ), #4230 ) ;
#4713 = VECTOR ( 'NONE', #1273, 1000.000000000000000 ) ;
#4714 = CYLINDRICAL_SURFACE ( 'NONE', #1671, 0.2999999999999999334 ) ;
#4715 = DIRECTION ( 'NONE',  ( 1.000000000000000000, -0.000000000000000000, 0.000000000000000000 ) ) ;
#4716 = PLANE ( 'NONE',  #487 ) ;
#4717 = LINE ( 'NONE', #1177, #764 ) ;
#4718 = ORIENTED_EDGE ( 'NONE', *, *, #2223, .F. ) ;
#4719 = FACE_OUTER_BOUND ( 'NONE', #3425, .T. ) ;
#4720 = MECHANICAL_DESIGN_GEOMETRIC_PRESENTATION_REPRESENTATION (  '', ( #4247 ), #212 ) ;
#4721 = VERTEX_POINT ( 'NONE', #580 ) ;
#4722 = DIRECTION ( 'NONE',  ( 0.000000000000000000, 0.000000000000000000, -1.000000000000000000 ) ) ;
#4723 = UNCERTAINTY_MEASURE_WITH_UNIT (LENGTH_MEASURE( 1.000000000000000082E-05 ), #4168, 'distance_accuracy_value', 'NONE');
#4724 = DIRECTION ( 'NONE',  ( -0.000000000000000000, -0.000000000000000000, 1.000000000000000000 ) ) ;
#4725 = CARTESIAN_POINT ( 'NONE',  ( -0.2500000000000000000, -0.2500000000000000000, -4.400000000000000355 ) ) ;
#4726 = AXIS2_PLACEMENT_3D ( 'NONE', #2152, #4870, #1755 ) ;
#4727 = ORIENTED_EDGE ( 'NONE', *, *, #710, .T. ) ;
#4728 =( NAMED_UNIT ( * ) SI_UNIT ( $, .STERADIAN. ) SOLID_ANGLE_UNIT ( ) );
#4729 = AXIS2_PLACEMENT_3D ( 'NONE', #1549, #2706, #3502 ) ;
#4730 = DIRECTION ( 'NONE',  ( -1.000000000000000000, -0.000000000000000000, -0.000000000000000000 ) ) ;
#4731 = EDGE_CURVE ( 'NONE', #900, #544, #966, .T. ) ;
#4732 = FILL_AREA_STYLE_COLOUR ( '', #1463 ) ;
#4733 = LINE ( 'NONE', #912, #1030 ) ;
#4734 = SURFACE_SIDE_STYLE ('',( #3271 ) ) ;
#4735 = SURFACE_STYLE_FILL_AREA ( #1626 ) ;
#4736 = ORIENTED_EDGE ( 'NONE', *, *, #1914, .T. ) ;
#4737 = ADVANCED_FACE ( 'NONE', ( #603 ), #3625, .F. ) ;
#4738 = ADVANCED_FACE ( 'NONE', ( #1791 ), #315, .T. ) ;
#4739 = DIRECTION ( 'NONE',  ( -1.000000000000000000, 0.000000000000000000, -0.000000000000000000 ) ) ;
#4740 = ORIENTED_EDGE ( 'NONE', *, *, #3721, .F. ) ;
#4741 = LINE ( 'NONE', #3559, #1365 ) ;
#4742 = CARTESIAN_POINT ( 'NONE',  ( -2.250000000000000444, 0.000000000000000000, -2.600000000000000533 ) ) ;
#4743 = VERTEX_POINT ( 'NONE', #4857 ) ;
#4744 = VECTOR ( 'NONE', #4472, 1000.000000000000000 ) ;
#4745 = FILL_AREA_STYLE ('',( #205 ) ) ;
#4746 =( LENGTH_UNIT ( ) NAMED_UNIT ( * ) SI_UNIT ( .MILLI., .METRE. ) );
#4747 = FILL_AREA_STYLE ('',( #154 ) ) ;
#4748 = AXIS2_PLACEMENT_3D ( 'NONE', #2040, #882, #2402 ) ;
#4749 =( NAMED_UNIT ( * ) PLANE_ANGLE_UNIT ( ) SI_UNIT ( $, .RADIAN. ) );
#4750 = DIRECTION ( 'NONE',  ( 1.000000000000000000, -0.000000000000000000, 0.000000000000000000 ) ) ;
#4751 = FACE_OUTER_BOUND ( 'NONE', #1657, .T. ) ;
#4752 = AXIS2_PLACEMENT_3D ( 'NONE', #3529, #1644, #1124 ) ;
#4753 = CARTESIAN_POINT ( 'NONE',  ( 2.850002436224493341, 1.899999999999999911, -3.149999999999999911 ) ) ;
#4754 = CARTESIAN_POINT ( 'NONE',  ( -1.750000000000000000, 0.2500000000000000000, 0.000000000000000000 ) ) ;
#4755 = CARTESIAN_POINT ( 'NONE',  ( 2.250000000000000444, 0.000000000000000000, 0.000000000000000000 ) ) ;
#4756 = ORIENTED_EDGE ( 'NONE', *, *, #1235, .T. ) ;
#4757 = VECTOR ( 'NONE', #1073, 1000.000000000000000 ) ;
#4758 = PRESENTATION_STYLE_ASSIGNMENT (( #2901 ) ) ;
#4759 = ORIENTED_EDGE ( 'NONE', *, *, #772, .T. ) ;
#4760 = EDGE_CURVE ( 'NONE', #4692, #2862, #3606, .T. ) ;
#4761 = EDGE_CURVE ( 'NONE', #3453, #1778, #1403, .T. ) ;
#4762 = ORIENTED_EDGE ( 'NONE', *, *, #716, .T. ) ;
#4763 = LINE ( 'NONE', #616, #4431 ) ;
#4764 = FACE_OUTER_BOUND ( 'NONE', #3955, .T. ) ;
#4765 = FACE_OUTER_BOUND ( 'NONE', #2959, .T. ) ;
#4766 = ORIENTED_EDGE ( 'NONE', *, *, #3473, .T. ) ;
#4767 = PRESENTATION_STYLE_ASSIGNMENT (( #572 ) ) ;
#4768 = UNCERTAINTY_MEASURE_WITH_UNIT (LENGTH_MEASURE( 1.000000000000000082E-05 ), #1047, 'distance_accuracy_value', 'NONE');
#4769 = DIRECTION ( 'NONE',  ( 0.000000000000000000, 1.000000000000000000, 0.000000000000000000 ) ) ;
#4770 = ORIENTED_EDGE ( 'NONE', *, *, #2619, .T. ) ;
#4771 = PRESENTATION_LAYER_ASSIGNMENT (  '', '', ( #921 ) ) ;
#4772 = PLANE ( 'NONE',  #1696 ) ;
#4773 = FILL_AREA_STYLE_COLOUR ( '', #3904 ) ;
#4774 = AXIS2_PLACEMENT_3D ( 'NONE', #1300, #4888, #2597 ) ;
#4775 = COLOUR_RGB ( '',0.8627450980392157298, 0.5882352941176470784, 0.06274509803921568540 ) ;
#4776 = COLOUR_RGB ( '',0.8627450980392157298, 0.5882352941176470784, 0.06274509803921568540 ) ;
#4777 = SURFACE_SIDE_STYLE ('',( #2412 ) ) ;
#4778 = LINE ( 'NONE', #685, #198 ) ;
#4779 = VECTOR ( 'NONE', #3810, 1000.000000000000000 ) ;
#4780 = VECTOR ( 'NONE', #519, 1000.000000000000000 ) ;
#4781 =( LENGTH_UNIT ( ) NAMED_UNIT ( * ) SI_UNIT ( .MILLI., .METRE. ) );
#4782 = FILL_AREA_STYLE_COLOUR ( '', #1033 ) ;
#4783 = ORIENTED_EDGE ( 'NONE', *, *, #2465, .T. ) ;
#4784 = COLOUR_RGB ( '',0.8627450980392157298, 0.5882352941176470784, 0.06274509803921568540 ) ;
#4785 = FACE_OUTER_BOUND ( 'NONE', #4178, .T. ) ;
#4786 = ORIENTED_EDGE ( 'NONE', *, *, #3392, .F. ) ;
#4787 = EDGE_CURVE ( 'NONE', #3716, #1319, #1438, .T. ) ;
#4788 = ADVANCED_FACE ( 'NONE', ( #2221 ), #2196, .T. ) ;
#4789 = LINE ( 'NONE', #590, #4356 ) ;
#4790 = CARTESIAN_POINT ( 'NONE',  ( -2.250000000000000444, 2.399999999999999911, -1.949999999999999956 ) ) ;
#4791 = ORIENTED_EDGE ( 'NONE', *, *, #4452, .T. ) ;
#4792 = CYLINDRICAL_SURFACE ( 'NONE', #192, 1.000000000000000000 ) ;
#4793 =( LENGTH_UNIT ( ) NAMED_UNIT ( * ) SI_UNIT ( .MILLI., .METRE. ) );
#4794 = DIRECTION ( 'NONE',  ( 1.000000000000000000, 0.000000000000000000, 0.000000000000000000 ) ) ;
#4795 = EDGE_LOOP ( 'NONE', ( #3555, #1542, #2708, #2811 ) ) ;
#4796 = ADVANCED_FACE ( 'NONE', ( #1036 ), #2595, .T. ) ;
#4797 = EDGE_CURVE ( 'NONE', #4519, #1980, #1483, .T. ) ;
#4798 = CARTESIAN_POINT ( 'NONE',  ( 1.750000000000000000, -2.399999999999999911, 0.000000000000000000 ) ) ;
#4799 = SURFACE_SIDE_STYLE ('',( #1062 ) ) ;
#4800 = VECTOR ( 'NONE', #1646, 1000.000000000000000 ) ;
#4801 = CARTESIAN_POINT ( 'NONE',  ( -3.250000000000000888, 2.200000000000000178, -1.000000000000000000 ) ) ;
#4802 = PRESENTATION_LAYER_ASSIGNMENT (  '', '', ( #2649 ) ) ;
#4803 = FILL_AREA_STYLE ('',( #2797 ) ) ;
#4804 = DIRECTION ( 'NONE',  ( 1.000000000000000000, 0.000000000000000000, 0.000000000000000000 ) ) ;
#4805 = DIRECTION ( 'NONE',  ( 1.000000000000000000, 0.000000000000000000, 0.000000000000000000 ) ) ;
#4806 = SURFACE_SIDE_STYLE ('',( #1336 ) ) ;
#4807 = SURFACE_STYLE_FILL_AREA ( #2074 ) ;
#4808 =( GEOMETRIC_REPRESENTATION_CONTEXT ( 3 ) GLOBAL_UNCERTAINTY_ASSIGNED_CONTEXT ( ( #4217 ) ) GLOBAL_UNIT_ASSIGNED_CONTEXT ( ( #1183, #4693, #2400 ) ) REPRESENTATION_CONTEXT ( 'NONE', 'WORKASPACE' ) );
#4809 = ORIENTED_EDGE ( 'NONE', *, *, #1604, .F. ) ;
#4810 = CARTESIAN_POINT ( 'NONE',  ( -0.2500000000000000000, 0.000000000000000000, -1.949999999999999956 ) ) ;
#4811 = CARTESIAN_POINT ( 'NONE',  ( 1.750000000000000000, -2.399999999999999911, -1.949999999999999956 ) ) ;
#4812 = CARTESIAN_POINT ( 'NONE',  ( -3.260000000000000675, 0.2499999999999999445, -2.549999999999999822 ) ) ;
#4813 = PLANE ( 'NONE',  #4752 ) ;
#4814 =( NAMED_UNIT ( * ) SI_UNIT ( $, .STERADIAN. ) SOLID_ANGLE_UNIT ( ) );
#4815 = ORIENTED_EDGE ( 'NONE', *, *, #1576, .F. ) ;
#4816 = DIRECTION ( 'NONE',  ( 1.000000000000000000, -0.000000000000000000, 0.000000000000000000 ) ) ;
#4817 =( LENGTH_UNIT ( ) NAMED_UNIT ( * ) SI_UNIT ( .MILLI., .METRE. ) );
#4818 = UNCERTAINTY_MEASURE_WITH_UNIT (LENGTH_MEASURE( 1.000000000000000082E-05 ), #196, 'distance_accuracy_value', 'NONE');
#4819 = SURFACE_SIDE_STYLE ('',( #4100 ) ) ;
#4820 = ADVANCED_FACE ( 'NONE', ( #739 ), #1460, .T. ) ;
#4821 = PLANE ( 'NONE',  #3920 ) ;
#4822 = ORIENTED_EDGE ( 'NONE', *, *, #864, .T. ) ;
#4823 = CLOSED_SHELL ( 'NONE', ( #204, #3561, #2484, #3171, #1614, #2334, #1470, #1318 ) ) ;
#4824 = DIRECTION ( 'NONE',  ( 1.000000000000000000, 0.000000000000000000, -0.000000000000000000 ) ) ;
#4825 = UNCERTAINTY_MEASURE_WITH_UNIT (LENGTH_MEASURE( 1.000000000000000082E-05 ), #671, 'distance_accuracy_value', 'NONE');
#4826 = SURFACE_STYLE_FILL_AREA ( #4850 ) ;
#4827 = LINE ( 'NONE', #1786, #3575 ) ;
#4828 = ADVANCED_FACE ( 'NONE', ( #684 ), #1836, .T. ) ;
#4829 = PRESENTATION_LAYER_ASSIGNMENT (  '', '', ( #1061 ) ) ;
#4830 = DIRECTION ( 'NONE',  ( -1.000000000000000000, 0.000000000000000000, 0.000000000000000000 ) ) ;
#4831 = DIRECTION ( 'NONE',  ( 0.000000000000000000, 1.000000000000000000, 0.000000000000000000 ) ) ;
#4832 = CARTESIAN_POINT ( 'NONE',  ( -1.750000000000000000, 2.200000000000000178, -1.949999999999999956 ) ) ;
#4833 = CARTESIAN_POINT ( 'NONE',  ( -2.750000000000000000, -1.699999999999999956, 0.000000000000000000 ) ) ;
#4834 = COLOUR_RGB ( '',0.8431372549019607865, 0.8431372549019607865, 0.8431372549019607865 ) ;
#4835 = VECTOR ( 'NONE', #1798, 1000.000000000000000 ) ;
#4836 =( LENGTH_UNIT ( ) NAMED_UNIT ( * ) SI_UNIT ( .MILLI., .METRE. ) );
#4837 = ORIENTED_EDGE ( 'NONE', *, *, #2187, .T. ) ;
#4838 = DIRECTION ( 'NONE',  ( -1.000000000000000000, -0.000000000000000000, 0.000000000000000000 ) ) ;
#4839 = CARTESIAN_POINT ( 'NONE',  ( -2.250000000000000444, -1.500000000000000000, -2.600000000000000533 ) ) ;
#4840 = PRESENTATION_STYLE_ASSIGNMENT (( #3303 ) ) ;
#4841 = ORIENTED_EDGE ( 'NONE', *, *, #361, .F. ) ;
#4842 = LINE ( 'NONE', #1387, #4835 ) ;
#4843 =( LENGTH_UNIT ( ) NAMED_UNIT ( * ) SI_UNIT ( .MILLI., .METRE. ) );
#4844 = ORIENTED_EDGE ( 'NONE', *, *, #2767, .T. ) ;
#4845 = SURFACE_STYLE_USAGE ( .BOTH. , #3366 ) ;
#4846 = CARTESIAN_POINT ( 'NONE',  ( -2.250000000000000444, 1.100000000000000089, 1.209799459665320764 ) ) ;
#4847 = CARTESIAN_POINT ( 'NONE',  ( -2.250000000000000444, 0.000000000000000000, -2.549999999999999822 ) ) ;
#4848 = ORIENTED_EDGE ( 'NONE', *, *, #2885, .F. ) ;
#4849 = CARTESIAN_POINT ( 'NONE',  ( 3.250000000000000444, -0.2500000000000000000, -2.549999999999999822 ) ) ;
#4850 = FILL_AREA_STYLE ('',( #4773 ) ) ;
#4851 = CARTESIAN_POINT ( 'NONE',  ( 1.750000000000000000, 1.100000000000000089, 1.209799459665320764 ) ) ;
#4852 = COLOUR_RGB ( '',1.000000000000000000, 1.000000000000000000, 1.000000000000000000 ) ;
#4853 = ADVANCED_FACE ( 'NONE', ( #4525 ), #2626, .T. ) ;
#4854 = CARTESIAN_POINT ( 'NONE',  ( -3.260000000000000675, -1.500000000000000000, -2.549999999999999822 ) ) ;
#4855 = SURFACE_SIDE_STYLE ('',( #2244 ) ) ;
#4856 = EDGE_CURVE ( 'NONE', #2156, #1957, #789, .T. ) ;
#4857 = CARTESIAN_POINT ( 'NONE',  ( -2.250000000000000444, 2.200000000000000178, -1.949999999999999956 ) ) ;
#4858 = SURFACE_SIDE_STYLE ('',( #291 ) ) ;
#4859 = PRESENTATION_LAYER_ASSIGNMENT (  '', '', ( #4059 ) ) ;
#4860 = FILL_AREA_STYLE_COLOUR ( '', #4220 ) ;
#4861 = SURFACE_STYLE_FILL_AREA ( #1092 ) ;
#4862 = EDGE_CURVE ( 'NONE', #2887, #3902, #1142, .T. ) ;
#4863 = DIRECTION ( 'NONE',  ( 0.000000000000000000, 0.000000000000000000, -1.000000000000000000 ) ) ;
#4864 = VECTOR ( 'NONE', #2748, 1000.000000000000000 ) ;
#4865 = FILL_AREA_STYLE_COLOUR ( '', #905 ) ;
#4866 = ORIENTED_EDGE ( 'NONE', *, *, #2283, .T. ) ;
#4867 = PLANE ( 'NONE',  #366 ) ;
#4868 = CARTESIAN_POINT ( 'NONE',  ( 3.250000000000000444, 1.900000000000000133, -2.549999999999999822 ) ) ;
#4869 = AXIS2_PLACEMENT_3D ( 'NONE', #2146, #218, #4863 ) ;
#4870 = DIRECTION ( 'NONE',  ( 0.000000000000000000, -1.000000000000000000, 0.000000000000000000 ) ) ;
#4871 = ORIENTED_EDGE ( 'NONE', *, *, #1943, .F. ) ;
#4872 = PRODUCT_DEFINITION_CONTEXT ( 'detailed design', #4576, 'design' ) ;
#4873 = FACE_OUTER_BOUND ( 'NONE', #1870, .T. ) ;
#4874 =( NAMED_UNIT ( * ) SI_UNIT ( $, .STERADIAN. ) SOLID_ANGLE_UNIT ( ) );
#4875 = AXIS2_PLACEMENT_3D ( 'NONE', #1863, #369, #3428 ) ;
#4876 =( GEOMETRIC_REPRESENTATION_CONTEXT ( 3 ) GLOBAL_UNCERTAINTY_ASSIGNED_CONTEXT ( ( #646 ) ) GLOBAL_UNIT_ASSIGNED_CONTEXT ( ( #4405, #3273, #2943 ) ) REPRESENTATION_CONTEXT ( 'NONE', 'WORKASPACE' ) );
#4877 = CARTESIAN_POINT ( 'NONE',  ( 1.750000000000000000, -2.200000000000000178, -1.949999999999999956 ) ) ;
#4878 = CARTESIAN_POINT ( 'NONE',  ( 1.750000000000000000, 2.399999999999999911, -1.949999999999999956 ) ) ;
#4879 = VERTEX_POINT ( 'NONE', #371 ) ;
#4880 = VECTOR ( 'NONE', #2712, 1000.000000000000000 ) ;
#4881 = CARTESIAN_POINT ( 'NONE',  ( -2.950000000000000178, -1.899999999999999911, -2.549999999999999822 ) ) ;
#4882 = DIRECTION ( 'NONE',  ( -0.000000000000000000, -0.000000000000000000, 1.000000000000000000 ) ) ;
#4883 = VECTOR ( 'NONE', #819, 1000.000000000000000 ) ;
#4884 = LINE ( 'NONE', #1435, #3244 ) ;
#4885 = CARTESIAN_POINT ( 'NONE',  ( 3.250000000000000444, 2.200000000000000178, -1.000000000000000000 ) ) ;
#4886 = CARTESIAN_POINT ( 'NONE',  ( -2.950000000000000178, -1.899999999999999911, -3.149999999999999911 ) ) ;
#4887 = VECTOR ( 'NONE', #4682, 1000.000000000000000 ) ;
#4888 = DIRECTION ( 'NONE',  ( 0.000000000000000000, 0.000000000000000000, -1.000000000000000000 ) ) ;
#4889 = FILL_AREA_STYLE_COLOUR ( '', #1424 ) ;
#4890 = LINE ( 'NONE', #3378, #1686 ) ;
#4891 = CARTESIAN_POINT ( 'NONE',  ( 0.2500000000000000000, 0.2500000000000000000, 0.000000000000000000 ) ) ;
#4892 = DIRECTION ( 'NONE',  ( -1.000000000000000000, -0.000000000000000000, 0.000000000000000000 ) ) ;
#4893 = CARTESIAN_POINT ( 'NONE',  ( 1.750000000000000000, -1.100000000000000089, 1.209799459665320764 ) ) ;
#4894 = AXIS2_PLACEMENT_3D ( 'NONE', #4907, #2168, #264 ) ;
#4895 = CARTESIAN_POINT ( 'NONE',  ( -1.750000000000000000, 0.000000000000000000, 0.000000000000000000 ) ) ;
#4896 = EDGE_CURVE ( 'NONE', #1917, #2883, #760, .T. ) ;
#4897 = ADVANCED_FACE ( 'NONE', ( #1191 ), #1921, .T. ) ;
#4898 = ORIENTED_EDGE ( 'NONE', *, *, #2985, .T. ) ;
#4899 = DIRECTION ( 'NONE',  ( 1.000000000000000000, -0.000000000000000000, 0.000000000000000000 ) ) ;
#4900 = ORIENTED_EDGE ( 'NONE', *, *, #893, .T. ) ;
#4901 = FILL_AREA_STYLE_COLOUR ( '', #2676 ) ;
#4902 = ORIENTED_EDGE ( 'NONE', *, *, #3693, .T. ) ;
#4903 = CARTESIAN_POINT ( 'NONE',  ( 1.750000000000000000, 2.200000000000000178, -1.949999999999999956 ) ) ;
#4904 = DIRECTION ( 'NONE',  ( -0.000000000000000000, -1.000000000000000000, -0.000000000000000000 ) ) ;
#4905 = CLOSED_SHELL ( 'NONE', ( #4853, #265, #4549, #1788, #717, #2011 ) ) ;
#4906 = STYLED_ITEM ( 'NONE', ( #3585 ), #265 ) ;
#4907 = CARTESIAN_POINT ( 'NONE',  ( -3.260000000000000675, -1.500000000000000000, -2.549999999999999822 ) ) ;
#4908 = CARTESIAN_POINT ( 'NONE',  ( -0.2500000000000000000, -0.1000000000000000056, 1.699999999999999956 ) ) ;
#4909 = LINE ( 'NONE', #2996, #600 ) ;
#4910 = VECTOR ( 'NONE', #3523, 1000.000000000000000 ) ;
#4911 = PRESENTATION_STYLE_ASSIGNMENT (( #318 ) ) ;
#4912 = CARTESIAN_POINT ( 'NONE',  ( 1.750000000000000000, -0.1000000000000000056, 1.699999999999999956 ) ) ;
#4913 = CARTESIAN_POINT ( 'NONE',  ( 1.750000000000000000, -1.500000000000000000, -2.600000000000000533 ) ) ;
#4914 = CARTESIAN_POINT ( 'NONE',  ( 0.2500000000000000555, -2.200000000000000178, -2.549999999999999822 ) ) ;
#4915 = PLANE ( 'NONE',  #3422 ) ;
#4916 = ORIENTED_EDGE ( 'NONE', *, *, #1760, .F. ) ;
#4917 = PLANE ( 'NONE',  #2378 ) ;
#4918 = CARTESIAN_POINT ( 'NONE',  ( 0.2500000000000000000, 1.100000000000000089, 1.209799459665320764 ) ) ;
#4919 = ORIENTED_EDGE ( 'NONE', *, *, #485, .T. ) ;
#4920 = ADVANCED_FACE ( 'NONE', ( #4124 ), #1853, .T. ) ;
#4921 =( LENGTH_UNIT ( ) NAMED_UNIT ( * ) SI_UNIT ( .MILLI., .METRE. ) );
#4922 = CIRCLE ( 'NONE', #989, 1.000000000000000000 ) ;
#4923 = ORIENTED_EDGE ( 'NONE', *, *, #4862, .T. ) ;
#4924 = CARTESIAN_POINT ( 'NONE',  ( 0.2500000000000000000, -1.100000000000000089, 1.209799459665320764 ) ) ;
#4925 = ORIENTED_EDGE ( 'NONE', *, *, #167, .T. ) ;
#4926 = CARTESIAN_POINT ( 'NONE',  ( -2.950000000000000178, -1.899999999999999911, -2.949998945221000035 ) ) ;
#4927 = ORIENTED_EDGE ( 'NONE', *, *, #4207, .F. ) ;
#4928 = FACE_OUTER_BOUND ( 'NONE', #311, .T. ) ;
#4929 = SURFACE_STYLE_USAGE ( .BOTH. , #343 ) ;
#4930 = VECTOR ( 'NONE', #4547, 1000.000000000000000 ) ;
#4931 = CARTESIAN_POINT ( 'NONE',  ( 2.250000000000000444, 0.000000000000000000, 0.000000000000000000 ) ) ;
#4932 = DIRECTION ( 'NONE',  ( 1.000000000000000000, 0.000000000000000000, 0.000000000000000000 ) ) ;
#4933 = FACE_OUTER_BOUND ( 'NONE', #2735, .T. ) ;
#4934 = STYLED_ITEM ( 'NONE', ( #541 ), #1614 ) ;
#4935 = ORIENTED_EDGE ( 'NONE', *, *, #1701, .F. ) ;
#4936 = CARTESIAN_POINT ( 'NONE',  ( 2.650000000000000355, 1.899999999999999911, -2.549999999999999822 ) ) ;
#4937 = DIRECTION ( 'NONE',  ( 1.000000000000000000, 0.000000000000000000, 0.000000000000000000 ) ) ;
#4938 = CARTESIAN_POINT ( 'NONE',  ( 1.750000000000000000, -2.399999999999999911, -2.600000000000000533 ) ) ;
#4939 = ORIENTED_EDGE ( 'NONE', *, *, #4943, .T. ) ;
#4940 = CIRCLE ( 'NONE', #3655, 1.000000000000000000 ) ;
#4941 = PRESENTATION_STYLE_ASSIGNMENT (( #4845 ) ) ;
#4942 = FILL_AREA_STYLE_COLOUR ( '', #119 ) ;
#4943 = EDGE_CURVE ( 'NONE', #3568, #1935, #4544, .T. ) ;
#4944 = PRESENTATION_LAYER_ASSIGNMENT (  '', '', ( #1097 ) ) ;
#4945 = EDGE_CURVE ( 'NONE', #432, #1217, #2209, .T. ) ;
#4946 = STYLED_ITEM ( 'NONE', ( #3565 ), #2153 ) ;
#4947 = CARTESIAN_POINT ( 'NONE',  ( -3.250000000000000444, -2.200000000000000178, -1.000000000000000000 ) ) ;
#4948 = ORIENTED_EDGE ( 'NONE', *, *, #2124, .F. ) ;
#4949 = STYLED_ITEM ( 'NONE', ( #2039 ), #3538 ) ;
#4950 = DIRECTION ( 'NONE',  ( 0.000000000000000000, 0.000000000000000000, -1.000000000000000000 ) ) ;
#4951 = COLOUR_RGB ( '',0.8627450980392157298, 0.5882352941176470784, 0.06274509803921568540 ) ;
#4952 = SURFACE_SIDE_STYLE ('',( #3421 ) ) ;
#4953 = ADVANCED_FACE ( 'NONE', ( #3739 ), #2646, .T. ) ;
#4954 = ADVANCED_FACE ( 'NONE', ( #1361 ), #995, .T. ) ;
#4955 = EDGE_LOOP ( 'NONE', ( #1507, #3683, #1939, #2027 ) ) ;
#4956 = LINE ( 'NONE', #3958, #2953 ) ;
#4957 = ORIENTED_EDGE ( 'NONE', *, *, #190, .T. ) ;
#4958 = LINE ( 'NONE', #3455, #4226 ) ;
#4959 = LINE ( 'NONE', #2703, #1091 ) ;
#4960 = PRESENTATION_LAYER_ASSIGNMENT (  '', '', ( #2311 ) ) ;
#4961 = COLOUR_RGB ( '',0.8627450980392157298, 0.5882352941176470784, 0.06274509803921568540 ) ;
#4962 = CARTESIAN_POINT ( 'NONE',  ( 2.250000000000000444, -0.1000000000000000056, 1.699999999999999956 ) ) ;
#4963 = EDGE_LOOP ( 'NONE', ( #3021, #2389, #4020, #4672 ) ) ;
#4964 = LINE ( 'NONE', #4893, #1733 ) ;
#4965 = MECHANICAL_DESIGN_GEOMETRIC_PRESENTATION_REPRESENTATION (  '', ( #1277 ), #4165 ) ;
#4966 = EDGE_LOOP ( 'NONE', ( #2245, #4258, #150, #3853 ) ) ;
#4967 = CARTESIAN_POINT ( 'NONE',  ( 0.2500000000000000000, -1.500000000000000000, -2.600000000000000533 ) ) ;
#4968 = STYLED_ITEM ( 'NONE', ( #4758 ), #4368 ) ;
#4969 = EDGE_LOOP ( 'NONE', ( #3834, #1164, #3828, #1561 ) ) ;
#4970 = DIRECTION ( 'NONE',  ( 1.000000000000000000, 0.000000000000000000, 0.000000000000000000 ) ) ;
#4971 =( GEOMETRIC_REPRESENTATION_CONTEXT ( 3 ) GLOBAL_UNCERTAINTY_ASSIGNED_CONTEXT ( ( #3767 ) ) GLOBAL_UNIT_ASSIGNED_CONTEXT ( ( #186, #2896, #890 ) ) REPRESENTATION_CONTEXT ( 'NONE', 'WORKASPACE' ) );
#4972 = VERTEX_POINT ( 'NONE', #3660 ) ;
#4973 = PRODUCT_RELATED_PRODUCT_CATEGORY ( 'part', '', ( #3781 ) ) ;
#4974 = COLOUR_RGB ( '',0.8627450980392157298, 0.5882352941176470784, 0.06274509803921568540 ) ;
#4975 = DIRECTION ( 'NONE',  ( -0.000000000000000000, 0.000000000000000000, -1.000000000000000000 ) ) ;
ENDSEC;
END-ISO-10303-21;
