ISO-10303-21;
HEADER;
FILE_DESCRIPTION(('STEP AP242'),'1');
FILE_NAME('s7091-42r.stp','2023-10-17T08:14:44',('TraceParts'),('TraceParts S.A.'),'Spatial InterOp 3D',' ',' ');
FILE_SCHEMA(('AP242_MANAGED_MODEL_BASED_3D_ENGINEERING_MIM_LF  {1 0 10303 442 1 1 4}'));
ENDSEC;
DATA;
#1=MECHANICAL_DESIGN_GEOMETRIC_PRESENTATION_REPRESENTATION(' ',(#10,#11,#12,#13,#14,#15,#16,#17,#18,#19,#20,#21,#22,#23,#24,#25,#26,#27,#28,#29,#30,#31,#32,#33,#34,#35,#36,#37,#38,#39,#40,#41,#42,#43,#44,#45,#46,#47,#48,#49,#50,#51,#52,#53,#54,#55,#56,#57,#58,#59,#60,#61,#62,#63,#64,#65,#66,#67,#68,#69,#70,#71),#6);
#2=PRODUCT_DEFINITION_CONTEXT('',#72,'design');
#3=APPLICATION_PROTOCOL_DEFINITION('INTERNATIONAL STANDARD','ap242_managed_model_based_3d_engineering',2014,#72);
#4=PRODUCT_CATEGORY_RELATIONSHIP('NONE','NONE',#73,#74);
#5=SHAPE_DEFINITION_REPRESENTATION(#75,#76);
#6= (GEOMETRIC_REPRESENTATION_CONTEXT(3)GLOBAL_UNCERTAINTY_ASSIGNED_CONTEXT((#79))GLOBAL_UNIT_ASSIGNED_CONTEXT((#81,#82,#83))REPRESENTATION_CONTEXT('NONE','WORKSPACE'));
#10=STYLED_ITEM('',(#85),#86);
#11=STYLED_ITEM('',(#87),#88);
#12=STYLED_ITEM('',(#89),#90);
#13=STYLED_ITEM('',(#91),#92);
#14=STYLED_ITEM('',(#93),#94);
#15=STYLED_ITEM('',(#95),#96);
#16=STYLED_ITEM('',(#97),#98);
#17=STYLED_ITEM('',(#99),#100);
#18=STYLED_ITEM('',(#101),#102);
#19=STYLED_ITEM('',(#103),#104);
#20=STYLED_ITEM('',(#105),#106);
#21=STYLED_ITEM('',(#107),#108);
#22=STYLED_ITEM('',(#109),#110);
#23=STYLED_ITEM('',(#111),#112);
#24=STYLED_ITEM('',(#113),#114);
#25=STYLED_ITEM('',(#115),#116);
#26=STYLED_ITEM('',(#117),#118);
#27=STYLED_ITEM('',(#119),#120);
#28=STYLED_ITEM('',(#121),#122);
#29=STYLED_ITEM('',(#123),#124);
#30=STYLED_ITEM('',(#125),#126);
#31=STYLED_ITEM('',(#127),#128);
#32=STYLED_ITEM('',(#129),#130);
#33=STYLED_ITEM('',(#131),#132);
#34=STYLED_ITEM('',(#133),#134);
#35=STYLED_ITEM('',(#135),#136);
#36=STYLED_ITEM('',(#137),#138);
#37=STYLED_ITEM('',(#139),#140);
#38=STYLED_ITEM('',(#141),#142);
#39=STYLED_ITEM('',(#143),#144);
#40=STYLED_ITEM('',(#145),#146);
#41=STYLED_ITEM('',(#147),#148);
#42=STYLED_ITEM('',(#149),#150);
#43=STYLED_ITEM('',(#151),#152);
#44=STYLED_ITEM('',(#153),#154);
#45=STYLED_ITEM('',(#155),#156);
#46=STYLED_ITEM('',(#157),#158);
#47=STYLED_ITEM('',(#159),#160);
#48=STYLED_ITEM('',(#161),#162);
#49=STYLED_ITEM('',(#163),#164);
#50=STYLED_ITEM('',(#165),#166);
#51=STYLED_ITEM('',(#167),#168);
#52=STYLED_ITEM('',(#169),#170);
#53=STYLED_ITEM('',(#171),#172);
#54=STYLED_ITEM('',(#173),#174);
#55=STYLED_ITEM('',(#175),#176);
#56=STYLED_ITEM('',(#177),#178);
#57=STYLED_ITEM('',(#179),#180);
#58=STYLED_ITEM('',(#181),#182);
#59=STYLED_ITEM('',(#183),#184);
#60=STYLED_ITEM('',(#185),#186);
#61=STYLED_ITEM('',(#187),#188);
#62=STYLED_ITEM('',(#189),#190);
#63=STYLED_ITEM('',(#191),#192);
#64=STYLED_ITEM('',(#193),#194);
#65=STYLED_ITEM('',(#195),#196);
#66=STYLED_ITEM('',(#197),#198);
#67=STYLED_ITEM('',(#199),#200);
#68=STYLED_ITEM('',(#201),#202);
#69=STYLED_ITEM('',(#203),#204);
#70=STYLED_ITEM('',(#205),#206);
#71=STYLED_ITEM('',(#207),#208);
#72=APPLICATION_CONTEXT('managed model based 3d engineering');
#73=PRODUCT_CATEGORY('part','NONE');
#74=PRODUCT_RELATED_PRODUCT_CATEGORY('detail',' ',(#209));
#75=PRODUCT_DEFINITION_SHAPE('NONE','NONE',#210);
#76=ADVANCED_BREP_SHAPE_REPRESENTATION('s7091-42r',(#208,#211),#6);
#79=UNCERTAINTY_MEASURE_WITH_UNIT(LENGTH_MEASURE(1.0E-06),#81,'','');
#81= (CONVERSION_BASED_UNIT('MILLIMETRE',#214)LENGTH_UNIT()NAMED_UNIT(#217));
#82= (NAMED_UNIT(#219)PLANE_ANGLE_UNIT()SI_UNIT($,.RADIAN.));
#83= (NAMED_UNIT(#219)SOLID_ANGLE_UNIT()SI_UNIT($,.STERADIAN.));
#85=PRESENTATION_STYLE_ASSIGNMENT((#225));
#86=ADVANCED_FACE('',(#226),#227,.T.);
#87=PRESENTATION_STYLE_ASSIGNMENT((#228));
#88=ADVANCED_FACE('',(#229),#230,.T.);
#89=PRESENTATION_STYLE_ASSIGNMENT((#231));
#90=ADVANCED_FACE('',(#232),#233,.F.);
#91=PRESENTATION_STYLE_ASSIGNMENT((#234));
#92=ADVANCED_FACE('',(#235),#236,.F.);
#93=PRESENTATION_STYLE_ASSIGNMENT((#237));
#94=ADVANCED_FACE('',(#238),#239,.T.);
#95=PRESENTATION_STYLE_ASSIGNMENT((#240));
#96=ADVANCED_FACE('',(#241),#242,.F.);
#97=PRESENTATION_STYLE_ASSIGNMENT((#243));
#98=ADVANCED_FACE('',(#244),#245,.F.);
#99=PRESENTATION_STYLE_ASSIGNMENT((#246));
#100=ADVANCED_FACE('',(#247),#248,.T.);
#101=PRESENTATION_STYLE_ASSIGNMENT((#249));
#102=ADVANCED_FACE('',(#250),#251,.T.);
#103=PRESENTATION_STYLE_ASSIGNMENT((#252));
#104=ADVANCED_FACE('',(#253),#254,.T.);
#105=PRESENTATION_STYLE_ASSIGNMENT((#255));
#106=ADVANCED_FACE('',(#256),#257,.T.);
#107=PRESENTATION_STYLE_ASSIGNMENT((#258));
#108=ADVANCED_FACE('',(#259,#260),#261,.T.);
#109=PRESENTATION_STYLE_ASSIGNMENT((#262));
#110=ADVANCED_FACE('',(#263),#264,.F.);
#111=PRESENTATION_STYLE_ASSIGNMENT((#265));
#112=ADVANCED_FACE('',(#266),#267,.F.);
#113=PRESENTATION_STYLE_ASSIGNMENT((#268));
#114=ADVANCED_FACE('',(#269),#270,.F.);
#115=PRESENTATION_STYLE_ASSIGNMENT((#271));
#116=ADVANCED_FACE('',(#272),#273,.F.);
#117=PRESENTATION_STYLE_ASSIGNMENT((#274));
#118=ADVANCED_FACE('',(#275,#276),#277,.T.);
#119=PRESENTATION_STYLE_ASSIGNMENT((#278));
#120=ADVANCED_FACE('',(#279),#280,.F.);
#121=PRESENTATION_STYLE_ASSIGNMENT((#281));
#122=ADVANCED_FACE('',(#282),#283,.F.);
#123=PRESENTATION_STYLE_ASSIGNMENT((#284));
#124=ADVANCED_FACE('',(#285),#286,.T.);
#125=PRESENTATION_STYLE_ASSIGNMENT((#287));
#126=ADVANCED_FACE('',(#288),#289,.F.);
#127=PRESENTATION_STYLE_ASSIGNMENT((#290));
#128=ADVANCED_FACE('',(#291),#292,.F.);
#129=PRESENTATION_STYLE_ASSIGNMENT((#293));
#130=ADVANCED_FACE('',(#294),#295,.T.);
#131=PRESENTATION_STYLE_ASSIGNMENT((#296));
#132=ADVANCED_FACE('',(#297),#298,.T.);
#133=PRESENTATION_STYLE_ASSIGNMENT((#299));
#134=ADVANCED_FACE('',(#300),#301,.F.);
#135=PRESENTATION_STYLE_ASSIGNMENT((#302));
#136=ADVANCED_FACE('',(#303),#304,.F.);
#137=PRESENTATION_STYLE_ASSIGNMENT((#305));
#138=ADVANCED_FACE('',(#306),#307,.T.);
#139=PRESENTATION_STYLE_ASSIGNMENT((#308));
#140=ADVANCED_FACE('',(#309),#310,.F.);
#141=PRESENTATION_STYLE_ASSIGNMENT((#311));
#142=ADVANCED_FACE('',(#312),#313,.F.);
#143=PRESENTATION_STYLE_ASSIGNMENT((#314));
#144=ADVANCED_FACE('',(#315),#316,.F.);
#145=PRESENTATION_STYLE_ASSIGNMENT((#317));
#146=ADVANCED_FACE('',(#318),#319,.F.);
#147=PRESENTATION_STYLE_ASSIGNMENT((#320));
#148=ADVANCED_FACE('',(#321),#322,.F.);
#149=PRESENTATION_STYLE_ASSIGNMENT((#323));
#150=ADVANCED_FACE('',(#324),#325,.T.);
#151=PRESENTATION_STYLE_ASSIGNMENT((#326));
#152=ADVANCED_FACE('',(#327),#328,.F.);
#153=PRESENTATION_STYLE_ASSIGNMENT((#329));
#154=ADVANCED_FACE('',(#330),#331,.F.);
#155=PRESENTATION_STYLE_ASSIGNMENT((#332));
#156=ADVANCED_FACE('',(#333),#334,.T.);
#157=PRESENTATION_STYLE_ASSIGNMENT((#335));
#158=ADVANCED_FACE('',(#336),#337,.F.);
#159=PRESENTATION_STYLE_ASSIGNMENT((#338));
#160=ADVANCED_FACE('',(#339),#340,.T.);
#161=PRESENTATION_STYLE_ASSIGNMENT((#341));
#162=ADVANCED_FACE('',(#342),#343,.F.);
#163=PRESENTATION_STYLE_ASSIGNMENT((#344));
#164=ADVANCED_FACE('',(#345),#346,.T.);
#165=PRESENTATION_STYLE_ASSIGNMENT((#347));
#166=ADVANCED_FACE('',(#348),#349,.T.);
#167=PRESENTATION_STYLE_ASSIGNMENT((#350));
#168=ADVANCED_FACE('',(#351),#352,.F.);
#169=PRESENTATION_STYLE_ASSIGNMENT((#353));
#170=ADVANCED_FACE('',(#354),#355,.T.);
#171=PRESENTATION_STYLE_ASSIGNMENT((#356));
#172=ADVANCED_FACE('',(#357),#358,.T.);
#173=PRESENTATION_STYLE_ASSIGNMENT((#359));
#174=ADVANCED_FACE('',(#360),#361,.T.);
#175=PRESENTATION_STYLE_ASSIGNMENT((#362));
#176=ADVANCED_FACE('',(#363),#364,.F.);
#177=PRESENTATION_STYLE_ASSIGNMENT((#365));
#178=ADVANCED_FACE('',(#366),#367,.F.);
#179=PRESENTATION_STYLE_ASSIGNMENT((#368));
#180=ADVANCED_FACE('',(#369),#370,.F.);
#181=PRESENTATION_STYLE_ASSIGNMENT((#371));
#182=ADVANCED_FACE('',(#372),#373,.T.);
#183=PRESENTATION_STYLE_ASSIGNMENT((#374));
#184=ADVANCED_FACE('',(#375),#376,.T.);
#185=PRESENTATION_STYLE_ASSIGNMENT((#377));
#186=ADVANCED_FACE('',(#378),#379,.T.);
#187=PRESENTATION_STYLE_ASSIGNMENT((#380));
#188=ADVANCED_FACE('',(#381),#382,.F.);
#189=PRESENTATION_STYLE_ASSIGNMENT((#383));
#190=ADVANCED_FACE('',(#384),#385,.F.);
#191=PRESENTATION_STYLE_ASSIGNMENT((#386));
#192=ADVANCED_FACE('',(#387),#388,.F.);
#193=PRESENTATION_STYLE_ASSIGNMENT((#389));
#194=ADVANCED_FACE('',(#390),#391,.F.);
#195=PRESENTATION_STYLE_ASSIGNMENT((#392));
#196=ADVANCED_FACE('',(#393),#394,.T.);
#197=PRESENTATION_STYLE_ASSIGNMENT((#395));
#198=ADVANCED_FACE('',(#396),#397,.T.);
#199=PRESENTATION_STYLE_ASSIGNMENT((#398));
#200=ADVANCED_FACE('',(#399),#400,.F.);
#201=PRESENTATION_STYLE_ASSIGNMENT((#401));
#202=ADVANCED_FACE('',(#402),#403,.F.);
#203=PRESENTATION_STYLE_ASSIGNMENT((#404));
#204=ADVANCED_FACE('',(#405),#406,.F.);
#205=PRESENTATION_STYLE_ASSIGNMENT((#407));
#206=ADVANCED_FACE('',(#408),#409,.T.);
#207=PRESENTATION_STYLE_ASSIGNMENT((#410));
#208=MANIFOLD_SOLID_BREP('s7091-42r',#411);
#209=PRODUCT('s7091-42r','','PART--DESC',(#412));
#210=PRODUCT_DEFINITION('','NONE',#413,#2);
#211=AXIS2_PLACEMENT_3D('',#414,#415,#416);
#214=LENGTH_MEASURE_WITH_UNIT(LENGTH_MEASURE(1.0),#417);
#217=DIMENSIONAL_EXPONENTS(1.0,0.0,0.0,0.0,0.0,0.0,0.0);
#219=DIMENSIONAL_EXPONENTS(0.0,0.0,0.0,0.0,0.0,0.0,0.0);
#225=SURFACE_STYLE_USAGE(.BOTH.,#418);
#226=FACE_OUTER_BOUND('',#419,.T.);
#227=CYLINDRICAL_SURFACE('',#420,0.7);
#228=SURFACE_STYLE_USAGE(.BOTH.,#421);
#229=FACE_OUTER_BOUND('',#422,.T.);
#230=CYLINDRICAL_SURFACE('',#423,0.45);
#231=SURFACE_STYLE_USAGE(.BOTH.,#424);
#232=FACE_OUTER_BOUND('',#425,.T.);
#233=CYLINDRICAL_SURFACE('',#426,0.6);
#234=SURFACE_STYLE_USAGE(.BOTH.,#427);
#235=FACE_OUTER_BOUND('',#428,.T.);
#236=CYLINDRICAL_SURFACE('',#429,0.35);
#237=SURFACE_STYLE_USAGE(.BOTH.,#430);
#238=FACE_OUTER_BOUND('',#431,.T.);
#239=PLANE('',#432);
#240=SURFACE_STYLE_USAGE(.BOTH.,#433);
#241=FACE_OUTER_BOUND('',#434,.T.);
#242=PLANE('',#435);
#243=SURFACE_STYLE_USAGE(.BOTH.,#436);
#244=FACE_OUTER_BOUND('',#437,.T.);
#245=PLANE('',#438);
#246=SURFACE_STYLE_USAGE(.BOTH.,#439);
#247=FACE_OUTER_BOUND('',#440,.T.);
#248=CYLINDRICAL_SURFACE('',#441,0.6124408106613);
#249=SURFACE_STYLE_USAGE(.BOTH.,#442);
#250=FACE_OUTER_BOUND('',#443,.T.);
#251=PLANE('',#444);
#252=SURFACE_STYLE_USAGE(.BOTH.,#445);
#253=FACE_OUTER_BOUND('',#446,.T.);
#254=PLANE('',#447);
#255=SURFACE_STYLE_USAGE(.BOTH.,#448);
#256=FACE_OUTER_BOUND('',#449,.T.);
#257=PLANE('',#450);
#258=SURFACE_STYLE_USAGE(.BOTH.,#451);
#259=FACE_OUTER_BOUND('',#452,.T.);
#260=FACE_BOUND('',#453,.T.);
#261=PLANE('',#454);
#262=SURFACE_STYLE_USAGE(.BOTH.,#455);
#263=FACE_OUTER_BOUND('',#456,.T.);
#264=CYLINDRICAL_SURFACE('',#457,0.32);
#265=SURFACE_STYLE_USAGE(.BOTH.,#458);
#266=FACE_OUTER_BOUND('',#459,.T.);
#267=PLANE('',#460);
#268=SURFACE_STYLE_USAGE(.BOTH.,#461);
#269=FACE_OUTER_BOUND('',#462,.T.);
#270=CYLINDRICAL_SURFACE('',#463,0.32);
#271=SURFACE_STYLE_USAGE(.BOTH.,#464);
#272=FACE_OUTER_BOUND('',#465,.T.);
#273=PLANE('',#466);
#274=SURFACE_STYLE_USAGE(.BOTH.,#467);
#275=FACE_OUTER_BOUND('',#468,.T.);
#276=FACE_BOUND('',#469,.T.);
#277=PLANE('',#470);
#278=SURFACE_STYLE_USAGE(.BOTH.,#471);
#279=FACE_OUTER_BOUND('',#472,.T.);
#280=PLANE('',#473);
#281=SURFACE_STYLE_USAGE(.BOTH.,#474);
#282=FACE_OUTER_BOUND('',#475,.T.);
#283=CYLINDRICAL_SURFACE('',#476,0.2);
#284=SURFACE_STYLE_USAGE(.BOTH.,#477);
#285=FACE_OUTER_BOUND('',#478,.T.);
#286=PLANE('',#479);
#287=SURFACE_STYLE_USAGE(.BOTH.,#480);
#288=FACE_OUTER_BOUND('',#481,.T.);
#289=CYLINDRICAL_SURFACE('',#482,0.2);
#290=SURFACE_STYLE_USAGE(.BOTH.,#483);
#291=FACE_OUTER_BOUND('',#484,.T.);
#292=PLANE('',#485);
#293=SURFACE_STYLE_USAGE(.BOTH.,#486);
#294=FACE_OUTER_BOUND('',#487,.T.);
#295=CYLINDRICAL_SURFACE('',#488,0.25);
#296=SURFACE_STYLE_USAGE(.BOTH.,#489);
#297=FACE_OUTER_BOUND('',#490,.T.);
#298=CYLINDRICAL_SURFACE('',#491,0.25);
#299=SURFACE_STYLE_USAGE(.BOTH.,#492);
#300=FACE_OUTER_BOUND('',#493,.T.);
#301=PLANE('',#494);
#302=SURFACE_STYLE_USAGE(.BOTH.,#495);
#303=FACE_OUTER_BOUND('',#496,.T.);
#304=PLANE('',#497);
#305=SURFACE_STYLE_USAGE(.BOTH.,#498);
#306=FACE_OUTER_BOUND('',#499,.T.);
#307=CYLINDRICAL_SURFACE('',#500,0.25);
#308=SURFACE_STYLE_USAGE(.BOTH.,#501);
#309=FACE_OUTER_BOUND('',#502,.T.);
#310=PLANE('',#503);
#311=SURFACE_STYLE_USAGE(.BOTH.,#504);
#312=FACE_OUTER_BOUND('',#505,.T.);
#313=CYLINDRICAL_SURFACE('',#506,0.1);
#314=SURFACE_STYLE_USAGE(.BOTH.,#507);
#315=FACE_OUTER_BOUND('',#508,.T.);
#316=PLANE('',#509);
#317=SURFACE_STYLE_USAGE(.BOTH.,#510);
#318=FACE_OUTER_BOUND('',#511,.T.);
#319=CYLINDRICAL_SURFACE('',#512,0.1);
#320=SURFACE_STYLE_USAGE(.BOTH.,#513);
#321=FACE_OUTER_BOUND('',#514,.T.);
#322=PLANE('',#515);
#323=SURFACE_STYLE_USAGE(.BOTH.,#516);
#324=FACE_OUTER_BOUND('',#517,.T.);
#325=CYLINDRICAL_SURFACE('',#518,0.25);
#326=SURFACE_STYLE_USAGE(.BOTH.,#519);
#327=FACE_OUTER_BOUND('',#520,.T.);
#328=PLANE('',#521);
#329=SURFACE_STYLE_USAGE(.BOTH.,#522);
#330=FACE_OUTER_BOUND('',#523,.T.);
#331=PLANE('',#524);
#332=SURFACE_STYLE_USAGE(.BOTH.,#525);
#333=FACE_OUTER_BOUND('',#526,.T.);
#334=PLANE('',#527);
#335=SURFACE_STYLE_USAGE(.BOTH.,#528);
#336=FACE_OUTER_BOUND('',#529,.T.);
#337=CYLINDRICAL_SURFACE('',#530,0.5124408106613);
#338=SURFACE_STYLE_USAGE(.BOTH.,#531);
#339=FACE_OUTER_BOUND('',#532,.T.);
#340=PLANE('',#533);
#341=SURFACE_STYLE_USAGE(.BOTH.,#534);
#342=FACE_OUTER_BOUND('',#535,.T.);
#343=CYLINDRICAL_SURFACE('',#536,0.35);
#344=SURFACE_STYLE_USAGE(.BOTH.,#537);
#345=FACE_OUTER_BOUND('',#538,.T.);
#346=PLANE('',#539);
#347=SURFACE_STYLE_USAGE(.BOTH.,#540);
#348=FACE_OUTER_BOUND('',#541,.T.);
#349=PLANE('',#542);
#350=SURFACE_STYLE_USAGE(.BOTH.,#543);
#351=FACE_OUTER_BOUND('',#544,.T.);
#352=CYLINDRICAL_SURFACE('',#545,0.6);
#353=SURFACE_STYLE_USAGE(.BOTH.,#546);
#354=FACE_OUTER_BOUND('',#547,.T.);
#355=CYLINDRICAL_SURFACE('',#548,0.45);
#356=SURFACE_STYLE_USAGE(.BOTH.,#549);
#357=FACE_OUTER_BOUND('',#550,.T.);
#358=PLANE('',#551);
#359=SURFACE_STYLE_USAGE(.BOTH.,#552);
#360=FACE_OUTER_BOUND('',#553,.T.);
#361=CYLINDRICAL_SURFACE('',#554,0.25);
#362=SURFACE_STYLE_USAGE(.BOTH.,#555);
#363=FACE_OUTER_BOUND('',#556,.T.);
#364=PLANE('',#557);
#365=SURFACE_STYLE_USAGE(.BOTH.,#558);
#366=FACE_OUTER_BOUND('',#559,.T.);
#367=CYLINDRICAL_SURFACE('',#560,0.1);
#368=SURFACE_STYLE_USAGE(.BOTH.,#561);
#369=FACE_OUTER_BOUND('',#562,.T.);
#370=PLANE('',#563);
#371=SURFACE_STYLE_USAGE(.BOTH.,#564);
#372=FACE_OUTER_BOUND('',#565,.T.);
#373=CYLINDRICAL_SURFACE('',#566,0.1);
#374=SURFACE_STYLE_USAGE(.BOTH.,#567);
#375=FACE_OUTER_BOUND('',#568,.T.);
#376=CYLINDRICAL_SURFACE('',#569,0.7);
#377=SURFACE_STYLE_USAGE(.BOTH.,#570);
#378=FACE_OUTER_BOUND('',#571,.T.);
#379=CYLINDRICAL_SURFACE('',#572,0.25);
#380=SURFACE_STYLE_USAGE(.BOTH.,#573);
#381=FACE_OUTER_BOUND('',#574,.T.);
#382=CYLINDRICAL_SURFACE('',#575,0.1);
#383=SURFACE_STYLE_USAGE(.BOTH.,#576);
#384=FACE_OUTER_BOUND('',#577,.T.);
#385=PLANE('',#578);
#386=SURFACE_STYLE_USAGE(.BOTH.,#579);
#387=FACE_OUTER_BOUND('',#580,.T.);
#388=CYLINDRICAL_SURFACE('',#581,0.1);
#389=SURFACE_STYLE_USAGE(.BOTH.,#582);
#390=FACE_OUTER_BOUND('',#583,.T.);
#391=PLANE('',#584);
#392=SURFACE_STYLE_USAGE(.BOTH.,#585);
#393=FACE_OUTER_BOUND('',#586,.T.);
#394=CYLINDRICAL_SURFACE('',#587,0.25);
#395=SURFACE_STYLE_USAGE(.BOTH.,#588);
#396=FACE_OUTER_BOUND('',#589,.T.);
#397=CYLINDRICAL_SURFACE('',#590,0.25);
#398=SURFACE_STYLE_USAGE(.BOTH.,#591);
#399=FACE_OUTER_BOUND('',#592,.T.);
#400=PLANE('',#593);
#401=SURFACE_STYLE_USAGE(.BOTH.,#594);
#402=FACE_OUTER_BOUND('',#595,.T.);
#403=CYLINDRICAL_SURFACE('',#596,0.1);
#404=SURFACE_STYLE_USAGE(.BOTH.,#597);
#405=FACE_OUTER_BOUND('',#598,.T.);
#406=PLANE('',#599);
#407=SURFACE_STYLE_USAGE(.BOTH.,#600);
#408=FACE_OUTER_BOUND('',#601,.T.);
#409=CYLINDRICAL_SURFACE('',#602,0.1);
#410=SURFACE_STYLE_USAGE(.BOTH.,#603);
#411=CLOSED_SHELL('',(#86,#88,#90,#92,#94,#96,#98,#100,#102,#104,#106,#108,#110,#112,#114,#116,#118,#120,#122,#124,#126,#128,#130,#132,#134,#136,#138,#140,#142,#144,#146,#148,#150,#152,#154,#156,#158,#160,#162,#164,#166,#168,#170,#172,#174,#604,#176,#178,#180,#182,#184,#186,#605,#188,#190,#192,#194,#196,#198,#606,#200,#202,#204,#206));
#412=PRODUCT_CONTEXT('',#72,'mechanical');
#413=PRODUCT_DEFINITION_FORMATION_WITH_SPECIFIED_SOURCE(' ','NONE',#209,.NOT_KNOWN.);
#414=CARTESIAN_POINT('',(0.0,0.0,0.0));
#415=DIRECTION('',(0.0,0.0,1.0));
#416=DIRECTION('',(1.0,0.0,0.0));
#417= (NAMED_UNIT(#217)LENGTH_UNIT()SI_UNIT(.MILLI.,.METRE.));
#418=SURFACE_SIDE_STYLE('',(#608));
#419=EDGE_LOOP('',(#609,#610,#611,#612));
#420=AXIS2_PLACEMENT_3D('',#613,#614,#615);
#421=SURFACE_SIDE_STYLE('',(#616));
#422=EDGE_LOOP('',(#617,#618,#619,#620));
#423=AXIS2_PLACEMENT_3D('',#621,#622,#623);
#424=SURFACE_SIDE_STYLE('',(#624));
#425=EDGE_LOOP('',(#625,#626,#627,#628));
#426=AXIS2_PLACEMENT_3D('',#629,#630,#631);
#427=SURFACE_SIDE_STYLE('',(#632));
#428=EDGE_LOOP('',(#633,#634,#635,#636));
#429=AXIS2_PLACEMENT_3D('',#637,#638,#639);
#430=SURFACE_SIDE_STYLE('',(#640));
#431=EDGE_LOOP('',(#641,#642,#643,#644));
#432=AXIS2_PLACEMENT_3D('',#645,#646,#647);
#433=SURFACE_SIDE_STYLE('',(#648));
#434=EDGE_LOOP('',(#649,#650,#651,#652,#653,#654,#655,#656,#657,#658,#659,#660,#661,#662));
#435=AXIS2_PLACEMENT_3D('',#663,#664,#665);
#436=SURFACE_SIDE_STYLE('',(#666));
#437=EDGE_LOOP('',(#667,#668,#669,#670));
#438=AXIS2_PLACEMENT_3D('',#671,#672,#673);
#439=SURFACE_SIDE_STYLE('',(#674));
#440=EDGE_LOOP('',(#675,#676,#677,#678));
#441=AXIS2_PLACEMENT_3D('',#679,#680,#681);
#442=SURFACE_SIDE_STYLE('',(#682));
#443=EDGE_LOOP('',(#683,#684,#685,#686,#687,#688));
#444=AXIS2_PLACEMENT_3D('',#689,#690,#691);
#445=SURFACE_SIDE_STYLE('',(#692));
#446=EDGE_LOOP('',(#693,#694,#695,#696));
#447=AXIS2_PLACEMENT_3D('',#697,#698,#699);
#448=SURFACE_SIDE_STYLE('',(#700));
#449=EDGE_LOOP('',(#701,#702,#703,#704,#705,#706,#707,#708,#709,#710));
#450=AXIS2_PLACEMENT_3D('',#711,#712,#713);
#451=SURFACE_SIDE_STYLE('',(#714));
#452=EDGE_LOOP('',(#715,#716,#717,#718,#719,#720,#721,#722,#723,#724,#725,#726,#727,#728,#729,#730,#731,#732,#733,#734,#735,#736,#737,#738,#739,#740,#741,#742,#743,#744,#745,#746,#747,#748,#749,#750,#751,#752,#753,#754));
#453=EDGE_LOOP('',(#755,#756,#757,#758));
#454=AXIS2_PLACEMENT_3D('',#759,#760,#761);
#455=SURFACE_SIDE_STYLE('',(#762));
#456=EDGE_LOOP('',(#763,#764,#765,#766));
#457=AXIS2_PLACEMENT_3D('',#767,#768,#769);
#458=SURFACE_SIDE_STYLE('',(#770));
#459=EDGE_LOOP('',(#771,#772,#773,#774));
#460=AXIS2_PLACEMENT_3D('',#775,#776,#777);
#461=SURFACE_SIDE_STYLE('',(#778));
#462=EDGE_LOOP('',(#779,#780,#781,#782));
#463=AXIS2_PLACEMENT_3D('',#783,#784,#785);
#464=SURFACE_SIDE_STYLE('',(#786));
#465=EDGE_LOOP('',(#787,#788,#789,#790));
#466=AXIS2_PLACEMENT_3D('',#791,#792,#793);
#467=SURFACE_SIDE_STYLE('',(#794));
#468=EDGE_LOOP('',(#795,#796,#797,#798,#799,#800,#801,#802,#803,#804,#805,#806,#807,#808,#809,#810,#811,#812,#813,#814,#815,#816,#817,#818,#819,#820,#821,#822,#823,#824,#825,#826,#827,#828,#829,#830,#831,#832,#833,#834));
#469=EDGE_LOOP('',(#835,#836,#837,#838));
#470=AXIS2_PLACEMENT_3D('',#839,#840,#841);
#471=SURFACE_SIDE_STYLE('',(#842));
#472=EDGE_LOOP('',(#843,#844,#845,#846));
#473=AXIS2_PLACEMENT_3D('',#847,#848,#849);
#474=SURFACE_SIDE_STYLE('',(#850));
#475=EDGE_LOOP('',(#851,#852,#853,#854));
#476=AXIS2_PLACEMENT_3D('',#855,#856,#857);
#477=SURFACE_SIDE_STYLE('',(#858));
#478=EDGE_LOOP('',(#859,#860,#861,#862));
#479=AXIS2_PLACEMENT_3D('',#863,#864,#865);
#480=SURFACE_SIDE_STYLE('',(#866));
#481=EDGE_LOOP('',(#867,#868,#869,#870));
#482=AXIS2_PLACEMENT_3D('',#871,#872,#873);
#483=SURFACE_SIDE_STYLE('',(#874));
#484=EDGE_LOOP('',(#875,#876,#877,#878));
#485=AXIS2_PLACEMENT_3D('',#879,#880,#881);
#486=SURFACE_SIDE_STYLE('',(#882));
#487=EDGE_LOOP('',(#883,#884,#885,#886));
#488=AXIS2_PLACEMENT_3D('',#887,#888,#889);
#489=SURFACE_SIDE_STYLE('',(#890));
#490=EDGE_LOOP('',(#891,#892,#893,#894));
#491=AXIS2_PLACEMENT_3D('',#895,#896,#897);
#492=SURFACE_SIDE_STYLE('',(#898));
#493=EDGE_LOOP('',(#899,#900,#901,#902));
#494=AXIS2_PLACEMENT_3D('',#903,#904,#905);
#495=SURFACE_SIDE_STYLE('',(#906));
#496=EDGE_LOOP('',(#907,#908,#909,#910,#911,#912,#913,#914,#915,#916));
#497=AXIS2_PLACEMENT_3D('',#917,#918,#919);
#498=SURFACE_SIDE_STYLE('',(#920));
#499=EDGE_LOOP('',(#921,#922,#923,#924));
#500=AXIS2_PLACEMENT_3D('',#925,#926,#927);
#501=SURFACE_SIDE_STYLE('',(#928));
#502=EDGE_LOOP('',(#929,#930,#931,#932));
#503=AXIS2_PLACEMENT_3D('',#933,#934,#935);
#504=SURFACE_SIDE_STYLE('',(#936));
#505=EDGE_LOOP('',(#937,#938,#939,#940));
#506=AXIS2_PLACEMENT_3D('',#941,#942,#943);
#507=SURFACE_SIDE_STYLE('',(#944));
#508=EDGE_LOOP('',(#945,#946,#947,#948));
#509=AXIS2_PLACEMENT_3D('',#949,#950,#951);
#510=SURFACE_SIDE_STYLE('',(#952));
#511=EDGE_LOOP('',(#953,#954,#955,#956));
#512=AXIS2_PLACEMENT_3D('',#957,#958,#959);
#513=SURFACE_SIDE_STYLE('',(#960));
#514=EDGE_LOOP('',(#961,#962,#963,#964));
#515=AXIS2_PLACEMENT_3D('',#965,#966,#967);
#516=SURFACE_SIDE_STYLE('',(#968));
#517=EDGE_LOOP('',(#969,#970,#971,#972));
#518=AXIS2_PLACEMENT_3D('',#973,#974,#975);
#519=SURFACE_SIDE_STYLE('',(#976));
#520=EDGE_LOOP('',(#977,#978,#979,#980,#981,#982,#983,#984,#985,#986,#987,#988,#989,#990));
#521=AXIS2_PLACEMENT_3D('',#991,#992,#993);
#522=SURFACE_SIDE_STYLE('',(#994));
#523=EDGE_LOOP('',(#995,#996,#997,#998));
#524=AXIS2_PLACEMENT_3D('',#999,#1000,#1001);
#525=SURFACE_SIDE_STYLE('',(#1002));
#526=EDGE_LOOP('',(#1003,#1004,#1005,#1006,#1007,#1008));
#527=AXIS2_PLACEMENT_3D('',#1009,#1010,#1011);
#528=SURFACE_SIDE_STYLE('',(#1012));
#529=EDGE_LOOP('',(#1013,#1014,#1015,#1016));
#530=AXIS2_PLACEMENT_3D('',#1017,#1018,#1019);
#531=SURFACE_SIDE_STYLE('',(#1020));
#532=EDGE_LOOP('',(#1021,#1022,#1023,#1024));
#533=AXIS2_PLACEMENT_3D('',#1025,#1026,#1027);
#534=SURFACE_SIDE_STYLE('',(#1028));
#535=EDGE_LOOP('',(#1029,#1030,#1031,#1032));
#536=AXIS2_PLACEMENT_3D('',#1033,#1034,#1035);
#537=SURFACE_SIDE_STYLE('',(#1036));
#538=EDGE_LOOP('',(#1037,#1038,#1039,#1040));
#539=AXIS2_PLACEMENT_3D('',#1041,#1042,#1043);
#540=SURFACE_SIDE_STYLE('',(#1044));
#541=EDGE_LOOP('',(#1045,#1046,#1047,#1048));
#542=AXIS2_PLACEMENT_3D('',#1049,#1050,#1051);
#543=SURFACE_SIDE_STYLE('',(#1052));
#544=EDGE_LOOP('',(#1053,#1054,#1055,#1056));
#545=AXIS2_PLACEMENT_3D('',#1057,#1058,#1059);
#546=SURFACE_SIDE_STYLE('',(#1060));
#547=EDGE_LOOP('',(#1061,#1062,#1063,#1064));
#548=AXIS2_PLACEMENT_3D('',#1065,#1066,#1067);
#549=SURFACE_SIDE_STYLE('',(#1068));
#550=EDGE_LOOP('',(#1069,#1070,#1071,#1072));
#551=AXIS2_PLACEMENT_3D('',#1073,#1074,#1075);
#552=SURFACE_SIDE_STYLE('',(#1076));
#553=EDGE_LOOP('',(#1077,#1078,#1079,#1080));
#554=AXIS2_PLACEMENT_3D('',#1081,#1082,#1083);
#555=SURFACE_SIDE_STYLE('',(#1084));
#556=EDGE_LOOP('',(#1085,#1086,#1087,#1088));
#557=AXIS2_PLACEMENT_3D('',#1089,#1090,#1091);
#558=SURFACE_SIDE_STYLE('',(#1092));
#559=EDGE_LOOP('',(#1093,#1094,#1095,#1096));
#560=AXIS2_PLACEMENT_3D('',#1097,#1098,#1099);
#561=SURFACE_SIDE_STYLE('',(#1100));
#562=EDGE_LOOP('',(#1101,#1102,#1103,#1104));
#563=AXIS2_PLACEMENT_3D('',#1105,#1106,#1107);
#564=SURFACE_SIDE_STYLE('',(#1108));
#565=EDGE_LOOP('',(#1109,#1110,#1111,#1112));
#566=AXIS2_PLACEMENT_3D('',#1113,#1114,#1115);
#567=SURFACE_SIDE_STYLE('',(#1116));
#568=EDGE_LOOP('',(#1117,#1118,#1119,#1120));
#569=AXIS2_PLACEMENT_3D('',#1121,#1122,#1123);
#570=SURFACE_SIDE_STYLE('',(#1124));
#571=EDGE_LOOP('',(#1125,#1126,#1127,#1128));
#572=AXIS2_PLACEMENT_3D('',#1129,#1130,#1131);
#573=SURFACE_SIDE_STYLE('',(#1132));
#574=EDGE_LOOP('',(#1133,#1134,#1135,#1136));
#575=AXIS2_PLACEMENT_3D('',#1137,#1138,#1139);
#576=SURFACE_SIDE_STYLE('',(#1140));
#577=EDGE_LOOP('',(#1141,#1142,#1143,#1144));
#578=AXIS2_PLACEMENT_3D('',#1145,#1146,#1147);
#579=SURFACE_SIDE_STYLE('',(#1148));
#580=EDGE_LOOP('',(#1149,#1150,#1151,#1152));
#581=AXIS2_PLACEMENT_3D('',#1153,#1154,#1155);
#582=SURFACE_SIDE_STYLE('',(#1156));
#583=EDGE_LOOP('',(#1157,#1158,#1159,#1160));
#584=AXIS2_PLACEMENT_3D('',#1161,#1162,#1163);
#585=SURFACE_SIDE_STYLE('',(#1164));
#586=EDGE_LOOP('',(#1165,#1166,#1167,#1168));
#587=AXIS2_PLACEMENT_3D('',#1169,#1170,#1171);
#588=SURFACE_SIDE_STYLE('',(#1172));
#589=EDGE_LOOP('',(#1173,#1174,#1175,#1176));
#590=AXIS2_PLACEMENT_3D('',#1177,#1178,#1179);
#591=SURFACE_SIDE_STYLE('',(#1180));
#592=EDGE_LOOP('',(#1181,#1182,#1183,#1184));
#593=AXIS2_PLACEMENT_3D('',#1185,#1186,#1187);
#594=SURFACE_SIDE_STYLE('',(#1188));
#595=EDGE_LOOP('',(#1189,#1190,#1191,#1192));
#596=AXIS2_PLACEMENT_3D('',#1193,#1194,#1195);
#597=SURFACE_SIDE_STYLE('',(#1196));
#598=EDGE_LOOP('',(#1197,#1198,#1199,#1200));
#599=AXIS2_PLACEMENT_3D('',#1201,#1202,#1203);
#600=SURFACE_SIDE_STYLE('',(#1204));
#601=EDGE_LOOP('',(#1205,#1206,#1207,#1208));
#602=AXIS2_PLACEMENT_3D('',#1209,#1210,#1211);
#603=SURFACE_SIDE_STYLE('',(#1212));
#604=ADVANCED_FACE('',(#1213),#1214,.F.);
#605=ADVANCED_FACE('',(#1215),#1216,.F.);
#606=ADVANCED_FACE('',(#1217),#1218,.F.);
#608=SURFACE_STYLE_FILL_AREA(#1219);
#609=ORIENTED_EDGE('',*,*,#1220,.F.);
#610=ORIENTED_EDGE('',*,*,#1221,.T.);
#611=ORIENTED_EDGE('',*,*,#1222,.T.);
#612=ORIENTED_EDGE('',*,*,#1223,.F.);
#613=CARTESIAN_POINT('',(-1.25,1.05,0.72));
#614=DIRECTION('',(-1.0,0.0,0.0));
#615=DIRECTION('',(0.0,0.90630778703671,0.42261826174057));
#616=SURFACE_STYLE_FILL_AREA(#1224);
#617=ORIENTED_EDGE('',*,*,#1225,.F.);
#618=ORIENTED_EDGE('',*,*,#1226,.F.);
#619=ORIENTED_EDGE('',*,*,#1227,.T.);
#620=ORIENTED_EDGE('',*,*,#1228,.F.);
#621=CARTESIAN_POINT('',(-1.25,-1.5,-0.83));
#622=DIRECTION('',(-1.0,-0.0,0.0));
#623=DIRECTION('',(0.0,-1.0,0.0));
#624=SURFACE_STYLE_FILL_AREA(#1229);
#625=ORIENTED_EDGE('',*,*,#1230,.F.);
#626=ORIENTED_EDGE('',*,*,#1231,.F.);
#627=ORIENTED_EDGE('',*,*,#1232,.F.);
#628=ORIENTED_EDGE('',*,*,#1233,.T.);
#629=CARTESIAN_POINT('',(-1.25,1.05,0.72));
#630=DIRECTION('',(-1.0,0.0,0.0));
#631=DIRECTION('',(0.0,0.906307787036731,0.422618261740525));
#632=SURFACE_STYLE_FILL_AREA(#1234);
#633=ORIENTED_EDGE('',*,*,#1235,.F.);
#634=ORIENTED_EDGE('',*,*,#1236,.T.);
#635=ORIENTED_EDGE('',*,*,#1237,.F.);
#636=ORIENTED_EDGE('',*,*,#1238,.F.);
#637=CARTESIAN_POINT('',(-1.25,-1.5,-0.83));
#638=DIRECTION('',(-1.0,-0.0,0.0));
#639=DIRECTION('',(0.0,-1.0,0.0));
#640=SURFACE_STYLE_FILL_AREA(#1239);
#641=ORIENTED_EDGE('',*,*,#1240,.F.);
#642=ORIENTED_EDGE('',*,*,#1241,.F.);
#643=ORIENTED_EDGE('',*,*,#1242,.T.);
#644=ORIENTED_EDGE('',*,*,#1243,.T.);
#645=CARTESIAN_POINT('',(-1.25,-1.5,-0.2806514350573));
#646=DIRECTION('',(0.0,-0.573576436351011,0.819152044289016));
#647=DIRECTION('',(-1.0,0.0,0.0));
#648=SURFACE_STYLE_FILL_AREA(#1244);
#649=ORIENTED_EDGE('',*,*,#1245,.T.);
#650=ORIENTED_EDGE('',*,*,#1246,.T.);
#651=ORIENTED_EDGE('',*,*,#1247,.F.);
#652=ORIENTED_EDGE('',*,*,#1248,.F.);
#653=ORIENTED_EDGE('',*,*,#1249,.F.);
#654=ORIENTED_EDGE('',*,*,#1250,.T.);
#655=ORIENTED_EDGE('',*,*,#1236,.F.);
#656=ORIENTED_EDGE('',*,*,#1251,.F.);
#657=ORIENTED_EDGE('',*,*,#1252,.T.);
#658=ORIENTED_EDGE('',*,*,#1253,.T.);
#659=ORIENTED_EDGE('',*,*,#1240,.T.);
#660=ORIENTED_EDGE('',*,*,#1254,.T.);
#661=ORIENTED_EDGE('',*,*,#1228,.T.);
#662=ORIENTED_EDGE('',*,*,#1255,.T.);
#663=CARTESIAN_POINT('',(1.0,-0.5198478962348,-2.239878548967));
#664=DIRECTION('',(-0.997088930162394,0.0490108812124097,0.0584088937610997));
#665=DIRECTION('',(0.0490946984701228,0.998794128227698,4.0529311685286E-19));
#666=SURFACE_STYLE_FILL_AREA(#1256);
#667=ORIENTED_EDGE('',*,*,#1257,.T.);
#668=ORIENTED_EDGE('',*,*,#1258,.F.);
#669=ORIENTED_EDGE('',*,*,#1259,.F.);
#670=ORIENTED_EDGE('',*,*,#1260,.F.);
#671=CARTESIAN_POINT('',(1.0,-0.5198478962348,-2.239878548967));
#672=DIRECTION('',(-0.997088930162394,0.0490108812124097,0.0584088937610997));
#673=DIRECTION('',(0.0490946984701228,0.998794128227698,4.0529311685286E-19));
#674=SURFACE_STYLE_FILL_AREA(#1261);
#675=ORIENTED_EDGE('',*,*,#1245,.F.);
#676=ORIENTED_EDGE('',*,*,#1262,.F.);
#677=ORIENTED_EDGE('',*,*,#1263,.T.);
#678=ORIENTED_EDGE('',*,*,#1264,.T.);
#679=CARTESIAN_POINT('',(-1.25,0.0,-0.6675591893387));
#680=DIRECTION('',(-1.0,-0.0,0.0));
#681=DIRECTION('',(0.0,-1.0,0.0));
#682=SURFACE_STYLE_FILL_AREA(#1265);
#683=ORIENTED_EDGE('',*,*,#1246,.F.);
#684=ORIENTED_EDGE('',*,*,#1264,.F.);
#685=ORIENTED_EDGE('',*,*,#1266,.T.);
#686=ORIENTED_EDGE('',*,*,#1267,.T.);
#687=ORIENTED_EDGE('',*,*,#1268,.T.);
#688=ORIENTED_EDGE('',*,*,#1269,.F.);
#689=CARTESIAN_POINT('',(-1.25,0.4691568797464,-1.061228554098));
#690=DIRECTION('',(0.0,0.766044443119007,-0.642787609686505));
#691=DIRECTION('',(-1.0,0.0,0.0));
#692=SURFACE_STYLE_FILL_AREA(#1270);
#693=ORIENTED_EDGE('',*,*,#1271,.T.);
#694=ORIENTED_EDGE('',*,*,#1272,.F.);
#695=ORIENTED_EDGE('',*,*,#1273,.T.);
#696=ORIENTED_EDGE('',*,*,#1274,.T.);
#697=CARTESIAN_POINT('',(1.25,0.0,0.0));
#698=DIRECTION('',(1.0,0.0,0.0));
#699=DIRECTION('',(0.0,1.0,0.0));
#700=SURFACE_STYLE_FILL_AREA(#1275);
#701=ORIENTED_EDGE('',*,*,#1247,.T.);
#702=ORIENTED_EDGE('',*,*,#1269,.T.);
#703=ORIENTED_EDGE('',*,*,#1276,.T.);
#704=ORIENTED_EDGE('',*,*,#1223,.T.);
#705=ORIENTED_EDGE('',*,*,#1277,.T.);
#706=ORIENTED_EDGE('',*,*,#1278,.T.);
#707=ORIENTED_EDGE('',*,*,#1279,.T.);
#708=ORIENTED_EDGE('',*,*,#1231,.T.);
#709=ORIENTED_EDGE('',*,*,#1280,.T.);
#710=ORIENTED_EDGE('',*,*,#1281,.T.);
#711=CARTESIAN_POINT('',(1.25,0.0,0.0));
#712=DIRECTION('',(1.0,0.0,0.0));
#713=DIRECTION('',(0.0,1.0,0.0));
#714=SURFACE_STYLE_FILL_AREA(#1282);
#715=ORIENTED_EDGE('',*,*,#1283,.T.);
#716=ORIENTED_EDGE('',*,*,#1284,.T.);
#717=ORIENTED_EDGE('',*,*,#1285,.F.);
#718=ORIENTED_EDGE('',*,*,#1286,.T.);
#719=ORIENTED_EDGE('',*,*,#1271,.F.);
#720=ORIENTED_EDGE('',*,*,#1287,.T.);
#721=ORIENTED_EDGE('',*,*,#1288,.F.);
#722=ORIENTED_EDGE('',*,*,#1289,.F.);
#723=ORIENTED_EDGE('',*,*,#1290,.F.);
#724=ORIENTED_EDGE('',*,*,#1291,.F.);
#725=ORIENTED_EDGE('',*,*,#1292,.F.);
#726=ORIENTED_EDGE('',*,*,#1293,.T.);
#727=ORIENTED_EDGE('',*,*,#1257,.F.);
#728=ORIENTED_EDGE('',*,*,#1294,.T.);
#729=ORIENTED_EDGE('',*,*,#1295,.F.);
#730=ORIENTED_EDGE('',*,*,#1296,.F.);
#731=ORIENTED_EDGE('',*,*,#1297,.F.);
#732=ORIENTED_EDGE('',*,*,#1298,.F.);
#733=ORIENTED_EDGE('',*,*,#1299,.T.);
#734=ORIENTED_EDGE('',*,*,#1277,.F.);
#735=ORIENTED_EDGE('',*,*,#1222,.F.);
#736=ORIENTED_EDGE('',*,*,#1300,.T.);
#737=ORIENTED_EDGE('',*,*,#1301,.T.);
#738=ORIENTED_EDGE('',*,*,#1302,.T.);
#739=ORIENTED_EDGE('',*,*,#1303,.F.);
#740=ORIENTED_EDGE('',*,*,#1304,.F.);
#741=ORIENTED_EDGE('',*,*,#1305,.F.);
#742=ORIENTED_EDGE('',*,*,#1306,.T.);
#743=ORIENTED_EDGE('',*,*,#1307,.T.);
#744=ORIENTED_EDGE('',*,*,#1308,.T.);
#745=ORIENTED_EDGE('',*,*,#1309,.F.);
#746=ORIENTED_EDGE('',*,*,#1310,.F.);
#747=ORIENTED_EDGE('',*,*,#1311,.F.);
#748=ORIENTED_EDGE('',*,*,#1312,.F.);
#749=ORIENTED_EDGE('',*,*,#1313,.F.);
#750=ORIENTED_EDGE('',*,*,#1314,.T.);
#751=ORIENTED_EDGE('',*,*,#1315,.T.);
#752=ORIENTED_EDGE('',*,*,#1316,.T.);
#753=ORIENTED_EDGE('',*,*,#1317,.T.);
#754=ORIENTED_EDGE('',*,*,#1318,.T.);
#755=ORIENTED_EDGE('',*,*,#1319,.F.);
#756=ORIENTED_EDGE('',*,*,#1320,.F.);
#757=ORIENTED_EDGE('',*,*,#1321,.F.);
#758=ORIENTED_EDGE('',*,*,#1322,.F.);
#759=CARTESIAN_POINT('',(-1.25,1.05,1.42));
#760=DIRECTION('',(0.0,0.0,1.0));
#761=DIRECTION('',(1.0,0.0,0.0));
#762=SURFACE_STYLE_FILL_AREA(#1323);
#763=ORIENTED_EDGE('',*,*,#1319,.T.);
#764=ORIENTED_EDGE('',*,*,#1324,.T.);
#765=ORIENTED_EDGE('',*,*,#1325,.F.);
#766=ORIENTED_EDGE('',*,*,#1326,.F.);
#767=CARTESIAN_POINT('',(0.002506692743448,-1.12,1.42));
#768=DIRECTION('',(0.0,0.0,-1.0));
#769=DIRECTION('',(1.0,0.0,0.0));
#770=SURFACE_STYLE_FILL_AREA(#1327);
#771=ORIENTED_EDGE('',*,*,#1320,.T.);
#772=ORIENTED_EDGE('',*,*,#1326,.T.);
#773=ORIENTED_EDGE('',*,*,#1328,.F.);
#774=ORIENTED_EDGE('',*,*,#1329,.F.);
#775=CARTESIAN_POINT('',(-0.3174933072566,-0.56,1.42));
#776=DIRECTION('',(-1.0,0.0,0.0));
#777=DIRECTION('',(0.0,0.0,1.0));
#778=SURFACE_STYLE_FILL_AREA(#1330);
#779=ORIENTED_EDGE('',*,*,#1321,.T.);
#780=ORIENTED_EDGE('',*,*,#1329,.T.);
#781=ORIENTED_EDGE('',*,*,#1331,.F.);
#782=ORIENTED_EDGE('',*,*,#1332,.F.);
#783=CARTESIAN_POINT('',(0.002506692743448,-0.56,1.42));
#784=DIRECTION('',(0.0,0.0,-1.0));
#785=DIRECTION('',(1.0,0.0,0.0));
#786=SURFACE_STYLE_FILL_AREA(#1333);
#787=ORIENTED_EDGE('',*,*,#1322,.T.);
#788=ORIENTED_EDGE('',*,*,#1332,.T.);
#789=ORIENTED_EDGE('',*,*,#1334,.F.);
#790=ORIENTED_EDGE('',*,*,#1324,.F.);
#791=CARTESIAN_POINT('',(0.3225066927434,-1.12,1.42));
#792=DIRECTION('',(1.0,0.0,0.0));
#793=DIRECTION('',(0.0,1.0,0.0));
#794=SURFACE_STYLE_FILL_AREA(#1335);
#795=ORIENTED_EDGE('',*,*,#1336,.F.);
#796=ORIENTED_EDGE('',*,*,#1337,.F.);
#797=ORIENTED_EDGE('',*,*,#1338,.T.);
#798=ORIENTED_EDGE('',*,*,#1339,.F.);
#799=ORIENTED_EDGE('',*,*,#1340,.T.);
#800=ORIENTED_EDGE('',*,*,#1341,.T.);
#801=ORIENTED_EDGE('',*,*,#1342,.T.);
#802=ORIENTED_EDGE('',*,*,#1343,.T.);
#803=ORIENTED_EDGE('',*,*,#1344,.T.);
#804=ORIENTED_EDGE('',*,*,#1345,.F.);
#805=ORIENTED_EDGE('',*,*,#1346,.F.);
#806=ORIENTED_EDGE('',*,*,#1347,.F.);
#807=ORIENTED_EDGE('',*,*,#1348,.T.);
#808=ORIENTED_EDGE('',*,*,#1349,.T.);
#809=ORIENTED_EDGE('',*,*,#1350,.T.);
#810=ORIENTED_EDGE('',*,*,#1351,.F.);
#811=ORIENTED_EDGE('',*,*,#1352,.T.);
#812=ORIENTED_EDGE('',*,*,#1353,.T.);
#813=ORIENTED_EDGE('',*,*,#1232,.T.);
#814=ORIENTED_EDGE('',*,*,#1279,.F.);
#815=ORIENTED_EDGE('',*,*,#1354,.T.);
#816=ORIENTED_EDGE('',*,*,#1355,.T.);
#817=ORIENTED_EDGE('',*,*,#1356,.T.);
#818=ORIENTED_EDGE('',*,*,#1357,.T.);
#819=ORIENTED_EDGE('',*,*,#1358,.T.);
#820=ORIENTED_EDGE('',*,*,#1359,.F.);
#821=ORIENTED_EDGE('',*,*,#1259,.T.);
#822=ORIENTED_EDGE('',*,*,#1360,.F.);
#823=ORIENTED_EDGE('',*,*,#1361,.T.);
#824=ORIENTED_EDGE('',*,*,#1362,.T.);
#825=ORIENTED_EDGE('',*,*,#1363,.T.);
#826=ORIENTED_EDGE('',*,*,#1364,.T.);
#827=ORIENTED_EDGE('',*,*,#1365,.T.);
#828=ORIENTED_EDGE('',*,*,#1366,.F.);
#829=ORIENTED_EDGE('',*,*,#1273,.F.);
#830=ORIENTED_EDGE('',*,*,#1367,.F.);
#831=ORIENTED_EDGE('',*,*,#1368,.T.);
#832=ORIENTED_EDGE('',*,*,#1369,.T.);
#833=ORIENTED_EDGE('',*,*,#1370,.F.);
#834=ORIENTED_EDGE('',*,*,#1371,.T.);
#835=ORIENTED_EDGE('',*,*,#1325,.T.);
#836=ORIENTED_EDGE('',*,*,#1334,.T.);
#837=ORIENTED_EDGE('',*,*,#1331,.T.);
#838=ORIENTED_EDGE('',*,*,#1328,.T.);
#839=CARTESIAN_POINT('',(-1.25,-2.25,1.32));
#840=DIRECTION('',(0.0,0.0,-1.0));
#841=DIRECTION('',(0.0,-1.0,0.0));
#842=SURFACE_STYLE_FILL_AREA(#1372);
#843=ORIENTED_EDGE('',*,*,#1373,.F.);
#844=ORIENTED_EDGE('',*,*,#1317,.F.);
#845=ORIENTED_EDGE('',*,*,#1374,.T.);
#846=ORIENTED_EDGE('',*,*,#1336,.T.);
#847=CARTESIAN_POINT('',(-0.3185460815884,-2.05,1.42));
#848=DIRECTION('',(-0.0,1.0,0.0));
#849=DIRECTION('',(1.0,0.0,0.0));
#850=SURFACE_STYLE_FILL_AREA(#1375);
#851=ORIENTED_EDGE('',*,*,#1373,.T.);
#852=ORIENTED_EDGE('',*,*,#1371,.F.);
#853=ORIENTED_EDGE('',*,*,#1376,.F.);
#854=ORIENTED_EDGE('',*,*,#1318,.F.);
#855=CARTESIAN_POINT('',(-0.5185460815884,-2.25,6.650102148067));
#856=DIRECTION('',(-0.0,0.0,1.0));
#857=DIRECTION('',(0.0,1.0,0.0));
#858=SURFACE_STYLE_FILL_AREA(#1377);
#859=ORIENTED_EDGE('',*,*,#1378,.F.);
#860=ORIENTED_EDGE('',*,*,#1283,.F.);
#861=ORIENTED_EDGE('',*,*,#1376,.T.);
#862=ORIENTED_EDGE('',*,*,#1370,.T.);
#863=CARTESIAN_POINT('',(-1.25,-2.25,1.42));
#864=DIRECTION('',(0.0,-1.0,0.0));
#865=DIRECTION('',(0.0,0.0,-1.0));
#866=SURFACE_STYLE_FILL_AREA(#1379);
#867=ORIENTED_EDGE('',*,*,#1378,.T.);
#868=ORIENTED_EDGE('',*,*,#1369,.F.);
#869=ORIENTED_EDGE('',*,*,#1380,.F.);
#870=ORIENTED_EDGE('',*,*,#1284,.F.);
#871=CARTESIAN_POINT('',(0.5235594670753,-2.25,6.650102148067));
#872=DIRECTION('',(0.0,0.0,1.0));
#873=DIRECTION('',(-1.0,0.0,0.0));
#874=SURFACE_STYLE_FILL_AREA(#1381);
#875=ORIENTED_EDGE('',*,*,#1380,.T.);
#876=ORIENTED_EDGE('',*,*,#1368,.F.);
#877=ORIENTED_EDGE('',*,*,#1382,.F.);
#878=ORIENTED_EDGE('',*,*,#1285,.T.);
#879=CARTESIAN_POINT('',(1.005013385487,-2.05,1.42));
#880=DIRECTION('',(-0.0,1.0,0.0));
#881=DIRECTION('',(1.0,0.0,0.0));
#882=SURFACE_STYLE_FILL_AREA(#1383);
#883=ORIENTED_EDGE('',*,*,#1272,.T.);
#884=ORIENTED_EDGE('',*,*,#1286,.F.);
#885=ORIENTED_EDGE('',*,*,#1382,.T.);
#886=ORIENTED_EDGE('',*,*,#1367,.T.);
#887=CARTESIAN_POINT('',(1.005013385487,-1.8,1.42));
#888=DIRECTION('',(0.0,0.0,-1.0));
#889=DIRECTION('',(1.0,0.0,0.0));
#890=SURFACE_STYLE_FILL_AREA(#1384);
#891=ORIENTED_EDGE('',*,*,#1385,.F.);
#892=ORIENTED_EDGE('',*,*,#1337,.T.);
#893=ORIENTED_EDGE('',*,*,#1374,.F.);
#894=ORIENTED_EDGE('',*,*,#1316,.F.);
#895=CARTESIAN_POINT('',(-1.0,-1.8,1.42));
#896=DIRECTION('',(0.0,0.0,-1.0));
#897=DIRECTION('',(1.0,0.0,0.0));
#898=SURFACE_STYLE_FILL_AREA(#1386);
#899=ORIENTED_EDGE('',*,*,#1315,.F.);
#900=ORIENTED_EDGE('',*,*,#1387,.F.);
#901=ORIENTED_EDGE('',*,*,#1338,.F.);
#902=ORIENTED_EDGE('',*,*,#1385,.T.);
#903=CARTESIAN_POINT('',(-1.25,0.0,0.0));
#904=DIRECTION('',(1.0,0.0,0.0));
#905=DIRECTION('',(0.0,1.0,0.0));
#906=SURFACE_STYLE_FILL_AREA(#1388);
#907=ORIENTED_EDGE('',*,*,#1389,.F.);
#908=ORIENTED_EDGE('',*,*,#1390,.F.);
#909=ORIENTED_EDGE('',*,*,#1391,.F.);
#910=ORIENTED_EDGE('',*,*,#1233,.F.);
#911=ORIENTED_EDGE('',*,*,#1353,.F.);
#912=ORIENTED_EDGE('',*,*,#1392,.T.);
#913=ORIENTED_EDGE('',*,*,#1300,.F.);
#914=ORIENTED_EDGE('',*,*,#1221,.F.);
#915=ORIENTED_EDGE('',*,*,#1393,.F.);
#916=ORIENTED_EDGE('',*,*,#1267,.F.);
#917=CARTESIAN_POINT('',(-1.25,0.0,0.0));
#918=DIRECTION('',(1.0,0.0,0.0));
#919=DIRECTION('',(0.0,1.0,0.0));
#920=SURFACE_STYLE_FILL_AREA(#1394);
#921=ORIENTED_EDGE('',*,*,#1387,.T.);
#922=ORIENTED_EDGE('',*,*,#1314,.F.);
#923=ORIENTED_EDGE('',*,*,#1395,.T.);
#924=ORIENTED_EDGE('',*,*,#1339,.T.);
#925=CARTESIAN_POINT('',(-1.0,-1.694343798019,1.42));
#926=DIRECTION('',(0.0,0.0,-1.0));
#927=DIRECTION('',(1.0,0.0,0.0));
#928=SURFACE_STYLE_FILL_AREA(#1396);
#929=ORIENTED_EDGE('',*,*,#1313,.T.);
#930=ORIENTED_EDGE('',*,*,#1397,.T.);
#931=ORIENTED_EDGE('',*,*,#1340,.F.);
#932=ORIENTED_EDGE('',*,*,#1395,.F.);
#933=CARTESIAN_POINT('',(-1.095510001602,-1.463307351557,1.42));
#934=DIRECTION('',(0.382040006408295,-0.924145785849587,0.0));
#935=DIRECTION('',(0.0,0.0,-1.0));
#936=SURFACE_STYLE_FILL_AREA(#1398);
#937=ORIENTED_EDGE('',*,*,#1312,.T.);
#938=ORIENTED_EDGE('',*,*,#1399,.T.);
#939=ORIENTED_EDGE('',*,*,#1341,.F.);
#940=ORIENTED_EDGE('',*,*,#1397,.F.);
#941=CARTESIAN_POINT('',(-1.097493307257,-1.355919210622,1.42));
#942=DIRECTION('',(0.0,0.0,-1.0));
#943=DIRECTION('',(1.0,0.0,0.0));
#944=SURFACE_STYLE_FILL_AREA(#1400);
#945=ORIENTED_EDGE('',*,*,#1311,.T.);
#946=ORIENTED_EDGE('',*,*,#1401,.T.);
#947=ORIENTED_EDGE('',*,*,#1342,.F.);
#948=ORIENTED_EDGE('',*,*,#1399,.F.);
#949=CARTESIAN_POINT('',(-0.9974933072565,-1.355919210622,1.42));
#950=DIRECTION('',(1.0,0.0,0.0));
#951=DIRECTION('',(0.0,1.0,0.0));
#952=SURFACE_STYLE_FILL_AREA(#1402);
#953=ORIENTED_EDGE('',*,*,#1310,.T.);
#954=ORIENTED_EDGE('',*,*,#1403,.T.);
#955=ORIENTED_EDGE('',*,*,#1343,.F.);
#956=ORIENTED_EDGE('',*,*,#1401,.F.);
#957=CARTESIAN_POINT('',(-1.097493307257,-0.275755560827,1.42));
#958=DIRECTION('',(0.0,0.0,-1.0));
#959=DIRECTION('',(1.0,0.0,0.0));
#960=SURFACE_STYLE_FILL_AREA(#1404);
#961=ORIENTED_EDGE('',*,*,#1309,.T.);
#962=ORIENTED_EDGE('',*,*,#1405,.T.);
#963=ORIENTED_EDGE('',*,*,#1344,.F.);
#964=ORIENTED_EDGE('',*,*,#1403,.F.);
#965=CARTESIAN_POINT('',(-1.059289306616,-0.1833409822421,1.42));
#966=DIRECTION('',(0.382040006408295,0.924145785849587,0.0));
#967=DIRECTION('',(0.0,0.0,-1.0));
#968=SURFACE_STYLE_FILL_AREA(#1406);
#969=ORIENTED_EDGE('',*,*,#1407,.T.);
#970=ORIENTED_EDGE('',*,*,#1345,.T.);
#971=ORIENTED_EDGE('',*,*,#1405,.F.);
#972=ORIENTED_EDGE('',*,*,#1308,.F.);
#973=CARTESIAN_POINT('',(-1.0,0.0626690265701,1.42));
#974=DIRECTION('',(0.0,0.0,-1.0));
#975=DIRECTION('',(1.0,0.0,0.0));
#976=SURFACE_STYLE_FILL_AREA(#1408);
#977=ORIENTED_EDGE('',*,*,#1409,.T.);
#978=ORIENTED_EDGE('',*,*,#1389,.T.);
#979=ORIENTED_EDGE('',*,*,#1266,.F.);
#980=ORIENTED_EDGE('',*,*,#1263,.F.);
#981=ORIENTED_EDGE('',*,*,#1410,.F.);
#982=ORIENTED_EDGE('',*,*,#1226,.T.);
#983=ORIENTED_EDGE('',*,*,#1411,.T.);
#984=ORIENTED_EDGE('',*,*,#1242,.F.);
#985=ORIENTED_EDGE('',*,*,#1412,.F.);
#986=ORIENTED_EDGE('',*,*,#1413,.F.);
#987=ORIENTED_EDGE('',*,*,#1414,.T.);
#988=ORIENTED_EDGE('',*,*,#1238,.T.);
#989=ORIENTED_EDGE('',*,*,#1415,.F.);
#990=ORIENTED_EDGE('',*,*,#1416,.T.);
#991=CARTESIAN_POINT('',(-1.25,1.581589157347,0.2645166092506));
#992=DIRECTION('',(0.997088930162394,0.0490108812124097,0.0584088937610997));
#993=DIRECTION('',(0.0,-0.766044443118991,0.642787609686524));
#994=SURFACE_STYLE_FILL_AREA(#1417);
#995=ORIENTED_EDGE('',*,*,#1307,.F.);
#996=ORIENTED_EDGE('',*,*,#1418,.F.);
#997=ORIENTED_EDGE('',*,*,#1346,.T.);
#998=ORIENTED_EDGE('',*,*,#1407,.F.);
#999=CARTESIAN_POINT('',(-1.25,1.581589157347,0.2645166092506));
#1000=DIRECTION('',(0.997088930162394,0.0490108812124097,0.0584088937610997));
#1001=DIRECTION('',(0.0,-0.766044443118991,0.642787609686524));
#1002=SURFACE_STYLE_FILL_AREA(#1419);
#1003=ORIENTED_EDGE('',*,*,#1248,.T.);
#1004=ORIENTED_EDGE('',*,*,#1281,.F.);
#1005=ORIENTED_EDGE('',*,*,#1420,.F.);
#1006=ORIENTED_EDGE('',*,*,#1390,.T.);
#1007=ORIENTED_EDGE('',*,*,#1409,.F.);
#1008=ORIENTED_EDGE('',*,*,#1421,.T.);
#1009=CARTESIAN_POINT('',(-1.25,1.509626665871,0.3343274341881));
#1010=DIRECTION('',(0.0,-0.766044443119007,0.642787609686505));
#1011=DIRECTION('',(-1.0,0.0,0.0));
#1012=SURFACE_STYLE_FILL_AREA(#1422);
#1013=ORIENTED_EDGE('',*,*,#1249,.T.);
#1014=ORIENTED_EDGE('',*,*,#1421,.F.);
#1015=ORIENTED_EDGE('',*,*,#1416,.F.);
#1016=ORIENTED_EDGE('',*,*,#1423,.T.);
#1017=CARTESIAN_POINT('',(-1.25,0.0,-0.6675591893387));
#1018=DIRECTION('',(-1.0,-0.0,0.0));
#1019=DIRECTION('',(0.0,-1.0,0.0));
#1020=SURFACE_STYLE_FILL_AREA(#1424);
#1021=ORIENTED_EDGE('',*,*,#1250,.F.);
#1022=ORIENTED_EDGE('',*,*,#1423,.F.);
#1023=ORIENTED_EDGE('',*,*,#1415,.T.);
#1024=ORIENTED_EDGE('',*,*,#1237,.T.);
#1025=CARTESIAN_POINT('',(-1.25,0.0,-1.18));
#1026=DIRECTION('',(0.0,0.0,1.0));
#1027=DIRECTION('',(1.0,0.0,0.0));
#1028=SURFACE_STYLE_FILL_AREA(#1425);
#1029=ORIENTED_EDGE('',*,*,#1235,.T.);
#1030=ORIENTED_EDGE('',*,*,#1414,.F.);
#1031=ORIENTED_EDGE('',*,*,#1426,.T.);
#1032=ORIENTED_EDGE('',*,*,#1251,.T.);
#1033=CARTESIAN_POINT('',(-1.25,-1.5,-0.83));
#1034=DIRECTION('',(-1.0,-0.0,0.0));
#1035=DIRECTION('',(0.0,-1.0,0.0));
#1036=SURFACE_STYLE_FILL_AREA(#1427);
#1037=ORIENTED_EDGE('',*,*,#1252,.F.);
#1038=ORIENTED_EDGE('',*,*,#1426,.F.);
#1039=ORIENTED_EDGE('',*,*,#1413,.T.);
#1040=ORIENTED_EDGE('',*,*,#1428,.T.);
#1041=CARTESIAN_POINT('',(-1.25,-1.700751752723,-0.5432967844989));
#1042=DIRECTION('',(0.0,0.573576436351011,-0.819152044289016));
#1043=DIRECTION('',(-1.0,0.0,0.0));
#1044=SURFACE_STYLE_FILL_AREA(#1429);
#1045=ORIENTED_EDGE('',*,*,#1253,.F.);
#1046=ORIENTED_EDGE('',*,*,#1428,.F.);
#1047=ORIENTED_EDGE('',*,*,#1412,.T.);
#1048=ORIENTED_EDGE('',*,*,#1241,.T.);
#1049=CARTESIAN_POINT('',(-1.25,-1.442642356365,-0.3625666394862));
#1050=DIRECTION('',(0.0,0.819152044289016,0.573576436351011));
#1051=DIRECTION('',(1.0,0.0,-0.0));
#1052=SURFACE_STYLE_FILL_AREA(#1430);
#1053=ORIENTED_EDGE('',*,*,#1230,.T.);
#1054=ORIENTED_EDGE('',*,*,#1391,.T.);
#1055=ORIENTED_EDGE('',*,*,#1420,.T.);
#1056=ORIENTED_EDGE('',*,*,#1280,.F.);
#1057=CARTESIAN_POINT('',(-1.25,1.05,0.72));
#1058=DIRECTION('',(-1.0,0.0,0.0));
#1059=DIRECTION('',(0.0,0.906307787036731,0.422618261740525));
#1060=SURFACE_STYLE_FILL_AREA(#1431);
#1061=ORIENTED_EDGE('',*,*,#1225,.T.);
#1062=ORIENTED_EDGE('',*,*,#1254,.F.);
#1063=ORIENTED_EDGE('',*,*,#1243,.F.);
#1064=ORIENTED_EDGE('',*,*,#1411,.F.);
#1065=CARTESIAN_POINT('',(-1.25,-1.5,-0.83));
#1066=DIRECTION('',(-1.0,-0.0,0.0));
#1067=DIRECTION('',(0.0,-1.0,0.0));
#1068=SURFACE_STYLE_FILL_AREA(#1432);
#1069=ORIENTED_EDGE('',*,*,#1255,.F.);
#1070=ORIENTED_EDGE('',*,*,#1227,.F.);
#1071=ORIENTED_EDGE('',*,*,#1410,.T.);
#1072=ORIENTED_EDGE('',*,*,#1262,.T.);
#1073=CARTESIAN_POINT('',(-1.25,-1.5,-1.28));
#1074=DIRECTION('',(0.0,0.0,-1.0));
#1075=DIRECTION('',(0.0,-1.0,0.0));
#1076=SURFACE_STYLE_FILL_AREA(#1433);
#1077=ORIENTED_EDGE('',*,*,#1418,.T.);
#1078=ORIENTED_EDGE('',*,*,#1306,.F.);
#1079=ORIENTED_EDGE('',*,*,#1434,.T.);
#1080=ORIENTED_EDGE('',*,*,#1347,.T.);
#1081=CARTESIAN_POINT('',(-1.0,0.08901587834934,1.42));
#1082=DIRECTION('',(0.0,0.0,-1.0));
#1083=DIRECTION('',(1.0,0.0,0.0));
#1084=SURFACE_STYLE_FILL_AREA(#1435);
#1085=ORIENTED_EDGE('',*,*,#1304,.T.);
#1086=ORIENTED_EDGE('',*,*,#1436,.T.);
#1087=ORIENTED_EDGE('',*,*,#1349,.F.);
#1088=ORIENTED_EDGE('',*,*,#1437,.F.);
#1089=CARTESIAN_POINT('',(-0.9974933072565,0.4390158783493,1.42));
#1090=DIRECTION('',(1.0,0.0,0.0));
#1091=DIRECTION('',(0.0,1.0,0.0));
#1092=SURFACE_STYLE_FILL_AREA(#1438);
#1093=ORIENTED_EDGE('',*,*,#1303,.T.);
#1094=ORIENTED_EDGE('',*,*,#1439,.T.);
#1095=ORIENTED_EDGE('',*,*,#1350,.F.);
#1096=ORIENTED_EDGE('',*,*,#1436,.F.);
#1097=CARTESIAN_POINT('',(-1.097493307257,0.8080317566987,1.42));
#1098=DIRECTION('',(0.0,0.0,-1.0));
#1099=DIRECTION('',(1.0,0.0,0.0));
#1100=SURFACE_STYLE_FILL_AREA(#1440);
#1101=ORIENTED_EDGE('',*,*,#1441,.F.);
#1102=ORIENTED_EDGE('',*,*,#1351,.T.);
#1103=ORIENTED_EDGE('',*,*,#1439,.F.);
#1104=ORIENTED_EDGE('',*,*,#1302,.F.);
#1105=CARTESIAN_POINT('',(-1.097493307257,0.9080317566987,1.42));
#1106=DIRECTION('',(-0.0,1.0,0.0));
#1107=DIRECTION('',(1.0,0.0,0.0));
#1108=SURFACE_STYLE_FILL_AREA(#1442);
#1109=ORIENTED_EDGE('',*,*,#1301,.F.);
#1110=ORIENTED_EDGE('',*,*,#1392,.F.);
#1111=ORIENTED_EDGE('',*,*,#1352,.F.);
#1112=ORIENTED_EDGE('',*,*,#1441,.T.);
#1113=CARTESIAN_POINT('',(-1.15,1.008031756699,-4.79972));
#1114=DIRECTION('',(-0.0,0.0,-1.0));
#1115=DIRECTION('',(-1.0,0.0,0.0));
#1116=SURFACE_STYLE_FILL_AREA(#1443);
#1117=ORIENTED_EDGE('',*,*,#1220,.T.);
#1118=ORIENTED_EDGE('',*,*,#1276,.F.);
#1119=ORIENTED_EDGE('',*,*,#1268,.F.);
#1120=ORIENTED_EDGE('',*,*,#1393,.T.);
#1121=CARTESIAN_POINT('',(-1.25,1.05,0.72));
#1122=DIRECTION('',(-1.0,0.0,0.0));
#1123=DIRECTION('',(0.0,0.90630778703671,0.42261826174057));
#1124=SURFACE_STYLE_FILL_AREA(#1444);
#1125=ORIENTED_EDGE('',*,*,#1274,.F.);
#1126=ORIENTED_EDGE('',*,*,#1366,.T.);
#1127=ORIENTED_EDGE('',*,*,#1445,.F.);
#1128=ORIENTED_EDGE('',*,*,#1287,.F.);
#1129=CARTESIAN_POINT('',(1.005013385487,-1.691672158043,1.42));
#1130=DIRECTION('',(0.0,0.0,-1.0));
#1131=DIRECTION('',(1.0,0.0,0.0));
#1132=SURFACE_STYLE_FILL_AREA(#1446);
#1133=ORIENTED_EDGE('',*,*,#1289,.T.);
#1134=ORIENTED_EDGE('',*,*,#1447,.T.);
#1135=ORIENTED_EDGE('',*,*,#1364,.F.);
#1136=ORIENTED_EDGE('',*,*,#1448,.F.);
#1137=CARTESIAN_POINT('',(1.102506692743,-1.353247570646,1.42));
#1138=DIRECTION('',(0.0,0.0,-1.0));
#1139=DIRECTION('',(1.0,0.0,0.0));
#1140=SURFACE_STYLE_FILL_AREA(#1449);
#1141=ORIENTED_EDGE('',*,*,#1290,.T.);
#1142=ORIENTED_EDGE('',*,*,#1448,.T.);
#1143=ORIENTED_EDGE('',*,*,#1363,.F.);
#1144=ORIENTED_EDGE('',*,*,#1450,.F.);
#1145=CARTESIAN_POINT('',(1.002506692743,-0.2784272008035,1.42));
#1146=DIRECTION('',(-1.0,0.0,0.0));
#1147=DIRECTION('',(0.0,0.0,1.0));
#1148=SURFACE_STYLE_FILL_AREA(#1451);
#1149=ORIENTED_EDGE('',*,*,#1291,.T.);
#1150=ORIENTED_EDGE('',*,*,#1450,.T.);
#1151=ORIENTED_EDGE('',*,*,#1362,.F.);
#1152=ORIENTED_EDGE('',*,*,#1452,.F.);
#1153=CARTESIAN_POINT('',(1.102506692743,-0.2784272008035,1.42));
#1154=DIRECTION('',(0.0,0.0,-1.0));
#1155=DIRECTION('',(1.0,0.0,0.0));
#1156=SURFACE_STYLE_FILL_AREA(#1453);
#1157=ORIENTED_EDGE('',*,*,#1292,.T.);
#1158=ORIENTED_EDGE('',*,*,#1452,.T.);
#1159=ORIENTED_EDGE('',*,*,#1361,.F.);
#1160=ORIENTED_EDGE('',*,*,#1454,.F.);
#1161=CARTESIAN_POINT('',(1.100523387089,-0.1710390598688,1.42));
#1162=DIRECTION('',(-0.382040006408295,0.924145785849587,0.0));
#1163=DIRECTION('',(0.0,0.0,1.0));
#1164=SURFACE_STYLE_FILL_AREA(#1455);
#1165=ORIENTED_EDGE('',*,*,#1258,.T.);
#1166=ORIENTED_EDGE('',*,*,#1293,.F.);
#1167=ORIENTED_EDGE('',*,*,#1454,.T.);
#1168=ORIENTED_EDGE('',*,*,#1360,.T.);
#1169=CARTESIAN_POINT('',(1.005013385487,0.05999738659359,1.42));
#1170=DIRECTION('',(0.0,0.0,-1.0));
#1171=DIRECTION('',(1.0,0.0,0.0));
#1172=SURFACE_STYLE_FILL_AREA(#1456);
#1173=ORIENTED_EDGE('',*,*,#1260,.T.);
#1174=ORIENTED_EDGE('',*,*,#1359,.T.);
#1175=ORIENTED_EDGE('',*,*,#1457,.F.);
#1176=ORIENTED_EDGE('',*,*,#1294,.F.);
#1177=CARTESIAN_POINT('',(1.005013385487,0.08901587834934,1.42));
#1178=DIRECTION('',(0.0,0.0,-1.0));
#1179=DIRECTION('',(1.0,0.0,0.0));
#1180=SURFACE_STYLE_FILL_AREA(#1458);
#1181=ORIENTED_EDGE('',*,*,#1296,.T.);
#1182=ORIENTED_EDGE('',*,*,#1459,.T.);
#1183=ORIENTED_EDGE('',*,*,#1357,.F.);
#1184=ORIENTED_EDGE('',*,*,#1460,.F.);
#1185=CARTESIAN_POINT('',(1.002506692743,0.8080317566987,1.42));
#1186=DIRECTION('',(-1.0,0.0,0.0));
#1187=DIRECTION('',(0.0,0.0,1.0));
#1188=SURFACE_STYLE_FILL_AREA(#1461);
#1189=ORIENTED_EDGE('',*,*,#1297,.T.);
#1190=ORIENTED_EDGE('',*,*,#1460,.T.);
#1191=ORIENTED_EDGE('',*,*,#1356,.F.);
#1192=ORIENTED_EDGE('',*,*,#1462,.F.);
#1193=CARTESIAN_POINT('',(1.102506692743,0.8080317566987,1.42));
#1194=DIRECTION('',(0.0,0.0,-1.0));
#1195=DIRECTION('',(1.0,0.0,0.0));
#1196=SURFACE_STYLE_FILL_AREA(#1463);
#1197=ORIENTED_EDGE('',*,*,#1464,.F.);
#1198=ORIENTED_EDGE('',*,*,#1298,.T.);
#1199=ORIENTED_EDGE('',*,*,#1462,.T.);
#1200=ORIENTED_EDGE('',*,*,#1355,.F.);
#1201=CARTESIAN_POINT('',(1.408559467075,0.9080317566987,1.42));
#1202=DIRECTION('',(-0.0,1.0,0.0));
#1203=DIRECTION('',(1.0,0.0,0.0));
#1204=SURFACE_STYLE_FILL_AREA(#1465);
#1205=ORIENTED_EDGE('',*,*,#1354,.F.);
#1206=ORIENTED_EDGE('',*,*,#1278,.F.);
#1207=ORIENTED_EDGE('',*,*,#1299,.F.);
#1208=ORIENTED_EDGE('',*,*,#1464,.T.);
#1209=CARTESIAN_POINT('',(1.15,1.008031756699,4.93972));
#1210=DIRECTION('',(-0.0,0.0,1.0));
#1211=DIRECTION('',(1.0,0.0,0.0));
#1212=SURFACE_STYLE_FILL_AREA(#1466);
#1213=FACE_OUTER_BOUND('',#1467,.T.);
#1214=CYLINDRICAL_SURFACE('',#1468,0.1188211743153);
#1215=FACE_OUTER_BOUND('',#1469,.T.);
#1216=PLANE('',#1470);
#1217=FACE_OUTER_BOUND('',#1471,.T.);
#1218=CYLINDRICAL_SURFACE('',#1472,0.1188211743153);
#1219=FILL_AREA_STYLE('',(#1473));
#1220=EDGE_CURVE('',#1474,#1475,#1476,.T.);
#1221=EDGE_CURVE('',#1474,#1477,#1478,.T.);
#1222=EDGE_CURVE('',#1477,#1479,#1480,.T.);
#1223=EDGE_CURVE('',#1475,#1479,#1481,.T.);
#1224=FILL_AREA_STYLE('',(#1482));
#1225=EDGE_CURVE('',#1483,#1484,#1485,.T.);
#1226=EDGE_CURVE('',#1486,#1483,#1487,.T.);
#1227=EDGE_CURVE('',#1486,#1488,#1489,.T.);
#1228=EDGE_CURVE('',#1484,#1488,#1490,.T.);
#1229=FILL_AREA_STYLE('',(#1491));
#1230=EDGE_CURVE('',#1492,#1493,#1494,.T.);
#1231=EDGE_CURVE('',#1495,#1492,#1496,.T.);
#1232=EDGE_CURVE('',#1497,#1495,#1498,.T.);
#1233=EDGE_CURVE('',#1497,#1493,#1499,.T.);
#1234=FILL_AREA_STYLE('',(#1500));
#1235=EDGE_CURVE('',#1501,#1502,#1503,.T.);
#1236=EDGE_CURVE('',#1501,#1504,#1505,.T.);
#1237=EDGE_CURVE('',#1506,#1504,#1507,.T.);
#1238=EDGE_CURVE('',#1502,#1506,#1508,.T.);
#1239=FILL_AREA_STYLE('',(#1509));
#1240=EDGE_CURVE('',#1510,#1511,#1512,.T.);
#1241=EDGE_CURVE('',#1513,#1510,#1514,.T.);
#1242=EDGE_CURVE('',#1513,#1515,#1516,.T.);
#1243=EDGE_CURVE('',#1515,#1511,#1517,.T.);
#1244=FILL_AREA_STYLE('',(#1518));
#1245=EDGE_CURVE('',#1519,#1520,#1521,.T.);
#1246=EDGE_CURVE('',#1520,#1522,#1523,.T.);
#1247=EDGE_CURVE('',#1524,#1522,#1525,.T.);
#1248=EDGE_CURVE('',#1526,#1524,#1527,.T.);
#1249=EDGE_CURVE('',#1528,#1526,#1529,.T.);
#1250=EDGE_CURVE('',#1528,#1504,#1530,.T.);
#1251=EDGE_CURVE('',#1531,#1501,#1532,.T.);
#1252=EDGE_CURVE('',#1531,#1533,#1534,.T.);
#1253=EDGE_CURVE('',#1533,#1510,#1535,.T.);
#1254=EDGE_CURVE('',#1511,#1484,#1536,.T.);
#1255=EDGE_CURVE('',#1488,#1519,#1537,.T.);
#1256=FILL_AREA_STYLE('',(#1538));
#1257=EDGE_CURVE('',#1539,#1540,#1541,.T.);
#1258=EDGE_CURVE('',#1542,#1540,#1543,.T.);
#1259=EDGE_CURVE('',#1544,#1542,#1545,.T.);
#1260=EDGE_CURVE('',#1539,#1544,#1546,.T.);
#1261=FILL_AREA_STYLE('',(#1547));
#1262=EDGE_CURVE('',#1548,#1519,#1549,.T.);
#1263=EDGE_CURVE('',#1548,#1550,#1551,.T.);
#1264=EDGE_CURVE('',#1550,#1520,#1552,.T.);
#1265=FILL_AREA_STYLE('',(#1553));
#1266=EDGE_CURVE('',#1550,#1554,#1555,.T.);
#1267=EDGE_CURVE('',#1554,#1556,#1557,.T.);
#1268=EDGE_CURVE('',#1556,#1558,#1559,.T.);
#1269=EDGE_CURVE('',#1522,#1558,#1560,.T.);
#1270=FILL_AREA_STYLE('',(#1561));
#1271=EDGE_CURVE('',#1562,#1563,#1564,.T.);
#1272=EDGE_CURVE('',#1565,#1563,#1566,.T.);
#1273=EDGE_CURVE('',#1565,#1567,#1568,.T.);
#1274=EDGE_CURVE('',#1567,#1562,#1569,.T.);
#1275=FILL_AREA_STYLE('',(#1570));
#1276=EDGE_CURVE('',#1558,#1475,#1571,.T.);
#1277=EDGE_CURVE('',#1479,#1572,#1573,.T.);
#1278=EDGE_CURVE('',#1572,#1574,#1575,.T.);
#1279=EDGE_CURVE('',#1574,#1495,#1576,.T.);
#1280=EDGE_CURVE('',#1492,#1577,#1578,.T.);
#1281=EDGE_CURVE('',#1577,#1524,#1579,.T.);
#1282=FILL_AREA_STYLE('',(#1580));
#1283=EDGE_CURVE('',#1581,#1582,#1583,.T.);
#1284=EDGE_CURVE('',#1582,#1584,#1585,.T.);
#1285=EDGE_CURVE('',#1586,#1584,#1587,.T.);
#1286=EDGE_CURVE('',#1586,#1563,#1588,.T.);
#1287=EDGE_CURVE('',#1562,#1589,#1590,.T.);
#1288=EDGE_CURVE('',#1591,#1589,#1592,.T.);
#1289=EDGE_CURVE('',#1593,#1591,#1594,.T.);
#1290=EDGE_CURVE('',#1595,#1593,#1596,.T.);
#1291=EDGE_CURVE('',#1597,#1595,#1598,.T.);
#1292=EDGE_CURVE('',#1599,#1597,#1600,.T.);
#1293=EDGE_CURVE('',#1599,#1540,#1601,.T.);
#1294=EDGE_CURVE('',#1539,#1602,#1603,.T.);
#1295=EDGE_CURVE('',#1604,#1602,#1605,.T.);
#1296=EDGE_CURVE('',#1606,#1604,#1607,.T.);
#1297=EDGE_CURVE('',#1608,#1606,#1609,.T.);
#1298=EDGE_CURVE('',#1610,#1608,#1611,.T.);
#1299=EDGE_CURVE('',#1610,#1572,#1612,.T.);
#1300=EDGE_CURVE('',#1477,#1613,#1614,.T.);
#1301=EDGE_CURVE('',#1613,#1615,#1616,.T.);
#1302=EDGE_CURVE('',#1615,#1617,#1618,.T.);
#1303=EDGE_CURVE('',#1619,#1617,#1620,.T.);
#1304=EDGE_CURVE('',#1621,#1619,#1622,.T.);
#1305=EDGE_CURVE('',#1623,#1621,#1624,.T.);
#1306=EDGE_CURVE('',#1623,#1625,#1626,.T.);
#1307=EDGE_CURVE('',#1625,#1627,#1628,.T.);
#1308=EDGE_CURVE('',#1627,#1629,#1630,.T.);
#1309=EDGE_CURVE('',#1631,#1629,#1632,.T.);
#1310=EDGE_CURVE('',#1633,#1631,#1634,.T.);
#1311=EDGE_CURVE('',#1635,#1633,#1636,.T.);
#1312=EDGE_CURVE('',#1637,#1635,#1638,.T.);
#1313=EDGE_CURVE('',#1639,#1637,#1640,.T.);
#1314=EDGE_CURVE('',#1639,#1641,#1642,.T.);
#1315=EDGE_CURVE('',#1641,#1643,#1644,.T.);
#1316=EDGE_CURVE('',#1643,#1645,#1646,.T.);
#1317=EDGE_CURVE('',#1645,#1647,#1648,.T.);
#1318=EDGE_CURVE('',#1647,#1581,#1649,.T.);
#1319=EDGE_CURVE('',#1650,#1651,#1652,.T.);
#1320=EDGE_CURVE('',#1653,#1650,#1654,.T.);
#1321=EDGE_CURVE('',#1655,#1653,#1656,.T.);
#1322=EDGE_CURVE('',#1651,#1655,#1657,.T.);
#1323=FILL_AREA_STYLE('',(#1658));
#1324=EDGE_CURVE('',#1651,#1659,#1660,.T.);
#1325=EDGE_CURVE('',#1661,#1659,#1662,.T.);
#1326=EDGE_CURVE('',#1650,#1661,#1663,.T.);
#1327=FILL_AREA_STYLE('',(#1664));
#1328=EDGE_CURVE('',#1665,#1661,#1666,.T.);
#1329=EDGE_CURVE('',#1653,#1665,#1667,.T.);
#1330=FILL_AREA_STYLE('',(#1668));
#1331=EDGE_CURVE('',#1669,#1665,#1670,.T.);
#1332=EDGE_CURVE('',#1655,#1669,#1671,.T.);
#1333=FILL_AREA_STYLE('',(#1672));
#1334=EDGE_CURVE('',#1659,#1669,#1673,.T.);
#1335=FILL_AREA_STYLE('',(#1674));
#1336=EDGE_CURVE('',#1675,#1676,#1677,.T.);
#1337=EDGE_CURVE('',#1678,#1675,#1679,.T.);
#1338=EDGE_CURVE('',#1678,#1680,#1681,.T.);
#1339=EDGE_CURVE('',#1682,#1680,#1683,.T.);
#1340=EDGE_CURVE('',#1682,#1684,#1685,.T.);
#1341=EDGE_CURVE('',#1684,#1686,#1687,.T.);
#1342=EDGE_CURVE('',#1686,#1688,#1689,.T.);
#1343=EDGE_CURVE('',#1688,#1690,#1691,.T.);
#1344=EDGE_CURVE('',#1690,#1692,#1693,.T.);
#1345=EDGE_CURVE('',#1694,#1692,#1695,.T.);
#1346=EDGE_CURVE('',#1696,#1694,#1697,.T.);
#1347=EDGE_CURVE('',#1698,#1696,#1699,.T.);
#1348=EDGE_CURVE('',#1698,#1700,#1701,.T.);
#1349=EDGE_CURVE('',#1700,#1702,#1703,.T.);
#1350=EDGE_CURVE('',#1702,#1704,#1705,.T.);
#1351=EDGE_CURVE('',#1706,#1704,#1707,.T.);
#1352=EDGE_CURVE('',#1706,#1708,#1709,.T.);
#1353=EDGE_CURVE('',#1708,#1497,#1710,.T.);
#1354=EDGE_CURVE('',#1574,#1711,#1712,.T.);
#1355=EDGE_CURVE('',#1711,#1713,#1714,.T.);
#1356=EDGE_CURVE('',#1713,#1715,#1716,.T.);
#1357=EDGE_CURVE('',#1715,#1717,#1718,.T.);
#1358=EDGE_CURVE('',#1717,#1719,#1720,.T.);
#1359=EDGE_CURVE('',#1544,#1719,#1721,.T.);
#1360=EDGE_CURVE('',#1722,#1542,#1723,.T.);
#1361=EDGE_CURVE('',#1722,#1724,#1725,.T.);
#1362=EDGE_CURVE('',#1724,#1726,#1727,.T.);
#1363=EDGE_CURVE('',#1726,#1728,#1729,.T.);
#1364=EDGE_CURVE('',#1728,#1730,#1731,.T.);
#1365=EDGE_CURVE('',#1730,#1732,#1733,.T.);
#1366=EDGE_CURVE('',#1567,#1732,#1734,.T.);
#1367=EDGE_CURVE('',#1735,#1565,#1736,.T.);
#1368=EDGE_CURVE('',#1735,#1737,#1738,.T.);
#1369=EDGE_CURVE('',#1737,#1739,#1740,.T.);
#1370=EDGE_CURVE('',#1741,#1739,#1742,.T.);
#1371=EDGE_CURVE('',#1741,#1676,#1743,.T.);
#1372=FILL_AREA_STYLE('',(#1744));
#1373=EDGE_CURVE('',#1647,#1676,#1745,.T.);
#1374=EDGE_CURVE('',#1645,#1675,#1746,.T.);
#1375=FILL_AREA_STYLE('',(#1747));
#1376=EDGE_CURVE('',#1581,#1741,#1748,.T.);
#1377=FILL_AREA_STYLE('',(#1749));
#1378=EDGE_CURVE('',#1582,#1739,#1750,.T.);
#1379=FILL_AREA_STYLE('',(#1751));
#1380=EDGE_CURVE('',#1584,#1737,#1752,.T.);
#1381=FILL_AREA_STYLE('',(#1753));
#1382=EDGE_CURVE('',#1586,#1735,#1754,.T.);
#1383=FILL_AREA_STYLE('',(#1755));
#1384=FILL_AREA_STYLE('',(#1756));
#1385=EDGE_CURVE('',#1678,#1643,#1757,.T.);
#1386=FILL_AREA_STYLE('',(#1758));
#1387=EDGE_CURVE('',#1680,#1641,#1759,.T.);
#1388=FILL_AREA_STYLE('',(#1760));
#1389=EDGE_CURVE('',#1761,#1554,#1762,.T.);
#1390=EDGE_CURVE('',#1763,#1761,#1764,.T.);
#1391=EDGE_CURVE('',#1493,#1763,#1765,.T.);
#1392=EDGE_CURVE('',#1708,#1613,#1766,.T.);
#1393=EDGE_CURVE('',#1556,#1474,#1767,.T.);
#1394=FILL_AREA_STYLE('',(#1768));
#1395=EDGE_CURVE('',#1639,#1682,#1769,.T.);
#1396=FILL_AREA_STYLE('',(#1770));
#1397=EDGE_CURVE('',#1637,#1684,#1771,.T.);
#1398=FILL_AREA_STYLE('',(#1772));
#1399=EDGE_CURVE('',#1635,#1686,#1773,.T.);
#1400=FILL_AREA_STYLE('',(#1774));
#1401=EDGE_CURVE('',#1633,#1688,#1775,.T.);
#1402=FILL_AREA_STYLE('',(#1776));
#1403=EDGE_CURVE('',#1631,#1690,#1777,.T.);
#1404=FILL_AREA_STYLE('',(#1778));
#1405=EDGE_CURVE('',#1629,#1692,#1779,.T.);
#1406=FILL_AREA_STYLE('',(#1780));
#1407=EDGE_CURVE('',#1627,#1694,#1781,.T.);
#1408=FILL_AREA_STYLE('',(#1782));
#1409=EDGE_CURVE('',#1783,#1761,#1784,.T.);
#1410=EDGE_CURVE('',#1486,#1548,#1785,.T.);
#1411=EDGE_CURVE('',#1483,#1515,#1786,.T.);
#1412=EDGE_CURVE('',#1787,#1513,#1788,.T.);
#1413=EDGE_CURVE('',#1789,#1787,#1790,.T.);
#1414=EDGE_CURVE('',#1789,#1502,#1791,.T.);
#1415=EDGE_CURVE('',#1792,#1506,#1793,.T.);
#1416=EDGE_CURVE('',#1792,#1783,#1794,.T.);
#1417=FILL_AREA_STYLE('',(#1795));
#1418=EDGE_CURVE('',#1696,#1625,#1796,.T.);
#1419=FILL_AREA_STYLE('',(#1797));
#1420=EDGE_CURVE('',#1763,#1577,#1798,.T.);
#1421=EDGE_CURVE('',#1783,#1526,#1799,.T.);
#1422=FILL_AREA_STYLE('',(#1800));
#1423=EDGE_CURVE('',#1792,#1528,#1801,.T.);
#1424=FILL_AREA_STYLE('',(#1802));
#1425=FILL_AREA_STYLE('',(#1803));
#1426=EDGE_CURVE('',#1789,#1531,#1804,.T.);
#1427=FILL_AREA_STYLE('',(#1805));
#1428=EDGE_CURVE('',#1787,#1533,#1806,.T.);
#1429=FILL_AREA_STYLE('',(#1807));
#1430=FILL_AREA_STYLE('',(#1808));
#1431=FILL_AREA_STYLE('',(#1809));
#1432=FILL_AREA_STYLE('',(#1810));
#1433=FILL_AREA_STYLE('',(#1811));
#1434=EDGE_CURVE('',#1623,#1698,#1812,.T.);
#1435=FILL_AREA_STYLE('',(#1813));
#1436=EDGE_CURVE('',#1619,#1702,#1814,.T.);
#1437=EDGE_CURVE('',#1621,#1700,#1815,.T.);
#1438=FILL_AREA_STYLE('',(#1816));
#1439=EDGE_CURVE('',#1617,#1704,#1817,.T.);
#1440=FILL_AREA_STYLE('',(#1818));
#1441=EDGE_CURVE('',#1706,#1615,#1819,.T.);
#1442=FILL_AREA_STYLE('',(#1820));
#1443=FILL_AREA_STYLE('',(#1821));
#1444=FILL_AREA_STYLE('',(#1822));
#1445=EDGE_CURVE('',#1589,#1732,#1823,.T.);
#1446=FILL_AREA_STYLE('',(#1824));
#1447=EDGE_CURVE('',#1591,#1730,#1825,.T.);
#1448=EDGE_CURVE('',#1593,#1728,#1826,.T.);
#1449=FILL_AREA_STYLE('',(#1827));
#1450=EDGE_CURVE('',#1595,#1726,#1828,.T.);
#1451=FILL_AREA_STYLE('',(#1829));
#1452=EDGE_CURVE('',#1597,#1724,#1830,.T.);
#1453=FILL_AREA_STYLE('',(#1831));
#1454=EDGE_CURVE('',#1599,#1722,#1832,.T.);
#1455=FILL_AREA_STYLE('',(#1833));
#1456=FILL_AREA_STYLE('',(#1834));
#1457=EDGE_CURVE('',#1602,#1719,#1835,.T.);
#1458=FILL_AREA_STYLE('',(#1836));
#1459=EDGE_CURVE('',#1604,#1717,#1837,.T.);
#1460=EDGE_CURVE('',#1606,#1715,#1838,.T.);
#1461=FILL_AREA_STYLE('',(#1839));
#1462=EDGE_CURVE('',#1608,#1713,#1840,.T.);
#1463=FILL_AREA_STYLE('',(#1841));
#1464=EDGE_CURVE('',#1610,#1711,#1842,.T.);
#1465=FILL_AREA_STYLE('',(#1843));
#1466=FILL_AREA_STYLE('',(#1844));
#1467=EDGE_LOOP('',(#1845,#1846,#1847,#1848));
#1468=AXIS2_PLACEMENT_3D('',#1849,#1850,#1851);
#1469=EDGE_LOOP('',(#1852,#1853,#1854,#1855));
#1470=AXIS2_PLACEMENT_3D('',#1856,#1857,#1858);
#1471=EDGE_LOOP('',(#1859,#1860,#1861,#1862));
#1472=AXIS2_PLACEMENT_3D('',#1863,#1864,#1865);
#1473=FILL_AREA_STYLE_COLOUR('',#1866);
#1474=VERTEX_POINT('',#1867);
#1475=VERTEX_POINT('',#1868);
#1476=LINE('',#1869,#1870);
#1477=VERTEX_POINT('',#1871);
#1478=CIRCLE('',#1872,0.7);
#1479=VERTEX_POINT('',#1873);
#1480=LINE('',#1874,#1875);
#1481=CIRCLE('',#1876,0.7);
#1482=FILL_AREA_STYLE_COLOUR('',#1877);
#1483=VERTEX_POINT('',#1878);
#1484=VERTEX_POINT('',#1879);
#1485=LINE('',#1880,#1881);
#1486=VERTEX_POINT('',#1882);
#1487=ELLIPSE('',#1883,0.451313806008025,0.45000000000006);
#1488=VERTEX_POINT('',#1884);
#1489=LINE('',#1885,#1886);
#1490=ELLIPSE('',#1887,0.451313806008023,0.450000000000059);
#1491=FILL_AREA_STYLE_COLOUR('',#1888);
#1492=VERTEX_POINT('',#1889);
#1493=VERTEX_POINT('',#1890);
#1494=LINE('',#1891,#1892);
#1495=VERTEX_POINT('',#1893);
#1496=CIRCLE('',#1894,0.6);
#1497=VERTEX_POINT('',#1895);
#1498=LINE('',#1896,#1897);
#1499=CIRCLE('',#1898,0.6);
#1500=FILL_AREA_STYLE_COLOUR('',#1899);
#1501=VERTEX_POINT('',#1900);
#1502=VERTEX_POINT('',#1901);
#1503=LINE('',#1902,#1903);
#1504=VERTEX_POINT('',#1904);
#1505=ELLIPSE('',#1905,0.351021849117162,0.349999999999873);
#1506=VERTEX_POINT('',#1906);
#1507=LINE('',#1907,#1908);
#1508=ELLIPSE('',#1909,0.351021849117158,0.349999999999871);
#1509=FILL_AREA_STYLE_COLOUR('',#1910);
#1510=VERTEX_POINT('',#1911);
#1511=VERTEX_POINT('',#1912);
#1512=LINE('',#1913,#1914);
#1513=VERTEX_POINT('',#1915);
#1514=LINE('',#1916,#1917);
#1515=VERTEX_POINT('',#1918);
#1516=LINE('',#1919,#1920);
#1517=LINE('',#1921,#1922);
#1518=FILL_AREA_STYLE_COLOUR('',#1923);
#1519=VERTEX_POINT('',#1924);
#1520=VERTEX_POINT('',#1925);
#1521=ELLIPSE('',#1926,0.614228873809233,0.6124408106613);
#1522=VERTEX_POINT('',#1927);
#1523=LINE('',#1928,#1929);
#1524=VERTEX_POINT('',#1930);
#1525=LINE('',#1931,#1932);
#1526=VERTEX_POINT('',#1933);
#1527=LINE('',#1934,#1935);
#1528=VERTEX_POINT('',#1936);
#1529=ELLIPSE('',#1937,0.513936916918574,0.5124408106613);
#1530=LINE('',#1938,#1939);
#1531=VERTEX_POINT('',#1940);
#1532=ELLIPSE('',#1941,0.351021849117162,0.349999999999873);
#1533=VERTEX_POINT('',#1942);
#1534=LINE('',#1943,#1944);
#1535=LINE('',#1945,#1946);
#1536=ELLIPSE('',#1947,0.451313806008023,0.450000000000059);
#1537=LINE('',#1948,#1949);
#1538=FILL_AREA_STYLE_COLOUR('',#1950);
#1539=VERTEX_POINT('',#1951);
#1540=VERTEX_POINT('',#1952);
#1541=LINE('',#1953,#1954);
#1542=VERTEX_POINT('',#1955);
#1543=B_SPLINE_CURVE_WITH_KNOTS('',3,(#1956,#1957,#1958,#1959,#1960,#1961,#1962),.UNSPECIFIED.,.F.,.F.,(4,3,4),(1.45322967653902E-15,0.848843092535573,1.0),.UNSPECIFIED.);
#1544=VERTEX_POINT('',#1963);
#1545=LINE('',#1964,#1965);
#1546=B_SPLINE_CURVE_WITH_KNOTS('',3,(#1966,#1967,#1968,#1969,#1970,#1971,#1972),.UNSPECIFIED.,.F.,.F.,(4,3,4),(3.75136485372052E-15,0.788479513953505,1.0),.UNSPECIFIED.);
#1547=FILL_AREA_STYLE_COLOUR('',#1973);
#1548=VERTEX_POINT('',#1974);
#1549=LINE('',#1975,#1976);
#1550=VERTEX_POINT('',#1977);
#1551=ELLIPSE('',#1978,0.614228873809233,0.6124408106613);
#1552=LINE('',#1979,#1980);
#1553=FILL_AREA_STYLE_COLOUR('',#1981);
#1554=VERTEX_POINT('',#1982);
#1555=LINE('',#1983,#1984);
#1556=VERTEX_POINT('',#1985);
#1557=LINE('',#1986,#1987);
#1558=VERTEX_POINT('',#1988);
#1559=LINE('',#1989,#1990);
#1560=LINE('',#1991,#1992);
#1561=FILL_AREA_STYLE_COLOUR('',#1993);
#1562=VERTEX_POINT('',#1994);
#1563=VERTEX_POINT('',#1995);
#1564=LINE('',#1996,#1997);
#1565=VERTEX_POINT('',#1998);
#1566=LINE('',#1999,#2000);
#1567=VERTEX_POINT('',#2001);
#1568=LINE('',#2002,#2003);
#1569=LINE('',#2004,#2005);
#1570=FILL_AREA_STYLE_COLOUR('',#2006);
#1571=CIRCLE('',#2007,0.7);
#1572=VERTEX_POINT('',#2008);
#1573=LINE('',#2009,#2010);
#1574=VERTEX_POINT('',#2011);
#1575=LINE('',#2012,#2013);
#1576=LINE('',#2014,#2015);
#1577=VERTEX_POINT('',#2016);
#1578=CIRCLE('',#2017,0.6);
#1579=LINE('',#2018,#2019);
#1580=FILL_AREA_STYLE_COLOUR('',#2020);
#1581=VERTEX_POINT('',#2021);
#1582=VERTEX_POINT('',#2022);
#1583=LINE('',#2023,#2024);
#1584=VERTEX_POINT('',#2025);
#1585=CIRCLE('',#2026,0.2);
#1586=VERTEX_POINT('',#2027);
#1587=LINE('',#2028,#2029);
#1588=CIRCLE('',#2030,0.25);
#1589=VERTEX_POINT('',#2031);
#1590=CIRCLE('',#2032,0.25);
#1591=VERTEX_POINT('',#2033);
#1592=LINE('',#2034,#2035);
#1593=VERTEX_POINT('',#2036);
#1594=CIRCLE('',#2037,0.1);
#1595=VERTEX_POINT('',#2038);
#1596=LINE('',#2039,#2040);
#1597=VERTEX_POINT('',#2041);
#1598=CIRCLE('',#2042,0.1);
#1599=VERTEX_POINT('',#2043);
#1600=LINE('',#2044,#2045);
#1601=CIRCLE('',#2046,0.25);
#1602=VERTEX_POINT('',#2047);
#1603=CIRCLE('',#2048,0.25);
#1604=VERTEX_POINT('',#2049);
#1605=CIRCLE('',#2050,0.1188211743153);
#1606=VERTEX_POINT('',#2051);
#1607=LINE('',#2052,#2053);
#1608=VERTEX_POINT('',#2054);
#1609=CIRCLE('',#2055,0.1);
#1610=VERTEX_POINT('',#2056);
#1611=LINE('',#2057,#2058);
#1612=CIRCLE('',#2059,0.1);
#1613=VERTEX_POINT('',#2060);
#1614=LINE('',#2061,#2062);
#1615=VERTEX_POINT('',#2063);
#1616=CIRCLE('',#2064,0.1);
#1617=VERTEX_POINT('',#2065);
#1618=LINE('',#2066,#2067);
#1619=VERTEX_POINT('',#2068);
#1620=CIRCLE('',#2069,0.1);
#1621=VERTEX_POINT('',#2070);
#1622=LINE('',#2071,#2072);
#1623=VERTEX_POINT('',#2073);
#1624=CIRCLE('',#2074,0.1188211743153);
#1625=VERTEX_POINT('',#2075);
#1626=CIRCLE('',#2076,0.25);
#1627=VERTEX_POINT('',#2077);
#1628=LINE('',#2078,#2079);
#1629=VERTEX_POINT('',#2080);
#1630=CIRCLE('',#2081,0.25);
#1631=VERTEX_POINT('',#2082);
#1632=LINE('',#2083,#2084);
#1633=VERTEX_POINT('',#2085);
#1634=CIRCLE('',#2086,0.1);
#1635=VERTEX_POINT('',#2087);
#1636=LINE('',#2088,#2089);
#1637=VERTEX_POINT('',#2090);
#1638=CIRCLE('',#2091,0.1);
#1639=VERTEX_POINT('',#2092);
#1640=LINE('',#2093,#2094);
#1641=VERTEX_POINT('',#2095);
#1642=CIRCLE('',#2096,0.25);
#1643=VERTEX_POINT('',#2097);
#1644=LINE('',#2098,#2099);
#1645=VERTEX_POINT('',#2100);
#1646=CIRCLE('',#2101,0.25);
#1647=VERTEX_POINT('',#2102);
#1648=LINE('',#2103,#2104);
#1649=CIRCLE('',#2105,0.2);
#1650=VERTEX_POINT('',#2106);
#1651=VERTEX_POINT('',#2107);
#1652=CIRCLE('',#2108,0.32);
#1653=VERTEX_POINT('',#2109);
#1654=LINE('',#2110,#2111);
#1655=VERTEX_POINT('',#2112);
#1656=CIRCLE('',#2113,0.32);
#1657=LINE('',#2114,#2115);
#1658=FILL_AREA_STYLE_COLOUR('',#2116);
#1659=VERTEX_POINT('',#2117);
#1660=LINE('',#2118,#2119);
#1661=VERTEX_POINT('',#2120);
#1662=CIRCLE('',#2121,0.32);
#1663=LINE('',#2122,#2123);
#1664=FILL_AREA_STYLE_COLOUR('',#2124);
#1665=VERTEX_POINT('',#2125);
#1666=LINE('',#2126,#2127);
#1667=LINE('',#2128,#2129);
#1668=FILL_AREA_STYLE_COLOUR('',#2130);
#1669=VERTEX_POINT('',#2131);
#1670=CIRCLE('',#2132,0.32);
#1671=LINE('',#2133,#2134);
#1672=FILL_AREA_STYLE_COLOUR('',#2135);
#1673=LINE('',#2136,#2137);
#1674=FILL_AREA_STYLE_COLOUR('',#2138);
#1675=VERTEX_POINT('',#2139);
#1676=VERTEX_POINT('',#2140);
#1677=LINE('',#2141,#2142);
#1678=VERTEX_POINT('',#2143);
#1679=CIRCLE('',#2144,0.25);
#1680=VERTEX_POINT('',#2145);
#1681=LINE('',#2146,#2147);
#1682=VERTEX_POINT('',#2148);
#1683=CIRCLE('',#2149,0.25);
#1684=VERTEX_POINT('',#2150);
#1685=LINE('',#2151,#2152);
#1686=VERTEX_POINT('',#2153);
#1687=CIRCLE('',#2154,0.1);
#1688=VERTEX_POINT('',#2155);
#1689=LINE('',#2156,#2157);
#1690=VERTEX_POINT('',#2158);
#1691=CIRCLE('',#2159,0.1);
#1692=VERTEX_POINT('',#2160);
#1693=LINE('',#2161,#2162);
#1694=VERTEX_POINT('',#2163);
#1695=CIRCLE('',#2164,0.25);
#1696=VERTEX_POINT('',#2165);
#1697=LINE('',#2166,#2167);
#1698=VERTEX_POINT('',#2168);
#1699=CIRCLE('',#2169,0.25);
#1700=VERTEX_POINT('',#2170);
#1701=CIRCLE('',#2171,0.1188211743153);
#1702=VERTEX_POINT('',#2172);
#1703=LINE('',#2173,#2174);
#1704=VERTEX_POINT('',#2175);
#1705=CIRCLE('',#2176,0.1);
#1706=VERTEX_POINT('',#2177);
#1707=LINE('',#2178,#2179);
#1708=VERTEX_POINT('',#2180);
#1709=CIRCLE('',#2181,0.1);
#1710=LINE('',#2182,#2183);
#1711=VERTEX_POINT('',#2184);
#1712=CIRCLE('',#2185,0.1);
#1713=VERTEX_POINT('',#2186);
#1714=LINE('',#2187,#2188);
#1715=VERTEX_POINT('',#2189);
#1716=CIRCLE('',#2190,0.1);
#1717=VERTEX_POINT('',#2191);
#1718=LINE('',#2192,#2193);
#1719=VERTEX_POINT('',#2194);
#1720=CIRCLE('',#2195,0.1188211743153);
#1721=CIRCLE('',#2196,0.25);
#1722=VERTEX_POINT('',#2197);
#1723=CIRCLE('',#2198,0.25);
#1724=VERTEX_POINT('',#2199);
#1725=LINE('',#2200,#2201);
#1726=VERTEX_POINT('',#2202);
#1727=CIRCLE('',#2203,0.1);
#1728=VERTEX_POINT('',#2204);
#1729=LINE('',#2205,#2206);
#1730=VERTEX_POINT('',#2207);
#1731=CIRCLE('',#2208,0.1);
#1732=VERTEX_POINT('',#2209);
#1733=LINE('',#2210,#2211);
#1734=CIRCLE('',#2212,0.25);
#1735=VERTEX_POINT('',#2213);
#1736=CIRCLE('',#2214,0.25);
#1737=VERTEX_POINT('',#2215);
#1738=LINE('',#2216,#2217);
#1739=VERTEX_POINT('',#2218);
#1740=CIRCLE('',#2219,0.2);
#1741=VERTEX_POINT('',#2220);
#1742=LINE('',#2221,#2222);
#1743=CIRCLE('',#2223,0.2);
#1744=FILL_AREA_STYLE_COLOUR('',#2224);
#1745=LINE('',#2225,#2226);
#1746=LINE('',#2227,#2228);
#1747=FILL_AREA_STYLE_COLOUR('',#2229);
#1748=LINE('',#2230,#2231);
#1749=FILL_AREA_STYLE_COLOUR('',#2232);
#1750=LINE('',#2233,#2234);
#1751=FILL_AREA_STYLE_COLOUR('',#2235);
#1752=LINE('',#2236,#2237);
#1753=FILL_AREA_STYLE_COLOUR('',#2238);
#1754=LINE('',#2239,#2240);
#1755=FILL_AREA_STYLE_COLOUR('',#2241);
#1756=FILL_AREA_STYLE_COLOUR('',#2242);
#1757=LINE('',#2243,#2244);
#1758=FILL_AREA_STYLE_COLOUR('',#2245);
#1759=LINE('',#2246,#2247);
#1760=FILL_AREA_STYLE_COLOUR('',#2248);
#1761=VERTEX_POINT('',#2249);
#1762=LINE('',#2250,#2251);
#1763=VERTEX_POINT('',#2252);
#1764=LINE('',#2253,#2254);
#1765=CIRCLE('',#2255,0.6);
#1766=LINE('',#2256,#2257);
#1767=CIRCLE('',#2258,0.7);
#1768=FILL_AREA_STYLE_COLOUR('',#2259);
#1769=LINE('',#2260,#2261);
#1770=FILL_AREA_STYLE_COLOUR('',#2262);
#1771=LINE('',#2263,#2264);
#1772=FILL_AREA_STYLE_COLOUR('',#2265);
#1773=LINE('',#2266,#2267);
#1774=FILL_AREA_STYLE_COLOUR('',#2268);
#1775=LINE('',#2269,#2270);
#1776=FILL_AREA_STYLE_COLOUR('',#2271);
#1777=LINE('',#2272,#2273);
#1778=FILL_AREA_STYLE_COLOUR('',#2274);
#1779=LINE('',#2275,#2276);
#1780=FILL_AREA_STYLE_COLOUR('',#2277);
#1781=ELLIPSE('',#2278,4.28017008886582,0.25);
#1782=FILL_AREA_STYLE_COLOUR('',#2279);
#1783=VERTEX_POINT('',#2280);
#1784=LINE('',#2281,#2282);
#1785=LINE('',#2283,#2284);
#1786=ELLIPSE('',#2285,0.451313806008025,0.45000000000006);
#1787=VERTEX_POINT('',#2286);
#1788=LINE('',#2287,#2288);
#1789=VERTEX_POINT('',#2289);
#1790=LINE('',#2290,#2291);
#1791=ELLIPSE('',#2292,0.351021849117158,0.349999999999871);
#1792=VERTEX_POINT('',#2293);
#1793=LINE('',#2294,#2295);
#1794=ELLIPSE('',#2296,0.513936916918574,0.5124408106613);
#1795=FILL_AREA_STYLE_COLOUR('',#2297);
#1796=ELLIPSE('',#2298,4.28017008886582,0.25);
#1797=FILL_AREA_STYLE_COLOUR('',#2299);
#1798=LINE('',#2300,#2301);
#1799=LINE('',#2302,#2303);
#1800=FILL_AREA_STYLE_COLOUR('',#2304);
#1801=LINE('',#2305,#2306);
#1802=FILL_AREA_STYLE_COLOUR('',#2307);
#1803=FILL_AREA_STYLE_COLOUR('',#2308);
#1804=LINE('',#2309,#2310);
#1805=FILL_AREA_STYLE_COLOUR('',#2311);
#1806=LINE('',#2312,#2313);
#1807=FILL_AREA_STYLE_COLOUR('',#2314);
#1808=FILL_AREA_STYLE_COLOUR('',#2315);
#1809=FILL_AREA_STYLE_COLOUR('',#2316);
#1810=FILL_AREA_STYLE_COLOUR('',#2317);
#1811=FILL_AREA_STYLE_COLOUR('',#2318);
#1812=LINE('',#2319,#2320);
#1813=FILL_AREA_STYLE_COLOUR('',#2321);
#1814=LINE('',#2322,#2323);
#1815=LINE('',#2324,#2325);
#1816=FILL_AREA_STYLE_COLOUR('',#2326);
#1817=LINE('',#2327,#2328);
#1818=FILL_AREA_STYLE_COLOUR('',#2329);
#1819=LINE('',#2330,#2331);
#1820=FILL_AREA_STYLE_COLOUR('',#2332);
#1821=FILL_AREA_STYLE_COLOUR('',#2333);
#1822=FILL_AREA_STYLE_COLOUR('',#2334);
#1823=LINE('',#2335,#2336);
#1824=FILL_AREA_STYLE_COLOUR('',#2337);
#1825=LINE('',#2338,#2339);
#1826=LINE('',#2340,#2341);
#1827=FILL_AREA_STYLE_COLOUR('',#2342);
#1828=LINE('',#2343,#2344);
#1829=FILL_AREA_STYLE_COLOUR('',#2345);
#1830=LINE('',#2346,#2347);
#1831=FILL_AREA_STYLE_COLOUR('',#2348);
#1832=LINE('',#2349,#2350);
#1833=FILL_AREA_STYLE_COLOUR('',#2351);
#1834=FILL_AREA_STYLE_COLOUR('',#2352);
#1835=LINE('',#2353,#2354);
#1836=FILL_AREA_STYLE_COLOUR('',#2355);
#1837=LINE('',#2356,#2357);
#1838=LINE('',#2358,#2359);
#1839=FILL_AREA_STYLE_COLOUR('',#2360);
#1840=LINE('',#2361,#2362);
#1841=FILL_AREA_STYLE_COLOUR('',#2363);
#1842=LINE('',#2364,#2365);
#1843=FILL_AREA_STYLE_COLOUR('',#2366);
#1844=FILL_AREA_STYLE_COLOUR('',#2367);
#1845=ORIENTED_EDGE('',*,*,#1305,.T.);
#1846=ORIENTED_EDGE('',*,*,#1437,.T.);
#1847=ORIENTED_EDGE('',*,*,#1348,.F.);
#1848=ORIENTED_EDGE('',*,*,#1434,.F.);
#1849=CARTESIAN_POINT('',(-1.116314481572,0.4390158783493,1.42));
#1850=DIRECTION('',(0.0,0.0,-1.0));
#1851=DIRECTION('',(1.0,0.0,0.0));
#1852=ORIENTED_EDGE('',*,*,#1288,.T.);
#1853=ORIENTED_EDGE('',*,*,#1445,.T.);
#1854=ORIENTED_EDGE('',*,*,#1365,.F.);
#1855=ORIENTED_EDGE('',*,*,#1447,.F.);
#1856=CARTESIAN_POINT('',(1.064302692103,-1.44566214923,1.42));
#1857=DIRECTION('',(-0.382040006408295,-0.924145785849587,0.0));
#1858=DIRECTION('',(-0.924145785849587,0.382040006408295,0.0));
#1859=ORIENTED_EDGE('',*,*,#1295,.T.);
#1860=ORIENTED_EDGE('',*,*,#1457,.T.);
#1861=ORIENTED_EDGE('',*,*,#1358,.F.);
#1862=ORIENTED_EDGE('',*,*,#1459,.F.);
#1863=CARTESIAN_POINT('',(1.121327867059,0.4390158783493,1.42));
#1864=DIRECTION('',(0.0,0.0,-1.0));
#1865=DIRECTION('',(1.0,0.0,0.0));
#1866=COLOUR_RGB('',0.666666686534882,0.639215707778931,0.619607865810394);
#1867=CARTESIAN_POINT('',(-1.25,1.6844154509257,1.0158327832184));
#1868=CARTESIAN_POINT('',(1.25,1.6844154509257,1.0158327832184));
#1869=CARTESIAN_POINT('',(-1.25,1.6844154509257,1.0158327832184));
#1870=VECTOR('',#2368,1.0);
#1871=CARTESIAN_POINT('',(-1.25,1.05,1.42));
#1872=AXIS2_PLACEMENT_3D('',#2369,#2370,#2371);
#1873=CARTESIAN_POINT('',(1.25,1.05,1.42));
#1874=CARTESIAN_POINT('',(-1.25,1.05,1.42));
#1875=VECTOR('',#2372,2.5);
#1876=AXIS2_PLACEMENT_3D('',#2373,#2374,#2375);
#1877=COLOUR_RGB('',1.0,0.807843148708344,0.458823531866074);
#1878=CARTESIAN_POINT('',(-1.01229221500576,-1.95,-0.83));
#1879=CARTESIAN_POINT('',(1.01229221500576,-1.95000000000001,-0.83));
#1880=CARTESIAN_POINT('',(2.22044604925031E-16,-1.95,-0.83));
#1881=VECTOR('',#2376,1.0);
#1882=CARTESIAN_POINT('',(-1.008050762193,-1.5,-1.28));
#1883=AXIS2_PLACEMENT_3D('',#2377,#2378,#2379);
#1884=CARTESIAN_POINT('',(1.008050762193,-1.5,-1.28));
#1885=CARTESIAN_POINT('',(-1.008050762193,-1.5,-1.28));
#1886=VECTOR('',#2380,2.016101524387);
#1887=AXIS2_PLACEMENT_3D('',#2381,#2382,#2383);
#1888=COLOUR_RGB('',0.666666686534882,0.639215707778931,0.619607865810394);
#1889=CARTESIAN_POINT('',(1.25,1.59378467222204,0.973570957044315));
#1890=CARTESIAN_POINT('',(-1.25,1.59378467222204,0.973570957044315));
#1891=CARTESIAN_POINT('',(-1.25,1.59378467222204,0.973570957044315));
#1892=VECTOR('',#2384,1.0);
#1893=CARTESIAN_POINT('',(1.25,1.05,1.32));
#1894=AXIS2_PLACEMENT_3D('',#2385,#2386,#2387);
#1895=CARTESIAN_POINT('',(-1.25,1.05,1.32));
#1896=CARTESIAN_POINT('',(-1.25,1.05,1.32));
#1897=VECTOR('',#2388,2.5);
#1898=AXIS2_PLACEMENT_3D('',#2389,#2390,#2391);
#1899=COLOUR_RGB('',0.666666686534882,0.639215707778931,0.619607865810394);
#1900=CARTESIAN_POINT('',(1.01720761219124,-1.85,-0.83));
#1901=CARTESIAN_POINT('',(-1.01720761219124,-1.84999999999999,-0.83));
#1902=CARTESIAN_POINT('',(-4.44089209850063E-16,-1.85,-0.83));
#1903=VECTOR('',#2392,1.0);
#1904=CARTESIAN_POINT('',(1.013908704449,-1.5,-1.18));
#1905=AXIS2_PLACEMENT_3D('',#2393,#2394,#2395);
#1906=CARTESIAN_POINT('',(-1.013908704449,-1.5,-1.18));
#1907=CARTESIAN_POINT('',(-1.013908704449,-1.5,-1.18));
#1908=VECTOR('',#2396,2.027817408897);
#1909=AXIS2_PLACEMENT_3D('',#2397,#2398,#2399);
#1910=COLOUR_RGB('',0.666666686534882,0.639215707778931,0.619607865810394);
#1911=CARTESIAN_POINT('',(1.066592024055,-1.5,-0.2806514350573));
#1912=CARTESIAN_POINT('',(1.043317854518,-1.758109396358,-0.46138158007));
#1913=CARTESIAN_POINT('',(1.066592024055,-1.5,-0.2806514350573));
#1914=VECTOR('',#2400,0.315951788683309);
#1915=CARTESIAN_POINT('',(-1.066592024055,-1.5,-0.2806514350573));
#1916=CARTESIAN_POINT('',(-1.066592024055,-1.5,-0.2806514350573));
#1917=VECTOR('',#2401,2.13318404811);
#1918=CARTESIAN_POINT('',(-1.043317854518,-1.758109396358,-0.46138158007));
#1919=CARTESIAN_POINT('',(-1.066592024055,-1.5,-0.2806514350573));
#1920=VECTOR('',#2402,0.315951788683309);
#1921=CARTESIAN_POINT('',(-1.043317854518,-1.758109396358,-0.46138158007));
#1922=VECTOR('',#2403,2.086635709036);
#1923=COLOUR_RGB('',0.666666686534882,0.639215707778931,0.619607865810394);
#1924=CARTESIAN_POINT('',(1.081781719979,0.0,-1.28));
#1925=CARTESIAN_POINT('',(1.117658149015,0.4691568797464,-1.061228554098));
#1926=AXIS2_PLACEMENT_3D('',#2404,#2405,#2406);
#1927=CARTESIAN_POINT('',(1.25,1.581589157347,0.2645166092506));
#1928=CARTESIAN_POINT('',(1.117658149015,0.4691568797464,-1.061228554098));
#1929=VECTOR('',#2407,1.73569011517394);
#1930=CARTESIAN_POINT('',(1.25,1.504984713036,0.3287953702193));
#1931=CARTESIAN_POINT('',(1.25,1.504984713036,0.3287953702193));
#1932=VECTOR('',#2408,0.0999999999999992);
#1933=CARTESIAN_POINT('',(1.117658149015,0.3925524354345,-0.9969497931295));
#1934=CARTESIAN_POINT('',(1.117658149015,0.3925524354345,-0.9969497931295));
#1935=VECTOR('',#2409,1.73569011517394);
#1936=CARTESIAN_POINT('',(1.087639662234,0.0,-1.18));
#1937=AXIS2_PLACEMENT_3D('',#2410,#2411,#2412);
#1938=CARTESIAN_POINT('',(1.087639662234,0.0,-1.18));
#1939=VECTOR('',#2413,1.501810991482);
#1940=CARTESIAN_POINT('',(1.041338665145,-1.700751752723,-0.5432967844989));
#1941=AXIS2_PLACEMENT_3D('',#2414,#2415,#2416);
#1942=CARTESIAN_POINT('',(1.064612834683,-1.442642356365,-0.3625666394862));
#1943=CARTESIAN_POINT('',(1.041338665145,-1.700751752723,-0.5432967844989));
#1944=VECTOR('',#2417,0.315951788683309);
#1945=CARTESIAN_POINT('',(1.064612834683,-1.442642356365,-0.3625666394862));
#1946=VECTOR('',#2418,0.100019584035196);
#1947=AXIS2_PLACEMENT_3D('',#2419,#2420,#2421);
#1948=CARTESIAN_POINT('',(1.008050762193,-1.5,-1.28));
#1949=VECTOR('',#2422,1.501810991482);
#1950=COLOUR_RGB('',0.666666686534882,0.639215707778931,0.619607865810394);
#1951=CARTESIAN_POINT('',(1.247342378952,0.1504704056523,1.42));
#1952=CARTESIAN_POINT('',(1.238503676506,-0.02934624216522,1.42));
#1953=CARTESIAN_POINT('',(1.247342378952,0.1504704056523,1.42));
#1954=VECTOR('',#2423,0.1800337454292);
#1955=CARTESIAN_POINT('',(1.231873993341,-0.04504672130388,1.32));
#1956=CARTESIAN_POINT('',(1.23187399334125,-0.0450467213039963,1.32));
#1957=CARTESIAN_POINT('',(1.23373285477806,-0.041032194036244,1.34836373941678));
#1958=CARTESIAN_POINT('',(1.23560159760278,-0.0367264518148924,1.37668060636486));
#1959=CARTESIAN_POINT('',(1.23749213340329,-0.0319462470482882,1.40492087786774));
#1960=CARTESIAN_POINT('',(1.23782878872578,-0.0310950167373856,1.40994973672737));
#1961=CARTESIAN_POINT('',(1.23816600658058,-0.030228707432015,1.41497616671794));
#1962=CARTESIAN_POINT('',(1.23850367650613,-0.0293462421652705,1.42));
#1963=CARTESIAN_POINT('',(1.242328345789,0.1676390913134,1.32));
#1964=CARTESIAN_POINT('',(1.242328345789,0.1676390913134,1.32));
#1965=VECTOR('',#2424,0.2129425940806);
#1966=CARTESIAN_POINT('',(1.24734237895241,0.150470405652403,1.42));
#1967=CARTESIAN_POINT('',(1.24605737026643,0.15553748329715,1.39381203823631));
#1968=CARTESIAN_POINT('',(1.24473921326152,0.160087167678528,1.36753582200267));
#1969=CARTESIAN_POINT('',(1.24340584530891,0.164308873375824,1.34120350794269));
#1970=CARTESIAN_POINT('',(1.24304815099673,0.165441404057008,1.33413950213134));
#1971=CARTESIAN_POINT('',(1.24268906891669,0.166550290799325,1.3270714592147));
#1972=CARTESIAN_POINT('',(1.24232834578913,0.167639091313443,1.32));
#1973=COLOUR_RGB('',1.0,0.807843148708344,0.458823531866074);
#1974=CARTESIAN_POINT('',(-1.081781719979,0.0,-1.28));
#1975=CARTESIAN_POINT('',(-1.081781719979,0.0,-1.28));
#1976=VECTOR('',#2425,2.163563439959);
#1977=CARTESIAN_POINT('',(-1.117658149015,0.4691568797464,-1.061228554098));
#1978=AXIS2_PLACEMENT_3D('',#2426,#2427,#2428);
#1979=CARTESIAN_POINT('',(-1.117658149015,0.4691568797464,-1.061228554098));
#1980=VECTOR('',#2429,2.235316298029);
#1981=COLOUR_RGB('',1.0,0.807843148708344,0.458823531866074);
#1982=CARTESIAN_POINT('',(-1.25,1.581589157347,0.2645166092506));
#1983=CARTESIAN_POINT('',(-1.117658149015,0.4691568797464,-1.061228554098));
#1984=VECTOR('',#2430,1.73569011517394);
#1985=CARTESIAN_POINT('',(-1.25,1.586231110183,0.2700486732194));
#1986=CARTESIAN_POINT('',(-1.25,1.581589157347,0.2645166092506));
#1987=VECTOR('',#2431,0.00722159662989994);
#1988=CARTESIAN_POINT('',(1.25,1.586231110183,0.2700486732194));
#1989=CARTESIAN_POINT('',(-1.25,1.586231110183,0.2700486732194));
#1990=VECTOR('',#2432,2.5);
#1991=CARTESIAN_POINT('',(1.25,1.581589157347,0.2645166092506));
#1992=VECTOR('',#2433,0.00722159662989694);
#1993=COLOUR_RGB('',0.666666686534882,0.639215707778931,0.619607865810394);
#1994=CARTESIAN_POINT('',(1.25,-1.64185691229,1.42));
#1995=CARTESIAN_POINT('',(1.25,-1.849815245753,1.42));
#1996=CARTESIAN_POINT('',(1.25,-1.64185691229,1.42));
#1997=VECTOR('',#2434,0.2079583334628);
#1998=CARTESIAN_POINT('',(1.25,-1.849815245753,1.32));
#1999=CARTESIAN_POINT('',(1.25,-1.849815245753,1.32));
#2000=VECTOR('',#2435,0.1);
#2001=CARTESIAN_POINT('',(1.25,-1.64185691229,1.32));
#2002=CARTESIAN_POINT('',(1.25,-1.849815245753,1.32));
#2003=VECTOR('',#2436,0.2079583334628);
#2004=CARTESIAN_POINT('',(1.25,-1.64185691229,1.32));
#2005=VECTOR('',#2437,0.1);
#2006=COLOUR_RGB('',0.666666686534882,0.639215707778931,0.619607865810394);
#2007=AXIS2_PLACEMENT_3D('',#2438,#2439,#2440);
#2008=CARTESIAN_POINT('',(1.25,1.008031756699,1.42));
#2009=CARTESIAN_POINT('',(1.25,1.05,1.42));
#2010=VECTOR('',#2441,0.04196824330132);
#2011=CARTESIAN_POINT('',(1.25,1.008031756699,1.32));
#2012=CARTESIAN_POINT('',(1.25,1.008031756699,1.42));
#2013=VECTOR('',#2442,0.1);
#2014=CARTESIAN_POINT('',(1.25,1.008031756699,1.32));
#2015=VECTOR('',#2443,0.04196824330132);
#2016=CARTESIAN_POINT('',(1.25,1.509626665871,0.3343274341881));
#2017=AXIS2_PLACEMENT_3D('',#2444,#2445,#2446);
#2018=CARTESIAN_POINT('',(1.25,1.509626665871,0.3343274341881));
#2019=VECTOR('',#2447,0.0072215966298974);
#2020=COLOUR_RGB('',0.666666686534882,0.639215707778931,0.619607865810394);
#2021=CARTESIAN_POINT('',(-0.3185460815884,-2.25,1.42));
#2022=CARTESIAN_POINT('',(0.3235594670753,-2.25,1.42));
#2023=CARTESIAN_POINT('',(-0.3185460815884,-2.25,1.42));
#2024=VECTOR('',#2448,0.6421055486638);
#2025=CARTESIAN_POINT('',(0.5235594670753,-2.05,1.42));
#2026=AXIS2_PLACEMENT_3D('',#2449,#2450,#2451);
#2027=CARTESIAN_POINT('',(1.005013385487,-2.05,1.42));
#2028=CARTESIAN_POINT('',(1.005013385487,-2.05,1.42));
#2029=VECTOR('',#2452,0.4814539184115);
#2030=AXIS2_PLACEMENT_3D('',#2453,#2454,#2455);
#2031=CARTESIAN_POINT('',(1.100523387089,-1.46063571158,1.42));
#2032=AXIS2_PLACEMENT_3D('',#2456,#2457,#2458);
#2033=CARTESIAN_POINT('',(1.064302692103,-1.44566214923,1.42));
#2034=CARTESIAN_POINT('',(1.064302692103,-1.44566214923,1.42));
#2035=VECTOR('',#2459,0.0391937024882606);
#2036=CARTESIAN_POINT('',(1.002506692743,-1.353247570646,1.42));
#2037=AXIS2_PLACEMENT_3D('',#2460,#2461,#2462);
#2038=CARTESIAN_POINT('',(1.002506692743,-0.2784272008035,1.42));
#2039=CARTESIAN_POINT('',(1.002506692743,-0.2784272008035,1.42));
#2040=VECTOR('',#2463,1.074820369842);
#2041=CARTESIAN_POINT('',(1.064302692103,-0.1860126222186,1.42));
#2042=AXIS2_PLACEMENT_3D('',#2464,#2465,#2466);
#2043=CARTESIAN_POINT('',(1.100523387089,-0.1710390598688,1.42));
#2044=CARTESIAN_POINT('',(1.100523387089,-0.1710390598688,1.42));
#2045=VECTOR('',#2467,0.0391937024882606);
#2046=AXIS2_PLACEMENT_3D('',#2468,#2469,#2470);
#2047=CARTESIAN_POINT('',(1.083855443422,0.3262582225896,1.42));
#2048=AXIS2_PLACEMENT_3D('',#2471,#2472,#2473);
#2049=CARTESIAN_POINT('',(1.002506692743,0.4390158783493,1.42));
#2050=AXIS2_PLACEMENT_3D('',#2474,#2475,#2476);
#2051=CARTESIAN_POINT('',(1.002506692743,0.8080317566987,1.42));
#2052=CARTESIAN_POINT('',(1.002506692743,0.8080317566987,1.42));
#2053=VECTOR('',#2477,0.3690158783493);
#2054=CARTESIAN_POINT('',(1.102506692743,0.9080317566987,1.42));
#2055=AXIS2_PLACEMENT_3D('',#2478,#2479,#2480);
#2056=CARTESIAN_POINT('',(1.15,0.9080317566987,1.42));
#2057=CARTESIAN_POINT('',(1.15,0.9080317566987,1.42));
#2058=VECTOR('',#2481,0.04749330725656);
#2059=AXIS2_PLACEMENT_3D('',#2482,#2483,#2484);
#2060=CARTESIAN_POINT('',(-1.25,1.008031756699,1.42));
#2061=CARTESIAN_POINT('',(-1.25,1.05,1.42));
#2062=VECTOR('',#2485,0.04196824330132);
#2063=CARTESIAN_POINT('',(-1.15,0.9080317566987,1.42));
#2064=AXIS2_PLACEMENT_3D('',#2486,#2487,#2488);
#2065=CARTESIAN_POINT('',(-1.097493307257,0.9080317566987,1.42));
#2066=CARTESIAN_POINT('',(-1.15,0.9080317566987,1.42));
#2067=VECTOR('',#2489,0.05250669274345);
#2068=CARTESIAN_POINT('',(-0.9974933072565,0.8080317566987,1.42));
#2069=AXIS2_PLACEMENT_3D('',#2490,#2491,#2492);
#2070=CARTESIAN_POINT('',(-0.9974933072565,0.4390158783493,1.42));
#2071=CARTESIAN_POINT('',(-0.9974933072565,0.4390158783493,1.42));
#2072=VECTOR('',#2493,0.3690158783493);
#2073=CARTESIAN_POINT('',(-1.078842057935,0.3262582225896,1.42));
#2074=AXIS2_PLACEMENT_3D('',#2494,#2495,#2496);
#2075=CARTESIAN_POINT('',(-1.246399650336,0.1312913122804,1.42));
#2076=AXIS2_PLACEMENT_3D('',#2497,#2498,#2499);
#2077=CARTESIAN_POINT('',(-1.239503162844,-0.009012456309687,1.42));
#2078=CARTESIAN_POINT('',(-1.246399650336,0.1312913122804,1.42));
#2079=VECTOR('',#2500,0.1404731612099);
#2080=CARTESIAN_POINT('',(-1.095510001602,-0.1683674198923,1.42));
#2081=AXIS2_PLACEMENT_3D('',#2501,#2502,#2503);
#2082=CARTESIAN_POINT('',(-1.059289306616,-0.1833409822421,1.42));
#2083=CARTESIAN_POINT('',(-1.059289306616,-0.1833409822421,1.42));
#2084=VECTOR('',#2504,0.0391937024882606);
#2085=CARTESIAN_POINT('',(-0.9974933072565,-0.275755560827,1.42));
#2086=AXIS2_PLACEMENT_3D('',#2505,#2506,#2507);
#2087=CARTESIAN_POINT('',(-0.9974933072565,-1.355919210622,1.42));
#2088=CARTESIAN_POINT('',(-0.9974933072565,-1.355919210622,1.42));
#2089=VECTOR('',#2508,1.080163649795);
#2090=CARTESIAN_POINT('',(-1.059289306616,-1.448333789207,1.42));
#2091=AXIS2_PLACEMENT_3D('',#2509,#2510,#2511);
#2092=CARTESIAN_POINT('',(-1.095510001602,-1.463307351557,1.42));
#2093=CARTESIAN_POINT('',(-1.095510001602,-1.463307351557,1.42));
#2094=VECTOR('',#2512,0.0391937024882706);
#2095=CARTESIAN_POINT('',(-1.25,-1.694343798019,1.42));
#2096=AXIS2_PLACEMENT_3D('',#2513,#2514,#2515);
#2097=CARTESIAN_POINT('',(-1.25,-1.8,1.42));
#2098=CARTESIAN_POINT('',(-1.25,-1.694343798019,1.42));
#2099=VECTOR('',#2516,0.1056562019809);
#2100=CARTESIAN_POINT('',(-1.0,-2.05,1.42));
#2101=AXIS2_PLACEMENT_3D('',#2517,#2518,#2519);
#2102=CARTESIAN_POINT('',(-0.5185460815884,-2.05,1.42));
#2103=CARTESIAN_POINT('',(-1.0,-2.05,1.42));
#2104=VECTOR('',#2520,0.4814539184116);
#2105=AXIS2_PLACEMENT_3D('',#2521,#2522,#2523);
#2106=CARTESIAN_POINT('',(-0.3174933072566,-1.12,1.42));
#2107=CARTESIAN_POINT('',(0.3225066927434,-1.12,1.42));
#2108=AXIS2_PLACEMENT_3D('',#2524,#2525,#2526);
#2109=CARTESIAN_POINT('',(-0.3174933072566,-0.56,1.42));
#2110=CARTESIAN_POINT('',(-0.3174933072566,-0.56,1.42));
#2111=VECTOR('',#2527,0.56);
#2112=CARTESIAN_POINT('',(0.3225066927434,-0.56,1.42));
#2113=AXIS2_PLACEMENT_3D('',#2528,#2529,#2530);
#2114=CARTESIAN_POINT('',(0.3225066927434,-1.12,1.42));
#2115=VECTOR('',#2531,0.56);
#2116=COLOUR_RGB('',0.666666686534882,0.639215707778931,0.619607865810394);
#2117=CARTESIAN_POINT('',(0.3225066927434,-1.12,1.32));
#2118=CARTESIAN_POINT('',(0.3225066927434,-1.12,1.42));
#2119=VECTOR('',#2532,0.1);
#2120=CARTESIAN_POINT('',(-0.3174933072566,-1.12,1.32));
#2121=AXIS2_PLACEMENT_3D('',#2533,#2534,#2535);
#2122=CARTESIAN_POINT('',(-0.3174933072566,-1.12,1.42));
#2123=VECTOR('',#2536,0.1);
#2124=COLOUR_RGB('',0.666666686534882,0.639215707778931,0.619607865810394);
#2125=CARTESIAN_POINT('',(-0.3174933072566,-0.56,1.32));
#2126=CARTESIAN_POINT('',(-0.3174933072566,-0.56,1.32));
#2127=VECTOR('',#2537,0.56);
#2128=CARTESIAN_POINT('',(-0.3174933072566,-0.56,1.42));
#2129=VECTOR('',#2538,0.1);
#2130=COLOUR_RGB('',0.666666686534882,0.639215707778931,0.619607865810394);
#2131=CARTESIAN_POINT('',(0.3225066927434,-0.56,1.32));
#2132=AXIS2_PLACEMENT_3D('',#2539,#2540,#2541);
#2133=CARTESIAN_POINT('',(0.3225066927434,-0.56,1.42));
#2134=VECTOR('',#2542,0.1);
#2135=COLOUR_RGB('',0.666666686534882,0.639215707778931,0.619607865810394);
#2136=CARTESIAN_POINT('',(0.3225066927434,-1.12,1.32));
#2137=VECTOR('',#2543,0.56);
#2138=COLOUR_RGB('',0.666666686534882,0.639215707778931,0.619607865810394);
#2139=CARTESIAN_POINT('',(-1.0,-2.05,1.32));
#2140=CARTESIAN_POINT('',(-0.5185460815884,-2.05,1.32));
#2141=CARTESIAN_POINT('',(-1.0,-2.05,1.32));
#2142=VECTOR('',#2544,0.4814539184116);
#2143=CARTESIAN_POINT('',(-1.25,-1.8,1.32));
#2144=AXIS2_PLACEMENT_3D('',#2545,#2546,#2547);
#2145=CARTESIAN_POINT('',(-1.25,-1.694343798019,1.32));
#2146=CARTESIAN_POINT('',(-1.25,-1.8,1.32));
#2147=VECTOR('',#2548,0.1056562019809);
#2148=CARTESIAN_POINT('',(-1.095510001602,-1.463307351557,1.32));
#2149=AXIS2_PLACEMENT_3D('',#2549,#2550,#2551);
#2150=CARTESIAN_POINT('',(-1.059289306616,-1.448333789207,1.32));
#2151=CARTESIAN_POINT('',(-1.095510001602,-1.463307351557,1.32));
#2152=VECTOR('',#2552,0.0391937024882706);
#2153=CARTESIAN_POINT('',(-0.9974933072565,-1.355919210622,1.32));
#2154=AXIS2_PLACEMENT_3D('',#2553,#2554,#2555);
#2155=CARTESIAN_POINT('',(-0.9974933072565,-0.275755560827,1.32));
#2156=CARTESIAN_POINT('',(-0.9974933072565,-1.355919210622,1.32));
#2157=VECTOR('',#2556,1.080163649795);
#2158=CARTESIAN_POINT('',(-1.059289306616,-0.1833409822421,1.32));
#2159=AXIS2_PLACEMENT_3D('',#2557,#2558,#2559);
#2160=CARTESIAN_POINT('',(-1.095510001602,-0.1683674198923,1.32));
#2161=CARTESIAN_POINT('',(-1.059289306616,-0.1833409822421,1.32));
#2162=VECTOR('',#2560,0.0391937024882606);
#2163=CARTESIAN_POINT('',(-1.232673540696,-0.02878054127918,1.32));
#2164=AXIS2_PLACEMENT_3D('',#2561,#2562,#2563);
#2165=CARTESIAN_POINT('',(-1.241618880851,0.1532055692371,1.32));
#2166=CARTESIAN_POINT('',(-1.241618880851,0.1532055692371,1.32));
#2167=VECTOR('',#2564,0.1822058273803);
#2168=CARTESIAN_POINT('',(-1.078842057935,0.3262582225896,1.32));
#2169=AXIS2_PLACEMENT_3D('',#2565,#2566,#2567);
#2170=CARTESIAN_POINT('',(-0.9974933072565,0.4390158783493,1.32));
#2171=AXIS2_PLACEMENT_3D('',#2568,#2569,#2570);
#2172=CARTESIAN_POINT('',(-0.9974933072565,0.8080317566987,1.32));
#2173=CARTESIAN_POINT('',(-0.9974933072565,0.4390158783493,1.32));
#2174=VECTOR('',#2571,0.3690158783493);
#2175=CARTESIAN_POINT('',(-1.097493307257,0.9080317566987,1.32));
#2176=AXIS2_PLACEMENT_3D('',#2572,#2573,#2574);
#2177=CARTESIAN_POINT('',(-1.15,0.9080317566987,1.32));
#2178=CARTESIAN_POINT('',(-1.15,0.9080317566987,1.32));
#2179=VECTOR('',#2575,0.05250669274345);
#2180=CARTESIAN_POINT('',(-1.25,1.008031756699,1.32));
#2181=AXIS2_PLACEMENT_3D('',#2576,#2577,#2578);
#2182=CARTESIAN_POINT('',(-1.25,1.008031756699,1.32));
#2183=VECTOR('',#2579,0.04196824330132);
#2184=CARTESIAN_POINT('',(1.15,0.9080317566987,1.32));
#2185=AXIS2_PLACEMENT_3D('',#2580,#2581,#2582);
#2186=CARTESIAN_POINT('',(1.102506692743,0.9080317566987,1.32));
#2187=CARTESIAN_POINT('',(1.15,0.9080317566987,1.32));
#2188=VECTOR('',#2583,0.04749330725656);
#2189=CARTESIAN_POINT('',(1.002506692743,0.8080317566987,1.32));
#2190=AXIS2_PLACEMENT_3D('',#2584,#2585,#2586);
#2191=CARTESIAN_POINT('',(1.002506692743,0.4390158783493,1.32));
#2192=CARTESIAN_POINT('',(1.002506692743,0.8080317566987,1.32));
#2193=VECTOR('',#2587,0.3690158783493);
#2194=CARTESIAN_POINT('',(1.083855443422,0.3262582225896,1.32));
#2195=AXIS2_PLACEMENT_3D('',#2588,#2589,#2590);
#2196=AXIS2_PLACEMENT_3D('',#2591,#2592,#2593);
#2197=CARTESIAN_POINT('',(1.100523387089,-0.1710390598688,1.32));
#2198=AXIS2_PLACEMENT_3D('',#2594,#2595,#2596);
#2199=CARTESIAN_POINT('',(1.064302692103,-0.1860126222186,1.32));
#2200=CARTESIAN_POINT('',(1.100523387089,-0.1710390598688,1.32));
#2201=VECTOR('',#2597,0.0391937024882706);
#2202=CARTESIAN_POINT('',(1.002506692743,-0.2784272008035,1.32));
#2203=AXIS2_PLACEMENT_3D('',#2598,#2599,#2600);
#2204=CARTESIAN_POINT('',(1.002506692743,-1.353247570646,1.32));
#2205=CARTESIAN_POINT('',(1.002506692743,-0.2784272008035,1.32));
#2206=VECTOR('',#2601,1.074820369842);
#2207=CARTESIAN_POINT('',(1.064302692103,-1.44566214923,1.32));
#2208=AXIS2_PLACEMENT_3D('',#2602,#2603,#2604);
#2209=CARTESIAN_POINT('',(1.100523387089,-1.46063571158,1.32));
#2210=CARTESIAN_POINT('',(1.064302692103,-1.44566214923,1.32));
#2211=VECTOR('',#2605,0.0391937024882606);
#2212=AXIS2_PLACEMENT_3D('',#2606,#2607,#2608);
#2213=CARTESIAN_POINT('',(1.005013385487,-2.05,1.32));
#2214=AXIS2_PLACEMENT_3D('',#2609,#2610,#2611);
#2215=CARTESIAN_POINT('',(0.5235594670753,-2.05,1.32));
#2216=CARTESIAN_POINT('',(1.005013385487,-2.05,1.32));
#2217=VECTOR('',#2612,0.4814539184115);
#2218=CARTESIAN_POINT('',(0.3235594670753,-2.25,1.32));
#2219=AXIS2_PLACEMENT_3D('',#2613,#2614,#2615);
#2220=CARTESIAN_POINT('',(-0.3185460815884,-2.25,1.32));
#2221=CARTESIAN_POINT('',(-0.3185460815884,-2.25,1.32));
#2222=VECTOR('',#2616,0.6421055486638);
#2223=AXIS2_PLACEMENT_3D('',#2617,#2618,#2619);
#2224=COLOUR_RGB('',0.666666686534882,0.639215707778931,0.619607865810394);
#2225=CARTESIAN_POINT('',(-0.5185460815884,-2.05,1.42));
#2226=VECTOR('',#2620,0.1);
#2227=CARTESIAN_POINT('',(-1.0,-2.05,1.42));
#2228=VECTOR('',#2621,0.1);
#2229=COLOUR_RGB('',0.666666686534882,0.639215707778931,0.619607865810394);
#2230=CARTESIAN_POINT('',(-0.3185460815884,-2.25,1.42));
#2231=VECTOR('',#2622,0.1);
#2232=COLOUR_RGB('',0.666666686534882,0.639215707778931,0.619607865810394);
#2233=CARTESIAN_POINT('',(0.3235594670753,-2.25,1.42));
#2234=VECTOR('',#2623,0.1);
#2235=COLOUR_RGB('',0.666666686534882,0.639215707778931,0.619607865810394);
#2236=CARTESIAN_POINT('',(0.5235594670753,-2.05,1.42));
#2237=VECTOR('',#2624,0.1);
#2238=COLOUR_RGB('',0.666666686534882,0.639215707778931,0.619607865810394);
#2239=CARTESIAN_POINT('',(1.005013385487,-2.05,1.42));
#2240=VECTOR('',#2625,0.1);
#2241=COLOUR_RGB('',0.666666686534882,0.639215707778931,0.619607865810394);
#2242=COLOUR_RGB('',0.666666686534882,0.639215707778931,0.619607865810394);
#2243=CARTESIAN_POINT('',(-1.25,-1.8,1.32));
#2244=VECTOR('',#2626,0.1);
#2245=COLOUR_RGB('',0.666666686534882,0.639215707778931,0.619607865810394);
#2246=CARTESIAN_POINT('',(-1.25,-1.694343798019,1.32));
#2247=VECTOR('',#2627,0.1);
#2248=COLOUR_RGB('',0.666666686534882,0.639215707778931,0.619607865810394);
#2249=CARTESIAN_POINT('',(-1.25,1.504984713036,0.3287953702193));
#2250=CARTESIAN_POINT('',(-1.25,1.504984713036,0.3287953702193));
#2251=VECTOR('',#2628,0.0999999999999992);
#2252=CARTESIAN_POINT('',(-1.25,1.509626665871,0.3343274341881));
#2253=CARTESIAN_POINT('',(-1.25,1.509626665871,0.3343274341881));
#2254=VECTOR('',#2629,0.0072215966299004);
#2255=AXIS2_PLACEMENT_3D('',#2630,#2631,#2632);
#2256=CARTESIAN_POINT('',(-1.25,1.008031756699,1.32));
#2257=VECTOR('',#2633,0.1);
#2258=AXIS2_PLACEMENT_3D('',#2634,#2635,#2636);
#2259=COLOUR_RGB('',0.666666686534882,0.639215707778931,0.619607865810394);
#2260=CARTESIAN_POINT('',(-1.095510001602,-1.463307351557,1.42));
#2261=VECTOR('',#2637,0.1);
#2262=COLOUR_RGB('',0.666666686534882,0.639215707778931,0.619607865810394);
#2263=CARTESIAN_POINT('',(-1.059289306616,-1.448333789207,1.42));
#2264=VECTOR('',#2638,0.1);
#2265=COLOUR_RGB('',0.666666686534882,0.639215707778931,0.619607865810394);
#2266=CARTESIAN_POINT('',(-0.9974933072565,-1.355919210622,1.42));
#2267=VECTOR('',#2639,0.1);
#2268=COLOUR_RGB('',0.666666686534882,0.639215707778931,0.619607865810394);
#2269=CARTESIAN_POINT('',(-0.9974933072565,-0.275755560827,1.42));
#2270=VECTOR('',#2640,0.1);
#2271=COLOUR_RGB('',0.666666686534882,0.639215707778931,0.619607865810394);
#2272=CARTESIAN_POINT('',(-1.059289306616,-0.1833409822421,1.42));
#2273=VECTOR('',#2641,0.1);
#2274=COLOUR_RGB('',0.666666686534882,0.639215707778931,0.619607865810394);
#2275=CARTESIAN_POINT('',(-1.095510001602,-0.1683674198923,1.42));
#2276=VECTOR('',#2642,0.1);
#2277=COLOUR_RGB('',0.666666686534882,0.639215707778931,0.619607865810394);
#2278=AXIS2_PLACEMENT_3D('',#2643,#2644,#2645);
#2279=COLOUR_RGB('',0.666666686534882,0.639215707778931,0.619607865810394);
#2280=CARTESIAN_POINT('',(-1.117658149015,0.3925524354345,-0.9969497931295));
#2281=CARTESIAN_POINT('',(-1.117658149015,0.3925524354345,-0.9969497931295));
#2282=VECTOR('',#2646,1.73569011517394);
#2283=CARTESIAN_POINT('',(-1.008050762193,-1.5,-1.28));
#2284=VECTOR('',#2647,1.501810991482);
#2285=AXIS2_PLACEMENT_3D('',#2648,#2649,#2650);
#2286=CARTESIAN_POINT('',(-1.064612834683,-1.442642356365,-0.3625666394862));
#2287=CARTESIAN_POINT('',(-1.064612834683,-1.442642356365,-0.3625666394862));
#2288=VECTOR('',#2651,0.100019584035196);
#2289=CARTESIAN_POINT('',(-1.041338665145,-1.700751752723,-0.5432967844989));
#2290=CARTESIAN_POINT('',(-1.041338665145,-1.700751752723,-0.5432967844989));
#2291=VECTOR('',#2652,0.315951788683309);
#2292=AXIS2_PLACEMENT_3D('',#2653,#2654,#2655);
#2293=CARTESIAN_POINT('',(-1.087639662234,0.0,-1.18));
#2294=CARTESIAN_POINT('',(-1.087639662234,0.0,-1.18));
#2295=VECTOR('',#2656,1.501810991482);
#2296=AXIS2_PLACEMENT_3D('',#2657,#2658,#2659);
#2297=COLOUR_RGB('',0.666666686534882,0.639215707778931,0.619607865810394);
#2298=AXIS2_PLACEMENT_3D('',#2660,#2661,#2662);
#2299=COLOUR_RGB('',0.666666686534882,0.639215707778931,0.619607865810394);
#2300=CARTESIAN_POINT('',(-1.25,1.509626665871,0.3343274341881));
#2301=VECTOR('',#2663,2.5);
#2302=CARTESIAN_POINT('',(-1.117658149015,0.3925524354345,-0.9969497931295));
#2303=VECTOR('',#2664,2.235316298029);
#2304=COLOUR_RGB('',0.647058844566345,0.619607865810394,0.588235318660736);
#2305=CARTESIAN_POINT('',(-1.087639662234,0.0,-1.18));
#2306=VECTOR('',#2665,2.175279324469);
#2307=COLOUR_RGB('',0.666666686534882,0.639215707778931,0.619607865810394);
#2308=COLOUR_RGB('',0.666666686534882,0.639215707778931,0.619607865810394);
#2309=CARTESIAN_POINT('',(-1.041338665145,-1.700751752723,-0.5432967844989));
#2310=VECTOR('',#2666,2.082677330291);
#2311=COLOUR_RGB('',0.666666686534882,0.639215707778931,0.619607865810394);
#2312=CARTESIAN_POINT('',(-1.064612834683,-1.442642356365,-0.3625666394862));
#2313=VECTOR('',#2667,2.129225669365);
#2314=COLOUR_RGB('',0.666666686534882,0.639215707778931,0.619607865810394);
#2315=COLOUR_RGB('',0.666666686534882,0.639215707778931,0.619607865810394);
#2316=COLOUR_RGB('',1.0,0.807843148708344,0.458823531866074);
#2317=COLOUR_RGB('',1.0,0.807843148708344,0.458823531866074);
#2318=COLOUR_RGB('',0.666666686534882,0.639215707778931,0.619607865810394);
#2319=CARTESIAN_POINT('',(-1.078842057935,0.3262582225896,1.42));
#2320=VECTOR('',#2668,0.1);
#2321=COLOUR_RGB('',0.666666686534882,0.639215707778931,0.619607865810394);
#2322=CARTESIAN_POINT('',(-0.9974933072565,0.8080317566987,1.42));
#2323=VECTOR('',#2669,0.1);
#2324=CARTESIAN_POINT('',(-0.9974933072565,0.4390158783493,1.42));
#2325=VECTOR('',#2670,0.1);
#2326=COLOUR_RGB('',0.666666686534882,0.639215707778931,0.619607865810394);
#2327=CARTESIAN_POINT('',(-1.097493307257,0.9080317566987,1.42));
#2328=VECTOR('',#2671,0.1);
#2329=COLOUR_RGB('',0.666666686534882,0.639215707778931,0.619607865810394);
#2330=CARTESIAN_POINT('',(-1.15,0.9080317566987,1.32));
#2331=VECTOR('',#2672,0.1);
#2332=COLOUR_RGB('',0.666666686534882,0.639215707778931,0.619607865810394);
#2333=COLOUR_RGB('',0.666666686534882,0.639215707778931,0.619607865810394);
#2334=COLOUR_RGB('',0.666666686534882,0.639215707778931,0.619607865810394);
#2335=CARTESIAN_POINT('',(1.100523387089,-1.46063571158,1.42));
#2336=VECTOR('',#2673,0.1);
#2337=COLOUR_RGB('',0.666666686534882,0.639215707778931,0.619607865810394);
#2338=CARTESIAN_POINT('',(1.064302692103,-1.44566214923,1.42));
#2339=VECTOR('',#2674,0.1);
#2340=CARTESIAN_POINT('',(1.002506692743,-1.353247570646,1.42));
#2341=VECTOR('',#2675,0.1);
#2342=COLOUR_RGB('',0.666666686534882,0.639215707778931,0.619607865810394);
#2343=CARTESIAN_POINT('',(1.002506692743,-0.2784272008035,1.42));
#2344=VECTOR('',#2676,0.1);
#2345=COLOUR_RGB('',0.666666686534882,0.639215707778931,0.619607865810394);
#2346=CARTESIAN_POINT('',(1.064302692103,-0.1860126222186,1.42));
#2347=VECTOR('',#2677,0.1);
#2348=COLOUR_RGB('',0.666666686534882,0.639215707778931,0.619607865810394);
#2349=CARTESIAN_POINT('',(1.100523387089,-0.1710390598688,1.42));
#2350=VECTOR('',#2678,0.1);
#2351=COLOUR_RGB('',0.666666686534882,0.639215707778931,0.619607865810394);
#2352=COLOUR_RGB('',0.666666686534882,0.639215707778931,0.619607865810394);
#2353=CARTESIAN_POINT('',(1.083855443422,0.3262582225896,1.42));
#2354=VECTOR('',#2679,0.1);
#2355=COLOUR_RGB('',0.666666686534882,0.639215707778931,0.619607865810394);
#2356=CARTESIAN_POINT('',(1.002506692743,0.4390158783493,1.42));
#2357=VECTOR('',#2680,0.1);
#2358=CARTESIAN_POINT('',(1.002506692743,0.8080317566987,1.42));
#2359=VECTOR('',#2681,0.1);
#2360=COLOUR_RGB('',0.666666686534882,0.639215707778931,0.619607865810394);
#2361=CARTESIAN_POINT('',(1.102506692743,0.9080317566987,1.42));
#2362=VECTOR('',#2682,0.1);
#2363=COLOUR_RGB('',0.666666686534882,0.639215707778931,0.619607865810394);
#2364=CARTESIAN_POINT('',(1.15,0.9080317566987,1.42));
#2365=VECTOR('',#2683,0.1);
#2366=COLOUR_RGB('',0.666666686534882,0.639215707778931,0.619607865810394);
#2367=COLOUR_RGB('',0.749019622802734,0.749019622802734,0.749019622802734);
#2368=DIRECTION('',(1.0,-0.0,-0.0));
#2369=CARTESIAN_POINT('',(-1.25,1.05,0.72));
#2370=DIRECTION('',(1.0,0.0,0.0));
#2371=DIRECTION('',(0.0,0.766044443119006,-0.642787609686505));
#2372=DIRECTION('',(1.0,0.0,0.0));
#2373=CARTESIAN_POINT('',(1.25,1.05,0.72));
#2374=DIRECTION('',(1.0,0.0,0.0));
#2375=DIRECTION('',(0.0,0.766044443119006,-0.642787609686505));
#2376=DIRECTION('',(1.0,-0.0,0.0));
#2377=CARTESIAN_POINT('',(-1.03441150234115,-1.49999999999989,-0.829999999999975));
#2378=DIRECTION('',(-0.997088930162424,-0.0490108812115409,-0.058408893761328));
#2379=DIRECTION('',(0.0762473956771894,-0.640916410080875,-0.763814434232223));
#2380=DIRECTION('',(1.0,0.0,0.0));
#2381=CARTESIAN_POINT('',(1.03441150234115,-1.4999999999999,-0.829999999999975));
#2382=DIRECTION('',(0.997088930162424,-0.0490108812115408,-0.0584088937613279));
#2383=DIRECTION('',(0.0762473956771892,0.640916410080255,0.763814434232743));
#2384=DIRECTION('',(-1.0,-0.0,-0.0));
#2385=CARTESIAN_POINT('',(1.25,1.05,0.72));
#2386=DIRECTION('',(-1.0,0.0,0.0));
#2387=DIRECTION('',(0.0,0.0,1.0));
#2388=DIRECTION('',(1.0,0.0,0.0));
#2389=CARTESIAN_POINT('',(-1.25,1.05,0.72));
#2390=DIRECTION('',(-1.0,0.0,0.0));
#2391=DIRECTION('',(0.0,0.0,1.0));
#2392=DIRECTION('',(-1.0,-0.0,-0.0));
#2393=CARTESIAN_POINT('',(1.03441150234148,-1.50000000000021,-0.830000000000042));
#2394=DIRECTION('',(0.997088930162436,-0.049010881213003,-0.0584088937598872));
#2395=DIRECTION('',(0.0762473956770255,0.64091641001051,0.763814434291282));
#2396=DIRECTION('',(1.0,0.0,0.0));
#2397=CARTESIAN_POINT('',(-1.03441150234148,-1.50000000000021,-0.830000000000043));
#2398=DIRECTION('',(0.997088930162437,0.0490108812129943,0.0584088937598843));
#2399=DIRECTION('',(0.0762473956770176,-0.640916410009206,-0.763814434292376));
#2400=DIRECTION('',(-0.0736636739234879,-0.816926523611676,-0.572018109996384));
#2401=DIRECTION('',(1.0,0.0,0.0));
#2402=DIRECTION('',(0.0736636739234879,-0.816926523611676,-0.572018109996384));
#2403=DIRECTION('',(1.0,0.0,0.0));
#2404=CARTESIAN_POINT('',(1.11765814901468,0.0,-0.6675591893387));
#2405=DIRECTION('',(0.997088930162394,-0.0490108812124097,-0.0584088937610997));
#2406=DIRECTION('',(-0.0762473956775729,-0.640916410063979,-0.763814434246362));
#2407=DIRECTION('',(0.0762473956775726,0.640916410064022,0.763814434246326));
#2408=DIRECTION('',(0.0,0.766044443119007,-0.642787609686505));
#2409=DIRECTION('',(0.0762473956775726,0.640916410064022,0.763814434246326));
#2410=CARTESIAN_POINT('',(1.11765814901468,0.0,-0.6675591893387));
#2411=DIRECTION('',(0.997088930162394,-0.0490108812124097,-0.0584088937610997));
#2412=DIRECTION('',(-0.0762473956775729,-0.640916410063978,-0.763814434246363));
#2413=DIRECTION('',(-0.0490946984701199,-0.998794128227698,0.0));
#2414=CARTESIAN_POINT('',(1.03441150234148,-1.50000000000021,-0.830000000000042));
#2415=DIRECTION('',(0.997088930162436,-0.049010881213003,-0.0584088937598872));
#2416=DIRECTION('',(0.0762473956770255,0.64091641001051,0.763814434291282));
#2417=DIRECTION('',(0.0736636739234879,0.816926523611676,0.572018109996384));
#2418=DIRECTION('',(0.0197880184331808,-0.573464128934223,0.818991652675533));
#2419=CARTESIAN_POINT('',(1.03441150234115,-1.4999999999999,-0.829999999999975));
#2420=DIRECTION('',(0.997088930162424,-0.0490108812115408,-0.0584088937613279));
#2421=DIRECTION('',(0.0762473956771892,0.640916410080255,0.763814434232743));
#2422=DIRECTION('',(0.0490946984701199,0.998794128227698,0.0));
#2423=DIRECTION('',(-0.0490946984701299,-0.998794128227698,0.0));
#2424=DIRECTION('',(-0.0490946984701199,-0.998794128227698,0.0));
#2425=DIRECTION('',(1.0,0.0,0.0));
#2426=CARTESIAN_POINT('',(-1.11765814901468,0.0,-0.6675591893387));
#2427=DIRECTION('',(0.997088930162394,0.0490108812124097,0.0584088937610997));
#2428=DIRECTION('',(0.0762473956775729,-0.640916410063979,-0.763814434246362));
#2429=DIRECTION('',(1.0,0.0,0.0));
#2430=DIRECTION('',(-0.0762473956775726,0.640916410064022,0.763814434246326));
#2431=DIRECTION('',(0.0,0.642787609686505,0.766044443119007));
#2432=DIRECTION('',(1.0,0.0,0.0));
#2433=DIRECTION('',(0.0,0.642787609686506,0.766044443119006));
#2434=DIRECTION('',(0.0,-1.0,0.0));
#2435=DIRECTION('',(0.0,0.0,1.0));
#2436=DIRECTION('',(0.0,1.0,0.0));
#2437=DIRECTION('',(0.0,0.0,1.0));
#2438=CARTESIAN_POINT('',(1.25,1.05,0.72));
#2439=DIRECTION('',(1.0,0.0,0.0));
#2440=DIRECTION('',(0.0,0.766044443119006,-0.642787609686505));
#2441=DIRECTION('',(0.0,-1.0,0.0));
#2442=DIRECTION('',(0.0,0.0,-1.0));
#2443=DIRECTION('',(0.0,1.0,0.0));
#2444=CARTESIAN_POINT('',(1.25,1.05,0.72));
#2445=DIRECTION('',(-1.0,0.0,0.0));
#2446=DIRECTION('',(0.0,0.0,1.0));
#2447=DIRECTION('',(0.0,-0.642787609686564,-0.766044443118957));
#2448=DIRECTION('',(1.0,0.0,0.0));
#2449=CARTESIAN_POINT('',(0.5235594670753,-2.25,1.42));
#2450=DIRECTION('',(0.0,0.0,-1.0));
#2451=DIRECTION('',(-1.0,0.0,0.0));
#2452=DIRECTION('',(-1.0,0.0,0.0));
#2453=CARTESIAN_POINT('',(1.005013385487,-1.8,1.42));
#2454=DIRECTION('',(0.0,0.0,1.0));
#2455=DIRECTION('',(-1.7763568394E-14,-1.0,0.0));
#2456=CARTESIAN_POINT('',(1.005013385487,-1.691672158043,1.42));
#2457=DIRECTION('',(0.0,-0.0,1.0));
#2458=DIRECTION('',(0.979946458052422,0.199260983011005,0.0));
#2459=DIRECTION('',(0.924145785849587,-0.382040006408294,0.0));
#2460=CARTESIAN_POINT('',(1.102506692743,-1.353247570646,1.42));
#2461=DIRECTION('',(0.0,0.0,1.0));
#2462=DIRECTION('',(-1.0,0.0,0.0));
#2463=DIRECTION('',(0.0,-1.0,0.0));
#2464=CARTESIAN_POINT('',(1.102506692743,-0.2784272008035,1.42));
#2465=DIRECTION('',(0.0,0.0,1.0));
#2466=DIRECTION('',(-0.382040006408294,0.924145785849587,0.0));
#2467=DIRECTION('',(-0.924145785849587,-0.382040006408294,0.0));
#2468=CARTESIAN_POINT('',(1.005013385487,0.05999738659359,1.42));
#2469=DIRECTION('',(0.0,0.0,1.0));
#2470=DIRECTION('',(0.382040006408295,-0.924145785849587,0.0));
#2471=CARTESIAN_POINT('',(1.005013385487,0.08901587834934,1.42));
#2472=DIRECTION('',(0.0,-0.0,1.0));
#2473=DIRECTION('',(0.969315973861769,0.245818109211692,0.0));
#2474=CARTESIAN_POINT('',(1.121327867059,0.4390158783493,1.42));
#2475=DIRECTION('',(0.0,0.0,1.0));
#2476=DIRECTION('',(-1.0,2.989966812963E-14,0.0));
#2477=DIRECTION('',(0.0,-1.0,0.0));
#2478=CARTESIAN_POINT('',(1.102506692743,0.8080317566987,1.42));
#2479=DIRECTION('',(0.0,-0.0,1.0));
#2480=DIRECTION('',(0.0,1.0,0.0));
#2481=DIRECTION('',(-1.0,0.0,0.0));
#2482=CARTESIAN_POINT('',(1.15,1.008031756699,1.42));
#2483=DIRECTION('',(0.0,0.0,1.0));
#2484=DIRECTION('',(0.0,-1.0,0.0));
#2485=DIRECTION('',(0.0,-1.0,0.0));
#2486=CARTESIAN_POINT('',(-1.15,1.008031756699,1.42));
#2487=DIRECTION('',(0.0,0.0,1.0));
#2488=DIRECTION('',(-1.0,0.0,0.0));
#2489=DIRECTION('',(1.0,0.0,0.0));
#2490=CARTESIAN_POINT('',(-1.097493307257,0.8080317566987,1.42));
#2491=DIRECTION('',(0.0,0.0,1.0));
#2492=DIRECTION('',(1.0,0.0,0.0));
#2493=DIRECTION('',(0.0,1.0,0.0));
#2494=CARTESIAN_POINT('',(-1.116314481572,0.4390158783493,1.42));
#2495=DIRECTION('',(0.0,0.0,1.0));
#2496=DIRECTION('',(0.315368231739401,-0.948969376960903,0.0));
#2497=CARTESIAN_POINT('',(-1.0,0.08901587834934,1.42));
#2498=DIRECTION('',(0.0,0.0,1.0));
#2499=DIRECTION('',(-0.315368231739401,0.948969376960903,0.0));
#2500=DIRECTION('',(0.0490946984701199,-0.998794128227699,0.0));
#2501=CARTESIAN_POINT('',(-1.0,0.0626690265701,1.42));
#2502=DIRECTION('',(0.0,0.0,1.0));
#2503=DIRECTION('',(-0.958012651374975,-0.286725931519092,0.0));
#2504=DIRECTION('',(-0.924145785849587,0.382040006408294,0.0));
#2505=CARTESIAN_POINT('',(-1.097493307257,-0.275755560827,1.42));
#2506=DIRECTION('',(0.0,0.0,1.0));
#2507=DIRECTION('',(1.0,0.0,0.0));
#2508=DIRECTION('',(0.0,1.0,0.0));
#2509=CARTESIAN_POINT('',(-1.097493307257,-1.355919210622,1.42));
#2510=DIRECTION('',(0.0,0.0,1.0));
#2511=DIRECTION('',(0.382040006408294,-0.924145785849587,0.0));
#2512=DIRECTION('',(0.924145785849587,0.382040006408295,0.0));
#2513=CARTESIAN_POINT('',(-1.0,-1.694343798019,1.42));
#2514=DIRECTION('',(0.0,0.0,1.0));
#2515=DIRECTION('',(-0.382040006408295,0.924145785849587,0.0));
#2516=DIRECTION('',(0.0,-1.0,0.0));
#2517=CARTESIAN_POINT('',(-1.0,-1.8,1.42));
#2518=DIRECTION('',(0.0,0.0,1.0));
#2519=DIRECTION('',(-1.0,0.0,0.0));
#2520=DIRECTION('',(1.0,0.0,0.0));
#2521=CARTESIAN_POINT('',(-0.5185460815884,-2.25,1.42));
#2522=DIRECTION('',(0.0,0.0,-1.0));
#2523=DIRECTION('',(0.0,1.0,0.0));
#2524=CARTESIAN_POINT('',(0.002506692743448,-1.12,1.42));
#2525=DIRECTION('',(0.0,0.0,1.0));
#2526=DIRECTION('',(-1.0,0.0,0.0));
#2527=DIRECTION('',(0.0,-1.0,0.0));
#2528=CARTESIAN_POINT('',(0.002506692743448,-0.56,1.42));
#2529=DIRECTION('',(0.0,0.0,1.0));
#2530=DIRECTION('',(1.0,0.0,0.0));
#2531=DIRECTION('',(0.0,1.0,0.0));
#2532=DIRECTION('',(0.0,0.0,-1.0));
#2533=CARTESIAN_POINT('',(0.002506692743448,-1.12,1.32));
#2534=DIRECTION('',(0.0,0.0,1.0));
#2535=DIRECTION('',(-1.0,0.0,0.0));
#2536=DIRECTION('',(0.0,0.0,-1.0));
#2537=DIRECTION('',(0.0,-1.0,0.0));
#2538=DIRECTION('',(0.0,0.0,-1.0));
#2539=CARTESIAN_POINT('',(0.002506692743448,-0.56,1.32));
#2540=DIRECTION('',(0.0,0.0,1.0));
#2541=DIRECTION('',(1.0,0.0,0.0));
#2542=DIRECTION('',(0.0,0.0,-1.0));
#2543=DIRECTION('',(0.0,1.0,0.0));
#2544=DIRECTION('',(1.0,0.0,0.0));
#2545=CARTESIAN_POINT('',(-1.0,-1.8,1.32));
#2546=DIRECTION('',(0.0,0.0,1.0));
#2547=DIRECTION('',(-1.0,0.0,0.0));
#2548=DIRECTION('',(0.0,1.0,0.0));
#2549=CARTESIAN_POINT('',(-1.0,-1.694343798019,1.32));
#2550=DIRECTION('',(0.0,0.0,1.0));
#2551=DIRECTION('',(-0.382040006408295,0.924145785849587,0.0));
#2552=DIRECTION('',(0.924145785849587,0.382040006408295,0.0));
#2553=CARTESIAN_POINT('',(-1.097493307257,-1.355919210622,1.32));
#2554=DIRECTION('',(0.0,0.0,1.0));
#2555=DIRECTION('',(0.382040006408294,-0.924145785849587,0.0));
#2556=DIRECTION('',(0.0,1.0,0.0));
#2557=CARTESIAN_POINT('',(-1.097493307257,-0.275755560827,1.32));
#2558=DIRECTION('',(0.0,0.0,1.0));
#2559=DIRECTION('',(1.0,0.0,0.0));
#2560=DIRECTION('',(-0.924145785849587,0.382040006408294,0.0));
#2561=CARTESIAN_POINT('',(-1.0,0.0626690265701,1.32));
#2562=DIRECTION('',(0.0,0.0,1.0));
#2563=DIRECTION('',(-0.930694162785436,-0.365798271397114,0.0));
#2564=DIRECTION('',(0.0490946984701199,-0.998794128227698,0.0));
#2565=CARTESIAN_POINT('',(-1.0,0.08901587834934,1.32));
#2566=DIRECTION('',(0.0,0.0,1.0));
#2567=DIRECTION('',(-0.315368231739401,0.948969376960903,0.0));
#2568=CARTESIAN_POINT('',(-1.116314481572,0.4390158783493,1.32));
#2569=DIRECTION('',(0.0,0.0,1.0));
#2570=DIRECTION('',(0.315368231739401,-0.948969376960903,0.0));
#2571=DIRECTION('',(0.0,1.0,0.0));
#2572=CARTESIAN_POINT('',(-1.097493307257,0.8080317566987,1.32));
#2573=DIRECTION('',(0.0,0.0,1.0));
#2574=DIRECTION('',(1.0,0.0,0.0));
#2575=DIRECTION('',(1.0,0.0,0.0));
#2576=CARTESIAN_POINT('',(-1.15,1.008031756699,1.32));
#2577=DIRECTION('',(0.0,0.0,-1.0));
#2578=DIRECTION('',(0.0,-1.0,0.0));
#2579=DIRECTION('',(0.0,1.0,0.0));
#2580=CARTESIAN_POINT('',(1.15,1.008031756699,1.32));
#2581=DIRECTION('',(0.0,0.0,-1.0));
#2582=DIRECTION('',(1.0,0.0,0.0));
#2583=DIRECTION('',(-1.0,0.0,0.0));
#2584=CARTESIAN_POINT('',(1.102506692743,0.8080317566987,1.32));
#2585=DIRECTION('',(0.0,-0.0,1.0));
#2586=DIRECTION('',(0.0,1.0,0.0));
#2587=DIRECTION('',(0.0,-1.0,0.0));
#2588=CARTESIAN_POINT('',(1.121327867059,0.4390158783493,1.32));
#2589=DIRECTION('',(0.0,0.0,1.0));
#2590=DIRECTION('',(-1.0,2.896530350057E-14,0.0));
#2591=CARTESIAN_POINT('',(1.005013385487,0.08901587834934,1.32));
#2592=DIRECTION('',(0.0,-0.0,1.0));
#2593=DIRECTION('',(0.94925984120856,0.314492851856287,0.0));
#2594=CARTESIAN_POINT('',(1.005013385487,0.05999738659359,1.32));
#2595=DIRECTION('',(0.0,0.0,1.0));
#2596=DIRECTION('',(0.382040006408295,-0.924145785849587,0.0));
#2597=DIRECTION('',(-0.924145785849587,-0.382040006408295,0.0));
#2598=CARTESIAN_POINT('',(1.102506692743,-0.2784272008035,1.32));
#2599=DIRECTION('',(0.0,0.0,1.0));
#2600=DIRECTION('',(-0.382040006408294,0.924145785849587,0.0));
#2601=DIRECTION('',(0.0,-1.0,0.0));
#2602=CARTESIAN_POINT('',(1.102506692743,-1.353247570646,1.32));
#2603=DIRECTION('',(0.0,0.0,1.0));
#2604=DIRECTION('',(-1.0,0.0,0.0));
#2605=DIRECTION('',(0.924145785849587,-0.382040006408294,0.0));
#2606=CARTESIAN_POINT('',(1.005013385487,-1.691672158043,1.32));
#2607=DIRECTION('',(0.0,-0.0,1.0));
#2608=DIRECTION('',(0.979946458052422,0.199260983011005,0.0));
#2609=CARTESIAN_POINT('',(1.005013385487,-1.8,1.32));
#2610=DIRECTION('',(0.0,0.0,1.0));
#2611=DIRECTION('',(-1.7763568394E-14,-1.0,0.0));
#2612=DIRECTION('',(-1.0,0.0,0.0));
#2613=CARTESIAN_POINT('',(0.5235594670753,-2.25,1.32));
#2614=DIRECTION('',(0.0,-0.0,1.0));
#2615=DIRECTION('',(0.0,1.0,0.0));
#2616=DIRECTION('',(1.0,0.0,0.0));
#2617=CARTESIAN_POINT('',(-0.5185460815884,-2.25,1.32));
#2618=DIRECTION('',(0.0,0.0,1.0));
#2619=DIRECTION('',(1.0,0.0,0.0));
#2620=DIRECTION('',(0.0,0.0,-1.0));
#2621=DIRECTION('',(0.0,0.0,-1.0));
#2622=DIRECTION('',(0.0,0.0,-1.0));
#2623=DIRECTION('',(0.0,0.0,-1.0));
#2624=DIRECTION('',(0.0,0.0,-1.0));
#2625=DIRECTION('',(0.0,0.0,-1.0));
#2626=DIRECTION('',(0.0,0.0,1.0));
#2627=DIRECTION('',(0.0,0.0,1.0));
#2628=DIRECTION('',(0.0,0.766044443119007,-0.642787609686505));
#2629=DIRECTION('',(0.0,-0.642787609686564,-0.766044443118957));
#2630=CARTESIAN_POINT('',(-1.25,1.05,0.72));
#2631=DIRECTION('',(-1.0,0.0,0.0));
#2632=DIRECTION('',(0.0,0.0,1.0));
#2633=DIRECTION('',(0.0,0.0,1.0));
#2634=CARTESIAN_POINT('',(-1.25,1.05,0.72));
#2635=DIRECTION('',(1.0,0.0,0.0));
#2636=DIRECTION('',(0.0,0.766044443119006,-0.642787609686505));
#2637=DIRECTION('',(0.0,0.0,-1.0));
#2638=DIRECTION('',(0.0,0.0,-1.0));
#2639=DIRECTION('',(0.0,0.0,-1.0));
#2640=DIRECTION('',(0.0,0.0,-1.0));
#2641=DIRECTION('',(0.0,0.0,-1.0));
#2642=DIRECTION('',(0.0,0.0,-1.0));
#2643=CARTESIAN_POINT('',(-1.0,0.0626690265701,-2.7286682840471));
#2644=DIRECTION('',(0.997088930162394,0.0490108812124097,0.0584088937610997));
#2645=DIRECTION('',(0.0583384601248618,0.00286756702717462,-0.998292743201915));
#2646=DIRECTION('',(-0.0762473956775726,0.640916410064022,0.763814434246326));
#2647=DIRECTION('',(-0.0490946984701199,0.998794128227698,0.0));
#2648=CARTESIAN_POINT('',(-1.03441150234115,-1.49999999999989,-0.829999999999975));
#2649=DIRECTION('',(-0.997088930162424,-0.0490108812115409,-0.058408893761328));
#2650=DIRECTION('',(0.0762473956771894,-0.640916410080875,-0.763814434232223));
#2651=DIRECTION('',(-0.0197880184331808,-0.573464128934223,0.818991652675533));
#2652=DIRECTION('',(-0.0736636739234879,0.816926523611676,0.572018109996384));
#2653=CARTESIAN_POINT('',(-1.03441150234148,-1.50000000000021,-0.830000000000043));
#2654=DIRECTION('',(0.997088930162437,0.0490108812129943,0.0584088937598843));
#2655=DIRECTION('',(0.0762473956770176,-0.640916410009206,-0.763814434292376));
#2656=DIRECTION('',(0.0490946984701199,-0.998794128227698,0.0));
#2657=CARTESIAN_POINT('',(-1.11765814901468,0.0,-0.6675591893387));
#2658=DIRECTION('',(0.997088930162394,0.0490108812124097,0.0584088937610997));
#2659=DIRECTION('',(0.0762473956775729,-0.640916410063978,-0.763814434246363));
#2660=CARTESIAN_POINT('',(-1.0,0.08901587834934,-2.75077591765775));
#2661=DIRECTION('',(0.997088930162394,0.0490108812124097,0.0584088937610997));
#2662=DIRECTION('',(0.0583384601248618,0.00286756702717462,-0.998292743201915));
#2663=DIRECTION('',(1.0,0.0,0.0));
#2664=DIRECTION('',(1.0,0.0,0.0));
#2665=DIRECTION('',(1.0,0.0,0.0));
#2666=DIRECTION('',(1.0,0.0,0.0));
#2667=DIRECTION('',(1.0,0.0,0.0));
#2668=DIRECTION('',(0.0,0.0,-1.0));
#2669=DIRECTION('',(0.0,0.0,-1.0));
#2670=DIRECTION('',(0.0,0.0,-1.0));
#2671=DIRECTION('',(0.0,0.0,-1.0));
#2672=DIRECTION('',(0.0,0.0,1.0));
#2673=DIRECTION('',(0.0,0.0,-1.0));
#2674=DIRECTION('',(0.0,0.0,-1.0));
#2675=DIRECTION('',(0.0,0.0,-1.0));
#2676=DIRECTION('',(0.0,0.0,-1.0));
#2677=DIRECTION('',(0.0,0.0,-1.0));
#2678=DIRECTION('',(0.0,0.0,-1.0));
#2679=DIRECTION('',(0.0,0.0,-1.0));
#2680=DIRECTION('',(0.0,0.0,-1.0));
#2681=DIRECTION('',(0.0,0.0,-1.0));
#2682=DIRECTION('',(0.0,0.0,-1.0));
#2683=DIRECTION('',(0.0,0.0,-1.0));
ENDSEC;
END-ISO-10303-21;
