ISO-10303-21;
HEADER;
FILE_DESCRIPTION((''),'2;1');
FILE_NAME('365','2021-09-26T22:54:37',('Administrator'),(''),
'CREO PARAMETRIC BY PTC INC, 2016510','CREO PARAMETRIC BY PTC INC, 2016510','');
FILE_SCHEMA(('CONFIG_CONTROL_DESIGN','GEOMETRIC_VALIDATION_PROPERTIES_MIM'));
ENDSEC;
DATA;
#39=DIRECTION('',(0.E0,1.E0,0.E0));
#40=VECTOR('',#39,2.5E-1);
#41=CARTESIAN_POINT('',(6.35E0,3.05E0,1.8E0));
#42=LINE('',#41,#40);
#43=DIRECTION('',(0.E0,0.E0,-1.E0));
#44=VECTOR('',#43,4.25E0);
#45=CARTESIAN_POINT('',(6.35E0,3.05E0,6.05E0));
#46=LINE('',#45,#44);
#47=CARTESIAN_POINT('',(6.35E0,2.95E0,6.05E0));
#48=DIRECTION('',(-1.E0,0.E0,0.E0));
#49=DIRECTION('',(0.E0,0.E0,1.E0));
#50=AXIS2_PLACEMENT_3D('',#47,#48,#49);
#52=DIRECTION('',(0.E0,1.E0,0.E0));
#53=VECTOR('',#52,5.9E0);
#54=CARTESIAN_POINT('',(6.35E0,-2.95E0,6.15E0));
#55=LINE('',#54,#53);
#56=CARTESIAN_POINT('',(6.35E0,-2.95E0,6.05E0));
#57=DIRECTION('',(-1.E0,0.E0,0.E0));
#58=DIRECTION('',(0.E0,-1.E0,0.E0));
#59=AXIS2_PLACEMENT_3D('',#56,#57,#58);
#61=DIRECTION('',(0.E0,0.E0,1.E0));
#62=VECTOR('',#61,4.35E0);
#63=CARTESIAN_POINT('',(6.35E0,-3.05E0,1.7E0));
#64=LINE('',#63,#62);
#65=DIRECTION('',(0.E0,1.E0,0.E0));
#66=VECTOR('',#65,2.5E-1);
#67=CARTESIAN_POINT('',(6.35E0,-3.3E0,1.7E0));
#68=LINE('',#67,#66);
#69=DIRECTION('',(0.E0,0.E0,-1.E0));
#70=VECTOR('',#69,4.35E0);
#71=CARTESIAN_POINT('',(6.35E0,-3.3E0,6.05E0));
#72=LINE('',#71,#70);
#73=CARTESIAN_POINT('',(6.35E0,-2.95E0,6.05E0));
#74=DIRECTION('',(1.E0,0.E0,0.E0));
#75=DIRECTION('',(0.E0,0.E0,1.E0));
#76=AXIS2_PLACEMENT_3D('',#73,#74,#75);
#78=DIRECTION('',(0.E0,-1.E0,0.E0));
#79=VECTOR('',#78,5.9E0);
#80=CARTESIAN_POINT('',(6.35E0,2.95E0,6.4E0));
#81=LINE('',#80,#79);
#82=CARTESIAN_POINT('',(6.35E0,2.95E0,6.05E0));
#83=DIRECTION('',(1.E0,0.E0,0.E0));
#84=DIRECTION('',(0.E0,1.E0,0.E0));
#85=AXIS2_PLACEMENT_3D('',#82,#83,#84);
#87=DIRECTION('',(0.E0,0.E0,1.E0));
#88=VECTOR('',#87,4.25E0);
#89=CARTESIAN_POINT('',(6.35E0,3.3E0,1.8E0));
#90=LINE('',#89,#88);
#91=DIRECTION('',(1.E0,0.E0,0.E0));
#92=VECTOR('',#91,3.E0);
#93=CARTESIAN_POINT('',(-5.1438E0,3.3E0,2.073019278563E0));
#94=LINE('',#93,#92);
#95=DIRECTION('',(0.E0,0.E0,-1.E0));
#96=VECTOR('',#95,1.5E0);
#97=CARTESIAN_POINT('',(-5.1438E0,3.3E0,3.573019278563E0));
#98=LINE('',#97,#96);
#99=DIRECTION('',(-1.E0,0.E0,0.E0));
#100=VECTOR('',#99,3.E0);
#101=CARTESIAN_POINT('',(-2.1438E0,3.3E0,3.573019278563E0));
#102=LINE('',#101,#100);
#103=DIRECTION('',(0.E0,0.E0,1.E0));
#104=VECTOR('',#103,1.5E0);
#105=CARTESIAN_POINT('',(-2.1438E0,3.3E0,2.073019278563E0));
#106=LINE('',#105,#104);
#107=DIRECTION('',(0.E0,0.E0,1.E0));
#108=VECTOR('',#107,1.5E0);
#109=CARTESIAN_POINT('',(5.1438E0,3.3E0,2.073019278563E0));
#110=LINE('',#109,#108);
#111=DIRECTION('',(1.E0,0.E0,0.E0));
#112=VECTOR('',#111,3.E0);
#113=CARTESIAN_POINT('',(2.1438E0,3.3E0,2.073019278563E0));
#114=LINE('',#113,#112);
#115=DIRECTION('',(0.E0,0.E0,-1.E0));
#116=VECTOR('',#115,1.5E0);
#117=CARTESIAN_POINT('',(2.1438E0,3.3E0,3.573019278563E0));
#118=LINE('',#117,#116);
#119=DIRECTION('',(-1.E0,0.E0,0.E0));
#120=VECTOR('',#119,3.E0);
#121=CARTESIAN_POINT('',(5.1438E0,3.3E0,3.573019278563E0));
#122=LINE('',#121,#120);
#123=CARTESIAN_POINT('',(-1.05E0,3.3E0,1.8E0));
#124=DIRECTION('',(0.E0,1.E0,0.E0));
#125=DIRECTION('',(1.E0,0.E0,0.E0));
#126=AXIS2_PLACEMENT_3D('',#123,#124,#125);
#128=DIRECTION('',(0.E0,0.E0,1.E0));
#129=VECTOR('',#128,1.85E0);
#130=CARTESIAN_POINT('',(-7.5E-1,3.3E0,1.8E0));
#131=LINE('',#130,#129);
#132=DIRECTION('',(0.E0,0.E0,1.E0));
#133=VECTOR('',#132,1.85E0);
#134=CARTESIAN_POINT('',(7.5E-1,3.3E0,1.8E0));
#135=LINE('',#134,#133);
#136=CARTESIAN_POINT('',(1.05E0,3.3E0,1.8E0));
#137=DIRECTION('',(0.E0,1.E0,0.E0));
#138=DIRECTION('',(0.E0,0.E0,-1.E0));
#139=AXIS2_PLACEMENT_3D('',#136,#137,#138);
#141=DIRECTION('',(-1.E0,0.E0,0.E0));
#142=VECTOR('',#141,5.E0);
#143=CARTESIAN_POINT('',(6.05E0,3.3E0,1.5E0));
#144=LINE('',#143,#142);
#145=CARTESIAN_POINT('',(6.05E0,3.3E0,1.8E0));
#146=DIRECTION('',(0.E0,1.E0,0.E0));
#147=DIRECTION('',(1.E0,0.E0,0.E0));
#148=AXIS2_PLACEMENT_3D('',#145,#146,#147);
#150=DIRECTION('',(-5.547001962252E-1,0.E0,8.320502943378E-1));
#151=VECTOR('',#150,7.211102550928E-1);
#152=CARTESIAN_POINT('',(-5.95E0,3.3E0,1.5E0));
#153=LINE('',#152,#151);
#154=DIRECTION('',(-1.E0,0.E0,0.E0));
#155=VECTOR('',#154,4.9E0);
#156=CARTESIAN_POINT('',(-1.05E0,3.3E0,1.5E0));
#157=LINE('',#156,#155);
#158=DIRECTION('',(0.E0,-1.E0,0.E0));
#159=VECTOR('',#158,2.5E-1);
#160=CARTESIAN_POINT('',(-5.1438E0,3.3E0,2.073019278563E0));
#161=LINE('',#160,#159);
#162=DIRECTION('',(0.E0,-1.E0,0.E0));
#163=VECTOR('',#162,2.5E-1);
#164=CARTESIAN_POINT('',(-5.1438E0,3.3E0,3.573019278563E0));
#165=LINE('',#164,#163);
#166=DIRECTION('',(1.E0,0.E0,0.E0));
#167=VECTOR('',#166,3.E0);
#168=CARTESIAN_POINT('',(-5.1438E0,3.05E0,2.073019278563E0));
#169=LINE('',#168,#167);
#170=DIRECTION('',(0.E0,0.E0,1.E0));
#171=VECTOR('',#170,1.5E0);
#172=CARTESIAN_POINT('',(-2.1438E0,3.05E0,2.073019278563E0));
#173=LINE('',#172,#171);
#174=DIRECTION('',(-1.E0,0.E0,0.E0));
#175=VECTOR('',#174,3.E0);
#176=CARTESIAN_POINT('',(-2.1438E0,3.05E0,3.573019278563E0));
#177=LINE('',#176,#175);
#178=DIRECTION('',(0.E0,0.E0,-1.E0));
#179=VECTOR('',#178,1.5E0);
#180=CARTESIAN_POINT('',(-5.1438E0,3.05E0,3.573019278563E0));
#181=LINE('',#180,#179);
#182=DIRECTION('',(0.E0,0.E0,1.E0));
#183=VECTOR('',#182,1.5E0);
#184=CARTESIAN_POINT('',(5.1438E0,3.05E0,2.073019278563E0));
#185=LINE('',#184,#183);
#186=DIRECTION('',(-1.E0,0.E0,0.E0));
#187=VECTOR('',#186,3.E0);
#188=CARTESIAN_POINT('',(5.1438E0,3.05E0,3.573019278563E0));
#189=LINE('',#188,#187);
#190=DIRECTION('',(0.E0,0.E0,-1.E0));
#191=VECTOR('',#190,1.5E0);
#192=CARTESIAN_POINT('',(2.1438E0,3.05E0,3.573019278563E0));
#193=LINE('',#192,#191);
#194=DIRECTION('',(1.E0,0.E0,0.E0));
#195=VECTOR('',#194,3.E0);
#196=CARTESIAN_POINT('',(2.1438E0,3.05E0,2.073019278563E0));
#197=LINE('',#196,#195);
#198=CARTESIAN_POINT('',(-1.05E0,3.05E0,1.8E0));
#199=DIRECTION('',(0.E0,-1.E0,0.E0));
#200=DIRECTION('',(0.E0,0.E0,-1.E0));
#201=AXIS2_PLACEMENT_3D('',#198,#199,#200);
#203=DIRECTION('',(5.547001962252E-1,0.E0,-8.320502943378E-1));
#204=VECTOR('',#203,7.211102550928E-1);
#205=CARTESIAN_POINT('',(-6.35E0,3.05E0,2.1E0));
#206=LINE('',#205,#204);
#207=DIRECTION('',(-1.E0,0.E0,0.E0));
#208=VECTOR('',#207,1.27E1);
#209=CARTESIAN_POINT('',(6.35E0,3.05E0,6.05E0));
#210=LINE('',#209,#208);
#211=CARTESIAN_POINT('',(6.05E0,3.05E0,1.8E0));
#212=DIRECTION('',(0.E0,-1.E0,0.E0));
#213=DIRECTION('',(0.E0,0.E0,-1.E0));
#214=AXIS2_PLACEMENT_3D('',#211,#212,#213);
#216=CARTESIAN_POINT('',(1.05E0,3.05E0,1.8E0));
#217=DIRECTION('',(0.E0,-1.E0,0.E0));
#218=DIRECTION('',(-1.E0,0.E0,0.E0));
#219=AXIS2_PLACEMENT_3D('',#216,#217,#218);
#221=DIRECTION('',(0.E0,0.E0,1.E0));
#222=VECTOR('',#221,1.85E0);
#223=CARTESIAN_POINT('',(7.5E-1,3.05E0,1.8E0));
#224=LINE('',#223,#222);
#225=DIRECTION('',(0.E0,0.E0,1.E0));
#226=VECTOR('',#225,1.85E0);
#227=CARTESIAN_POINT('',(-7.5E-1,3.05E0,1.8E0));
#228=LINE('',#227,#226);
#229=DIRECTION('',(0.E0,-1.E0,0.E0));
#230=VECTOR('',#229,2.5E-1);
#231=CARTESIAN_POINT('',(-2.1438E0,3.3E0,2.073019278563E0));
#232=LINE('',#231,#230);
#233=DIRECTION('',(0.E0,-1.E0,0.E0));
#234=VECTOR('',#233,2.5E-1);
#235=CARTESIAN_POINT('',(-2.1438E0,3.3E0,3.573019278563E0));
#236=LINE('',#235,#234);
#237=DIRECTION('',(0.E0,-1.E0,0.E0));
#238=VECTOR('',#237,2.5E-1);
#239=CARTESIAN_POINT('',(5.1438E0,3.3E0,2.073019278563E0));
#240=LINE('',#239,#238);
#241=DIRECTION('',(0.E0,-1.E0,0.E0));
#242=VECTOR('',#241,2.5E-1);
#243=CARTESIAN_POINT('',(2.1438E0,3.3E0,2.073019278563E0));
#244=LINE('',#243,#242);
#245=DIRECTION('',(0.E0,-1.E0,0.E0));
#246=VECTOR('',#245,2.5E-1);
#247=CARTESIAN_POINT('',(2.1438E0,3.3E0,3.573019278563E0));
#248=LINE('',#247,#246);
#249=DIRECTION('',(0.E0,-1.E0,0.E0));
#250=VECTOR('',#249,2.5E-1);
#251=CARTESIAN_POINT('',(5.1438E0,3.3E0,3.573019278563E0));
#252=LINE('',#251,#250);
#253=DIRECTION('',(0.E0,-1.E0,0.E0));
#254=VECTOR('',#253,2.5E-1);
#255=CARTESIAN_POINT('',(-7.5E-1,3.3E0,1.8E0));
#256=LINE('',#255,#254);
#257=DIRECTION('',(0.E0,1.E0,0.E0));
#258=VECTOR('',#257,2.5E-1);
#259=CARTESIAN_POINT('',(-7.5E-1,3.05E0,3.65E0));
#260=LINE('',#259,#258);
#261=CARTESIAN_POINT('',(0.E0,3.05E0,3.65E0));
#262=DIRECTION('',(0.E0,1.E0,0.E0));
#263=DIRECTION('',(-1.E0,0.E0,0.E0));
#264=AXIS2_PLACEMENT_3D('',#261,#262,#263);
#266=CARTESIAN_POINT('',(0.E0,3.3E0,3.65E0));
#267=DIRECTION('',(0.E0,-1.E0,0.E0));
#268=DIRECTION('',(1.E0,0.E0,0.E0));
#269=AXIS2_PLACEMENT_3D('',#266,#267,#268);
#271=DIRECTION('',(0.E0,1.E0,0.E0));
#272=VECTOR('',#271,2.5E-1);
#273=CARTESIAN_POINT('',(7.5E-1,3.05E0,1.8E0));
#274=LINE('',#273,#272);
#275=DIRECTION('',(0.E0,1.E0,0.E0));
#276=VECTOR('',#275,2.5E-1);
#277=CARTESIAN_POINT('',(7.5E-1,3.05E0,3.65E0));
#278=LINE('',#277,#276);
#279=DIRECTION('',(0.E0,-1.E0,0.E0));
#280=VECTOR('',#279,2.5E-1);
#281=CARTESIAN_POINT('',(-1.05E0,3.3E0,1.5E0));
#282=LINE('',#281,#280);
#283=DIRECTION('',(0.E0,-1.E0,0.E0));
#284=VECTOR('',#283,2.5E-1);
#285=CARTESIAN_POINT('',(-5.95E0,3.3E0,1.5E0));
#286=LINE('',#285,#284);
#287=DIRECTION('',(-1.E0,0.E0,0.E0));
#288=VECTOR('',#287,4.9E0);
#289=CARTESIAN_POINT('',(-1.05E0,3.05E0,1.5E0));
#290=LINE('',#289,#288);
#291=DIRECTION('',(0.E0,1.E0,0.E0));
#292=VECTOR('',#291,2.5E-1);
#293=CARTESIAN_POINT('',(1.05E0,3.05E0,1.5E0));
#294=LINE('',#293,#292);
#295=DIRECTION('',(-1.E0,0.E0,0.E0));
#296=VECTOR('',#295,5.E0);
#297=CARTESIAN_POINT('',(6.05E0,3.05E0,1.5E0));
#298=LINE('',#297,#296);
#299=DIRECTION('',(0.E0,1.E0,0.E0));
#300=VECTOR('',#299,2.5E-1);
#301=CARTESIAN_POINT('',(6.05E0,3.05E0,1.5E0));
#302=LINE('',#301,#300);
#303=DIRECTION('',(0.E0,-1.E0,0.E0));
#304=VECTOR('',#303,2.5E-1);
#305=CARTESIAN_POINT('',(-6.35E0,3.3E0,2.1E0));
#306=LINE('',#305,#304);
#307=DIRECTION('',(0.E0,0.E0,1.E0));
#308=VECTOR('',#307,3.95E0);
#309=CARTESIAN_POINT('',(-6.35E0,3.3E0,2.1E0));
#310=LINE('',#309,#308);
#311=CARTESIAN_POINT('',(-6.35E0,2.95E0,6.05E0));
#312=DIRECTION('',(1.E0,0.E0,0.E0));
#313=DIRECTION('',(0.E0,1.E0,0.E0));
#314=AXIS2_PLACEMENT_3D('',#311,#312,#313);
#316=DIRECTION('',(0.E0,-1.E0,0.E0));
#317=VECTOR('',#316,5.9E0);
#318=CARTESIAN_POINT('',(-6.35E0,2.95E0,6.4E0));
#319=LINE('',#318,#317);
#320=CARTESIAN_POINT('',(-6.35E0,-2.95E0,6.05E0));
#321=DIRECTION('',(1.E0,0.E0,0.E0));
#322=DIRECTION('',(0.E0,0.E0,1.E0));
#323=AXIS2_PLACEMENT_3D('',#320,#321,#322);
#325=DIRECTION('',(0.E0,0.E0,-1.E0));
#326=VECTOR('',#325,4.05E0);
#327=CARTESIAN_POINT('',(-6.35E0,-3.3E0,6.05E0));
#328=LINE('',#327,#326);
#329=DIRECTION('',(0.E0,-1.E0,0.E0));
#330=VECTOR('',#329,2.5E-1);
#331=CARTESIAN_POINT('',(-6.35E0,-3.05E0,2.E0));
#332=LINE('',#331,#330);
#333=DIRECTION('',(0.E0,0.E0,1.E0));
#334=VECTOR('',#333,4.05E0);
#335=CARTESIAN_POINT('',(-6.35E0,-3.05E0,2.E0));
#336=LINE('',#335,#334);
#337=CARTESIAN_POINT('',(-6.35E0,-2.95E0,6.05E0));
#338=DIRECTION('',(-1.E0,0.E0,0.E0));
#339=DIRECTION('',(0.E0,-1.E0,0.E0));
#340=AXIS2_PLACEMENT_3D('',#337,#338,#339);
#342=DIRECTION('',(0.E0,1.E0,0.E0));
#343=VECTOR('',#342,5.9E0);
#344=CARTESIAN_POINT('',(-6.35E0,-2.95E0,6.15E0));
#345=LINE('',#344,#343);
#346=CARTESIAN_POINT('',(-6.35E0,2.95E0,6.05E0));
#347=DIRECTION('',(-1.E0,0.E0,0.E0));
#348=DIRECTION('',(0.E0,0.E0,1.E0));
#349=AXIS2_PLACEMENT_3D('',#346,#347,#348);
#351=DIRECTION('',(0.E0,0.E0,-1.E0));
#352=VECTOR('',#351,3.95E0);
#353=CARTESIAN_POINT('',(-6.35E0,3.05E0,6.05E0));
#354=LINE('',#353,#352);
#355=DIRECTION('',(-1.E0,0.E0,0.E0));
#356=VECTOR('',#355,1.27E1);
#357=CARTESIAN_POINT('',(6.35E0,3.3E0,6.05E0));
#358=LINE('',#357,#356);
#359=DIRECTION('',(-1.E0,0.E0,0.E0));
#360=VECTOR('',#359,1.27E1);
#361=CARTESIAN_POINT('',(6.35E0,2.95E0,6.4E0));
#362=LINE('',#361,#360);
#363=DIRECTION('',(0.E0,-1.E0,0.E0));
#364=VECTOR('',#363,3.9E0);
#365=CARTESIAN_POINT('',(-3.16E0,1.95E0,6.4E0));
#366=LINE('',#365,#364);
#367=DIRECTION('',(1.E0,0.E0,0.E0));
#368=VECTOR('',#367,1.E-2);
#369=CARTESIAN_POINT('',(-3.16E0,-1.95E0,6.4E0));
#370=LINE('',#369,#368);
#371=DIRECTION('',(0.E0,-1.E0,0.E0));
#372=VECTOR('',#371,5.E-2);
#373=CARTESIAN_POINT('',(-3.15E0,-1.95E0,6.4E0));
#374=LINE('',#373,#372);
#375=DIRECTION('',(1.E0,0.E0,0.E0));
#376=VECTOR('',#375,6.3E0);
#377=CARTESIAN_POINT('',(-3.15E0,-2.E0,6.4E0));
#378=LINE('',#377,#376);
#379=DIRECTION('',(0.E0,1.E0,0.E0));
#380=VECTOR('',#379,4.E0);
#381=CARTESIAN_POINT('',(3.15E0,-2.E0,6.4E0));
#382=LINE('',#381,#380);
#383=DIRECTION('',(-1.E0,0.E0,0.E0));
#384=VECTOR('',#383,6.3E0);
#385=CARTESIAN_POINT('',(3.15E0,2.E0,6.4E0));
#386=LINE('',#385,#384);
#387=DIRECTION('',(0.E0,-1.E0,0.E0));
#388=VECTOR('',#387,5.E-2);
#389=CARTESIAN_POINT('',(-3.15E0,2.E0,6.4E0));
#390=LINE('',#389,#388);
#391=DIRECTION('',(-1.E0,0.E0,0.E0));
#392=VECTOR('',#391,1.E-2);
#393=CARTESIAN_POINT('',(-3.15E0,1.95E0,6.4E0));
#394=LINE('',#393,#392);
#395=DIRECTION('',(-1.E0,0.E0,0.E0));
#396=VECTOR('',#395,1.27E1);
#397=CARTESIAN_POINT('',(6.35E0,-2.95E0,6.4E0));
#398=LINE('',#397,#396);
#399=DIRECTION('',(1.E0,0.E0,0.E0));
#400=VECTOR('',#399,3.E0);
#401=CARTESIAN_POINT('',(-5.1438E0,-3.3E0,2.073019278563E0));
#402=LINE('',#401,#400);
#403=DIRECTION('',(0.E0,0.E0,1.E0));
#404=VECTOR('',#403,1.5E0);
#405=CARTESIAN_POINT('',(-2.1438E0,-3.3E0,2.073019278563E0));
#406=LINE('',#405,#404);
#407=DIRECTION('',(-1.E0,0.E0,0.E0));
#408=VECTOR('',#407,3.E0);
#409=CARTESIAN_POINT('',(-2.1438E0,-3.3E0,3.573019278563E0));
#410=LINE('',#409,#408);
#411=DIRECTION('',(0.E0,0.E0,-1.E0));
#412=VECTOR('',#411,1.5E0);
#413=CARTESIAN_POINT('',(-5.1438E0,-3.3E0,3.573019278563E0));
#414=LINE('',#413,#412);
#415=DIRECTION('',(0.E0,0.E0,1.E0));
#416=VECTOR('',#415,1.5E0);
#417=CARTESIAN_POINT('',(5.1438E0,-3.3E0,2.073019278563E0));
#418=LINE('',#417,#416);
#419=DIRECTION('',(-1.E0,0.E0,0.E0));
#420=VECTOR('',#419,3.E0);
#421=CARTESIAN_POINT('',(5.1438E0,-3.3E0,3.573019278563E0));
#422=LINE('',#421,#420);
#423=DIRECTION('',(0.E0,0.E0,-1.E0));
#424=VECTOR('',#423,1.5E0);
#425=CARTESIAN_POINT('',(2.1438E0,-3.3E0,3.573019278563E0));
#426=LINE('',#425,#424);
#427=DIRECTION('',(1.E0,0.E0,0.E0));
#428=VECTOR('',#427,3.E0);
#429=CARTESIAN_POINT('',(2.1438E0,-3.3E0,2.073019278563E0));
#430=LINE('',#429,#428);
#431=CARTESIAN_POINT('',(-1.05E0,-3.3E0,1.7E0));
#432=DIRECTION('',(0.E0,-1.E0,0.E0));
#433=DIRECTION('',(0.E0,0.E0,-1.E0));
#434=AXIS2_PLACEMENT_3D('',#431,#432,#433);
#436=DIRECTION('',(5.547001962252E-1,0.E0,-8.320502943378E-1));
#437=VECTOR('',#436,7.211102550928E-1);
#438=CARTESIAN_POINT('',(-6.35E0,-3.3E0,2.E0));
#439=LINE('',#438,#437);
#440=DIRECTION('',(-1.E0,0.E0,0.E0));
#441=VECTOR('',#440,1.27E1);
#442=CARTESIAN_POINT('',(6.35E0,-3.3E0,6.05E0));
#443=LINE('',#442,#441);
#444=CARTESIAN_POINT('',(6.05E0,-3.3E0,1.7E0));
#445=DIRECTION('',(0.E0,-1.E0,0.E0));
#446=DIRECTION('',(0.E0,0.E0,-1.E0));
#447=AXIS2_PLACEMENT_3D('',#444,#445,#446);
#449=CARTESIAN_POINT('',(1.05E0,-3.3E0,1.7E0));
#450=DIRECTION('',(0.E0,-1.E0,0.E0));
#451=DIRECTION('',(-1.E0,0.E0,0.E0));
#452=AXIS2_PLACEMENT_3D('',#449,#450,#451);
#454=DIRECTION('',(0.E0,0.E0,1.E0));
#455=VECTOR('',#454,1.95E0);
#456=CARTESIAN_POINT('',(7.5E-1,-3.3E0,1.7E0));
#457=LINE('',#456,#455);
#458=DIRECTION('',(0.E0,0.E0,1.E0));
#459=VECTOR('',#458,1.95E0);
#460=CARTESIAN_POINT('',(-7.5E-1,-3.3E0,1.7E0));
#461=LINE('',#460,#459);
#462=DIRECTION('',(0.E0,1.E0,0.E0));
#463=VECTOR('',#462,2.5E-1);
#464=CARTESIAN_POINT('',(-5.1438E0,-3.3E0,2.073019278563E0));
#465=LINE('',#464,#463);
#466=DIRECTION('',(1.E0,0.E0,0.E0));
#467=VECTOR('',#466,3.E0);
#468=CARTESIAN_POINT('',(-5.1438E0,-3.05E0,2.073019278563E0));
#469=LINE('',#468,#467);
#470=DIRECTION('',(0.E0,0.E0,-1.E0));
#471=VECTOR('',#470,1.5E0);
#472=CARTESIAN_POINT('',(-5.1438E0,-3.05E0,3.573019278563E0));
#473=LINE('',#472,#471);
#474=DIRECTION('',(-1.E0,0.E0,0.E0));
#475=VECTOR('',#474,3.E0);
#476=CARTESIAN_POINT('',(-2.1438E0,-3.05E0,3.573019278563E0));
#477=LINE('',#476,#475);
#478=DIRECTION('',(0.E0,0.E0,1.E0));
#479=VECTOR('',#478,1.5E0);
#480=CARTESIAN_POINT('',(-2.1438E0,-3.05E0,2.073019278563E0));
#481=LINE('',#480,#479);
#482=DIRECTION('',(0.E0,0.E0,1.E0));
#483=VECTOR('',#482,1.5E0);
#484=CARTESIAN_POINT('',(5.1438E0,-3.05E0,2.073019278563E0));
#485=LINE('',#484,#483);
#486=DIRECTION('',(1.E0,0.E0,0.E0));
#487=VECTOR('',#486,3.E0);
#488=CARTESIAN_POINT('',(2.1438E0,-3.05E0,2.073019278563E0));
#489=LINE('',#488,#487);
#490=DIRECTION('',(0.E0,0.E0,-1.E0));
#491=VECTOR('',#490,1.5E0);
#492=CARTESIAN_POINT('',(2.1438E0,-3.05E0,3.573019278563E0));
#493=LINE('',#492,#491);
#494=DIRECTION('',(-1.E0,0.E0,0.E0));
#495=VECTOR('',#494,3.E0);
#496=CARTESIAN_POINT('',(5.1438E0,-3.05E0,3.573019278563E0));
#497=LINE('',#496,#495);
#498=CARTESIAN_POINT('',(-1.05E0,-3.05E0,1.7E0));
#499=DIRECTION('',(0.E0,1.E0,0.E0));
#500=DIRECTION('',(1.E0,0.E0,0.E0));
#501=AXIS2_PLACEMENT_3D('',#498,#499,#500);
#503=DIRECTION('',(0.E0,0.E0,1.E0));
#504=VECTOR('',#503,1.95E0);
#505=CARTESIAN_POINT('',(-7.5E-1,-3.05E0,1.7E0));
#506=LINE('',#505,#504);
#507=DIRECTION('',(0.E0,0.E0,1.E0));
#508=VECTOR('',#507,1.95E0);
#509=CARTESIAN_POINT('',(7.5E-1,-3.05E0,1.7E0));
#510=LINE('',#509,#508);
#511=CARTESIAN_POINT('',(1.05E0,-3.05E0,1.7E0));
#512=DIRECTION('',(0.E0,1.E0,0.E0));
#513=DIRECTION('',(0.E0,0.E0,-1.E0));
#514=AXIS2_PLACEMENT_3D('',#511,#512,#513);
#516=DIRECTION('',(-1.E0,0.E0,0.E0));
#517=VECTOR('',#516,5.E0);
#518=CARTESIAN_POINT('',(6.05E0,-3.05E0,1.4E0));
#519=LINE('',#518,#517);
#520=CARTESIAN_POINT('',(6.05E0,-3.05E0,1.7E0));
#521=DIRECTION('',(0.E0,1.E0,0.E0));
#522=DIRECTION('',(1.E0,0.E0,0.E0));
#523=AXIS2_PLACEMENT_3D('',#520,#521,#522);
#525=DIRECTION('',(-5.547001962252E-1,0.E0,8.320502943378E-1));
#526=VECTOR('',#525,7.211102550928E-1);
#527=CARTESIAN_POINT('',(-5.95E0,-3.05E0,1.4E0));
#528=LINE('',#527,#526);
#529=DIRECTION('',(-1.E0,0.E0,0.E0));
#530=VECTOR('',#529,4.9E0);
#531=CARTESIAN_POINT('',(-1.05E0,-3.05E0,1.4E0));
#532=LINE('',#531,#530);
#533=DIRECTION('',(0.E0,1.E0,0.E0));
#534=VECTOR('',#533,2.5E-1);
#535=CARTESIAN_POINT('',(-5.1438E0,-3.3E0,3.573019278563E0));
#536=LINE('',#535,#534);
#537=DIRECTION('',(0.E0,1.E0,0.E0));
#538=VECTOR('',#537,2.5E-1);
#539=CARTESIAN_POINT('',(-2.1438E0,-3.3E0,3.573019278563E0));
#540=LINE('',#539,#538);
#541=DIRECTION('',(0.E0,1.E0,0.E0));
#542=VECTOR('',#541,2.5E-1);
#543=CARTESIAN_POINT('',(-2.1438E0,-3.3E0,2.073019278563E0));
#544=LINE('',#543,#542);
#545=DIRECTION('',(0.E0,1.E0,0.E0));
#546=VECTOR('',#545,2.5E-1);
#547=CARTESIAN_POINT('',(5.1438E0,-3.3E0,2.073019278563E0));
#548=LINE('',#547,#546);
#549=DIRECTION('',(0.E0,1.E0,0.E0));
#550=VECTOR('',#549,2.5E-1);
#551=CARTESIAN_POINT('',(5.1438E0,-3.3E0,3.573019278563E0));
#552=LINE('',#551,#550);
#553=DIRECTION('',(0.E0,1.E0,0.E0));
#554=VECTOR('',#553,2.5E-1);
#555=CARTESIAN_POINT('',(2.1438E0,-3.3E0,3.573019278563E0));
#556=LINE('',#555,#554);
#557=DIRECTION('',(0.E0,1.E0,0.E0));
#558=VECTOR('',#557,2.5E-1);
#559=CARTESIAN_POINT('',(2.1438E0,-3.3E0,2.073019278563E0));
#560=LINE('',#559,#558);
#561=DIRECTION('',(0.E0,-1.E0,0.E0));
#562=VECTOR('',#561,2.5E-1);
#563=CARTESIAN_POINT('',(-7.5E-1,-3.05E0,1.7E0));
#564=LINE('',#563,#562);
#565=DIRECTION('',(0.E0,1.E0,0.E0));
#566=VECTOR('',#565,2.5E-1);
#567=CARTESIAN_POINT('',(-7.5E-1,-3.3E0,3.65E0));
#568=LINE('',#567,#566);
#569=CARTESIAN_POINT('',(0.E0,-3.3E0,3.65E0));
#570=DIRECTION('',(0.E0,1.E0,0.E0));
#571=DIRECTION('',(-1.E0,0.E0,0.E0));
#572=AXIS2_PLACEMENT_3D('',#569,#570,#571);
#574=CARTESIAN_POINT('',(0.E0,-3.05E0,3.65E0));
#575=DIRECTION('',(0.E0,-1.E0,0.E0));
#576=DIRECTION('',(1.E0,0.E0,0.E0));
#577=AXIS2_PLACEMENT_3D('',#574,#575,#576);
#579=DIRECTION('',(0.E0,1.E0,0.E0));
#580=VECTOR('',#579,2.5E-1);
#581=CARTESIAN_POINT('',(7.5E-1,-3.3E0,1.7E0));
#582=LINE('',#581,#580);
#583=DIRECTION('',(0.E0,1.E0,0.E0));
#584=VECTOR('',#583,2.5E-1);
#585=CARTESIAN_POINT('',(7.5E-1,-3.3E0,3.65E0));
#586=LINE('',#585,#584);
#587=DIRECTION('',(0.E0,-1.E0,0.E0));
#588=VECTOR('',#587,2.5E-1);
#589=CARTESIAN_POINT('',(-1.05E0,-3.05E0,1.4E0));
#590=LINE('',#589,#588);
#591=DIRECTION('',(0.E0,-1.E0,0.E0));
#592=VECTOR('',#591,2.5E-1);
#593=CARTESIAN_POINT('',(-5.95E0,-3.05E0,1.4E0));
#594=LINE('',#593,#592);
#595=DIRECTION('',(-1.E0,0.E0,0.E0));
#596=VECTOR('',#595,4.9E0);
#597=CARTESIAN_POINT('',(-1.05E0,-3.3E0,1.4E0));
#598=LINE('',#597,#596);
#599=DIRECTION('',(0.E0,1.E0,0.E0));
#600=VECTOR('',#599,2.5E-1);
#601=CARTESIAN_POINT('',(1.05E0,-3.3E0,1.4E0));
#602=LINE('',#601,#600);
#603=DIRECTION('',(-1.E0,0.E0,0.E0));
#604=VECTOR('',#603,5.E0);
#605=CARTESIAN_POINT('',(6.05E0,-3.3E0,1.4E0));
#606=LINE('',#605,#604);
#607=DIRECTION('',(0.E0,1.E0,0.E0));
#608=VECTOR('',#607,2.5E-1);
#609=CARTESIAN_POINT('',(6.05E0,-3.3E0,1.4E0));
#610=LINE('',#609,#608);
#611=DIRECTION('',(-1.E0,0.E0,0.E0));
#612=VECTOR('',#611,1.27E1);
#613=CARTESIAN_POINT('',(6.35E0,-3.05E0,6.05E0));
#614=LINE('',#613,#612);
#615=DIRECTION('',(-1.E0,0.E0,0.E0));
#616=VECTOR('',#615,1.27E1);
#617=CARTESIAN_POINT('',(6.35E0,-2.95E0,6.15E0));
#618=LINE('',#617,#616);
#619=DIRECTION('',(0.E0,-1.E0,0.E0));
#620=VECTOR('',#619,4.485E0);
#621=CARTESIAN_POINT('',(-3.5947E0,2.2425E0,6.15E0));
#622=LINE('',#621,#620);
#623=DIRECTION('',(-1.E0,0.E0,0.E0));
#624=VECTOR('',#623,7.1894E0);
#625=CARTESIAN_POINT('',(3.5947E0,2.2425E0,6.15E0));
#626=LINE('',#625,#624);
#627=DIRECTION('',(0.E0,1.E0,0.E0));
#628=VECTOR('',#627,4.485E0);
#629=CARTESIAN_POINT('',(3.5947E0,-2.2425E0,6.15E0));
#630=LINE('',#629,#628);
#631=DIRECTION('',(1.E0,0.E0,0.E0));
#632=VECTOR('',#631,7.1894E0);
#633=CARTESIAN_POINT('',(-3.5947E0,-2.2425E0,6.15E0));
#634=LINE('',#633,#632);
#635=DIRECTION('',(-1.E0,0.E0,0.E0));
#636=VECTOR('',#635,1.27E1);
#637=CARTESIAN_POINT('',(6.35E0,2.95E0,6.15E0));
#638=LINE('',#637,#636);
#639=DIRECTION('',(0.E0,0.E0,1.E0));
#640=VECTOR('',#639,5.E-2);
#641=CARTESIAN_POINT('',(-3.5947E0,2.2425E0,6.1E0));
#642=LINE('',#641,#640);
#643=DIRECTION('',(0.E0,-1.E0,0.E0));
#644=VECTOR('',#643,6.E0);
#645=CARTESIAN_POINT('',(-6.35E0,3.E0,6.1E0));
#646=LINE('',#645,#644);
#647=DIRECTION('',(-1.E0,0.E0,0.E0));
#648=VECTOR('',#647,1.27E1);
#649=CARTESIAN_POINT('',(6.35E0,3.E0,6.1E0));
#650=LINE('',#649,#648);
#651=DIRECTION('',(0.E0,1.E0,0.E0));
#652=VECTOR('',#651,6.E0);
#653=CARTESIAN_POINT('',(6.35E0,-3.E0,6.1E0));
#654=LINE('',#653,#652);
#655=DIRECTION('',(1.E0,0.E0,0.E0));
#656=VECTOR('',#655,1.27E1);
#657=CARTESIAN_POINT('',(-6.35E0,-3.E0,6.1E0));
#658=LINE('',#657,#656);
#659=DIRECTION('',(0.E0,-1.E0,0.E0));
#660=VECTOR('',#659,4.485E0);
#661=CARTESIAN_POINT('',(-3.5947E0,2.2425E0,6.1E0));
#662=LINE('',#661,#660);
#663=DIRECTION('',(1.E0,0.E0,0.E0));
#664=VECTOR('',#663,7.1894E0);
#665=CARTESIAN_POINT('',(-3.5947E0,-2.2425E0,6.1E0));
#666=LINE('',#665,#664);
#667=DIRECTION('',(0.E0,1.E0,0.E0));
#668=VECTOR('',#667,4.485E0);
#669=CARTESIAN_POINT('',(3.5947E0,-2.2425E0,6.1E0));
#670=LINE('',#669,#668);
#671=DIRECTION('',(-1.E0,0.E0,0.E0));
#672=VECTOR('',#671,7.1894E0);
#673=CARTESIAN_POINT('',(3.5947E0,2.2425E0,6.1E0));
#674=LINE('',#673,#672);
#675=DIRECTION('',(0.E0,0.E0,1.E0));
#676=VECTOR('',#675,6.1E0);
#677=CARTESIAN_POINT('',(-6.35E0,3.E0,0.E0));
#678=LINE('',#677,#676);
#679=DIRECTION('',(0.E0,-1.E0,0.E0));
#680=VECTOR('',#679,6.E0);
#681=CARTESIAN_POINT('',(-6.35E0,3.E0,0.E0));
#682=LINE('',#681,#680);
#683=DIRECTION('',(1.E0,0.E0,0.E0));
#684=VECTOR('',#683,1.27E1);
#685=CARTESIAN_POINT('',(-6.35E0,-3.E0,0.E0));
#686=LINE('',#685,#684);
#687=DIRECTION('',(0.E0,1.E0,0.E0));
#688=VECTOR('',#687,6.E0);
#689=CARTESIAN_POINT('',(6.35E0,-3.E0,0.E0));
#690=LINE('',#689,#688);
#691=DIRECTION('',(-1.E0,0.E0,0.E0));
#692=VECTOR('',#691,1.27E1);
#693=CARTESIAN_POINT('',(6.35E0,3.E0,0.E0));
#694=LINE('',#693,#692);
#695=DIRECTION('',(-1.E0,0.E0,0.E0));
#696=VECTOR('',#695,7.E-1);
#697=CARTESIAN_POINT('',(-4.35E0,1.E0,0.E0));
#698=LINE('',#697,#696);
#699=DIRECTION('',(-1.E0,0.E0,0.E0));
#700=VECTOR('',#699,7.E-1);
#701=CARTESIAN_POINT('',(-4.35E0,-1.E0,0.E0));
#702=LINE('',#701,#700);
#703=DIRECTION('',(-1.E0,0.E0,0.E0));
#704=VECTOR('',#703,7.E-1);
#705=CARTESIAN_POINT('',(3.5E-1,1.E0,0.E0));
#706=LINE('',#705,#704);
#707=DIRECTION('',(-1.E0,0.E0,0.E0));
#708=VECTOR('',#707,7.E-1);
#709=CARTESIAN_POINT('',(3.5E-1,-1.E0,0.E0));
#710=LINE('',#709,#708);
#711=DIRECTION('',(-1.E0,0.E0,0.E0));
#712=VECTOR('',#711,7.E-1);
#713=CARTESIAN_POINT('',(5.05E0,1.E0,0.E0));
#714=LINE('',#713,#712);
#715=DIRECTION('',(-1.E0,0.E0,0.E0));
#716=VECTOR('',#715,7.E-1);
#717=CARTESIAN_POINT('',(5.05E0,-1.E0,0.E0));
#718=LINE('',#717,#716);
#719=DIRECTION('',(0.E0,-1.E0,0.E0));
#720=VECTOR('',#719,7.496E-1);
#721=CARTESIAN_POINT('',(1.595218851290E0,2.627315811952E0,0.E0));
#722=LINE('',#721,#720);
#723=DIRECTION('',(-1.E0,0.E0,0.E0));
#724=VECTOR('',#723,5.622E-1);
#725=CARTESIAN_POINT('',(1.595218851290E0,1.877715811952E0,0.E0));
#726=LINE('',#725,#724);
#727=DIRECTION('',(0.E0,1.E0,0.E0));
#728=VECTOR('',#727,9.569361678362E-2);
#729=CARTESIAN_POINT('',(1.033018851290E0,1.877715811952E0,0.E0));
#730=LINE('',#729,#728);
#731=DIRECTION('',(1.E0,0.E0,0.E0));
#732=VECTOR('',#731,4.685E-1);
#733=CARTESIAN_POINT('',(1.033018851290E0,1.973409428735E0,0.E0));
#734=LINE('',#733,#732);
#735=DIRECTION('',(0.E0,1.E0,0.E0));
#736=VECTOR('',#735,6.539063832164E-1);
#737=CARTESIAN_POINT('',(1.501518851290E0,1.973409428735E0,0.E0));
#738=LINE('',#737,#736);
#739=DIRECTION('',(1.E0,0.E0,0.E0));
#740=VECTOR('',#739,9.37E-2);
#741=CARTESIAN_POINT('',(1.501518851290E0,2.627315811952E0,0.E0));
#742=LINE('',#741,#740);
#743=DIRECTION('',(1.E0,0.E0,0.E0));
#744=VECTOR('',#743,9.37E-2);
#745=CARTESIAN_POINT('',(2.990355477429E-1,2.069103045519E0,0.E0));
#746=LINE('',#745,#744);
#747=DIRECTION('',(3.102789952956E-1,-9.506455412394E-1,0.E0));
#748=VECTOR('',#747,5.033085490989E-2);
#749=CARTESIAN_POINT('',(3.927355477429E-1,2.069103045519E0,0.E0));
#750=LINE('',#749,#748);
#751=DIRECTION('',(8.265991871191E-1,-5.627910658975E-1,0.E0));
#752=VECTOR('',#751,5.667801363716E-2);
#753=CARTESIAN_POINT('',(4.083521548367E-1,2.021256242712E0,0.E0));
#754=LINE('',#753,#752);
#755=DIRECTION('',(9.689177459678E-1,-2.473831068378E-1,0.E0));
#756=VECTOR('',#755,6.447058763559E-2);
#757=CARTESIAN_POINT('',(4.552021548367E-1,1.989358363004E0,0.E0));
#758=LINE('',#757,#756);
#759=DIRECTION('',(1.E0,0.E0,0.E0));
#760=VECTOR('',#759,1.4055E-1);
#761=CARTESIAN_POINT('',(5.176688512898E-1,1.973409428735E0,0.E0));
#762=LINE('',#761,#760);
#763=DIRECTION('',(9.689177459678E-1,2.473831068378E-1,0.E0));
#764=VECTOR('',#763,6.447058763559E-2);
#765=CARTESIAN_POINT('',(6.582188512898E-1,1.973409428735E0,0.E0));
#766=LINE('',#765,#764);
#767=DIRECTION('',(8.265991871191E-1,5.627910658975E-1,0.E0));
#768=VECTOR('',#767,5.667801363716E-2);
#769=CARTESIAN_POINT('',(7.206855477429E-1,1.989358363004E0,0.E0));
#770=LINE('',#769,#768);
#771=DIRECTION('',(5.466221810895E-1,8.373793591563E-1,0.E0));
#772=VECTOR('',#771,5.713874157952E-2);
#773=CARTESIAN_POINT('',(7.675355477429E-1,2.021256242712E0,0.E0));
#774=LINE('',#773,#772);
#775=DIRECTION('',(2.377717803411E-1,9.713210491251E-1,0.E0));
#776=VECTOR('',#775,6.567935198488E-2);
#777=CARTESIAN_POINT('',(7.987688512898E-1,2.069103045519E0,0.E0));
#778=LINE('',#777,#776);
#779=DIRECTION('',(0.E0,1.E0,0.E0));
#780=VECTOR('',#779,2.392340363741E-1);
#781=CARTESIAN_POINT('',(8.143855477429E-1,2.132898782595E0,0.E0));
#782=LINE('',#781,#780);
#783=DIRECTION('',(-2.377717803411E-1,9.713210491251E-1,0.E0));
#784=VECTOR('',#783,6.567935198488E-2);
#785=CARTESIAN_POINT('',(8.143855477429E-1,2.372132818969E0,0.E0));
#786=LINE('',#785,#784);
#787=DIRECTION('',(-5.466218231676E-1,8.373795927994E-1,0.E0));
#788=VECTOR('',#787,5.713877899333E-2);
#789=CARTESIAN_POINT('',(7.987688512898E-1,2.435928556045E0,0.E0));
#790=LINE('',#789,#788);
#791=DIRECTION('',(-8.265992787996E-1,5.627909312417E-1,0.E0));
#792=VECTOR('',#791,5.667800735083E-2);
#793=CARTESIAN_POINT('',(7.675355477429E-1,2.483775403531E0,0.E0));
#794=LINE('',#793,#792);
#795=DIRECTION('',(-9.689177459678E-1,2.473831068378E-1,0.E0));
#796=VECTOR('',#795,6.447058763559E-2);
#797=CARTESIAN_POINT('',(7.206855477429E-1,2.515673272069E0,0.E0));
#798=LINE('',#797,#796);
#799=DIRECTION('',(-1.E0,0.E0,0.E0));
#800=VECTOR('',#799,1.4055E-1);
#801=CARTESIAN_POINT('',(6.582188512898E-1,2.531622206338E0,0.E0));
#802=LINE('',#801,#800);
#803=DIRECTION('',(-9.689177459678E-1,-2.473831068378E-1,0.E0));
#804=VECTOR('',#803,6.447058763559E-2);
#805=CARTESIAN_POINT('',(5.176688512898E-1,2.531622206338E0,0.E0));
#806=LINE('',#805,#804);
#807=DIRECTION('',(-8.265992787996E-1,-5.627909312417E-1,0.E0));
#808=VECTOR('',#807,5.667800735083E-2);
#809=CARTESIAN_POINT('',(4.552021548367E-1,2.515673272069E0,0.E0));
#810=LINE('',#809,#808);
#811=DIRECTION('',(-3.102787334496E-1,-9.506456267027E-1,0.E0));
#812=VECTOR('',#811,5.033089738439E-2);
#813=CARTESIAN_POINT('',(4.083521548367E-1,2.483775403531E0,0.E0));
#814=LINE('',#813,#812);
#815=DIRECTION('',(-1.E0,0.E0,0.E0));
#816=VECTOR('',#815,9.37E-2);
#817=CARTESIAN_POINT('',(3.927355477429E-1,2.435928556045E0,0.E0));
#818=LINE('',#817,#816);
#819=DIRECTION('',(1.921820436730E-1,9.813592930674E-1,0.E0));
#820=VECTOR('',#819,8.125944961009E-2);
#821=CARTESIAN_POINT('',(2.990355477429E-1,2.435928556045E0,0.E0));
#822=LINE('',#821,#820);
#823=DIRECTION('',(6.996250055017E-1,7.145102180353E-1,0.E0));
#824=VECTOR('',#823,8.928596885742E-2);
#825=CARTESIAN_POINT('',(3.146521548367E-1,2.515673272069E0,0.E0));
#826=LINE('',#825,#824);
#827=DIRECTION('',(8.906053746977E-1,4.547769415434E-1,0.E0));
#828=VECTOR('',#827,7.013959069616E-2);
#829=CARTESIAN_POINT('',(3.771188512898E-1,2.579469009145E0,0.E0));
#830=LINE('',#829,#828);
#831=DIRECTION('',(9.797706943097E-1,2.001234283435E-1,0.E0));
#832=VECTOR('',#831,7.969548793447E-2);
#833=CARTESIAN_POINT('',(4.395855477429E-1,2.611366877683E0,0.E0));
#834=LINE('',#833,#832);
#835=DIRECTION('',(1.E0,0.E0,0.E0));
#836=VECTOR('',#835,1.4055E-1);
#837=CARTESIAN_POINT('',(5.176688512898E-1,2.627315811952E0,0.E0));
#838=LINE('',#837,#836);
#839=DIRECTION('',(9.797706943097E-1,-2.001234283435E-1,0.E0));
#840=VECTOR('',#839,7.969548793447E-2);
#841=CARTESIAN_POINT('',(6.582188512898E-1,2.627315811952E0,0.E0));
#842=LINE('',#841,#840);
#843=DIRECTION('',(8.906053746977E-1,-4.547769415434E-1,0.E0));
#844=VECTOR('',#843,7.013959069616E-2);
#845=CARTESIAN_POINT('',(7.363021548367E-1,2.611366877683E0,0.E0));
#846=LINE('',#845,#844);
#847=DIRECTION('',(6.996247500295E-1,-7.145104681851E-1,0.E0));
#848=VECTOR('',#847,8.928593759843E-2);
#849=CARTESIAN_POINT('',(7.987688512898E-1,2.579469009145E0,0.E0));
#850=LINE('',#849,#848);
#851=DIRECTION('',(4.397136649566E-1,-8.981380143666E-1,0.E0));
#852=VECTOR('',#851,7.103110663988E-2);
#853=CARTESIAN_POINT('',(8.612355030632E-1,2.515673272069E0,0.E0));
#854=LINE('',#853,#852);
#855=DIRECTION('',(1.921825732045E-1,-9.813591893677E-1,0.E0));
#856=VECTOR('',#855,8.125945819673E-2);
#857=CARTESIAN_POINT('',(8.924688512898E-1,2.451877534993E0,0.E0));
#858=LINE('',#857,#856);
#859=DIRECTION('',(0.E0,-1.E0,0.E0));
#860=VECTOR('',#859,2.392340363741E-1);
#861=CARTESIAN_POINT('',(9.080855030632E-1,2.372132818969E0,0.E0));
#862=LINE('',#861,#860);
#863=DIRECTION('',(-1.921826769043E-1,-9.813591690599E-1,0.E0));
#864=VECTOR('',#863,8.125941434995E-2);
#865=CARTESIAN_POINT('',(9.080855030632E-1,2.132898782595E0,0.E0));
#866=LINE('',#865,#864);
#867=DIRECTION('',(-4.397136028534E-1,-8.981380447713E-1,0.E0));
#868=VECTOR('',#867,7.103111667200E-2);
#869=CARTESIAN_POINT('',(8.924688512898E-1,2.053154111250E0,0.E0));
#870=LINE('',#869,#868);
#871=DIRECTION('',(-6.996247187608E-1,-7.145104988024E-1,0.E0));
#872=VECTOR('',#871,8.928594158894E-2);
#873=CARTESIAN_POINT('',(8.612355030632E-1,1.989358363004E0,0.E0));
#874=LINE('',#873,#872);
#875=DIRECTION('',(-8.906053505096E-1,-4.547769889117E-1,0.E0));
#876=VECTOR('',#875,7.013959260109E-2);
#877=CARTESIAN_POINT('',(7.987688512898E-1,1.925562620343E0,0.E0));
#878=LINE('',#877,#876);
#879=DIRECTION('',(-9.797706908745E-1,-2.001234451615E-1,0.E0));
#880=VECTOR('',#879,7.969548821389E-2);
#881=CARTESIAN_POINT('',(7.363021548367E-1,1.893664747617E0,0.E0));
#882=LINE('',#881,#880);
#883=DIRECTION('',(-1.E0,0.E0,0.E0));
#884=VECTOR('',#883,1.4055E-1);
#885=CARTESIAN_POINT('',(6.582188512898E-1,1.877715811952E0,0.E0));
#886=LINE('',#885,#884);
#887=DIRECTION('',(-9.797706908745E-1,2.001234451615E-1,0.E0));
#888=VECTOR('',#887,7.969548821389E-2);
#889=CARTESIAN_POINT('',(5.176688512898E-1,1.877715811952E0,0.E0));
#890=LINE('',#889,#888);
#891=DIRECTION('',(-8.906053505096E-1,4.547769889117E-1,0.E0));
#892=VECTOR('',#891,7.013959260109E-2);
#893=CARTESIAN_POINT('',(4.395855477429E-1,1.893664747617E0,0.E0));
#894=LINE('',#893,#892);
#895=DIRECTION('',(-6.996249742329E-1,7.145102486526E-1,0.E0));
#896=VECTOR('',#895,8.928597284793E-2);
#897=CARTESIAN_POINT('',(3.771188512898E-1,1.925562620343E0,0.E0));
#898=LINE('',#897,#896);
#899=DIRECTION('',(-1.921821214477E-1,9.813592778365E-1,0.E0));
#900=VECTOR('',#899,8.125941672500E-2);
#901=CARTESIAN_POINT('',(3.146521548367E-1,1.989358363004E0,0.E0));
#902=LINE('',#901,#900);
#903=DIRECTION('',(1.E0,0.E0,0.E0));
#904=VECTOR('',#903,4.685E-1);
#905=CARTESIAN_POINT('',(-3.880977558040E-1,1.973409428735E0,0.E0));
#906=LINE('',#905,#904);
#907=DIRECTION('',(0.E0,1.E0,0.E0));
#908=VECTOR('',#907,2.551829818130E-1);
#909=CARTESIAN_POINT('',(8.040224419596E-2,1.973409428735E0,0.E0));
#910=LINE('',#909,#908);
#911=DIRECTION('',(-1.E0,0.E0,0.E0));
#912=VECTOR('',#911,4.060333929062E-1);
#913=CARTESIAN_POINT('',(8.040224419596E-2,2.228592410548E0,0.E0));
#914=LINE('',#913,#912);
#915=DIRECTION('',(0.E0,1.E0,0.E0));
#916=VECTOR('',#915,9.569360561371E-2);
#917=CARTESIAN_POINT('',(-3.256311487102E-1,2.228592410548E0,0.E0));
#918=LINE('',#917,#916);
#919=DIRECTION('',(1.E0,0.E0,0.E0));
#920=VECTOR('',#919,4.060333929062E-1);
#921=CARTESIAN_POINT('',(-3.256311487102E-1,2.324286016162E0,0.E0));
#922=LINE('',#921,#920);
#923=DIRECTION('',(0.E0,1.E0,0.E0));
#924=VECTOR('',#923,2.073361901760E-1);
#925=CARTESIAN_POINT('',(8.040224419596E-2,2.324286016162E0,0.E0));
#926=LINE('',#925,#924);
#927=DIRECTION('',(-1.E0,0.E0,0.E0));
#928=VECTOR('',#927,4.685E-1);
#929=CARTESIAN_POINT('',(8.040224419596E-2,2.531622206338E0,0.E0));
#930=LINE('',#929,#928);
#931=DIRECTION('',(0.E0,1.E0,0.E0));
#932=VECTOR('',#931,9.569360561371E-2);
#933=CARTESIAN_POINT('',(-3.880977558040E-1,2.531622206338E0,0.E0));
#934=LINE('',#933,#932);
#935=DIRECTION('',(1.E0,0.E0,0.E0));
#936=VECTOR('',#935,5.621999106407E-1);
#937=CARTESIAN_POINT('',(-3.880977558040E-1,2.627315811952E0,0.E0));
#938=LINE('',#937,#936);
#939=DIRECTION('',(0.E0,-1.E0,0.E0));
#940=VECTOR('',#939,7.496E-1);
#941=CARTESIAN_POINT('',(1.741021548367E-1,2.627315811952E0,0.E0));
#942=LINE('',#941,#940);
#943=DIRECTION('',(-1.E0,0.E0,0.E0));
#944=VECTOR('',#943,5.621999106407E-1);
#945=CARTESIAN_POINT('',(1.741021548367E-1,1.877715811952E0,0.E0));
#946=LINE('',#945,#944);
#947=DIRECTION('',(0.E0,1.E0,0.E0));
#948=VECTOR('',#947,9.569361678362E-2);
#949=CARTESIAN_POINT('',(-3.880977558040E-1,1.877715811952E0,0.E0));
#950=LINE('',#949,#948);
#951=DIRECTION('',(1.E0,0.E0,0.E0));
#952=VECTOR('',#951,3.748E-1);
#953=CARTESIAN_POINT('',(-8.878311487102E-1,2.627315811952E0,0.E0));
#954=LINE('',#953,#952);
#955=DIRECTION('',(0.E0,-1.E0,0.E0));
#956=VECTOR('',#955,7.496E-1);
#957=CARTESIAN_POINT('',(-5.130311487102E-1,2.627315811952E0,0.E0));
#958=LINE('',#957,#956);
#959=DIRECTION('',(-1.E0,0.E0,0.E0));
#960=VECTOR('',#959,3.748E-1);
#961=CARTESIAN_POINT('',(-5.130311487102E-1,1.877715811952E0,0.E0));
#962=LINE('',#961,#960);
#963=DIRECTION('',(-9.797707357802E-1,2.001232253108E-1,0.E0));
#964=VECTOR('',#963,7.969557576550E-2);
#965=CARTESIAN_POINT('',(-8.878311487102E-1,1.877715811952E0,0.E0));
#966=LINE('',#965,#964);
#967=DIRECTION('',(-8.906050870136E-1,4.547775049248E-1,0.E0));
#968=VECTOR('',#967,7.013951301724E-2);
#969=CARTESIAN_POINT('',(-9.659145416164E-1,1.893664747617E0,0.E0));
#970=LINE('',#969,#968);
#971=DIRECTION('',(-6.996244632883E-1,7.145107489524E-1,0.E0));
#972=VECTOR('',#971,8.928591032997E-2);
#973=CARTESIAN_POINT('',(-1.028381148710E0,1.925562620343E0,0.E0));
#974=LINE('',#973,#972);
#975=DIRECTION('',(-4.397141102494E-1,8.981377963584E-1,0.E0));
#976=VECTOR('',#975,7.103113631826E-2);
#977=CARTESIAN_POINT('',(-1.090847755804E0,1.989358363004E0,0.E0));
#978=LINE('',#977,#976);
#979=DIRECTION('',(-1.921821473726E-1,9.813592727596E-1,0.E0));
#980=VECTOR('',#979,8.125940576331E-2);
#981=CARTESIAN_POINT('',(-1.122081148710E0,2.053154111250E0,0.E0));
#982=LINE('',#981,#980);
#983=DIRECTION('',(0.E0,1.E0,0.E0));
#984=VECTOR('',#983,2.392340363741E-1);
#985=CARTESIAN_POINT('',(-1.137697755804E0,2.132898782595E0,0.E0));
#986=LINE('',#985,#984);
#987=DIRECTION('',(1.921820436730E-1,9.813592930674E-1,0.E0));
#988=VECTOR('',#987,8.125944961009E-2);
#989=CARTESIAN_POINT('',(-1.137697755804E0,2.372132818969E0,0.E0));
#990=LINE('',#989,#988);
#991=DIRECTION('',(4.397141723527E-1,8.981377659536E-1,0.E0));
#992=VECTOR('',#991,7.103112628614E-2);
#993=CARTESIAN_POINT('',(-1.122081148710E0,2.451877534993E0,0.E0));
#994=LINE('',#993,#992);
#995=DIRECTION('',(6.996244945571E-1,7.145107183351E-1,0.E0));
#996=VECTOR('',#995,8.928590633946E-2);
#997=CARTESIAN_POINT('',(-1.090847755804E0,2.515673272069E0,0.E0));
#998=LINE('',#997,#996);
#999=DIRECTION('',(8.906051112017E-1,4.547774575564E-1,0.E0));
#1000=VECTOR('',#999,7.013951111231E-2);
#1001=CARTESIAN_POINT('',(-1.028381148710E0,2.579469009145E0,0.E0));
#1002=LINE('',#1001,#1000);
#1003=DIRECTION('',(9.797707392153E-1,2.001232084928E-1,0.E0));
#1004=VECTOR('',#1003,7.969557548608E-2);
#1005=CARTESIAN_POINT('',(-9.659145416164E-1,2.611366877683E0,0.E0));
#1006=LINE('',#1005,#1004);
#1007=DIRECTION('',(-1.E0,0.E0,0.E0));
#1008=VECTOR('',#1007,2.811E-1);
#1009=CARTESIAN_POINT('',(-6.067311487102E-1,2.531622206338E0,0.E0));
#1010=LINE('',#1009,#1008);
#1011=DIRECTION('',(-9.689176611437E-1,-2.473834390653E-1,0.E0));
#1012=VECTOR('',#1011,6.447050105380E-2);
#1013=CARTESIAN_POINT('',(-8.878311487102E-1,2.531622206338E0,0.E0));
#1014=LINE('',#1013,#1012);
#1015=DIRECTION('',(-8.265992787996E-1,-5.627909312417E-1,0.E0));
#1016=VECTOR('',#1015,5.667800735083E-2);
#1017=CARTESIAN_POINT('',(-9.502977558040E-1,2.515673272069E0,0.E0));
#1018=LINE('',#1017,#1016);
#1019=DIRECTION('',(-5.466229197794E-1,-8.373788769559E-1,0.E0));
#1020=VECTOR('',#1019,5.713882783912E-2);
#1021=CARTESIAN_POINT('',(-9.971477558040E-1,2.483775403531E0,0.E0));
#1022=LINE('',#1021,#1020);
#1023=DIRECTION('',(-2.377704967206E-1,-9.713213633444E-1,0.E0));
#1024=VECTOR('',#1023,6.567933073782E-2);
#1025=CARTESIAN_POINT('',(-1.028381148710E0,2.435928556045E0,0.E0));
#1026=LINE('',#1025,#1024);
#1027=DIRECTION('',(0.E0,-1.E0,0.E0));
#1028=VECTOR('',#1027,2.392340363741E-1);
#1029=CARTESIAN_POINT('',(-1.043997755804E0,2.372132818969E0,0.E0));
#1030=LINE('',#1029,#1028);
#1031=DIRECTION('',(2.377704967206E-1,-9.713213633444E-1,0.E0));
#1032=VECTOR('',#1031,6.567933073782E-2);
#1033=CARTESIAN_POINT('',(-1.043997755804E0,2.132898782595E0,0.E0));
#1034=LINE('',#1033,#1032);
#1035=DIRECTION('',(5.466232777014E-1,-8.373786433120E-1,0.E0));
#1036=VECTOR('',#1035,5.713879042534E-2);
#1037=CARTESIAN_POINT('',(-1.028381148710E0,2.069103045519E0,0.E0));
#1038=LINE('',#1037,#1036);
#1039=DIRECTION('',(8.265991871191E-1,-5.627910658975E-1,0.E0));
#1040=VECTOR('',#1039,5.667801363716E-2);
#1041=CARTESIAN_POINT('',(-9.971477558040E-1,2.021256242712E0,0.E0));
#1042=LINE('',#1041,#1040);
#1043=DIRECTION('',(9.689176611437E-1,-2.473834390653E-1,0.E0));
#1044=VECTOR('',#1043,6.447050105380E-2);
#1045=CARTESIAN_POINT('',(-9.502977558040E-1,1.989358363004E0,0.E0));
#1046=LINE('',#1045,#1044);
#1047=DIRECTION('',(1.E0,0.E0,0.E0));
#1048=VECTOR('',#1047,2.811E-1);
#1049=CARTESIAN_POINT('',(-8.878311487102E-1,1.973409428735E0,0.E0));
#1050=LINE('',#1049,#1048);
#1051=DIRECTION('',(0.E0,1.E0,0.E0));
#1052=VECTOR('',#1051,5.582127776027E-1);
#1053=CARTESIAN_POINT('',(-6.067311487102E-1,1.973409428735E0,0.E0));
#1054=LINE('',#1053,#1052);
#1055=DIRECTION('',(1.E0,0.E0,0.E0));
#1056=VECTOR('',#1055,1.249332141876E-1);
#1057=CARTESIAN_POINT('',(-1.637431148710E0,2.627315811952E0,0.E0));
#1058=LINE('',#1057,#1056);
#1059=DIRECTION('',(3.162279017271E-1,-9.486832528138E-1,0.E0));
#1060=VECTOR('',#1059,7.901478156979E-1);
#1061=CARTESIAN_POINT('',(-1.512497934523E0,2.627315811952E0,0.E0));
#1062=LINE('',#1061,#1060);
#1063=DIRECTION('',(-1.E0,0.E0,0.E0));
#1064=VECTOR('',#1063,9.37E-2);
#1065=CARTESIAN_POINT('',(-1.262631148710E0,1.877715811952E0,0.E0));
#1066=LINE('',#1065,#1064);
#1067=DIRECTION('',(-3.102805670740E-1,9.506450282288E-1,0.E0));
#1068=VECTOR('',#1067,2.013235517823E-1);
#1069=CARTESIAN_POINT('',(-1.356331148710E0,1.877715811952E0,0.E0));
#1070=LINE('',#1069,#1068);
#1071=DIRECTION('',(-1.E0,0.E0,0.E0));
#1072=VECTOR('',#1071,3.123332141876E-1);
#1073=CARTESIAN_POINT('',(-1.418797934523E0,2.069103045519E0,0.E0));
#1074=LINE('',#1073,#1072);
#1075=DIRECTION('',(-3.102805670740E-1,-9.506450282288E-1,0.E0));
#1076=VECTOR('',#1075,2.013235517823E-1);
#1077=CARTESIAN_POINT('',(-1.731131148710E0,2.069103045519E0,0.E0));
#1078=LINE('',#1077,#1076);
#1079=DIRECTION('',(-1.E0,0.E0,0.E0));
#1080=VECTOR('',#1079,9.37E-2);
#1081=CARTESIAN_POINT('',(-1.793597934523E0,1.877715811952E0,0.E0));
#1082=LINE('',#1081,#1080);
#1083=DIRECTION('',(3.162279017271E-1,9.486832528138E-1,0.E0));
#1084=VECTOR('',#1083,7.901478156979E-1);
#1085=CARTESIAN_POINT('',(-1.887297934523E0,1.877715811952E0,0.E0));
#1086=LINE('',#1085,#1084);
#1087=DIRECTION('',(-3.102800213276E-1,-9.506452063546E-1,0.E0));
#1088=VECTOR('',#1087,4.529779242589E-1);
#1089=CARTESIAN_POINT('',(-1.574964362898E0,2.563520074876E0,0.E0));
#1090=LINE('',#1089,#1088);
#1091=DIRECTION('',(1.E0,0.E0,0.E0));
#1092=VECTOR('',#1091,2.811E-1);
#1093=CARTESIAN_POINT('',(-1.715514362898E0,2.132898782595E0,0.E0));
#1094=LINE('',#1093,#1092);
#1095=DIRECTION('',(-3.102800213276E-1,9.506452063546E-1,0.E0));
#1096=VECTOR('',#1095,4.529779242589E-1);
#1097=CARTESIAN_POINT('',(-1.434414362898E0,2.132898782595E0,0.E0));
#1098=LINE('',#1097,#1096);
#1099=DIRECTION('',(0.E0,0.E0,1.E0));
#1100=VECTOR('',#1099,6.1E0);
#1101=CARTESIAN_POINT('',(-6.35E0,-3.E0,0.E0));
#1102=LINE('',#1101,#1100);
#1103=DIRECTION('',(1.E0,0.E0,0.E0));
#1104=VECTOR('',#1103,2.7914E0);
#1105=CARTESIAN_POINT('',(-5.0626E0,-3.E0,2.232465986012E0));
#1106=LINE('',#1105,#1104);
#1107=DIRECTION('',(0.E0,0.E0,1.E0));
#1108=VECTOR('',#1107,1.0324E0);
#1109=CARTESIAN_POINT('',(-2.2712E0,-3.E0,2.232465986012E0));
#1110=LINE('',#1109,#1108);
#1111=DIRECTION('',(-1.E0,0.E0,0.E0));
#1112=VECTOR('',#1111,2.7914E0);
#1113=CARTESIAN_POINT('',(-2.2712E0,-3.E0,3.264865986012E0));
#1114=LINE('',#1113,#1112);
#1115=DIRECTION('',(0.E0,0.E0,-1.E0));
#1116=VECTOR('',#1115,1.0324E0);
#1117=CARTESIAN_POINT('',(-5.0626E0,-3.E0,3.264865986012E0));
#1118=LINE('',#1117,#1116);
#1119=DIRECTION('',(0.E0,0.E0,1.E0));
#1120=VECTOR('',#1119,1.0324E0);
#1121=CARTESIAN_POINT('',(5.0626E0,-3.E0,2.232465986012E0));
#1122=LINE('',#1121,#1120);
#1123=DIRECTION('',(-1.E0,0.E0,0.E0));
#1124=VECTOR('',#1123,2.7914E0);
#1125=CARTESIAN_POINT('',(5.0626E0,-3.E0,3.264865986012E0));
#1126=LINE('',#1125,#1124);
#1127=DIRECTION('',(0.E0,0.E0,-1.E0));
#1128=VECTOR('',#1127,1.0324E0);
#1129=CARTESIAN_POINT('',(2.2712E0,-3.E0,3.264865986012E0));
#1130=LINE('',#1129,#1128);
#1131=DIRECTION('',(1.E0,0.E0,0.E0));
#1132=VECTOR('',#1131,2.7914E0);
#1133=CARTESIAN_POINT('',(2.2712E0,-3.E0,2.232465986012E0));
#1134=LINE('',#1133,#1132);
#1135=CARTESIAN_POINT('',(0.E0,-3.E0,3.457515986012E0));
#1136=DIRECTION('',(0.E0,-1.E0,0.E0));
#1137=DIRECTION('',(1.E0,0.E0,0.E0));
#1138=AXIS2_PLACEMENT_3D('',#1135,#1136,#1137);
#1140=DIRECTION('',(0.E0,0.E0,-1.E0));
#1141=VECTOR('',#1140,1.0324E0);
#1142=CARTESIAN_POINT('',(-6.471E-1,-3.E0,3.457515986012E0));
#1143=LINE('',#1142,#1141);
#1144=DIRECTION('',(1.E0,0.E0,0.E0));
#1145=VECTOR('',#1144,1.2942E0);
#1146=CARTESIAN_POINT('',(-6.471E-1,-3.E0,2.425115986012E0));
#1147=LINE('',#1146,#1145);
#1148=DIRECTION('',(0.E0,0.E0,1.E0));
#1149=VECTOR('',#1148,1.0324E0);
#1150=CARTESIAN_POINT('',(6.471E-1,-3.E0,2.425115986012E0));
#1151=LINE('',#1150,#1149);
#1152=DIRECTION('',(0.E0,0.E0,1.E0));
#1153=VECTOR('',#1152,6.1E0);
#1154=CARTESIAN_POINT('',(6.35E0,-3.E0,0.E0));
#1155=LINE('',#1154,#1153);
#1156=DIRECTION('',(0.E0,0.E0,1.E0));
#1157=VECTOR('',#1156,6.1E0);
#1158=CARTESIAN_POINT('',(6.35E0,3.E0,0.E0));
#1159=LINE('',#1158,#1157);
#1160=DIRECTION('',(1.E0,0.E0,0.E0));
#1161=VECTOR('',#1160,2.7914E0);
#1162=CARTESIAN_POINT('',(-5.0626E0,3.E0,2.232465986012E0));
#1163=LINE('',#1162,#1161);
#1164=DIRECTION('',(0.E0,0.E0,-1.E0));
#1165=VECTOR('',#1164,1.0324E0);
#1166=CARTESIAN_POINT('',(-5.0626E0,3.E0,3.264865986012E0));
#1167=LINE('',#1166,#1165);
#1168=DIRECTION('',(-1.E0,0.E0,0.E0));
#1169=VECTOR('',#1168,2.7914E0);
#1170=CARTESIAN_POINT('',(-2.2712E0,3.E0,3.264865986012E0));
#1171=LINE('',#1170,#1169);
#1172=DIRECTION('',(0.E0,0.E0,1.E0));
#1173=VECTOR('',#1172,1.0324E0);
#1174=CARTESIAN_POINT('',(-2.2712E0,3.E0,2.232465986012E0));
#1175=LINE('',#1174,#1173);
#1176=DIRECTION('',(0.E0,0.E0,1.E0));
#1177=VECTOR('',#1176,1.0324E0);
#1178=CARTESIAN_POINT('',(5.0626E0,3.E0,2.232465986012E0));
#1179=LINE('',#1178,#1177);
#1180=DIRECTION('',(1.E0,0.E0,0.E0));
#1181=VECTOR('',#1180,2.7914E0);
#1182=CARTESIAN_POINT('',(2.2712E0,3.E0,2.232465986012E0));
#1183=LINE('',#1182,#1181);
#1184=DIRECTION('',(0.E0,0.E0,-1.E0));
#1185=VECTOR('',#1184,1.0324E0);
#1186=CARTESIAN_POINT('',(2.2712E0,3.E0,3.264865986012E0));
#1187=LINE('',#1186,#1185);
#1188=DIRECTION('',(-1.E0,0.E0,0.E0));
#1189=VECTOR('',#1188,2.7914E0);
#1190=CARTESIAN_POINT('',(5.0626E0,3.E0,3.264865986012E0));
#1191=LINE('',#1190,#1189);
#1192=CARTESIAN_POINT('',(0.E0,3.E0,3.457515986012E0));
#1193=DIRECTION('',(0.E0,-1.E0,0.E0));
#1194=DIRECTION('',(1.E0,0.E0,0.E0));
#1195=AXIS2_PLACEMENT_3D('',#1192,#1193,#1194);
#1197=DIRECTION('',(0.E0,0.E0,1.E0));
#1198=VECTOR('',#1197,1.0324E0);
#1199=CARTESIAN_POINT('',(6.471E-1,3.E0,2.425115986012E0));
#1200=LINE('',#1199,#1198);
#1201=DIRECTION('',(1.E0,0.E0,0.E0));
#1202=VECTOR('',#1201,1.2942E0);
#1203=CARTESIAN_POINT('',(-6.471E-1,3.E0,2.425115986012E0));
#1204=LINE('',#1203,#1202);
#1205=DIRECTION('',(0.E0,0.E0,-1.E0));
#1206=VECTOR('',#1205,1.0324E0);
#1207=CARTESIAN_POINT('',(-6.471E-1,3.E0,3.457515986012E0));
#1208=LINE('',#1207,#1206);
#1209=DIRECTION('',(0.E0,1.E0,0.E0));
#1210=VECTOR('',#1209,3.5E-1);
#1211=CARTESIAN_POINT('',(-5.0626E0,3.E0,2.232465986012E0));
#1212=LINE('',#1211,#1210);
#1213=DIRECTION('',(0.E0,3.162277660168E-1,-9.486832980505E-1));
#1214=VECTOR('',#1213,6.324555320337E-1);
#1215=CARTESIAN_POINT('',(-5.0626E0,3.15E0,3.264865986012E0));
#1216=LINE('',#1215,#1214);
#1217=DIRECTION('',(0.E0,1.E0,0.E0));
#1218=VECTOR('',#1217,1.5E-1);
#1219=CARTESIAN_POINT('',(-5.0626E0,3.E0,3.264865986012E0));
#1220=LINE('',#1219,#1218);
#1221=DIRECTION('',(0.E0,-3.162277660168E-1,9.486832980505E-1));
#1222=VECTOR('',#1221,6.324555320337E-1);
#1223=CARTESIAN_POINT('',(-2.2712E0,3.35E0,2.664865986012E0));
#1224=LINE('',#1223,#1222);
#1225=DIRECTION('',(0.E0,1.E0,0.E0));
#1226=VECTOR('',#1225,3.5E-1);
#1227=CARTESIAN_POINT('',(-2.2712E0,3.E0,2.232465986012E0));
#1228=LINE('',#1227,#1226);
#1229=CARTESIAN_POINT('',(0.E0,3.35E0,3.457515986012E0));
#1230=DIRECTION('',(0.E0,-1.E0,0.E0));
#1231=DIRECTION('',(1.E0,0.E0,0.E0));
#1232=AXIS2_PLACEMENT_3D('',#1229,#1230,#1231);
#1234=DIRECTION('',(0.E0,0.E0,-1.E0));
#1235=VECTOR('',#1234,1.0324E0);
#1236=CARTESIAN_POINT('',(-6.471E-1,3.35E0,3.457515986012E0));
#1237=LINE('',#1236,#1235);
#1238=DIRECTION('',(1.E0,0.E0,0.E0));
#1239=VECTOR('',#1238,1.2942E0);
#1240=CARTESIAN_POINT('',(-6.471E-1,3.35E0,2.425115986012E0));
#1241=LINE('',#1240,#1239);
#1242=DIRECTION('',(0.E0,0.E0,1.E0));
#1243=VECTOR('',#1242,1.0324E0);
#1244=CARTESIAN_POINT('',(6.471E-1,3.35E0,2.425115986012E0));
#1245=LINE('',#1244,#1243);
#1246=DIRECTION('',(1.E0,0.E0,0.E0));
#1247=VECTOR('',#1246,2.7914E0);
#1248=CARTESIAN_POINT('',(-5.0626E0,3.35E0,2.664865986012E0));
#1249=LINE('',#1248,#1247);
#1250=DIRECTION('',(0.E0,0.E0,-1.E0));
#1251=VECTOR('',#1250,4.324E-1);
#1252=CARTESIAN_POINT('',(-5.0626E0,3.35E0,2.664865986012E0));
#1253=LINE('',#1252,#1251);
#1254=DIRECTION('',(1.E0,0.E0,0.E0));
#1255=VECTOR('',#1254,2.7914E0);
#1256=CARTESIAN_POINT('',(-5.0626E0,3.35E0,2.232465986012E0));
#1257=LINE('',#1256,#1255);
#1258=DIRECTION('',(0.E0,0.E0,1.E0));
#1259=VECTOR('',#1258,4.324E-1);
#1260=CARTESIAN_POINT('',(-2.2712E0,3.35E0,2.232465986012E0));
#1261=LINE('',#1260,#1259);
#1262=DIRECTION('',(1.E0,0.E0,0.E0));
#1263=VECTOR('',#1262,2.7914E0);
#1264=CARTESIAN_POINT('',(2.2712E0,3.35E0,2.664865986012E0));
#1265=LINE('',#1264,#1263);
#1266=DIRECTION('',(0.E0,0.E0,-1.E0));
#1267=VECTOR('',#1266,4.324E-1);
#1268=CARTESIAN_POINT('',(2.2712E0,3.35E0,2.664865986012E0));
#1269=LINE('',#1268,#1267);
#1270=DIRECTION('',(1.E0,0.E0,0.E0));
#1271=VECTOR('',#1270,2.7914E0);
#1272=CARTESIAN_POINT('',(2.2712E0,3.35E0,2.232465986012E0));
#1273=LINE('',#1272,#1271);
#1274=DIRECTION('',(0.E0,0.E0,1.E0));
#1275=VECTOR('',#1274,4.324E-1);
#1276=CARTESIAN_POINT('',(5.0626E0,3.35E0,2.232465986012E0));
#1277=LINE('',#1276,#1275);
#1278=DIRECTION('',(0.E0,1.E0,0.E0));
#1279=VECTOR('',#1278,3.5E-1);
#1280=CARTESIAN_POINT('',(6.471E-1,3.E0,3.457515986012E0));
#1281=LINE('',#1280,#1279);
#1282=DIRECTION('',(0.E0,1.E0,0.E0));
#1283=VECTOR('',#1282,3.5E-1);
#1284=CARTESIAN_POINT('',(6.471E-1,3.E0,2.425115986012E0));
#1285=LINE('',#1284,#1283);
#1286=DIRECTION('',(0.E0,1.E0,0.E0));
#1287=VECTOR('',#1286,3.5E-1);
#1288=CARTESIAN_POINT('',(-6.471E-1,3.E0,2.425115986012E0));
#1289=LINE('',#1288,#1287);
#1290=DIRECTION('',(0.E0,1.E0,0.E0));
#1291=VECTOR('',#1290,3.5E-1);
#1292=CARTESIAN_POINT('',(-6.471E-1,3.E0,3.457515986012E0));
#1293=LINE('',#1292,#1291);
#1294=DIRECTION('',(0.E0,-3.162277660168E-1,9.486832980505E-1));
#1295=VECTOR('',#1294,6.324555320337E-1);
#1296=CARTESIAN_POINT('',(5.0626E0,3.35E0,2.664865986012E0));
#1297=LINE('',#1296,#1295);
#1298=DIRECTION('',(0.E0,1.E0,0.E0));
#1299=VECTOR('',#1298,3.5E-1);
#1300=CARTESIAN_POINT('',(5.0626E0,3.E0,2.232465986012E0));
#1301=LINE('',#1300,#1299);
#1302=DIRECTION('',(0.E0,1.E0,0.E0));
#1303=VECTOR('',#1302,3.5E-1);
#1304=CARTESIAN_POINT('',(2.2712E0,3.E0,2.232465986012E0));
#1305=LINE('',#1304,#1303);
#1306=DIRECTION('',(0.E0,3.162277660168E-1,-9.486832980505E-1));
#1307=VECTOR('',#1306,6.324555320337E-1);
#1308=CARTESIAN_POINT('',(2.2712E0,3.15E0,3.264865986012E0));
#1309=LINE('',#1308,#1307);
#1310=DIRECTION('',(0.E0,1.E0,0.E0));
#1311=VECTOR('',#1310,1.5E-1);
#1312=CARTESIAN_POINT('',(2.2712E0,3.E0,3.264865986012E0));
#1313=LINE('',#1312,#1311);
#1314=DIRECTION('',(1.E0,0.E0,0.E0));
#1315=VECTOR('',#1314,2.7914E0);
#1316=CARTESIAN_POINT('',(2.2712E0,3.15E0,3.264865986012E0));
#1317=LINE('',#1316,#1315);
#1318=DIRECTION('',(0.E0,1.E0,0.E0));
#1319=VECTOR('',#1318,1.5E-1);
#1320=CARTESIAN_POINT('',(5.0626E0,3.E0,3.264865986012E0));
#1321=LINE('',#1320,#1319);
#1322=DIRECTION('',(1.E0,0.E0,0.E0));
#1323=VECTOR('',#1322,2.7914E0);
#1324=CARTESIAN_POINT('',(-5.0626E0,3.15E0,3.264865986012E0));
#1325=LINE('',#1324,#1323);
#1326=DIRECTION('',(0.E0,1.E0,0.E0));
#1327=VECTOR('',#1326,1.5E-1);
#1328=CARTESIAN_POINT('',(-2.2712E0,3.E0,3.264865986012E0));
#1329=LINE('',#1328,#1327);
#1330=DIRECTION('',(0.E0,-1.E0,0.E0));
#1331=VECTOR('',#1330,3.5E-1);
#1332=CARTESIAN_POINT('',(-5.0626E0,-3.E0,2.232465986012E0));
#1333=LINE('',#1332,#1331);
#1334=DIRECTION('',(0.E0,3.162277660168E-1,9.486832980505E-1));
#1335=VECTOR('',#1334,6.324555320337E-1);
#1336=CARTESIAN_POINT('',(-5.0626E0,-3.35E0,2.664865986012E0));
#1337=LINE('',#1336,#1335);
#1338=DIRECTION('',(0.E0,-1.E0,0.E0));
#1339=VECTOR('',#1338,1.5E-1);
#1340=CARTESIAN_POINT('',(-5.0626E0,-3.E0,3.264865986012E0));
#1341=LINE('',#1340,#1339);
#1342=DIRECTION('',(-1.E0,0.E0,0.E0));
#1343=VECTOR('',#1342,2.7914E0);
#1344=CARTESIAN_POINT('',(-2.2712E0,-3.15E0,3.264865986012E0));
#1345=LINE('',#1344,#1343);
#1346=DIRECTION('',(0.E0,-1.E0,0.E0));
#1347=VECTOR('',#1346,1.5E-1);
#1348=CARTESIAN_POINT('',(-2.2712E0,-3.E0,3.264865986012E0));
#1349=LINE('',#1348,#1347);
#1350=DIRECTION('',(0.E0,-3.162277660168E-1,-9.486832980505E-1));
#1351=VECTOR('',#1350,6.324555320337E-1);
#1352=CARTESIAN_POINT('',(-2.2712E0,-3.15E0,3.264865986012E0));
#1353=LINE('',#1352,#1351);
#1354=DIRECTION('',(0.E0,-1.E0,0.E0));
#1355=VECTOR('',#1354,3.5E-1);
#1356=CARTESIAN_POINT('',(-2.2712E0,-3.E0,2.232465986012E0));
#1357=LINE('',#1356,#1355);
#1358=CARTESIAN_POINT('',(0.E0,-3.35E0,3.457515986012E0));
#1359=DIRECTION('',(0.E0,-1.E0,0.E0));
#1360=DIRECTION('',(1.E0,0.E0,0.E0));
#1361=AXIS2_PLACEMENT_3D('',#1358,#1359,#1360);
#1363=DIRECTION('',(0.E0,0.E0,1.E0));
#1364=VECTOR('',#1363,1.0324E0);
#1365=CARTESIAN_POINT('',(6.471E-1,-3.35E0,2.425115986012E0));
#1366=LINE('',#1365,#1364);
#1367=DIRECTION('',(1.E0,0.E0,0.E0));
#1368=VECTOR('',#1367,1.2942E0);
#1369=CARTESIAN_POINT('',(-6.471E-1,-3.35E0,2.425115986012E0));
#1370=LINE('',#1369,#1368);
#1371=DIRECTION('',(0.E0,0.E0,-1.E0));
#1372=VECTOR('',#1371,1.0324E0);
#1373=CARTESIAN_POINT('',(-6.471E-1,-3.35E0,3.457515986012E0));
#1374=LINE('',#1373,#1372);
#1375=DIRECTION('',(-1.E0,0.E0,0.E0));
#1376=VECTOR('',#1375,2.7914E0);
#1377=CARTESIAN_POINT('',(-2.2712E0,-3.35E0,2.664865986012E0));
#1378=LINE('',#1377,#1376);
#1379=DIRECTION('',(0.E0,0.E0,1.E0));
#1380=VECTOR('',#1379,4.324E-1);
#1381=CARTESIAN_POINT('',(-2.2712E0,-3.35E0,2.232465986012E0));
#1382=LINE('',#1381,#1380);
#1383=DIRECTION('',(1.E0,0.E0,0.E0));
#1384=VECTOR('',#1383,2.7914E0);
#1385=CARTESIAN_POINT('',(-5.0626E0,-3.35E0,2.232465986012E0));
#1386=LINE('',#1385,#1384);
#1387=DIRECTION('',(0.E0,0.E0,-1.E0));
#1388=VECTOR('',#1387,4.324E-1);
#1389=CARTESIAN_POINT('',(-5.0626E0,-3.35E0,2.664865986012E0));
#1390=LINE('',#1389,#1388);
#1391=DIRECTION('',(-1.E0,0.E0,0.E0));
#1392=VECTOR('',#1391,2.7914E0);
#1393=CARTESIAN_POINT('',(5.0626E0,-3.35E0,2.664865986012E0));
#1394=LINE('',#1393,#1392);
#1395=DIRECTION('',(0.E0,0.E0,1.E0));
#1396=VECTOR('',#1395,4.324E-1);
#1397=CARTESIAN_POINT('',(5.0626E0,-3.35E0,2.232465986012E0));
#1398=LINE('',#1397,#1396);
#1399=DIRECTION('',(1.E0,0.E0,0.E0));
#1400=VECTOR('',#1399,2.7914E0);
#1401=CARTESIAN_POINT('',(2.2712E0,-3.35E0,2.232465986012E0));
#1402=LINE('',#1401,#1400);
#1403=DIRECTION('',(0.E0,0.E0,-1.E0));
#1404=VECTOR('',#1403,4.324E-1);
#1405=CARTESIAN_POINT('',(2.2712E0,-3.35E0,2.664865986012E0));
#1406=LINE('',#1405,#1404);
#1407=DIRECTION('',(0.E0,-1.E0,0.E0));
#1408=VECTOR('',#1407,3.5E-1);
#1409=CARTESIAN_POINT('',(6.471E-1,-3.E0,3.457515986012E0));
#1410=LINE('',#1409,#1408);
#1411=DIRECTION('',(0.E0,-1.E0,0.E0));
#1412=VECTOR('',#1411,3.5E-1);
#1413=CARTESIAN_POINT('',(6.471E-1,-3.E0,2.425115986012E0));
#1414=LINE('',#1413,#1412);
#1415=DIRECTION('',(0.E0,-1.E0,0.E0));
#1416=VECTOR('',#1415,3.5E-1);
#1417=CARTESIAN_POINT('',(-6.471E-1,-3.E0,2.425115986012E0));
#1418=LINE('',#1417,#1416);
#1419=DIRECTION('',(0.E0,-1.E0,0.E0));
#1420=VECTOR('',#1419,3.5E-1);
#1421=CARTESIAN_POINT('',(-6.471E-1,-3.E0,3.457515986012E0));
#1422=LINE('',#1421,#1420);
#1423=DIRECTION('',(0.E0,3.162277660168E-1,9.486832980505E-1));
#1424=VECTOR('',#1423,6.324555320337E-1);
#1425=CARTESIAN_POINT('',(2.2712E0,-3.35E0,2.664865986012E0));
#1426=LINE('',#1425,#1424);
#1427=DIRECTION('',(0.E0,-1.E0,0.E0));
#1428=VECTOR('',#1427,1.5E-1);
#1429=CARTESIAN_POINT('',(2.2712E0,-3.E0,3.264865986012E0));
#1430=LINE('',#1429,#1428);
#1431=DIRECTION('',(0.E0,-1.E0,0.E0));
#1432=VECTOR('',#1431,3.5E-1);
#1433=CARTESIAN_POINT('',(2.2712E0,-3.E0,2.232465986012E0));
#1434=LINE('',#1433,#1432);
#1435=DIRECTION('',(0.E0,-3.162277660168E-1,-9.486832980505E-1));
#1436=VECTOR('',#1435,6.324555320337E-1);
#1437=CARTESIAN_POINT('',(5.0626E0,-3.15E0,3.264865986012E0));
#1438=LINE('',#1437,#1436);
#1439=DIRECTION('',(0.E0,-1.E0,0.E0));
#1440=VECTOR('',#1439,3.5E-1);
#1441=CARTESIAN_POINT('',(5.0626E0,-3.E0,2.232465986012E0));
#1442=LINE('',#1441,#1440);
#1443=DIRECTION('',(-1.E0,0.E0,0.E0));
#1444=VECTOR('',#1443,2.7914E0);
#1445=CARTESIAN_POINT('',(5.0626E0,-3.15E0,3.264865986012E0));
#1446=LINE('',#1445,#1444);
#1447=DIRECTION('',(0.E0,-1.E0,0.E0));
#1448=VECTOR('',#1447,1.5E-1);
#1449=CARTESIAN_POINT('',(5.0626E0,-3.E0,3.264865986012E0));
#1450=LINE('',#1449,#1448);
#1451=DIRECTION('',(0.E0,-1.E0,0.E0));
#1452=VECTOR('',#1451,2.E0);
#1453=CARTESIAN_POINT('',(-5.05E0,1.E0,0.E0));
#1454=LINE('',#1453,#1452);
#1455=DIRECTION('',(0.E0,0.E0,1.E0));
#1456=VECTOR('',#1455,1.E0);
#1457=CARTESIAN_POINT('',(-5.05E0,-1.E0,-1.E0));
#1458=LINE('',#1457,#1456);
#1459=DIRECTION('',(0.E0,-5.734623443633E-1,8.192319205190E-1));
#1460=VECTOR('',#1459,6.103277807867E-1);
#1461=CARTESIAN_POINT('',(-5.05E0,-6.5E-1,-1.5E0));
#1462=LINE('',#1461,#1460);
#1463=DIRECTION('',(0.E0,0.E0,-1.E0));
#1464=VECTOR('',#1463,4.65E0);
#1465=CARTESIAN_POINT('',(-5.05E0,-6.5E-1,-1.5E0));
#1466=LINE('',#1465,#1464);
#1467=CARTESIAN_POINT('',(-5.05E0,0.E0,-6.15E0));
#1468=DIRECTION('',(-1.E0,0.E0,0.E0));
#1469=DIRECTION('',(0.E0,1.E0,0.E0));
#1470=AXIS2_PLACEMENT_3D('',#1467,#1468,#1469);
#1472=DIRECTION('',(0.E0,-5.734623443633E-1,-8.192319205190E-1));
#1473=VECTOR('',#1472,6.103277807867E-1);
#1474=CARTESIAN_POINT('',(-5.05E0,1.E0,-1.E0));
#1475=LINE('',#1474,#1473);
#1476=DIRECTION('',(0.E0,0.E0,-1.E0));
#1477=VECTOR('',#1476,1.E0);
#1478=CARTESIAN_POINT('',(-5.05E0,1.E0,0.E0));
#1479=LINE('',#1478,#1477);
#1480=DIRECTION('',(1.E0,0.E0,0.E0));
#1481=VECTOR('',#1480,7.E-1);
#1482=CARTESIAN_POINT('',(-5.05E0,-1.E0,-1.E0));
#1483=LINE('',#1482,#1481);
#1484=DIRECTION('',(0.E0,-5.734623443633E-1,8.192319205190E-1));
#1485=VECTOR('',#1484,6.103277807867E-1);
#1486=CARTESIAN_POINT('',(-4.35E0,-6.5E-1,-1.5E0));
#1487=LINE('',#1486,#1485);
#1488=DIRECTION('',(0.E0,0.E0,1.E0));
#1489=VECTOR('',#1488,1.E0);
#1490=CARTESIAN_POINT('',(-4.35E0,-1.E0,-1.E0));
#1491=LINE('',#1490,#1489);
#1492=DIRECTION('',(0.E0,1.E0,0.E0));
#1493=VECTOR('',#1492,2.E0);
#1494=CARTESIAN_POINT('',(-4.35E0,-1.E0,0.E0));
#1495=LINE('',#1494,#1493);
#1496=DIRECTION('',(0.E0,0.E0,-1.E0));
#1497=VECTOR('',#1496,1.E0);
#1498=CARTESIAN_POINT('',(-4.35E0,1.E0,0.E0));
#1499=LINE('',#1498,#1497);
#1500=DIRECTION('',(0.E0,-5.734623443633E-1,-8.192319205190E-1));
#1501=VECTOR('',#1500,6.103277807867E-1);
#1502=CARTESIAN_POINT('',(-4.35E0,1.E0,-1.E0));
#1503=LINE('',#1502,#1501);
#1504=DIRECTION('',(0.E0,0.E0,-1.E0));
#1505=VECTOR('',#1504,4.65E0);
#1506=CARTESIAN_POINT('',(-4.35E0,6.5E-1,-1.5E0));
#1507=LINE('',#1506,#1505);
#1508=CARTESIAN_POINT('',(-4.35E0,0.E0,-6.15E0));
#1509=DIRECTION('',(1.E0,0.E0,0.E0));
#1510=DIRECTION('',(0.E0,-1.E0,0.E0));
#1511=AXIS2_PLACEMENT_3D('',#1508,#1509,#1510);
#1513=DIRECTION('',(-1.E0,0.E0,0.E0));
#1514=VECTOR('',#1513,7.E-1);
#1515=CARTESIAN_POINT('',(-4.35E0,-6.5E-1,-1.5E0));
#1516=LINE('',#1515,#1514);
#1517=DIRECTION('',(0.E0,0.E0,-1.E0));
#1518=VECTOR('',#1517,4.65E0);
#1519=CARTESIAN_POINT('',(-4.35E0,-6.5E-1,-1.5E0));
#1520=LINE('',#1519,#1518);
#1521=DIRECTION('',(-1.E0,0.E0,0.E0));
#1522=VECTOR('',#1521,7.E-1);
#1523=CARTESIAN_POINT('',(-4.35E0,-6.5E-1,-6.15E0));
#1524=LINE('',#1523,#1522);
#1525=DIRECTION('',(1.E0,0.E0,0.E0));
#1526=VECTOR('',#1525,7.E-1);
#1527=CARTESIAN_POINT('',(-5.05E0,6.5E-1,-1.5E0));
#1528=LINE('',#1527,#1526);
#1529=DIRECTION('',(0.E0,0.E0,-1.E0));
#1530=VECTOR('',#1529,4.65E0);
#1531=CARTESIAN_POINT('',(-5.05E0,6.5E-1,-1.5E0));
#1532=LINE('',#1531,#1530);
#1533=DIRECTION('',(-1.E0,0.E0,0.E0));
#1534=VECTOR('',#1533,7.E-1);
#1535=CARTESIAN_POINT('',(-4.35E0,6.5E-1,-6.15E0));
#1536=LINE('',#1535,#1534);
#1537=DIRECTION('',(1.E0,0.E0,0.E0));
#1538=VECTOR('',#1537,7.E-1);
#1539=CARTESIAN_POINT('',(-5.05E0,1.E0,-1.E0));
#1540=LINE('',#1539,#1538);
#1541=DIRECTION('',(0.E0,-1.E0,0.E0));
#1542=VECTOR('',#1541,2.E0);
#1543=CARTESIAN_POINT('',(-3.5E-1,1.E0,0.E0));
#1544=LINE('',#1543,#1542);
#1545=DIRECTION('',(0.E0,0.E0,1.E0));
#1546=VECTOR('',#1545,1.E0);
#1547=CARTESIAN_POINT('',(-3.5E-1,-1.E0,-1.E0));
#1548=LINE('',#1547,#1546);
#1549=DIRECTION('',(0.E0,-5.734623443633E-1,8.192319205190E-1));
#1550=VECTOR('',#1549,6.103277807867E-1);
#1551=CARTESIAN_POINT('',(-3.5E-1,-6.5E-1,-1.5E0));
#1552=LINE('',#1551,#1550);
#1553=DIRECTION('',(0.E0,0.E0,-1.E0));
#1554=VECTOR('',#1553,4.65E0);
#1555=CARTESIAN_POINT('',(-3.5E-1,-6.5E-1,-1.5E0));
#1556=LINE('',#1555,#1554);
#1557=CARTESIAN_POINT('',(-3.5E-1,0.E0,-6.15E0));
#1558=DIRECTION('',(-1.E0,0.E0,0.E0));
#1559=DIRECTION('',(0.E0,1.E0,0.E0));
#1560=AXIS2_PLACEMENT_3D('',#1557,#1558,#1559);
#1562=DIRECTION('',(0.E0,-5.734623443633E-1,-8.192319205190E-1));
#1563=VECTOR('',#1562,6.103277807867E-1);
#1564=CARTESIAN_POINT('',(-3.5E-1,1.E0,-1.E0));
#1565=LINE('',#1564,#1563);
#1566=DIRECTION('',(0.E0,0.E0,-1.E0));
#1567=VECTOR('',#1566,1.E0);
#1568=CARTESIAN_POINT('',(-3.5E-1,1.E0,0.E0));
#1569=LINE('',#1568,#1567);
#1570=DIRECTION('',(1.E0,0.E0,0.E0));
#1571=VECTOR('',#1570,7.E-1);
#1572=CARTESIAN_POINT('',(-3.5E-1,-1.E0,-1.E0));
#1573=LINE('',#1572,#1571);
#1574=DIRECTION('',(0.E0,-5.734623443633E-1,8.192319205190E-1));
#1575=VECTOR('',#1574,6.103277807867E-1);
#1576=CARTESIAN_POINT('',(3.5E-1,-6.5E-1,-1.5E0));
#1577=LINE('',#1576,#1575);
#1578=DIRECTION('',(0.E0,0.E0,1.E0));
#1579=VECTOR('',#1578,1.E0);
#1580=CARTESIAN_POINT('',(3.5E-1,-1.E0,-1.E0));
#1581=LINE('',#1580,#1579);
#1582=DIRECTION('',(0.E0,1.E0,0.E0));
#1583=VECTOR('',#1582,2.E0);
#1584=CARTESIAN_POINT('',(3.5E-1,-1.E0,0.E0));
#1585=LINE('',#1584,#1583);
#1586=DIRECTION('',(0.E0,0.E0,-1.E0));
#1587=VECTOR('',#1586,1.E0);
#1588=CARTESIAN_POINT('',(3.5E-1,1.E0,0.E0));
#1589=LINE('',#1588,#1587);
#1590=DIRECTION('',(0.E0,-5.734623443633E-1,-8.192319205190E-1));
#1591=VECTOR('',#1590,6.103277807867E-1);
#1592=CARTESIAN_POINT('',(3.5E-1,1.E0,-1.E0));
#1593=LINE('',#1592,#1591);
#1594=DIRECTION('',(0.E0,0.E0,-1.E0));
#1595=VECTOR('',#1594,4.65E0);
#1596=CARTESIAN_POINT('',(3.5E-1,6.5E-1,-1.5E0));
#1597=LINE('',#1596,#1595);
#1598=CARTESIAN_POINT('',(3.5E-1,0.E0,-6.15E0));
#1599=DIRECTION('',(1.E0,0.E0,0.E0));
#1600=DIRECTION('',(0.E0,-1.E0,0.E0));
#1601=AXIS2_PLACEMENT_3D('',#1598,#1599,#1600);
#1603=DIRECTION('',(-1.E0,0.E0,0.E0));
#1604=VECTOR('',#1603,7.E-1);
#1605=CARTESIAN_POINT('',(3.5E-1,-6.5E-1,-1.5E0));
#1606=LINE('',#1605,#1604);
#1607=DIRECTION('',(0.E0,0.E0,-1.E0));
#1608=VECTOR('',#1607,4.65E0);
#1609=CARTESIAN_POINT('',(3.5E-1,-6.5E-1,-1.5E0));
#1610=LINE('',#1609,#1608);
#1611=DIRECTION('',(-1.E0,0.E0,0.E0));
#1612=VECTOR('',#1611,7.E-1);
#1613=CARTESIAN_POINT('',(3.5E-1,-6.5E-1,-6.15E0));
#1614=LINE('',#1613,#1612);
#1615=DIRECTION('',(1.E0,0.E0,0.E0));
#1616=VECTOR('',#1615,7.E-1);
#1617=CARTESIAN_POINT('',(-3.5E-1,6.5E-1,-1.5E0));
#1618=LINE('',#1617,#1616);
#1619=DIRECTION('',(0.E0,0.E0,-1.E0));
#1620=VECTOR('',#1619,4.65E0);
#1621=CARTESIAN_POINT('',(-3.5E-1,6.5E-1,-1.5E0));
#1622=LINE('',#1621,#1620);
#1623=DIRECTION('',(-1.E0,0.E0,0.E0));
#1624=VECTOR('',#1623,7.E-1);
#1625=CARTESIAN_POINT('',(3.5E-1,6.5E-1,-6.15E0));
#1626=LINE('',#1625,#1624);
#1627=DIRECTION('',(1.E0,0.E0,0.E0));
#1628=VECTOR('',#1627,7.E-1);
#1629=CARTESIAN_POINT('',(-3.5E-1,1.E0,-1.E0));
#1630=LINE('',#1629,#1628);
#1631=DIRECTION('',(0.E0,-1.E0,0.E0));
#1632=VECTOR('',#1631,2.E0);
#1633=CARTESIAN_POINT('',(4.35E0,1.E0,0.E0));
#1634=LINE('',#1633,#1632);
#1635=DIRECTION('',(0.E0,0.E0,1.E0));
#1636=VECTOR('',#1635,1.E0);
#1637=CARTESIAN_POINT('',(4.35E0,-1.E0,-1.E0));
#1638=LINE('',#1637,#1636);
#1639=DIRECTION('',(0.E0,-5.734623443633E-1,8.192319205190E-1));
#1640=VECTOR('',#1639,6.103277807867E-1);
#1641=CARTESIAN_POINT('',(4.35E0,-6.5E-1,-1.5E0));
#1642=LINE('',#1641,#1640);
#1643=DIRECTION('',(0.E0,0.E0,-1.E0));
#1644=VECTOR('',#1643,4.65E0);
#1645=CARTESIAN_POINT('',(4.35E0,-6.5E-1,-1.5E0));
#1646=LINE('',#1645,#1644);
#1647=CARTESIAN_POINT('',(4.35E0,0.E0,-6.15E0));
#1648=DIRECTION('',(-1.E0,0.E0,0.E0));
#1649=DIRECTION('',(0.E0,1.E0,0.E0));
#1650=AXIS2_PLACEMENT_3D('',#1647,#1648,#1649);
#1652=DIRECTION('',(0.E0,-5.734623443633E-1,-8.192319205190E-1));
#1653=VECTOR('',#1652,6.103277807867E-1);
#1654=CARTESIAN_POINT('',(4.35E0,1.E0,-1.E0));
#1655=LINE('',#1654,#1653);
#1656=DIRECTION('',(0.E0,0.E0,-1.E0));
#1657=VECTOR('',#1656,1.E0);
#1658=CARTESIAN_POINT('',(4.35E0,1.E0,0.E0));
#1659=LINE('',#1658,#1657);
#1660=DIRECTION('',(1.E0,0.E0,0.E0));
#1661=VECTOR('',#1660,7.E-1);
#1662=CARTESIAN_POINT('',(4.35E0,-1.E0,-1.E0));
#1663=LINE('',#1662,#1661);
#1664=DIRECTION('',(0.E0,-5.734623443633E-1,8.192319205190E-1));
#1665=VECTOR('',#1664,6.103277807867E-1);
#1666=CARTESIAN_POINT('',(5.05E0,-6.5E-1,-1.5E0));
#1667=LINE('',#1666,#1665);
#1668=DIRECTION('',(0.E0,0.E0,1.E0));
#1669=VECTOR('',#1668,1.E0);
#1670=CARTESIAN_POINT('',(5.05E0,-1.E0,-1.E0));
#1671=LINE('',#1670,#1669);
#1672=DIRECTION('',(0.E0,1.E0,0.E0));
#1673=VECTOR('',#1672,2.E0);
#1674=CARTESIAN_POINT('',(5.05E0,-1.E0,0.E0));
#1675=LINE('',#1674,#1673);
#1676=DIRECTION('',(0.E0,0.E0,-1.E0));
#1677=VECTOR('',#1676,1.E0);
#1678=CARTESIAN_POINT('',(5.05E0,1.E0,0.E0));
#1679=LINE('',#1678,#1677);
#1680=DIRECTION('',(0.E0,-5.734623443633E-1,-8.192319205190E-1));
#1681=VECTOR('',#1680,6.103277807867E-1);
#1682=CARTESIAN_POINT('',(5.05E0,1.E0,-1.E0));
#1683=LINE('',#1682,#1681);
#1684=DIRECTION('',(0.E0,0.E0,-1.E0));
#1685=VECTOR('',#1684,4.65E0);
#1686=CARTESIAN_POINT('',(5.05E0,6.5E-1,-1.5E0));
#1687=LINE('',#1686,#1685);
#1688=CARTESIAN_POINT('',(5.05E0,0.E0,-6.15E0));
#1689=DIRECTION('',(1.E0,0.E0,0.E0));
#1690=DIRECTION('',(0.E0,-1.E0,0.E0));
#1691=AXIS2_PLACEMENT_3D('',#1688,#1689,#1690);
#1693=DIRECTION('',(-1.E0,0.E0,0.E0));
#1694=VECTOR('',#1693,7.E-1);
#1695=CARTESIAN_POINT('',(5.05E0,-6.5E-1,-1.5E0));
#1696=LINE('',#1695,#1694);
#1697=DIRECTION('',(0.E0,0.E0,-1.E0));
#1698=VECTOR('',#1697,4.65E0);
#1699=CARTESIAN_POINT('',(5.05E0,-6.5E-1,-1.5E0));
#1700=LINE('',#1699,#1698);
#1701=DIRECTION('',(-1.E0,0.E0,0.E0));
#1702=VECTOR('',#1701,7.E-1);
#1703=CARTESIAN_POINT('',(5.05E0,-6.5E-1,-6.15E0));
#1704=LINE('',#1703,#1702);
#1705=DIRECTION('',(1.E0,0.E0,0.E0));
#1706=VECTOR('',#1705,7.E-1);
#1707=CARTESIAN_POINT('',(4.35E0,6.5E-1,-1.5E0));
#1708=LINE('',#1707,#1706);
#1709=DIRECTION('',(0.E0,0.E0,-1.E0));
#1710=VECTOR('',#1709,4.65E0);
#1711=CARTESIAN_POINT('',(4.35E0,6.5E-1,-1.5E0));
#1712=LINE('',#1711,#1710);
#1713=DIRECTION('',(-1.E0,0.E0,0.E0));
#1714=VECTOR('',#1713,7.E-1);
#1715=CARTESIAN_POINT('',(5.05E0,6.5E-1,-6.15E0));
#1716=LINE('',#1715,#1714);
#1717=DIRECTION('',(1.E0,0.E0,0.E0));
#1718=VECTOR('',#1717,7.E-1);
#1719=CARTESIAN_POINT('',(4.35E0,1.E0,-1.E0));
#1720=LINE('',#1719,#1718);
#1721=DIRECTION('',(0.E0,0.E0,-1.E0));
#1722=VECTOR('',#1721,2.E-2);
#1723=CARTESIAN_POINT('',(1.595218851290E0,2.627315811952E0,0.E0));
#1724=LINE('',#1723,#1722);
#1725=DIRECTION('',(0.E0,0.E0,-1.E0));
#1726=VECTOR('',#1725,2.E-2);
#1727=CARTESIAN_POINT('',(1.501518851290E0,2.627315811952E0,0.E0));
#1728=LINE('',#1727,#1726);
#1729=DIRECTION('',(0.E0,0.E0,-1.E0));
#1730=VECTOR('',#1729,2.E-2);
#1731=CARTESIAN_POINT('',(1.501518851290E0,1.973409428735E0,0.E0));
#1732=LINE('',#1731,#1730);
#1733=DIRECTION('',(0.E0,0.E0,-1.E0));
#1734=VECTOR('',#1733,2.E-2);
#1735=CARTESIAN_POINT('',(1.033018851290E0,1.973409428735E0,0.E0));
#1736=LINE('',#1735,#1734);
#1737=DIRECTION('',(0.E0,0.E0,-1.E0));
#1738=VECTOR('',#1737,2.E-2);
#1739=CARTESIAN_POINT('',(1.033018851290E0,1.877715811952E0,0.E0));
#1740=LINE('',#1739,#1738);
#1741=DIRECTION('',(0.E0,0.E0,-1.E0));
#1742=VECTOR('',#1741,2.E-2);
#1743=CARTESIAN_POINT('',(1.595218851290E0,1.877715811952E0,0.E0));
#1744=LINE('',#1743,#1742);
#1745=DIRECTION('',(0.E0,-1.E0,0.E0));
#1746=VECTOR('',#1745,7.496E-1);
#1747=CARTESIAN_POINT('',(1.595218851290E0,2.627315811952E0,-2.E-2));
#1748=LINE('',#1747,#1746);
#1749=DIRECTION('',(1.E0,0.E0,0.E0));
#1750=VECTOR('',#1749,9.37E-2);
#1751=CARTESIAN_POINT('',(1.501518851290E0,2.627315811952E0,-2.E-2));
#1752=LINE('',#1751,#1750);
#1753=DIRECTION('',(0.E0,1.E0,0.E0));
#1754=VECTOR('',#1753,6.539063832164E-1);
#1755=CARTESIAN_POINT('',(1.501518851290E0,1.973409428735E0,-2.E-2));
#1756=LINE('',#1755,#1754);
#1757=DIRECTION('',(1.E0,0.E0,0.E0));
#1758=VECTOR('',#1757,4.685E-1);
#1759=CARTESIAN_POINT('',(1.033018851290E0,1.973409428735E0,-2.E-2));
#1760=LINE('',#1759,#1758);
#1761=DIRECTION('',(0.E0,1.E0,0.E0));
#1762=VECTOR('',#1761,9.569361678362E-2);
#1763=CARTESIAN_POINT('',(1.033018851290E0,1.877715811952E0,-2.E-2));
#1764=LINE('',#1763,#1762);
#1765=DIRECTION('',(-1.E0,0.E0,0.E0));
#1766=VECTOR('',#1765,5.622E-1);
#1767=CARTESIAN_POINT('',(1.595218851290E0,1.877715811952E0,-2.E-2));
#1768=LINE('',#1767,#1766);
#1769=DIRECTION('',(1.E0,0.E0,0.E0));
#1770=VECTOR('',#1769,9.37E-2);
#1771=CARTESIAN_POINT('',(2.990355477429E-1,2.069103045519E0,-2.E-2));
#1772=LINE('',#1771,#1770);
#1773=DIRECTION('',(-1.921821214477E-1,9.813592778365E-1,0.E0));
#1774=VECTOR('',#1773,8.125941672500E-2);
#1775=CARTESIAN_POINT('',(3.146521548367E-1,1.989358363004E0,-2.E-2));
#1776=LINE('',#1775,#1774);
#1777=DIRECTION('',(-6.996249742329E-1,7.145102486526E-1,0.E0));
#1778=VECTOR('',#1777,8.928597284793E-2);
#1779=CARTESIAN_POINT('',(3.771188512898E-1,1.925562620343E0,-2.E-2));
#1780=LINE('',#1779,#1778);
#1781=DIRECTION('',(-8.906053505096E-1,4.547769889117E-1,0.E0));
#1782=VECTOR('',#1781,7.013959260109E-2);
#1783=CARTESIAN_POINT('',(4.395855477429E-1,1.893664747617E0,-2.E-2));
#1784=LINE('',#1783,#1782);
#1785=DIRECTION('',(-9.797706908745E-1,2.001234451615E-1,0.E0));
#1786=VECTOR('',#1785,7.969548821389E-2);
#1787=CARTESIAN_POINT('',(5.176688512898E-1,1.877715811952E0,-2.E-2));
#1788=LINE('',#1787,#1786);
#1789=DIRECTION('',(-1.E0,0.E0,0.E0));
#1790=VECTOR('',#1789,1.4055E-1);
#1791=CARTESIAN_POINT('',(6.582188512898E-1,1.877715811952E0,-2.E-2));
#1792=LINE('',#1791,#1790);
#1793=DIRECTION('',(-9.797706908745E-1,-2.001234451615E-1,0.E0));
#1794=VECTOR('',#1793,7.969548821389E-2);
#1795=CARTESIAN_POINT('',(7.363021548367E-1,1.893664747617E0,-2.E-2));
#1796=LINE('',#1795,#1794);
#1797=DIRECTION('',(-8.906053505096E-1,-4.547769889117E-1,0.E0));
#1798=VECTOR('',#1797,7.013959260109E-2);
#1799=CARTESIAN_POINT('',(7.987688512898E-1,1.925562620343E0,-2.E-2));
#1800=LINE('',#1799,#1798);
#1801=DIRECTION('',(-6.996247187608E-1,-7.145104988024E-1,0.E0));
#1802=VECTOR('',#1801,8.928594158894E-2);
#1803=CARTESIAN_POINT('',(8.612355030632E-1,1.989358363004E0,-2.E-2));
#1804=LINE('',#1803,#1802);
#1805=DIRECTION('',(-4.397136028534E-1,-8.981380447713E-1,0.E0));
#1806=VECTOR('',#1805,7.103111667200E-2);
#1807=CARTESIAN_POINT('',(8.924688512898E-1,2.053154111250E0,-2.E-2));
#1808=LINE('',#1807,#1806);
#1809=DIRECTION('',(-1.921826769043E-1,-9.813591690599E-1,0.E0));
#1810=VECTOR('',#1809,8.125941434995E-2);
#1811=CARTESIAN_POINT('',(9.080855030632E-1,2.132898782595E0,-2.E-2));
#1812=LINE('',#1811,#1810);
#1813=DIRECTION('',(0.E0,-1.E0,0.E0));
#1814=VECTOR('',#1813,2.392340363741E-1);
#1815=CARTESIAN_POINT('',(9.080855030632E-1,2.372132818969E0,-2.E-2));
#1816=LINE('',#1815,#1814);
#1817=DIRECTION('',(1.921825732045E-1,-9.813591893677E-1,0.E0));
#1818=VECTOR('',#1817,8.125945819673E-2);
#1819=CARTESIAN_POINT('',(8.924688512898E-1,2.451877534993E0,-2.E-2));
#1820=LINE('',#1819,#1818);
#1821=DIRECTION('',(4.397136649566E-1,-8.981380143666E-1,0.E0));
#1822=VECTOR('',#1821,7.103110663988E-2);
#1823=CARTESIAN_POINT('',(8.612355030632E-1,2.515673272069E0,-2.E-2));
#1824=LINE('',#1823,#1822);
#1825=DIRECTION('',(6.996247500295E-1,-7.145104681852E-1,0.E0));
#1826=VECTOR('',#1825,8.928593759843E-2);
#1827=CARTESIAN_POINT('',(7.987688512898E-1,2.579469009145E0,-2.E-2));
#1828=LINE('',#1827,#1826);
#1829=DIRECTION('',(8.906053746977E-1,-4.547769415434E-1,0.E0));
#1830=VECTOR('',#1829,7.013959069616E-2);
#1831=CARTESIAN_POINT('',(7.363021548367E-1,2.611366877683E0,-2.E-2));
#1832=LINE('',#1831,#1830);
#1833=DIRECTION('',(9.797706943097E-1,-2.001234283435E-1,0.E0));
#1834=VECTOR('',#1833,7.969548793447E-2);
#1835=CARTESIAN_POINT('',(6.582188512898E-1,2.627315811952E0,-2.E-2));
#1836=LINE('',#1835,#1834);
#1837=DIRECTION('',(1.E0,0.E0,0.E0));
#1838=VECTOR('',#1837,1.4055E-1);
#1839=CARTESIAN_POINT('',(5.176688512898E-1,2.627315811952E0,-2.E-2));
#1840=LINE('',#1839,#1838);
#1841=DIRECTION('',(9.797706943097E-1,2.001234283435E-1,0.E0));
#1842=VECTOR('',#1841,7.969548793447E-2);
#1843=CARTESIAN_POINT('',(4.395855477429E-1,2.611366877683E0,-2.E-2));
#1844=LINE('',#1843,#1842);
#1845=DIRECTION('',(8.906053746977E-1,4.547769415434E-1,0.E0));
#1846=VECTOR('',#1845,7.013959069616E-2);
#1847=CARTESIAN_POINT('',(3.771188512898E-1,2.579469009145E0,-2.E-2));
#1848=LINE('',#1847,#1846);
#1849=DIRECTION('',(6.996250055017E-1,7.145102180353E-1,0.E0));
#1850=VECTOR('',#1849,8.928596885742E-2);
#1851=CARTESIAN_POINT('',(3.146521548367E-1,2.515673272069E0,-2.E-2));
#1852=LINE('',#1851,#1850);
#1853=DIRECTION('',(1.921820436730E-1,9.813592930674E-1,0.E0));
#1854=VECTOR('',#1853,8.125944961009E-2);
#1855=CARTESIAN_POINT('',(2.990355477429E-1,2.435928556045E0,-2.E-2));
#1856=LINE('',#1855,#1854);
#1857=DIRECTION('',(-1.E0,0.E0,0.E0));
#1858=VECTOR('',#1857,9.37E-2);
#1859=CARTESIAN_POINT('',(3.927355477429E-1,2.435928556045E0,-2.E-2));
#1860=LINE('',#1859,#1858);
#1861=DIRECTION('',(-3.102787334496E-1,-9.506456267027E-1,0.E0));
#1862=VECTOR('',#1861,5.033089738439E-2);
#1863=CARTESIAN_POINT('',(4.083521548367E-1,2.483775403531E0,-2.E-2));
#1864=LINE('',#1863,#1862);
#1865=DIRECTION('',(-8.265992787996E-1,-5.627909312417E-1,0.E0));
#1866=VECTOR('',#1865,5.667800735083E-2);
#1867=CARTESIAN_POINT('',(4.552021548367E-1,2.515673272069E0,-2.E-2));
#1868=LINE('',#1867,#1866);
#1869=DIRECTION('',(-9.689177459678E-1,-2.473831068378E-1,0.E0));
#1870=VECTOR('',#1869,6.447058763559E-2);
#1871=CARTESIAN_POINT('',(5.176688512898E-1,2.531622206338E0,-2.E-2));
#1872=LINE('',#1871,#1870);
#1873=DIRECTION('',(-1.E0,0.E0,0.E0));
#1874=VECTOR('',#1873,1.4055E-1);
#1875=CARTESIAN_POINT('',(6.582188512898E-1,2.531622206338E0,-2.E-2));
#1876=LINE('',#1875,#1874);
#1877=DIRECTION('',(-9.689177459678E-1,2.473831068378E-1,0.E0));
#1878=VECTOR('',#1877,6.447058763559E-2);
#1879=CARTESIAN_POINT('',(7.206855477429E-1,2.515673272069E0,-2.E-2));
#1880=LINE('',#1879,#1878);
#1881=DIRECTION('',(-8.265992787996E-1,5.627909312417E-1,0.E0));
#1882=VECTOR('',#1881,5.667800735083E-2);
#1883=CARTESIAN_POINT('',(7.675355477429E-1,2.483775403531E0,-2.E-2));
#1884=LINE('',#1883,#1882);
#1885=DIRECTION('',(-5.466218231676E-1,8.373795927994E-1,0.E0));
#1886=VECTOR('',#1885,5.713877899333E-2);
#1887=CARTESIAN_POINT('',(7.987688512898E-1,2.435928556045E0,-2.E-2));
#1888=LINE('',#1887,#1886);
#1889=DIRECTION('',(-2.377717803411E-1,9.713210491251E-1,0.E0));
#1890=VECTOR('',#1889,6.567935198488E-2);
#1891=CARTESIAN_POINT('',(8.143855477429E-1,2.372132818969E0,-2.E-2));
#1892=LINE('',#1891,#1890);
#1893=DIRECTION('',(0.E0,1.E0,0.E0));
#1894=VECTOR('',#1893,2.392340363741E-1);
#1895=CARTESIAN_POINT('',(8.143855477429E-1,2.132898782595E0,-2.E-2));
#1896=LINE('',#1895,#1894);
#1897=DIRECTION('',(2.377717803411E-1,9.713210491251E-1,0.E0));
#1898=VECTOR('',#1897,6.567935198488E-2);
#1899=CARTESIAN_POINT('',(7.987688512898E-1,2.069103045519E0,-2.E-2));
#1900=LINE('',#1899,#1898);
#1901=DIRECTION('',(5.466221810895E-1,8.373793591563E-1,0.E0));
#1902=VECTOR('',#1901,5.713874157952E-2);
#1903=CARTESIAN_POINT('',(7.675355477429E-1,2.021256242712E0,-2.E-2));
#1904=LINE('',#1903,#1902);
#1905=DIRECTION('',(8.265991871191E-1,5.627910658975E-1,0.E0));
#1906=VECTOR('',#1905,5.667801363716E-2);
#1907=CARTESIAN_POINT('',(7.206855477429E-1,1.989358363004E0,-2.E-2));
#1908=LINE('',#1907,#1906);
#1909=DIRECTION('',(9.689177459678E-1,2.473831068378E-1,0.E0));
#1910=VECTOR('',#1909,6.447058763559E-2);
#1911=CARTESIAN_POINT('',(6.582188512898E-1,1.973409428735E0,-2.E-2));
#1912=LINE('',#1911,#1910);
#1913=DIRECTION('',(1.E0,0.E0,0.E0));
#1914=VECTOR('',#1913,1.4055E-1);
#1915=CARTESIAN_POINT('',(5.176688512898E-1,1.973409428735E0,-2.E-2));
#1916=LINE('',#1915,#1914);
#1917=DIRECTION('',(9.689177459678E-1,-2.473831068378E-1,0.E0));
#1918=VECTOR('',#1917,6.447058763559E-2);
#1919=CARTESIAN_POINT('',(4.552021548367E-1,1.989358363004E0,-2.E-2));
#1920=LINE('',#1919,#1918);
#1921=DIRECTION('',(8.265991871191E-1,-5.627910658975E-1,0.E0));
#1922=VECTOR('',#1921,5.667801363716E-2);
#1923=CARTESIAN_POINT('',(4.083521548367E-1,2.021256242712E0,-2.E-2));
#1924=LINE('',#1923,#1922);
#1925=DIRECTION('',(3.102789952956E-1,-9.506455412394E-1,0.E0));
#1926=VECTOR('',#1925,5.033085490989E-2);
#1927=CARTESIAN_POINT('',(3.927355477429E-1,2.069103045519E0,-2.E-2));
#1928=LINE('',#1927,#1926);
#1929=DIRECTION('',(1.E0,0.E0,0.E0));
#1930=VECTOR('',#1929,4.685E-1);
#1931=CARTESIAN_POINT('',(-3.880977558040E-1,1.973409428735E0,-2.E-2));
#1932=LINE('',#1931,#1930);
#1933=DIRECTION('',(0.E0,1.E0,0.E0));
#1934=VECTOR('',#1933,9.569361678362E-2);
#1935=CARTESIAN_POINT('',(-3.880977558040E-1,1.877715811952E0,-2.E-2));
#1936=LINE('',#1935,#1934);
#1937=DIRECTION('',(-1.E0,0.E0,0.E0));
#1938=VECTOR('',#1937,5.621999106407E-1);
#1939=CARTESIAN_POINT('',(1.741021548367E-1,1.877715811952E0,-2.E-2));
#1940=LINE('',#1939,#1938);
#1941=DIRECTION('',(0.E0,-1.E0,0.E0));
#1942=VECTOR('',#1941,7.496E-1);
#1943=CARTESIAN_POINT('',(1.741021548367E-1,2.627315811952E0,-2.E-2));
#1944=LINE('',#1943,#1942);
#1945=DIRECTION('',(1.E0,0.E0,0.E0));
#1946=VECTOR('',#1945,5.621999106407E-1);
#1947=CARTESIAN_POINT('',(-3.880977558040E-1,2.627315811952E0,-2.E-2));
#1948=LINE('',#1947,#1946);
#1949=DIRECTION('',(0.E0,1.E0,0.E0));
#1950=VECTOR('',#1949,9.569360561371E-2);
#1951=CARTESIAN_POINT('',(-3.880977558040E-1,2.531622206338E0,-2.E-2));
#1952=LINE('',#1951,#1950);
#1953=DIRECTION('',(-1.E0,0.E0,0.E0));
#1954=VECTOR('',#1953,4.685E-1);
#1955=CARTESIAN_POINT('',(8.040224419596E-2,2.531622206338E0,-2.E-2));
#1956=LINE('',#1955,#1954);
#1957=DIRECTION('',(0.E0,1.E0,0.E0));
#1958=VECTOR('',#1957,2.073361901760E-1);
#1959=CARTESIAN_POINT('',(8.040224419596E-2,2.324286016162E0,-2.E-2));
#1960=LINE('',#1959,#1958);
#1961=DIRECTION('',(1.E0,0.E0,0.E0));
#1962=VECTOR('',#1961,4.060333929062E-1);
#1963=CARTESIAN_POINT('',(-3.256311487102E-1,2.324286016162E0,-2.E-2));
#1964=LINE('',#1963,#1962);
#1965=DIRECTION('',(0.E0,1.E0,0.E0));
#1966=VECTOR('',#1965,9.569360561371E-2);
#1967=CARTESIAN_POINT('',(-3.256311487102E-1,2.228592410548E0,-2.E-2));
#1968=LINE('',#1967,#1966);
#1969=DIRECTION('',(-1.E0,0.E0,0.E0));
#1970=VECTOR('',#1969,4.060333929062E-1);
#1971=CARTESIAN_POINT('',(8.040224419596E-2,2.228592410548E0,-2.E-2));
#1972=LINE('',#1971,#1970);
#1973=DIRECTION('',(0.E0,1.E0,0.E0));
#1974=VECTOR('',#1973,2.551829818130E-1);
#1975=CARTESIAN_POINT('',(8.040224419596E-2,1.973409428735E0,-2.E-2));
#1976=LINE('',#1975,#1974);
#1977=DIRECTION('',(1.E0,0.E0,0.E0));
#1978=VECTOR('',#1977,3.748E-1);
#1979=CARTESIAN_POINT('',(-8.878311487102E-1,2.627315811952E0,-2.E-2));
#1980=LINE('',#1979,#1978);
#1981=DIRECTION('',(9.797707392153E-1,2.001232084928E-1,0.E0));
#1982=VECTOR('',#1981,7.969557548608E-2);
#1983=CARTESIAN_POINT('',(-9.659145416164E-1,2.611366877683E0,-2.E-2));
#1984=LINE('',#1983,#1982);
#1985=DIRECTION('',(8.906051112017E-1,4.547774575564E-1,0.E0));
#1986=VECTOR('',#1985,7.013951111231E-2);
#1987=CARTESIAN_POINT('',(-1.028381148710E0,2.579469009145E0,-2.E-2));
#1988=LINE('',#1987,#1986);
#1989=DIRECTION('',(6.996244945571E-1,7.145107183351E-1,0.E0));
#1990=VECTOR('',#1989,8.928590633946E-2);
#1991=CARTESIAN_POINT('',(-1.090847755804E0,2.515673272069E0,-2.E-2));
#1992=LINE('',#1991,#1990);
#1993=DIRECTION('',(4.397141723527E-1,8.981377659536E-1,0.E0));
#1994=VECTOR('',#1993,7.103112628614E-2);
#1995=CARTESIAN_POINT('',(-1.122081148710E0,2.451877534993E0,-2.E-2));
#1996=LINE('',#1995,#1994);
#1997=DIRECTION('',(1.921820436730E-1,9.813592930674E-1,0.E0));
#1998=VECTOR('',#1997,8.125944961009E-2);
#1999=CARTESIAN_POINT('',(-1.137697755804E0,2.372132818969E0,-2.E-2));
#2000=LINE('',#1999,#1998);
#2001=DIRECTION('',(0.E0,1.E0,0.E0));
#2002=VECTOR('',#2001,2.392340363741E-1);
#2003=CARTESIAN_POINT('',(-1.137697755804E0,2.132898782595E0,-2.E-2));
#2004=LINE('',#2003,#2002);
#2005=DIRECTION('',(-1.921821473726E-1,9.813592727596E-1,0.E0));
#2006=VECTOR('',#2005,8.125940576331E-2);
#2007=CARTESIAN_POINT('',(-1.122081148710E0,2.053154111250E0,-2.E-2));
#2008=LINE('',#2007,#2006);
#2009=DIRECTION('',(-4.397141102494E-1,8.981377963584E-1,0.E0));
#2010=VECTOR('',#2009,7.103113631826E-2);
#2011=CARTESIAN_POINT('',(-1.090847755804E0,1.989358363004E0,-2.E-2));
#2012=LINE('',#2011,#2010);
#2013=DIRECTION('',(-6.996244632883E-1,7.145107489524E-1,0.E0));
#2014=VECTOR('',#2013,8.928591032996E-2);
#2015=CARTESIAN_POINT('',(-1.028381148710E0,1.925562620343E0,-2.E-2));
#2016=LINE('',#2015,#2014);
#2017=DIRECTION('',(-8.906050870136E-1,4.547775049248E-1,0.E0));
#2018=VECTOR('',#2017,7.013951301724E-2);
#2019=CARTESIAN_POINT('',(-9.659145416164E-1,1.893664747617E0,-2.E-2));
#2020=LINE('',#2019,#2018);
#2021=DIRECTION('',(-9.797707357802E-1,2.001232253108E-1,0.E0));
#2022=VECTOR('',#2021,7.969557576550E-2);
#2023=CARTESIAN_POINT('',(-8.878311487102E-1,1.877715811952E0,-2.E-2));
#2024=LINE('',#2023,#2022);
#2025=DIRECTION('',(-1.E0,0.E0,0.E0));
#2026=VECTOR('',#2025,3.748E-1);
#2027=CARTESIAN_POINT('',(-5.130311487102E-1,1.877715811952E0,-2.E-2));
#2028=LINE('',#2027,#2026);
#2029=DIRECTION('',(0.E0,-1.E0,0.E0));
#2030=VECTOR('',#2029,7.496E-1);
#2031=CARTESIAN_POINT('',(-5.130311487102E-1,2.627315811952E0,-2.E-2));
#2032=LINE('',#2031,#2030);
#2033=DIRECTION('',(-1.E0,0.E0,0.E0));
#2034=VECTOR('',#2033,2.811E-1);
#2035=CARTESIAN_POINT('',(-6.067311487102E-1,2.531622206338E0,-2.E-2));
#2036=LINE('',#2035,#2034);
#2037=DIRECTION('',(0.E0,1.E0,0.E0));
#2038=VECTOR('',#2037,5.582127776027E-1);
#2039=CARTESIAN_POINT('',(-6.067311487102E-1,1.973409428735E0,-2.E-2));
#2040=LINE('',#2039,#2038);
#2041=DIRECTION('',(1.E0,0.E0,0.E0));
#2042=VECTOR('',#2041,2.811E-1);
#2043=CARTESIAN_POINT('',(-8.878311487102E-1,1.973409428735E0,-2.E-2));
#2044=LINE('',#2043,#2042);
#2045=DIRECTION('',(9.689176611437E-1,-2.473834390653E-1,0.E0));
#2046=VECTOR('',#2045,6.447050105380E-2);
#2047=CARTESIAN_POINT('',(-9.502977558040E-1,1.989358363004E0,-2.E-2));
#2048=LINE('',#2047,#2046);
#2049=DIRECTION('',(8.265991871191E-1,-5.627910658975E-1,0.E0));
#2050=VECTOR('',#2049,5.667801363716E-2);
#2051=CARTESIAN_POINT('',(-9.971477558040E-1,2.021256242712E0,-2.E-2));
#2052=LINE('',#2051,#2050);
#2053=DIRECTION('',(5.466232777014E-1,-8.373786433120E-1,0.E0));
#2054=VECTOR('',#2053,5.713879042534E-2);
#2055=CARTESIAN_POINT('',(-1.028381148710E0,2.069103045519E0,-2.E-2));
#2056=LINE('',#2055,#2054);
#2057=DIRECTION('',(2.377704967206E-1,-9.713213633444E-1,0.E0));
#2058=VECTOR('',#2057,6.567933073782E-2);
#2059=CARTESIAN_POINT('',(-1.043997755804E0,2.132898782595E0,-2.E-2));
#2060=LINE('',#2059,#2058);
#2061=DIRECTION('',(0.E0,-1.E0,0.E0));
#2062=VECTOR('',#2061,2.392340363741E-1);
#2063=CARTESIAN_POINT('',(-1.043997755804E0,2.372132818969E0,-2.E-2));
#2064=LINE('',#2063,#2062);
#2065=DIRECTION('',(-2.377704967206E-1,-9.713213633444E-1,0.E0));
#2066=VECTOR('',#2065,6.567933073782E-2);
#2067=CARTESIAN_POINT('',(-1.028381148710E0,2.435928556045E0,-2.E-2));
#2068=LINE('',#2067,#2066);
#2069=DIRECTION('',(-5.466229197794E-1,-8.373788769559E-1,0.E0));
#2070=VECTOR('',#2069,5.713882783912E-2);
#2071=CARTESIAN_POINT('',(-9.971477558040E-1,2.483775403531E0,-2.E-2));
#2072=LINE('',#2071,#2070);
#2073=DIRECTION('',(-8.265992787996E-1,-5.627909312417E-1,0.E0));
#2074=VECTOR('',#2073,5.667800735083E-2);
#2075=CARTESIAN_POINT('',(-9.502977558040E-1,2.515673272069E0,-2.E-2));
#2076=LINE('',#2075,#2074);
#2077=DIRECTION('',(-9.689176611437E-1,-2.473834390653E-1,0.E0));
#2078=VECTOR('',#2077,6.447050105380E-2);
#2079=CARTESIAN_POINT('',(-8.878311487102E-1,2.531622206338E0,-2.E-2));
#2080=LINE('',#2079,#2078);
#2081=DIRECTION('',(1.E0,0.E0,0.E0));
#2082=VECTOR('',#2081,1.249332141876E-1);
#2083=CARTESIAN_POINT('',(-1.637431148710E0,2.627315811952E0,-2.E-2));
#2084=LINE('',#2083,#2082);
#2085=DIRECTION('',(3.162279017271E-1,9.486832528138E-1,0.E0));
#2086=VECTOR('',#2085,7.901478156979E-1);
#2087=CARTESIAN_POINT('',(-1.887297934523E0,1.877715811952E0,-2.E-2));
#2088=LINE('',#2087,#2086);
#2089=DIRECTION('',(-1.E0,0.E0,0.E0));
#2090=VECTOR('',#2089,9.37E-2);
#2091=CARTESIAN_POINT('',(-1.793597934523E0,1.877715811952E0,-2.E-2));
#2092=LINE('',#2091,#2090);
#2093=DIRECTION('',(-3.102805670740E-1,-9.506450282288E-1,0.E0));
#2094=VECTOR('',#2093,2.013235517823E-1);
#2095=CARTESIAN_POINT('',(-1.731131148710E0,2.069103045519E0,-2.E-2));
#2096=LINE('',#2095,#2094);
#2097=DIRECTION('',(-1.E0,0.E0,0.E0));
#2098=VECTOR('',#2097,3.123332141876E-1);
#2099=CARTESIAN_POINT('',(-1.418797934523E0,2.069103045519E0,-2.E-2));
#2100=LINE('',#2099,#2098);
#2101=DIRECTION('',(-3.102805670740E-1,9.506450282288E-1,0.E0));
#2102=VECTOR('',#2101,2.013235517823E-1);
#2103=CARTESIAN_POINT('',(-1.356331148710E0,1.877715811952E0,-2.E-2));
#2104=LINE('',#2103,#2102);
#2105=DIRECTION('',(-1.E0,0.E0,0.E0));
#2106=VECTOR('',#2105,9.37E-2);
#2107=CARTESIAN_POINT('',(-1.262631148710E0,1.877715811952E0,-2.E-2));
#2108=LINE('',#2107,#2106);
#2109=DIRECTION('',(3.162279017271E-1,-9.486832528138E-1,0.E0));
#2110=VECTOR('',#2109,7.901478156979E-1);
#2111=CARTESIAN_POINT('',(-1.512497934523E0,2.627315811952E0,-2.E-2));
#2112=LINE('',#2111,#2110);
#2113=DIRECTION('',(-3.102800213276E-1,-9.506452063546E-1,0.E0));
#2114=VECTOR('',#2113,4.529779242589E-1);
#2115=CARTESIAN_POINT('',(-1.574964362898E0,2.563520074876E0,-2.E-2));
#2116=LINE('',#2115,#2114);
#2117=DIRECTION('',(-3.102800213276E-1,9.506452063546E-1,0.E0));
#2118=VECTOR('',#2117,4.529779242589E-1);
#2119=CARTESIAN_POINT('',(-1.434414362898E0,2.132898782595E0,-2.E-2));
#2120=LINE('',#2119,#2118);
#2121=DIRECTION('',(1.E0,0.E0,0.E0));
#2122=VECTOR('',#2121,2.811E-1);
#2123=CARTESIAN_POINT('',(-1.715514362898E0,2.132898782595E0,-2.E-2));
#2124=LINE('',#2123,#2122);
#2125=DIRECTION('',(0.E0,0.E0,-1.E0));
#2126=VECTOR('',#2125,2.E-2);
#2127=CARTESIAN_POINT('',(2.990355477429E-1,2.069103045519E0,0.E0));
#2128=LINE('',#2127,#2126);
#2129=DIRECTION('',(0.E0,0.E0,-1.E0));
#2130=VECTOR('',#2129,2.E-2);
#2131=CARTESIAN_POINT('',(3.146521548367E-1,1.989358363004E0,0.E0));
#2132=LINE('',#2131,#2130);
#2133=DIRECTION('',(0.E0,0.E0,-1.E0));
#2134=VECTOR('',#2133,2.E-2);
#2135=CARTESIAN_POINT('',(3.771188512898E-1,1.925562620343E0,0.E0));
#2136=LINE('',#2135,#2134);
#2137=DIRECTION('',(0.E0,0.E0,-1.E0));
#2138=VECTOR('',#2137,2.E-2);
#2139=CARTESIAN_POINT('',(4.395855477429E-1,1.893664747617E0,0.E0));
#2140=LINE('',#2139,#2138);
#2141=DIRECTION('',(0.E0,0.E0,-1.E0));
#2142=VECTOR('',#2141,2.E-2);
#2143=CARTESIAN_POINT('',(5.176688512898E-1,1.877715811952E0,0.E0));
#2144=LINE('',#2143,#2142);
#2145=DIRECTION('',(0.E0,0.E0,-1.E0));
#2146=VECTOR('',#2145,2.E-2);
#2147=CARTESIAN_POINT('',(6.582188512898E-1,1.877715811952E0,0.E0));
#2148=LINE('',#2147,#2146);
#2149=DIRECTION('',(0.E0,0.E0,-1.E0));
#2150=VECTOR('',#2149,2.E-2);
#2151=CARTESIAN_POINT('',(7.363021548367E-1,1.893664747617E0,0.E0));
#2152=LINE('',#2151,#2150);
#2153=DIRECTION('',(0.E0,0.E0,-1.E0));
#2154=VECTOR('',#2153,2.E-2);
#2155=CARTESIAN_POINT('',(7.987688512898E-1,1.925562620343E0,0.E0));
#2156=LINE('',#2155,#2154);
#2157=DIRECTION('',(0.E0,0.E0,-1.E0));
#2158=VECTOR('',#2157,2.E-2);
#2159=CARTESIAN_POINT('',(8.612355030632E-1,1.989358363004E0,0.E0));
#2160=LINE('',#2159,#2158);
#2161=DIRECTION('',(0.E0,0.E0,-1.E0));
#2162=VECTOR('',#2161,2.E-2);
#2163=CARTESIAN_POINT('',(8.924688512898E-1,2.053154111250E0,0.E0));
#2164=LINE('',#2163,#2162);
#2165=DIRECTION('',(0.E0,0.E0,-1.E0));
#2166=VECTOR('',#2165,2.E-2);
#2167=CARTESIAN_POINT('',(9.080855030632E-1,2.132898782595E0,0.E0));
#2168=LINE('',#2167,#2166);
#2169=DIRECTION('',(0.E0,0.E0,-1.E0));
#2170=VECTOR('',#2169,2.E-2);
#2171=CARTESIAN_POINT('',(9.080855030632E-1,2.372132818969E0,0.E0));
#2172=LINE('',#2171,#2170);
#2173=DIRECTION('',(0.E0,0.E0,-1.E0));
#2174=VECTOR('',#2173,2.E-2);
#2175=CARTESIAN_POINT('',(8.924688512898E-1,2.451877534993E0,0.E0));
#2176=LINE('',#2175,#2174);
#2177=DIRECTION('',(-1.110223024625E-14,0.E0,-1.E0));
#2178=VECTOR('',#2177,2.E-2);
#2179=CARTESIAN_POINT('',(8.612355030632E-1,2.515673272069E0,0.E0));
#2180=LINE('',#2179,#2178);
#2181=DIRECTION('',(0.E0,2.220446049250E-14,-1.E0));
#2182=VECTOR('',#2181,2.E-2);
#2183=CARTESIAN_POINT('',(7.987688512898E-1,2.579469009145E0,0.E0));
#2184=LINE('',#2183,#2182);
#2185=DIRECTION('',(0.E0,0.E0,-1.E0));
#2186=VECTOR('',#2185,2.E-2);
#2187=CARTESIAN_POINT('',(7.363021548367E-1,2.611366877683E0,0.E0));
#2188=LINE('',#2187,#2186);
#2189=DIRECTION('',(0.E0,0.E0,-1.E0));
#2190=VECTOR('',#2189,2.E-2);
#2191=CARTESIAN_POINT('',(6.582188512898E-1,2.627315811952E0,0.E0));
#2192=LINE('',#2191,#2190);
#2193=DIRECTION('',(0.E0,0.E0,-1.E0));
#2194=VECTOR('',#2193,2.E-2);
#2195=CARTESIAN_POINT('',(5.176688512898E-1,2.627315811952E0,0.E0));
#2196=LINE('',#2195,#2194);
#2197=DIRECTION('',(1.665334536938E-14,0.E0,-1.E0));
#2198=VECTOR('',#2197,2.E-2);
#2199=CARTESIAN_POINT('',(4.395855477429E-1,2.611366877683E0,0.E0));
#2200=LINE('',#2199,#2198);
#2201=DIRECTION('',(0.E0,0.E0,-1.E0));
#2202=VECTOR('',#2201,2.E-2);
#2203=CARTESIAN_POINT('',(3.771188512898E-1,2.579469009145E0,0.E0));
#2204=LINE('',#2203,#2202);
#2205=DIRECTION('',(0.E0,0.E0,-1.E0));
#2206=VECTOR('',#2205,2.E-2);
#2207=CARTESIAN_POINT('',(3.146521548367E-1,2.515673272069E0,0.E0));
#2208=LINE('',#2207,#2206);
#2209=DIRECTION('',(0.E0,0.E0,-1.E0));
#2210=VECTOR('',#2209,2.E-2);
#2211=CARTESIAN_POINT('',(2.990355477429E-1,2.435928556045E0,0.E0));
#2212=LINE('',#2211,#2210);
#2213=DIRECTION('',(0.E0,0.E0,-1.E0));
#2214=VECTOR('',#2213,2.E-2);
#2215=CARTESIAN_POINT('',(3.927355477429E-1,2.435928556045E0,0.E0));
#2216=LINE('',#2215,#2214);
#2217=DIRECTION('',(0.E0,0.E0,-1.E0));
#2218=VECTOR('',#2217,2.E-2);
#2219=CARTESIAN_POINT('',(4.083521548367E-1,2.483775403531E0,0.E0));
#2220=LINE('',#2219,#2218);
#2221=DIRECTION('',(0.E0,0.E0,-1.E0));
#2222=VECTOR('',#2221,2.E-2);
#2223=CARTESIAN_POINT('',(4.552021548367E-1,2.515673272069E0,0.E0));
#2224=LINE('',#2223,#2222);
#2225=DIRECTION('',(0.E0,0.E0,-1.E0));
#2226=VECTOR('',#2225,2.E-2);
#2227=CARTESIAN_POINT('',(5.176688512898E-1,2.531622206338E0,0.E0));
#2228=LINE('',#2227,#2226);
#2229=DIRECTION('',(0.E0,0.E0,-1.E0));
#2230=VECTOR('',#2229,2.E-2);
#2231=CARTESIAN_POINT('',(6.582188512898E-1,2.531622206338E0,0.E0));
#2232=LINE('',#2231,#2230);
#2233=DIRECTION('',(0.E0,0.E0,-1.E0));
#2234=VECTOR('',#2233,2.E-2);
#2235=CARTESIAN_POINT('',(7.206855477429E-1,2.515673272069E0,0.E0));
#2236=LINE('',#2235,#2234);
#2237=DIRECTION('',(0.E0,0.E0,-1.E0));
#2238=VECTOR('',#2237,2.E-2);
#2239=CARTESIAN_POINT('',(7.675355477429E-1,2.483775403531E0,0.E0));
#2240=LINE('',#2239,#2238);
#2241=DIRECTION('',(0.E0,0.E0,-1.E0));
#2242=VECTOR('',#2241,2.E-2);
#2243=CARTESIAN_POINT('',(7.987688512898E-1,2.435928556045E0,0.E0));
#2244=LINE('',#2243,#2242);
#2245=DIRECTION('',(0.E0,0.E0,-1.E0));
#2246=VECTOR('',#2245,2.E-2);
#2247=CARTESIAN_POINT('',(8.143855477429E-1,2.372132818969E0,0.E0));
#2248=LINE('',#2247,#2246);
#2249=DIRECTION('',(0.E0,0.E0,-1.E0));
#2250=VECTOR('',#2249,2.E-2);
#2251=CARTESIAN_POINT('',(8.143855477429E-1,2.132898782595E0,0.E0));
#2252=LINE('',#2251,#2250);
#2253=DIRECTION('',(0.E0,0.E0,-1.E0));
#2254=VECTOR('',#2253,2.E-2);
#2255=CARTESIAN_POINT('',(7.987688512898E-1,2.069103045519E0,0.E0));
#2256=LINE('',#2255,#2254);
#2257=DIRECTION('',(0.E0,0.E0,-1.E0));
#2258=VECTOR('',#2257,2.E-2);
#2259=CARTESIAN_POINT('',(7.675355477429E-1,2.021256242712E0,0.E0));
#2260=LINE('',#2259,#2258);
#2261=DIRECTION('',(0.E0,0.E0,-1.E0));
#2262=VECTOR('',#2261,2.E-2);
#2263=CARTESIAN_POINT('',(7.206855477429E-1,1.989358363004E0,0.E0));
#2264=LINE('',#2263,#2262);
#2265=DIRECTION('',(0.E0,0.E0,-1.E0));
#2266=VECTOR('',#2265,2.E-2);
#2267=CARTESIAN_POINT('',(6.582188512898E-1,1.973409428735E0,0.E0));
#2268=LINE('',#2267,#2266);
#2269=DIRECTION('',(0.E0,0.E0,-1.E0));
#2270=VECTOR('',#2269,2.E-2);
#2271=CARTESIAN_POINT('',(5.176688512898E-1,1.973409428735E0,0.E0));
#2272=LINE('',#2271,#2270);
#2273=DIRECTION('',(0.E0,0.E0,-1.E0));
#2274=VECTOR('',#2273,2.E-2);
#2275=CARTESIAN_POINT('',(4.552021548367E-1,1.989358363004E0,0.E0));
#2276=LINE('',#2275,#2274);
#2277=DIRECTION('',(0.E0,0.E0,-1.E0));
#2278=VECTOR('',#2277,2.E-2);
#2279=CARTESIAN_POINT('',(4.083521548367E-1,2.021256242712E0,0.E0));
#2280=LINE('',#2279,#2278);
#2281=DIRECTION('',(0.E0,0.E0,-1.E0));
#2282=VECTOR('',#2281,2.E-2);
#2283=CARTESIAN_POINT('',(3.927355477429E-1,2.069103045519E0,0.E0));
#2284=LINE('',#2283,#2282);
#2285=DIRECTION('',(0.E0,0.E0,-1.E0));
#2286=VECTOR('',#2285,2.E-2);
#2287=CARTESIAN_POINT('',(-3.880977558040E-1,1.973409428735E0,0.E0));
#2288=LINE('',#2287,#2286);
#2289=DIRECTION('',(0.E0,0.E0,-1.E0));
#2290=VECTOR('',#2289,2.E-2);
#2291=CARTESIAN_POINT('',(-3.880977558040E-1,1.877715811952E0,0.E0));
#2292=LINE('',#2291,#2290);
#2293=DIRECTION('',(0.E0,0.E0,-1.E0));
#2294=VECTOR('',#2293,2.E-2);
#2295=CARTESIAN_POINT('',(1.741021548367E-1,1.877715811952E0,0.E0));
#2296=LINE('',#2295,#2294);
#2297=DIRECTION('',(0.E0,0.E0,-1.E0));
#2298=VECTOR('',#2297,2.E-2);
#2299=CARTESIAN_POINT('',(1.741021548367E-1,2.627315811952E0,0.E0));
#2300=LINE('',#2299,#2298);
#2301=DIRECTION('',(0.E0,0.E0,-1.E0));
#2302=VECTOR('',#2301,2.E-2);
#2303=CARTESIAN_POINT('',(-3.880977558040E-1,2.627315811952E0,0.E0));
#2304=LINE('',#2303,#2302);
#2305=DIRECTION('',(0.E0,0.E0,-1.E0));
#2306=VECTOR('',#2305,2.E-2);
#2307=CARTESIAN_POINT('',(-3.880977558040E-1,2.531622206338E0,0.E0));
#2308=LINE('',#2307,#2306);
#2309=DIRECTION('',(0.E0,0.E0,-1.E0));
#2310=VECTOR('',#2309,2.E-2);
#2311=CARTESIAN_POINT('',(8.040224419596E-2,2.531622206338E0,0.E0));
#2312=LINE('',#2311,#2310);
#2313=DIRECTION('',(0.E0,0.E0,-1.E0));
#2314=VECTOR('',#2313,2.E-2);
#2315=CARTESIAN_POINT('',(8.040224419596E-2,2.324286016162E0,0.E0));
#2316=LINE('',#2315,#2314);
#2317=DIRECTION('',(0.E0,0.E0,-1.E0));
#2318=VECTOR('',#2317,2.E-2);
#2319=CARTESIAN_POINT('',(-3.256311487102E-1,2.324286016162E0,0.E0));
#2320=LINE('',#2319,#2318);
#2321=DIRECTION('',(0.E0,0.E0,-1.E0));
#2322=VECTOR('',#2321,2.E-2);
#2323=CARTESIAN_POINT('',(-3.256311487102E-1,2.228592410548E0,0.E0));
#2324=LINE('',#2323,#2322);
#2325=DIRECTION('',(0.E0,0.E0,-1.E0));
#2326=VECTOR('',#2325,2.E-2);
#2327=CARTESIAN_POINT('',(8.040224419596E-2,2.228592410548E0,0.E0));
#2328=LINE('',#2327,#2326);
#2329=DIRECTION('',(0.E0,0.E0,-1.E0));
#2330=VECTOR('',#2329,2.E-2);
#2331=CARTESIAN_POINT('',(8.040224419596E-2,1.973409428735E0,0.E0));
#2332=LINE('',#2331,#2330);
#2333=DIRECTION('',(0.E0,0.E0,-1.E0));
#2334=VECTOR('',#2333,2.E-2);
#2335=CARTESIAN_POINT('',(-8.878311487102E-1,2.627315811952E0,0.E0));
#2336=LINE('',#2335,#2334);
#2337=DIRECTION('',(0.E0,0.E0,-1.E0));
#2338=VECTOR('',#2337,2.E-2);
#2339=CARTESIAN_POINT('',(-9.659145416164E-1,2.611366877683E0,0.E0));
#2340=LINE('',#2339,#2338);
#2341=DIRECTION('',(0.E0,0.E0,-1.E0));
#2342=VECTOR('',#2341,2.E-2);
#2343=CARTESIAN_POINT('',(-1.028381148710E0,2.579469009145E0,0.E0));
#2344=LINE('',#2343,#2342);
#2345=DIRECTION('',(0.E0,0.E0,-1.E0));
#2346=VECTOR('',#2345,2.E-2);
#2347=CARTESIAN_POINT('',(-1.090847755804E0,2.515673272069E0,0.E0));
#2348=LINE('',#2347,#2346);
#2349=DIRECTION('',(0.E0,0.E0,-1.E0));
#2350=VECTOR('',#2349,2.E-2);
#2351=CARTESIAN_POINT('',(-1.122081148710E0,2.451877534993E0,0.E0));
#2352=LINE('',#2351,#2350);
#2353=DIRECTION('',(0.E0,0.E0,-1.E0));
#2354=VECTOR('',#2353,2.E-2);
#2355=CARTESIAN_POINT('',(-1.137697755804E0,2.372132818969E0,0.E0));
#2356=LINE('',#2355,#2354);
#2357=DIRECTION('',(0.E0,0.E0,-1.E0));
#2358=VECTOR('',#2357,2.E-2);
#2359=CARTESIAN_POINT('',(-1.137697755804E0,2.132898782595E0,0.E0));
#2360=LINE('',#2359,#2358);
#2361=DIRECTION('',(0.E0,0.E0,-1.E0));
#2362=VECTOR('',#2361,2.E-2);
#2363=CARTESIAN_POINT('',(-1.122081148710E0,2.053154111250E0,0.E0));
#2364=LINE('',#2363,#2362);
#2365=DIRECTION('',(0.E0,0.E0,-1.E0));
#2366=VECTOR('',#2365,2.E-2);
#2367=CARTESIAN_POINT('',(-1.090847755804E0,1.989358363004E0,0.E0));
#2368=LINE('',#2367,#2366);
#2369=DIRECTION('',(-1.110223024625E-14,1.110223024625E-14,-1.E0));
#2370=VECTOR('',#2369,2.E-2);
#2371=CARTESIAN_POINT('',(-1.028381148710E0,1.925562620343E0,0.E0));
#2372=LINE('',#2371,#2370);
#2373=DIRECTION('',(0.E0,0.E0,-1.E0));
#2374=VECTOR('',#2373,2.E-2);
#2375=CARTESIAN_POINT('',(-9.659145416164E-1,1.893664747617E0,0.E0));
#2376=LINE('',#2375,#2374);
#2377=DIRECTION('',(0.E0,0.E0,-1.E0));
#2378=VECTOR('',#2377,2.E-2);
#2379=CARTESIAN_POINT('',(-8.878311487102E-1,1.877715811952E0,0.E0));
#2380=LINE('',#2379,#2378);
#2381=DIRECTION('',(0.E0,0.E0,-1.E0));
#2382=VECTOR('',#2381,2.E-2);
#2383=CARTESIAN_POINT('',(-5.130311487102E-1,1.877715811952E0,0.E0));
#2384=LINE('',#2383,#2382);
#2385=DIRECTION('',(0.E0,0.E0,-1.E0));
#2386=VECTOR('',#2385,2.E-2);
#2387=CARTESIAN_POINT('',(-5.130311487102E-1,2.627315811952E0,0.E0));
#2388=LINE('',#2387,#2386);
#2389=DIRECTION('',(0.E0,0.E0,-1.E0));
#2390=VECTOR('',#2389,2.E-2);
#2391=CARTESIAN_POINT('',(-6.067311487102E-1,2.531622206338E0,0.E0));
#2392=LINE('',#2391,#2390);
#2393=DIRECTION('',(0.E0,0.E0,-1.E0));
#2394=VECTOR('',#2393,2.E-2);
#2395=CARTESIAN_POINT('',(-6.067311487102E-1,1.973409428735E0,0.E0));
#2396=LINE('',#2395,#2394);
#2397=DIRECTION('',(0.E0,0.E0,-1.E0));
#2398=VECTOR('',#2397,2.E-2);
#2399=CARTESIAN_POINT('',(-8.878311487102E-1,1.973409428735E0,0.E0));
#2400=LINE('',#2399,#2398);
#2401=DIRECTION('',(0.E0,0.E0,-1.E0));
#2402=VECTOR('',#2401,2.E-2);
#2403=CARTESIAN_POINT('',(-9.502977558040E-1,1.989358363004E0,0.E0));
#2404=LINE('',#2403,#2402);
#2405=DIRECTION('',(0.E0,0.E0,-1.E0));
#2406=VECTOR('',#2405,2.E-2);
#2407=CARTESIAN_POINT('',(-9.971477558040E-1,2.021256242712E0,0.E0));
#2408=LINE('',#2407,#2406);
#2409=DIRECTION('',(0.E0,0.E0,-1.E0));
#2410=VECTOR('',#2409,2.E-2);
#2411=CARTESIAN_POINT('',(-1.028381148710E0,2.069103045519E0,0.E0));
#2412=LINE('',#2411,#2410);
#2413=DIRECTION('',(0.E0,0.E0,-1.E0));
#2414=VECTOR('',#2413,2.E-2);
#2415=CARTESIAN_POINT('',(-1.043997755804E0,2.132898782595E0,0.E0));
#2416=LINE('',#2415,#2414);
#2417=DIRECTION('',(0.E0,0.E0,-1.E0));
#2418=VECTOR('',#2417,2.E-2);
#2419=CARTESIAN_POINT('',(-1.043997755804E0,2.372132818969E0,0.E0));
#2420=LINE('',#2419,#2418);
#2421=DIRECTION('',(0.E0,0.E0,-1.E0));
#2422=VECTOR('',#2421,2.E-2);
#2423=CARTESIAN_POINT('',(-1.028381148710E0,2.435928556045E0,0.E0));
#2424=LINE('',#2423,#2422);
#2425=DIRECTION('',(0.E0,0.E0,-1.E0));
#2426=VECTOR('',#2425,2.E-2);
#2427=CARTESIAN_POINT('',(-9.971477558040E-1,2.483775403531E0,0.E0));
#2428=LINE('',#2427,#2426);
#2429=DIRECTION('',(0.E0,0.E0,-1.E0));
#2430=VECTOR('',#2429,2.E-2);
#2431=CARTESIAN_POINT('',(-9.502977558040E-1,2.515673272069E0,0.E0));
#2432=LINE('',#2431,#2430);
#2433=DIRECTION('',(0.E0,0.E0,-1.E0));
#2434=VECTOR('',#2433,2.E-2);
#2435=CARTESIAN_POINT('',(-8.878311487102E-1,2.531622206338E0,0.E0));
#2436=LINE('',#2435,#2434);
#2437=DIRECTION('',(0.E0,0.E0,-1.E0));
#2438=VECTOR('',#2437,2.E-2);
#2439=CARTESIAN_POINT('',(-1.637431148710E0,2.627315811952E0,0.E0));
#2440=LINE('',#2439,#2438);
#2441=DIRECTION('',(1.110223024625E-14,0.E0,-1.E0));
#2442=VECTOR('',#2441,2.E-2);
#2443=CARTESIAN_POINT('',(-1.887297934523E0,1.877715811952E0,0.E0));
#2444=LINE('',#2443,#2442);
#2445=DIRECTION('',(0.E0,0.E0,-1.E0));
#2446=VECTOR('',#2445,2.E-2);
#2447=CARTESIAN_POINT('',(-1.793597934523E0,1.877715811952E0,0.E0));
#2448=LINE('',#2447,#2446);
#2449=DIRECTION('',(0.E0,0.E0,-1.E0));
#2450=VECTOR('',#2449,2.E-2);
#2451=CARTESIAN_POINT('',(-1.731131148710E0,2.069103045519E0,0.E0));
#2452=LINE('',#2451,#2450);
#2453=DIRECTION('',(0.E0,0.E0,-1.E0));
#2454=VECTOR('',#2453,2.E-2);
#2455=CARTESIAN_POINT('',(-1.418797934523E0,2.069103045519E0,0.E0));
#2456=LINE('',#2455,#2454);
#2457=DIRECTION('',(0.E0,0.E0,-1.E0));
#2458=VECTOR('',#2457,2.E-2);
#2459=CARTESIAN_POINT('',(-1.356331148710E0,1.877715811952E0,0.E0));
#2460=LINE('',#2459,#2458);
#2461=DIRECTION('',(1.110223024625E-14,0.E0,-1.E0));
#2462=VECTOR('',#2461,2.E-2);
#2463=CARTESIAN_POINT('',(-1.262631148710E0,1.877715811952E0,0.E0));
#2464=LINE('',#2463,#2462);
#2465=DIRECTION('',(2.220446049250E-14,0.E0,-1.E0));
#2466=VECTOR('',#2465,2.E-2);
#2467=CARTESIAN_POINT('',(-1.512497934523E0,2.627315811952E0,0.E0));
#2468=LINE('',#2467,#2466);
#2469=DIRECTION('',(0.E0,0.E0,-1.E0));
#2470=VECTOR('',#2469,2.E-2);
#2471=CARTESIAN_POINT('',(-1.574964362898E0,2.563520074876E0,0.E0));
#2472=LINE('',#2471,#2470);
#2473=DIRECTION('',(0.E0,0.E0,-1.E0));
#2474=VECTOR('',#2473,2.E-2);
#2475=CARTESIAN_POINT('',(-1.434414362898E0,2.132898782595E0,0.E0));
#2476=LINE('',#2475,#2474);
#2477=DIRECTION('',(0.E0,0.E0,-1.E0));
#2478=VECTOR('',#2477,2.E-2);
#2479=CARTESIAN_POINT('',(-1.715514362898E0,2.132898782595E0,0.E0));
#2480=LINE('',#2479,#2478);
#2481=DIRECTION('',(0.E0,0.E0,1.E0));
#2482=VECTOR('',#2481,5.E-2);
#2483=CARTESIAN_POINT('',(-3.5947E0,-2.2425E0,6.1E0));
#2484=LINE('',#2483,#2482);
#2485=DIRECTION('',(0.E0,0.E0,1.E0));
#2486=VECTOR('',#2485,5.E-2);
#2487=CARTESIAN_POINT('',(3.5947E0,-2.2425E0,6.1E0));
#2488=LINE('',#2487,#2486);
#2489=DIRECTION('',(0.E0,0.E0,1.E0));
#2490=VECTOR('',#2489,5.E-2);
#2491=CARTESIAN_POINT('',(3.5947E0,2.2425E0,6.1E0));
#2492=LINE('',#2491,#2490);
#2493=DIRECTION('',(0.E0,0.E0,1.E0));
#2494=VECTOR('',#2493,4.1433E0);
#2495=CARTESIAN_POINT('',(-3.16E0,1.95E0,6.4E0));
#2496=LINE('',#2495,#2494);
#2497=DIRECTION('',(0.E0,-1.E0,0.E0));
#2498=VECTOR('',#2497,3.9E0);
#2499=CARTESIAN_POINT('',(-3.16E0,1.95E0,1.05433E1));
#2500=LINE('',#2499,#2498);
#2501=DIRECTION('',(4.152537921706E-1,0.E0,9.097056051756E-1));
#2502=VECTOR('',#2501,3.542411960433E-1);
#2503=CARTESIAN_POINT('',(-3.16E0,-1.95E0,1.05433E1));
#2504=LINE('',#2503,#2502);
#2505=DIRECTION('',(5.976531338611E-1,0.E0,-8.017547827023E-1));
#2506=VECTOR('',#2505,4.343656634457E-1);
#2507=CARTESIAN_POINT('',(-3.0129E0,-1.95E0,1.086555520162E1));
#2508=LINE('',#2507,#2506);
#2509=DIRECTION('',(0.E0,0.E0,1.E0));
#2510=VECTOR('',#2509,3.363E-1);
#2511=CARTESIAN_POINT('',(-2.7533E0,-1.95E0,1.051730045352E1));
#2512=LINE('',#2511,#2510);
#2513=DIRECTION('',(7.550564214946E-1,0.E0,-6.556598206081E-1));
#2514=VECTOR('',#2513,3.861963049368E-1);
#2515=CARTESIAN_POINT('',(-2.7533E0,-1.95E0,1.085360045352E1));
#2516=LINE('',#2515,#2514);
#2517=DIRECTION('',(0.E0,0.E0,1.E0));
#2518=VECTOR('',#2517,3.585E-1);
#2519=CARTESIAN_POINT('',(-2.4617E0,-1.95E0,1.060038705350E1));
#2520=LINE('',#2519,#2518);
#2521=DIRECTION('',(8.262418642946E-1,0.E0,-5.633155258707E-1));
#2522=VECTOR('',#2521,3.228624949132E-1);
#2523=CARTESIAN_POINT('',(-2.4617E0,-1.95E0,1.095888705350E1));
#2524=LINE('',#2523,#2522);
#2525=DIRECTION('',(1.832788136520E-1,0.E0,9.830609729138E-1));
#2526=VECTOR('',#2525,4.261041930728E-1);
#2527=CARTESIAN_POINT('',(-2.194937490292E0,-1.95E0,1.077701359740E1));
#2528=LINE('',#2527,#2526);
#2529=DIRECTION('',(7.471963822419E-1,0.E0,-6.646033150418E-1));
#2530=VECTOR('',#2529,4.756247791370E-1);
#2531=CARTESIAN_POINT('',(-2.116841619294E0,-1.95E0,1.11959E1));
#2532=LINE('',#2531,#2530);
#2533=DIRECTION('',(1.832788136520E-1,0.E0,9.830609729138E-1));
#2534=VECTOR('',#2533,4.296801689507E-1);
#2535=CARTESIAN_POINT('',(-1.761456505018E0,-1.95E0,1.087979819507E1));
#2536=LINE('',#2535,#2534);
#2537=DIRECTION('',(7.196573759045E-1,0.E0,-6.943293608269E-1));
#2538=VECTOR('',#2537,3.353057183627E-1);
#2539=CARTESIAN_POINT('',(-1.682705233403E0,-1.95E0,1.13022E1));
#2540=LINE('',#2539,#2538);
#2541=DIRECTION('',(5.787005776358E-1,0.E0,8.155400918680E-1));
#2542=VECTOR('',#2541,4.053909898594E-1);
#2543=CARTESIAN_POINT('',(-1.4414E0,-1.95E0,1.106938739489E1));
#2544=LINE('',#2543,#2542);
#2545=DIRECTION('',(6.106373251327E-1,0.E0,-7.919103845478E-1));
#2546=VECTOR('',#2545,4.012201513341E-1);
#2547=CARTESIAN_POINT('',(-1.2068E0,-1.95E0,1.14E1));
#2548=LINE('',#2547,#2546);
#2549=DIRECTION('',(9.354341595854E-1,0.E0,3.535009661667E-1));
#2550=VECTOR('',#2549,2.976806696525E-1);
#2551=CARTESIAN_POINT('',(-9.618E-1,-1.95E0,1.108226959567E1));
#2552=LINE('',#2551,#2550);
#2553=DIRECTION('',(4.825013965159E-1,0.E0,-8.758952005578E-1));
#2554=VECTOR('',#2553,2.281058709336E-1);
#2555=CARTESIAN_POINT('',(-6.833393329588E-1,-1.95E0,1.11875E1));
#2556=LINE('',#2555,#2554);
#2557=DIRECTION('',(9.298933737145E-1,0.E0,3.678291906875E-1));
#2558=VECTOR('',#2557,2.942035497765E-1);
#2559=CARTESIAN_POINT('',(-5.732779316798E-1,-1.95E0,1.098770316243E1));
#2560=LINE('',#2559,#2558);
#2561=DIRECTION('',(4.464367763316E-1,0.E0,-8.948151790949E-1));
#2562=VECTOR('',#2561,3.118022698829E-1);
#2563=CARTESIAN_POINT('',(-2.997000002194E-1,-1.95E0,1.109591981604E1));
#2564=LINE('',#2563,#2562);
#2565=DIRECTION('',(8.136043904512E-1,0.E0,5.814188643642E-1));
#2566=VECTOR('',#2565,3.093641122812E-1);
#2567=CARTESIAN_POINT('',(-1.605E-1,-1.95E0,1.081691441207E1));
#2568=LINE('',#2567,#2566);
#2569=DIRECTION('',(5.274674531258E-1,0.E0,-8.495752385122E-1));
#2570=VECTOR('',#2569,3.378407500671E-1);
#2571=CARTESIAN_POINT('',(9.12E-2,-1.95E0,1.099678454291E1));
#2572=LINE('',#2571,#2570);
#2573=DIRECTION('',(8.539106893878E-1,0.E0,5.204195754862E-1));
#2574=VECTOR('',#2573,2.858612768684E-1);
#2575=CARTESIAN_POINT('',(2.694E-1,-1.95E0,1.070976340709E1));
#2576=LINE('',#2575,#2574);
#2577=DIRECTION('',(6.242832605570E-1,0.E0,-7.811980610500E-1));
#2578=VECTOR('',#2577,3.628160713422E-1);
#2579=CARTESIAN_POINT('',(5.135E-1,-1.95E0,1.085853121145E1));
#2580=LINE('',#2579,#2578);
#2581=DIRECTION('',(0.E0,0.E0,1.E0));
#2582=VECTOR('',#2581,4.1433E0);
#2583=CARTESIAN_POINT('',(-3.16E0,-1.95E0,6.4E0));
#2584=LINE('',#2583,#2582);
#2585=DIRECTION('',(4.152537921706E-1,0.E0,9.097056051756E-1));
#2586=VECTOR('',#2585,3.542411960433E-1);
#2587=CARTESIAN_POINT('',(-3.16E0,1.95E0,1.05433E1));
#2588=LINE('',#2587,#2586);
#2589=DIRECTION('',(0.E0,0.E0,1.E0));
#2590=VECTOR('',#2589,4.3751E0);
#2591=CARTESIAN_POINT('',(7.4E-1,1.95E0,6.2E0));
#2592=LINE('',#2591,#2590);
#2593=DIRECTION('',(6.242832605570E-1,0.E0,-7.811980610500E-1));
#2594=VECTOR('',#2593,3.628160713422E-1);
#2595=CARTESIAN_POINT('',(5.135E-1,1.95E0,1.085853121145E1));
#2596=LINE('',#2595,#2594);
#2597=DIRECTION('',(8.539106893878E-1,0.E0,5.204195754862E-1));
#2598=VECTOR('',#2597,2.858612768684E-1);
#2599=CARTESIAN_POINT('',(2.694E-1,1.95E0,1.070976340709E1));
#2600=LINE('',#2599,#2598);
#2601=DIRECTION('',(5.274674531258E-1,0.E0,-8.495752385122E-1));
#2602=VECTOR('',#2601,3.378407500671E-1);
#2603=CARTESIAN_POINT('',(9.12E-2,1.95E0,1.099678454291E1));
#2604=LINE('',#2603,#2602);
#2605=DIRECTION('',(8.136043904512E-1,0.E0,5.814188643642E-1));
#2606=VECTOR('',#2605,3.093641122812E-1);
#2607=CARTESIAN_POINT('',(-1.605E-1,1.95E0,1.081691441207E1));
#2608=LINE('',#2607,#2606);
#2609=DIRECTION('',(4.464367763316E-1,0.E0,-8.948151790949E-1));
#2610=VECTOR('',#2609,3.118022698829E-1);
#2611=CARTESIAN_POINT('',(-2.997000002194E-1,1.95E0,1.109591981604E1));
#2612=LINE('',#2611,#2610);
#2613=DIRECTION('',(9.298933737145E-1,0.E0,3.678291906875E-1));
#2614=VECTOR('',#2613,2.942035497765E-1);
#2615=CARTESIAN_POINT('',(-5.732779316798E-1,1.95E0,1.098770316243E1));
#2616=LINE('',#2615,#2614);
#2617=DIRECTION('',(4.825013965159E-1,0.E0,-8.758952005578E-1));
#2618=VECTOR('',#2617,2.281058709336E-1);
#2619=CARTESIAN_POINT('',(-6.833393329588E-1,1.95E0,1.11875E1));
#2620=LINE('',#2619,#2618);
#2621=DIRECTION('',(9.354341595854E-1,0.E0,3.535009661667E-1));
#2622=VECTOR('',#2621,2.976806696525E-1);
#2623=CARTESIAN_POINT('',(-9.618E-1,1.95E0,1.108226959567E1));
#2624=LINE('',#2623,#2622);
#2625=DIRECTION('',(6.106373251327E-1,0.E0,-7.919103845478E-1));
#2626=VECTOR('',#2625,4.012201513341E-1);
#2627=CARTESIAN_POINT('',(-1.2068E0,1.95E0,1.14E1));
#2628=LINE('',#2627,#2626);
#2629=DIRECTION('',(5.787005776358E-1,0.E0,8.155400918680E-1));
#2630=VECTOR('',#2629,4.053909898594E-1);
#2631=CARTESIAN_POINT('',(-1.4414E0,1.95E0,1.106938739489E1));
#2632=LINE('',#2631,#2630);
#2633=DIRECTION('',(7.196573759045E-1,0.E0,-6.943293608269E-1));
#2634=VECTOR('',#2633,3.353057183627E-1);
#2635=CARTESIAN_POINT('',(-1.682705233403E0,1.95E0,1.13022E1));
#2636=LINE('',#2635,#2634);
#2637=DIRECTION('',(1.832788136520E-1,0.E0,9.830609729138E-1));
#2638=VECTOR('',#2637,4.296801689507E-1);
#2639=CARTESIAN_POINT('',(-1.761456505018E0,1.95E0,1.087979819507E1));
#2640=LINE('',#2639,#2638);
#2641=DIRECTION('',(7.471963822419E-1,0.E0,-6.646033150418E-1));
#2642=VECTOR('',#2641,4.756247791370E-1);
#2643=CARTESIAN_POINT('',(-2.116841619294E0,1.95E0,1.11959E1));
#2644=LINE('',#2643,#2642);
#2645=DIRECTION('',(1.832788136520E-1,0.E0,9.830609729138E-1));
#2646=VECTOR('',#2645,4.261041930728E-1);
#2647=CARTESIAN_POINT('',(-2.194937490292E0,1.95E0,1.077701359740E1));
#2648=LINE('',#2647,#2646);
#2649=DIRECTION('',(8.262418642946E-1,0.E0,-5.633155258707E-1));
#2650=VECTOR('',#2649,3.228624949132E-1);
#2651=CARTESIAN_POINT('',(-2.4617E0,1.95E0,1.095888705350E1));
#2652=LINE('',#2651,#2650);
#2653=DIRECTION('',(0.E0,0.E0,1.E0));
#2654=VECTOR('',#2653,3.585E-1);
#2655=CARTESIAN_POINT('',(-2.4617E0,1.95E0,1.060038705350E1));
#2656=LINE('',#2655,#2654);
#2657=DIRECTION('',(7.550564214946E-1,0.E0,-6.556598206081E-1));
#2658=VECTOR('',#2657,3.861963049368E-1);
#2659=CARTESIAN_POINT('',(-2.7533E0,1.95E0,1.085360045352E1));
#2660=LINE('',#2659,#2658);
#2661=DIRECTION('',(0.E0,0.E0,1.E0));
#2662=VECTOR('',#2661,3.363E-1);
#2663=CARTESIAN_POINT('',(-2.7533E0,1.95E0,1.051730045352E1));
#2664=LINE('',#2663,#2662);
#2665=DIRECTION('',(5.976531338611E-1,0.E0,-8.017547827023E-1));
#2666=VECTOR('',#2665,4.343656634457E-1);
#2667=CARTESIAN_POINT('',(-3.0129E0,1.95E0,1.086555520162E1));
#2668=LINE('',#2667,#2666);
#2669=DIRECTION('',(0.E0,0.E0,1.E0));
#2670=VECTOR('',#2669,2.E-1);
#2671=CARTESIAN_POINT('',(-3.15E0,-1.95E0,6.2E0));
#2672=LINE('',#2671,#2670);
#2673=DIRECTION('',(0.E0,-1.E0,0.E0));
#2674=VECTOR('',#2673,5.E-2);
#2675=CARTESIAN_POINT('',(-3.15E0,-1.95E0,6.2E0));
#2676=LINE('',#2675,#2674);
#2677=DIRECTION('',(0.E0,0.E0,1.E0));
#2678=VECTOR('',#2677,2.E-1);
#2679=CARTESIAN_POINT('',(-3.15E0,1.95E0,6.2E0));
#2680=LINE('',#2679,#2678);
#2681=DIRECTION('',(0.E0,0.E0,-1.E0));
#2682=VECTOR('',#2681,2.E-1);
#2683=CARTESIAN_POINT('',(-3.15E0,2.E0,6.4E0));
#2684=LINE('',#2683,#2682);
#2685=DIRECTION('',(0.E0,-1.E0,0.E0));
#2686=VECTOR('',#2685,5.E-2);
#2687=CARTESIAN_POINT('',(-3.15E0,2.E0,6.2E0));
#2688=LINE('',#2687,#2686);
#2689=DIRECTION('',(1.E0,0.E0,0.E0));
#2690=VECTOR('',#2689,3.89E0);
#2691=CARTESIAN_POINT('',(-3.15E0,-1.95E0,6.2E0));
#2692=LINE('',#2691,#2690);
#2693=DIRECTION('',(0.E0,1.E0,0.E0));
#2694=VECTOR('',#2693,3.9E0);
#2695=CARTESIAN_POINT('',(7.4E-1,-1.95E0,6.2E0));
#2696=LINE('',#2695,#2694);
#2697=DIRECTION('',(-1.E0,0.E0,0.E0));
#2698=VECTOR('',#2697,3.89E0);
#2699=CARTESIAN_POINT('',(7.4E-1,1.95E0,6.2E0));
#2700=LINE('',#2699,#2698);
#2701=DIRECTION('',(0.E0,0.E0,1.E0));
#2702=VECTOR('',#2701,4.3751E0);
#2703=CARTESIAN_POINT('',(7.4E-1,-1.95E0,6.2E0));
#2704=LINE('',#2703,#2702);
#2705=DIRECTION('',(0.E0,1.E0,0.E0));
#2706=VECTOR('',#2705,3.9E0);
#2707=CARTESIAN_POINT('',(7.4E-1,-1.95E0,1.05751E1));
#2708=LINE('',#2707,#2706);
#2709=DIRECTION('',(0.E0,1.E0,0.E0));
#2710=VECTOR('',#2709,3.9E0);
#2711=CARTESIAN_POINT('',(5.135E-1,-1.95E0,1.085853121145E1));
#2712=LINE('',#2711,#2710);
#2713=DIRECTION('',(0.E0,1.E0,0.E0));
#2714=VECTOR('',#2713,3.9E0);
#2715=CARTESIAN_POINT('',(2.694E-1,-1.95E0,1.070976340709E1));
#2716=LINE('',#2715,#2714);
#2717=DIRECTION('',(0.E0,1.E0,0.E0));
#2718=VECTOR('',#2717,3.9E0);
#2719=CARTESIAN_POINT('',(9.12E-2,-1.95E0,1.099678454291E1));
#2720=LINE('',#2719,#2718);
#2721=DIRECTION('',(0.E0,1.E0,0.E0));
#2722=VECTOR('',#2721,3.9E0);
#2723=CARTESIAN_POINT('',(-1.605E-1,-1.95E0,1.081691441207E1));
#2724=LINE('',#2723,#2722);
#2725=DIRECTION('',(0.E0,1.E0,0.E0));
#2726=VECTOR('',#2725,3.9E0);
#2727=CARTESIAN_POINT('',(-2.997000002194E-1,-1.95E0,1.109591981604E1));
#2728=LINE('',#2727,#2726);
#2729=DIRECTION('',(0.E0,1.E0,0.E0));
#2730=VECTOR('',#2729,3.9E0);
#2731=CARTESIAN_POINT('',(-5.732779316798E-1,-1.95E0,1.098770316243E1));
#2732=LINE('',#2731,#2730);
#2733=DIRECTION('',(0.E0,1.E0,0.E0));
#2734=VECTOR('',#2733,3.9E0);
#2735=CARTESIAN_POINT('',(-6.833393329588E-1,-1.95E0,1.11875E1));
#2736=LINE('',#2735,#2734);
#2737=DIRECTION('',(0.E0,1.E0,0.E0));
#2738=VECTOR('',#2737,3.9E0);
#2739=CARTESIAN_POINT('',(-9.618E-1,-1.95E0,1.108226959567E1));
#2740=LINE('',#2739,#2738);
#2741=DIRECTION('',(0.E0,1.E0,0.E0));
#2742=VECTOR('',#2741,3.9E0);
#2743=CARTESIAN_POINT('',(-1.2068E0,-1.95E0,1.14E1));
#2744=LINE('',#2743,#2742);
#2745=DIRECTION('',(0.E0,1.E0,0.E0));
#2746=VECTOR('',#2745,3.9E0);
#2747=CARTESIAN_POINT('',(-1.4414E0,-1.95E0,1.106938739489E1));
#2748=LINE('',#2747,#2746);
#2749=DIRECTION('',(0.E0,1.E0,0.E0));
#2750=VECTOR('',#2749,3.9E0);
#2751=CARTESIAN_POINT('',(-1.682705233403E0,-1.95E0,1.13022E1));
#2752=LINE('',#2751,#2750);
#2753=DIRECTION('',(0.E0,1.E0,0.E0));
#2754=VECTOR('',#2753,3.9E0);
#2755=CARTESIAN_POINT('',(-1.761456505018E0,-1.95E0,1.087979819507E1));
#2756=LINE('',#2755,#2754);
#2757=DIRECTION('',(0.E0,1.E0,0.E0));
#2758=VECTOR('',#2757,3.9E0);
#2759=CARTESIAN_POINT('',(-2.116841619294E0,-1.95E0,1.11959E1));
#2760=LINE('',#2759,#2758);
#2761=DIRECTION('',(0.E0,1.E0,0.E0));
#2762=VECTOR('',#2761,3.9E0);
#2763=CARTESIAN_POINT('',(-2.194937490292E0,-1.95E0,1.077701359740E1));
#2764=LINE('',#2763,#2762);
#2765=DIRECTION('',(0.E0,1.E0,0.E0));
#2766=VECTOR('',#2765,3.9E0);
#2767=CARTESIAN_POINT('',(-2.4617E0,-1.95E0,1.095888705350E1));
#2768=LINE('',#2767,#2766);
#2769=DIRECTION('',(0.E0,1.E0,0.E0));
#2770=VECTOR('',#2769,3.9E0);
#2771=CARTESIAN_POINT('',(-2.4617E0,-1.95E0,1.060038705350E1));
#2772=LINE('',#2771,#2770);
#2773=DIRECTION('',(0.E0,1.E0,0.E0));
#2774=VECTOR('',#2773,3.9E0);
#2775=CARTESIAN_POINT('',(-2.7533E0,-1.95E0,1.085360045352E1));
#2776=LINE('',#2775,#2774);
#2777=DIRECTION('',(0.E0,1.E0,0.E0));
#2778=VECTOR('',#2777,3.9E0);
#2779=CARTESIAN_POINT('',(-2.7533E0,-1.95E0,1.051730045352E1));
#2780=LINE('',#2779,#2778);
#2781=DIRECTION('',(0.E0,1.E0,0.E0));
#2782=VECTOR('',#2781,3.9E0);
#2783=CARTESIAN_POINT('',(-3.0129E0,-1.95E0,1.086555520162E1));
#2784=LINE('',#2783,#2782);
#2785=DIRECTION('',(-1.E0,0.E0,0.E0));
#2786=VECTOR('',#2785,6.3E0);
#2787=CARTESIAN_POINT('',(3.15E0,2.E0,6.2E0));
#2788=LINE('',#2787,#2786);
#2789=DIRECTION('',(0.E0,0.E0,-1.E0));
#2790=VECTOR('',#2789,2.E-1);
#2791=CARTESIAN_POINT('',(3.15E0,2.E0,6.4E0));
#2792=LINE('',#2791,#2790);
#2793=DIRECTION('',(0.E0,1.E0,0.E0));
#2794=VECTOR('',#2793,4.E0);
#2795=CARTESIAN_POINT('',(3.15E0,-2.E0,6.2E0));
#2796=LINE('',#2795,#2794);
#2797=DIRECTION('',(0.E0,0.E0,-1.E0));
#2798=VECTOR('',#2797,2.E-1);
#2799=CARTESIAN_POINT('',(3.15E0,-2.E0,6.4E0));
#2800=LINE('',#2799,#2798);
#2801=DIRECTION('',(1.E0,0.E0,0.E0));
#2802=VECTOR('',#2801,6.3E0);
#2803=CARTESIAN_POINT('',(-3.15E0,-2.E0,6.2E0));
#2804=LINE('',#2803,#2802);
#2805=DIRECTION('',(0.E0,0.E0,-1.E0));
#2806=VECTOR('',#2805,2.E-1);
#2807=CARTESIAN_POINT('',(-3.15E0,-2.E0,6.4E0));
#2808=LINE('',#2807,#2806);
#2809=CARTESIAN_POINT('',(-6.35E0,3.E0,0.E0));
#2810=CARTESIAN_POINT('',(-6.35E0,-3.E0,0.E0));
#2811=VERTEX_POINT('',#2809);
#2812=VERTEX_POINT('',#2810);
#2813=CARTESIAN_POINT('',(6.35E0,-3.E0,0.E0));
#2814=VERTEX_POINT('',#2813);
#2815=CARTESIAN_POINT('',(6.35E0,3.E0,0.E0));
#2816=VERTEX_POINT('',#2815);
#2817=CARTESIAN_POINT('',(-6.35E0,3.E0,6.1E0));
#2818=CARTESIAN_POINT('',(-6.35E0,-3.E0,6.1E0));
#2819=VERTEX_POINT('',#2817);
#2820=VERTEX_POINT('',#2818);
#2821=CARTESIAN_POINT('',(6.35E0,-3.E0,6.1E0));
#2822=VERTEX_POINT('',#2821);
#2823=CARTESIAN_POINT('',(6.35E0,3.E0,6.1E0));
#2824=VERTEX_POINT('',#2823);
#2825=CARTESIAN_POINT('',(6.35E0,-3.05E0,6.05E0));
#2826=CARTESIAN_POINT('',(6.35E0,-2.95E0,6.15E0));
#2827=VERTEX_POINT('',#2825);
#2828=VERTEX_POINT('',#2826);
#2829=CARTESIAN_POINT('',(6.35E0,2.95E0,6.15E0));
#2830=VERTEX_POINT('',#2829);
#2831=CARTESIAN_POINT('',(6.35E0,3.05E0,6.05E0));
#2832=VERTEX_POINT('',#2831);
#2833=CARTESIAN_POINT('',(6.35E0,3.3E0,6.05E0));
#2834=CARTESIAN_POINT('',(6.35E0,2.95E0,6.4E0));
#2835=VERTEX_POINT('',#2833);
#2836=VERTEX_POINT('',#2834);
#2837=CARTESIAN_POINT('',(6.35E0,-2.95E0,6.4E0));
#2838=VERTEX_POINT('',#2837);
#2839=CARTESIAN_POINT('',(6.35E0,-3.3E0,6.05E0));
#2840=VERTEX_POINT('',#2839);
#2841=CARTESIAN_POINT('',(-6.35E0,-3.05E0,6.05E0));
#2842=CARTESIAN_POINT('',(-6.35E0,-2.95E0,6.15E0));
#2843=VERTEX_POINT('',#2841);
#2844=VERTEX_POINT('',#2842);
#2845=CARTESIAN_POINT('',(-6.35E0,2.95E0,6.15E0));
#2846=VERTEX_POINT('',#2845);
#2847=CARTESIAN_POINT('',(-6.35E0,3.05E0,6.05E0));
#2848=VERTEX_POINT('',#2847);
#2849=CARTESIAN_POINT('',(-6.35E0,3.3E0,6.05E0));
#2850=CARTESIAN_POINT('',(-6.35E0,2.95E0,6.4E0));
#2851=VERTEX_POINT('',#2849);
#2852=VERTEX_POINT('',#2850);
#2853=CARTESIAN_POINT('',(-6.35E0,-2.95E0,6.4E0));
#2854=VERTEX_POINT('',#2853);
#2855=CARTESIAN_POINT('',(-6.35E0,-3.3E0,6.05E0));
#2856=VERTEX_POINT('',#2855);
#2857=CARTESIAN_POINT('',(-3.15E0,-2.E0,6.4E0));
#2858=CARTESIAN_POINT('',(3.15E0,-2.E0,6.4E0));
#2859=VERTEX_POINT('',#2857);
#2860=VERTEX_POINT('',#2858);
#2861=CARTESIAN_POINT('',(3.15E0,2.E0,6.4E0));
#2862=VERTEX_POINT('',#2861);
#2863=CARTESIAN_POINT('',(-3.15E0,2.E0,6.4E0));
#2864=VERTEX_POINT('',#2863);
#2865=CARTESIAN_POINT('',(-3.5947E0,2.2425E0,6.1E0));
#2866=CARTESIAN_POINT('',(-3.5947E0,-2.2425E0,6.1E0));
#2867=VERTEX_POINT('',#2865);
#2868=VERTEX_POINT('',#2866);
#2869=CARTESIAN_POINT('',(3.5947E0,-2.2425E0,6.1E0));
#2870=VERTEX_POINT('',#2869);
#2871=CARTESIAN_POINT('',(3.5947E0,2.2425E0,6.1E0));
#2872=VERTEX_POINT('',#2871);
#2873=CARTESIAN_POINT('',(-3.5947E0,2.2425E0,6.15E0));
#2874=CARTESIAN_POINT('',(-3.5947E0,-2.2425E0,6.15E0));
#2875=VERTEX_POINT('',#2873);
#2876=VERTEX_POINT('',#2874);
#2877=CARTESIAN_POINT('',(3.5947E0,-2.2425E0,6.15E0));
#2878=VERTEX_POINT('',#2877);
#2879=CARTESIAN_POINT('',(3.5947E0,2.2425E0,6.15E0));
#2880=VERTEX_POINT('',#2879);
#2881=CARTESIAN_POINT('',(-3.15E0,-2.E0,6.2E0));
#2882=CARTESIAN_POINT('',(3.15E0,-2.E0,6.2E0));
#2883=VERTEX_POINT('',#2881);
#2884=VERTEX_POINT('',#2882);
#2885=CARTESIAN_POINT('',(3.15E0,2.E0,6.2E0));
#2886=VERTEX_POINT('',#2885);
#2887=CARTESIAN_POINT('',(-3.15E0,2.E0,6.2E0));
#2888=VERTEX_POINT('',#2887);
#2889=CARTESIAN_POINT('',(-3.15E0,-1.95E0,6.2E0));
#2890=CARTESIAN_POINT('',(7.4E-1,-1.95E0,6.2E0));
#2891=VERTEX_POINT('',#2889);
#2892=VERTEX_POINT('',#2890);
#2893=CARTESIAN_POINT('',(7.4E-1,1.95E0,6.2E0));
#2894=VERTEX_POINT('',#2893);
#2895=CARTESIAN_POINT('',(-3.15E0,1.95E0,6.2E0));
#2896=VERTEX_POINT('',#2895);
#2897=CARTESIAN_POINT('',(-5.1438E0,-3.05E0,2.073019278563E0));
#2898=CARTESIAN_POINT('',(-2.1438E0,-3.05E0,2.073019278563E0));
#2899=VERTEX_POINT('',#2897);
#2900=VERTEX_POINT('',#2898);
#2901=CARTESIAN_POINT('',(-2.1438E0,-3.05E0,3.573019278563E0));
#2902=VERTEX_POINT('',#2901);
#2903=CARTESIAN_POINT('',(-5.1438E0,-3.05E0,3.573019278563E0));
#2904=VERTEX_POINT('',#2903);
#2905=CARTESIAN_POINT('',(5.1438E0,-3.05E0,2.073019278563E0));
#2906=CARTESIAN_POINT('',(5.1438E0,-3.05E0,3.573019278563E0));
#2907=VERTEX_POINT('',#2905);
#2908=VERTEX_POINT('',#2906);
#2909=CARTESIAN_POINT('',(2.1438E0,-3.05E0,3.573019278563E0));
#2910=VERTEX_POINT('',#2909);
#2911=CARTESIAN_POINT('',(2.1438E0,-3.05E0,2.073019278563E0));
#2912=VERTEX_POINT('',#2911);
#2913=CARTESIAN_POINT('',(-5.1438E0,-3.3E0,2.073019278563E0));
#2914=CARTESIAN_POINT('',(-2.1438E0,-3.3E0,2.073019278563E0));
#2915=VERTEX_POINT('',#2913);
#2916=VERTEX_POINT('',#2914);
#2917=CARTESIAN_POINT('',(-2.1438E0,-3.3E0,3.573019278563E0));
#2918=VERTEX_POINT('',#2917);
#2919=CARTESIAN_POINT('',(-5.1438E0,-3.3E0,3.573019278563E0));
#2920=VERTEX_POINT('',#2919);
#2921=CARTESIAN_POINT('',(5.1438E0,-3.3E0,2.073019278563E0));
#2922=CARTESIAN_POINT('',(5.1438E0,-3.3E0,3.573019278563E0));
#2923=VERTEX_POINT('',#2921);
#2924=VERTEX_POINT('',#2922);
#2925=CARTESIAN_POINT('',(2.1438E0,-3.3E0,3.573019278563E0));
#2926=VERTEX_POINT('',#2925);
#2927=CARTESIAN_POINT('',(2.1438E0,-3.3E0,2.073019278563E0));
#2928=VERTEX_POINT('',#2927);
#2929=CARTESIAN_POINT('',(-7.5E-1,-3.3E0,3.65E0));
#2930=CARTESIAN_POINT('',(-7.5E-1,-3.05E0,3.65E0));
#2931=VERTEX_POINT('',#2929);
#2932=VERTEX_POINT('',#2930);
#2933=CARTESIAN_POINT('',(7.5E-1,-3.3E0,3.65E0));
#2934=CARTESIAN_POINT('',(7.5E-1,-3.05E0,3.65E0));
#2935=VERTEX_POINT('',#2933);
#2936=VERTEX_POINT('',#2934);
#2937=CARTESIAN_POINT('',(-5.0626E0,-3.35E0,2.232465986012E0));
#2938=CARTESIAN_POINT('',(-2.2712E0,-3.35E0,2.232465986012E0));
#2939=VERTEX_POINT('',#2937);
#2940=VERTEX_POINT('',#2938);
#2941=CARTESIAN_POINT('',(2.2712E0,-3.35E0,2.232465986012E0));
#2942=CARTESIAN_POINT('',(5.0626E0,-3.35E0,2.232465986012E0));
#2943=VERTEX_POINT('',#2941);
#2944=VERTEX_POINT('',#2942);
#2945=CARTESIAN_POINT('',(6.471E-1,-3.35E0,3.457515986012E0));
#2946=CARTESIAN_POINT('',(-6.471E-1,-3.35E0,3.457515986012E0));
#2947=VERTEX_POINT('',#2945);
#2948=VERTEX_POINT('',#2946);
#2949=CARTESIAN_POINT('',(-6.471E-1,-3.35E0,2.425115986012E0));
#2950=VERTEX_POINT('',#2949);
#2951=CARTESIAN_POINT('',(6.471E-1,-3.35E0,2.425115986012E0));
#2952=VERTEX_POINT('',#2951);
#2953=CARTESIAN_POINT('',(-5.0626E0,-3.E0,2.232465986012E0));
#2954=CARTESIAN_POINT('',(-2.2712E0,-3.E0,2.232465986012E0));
#2955=VERTEX_POINT('',#2953);
#2956=VERTEX_POINT('',#2954);
#2957=CARTESIAN_POINT('',(-2.2712E0,-3.E0,3.264865986012E0));
#2958=VERTEX_POINT('',#2957);
#2959=CARTESIAN_POINT('',(-5.0626E0,-3.E0,3.264865986012E0));
#2960=VERTEX_POINT('',#2959);
#2961=CARTESIAN_POINT('',(5.0626E0,-3.E0,2.232465986012E0));
#2962=CARTESIAN_POINT('',(5.0626E0,-3.E0,3.264865986012E0));
#2963=VERTEX_POINT('',#2961);
#2964=VERTEX_POINT('',#2962);
#2965=CARTESIAN_POINT('',(2.2712E0,-3.E0,3.264865986012E0));
#2966=VERTEX_POINT('',#2965);
#2967=CARTESIAN_POINT('',(2.2712E0,-3.E0,2.232465986012E0));
#2968=VERTEX_POINT('',#2967);
#2969=CARTESIAN_POINT('',(6.471E-1,-3.E0,3.457515986012E0));
#2970=CARTESIAN_POINT('',(-6.471E-1,-3.E0,3.457515986012E0));
#2971=VERTEX_POINT('',#2969);
#2972=VERTEX_POINT('',#2970);
#2973=CARTESIAN_POINT('',(-6.471E-1,-3.E0,2.425115986012E0));
#2974=VERTEX_POINT('',#2973);
#2975=CARTESIAN_POINT('',(6.471E-1,-3.E0,2.425115986012E0));
#2976=VERTEX_POINT('',#2975);
#2977=CARTESIAN_POINT('',(-5.0626E0,-3.35E0,2.664865986012E0));
#2978=CARTESIAN_POINT('',(-5.0626E0,-3.15E0,3.264865986012E0));
#2979=VERTEX_POINT('',#2977);
#2980=VERTEX_POINT('',#2978);
#2981=CARTESIAN_POINT('',(-2.2712E0,-3.15E0,3.264865986012E0));
#2982=VERTEX_POINT('',#2981);
#2983=CARTESIAN_POINT('',(-2.2712E0,-3.35E0,2.664865986012E0));
#2984=VERTEX_POINT('',#2983);
#2985=CARTESIAN_POINT('',(2.2712E0,-3.35E0,2.664865986012E0));
#2986=CARTESIAN_POINT('',(2.2712E0,-3.15E0,3.264865986012E0));
#2987=VERTEX_POINT('',#2985);
#2988=VERTEX_POINT('',#2986);
#2989=CARTESIAN_POINT('',(5.0626E0,-3.15E0,3.264865986012E0));
#2990=VERTEX_POINT('',#2989);
#2991=CARTESIAN_POINT('',(5.0626E0,-3.35E0,2.664865986012E0));
#2992=VERTEX_POINT('',#2991);
#2993=CARTESIAN_POINT('',(-6.35E0,-3.3E0,2.E0));
#2994=CARTESIAN_POINT('',(-5.95E0,-3.3E0,1.4E0));
#2995=VERTEX_POINT('',#2993);
#2996=VERTEX_POINT('',#2994);
#2997=CARTESIAN_POINT('',(-5.95E0,-3.05E0,1.4E0));
#2998=VERTEX_POINT('',#2997);
#2999=CARTESIAN_POINT('',(-6.35E0,-3.05E0,2.E0));
#3000=VERTEX_POINT('',#2999);
#3001=CARTESIAN_POINT('',(6.35E0,-3.05E0,1.7E0));
#3002=CARTESIAN_POINT('',(6.05E0,-3.05E0,1.4E0));
#3003=VERTEX_POINT('',#3001);
#3004=VERTEX_POINT('',#3002);
#3005=CARTESIAN_POINT('',(6.05E0,-3.3E0,1.4E0));
#3006=VERTEX_POINT('',#3005);
#3007=CARTESIAN_POINT('',(6.35E0,-3.3E0,1.7E0));
#3008=VERTEX_POINT('',#3007);
#3009=CARTESIAN_POINT('',(-5.1438E0,3.3E0,2.073019278563E0));
#3010=CARTESIAN_POINT('',(-5.1438E0,3.05E0,2.073019278563E0));
#3011=VERTEX_POINT('',#3009);
#3012=VERTEX_POINT('',#3010);
#3013=CARTESIAN_POINT('',(-2.1438E0,3.3E0,2.073019278563E0));
#3014=CARTESIAN_POINT('',(-2.1438E0,3.05E0,2.073019278563E0));
#3015=VERTEX_POINT('',#3013);
#3016=VERTEX_POINT('',#3014);
#3017=CARTESIAN_POINT('',(-2.1438E0,3.3E0,3.573019278563E0));
#3018=CARTESIAN_POINT('',(-2.1438E0,3.05E0,3.573019278563E0));
#3019=VERTEX_POINT('',#3017);
#3020=VERTEX_POINT('',#3018);
#3021=CARTESIAN_POINT('',(-5.1438E0,3.3E0,3.573019278563E0));
#3022=CARTESIAN_POINT('',(-5.1438E0,3.05E0,3.573019278563E0));
#3023=VERTEX_POINT('',#3021);
#3024=VERTEX_POINT('',#3022);
#3025=CARTESIAN_POINT('',(5.1438E0,3.3E0,2.073019278563E0));
#3026=CARTESIAN_POINT('',(5.1438E0,3.05E0,2.073019278563E0));
#3027=VERTEX_POINT('',#3025);
#3028=VERTEX_POINT('',#3026);
#3029=CARTESIAN_POINT('',(5.1438E0,3.3E0,3.573019278563E0));
#3030=CARTESIAN_POINT('',(5.1438E0,3.05E0,3.573019278563E0));
#3031=VERTEX_POINT('',#3029);
#3032=VERTEX_POINT('',#3030);
#3033=CARTESIAN_POINT('',(2.1438E0,3.3E0,3.573019278563E0));
#3034=CARTESIAN_POINT('',(2.1438E0,3.05E0,3.573019278563E0));
#3035=VERTEX_POINT('',#3033);
#3036=VERTEX_POINT('',#3034);
#3037=CARTESIAN_POINT('',(2.1438E0,3.3E0,2.073019278563E0));
#3038=CARTESIAN_POINT('',(2.1438E0,3.05E0,2.073019278563E0));
#3039=VERTEX_POINT('',#3037);
#3040=VERTEX_POINT('',#3038);
#3041=CARTESIAN_POINT('',(-7.5E-1,3.05E0,3.65E0));
#3042=CARTESIAN_POINT('',(-7.5E-1,3.3E0,3.65E0));
#3043=VERTEX_POINT('',#3041);
#3044=VERTEX_POINT('',#3042);
#3045=CARTESIAN_POINT('',(7.5E-1,3.05E0,3.65E0));
#3046=CARTESIAN_POINT('',(7.5E-1,3.3E0,3.65E0));
#3047=VERTEX_POINT('',#3045);
#3048=VERTEX_POINT('',#3046);
#3049=CARTESIAN_POINT('',(-6.35E0,3.05E0,2.1E0));
#3050=CARTESIAN_POINT('',(-5.95E0,3.05E0,1.5E0));
#3051=VERTEX_POINT('',#3049);
#3052=VERTEX_POINT('',#3050);
#3053=CARTESIAN_POINT('',(-5.95E0,3.3E0,1.5E0));
#3054=VERTEX_POINT('',#3053);
#3055=CARTESIAN_POINT('',(-6.35E0,3.3E0,2.1E0));
#3056=VERTEX_POINT('',#3055);
#3057=CARTESIAN_POINT('',(6.35E0,3.3E0,1.8E0));
#3058=CARTESIAN_POINT('',(6.05E0,3.3E0,1.5E0));
#3059=VERTEX_POINT('',#3057);
#3060=VERTEX_POINT('',#3058);
#3061=CARTESIAN_POINT('',(6.05E0,3.05E0,1.5E0));
#3062=VERTEX_POINT('',#3061);
#3063=CARTESIAN_POINT('',(6.35E0,3.05E0,1.8E0));
#3064=VERTEX_POINT('',#3063);
#3065=CARTESIAN_POINT('',(-5.0626E0,3.35E0,2.232465986012E0));
#3066=CARTESIAN_POINT('',(-2.2712E0,3.35E0,2.232465986012E0));
#3067=VERTEX_POINT('',#3065);
#3068=VERTEX_POINT('',#3066);
#3069=CARTESIAN_POINT('',(2.2712E0,3.35E0,2.232465986012E0));
#3070=CARTESIAN_POINT('',(5.0626E0,3.35E0,2.232465986012E0));
#3071=VERTEX_POINT('',#3069);
#3072=VERTEX_POINT('',#3070);
#3073=CARTESIAN_POINT('',(6.471E-1,3.35E0,3.457515986012E0));
#3074=CARTESIAN_POINT('',(-6.471E-1,3.35E0,3.457515986012E0));
#3075=VERTEX_POINT('',#3073);
#3076=VERTEX_POINT('',#3074);
#3077=CARTESIAN_POINT('',(-6.471E-1,3.35E0,2.425115986012E0));
#3078=VERTEX_POINT('',#3077);
#3079=CARTESIAN_POINT('',(6.471E-1,3.35E0,2.425115986012E0));
#3080=VERTEX_POINT('',#3079);
#3081=CARTESIAN_POINT('',(-5.0626E0,3.E0,2.232465986012E0));
#3082=VERTEX_POINT('',#3081);
#3083=CARTESIAN_POINT('',(-2.2712E0,3.E0,2.232465986012E0));
#3084=VERTEX_POINT('',#3083);
#3085=CARTESIAN_POINT('',(5.0626E0,3.E0,2.232465986012E0));
#3086=VERTEX_POINT('',#3085);
#3087=CARTESIAN_POINT('',(2.2712E0,3.E0,2.232465986012E0));
#3088=VERTEX_POINT('',#3087);
#3089=CARTESIAN_POINT('',(6.471E-1,3.E0,3.457515986012E0));
#3090=VERTEX_POINT('',#3089);
#3091=CARTESIAN_POINT('',(-6.471E-1,3.E0,3.457515986012E0));
#3092=VERTEX_POINT('',#3091);
#3093=CARTESIAN_POINT('',(-6.471E-1,3.E0,2.425115986012E0));
#3094=VERTEX_POINT('',#3093);
#3095=CARTESIAN_POINT('',(6.471E-1,3.E0,2.425115986012E0));
#3096=VERTEX_POINT('',#3095);
#3097=CARTESIAN_POINT('',(-2.2712E0,3.E0,3.264865986012E0));
#3098=VERTEX_POINT('',#3097);
#3099=CARTESIAN_POINT('',(-5.0626E0,3.E0,3.264865986012E0));
#3100=VERTEX_POINT('',#3099);
#3101=CARTESIAN_POINT('',(5.0626E0,3.E0,3.264865986012E0));
#3102=VERTEX_POINT('',#3101);
#3103=CARTESIAN_POINT('',(2.2712E0,3.E0,3.264865986012E0));
#3104=VERTEX_POINT('',#3103);
#3105=CARTESIAN_POINT('',(-2.2712E0,3.35E0,2.664865986012E0));
#3106=CARTESIAN_POINT('',(-2.2712E0,3.15E0,3.264865986012E0));
#3107=VERTEX_POINT('',#3105);
#3108=VERTEX_POINT('',#3106);
#3109=CARTESIAN_POINT('',(-5.0626E0,3.15E0,3.264865986012E0));
#3110=VERTEX_POINT('',#3109);
#3111=CARTESIAN_POINT('',(-5.0626E0,3.35E0,2.664865986012E0));
#3112=VERTEX_POINT('',#3111);
#3113=CARTESIAN_POINT('',(5.0626E0,3.35E0,2.664865986012E0));
#3114=CARTESIAN_POINT('',(5.0626E0,3.15E0,3.264865986012E0));
#3115=VERTEX_POINT('',#3113);
#3116=VERTEX_POINT('',#3114);
#3117=CARTESIAN_POINT('',(2.2712E0,3.15E0,3.264865986012E0));
#3118=VERTEX_POINT('',#3117);
#3119=CARTESIAN_POINT('',(2.2712E0,3.35E0,2.664865986012E0));
#3120=VERTEX_POINT('',#3119);
#3121=CARTESIAN_POINT('',(-5.05E0,6.5E-1,-6.15E0));
#3122=CARTESIAN_POINT('',(-5.05E0,-6.5E-1,-6.15E0));
#3123=VERTEX_POINT('',#3121);
#3124=VERTEX_POINT('',#3122);
#3125=CARTESIAN_POINT('',(-4.35E0,-6.5E-1,-6.15E0));
#3126=VERTEX_POINT('',#3125);
#3127=CARTESIAN_POINT('',(-4.35E0,6.5E-1,-6.15E0));
#3128=VERTEX_POINT('',#3127);
#3129=CARTESIAN_POINT('',(1.595218851290E0,2.627315811952E0,-2.E-2));
#3130=CARTESIAN_POINT('',(1.595218851290E0,1.877715811952E0,-2.E-2));
#3131=VERTEX_POINT('',#3129);
#3132=VERTEX_POINT('',#3130);
#3133=CARTESIAN_POINT('',(1.033018851290E0,1.877715811952E0,-2.E-2));
#3134=VERTEX_POINT('',#3133);
#3135=CARTESIAN_POINT('',(1.033018851290E0,1.973409428735E0,-2.E-2));
#3136=VERTEX_POINT('',#3135);
#3137=CARTESIAN_POINT('',(1.501518851290E0,1.973409428735E0,-2.E-2));
#3138=VERTEX_POINT('',#3137);
#3139=CARTESIAN_POINT('',(1.501518851290E0,2.627315811952E0,-2.E-2));
#3140=VERTEX_POINT('',#3139);
#3141=CARTESIAN_POINT('',(2.990355477429E-1,2.069103045519E0,-2.E-2));
#3142=CARTESIAN_POINT('',(3.927355477429E-1,2.069103045519E0,-2.E-2));
#3143=VERTEX_POINT('',#3141);
#3144=VERTEX_POINT('',#3142);
#3145=CARTESIAN_POINT('',(4.083521548367E-1,2.021256242712E0,-2.E-2));
#3146=VERTEX_POINT('',#3145);
#3147=CARTESIAN_POINT('',(4.552021548367E-1,1.989358363004E0,-2.E-2));
#3148=VERTEX_POINT('',#3147);
#3149=CARTESIAN_POINT('',(5.176688512898E-1,1.973409428735E0,-2.E-2));
#3150=VERTEX_POINT('',#3149);
#3151=CARTESIAN_POINT('',(6.582188512898E-1,1.973409428735E0,-2.E-2));
#3152=VERTEX_POINT('',#3151);
#3153=CARTESIAN_POINT('',(7.206855477429E-1,1.989358363004E0,-2.E-2));
#3154=VERTEX_POINT('',#3153);
#3155=CARTESIAN_POINT('',(7.675355477429E-1,2.021256242712E0,-2.E-2));
#3156=VERTEX_POINT('',#3155);
#3157=CARTESIAN_POINT('',(7.987688512898E-1,2.069103045519E0,-2.E-2));
#3158=VERTEX_POINT('',#3157);
#3159=CARTESIAN_POINT('',(8.143855477429E-1,2.132898782595E0,-2.E-2));
#3160=VERTEX_POINT('',#3159);
#3161=CARTESIAN_POINT('',(8.143855477429E-1,2.372132818969E0,-2.E-2));
#3162=VERTEX_POINT('',#3161);
#3163=CARTESIAN_POINT('',(7.987688512898E-1,2.435928556045E0,-2.E-2));
#3164=VERTEX_POINT('',#3163);
#3165=CARTESIAN_POINT('',(7.675355477429E-1,2.483775403531E0,-2.E-2));
#3166=VERTEX_POINT('',#3165);
#3167=CARTESIAN_POINT('',(7.206855477429E-1,2.515673272069E0,-2.E-2));
#3168=VERTEX_POINT('',#3167);
#3169=CARTESIAN_POINT('',(6.582188512898E-1,2.531622206338E0,-2.E-2));
#3170=VERTEX_POINT('',#3169);
#3171=CARTESIAN_POINT('',(5.176688512898E-1,2.531622206338E0,-2.E-2));
#3172=VERTEX_POINT('',#3171);
#3173=CARTESIAN_POINT('',(4.552021548367E-1,2.515673272069E0,-2.E-2));
#3174=VERTEX_POINT('',#3173);
#3175=CARTESIAN_POINT('',(4.083521548367E-1,2.483775403531E0,-2.E-2));
#3176=VERTEX_POINT('',#3175);
#3177=CARTESIAN_POINT('',(3.927355477429E-1,2.435928556045E0,-2.E-2));
#3178=VERTEX_POINT('',#3177);
#3179=CARTESIAN_POINT('',(2.990355477429E-1,2.435928556045E0,-2.E-2));
#3180=VERTEX_POINT('',#3179);
#3181=CARTESIAN_POINT('',(3.146521548367E-1,2.515673272069E0,-2.E-2));
#3182=VERTEX_POINT('',#3181);
#3183=CARTESIAN_POINT('',(3.771188512898E-1,2.579469009145E0,-2.E-2));
#3184=VERTEX_POINT('',#3183);
#3185=CARTESIAN_POINT('',(4.395855477429E-1,2.611366877683E0,-2.E-2));
#3186=VERTEX_POINT('',#3185);
#3187=CARTESIAN_POINT('',(5.176688512898E-1,2.627315811952E0,-2.E-2));
#3188=VERTEX_POINT('',#3187);
#3189=CARTESIAN_POINT('',(6.582188512898E-1,2.627315811952E0,-2.E-2));
#3190=VERTEX_POINT('',#3189);
#3191=CARTESIAN_POINT('',(7.363021548367E-1,2.611366877683E0,-2.E-2));
#3192=VERTEX_POINT('',#3191);
#3193=CARTESIAN_POINT('',(7.987688512898E-1,2.579469009145E0,-2.E-2));
#3194=VERTEX_POINT('',#3193);
#3195=CARTESIAN_POINT('',(8.612355030632E-1,2.515673272069E0,-2.E-2));
#3196=VERTEX_POINT('',#3195);
#3197=CARTESIAN_POINT('',(8.924688512898E-1,2.451877534993E0,-2.E-2));
#3198=VERTEX_POINT('',#3197);
#3199=CARTESIAN_POINT('',(9.080855030632E-1,2.372132818969E0,-2.E-2));
#3200=VERTEX_POINT('',#3199);
#3201=CARTESIAN_POINT('',(9.080855030632E-1,2.132898782595E0,-2.E-2));
#3202=VERTEX_POINT('',#3201);
#3203=CARTESIAN_POINT('',(8.924688512898E-1,2.053154111250E0,-2.E-2));
#3204=VERTEX_POINT('',#3203);
#3205=CARTESIAN_POINT('',(8.612355030632E-1,1.989358363004E0,-2.E-2));
#3206=VERTEX_POINT('',#3205);
#3207=CARTESIAN_POINT('',(7.987688512898E-1,1.925562620343E0,-2.E-2));
#3208=VERTEX_POINT('',#3207);
#3209=CARTESIAN_POINT('',(7.363021548367E-1,1.893664747617E0,-2.E-2));
#3210=VERTEX_POINT('',#3209);
#3211=CARTESIAN_POINT('',(6.582188512898E-1,1.877715811952E0,-2.E-2));
#3212=VERTEX_POINT('',#3211);
#3213=CARTESIAN_POINT('',(5.176688512898E-1,1.877715811952E0,-2.E-2));
#3214=VERTEX_POINT('',#3213);
#3215=CARTESIAN_POINT('',(4.395855477429E-1,1.893664747617E0,-2.E-2));
#3216=VERTEX_POINT('',#3215);
#3217=CARTESIAN_POINT('',(3.771188512898E-1,1.925562620343E0,-2.E-2));
#3218=VERTEX_POINT('',#3217);
#3219=CARTESIAN_POINT('',(3.146521548367E-1,1.989358363004E0,-2.E-2));
#3220=VERTEX_POINT('',#3219);
#3221=CARTESIAN_POINT('',(-3.880977558040E-1,1.973409428735E0,-2.E-2));
#3222=CARTESIAN_POINT('',(8.040224419596E-2,1.973409428735E0,-2.E-2));
#3223=VERTEX_POINT('',#3221);
#3224=VERTEX_POINT('',#3222);
#3225=CARTESIAN_POINT('',(8.040224419596E-2,2.228592410548E0,-2.E-2));
#3226=VERTEX_POINT('',#3225);
#3227=CARTESIAN_POINT('',(-3.256311487102E-1,2.228592410548E0,-2.E-2));
#3228=VERTEX_POINT('',#3227);
#3229=CARTESIAN_POINT('',(-3.256311487102E-1,2.324286016162E0,-2.E-2));
#3230=VERTEX_POINT('',#3229);
#3231=CARTESIAN_POINT('',(8.040224419596E-2,2.324286016162E0,-2.E-2));
#3232=VERTEX_POINT('',#3231);
#3233=CARTESIAN_POINT('',(8.040224419596E-2,2.531622206338E0,-2.E-2));
#3234=VERTEX_POINT('',#3233);
#3235=CARTESIAN_POINT('',(-3.880977558040E-1,2.531622206338E0,-2.E-2));
#3236=VERTEX_POINT('',#3235);
#3237=CARTESIAN_POINT('',(-3.880977558040E-1,2.627315811952E0,-2.E-2));
#3238=VERTEX_POINT('',#3237);
#3239=CARTESIAN_POINT('',(1.741021548367E-1,2.627315811952E0,-2.E-2));
#3240=VERTEX_POINT('',#3239);
#3241=CARTESIAN_POINT('',(1.741021548367E-1,1.877715811952E0,-2.E-2));
#3242=VERTEX_POINT('',#3241);
#3243=CARTESIAN_POINT('',(-3.880977558040E-1,1.877715811952E0,-2.E-2));
#3244=VERTEX_POINT('',#3243);
#3245=CARTESIAN_POINT('',(-8.878311487102E-1,2.627315811952E0,-2.E-2));
#3246=CARTESIAN_POINT('',(-5.130311487102E-1,2.627315811952E0,-2.E-2));
#3247=VERTEX_POINT('',#3245);
#3248=VERTEX_POINT('',#3246);
#3249=CARTESIAN_POINT('',(-5.130311487102E-1,1.877715811952E0,-2.E-2));
#3250=VERTEX_POINT('',#3249);
#3251=CARTESIAN_POINT('',(-8.878311487102E-1,1.877715811952E0,-2.E-2));
#3252=VERTEX_POINT('',#3251);
#3253=CARTESIAN_POINT('',(-9.659145416164E-1,1.893664747617E0,-2.E-2));
#3254=VERTEX_POINT('',#3253);
#3255=CARTESIAN_POINT('',(-1.028381148710E0,1.925562620343E0,-2.E-2));
#3256=VERTEX_POINT('',#3255);
#3257=CARTESIAN_POINT('',(-1.090847755804E0,1.989358363004E0,-2.E-2));
#3258=VERTEX_POINT('',#3257);
#3259=CARTESIAN_POINT('',(-1.122081148710E0,2.053154111250E0,-2.E-2));
#3260=VERTEX_POINT('',#3259);
#3261=CARTESIAN_POINT('',(-1.137697755804E0,2.132898782595E0,-2.E-2));
#3262=VERTEX_POINT('',#3261);
#3263=CARTESIAN_POINT('',(-1.137697755804E0,2.372132818969E0,-2.E-2));
#3264=VERTEX_POINT('',#3263);
#3265=CARTESIAN_POINT('',(-1.122081148710E0,2.451877534993E0,-2.E-2));
#3266=VERTEX_POINT('',#3265);
#3267=CARTESIAN_POINT('',(-1.090847755804E0,2.515673272069E0,-2.E-2));
#3268=VERTEX_POINT('',#3267);
#3269=CARTESIAN_POINT('',(-1.028381148710E0,2.579469009145E0,-2.E-2));
#3270=VERTEX_POINT('',#3269);
#3271=CARTESIAN_POINT('',(-9.659145416164E-1,2.611366877683E0,-2.E-2));
#3272=VERTEX_POINT('',#3271);
#3273=CARTESIAN_POINT('',(-6.067311487102E-1,2.531622206338E0,-2.E-2));
#3274=CARTESIAN_POINT('',(-8.878311487102E-1,2.531622206338E0,-2.E-2));
#3275=VERTEX_POINT('',#3273);
#3276=VERTEX_POINT('',#3274);
#3277=CARTESIAN_POINT('',(-9.502977558040E-1,2.515673272069E0,-2.E-2));
#3278=VERTEX_POINT('',#3277);
#3279=CARTESIAN_POINT('',(-9.971477558040E-1,2.483775403531E0,-2.E-2));
#3280=VERTEX_POINT('',#3279);
#3281=CARTESIAN_POINT('',(-1.028381148710E0,2.435928556045E0,-2.E-2));
#3282=VERTEX_POINT('',#3281);
#3283=CARTESIAN_POINT('',(-1.043997755804E0,2.372132818969E0,-2.E-2));
#3284=VERTEX_POINT('',#3283);
#3285=CARTESIAN_POINT('',(-1.043997755804E0,2.132898782595E0,-2.E-2));
#3286=VERTEX_POINT('',#3285);
#3287=CARTESIAN_POINT('',(-1.028381148710E0,2.069103045519E0,-2.E-2));
#3288=VERTEX_POINT('',#3287);
#3289=CARTESIAN_POINT('',(-9.971477558040E-1,2.021256242712E0,-2.E-2));
#3290=VERTEX_POINT('',#3289);
#3291=CARTESIAN_POINT('',(-9.502977558040E-1,1.989358363004E0,-2.E-2));
#3292=VERTEX_POINT('',#3291);
#3293=CARTESIAN_POINT('',(-8.878311487102E-1,1.973409428735E0,-2.E-2));
#3294=VERTEX_POINT('',#3293);
#3295=CARTESIAN_POINT('',(-6.067311487102E-1,1.973409428735E0,-2.E-2));
#3296=VERTEX_POINT('',#3295);
#3297=CARTESIAN_POINT('',(-1.637431148710E0,2.627315811952E0,-2.E-2));
#3298=CARTESIAN_POINT('',(-1.512497934523E0,2.627315811952E0,-2.E-2));
#3299=VERTEX_POINT('',#3297);
#3300=VERTEX_POINT('',#3298);
#3301=CARTESIAN_POINT('',(-1.262631148710E0,1.877715811952E0,-2.E-2));
#3302=VERTEX_POINT('',#3301);
#3303=CARTESIAN_POINT('',(-1.356331148710E0,1.877715811952E0,-2.E-2));
#3304=VERTEX_POINT('',#3303);
#3305=CARTESIAN_POINT('',(-1.418797934523E0,2.069103045519E0,-2.E-2));
#3306=VERTEX_POINT('',#3305);
#3307=CARTESIAN_POINT('',(-1.731131148710E0,2.069103045519E0,-2.E-2));
#3308=VERTEX_POINT('',#3307);
#3309=CARTESIAN_POINT('',(-1.793597934523E0,1.877715811952E0,-2.E-2));
#3310=VERTEX_POINT('',#3309);
#3311=CARTESIAN_POINT('',(-1.887297934523E0,1.877715811952E0,-2.E-2));
#3312=VERTEX_POINT('',#3311);
#3313=CARTESIAN_POINT('',(-1.574964362898E0,2.563520074876E0,-2.E-2));
#3314=CARTESIAN_POINT('',(-1.715514362898E0,2.132898782595E0,-2.E-2));
#3315=VERTEX_POINT('',#3313);
#3316=VERTEX_POINT('',#3314);
#3317=CARTESIAN_POINT('',(-1.434414362898E0,2.132898782595E0,-2.E-2));
#3318=VERTEX_POINT('',#3317);
#3319=CARTESIAN_POINT('',(1.595218851290E0,2.627315811952E0,0.E0));
#3320=CARTESIAN_POINT('',(1.595218851290E0,1.877715811952E0,0.E0));
#3321=VERTEX_POINT('',#3319);
#3322=VERTEX_POINT('',#3320);
#3323=CARTESIAN_POINT('',(1.033018851290E0,1.877715811952E0,0.E0));
#3324=VERTEX_POINT('',#3323);
#3325=CARTESIAN_POINT('',(1.033018851290E0,1.973409428735E0,0.E0));
#3326=VERTEX_POINT('',#3325);
#3327=CARTESIAN_POINT('',(1.501518851290E0,1.973409428735E0,0.E0));
#3328=VERTEX_POINT('',#3327);
#3329=CARTESIAN_POINT('',(1.501518851290E0,2.627315811952E0,0.E0));
#3330=VERTEX_POINT('',#3329);
#3331=CARTESIAN_POINT('',(2.990355477429E-1,2.069103045519E0,0.E0));
#3332=CARTESIAN_POINT('',(3.927355477429E-1,2.069103045519E0,0.E0));
#3333=VERTEX_POINT('',#3331);
#3334=VERTEX_POINT('',#3332);
#3335=CARTESIAN_POINT('',(4.083521548367E-1,2.021256242712E0,0.E0));
#3336=VERTEX_POINT('',#3335);
#3337=CARTESIAN_POINT('',(4.552021548367E-1,1.989358363004E0,0.E0));
#3338=VERTEX_POINT('',#3337);
#3339=CARTESIAN_POINT('',(5.176688512898E-1,1.973409428735E0,0.E0));
#3340=VERTEX_POINT('',#3339);
#3341=CARTESIAN_POINT('',(6.582188512898E-1,1.973409428735E0,0.E0));
#3342=VERTEX_POINT('',#3341);
#3343=CARTESIAN_POINT('',(7.206855477429E-1,1.989358363004E0,0.E0));
#3344=VERTEX_POINT('',#3343);
#3345=CARTESIAN_POINT('',(7.675355477429E-1,2.021256242712E0,0.E0));
#3346=VERTEX_POINT('',#3345);
#3347=CARTESIAN_POINT('',(7.987688512898E-1,2.069103045519E0,0.E0));
#3348=VERTEX_POINT('',#3347);
#3349=CARTESIAN_POINT('',(8.143855477429E-1,2.132898782595E0,0.E0));
#3350=VERTEX_POINT('',#3349);
#3351=CARTESIAN_POINT('',(8.143855477429E-1,2.372132818969E0,0.E0));
#3352=VERTEX_POINT('',#3351);
#3353=CARTESIAN_POINT('',(7.987688512898E-1,2.435928556045E0,0.E0));
#3354=VERTEX_POINT('',#3353);
#3355=CARTESIAN_POINT('',(7.675355477429E-1,2.483775403531E0,0.E0));
#3356=VERTEX_POINT('',#3355);
#3357=CARTESIAN_POINT('',(7.206855477429E-1,2.515673272069E0,0.E0));
#3358=VERTEX_POINT('',#3357);
#3359=CARTESIAN_POINT('',(6.582188512898E-1,2.531622206338E0,0.E0));
#3360=VERTEX_POINT('',#3359);
#3361=CARTESIAN_POINT('',(5.176688512898E-1,2.531622206338E0,0.E0));
#3362=VERTEX_POINT('',#3361);
#3363=CARTESIAN_POINT('',(4.552021548367E-1,2.515673272069E0,0.E0));
#3364=VERTEX_POINT('',#3363);
#3365=CARTESIAN_POINT('',(4.083521548367E-1,2.483775403531E0,0.E0));
#3366=VERTEX_POINT('',#3365);
#3367=CARTESIAN_POINT('',(3.927355477429E-1,2.435928556045E0,0.E0));
#3368=VERTEX_POINT('',#3367);
#3369=CARTESIAN_POINT('',(2.990355477429E-1,2.435928556045E0,0.E0));
#3370=VERTEX_POINT('',#3369);
#3371=CARTESIAN_POINT('',(3.146521548367E-1,2.515673272069E0,0.E0));
#3372=VERTEX_POINT('',#3371);
#3373=CARTESIAN_POINT('',(3.771188512898E-1,2.579469009145E0,0.E0));
#3374=VERTEX_POINT('',#3373);
#3375=CARTESIAN_POINT('',(4.395855477429E-1,2.611366877683E0,0.E0));
#3376=VERTEX_POINT('',#3375);
#3377=CARTESIAN_POINT('',(5.176688512898E-1,2.627315811952E0,0.E0));
#3378=VERTEX_POINT('',#3377);
#3379=CARTESIAN_POINT('',(6.582188512898E-1,2.627315811952E0,0.E0));
#3380=VERTEX_POINT('',#3379);
#3381=CARTESIAN_POINT('',(7.363021548367E-1,2.611366877683E0,0.E0));
#3382=VERTEX_POINT('',#3381);
#3383=CARTESIAN_POINT('',(7.987688512898E-1,2.579469009145E0,0.E0));
#3384=VERTEX_POINT('',#3383);
#3385=CARTESIAN_POINT('',(8.612355030632E-1,2.515673272069E0,0.E0));
#3386=VERTEX_POINT('',#3385);
#3387=CARTESIAN_POINT('',(8.924688512898E-1,2.451877534993E0,0.E0));
#3388=VERTEX_POINT('',#3387);
#3389=CARTESIAN_POINT('',(9.080855030632E-1,2.372132818969E0,0.E0));
#3390=VERTEX_POINT('',#3389);
#3391=CARTESIAN_POINT('',(9.080855030632E-1,2.132898782595E0,0.E0));
#3392=VERTEX_POINT('',#3391);
#3393=CARTESIAN_POINT('',(8.924688512898E-1,2.053154111250E0,0.E0));
#3394=VERTEX_POINT('',#3393);
#3395=CARTESIAN_POINT('',(8.612355030632E-1,1.989358363004E0,0.E0));
#3396=VERTEX_POINT('',#3395);
#3397=CARTESIAN_POINT('',(7.987688512898E-1,1.925562620343E0,0.E0));
#3398=VERTEX_POINT('',#3397);
#3399=CARTESIAN_POINT('',(7.363021548367E-1,1.893664747617E0,0.E0));
#3400=VERTEX_POINT('',#3399);
#3401=CARTESIAN_POINT('',(6.582188512898E-1,1.877715811952E0,0.E0));
#3402=VERTEX_POINT('',#3401);
#3403=CARTESIAN_POINT('',(5.176688512898E-1,1.877715811952E0,0.E0));
#3404=VERTEX_POINT('',#3403);
#3405=CARTESIAN_POINT('',(4.395855477429E-1,1.893664747617E0,0.E0));
#3406=VERTEX_POINT('',#3405);
#3407=CARTESIAN_POINT('',(3.771188512898E-1,1.925562620343E0,0.E0));
#3408=VERTEX_POINT('',#3407);
#3409=CARTESIAN_POINT('',(3.146521548367E-1,1.989358363004E0,0.E0));
#3410=VERTEX_POINT('',#3409);
#3411=CARTESIAN_POINT('',(-3.880977558040E-1,1.973409428735E0,0.E0));
#3412=CARTESIAN_POINT('',(8.040224419596E-2,1.973409428735E0,0.E0));
#3413=VERTEX_POINT('',#3411);
#3414=VERTEX_POINT('',#3412);
#3415=CARTESIAN_POINT('',(8.040224419596E-2,2.228592410548E0,0.E0));
#3416=VERTEX_POINT('',#3415);
#3417=CARTESIAN_POINT('',(-3.256311487102E-1,2.228592410548E0,0.E0));
#3418=VERTEX_POINT('',#3417);
#3419=CARTESIAN_POINT('',(-3.256311487102E-1,2.324286016162E0,0.E0));
#3420=VERTEX_POINT('',#3419);
#3421=CARTESIAN_POINT('',(8.040224419596E-2,2.324286016162E0,0.E0));
#3422=VERTEX_POINT('',#3421);
#3423=CARTESIAN_POINT('',(8.040224419596E-2,2.531622206338E0,0.E0));
#3424=VERTEX_POINT('',#3423);
#3425=CARTESIAN_POINT('',(-3.880977558040E-1,2.531622206338E0,0.E0));
#3426=VERTEX_POINT('',#3425);
#3427=CARTESIAN_POINT('',(-3.880977558040E-1,2.627315811952E0,0.E0));
#3428=VERTEX_POINT('',#3427);
#3429=CARTESIAN_POINT('',(1.741021548367E-1,2.627315811952E0,0.E0));
#3430=VERTEX_POINT('',#3429);
#3431=CARTESIAN_POINT('',(1.741021548367E-1,1.877715811952E0,0.E0));
#3432=VERTEX_POINT('',#3431);
#3433=CARTESIAN_POINT('',(-3.880977558040E-1,1.877715811952E0,0.E0));
#3434=VERTEX_POINT('',#3433);
#3435=CARTESIAN_POINT('',(-8.878311487102E-1,2.627315811952E0,0.E0));
#3436=CARTESIAN_POINT('',(-5.130311487102E-1,2.627315811952E0,0.E0));
#3437=VERTEX_POINT('',#3435);
#3438=VERTEX_POINT('',#3436);
#3439=CARTESIAN_POINT('',(-5.130311487102E-1,1.877715811952E0,0.E0));
#3440=VERTEX_POINT('',#3439);
#3441=CARTESIAN_POINT('',(-8.878311487102E-1,1.877715811952E0,0.E0));
#3442=VERTEX_POINT('',#3441);
#3443=CARTESIAN_POINT('',(-9.659145416164E-1,1.893664747617E0,0.E0));
#3444=VERTEX_POINT('',#3443);
#3445=CARTESIAN_POINT('',(-1.028381148710E0,1.925562620343E0,0.E0));
#3446=VERTEX_POINT('',#3445);
#3447=CARTESIAN_POINT('',(-1.090847755804E0,1.989358363004E0,0.E0));
#3448=VERTEX_POINT('',#3447);
#3449=CARTESIAN_POINT('',(-1.122081148710E0,2.053154111250E0,0.E0));
#3450=VERTEX_POINT('',#3449);
#3451=CARTESIAN_POINT('',(-1.137697755804E0,2.132898782595E0,0.E0));
#3452=VERTEX_POINT('',#3451);
#3453=CARTESIAN_POINT('',(-1.137697755804E0,2.372132818969E0,0.E0));
#3454=VERTEX_POINT('',#3453);
#3455=CARTESIAN_POINT('',(-1.122081148710E0,2.451877534993E0,0.E0));
#3456=VERTEX_POINT('',#3455);
#3457=CARTESIAN_POINT('',(-1.090847755804E0,2.515673272069E0,0.E0));
#3458=VERTEX_POINT('',#3457);
#3459=CARTESIAN_POINT('',(-1.028381148710E0,2.579469009145E0,0.E0));
#3460=VERTEX_POINT('',#3459);
#3461=CARTESIAN_POINT('',(-9.659145416164E-1,2.611366877683E0,0.E0));
#3462=VERTEX_POINT('',#3461);
#3463=CARTESIAN_POINT('',(-6.067311487102E-1,2.531622206338E0,0.E0));
#3464=CARTESIAN_POINT('',(-8.878311487102E-1,2.531622206338E0,0.E0));
#3465=VERTEX_POINT('',#3463);
#3466=VERTEX_POINT('',#3464);
#3467=CARTESIAN_POINT('',(-9.502977558040E-1,2.515673272069E0,0.E0));
#3468=VERTEX_POINT('',#3467);
#3469=CARTESIAN_POINT('',(-9.971477558040E-1,2.483775403531E0,0.E0));
#3470=VERTEX_POINT('',#3469);
#3471=CARTESIAN_POINT('',(-1.028381148710E0,2.435928556045E0,0.E0));
#3472=VERTEX_POINT('',#3471);
#3473=CARTESIAN_POINT('',(-1.043997755804E0,2.372132818969E0,0.E0));
#3474=VERTEX_POINT('',#3473);
#3475=CARTESIAN_POINT('',(-1.043997755804E0,2.132898782595E0,0.E0));
#3476=VERTEX_POINT('',#3475);
#3477=CARTESIAN_POINT('',(-1.028381148710E0,2.069103045519E0,0.E0));
#3478=VERTEX_POINT('',#3477);
#3479=CARTESIAN_POINT('',(-9.971477558040E-1,2.021256242712E0,0.E0));
#3480=VERTEX_POINT('',#3479);
#3481=CARTESIAN_POINT('',(-9.502977558040E-1,1.989358363004E0,0.E0));
#3482=VERTEX_POINT('',#3481);
#3483=CARTESIAN_POINT('',(-8.878311487102E-1,1.973409428735E0,0.E0));
#3484=VERTEX_POINT('',#3483);
#3485=CARTESIAN_POINT('',(-6.067311487102E-1,1.973409428735E0,0.E0));
#3486=VERTEX_POINT('',#3485);
#3487=CARTESIAN_POINT('',(-1.637431148710E0,2.627315811952E0,0.E0));
#3488=CARTESIAN_POINT('',(-1.512497934523E0,2.627315811952E0,0.E0));
#3489=VERTEX_POINT('',#3487);
#3490=VERTEX_POINT('',#3488);
#3491=CARTESIAN_POINT('',(-1.262631148710E0,1.877715811952E0,0.E0));
#3492=VERTEX_POINT('',#3491);
#3493=CARTESIAN_POINT('',(-1.356331148710E0,1.877715811952E0,0.E0));
#3494=VERTEX_POINT('',#3493);
#3495=CARTESIAN_POINT('',(-1.418797934523E0,2.069103045519E0,0.E0));
#3496=VERTEX_POINT('',#3495);
#3497=CARTESIAN_POINT('',(-1.731131148710E0,2.069103045519E0,0.E0));
#3498=VERTEX_POINT('',#3497);
#3499=CARTESIAN_POINT('',(-1.793597934523E0,1.877715811952E0,0.E0));
#3500=VERTEX_POINT('',#3499);
#3501=CARTESIAN_POINT('',(-1.887297934523E0,1.877715811952E0,0.E0));
#3502=VERTEX_POINT('',#3501);
#3503=CARTESIAN_POINT('',(-1.574964362898E0,2.563520074876E0,0.E0));
#3504=CARTESIAN_POINT('',(-1.715514362898E0,2.132898782595E0,0.E0));
#3505=VERTEX_POINT('',#3503);
#3506=VERTEX_POINT('',#3504);
#3507=CARTESIAN_POINT('',(-1.434414362898E0,2.132898782595E0,0.E0));
#3508=VERTEX_POINT('',#3507);
#3509=CARTESIAN_POINT('',(-1.05E0,-3.3E0,1.4E0));
#3510=CARTESIAN_POINT('',(-7.5E-1,-3.3E0,1.7E0));
#3511=VERTEX_POINT('',#3509);
#3512=VERTEX_POINT('',#3510);
#3513=CARTESIAN_POINT('',(-7.5E-1,-3.05E0,1.7E0));
#3514=VERTEX_POINT('',#3513);
#3515=CARTESIAN_POINT('',(-1.05E0,-3.05E0,1.4E0));
#3516=VERTEX_POINT('',#3515);
#3517=CARTESIAN_POINT('',(1.05E0,-3.05E0,1.4E0));
#3518=CARTESIAN_POINT('',(7.5E-1,-3.05E0,1.7E0));
#3519=VERTEX_POINT('',#3517);
#3520=VERTEX_POINT('',#3518);
#3521=CARTESIAN_POINT('',(7.5E-1,-3.3E0,1.7E0));
#3522=VERTEX_POINT('',#3521);
#3523=CARTESIAN_POINT('',(1.05E0,-3.3E0,1.4E0));
#3524=VERTEX_POINT('',#3523);
#3525=CARTESIAN_POINT('',(-1.05E0,3.05E0,1.5E0));
#3526=CARTESIAN_POINT('',(-7.5E-1,3.05E0,1.8E0));
#3527=VERTEX_POINT('',#3525);
#3528=VERTEX_POINT('',#3526);
#3529=CARTESIAN_POINT('',(-7.5E-1,3.3E0,1.8E0));
#3530=VERTEX_POINT('',#3529);
#3531=CARTESIAN_POINT('',(-1.05E0,3.3E0,1.5E0));
#3532=VERTEX_POINT('',#3531);
#3533=CARTESIAN_POINT('',(1.05E0,3.3E0,1.5E0));
#3534=CARTESIAN_POINT('',(7.5E-1,3.3E0,1.8E0));
#3535=VERTEX_POINT('',#3533);
#3536=VERTEX_POINT('',#3534);
#3537=CARTESIAN_POINT('',(7.5E-1,3.05E0,1.8E0));
#3538=VERTEX_POINT('',#3537);
#3539=CARTESIAN_POINT('',(1.05E0,3.05E0,1.5E0));
#3540=VERTEX_POINT('',#3539);
#3541=CARTESIAN_POINT('',(-3.16E0,1.95E0,6.4E0));
#3542=CARTESIAN_POINT('',(-3.16E0,-1.95E0,6.4E0));
#3543=VERTEX_POINT('',#3541);
#3544=VERTEX_POINT('',#3542);
#3545=CARTESIAN_POINT('',(-3.15E0,-1.95E0,6.4E0));
#3546=VERTEX_POINT('',#3545);
#3547=CARTESIAN_POINT('',(-3.15E0,1.95E0,6.4E0));
#3548=VERTEX_POINT('',#3547);
#3549=CARTESIAN_POINT('',(-3.16E0,-1.95E0,1.05433E1));
#3550=CARTESIAN_POINT('',(-3.0129E0,-1.95E0,1.086555520162E1));
#3551=VERTEX_POINT('',#3549);
#3552=VERTEX_POINT('',#3550);
#3553=CARTESIAN_POINT('',(-2.7533E0,-1.95E0,1.051730045352E1));
#3554=VERTEX_POINT('',#3553);
#3555=CARTESIAN_POINT('',(-2.7533E0,-1.95E0,1.085360045352E1));
#3556=VERTEX_POINT('',#3555);
#3557=CARTESIAN_POINT('',(-2.4617E0,-1.95E0,1.060038705350E1));
#3558=VERTEX_POINT('',#3557);
#3559=CARTESIAN_POINT('',(-2.4617E0,-1.95E0,1.095888705350E1));
#3560=VERTEX_POINT('',#3559);
#3561=CARTESIAN_POINT('',(-2.194937490292E0,-1.95E0,1.077701359740E1));
#3562=VERTEX_POINT('',#3561);
#3563=CARTESIAN_POINT('',(-2.116841619294E0,-1.95E0,1.11959E1));
#3564=VERTEX_POINT('',#3563);
#3565=CARTESIAN_POINT('',(-1.761456505018E0,-1.95E0,1.087979819507E1));
#3566=VERTEX_POINT('',#3565);
#3567=CARTESIAN_POINT('',(-1.682705233403E0,-1.95E0,1.13022E1));
#3568=VERTEX_POINT('',#3567);
#3569=CARTESIAN_POINT('',(-1.4414E0,-1.95E0,1.106938739489E1));
#3570=VERTEX_POINT('',#3569);
#3571=CARTESIAN_POINT('',(-1.2068E0,-1.95E0,1.14E1));
#3572=VERTEX_POINT('',#3571);
#3573=CARTESIAN_POINT('',(-9.618E-1,-1.95E0,1.108226959567E1));
#3574=VERTEX_POINT('',#3573);
#3575=CARTESIAN_POINT('',(-6.833393329588E-1,-1.95E0,1.11875E1));
#3576=VERTEX_POINT('',#3575);
#3577=CARTESIAN_POINT('',(-5.732779316798E-1,-1.95E0,1.098770316243E1));
#3578=VERTEX_POINT('',#3577);
#3579=CARTESIAN_POINT('',(-2.997000002194E-1,-1.95E0,1.109591981604E1));
#3580=VERTEX_POINT('',#3579);
#3581=CARTESIAN_POINT('',(-1.605E-1,-1.95E0,1.081691441207E1));
#3582=VERTEX_POINT('',#3581);
#3583=CARTESIAN_POINT('',(9.12E-2,-1.95E0,1.099678454291E1));
#3584=VERTEX_POINT('',#3583);
#3585=CARTESIAN_POINT('',(2.694E-1,-1.95E0,1.070976340709E1));
#3586=CARTESIAN_POINT('',(5.135E-1,-1.95E0,1.085853121145E1));
#3587=VERTEX_POINT('',#3585);
#3588=VERTEX_POINT('',#3586);
#3589=CARTESIAN_POINT('',(7.4E-1,-1.95E0,1.05751E1));
#3590=VERTEX_POINT('',#3589);
#3591=CARTESIAN_POINT('',(-3.0129E0,1.95E0,1.086555520162E1));
#3592=VERTEX_POINT('',#3591);
#3593=CARTESIAN_POINT('',(-2.7533E0,1.95E0,1.051730045352E1));
#3594=VERTEX_POINT('',#3593);
#3595=CARTESIAN_POINT('',(-2.7533E0,1.95E0,1.085360045352E1));
#3596=VERTEX_POINT('',#3595);
#3597=CARTESIAN_POINT('',(-2.4617E0,1.95E0,1.060038705350E1));
#3598=VERTEX_POINT('',#3597);
#3599=CARTESIAN_POINT('',(-2.4617E0,1.95E0,1.095888705350E1));
#3600=VERTEX_POINT('',#3599);
#3601=CARTESIAN_POINT('',(-2.194937490292E0,1.95E0,1.077701359740E1));
#3602=VERTEX_POINT('',#3601);
#3603=CARTESIAN_POINT('',(-2.116841619294E0,1.95E0,1.11959E1));
#3604=VERTEX_POINT('',#3603);
#3605=CARTESIAN_POINT('',(-1.761456505018E0,1.95E0,1.087979819507E1));
#3606=VERTEX_POINT('',#3605);
#3607=CARTESIAN_POINT('',(-1.682705233403E0,1.95E0,1.13022E1));
#3608=VERTEX_POINT('',#3607);
#3609=CARTESIAN_POINT('',(-1.4414E0,1.95E0,1.106938739489E1));
#3610=VERTEX_POINT('',#3609);
#3611=CARTESIAN_POINT('',(-1.2068E0,1.95E0,1.14E1));
#3612=VERTEX_POINT('',#3611);
#3613=CARTESIAN_POINT('',(-9.618E-1,1.95E0,1.108226959567E1));
#3614=VERTEX_POINT('',#3613);
#3615=CARTESIAN_POINT('',(-6.833393329588E-1,1.95E0,1.11875E1));
#3616=VERTEX_POINT('',#3615);
#3617=CARTESIAN_POINT('',(-5.732779316798E-1,1.95E0,1.098770316243E1));
#3618=VERTEX_POINT('',#3617);
#3619=CARTESIAN_POINT('',(-2.997000002194E-1,1.95E0,1.109591981604E1));
#3620=VERTEX_POINT('',#3619);
#3621=CARTESIAN_POINT('',(-1.605E-1,1.95E0,1.081691441207E1));
#3622=VERTEX_POINT('',#3621);
#3623=CARTESIAN_POINT('',(5.135E-1,1.95E0,1.085853121145E1));
#3624=VERTEX_POINT('',#3623);
#3625=CARTESIAN_POINT('',(-3.16E0,1.95E0,1.05433E1));
#3626=VERTEX_POINT('',#3625);
#3627=CARTESIAN_POINT('',(7.4E-1,1.95E0,1.05751E1));
#3628=VERTEX_POINT('',#3627);
#3629=CARTESIAN_POINT('',(9.12E-2,1.95E0,1.099678454291E1));
#3630=VERTEX_POINT('',#3629);
#3631=CARTESIAN_POINT('',(2.694E-1,1.95E0,1.070976340709E1));
#3632=VERTEX_POINT('',#3631);
#3633=CARTESIAN_POINT('',(-5.05E0,1.E0,-1.E0));
#3634=CARTESIAN_POINT('',(-4.35E0,1.E0,-1.E0));
#3635=VERTEX_POINT('',#3633);
#3636=VERTEX_POINT('',#3634);
#3637=CARTESIAN_POINT('',(-5.05E0,-1.E0,-1.E0));
#3638=CARTESIAN_POINT('',(-4.35E0,-1.E0,-1.E0));
#3639=VERTEX_POINT('',#3637);
#3640=VERTEX_POINT('',#3638);
#3641=CARTESIAN_POINT('',(-4.35E0,1.E0,0.E0));
#3642=CARTESIAN_POINT('',(-5.05E0,1.E0,0.E0));
#3643=VERTEX_POINT('',#3641);
#3644=VERTEX_POINT('',#3642);
#3645=CARTESIAN_POINT('',(-4.35E0,-1.E0,0.E0));
#3646=CARTESIAN_POINT('',(-5.05E0,-1.E0,0.E0));
#3647=VERTEX_POINT('',#3645);
#3648=VERTEX_POINT('',#3646);
#3649=CARTESIAN_POINT('',(-4.35E0,-6.5E-1,-1.5E0));
#3650=CARTESIAN_POINT('',(-5.05E0,-6.5E-1,-1.5E0));
#3651=VERTEX_POINT('',#3649);
#3652=VERTEX_POINT('',#3650);
#3653=CARTESIAN_POINT('',(-5.05E0,6.5E-1,-1.5E0));
#3654=CARTESIAN_POINT('',(-4.35E0,6.5E-1,-1.5E0));
#3655=VERTEX_POINT('',#3653);
#3656=VERTEX_POINT('',#3654);
#3657=CARTESIAN_POINT('',(-3.5E-1,1.E0,-1.E0));
#3658=CARTESIAN_POINT('',(3.5E-1,1.E0,-1.E0));
#3659=VERTEX_POINT('',#3657);
#3660=VERTEX_POINT('',#3658);
#3661=CARTESIAN_POINT('',(-3.5E-1,-1.E0,-1.E0));
#3662=CARTESIAN_POINT('',(3.5E-1,-1.E0,-1.E0));
#3663=VERTEX_POINT('',#3661);
#3664=VERTEX_POINT('',#3662);
#3665=CARTESIAN_POINT('',(-3.5E-1,1.E0,0.E0));
#3666=VERTEX_POINT('',#3665);
#3667=CARTESIAN_POINT('',(-3.5E-1,6.5E-1,-1.5E0));
#3668=VERTEX_POINT('',#3667);
#3669=CARTESIAN_POINT('',(-3.5E-1,-6.5E-1,-1.5E0));
#3670=VERTEX_POINT('',#3669);
#3671=CARTESIAN_POINT('',(-3.5E-1,-1.E0,0.E0));
#3672=VERTEX_POINT('',#3671);
#3673=CARTESIAN_POINT('',(3.5E-1,1.E0,0.E0));
#3674=VERTEX_POINT('',#3673);
#3675=CARTESIAN_POINT('',(3.5E-1,6.5E-1,-1.5E0));
#3676=VERTEX_POINT('',#3675);
#3677=CARTESIAN_POINT('',(3.5E-1,-6.5E-1,-1.5E0));
#3678=VERTEX_POINT('',#3677);
#3679=CARTESIAN_POINT('',(3.5E-1,-1.E0,0.E0));
#3680=VERTEX_POINT('',#3679);
#3681=CARTESIAN_POINT('',(4.35E0,1.E0,-1.E0));
#3682=CARTESIAN_POINT('',(5.05E0,1.E0,-1.E0));
#3683=VERTEX_POINT('',#3681);
#3684=VERTEX_POINT('',#3682);
#3685=CARTESIAN_POINT('',(4.35E0,-1.E0,-1.E0));
#3686=CARTESIAN_POINT('',(5.05E0,-1.E0,-1.E0));
#3687=VERTEX_POINT('',#3685);
#3688=VERTEX_POINT('',#3686);
#3689=CARTESIAN_POINT('',(4.35E0,1.E0,0.E0));
#3690=VERTEX_POINT('',#3689);
#3691=CARTESIAN_POINT('',(4.35E0,6.5E-1,-1.5E0));
#3692=VERTEX_POINT('',#3691);
#3693=CARTESIAN_POINT('',(4.35E0,-6.5E-1,-1.5E0));
#3694=VERTEX_POINT('',#3693);
#3695=CARTESIAN_POINT('',(4.35E0,-1.E0,0.E0));
#3696=VERTEX_POINT('',#3695);
#3697=CARTESIAN_POINT('',(5.05E0,1.E0,0.E0));
#3698=VERTEX_POINT('',#3697);
#3699=CARTESIAN_POINT('',(5.05E0,6.5E-1,-1.5E0));
#3700=VERTEX_POINT('',#3699);
#3701=CARTESIAN_POINT('',(5.05E0,-6.5E-1,-1.5E0));
#3702=VERTEX_POINT('',#3701);
#3703=CARTESIAN_POINT('',(5.05E0,-1.E0,0.E0));
#3704=VERTEX_POINT('',#3703);
#3705=CARTESIAN_POINT('',(-3.5E-1,6.5E-1,-6.15E0));
#3706=CARTESIAN_POINT('',(-3.5E-1,-6.5E-1,-6.15E0));
#3707=VERTEX_POINT('',#3705);
#3708=VERTEX_POINT('',#3706);
#3709=CARTESIAN_POINT('',(3.5E-1,-6.5E-1,-6.15E0));
#3710=VERTEX_POINT('',#3709);
#3711=CARTESIAN_POINT('',(3.5E-1,6.5E-1,-6.15E0));
#3712=VERTEX_POINT('',#3711);
#3713=CARTESIAN_POINT('',(4.35E0,6.5E-1,-6.15E0));
#3714=CARTESIAN_POINT('',(4.35E0,-6.5E-1,-6.15E0));
#3715=VERTEX_POINT('',#3713);
#3716=VERTEX_POINT('',#3714);
#3717=CARTESIAN_POINT('',(5.05E0,-6.5E-1,-6.15E0));
#3718=VERTEX_POINT('',#3717);
#3719=CARTESIAN_POINT('',(5.05E0,6.5E-1,-6.15E0));
#3720=VERTEX_POINT('',#3719);
#3721=CARTESIAN_POINT('',(6.35E0,0.E0,0.E0));
#3722=DIRECTION('',(1.E0,0.E0,0.E0));
#3723=DIRECTION('',(0.E0,1.E0,0.E0));
#3724=AXIS2_PLACEMENT_3D('',#3721,#3722,#3723);
#3725=PLANE('',#3724);
#3727=ORIENTED_EDGE('',*,*,#3726,.F.);
#3729=ORIENTED_EDGE('',*,*,#3728,.F.);
#3731=ORIENTED_EDGE('',*,*,#3730,.F.);
#3733=ORIENTED_EDGE('',*,*,#3732,.F.);
#3735=ORIENTED_EDGE('',*,*,#3734,.F.);
#3737=ORIENTED_EDGE('',*,*,#3736,.F.);
#3739=ORIENTED_EDGE('',*,*,#3738,.F.);
#3741=ORIENTED_EDGE('',*,*,#3740,.F.);
#3743=ORIENTED_EDGE('',*,*,#3742,.F.);
#3745=ORIENTED_EDGE('',*,*,#3744,.F.);
#3747=ORIENTED_EDGE('',*,*,#3746,.F.);
#3749=ORIENTED_EDGE('',*,*,#3748,.F.);
#3750=EDGE_LOOP('',(#3727,#3729,#3731,#3733,#3735,#3737,#3739,#3741,#3743,#3745,
#3747,#3749));
#3751=FACE_OUTER_BOUND('',#3750,.F.);
#3752=ADVANCED_FACE('',(#3751),#3725,.T.);
#3753=FILL_AREA_STYLE_COLOUR('',#26);
#3754=FILL_AREA_STYLE('',(#3753));
#3755=SURFACE_STYLE_FILL_AREA(#3754);
#3756=SURFACE_SIDE_STYLE('',(#3755));
#3757=SURFACE_STYLE_USAGE(.POSITIVE.,#3756);
#3758=PRESENTATION_STYLE_ASSIGNMENT((#3757));
#3759=STYLED_ITEM('',(#3758),#3752);
#3760=CARTESIAN_POINT('',(6.05E0,-1.190376E1,1.8E0));
#3761=DIRECTION('',(0.E0,1.E0,0.E0));
#3762=DIRECTION('',(1.E0,0.E0,0.E0));
#3763=AXIS2_PLACEMENT_3D('',#3760,#3761,#3762);
#3764=CYLINDRICAL_SURFACE('',#3763,3.E-1);
#3766=ORIENTED_EDGE('',*,*,#3765,.T.);
#3768=ORIENTED_EDGE('',*,*,#3767,.F.);
#3770=ORIENTED_EDGE('',*,*,#3769,.T.);
#3771=ORIENTED_EDGE('',*,*,#3726,.T.);
#3772=EDGE_LOOP('',(#3766,#3768,#3770,#3771));
#3773=FACE_OUTER_BOUND('',#3772,.F.);
#3774=ADVANCED_FACE('',(#3773),#3764,.T.);
#3775=FILL_AREA_STYLE_COLOUR('',#26);
#3776=FILL_AREA_STYLE('',(#3775));
#3777=SURFACE_STYLE_FILL_AREA(#3776);
#3778=SURFACE_SIDE_STYLE('',(#3777));
#3779=SURFACE_STYLE_USAGE(.POSITIVE.,#3778);
#3780=PRESENTATION_STYLE_ASSIGNMENT((#3779));
#3781=STYLED_ITEM('',(#3780),#3774);
#3782=CARTESIAN_POINT('',(6.35E0,3.3E0,1.5E0));
#3783=DIRECTION('',(0.E0,1.E0,0.E0));
#3784=DIRECTION('',(0.E0,0.E0,1.E0));
#3785=AXIS2_PLACEMENT_3D('',#3782,#3783,#3784);
#3786=PLANE('',#3785);
#3788=ORIENTED_EDGE('',*,*,#3787,.F.);
#3790=ORIENTED_EDGE('',*,*,#3789,.T.);
#3792=ORIENTED_EDGE('',*,*,#3791,.F.);
#3794=ORIENTED_EDGE('',*,*,#3793,.F.);
#3796=ORIENTED_EDGE('',*,*,#3795,.F.);
#3798=ORIENTED_EDGE('',*,*,#3797,.F.);
#3799=ORIENTED_EDGE('',*,*,#3765,.F.);
#3800=ORIENTED_EDGE('',*,*,#3748,.T.);
#3802=ORIENTED_EDGE('',*,*,#3801,.T.);
#3804=ORIENTED_EDGE('',*,*,#3803,.F.);
#3806=ORIENTED_EDGE('',*,*,#3805,.F.);
#3808=ORIENTED_EDGE('',*,*,#3807,.F.);
#3809=EDGE_LOOP('',(#3788,#3790,#3792,#3794,#3796,#3798,#3799,#3800,#3802,#3804,
#3806,#3808));
#3810=FACE_OUTER_BOUND('',#3809,.F.);
#3812=ORIENTED_EDGE('',*,*,#3811,.F.);
#3814=ORIENTED_EDGE('',*,*,#3813,.F.);
#3816=ORIENTED_EDGE('',*,*,#3815,.F.);
#3818=ORIENTED_EDGE('',*,*,#3817,.F.);
#3819=EDGE_LOOP('',(#3812,#3814,#3816,#3818));
#3820=FACE_BOUND('',#3819,.F.);
#3822=ORIENTED_EDGE('',*,*,#3821,.F.);
#3824=ORIENTED_EDGE('',*,*,#3823,.F.);
#3826=ORIENTED_EDGE('',*,*,#3825,.F.);
#3828=ORIENTED_EDGE('',*,*,#3827,.F.);
#3829=EDGE_LOOP('',(#3822,#3824,#3826,#3828));
#3830=FACE_BOUND('',#3829,.F.);
#3831=ADVANCED_FACE('',(#3810,#3820,#3830),#3786,.T.);
#3832=FILL_AREA_STYLE_COLOUR('',#26);
#3833=FILL_AREA_STYLE('',(#3832));
#3834=SURFACE_STYLE_FILL_AREA(#3833);
#3835=SURFACE_SIDE_STYLE('',(#3834));
#3836=SURFACE_STYLE_USAGE(.POSITIVE.,#3835);
#3837=PRESENTATION_STYLE_ASSIGNMENT((#3836));
#3838=STYLED_ITEM('',(#3837),#3831);
#3839=CARTESIAN_POINT('',(-5.1438E0,3.3E0,2.073019278563E0));
#3840=DIRECTION('',(0.E0,0.E0,1.E0));
#3841=DIRECTION('',(1.E0,0.E0,0.E0));
#3842=AXIS2_PLACEMENT_3D('',#3839,#3840,#3841);
#3843=PLANE('',#3842);
#3845=ORIENTED_EDGE('',*,*,#3844,.F.);
#3846=ORIENTED_EDGE('',*,*,#3821,.T.);
#3848=ORIENTED_EDGE('',*,*,#3847,.T.);
#3850=ORIENTED_EDGE('',*,*,#3849,.F.);
#3851=EDGE_LOOP('',(#3845,#3846,#3848,#3850));
#3852=FACE_OUTER_BOUND('',#3851,.F.);
#3853=ADVANCED_FACE('',(#3852),#3843,.T.);
#3854=FILL_AREA_STYLE_COLOUR('',#26);
#3855=FILL_AREA_STYLE('',(#3854));
#3856=SURFACE_STYLE_FILL_AREA(#3855);
#3857=SURFACE_SIDE_STYLE('',(#3856));
#3858=SURFACE_STYLE_USAGE(.POSITIVE.,#3857);
#3859=PRESENTATION_STYLE_ASSIGNMENT((#3858));
#3860=STYLED_ITEM('',(#3859),#3853);
#3861=CARTESIAN_POINT('',(-5.1438E0,3.3E0,3.573019278563E0));
#3862=DIRECTION('',(1.E0,0.E0,0.E0));
#3863=DIRECTION('',(0.E0,0.E0,-1.E0));
#3864=AXIS2_PLACEMENT_3D('',#3861,#3862,#3863);
#3865=PLANE('',#3864);
#3866=ORIENTED_EDGE('',*,*,#3844,.T.);
#3868=ORIENTED_EDGE('',*,*,#3867,.F.);
#3870=ORIENTED_EDGE('',*,*,#3869,.F.);
#3871=ORIENTED_EDGE('',*,*,#3823,.T.);
#3872=EDGE_LOOP('',(#3866,#3868,#3870,#3871));
#3873=FACE_OUTER_BOUND('',#3872,.F.);
#3874=ADVANCED_FACE('',(#3873),#3865,.T.);
#3875=FILL_AREA_STYLE_COLOUR('',#26);
#3876=FILL_AREA_STYLE('',(#3875));
#3877=SURFACE_STYLE_FILL_AREA(#3876);
#3878=SURFACE_SIDE_STYLE('',(#3877));
#3879=SURFACE_STYLE_USAGE(.POSITIVE.,#3878);
#3880=PRESENTATION_STYLE_ASSIGNMENT((#3879));
#3881=STYLED_ITEM('',(#3880),#3874);
#3882=CARTESIAN_POINT('',(6.35E0,3.05E0,6.05E0));
#3883=DIRECTION('',(0.E0,-1.E0,0.E0));
#3884=DIRECTION('',(0.E0,0.E0,-1.E0));
#3885=AXIS2_PLACEMENT_3D('',#3882,#3883,#3884);
#3886=PLANE('',#3885);
#3888=ORIENTED_EDGE('',*,*,#3887,.F.);
#3890=ORIENTED_EDGE('',*,*,#3889,.T.);
#3892=ORIENTED_EDGE('',*,*,#3891,.F.);
#3894=ORIENTED_EDGE('',*,*,#3893,.F.);
#3896=ORIENTED_EDGE('',*,*,#3895,.F.);
#3897=ORIENTED_EDGE('',*,*,#3728,.T.);
#3898=ORIENTED_EDGE('',*,*,#3769,.F.);
#3900=ORIENTED_EDGE('',*,*,#3899,.T.);
#3902=ORIENTED_EDGE('',*,*,#3901,.F.);
#3904=ORIENTED_EDGE('',*,*,#3903,.T.);
#3906=ORIENTED_EDGE('',*,*,#3905,.F.);
#3908=ORIENTED_EDGE('',*,*,#3907,.F.);
#3909=EDGE_LOOP('',(#3888,#3890,#3892,#3894,#3896,#3897,#3898,#3900,#3902,#3904,
#3906,#3908));
#3910=FACE_OUTER_BOUND('',#3909,.F.);
#3912=ORIENTED_EDGE('',*,*,#3911,.T.);
#3914=ORIENTED_EDGE('',*,*,#3913,.T.);
#3916=ORIENTED_EDGE('',*,*,#3915,.T.);
#3918=ORIENTED_EDGE('',*,*,#3917,.T.);
#3919=EDGE_LOOP('',(#3912,#3914,#3916,#3918));
#3920=FACE_BOUND('',#3919,.F.);
#3921=ORIENTED_EDGE('',*,*,#3849,.T.);
#3923=ORIENTED_EDGE('',*,*,#3922,.T.);
#3925=ORIENTED_EDGE('',*,*,#3924,.T.);
#3926=ORIENTED_EDGE('',*,*,#3867,.T.);
#3927=EDGE_LOOP('',(#3921,#3923,#3925,#3926));
#3928=FACE_BOUND('',#3927,.F.);
#3929=ADVANCED_FACE('',(#3910,#3920,#3928),#3886,.T.);
#3930=FILL_AREA_STYLE_COLOUR('',#26);
#3931=FILL_AREA_STYLE('',(#3930));
#3932=SURFACE_STYLE_FILL_AREA(#3931);
#3933=SURFACE_SIDE_STYLE('',(#3932));
#3934=SURFACE_STYLE_USAGE(.POSITIVE.,#3933);
#3935=PRESENTATION_STYLE_ASSIGNMENT((#3934));
#3936=STYLED_ITEM('',(#3935),#3929);
#3937=CARTESIAN_POINT('',(-2.1438E0,3.3E0,2.073019278563E0));
#3938=DIRECTION('',(-1.E0,0.E0,0.E0));
#3939=DIRECTION('',(0.E0,0.E0,1.E0));
#3940=AXIS2_PLACEMENT_3D('',#3937,#3938,#3939);
#3941=PLANE('',#3940);
#3942=ORIENTED_EDGE('',*,*,#3847,.F.);
#3943=ORIENTED_EDGE('',*,*,#3827,.T.);
#3945=ORIENTED_EDGE('',*,*,#3944,.T.);
#3946=ORIENTED_EDGE('',*,*,#3922,.F.);
#3947=EDGE_LOOP('',(#3942,#3943,#3945,#3946));
#3948=FACE_OUTER_BOUND('',#3947,.F.);
#3949=ADVANCED_FACE('',(#3948),#3941,.T.);
#3950=FILL_AREA_STYLE_COLOUR('',#26);
#3951=FILL_AREA_STYLE('',(#3950));
#3952=SURFACE_STYLE_FILL_AREA(#3951);
#3953=SURFACE_SIDE_STYLE('',(#3952));
#3954=SURFACE_STYLE_USAGE(.POSITIVE.,#3953);
#3955=PRESENTATION_STYLE_ASSIGNMENT((#3954));
#3956=STYLED_ITEM('',(#3955),#3949);
#3957=CARTESIAN_POINT('',(-2.1438E0,3.3E0,3.573019278563E0));
#3958=DIRECTION('',(0.E0,0.E0,-1.E0));
#3959=DIRECTION('',(-1.E0,0.E0,0.E0));
#3960=AXIS2_PLACEMENT_3D('',#3957,#3958,#3959);
#3961=PLANE('',#3960);
#3962=ORIENTED_EDGE('',*,*,#3944,.F.);
#3963=ORIENTED_EDGE('',*,*,#3825,.T.);
#3964=ORIENTED_EDGE('',*,*,#3869,.T.);
#3965=ORIENTED_EDGE('',*,*,#3924,.F.);
#3966=EDGE_LOOP('',(#3962,#3963,#3964,#3965));
#3967=FACE_OUTER_BOUND('',#3966,.F.);
#3968=ADVANCED_FACE('',(#3967),#3961,.T.);
#3969=FILL_AREA_STYLE_COLOUR('',#26);
#3970=FILL_AREA_STYLE('',(#3969));
#3971=SURFACE_STYLE_FILL_AREA(#3970);
#3972=SURFACE_SIDE_STYLE('',(#3971));
#3973=SURFACE_STYLE_USAGE(.POSITIVE.,#3972);
#3974=PRESENTATION_STYLE_ASSIGNMENT((#3973));
#3975=STYLED_ITEM('',(#3974),#3968);
#3976=CARTESIAN_POINT('',(5.1438E0,3.3E0,2.073019278563E0));
#3977=DIRECTION('',(-1.E0,0.E0,0.E0));
#3978=DIRECTION('',(0.E0,0.E0,1.E0));
#3979=AXIS2_PLACEMENT_3D('',#3976,#3977,#3978);
#3980=PLANE('',#3979);
#3982=ORIENTED_EDGE('',*,*,#3981,.F.);
#3983=ORIENTED_EDGE('',*,*,#3811,.T.);
#3985=ORIENTED_EDGE('',*,*,#3984,.T.);
#3986=ORIENTED_EDGE('',*,*,#3911,.F.);
#3987=EDGE_LOOP('',(#3982,#3983,#3985,#3986));
#3988=FACE_OUTER_BOUND('',#3987,.F.);
#3989=ADVANCED_FACE('',(#3988),#3980,.T.);
#3990=FILL_AREA_STYLE_COLOUR('',#26);
#3991=FILL_AREA_STYLE('',(#3990));
#3992=SURFACE_STYLE_FILL_AREA(#3991);
#3993=SURFACE_SIDE_STYLE('',(#3992));
#3994=SURFACE_STYLE_USAGE(.POSITIVE.,#3993);
#3995=PRESENTATION_STYLE_ASSIGNMENT((#3994));
#3996=STYLED_ITEM('',(#3995),#3989);
#3997=CARTESIAN_POINT('',(2.1438E0,3.3E0,2.073019278563E0));
#3998=DIRECTION('',(0.E0,0.E0,1.E0));
#3999=DIRECTION('',(1.E0,0.E0,0.E0));
#4000=AXIS2_PLACEMENT_3D('',#3997,#3998,#3999);
#4001=PLANE('',#4000);
#4002=ORIENTED_EDGE('',*,*,#3981,.T.);
#4003=ORIENTED_EDGE('',*,*,#3917,.F.);
#4005=ORIENTED_EDGE('',*,*,#4004,.F.);
#4006=ORIENTED_EDGE('',*,*,#3813,.T.);
#4007=EDGE_LOOP('',(#4002,#4003,#4005,#4006));
#4008=FACE_OUTER_BOUND('',#4007,.F.);
#4009=ADVANCED_FACE('',(#4008),#4001,.T.);
#4010=FILL_AREA_STYLE_COLOUR('',#26);
#4011=FILL_AREA_STYLE('',(#4010));
#4012=SURFACE_STYLE_FILL_AREA(#4011);
#4013=SURFACE_SIDE_STYLE('',(#4012));
#4014=SURFACE_STYLE_USAGE(.POSITIVE.,#4013);
#4015=PRESENTATION_STYLE_ASSIGNMENT((#4014));
#4016=STYLED_ITEM('',(#4015),#4009);
#4017=CARTESIAN_POINT('',(2.1438E0,3.3E0,3.573019278563E0));
#4018=DIRECTION('',(1.E0,0.E0,0.E0));
#4019=DIRECTION('',(0.E0,0.E0,-1.E0));
#4020=AXIS2_PLACEMENT_3D('',#4017,#4018,#4019);
#4021=PLANE('',#4020);
#4023=ORIENTED_EDGE('',*,*,#4022,.F.);
#4024=ORIENTED_EDGE('',*,*,#3815,.T.);
#4025=ORIENTED_EDGE('',*,*,#4004,.T.);
#4026=ORIENTED_EDGE('',*,*,#3915,.F.);
#4027=EDGE_LOOP('',(#4023,#4024,#4025,#4026));
#4028=FACE_OUTER_BOUND('',#4027,.F.);
#4029=ADVANCED_FACE('',(#4028),#4021,.T.);
#4030=FILL_AREA_STYLE_COLOUR('',#26);
#4031=FILL_AREA_STYLE('',(#4030));
#4032=SURFACE_STYLE_FILL_AREA(#4031);
#4033=SURFACE_SIDE_STYLE('',(#4032));
#4034=SURFACE_STYLE_USAGE(.POSITIVE.,#4033);
#4035=PRESENTATION_STYLE_ASSIGNMENT((#4034));
#4036=STYLED_ITEM('',(#4035),#4029);
#4037=CARTESIAN_POINT('',(5.1438E0,3.3E0,3.573019278563E0));
#4038=DIRECTION('',(0.E0,0.E0,-1.E0));
#4039=DIRECTION('',(-1.E0,0.E0,0.E0));
#4040=AXIS2_PLACEMENT_3D('',#4037,#4038,#4039);
#4041=PLANE('',#4040);
#4042=ORIENTED_EDGE('',*,*,#3984,.F.);
#4043=ORIENTED_EDGE('',*,*,#3817,.T.);
#4044=ORIENTED_EDGE('',*,*,#4022,.T.);
#4045=ORIENTED_EDGE('',*,*,#3913,.F.);
#4046=EDGE_LOOP('',(#4042,#4043,#4044,#4045));
#4047=FACE_OUTER_BOUND('',#4046,.F.);
#4048=ADVANCED_FACE('',(#4047),#4041,.T.);
#4049=FILL_AREA_STYLE_COLOUR('',#26);
#4050=FILL_AREA_STYLE('',(#4049));
#4051=SURFACE_STYLE_FILL_AREA(#4050);
#4052=SURFACE_SIDE_STYLE('',(#4051));
#4053=SURFACE_STYLE_USAGE(.POSITIVE.,#4052);
#4054=PRESENTATION_STYLE_ASSIGNMENT((#4053));
#4055=STYLED_ITEM('',(#4054),#4048);
#4056=CARTESIAN_POINT('',(-1.05E0,1.208412E1,1.8E0));
#4057=DIRECTION('',(0.E0,-1.E0,0.E0));
#4058=DIRECTION('',(0.E0,0.E0,-1.E0));
#4059=AXIS2_PLACEMENT_3D('',#4056,#4057,#4058);
#4060=CYLINDRICAL_SURFACE('',#4059,3.E-1);
#4061=ORIENTED_EDGE('',*,*,#3887,.T.);
#4063=ORIENTED_EDGE('',*,*,#4062,.F.);
#4064=ORIENTED_EDGE('',*,*,#3787,.T.);
#4066=ORIENTED_EDGE('',*,*,#4065,.T.);
#4067=EDGE_LOOP('',(#4061,#4063,#4064,#4066));
#4068=FACE_OUTER_BOUND('',#4067,.F.);
#4069=ADVANCED_FACE('',(#4068),#4060,.T.);
#4070=FILL_AREA_STYLE_COLOUR('',#5);
#4071=FILL_AREA_STYLE('',(#4070));
#4072=SURFACE_STYLE_FILL_AREA(#4071);
#4073=SURFACE_SIDE_STYLE('',(#4072));
#4074=SURFACE_STYLE_USAGE(.POSITIVE.,#4073);
#4075=PRESENTATION_STYLE_ASSIGNMENT((#4074));
#4076=STYLED_ITEM('',(#4075),#4069);
#4077=CARTESIAN_POINT('',(-7.5E-1,3.3E0,4.4E0));
#4078=DIRECTION('',(1.E0,0.E0,0.E0));
#4079=DIRECTION('',(0.E0,0.E0,-1.E0));
#4080=AXIS2_PLACEMENT_3D('',#4077,#4078,#4079);
#4081=PLANE('',#4080);
#4082=ORIENTED_EDGE('',*,*,#4062,.T.);
#4083=ORIENTED_EDGE('',*,*,#3907,.T.);
#4085=ORIENTED_EDGE('',*,*,#4084,.T.);
#4086=ORIENTED_EDGE('',*,*,#3789,.F.);
#4087=EDGE_LOOP('',(#4082,#4083,#4085,#4086));
#4088=FACE_OUTER_BOUND('',#4087,.F.);
#4089=ADVANCED_FACE('',(#4088),#4081,.T.);
#4090=FILL_AREA_STYLE_COLOUR('',#26);
#4091=FILL_AREA_STYLE('',(#4090));
#4092=SURFACE_STYLE_FILL_AREA(#4091);
#4093=SURFACE_SIDE_STYLE('',(#4092));
#4094=SURFACE_STYLE_USAGE(.POSITIVE.,#4093);
#4095=PRESENTATION_STYLE_ASSIGNMENT((#4094));
#4096=STYLED_ITEM('',(#4095),#4089);
#4097=CARTESIAN_POINT('',(0.E0,-1.190376E1,3.65E0));
#4098=DIRECTION('',(0.E0,1.E0,0.E0));
#4099=DIRECTION('',(-1.E0,0.E0,0.E0));
#4100=AXIS2_PLACEMENT_3D('',#4097,#4098,#4099);
#4101=CYLINDRICAL_SURFACE('',#4100,7.5E-1);
#4102=ORIENTED_EDGE('',*,*,#4084,.F.);
#4103=ORIENTED_EDGE('',*,*,#3905,.T.);
#4105=ORIENTED_EDGE('',*,*,#4104,.T.);
#4106=ORIENTED_EDGE('',*,*,#3791,.T.);
#4107=EDGE_LOOP('',(#4102,#4103,#4105,#4106));
#4108=FACE_OUTER_BOUND('',#4107,.F.);
#4109=ADVANCED_FACE('',(#4108),#4101,.F.);
#4110=FILL_AREA_STYLE_COLOUR('',#26);
#4111=FILL_AREA_STYLE('',(#4110));
#4112=SURFACE_STYLE_FILL_AREA(#4111);
#4113=SURFACE_SIDE_STYLE('',(#4112));
#4114=SURFACE_STYLE_USAGE(.POSITIVE.,#4113);
#4115=PRESENTATION_STYLE_ASSIGNMENT((#4114));
#4116=STYLED_ITEM('',(#4115),#4109);
#4117=CARTESIAN_POINT('',(7.5E-1,3.3E0,1.4E0));
#4118=DIRECTION('',(-1.E0,0.E0,0.E0));
#4119=DIRECTION('',(0.E0,0.E0,1.E0));
#4120=AXIS2_PLACEMENT_3D('',#4117,#4118,#4119);
#4121=PLANE('',#4120);
#4123=ORIENTED_EDGE('',*,*,#4122,.T.);
#4124=ORIENTED_EDGE('',*,*,#3793,.T.);
#4125=ORIENTED_EDGE('',*,*,#4104,.F.);
#4126=ORIENTED_EDGE('',*,*,#3903,.F.);
#4127=EDGE_LOOP('',(#4123,#4124,#4125,#4126));
#4128=FACE_OUTER_BOUND('',#4127,.F.);
#4129=ADVANCED_FACE('',(#4128),#4121,.T.);
#4130=FILL_AREA_STYLE_COLOUR('',#26);
#4131=FILL_AREA_STYLE('',(#4130));
#4132=SURFACE_STYLE_FILL_AREA(#4131);
#4133=SURFACE_SIDE_STYLE('',(#4132));
#4134=SURFACE_STYLE_USAGE(.POSITIVE.,#4133);
#4135=PRESENTATION_STYLE_ASSIGNMENT((#4134));
#4136=STYLED_ITEM('',(#4135),#4129);
#4137=CARTESIAN_POINT('',(1.05E0,-1.208412E1,1.8E0));
#4138=DIRECTION('',(0.E0,1.E0,0.E0));
#4139=DIRECTION('',(0.E0,0.E0,-1.E0));
#4140=AXIS2_PLACEMENT_3D('',#4137,#4138,#4139);
#4141=CYLINDRICAL_SURFACE('',#4140,3.E-1);
#4142=ORIENTED_EDGE('',*,*,#3795,.T.);
#4143=ORIENTED_EDGE('',*,*,#4122,.F.);
#4144=ORIENTED_EDGE('',*,*,#3901,.T.);
#4146=ORIENTED_EDGE('',*,*,#4145,.T.);
#4147=EDGE_LOOP('',(#4142,#4143,#4144,#4146));
#4148=FACE_OUTER_BOUND('',#4147,.F.);
#4149=ADVANCED_FACE('',(#4148),#4141,.T.);
#4150=FILL_AREA_STYLE_COLOUR('',#5);
#4151=FILL_AREA_STYLE('',(#4150));
#4152=SURFACE_STYLE_FILL_AREA(#4151);
#4153=SURFACE_SIDE_STYLE('',(#4152));
#4154=SURFACE_STYLE_USAGE(.POSITIVE.,#4153);
#4155=PRESENTATION_STYLE_ASSIGNMENT((#4154));
#4156=STYLED_ITEM('',(#4155),#4149);
#4157=CARTESIAN_POINT('',(6.35E0,3.05E0,1.5E0));
#4158=DIRECTION('',(0.E0,0.E0,-1.E0));
#4159=DIRECTION('',(0.E0,1.E0,0.E0));
#4160=AXIS2_PLACEMENT_3D('',#4157,#4158,#4159);
#4161=PLANE('',#4160);
#4162=ORIENTED_EDGE('',*,*,#4065,.F.);
#4163=ORIENTED_EDGE('',*,*,#3807,.T.);
#4165=ORIENTED_EDGE('',*,*,#4164,.T.);
#4166=ORIENTED_EDGE('',*,*,#3889,.F.);
#4167=EDGE_LOOP('',(#4162,#4163,#4165,#4166));
#4168=FACE_OUTER_BOUND('',#4167,.F.);
#4169=ADVANCED_FACE('',(#4168),#4161,.T.);
#4170=FILL_AREA_STYLE_COLOUR('',#26);
#4171=FILL_AREA_STYLE('',(#4170));
#4172=SURFACE_STYLE_FILL_AREA(#4171);
#4173=SURFACE_SIDE_STYLE('',(#4172));
#4174=SURFACE_STYLE_USAGE(.POSITIVE.,#4173);
#4175=PRESENTATION_STYLE_ASSIGNMENT((#4174));
#4176=STYLED_ITEM('',(#4175),#4169);
#4177=CARTESIAN_POINT('',(6.35E0,3.05E0,1.5E0));
#4178=DIRECTION('',(0.E0,0.E0,-1.E0));
#4179=DIRECTION('',(0.E0,1.E0,0.E0));
#4180=AXIS2_PLACEMENT_3D('',#4177,#4178,#4179);
#4181=PLANE('',#4180);
#4182=ORIENTED_EDGE('',*,*,#4145,.F.);
#4183=ORIENTED_EDGE('',*,*,#3899,.F.);
#4184=ORIENTED_EDGE('',*,*,#3767,.T.);
#4185=ORIENTED_EDGE('',*,*,#3797,.T.);
#4186=EDGE_LOOP('',(#4182,#4183,#4184,#4185));
#4187=FACE_OUTER_BOUND('',#4186,.F.);
#4188=ADVANCED_FACE('',(#4187),#4181,.T.);
#4189=FILL_AREA_STYLE_COLOUR('',#26);
#4190=FILL_AREA_STYLE('',(#4189));
#4191=SURFACE_STYLE_FILL_AREA(#4190);
#4192=SURFACE_SIDE_STYLE('',(#4191));
#4193=SURFACE_STYLE_USAGE(.POSITIVE.,#4192);
#4194=PRESENTATION_STYLE_ASSIGNMENT((#4193));
#4195=STYLED_ITEM('',(#4194),#4188);
#4196=CARTESIAN_POINT('',(-6.15E0,3.175E0,1.8E0));
#4197=DIRECTION('',(-8.320502943378E-1,0.E0,-5.547001962252E-1));
#4198=DIRECTION('',(5.547001962252E-1,0.E0,-8.320502943378E-1));
#4199=AXIS2_PLACEMENT_3D('',#4196,#4197,#4198);
#4200=PLANE('',#4199);
#4201=ORIENTED_EDGE('',*,*,#3891,.T.);
#4202=ORIENTED_EDGE('',*,*,#4164,.F.);
#4203=ORIENTED_EDGE('',*,*,#3805,.T.);
#4205=ORIENTED_EDGE('',*,*,#4204,.T.);
#4206=EDGE_LOOP('',(#4201,#4202,#4203,#4205));
#4207=FACE_OUTER_BOUND('',#4206,.F.);
#4208=ADVANCED_FACE('',(#4207),#4200,.T.);
#4209=FILL_AREA_STYLE_COLOUR('',#26);
#4210=FILL_AREA_STYLE('',(#4209));
#4211=SURFACE_STYLE_FILL_AREA(#4210);
#4212=SURFACE_SIDE_STYLE('',(#4211));
#4213=SURFACE_STYLE_USAGE(.POSITIVE.,#4212);
#4214=PRESENTATION_STYLE_ASSIGNMENT((#4213));
#4215=STYLED_ITEM('',(#4214),#4208);
#4216=CARTESIAN_POINT('',(-6.35E0,3.E0,0.E0));
#4217=DIRECTION('',(-1.E0,0.E0,0.E0));
#4218=DIRECTION('',(0.E0,-1.E0,0.E0));
#4219=AXIS2_PLACEMENT_3D('',#4216,#4217,#4218);
#4220=PLANE('',#4219);
#4221=ORIENTED_EDGE('',*,*,#4204,.F.);
#4222=ORIENTED_EDGE('',*,*,#3803,.T.);
#4224=ORIENTED_EDGE('',*,*,#4223,.T.);
#4226=ORIENTED_EDGE('',*,*,#4225,.T.);
#4228=ORIENTED_EDGE('',*,*,#4227,.T.);
#4230=ORIENTED_EDGE('',*,*,#4229,.T.);
#4232=ORIENTED_EDGE('',*,*,#4231,.F.);
#4234=ORIENTED_EDGE('',*,*,#4233,.T.);
#4236=ORIENTED_EDGE('',*,*,#4235,.T.);
#4238=ORIENTED_EDGE('',*,*,#4237,.T.);
#4240=ORIENTED_EDGE('',*,*,#4239,.T.);
#4241=ORIENTED_EDGE('',*,*,#3893,.T.);
#4242=EDGE_LOOP('',(#4221,#4222,#4224,#4226,#4228,#4230,#4232,#4234,#4236,#4238,
#4240,#4241));
#4243=FACE_OUTER_BOUND('',#4242,.F.);
#4244=ADVANCED_FACE('',(#4243),#4220,.T.);
#4245=FILL_AREA_STYLE_COLOUR('',#26);
#4246=FILL_AREA_STYLE('',(#4245));
#4247=SURFACE_STYLE_FILL_AREA(#4246);
#4248=SURFACE_SIDE_STYLE('',(#4247));
#4249=SURFACE_STYLE_USAGE(.POSITIVE.,#4248);
#4250=PRESENTATION_STYLE_ASSIGNMENT((#4249));
#4251=STYLED_ITEM('',(#4250),#4244);
#4252=CARTESIAN_POINT('',(6.35E0,2.95E0,6.05E0));
#4253=DIRECTION('',(1.E0,0.E0,0.E0));
#4254=DIRECTION('',(0.E0,1.E0,0.E0));
#4255=AXIS2_PLACEMENT_3D('',#4252,#4253,#4254);
#4256=CYLINDRICAL_SURFACE('',#4255,3.5E-1);
#4257=ORIENTED_EDGE('',*,*,#3746,.T.);
#4259=ORIENTED_EDGE('',*,*,#4258,.T.);
#4260=ORIENTED_EDGE('',*,*,#4223,.F.);
#4261=ORIENTED_EDGE('',*,*,#3801,.F.);
#4262=EDGE_LOOP('',(#4257,#4259,#4260,#4261));
#4263=FACE_OUTER_BOUND('',#4262,.F.);
#4264=ADVANCED_FACE('',(#4263),#4256,.T.);
#4265=FILL_AREA_STYLE_COLOUR('',#26);
#4266=FILL_AREA_STYLE('',(#4265));
#4267=SURFACE_STYLE_FILL_AREA(#4266);
#4268=SURFACE_SIDE_STYLE('',(#4267));
#4269=SURFACE_STYLE_USAGE(.POSITIVE.,#4268);
#4270=PRESENTATION_STYLE_ASSIGNMENT((#4269));
#4271=STYLED_ITEM('',(#4270),#4264);
#4272=CARTESIAN_POINT('',(6.35E0,2.95E0,6.4E0));
#4273=DIRECTION('',(0.E0,0.E0,1.E0));
#4274=DIRECTION('',(0.E0,-1.E0,0.E0));
#4275=AXIS2_PLACEMENT_3D('',#4272,#4273,#4274);
#4276=PLANE('',#4275);
#4277=ORIENTED_EDGE('',*,*,#3744,.T.);
#4279=ORIENTED_EDGE('',*,*,#4278,.T.);
#4280=ORIENTED_EDGE('',*,*,#4225,.F.);
#4281=ORIENTED_EDGE('',*,*,#4258,.F.);
#4282=EDGE_LOOP('',(#4277,#4279,#4280,#4281));
#4283=FACE_OUTER_BOUND('',#4282,.F.);
#4285=ORIENTED_EDGE('',*,*,#4284,.T.);
#4287=ORIENTED_EDGE('',*,*,#4286,.T.);
#4289=ORIENTED_EDGE('',*,*,#4288,.T.);
#4291=ORIENTED_EDGE('',*,*,#4290,.T.);
#4293=ORIENTED_EDGE('',*,*,#4292,.T.);
#4295=ORIENTED_EDGE('',*,*,#4294,.T.);
#4297=ORIENTED_EDGE('',*,*,#4296,.T.);
#4299=ORIENTED_EDGE('',*,*,#4298,.T.);
#4300=EDGE_LOOP('',(#4285,#4287,#4289,#4291,#4293,#4295,#4297,#4299));
#4301=FACE_BOUND('',#4300,.F.);
#4302=ADVANCED_FACE('',(#4283,#4301),#4276,.T.);
#4303=FILL_AREA_STYLE_COLOUR('',#26);
#4304=FILL_AREA_STYLE('',(#4303));
#4305=SURFACE_STYLE_FILL_AREA(#4304);
#4306=SURFACE_SIDE_STYLE('',(#4305));
#4307=SURFACE_STYLE_USAGE(.POSITIVE.,#4306);
#4308=PRESENTATION_STYLE_ASSIGNMENT((#4307));
#4309=STYLED_ITEM('',(#4308),#4302);
#4310=CARTESIAN_POINT('',(6.35E0,-2.95E0,6.05E0));
#4311=DIRECTION('',(1.E0,0.E0,0.E0));
#4312=DIRECTION('',(0.E0,1.E0,0.E0));
#4313=AXIS2_PLACEMENT_3D('',#4310,#4311,#4312);
#4314=CYLINDRICAL_SURFACE('',#4313,3.5E-1);
#4315=ORIENTED_EDGE('',*,*,#3742,.T.);
#4317=ORIENTED_EDGE('',*,*,#4316,.T.);
#4318=ORIENTED_EDGE('',*,*,#4227,.F.);
#4319=ORIENTED_EDGE('',*,*,#4278,.F.);
#4320=EDGE_LOOP('',(#4315,#4317,#4318,#4319));
#4321=FACE_OUTER_BOUND('',#4320,.F.);
#4322=ADVANCED_FACE('',(#4321),#4314,.T.);
#4323=FILL_AREA_STYLE_COLOUR('',#26);
#4324=FILL_AREA_STYLE('',(#4323));
#4325=SURFACE_STYLE_FILL_AREA(#4324);
#4326=SURFACE_SIDE_STYLE('',(#4325));
#4327=SURFACE_STYLE_USAGE(.POSITIVE.,#4326);
#4328=PRESENTATION_STYLE_ASSIGNMENT((#4327));
#4329=STYLED_ITEM('',(#4328),#4322);
#4330=CARTESIAN_POINT('',(6.35E0,-3.3E0,6.05E0));
#4331=DIRECTION('',(0.E0,-1.E0,0.E0));
#4332=DIRECTION('',(0.E0,0.E0,-1.E0));
#4333=AXIS2_PLACEMENT_3D('',#4330,#4331,#4332);
#4334=PLANE('',#4333);
#4336=ORIENTED_EDGE('',*,*,#4335,.F.);
#4338=ORIENTED_EDGE('',*,*,#4337,.T.);
#4340=ORIENTED_EDGE('',*,*,#4339,.F.);
#4341=ORIENTED_EDGE('',*,*,#4229,.F.);
#4342=ORIENTED_EDGE('',*,*,#4316,.F.);
#4343=ORIENTED_EDGE('',*,*,#3740,.T.);
#4345=ORIENTED_EDGE('',*,*,#4344,.F.);
#4347=ORIENTED_EDGE('',*,*,#4346,.T.);
#4349=ORIENTED_EDGE('',*,*,#4348,.F.);
#4351=ORIENTED_EDGE('',*,*,#4350,.T.);
#4353=ORIENTED_EDGE('',*,*,#4352,.F.);
#4355=ORIENTED_EDGE('',*,*,#4354,.F.);
#4356=EDGE_LOOP('',(#4336,#4338,#4340,#4341,#4342,#4343,#4345,#4347,#4349,#4351,
#4353,#4355));
#4357=FACE_OUTER_BOUND('',#4356,.F.);
#4359=ORIENTED_EDGE('',*,*,#4358,.T.);
#4361=ORIENTED_EDGE('',*,*,#4360,.T.);
#4363=ORIENTED_EDGE('',*,*,#4362,.T.);
#4365=ORIENTED_EDGE('',*,*,#4364,.T.);
#4366=EDGE_LOOP('',(#4359,#4361,#4363,#4365));
#4367=FACE_BOUND('',#4366,.F.);
#4369=ORIENTED_EDGE('',*,*,#4368,.T.);
#4371=ORIENTED_EDGE('',*,*,#4370,.T.);
#4373=ORIENTED_EDGE('',*,*,#4372,.T.);
#4375=ORIENTED_EDGE('',*,*,#4374,.T.);
#4376=EDGE_LOOP('',(#4369,#4371,#4373,#4375));
#4377=FACE_BOUND('',#4376,.F.);
#4378=ADVANCED_FACE('',(#4357,#4367,#4377),#4334,.T.);
#4379=FILL_AREA_STYLE_COLOUR('',#26);
#4380=FILL_AREA_STYLE('',(#4379));
#4381=SURFACE_STYLE_FILL_AREA(#4380);
#4382=SURFACE_SIDE_STYLE('',(#4381));
#4383=SURFACE_STYLE_USAGE(.POSITIVE.,#4382);
#4384=PRESENTATION_STYLE_ASSIGNMENT((#4383));
#4385=STYLED_ITEM('',(#4384),#4378);
#4386=CARTESIAN_POINT('',(-5.1438E0,-3.3E0,2.073019278563E0));
#4387=DIRECTION('',(0.E0,0.E0,-1.E0));
#4388=DIRECTION('',(1.E0,0.E0,0.E0));
#4389=AXIS2_PLACEMENT_3D('',#4386,#4387,#4388);
#4390=PLANE('',#4389);
#4392=ORIENTED_EDGE('',*,*,#4391,.T.);
#4394=ORIENTED_EDGE('',*,*,#4393,.F.);
#4395=ORIENTED_EDGE('',*,*,#4368,.F.);
#4397=ORIENTED_EDGE('',*,*,#4396,.T.);
#4398=EDGE_LOOP('',(#4392,#4394,#4395,#4397));
#4399=FACE_OUTER_BOUND('',#4398,.F.);
#4400=ADVANCED_FACE('',(#4399),#4390,.F.);
#4401=FILL_AREA_STYLE_COLOUR('',#26);
#4402=FILL_AREA_STYLE('',(#4401));
#4403=SURFACE_STYLE_FILL_AREA(#4402);
#4404=SURFACE_SIDE_STYLE('',(#4403));
#4405=SURFACE_STYLE_USAGE(.POSITIVE.,#4404);
#4406=PRESENTATION_STYLE_ASSIGNMENT((#4405));
#4407=STYLED_ITEM('',(#4406),#4400);
#4408=CARTESIAN_POINT('',(6.35E0,-3.05E0,1.4E0));
#4409=DIRECTION('',(0.E0,1.E0,0.E0));
#4410=DIRECTION('',(0.E0,0.E0,1.E0));
#4411=AXIS2_PLACEMENT_3D('',#4408,#4409,#4410);
#4412=PLANE('',#4411);
#4414=ORIENTED_EDGE('',*,*,#4413,.F.);
#4416=ORIENTED_EDGE('',*,*,#4415,.T.);
#4418=ORIENTED_EDGE('',*,*,#4417,.F.);
#4420=ORIENTED_EDGE('',*,*,#4419,.F.);
#4422=ORIENTED_EDGE('',*,*,#4421,.F.);
#4424=ORIENTED_EDGE('',*,*,#4423,.F.);
#4426=ORIENTED_EDGE('',*,*,#4425,.F.);
#4427=ORIENTED_EDGE('',*,*,#3736,.T.);
#4429=ORIENTED_EDGE('',*,*,#4428,.T.);
#4430=ORIENTED_EDGE('',*,*,#4233,.F.);
#4432=ORIENTED_EDGE('',*,*,#4431,.F.);
#4434=ORIENTED_EDGE('',*,*,#4433,.F.);
#4435=EDGE_LOOP('',(#4414,#4416,#4418,#4420,#4422,#4424,#4426,#4427,#4429,#4430,
#4432,#4434));
#4436=FACE_OUTER_BOUND('',#4435,.F.);
#4438=ORIENTED_EDGE('',*,*,#4437,.F.);
#4440=ORIENTED_EDGE('',*,*,#4439,.F.);
#4442=ORIENTED_EDGE('',*,*,#4441,.F.);
#4444=ORIENTED_EDGE('',*,*,#4443,.F.);
#4445=EDGE_LOOP('',(#4438,#4440,#4442,#4444));
#4446=FACE_BOUND('',#4445,.F.);
#4447=ORIENTED_EDGE('',*,*,#4391,.F.);
#4449=ORIENTED_EDGE('',*,*,#4448,.F.);
#4451=ORIENTED_EDGE('',*,*,#4450,.F.);
#4453=ORIENTED_EDGE('',*,*,#4452,.F.);
#4454=EDGE_LOOP('',(#4447,#4449,#4451,#4453));
#4455=FACE_BOUND('',#4454,.F.);
#4456=ADVANCED_FACE('',(#4436,#4446,#4455),#4412,.T.);
#4457=FILL_AREA_STYLE_COLOUR('',#26);
#4458=FILL_AREA_STYLE('',(#4457));
#4459=SURFACE_STYLE_FILL_AREA(#4458);
#4460=SURFACE_SIDE_STYLE('',(#4459));
#4461=SURFACE_STYLE_USAGE(.POSITIVE.,#4460);
#4462=PRESENTATION_STYLE_ASSIGNMENT((#4461));
#4463=STYLED_ITEM('',(#4462),#4456);
#4464=CARTESIAN_POINT('',(-5.1438E0,-3.3E0,3.573019278563E0));
#4465=DIRECTION('',(-1.E0,0.E0,0.E0));
#4466=DIRECTION('',(0.E0,0.E0,-1.E0));
#4467=AXIS2_PLACEMENT_3D('',#4464,#4465,#4466);
#4468=PLANE('',#4467);
#4469=ORIENTED_EDGE('',*,*,#4448,.T.);
#4470=ORIENTED_EDGE('',*,*,#4396,.F.);
#4471=ORIENTED_EDGE('',*,*,#4374,.F.);
#4473=ORIENTED_EDGE('',*,*,#4472,.T.);
#4474=EDGE_LOOP('',(#4469,#4470,#4471,#4473));
#4475=FACE_OUTER_BOUND('',#4474,.F.);
#4476=ADVANCED_FACE('',(#4475),#4468,.F.);
#4477=FILL_AREA_STYLE_COLOUR('',#26);
#4478=FILL_AREA_STYLE('',(#4477));
#4479=SURFACE_STYLE_FILL_AREA(#4478);
#4480=SURFACE_SIDE_STYLE('',(#4479));
#4481=SURFACE_STYLE_USAGE(.POSITIVE.,#4480);
#4482=PRESENTATION_STYLE_ASSIGNMENT((#4481));
#4483=STYLED_ITEM('',(#4482),#4476);
#4484=CARTESIAN_POINT('',(-2.1438E0,-3.3E0,3.573019278563E0));
#4485=DIRECTION('',(0.E0,0.E0,1.E0));
#4486=DIRECTION('',(-1.E0,0.E0,0.E0));
#4487=AXIS2_PLACEMENT_3D('',#4484,#4485,#4486);
#4488=PLANE('',#4487);
#4489=ORIENTED_EDGE('',*,*,#4450,.T.);
#4490=ORIENTED_EDGE('',*,*,#4472,.F.);
#4491=ORIENTED_EDGE('',*,*,#4372,.F.);
#4493=ORIENTED_EDGE('',*,*,#4492,.T.);
#4494=EDGE_LOOP('',(#4489,#4490,#4491,#4493));
#4495=FACE_OUTER_BOUND('',#4494,.F.);
#4496=ADVANCED_FACE('',(#4495),#4488,.F.);
#4497=FILL_AREA_STYLE_COLOUR('',#26);
#4498=FILL_AREA_STYLE('',(#4497));
#4499=SURFACE_STYLE_FILL_AREA(#4498);
#4500=SURFACE_SIDE_STYLE('',(#4499));
#4501=SURFACE_STYLE_USAGE(.POSITIVE.,#4500);
#4502=PRESENTATION_STYLE_ASSIGNMENT((#4501));
#4503=STYLED_ITEM('',(#4502),#4496);
#4504=CARTESIAN_POINT('',(-2.1438E0,-3.3E0,2.073019278563E0));
#4505=DIRECTION('',(1.E0,0.E0,0.E0));
#4506=DIRECTION('',(0.E0,0.E0,1.E0));
#4507=AXIS2_PLACEMENT_3D('',#4504,#4505,#4506);
#4508=PLANE('',#4507);
#4509=ORIENTED_EDGE('',*,*,#4452,.T.);
#4510=ORIENTED_EDGE('',*,*,#4492,.F.);
#4511=ORIENTED_EDGE('',*,*,#4370,.F.);
#4512=ORIENTED_EDGE('',*,*,#4393,.T.);
#4513=EDGE_LOOP('',(#4509,#4510,#4511,#4512));
#4514=FACE_OUTER_BOUND('',#4513,.F.);
#4515=ADVANCED_FACE('',(#4514),#4508,.F.);
#4516=FILL_AREA_STYLE_COLOUR('',#26);
#4517=FILL_AREA_STYLE('',(#4516));
#4518=SURFACE_STYLE_FILL_AREA(#4517);
#4519=SURFACE_SIDE_STYLE('',(#4518));
#4520=SURFACE_STYLE_USAGE(.POSITIVE.,#4519);
#4521=PRESENTATION_STYLE_ASSIGNMENT((#4520));
#4522=STYLED_ITEM('',(#4521),#4515);
#4523=CARTESIAN_POINT('',(5.1438E0,-3.3E0,2.073019278563E0));
#4524=DIRECTION('',(1.E0,0.E0,0.E0));
#4525=DIRECTION('',(0.E0,0.E0,1.E0));
#4526=AXIS2_PLACEMENT_3D('',#4523,#4524,#4525);
#4527=PLANE('',#4526);
#4528=ORIENTED_EDGE('',*,*,#4437,.T.);
#4530=ORIENTED_EDGE('',*,*,#4529,.F.);
#4531=ORIENTED_EDGE('',*,*,#4358,.F.);
#4533=ORIENTED_EDGE('',*,*,#4532,.T.);
#4534=EDGE_LOOP('',(#4528,#4530,#4531,#4533));
#4535=FACE_OUTER_BOUND('',#4534,.F.);
#4536=ADVANCED_FACE('',(#4535),#4527,.F.);
#4537=FILL_AREA_STYLE_COLOUR('',#26);
#4538=FILL_AREA_STYLE('',(#4537));
#4539=SURFACE_STYLE_FILL_AREA(#4538);
#4540=SURFACE_SIDE_STYLE('',(#4539));
#4541=SURFACE_STYLE_USAGE(.POSITIVE.,#4540);
#4542=PRESENTATION_STYLE_ASSIGNMENT((#4541));
#4543=STYLED_ITEM('',(#4542),#4536);
#4544=CARTESIAN_POINT('',(5.1438E0,-3.3E0,3.573019278563E0));
#4545=DIRECTION('',(0.E0,0.E0,1.E0));
#4546=DIRECTION('',(-1.E0,0.E0,0.E0));
#4547=AXIS2_PLACEMENT_3D('',#4544,#4545,#4546);
#4548=PLANE('',#4547);
#4549=ORIENTED_EDGE('',*,*,#4443,.T.);
#4551=ORIENTED_EDGE('',*,*,#4550,.F.);
#4552=ORIENTED_EDGE('',*,*,#4360,.F.);
#4553=ORIENTED_EDGE('',*,*,#4529,.T.);
#4554=EDGE_LOOP('',(#4549,#4551,#4552,#4553));
#4555=FACE_OUTER_BOUND('',#4554,.F.);
#4556=ADVANCED_FACE('',(#4555),#4548,.F.);
#4557=FILL_AREA_STYLE_COLOUR('',#26);
#4558=FILL_AREA_STYLE('',(#4557));
#4559=SURFACE_STYLE_FILL_AREA(#4558);
#4560=SURFACE_SIDE_STYLE('',(#4559));
#4561=SURFACE_STYLE_USAGE(.POSITIVE.,#4560);
#4562=PRESENTATION_STYLE_ASSIGNMENT((#4561));
#4563=STYLED_ITEM('',(#4562),#4556);
#4564=CARTESIAN_POINT('',(2.1438E0,-3.3E0,3.573019278563E0));
#4565=DIRECTION('',(-1.E0,0.E0,0.E0));
#4566=DIRECTION('',(0.E0,0.E0,-1.E0));
#4567=AXIS2_PLACEMENT_3D('',#4564,#4565,#4566);
#4568=PLANE('',#4567);
#4569=ORIENTED_EDGE('',*,*,#4441,.T.);
#4571=ORIENTED_EDGE('',*,*,#4570,.F.);
#4572=ORIENTED_EDGE('',*,*,#4362,.F.);
#4573=ORIENTED_EDGE('',*,*,#4550,.T.);
#4574=EDGE_LOOP('',(#4569,#4571,#4572,#4573));
#4575=FACE_OUTER_BOUND('',#4574,.F.);
#4576=ADVANCED_FACE('',(#4575),#4568,.F.);
#4577=FILL_AREA_STYLE_COLOUR('',#26);
#4578=FILL_AREA_STYLE('',(#4577));
#4579=SURFACE_STYLE_FILL_AREA(#4578);
#4580=SURFACE_SIDE_STYLE('',(#4579));
#4581=SURFACE_STYLE_USAGE(.POSITIVE.,#4580);
#4582=PRESENTATION_STYLE_ASSIGNMENT((#4581));
#4583=STYLED_ITEM('',(#4582),#4576);
#4584=CARTESIAN_POINT('',(2.1438E0,-3.3E0,2.073019278563E0));
#4585=DIRECTION('',(0.E0,0.E0,-1.E0));
#4586=DIRECTION('',(1.E0,0.E0,0.E0));
#4587=AXIS2_PLACEMENT_3D('',#4584,#4585,#4586);
#4588=PLANE('',#4587);
#4589=ORIENTED_EDGE('',*,*,#4439,.T.);
#4590=ORIENTED_EDGE('',*,*,#4532,.F.);
#4591=ORIENTED_EDGE('',*,*,#4364,.F.);
#4592=ORIENTED_EDGE('',*,*,#4570,.T.);
#4593=EDGE_LOOP('',(#4589,#4590,#4591,#4592));
#4594=FACE_OUTER_BOUND('',#4593,.F.);
#4595=ADVANCED_FACE('',(#4594),#4588,.F.);
#4596=FILL_AREA_STYLE_COLOUR('',#26);
#4597=FILL_AREA_STYLE('',(#4596));
#4598=SURFACE_STYLE_FILL_AREA(#4597);
#4599=SURFACE_SIDE_STYLE('',(#4598));
#4600=SURFACE_STYLE_USAGE(.POSITIVE.,#4599);
#4601=PRESENTATION_STYLE_ASSIGNMENT((#4600));
#4602=STYLED_ITEM('',(#4601),#4595);
#4603=CARTESIAN_POINT('',(-1.05E0,1.208412E1,1.7E0));
#4604=DIRECTION('',(0.E0,-1.E0,0.E0));
#4605=DIRECTION('',(0.E0,0.E0,-1.E0));
#4606=AXIS2_PLACEMENT_3D('',#4603,#4604,#4605);
#4607=CYLINDRICAL_SURFACE('',#4606,3.E-1);
#4608=ORIENTED_EDGE('',*,*,#4335,.T.);
#4610=ORIENTED_EDGE('',*,*,#4609,.F.);
#4611=ORIENTED_EDGE('',*,*,#4413,.T.);
#4613=ORIENTED_EDGE('',*,*,#4612,.T.);
#4614=EDGE_LOOP('',(#4608,#4610,#4611,#4613));
#4615=FACE_OUTER_BOUND('',#4614,.F.);
#4616=ADVANCED_FACE('',(#4615),#4607,.T.);
#4617=FILL_AREA_STYLE_COLOUR('',#5);
#4618=FILL_AREA_STYLE('',(#4617));
#4619=SURFACE_STYLE_FILL_AREA(#4618);
#4620=SURFACE_SIDE_STYLE('',(#4619));
#4621=SURFACE_STYLE_USAGE(.POSITIVE.,#4620);
#4622=PRESENTATION_STYLE_ASSIGNMENT((#4621));
#4623=STYLED_ITEM('',(#4622),#4616);
#4624=CARTESIAN_POINT('',(-7.5E-1,-3.3E0,4.4E0));
#4625=DIRECTION('',(-1.E0,0.E0,0.E0));
#4626=DIRECTION('',(0.E0,0.E0,-1.E0));
#4627=AXIS2_PLACEMENT_3D('',#4624,#4625,#4626);
#4628=PLANE('',#4627);
#4629=ORIENTED_EDGE('',*,*,#4609,.T.);
#4630=ORIENTED_EDGE('',*,*,#4354,.T.);
#4632=ORIENTED_EDGE('',*,*,#4631,.T.);
#4633=ORIENTED_EDGE('',*,*,#4415,.F.);
#4634=EDGE_LOOP('',(#4629,#4630,#4632,#4633));
#4635=FACE_OUTER_BOUND('',#4634,.F.);
#4636=ADVANCED_FACE('',(#4635),#4628,.F.);
#4637=FILL_AREA_STYLE_COLOUR('',#26);
#4638=FILL_AREA_STYLE('',(#4637));
#4639=SURFACE_STYLE_FILL_AREA(#4638);
#4640=SURFACE_SIDE_STYLE('',(#4639));
#4641=SURFACE_STYLE_USAGE(.POSITIVE.,#4640);
#4642=PRESENTATION_STYLE_ASSIGNMENT((#4641));
#4643=STYLED_ITEM('',(#4642),#4636);
#4644=CARTESIAN_POINT('',(0.E0,-1.190376E1,3.65E0));
#4645=DIRECTION('',(0.E0,1.E0,0.E0));
#4646=DIRECTION('',(-1.E0,0.E0,0.E0));
#4647=AXIS2_PLACEMENT_3D('',#4644,#4645,#4646);
#4648=CYLINDRICAL_SURFACE('',#4647,7.5E-1);
#4649=ORIENTED_EDGE('',*,*,#4631,.F.);
#4650=ORIENTED_EDGE('',*,*,#4352,.T.);
#4652=ORIENTED_EDGE('',*,*,#4651,.T.);
#4653=ORIENTED_EDGE('',*,*,#4417,.T.);
#4654=EDGE_LOOP('',(#4649,#4650,#4652,#4653));
#4655=FACE_OUTER_BOUND('',#4654,.F.);
#4656=ADVANCED_FACE('',(#4655),#4648,.F.);
#4657=FILL_AREA_STYLE_COLOUR('',#26);
#4658=FILL_AREA_STYLE('',(#4657));
#4659=SURFACE_STYLE_FILL_AREA(#4658);
#4660=SURFACE_SIDE_STYLE('',(#4659));
#4661=SURFACE_STYLE_USAGE(.POSITIVE.,#4660);
#4662=PRESENTATION_STYLE_ASSIGNMENT((#4661));
#4663=STYLED_ITEM('',(#4662),#4656);
#4664=CARTESIAN_POINT('',(7.5E-1,-3.3E0,1.4E0));
#4665=DIRECTION('',(1.E0,0.E0,0.E0));
#4666=DIRECTION('',(0.E0,0.E0,1.E0));
#4667=AXIS2_PLACEMENT_3D('',#4664,#4665,#4666);
#4668=PLANE('',#4667);
#4670=ORIENTED_EDGE('',*,*,#4669,.T.);
#4671=ORIENTED_EDGE('',*,*,#4419,.T.);
#4672=ORIENTED_EDGE('',*,*,#4651,.F.);
#4673=ORIENTED_EDGE('',*,*,#4350,.F.);
#4674=EDGE_LOOP('',(#4670,#4671,#4672,#4673));
#4675=FACE_OUTER_BOUND('',#4674,.F.);
#4676=ADVANCED_FACE('',(#4675),#4668,.F.);
#4677=FILL_AREA_STYLE_COLOUR('',#26);
#4678=FILL_AREA_STYLE('',(#4677));
#4679=SURFACE_STYLE_FILL_AREA(#4678);
#4680=SURFACE_SIDE_STYLE('',(#4679));
#4681=SURFACE_STYLE_USAGE(.POSITIVE.,#4680);
#4682=PRESENTATION_STYLE_ASSIGNMENT((#4681));
#4683=STYLED_ITEM('',(#4682),#4676);
#4684=CARTESIAN_POINT('',(1.05E0,-1.208412E1,1.7E0));
#4685=DIRECTION('',(0.E0,1.E0,0.E0));
#4686=DIRECTION('',(0.E0,0.E0,-1.E0));
#4687=AXIS2_PLACEMENT_3D('',#4684,#4685,#4686);
#4688=CYLINDRICAL_SURFACE('',#4687,3.E-1);
#4689=ORIENTED_EDGE('',*,*,#4421,.T.);
#4690=ORIENTED_EDGE('',*,*,#4669,.F.);
#4691=ORIENTED_EDGE('',*,*,#4348,.T.);
#4693=ORIENTED_EDGE('',*,*,#4692,.T.);
#4694=EDGE_LOOP('',(#4689,#4690,#4691,#4693));
#4695=FACE_OUTER_BOUND('',#4694,.F.);
#4696=ADVANCED_FACE('',(#4695),#4688,.T.);
#4697=FILL_AREA_STYLE_COLOUR('',#5);
#4698=FILL_AREA_STYLE('',(#4697));
#4699=SURFACE_STYLE_FILL_AREA(#4698);
#4700=SURFACE_SIDE_STYLE('',(#4699));
#4701=SURFACE_STYLE_USAGE(.POSITIVE.,#4700);
#4702=PRESENTATION_STYLE_ASSIGNMENT((#4701));
#4703=STYLED_ITEM('',(#4702),#4696);
#4704=CARTESIAN_POINT('',(6.35E0,-3.3E0,1.4E0));
#4705=DIRECTION('',(0.E0,0.E0,-1.E0));
#4706=DIRECTION('',(0.E0,1.E0,0.E0));
#4707=AXIS2_PLACEMENT_3D('',#4704,#4705,#4706);
#4708=PLANE('',#4707);
#4709=ORIENTED_EDGE('',*,*,#4612,.F.);
#4710=ORIENTED_EDGE('',*,*,#4433,.T.);
#4712=ORIENTED_EDGE('',*,*,#4711,.T.);
#4713=ORIENTED_EDGE('',*,*,#4337,.F.);
#4714=EDGE_LOOP('',(#4709,#4710,#4712,#4713));
#4715=FACE_OUTER_BOUND('',#4714,.F.);
#4716=ADVANCED_FACE('',(#4715),#4708,.T.);
#4717=FILL_AREA_STYLE_COLOUR('',#26);
#4718=FILL_AREA_STYLE('',(#4717));
#4719=SURFACE_STYLE_FILL_AREA(#4718);
#4720=SURFACE_SIDE_STYLE('',(#4719));
#4721=SURFACE_STYLE_USAGE(.POSITIVE.,#4720);
#4722=PRESENTATION_STYLE_ASSIGNMENT((#4721));
#4723=STYLED_ITEM('',(#4722),#4716);
#4724=CARTESIAN_POINT('',(6.35E0,-3.3E0,1.4E0));
#4725=DIRECTION('',(0.E0,0.E0,-1.E0));
#4726=DIRECTION('',(0.E0,1.E0,0.E0));
#4727=AXIS2_PLACEMENT_3D('',#4724,#4725,#4726);
#4728=PLANE('',#4727);
#4729=ORIENTED_EDGE('',*,*,#4692,.F.);
#4730=ORIENTED_EDGE('',*,*,#4346,.F.);
#4732=ORIENTED_EDGE('',*,*,#4731,.T.);
#4733=ORIENTED_EDGE('',*,*,#4423,.T.);
#4734=EDGE_LOOP('',(#4729,#4730,#4732,#4733));
#4735=FACE_OUTER_BOUND('',#4734,.F.);
#4736=ADVANCED_FACE('',(#4735),#4728,.T.);
#4737=FILL_AREA_STYLE_COLOUR('',#26);
#4738=FILL_AREA_STYLE('',(#4737));
#4739=SURFACE_STYLE_FILL_AREA(#4738);
#4740=SURFACE_SIDE_STYLE('',(#4739));
#4741=SURFACE_STYLE_USAGE(.POSITIVE.,#4740);
#4742=PRESENTATION_STYLE_ASSIGNMENT((#4741));
#4743=STYLED_ITEM('',(#4742),#4736);
#4744=CARTESIAN_POINT('',(-6.15E0,-3.175E0,1.7E0));
#4745=DIRECTION('',(-8.320502943378E-1,0.E0,-5.547001962252E-1));
#4746=DIRECTION('',(5.547001962252E-1,0.E0,-8.320502943378E-1));
#4747=AXIS2_PLACEMENT_3D('',#4744,#4745,#4746);
#4748=PLANE('',#4747);
#4749=ORIENTED_EDGE('',*,*,#4339,.T.);
#4750=ORIENTED_EDGE('',*,*,#4711,.F.);
#4751=ORIENTED_EDGE('',*,*,#4431,.T.);
#4752=ORIENTED_EDGE('',*,*,#4231,.T.);
#4753=EDGE_LOOP('',(#4749,#4750,#4751,#4752));
#4754=FACE_OUTER_BOUND('',#4753,.F.);
#4755=ADVANCED_FACE('',(#4754),#4748,.T.);
#4756=FILL_AREA_STYLE_COLOUR('',#26);
#4757=FILL_AREA_STYLE('',(#4756));
#4758=SURFACE_STYLE_FILL_AREA(#4757);
#4759=SURFACE_SIDE_STYLE('',(#4758));
#4760=SURFACE_STYLE_USAGE(.POSITIVE.,#4759);
#4761=PRESENTATION_STYLE_ASSIGNMENT((#4760));
#4762=STYLED_ITEM('',(#4761),#4755);
#4763=CARTESIAN_POINT('',(6.05E0,-1.190376E1,1.7E0));
#4764=DIRECTION('',(0.E0,1.E0,0.E0));
#4765=DIRECTION('',(1.E0,0.E0,0.E0));
#4766=AXIS2_PLACEMENT_3D('',#4763,#4764,#4765);
#4767=CYLINDRICAL_SURFACE('',#4766,3.E-1);
#4768=ORIENTED_EDGE('',*,*,#4425,.T.);
#4769=ORIENTED_EDGE('',*,*,#4731,.F.);
#4770=ORIENTED_EDGE('',*,*,#4344,.T.);
#4771=ORIENTED_EDGE('',*,*,#3738,.T.);
#4772=EDGE_LOOP('',(#4768,#4769,#4770,#4771));
#4773=FACE_OUTER_BOUND('',#4772,.F.);
#4774=ADVANCED_FACE('',(#4773),#4767,.T.);
#4775=FILL_AREA_STYLE_COLOUR('',#26);
#4776=FILL_AREA_STYLE('',(#4775));
#4777=SURFACE_STYLE_FILL_AREA(#4776);
#4778=SURFACE_SIDE_STYLE('',(#4777));
#4779=SURFACE_STYLE_USAGE(.POSITIVE.,#4778);
#4780=PRESENTATION_STYLE_ASSIGNMENT((#4779));
#4781=STYLED_ITEM('',(#4780),#4774);
#4782=CARTESIAN_POINT('',(6.35E0,-2.95E0,6.05E0));
#4783=DIRECTION('',(1.E0,0.E0,0.E0));
#4784=DIRECTION('',(0.E0,1.E0,0.E0));
#4785=AXIS2_PLACEMENT_3D('',#4782,#4783,#4784);
#4786=CYLINDRICAL_SURFACE('',#4785,1.E-1);
#4787=ORIENTED_EDGE('',*,*,#3734,.T.);
#4789=ORIENTED_EDGE('',*,*,#4788,.T.);
#4790=ORIENTED_EDGE('',*,*,#4235,.F.);
#4791=ORIENTED_EDGE('',*,*,#4428,.F.);
#4792=EDGE_LOOP('',(#4787,#4789,#4790,#4791));
#4793=FACE_OUTER_BOUND('',#4792,.F.);
#4794=ADVANCED_FACE('',(#4793),#4786,.F.);
#4795=FILL_AREA_STYLE_COLOUR('',#26);
#4796=FILL_AREA_STYLE('',(#4795));
#4797=SURFACE_STYLE_FILL_AREA(#4796);
#4798=SURFACE_SIDE_STYLE('',(#4797));
#4799=SURFACE_STYLE_USAGE(.POSITIVE.,#4798);
#4800=PRESENTATION_STYLE_ASSIGNMENT((#4799));
#4801=STYLED_ITEM('',(#4800),#4794);
#4802=CARTESIAN_POINT('',(6.35E0,-2.95E0,6.15E0));
#4803=DIRECTION('',(0.E0,0.E0,-1.E0));
#4804=DIRECTION('',(0.E0,1.E0,0.E0));
#4805=AXIS2_PLACEMENT_3D('',#4802,#4803,#4804);
#4806=PLANE('',#4805);
#4807=ORIENTED_EDGE('',*,*,#3732,.T.);
#4809=ORIENTED_EDGE('',*,*,#4808,.T.);
#4810=ORIENTED_EDGE('',*,*,#4237,.F.);
#4811=ORIENTED_EDGE('',*,*,#4788,.F.);
#4812=EDGE_LOOP('',(#4807,#4809,#4810,#4811));
#4813=FACE_OUTER_BOUND('',#4812,.F.);
#4815=ORIENTED_EDGE('',*,*,#4814,.F.);
#4817=ORIENTED_EDGE('',*,*,#4816,.F.);
#4819=ORIENTED_EDGE('',*,*,#4818,.F.);
#4821=ORIENTED_EDGE('',*,*,#4820,.F.);
#4822=EDGE_LOOP('',(#4815,#4817,#4819,#4821));
#4823=FACE_BOUND('',#4822,.F.);
#4824=ADVANCED_FACE('',(#4813,#4823),#4806,.T.);
#4825=FILL_AREA_STYLE_COLOUR('',#26);
#4826=FILL_AREA_STYLE('',(#4825));
#4827=SURFACE_STYLE_FILL_AREA(#4826);
#4828=SURFACE_SIDE_STYLE('',(#4827));
#4829=SURFACE_STYLE_USAGE(.POSITIVE.,#4828);
#4830=PRESENTATION_STYLE_ASSIGNMENT((#4829));
#4831=STYLED_ITEM('',(#4830),#4824);
#4832=CARTESIAN_POINT('',(6.35E0,2.95E0,6.05E0));
#4833=DIRECTION('',(1.E0,0.E0,0.E0));
#4834=DIRECTION('',(0.E0,1.E0,0.E0));
#4835=AXIS2_PLACEMENT_3D('',#4832,#4833,#4834);
#4836=CYLINDRICAL_SURFACE('',#4835,1.E-1);
#4837=ORIENTED_EDGE('',*,*,#3730,.T.);
#4838=ORIENTED_EDGE('',*,*,#3895,.T.);
#4839=ORIENTED_EDGE('',*,*,#4239,.F.);
#4840=ORIENTED_EDGE('',*,*,#4808,.F.);
#4841=EDGE_LOOP('',(#4837,#4838,#4839,#4840));
#4842=FACE_OUTER_BOUND('',#4841,.F.);
#4843=ADVANCED_FACE('',(#4842),#4836,.F.);
#4844=FILL_AREA_STYLE_COLOUR('',#26);
#4845=FILL_AREA_STYLE('',(#4844));
#4846=SURFACE_STYLE_FILL_AREA(#4845);
#4847=SURFACE_SIDE_STYLE('',(#4846));
#4848=SURFACE_STYLE_USAGE(.POSITIVE.,#4847);
#4849=PRESENTATION_STYLE_ASSIGNMENT((#4848));
#4850=STYLED_ITEM('',(#4849),#4843);
#4851=CARTESIAN_POINT('',(-3.5947E0,2.2425E0,6.1E0));
#4852=DIRECTION('',(-1.E0,0.E0,0.E0));
#4853=DIRECTION('',(0.E0,-1.E0,0.E0));
#4854=AXIS2_PLACEMENT_3D('',#4851,#4852,#4853);
#4855=PLANE('',#4854);
#4857=ORIENTED_EDGE('',*,*,#4856,.F.);
#4859=ORIENTED_EDGE('',*,*,#4858,.T.);
#4860=ORIENTED_EDGE('',*,*,#4814,.T.);
#4862=ORIENTED_EDGE('',*,*,#4861,.F.);
#4863=EDGE_LOOP('',(#4857,#4859,#4860,#4862));
#4864=FACE_OUTER_BOUND('',#4863,.F.);
#4865=ADVANCED_FACE('',(#4864),#4855,.T.);
#4866=FILL_AREA_STYLE_COLOUR('',#6);
#4867=FILL_AREA_STYLE('',(#4866));
#4868=SURFACE_STYLE_FILL_AREA(#4867);
#4869=SURFACE_SIDE_STYLE('',(#4868));
#4870=SURFACE_STYLE_USAGE(.POSITIVE.,#4869);
#4871=PRESENTATION_STYLE_ASSIGNMENT((#4870));
#4872=STYLED_ITEM('',(#4871),#4865);
#4873=CARTESIAN_POINT('',(0.E0,0.E0,6.1E0));
#4874=DIRECTION('',(0.E0,0.E0,1.E0));
#4875=DIRECTION('',(1.E0,0.E0,0.E0));
#4876=AXIS2_PLACEMENT_3D('',#4873,#4874,#4875);
#4877=PLANE('',#4876);
#4879=ORIENTED_EDGE('',*,*,#4878,.F.);
#4881=ORIENTED_EDGE('',*,*,#4880,.F.);
#4883=ORIENTED_EDGE('',*,*,#4882,.F.);
#4885=ORIENTED_EDGE('',*,*,#4884,.F.);
#4886=EDGE_LOOP('',(#4879,#4881,#4883,#4885));
#4887=FACE_OUTER_BOUND('',#4886,.F.);
#4888=ORIENTED_EDGE('',*,*,#4856,.T.);
#4890=ORIENTED_EDGE('',*,*,#4889,.T.);
#4892=ORIENTED_EDGE('',*,*,#4891,.T.);
#4894=ORIENTED_EDGE('',*,*,#4893,.T.);
#4895=EDGE_LOOP('',(#4888,#4890,#4892,#4894));
#4896=FACE_BOUND('',#4895,.F.);
#4897=ADVANCED_FACE('',(#4887,#4896),#4877,.T.);
#4898=FILL_AREA_STYLE_COLOUR('',#5);
#4899=FILL_AREA_STYLE('',(#4898));
#4900=SURFACE_STYLE_FILL_AREA(#4899);
#4901=SURFACE_SIDE_STYLE('',(#4900));
#4902=SURFACE_STYLE_USAGE(.POSITIVE.,#4901);
#4903=PRESENTATION_STYLE_ASSIGNMENT((#4902));
#4904=STYLED_ITEM('',(#4903),#4897);
#4905=CARTESIAN_POINT('',(-6.35E0,3.E0,0.E0));
#4906=DIRECTION('',(-1.E0,0.E0,0.E0));
#4907=DIRECTION('',(0.E0,-1.E0,0.E0));
#4908=AXIS2_PLACEMENT_3D('',#4905,#4906,#4907);
#4909=PLANE('',#4908);
#4911=ORIENTED_EDGE('',*,*,#4910,.F.);
#4913=ORIENTED_EDGE('',*,*,#4912,.T.);
#4914=ORIENTED_EDGE('',*,*,#4878,.T.);
#4916=ORIENTED_EDGE('',*,*,#4915,.F.);
#4917=EDGE_LOOP('',(#4911,#4913,#4914,#4916));
#4918=FACE_OUTER_BOUND('',#4917,.F.);
#4919=ADVANCED_FACE('',(#4918),#4909,.T.);
#4920=FILL_AREA_STYLE_COLOUR('',#5);
#4921=FILL_AREA_STYLE('',(#4920));
#4922=SURFACE_STYLE_FILL_AREA(#4921);
#4923=SURFACE_SIDE_STYLE('',(#4922));
#4924=SURFACE_STYLE_USAGE(.POSITIVE.,#4923);
#4925=PRESENTATION_STYLE_ASSIGNMENT((#4924));
#4926=STYLED_ITEM('',(#4925),#4919);
#4927=CARTESIAN_POINT('',(0.E0,0.E0,0.E0));
#4928=DIRECTION('',(0.E0,0.E0,1.E0));
#4929=DIRECTION('',(1.E0,0.E0,0.E0));
#4930=AXIS2_PLACEMENT_3D('',#4927,#4928,#4929);
#4931=PLANE('',#4930);
#4932=ORIENTED_EDGE('',*,*,#4910,.T.);
#4934=ORIENTED_EDGE('',*,*,#4933,.T.);
#4936=ORIENTED_EDGE('',*,*,#4935,.T.);
#4938=ORIENTED_EDGE('',*,*,#4937,.T.);
#4939=EDGE_LOOP('',(#4932,#4934,#4936,#4938));
#4940=FACE_OUTER_BOUND('',#4939,.F.);
#4942=ORIENTED_EDGE('',*,*,#4941,.F.);
#4944=ORIENTED_EDGE('',*,*,#4943,.F.);
#4946=ORIENTED_EDGE('',*,*,#4945,.F.);
#4948=ORIENTED_EDGE('',*,*,#4947,.T.);
#4949=EDGE_LOOP('',(#4942,#4944,#4946,#4948));
#4950=FACE_BOUND('',#4949,.F.);
#4952=ORIENTED_EDGE('',*,*,#4951,.F.);
#4954=ORIENTED_EDGE('',*,*,#4953,.F.);
#4956=ORIENTED_EDGE('',*,*,#4955,.F.);
#4958=ORIENTED_EDGE('',*,*,#4957,.T.);
#4959=EDGE_LOOP('',(#4952,#4954,#4956,#4958));
#4960=FACE_BOUND('',#4959,.F.);
#4962=ORIENTED_EDGE('',*,*,#4961,.F.);
#4964=ORIENTED_EDGE('',*,*,#4963,.F.);
#4966=ORIENTED_EDGE('',*,*,#4965,.F.);
#4968=ORIENTED_EDGE('',*,*,#4967,.T.);
#4969=EDGE_LOOP('',(#4962,#4964,#4966,#4968));
#4970=FACE_BOUND('',#4969,.F.);
#4972=ORIENTED_EDGE('',*,*,#4971,.T.);
#4974=ORIENTED_EDGE('',*,*,#4973,.T.);
#4976=ORIENTED_EDGE('',*,*,#4975,.T.);
#4978=ORIENTED_EDGE('',*,*,#4977,.T.);
#4980=ORIENTED_EDGE('',*,*,#4979,.T.);
#4982=ORIENTED_EDGE('',*,*,#4981,.T.);
#4983=EDGE_LOOP('',(#4972,#4974,#4976,#4978,#4980,#4982));
#4984=FACE_BOUND('',#4983,.F.);
#4986=ORIENTED_EDGE('',*,*,#4985,.T.);
#4988=ORIENTED_EDGE('',*,*,#4987,.T.);
#4990=ORIENTED_EDGE('',*,*,#4989,.T.);
#4992=ORIENTED_EDGE('',*,*,#4991,.T.);
#4994=ORIENTED_EDGE('',*,*,#4993,.T.);
#4996=ORIENTED_EDGE('',*,*,#4995,.T.);
#4998=ORIENTED_EDGE('',*,*,#4997,.T.);
#5000=ORIENTED_EDGE('',*,*,#4999,.T.);
#5002=ORIENTED_EDGE('',*,*,#5001,.T.);
#5004=ORIENTED_EDGE('',*,*,#5003,.T.);
#5006=ORIENTED_EDGE('',*,*,#5005,.T.);
#5008=ORIENTED_EDGE('',*,*,#5007,.T.);
#5010=ORIENTED_EDGE('',*,*,#5009,.T.);
#5012=ORIENTED_EDGE('',*,*,#5011,.T.);
#5014=ORIENTED_EDGE('',*,*,#5013,.T.);
#5016=ORIENTED_EDGE('',*,*,#5015,.T.);
#5018=ORIENTED_EDGE('',*,*,#5017,.T.);
#5020=ORIENTED_EDGE('',*,*,#5019,.T.);
#5022=ORIENTED_EDGE('',*,*,#5021,.T.);
#5024=ORIENTED_EDGE('',*,*,#5023,.T.);
#5026=ORIENTED_EDGE('',*,*,#5025,.T.);
#5028=ORIENTED_EDGE('',*,*,#5027,.T.);
#5030=ORIENTED_EDGE('',*,*,#5029,.T.);
#5032=ORIENTED_EDGE('',*,*,#5031,.T.);
#5034=ORIENTED_EDGE('',*,*,#5033,.T.);
#5036=ORIENTED_EDGE('',*,*,#5035,.T.);
#5038=ORIENTED_EDGE('',*,*,#5037,.T.);
#5040=ORIENTED_EDGE('',*,*,#5039,.T.);
#5042=ORIENTED_EDGE('',*,*,#5041,.T.);
#5044=ORIENTED_EDGE('',*,*,#5043,.T.);
#5046=ORIENTED_EDGE('',*,*,#5045,.T.);
#5048=ORIENTED_EDGE('',*,*,#5047,.T.);
#5050=ORIENTED_EDGE('',*,*,#5049,.T.);
#5052=ORIENTED_EDGE('',*,*,#5051,.T.);
#5054=ORIENTED_EDGE('',*,*,#5053,.T.);
#5056=ORIENTED_EDGE('',*,*,#5055,.T.);
#5058=ORIENTED_EDGE('',*,*,#5057,.T.);
#5060=ORIENTED_EDGE('',*,*,#5059,.T.);
#5062=ORIENTED_EDGE('',*,*,#5061,.T.);
#5064=ORIENTED_EDGE('',*,*,#5063,.T.);
#5065=EDGE_LOOP('',(#4986,#4988,#4990,#4992,#4994,#4996,#4998,#5000,#5002,#5004,
#5006,#5008,#5010,#5012,#5014,#5016,#5018,#5020,#5022,#5024,#5026,#5028,#5030,
#5032,#5034,#5036,#5038,#5040,#5042,#5044,#5046,#5048,#5050,#5052,#5054,#5056,
#5058,#5060,#5062,#5064));
#5066=FACE_BOUND('',#5065,.F.);
#5068=ORIENTED_EDGE('',*,*,#5067,.T.);
#5070=ORIENTED_EDGE('',*,*,#5069,.T.);
#5072=ORIENTED_EDGE('',*,*,#5071,.T.);
#5074=ORIENTED_EDGE('',*,*,#5073,.T.);
#5076=ORIENTED_EDGE('',*,*,#5075,.T.);
#5078=ORIENTED_EDGE('',*,*,#5077,.T.);
#5080=ORIENTED_EDGE('',*,*,#5079,.T.);
#5082=ORIENTED_EDGE('',*,*,#5081,.T.);
#5084=ORIENTED_EDGE('',*,*,#5083,.T.);
#5086=ORIENTED_EDGE('',*,*,#5085,.T.);
#5088=ORIENTED_EDGE('',*,*,#5087,.T.);
#5090=ORIENTED_EDGE('',*,*,#5089,.T.);
#5091=EDGE_LOOP('',(#5068,#5070,#5072,#5074,#5076,#5078,#5080,#5082,#5084,#5086,
#5088,#5090));
#5092=FACE_BOUND('',#5091,.F.);
#5094=ORIENTED_EDGE('',*,*,#5093,.T.);
#5096=ORIENTED_EDGE('',*,*,#5095,.T.);
#5098=ORIENTED_EDGE('',*,*,#5097,.T.);
#5100=ORIENTED_EDGE('',*,*,#5099,.T.);
#5102=ORIENTED_EDGE('',*,*,#5101,.T.);
#5104=ORIENTED_EDGE('',*,*,#5103,.T.);
#5106=ORIENTED_EDGE('',*,*,#5105,.T.);
#5108=ORIENTED_EDGE('',*,*,#5107,.T.);
#5110=ORIENTED_EDGE('',*,*,#5109,.T.);
#5112=ORIENTED_EDGE('',*,*,#5111,.T.);
#5114=ORIENTED_EDGE('',*,*,#5113,.T.);
#5116=ORIENTED_EDGE('',*,*,#5115,.T.);
#5118=ORIENTED_EDGE('',*,*,#5117,.T.);
#5120=ORIENTED_EDGE('',*,*,#5119,.T.);
#5121=EDGE_LOOP('',(#5094,#5096,#5098,#5100,#5102,#5104,#5106,#5108,#5110,#5112,
#5114,#5116,#5118,#5120));
#5122=FACE_BOUND('',#5121,.F.);
#5124=ORIENTED_EDGE('',*,*,#5123,.T.);
#5126=ORIENTED_EDGE('',*,*,#5125,.T.);
#5128=ORIENTED_EDGE('',*,*,#5127,.T.);
#5130=ORIENTED_EDGE('',*,*,#5129,.T.);
#5132=ORIENTED_EDGE('',*,*,#5131,.T.);
#5134=ORIENTED_EDGE('',*,*,#5133,.T.);
#5136=ORIENTED_EDGE('',*,*,#5135,.T.);
#5138=ORIENTED_EDGE('',*,*,#5137,.T.);
#5139=EDGE_LOOP('',(#5124,#5126,#5128,#5130,#5132,#5134,#5136,#5138));
#5140=FACE_BOUND('',#5139,.F.);
#5141=ADVANCED_FACE('',(#4940,#4950,#4960,#4970,#4984,#5066,#5092,#5122,#5140),
#4931,.F.);
#5142=FILL_AREA_STYLE_COLOUR('',#5);
#5143=FILL_AREA_STYLE('',(#5142));
#5144=SURFACE_STYLE_FILL_AREA(#5143);
#5145=SURFACE_SIDE_STYLE('',(#5144));
#5146=SURFACE_STYLE_USAGE(.POSITIVE.,#5145);
#5147=PRESENTATION_STYLE_ASSIGNMENT((#5146));
#5148=STYLED_ITEM('',(#5147),#5141);
#5149=CARTESIAN_POINT('',(0.E0,0.E0,0.E0));
#5150=DIRECTION('',(0.E0,0.E0,1.E0));
#5151=DIRECTION('',(1.E0,0.E0,0.E0));
#5152=AXIS2_PLACEMENT_3D('',#5149,#5150,#5151);
#5153=PLANE('',#5152);
#5155=ORIENTED_EDGE('',*,*,#5154,.T.);
#5157=ORIENTED_EDGE('',*,*,#5156,.T.);
#5159=ORIENTED_EDGE('',*,*,#5158,.T.);
#5161=ORIENTED_EDGE('',*,*,#5160,.T.);
#5163=ORIENTED_EDGE('',*,*,#5162,.T.);
#5165=ORIENTED_EDGE('',*,*,#5164,.T.);
#5167=ORIENTED_EDGE('',*,*,#5166,.T.);
#5169=ORIENTED_EDGE('',*,*,#5168,.T.);
#5171=ORIENTED_EDGE('',*,*,#5170,.T.);
#5173=ORIENTED_EDGE('',*,*,#5172,.T.);
#5175=ORIENTED_EDGE('',*,*,#5174,.T.);
#5177=ORIENTED_EDGE('',*,*,#5176,.T.);
#5178=EDGE_LOOP('',(#5155,#5157,#5159,#5161,#5163,#5165,#5167,#5169,#5171,#5173,
#5175,#5177));
#5179=FACE_OUTER_BOUND('',#5178,.F.);
#5180=ADVANCED_FACE('',(#5179),#5153,.F.);
#5181=FILL_AREA_STYLE_COLOUR('',#5);
#5182=FILL_AREA_STYLE('',(#5181));
#5183=SURFACE_STYLE_FILL_AREA(#5182);
#5184=SURFACE_SIDE_STYLE('',(#5183));
#5185=SURFACE_STYLE_USAGE(.POSITIVE.,#5184);
#5186=PRESENTATION_STYLE_ASSIGNMENT((#5185));
#5187=STYLED_ITEM('',(#5186),#5180);
#5188=CARTESIAN_POINT('',(0.E0,0.E0,0.E0));
#5189=DIRECTION('',(0.E0,0.E0,1.E0));
#5190=DIRECTION('',(1.E0,0.E0,0.E0));
#5191=AXIS2_PLACEMENT_3D('',#5188,#5189,#5190);
#5192=PLANE('',#5191);
#5194=ORIENTED_EDGE('',*,*,#5193,.T.);
#5196=ORIENTED_EDGE('',*,*,#5195,.T.);
#5198=ORIENTED_EDGE('',*,*,#5197,.T.);
#5199=EDGE_LOOP('',(#5194,#5196,#5198));
#5200=FACE_OUTER_BOUND('',#5199,.F.);
#5201=ADVANCED_FACE('',(#5200),#5192,.F.);
#5202=FILL_AREA_STYLE_COLOUR('',#5);
#5203=FILL_AREA_STYLE('',(#5202));
#5204=SURFACE_STYLE_FILL_AREA(#5203);
#5205=SURFACE_SIDE_STYLE('',(#5204));
#5206=SURFACE_STYLE_USAGE(.POSITIVE.,#5205);
#5207=PRESENTATION_STYLE_ASSIGNMENT((#5206));
#5208=STYLED_ITEM('',(#5207),#5201);
#5209=CARTESIAN_POINT('',(-6.35E0,-3.E0,0.E0));
#5210=DIRECTION('',(0.E0,-1.E0,0.E0));
#5211=DIRECTION('',(1.E0,0.E0,0.E0));
#5212=AXIS2_PLACEMENT_3D('',#5209,#5210,#5211);
#5213=PLANE('',#5212);
#5214=ORIENTED_EDGE('',*,*,#4933,.F.);
#5215=ORIENTED_EDGE('',*,*,#4915,.T.);
#5216=ORIENTED_EDGE('',*,*,#4884,.T.);
#5218=ORIENTED_EDGE('',*,*,#5217,.F.);
#5219=EDGE_LOOP('',(#5214,#5215,#5216,#5218));
#5220=FACE_OUTER_BOUND('',#5219,.F.);
#5222=ORIENTED_EDGE('',*,*,#5221,.T.);
#5224=ORIENTED_EDGE('',*,*,#5223,.T.);
#5226=ORIENTED_EDGE('',*,*,#5225,.T.);
#5228=ORIENTED_EDGE('',*,*,#5227,.T.);
#5229=EDGE_LOOP('',(#5222,#5224,#5226,#5228));
#5230=FACE_BOUND('',#5229,.F.);
#5232=ORIENTED_EDGE('',*,*,#5231,.T.);
#5234=ORIENTED_EDGE('',*,*,#5233,.T.);
#5236=ORIENTED_EDGE('',*,*,#5235,.T.);
#5238=ORIENTED_EDGE('',*,*,#5237,.T.);
#5239=EDGE_LOOP('',(#5232,#5234,#5236,#5238));
#5240=FACE_BOUND('',#5239,.F.);
#5242=ORIENTED_EDGE('',*,*,#5241,.T.);
#5244=ORIENTED_EDGE('',*,*,#5243,.T.);
#5246=ORIENTED_EDGE('',*,*,#5245,.T.);
#5248=ORIENTED_EDGE('',*,*,#5247,.T.);
#5249=EDGE_LOOP('',(#5242,#5244,#5246,#5248));
#5250=FACE_BOUND('',#5249,.F.);
#5251=ADVANCED_FACE('',(#5220,#5230,#5240,#5250),#5213,.T.);
#5252=FILL_AREA_STYLE_COLOUR('',#5);
#5253=FILL_AREA_STYLE('',(#5252));
#5254=SURFACE_STYLE_FILL_AREA(#5253);
#5255=SURFACE_SIDE_STYLE('',(#5254));
#5256=SURFACE_STYLE_USAGE(.POSITIVE.,#5255);
#5257=PRESENTATION_STYLE_ASSIGNMENT((#5256));
#5258=STYLED_ITEM('',(#5257),#5251);
#5259=CARTESIAN_POINT('',(6.35E0,-3.E0,0.E0));
#5260=DIRECTION('',(1.E0,0.E0,0.E0));
#5261=DIRECTION('',(0.E0,1.E0,0.E0));
#5262=AXIS2_PLACEMENT_3D('',#5259,#5260,#5261);
#5263=PLANE('',#5262);
#5264=ORIENTED_EDGE('',*,*,#4935,.F.);
#5265=ORIENTED_EDGE('',*,*,#5217,.T.);
#5266=ORIENTED_EDGE('',*,*,#4882,.T.);
#5268=ORIENTED_EDGE('',*,*,#5267,.F.);
#5269=EDGE_LOOP('',(#5264,#5265,#5266,#5268));
#5270=FACE_OUTER_BOUND('',#5269,.F.);
#5271=ADVANCED_FACE('',(#5270),#5263,.T.);
#5272=FILL_AREA_STYLE_COLOUR('',#5);
#5273=FILL_AREA_STYLE('',(#5272));
#5274=SURFACE_STYLE_FILL_AREA(#5273);
#5275=SURFACE_SIDE_STYLE('',(#5274));
#5276=SURFACE_STYLE_USAGE(.POSITIVE.,#5275);
#5277=PRESENTATION_STYLE_ASSIGNMENT((#5276));
#5278=STYLED_ITEM('',(#5277),#5271);
#5279=CARTESIAN_POINT('',(6.35E0,3.E0,0.E0));
#5280=DIRECTION('',(0.E0,1.E0,0.E0));
#5281=DIRECTION('',(-1.E0,0.E0,0.E0));
#5282=AXIS2_PLACEMENT_3D('',#5279,#5280,#5281);
#5283=PLANE('',#5282);
#5284=ORIENTED_EDGE('',*,*,#4937,.F.);
#5285=ORIENTED_EDGE('',*,*,#5267,.T.);
#5286=ORIENTED_EDGE('',*,*,#4880,.T.);
#5287=ORIENTED_EDGE('',*,*,#4912,.F.);
#5288=EDGE_LOOP('',(#5284,#5285,#5286,#5287));
#5289=FACE_OUTER_BOUND('',#5288,.F.);
#5291=ORIENTED_EDGE('',*,*,#5290,.F.);
#5293=ORIENTED_EDGE('',*,*,#5292,.F.);
#5295=ORIENTED_EDGE('',*,*,#5294,.F.);
#5297=ORIENTED_EDGE('',*,*,#5296,.F.);
#5298=EDGE_LOOP('',(#5291,#5293,#5295,#5297));
#5299=FACE_BOUND('',#5298,.F.);
#5301=ORIENTED_EDGE('',*,*,#5300,.F.);
#5303=ORIENTED_EDGE('',*,*,#5302,.F.);
#5305=ORIENTED_EDGE('',*,*,#5304,.F.);
#5307=ORIENTED_EDGE('',*,*,#5306,.F.);
#5308=EDGE_LOOP('',(#5301,#5303,#5305,#5307));
#5309=FACE_BOUND('',#5308,.F.);
#5311=ORIENTED_EDGE('',*,*,#5310,.F.);
#5313=ORIENTED_EDGE('',*,*,#5312,.F.);
#5315=ORIENTED_EDGE('',*,*,#5314,.F.);
#5317=ORIENTED_EDGE('',*,*,#5316,.F.);
#5318=EDGE_LOOP('',(#5311,#5313,#5315,#5317));
#5319=FACE_BOUND('',#5318,.F.);
#5320=ADVANCED_FACE('',(#5289,#5299,#5309,#5319),#5283,.T.);
#5321=FILL_AREA_STYLE_COLOUR('',#5);
#5322=FILL_AREA_STYLE('',(#5321));
#5323=SURFACE_STYLE_FILL_AREA(#5322);
#5324=SURFACE_SIDE_STYLE('',(#5323));
#5325=SURFACE_STYLE_USAGE(.POSITIVE.,#5324);
#5326=PRESENTATION_STYLE_ASSIGNMENT((#5325));
#5327=STYLED_ITEM('',(#5326),#5320);
#5328=CARTESIAN_POINT('',(-5.0626E0,3.E0,2.232465986012E0));
#5329=DIRECTION('',(0.E0,0.E0,1.E0));
#5330=DIRECTION('',(1.E0,0.E0,0.E0));
#5331=AXIS2_PLACEMENT_3D('',#5328,#5329,#5330);
#5332=PLANE('',#5331);
#5334=ORIENTED_EDGE('',*,*,#5333,.F.);
#5335=ORIENTED_EDGE('',*,*,#5290,.T.);
#5337=ORIENTED_EDGE('',*,*,#5336,.T.);
#5339=ORIENTED_EDGE('',*,*,#5338,.F.);
#5340=EDGE_LOOP('',(#5334,#5335,#5337,#5339));
#5341=FACE_OUTER_BOUND('',#5340,.F.);
#5342=ADVANCED_FACE('',(#5341),#5332,.F.);
#5343=FILL_AREA_STYLE_COLOUR('',#5);
#5344=FILL_AREA_STYLE('',(#5343));
#5345=SURFACE_STYLE_FILL_AREA(#5344);
#5346=SURFACE_SIDE_STYLE('',(#5345));
#5347=SURFACE_STYLE_USAGE(.POSITIVE.,#5346);
#5348=PRESENTATION_STYLE_ASSIGNMENT((#5347));
#5349=STYLED_ITEM('',(#5348),#5342);
#5350=CARTESIAN_POINT('',(-5.0626E0,3.E0,3.264865986012E0));
#5351=DIRECTION('',(1.E0,0.E0,0.E0));
#5352=DIRECTION('',(0.E0,0.E0,-1.E0));
#5353=AXIS2_PLACEMENT_3D('',#5350,#5351,#5352);
#5354=PLANE('',#5353);
#5356=ORIENTED_EDGE('',*,*,#5355,.F.);
#5358=ORIENTED_EDGE('',*,*,#5357,.F.);
#5359=ORIENTED_EDGE('',*,*,#5292,.T.);
#5360=ORIENTED_EDGE('',*,*,#5333,.T.);
#5362=ORIENTED_EDGE('',*,*,#5361,.F.);
#5363=EDGE_LOOP('',(#5356,#5358,#5359,#5360,#5362));
#5364=FACE_OUTER_BOUND('',#5363,.F.);
#5365=ADVANCED_FACE('',(#5364),#5354,.F.);
#5366=FILL_AREA_STYLE_COLOUR('',#5);
#5367=FILL_AREA_STYLE('',(#5366));
#5368=SURFACE_STYLE_FILL_AREA(#5367);
#5369=SURFACE_SIDE_STYLE('',(#5368));
#5370=SURFACE_STYLE_USAGE(.POSITIVE.,#5369);
#5371=PRESENTATION_STYLE_ASSIGNMENT((#5370));
#5372=STYLED_ITEM('',(#5371),#5365);
#5373=CARTESIAN_POINT('',(-3.6669E0,3.25E0,2.964865986012E0));
#5374=DIRECTION('',(0.E0,9.486832980505E-1,3.162277660168E-1));
#5375=DIRECTION('',(0.E0,-3.162277660168E-1,9.486832980505E-1));
#5376=AXIS2_PLACEMENT_3D('',#5373,#5374,#5375);
#5377=PLANE('',#5376);
#5379=ORIENTED_EDGE('',*,*,#5378,.T.);
#5381=ORIENTED_EDGE('',*,*,#5380,.F.);
#5382=ORIENTED_EDGE('',*,*,#5355,.T.);
#5384=ORIENTED_EDGE('',*,*,#5383,.T.);
#5385=EDGE_LOOP('',(#5379,#5381,#5382,#5384));
#5386=FACE_OUTER_BOUND('',#5385,.F.);
#5387=ADVANCED_FACE('',(#5386),#5377,.T.);
#5388=FILL_AREA_STYLE_COLOUR('',#5);
#5389=FILL_AREA_STYLE('',(#5388));
#5390=SURFACE_STYLE_FILL_AREA(#5389);
#5391=SURFACE_SIDE_STYLE('',(#5390));
#5392=SURFACE_STYLE_USAGE(.POSITIVE.,#5391);
#5393=PRESENTATION_STYLE_ASSIGNMENT((#5392));
#5394=STYLED_ITEM('',(#5393),#5387);
#5395=CARTESIAN_POINT('',(-2.2712E0,3.E0,2.232465986012E0));
#5396=DIRECTION('',(-1.E0,0.E0,0.E0));
#5397=DIRECTION('',(0.E0,0.E0,1.E0));
#5398=AXIS2_PLACEMENT_3D('',#5395,#5396,#5397);
#5399=PLANE('',#5398);
#5400=ORIENTED_EDGE('',*,*,#5378,.F.);
#5402=ORIENTED_EDGE('',*,*,#5401,.F.);
#5403=ORIENTED_EDGE('',*,*,#5336,.F.);
#5404=ORIENTED_EDGE('',*,*,#5296,.T.);
#5406=ORIENTED_EDGE('',*,*,#5405,.T.);
#5407=EDGE_LOOP('',(#5400,#5402,#5403,#5404,#5406));
#5408=FACE_OUTER_BOUND('',#5407,.F.);
#5409=ADVANCED_FACE('',(#5408),#5399,.F.);
#5410=FILL_AREA_STYLE_COLOUR('',#5);
#5411=FILL_AREA_STYLE('',(#5410));
#5412=SURFACE_STYLE_FILL_AREA(#5411);
#5413=SURFACE_SIDE_STYLE('',(#5412));
#5414=SURFACE_STYLE_USAGE(.POSITIVE.,#5413);
#5415=PRESENTATION_STYLE_ASSIGNMENT((#5414));
#5416=STYLED_ITEM('',(#5415),#5409);
#5417=CARTESIAN_POINT('',(0.E0,3.35E0,0.E0));
#5418=DIRECTION('',(0.E0,-1.E0,0.E0));
#5419=DIRECTION('',(1.E0,0.E0,0.E0));
#5420=AXIS2_PLACEMENT_3D('',#5417,#5418,#5419);
#5421=PLANE('',#5420);
#5423=ORIENTED_EDGE('',*,*,#5422,.T.);
#5425=ORIENTED_EDGE('',*,*,#5424,.T.);
#5427=ORIENTED_EDGE('',*,*,#5426,.T.);
#5429=ORIENTED_EDGE('',*,*,#5428,.T.);
#5430=EDGE_LOOP('',(#5423,#5425,#5427,#5429));
#5431=FACE_OUTER_BOUND('',#5430,.F.);
#5432=ADVANCED_FACE('',(#5431),#5421,.F.);
#5433=FILL_AREA_STYLE_COLOUR('',#5);
#5434=FILL_AREA_STYLE('',(#5433));
#5435=SURFACE_STYLE_FILL_AREA(#5434);
#5436=SURFACE_SIDE_STYLE('',(#5435));
#5437=SURFACE_STYLE_USAGE(.POSITIVE.,#5436);
#5438=PRESENTATION_STYLE_ASSIGNMENT((#5437));
#5439=STYLED_ITEM('',(#5438),#5432);
#5440=CARTESIAN_POINT('',(0.E0,3.35E0,0.E0));
#5441=DIRECTION('',(0.E0,-1.E0,0.E0));
#5442=DIRECTION('',(1.E0,0.E0,0.E0));
#5443=AXIS2_PLACEMENT_3D('',#5440,#5441,#5442);
#5444=PLANE('',#5443);
#5445=ORIENTED_EDGE('',*,*,#5383,.F.);
#5446=ORIENTED_EDGE('',*,*,#5361,.T.);
#5447=ORIENTED_EDGE('',*,*,#5338,.T.);
#5448=ORIENTED_EDGE('',*,*,#5401,.T.);
#5449=EDGE_LOOP('',(#5445,#5446,#5447,#5448));
#5450=FACE_OUTER_BOUND('',#5449,.F.);
#5451=ADVANCED_FACE('',(#5450),#5444,.F.);
#5452=FILL_AREA_STYLE_COLOUR('',#5);
#5453=FILL_AREA_STYLE('',(#5452));
#5454=SURFACE_STYLE_FILL_AREA(#5453);
#5455=SURFACE_SIDE_STYLE('',(#5454));
#5456=SURFACE_STYLE_USAGE(.POSITIVE.,#5455);
#5457=PRESENTATION_STYLE_ASSIGNMENT((#5456));
#5458=STYLED_ITEM('',(#5457),#5451);
#5459=CARTESIAN_POINT('',(0.E0,3.35E0,0.E0));
#5460=DIRECTION('',(0.E0,-1.E0,0.E0));
#5461=DIRECTION('',(1.E0,0.E0,0.E0));
#5462=AXIS2_PLACEMENT_3D('',#5459,#5460,#5461);
#5463=PLANE('',#5462);
#5465=ORIENTED_EDGE('',*,*,#5464,.F.);
#5467=ORIENTED_EDGE('',*,*,#5466,.T.);
#5469=ORIENTED_EDGE('',*,*,#5468,.T.);
#5471=ORIENTED_EDGE('',*,*,#5470,.T.);
#5472=EDGE_LOOP('',(#5465,#5467,#5469,#5471));
#5473=FACE_OUTER_BOUND('',#5472,.F.);
#5474=ADVANCED_FACE('',(#5473),#5463,.F.);
#5475=FILL_AREA_STYLE_COLOUR('',#5);
#5476=FILL_AREA_STYLE('',(#5475));
#5477=SURFACE_STYLE_FILL_AREA(#5476);
#5478=SURFACE_SIDE_STYLE('',(#5477));
#5479=SURFACE_STYLE_USAGE(.POSITIVE.,#5478);
#5480=PRESENTATION_STYLE_ASSIGNMENT((#5479));
#5481=STYLED_ITEM('',(#5480),#5474);
#5482=CARTESIAN_POINT('',(0.E0,3.E0,3.457515986012E0));
#5483=DIRECTION('',(0.E0,-1.E0,0.E0));
#5484=DIRECTION('',(1.E0,0.E0,0.E0));
#5485=AXIS2_PLACEMENT_3D('',#5482,#5483,#5484);
#5486=CYLINDRICAL_SURFACE('',#5485,6.471E-1);
#5488=ORIENTED_EDGE('',*,*,#5487,.F.);
#5489=ORIENTED_EDGE('',*,*,#5310,.T.);
#5491=ORIENTED_EDGE('',*,*,#5490,.T.);
#5492=ORIENTED_EDGE('',*,*,#5422,.F.);
#5493=EDGE_LOOP('',(#5488,#5489,#5491,#5492));
#5494=FACE_OUTER_BOUND('',#5493,.F.);
#5495=ADVANCED_FACE('',(#5494),#5486,.T.);
#5496=FILL_AREA_STYLE_COLOUR('',#5);
#5497=FILL_AREA_STYLE('',(#5496));
#5498=SURFACE_STYLE_FILL_AREA(#5497);
#5499=SURFACE_SIDE_STYLE('',(#5498));
#5500=SURFACE_STYLE_USAGE(.POSITIVE.,#5499);
#5501=PRESENTATION_STYLE_ASSIGNMENT((#5500));
#5502=STYLED_ITEM('',(#5501),#5495);
#5503=CARTESIAN_POINT('',(6.471E-1,3.E0,2.425115986012E0));
#5504=DIRECTION('',(-1.E0,0.E0,0.E0));
#5505=DIRECTION('',(0.E0,0.E0,1.E0));
#5506=AXIS2_PLACEMENT_3D('',#5503,#5504,#5505);
#5507=PLANE('',#5506);
#5508=ORIENTED_EDGE('',*,*,#5487,.T.);
#5509=ORIENTED_EDGE('',*,*,#5428,.F.);
#5511=ORIENTED_EDGE('',*,*,#5510,.F.);
#5512=ORIENTED_EDGE('',*,*,#5312,.T.);
#5513=EDGE_LOOP('',(#5508,#5509,#5511,#5512));
#5514=FACE_OUTER_BOUND('',#5513,.F.);
#5515=ADVANCED_FACE('',(#5514),#5507,.F.);
#5516=FILL_AREA_STYLE_COLOUR('',#5);
#5517=FILL_AREA_STYLE('',(#5516));
#5518=SURFACE_STYLE_FILL_AREA(#5517);
#5519=SURFACE_SIDE_STYLE('',(#5518));
#5520=SURFACE_STYLE_USAGE(.POSITIVE.,#5519);
#5521=PRESENTATION_STYLE_ASSIGNMENT((#5520));
#5522=STYLED_ITEM('',(#5521),#5515);
#5523=CARTESIAN_POINT('',(-6.471E-1,3.E0,2.425115986012E0));
#5524=DIRECTION('',(0.E0,0.E0,1.E0));
#5525=DIRECTION('',(1.E0,0.E0,0.E0));
#5526=AXIS2_PLACEMENT_3D('',#5523,#5524,#5525);
#5527=PLANE('',#5526);
#5529=ORIENTED_EDGE('',*,*,#5528,.F.);
#5530=ORIENTED_EDGE('',*,*,#5314,.T.);
#5531=ORIENTED_EDGE('',*,*,#5510,.T.);
#5532=ORIENTED_EDGE('',*,*,#5426,.F.);
#5533=EDGE_LOOP('',(#5529,#5530,#5531,#5532));
#5534=FACE_OUTER_BOUND('',#5533,.F.);
#5535=ADVANCED_FACE('',(#5534),#5527,.F.);
#5536=FILL_AREA_STYLE_COLOUR('',#5);
#5537=FILL_AREA_STYLE('',(#5536));
#5538=SURFACE_STYLE_FILL_AREA(#5537);
#5539=SURFACE_SIDE_STYLE('',(#5538));
#5540=SURFACE_STYLE_USAGE(.POSITIVE.,#5539);
#5541=PRESENTATION_STYLE_ASSIGNMENT((#5540));
#5542=STYLED_ITEM('',(#5541),#5535);
#5543=CARTESIAN_POINT('',(-6.471E-1,3.E0,3.457515986012E0));
#5544=DIRECTION('',(1.E0,0.E0,0.E0));
#5545=DIRECTION('',(0.E0,0.E0,-1.E0));
#5546=AXIS2_PLACEMENT_3D('',#5543,#5544,#5545);
#5547=PLANE('',#5546);
#5548=ORIENTED_EDGE('',*,*,#5490,.F.);
#5549=ORIENTED_EDGE('',*,*,#5316,.T.);
#5550=ORIENTED_EDGE('',*,*,#5528,.T.);
#5551=ORIENTED_EDGE('',*,*,#5424,.F.);
#5552=EDGE_LOOP('',(#5548,#5549,#5550,#5551));
#5553=FACE_OUTER_BOUND('',#5552,.F.);
#5554=ADVANCED_FACE('',(#5553),#5547,.F.);
#5555=FILL_AREA_STYLE_COLOUR('',#5);
#5556=FILL_AREA_STYLE('',(#5555));
#5557=SURFACE_STYLE_FILL_AREA(#5556);
#5558=SURFACE_SIDE_STYLE('',(#5557));
#5559=SURFACE_STYLE_USAGE(.POSITIVE.,#5558);
#5560=PRESENTATION_STYLE_ASSIGNMENT((#5559));
#5561=STYLED_ITEM('',(#5560),#5554);
#5562=CARTESIAN_POINT('',(3.6669E0,3.25E0,2.964865986012E0));
#5563=DIRECTION('',(0.E0,9.486832980505E-1,3.162277660168E-1));
#5564=DIRECTION('',(0.E0,-3.162277660168E-1,9.486832980505E-1));
#5565=AXIS2_PLACEMENT_3D('',#5562,#5563,#5564);
#5566=PLANE('',#5565);
#5568=ORIENTED_EDGE('',*,*,#5567,.T.);
#5570=ORIENTED_EDGE('',*,*,#5569,.F.);
#5572=ORIENTED_EDGE('',*,*,#5571,.T.);
#5573=ORIENTED_EDGE('',*,*,#5464,.T.);
#5574=EDGE_LOOP('',(#5568,#5570,#5572,#5573));
#5575=FACE_OUTER_BOUND('',#5574,.F.);
#5576=ADVANCED_FACE('',(#5575),#5566,.T.);
#5577=FILL_AREA_STYLE_COLOUR('',#5);
#5578=FILL_AREA_STYLE('',(#5577));
#5579=SURFACE_STYLE_FILL_AREA(#5578);
#5580=SURFACE_SIDE_STYLE('',(#5579));
#5581=SURFACE_STYLE_USAGE(.POSITIVE.,#5580);
#5582=PRESENTATION_STYLE_ASSIGNMENT((#5581));
#5583=STYLED_ITEM('',(#5582),#5576);
#5584=CARTESIAN_POINT('',(5.0626E0,3.E0,2.232465986012E0));
#5585=DIRECTION('',(-1.E0,0.E0,0.E0));
#5586=DIRECTION('',(0.E0,0.E0,1.E0));
#5587=AXIS2_PLACEMENT_3D('',#5584,#5585,#5586);
#5588=PLANE('',#5587);
#5589=ORIENTED_EDGE('',*,*,#5567,.F.);
#5590=ORIENTED_EDGE('',*,*,#5470,.F.);
#5592=ORIENTED_EDGE('',*,*,#5591,.F.);
#5593=ORIENTED_EDGE('',*,*,#5300,.T.);
#5595=ORIENTED_EDGE('',*,*,#5594,.T.);
#5596=EDGE_LOOP('',(#5589,#5590,#5592,#5593,#5595));
#5597=FACE_OUTER_BOUND('',#5596,.F.);
#5598=ADVANCED_FACE('',(#5597),#5588,.F.);
#5599=FILL_AREA_STYLE_COLOUR('',#5);
#5600=FILL_AREA_STYLE('',(#5599));
#5601=SURFACE_STYLE_FILL_AREA(#5600);
#5602=SURFACE_SIDE_STYLE('',(#5601));
#5603=SURFACE_STYLE_USAGE(.POSITIVE.,#5602);
#5604=PRESENTATION_STYLE_ASSIGNMENT((#5603));
#5605=STYLED_ITEM('',(#5604),#5598);
#5606=CARTESIAN_POINT('',(2.2712E0,3.E0,2.232465986012E0));
#5607=DIRECTION('',(0.E0,0.E0,1.E0));
#5608=DIRECTION('',(1.E0,0.E0,0.E0));
#5609=AXIS2_PLACEMENT_3D('',#5606,#5607,#5608);
#5610=PLANE('',#5609);
#5611=ORIENTED_EDGE('',*,*,#5591,.T.);
#5612=ORIENTED_EDGE('',*,*,#5468,.F.);
#5614=ORIENTED_EDGE('',*,*,#5613,.F.);
#5615=ORIENTED_EDGE('',*,*,#5302,.T.);
#5616=EDGE_LOOP('',(#5611,#5612,#5614,#5615));
#5617=FACE_OUTER_BOUND('',#5616,.F.);
#5618=ADVANCED_FACE('',(#5617),#5610,.F.);
#5619=FILL_AREA_STYLE_COLOUR('',#5);
#5620=FILL_AREA_STYLE('',(#5619));
#5621=SURFACE_STYLE_FILL_AREA(#5620);
#5622=SURFACE_SIDE_STYLE('',(#5621));
#5623=SURFACE_STYLE_USAGE(.POSITIVE.,#5622);
#5624=PRESENTATION_STYLE_ASSIGNMENT((#5623));
#5625=STYLED_ITEM('',(#5624),#5618);
#5626=CARTESIAN_POINT('',(2.2712E0,3.E0,3.264865986012E0));
#5627=DIRECTION('',(1.E0,0.E0,0.E0));
#5628=DIRECTION('',(0.E0,0.E0,-1.E0));
#5629=AXIS2_PLACEMENT_3D('',#5626,#5627,#5628);
#5630=PLANE('',#5629);
#5631=ORIENTED_EDGE('',*,*,#5571,.F.);
#5633=ORIENTED_EDGE('',*,*,#5632,.F.);
#5634=ORIENTED_EDGE('',*,*,#5304,.T.);
#5635=ORIENTED_EDGE('',*,*,#5613,.T.);
#5636=ORIENTED_EDGE('',*,*,#5466,.F.);
#5637=EDGE_LOOP('',(#5631,#5633,#5634,#5635,#5636));
#5638=FACE_OUTER_BOUND('',#5637,.F.);
#5639=ADVANCED_FACE('',(#5638),#5630,.F.);
#5640=FILL_AREA_STYLE_COLOUR('',#5);
#5641=FILL_AREA_STYLE('',(#5640));
#5642=SURFACE_STYLE_FILL_AREA(#5641);
#5643=SURFACE_SIDE_STYLE('',(#5642));
#5644=SURFACE_STYLE_USAGE(.POSITIVE.,#5643);
#5645=PRESENTATION_STYLE_ASSIGNMENT((#5644));
#5646=STYLED_ITEM('',(#5645),#5639);
#5647=CARTESIAN_POINT('',(5.0626E0,3.E0,3.264865986012E0));
#5648=DIRECTION('',(0.E0,0.E0,-1.E0));
#5649=DIRECTION('',(-1.E0,0.E0,0.E0));
#5650=AXIS2_PLACEMENT_3D('',#5647,#5648,#5649);
#5651=PLANE('',#5650);
#5652=ORIENTED_EDGE('',*,*,#5569,.T.);
#5653=ORIENTED_EDGE('',*,*,#5594,.F.);
#5654=ORIENTED_EDGE('',*,*,#5306,.T.);
#5655=ORIENTED_EDGE('',*,*,#5632,.T.);
#5656=EDGE_LOOP('',(#5652,#5653,#5654,#5655));
#5657=FACE_OUTER_BOUND('',#5656,.F.);
#5658=ADVANCED_FACE('',(#5657),#5651,.F.);
#5659=FILL_AREA_STYLE_COLOUR('',#5);
#5660=FILL_AREA_STYLE('',(#5659));
#5661=SURFACE_STYLE_FILL_AREA(#5660);
#5662=SURFACE_SIDE_STYLE('',(#5661));
#5663=SURFACE_STYLE_USAGE(.POSITIVE.,#5662);
#5664=PRESENTATION_STYLE_ASSIGNMENT((#5663));
#5665=STYLED_ITEM('',(#5664),#5658);
#5666=CARTESIAN_POINT('',(-2.2712E0,3.E0,3.264865986012E0));
#5667=DIRECTION('',(0.E0,0.E0,-1.E0));
#5668=DIRECTION('',(-1.E0,0.E0,0.E0));
#5669=AXIS2_PLACEMENT_3D('',#5666,#5667,#5668);
#5670=PLANE('',#5669);
#5671=ORIENTED_EDGE('',*,*,#5380,.T.);
#5672=ORIENTED_EDGE('',*,*,#5405,.F.);
#5673=ORIENTED_EDGE('',*,*,#5294,.T.);
#5674=ORIENTED_EDGE('',*,*,#5357,.T.);
#5675=EDGE_LOOP('',(#5671,#5672,#5673,#5674));
#5676=FACE_OUTER_BOUND('',#5675,.F.);
#5677=ADVANCED_FACE('',(#5676),#5670,.F.);
#5678=FILL_AREA_STYLE_COLOUR('',#5);
#5679=FILL_AREA_STYLE('',(#5678));
#5680=SURFACE_STYLE_FILL_AREA(#5679);
#5681=SURFACE_SIDE_STYLE('',(#5680));
#5682=SURFACE_STYLE_USAGE(.POSITIVE.,#5681);
#5683=PRESENTATION_STYLE_ASSIGNMENT((#5682));
#5684=STYLED_ITEM('',(#5683),#5677);
#5685=CARTESIAN_POINT('',(-5.0626E0,-3.E0,2.232465986012E0));
#5686=DIRECTION('',(0.E0,0.E0,-1.E0));
#5687=DIRECTION('',(1.E0,0.E0,0.E0));
#5688=AXIS2_PLACEMENT_3D('',#5685,#5686,#5687);
#5689=PLANE('',#5688);
#5690=ORIENTED_EDGE('',*,*,#5221,.F.);
#5692=ORIENTED_EDGE('',*,*,#5691,.T.);
#5694=ORIENTED_EDGE('',*,*,#5693,.T.);
#5696=ORIENTED_EDGE('',*,*,#5695,.F.);
#5697=EDGE_LOOP('',(#5690,#5692,#5694,#5696));
#5698=FACE_OUTER_BOUND('',#5697,.F.);
#5699=ADVANCED_FACE('',(#5698),#5689,.T.);
#5700=FILL_AREA_STYLE_COLOUR('',#5);
#5701=FILL_AREA_STYLE('',(#5700));
#5702=SURFACE_STYLE_FILL_AREA(#5701);
#5703=SURFACE_SIDE_STYLE('',(#5702));
#5704=SURFACE_STYLE_USAGE(.POSITIVE.,#5703);
#5705=PRESENTATION_STYLE_ASSIGNMENT((#5704));
#5706=STYLED_ITEM('',(#5705),#5699);
#5707=CARTESIAN_POINT('',(-5.0626E0,-3.E0,3.264865986012E0));
#5708=DIRECTION('',(-1.E0,0.E0,0.E0));
#5709=DIRECTION('',(0.E0,0.E0,-1.E0));
#5710=AXIS2_PLACEMENT_3D('',#5707,#5708,#5709);
#5711=PLANE('',#5710);
#5713=ORIENTED_EDGE('',*,*,#5712,.F.);
#5715=ORIENTED_EDGE('',*,*,#5714,.T.);
#5716=ORIENTED_EDGE('',*,*,#5691,.F.);
#5717=ORIENTED_EDGE('',*,*,#5227,.F.);
#5719=ORIENTED_EDGE('',*,*,#5718,.T.);
#5720=EDGE_LOOP('',(#5713,#5715,#5716,#5717,#5719));
#5721=FACE_OUTER_BOUND('',#5720,.F.);
#5722=ADVANCED_FACE('',(#5721),#5711,.T.);
#5723=FILL_AREA_STYLE_COLOUR('',#5);
#5724=FILL_AREA_STYLE('',(#5723));
#5725=SURFACE_STYLE_FILL_AREA(#5724);
#5726=SURFACE_SIDE_STYLE('',(#5725));
#5727=SURFACE_STYLE_USAGE(.POSITIVE.,#5726);
#5728=PRESENTATION_STYLE_ASSIGNMENT((#5727));
#5729=STYLED_ITEM('',(#5728),#5722);
#5730=CARTESIAN_POINT('',(-3.6669E0,-3.25E0,2.964865986012E0));
#5731=DIRECTION('',(0.E0,-9.486832980505E-1,3.162277660168E-1));
#5732=DIRECTION('',(0.E0,3.162277660168E-1,9.486832980505E-1));
#5733=AXIS2_PLACEMENT_3D('',#5730,#5731,#5732);
#5734=PLANE('',#5733);
#5735=ORIENTED_EDGE('',*,*,#5712,.T.);
#5737=ORIENTED_EDGE('',*,*,#5736,.F.);
#5739=ORIENTED_EDGE('',*,*,#5738,.T.);
#5741=ORIENTED_EDGE('',*,*,#5740,.T.);
#5742=EDGE_LOOP('',(#5735,#5737,#5739,#5741));
#5743=FACE_OUTER_BOUND('',#5742,.F.);
#5744=ADVANCED_FACE('',(#5743),#5734,.T.);
#5745=FILL_AREA_STYLE_COLOUR('',#5);
#5746=FILL_AREA_STYLE('',(#5745));
#5747=SURFACE_STYLE_FILL_AREA(#5746);
#5748=SURFACE_SIDE_STYLE('',(#5747));
#5749=SURFACE_STYLE_USAGE(.POSITIVE.,#5748);
#5750=PRESENTATION_STYLE_ASSIGNMENT((#5749));
#5751=STYLED_ITEM('',(#5750),#5744);
#5752=CARTESIAN_POINT('',(-2.2712E0,-3.E0,3.264865986012E0));
#5753=DIRECTION('',(0.E0,0.E0,1.E0));
#5754=DIRECTION('',(-1.E0,0.E0,0.E0));
#5755=AXIS2_PLACEMENT_3D('',#5752,#5753,#5754);
#5756=PLANE('',#5755);
#5757=ORIENTED_EDGE('',*,*,#5736,.T.);
#5758=ORIENTED_EDGE('',*,*,#5718,.F.);
#5759=ORIENTED_EDGE('',*,*,#5225,.F.);
#5761=ORIENTED_EDGE('',*,*,#5760,.T.);
#5762=EDGE_LOOP('',(#5757,#5758,#5759,#5761));
#5763=FACE_OUTER_BOUND('',#5762,.F.);
#5764=ADVANCED_FACE('',(#5763),#5756,.T.);
#5765=FILL_AREA_STYLE_COLOUR('',#5);
#5766=FILL_AREA_STYLE('',(#5765));
#5767=SURFACE_STYLE_FILL_AREA(#5766);
#5768=SURFACE_SIDE_STYLE('',(#5767));
#5769=SURFACE_STYLE_USAGE(.POSITIVE.,#5768);
#5770=PRESENTATION_STYLE_ASSIGNMENT((#5769));
#5771=STYLED_ITEM('',(#5770),#5764);
#5772=CARTESIAN_POINT('',(-2.2712E0,-3.E0,2.232465986012E0));
#5773=DIRECTION('',(1.E0,0.E0,0.E0));
#5774=DIRECTION('',(0.E0,0.E0,1.E0));
#5775=AXIS2_PLACEMENT_3D('',#5772,#5773,#5774);
#5776=PLANE('',#5775);
#5777=ORIENTED_EDGE('',*,*,#5738,.F.);
#5778=ORIENTED_EDGE('',*,*,#5760,.F.);
#5779=ORIENTED_EDGE('',*,*,#5223,.F.);
#5780=ORIENTED_EDGE('',*,*,#5695,.T.);
#5782=ORIENTED_EDGE('',*,*,#5781,.T.);
#5783=EDGE_LOOP('',(#5777,#5778,#5779,#5780,#5782));
#5784=FACE_OUTER_BOUND('',#5783,.F.);
#5785=ADVANCED_FACE('',(#5784),#5776,.T.);
#5786=FILL_AREA_STYLE_COLOUR('',#5);
#5787=FILL_AREA_STYLE('',(#5786));
#5788=SURFACE_STYLE_FILL_AREA(#5787);
#5789=SURFACE_SIDE_STYLE('',(#5788));
#5790=SURFACE_STYLE_USAGE(.POSITIVE.,#5789);
#5791=PRESENTATION_STYLE_ASSIGNMENT((#5790));
#5792=STYLED_ITEM('',(#5791),#5785);
#5793=CARTESIAN_POINT('',(0.E0,-3.35E0,0.E0));
#5794=DIRECTION('',(0.E0,-1.E0,0.E0));
#5795=DIRECTION('',(1.E0,0.E0,0.E0));
#5796=AXIS2_PLACEMENT_3D('',#5793,#5794,#5795);
#5797=PLANE('',#5796);
#5799=ORIENTED_EDGE('',*,*,#5798,.F.);
#5801=ORIENTED_EDGE('',*,*,#5800,.F.);
#5803=ORIENTED_EDGE('',*,*,#5802,.F.);
#5805=ORIENTED_EDGE('',*,*,#5804,.F.);
#5806=EDGE_LOOP('',(#5799,#5801,#5803,#5805));
#5807=FACE_OUTER_BOUND('',#5806,.F.);
#5808=ADVANCED_FACE('',(#5807),#5797,.T.);
#5809=FILL_AREA_STYLE_COLOUR('',#5);
#5810=FILL_AREA_STYLE('',(#5809));
#5811=SURFACE_STYLE_FILL_AREA(#5810);
#5812=SURFACE_SIDE_STYLE('',(#5811));
#5813=SURFACE_STYLE_USAGE(.POSITIVE.,#5812);
#5814=PRESENTATION_STYLE_ASSIGNMENT((#5813));
#5815=STYLED_ITEM('',(#5814),#5808);
#5816=CARTESIAN_POINT('',(0.E0,-3.35E0,0.E0));
#5817=DIRECTION('',(0.E0,-1.E0,0.E0));
#5818=DIRECTION('',(1.E0,0.E0,0.E0));
#5819=AXIS2_PLACEMENT_3D('',#5816,#5817,#5818);
#5820=PLANE('',#5819);
#5821=ORIENTED_EDGE('',*,*,#5740,.F.);
#5822=ORIENTED_EDGE('',*,*,#5781,.F.);
#5823=ORIENTED_EDGE('',*,*,#5693,.F.);
#5824=ORIENTED_EDGE('',*,*,#5714,.F.);
#5825=EDGE_LOOP('',(#5821,#5822,#5823,#5824));
#5826=FACE_OUTER_BOUND('',#5825,.F.);
#5827=ADVANCED_FACE('',(#5826),#5820,.T.);
#5828=FILL_AREA_STYLE_COLOUR('',#5);
#5829=FILL_AREA_STYLE('',(#5828));
#5830=SURFACE_STYLE_FILL_AREA(#5829);
#5831=SURFACE_SIDE_STYLE('',(#5830));
#5832=SURFACE_STYLE_USAGE(.POSITIVE.,#5831);
#5833=PRESENTATION_STYLE_ASSIGNMENT((#5832));
#5834=STYLED_ITEM('',(#5833),#5827);
#5835=CARTESIAN_POINT('',(0.E0,-3.35E0,0.E0));
#5836=DIRECTION('',(0.E0,-1.E0,0.E0));
#5837=DIRECTION('',(1.E0,0.E0,0.E0));
#5838=AXIS2_PLACEMENT_3D('',#5835,#5836,#5837);
#5839=PLANE('',#5838);
#5841=ORIENTED_EDGE('',*,*,#5840,.F.);
#5843=ORIENTED_EDGE('',*,*,#5842,.F.);
#5845=ORIENTED_EDGE('',*,*,#5844,.F.);
#5847=ORIENTED_EDGE('',*,*,#5846,.F.);
#5848=EDGE_LOOP('',(#5841,#5843,#5845,#5847));
#5849=FACE_OUTER_BOUND('',#5848,.F.);
#5850=ADVANCED_FACE('',(#5849),#5839,.T.);
#5851=FILL_AREA_STYLE_COLOUR('',#5);
#5852=FILL_AREA_STYLE('',(#5851));
#5853=SURFACE_STYLE_FILL_AREA(#5852);
#5854=SURFACE_SIDE_STYLE('',(#5853));
#5855=SURFACE_STYLE_USAGE(.POSITIVE.,#5854);
#5856=PRESENTATION_STYLE_ASSIGNMENT((#5855));
#5857=STYLED_ITEM('',(#5856),#5850);
#5858=CARTESIAN_POINT('',(0.E0,-3.E0,3.457515986012E0));
#5859=DIRECTION('',(0.E0,-1.E0,0.E0));
#5860=DIRECTION('',(1.E0,0.E0,0.E0));
#5861=AXIS2_PLACEMENT_3D('',#5858,#5859,#5860);
#5862=CYLINDRICAL_SURFACE('',#5861,6.471E-1);
#5863=ORIENTED_EDGE('',*,*,#5241,.F.);
#5865=ORIENTED_EDGE('',*,*,#5864,.T.);
#5866=ORIENTED_EDGE('',*,*,#5798,.T.);
#5868=ORIENTED_EDGE('',*,*,#5867,.F.);
#5869=EDGE_LOOP('',(#5863,#5865,#5866,#5868));
#5870=FACE_OUTER_BOUND('',#5869,.F.);
#5871=ADVANCED_FACE('',(#5870),#5862,.T.);
#5872=FILL_AREA_STYLE_COLOUR('',#5);
#5873=FILL_AREA_STYLE('',(#5872));
#5874=SURFACE_STYLE_FILL_AREA(#5873);
#5875=SURFACE_SIDE_STYLE('',(#5874));
#5876=SURFACE_STYLE_USAGE(.POSITIVE.,#5875);
#5877=PRESENTATION_STYLE_ASSIGNMENT((#5876));
#5878=STYLED_ITEM('',(#5877),#5871);
#5879=CARTESIAN_POINT('',(6.471E-1,-3.E0,2.425115986012E0));
#5880=DIRECTION('',(1.E0,0.E0,0.E0));
#5881=DIRECTION('',(0.E0,0.E0,1.E0));
#5882=AXIS2_PLACEMENT_3D('',#5879,#5880,#5881);
#5883=PLANE('',#5882);
#5884=ORIENTED_EDGE('',*,*,#5247,.F.);
#5886=ORIENTED_EDGE('',*,*,#5885,.T.);
#5887=ORIENTED_EDGE('',*,*,#5800,.T.);
#5888=ORIENTED_EDGE('',*,*,#5864,.F.);
#5889=EDGE_LOOP('',(#5884,#5886,#5887,#5888));
#5890=FACE_OUTER_BOUND('',#5889,.F.);
#5891=ADVANCED_FACE('',(#5890),#5883,.T.);
#5892=FILL_AREA_STYLE_COLOUR('',#5);
#5893=FILL_AREA_STYLE('',(#5892));
#5894=SURFACE_STYLE_FILL_AREA(#5893);
#5895=SURFACE_SIDE_STYLE('',(#5894));
#5896=SURFACE_STYLE_USAGE(.POSITIVE.,#5895);
#5897=PRESENTATION_STYLE_ASSIGNMENT((#5896));
#5898=STYLED_ITEM('',(#5897),#5891);
#5899=CARTESIAN_POINT('',(-6.471E-1,-3.E0,2.425115986012E0));
#5900=DIRECTION('',(0.E0,0.E0,-1.E0));
#5901=DIRECTION('',(1.E0,0.E0,0.E0));
#5902=AXIS2_PLACEMENT_3D('',#5899,#5900,#5901);
#5903=PLANE('',#5902);
#5904=ORIENTED_EDGE('',*,*,#5245,.F.);
#5906=ORIENTED_EDGE('',*,*,#5905,.T.);
#5907=ORIENTED_EDGE('',*,*,#5802,.T.);
#5908=ORIENTED_EDGE('',*,*,#5885,.F.);
#5909=EDGE_LOOP('',(#5904,#5906,#5907,#5908));
#5910=FACE_OUTER_BOUND('',#5909,.F.);
#5911=ADVANCED_FACE('',(#5910),#5903,.T.);
#5912=FILL_AREA_STYLE_COLOUR('',#5);
#5913=FILL_AREA_STYLE('',(#5912));
#5914=SURFACE_STYLE_FILL_AREA(#5913);
#5915=SURFACE_SIDE_STYLE('',(#5914));
#5916=SURFACE_STYLE_USAGE(.POSITIVE.,#5915);
#5917=PRESENTATION_STYLE_ASSIGNMENT((#5916));
#5918=STYLED_ITEM('',(#5917),#5911);
#5919=CARTESIAN_POINT('',(-6.471E-1,-3.E0,3.457515986012E0));
#5920=DIRECTION('',(-1.E0,0.E0,0.E0));
#5921=DIRECTION('',(0.E0,0.E0,-1.E0));
#5922=AXIS2_PLACEMENT_3D('',#5919,#5920,#5921);
#5923=PLANE('',#5922);
#5924=ORIENTED_EDGE('',*,*,#5243,.F.);
#5925=ORIENTED_EDGE('',*,*,#5867,.T.);
#5926=ORIENTED_EDGE('',*,*,#5804,.T.);
#5927=ORIENTED_EDGE('',*,*,#5905,.F.);
#5928=EDGE_LOOP('',(#5924,#5925,#5926,#5927));
#5929=FACE_OUTER_BOUND('',#5928,.F.);
#5930=ADVANCED_FACE('',(#5929),#5923,.T.);
#5931=FILL_AREA_STYLE_COLOUR('',#5);
#5932=FILL_AREA_STYLE('',(#5931));
#5933=SURFACE_STYLE_FILL_AREA(#5932);
#5934=SURFACE_SIDE_STYLE('',(#5933));
#5935=SURFACE_STYLE_USAGE(.POSITIVE.,#5934);
#5936=PRESENTATION_STYLE_ASSIGNMENT((#5935));
#5937=STYLED_ITEM('',(#5936),#5930);
#5938=CARTESIAN_POINT('',(3.6669E0,-3.25E0,2.964865986012E0));
#5939=DIRECTION('',(0.E0,-9.486832980505E-1,3.162277660168E-1));
#5940=DIRECTION('',(0.E0,3.162277660168E-1,9.486832980505E-1));
#5941=AXIS2_PLACEMENT_3D('',#5938,#5939,#5940);
#5942=PLANE('',#5941);
#5944=ORIENTED_EDGE('',*,*,#5943,.T.);
#5946=ORIENTED_EDGE('',*,*,#5945,.F.);
#5948=ORIENTED_EDGE('',*,*,#5947,.T.);
#5949=ORIENTED_EDGE('',*,*,#5840,.T.);
#5950=EDGE_LOOP('',(#5944,#5946,#5948,#5949));
#5951=FACE_OUTER_BOUND('',#5950,.F.);
#5952=ADVANCED_FACE('',(#5951),#5942,.T.);
#5953=FILL_AREA_STYLE_COLOUR('',#5);
#5954=FILL_AREA_STYLE('',(#5953));
#5955=SURFACE_STYLE_FILL_AREA(#5954);
#5956=SURFACE_SIDE_STYLE('',(#5955));
#5957=SURFACE_STYLE_USAGE(.POSITIVE.,#5956);
#5958=PRESENTATION_STYLE_ASSIGNMENT((#5957));
#5959=STYLED_ITEM('',(#5958),#5952);
#5960=CARTESIAN_POINT('',(2.2712E0,-3.E0,3.264865986012E0));
#5961=DIRECTION('',(-1.E0,0.E0,0.E0));
#5962=DIRECTION('',(0.E0,0.E0,-1.E0));
#5963=AXIS2_PLACEMENT_3D('',#5960,#5961,#5962);
#5964=PLANE('',#5963);
#5965=ORIENTED_EDGE('',*,*,#5943,.F.);
#5966=ORIENTED_EDGE('',*,*,#5846,.T.);
#5968=ORIENTED_EDGE('',*,*,#5967,.F.);
#5969=ORIENTED_EDGE('',*,*,#5235,.F.);
#5971=ORIENTED_EDGE('',*,*,#5970,.T.);
#5972=EDGE_LOOP('',(#5965,#5966,#5968,#5969,#5971));
#5973=FACE_OUTER_BOUND('',#5972,.F.);
#5974=ADVANCED_FACE('',(#5973),#5964,.T.);
#5975=FILL_AREA_STYLE_COLOUR('',#5);
#5976=FILL_AREA_STYLE('',(#5975));
#5977=SURFACE_STYLE_FILL_AREA(#5976);
#5978=SURFACE_SIDE_STYLE('',(#5977));
#5979=SURFACE_STYLE_USAGE(.POSITIVE.,#5978);
#5980=PRESENTATION_STYLE_ASSIGNMENT((#5979));
#5981=STYLED_ITEM('',(#5980),#5974);
#5982=CARTESIAN_POINT('',(2.2712E0,-3.E0,2.232465986012E0));
#5983=DIRECTION('',(0.E0,0.E0,-1.E0));
#5984=DIRECTION('',(1.E0,0.E0,0.E0));
#5985=AXIS2_PLACEMENT_3D('',#5982,#5983,#5984);
#5986=PLANE('',#5985);
#5987=ORIENTED_EDGE('',*,*,#5237,.F.);
#5988=ORIENTED_EDGE('',*,*,#5967,.T.);
#5989=ORIENTED_EDGE('',*,*,#5844,.T.);
#5991=ORIENTED_EDGE('',*,*,#5990,.F.);
#5992=EDGE_LOOP('',(#5987,#5988,#5989,#5991));
#5993=FACE_OUTER_BOUND('',#5992,.F.);
#5994=ADVANCED_FACE('',(#5993),#5986,.T.);
#5995=FILL_AREA_STYLE_COLOUR('',#5);
#5996=FILL_AREA_STYLE('',(#5995));
#5997=SURFACE_STYLE_FILL_AREA(#5996);
#5998=SURFACE_SIDE_STYLE('',(#5997));
#5999=SURFACE_STYLE_USAGE(.POSITIVE.,#5998);
#6000=PRESENTATION_STYLE_ASSIGNMENT((#5999));
#6001=STYLED_ITEM('',(#6000),#5994);
#6002=CARTESIAN_POINT('',(5.0626E0,-3.E0,2.232465986012E0));
#6003=DIRECTION('',(1.E0,0.E0,0.E0));
#6004=DIRECTION('',(0.E0,0.E0,1.E0));
#6005=AXIS2_PLACEMENT_3D('',#6002,#6003,#6004);
#6006=PLANE('',#6005);
#6007=ORIENTED_EDGE('',*,*,#5947,.F.);
#6009=ORIENTED_EDGE('',*,*,#6008,.F.);
#6010=ORIENTED_EDGE('',*,*,#5231,.F.);
#6011=ORIENTED_EDGE('',*,*,#5990,.T.);
#6012=ORIENTED_EDGE('',*,*,#5842,.T.);
#6013=EDGE_LOOP('',(#6007,#6009,#6010,#6011,#6012));
#6014=FACE_OUTER_BOUND('',#6013,.F.);
#6015=ADVANCED_FACE('',(#6014),#6006,.T.);
#6016=FILL_AREA_STYLE_COLOUR('',#5);
#6017=FILL_AREA_STYLE('',(#6016));
#6018=SURFACE_STYLE_FILL_AREA(#6017);
#6019=SURFACE_SIDE_STYLE('',(#6018));
#6020=SURFACE_STYLE_USAGE(.POSITIVE.,#6019);
#6021=PRESENTATION_STYLE_ASSIGNMENT((#6020));
#6022=STYLED_ITEM('',(#6021),#6015);
#6023=CARTESIAN_POINT('',(5.0626E0,-3.E0,3.264865986012E0));
#6024=DIRECTION('',(0.E0,0.E0,1.E0));
#6025=DIRECTION('',(-1.E0,0.E0,0.E0));
#6026=AXIS2_PLACEMENT_3D('',#6023,#6024,#6025);
#6027=PLANE('',#6026);
#6028=ORIENTED_EDGE('',*,*,#5945,.T.);
#6029=ORIENTED_EDGE('',*,*,#5970,.F.);
#6030=ORIENTED_EDGE('',*,*,#5233,.F.);
#6031=ORIENTED_EDGE('',*,*,#6008,.T.);
#6032=EDGE_LOOP('',(#6028,#6029,#6030,#6031));
#6033=FACE_OUTER_BOUND('',#6032,.F.);
#6034=ADVANCED_FACE('',(#6033),#6027,.T.);
#6035=FILL_AREA_STYLE_COLOUR('',#5);
#6036=FILL_AREA_STYLE('',(#6035));
#6037=SURFACE_STYLE_FILL_AREA(#6036);
#6038=SURFACE_SIDE_STYLE('',(#6037));
#6039=SURFACE_STYLE_USAGE(.POSITIVE.,#6038);
#6040=PRESENTATION_STYLE_ASSIGNMENT((#6039));
#6041=STYLED_ITEM('',(#6040),#6034);
#6042=CARTESIAN_POINT('',(-5.05E0,-6.5E-1,0.E0));
#6043=DIRECTION('',(-1.E0,0.E0,0.E0));
#6044=DIRECTION('',(0.E0,1.E0,0.E0));
#6045=AXIS2_PLACEMENT_3D('',#6042,#6043,#6044);
#6046=PLANE('',#6045);
#6047=ORIENTED_EDGE('',*,*,#4941,.T.);
#6049=ORIENTED_EDGE('',*,*,#6048,.F.);
#6051=ORIENTED_EDGE('',*,*,#6050,.F.);
#6053=ORIENTED_EDGE('',*,*,#6052,.T.);
#6055=ORIENTED_EDGE('',*,*,#6054,.F.);
#6057=ORIENTED_EDGE('',*,*,#6056,.F.);
#6059=ORIENTED_EDGE('',*,*,#6058,.F.);
#6061=ORIENTED_EDGE('',*,*,#6060,.F.);
#6062=EDGE_LOOP('',(#6047,#6049,#6051,#6053,#6055,#6057,#6059,#6061));
#6063=FACE_OUTER_BOUND('',#6062,.F.);
#6064=ADVANCED_FACE('',(#6063),#6046,.T.);
#6065=FILL_AREA_STYLE_COLOUR('',#32);
#6066=FILL_AREA_STYLE('',(#6065));
#6067=SURFACE_STYLE_FILL_AREA(#6066);
#6068=SURFACE_SIDE_STYLE('',(#6067));
#6069=SURFACE_STYLE_USAGE(.POSITIVE.,#6068);
#6070=PRESENTATION_STYLE_ASSIGNMENT((#6069));
#6071=STYLED_ITEM('',(#6070),#6064);
#6072=CARTESIAN_POINT('',(-5.05E0,-1.E0,-1.E0));
#6073=DIRECTION('',(0.E0,-1.E0,0.E0));
#6074=DIRECTION('',(0.E0,0.E0,1.E0));
#6075=AXIS2_PLACEMENT_3D('',#6072,#6073,#6074);
#6076=PLANE('',#6075);
#6077=ORIENTED_EDGE('',*,*,#4947,.F.);
#6079=ORIENTED_EDGE('',*,*,#6078,.F.);
#6081=ORIENTED_EDGE('',*,*,#6080,.F.);
#6082=ORIENTED_EDGE('',*,*,#6048,.T.);
#6083=EDGE_LOOP('',(#6077,#6079,#6081,#6082));
#6084=FACE_OUTER_BOUND('',#6083,.F.);
#6085=ADVANCED_FACE('',(#6084),#6076,.T.);
#6086=FILL_AREA_STYLE_COLOUR('',#32);
#6087=FILL_AREA_STYLE('',(#6086));
#6088=SURFACE_STYLE_FILL_AREA(#6087);
#6089=SURFACE_SIDE_STYLE('',(#6088));
#6090=SURFACE_STYLE_USAGE(.POSITIVE.,#6089);
#6091=PRESENTATION_STYLE_ASSIGNMENT((#6090));
#6092=STYLED_ITEM('',(#6091),#6085);
#6093=CARTESIAN_POINT('',(-4.35E0,6.5E-1,0.E0));
#6094=DIRECTION('',(1.E0,0.E0,0.E0));
#6095=DIRECTION('',(0.E0,-1.E0,0.E0));
#6096=AXIS2_PLACEMENT_3D('',#6093,#6094,#6095);
#6097=PLANE('',#6096);
#6099=ORIENTED_EDGE('',*,*,#6098,.F.);
#6101=ORIENTED_EDGE('',*,*,#6100,.T.);
#6102=ORIENTED_EDGE('',*,*,#6078,.T.);
#6103=ORIENTED_EDGE('',*,*,#4945,.T.);
#6105=ORIENTED_EDGE('',*,*,#6104,.T.);
#6107=ORIENTED_EDGE('',*,*,#6106,.T.);
#6109=ORIENTED_EDGE('',*,*,#6108,.T.);
#6111=ORIENTED_EDGE('',*,*,#6110,.F.);
#6112=EDGE_LOOP('',(#6099,#6101,#6102,#6103,#6105,#6107,#6109,#6111));
#6113=FACE_OUTER_BOUND('',#6112,.F.);
#6114=ADVANCED_FACE('',(#6113),#6097,.T.);
#6115=FILL_AREA_STYLE_COLOUR('',#32);
#6116=FILL_AREA_STYLE('',(#6115));
#6117=SURFACE_STYLE_FILL_AREA(#6116);
#6118=SURFACE_SIDE_STYLE('',(#6117));
#6119=SURFACE_STYLE_USAGE(.POSITIVE.,#6118);
#6120=PRESENTATION_STYLE_ASSIGNMENT((#6119));
#6121=STYLED_ITEM('',(#6120),#6114);
#6122=CARTESIAN_POINT('',(-4.35E0,-6.5E-1,0.E0));
#6123=DIRECTION('',(0.E0,-1.E0,0.E0));
#6124=DIRECTION('',(-1.E0,0.E0,0.E0));
#6125=AXIS2_PLACEMENT_3D('',#6122,#6123,#6124);
#6126=PLANE('',#6125);
#6128=ORIENTED_EDGE('',*,*,#6127,.F.);
#6129=ORIENTED_EDGE('',*,*,#6098,.T.);
#6131=ORIENTED_EDGE('',*,*,#6130,.T.);
#6132=ORIENTED_EDGE('',*,*,#6052,.F.);
#6133=EDGE_LOOP('',(#6128,#6129,#6131,#6132));
#6134=FACE_OUTER_BOUND('',#6133,.F.);
#6135=ADVANCED_FACE('',(#6134),#6126,.T.);
#6136=FILL_AREA_STYLE_COLOUR('',#32);
#6137=FILL_AREA_STYLE('',(#6136));
#6138=SURFACE_STYLE_FILL_AREA(#6137);
#6139=SURFACE_SIDE_STYLE('',(#6138));
#6140=SURFACE_STYLE_USAGE(.POSITIVE.,#6139);
#6141=PRESENTATION_STYLE_ASSIGNMENT((#6140));
#6142=STYLED_ITEM('',(#6141),#6135);
#6143=CARTESIAN_POINT('',(-5.05E0,-6.5E-1,-1.5E0));
#6144=DIRECTION('',(0.E0,-8.192319205190E-1,-5.734623443633E-1));
#6145=DIRECTION('',(0.E0,-5.734623443633E-1,8.192319205190E-1));
#6146=AXIS2_PLACEMENT_3D('',#6143,#6144,#6145);
#6147=PLANE('',#6146);
#6148=ORIENTED_EDGE('',*,*,#6127,.T.);
#6149=ORIENTED_EDGE('',*,*,#6050,.T.);
#6150=ORIENTED_EDGE('',*,*,#6080,.T.);
#6151=ORIENTED_EDGE('',*,*,#6100,.F.);
#6152=EDGE_LOOP('',(#6148,#6149,#6150,#6151));
#6153=FACE_OUTER_BOUND('',#6152,.F.);
#6154=ADVANCED_FACE('',(#6153),#6147,.T.);
#6155=FILL_AREA_STYLE_COLOUR('',#32);
#6156=FILL_AREA_STYLE('',(#6155));
#6157=SURFACE_STYLE_FILL_AREA(#6156);
#6158=SURFACE_SIDE_STYLE('',(#6157));
#6159=SURFACE_STYLE_USAGE(.POSITIVE.,#6158);
#6160=PRESENTATION_STYLE_ASSIGNMENT((#6159));
#6161=STYLED_ITEM('',(#6160),#6154);
#6162=CARTESIAN_POINT('',(2.290572E1,0.E0,-6.15E0));
#6163=DIRECTION('',(-1.E0,0.E0,0.E0));
#6164=DIRECTION('',(0.E0,-1.E0,0.E0));
#6165=AXIS2_PLACEMENT_3D('',#6162,#6163,#6164);
#6166=CYLINDRICAL_SURFACE('',#6165,6.5E-1);
#6167=ORIENTED_EDGE('',*,*,#6054,.T.);
#6168=ORIENTED_EDGE('',*,*,#6130,.F.);
#6169=ORIENTED_EDGE('',*,*,#6110,.T.);
#6171=ORIENTED_EDGE('',*,*,#6170,.T.);
#6172=EDGE_LOOP('',(#6167,#6168,#6169,#6171));
#6173=FACE_OUTER_BOUND('',#6172,.F.);
#6174=ADVANCED_FACE('',(#6173),#6166,.T.);
#6175=FILL_AREA_STYLE_COLOUR('',#32);
#6176=FILL_AREA_STYLE('',(#6175));
#6177=SURFACE_STYLE_FILL_AREA(#6176);
#6178=SURFACE_SIDE_STYLE('',(#6177));
#6179=SURFACE_STYLE_USAGE(.POSITIVE.,#6178);
#6180=PRESENTATION_STYLE_ASSIGNMENT((#6179));
#6181=STYLED_ITEM('',(#6180),#6174);
#6182=CARTESIAN_POINT('',(-5.05E0,6.5E-1,0.E0));
#6183=DIRECTION('',(0.E0,1.E0,0.E0));
#6184=DIRECTION('',(1.E0,0.E0,0.E0));
#6185=AXIS2_PLACEMENT_3D('',#6182,#6183,#6184);
#6186=PLANE('',#6185);
#6188=ORIENTED_EDGE('',*,*,#6187,.F.);
#6189=ORIENTED_EDGE('',*,*,#6056,.T.);
#6190=ORIENTED_EDGE('',*,*,#6170,.F.);
#6191=ORIENTED_EDGE('',*,*,#6108,.F.);
#6192=EDGE_LOOP('',(#6188,#6189,#6190,#6191));
#6193=FACE_OUTER_BOUND('',#6192,.F.);
#6194=ADVANCED_FACE('',(#6193),#6186,.T.);
#6195=FILL_AREA_STYLE_COLOUR('',#32);
#6196=FILL_AREA_STYLE('',(#6195));
#6197=SURFACE_STYLE_FILL_AREA(#6196);
#6198=SURFACE_SIDE_STYLE('',(#6197));
#6199=SURFACE_STYLE_USAGE(.POSITIVE.,#6198);
#6200=PRESENTATION_STYLE_ASSIGNMENT((#6199));
#6201=STYLED_ITEM('',(#6200),#6194);
#6202=CARTESIAN_POINT('',(-5.05E0,1.E0,-1.E0));
#6203=DIRECTION('',(0.E0,8.192319205190E-1,-5.734623443633E-1));
#6204=DIRECTION('',(0.E0,-5.734623443633E-1,-8.192319205190E-1));
#6205=AXIS2_PLACEMENT_3D('',#6202,#6203,#6204);
#6206=PLANE('',#6205);
#6207=ORIENTED_EDGE('',*,*,#6187,.T.);
#6208=ORIENTED_EDGE('',*,*,#6106,.F.);
#6210=ORIENTED_EDGE('',*,*,#6209,.F.);
#6211=ORIENTED_EDGE('',*,*,#6058,.T.);
#6212=EDGE_LOOP('',(#6207,#6208,#6210,#6211));
#6213=FACE_OUTER_BOUND('',#6212,.F.);
#6214=ADVANCED_FACE('',(#6213),#6206,.T.);
#6215=FILL_AREA_STYLE_COLOUR('',#32);
#6216=FILL_AREA_STYLE('',(#6215));
#6217=SURFACE_STYLE_FILL_AREA(#6216);
#6218=SURFACE_SIDE_STYLE('',(#6217));
#6219=SURFACE_STYLE_USAGE(.POSITIVE.,#6218);
#6220=PRESENTATION_STYLE_ASSIGNMENT((#6219));
#6221=STYLED_ITEM('',(#6220),#6214);
#6222=CARTESIAN_POINT('',(-5.05E0,1.E0,0.E0));
#6223=DIRECTION('',(0.E0,1.E0,0.E0));
#6224=DIRECTION('',(0.E0,0.E0,-1.E0));
#6225=AXIS2_PLACEMENT_3D('',#6222,#6223,#6224);
#6226=PLANE('',#6225);
#6227=ORIENTED_EDGE('',*,*,#4943,.T.);
#6228=ORIENTED_EDGE('',*,*,#6060,.T.);
#6229=ORIENTED_EDGE('',*,*,#6209,.T.);
#6230=ORIENTED_EDGE('',*,*,#6104,.F.);
#6231=EDGE_LOOP('',(#6227,#6228,#6229,#6230));
#6232=FACE_OUTER_BOUND('',#6231,.F.);
#6233=ADVANCED_FACE('',(#6232),#6226,.T.);
#6234=FILL_AREA_STYLE_COLOUR('',#32);
#6235=FILL_AREA_STYLE('',(#6234));
#6236=SURFACE_STYLE_FILL_AREA(#6235);
#6237=SURFACE_SIDE_STYLE('',(#6236));
#6238=SURFACE_STYLE_USAGE(.POSITIVE.,#6237);
#6239=PRESENTATION_STYLE_ASSIGNMENT((#6238));
#6240=STYLED_ITEM('',(#6239),#6233);
#6241=CARTESIAN_POINT('',(-3.5E-1,-6.5E-1,0.E0));
#6242=DIRECTION('',(-1.E0,0.E0,0.E0));
#6243=DIRECTION('',(0.E0,1.E0,0.E0));
#6244=AXIS2_PLACEMENT_3D('',#6241,#6242,#6243);
#6245=PLANE('',#6244);
#6246=ORIENTED_EDGE('',*,*,#4951,.T.);
#6248=ORIENTED_EDGE('',*,*,#6247,.F.);
#6250=ORIENTED_EDGE('',*,*,#6249,.F.);
#6252=ORIENTED_EDGE('',*,*,#6251,.T.);
#6254=ORIENTED_EDGE('',*,*,#6253,.F.);
#6256=ORIENTED_EDGE('',*,*,#6255,.F.);
#6258=ORIENTED_EDGE('',*,*,#6257,.F.);
#6260=ORIENTED_EDGE('',*,*,#6259,.F.);
#6261=EDGE_LOOP('',(#6246,#6248,#6250,#6252,#6254,#6256,#6258,#6260));
#6262=FACE_OUTER_BOUND('',#6261,.F.);
#6263=ADVANCED_FACE('',(#6262),#6245,.T.);
#6264=FILL_AREA_STYLE_COLOUR('',#32);
#6265=FILL_AREA_STYLE('',(#6264));
#6266=SURFACE_STYLE_FILL_AREA(#6265);
#6267=SURFACE_SIDE_STYLE('',(#6266));
#6268=SURFACE_STYLE_USAGE(.POSITIVE.,#6267);
#6269=PRESENTATION_STYLE_ASSIGNMENT((#6268));
#6270=STYLED_ITEM('',(#6269),#6263);
#6271=CARTESIAN_POINT('',(-3.5E-1,-1.E0,-1.E0));
#6272=DIRECTION('',(0.E0,-1.E0,0.E0));
#6273=DIRECTION('',(0.E0,0.E0,1.E0));
#6274=AXIS2_PLACEMENT_3D('',#6271,#6272,#6273);
#6275=PLANE('',#6274);
#6276=ORIENTED_EDGE('',*,*,#6247,.T.);
#6277=ORIENTED_EDGE('',*,*,#4957,.F.);
#6279=ORIENTED_EDGE('',*,*,#6278,.F.);
#6281=ORIENTED_EDGE('',*,*,#6280,.F.);
#6282=EDGE_LOOP('',(#6276,#6277,#6279,#6281));
#6283=FACE_OUTER_BOUND('',#6282,.F.);
#6284=ADVANCED_FACE('',(#6283),#6275,.T.);
#6285=FILL_AREA_STYLE_COLOUR('',#32);
#6286=FILL_AREA_STYLE('',(#6285));
#6287=SURFACE_STYLE_FILL_AREA(#6286);
#6288=SURFACE_SIDE_STYLE('',(#6287));
#6289=SURFACE_STYLE_USAGE(.POSITIVE.,#6288);
#6290=PRESENTATION_STYLE_ASSIGNMENT((#6289));
#6291=STYLED_ITEM('',(#6290),#6284);
#6292=CARTESIAN_POINT('',(3.5E-1,6.5E-1,0.E0));
#6293=DIRECTION('',(1.E0,0.E0,0.E0));
#6294=DIRECTION('',(0.E0,-1.E0,0.E0));
#6295=AXIS2_PLACEMENT_3D('',#6292,#6293,#6294);
#6296=PLANE('',#6295);
#6298=ORIENTED_EDGE('',*,*,#6297,.F.);
#6300=ORIENTED_EDGE('',*,*,#6299,.T.);
#6301=ORIENTED_EDGE('',*,*,#6278,.T.);
#6302=ORIENTED_EDGE('',*,*,#4955,.T.);
#6304=ORIENTED_EDGE('',*,*,#6303,.T.);
#6306=ORIENTED_EDGE('',*,*,#6305,.T.);
#6308=ORIENTED_EDGE('',*,*,#6307,.T.);
#6310=ORIENTED_EDGE('',*,*,#6309,.F.);
#6311=EDGE_LOOP('',(#6298,#6300,#6301,#6302,#6304,#6306,#6308,#6310));
#6312=FACE_OUTER_BOUND('',#6311,.F.);
#6313=ADVANCED_FACE('',(#6312),#6296,.T.);
#6314=FILL_AREA_STYLE_COLOUR('',#32);
#6315=FILL_AREA_STYLE('',(#6314));
#6316=SURFACE_STYLE_FILL_AREA(#6315);
#6317=SURFACE_SIDE_STYLE('',(#6316));
#6318=SURFACE_STYLE_USAGE(.POSITIVE.,#6317);
#6319=PRESENTATION_STYLE_ASSIGNMENT((#6318));
#6320=STYLED_ITEM('',(#6319),#6313);
#6321=CARTESIAN_POINT('',(3.5E-1,-6.5E-1,0.E0));
#6322=DIRECTION('',(0.E0,-1.E0,0.E0));
#6323=DIRECTION('',(-1.E0,0.E0,0.E0));
#6324=AXIS2_PLACEMENT_3D('',#6321,#6322,#6323);
#6325=PLANE('',#6324);
#6327=ORIENTED_EDGE('',*,*,#6326,.F.);
#6328=ORIENTED_EDGE('',*,*,#6297,.T.);
#6330=ORIENTED_EDGE('',*,*,#6329,.T.);
#6331=ORIENTED_EDGE('',*,*,#6251,.F.);
#6332=EDGE_LOOP('',(#6327,#6328,#6330,#6331));
#6333=FACE_OUTER_BOUND('',#6332,.F.);
#6334=ADVANCED_FACE('',(#6333),#6325,.T.);
#6335=FILL_AREA_STYLE_COLOUR('',#32);
#6336=FILL_AREA_STYLE('',(#6335));
#6337=SURFACE_STYLE_FILL_AREA(#6336);
#6338=SURFACE_SIDE_STYLE('',(#6337));
#6339=SURFACE_STYLE_USAGE(.POSITIVE.,#6338);
#6340=PRESENTATION_STYLE_ASSIGNMENT((#6339));
#6341=STYLED_ITEM('',(#6340),#6334);
#6342=CARTESIAN_POINT('',(-3.5E-1,-6.5E-1,-1.5E0));
#6343=DIRECTION('',(0.E0,-8.192319205190E-1,-5.734623443633E-1));
#6344=DIRECTION('',(0.E0,-5.734623443633E-1,8.192319205190E-1));
#6345=AXIS2_PLACEMENT_3D('',#6342,#6343,#6344);
#6346=PLANE('',#6345);
#6347=ORIENTED_EDGE('',*,*,#6249,.T.);
#6348=ORIENTED_EDGE('',*,*,#6280,.T.);
#6349=ORIENTED_EDGE('',*,*,#6299,.F.);
#6350=ORIENTED_EDGE('',*,*,#6326,.T.);
#6351=EDGE_LOOP('',(#6347,#6348,#6349,#6350));
#6352=FACE_OUTER_BOUND('',#6351,.F.);
#6353=ADVANCED_FACE('',(#6352),#6346,.T.);
#6354=FILL_AREA_STYLE_COLOUR('',#32);
#6355=FILL_AREA_STYLE('',(#6354));
#6356=SURFACE_STYLE_FILL_AREA(#6355);
#6357=SURFACE_SIDE_STYLE('',(#6356));
#6358=SURFACE_STYLE_USAGE(.POSITIVE.,#6357);
#6359=PRESENTATION_STYLE_ASSIGNMENT((#6358));
#6360=STYLED_ITEM('',(#6359),#6353);
#6361=CARTESIAN_POINT('',(2.290572E1,0.E0,-6.15E0));
#6362=DIRECTION('',(-1.E0,0.E0,0.E0));
#6363=DIRECTION('',(0.E0,-1.E0,0.E0));
#6364=AXIS2_PLACEMENT_3D('',#6361,#6362,#6363);
#6365=CYLINDRICAL_SURFACE('',#6364,6.5E-1);
#6366=ORIENTED_EDGE('',*,*,#6253,.T.);
#6367=ORIENTED_EDGE('',*,*,#6329,.F.);
#6368=ORIENTED_EDGE('',*,*,#6309,.T.);
#6370=ORIENTED_EDGE('',*,*,#6369,.T.);
#6371=EDGE_LOOP('',(#6366,#6367,#6368,#6370));
#6372=FACE_OUTER_BOUND('',#6371,.F.);
#6373=ADVANCED_FACE('',(#6372),#6365,.T.);
#6374=FILL_AREA_STYLE_COLOUR('',#32);
#6375=FILL_AREA_STYLE('',(#6374));
#6376=SURFACE_STYLE_FILL_AREA(#6375);
#6377=SURFACE_SIDE_STYLE('',(#6376));
#6378=SURFACE_STYLE_USAGE(.POSITIVE.,#6377);
#6379=PRESENTATION_STYLE_ASSIGNMENT((#6378));
#6380=STYLED_ITEM('',(#6379),#6373);
#6381=CARTESIAN_POINT('',(-3.5E-1,6.5E-1,0.E0));
#6382=DIRECTION('',(0.E0,1.E0,0.E0));
#6383=DIRECTION('',(1.E0,0.E0,0.E0));
#6384=AXIS2_PLACEMENT_3D('',#6381,#6382,#6383);
#6385=PLANE('',#6384);
#6387=ORIENTED_EDGE('',*,*,#6386,.F.);
#6388=ORIENTED_EDGE('',*,*,#6255,.T.);
#6389=ORIENTED_EDGE('',*,*,#6369,.F.);
#6390=ORIENTED_EDGE('',*,*,#6307,.F.);
#6391=EDGE_LOOP('',(#6387,#6388,#6389,#6390));
#6392=FACE_OUTER_BOUND('',#6391,.F.);
#6393=ADVANCED_FACE('',(#6392),#6385,.T.);
#6394=FILL_AREA_STYLE_COLOUR('',#32);
#6395=FILL_AREA_STYLE('',(#6394));
#6396=SURFACE_STYLE_FILL_AREA(#6395);
#6397=SURFACE_SIDE_STYLE('',(#6396));
#6398=SURFACE_STYLE_USAGE(.POSITIVE.,#6397);
#6399=PRESENTATION_STYLE_ASSIGNMENT((#6398));
#6400=STYLED_ITEM('',(#6399),#6393);
#6401=CARTESIAN_POINT('',(-3.5E-1,1.E0,-1.E0));
#6402=DIRECTION('',(0.E0,8.192319205190E-1,-5.734623443633E-1));
#6403=DIRECTION('',(0.E0,-5.734623443633E-1,-8.192319205190E-1));
#6404=AXIS2_PLACEMENT_3D('',#6401,#6402,#6403);
#6405=PLANE('',#6404);
#6406=ORIENTED_EDGE('',*,*,#6257,.T.);
#6407=ORIENTED_EDGE('',*,*,#6386,.T.);
#6408=ORIENTED_EDGE('',*,*,#6305,.F.);
#6410=ORIENTED_EDGE('',*,*,#6409,.F.);
#6411=EDGE_LOOP('',(#6406,#6407,#6408,#6410));
#6412=FACE_OUTER_BOUND('',#6411,.F.);
#6413=ADVANCED_FACE('',(#6412),#6405,.T.);
#6414=FILL_AREA_STYLE_COLOUR('',#32);
#6415=FILL_AREA_STYLE('',(#6414));
#6416=SURFACE_STYLE_FILL_AREA(#6415);
#6417=SURFACE_SIDE_STYLE('',(#6416));
#6418=SURFACE_STYLE_USAGE(.POSITIVE.,#6417);
#6419=PRESENTATION_STYLE_ASSIGNMENT((#6418));
#6420=STYLED_ITEM('',(#6419),#6413);
#6421=CARTESIAN_POINT('',(-3.5E-1,1.E0,0.E0));
#6422=DIRECTION('',(0.E0,1.E0,0.E0));
#6423=DIRECTION('',(0.E0,0.E0,-1.E0));
#6424=AXIS2_PLACEMENT_3D('',#6421,#6422,#6423);
#6425=PLANE('',#6424);
#6426=ORIENTED_EDGE('',*,*,#6259,.T.);
#6427=ORIENTED_EDGE('',*,*,#6409,.T.);
#6428=ORIENTED_EDGE('',*,*,#6303,.F.);
#6429=ORIENTED_EDGE('',*,*,#4953,.T.);
#6430=EDGE_LOOP('',(#6426,#6427,#6428,#6429));
#6431=FACE_OUTER_BOUND('',#6430,.F.);
#6432=ADVANCED_FACE('',(#6431),#6425,.T.);
#6433=FILL_AREA_STYLE_COLOUR('',#32);
#6434=FILL_AREA_STYLE('',(#6433));
#6435=SURFACE_STYLE_FILL_AREA(#6434);
#6436=SURFACE_SIDE_STYLE('',(#6435));
#6437=SURFACE_STYLE_USAGE(.POSITIVE.,#6436);
#6438=PRESENTATION_STYLE_ASSIGNMENT((#6437));
#6439=STYLED_ITEM('',(#6438),#6432);
#6440=CARTESIAN_POINT('',(4.35E0,-6.5E-1,0.E0));
#6441=DIRECTION('',(-1.E0,0.E0,0.E0));
#6442=DIRECTION('',(0.E0,1.E0,0.E0));
#6443=AXIS2_PLACEMENT_3D('',#6440,#6441,#6442);
#6444=PLANE('',#6443);
#6445=ORIENTED_EDGE('',*,*,#4961,.T.);
#6447=ORIENTED_EDGE('',*,*,#6446,.F.);
#6449=ORIENTED_EDGE('',*,*,#6448,.F.);
#6451=ORIENTED_EDGE('',*,*,#6450,.T.);
#6453=ORIENTED_EDGE('',*,*,#6452,.F.);
#6455=ORIENTED_EDGE('',*,*,#6454,.F.);
#6457=ORIENTED_EDGE('',*,*,#6456,.F.);
#6459=ORIENTED_EDGE('',*,*,#6458,.F.);
#6460=EDGE_LOOP('',(#6445,#6447,#6449,#6451,#6453,#6455,#6457,#6459));
#6461=FACE_OUTER_BOUND('',#6460,.F.);
#6462=ADVANCED_FACE('',(#6461),#6444,.T.);
#6463=FILL_AREA_STYLE_COLOUR('',#32);
#6464=FILL_AREA_STYLE('',(#6463));
#6465=SURFACE_STYLE_FILL_AREA(#6464);
#6466=SURFACE_SIDE_STYLE('',(#6465));
#6467=SURFACE_STYLE_USAGE(.POSITIVE.,#6466);
#6468=PRESENTATION_STYLE_ASSIGNMENT((#6467));
#6469=STYLED_ITEM('',(#6468),#6462);
#6470=CARTESIAN_POINT('',(4.35E0,-1.E0,-1.E0));
#6471=DIRECTION('',(0.E0,-1.E0,0.E0));
#6472=DIRECTION('',(0.E0,0.E0,1.E0));
#6473=AXIS2_PLACEMENT_3D('',#6470,#6471,#6472);
#6474=PLANE('',#6473);
#6475=ORIENTED_EDGE('',*,*,#6446,.T.);
#6476=ORIENTED_EDGE('',*,*,#4967,.F.);
#6478=ORIENTED_EDGE('',*,*,#6477,.F.);
#6480=ORIENTED_EDGE('',*,*,#6479,.F.);
#6481=EDGE_LOOP('',(#6475,#6476,#6478,#6480));
#6482=FACE_OUTER_BOUND('',#6481,.F.);
#6483=ADVANCED_FACE('',(#6482),#6474,.T.);
#6484=FILL_AREA_STYLE_COLOUR('',#32);
#6485=FILL_AREA_STYLE('',(#6484));
#6486=SURFACE_STYLE_FILL_AREA(#6485);
#6487=SURFACE_SIDE_STYLE('',(#6486));
#6488=SURFACE_STYLE_USAGE(.POSITIVE.,#6487);
#6489=PRESENTATION_STYLE_ASSIGNMENT((#6488));
#6490=STYLED_ITEM('',(#6489),#6483);
#6491=CARTESIAN_POINT('',(5.05E0,6.5E-1,0.E0));
#6492=DIRECTION('',(1.E0,0.E0,0.E0));
#6493=DIRECTION('',(0.E0,-1.E0,0.E0));
#6494=AXIS2_PLACEMENT_3D('',#6491,#6492,#6493);
#6495=PLANE('',#6494);
#6497=ORIENTED_EDGE('',*,*,#6496,.F.);
#6499=ORIENTED_EDGE('',*,*,#6498,.T.);
#6500=ORIENTED_EDGE('',*,*,#6477,.T.);
#6501=ORIENTED_EDGE('',*,*,#4965,.T.);
#6503=ORIENTED_EDGE('',*,*,#6502,.T.);
#6505=ORIENTED_EDGE('',*,*,#6504,.T.);
#6507=ORIENTED_EDGE('',*,*,#6506,.T.);
#6509=ORIENTED_EDGE('',*,*,#6508,.F.);
#6510=EDGE_LOOP('',(#6497,#6499,#6500,#6501,#6503,#6505,#6507,#6509));
#6511=FACE_OUTER_BOUND('',#6510,.F.);
#6512=ADVANCED_FACE('',(#6511),#6495,.T.);
#6513=FILL_AREA_STYLE_COLOUR('',#32);
#6514=FILL_AREA_STYLE('',(#6513));
#6515=SURFACE_STYLE_FILL_AREA(#6514);
#6516=SURFACE_SIDE_STYLE('',(#6515));
#6517=SURFACE_STYLE_USAGE(.POSITIVE.,#6516);
#6518=PRESENTATION_STYLE_ASSIGNMENT((#6517));
#6519=STYLED_ITEM('',(#6518),#6512);
#6520=CARTESIAN_POINT('',(5.05E0,-6.5E-1,0.E0));
#6521=DIRECTION('',(0.E0,-1.E0,0.E0));
#6522=DIRECTION('',(-1.E0,0.E0,0.E0));
#6523=AXIS2_PLACEMENT_3D('',#6520,#6521,#6522);
#6524=PLANE('',#6523);
#6526=ORIENTED_EDGE('',*,*,#6525,.F.);
#6527=ORIENTED_EDGE('',*,*,#6496,.T.);
#6529=ORIENTED_EDGE('',*,*,#6528,.T.);
#6530=ORIENTED_EDGE('',*,*,#6450,.F.);
#6531=EDGE_LOOP('',(#6526,#6527,#6529,#6530));
#6532=FACE_OUTER_BOUND('',#6531,.F.);
#6533=ADVANCED_FACE('',(#6532),#6524,.T.);
#6534=FILL_AREA_STYLE_COLOUR('',#32);
#6535=FILL_AREA_STYLE('',(#6534));
#6536=SURFACE_STYLE_FILL_AREA(#6535);
#6537=SURFACE_SIDE_STYLE('',(#6536));
#6538=SURFACE_STYLE_USAGE(.POSITIVE.,#6537);
#6539=PRESENTATION_STYLE_ASSIGNMENT((#6538));
#6540=STYLED_ITEM('',(#6539),#6533);
#6541=CARTESIAN_POINT('',(4.35E0,-6.5E-1,-1.5E0));
#6542=DIRECTION('',(0.E0,-8.192319205190E-1,-5.734623443633E-1));
#6543=DIRECTION('',(0.E0,-5.734623443633E-1,8.192319205190E-1));
#6544=AXIS2_PLACEMENT_3D('',#6541,#6542,#6543);
#6545=PLANE('',#6544);
#6546=ORIENTED_EDGE('',*,*,#6448,.T.);
#6547=ORIENTED_EDGE('',*,*,#6479,.T.);
#6548=ORIENTED_EDGE('',*,*,#6498,.F.);
#6549=ORIENTED_EDGE('',*,*,#6525,.T.);
#6550=EDGE_LOOP('',(#6546,#6547,#6548,#6549));
#6551=FACE_OUTER_BOUND('',#6550,.F.);
#6552=ADVANCED_FACE('',(#6551),#6545,.T.);
#6553=FILL_AREA_STYLE_COLOUR('',#32);
#6554=FILL_AREA_STYLE('',(#6553));
#6555=SURFACE_STYLE_FILL_AREA(#6554);
#6556=SURFACE_SIDE_STYLE('',(#6555));
#6557=SURFACE_STYLE_USAGE(.POSITIVE.,#6556);
#6558=PRESENTATION_STYLE_ASSIGNMENT((#6557));
#6559=STYLED_ITEM('',(#6558),#6552);
#6560=CARTESIAN_POINT('',(2.290572E1,0.E0,-6.15E0));
#6561=DIRECTION('',(-1.E0,0.E0,0.E0));
#6562=DIRECTION('',(0.E0,-1.E0,0.E0));
#6563=AXIS2_PLACEMENT_3D('',#6560,#6561,#6562);
#6564=CYLINDRICAL_SURFACE('',#6563,6.5E-1);
#6565=ORIENTED_EDGE('',*,*,#6452,.T.);
#6566=ORIENTED_EDGE('',*,*,#6528,.F.);
#6567=ORIENTED_EDGE('',*,*,#6508,.T.);
#6569=ORIENTED_EDGE('',*,*,#6568,.T.);
#6570=EDGE_LOOP('',(#6565,#6566,#6567,#6569));
#6571=FACE_OUTER_BOUND('',#6570,.F.);
#6572=ADVANCED_FACE('',(#6571),#6564,.T.);
#6573=FILL_AREA_STYLE_COLOUR('',#32);
#6574=FILL_AREA_STYLE('',(#6573));
#6575=SURFACE_STYLE_FILL_AREA(#6574);
#6576=SURFACE_SIDE_STYLE('',(#6575));
#6577=SURFACE_STYLE_USAGE(.POSITIVE.,#6576);
#6578=PRESENTATION_STYLE_ASSIGNMENT((#6577));
#6579=STYLED_ITEM('',(#6578),#6572);
#6580=CARTESIAN_POINT('',(4.35E0,6.5E-1,0.E0));
#6581=DIRECTION('',(0.E0,1.E0,0.E0));
#6582=DIRECTION('',(1.E0,0.E0,0.E0));
#6583=AXIS2_PLACEMENT_3D('',#6580,#6581,#6582);
#6584=PLANE('',#6583);
#6586=ORIENTED_EDGE('',*,*,#6585,.F.);
#6587=ORIENTED_EDGE('',*,*,#6454,.T.);
#6588=ORIENTED_EDGE('',*,*,#6568,.F.);
#6589=ORIENTED_EDGE('',*,*,#6506,.F.);
#6590=EDGE_LOOP('',(#6586,#6587,#6588,#6589));
#6591=FACE_OUTER_BOUND('',#6590,.F.);
#6592=ADVANCED_FACE('',(#6591),#6584,.T.);
#6593=FILL_AREA_STYLE_COLOUR('',#32);
#6594=FILL_AREA_STYLE('',(#6593));
#6595=SURFACE_STYLE_FILL_AREA(#6594);
#6596=SURFACE_SIDE_STYLE('',(#6595));
#6597=SURFACE_STYLE_USAGE(.POSITIVE.,#6596);
#6598=PRESENTATION_STYLE_ASSIGNMENT((#6597));
#6599=STYLED_ITEM('',(#6598),#6592);
#6600=CARTESIAN_POINT('',(4.35E0,1.E0,-1.E0));
#6601=DIRECTION('',(0.E0,8.192319205190E-1,-5.734623443633E-1));
#6602=DIRECTION('',(0.E0,-5.734623443633E-1,-8.192319205190E-1));
#6603=AXIS2_PLACEMENT_3D('',#6600,#6601,#6602);
#6604=PLANE('',#6603);
#6605=ORIENTED_EDGE('',*,*,#6456,.T.);
#6606=ORIENTED_EDGE('',*,*,#6585,.T.);
#6607=ORIENTED_EDGE('',*,*,#6504,.F.);
#6609=ORIENTED_EDGE('',*,*,#6608,.F.);
#6610=EDGE_LOOP('',(#6605,#6606,#6607,#6609));
#6611=FACE_OUTER_BOUND('',#6610,.F.);
#6612=ADVANCED_FACE('',(#6611),#6604,.T.);
#6613=FILL_AREA_STYLE_COLOUR('',#32);
#6614=FILL_AREA_STYLE('',(#6613));
#6615=SURFACE_STYLE_FILL_AREA(#6614);
#6616=SURFACE_SIDE_STYLE('',(#6615));
#6617=SURFACE_STYLE_USAGE(.POSITIVE.,#6616);
#6618=PRESENTATION_STYLE_ASSIGNMENT((#6617));
#6619=STYLED_ITEM('',(#6618),#6612);
#6620=CARTESIAN_POINT('',(4.35E0,1.E0,0.E0));
#6621=DIRECTION('',(0.E0,1.E0,0.E0));
#6622=DIRECTION('',(0.E0,0.E0,-1.E0));
#6623=AXIS2_PLACEMENT_3D('',#6620,#6621,#6622);
#6624=PLANE('',#6623);
#6625=ORIENTED_EDGE('',*,*,#6458,.T.);
#6626=ORIENTED_EDGE('',*,*,#6608,.T.);
#6627=ORIENTED_EDGE('',*,*,#6502,.F.);
#6628=ORIENTED_EDGE('',*,*,#4963,.T.);
#6629=EDGE_LOOP('',(#6625,#6626,#6627,#6628));
#6630=FACE_OUTER_BOUND('',#6629,.F.);
#6631=ADVANCED_FACE('',(#6630),#6624,.T.);
#6632=FILL_AREA_STYLE_COLOUR('',#32);
#6633=FILL_AREA_STYLE('',(#6632));
#6634=SURFACE_STYLE_FILL_AREA(#6633);
#6635=SURFACE_SIDE_STYLE('',(#6634));
#6636=SURFACE_STYLE_USAGE(.POSITIVE.,#6635);
#6637=PRESENTATION_STYLE_ASSIGNMENT((#6636));
#6638=STYLED_ITEM('',(#6637),#6631);
#6639=CARTESIAN_POINT('',(1.595218851290E0,2.627315811952E0,0.E0));
#6640=DIRECTION('',(1.E0,0.E0,0.E0));
#6641=DIRECTION('',(0.E0,-1.E0,0.E0));
#6642=AXIS2_PLACEMENT_3D('',#6639,#6640,#6641);
#6643=PLANE('',#6642);
#6644=ORIENTED_EDGE('',*,*,#4971,.F.);
#6646=ORIENTED_EDGE('',*,*,#6645,.T.);
#6648=ORIENTED_EDGE('',*,*,#6647,.T.);
#6650=ORIENTED_EDGE('',*,*,#6649,.F.);
#6651=EDGE_LOOP('',(#6644,#6646,#6648,#6650));
#6652=FACE_OUTER_BOUND('',#6651,.F.);
#6653=ADVANCED_FACE('',(#6652),#6643,.T.);
#6654=FILL_AREA_STYLE_COLOUR('',#31);
#6655=FILL_AREA_STYLE('',(#6654));
#6656=SURFACE_STYLE_FILL_AREA(#6655);
#6657=SURFACE_SIDE_STYLE('',(#6656));
#6658=SURFACE_STYLE_USAGE(.POSITIVE.,#6657);
#6659=PRESENTATION_STYLE_ASSIGNMENT((#6658));
#6660=STYLED_ITEM('',(#6659),#6653);
#6661=CARTESIAN_POINT('',(1.501518851290E0,2.627315811952E0,0.E0));
#6662=DIRECTION('',(0.E0,1.E0,0.E0));
#6663=DIRECTION('',(1.E0,0.E0,0.E0));
#6664=AXIS2_PLACEMENT_3D('',#6661,#6662,#6663);
#6665=PLANE('',#6664);
#6666=ORIENTED_EDGE('',*,*,#4981,.F.);
#6668=ORIENTED_EDGE('',*,*,#6667,.T.);
#6670=ORIENTED_EDGE('',*,*,#6669,.T.);
#6671=ORIENTED_EDGE('',*,*,#6645,.F.);
#6672=EDGE_LOOP('',(#6666,#6668,#6670,#6671));
#6673=FACE_OUTER_BOUND('',#6672,.F.);
#6674=ADVANCED_FACE('',(#6673),#6665,.T.);
#6675=FILL_AREA_STYLE_COLOUR('',#31);
#6676=FILL_AREA_STYLE('',(#6675));
#6677=SURFACE_STYLE_FILL_AREA(#6676);
#6678=SURFACE_SIDE_STYLE('',(#6677));
#6679=SURFACE_STYLE_USAGE(.POSITIVE.,#6678);
#6680=PRESENTATION_STYLE_ASSIGNMENT((#6679));
#6681=STYLED_ITEM('',(#6680),#6674);
#6682=CARTESIAN_POINT('',(1.501518851290E0,1.973409428735E0,0.E0));
#6683=DIRECTION('',(-1.E0,0.E0,0.E0));
#6684=DIRECTION('',(0.E0,1.E0,0.E0));
#6685=AXIS2_PLACEMENT_3D('',#6682,#6683,#6684);
#6686=PLANE('',#6685);
#6687=ORIENTED_EDGE('',*,*,#4979,.F.);
#6689=ORIENTED_EDGE('',*,*,#6688,.T.);
#6691=ORIENTED_EDGE('',*,*,#6690,.T.);
#6692=ORIENTED_EDGE('',*,*,#6667,.F.);
#6693=EDGE_LOOP('',(#6687,#6689,#6691,#6692));
#6694=FACE_OUTER_BOUND('',#6693,.F.);
#6695=ADVANCED_FACE('',(#6694),#6686,.T.);
#6696=FILL_AREA_STYLE_COLOUR('',#31);
#6697=FILL_AREA_STYLE('',(#6696));
#6698=SURFACE_STYLE_FILL_AREA(#6697);
#6699=SURFACE_SIDE_STYLE('',(#6698));
#6700=SURFACE_STYLE_USAGE(.POSITIVE.,#6699);
#6701=PRESENTATION_STYLE_ASSIGNMENT((#6700));
#6702=STYLED_ITEM('',(#6701),#6695);
#6703=CARTESIAN_POINT('',(1.033018851290E0,1.973409428735E0,0.E0));
#6704=DIRECTION('',(0.E0,1.E0,0.E0));
#6705=DIRECTION('',(1.E0,0.E0,0.E0));
#6706=AXIS2_PLACEMENT_3D('',#6703,#6704,#6705);
#6707=PLANE('',#6706);
#6708=ORIENTED_EDGE('',*,*,#4977,.F.);
#6710=ORIENTED_EDGE('',*,*,#6709,.T.);
#6712=ORIENTED_EDGE('',*,*,#6711,.T.);
#6713=ORIENTED_EDGE('',*,*,#6688,.F.);
#6714=EDGE_LOOP('',(#6708,#6710,#6712,#6713));
#6715=FACE_OUTER_BOUND('',#6714,.F.);
#6716=ADVANCED_FACE('',(#6715),#6707,.T.);
#6717=FILL_AREA_STYLE_COLOUR('',#31);
#6718=FILL_AREA_STYLE('',(#6717));
#6719=SURFACE_STYLE_FILL_AREA(#6718);
#6720=SURFACE_SIDE_STYLE('',(#6719));
#6721=SURFACE_STYLE_USAGE(.POSITIVE.,#6720);
#6722=PRESENTATION_STYLE_ASSIGNMENT((#6721));
#6723=STYLED_ITEM('',(#6722),#6716);
#6724=CARTESIAN_POINT('',(1.033018851290E0,1.877715811952E0,0.E0));
#6725=DIRECTION('',(-1.E0,0.E0,0.E0));
#6726=DIRECTION('',(0.E0,1.E0,0.E0));
#6727=AXIS2_PLACEMENT_3D('',#6724,#6725,#6726);
#6728=PLANE('',#6727);
#6729=ORIENTED_EDGE('',*,*,#4975,.F.);
#6731=ORIENTED_EDGE('',*,*,#6730,.T.);
#6733=ORIENTED_EDGE('',*,*,#6732,.T.);
#6734=ORIENTED_EDGE('',*,*,#6709,.F.);
#6735=EDGE_LOOP('',(#6729,#6731,#6733,#6734));
#6736=FACE_OUTER_BOUND('',#6735,.F.);
#6737=ADVANCED_FACE('',(#6736),#6728,.T.);
#6738=FILL_AREA_STYLE_COLOUR('',#31);
#6739=FILL_AREA_STYLE('',(#6738));
#6740=SURFACE_STYLE_FILL_AREA(#6739);
#6741=SURFACE_SIDE_STYLE('',(#6740));
#6742=SURFACE_STYLE_USAGE(.POSITIVE.,#6741);
#6743=PRESENTATION_STYLE_ASSIGNMENT((#6742));
#6744=STYLED_ITEM('',(#6743),#6737);
#6745=CARTESIAN_POINT('',(1.595218851290E0,1.877715811952E0,0.E0));
#6746=DIRECTION('',(0.E0,-1.E0,0.E0));
#6747=DIRECTION('',(-1.E0,0.E0,0.E0));
#6748=AXIS2_PLACEMENT_3D('',#6745,#6746,#6747);
#6749=PLANE('',#6748);
#6750=ORIENTED_EDGE('',*,*,#4973,.F.);
#6751=ORIENTED_EDGE('',*,*,#6649,.T.);
#6753=ORIENTED_EDGE('',*,*,#6752,.T.);
#6754=ORIENTED_EDGE('',*,*,#6730,.F.);
#6755=EDGE_LOOP('',(#6750,#6751,#6753,#6754));
#6756=FACE_OUTER_BOUND('',#6755,.F.);
#6757=ADVANCED_FACE('',(#6756),#6749,.T.);
#6758=FILL_AREA_STYLE_COLOUR('',#31);
#6759=FILL_AREA_STYLE('',(#6758));
#6760=SURFACE_STYLE_FILL_AREA(#6759);
#6761=SURFACE_SIDE_STYLE('',(#6760));
#6762=SURFACE_STYLE_USAGE(.POSITIVE.,#6761);
#6763=PRESENTATION_STYLE_ASSIGNMENT((#6762));
#6764=STYLED_ITEM('',(#6763),#6757);
#6765=CARTESIAN_POINT('',(0.E0,0.E0,-2.E-2));
#6766=DIRECTION('',(0.E0,0.E0,-1.E0));
#6767=DIRECTION('',(-1.E0,0.E0,0.E0));
#6768=AXIS2_PLACEMENT_3D('',#6765,#6766,#6767);
#6769=PLANE('',#6768);
#6770=ORIENTED_EDGE('',*,*,#6647,.F.);
#6771=ORIENTED_EDGE('',*,*,#6669,.F.);
#6772=ORIENTED_EDGE('',*,*,#6690,.F.);
#6773=ORIENTED_EDGE('',*,*,#6711,.F.);
#6774=ORIENTED_EDGE('',*,*,#6732,.F.);
#6775=ORIENTED_EDGE('',*,*,#6752,.F.);
#6776=EDGE_LOOP('',(#6770,#6771,#6772,#6773,#6774,#6775));
#6777=FACE_OUTER_BOUND('',#6776,.F.);
#6778=ADVANCED_FACE('',(#6777),#6769,.T.);
#6779=FILL_AREA_STYLE_COLOUR('',#31);
#6780=FILL_AREA_STYLE('',(#6779));
#6781=SURFACE_STYLE_FILL_AREA(#6780);
#6782=SURFACE_SIDE_STYLE('',(#6781));
#6783=SURFACE_STYLE_USAGE(.POSITIVE.,#6782);
#6784=PRESENTATION_STYLE_ASSIGNMENT((#6783));
#6785=STYLED_ITEM('',(#6784),#6778);
#6786=CARTESIAN_POINT('',(0.E0,0.E0,-2.E-2));
#6787=DIRECTION('',(0.E0,0.E0,-1.E0));
#6788=DIRECTION('',(-1.E0,0.E0,0.E0));
#6789=AXIS2_PLACEMENT_3D('',#6786,#6787,#6788);
#6790=PLANE('',#6789);
#6792=ORIENTED_EDGE('',*,*,#6791,.F.);
#6794=ORIENTED_EDGE('',*,*,#6793,.F.);
#6796=ORIENTED_EDGE('',*,*,#6795,.F.);
#6798=ORIENTED_EDGE('',*,*,#6797,.F.);
#6800=ORIENTED_EDGE('',*,*,#6799,.F.);
#6802=ORIENTED_EDGE('',*,*,#6801,.F.);
#6804=ORIENTED_EDGE('',*,*,#6803,.F.);
#6806=ORIENTED_EDGE('',*,*,#6805,.F.);
#6808=ORIENTED_EDGE('',*,*,#6807,.F.);
#6810=ORIENTED_EDGE('',*,*,#6809,.F.);
#6812=ORIENTED_EDGE('',*,*,#6811,.F.);
#6814=ORIENTED_EDGE('',*,*,#6813,.F.);
#6816=ORIENTED_EDGE('',*,*,#6815,.F.);
#6818=ORIENTED_EDGE('',*,*,#6817,.F.);
#6820=ORIENTED_EDGE('',*,*,#6819,.F.);
#6822=ORIENTED_EDGE('',*,*,#6821,.F.);
#6824=ORIENTED_EDGE('',*,*,#6823,.F.);
#6826=ORIENTED_EDGE('',*,*,#6825,.F.);
#6828=ORIENTED_EDGE('',*,*,#6827,.F.);
#6830=ORIENTED_EDGE('',*,*,#6829,.F.);
#6832=ORIENTED_EDGE('',*,*,#6831,.F.);
#6834=ORIENTED_EDGE('',*,*,#6833,.F.);
#6836=ORIENTED_EDGE('',*,*,#6835,.F.);
#6838=ORIENTED_EDGE('',*,*,#6837,.F.);
#6840=ORIENTED_EDGE('',*,*,#6839,.F.);
#6842=ORIENTED_EDGE('',*,*,#6841,.F.);
#6844=ORIENTED_EDGE('',*,*,#6843,.F.);
#6846=ORIENTED_EDGE('',*,*,#6845,.F.);
#6848=ORIENTED_EDGE('',*,*,#6847,.F.);
#6850=ORIENTED_EDGE('',*,*,#6849,.F.);
#6852=ORIENTED_EDGE('',*,*,#6851,.F.);
#6854=ORIENTED_EDGE('',*,*,#6853,.F.);
#6856=ORIENTED_EDGE('',*,*,#6855,.F.);
#6858=ORIENTED_EDGE('',*,*,#6857,.F.);
#6860=ORIENTED_EDGE('',*,*,#6859,.F.);
#6862=ORIENTED_EDGE('',*,*,#6861,.F.);
#6864=ORIENTED_EDGE('',*,*,#6863,.F.);
#6866=ORIENTED_EDGE('',*,*,#6865,.F.);
#6868=ORIENTED_EDGE('',*,*,#6867,.F.);
#6870=ORIENTED_EDGE('',*,*,#6869,.F.);
#6871=EDGE_LOOP('',(#6792,#6794,#6796,#6798,#6800,#6802,#6804,#6806,#6808,#6810,
#6812,#6814,#6816,#6818,#6820,#6822,#6824,#6826,#6828,#6830,#6832,#6834,#6836,
#6838,#6840,#6842,#6844,#6846,#6848,#6850,#6852,#6854,#6856,#6858,#6860,#6862,
#6864,#6866,#6868,#6870));
#6872=FACE_OUTER_BOUND('',#6871,.F.);
#6873=ADVANCED_FACE('',(#6872),#6790,.T.);
#6874=FILL_AREA_STYLE_COLOUR('',#31);
#6875=FILL_AREA_STYLE('',(#6874));
#6876=SURFACE_STYLE_FILL_AREA(#6875);
#6877=SURFACE_SIDE_STYLE('',(#6876));
#6878=SURFACE_STYLE_USAGE(.POSITIVE.,#6877);
#6879=PRESENTATION_STYLE_ASSIGNMENT((#6878));
#6880=STYLED_ITEM('',(#6879),#6873);
#6881=CARTESIAN_POINT('',(0.E0,0.E0,-2.E-2));
#6882=DIRECTION('',(0.E0,0.E0,-1.E0));
#6883=DIRECTION('',(-1.E0,0.E0,0.E0));
#6884=AXIS2_PLACEMENT_3D('',#6881,#6882,#6883);
#6885=PLANE('',#6884);
#6887=ORIENTED_EDGE('',*,*,#6886,.F.);
#6889=ORIENTED_EDGE('',*,*,#6888,.F.);
#6891=ORIENTED_EDGE('',*,*,#6890,.F.);
#6893=ORIENTED_EDGE('',*,*,#6892,.F.);
#6895=ORIENTED_EDGE('',*,*,#6894,.F.);
#6897=ORIENTED_EDGE('',*,*,#6896,.F.);
#6899=ORIENTED_EDGE('',*,*,#6898,.F.);
#6901=ORIENTED_EDGE('',*,*,#6900,.F.);
#6903=ORIENTED_EDGE('',*,*,#6902,.F.);
#6905=ORIENTED_EDGE('',*,*,#6904,.F.);
#6907=ORIENTED_EDGE('',*,*,#6906,.F.);
#6909=ORIENTED_EDGE('',*,*,#6908,.F.);
#6910=EDGE_LOOP('',(#6887,#6889,#6891,#6893,#6895,#6897,#6899,#6901,#6903,#6905,
#6907,#6909));
#6911=FACE_OUTER_BOUND('',#6910,.F.);
#6912=ADVANCED_FACE('',(#6911),#6885,.T.);
#6913=FILL_AREA_STYLE_COLOUR('',#31);
#6914=FILL_AREA_STYLE('',(#6913));
#6915=SURFACE_STYLE_FILL_AREA(#6914);
#6916=SURFACE_SIDE_STYLE('',(#6915));
#6917=SURFACE_STYLE_USAGE(.POSITIVE.,#6916);
#6918=PRESENTATION_STYLE_ASSIGNMENT((#6917));
#6919=STYLED_ITEM('',(#6918),#6912);
#6920=CARTESIAN_POINT('',(0.E0,0.E0,-2.E-2));
#6921=DIRECTION('',(0.E0,0.E0,-1.E0));
#6922=DIRECTION('',(-1.E0,0.E0,0.E0));
#6923=AXIS2_PLACEMENT_3D('',#6920,#6921,#6922);
#6924=PLANE('',#6923);
#6926=ORIENTED_EDGE('',*,*,#6925,.F.);
#6928=ORIENTED_EDGE('',*,*,#6927,.F.);
#6930=ORIENTED_EDGE('',*,*,#6929,.F.);
#6932=ORIENTED_EDGE('',*,*,#6931,.F.);
#6934=ORIENTED_EDGE('',*,*,#6933,.F.);
#6936=ORIENTED_EDGE('',*,*,#6935,.F.);
#6938=ORIENTED_EDGE('',*,*,#6937,.F.);
#6940=ORIENTED_EDGE('',*,*,#6939,.F.);
#6942=ORIENTED_EDGE('',*,*,#6941,.F.);
#6944=ORIENTED_EDGE('',*,*,#6943,.F.);
#6946=ORIENTED_EDGE('',*,*,#6945,.F.);
#6948=ORIENTED_EDGE('',*,*,#6947,.F.);
#6950=ORIENTED_EDGE('',*,*,#6949,.F.);
#6952=ORIENTED_EDGE('',*,*,#6951,.F.);
#6953=EDGE_LOOP('',(#6926,#6928,#6930,#6932,#6934,#6936,#6938,#6940,#6942,#6944,
#6946,#6948,#6950,#6952));
#6954=FACE_OUTER_BOUND('',#6953,.F.);
#6956=ORIENTED_EDGE('',*,*,#6955,.F.);
#6958=ORIENTED_EDGE('',*,*,#6957,.F.);
#6960=ORIENTED_EDGE('',*,*,#6959,.F.);
#6962=ORIENTED_EDGE('',*,*,#6961,.F.);
#6964=ORIENTED_EDGE('',*,*,#6963,.F.);
#6966=ORIENTED_EDGE('',*,*,#6965,.F.);
#6968=ORIENTED_EDGE('',*,*,#6967,.F.);
#6970=ORIENTED_EDGE('',*,*,#6969,.F.);
#6972=ORIENTED_EDGE('',*,*,#6971,.F.);
#6974=ORIENTED_EDGE('',*,*,#6973,.F.);
#6976=ORIENTED_EDGE('',*,*,#6975,.F.);
#6978=ORIENTED_EDGE('',*,*,#6977,.F.);
#6979=EDGE_LOOP('',(#6956,#6958,#6960,#6962,#6964,#6966,#6968,#6970,#6972,#6974,
#6976,#6978));
#6980=FACE_BOUND('',#6979,.F.);
#6981=ADVANCED_FACE('',(#6954,#6980),#6924,.T.);
#6982=FILL_AREA_STYLE_COLOUR('',#31);
#6983=FILL_AREA_STYLE('',(#6982));
#6984=SURFACE_STYLE_FILL_AREA(#6983);
#6985=SURFACE_SIDE_STYLE('',(#6984));
#6986=SURFACE_STYLE_USAGE(.POSITIVE.,#6985);
#6987=PRESENTATION_STYLE_ASSIGNMENT((#6986));
#6988=STYLED_ITEM('',(#6987),#6981);
#6989=CARTESIAN_POINT('',(0.E0,0.E0,-2.E-2));
#6990=DIRECTION('',(0.E0,0.E0,-1.E0));
#6991=DIRECTION('',(-1.E0,0.E0,0.E0));
#6992=AXIS2_PLACEMENT_3D('',#6989,#6990,#6991);
#6993=PLANE('',#6992);
#6995=ORIENTED_EDGE('',*,*,#6994,.F.);
#6997=ORIENTED_EDGE('',*,*,#6996,.F.);
#6999=ORIENTED_EDGE('',*,*,#6998,.F.);
#7001=ORIENTED_EDGE('',*,*,#7000,.F.);
#7003=ORIENTED_EDGE('',*,*,#7002,.F.);
#7005=ORIENTED_EDGE('',*,*,#7004,.F.);
#7007=ORIENTED_EDGE('',*,*,#7006,.F.);
#7009=ORIENTED_EDGE('',*,*,#7008,.F.);
#7010=EDGE_LOOP('',(#6995,#6997,#6999,#7001,#7003,#7005,#7007,#7009));
#7011=FACE_OUTER_BOUND('',#7010,.F.);
#7013=ORIENTED_EDGE('',*,*,#7012,.F.);
#7015=ORIENTED_EDGE('',*,*,#7014,.F.);
#7017=ORIENTED_EDGE('',*,*,#7016,.F.);
#7018=EDGE_LOOP('',(#7013,#7015,#7017));
#7019=FACE_BOUND('',#7018,.F.);
#7020=ADVANCED_FACE('',(#7011,#7019),#6993,.T.);
#7021=FILL_AREA_STYLE_COLOUR('',#31);
#7022=FILL_AREA_STYLE('',(#7021));
#7023=SURFACE_STYLE_FILL_AREA(#7022);
#7024=SURFACE_SIDE_STYLE('',(#7023));
#7025=SURFACE_STYLE_USAGE(.POSITIVE.,#7024);
#7026=PRESENTATION_STYLE_ASSIGNMENT((#7025));
#7027=STYLED_ITEM('',(#7026),#7020);
#7028=CARTESIAN_POINT('',(2.990355477429E-1,2.069103045519E0,0.E0));
#7029=DIRECTION('',(0.E0,1.E0,0.E0));
#7030=DIRECTION('',(1.E0,0.E0,0.E0));
#7031=AXIS2_PLACEMENT_3D('',#7028,#7029,#7030);
#7032=PLANE('',#7031);
#7033=ORIENTED_EDGE('',*,*,#4985,.F.);
#7035=ORIENTED_EDGE('',*,*,#7034,.T.);
#7036=ORIENTED_EDGE('',*,*,#6791,.T.);
#7038=ORIENTED_EDGE('',*,*,#7037,.F.);
#7039=EDGE_LOOP('',(#7033,#7035,#7036,#7038));
#7040=FACE_OUTER_BOUND('',#7039,.F.);
#7041=ADVANCED_FACE('',(#7040),#7032,.T.);
#7042=FILL_AREA_STYLE_COLOUR('',#31);
#7043=FILL_AREA_STYLE('',(#7042));
#7044=SURFACE_STYLE_FILL_AREA(#7043);
#7045=SURFACE_SIDE_STYLE('',(#7044));
#7046=SURFACE_STYLE_USAGE(.POSITIVE.,#7045);
#7047=PRESENTATION_STYLE_ASSIGNMENT((#7046));
#7048=STYLED_ITEM('',(#7047),#7041);
#7049=CARTESIAN_POINT('',(3.146521548367E-1,1.989358363004E0,0.E0));
#7050=DIRECTION('',(-9.813592778365E-1,-1.921821214477E-1,0.E0));
#7051=DIRECTION('',(-1.921821214477E-1,9.813592778365E-1,0.E0));
#7052=AXIS2_PLACEMENT_3D('',#7049,#7050,#7051);
#7053=PLANE('',#7052);
#7054=ORIENTED_EDGE('',*,*,#5063,.F.);
#7056=ORIENTED_EDGE('',*,*,#7055,.T.);
#7057=ORIENTED_EDGE('',*,*,#6793,.T.);
#7058=ORIENTED_EDGE('',*,*,#7034,.F.);
#7059=EDGE_LOOP('',(#7054,#7056,#7057,#7058));
#7060=FACE_OUTER_BOUND('',#7059,.F.);
#7061=ADVANCED_FACE('',(#7060),#7053,.T.);
#7062=FILL_AREA_STYLE_COLOUR('',#31);
#7063=FILL_AREA_STYLE('',(#7062));
#7064=SURFACE_STYLE_FILL_AREA(#7063);
#7065=SURFACE_SIDE_STYLE('',(#7064));
#7066=SURFACE_STYLE_USAGE(.POSITIVE.,#7065);
#7067=PRESENTATION_STYLE_ASSIGNMENT((#7066));
#7068=STYLED_ITEM('',(#7067),#7061);
#7069=CARTESIAN_POINT('',(3.771188512898E-1,1.925562620343E0,0.E0));
#7070=DIRECTION('',(-7.145102486526E-1,-6.996249742329E-1,0.E0));
#7071=DIRECTION('',(-6.996249742329E-1,7.145102486526E-1,0.E0));
#7072=AXIS2_PLACEMENT_3D('',#7069,#7070,#7071);
#7073=PLANE('',#7072);
#7074=ORIENTED_EDGE('',*,*,#5061,.F.);
#7076=ORIENTED_EDGE('',*,*,#7075,.T.);
#7077=ORIENTED_EDGE('',*,*,#6795,.T.);
#7078=ORIENTED_EDGE('',*,*,#7055,.F.);
#7079=EDGE_LOOP('',(#7074,#7076,#7077,#7078));
#7080=FACE_OUTER_BOUND('',#7079,.F.);
#7081=ADVANCED_FACE('',(#7080),#7073,.T.);
#7082=FILL_AREA_STYLE_COLOUR('',#31);
#7083=FILL_AREA_STYLE('',(#7082));
#7084=SURFACE_STYLE_FILL_AREA(#7083);
#7085=SURFACE_SIDE_STYLE('',(#7084));
#7086=SURFACE_STYLE_USAGE(.POSITIVE.,#7085);
#7087=PRESENTATION_STYLE_ASSIGNMENT((#7086));
#7088=STYLED_ITEM('',(#7087),#7081);
#7089=CARTESIAN_POINT('',(4.395855477429E-1,1.893664747617E0,0.E0));
#7090=DIRECTION('',(-4.547769889117E-1,-8.906053505096E-1,0.E0));
#7091=DIRECTION('',(-8.906053505096E-1,4.547769889117E-1,0.E0));
#7092=AXIS2_PLACEMENT_3D('',#7089,#7090,#7091);
#7093=PLANE('',#7092);
#7094=ORIENTED_EDGE('',*,*,#5059,.F.);
#7096=ORIENTED_EDGE('',*,*,#7095,.T.);
#7097=ORIENTED_EDGE('',*,*,#6797,.T.);
#7098=ORIENTED_EDGE('',*,*,#7075,.F.);
#7099=EDGE_LOOP('',(#7094,#7096,#7097,#7098));
#7100=FACE_OUTER_BOUND('',#7099,.F.);
#7101=ADVANCED_FACE('',(#7100),#7093,.T.);
#7102=FILL_AREA_STYLE_COLOUR('',#31);
#7103=FILL_AREA_STYLE('',(#7102));
#7104=SURFACE_STYLE_FILL_AREA(#7103);
#7105=SURFACE_SIDE_STYLE('',(#7104));
#7106=SURFACE_STYLE_USAGE(.POSITIVE.,#7105);
#7107=PRESENTATION_STYLE_ASSIGNMENT((#7106));
#7108=STYLED_ITEM('',(#7107),#7101);
#7109=CARTESIAN_POINT('',(5.176688512898E-1,1.877715811952E0,0.E0));
#7110=DIRECTION('',(-2.001234451615E-1,-9.797706908745E-1,0.E0));
#7111=DIRECTION('',(-9.797706908745E-1,2.001234451615E-1,0.E0));
#7112=AXIS2_PLACEMENT_3D('',#7109,#7110,#7111);
#7113=PLANE('',#7112);
#7114=ORIENTED_EDGE('',*,*,#5057,.F.);
#7116=ORIENTED_EDGE('',*,*,#7115,.T.);
#7117=ORIENTED_EDGE('',*,*,#6799,.T.);
#7118=ORIENTED_EDGE('',*,*,#7095,.F.);
#7119=EDGE_LOOP('',(#7114,#7116,#7117,#7118));
#7120=FACE_OUTER_BOUND('',#7119,.F.);
#7121=ADVANCED_FACE('',(#7120),#7113,.T.);
#7122=FILL_AREA_STYLE_COLOUR('',#31);
#7123=FILL_AREA_STYLE('',(#7122));
#7124=SURFACE_STYLE_FILL_AREA(#7123);
#7125=SURFACE_SIDE_STYLE('',(#7124));
#7126=SURFACE_STYLE_USAGE(.POSITIVE.,#7125);
#7127=PRESENTATION_STYLE_ASSIGNMENT((#7126));
#7128=STYLED_ITEM('',(#7127),#7121);
#7129=CARTESIAN_POINT('',(6.582188512898E-1,1.877715811952E0,0.E0));
#7130=DIRECTION('',(0.E0,-1.E0,0.E0));
#7131=DIRECTION('',(-1.E0,0.E0,0.E0));
#7132=AXIS2_PLACEMENT_3D('',#7129,#7130,#7131);
#7133=PLANE('',#7132);
#7134=ORIENTED_EDGE('',*,*,#5055,.F.);
#7136=ORIENTED_EDGE('',*,*,#7135,.T.);
#7137=ORIENTED_EDGE('',*,*,#6801,.T.);
#7138=ORIENTED_EDGE('',*,*,#7115,.F.);
#7139=EDGE_LOOP('',(#7134,#7136,#7137,#7138));
#7140=FACE_OUTER_BOUND('',#7139,.F.);
#7141=ADVANCED_FACE('',(#7140),#7133,.T.);
#7142=FILL_AREA_STYLE_COLOUR('',#31);
#7143=FILL_AREA_STYLE('',(#7142));
#7144=SURFACE_STYLE_FILL_AREA(#7143);
#7145=SURFACE_SIDE_STYLE('',(#7144));
#7146=SURFACE_STYLE_USAGE(.POSITIVE.,#7145);
#7147=PRESENTATION_STYLE_ASSIGNMENT((#7146));
#7148=STYLED_ITEM('',(#7147),#7141);
#7149=CARTESIAN_POINT('',(7.363021548367E-1,1.893664747617E0,0.E0));
#7150=DIRECTION('',(2.001234451615E-1,-9.797706908745E-1,0.E0));
#7151=DIRECTION('',(-9.797706908745E-1,-2.001234451615E-1,0.E0));
#7152=AXIS2_PLACEMENT_3D('',#7149,#7150,#7151);
#7153=PLANE('',#7152);
#7154=ORIENTED_EDGE('',*,*,#5053,.F.);
#7156=ORIENTED_EDGE('',*,*,#7155,.T.);
#7157=ORIENTED_EDGE('',*,*,#6803,.T.);
#7158=ORIENTED_EDGE('',*,*,#7135,.F.);
#7159=EDGE_LOOP('',(#7154,#7156,#7157,#7158));
#7160=FACE_OUTER_BOUND('',#7159,.F.);
#7161=ADVANCED_FACE('',(#7160),#7153,.T.);
#7162=FILL_AREA_STYLE_COLOUR('',#31);
#7163=FILL_AREA_STYLE('',(#7162));
#7164=SURFACE_STYLE_FILL_AREA(#7163);
#7165=SURFACE_SIDE_STYLE('',(#7164));
#7166=SURFACE_STYLE_USAGE(.POSITIVE.,#7165);
#7167=PRESENTATION_STYLE_ASSIGNMENT((#7166));
#7168=STYLED_ITEM('',(#7167),#7161);
#7169=CARTESIAN_POINT('',(7.987688512898E-1,1.925562620343E0,0.E0));
#7170=DIRECTION('',(4.547769889117E-1,-8.906053505096E-1,0.E0));
#7171=DIRECTION('',(-8.906053505096E-1,-4.547769889117E-1,0.E0));
#7172=AXIS2_PLACEMENT_3D('',#7169,#7170,#7171);
#7173=PLANE('',#7172);
#7174=ORIENTED_EDGE('',*,*,#5051,.F.);
#7176=ORIENTED_EDGE('',*,*,#7175,.T.);
#7177=ORIENTED_EDGE('',*,*,#6805,.T.);
#7178=ORIENTED_EDGE('',*,*,#7155,.F.);
#7179=EDGE_LOOP('',(#7174,#7176,#7177,#7178));
#7180=FACE_OUTER_BOUND('',#7179,.F.);
#7181=ADVANCED_FACE('',(#7180),#7173,.T.);
#7182=FILL_AREA_STYLE_COLOUR('',#31);
#7183=FILL_AREA_STYLE('',(#7182));
#7184=SURFACE_STYLE_FILL_AREA(#7183);
#7185=SURFACE_SIDE_STYLE('',(#7184));
#7186=SURFACE_STYLE_USAGE(.POSITIVE.,#7185);
#7187=PRESENTATION_STYLE_ASSIGNMENT((#7186));
#7188=STYLED_ITEM('',(#7187),#7181);
#7189=CARTESIAN_POINT('',(8.612355030632E-1,1.989358363004E0,0.E0));
#7190=DIRECTION('',(7.145104988024E-1,-6.996247187608E-1,0.E0));
#7191=DIRECTION('',(-6.996247187608E-1,-7.145104988024E-1,0.E0));
#7192=AXIS2_PLACEMENT_3D('',#7189,#7190,#7191);
#7193=PLANE('',#7192);
#7194=ORIENTED_EDGE('',*,*,#5049,.F.);
#7196=ORIENTED_EDGE('',*,*,#7195,.T.);
#7197=ORIENTED_EDGE('',*,*,#6807,.T.);
#7198=ORIENTED_EDGE('',*,*,#7175,.F.);
#7199=EDGE_LOOP('',(#7194,#7196,#7197,#7198));
#7200=FACE_OUTER_BOUND('',#7199,.F.);
#7201=ADVANCED_FACE('',(#7200),#7193,.T.);
#7202=FILL_AREA_STYLE_COLOUR('',#31);
#7203=FILL_AREA_STYLE('',(#7202));
#7204=SURFACE_STYLE_FILL_AREA(#7203);
#7205=SURFACE_SIDE_STYLE('',(#7204));
#7206=SURFACE_STYLE_USAGE(.POSITIVE.,#7205);
#7207=PRESENTATION_STYLE_ASSIGNMENT((#7206));
#7208=STYLED_ITEM('',(#7207),#7201);
#7209=CARTESIAN_POINT('',(8.924688512898E-1,2.053154111250E0,0.E0));
#7210=DIRECTION('',(8.981380447713E-1,-4.397136028534E-1,0.E0));
#7211=DIRECTION('',(-4.397136028534E-1,-8.981380447713E-1,0.E0));
#7212=AXIS2_PLACEMENT_3D('',#7209,#7210,#7211);
#7213=PLANE('',#7212);
#7214=ORIENTED_EDGE('',*,*,#5047,.F.);
#7216=ORIENTED_EDGE('',*,*,#7215,.T.);
#7217=ORIENTED_EDGE('',*,*,#6809,.T.);
#7218=ORIENTED_EDGE('',*,*,#7195,.F.);
#7219=EDGE_LOOP('',(#7214,#7216,#7217,#7218));
#7220=FACE_OUTER_BOUND('',#7219,.F.);
#7221=ADVANCED_FACE('',(#7220),#7213,.T.);
#7222=FILL_AREA_STYLE_COLOUR('',#31);
#7223=FILL_AREA_STYLE('',(#7222));
#7224=SURFACE_STYLE_FILL_AREA(#7223);
#7225=SURFACE_SIDE_STYLE('',(#7224));
#7226=SURFACE_STYLE_USAGE(.POSITIVE.,#7225);
#7227=PRESENTATION_STYLE_ASSIGNMENT((#7226));
#7228=STYLED_ITEM('',(#7227),#7221);
#7229=CARTESIAN_POINT('',(9.080855030632E-1,2.132898782595E0,0.E0));
#7230=DIRECTION('',(9.813591690599E-1,-1.921826769043E-1,0.E0));
#7231=DIRECTION('',(-1.921826769043E-1,-9.813591690599E-1,0.E0));
#7232=AXIS2_PLACEMENT_3D('',#7229,#7230,#7231);
#7233=PLANE('',#7232);
#7234=ORIENTED_EDGE('',*,*,#5045,.F.);
#7236=ORIENTED_EDGE('',*,*,#7235,.T.);
#7237=ORIENTED_EDGE('',*,*,#6811,.T.);
#7238=ORIENTED_EDGE('',*,*,#7215,.F.);
#7239=EDGE_LOOP('',(#7234,#7236,#7237,#7238));
#7240=FACE_OUTER_BOUND('',#7239,.F.);
#7241=ADVANCED_FACE('',(#7240),#7233,.T.);
#7242=FILL_AREA_STYLE_COLOUR('',#31);
#7243=FILL_AREA_STYLE('',(#7242));
#7244=SURFACE_STYLE_FILL_AREA(#7243);
#7245=SURFACE_SIDE_STYLE('',(#7244));
#7246=SURFACE_STYLE_USAGE(.POSITIVE.,#7245);
#7247=PRESENTATION_STYLE_ASSIGNMENT((#7246));
#7248=STYLED_ITEM('',(#7247),#7241);
#7249=CARTESIAN_POINT('',(9.080855030632E-1,2.372132818969E0,0.E0));
#7250=DIRECTION('',(1.E0,0.E0,0.E0));
#7251=DIRECTION('',(0.E0,-1.E0,0.E0));
#7252=AXIS2_PLACEMENT_3D('',#7249,#7250,#7251);
#7253=PLANE('',#7252);
#7254=ORIENTED_EDGE('',*,*,#5043,.F.);
#7256=ORIENTED_EDGE('',*,*,#7255,.T.);
#7257=ORIENTED_EDGE('',*,*,#6813,.T.);
#7258=ORIENTED_EDGE('',*,*,#7235,.F.);
#7259=EDGE_LOOP('',(#7254,#7256,#7257,#7258));
#7260=FACE_OUTER_BOUND('',#7259,.F.);
#7261=ADVANCED_FACE('',(#7260),#7253,.T.);
#7262=FILL_AREA_STYLE_COLOUR('',#31);
#7263=FILL_AREA_STYLE('',(#7262));
#7264=SURFACE_STYLE_FILL_AREA(#7263);
#7265=SURFACE_SIDE_STYLE('',(#7264));
#7266=SURFACE_STYLE_USAGE(.POSITIVE.,#7265);
#7267=PRESENTATION_STYLE_ASSIGNMENT((#7266));
#7268=STYLED_ITEM('',(#7267),#7261);
#7269=CARTESIAN_POINT('',(8.924688512898E-1,2.451877534993E0,0.E0));
#7270=DIRECTION('',(9.813591893677E-1,1.921825732045E-1,0.E0));
#7271=DIRECTION('',(1.921825732045E-1,-9.813591893677E-1,0.E0));
#7272=AXIS2_PLACEMENT_3D('',#7269,#7270,#7271);
#7273=PLANE('',#7272);
#7274=ORIENTED_EDGE('',*,*,#5041,.F.);
#7276=ORIENTED_EDGE('',*,*,#7275,.T.);
#7277=ORIENTED_EDGE('',*,*,#6815,.T.);
#7278=ORIENTED_EDGE('',*,*,#7255,.F.);
#7279=EDGE_LOOP('',(#7274,#7276,#7277,#7278));
#7280=FACE_OUTER_BOUND('',#7279,.F.);
#7281=ADVANCED_FACE('',(#7280),#7273,.T.);
#7282=FILL_AREA_STYLE_COLOUR('',#31);
#7283=FILL_AREA_STYLE('',(#7282));
#7284=SURFACE_STYLE_FILL_AREA(#7283);
#7285=SURFACE_SIDE_STYLE('',(#7284));
#7286=SURFACE_STYLE_USAGE(.POSITIVE.,#7285);
#7287=PRESENTATION_STYLE_ASSIGNMENT((#7286));
#7288=STYLED_ITEM('',(#7287),#7281);
#7289=CARTESIAN_POINT('',(8.612355030632E-1,2.515673272069E0,0.E0));
#7290=DIRECTION('',(8.981380143666E-1,4.397136649566E-1,0.E0));
#7291=DIRECTION('',(4.397136649566E-1,-8.981380143666E-1,0.E0));
#7292=AXIS2_PLACEMENT_3D('',#7289,#7290,#7291);
#7293=PLANE('',#7292);
#7294=ORIENTED_EDGE('',*,*,#5039,.F.);
#7296=ORIENTED_EDGE('',*,*,#7295,.T.);
#7297=ORIENTED_EDGE('',*,*,#6817,.T.);
#7298=ORIENTED_EDGE('',*,*,#7275,.F.);
#7299=EDGE_LOOP('',(#7294,#7296,#7297,#7298));
#7300=FACE_OUTER_BOUND('',#7299,.F.);
#7301=ADVANCED_FACE('',(#7300),#7293,.T.);
#7302=FILL_AREA_STYLE_COLOUR('',#31);
#7303=FILL_AREA_STYLE('',(#7302));
#7304=SURFACE_STYLE_FILL_AREA(#7303);
#7305=SURFACE_SIDE_STYLE('',(#7304));
#7306=SURFACE_STYLE_USAGE(.POSITIVE.,#7305);
#7307=PRESENTATION_STYLE_ASSIGNMENT((#7306));
#7308=STYLED_ITEM('',(#7307),#7301);
#7309=CARTESIAN_POINT('',(7.987688512898E-1,2.579469009145E0,0.E0));
#7310=DIRECTION('',(7.145104681851E-1,6.996247500295E-1,0.E0));
#7311=DIRECTION('',(6.996247500295E-1,-7.145104681851E-1,0.E0));
#7312=AXIS2_PLACEMENT_3D('',#7309,#7310,#7311);
#7313=PLANE('',#7312);
#7314=ORIENTED_EDGE('',*,*,#5037,.F.);
#7316=ORIENTED_EDGE('',*,*,#7315,.T.);
#7317=ORIENTED_EDGE('',*,*,#6819,.T.);
#7318=ORIENTED_EDGE('',*,*,#7295,.F.);
#7319=EDGE_LOOP('',(#7314,#7316,#7317,#7318));
#7320=FACE_OUTER_BOUND('',#7319,.F.);
#7321=ADVANCED_FACE('',(#7320),#7313,.T.);
#7322=FILL_AREA_STYLE_COLOUR('',#31);
#7323=FILL_AREA_STYLE('',(#7322));
#7324=SURFACE_STYLE_FILL_AREA(#7323);
#7325=SURFACE_SIDE_STYLE('',(#7324));
#7326=SURFACE_STYLE_USAGE(.POSITIVE.,#7325);
#7327=PRESENTATION_STYLE_ASSIGNMENT((#7326));
#7328=STYLED_ITEM('',(#7327),#7321);
#7329=CARTESIAN_POINT('',(7.363021548367E-1,2.611366877683E0,0.E0));
#7330=DIRECTION('',(4.547769415434E-1,8.906053746977E-1,0.E0));
#7331=DIRECTION('',(8.906053746977E-1,-4.547769415434E-1,0.E0));
#7332=AXIS2_PLACEMENT_3D('',#7329,#7330,#7331);
#7333=PLANE('',#7332);
#7334=ORIENTED_EDGE('',*,*,#5035,.F.);
#7336=ORIENTED_EDGE('',*,*,#7335,.T.);
#7337=ORIENTED_EDGE('',*,*,#6821,.T.);
#7338=ORIENTED_EDGE('',*,*,#7315,.F.);
#7339=EDGE_LOOP('',(#7334,#7336,#7337,#7338));
#7340=FACE_OUTER_BOUND('',#7339,.F.);
#7341=ADVANCED_FACE('',(#7340),#7333,.T.);
#7342=FILL_AREA_STYLE_COLOUR('',#31);
#7343=FILL_AREA_STYLE('',(#7342));
#7344=SURFACE_STYLE_FILL_AREA(#7343);
#7345=SURFACE_SIDE_STYLE('',(#7344));
#7346=SURFACE_STYLE_USAGE(.POSITIVE.,#7345);
#7347=PRESENTATION_STYLE_ASSIGNMENT((#7346));
#7348=STYLED_ITEM('',(#7347),#7341);
#7349=CARTESIAN_POINT('',(6.582188512898E-1,2.627315811952E0,0.E0));
#7350=DIRECTION('',(2.001234283435E-1,9.797706943097E-1,0.E0));
#7351=DIRECTION('',(9.797706943097E-1,-2.001234283435E-1,0.E0));
#7352=AXIS2_PLACEMENT_3D('',#7349,#7350,#7351);
#7353=PLANE('',#7352);
#7354=ORIENTED_EDGE('',*,*,#5033,.F.);
#7356=ORIENTED_EDGE('',*,*,#7355,.T.);
#7357=ORIENTED_EDGE('',*,*,#6823,.T.);
#7358=ORIENTED_EDGE('',*,*,#7335,.F.);
#7359=EDGE_LOOP('',(#7354,#7356,#7357,#7358));
#7360=FACE_OUTER_BOUND('',#7359,.F.);
#7361=ADVANCED_FACE('',(#7360),#7353,.T.);
#7362=FILL_AREA_STYLE_COLOUR('',#31);
#7363=FILL_AREA_STYLE('',(#7362));
#7364=SURFACE_STYLE_FILL_AREA(#7363);
#7365=SURFACE_SIDE_STYLE('',(#7364));
#7366=SURFACE_STYLE_USAGE(.POSITIVE.,#7365);
#7367=PRESENTATION_STYLE_ASSIGNMENT((#7366));
#7368=STYLED_ITEM('',(#7367),#7361);
#7369=CARTESIAN_POINT('',(5.176688512898E-1,2.627315811952E0,0.E0));
#7370=DIRECTION('',(0.E0,1.E0,0.E0));
#7371=DIRECTION('',(1.E0,0.E0,0.E0));
#7372=AXIS2_PLACEMENT_3D('',#7369,#7370,#7371);
#7373=PLANE('',#7372);
#7374=ORIENTED_EDGE('',*,*,#5031,.F.);
#7376=ORIENTED_EDGE('',*,*,#7375,.T.);
#7377=ORIENTED_EDGE('',*,*,#6825,.T.);
#7378=ORIENTED_EDGE('',*,*,#7355,.F.);
#7379=EDGE_LOOP('',(#7374,#7376,#7377,#7378));
#7380=FACE_OUTER_BOUND('',#7379,.F.);
#7381=ADVANCED_FACE('',(#7380),#7373,.T.);
#7382=FILL_AREA_STYLE_COLOUR('',#31);
#7383=FILL_AREA_STYLE('',(#7382));
#7384=SURFACE_STYLE_FILL_AREA(#7383);
#7385=SURFACE_SIDE_STYLE('',(#7384));
#7386=SURFACE_STYLE_USAGE(.POSITIVE.,#7385);
#7387=PRESENTATION_STYLE_ASSIGNMENT((#7386));
#7388=STYLED_ITEM('',(#7387),#7381);
#7389=CARTESIAN_POINT('',(4.395855477429E-1,2.611366877683E0,0.E0));
#7390=DIRECTION('',(-2.001234283435E-1,9.797706943097E-1,0.E0));
#7391=DIRECTION('',(9.797706943097E-1,2.001234283435E-1,0.E0));
#7392=AXIS2_PLACEMENT_3D('',#7389,#7390,#7391);
#7393=PLANE('',#7392);
#7394=ORIENTED_EDGE('',*,*,#5029,.F.);
#7396=ORIENTED_EDGE('',*,*,#7395,.T.);
#7397=ORIENTED_EDGE('',*,*,#6827,.T.);
#7398=ORIENTED_EDGE('',*,*,#7375,.F.);
#7399=EDGE_LOOP('',(#7394,#7396,#7397,#7398));
#7400=FACE_OUTER_BOUND('',#7399,.F.);
#7401=ADVANCED_FACE('',(#7400),#7393,.T.);
#7402=FILL_AREA_STYLE_COLOUR('',#31);
#7403=FILL_AREA_STYLE('',(#7402));
#7404=SURFACE_STYLE_FILL_AREA(#7403);
#7405=SURFACE_SIDE_STYLE('',(#7404));
#7406=SURFACE_STYLE_USAGE(.POSITIVE.,#7405);
#7407=PRESENTATION_STYLE_ASSIGNMENT((#7406));
#7408=STYLED_ITEM('',(#7407),#7401);
#7409=CARTESIAN_POINT('',(3.771188512898E-1,2.579469009145E0,0.E0));
#7410=DIRECTION('',(-4.547769415434E-1,8.906053746977E-1,0.E0));
#7411=DIRECTION('',(8.906053746977E-1,4.547769415434E-1,0.E0));
#7412=AXIS2_PLACEMENT_3D('',#7409,#7410,#7411);
#7413=PLANE('',#7412);
#7414=ORIENTED_EDGE('',*,*,#5027,.F.);
#7416=ORIENTED_EDGE('',*,*,#7415,.T.);
#7417=ORIENTED_EDGE('',*,*,#6829,.T.);
#7418=ORIENTED_EDGE('',*,*,#7395,.F.);
#7419=EDGE_LOOP('',(#7414,#7416,#7417,#7418));
#7420=FACE_OUTER_BOUND('',#7419,.F.);
#7421=ADVANCED_FACE('',(#7420),#7413,.T.);
#7422=FILL_AREA_STYLE_COLOUR('',#31);
#7423=FILL_AREA_STYLE('',(#7422));
#7424=SURFACE_STYLE_FILL_AREA(#7423);
#7425=SURFACE_SIDE_STYLE('',(#7424));
#7426=SURFACE_STYLE_USAGE(.POSITIVE.,#7425);
#7427=PRESENTATION_STYLE_ASSIGNMENT((#7426));
#7428=STYLED_ITEM('',(#7427),#7421);
#7429=CARTESIAN_POINT('',(3.146521548367E-1,2.515673272069E0,0.E0));
#7430=DIRECTION('',(-7.145102180353E-1,6.996250055017E-1,0.E0));
#7431=DIRECTION('',(6.996250055017E-1,7.145102180353E-1,0.E0));
#7432=AXIS2_PLACEMENT_3D('',#7429,#7430,#7431);
#7433=PLANE('',#7432);
#7434=ORIENTED_EDGE('',*,*,#5025,.F.);
#7436=ORIENTED_EDGE('',*,*,#7435,.T.);
#7437=ORIENTED_EDGE('',*,*,#6831,.T.);
#7438=ORIENTED_EDGE('',*,*,#7415,.F.);
#7439=EDGE_LOOP('',(#7434,#7436,#7437,#7438));
#7440=FACE_OUTER_BOUND('',#7439,.F.);
#7441=ADVANCED_FACE('',(#7440),#7433,.T.);
#7442=FILL_AREA_STYLE_COLOUR('',#31);
#7443=FILL_AREA_STYLE('',(#7442));
#7444=SURFACE_STYLE_FILL_AREA(#7443);
#7445=SURFACE_SIDE_STYLE('',(#7444));
#7446=SURFACE_STYLE_USAGE(.POSITIVE.,#7445);
#7447=PRESENTATION_STYLE_ASSIGNMENT((#7446));
#7448=STYLED_ITEM('',(#7447),#7441);
#7449=CARTESIAN_POINT('',(2.990355477429E-1,2.435928556045E0,0.E0));
#7450=DIRECTION('',(-9.813592930674E-1,1.921820436730E-1,0.E0));
#7451=DIRECTION('',(1.921820436730E-1,9.813592930674E-1,0.E0));
#7452=AXIS2_PLACEMENT_3D('',#7449,#7450,#7451);
#7453=PLANE('',#7452);
#7454=ORIENTED_EDGE('',*,*,#5023,.F.);
#7456=ORIENTED_EDGE('',*,*,#7455,.T.);
#7457=ORIENTED_EDGE('',*,*,#6833,.T.);
#7458=ORIENTED_EDGE('',*,*,#7435,.F.);
#7459=EDGE_LOOP('',(#7454,#7456,#7457,#7458));
#7460=FACE_OUTER_BOUND('',#7459,.F.);
#7461=ADVANCED_FACE('',(#7460),#7453,.T.);
#7462=FILL_AREA_STYLE_COLOUR('',#31);
#7463=FILL_AREA_STYLE('',(#7462));
#7464=SURFACE_STYLE_FILL_AREA(#7463);
#7465=SURFACE_SIDE_STYLE('',(#7464));
#7466=SURFACE_STYLE_USAGE(.POSITIVE.,#7465);
#7467=PRESENTATION_STYLE_ASSIGNMENT((#7466));
#7468=STYLED_ITEM('',(#7467),#7461);
#7469=CARTESIAN_POINT('',(3.927355477429E-1,2.435928556045E0,0.E0));
#7470=DIRECTION('',(0.E0,-1.E0,0.E0));
#7471=DIRECTION('',(-1.E0,0.E0,0.E0));
#7472=AXIS2_PLACEMENT_3D('',#7469,#7470,#7471);
#7473=PLANE('',#7472);
#7474=ORIENTED_EDGE('',*,*,#5021,.F.);
#7476=ORIENTED_EDGE('',*,*,#7475,.T.);
#7477=ORIENTED_EDGE('',*,*,#6835,.T.);
#7478=ORIENTED_EDGE('',*,*,#7455,.F.);
#7479=EDGE_LOOP('',(#7474,#7476,#7477,#7478));
#7480=FACE_OUTER_BOUND('',#7479,.F.);
#7481=ADVANCED_FACE('',(#7480),#7473,.T.);
#7482=FILL_AREA_STYLE_COLOUR('',#31);
#7483=FILL_AREA_STYLE('',(#7482));
#7484=SURFACE_STYLE_FILL_AREA(#7483);
#7485=SURFACE_SIDE_STYLE('',(#7484));
#7486=SURFACE_STYLE_USAGE(.POSITIVE.,#7485);
#7487=PRESENTATION_STYLE_ASSIGNMENT((#7486));
#7488=STYLED_ITEM('',(#7487),#7481);
#7489=CARTESIAN_POINT('',(4.083521548367E-1,2.483775403531E0,0.E0));
#7490=DIRECTION('',(9.506456267027E-1,-3.102787334496E-1,0.E0));
#7491=DIRECTION('',(-3.102787334496E-1,-9.506456267027E-1,0.E0));
#7492=AXIS2_PLACEMENT_3D('',#7489,#7490,#7491);
#7493=PLANE('',#7492);
#7494=ORIENTED_EDGE('',*,*,#5019,.F.);
#7496=ORIENTED_EDGE('',*,*,#7495,.T.);
#7497=ORIENTED_EDGE('',*,*,#6837,.T.);
#7498=ORIENTED_EDGE('',*,*,#7475,.F.);
#7499=EDGE_LOOP('',(#7494,#7496,#7497,#7498));
#7500=FACE_OUTER_BOUND('',#7499,.F.);
#7501=ADVANCED_FACE('',(#7500),#7493,.T.);
#7502=FILL_AREA_STYLE_COLOUR('',#31);
#7503=FILL_AREA_STYLE('',(#7502));
#7504=SURFACE_STYLE_FILL_AREA(#7503);
#7505=SURFACE_SIDE_STYLE('',(#7504));
#7506=SURFACE_STYLE_USAGE(.POSITIVE.,#7505);
#7507=PRESENTATION_STYLE_ASSIGNMENT((#7506));
#7508=STYLED_ITEM('',(#7507),#7501);
#7509=CARTESIAN_POINT('',(4.552021548367E-1,2.515673272069E0,0.E0));
#7510=DIRECTION('',(5.627909312417E-1,-8.265992787996E-1,0.E0));
#7511=DIRECTION('',(-8.265992787996E-1,-5.627909312417E-1,0.E0));
#7512=AXIS2_PLACEMENT_3D('',#7509,#7510,#7511);
#7513=PLANE('',#7512);
#7514=ORIENTED_EDGE('',*,*,#5017,.F.);
#7516=ORIENTED_EDGE('',*,*,#7515,.T.);
#7517=ORIENTED_EDGE('',*,*,#6839,.T.);
#7518=ORIENTED_EDGE('',*,*,#7495,.F.);
#7519=EDGE_LOOP('',(#7514,#7516,#7517,#7518));
#7520=FACE_OUTER_BOUND('',#7519,.F.);
#7521=ADVANCED_FACE('',(#7520),#7513,.T.);
#7522=FILL_AREA_STYLE_COLOUR('',#31);
#7523=FILL_AREA_STYLE('',(#7522));
#7524=SURFACE_STYLE_FILL_AREA(#7523);
#7525=SURFACE_SIDE_STYLE('',(#7524));
#7526=SURFACE_STYLE_USAGE(.POSITIVE.,#7525);
#7527=PRESENTATION_STYLE_ASSIGNMENT((#7526));
#7528=STYLED_ITEM('',(#7527),#7521);
#7529=CARTESIAN_POINT('',(5.176688512898E-1,2.531622206338E0,0.E0));
#7530=DIRECTION('',(2.473831068378E-1,-9.689177459678E-1,0.E0));
#7531=DIRECTION('',(-9.689177459678E-1,-2.473831068378E-1,0.E0));
#7532=AXIS2_PLACEMENT_3D('',#7529,#7530,#7531);
#7533=PLANE('',#7532);
#7534=ORIENTED_EDGE('',*,*,#5015,.F.);
#7536=ORIENTED_EDGE('',*,*,#7535,.T.);
#7537=ORIENTED_EDGE('',*,*,#6841,.T.);
#7538=ORIENTED_EDGE('',*,*,#7515,.F.);
#7539=EDGE_LOOP('',(#7534,#7536,#7537,#7538));
#7540=FACE_OUTER_BOUND('',#7539,.F.);
#7541=ADVANCED_FACE('',(#7540),#7533,.T.);
#7542=FILL_AREA_STYLE_COLOUR('',#31);
#7543=FILL_AREA_STYLE('',(#7542));
#7544=SURFACE_STYLE_FILL_AREA(#7543);
#7545=SURFACE_SIDE_STYLE('',(#7544));
#7546=SURFACE_STYLE_USAGE(.POSITIVE.,#7545);
#7547=PRESENTATION_STYLE_ASSIGNMENT((#7546));
#7548=STYLED_ITEM('',(#7547),#7541);
#7549=CARTESIAN_POINT('',(6.582188512898E-1,2.531622206338E0,0.E0));
#7550=DIRECTION('',(0.E0,-1.E0,0.E0));
#7551=DIRECTION('',(-1.E0,0.E0,0.E0));
#7552=AXIS2_PLACEMENT_3D('',#7549,#7550,#7551);
#7553=PLANE('',#7552);
#7554=ORIENTED_EDGE('',*,*,#5013,.F.);
#7556=ORIENTED_EDGE('',*,*,#7555,.T.);
#7557=ORIENTED_EDGE('',*,*,#6843,.T.);
#7558=ORIENTED_EDGE('',*,*,#7535,.F.);
#7559=EDGE_LOOP('',(#7554,#7556,#7557,#7558));
#7560=FACE_OUTER_BOUND('',#7559,.F.);
#7561=ADVANCED_FACE('',(#7560),#7553,.T.);
#7562=FILL_AREA_STYLE_COLOUR('',#31);
#7563=FILL_AREA_STYLE('',(#7562));
#7564=SURFACE_STYLE_FILL_AREA(#7563);
#7565=SURFACE_SIDE_STYLE('',(#7564));
#7566=SURFACE_STYLE_USAGE(.POSITIVE.,#7565);
#7567=PRESENTATION_STYLE_ASSIGNMENT((#7566));
#7568=STYLED_ITEM('',(#7567),#7561);
#7569=CARTESIAN_POINT('',(7.206855477429E-1,2.515673272069E0,0.E0));
#7570=DIRECTION('',(-2.473831068378E-1,-9.689177459678E-1,0.E0));
#7571=DIRECTION('',(-9.689177459678E-1,2.473831068378E-1,0.E0));
#7572=AXIS2_PLACEMENT_3D('',#7569,#7570,#7571);
#7573=PLANE('',#7572);
#7574=ORIENTED_EDGE('',*,*,#5011,.F.);
#7576=ORIENTED_EDGE('',*,*,#7575,.T.);
#7577=ORIENTED_EDGE('',*,*,#6845,.T.);
#7578=ORIENTED_EDGE('',*,*,#7555,.F.);
#7579=EDGE_LOOP('',(#7574,#7576,#7577,#7578));
#7580=FACE_OUTER_BOUND('',#7579,.F.);
#7581=ADVANCED_FACE('',(#7580),#7573,.T.);
#7582=FILL_AREA_STYLE_COLOUR('',#31);
#7583=FILL_AREA_STYLE('',(#7582));
#7584=SURFACE_STYLE_FILL_AREA(#7583);
#7585=SURFACE_SIDE_STYLE('',(#7584));
#7586=SURFACE_STYLE_USAGE(.POSITIVE.,#7585);
#7587=PRESENTATION_STYLE_ASSIGNMENT((#7586));
#7588=STYLED_ITEM('',(#7587),#7581);
#7589=CARTESIAN_POINT('',(7.675355477429E-1,2.483775403531E0,0.E0));
#7590=DIRECTION('',(-5.627909312417E-1,-8.265992787996E-1,0.E0));
#7591=DIRECTION('',(-8.265992787996E-1,5.627909312417E-1,0.E0));
#7592=AXIS2_PLACEMENT_3D('',#7589,#7590,#7591);
#7593=PLANE('',#7592);
#7594=ORIENTED_EDGE('',*,*,#5009,.F.);
#7596=ORIENTED_EDGE('',*,*,#7595,.T.);
#7597=ORIENTED_EDGE('',*,*,#6847,.T.);
#7598=ORIENTED_EDGE('',*,*,#7575,.F.);
#7599=EDGE_LOOP('',(#7594,#7596,#7597,#7598));
#7600=FACE_OUTER_BOUND('',#7599,.F.);
#7601=ADVANCED_FACE('',(#7600),#7593,.T.);
#7602=FILL_AREA_STYLE_COLOUR('',#31);
#7603=FILL_AREA_STYLE('',(#7602));
#7604=SURFACE_STYLE_FILL_AREA(#7603);
#7605=SURFACE_SIDE_STYLE('',(#7604));
#7606=SURFACE_STYLE_USAGE(.POSITIVE.,#7605);
#7607=PRESENTATION_STYLE_ASSIGNMENT((#7606));
#7608=STYLED_ITEM('',(#7607),#7601);
#7609=CARTESIAN_POINT('',(7.987688512898E-1,2.435928556045E0,0.E0));
#7610=DIRECTION('',(-8.373795927994E-1,-5.466218231676E-1,0.E0));
#7611=DIRECTION('',(-5.466218231676E-1,8.373795927994E-1,0.E0));
#7612=AXIS2_PLACEMENT_3D('',#7609,#7610,#7611);
#7613=PLANE('',#7612);
#7614=ORIENTED_EDGE('',*,*,#5007,.F.);
#7616=ORIENTED_EDGE('',*,*,#7615,.T.);
#7617=ORIENTED_EDGE('',*,*,#6849,.T.);
#7618=ORIENTED_EDGE('',*,*,#7595,.F.);
#7619=EDGE_LOOP('',(#7614,#7616,#7617,#7618));
#7620=FACE_OUTER_BOUND('',#7619,.F.);
#7621=ADVANCED_FACE('',(#7620),#7613,.T.);
#7622=FILL_AREA_STYLE_COLOUR('',#31);
#7623=FILL_AREA_STYLE('',(#7622));
#7624=SURFACE_STYLE_FILL_AREA(#7623);
#7625=SURFACE_SIDE_STYLE('',(#7624));
#7626=SURFACE_STYLE_USAGE(.POSITIVE.,#7625);
#7627=PRESENTATION_STYLE_ASSIGNMENT((#7626));
#7628=STYLED_ITEM('',(#7627),#7621);
#7629=CARTESIAN_POINT('',(8.143855477429E-1,2.372132818969E0,0.E0));
#7630=DIRECTION('',(-9.713210491251E-1,-2.377717803411E-1,0.E0));
#7631=DIRECTION('',(-2.377717803411E-1,9.713210491251E-1,0.E0));
#7632=AXIS2_PLACEMENT_3D('',#7629,#7630,#7631);
#7633=PLANE('',#7632);
#7634=ORIENTED_EDGE('',*,*,#5005,.F.);
#7636=ORIENTED_EDGE('',*,*,#7635,.T.);
#7637=ORIENTED_EDGE('',*,*,#6851,.T.);
#7638=ORIENTED_EDGE('',*,*,#7615,.F.);
#7639=EDGE_LOOP('',(#7634,#7636,#7637,#7638));
#7640=FACE_OUTER_BOUND('',#7639,.F.);
#7641=ADVANCED_FACE('',(#7640),#7633,.T.);
#7642=FILL_AREA_STYLE_COLOUR('',#31);
#7643=FILL_AREA_STYLE('',(#7642));
#7644=SURFACE_STYLE_FILL_AREA(#7643);
#7645=SURFACE_SIDE_STYLE('',(#7644));
#7646=SURFACE_STYLE_USAGE(.POSITIVE.,#7645);
#7647=PRESENTATION_STYLE_ASSIGNMENT((#7646));
#7648=STYLED_ITEM('',(#7647),#7641);
#7649=CARTESIAN_POINT('',(8.143855477429E-1,2.132898782595E0,0.E0));
#7650=DIRECTION('',(-1.E0,0.E0,0.E0));
#7651=DIRECTION('',(0.E0,1.E0,0.E0));
#7652=AXIS2_PLACEMENT_3D('',#7649,#7650,#7651);
#7653=PLANE('',#7652);
#7654=ORIENTED_EDGE('',*,*,#5003,.F.);
#7656=ORIENTED_EDGE('',*,*,#7655,.T.);
#7657=ORIENTED_EDGE('',*,*,#6853,.T.);
#7658=ORIENTED_EDGE('',*,*,#7635,.F.);
#7659=EDGE_LOOP('',(#7654,#7656,#7657,#7658));
#7660=FACE_OUTER_BOUND('',#7659,.F.);
#7661=ADVANCED_FACE('',(#7660),#7653,.T.);
#7662=FILL_AREA_STYLE_COLOUR('',#31);
#7663=FILL_AREA_STYLE('',(#7662));
#7664=SURFACE_STYLE_FILL_AREA(#7663);
#7665=SURFACE_SIDE_STYLE('',(#7664));
#7666=SURFACE_STYLE_USAGE(.POSITIVE.,#7665);
#7667=PRESENTATION_STYLE_ASSIGNMENT((#7666));
#7668=STYLED_ITEM('',(#7667),#7661);
#7669=CARTESIAN_POINT('',(7.987688512898E-1,2.069103045519E0,0.E0));
#7670=DIRECTION('',(-9.713210491251E-1,2.377717803411E-1,0.E0));
#7671=DIRECTION('',(2.377717803411E-1,9.713210491251E-1,0.E0));
#7672=AXIS2_PLACEMENT_3D('',#7669,#7670,#7671);
#7673=PLANE('',#7672);
#7674=ORIENTED_EDGE('',*,*,#5001,.F.);
#7676=ORIENTED_EDGE('',*,*,#7675,.T.);
#7677=ORIENTED_EDGE('',*,*,#6855,.T.);
#7678=ORIENTED_EDGE('',*,*,#7655,.F.);
#7679=EDGE_LOOP('',(#7674,#7676,#7677,#7678));
#7680=FACE_OUTER_BOUND('',#7679,.F.);
#7681=ADVANCED_FACE('',(#7680),#7673,.T.);
#7682=FILL_AREA_STYLE_COLOUR('',#31);
#7683=FILL_AREA_STYLE('',(#7682));
#7684=SURFACE_STYLE_FILL_AREA(#7683);
#7685=SURFACE_SIDE_STYLE('',(#7684));
#7686=SURFACE_STYLE_USAGE(.POSITIVE.,#7685);
#7687=PRESENTATION_STYLE_ASSIGNMENT((#7686));
#7688=STYLED_ITEM('',(#7687),#7681);
#7689=CARTESIAN_POINT('',(7.675355477429E-1,2.021256242712E0,0.E0));
#7690=DIRECTION('',(-8.373793591563E-1,5.466221810895E-1,0.E0));
#7691=DIRECTION('',(5.466221810895E-1,8.373793591563E-1,0.E0));
#7692=AXIS2_PLACEMENT_3D('',#7689,#7690,#7691);
#7693=PLANE('',#7692);
#7694=ORIENTED_EDGE('',*,*,#4999,.F.);
#7696=ORIENTED_EDGE('',*,*,#7695,.T.);
#7697=ORIENTED_EDGE('',*,*,#6857,.T.);
#7698=ORIENTED_EDGE('',*,*,#7675,.F.);
#7699=EDGE_LOOP('',(#7694,#7696,#7697,#7698));
#7700=FACE_OUTER_BOUND('',#7699,.F.);
#7701=ADVANCED_FACE('',(#7700),#7693,.T.);
#7702=FILL_AREA_STYLE_COLOUR('',#31);
#7703=FILL_AREA_STYLE('',(#7702));
#7704=SURFACE_STYLE_FILL_AREA(#7703);
#7705=SURFACE_SIDE_STYLE('',(#7704));
#7706=SURFACE_STYLE_USAGE(.POSITIVE.,#7705);
#7707=PRESENTATION_STYLE_ASSIGNMENT((#7706));
#7708=STYLED_ITEM('',(#7707),#7701);
#7709=CARTESIAN_POINT('',(7.206855477429E-1,1.989358363004E0,0.E0));
#7710=DIRECTION('',(-5.627910658975E-1,8.265991871191E-1,0.E0));
#7711=DIRECTION('',(8.265991871191E-1,5.627910658975E-1,0.E0));
#7712=AXIS2_PLACEMENT_3D('',#7709,#7710,#7711);
#7713=PLANE('',#7712);
#7714=ORIENTED_EDGE('',*,*,#4997,.F.);
#7716=ORIENTED_EDGE('',*,*,#7715,.T.);
#7717=ORIENTED_EDGE('',*,*,#6859,.T.);
#7718=ORIENTED_EDGE('',*,*,#7695,.F.);
#7719=EDGE_LOOP('',(#7714,#7716,#7717,#7718));
#7720=FACE_OUTER_BOUND('',#7719,.F.);
#7721=ADVANCED_FACE('',(#7720),#7713,.T.);
#7722=FILL_AREA_STYLE_COLOUR('',#31);
#7723=FILL_AREA_STYLE('',(#7722));
#7724=SURFACE_STYLE_FILL_AREA(#7723);
#7725=SURFACE_SIDE_STYLE('',(#7724));
#7726=SURFACE_STYLE_USAGE(.POSITIVE.,#7725);
#7727=PRESENTATION_STYLE_ASSIGNMENT((#7726));
#7728=STYLED_ITEM('',(#7727),#7721);
#7729=CARTESIAN_POINT('',(6.582188512898E-1,1.973409428735E0,0.E0));
#7730=DIRECTION('',(-2.473831068378E-1,9.689177459678E-1,0.E0));
#7731=DIRECTION('',(9.689177459678E-1,2.473831068378E-1,0.E0));
#7732=AXIS2_PLACEMENT_3D('',#7729,#7730,#7731);
#7733=PLANE('',#7732);
#7734=ORIENTED_EDGE('',*,*,#4995,.F.);
#7736=ORIENTED_EDGE('',*,*,#7735,.T.);
#7737=ORIENTED_EDGE('',*,*,#6861,.T.);
#7738=ORIENTED_EDGE('',*,*,#7715,.F.);
#7739=EDGE_LOOP('',(#7734,#7736,#7737,#7738));
#7740=FACE_OUTER_BOUND('',#7739,.F.);
#7741=ADVANCED_FACE('',(#7740),#7733,.T.);
#7742=FILL_AREA_STYLE_COLOUR('',#31);
#7743=FILL_AREA_STYLE('',(#7742));
#7744=SURFACE_STYLE_FILL_AREA(#7743);
#7745=SURFACE_SIDE_STYLE('',(#7744));
#7746=SURFACE_STYLE_USAGE(.POSITIVE.,#7745);
#7747=PRESENTATION_STYLE_ASSIGNMENT((#7746));
#7748=STYLED_ITEM('',(#7747),#7741);
#7749=CARTESIAN_POINT('',(5.176688512898E-1,1.973409428735E0,0.E0));
#7750=DIRECTION('',(0.E0,1.E0,0.E0));
#7751=DIRECTION('',(1.E0,0.E0,0.E0));
#7752=AXIS2_PLACEMENT_3D('',#7749,#7750,#7751);
#7753=PLANE('',#7752);
#7754=ORIENTED_EDGE('',*,*,#4993,.F.);
#7756=ORIENTED_EDGE('',*,*,#7755,.T.);
#7757=ORIENTED_EDGE('',*,*,#6863,.T.);
#7758=ORIENTED_EDGE('',*,*,#7735,.F.);
#7759=EDGE_LOOP('',(#7754,#7756,#7757,#7758));
#7760=FACE_OUTER_BOUND('',#7759,.F.);
#7761=ADVANCED_FACE('',(#7760),#7753,.T.);
#7762=FILL_AREA_STYLE_COLOUR('',#31);
#7763=FILL_AREA_STYLE('',(#7762));
#7764=SURFACE_STYLE_FILL_AREA(#7763);
#7765=SURFACE_SIDE_STYLE('',(#7764));
#7766=SURFACE_STYLE_USAGE(.POSITIVE.,#7765);
#7767=PRESENTATION_STYLE_ASSIGNMENT((#7766));
#7768=STYLED_ITEM('',(#7767),#7761);
#7769=CARTESIAN_POINT('',(4.552021548367E-1,1.989358363004E0,0.E0));
#7770=DIRECTION('',(2.473831068378E-1,9.689177459678E-1,0.E0));
#7771=DIRECTION('',(9.689177459678E-1,-2.473831068378E-1,0.E0));
#7772=AXIS2_PLACEMENT_3D('',#7769,#7770,#7771);
#7773=PLANE('',#7772);
#7774=ORIENTED_EDGE('',*,*,#4991,.F.);
#7776=ORIENTED_EDGE('',*,*,#7775,.T.);
#7777=ORIENTED_EDGE('',*,*,#6865,.T.);
#7778=ORIENTED_EDGE('',*,*,#7755,.F.);
#7779=EDGE_LOOP('',(#7774,#7776,#7777,#7778));
#7780=FACE_OUTER_BOUND('',#7779,.F.);
#7781=ADVANCED_FACE('',(#7780),#7773,.T.);
#7782=FILL_AREA_STYLE_COLOUR('',#31);
#7783=FILL_AREA_STYLE('',(#7782));
#7784=SURFACE_STYLE_FILL_AREA(#7783);
#7785=SURFACE_SIDE_STYLE('',(#7784));
#7786=SURFACE_STYLE_USAGE(.POSITIVE.,#7785);
#7787=PRESENTATION_STYLE_ASSIGNMENT((#7786));
#7788=STYLED_ITEM('',(#7787),#7781);
#7789=CARTESIAN_POINT('',(4.083521548367E-1,2.021256242712E0,0.E0));
#7790=DIRECTION('',(5.627910658975E-1,8.265991871191E-1,0.E0));
#7791=DIRECTION('',(8.265991871191E-1,-5.627910658975E-1,0.E0));
#7792=AXIS2_PLACEMENT_3D('',#7789,#7790,#7791);
#7793=PLANE('',#7792);
#7794=ORIENTED_EDGE('',*,*,#4989,.F.);
#7796=ORIENTED_EDGE('',*,*,#7795,.T.);
#7797=ORIENTED_EDGE('',*,*,#6867,.T.);
#7798=ORIENTED_EDGE('',*,*,#7775,.F.);
#7799=EDGE_LOOP('',(#7794,#7796,#7797,#7798));
#7800=FACE_OUTER_BOUND('',#7799,.F.);
#7801=ADVANCED_FACE('',(#7800),#7793,.T.);
#7802=FILL_AREA_STYLE_COLOUR('',#31);
#7803=FILL_AREA_STYLE('',(#7802));
#7804=SURFACE_STYLE_FILL_AREA(#7803);
#7805=SURFACE_SIDE_STYLE('',(#7804));
#7806=SURFACE_STYLE_USAGE(.POSITIVE.,#7805);
#7807=PRESENTATION_STYLE_ASSIGNMENT((#7806));
#7808=STYLED_ITEM('',(#7807),#7801);
#7809=CARTESIAN_POINT('',(3.927355477429E-1,2.069103045519E0,0.E0));
#7810=DIRECTION('',(9.506455412394E-1,3.102789952956E-1,0.E0));
#7811=DIRECTION('',(3.102789952956E-1,-9.506455412394E-1,0.E0));
#7812=AXIS2_PLACEMENT_3D('',#7809,#7810,#7811);
#7813=PLANE('',#7812);
#7814=ORIENTED_EDGE('',*,*,#4987,.F.);
#7815=ORIENTED_EDGE('',*,*,#7037,.T.);
#7816=ORIENTED_EDGE('',*,*,#6869,.T.);
#7817=ORIENTED_EDGE('',*,*,#7795,.F.);
#7818=EDGE_LOOP('',(#7814,#7815,#7816,#7817));
#7819=FACE_OUTER_BOUND('',#7818,.F.);
#7820=ADVANCED_FACE('',(#7819),#7813,.T.);
#7821=FILL_AREA_STYLE_COLOUR('',#31);
#7822=FILL_AREA_STYLE('',(#7821));
#7823=SURFACE_STYLE_FILL_AREA(#7822);
#7824=SURFACE_SIDE_STYLE('',(#7823));
#7825=SURFACE_STYLE_USAGE(.POSITIVE.,#7824);
#7826=PRESENTATION_STYLE_ASSIGNMENT((#7825));
#7827=STYLED_ITEM('',(#7826),#7820);
#7828=CARTESIAN_POINT('',(-3.880977558040E-1,1.973409428735E0,0.E0));
#7829=DIRECTION('',(0.E0,1.E0,0.E0));
#7830=DIRECTION('',(1.E0,0.E0,0.E0));
#7831=AXIS2_PLACEMENT_3D('',#7828,#7829,#7830);
#7832=PLANE('',#7831);
#7833=ORIENTED_EDGE('',*,*,#5067,.F.);
#7835=ORIENTED_EDGE('',*,*,#7834,.T.);
#7836=ORIENTED_EDGE('',*,*,#6886,.T.);
#7838=ORIENTED_EDGE('',*,*,#7837,.F.);
#7839=EDGE_LOOP('',(#7833,#7835,#7836,#7838));
#7840=FACE_OUTER_BOUND('',#7839,.F.);
#7841=ADVANCED_FACE('',(#7840),#7832,.T.);
#7842=FILL_AREA_STYLE_COLOUR('',#31);
#7843=FILL_AREA_STYLE('',(#7842));
#7844=SURFACE_STYLE_FILL_AREA(#7843);
#7845=SURFACE_SIDE_STYLE('',(#7844));
#7846=SURFACE_STYLE_USAGE(.POSITIVE.,#7845);
#7847=PRESENTATION_STYLE_ASSIGNMENT((#7846));
#7848=STYLED_ITEM('',(#7847),#7841);
#7849=CARTESIAN_POINT('',(-3.880977558040E-1,1.877715811952E0,0.E0));
#7850=DIRECTION('',(-1.E0,0.E0,0.E0));
#7851=DIRECTION('',(0.E0,1.E0,0.E0));
#7852=AXIS2_PLACEMENT_3D('',#7849,#7850,#7851);
#7853=PLANE('',#7852);
#7854=ORIENTED_EDGE('',*,*,#5089,.F.);
#7856=ORIENTED_EDGE('',*,*,#7855,.T.);
#7857=ORIENTED_EDGE('',*,*,#6888,.T.);
#7858=ORIENTED_EDGE('',*,*,#7834,.F.);
#7859=EDGE_LOOP('',(#7854,#7856,#7857,#7858));
#7860=FACE_OUTER_BOUND('',#7859,.F.);
#7861=ADVANCED_FACE('',(#7860),#7853,.T.);
#7862=FILL_AREA_STYLE_COLOUR('',#31);
#7863=FILL_AREA_STYLE('',(#7862));
#7864=SURFACE_STYLE_FILL_AREA(#7863);
#7865=SURFACE_SIDE_STYLE('',(#7864));
#7866=SURFACE_STYLE_USAGE(.POSITIVE.,#7865);
#7867=PRESENTATION_STYLE_ASSIGNMENT((#7866));
#7868=STYLED_ITEM('',(#7867),#7861);
#7869=CARTESIAN_POINT('',(1.741021548367E-1,1.877715811952E0,0.E0));
#7870=DIRECTION('',(0.E0,-1.E0,0.E0));
#7871=DIRECTION('',(-1.E0,0.E0,0.E0));
#7872=AXIS2_PLACEMENT_3D('',#7869,#7870,#7871);
#7873=PLANE('',#7872);
#7874=ORIENTED_EDGE('',*,*,#5087,.F.);
#7876=ORIENTED_EDGE('',*,*,#7875,.T.);
#7877=ORIENTED_EDGE('',*,*,#6890,.T.);
#7878=ORIENTED_EDGE('',*,*,#7855,.F.);
#7879=EDGE_LOOP('',(#7874,#7876,#7877,#7878));
#7880=FACE_OUTER_BOUND('',#7879,.F.);
#7881=ADVANCED_FACE('',(#7880),#7873,.T.);
#7882=FILL_AREA_STYLE_COLOUR('',#31);
#7883=FILL_AREA_STYLE('',(#7882));
#7884=SURFACE_STYLE_FILL_AREA(#7883);
#7885=SURFACE_SIDE_STYLE('',(#7884));
#7886=SURFACE_STYLE_USAGE(.POSITIVE.,#7885);
#7887=PRESENTATION_STYLE_ASSIGNMENT((#7886));
#7888=STYLED_ITEM('',(#7887),#7881);
#7889=CARTESIAN_POINT('',(1.741021548367E-1,2.627315811952E0,0.E0));
#7890=DIRECTION('',(1.E0,0.E0,0.E0));
#7891=DIRECTION('',(0.E0,-1.E0,0.E0));
#7892=AXIS2_PLACEMENT_3D('',#7889,#7890,#7891);
#7893=PLANE('',#7892);
#7894=ORIENTED_EDGE('',*,*,#5085,.F.);
#7896=ORIENTED_EDGE('',*,*,#7895,.T.);
#7897=ORIENTED_EDGE('',*,*,#6892,.T.);
#7898=ORIENTED_EDGE('',*,*,#7875,.F.);
#7899=EDGE_LOOP('',(#7894,#7896,#7897,#7898));
#7900=FACE_OUTER_BOUND('',#7899,.F.);
#7901=ADVANCED_FACE('',(#7900),#7893,.T.);
#7902=FILL_AREA_STYLE_COLOUR('',#31);
#7903=FILL_AREA_STYLE('',(#7902));
#7904=SURFACE_STYLE_FILL_AREA(#7903);
#7905=SURFACE_SIDE_STYLE('',(#7904));
#7906=SURFACE_STYLE_USAGE(.POSITIVE.,#7905);
#7907=PRESENTATION_STYLE_ASSIGNMENT((#7906));
#7908=STYLED_ITEM('',(#7907),#7901);
#7909=CARTESIAN_POINT('',(-3.880977558040E-1,2.627315811952E0,0.E0));
#7910=DIRECTION('',(0.E0,1.E0,0.E0));
#7911=DIRECTION('',(1.E0,0.E0,0.E0));
#7912=AXIS2_PLACEMENT_3D('',#7909,#7910,#7911);
#7913=PLANE('',#7912);
#7914=ORIENTED_EDGE('',*,*,#5083,.F.);
#7916=ORIENTED_EDGE('',*,*,#7915,.T.);
#7917=ORIENTED_EDGE('',*,*,#6894,.T.);
#7918=ORIENTED_EDGE('',*,*,#7895,.F.);
#7919=EDGE_LOOP('',(#7914,#7916,#7917,#7918));
#7920=FACE_OUTER_BOUND('',#7919,.F.);
#7921=ADVANCED_FACE('',(#7920),#7913,.T.);
#7922=FILL_AREA_STYLE_COLOUR('',#31);
#7923=FILL_AREA_STYLE('',(#7922));
#7924=SURFACE_STYLE_FILL_AREA(#7923);
#7925=SURFACE_SIDE_STYLE('',(#7924));
#7926=SURFACE_STYLE_USAGE(.POSITIVE.,#7925);
#7927=PRESENTATION_STYLE_ASSIGNMENT((#7926));
#7928=STYLED_ITEM('',(#7927),#7921);
#7929=CARTESIAN_POINT('',(-3.880977558040E-1,2.531622206338E0,0.E0));
#7930=DIRECTION('',(-1.E0,0.E0,0.E0));
#7931=DIRECTION('',(0.E0,1.E0,0.E0));
#7932=AXIS2_PLACEMENT_3D('',#7929,#7930,#7931);
#7933=PLANE('',#7932);
#7934=ORIENTED_EDGE('',*,*,#5081,.F.);
#7936=ORIENTED_EDGE('',*,*,#7935,.T.);
#7937=ORIENTED_EDGE('',*,*,#6896,.T.);
#7938=ORIENTED_EDGE('',*,*,#7915,.F.);
#7939=EDGE_LOOP('',(#7934,#7936,#7937,#7938));
#7940=FACE_OUTER_BOUND('',#7939,.F.);
#7941=ADVANCED_FACE('',(#7940),#7933,.T.);
#7942=FILL_AREA_STYLE_COLOUR('',#31);
#7943=FILL_AREA_STYLE('',(#7942));
#7944=SURFACE_STYLE_FILL_AREA(#7943);
#7945=SURFACE_SIDE_STYLE('',(#7944));
#7946=SURFACE_STYLE_USAGE(.POSITIVE.,#7945);
#7947=PRESENTATION_STYLE_ASSIGNMENT((#7946));
#7948=STYLED_ITEM('',(#7947),#7941);
#7949=CARTESIAN_POINT('',(8.040224419596E-2,2.531622206338E0,0.E0));
#7950=DIRECTION('',(0.E0,-1.E0,0.E0));
#7951=DIRECTION('',(-1.E0,0.E0,0.E0));
#7952=AXIS2_PLACEMENT_3D('',#7949,#7950,#7951);
#7953=PLANE('',#7952);
#7954=ORIENTED_EDGE('',*,*,#5079,.F.);
#7956=ORIENTED_EDGE('',*,*,#7955,.T.);
#7957=ORIENTED_EDGE('',*,*,#6898,.T.);
#7958=ORIENTED_EDGE('',*,*,#7935,.F.);
#7959=EDGE_LOOP('',(#7954,#7956,#7957,#7958));
#7960=FACE_OUTER_BOUND('',#7959,.F.);
#7961=ADVANCED_FACE('',(#7960),#7953,.T.);
#7962=FILL_AREA_STYLE_COLOUR('',#31);
#7963=FILL_AREA_STYLE('',(#7962));
#7964=SURFACE_STYLE_FILL_AREA(#7963);
#7965=SURFACE_SIDE_STYLE('',(#7964));
#7966=SURFACE_STYLE_USAGE(.POSITIVE.,#7965);
#7967=PRESENTATION_STYLE_ASSIGNMENT((#7966));
#7968=STYLED_ITEM('',(#7967),#7961);
#7969=CARTESIAN_POINT('',(8.040224419596E-2,2.324286016162E0,0.E0));
#7970=DIRECTION('',(-1.E0,0.E0,0.E0));
#7971=DIRECTION('',(0.E0,1.E0,0.E0));
#7972=AXIS2_PLACEMENT_3D('',#7969,#7970,#7971);
#7973=PLANE('',#7972);
#7974=ORIENTED_EDGE('',*,*,#5077,.F.);
#7976=ORIENTED_EDGE('',*,*,#7975,.T.);
#7977=ORIENTED_EDGE('',*,*,#6900,.T.);
#7978=ORIENTED_EDGE('',*,*,#7955,.F.);
#7979=EDGE_LOOP('',(#7974,#7976,#7977,#7978));
#7980=FACE_OUTER_BOUND('',#7979,.F.);
#7981=ADVANCED_FACE('',(#7980),#7973,.T.);
#7982=FILL_AREA_STYLE_COLOUR('',#31);
#7983=FILL_AREA_STYLE('',(#7982));
#7984=SURFACE_STYLE_FILL_AREA(#7983);
#7985=SURFACE_SIDE_STYLE('',(#7984));
#7986=SURFACE_STYLE_USAGE(.POSITIVE.,#7985);
#7987=PRESENTATION_STYLE_ASSIGNMENT((#7986));
#7988=STYLED_ITEM('',(#7987),#7981);
#7989=CARTESIAN_POINT('',(-3.256311487102E-1,2.324286016162E0,0.E0));
#7990=DIRECTION('',(0.E0,1.E0,0.E0));
#7991=DIRECTION('',(1.E0,0.E0,0.E0));
#7992=AXIS2_PLACEMENT_3D('',#7989,#7990,#7991);
#7993=PLANE('',#7992);
#7994=ORIENTED_EDGE('',*,*,#5075,.F.);
#7996=ORIENTED_EDGE('',*,*,#7995,.T.);
#7997=ORIENTED_EDGE('',*,*,#6902,.T.);
#7998=ORIENTED_EDGE('',*,*,#7975,.F.);
#7999=EDGE_LOOP('',(#7994,#7996,#7997,#7998));
#8000=FACE_OUTER_BOUND('',#7999,.F.);
#8001=ADVANCED_FACE('',(#8000),#7993,.T.);
#8002=FILL_AREA_STYLE_COLOUR('',#31);
#8003=FILL_AREA_STYLE('',(#8002));
#8004=SURFACE_STYLE_FILL_AREA(#8003);
#8005=SURFACE_SIDE_STYLE('',(#8004));
#8006=SURFACE_STYLE_USAGE(.POSITIVE.,#8005);
#8007=PRESENTATION_STYLE_ASSIGNMENT((#8006));
#8008=STYLED_ITEM('',(#8007),#8001);
#8009=CARTESIAN_POINT('',(-3.256311487102E-1,2.228592410548E0,0.E0));
#8010=DIRECTION('',(-1.E0,0.E0,0.E0));
#8011=DIRECTION('',(0.E0,1.E0,0.E0));
#8012=AXIS2_PLACEMENT_3D('',#8009,#8010,#8011);
#8013=PLANE('',#8012);
#8014=ORIENTED_EDGE('',*,*,#5073,.F.);
#8016=ORIENTED_EDGE('',*,*,#8015,.T.);
#8017=ORIENTED_EDGE('',*,*,#6904,.T.);
#8018=ORIENTED_EDGE('',*,*,#7995,.F.);
#8019=EDGE_LOOP('',(#8014,#8016,#8017,#8018));
#8020=FACE_OUTER_BOUND('',#8019,.F.);
#8021=ADVANCED_FACE('',(#8020),#8013,.T.);
#8022=FILL_AREA_STYLE_COLOUR('',#31);
#8023=FILL_AREA_STYLE('',(#8022));
#8024=SURFACE_STYLE_FILL_AREA(#8023);
#8025=SURFACE_SIDE_STYLE('',(#8024));
#8026=SURFACE_STYLE_USAGE(.POSITIVE.,#8025);
#8027=PRESENTATION_STYLE_ASSIGNMENT((#8026));
#8028=STYLED_ITEM('',(#8027),#8021);
#8029=CARTESIAN_POINT('',(8.040224419596E-2,2.228592410548E0,0.E0));
#8030=DIRECTION('',(0.E0,-1.E0,0.E0));
#8031=DIRECTION('',(-1.E0,0.E0,0.E0));
#8032=AXIS2_PLACEMENT_3D('',#8029,#8030,#8031);
#8033=PLANE('',#8032);
#8034=ORIENTED_EDGE('',*,*,#5071,.F.);
#8036=ORIENTED_EDGE('',*,*,#8035,.T.);
#8037=ORIENTED_EDGE('',*,*,#6906,.T.);
#8038=ORIENTED_EDGE('',*,*,#8015,.F.);
#8039=EDGE_LOOP('',(#8034,#8036,#8037,#8038));
#8040=FACE_OUTER_BOUND('',#8039,.F.);
#8041=ADVANCED_FACE('',(#8040),#8033,.T.);
#8042=FILL_AREA_STYLE_COLOUR('',#31);
#8043=FILL_AREA_STYLE('',(#8042));
#8044=SURFACE_STYLE_FILL_AREA(#8043);
#8045=SURFACE_SIDE_STYLE('',(#8044));
#8046=SURFACE_STYLE_USAGE(.POSITIVE.,#8045);
#8047=PRESENTATION_STYLE_ASSIGNMENT((#8046));
#8048=STYLED_ITEM('',(#8047),#8041);
#8049=CARTESIAN_POINT('',(8.040224419596E-2,1.973409428735E0,0.E0));
#8050=DIRECTION('',(-1.E0,0.E0,0.E0));
#8051=DIRECTION('',(0.E0,1.E0,0.E0));
#8052=AXIS2_PLACEMENT_3D('',#8049,#8050,#8051);
#8053=PLANE('',#8052);
#8054=ORIENTED_EDGE('',*,*,#5069,.F.);
#8055=ORIENTED_EDGE('',*,*,#7837,.T.);
#8056=ORIENTED_EDGE('',*,*,#6908,.T.);
#8057=ORIENTED_EDGE('',*,*,#8035,.F.);
#8058=EDGE_LOOP('',(#8054,#8055,#8056,#8057));
#8059=FACE_OUTER_BOUND('',#8058,.F.);
#8060=ADVANCED_FACE('',(#8059),#8053,.T.);
#8061=FILL_AREA_STYLE_COLOUR('',#31);
#8062=FILL_AREA_STYLE('',(#8061));
#8063=SURFACE_STYLE_FILL_AREA(#8062);
#8064=SURFACE_SIDE_STYLE('',(#8063));
#8065=SURFACE_STYLE_USAGE(.POSITIVE.,#8064);
#8066=PRESENTATION_STYLE_ASSIGNMENT((#8065));
#8067=STYLED_ITEM('',(#8066),#8060);
#8068=CARTESIAN_POINT('',(-8.878311487102E-1,2.627315811952E0,0.E0));
#8069=DIRECTION('',(0.E0,1.E0,0.E0));
#8070=DIRECTION('',(1.E0,0.E0,0.E0));
#8071=AXIS2_PLACEMENT_3D('',#8068,#8069,#8070);
#8072=PLANE('',#8071);
#8073=ORIENTED_EDGE('',*,*,#5093,.F.);
#8075=ORIENTED_EDGE('',*,*,#8074,.T.);
#8076=ORIENTED_EDGE('',*,*,#6925,.T.);
#8078=ORIENTED_EDGE('',*,*,#8077,.F.);
#8079=EDGE_LOOP('',(#8073,#8075,#8076,#8078));
#8080=FACE_OUTER_BOUND('',#8079,.F.);
#8081=ADVANCED_FACE('',(#8080),#8072,.T.);
#8082=FILL_AREA_STYLE_COLOUR('',#31);
#8083=FILL_AREA_STYLE('',(#8082));
#8084=SURFACE_STYLE_FILL_AREA(#8083);
#8085=SURFACE_SIDE_STYLE('',(#8084));
#8086=SURFACE_STYLE_USAGE(.POSITIVE.,#8085);
#8087=PRESENTATION_STYLE_ASSIGNMENT((#8086));
#8088=STYLED_ITEM('',(#8087),#8081);
#8089=CARTESIAN_POINT('',(-9.659145416164E-1,2.611366877683E0,0.E0));
#8090=DIRECTION('',(-2.001232084928E-1,9.797707392153E-1,0.E0));
#8091=DIRECTION('',(9.797707392153E-1,2.001232084928E-1,0.E0));
#8092=AXIS2_PLACEMENT_3D('',#8089,#8090,#8091);
#8093=PLANE('',#8092);
#8094=ORIENTED_EDGE('',*,*,#5119,.F.);
#8096=ORIENTED_EDGE('',*,*,#8095,.T.);
#8097=ORIENTED_EDGE('',*,*,#6927,.T.);
#8098=ORIENTED_EDGE('',*,*,#8074,.F.);
#8099=EDGE_LOOP('',(#8094,#8096,#8097,#8098));
#8100=FACE_OUTER_BOUND('',#8099,.F.);
#8101=ADVANCED_FACE('',(#8100),#8093,.T.);
#8102=FILL_AREA_STYLE_COLOUR('',#31);
#8103=FILL_AREA_STYLE('',(#8102));
#8104=SURFACE_STYLE_FILL_AREA(#8103);
#8105=SURFACE_SIDE_STYLE('',(#8104));
#8106=SURFACE_STYLE_USAGE(.POSITIVE.,#8105);
#8107=PRESENTATION_STYLE_ASSIGNMENT((#8106));
#8108=STYLED_ITEM('',(#8107),#8101);
#8109=CARTESIAN_POINT('',(-1.028381148710E0,2.579469009145E0,0.E0));
#8110=DIRECTION('',(-4.547774575564E-1,8.906051112017E-1,0.E0));
#8111=DIRECTION('',(8.906051112017E-1,4.547774575564E-1,0.E0));
#8112=AXIS2_PLACEMENT_3D('',#8109,#8110,#8111);
#8113=PLANE('',#8112);
#8114=ORIENTED_EDGE('',*,*,#5117,.F.);
#8116=ORIENTED_EDGE('',*,*,#8115,.T.);
#8117=ORIENTED_EDGE('',*,*,#6929,.T.);
#8118=ORIENTED_EDGE('',*,*,#8095,.F.);
#8119=EDGE_LOOP('',(#8114,#8116,#8117,#8118));
#8120=FACE_OUTER_BOUND('',#8119,.F.);
#8121=ADVANCED_FACE('',(#8120),#8113,.T.);
#8122=FILL_AREA_STYLE_COLOUR('',#31);
#8123=FILL_AREA_STYLE('',(#8122));
#8124=SURFACE_STYLE_FILL_AREA(#8123);
#8125=SURFACE_SIDE_STYLE('',(#8124));
#8126=SURFACE_STYLE_USAGE(.POSITIVE.,#8125);
#8127=PRESENTATION_STYLE_ASSIGNMENT((#8126));
#8128=STYLED_ITEM('',(#8127),#8121);
#8129=CARTESIAN_POINT('',(-1.090847755804E0,2.515673272069E0,0.E0));
#8130=DIRECTION('',(-7.145107183351E-1,6.996244945571E-1,0.E0));
#8131=DIRECTION('',(6.996244945571E-1,7.145107183351E-1,0.E0));
#8132=AXIS2_PLACEMENT_3D('',#8129,#8130,#8131);
#8133=PLANE('',#8132);
#8134=ORIENTED_EDGE('',*,*,#5115,.F.);
#8136=ORIENTED_EDGE('',*,*,#8135,.T.);
#8137=ORIENTED_EDGE('',*,*,#6931,.T.);
#8138=ORIENTED_EDGE('',*,*,#8115,.F.);
#8139=EDGE_LOOP('',(#8134,#8136,#8137,#8138));
#8140=FACE_OUTER_BOUND('',#8139,.F.);
#8141=ADVANCED_FACE('',(#8140),#8133,.T.);
#8142=FILL_AREA_STYLE_COLOUR('',#31);
#8143=FILL_AREA_STYLE('',(#8142));
#8144=SURFACE_STYLE_FILL_AREA(#8143);
#8145=SURFACE_SIDE_STYLE('',(#8144));
#8146=SURFACE_STYLE_USAGE(.POSITIVE.,#8145);
#8147=PRESENTATION_STYLE_ASSIGNMENT((#8146));
#8148=STYLED_ITEM('',(#8147),#8141);
#8149=CARTESIAN_POINT('',(-1.122081148710E0,2.451877534993E0,0.E0));
#8150=DIRECTION('',(-8.981377659536E-1,4.397141723527E-1,0.E0));
#8151=DIRECTION('',(4.397141723527E-1,8.981377659536E-1,0.E0));
#8152=AXIS2_PLACEMENT_3D('',#8149,#8150,#8151);
#8153=PLANE('',#8152);
#8154=ORIENTED_EDGE('',*,*,#5113,.F.);
#8156=ORIENTED_EDGE('',*,*,#8155,.T.);
#8157=ORIENTED_EDGE('',*,*,#6933,.T.);
#8158=ORIENTED_EDGE('',*,*,#8135,.F.);
#8159=EDGE_LOOP('',(#8154,#8156,#8157,#8158));
#8160=FACE_OUTER_BOUND('',#8159,.F.);
#8161=ADVANCED_FACE('',(#8160),#8153,.T.);
#8162=FILL_AREA_STYLE_COLOUR('',#31);
#8163=FILL_AREA_STYLE('',(#8162));
#8164=SURFACE_STYLE_FILL_AREA(#8163);
#8165=SURFACE_SIDE_STYLE('',(#8164));
#8166=SURFACE_STYLE_USAGE(.POSITIVE.,#8165);
#8167=PRESENTATION_STYLE_ASSIGNMENT((#8166));
#8168=STYLED_ITEM('',(#8167),#8161);
#8169=CARTESIAN_POINT('',(-1.137697755804E0,2.372132818969E0,0.E0));
#8170=DIRECTION('',(-9.813592930674E-1,1.921820436730E-1,0.E0));
#8171=DIRECTION('',(1.921820436730E-1,9.813592930674E-1,0.E0));
#8172=AXIS2_PLACEMENT_3D('',#8169,#8170,#8171);
#8173=PLANE('',#8172);
#8174=ORIENTED_EDGE('',*,*,#5111,.F.);
#8176=ORIENTED_EDGE('',*,*,#8175,.T.);
#8177=ORIENTED_EDGE('',*,*,#6935,.T.);
#8178=ORIENTED_EDGE('',*,*,#8155,.F.);
#8179=EDGE_LOOP('',(#8174,#8176,#8177,#8178));
#8180=FACE_OUTER_BOUND('',#8179,.F.);
#8181=ADVANCED_FACE('',(#8180),#8173,.T.);
#8182=FILL_AREA_STYLE_COLOUR('',#31);
#8183=FILL_AREA_STYLE('',(#8182));
#8184=SURFACE_STYLE_FILL_AREA(#8183);
#8185=SURFACE_SIDE_STYLE('',(#8184));
#8186=SURFACE_STYLE_USAGE(.POSITIVE.,#8185);
#8187=PRESENTATION_STYLE_ASSIGNMENT((#8186));
#8188=STYLED_ITEM('',(#8187),#8181);
#8189=CARTESIAN_POINT('',(-1.137697755804E0,2.132898782595E0,0.E0));
#8190=DIRECTION('',(-1.E0,0.E0,0.E0));
#8191=DIRECTION('',(0.E0,1.E0,0.E0));
#8192=AXIS2_PLACEMENT_3D('',#8189,#8190,#8191);
#8193=PLANE('',#8192);
#8194=ORIENTED_EDGE('',*,*,#5109,.F.);
#8196=ORIENTED_EDGE('',*,*,#8195,.T.);
#8197=ORIENTED_EDGE('',*,*,#6937,.T.);
#8198=ORIENTED_EDGE('',*,*,#8175,.F.);
#8199=EDGE_LOOP('',(#8194,#8196,#8197,#8198));
#8200=FACE_OUTER_BOUND('',#8199,.F.);
#8201=ADVANCED_FACE('',(#8200),#8193,.T.);
#8202=FILL_AREA_STYLE_COLOUR('',#31);
#8203=FILL_AREA_STYLE('',(#8202));
#8204=SURFACE_STYLE_FILL_AREA(#8203);
#8205=SURFACE_SIDE_STYLE('',(#8204));
#8206=SURFACE_STYLE_USAGE(.POSITIVE.,#8205);
#8207=PRESENTATION_STYLE_ASSIGNMENT((#8206));
#8208=STYLED_ITEM('',(#8207),#8201);
#8209=CARTESIAN_POINT('',(-1.122081148710E0,2.053154111250E0,0.E0));
#8210=DIRECTION('',(-9.813592727596E-1,-1.921821473726E-1,0.E0));
#8211=DIRECTION('',(-1.921821473726E-1,9.813592727596E-1,0.E0));
#8212=AXIS2_PLACEMENT_3D('',#8209,#8210,#8211);
#8213=PLANE('',#8212);
#8214=ORIENTED_EDGE('',*,*,#5107,.F.);
#8216=ORIENTED_EDGE('',*,*,#8215,.T.);
#8217=ORIENTED_EDGE('',*,*,#6939,.T.);
#8218=ORIENTED_EDGE('',*,*,#8195,.F.);
#8219=EDGE_LOOP('',(#8214,#8216,#8217,#8218));
#8220=FACE_OUTER_BOUND('',#8219,.F.);
#8221=ADVANCED_FACE('',(#8220),#8213,.T.);
#8222=FILL_AREA_STYLE_COLOUR('',#31);
#8223=FILL_AREA_STYLE('',(#8222));
#8224=SURFACE_STYLE_FILL_AREA(#8223);
#8225=SURFACE_SIDE_STYLE('',(#8224));
#8226=SURFACE_STYLE_USAGE(.POSITIVE.,#8225);
#8227=PRESENTATION_STYLE_ASSIGNMENT((#8226));
#8228=STYLED_ITEM('',(#8227),#8221);
#8229=CARTESIAN_POINT('',(-1.090847755804E0,1.989358363004E0,0.E0));
#8230=DIRECTION('',(-8.981377963584E-1,-4.397141102494E-1,0.E0));
#8231=DIRECTION('',(-4.397141102494E-1,8.981377963584E-1,0.E0));
#8232=AXIS2_PLACEMENT_3D('',#8229,#8230,#8231);
#8233=PLANE('',#8232);
#8234=ORIENTED_EDGE('',*,*,#5105,.F.);
#8236=ORIENTED_EDGE('',*,*,#8235,.T.);
#8237=ORIENTED_EDGE('',*,*,#6941,.T.);
#8238=ORIENTED_EDGE('',*,*,#8215,.F.);
#8239=EDGE_LOOP('',(#8234,#8236,#8237,#8238));
#8240=FACE_OUTER_BOUND('',#8239,.F.);
#8241=ADVANCED_FACE('',(#8240),#8233,.T.);
#8242=FILL_AREA_STYLE_COLOUR('',#31);
#8243=FILL_AREA_STYLE('',(#8242));
#8244=SURFACE_STYLE_FILL_AREA(#8243);
#8245=SURFACE_SIDE_STYLE('',(#8244));
#8246=SURFACE_STYLE_USAGE(.POSITIVE.,#8245);
#8247=PRESENTATION_STYLE_ASSIGNMENT((#8246));
#8248=STYLED_ITEM('',(#8247),#8241);
#8249=CARTESIAN_POINT('',(-1.028381148710E0,1.925562620343E0,0.E0));
#8250=DIRECTION('',(-7.145107489524E-1,-6.996244632883E-1,0.E0));
#8251=DIRECTION('',(-6.996244632883E-1,7.145107489524E-1,0.E0));
#8252=AXIS2_PLACEMENT_3D('',#8249,#8250,#8251);
#8253=PLANE('',#8252);
#8254=ORIENTED_EDGE('',*,*,#5103,.F.);
#8256=ORIENTED_EDGE('',*,*,#8255,.T.);
#8257=ORIENTED_EDGE('',*,*,#6943,.T.);
#8258=ORIENTED_EDGE('',*,*,#8235,.F.);
#8259=EDGE_LOOP('',(#8254,#8256,#8257,#8258));
#8260=FACE_OUTER_BOUND('',#8259,.F.);
#8261=ADVANCED_FACE('',(#8260),#8253,.T.);
#8262=FILL_AREA_STYLE_COLOUR('',#31);
#8263=FILL_AREA_STYLE('',(#8262));
#8264=SURFACE_STYLE_FILL_AREA(#8263);
#8265=SURFACE_SIDE_STYLE('',(#8264));
#8266=SURFACE_STYLE_USAGE(.POSITIVE.,#8265);
#8267=PRESENTATION_STYLE_ASSIGNMENT((#8266));
#8268=STYLED_ITEM('',(#8267),#8261);
#8269=CARTESIAN_POINT('',(-9.659145416164E-1,1.893664747617E0,0.E0));
#8270=DIRECTION('',(-4.547775049247E-1,-8.906050870136E-1,0.E0));
#8271=DIRECTION('',(-8.906050870136E-1,4.547775049247E-1,0.E0));
#8272=AXIS2_PLACEMENT_3D('',#8269,#8270,#8271);
#8273=PLANE('',#8272);
#8274=ORIENTED_EDGE('',*,*,#5101,.F.);
#8276=ORIENTED_EDGE('',*,*,#8275,.T.);
#8277=ORIENTED_EDGE('',*,*,#6945,.T.);
#8278=ORIENTED_EDGE('',*,*,#8255,.F.);
#8279=EDGE_LOOP('',(#8274,#8276,#8277,#8278));
#8280=FACE_OUTER_BOUND('',#8279,.F.);
#8281=ADVANCED_FACE('',(#8280),#8273,.T.);
#8282=FILL_AREA_STYLE_COLOUR('',#31);
#8283=FILL_AREA_STYLE('',(#8282));
#8284=SURFACE_STYLE_FILL_AREA(#8283);
#8285=SURFACE_SIDE_STYLE('',(#8284));
#8286=SURFACE_STYLE_USAGE(.POSITIVE.,#8285);
#8287=PRESENTATION_STYLE_ASSIGNMENT((#8286));
#8288=STYLED_ITEM('',(#8287),#8281);
#8289=CARTESIAN_POINT('',(-8.878311487102E-1,1.877715811952E0,0.E0));
#8290=DIRECTION('',(-2.001232253108E-1,-9.797707357802E-1,0.E0));
#8291=DIRECTION('',(-9.797707357802E-1,2.001232253108E-1,0.E0));
#8292=AXIS2_PLACEMENT_3D('',#8289,#8290,#8291);
#8293=PLANE('',#8292);
#8294=ORIENTED_EDGE('',*,*,#5099,.F.);
#8296=ORIENTED_EDGE('',*,*,#8295,.T.);
#8297=ORIENTED_EDGE('',*,*,#6947,.T.);
#8298=ORIENTED_EDGE('',*,*,#8275,.F.);
#8299=EDGE_LOOP('',(#8294,#8296,#8297,#8298));
#8300=FACE_OUTER_BOUND('',#8299,.F.);
#8301=ADVANCED_FACE('',(#8300),#8293,.T.);
#8302=FILL_AREA_STYLE_COLOUR('',#31);
#8303=FILL_AREA_STYLE('',(#8302));
#8304=SURFACE_STYLE_FILL_AREA(#8303);
#8305=SURFACE_SIDE_STYLE('',(#8304));
#8306=SURFACE_STYLE_USAGE(.POSITIVE.,#8305);
#8307=PRESENTATION_STYLE_ASSIGNMENT((#8306));
#8308=STYLED_ITEM('',(#8307),#8301);
#8309=CARTESIAN_POINT('',(-5.130311487102E-1,1.877715811952E0,0.E0));
#8310=DIRECTION('',(0.E0,-1.E0,0.E0));
#8311=DIRECTION('',(-1.E0,0.E0,0.E0));
#8312=AXIS2_PLACEMENT_3D('',#8309,#8310,#8311);
#8313=PLANE('',#8312);
#8314=ORIENTED_EDGE('',*,*,#5097,.F.);
#8316=ORIENTED_EDGE('',*,*,#8315,.T.);
#8317=ORIENTED_EDGE('',*,*,#6949,.T.);
#8318=ORIENTED_EDGE('',*,*,#8295,.F.);
#8319=EDGE_LOOP('',(#8314,#8316,#8317,#8318));
#8320=FACE_OUTER_BOUND('',#8319,.F.);
#8321=ADVANCED_FACE('',(#8320),#8313,.T.);
#8322=FILL_AREA_STYLE_COLOUR('',#31);
#8323=FILL_AREA_STYLE('',(#8322));
#8324=SURFACE_STYLE_FILL_AREA(#8323);
#8325=SURFACE_SIDE_STYLE('',(#8324));
#8326=SURFACE_STYLE_USAGE(.POSITIVE.,#8325);
#8327=PRESENTATION_STYLE_ASSIGNMENT((#8326));
#8328=STYLED_ITEM('',(#8327),#8321);
#8329=CARTESIAN_POINT('',(-5.130311487102E-1,2.627315811952E0,0.E0));
#8330=DIRECTION('',(1.E0,0.E0,0.E0));
#8331=DIRECTION('',(0.E0,-1.E0,0.E0));
#8332=AXIS2_PLACEMENT_3D('',#8329,#8330,#8331);
#8333=PLANE('',#8332);
#8334=ORIENTED_EDGE('',*,*,#5095,.F.);
#8335=ORIENTED_EDGE('',*,*,#8077,.T.);
#8336=ORIENTED_EDGE('',*,*,#6951,.T.);
#8337=ORIENTED_EDGE('',*,*,#8315,.F.);
#8338=EDGE_LOOP('',(#8334,#8335,#8336,#8337));
#8339=FACE_OUTER_BOUND('',#8338,.F.);
#8340=ADVANCED_FACE('',(#8339),#8333,.T.);
#8341=FILL_AREA_STYLE_COLOUR('',#31);
#8342=FILL_AREA_STYLE('',(#8341));
#8343=SURFACE_STYLE_FILL_AREA(#8342);
#8344=SURFACE_SIDE_STYLE('',(#8343));
#8345=SURFACE_STYLE_USAGE(.POSITIVE.,#8344);
#8346=PRESENTATION_STYLE_ASSIGNMENT((#8345));
#8347=STYLED_ITEM('',(#8346),#8340);
#8348=CARTESIAN_POINT('',(-6.067311487102E-1,2.531622206338E0,0.E0));
#8349=DIRECTION('',(0.E0,-1.E0,0.E0));
#8350=DIRECTION('',(-1.E0,0.E0,0.E0));
#8351=AXIS2_PLACEMENT_3D('',#8348,#8349,#8350);
#8352=PLANE('',#8351);
#8353=ORIENTED_EDGE('',*,*,#5154,.F.);
#8355=ORIENTED_EDGE('',*,*,#8354,.T.);
#8356=ORIENTED_EDGE('',*,*,#6955,.T.);
#8358=ORIENTED_EDGE('',*,*,#8357,.F.);
#8359=EDGE_LOOP('',(#8353,#8355,#8356,#8358));
#8360=FACE_OUTER_BOUND('',#8359,.F.);
#8361=ADVANCED_FACE('',(#8360),#8352,.T.);
#8362=FILL_AREA_STYLE_COLOUR('',#31);
#8363=FILL_AREA_STYLE('',(#8362));
#8364=SURFACE_STYLE_FILL_AREA(#8363);
#8365=SURFACE_SIDE_STYLE('',(#8364));
#8366=SURFACE_STYLE_USAGE(.POSITIVE.,#8365);
#8367=PRESENTATION_STYLE_ASSIGNMENT((#8366));
#8368=STYLED_ITEM('',(#8367),#8361);
#8369=CARTESIAN_POINT('',(-6.067311487102E-1,1.973409428735E0,0.E0));
#8370=DIRECTION('',(-1.E0,0.E0,0.E0));
#8371=DIRECTION('',(0.E0,1.E0,0.E0));
#8372=AXIS2_PLACEMENT_3D('',#8369,#8370,#8371);
#8373=PLANE('',#8372);
#8374=ORIENTED_EDGE('',*,*,#5176,.F.);
#8376=ORIENTED_EDGE('',*,*,#8375,.T.);
#8377=ORIENTED_EDGE('',*,*,#6957,.T.);
#8378=ORIENTED_EDGE('',*,*,#8354,.F.);
#8379=EDGE_LOOP('',(#8374,#8376,#8377,#8378));
#8380=FACE_OUTER_BOUND('',#8379,.F.);
#8381=ADVANCED_FACE('',(#8380),#8373,.T.);
#8382=FILL_AREA_STYLE_COLOUR('',#31);
#8383=FILL_AREA_STYLE('',(#8382));
#8384=SURFACE_STYLE_FILL_AREA(#8383);
#8385=SURFACE_SIDE_STYLE('',(#8384));
#8386=SURFACE_STYLE_USAGE(.POSITIVE.,#8385);
#8387=PRESENTATION_STYLE_ASSIGNMENT((#8386));
#8388=STYLED_ITEM('',(#8387),#8381);
#8389=CARTESIAN_POINT('',(-8.878311487102E-1,1.973409428735E0,0.E0));
#8390=DIRECTION('',(0.E0,1.E0,0.E0));
#8391=DIRECTION('',(1.E0,0.E0,0.E0));
#8392=AXIS2_PLACEMENT_3D('',#8389,#8390,#8391);
#8393=PLANE('',#8392);
#8394=ORIENTED_EDGE('',*,*,#5174,.F.);
#8396=ORIENTED_EDGE('',*,*,#8395,.T.);
#8397=ORIENTED_EDGE('',*,*,#6959,.T.);
#8398=ORIENTED_EDGE('',*,*,#8375,.F.);
#8399=EDGE_LOOP('',(#8394,#8396,#8397,#8398));
#8400=FACE_OUTER_BOUND('',#8399,.F.);
#8401=ADVANCED_FACE('',(#8400),#8393,.T.);
#8402=FILL_AREA_STYLE_COLOUR('',#31);
#8403=FILL_AREA_STYLE('',(#8402));
#8404=SURFACE_STYLE_FILL_AREA(#8403);
#8405=SURFACE_SIDE_STYLE('',(#8404));
#8406=SURFACE_STYLE_USAGE(.POSITIVE.,#8405);
#8407=PRESENTATION_STYLE_ASSIGNMENT((#8406));
#8408=STYLED_ITEM('',(#8407),#8401);
#8409=CARTESIAN_POINT('',(-9.502977558040E-1,1.989358363004E0,0.E0));
#8410=DIRECTION('',(2.473834390653E-1,9.689176611437E-1,0.E0));
#8411=DIRECTION('',(9.689176611437E-1,-2.473834390653E-1,0.E0));
#8412=AXIS2_PLACEMENT_3D('',#8409,#8410,#8411);
#8413=PLANE('',#8412);
#8414=ORIENTED_EDGE('',*,*,#5172,.F.);
#8416=ORIENTED_EDGE('',*,*,#8415,.T.);
#8417=ORIENTED_EDGE('',*,*,#6961,.T.);
#8418=ORIENTED_EDGE('',*,*,#8395,.F.);
#8419=EDGE_LOOP('',(#8414,#8416,#8417,#8418));
#8420=FACE_OUTER_BOUND('',#8419,.F.);
#8421=ADVANCED_FACE('',(#8420),#8413,.T.);
#8422=FILL_AREA_STYLE_COLOUR('',#31);
#8423=FILL_AREA_STYLE('',(#8422));
#8424=SURFACE_STYLE_FILL_AREA(#8423);
#8425=SURFACE_SIDE_STYLE('',(#8424));
#8426=SURFACE_STYLE_USAGE(.POSITIVE.,#8425);
#8427=PRESENTATION_STYLE_ASSIGNMENT((#8426));
#8428=STYLED_ITEM('',(#8427),#8421);
#8429=CARTESIAN_POINT('',(-9.971477558040E-1,2.021256242712E0,0.E0));
#8430=DIRECTION('',(5.627910658975E-1,8.265991871191E-1,0.E0));
#8431=DIRECTION('',(8.265991871191E-1,-5.627910658975E-1,0.E0));
#8432=AXIS2_PLACEMENT_3D('',#8429,#8430,#8431);
#8433=PLANE('',#8432);
#8434=ORIENTED_EDGE('',*,*,#5170,.F.);
#8436=ORIENTED_EDGE('',*,*,#8435,.T.);
#8437=ORIENTED_EDGE('',*,*,#6963,.T.);
#8438=ORIENTED_EDGE('',*,*,#8415,.F.);
#8439=EDGE_LOOP('',(#8434,#8436,#8437,#8438));
#8440=FACE_OUTER_BOUND('',#8439,.F.);
#8441=ADVANCED_FACE('',(#8440),#8433,.T.);
#8442=FILL_AREA_STYLE_COLOUR('',#31);
#8443=FILL_AREA_STYLE('',(#8442));
#8444=SURFACE_STYLE_FILL_AREA(#8443);
#8445=SURFACE_SIDE_STYLE('',(#8444));
#8446=SURFACE_STYLE_USAGE(.POSITIVE.,#8445);
#8447=PRESENTATION_STYLE_ASSIGNMENT((#8446));
#8448=STYLED_ITEM('',(#8447),#8441);
#8449=CARTESIAN_POINT('',(-1.028381148710E0,2.069103045519E0,0.E0));
#8450=DIRECTION('',(8.373786433120E-1,5.466232777014E-1,0.E0));
#8451=DIRECTION('',(5.466232777014E-1,-8.373786433120E-1,0.E0));
#8452=AXIS2_PLACEMENT_3D('',#8449,#8450,#8451);
#8453=PLANE('',#8452);
#8454=ORIENTED_EDGE('',*,*,#5168,.F.);
#8456=ORIENTED_EDGE('',*,*,#8455,.T.);
#8457=ORIENTED_EDGE('',*,*,#6965,.T.);
#8458=ORIENTED_EDGE('',*,*,#8435,.F.);
#8459=EDGE_LOOP('',(#8454,#8456,#8457,#8458));
#8460=FACE_OUTER_BOUND('',#8459,.F.);
#8461=ADVANCED_FACE('',(#8460),#8453,.T.);
#8462=FILL_AREA_STYLE_COLOUR('',#31);
#8463=FILL_AREA_STYLE('',(#8462));
#8464=SURFACE_STYLE_FILL_AREA(#8463);
#8465=SURFACE_SIDE_STYLE('',(#8464));
#8466=SURFACE_STYLE_USAGE(.POSITIVE.,#8465);
#8467=PRESENTATION_STYLE_ASSIGNMENT((#8466));
#8468=STYLED_ITEM('',(#8467),#8461);
#8469=CARTESIAN_POINT('',(-1.043997755804E0,2.132898782595E0,0.E0));
#8470=DIRECTION('',(9.713213633444E-1,2.377704967206E-1,0.E0));
#8471=DIRECTION('',(2.377704967206E-1,-9.713213633444E-1,0.E0));
#8472=AXIS2_PLACEMENT_3D('',#8469,#8470,#8471);
#8473=PLANE('',#8472);
#8474=ORIENTED_EDGE('',*,*,#5166,.F.);
#8476=ORIENTED_EDGE('',*,*,#8475,.T.);
#8477=ORIENTED_EDGE('',*,*,#6967,.T.);
#8478=ORIENTED_EDGE('',*,*,#8455,.F.);
#8479=EDGE_LOOP('',(#8474,#8476,#8477,#8478));
#8480=FACE_OUTER_BOUND('',#8479,.F.);
#8481=ADVANCED_FACE('',(#8480),#8473,.T.);
#8482=FILL_AREA_STYLE_COLOUR('',#31);
#8483=FILL_AREA_STYLE('',(#8482));
#8484=SURFACE_STYLE_FILL_AREA(#8483);
#8485=SURFACE_SIDE_STYLE('',(#8484));
#8486=SURFACE_STYLE_USAGE(.POSITIVE.,#8485);
#8487=PRESENTATION_STYLE_ASSIGNMENT((#8486));
#8488=STYLED_ITEM('',(#8487),#8481);
#8489=CARTESIAN_POINT('',(-1.043997755804E0,2.372132818969E0,0.E0));
#8490=DIRECTION('',(1.E0,0.E0,0.E0));
#8491=DIRECTION('',(0.E0,-1.E0,0.E0));
#8492=AXIS2_PLACEMENT_3D('',#8489,#8490,#8491);
#8493=PLANE('',#8492);
#8494=ORIENTED_EDGE('',*,*,#5164,.F.);
#8496=ORIENTED_EDGE('',*,*,#8495,.T.);
#8497=ORIENTED_EDGE('',*,*,#6969,.T.);
#8498=ORIENTED_EDGE('',*,*,#8475,.F.);
#8499=EDGE_LOOP('',(#8494,#8496,#8497,#8498));
#8500=FACE_OUTER_BOUND('',#8499,.F.);
#8501=ADVANCED_FACE('',(#8500),#8493,.T.);
#8502=FILL_AREA_STYLE_COLOUR('',#31);
#8503=FILL_AREA_STYLE('',(#8502));
#8504=SURFACE_STYLE_FILL_AREA(#8503);
#8505=SURFACE_SIDE_STYLE('',(#8504));
#8506=SURFACE_STYLE_USAGE(.POSITIVE.,#8505);
#8507=PRESENTATION_STYLE_ASSIGNMENT((#8506));
#8508=STYLED_ITEM('',(#8507),#8501);
#8509=CARTESIAN_POINT('',(-1.028381148710E0,2.435928556045E0,0.E0));
#8510=DIRECTION('',(9.713213633444E-1,-2.377704967206E-1,0.E0));
#8511=DIRECTION('',(-2.377704967206E-1,-9.713213633444E-1,0.E0));
#8512=AXIS2_PLACEMENT_3D('',#8509,#8510,#8511);
#8513=PLANE('',#8512);
#8514=ORIENTED_EDGE('',*,*,#5162,.F.);
#8516=ORIENTED_EDGE('',*,*,#8515,.T.);
#8517=ORIENTED_EDGE('',*,*,#6971,.T.);
#8518=ORIENTED_EDGE('',*,*,#8495,.F.);
#8519=EDGE_LOOP('',(#8514,#8516,#8517,#8518));
#8520=FACE_OUTER_BOUND('',#8519,.F.);
#8521=ADVANCED_FACE('',(#8520),#8513,.T.);
#8522=FILL_AREA_STYLE_COLOUR('',#31);
#8523=FILL_AREA_STYLE('',(#8522));
#8524=SURFACE_STYLE_FILL_AREA(#8523);
#8525=SURFACE_SIDE_STYLE('',(#8524));
#8526=SURFACE_STYLE_USAGE(.POSITIVE.,#8525);
#8527=PRESENTATION_STYLE_ASSIGNMENT((#8526));
#8528=STYLED_ITEM('',(#8527),#8521);
#8529=CARTESIAN_POINT('',(-9.971477558040E-1,2.483775403531E0,0.E0));
#8530=DIRECTION('',(8.373788769559E-1,-5.466229197794E-1,0.E0));
#8531=DIRECTION('',(-5.466229197794E-1,-8.373788769559E-1,0.E0));
#8532=AXIS2_PLACEMENT_3D('',#8529,#8530,#8531);
#8533=PLANE('',#8532);
#8534=ORIENTED_EDGE('',*,*,#5160,.F.);
#8536=ORIENTED_EDGE('',*,*,#8535,.T.);
#8537=ORIENTED_EDGE('',*,*,#6973,.T.);
#8538=ORIENTED_EDGE('',*,*,#8515,.F.);
#8539=EDGE_LOOP('',(#8534,#8536,#8537,#8538));
#8540=FACE_OUTER_BOUND('',#8539,.F.);
#8541=ADVANCED_FACE('',(#8540),#8533,.T.);
#8542=FILL_AREA_STYLE_COLOUR('',#31);
#8543=FILL_AREA_STYLE('',(#8542));
#8544=SURFACE_STYLE_FILL_AREA(#8543);
#8545=SURFACE_SIDE_STYLE('',(#8544));
#8546=SURFACE_STYLE_USAGE(.POSITIVE.,#8545);
#8547=PRESENTATION_STYLE_ASSIGNMENT((#8546));
#8548=STYLED_ITEM('',(#8547),#8541);
#8549=CARTESIAN_POINT('',(-9.502977558040E-1,2.515673272069E0,0.E0));
#8550=DIRECTION('',(5.627909312417E-1,-8.265992787996E-1,0.E0));
#8551=DIRECTION('',(-8.265992787996E-1,-5.627909312417E-1,0.E0));
#8552=AXIS2_PLACEMENT_3D('',#8549,#8550,#8551);
#8553=PLANE('',#8552);
#8554=ORIENTED_EDGE('',*,*,#5158,.F.);
#8556=ORIENTED_EDGE('',*,*,#8555,.T.);
#8557=ORIENTED_EDGE('',*,*,#6975,.T.);
#8558=ORIENTED_EDGE('',*,*,#8535,.F.);
#8559=EDGE_LOOP('',(#8554,#8556,#8557,#8558));
#8560=FACE_OUTER_BOUND('',#8559,.F.);
#8561=ADVANCED_FACE('',(#8560),#8553,.T.);
#8562=FILL_AREA_STYLE_COLOUR('',#31);
#8563=FILL_AREA_STYLE('',(#8562));
#8564=SURFACE_STYLE_FILL_AREA(#8563);
#8565=SURFACE_SIDE_STYLE('',(#8564));
#8566=SURFACE_STYLE_USAGE(.POSITIVE.,#8565);
#8567=PRESENTATION_STYLE_ASSIGNMENT((#8566));
#8568=STYLED_ITEM('',(#8567),#8561);
#8569=CARTESIAN_POINT('',(-8.878311487102E-1,2.531622206338E0,0.E0));
#8570=DIRECTION('',(2.473834390653E-1,-9.689176611437E-1,0.E0));
#8571=DIRECTION('',(-9.689176611437E-1,-2.473834390653E-1,0.E0));
#8572=AXIS2_PLACEMENT_3D('',#8569,#8570,#8571);
#8573=PLANE('',#8572);
#8574=ORIENTED_EDGE('',*,*,#5156,.F.);
#8575=ORIENTED_EDGE('',*,*,#8357,.T.);
#8576=ORIENTED_EDGE('',*,*,#6977,.T.);
#8577=ORIENTED_EDGE('',*,*,#8555,.F.);
#8578=EDGE_LOOP('',(#8574,#8575,#8576,#8577));
#8579=FACE_OUTER_BOUND('',#8578,.F.);
#8580=ADVANCED_FACE('',(#8579),#8573,.T.);
#8581=FILL_AREA_STYLE_COLOUR('',#31);
#8582=FILL_AREA_STYLE('',(#8581));
#8583=SURFACE_STYLE_FILL_AREA(#8582);
#8584=SURFACE_SIDE_STYLE('',(#8583));
#8585=SURFACE_STYLE_USAGE(.POSITIVE.,#8584);
#8586=PRESENTATION_STYLE_ASSIGNMENT((#8585));
#8587=STYLED_ITEM('',(#8586),#8580);
#8588=CARTESIAN_POINT('',(-1.637431148710E0,2.627315811952E0,0.E0));
#8589=DIRECTION('',(0.E0,1.E0,0.E0));
#8590=DIRECTION('',(1.E0,0.E0,0.E0));
#8591=AXIS2_PLACEMENT_3D('',#8588,#8589,#8590);
#8592=PLANE('',#8591);
#8593=ORIENTED_EDGE('',*,*,#5123,.F.);
#8595=ORIENTED_EDGE('',*,*,#8594,.T.);
#8596=ORIENTED_EDGE('',*,*,#6994,.T.);
#8598=ORIENTED_EDGE('',*,*,#8597,.F.);
#8599=EDGE_LOOP('',(#8593,#8595,#8596,#8598));
#8600=FACE_OUTER_BOUND('',#8599,.F.);
#8601=ADVANCED_FACE('',(#8600),#8592,.T.);
#8602=FILL_AREA_STYLE_COLOUR('',#31);
#8603=FILL_AREA_STYLE('',(#8602));
#8604=SURFACE_STYLE_FILL_AREA(#8603);
#8605=SURFACE_SIDE_STYLE('',(#8604));
#8606=SURFACE_STYLE_USAGE(.POSITIVE.,#8605);
#8607=PRESENTATION_STYLE_ASSIGNMENT((#8606));
#8608=STYLED_ITEM('',(#8607),#8601);
#8609=CARTESIAN_POINT('',(-1.887297934523E0,1.877715811952E0,0.E0));
#8610=DIRECTION('',(-9.486832528138E-1,3.162279017271E-1,0.E0));
#8611=DIRECTION('',(3.162279017271E-1,9.486832528138E-1,0.E0));
#8612=AXIS2_PLACEMENT_3D('',#8609,#8610,#8611);
#8613=PLANE('',#8612);
#8614=ORIENTED_EDGE('',*,*,#5137,.F.);
#8616=ORIENTED_EDGE('',*,*,#8615,.T.);
#8617=ORIENTED_EDGE('',*,*,#6996,.T.);
#8618=ORIENTED_EDGE('',*,*,#8594,.F.);
#8619=EDGE_LOOP('',(#8614,#8616,#8617,#8618));
#8620=FACE_OUTER_BOUND('',#8619,.F.);
#8621=ADVANCED_FACE('',(#8620),#8613,.T.);
#8622=FILL_AREA_STYLE_COLOUR('',#31);
#8623=FILL_AREA_STYLE('',(#8622));
#8624=SURFACE_STYLE_FILL_AREA(#8623);
#8625=SURFACE_SIDE_STYLE('',(#8624));
#8626=SURFACE_STYLE_USAGE(.POSITIVE.,#8625);
#8627=PRESENTATION_STYLE_ASSIGNMENT((#8626));
#8628=STYLED_ITEM('',(#8627),#8621);
#8629=CARTESIAN_POINT('',(-1.793597934523E0,1.877715811952E0,0.E0));
#8630=DIRECTION('',(0.E0,-1.E0,0.E0));
#8631=DIRECTION('',(-1.E0,0.E0,0.E0));
#8632=AXIS2_PLACEMENT_3D('',#8629,#8630,#8631);
#8633=PLANE('',#8632);
#8634=ORIENTED_EDGE('',*,*,#5135,.F.);
#8636=ORIENTED_EDGE('',*,*,#8635,.T.);
#8637=ORIENTED_EDGE('',*,*,#6998,.T.);
#8638=ORIENTED_EDGE('',*,*,#8615,.F.);
#8639=EDGE_LOOP('',(#8634,#8636,#8637,#8638));
#8640=FACE_OUTER_BOUND('',#8639,.F.);
#8641=ADVANCED_FACE('',(#8640),#8633,.T.);
#8642=FILL_AREA_STYLE_COLOUR('',#31);
#8643=FILL_AREA_STYLE('',(#8642));
#8644=SURFACE_STYLE_FILL_AREA(#8643);
#8645=SURFACE_SIDE_STYLE('',(#8644));
#8646=SURFACE_STYLE_USAGE(.POSITIVE.,#8645);
#8647=PRESENTATION_STYLE_ASSIGNMENT((#8646));
#8648=STYLED_ITEM('',(#8647),#8641);
#8649=CARTESIAN_POINT('',(-1.731131148710E0,2.069103045519E0,0.E0));
#8650=DIRECTION('',(9.506450282288E-1,-3.102805670740E-1,0.E0));
#8651=DIRECTION('',(-3.102805670740E-1,-9.506450282288E-1,0.E0));
#8652=AXIS2_PLACEMENT_3D('',#8649,#8650,#8651);
#8653=PLANE('',#8652);
#8654=ORIENTED_EDGE('',*,*,#5133,.F.);
#8656=ORIENTED_EDGE('',*,*,#8655,.T.);
#8657=ORIENTED_EDGE('',*,*,#7000,.T.);
#8658=ORIENTED_EDGE('',*,*,#8635,.F.);
#8659=EDGE_LOOP('',(#8654,#8656,#8657,#8658));
#8660=FACE_OUTER_BOUND('',#8659,.F.);
#8661=ADVANCED_FACE('',(#8660),#8653,.T.);
#8662=FILL_AREA_STYLE_COLOUR('',#31);
#8663=FILL_AREA_STYLE('',(#8662));
#8664=SURFACE_STYLE_FILL_AREA(#8663);
#8665=SURFACE_SIDE_STYLE('',(#8664));
#8666=SURFACE_STYLE_USAGE(.POSITIVE.,#8665);
#8667=PRESENTATION_STYLE_ASSIGNMENT((#8666));
#8668=STYLED_ITEM('',(#8667),#8661);
#8669=CARTESIAN_POINT('',(-1.418797934523E0,2.069103045519E0,0.E0));
#8670=DIRECTION('',(0.E0,-1.E0,0.E0));
#8671=DIRECTION('',(-1.E0,0.E0,0.E0));
#8672=AXIS2_PLACEMENT_3D('',#8669,#8670,#8671);
#8673=PLANE('',#8672);
#8674=ORIENTED_EDGE('',*,*,#5131,.F.);
#8676=ORIENTED_EDGE('',*,*,#8675,.T.);
#8677=ORIENTED_EDGE('',*,*,#7002,.T.);
#8678=ORIENTED_EDGE('',*,*,#8655,.F.);
#8679=EDGE_LOOP('',(#8674,#8676,#8677,#8678));
#8680=FACE_OUTER_BOUND('',#8679,.F.);
#8681=ADVANCED_FACE('',(#8680),#8673,.T.);
#8682=FILL_AREA_STYLE_COLOUR('',#31);
#8683=FILL_AREA_STYLE('',(#8682));
#8684=SURFACE_STYLE_FILL_AREA(#8683);
#8685=SURFACE_SIDE_STYLE('',(#8684));
#8686=SURFACE_STYLE_USAGE(.POSITIVE.,#8685);
#8687=PRESENTATION_STYLE_ASSIGNMENT((#8686));
#8688=STYLED_ITEM('',(#8687),#8681);
#8689=CARTESIAN_POINT('',(-1.356331148710E0,1.877715811952E0,0.E0));
#8690=DIRECTION('',(-9.506450282288E-1,-3.102805670740E-1,0.E0));
#8691=DIRECTION('',(-3.102805670740E-1,9.506450282288E-1,0.E0));
#8692=AXIS2_PLACEMENT_3D('',#8689,#8690,#8691);
#8693=PLANE('',#8692);
#8694=ORIENTED_EDGE('',*,*,#5129,.F.);
#8696=ORIENTED_EDGE('',*,*,#8695,.T.);
#8697=ORIENTED_EDGE('',*,*,#7004,.T.);
#8698=ORIENTED_EDGE('',*,*,#8675,.F.);
#8699=EDGE_LOOP('',(#8694,#8696,#8697,#8698));
#8700=FACE_OUTER_BOUND('',#8699,.F.);
#8701=ADVANCED_FACE('',(#8700),#8693,.T.);
#8702=FILL_AREA_STYLE_COLOUR('',#31);
#8703=FILL_AREA_STYLE('',(#8702));
#8704=SURFACE_STYLE_FILL_AREA(#8703);
#8705=SURFACE_SIDE_STYLE('',(#8704));
#8706=SURFACE_STYLE_USAGE(.POSITIVE.,#8705);
#8707=PRESENTATION_STYLE_ASSIGNMENT((#8706));
#8708=STYLED_ITEM('',(#8707),#8701);
#8709=CARTESIAN_POINT('',(-1.262631148710E0,1.877715811952E0,0.E0));
#8710=DIRECTION('',(0.E0,-1.E0,0.E0));
#8711=DIRECTION('',(-1.E0,0.E0,0.E0));
#8712=AXIS2_PLACEMENT_3D('',#8709,#8710,#8711);
#8713=PLANE('',#8712);
#8714=ORIENTED_EDGE('',*,*,#5127,.F.);
#8716=ORIENTED_EDGE('',*,*,#8715,.T.);
#8717=ORIENTED_EDGE('',*,*,#7006,.T.);
#8718=ORIENTED_EDGE('',*,*,#8695,.F.);
#8719=EDGE_LOOP('',(#8714,#8716,#8717,#8718));
#8720=FACE_OUTER_BOUND('',#8719,.F.);
#8721=ADVANCED_FACE('',(#8720),#8713,.T.);
#8722=FILL_AREA_STYLE_COLOUR('',#31);
#8723=FILL_AREA_STYLE('',(#8722));
#8724=SURFACE_STYLE_FILL_AREA(#8723);
#8725=SURFACE_SIDE_STYLE('',(#8724));
#8726=SURFACE_STYLE_USAGE(.POSITIVE.,#8725);
#8727=PRESENTATION_STYLE_ASSIGNMENT((#8726));
#8728=STYLED_ITEM('',(#8727),#8721);
#8729=CARTESIAN_POINT('',(-1.512497934523E0,2.627315811952E0,0.E0));
#8730=DIRECTION('',(9.486832528138E-1,3.162279017271E-1,0.E0));
#8731=DIRECTION('',(3.162279017271E-1,-9.486832528138E-1,0.E0));
#8732=AXIS2_PLACEMENT_3D('',#8729,#8730,#8731);
#8733=PLANE('',#8732);
#8734=ORIENTED_EDGE('',*,*,#5125,.F.);
#8735=ORIENTED_EDGE('',*,*,#8597,.T.);
#8736=ORIENTED_EDGE('',*,*,#7008,.T.);
#8737=ORIENTED_EDGE('',*,*,#8715,.F.);
#8738=EDGE_LOOP('',(#8734,#8735,#8736,#8737));
#8739=FACE_OUTER_BOUND('',#8738,.F.);
#8740=ADVANCED_FACE('',(#8739),#8733,.T.);
#8741=FILL_AREA_STYLE_COLOUR('',#31);
#8742=FILL_AREA_STYLE('',(#8741));
#8743=SURFACE_STYLE_FILL_AREA(#8742);
#8744=SURFACE_SIDE_STYLE('',(#8743));
#8745=SURFACE_STYLE_USAGE(.POSITIVE.,#8744);
#8746=PRESENTATION_STYLE_ASSIGNMENT((#8745));
#8747=STYLED_ITEM('',(#8746),#8740);
#8748=CARTESIAN_POINT('',(-1.574964362898E0,2.563520074876E0,0.E0));
#8749=DIRECTION('',(9.506452063546E-1,-3.102800213276E-1,0.E0));
#8750=DIRECTION('',(-3.102800213276E-1,-9.506452063546E-1,0.E0));
#8751=AXIS2_PLACEMENT_3D('',#8748,#8749,#8750);
#8752=PLANE('',#8751);
#8753=ORIENTED_EDGE('',*,*,#5193,.F.);
#8755=ORIENTED_EDGE('',*,*,#8754,.T.);
#8756=ORIENTED_EDGE('',*,*,#7012,.T.);
#8758=ORIENTED_EDGE('',*,*,#8757,.F.);
#8759=EDGE_LOOP('',(#8753,#8755,#8756,#8758));
#8760=FACE_OUTER_BOUND('',#8759,.F.);
#8761=ADVANCED_FACE('',(#8760),#8752,.T.);
#8762=FILL_AREA_STYLE_COLOUR('',#31);
#8763=FILL_AREA_STYLE('',(#8762));
#8764=SURFACE_STYLE_FILL_AREA(#8763);
#8765=SURFACE_SIDE_STYLE('',(#8764));
#8766=SURFACE_STYLE_USAGE(.POSITIVE.,#8765);
#8767=PRESENTATION_STYLE_ASSIGNMENT((#8766));
#8768=STYLED_ITEM('',(#8767),#8761);
#8769=CARTESIAN_POINT('',(-1.434414362898E0,2.132898782595E0,0.E0));
#8770=DIRECTION('',(-9.506452063546E-1,-3.102800213276E-1,0.E0));
#8771=DIRECTION('',(-3.102800213276E-1,9.506452063546E-1,0.E0));
#8772=AXIS2_PLACEMENT_3D('',#8769,#8770,#8771);
#8773=PLANE('',#8772);
#8774=ORIENTED_EDGE('',*,*,#5197,.F.);
#8776=ORIENTED_EDGE('',*,*,#8775,.T.);
#8777=ORIENTED_EDGE('',*,*,#7014,.T.);
#8778=ORIENTED_EDGE('',*,*,#8754,.F.);
#8779=EDGE_LOOP('',(#8774,#8776,#8777,#8778));
#8780=FACE_OUTER_BOUND('',#8779,.F.);
#8781=ADVANCED_FACE('',(#8780),#8773,.T.);
#8782=FILL_AREA_STYLE_COLOUR('',#31);
#8783=FILL_AREA_STYLE('',(#8782));
#8784=SURFACE_STYLE_FILL_AREA(#8783);
#8785=SURFACE_SIDE_STYLE('',(#8784));
#8786=SURFACE_STYLE_USAGE(.POSITIVE.,#8785);
#8787=PRESENTATION_STYLE_ASSIGNMENT((#8786));
#8788=STYLED_ITEM('',(#8787),#8781);
#8789=CARTESIAN_POINT('',(-1.715514362898E0,2.132898782595E0,0.E0));
#8790=DIRECTION('',(0.E0,1.E0,0.E0));
#8791=DIRECTION('',(1.E0,0.E0,0.E0));
#8792=AXIS2_PLACEMENT_3D('',#8789,#8790,#8791);
#8793=PLANE('',#8792);
#8794=ORIENTED_EDGE('',*,*,#5195,.F.);
#8795=ORIENTED_EDGE('',*,*,#8757,.T.);
#8796=ORIENTED_EDGE('',*,*,#7016,.T.);
#8797=ORIENTED_EDGE('',*,*,#8775,.F.);
#8798=EDGE_LOOP('',(#8794,#8795,#8796,#8797));
#8799=FACE_OUTER_BOUND('',#8798,.F.);
#8800=ADVANCED_FACE('',(#8799),#8793,.T.);
#8801=FILL_AREA_STYLE_COLOUR('',#31);
#8802=FILL_AREA_STYLE('',(#8801));
#8803=SURFACE_STYLE_FILL_AREA(#8802);
#8804=SURFACE_SIDE_STYLE('',(#8803));
#8805=SURFACE_STYLE_USAGE(.POSITIVE.,#8804);
#8806=PRESENTATION_STYLE_ASSIGNMENT((#8805));
#8807=STYLED_ITEM('',(#8806),#8800);
#8808=CARTESIAN_POINT('',(-3.5947E0,-2.2425E0,6.1E0));
#8809=DIRECTION('',(0.E0,-1.E0,0.E0));
#8810=DIRECTION('',(1.E0,0.E0,0.E0));
#8811=AXIS2_PLACEMENT_3D('',#8808,#8809,#8810);
#8812=PLANE('',#8811);
#8813=ORIENTED_EDGE('',*,*,#4889,.F.);
#8814=ORIENTED_EDGE('',*,*,#4861,.T.);
#8815=ORIENTED_EDGE('',*,*,#4820,.T.);
#8817=ORIENTED_EDGE('',*,*,#8816,.F.);
#8818=EDGE_LOOP('',(#8813,#8814,#8815,#8817));
#8819=FACE_OUTER_BOUND('',#8818,.F.);
#8820=ADVANCED_FACE('',(#8819),#8812,.T.);
#8821=FILL_AREA_STYLE_COLOUR('',#6);
#8822=FILL_AREA_STYLE('',(#8821));
#8823=SURFACE_STYLE_FILL_AREA(#8822);
#8824=SURFACE_SIDE_STYLE('',(#8823));
#8825=SURFACE_STYLE_USAGE(.POSITIVE.,#8824);
#8826=PRESENTATION_STYLE_ASSIGNMENT((#8825));
#8827=STYLED_ITEM('',(#8826),#8820);
#8828=CARTESIAN_POINT('',(3.5947E0,-2.2425E0,6.1E0));
#8829=DIRECTION('',(1.E0,0.E0,0.E0));
#8830=DIRECTION('',(0.E0,1.E0,0.E0));
#8831=AXIS2_PLACEMENT_3D('',#8828,#8829,#8830);
#8832=PLANE('',#8831);
#8833=ORIENTED_EDGE('',*,*,#4891,.F.);
#8834=ORIENTED_EDGE('',*,*,#8816,.T.);
#8835=ORIENTED_EDGE('',*,*,#4818,.T.);
#8837=ORIENTED_EDGE('',*,*,#8836,.F.);
#8838=EDGE_LOOP('',(#8833,#8834,#8835,#8837));
#8839=FACE_OUTER_BOUND('',#8838,.F.);
#8840=ADVANCED_FACE('',(#8839),#8832,.T.);
#8841=FILL_AREA_STYLE_COLOUR('',#6);
#8842=FILL_AREA_STYLE('',(#8841));
#8843=SURFACE_STYLE_FILL_AREA(#8842);
#8844=SURFACE_SIDE_STYLE('',(#8843));
#8845=SURFACE_STYLE_USAGE(.POSITIVE.,#8844);
#8846=PRESENTATION_STYLE_ASSIGNMENT((#8845));
#8847=STYLED_ITEM('',(#8846),#8840);
#8848=CARTESIAN_POINT('',(3.5947E0,2.2425E0,6.1E0));
#8849=DIRECTION('',(0.E0,1.E0,0.E0));
#8850=DIRECTION('',(-1.E0,0.E0,0.E0));
#8851=AXIS2_PLACEMENT_3D('',#8848,#8849,#8850);
#8852=PLANE('',#8851);
#8853=ORIENTED_EDGE('',*,*,#4893,.F.);
#8854=ORIENTED_EDGE('',*,*,#8836,.T.);
#8855=ORIENTED_EDGE('',*,*,#4816,.T.);
#8856=ORIENTED_EDGE('',*,*,#4858,.F.);
#8857=EDGE_LOOP('',(#8853,#8854,#8855,#8856));
#8858=FACE_OUTER_BOUND('',#8857,.F.);
#8859=ADVANCED_FACE('',(#8858),#8852,.T.);
#8860=FILL_AREA_STYLE_COLOUR('',#6);
#8861=FILL_AREA_STYLE('',(#8860));
#8862=SURFACE_STYLE_FILL_AREA(#8861);
#8863=SURFACE_SIDE_STYLE('',(#8862));
#8864=SURFACE_STYLE_USAGE(.POSITIVE.,#8863);
#8865=PRESENTATION_STYLE_ASSIGNMENT((#8864));
#8866=STYLED_ITEM('',(#8865),#8859);
#8867=CARTESIAN_POINT('',(-3.16E0,1.95E0,6.1E0));
#8868=DIRECTION('',(-1.E0,0.E0,0.E0));
#8869=DIRECTION('',(0.E0,-1.E0,0.E0));
#8870=AXIS2_PLACEMENT_3D('',#8867,#8868,#8869);
#8871=PLANE('',#8870);
#8873=ORIENTED_EDGE('',*,*,#8872,.F.);
#8874=ORIENTED_EDGE('',*,*,#4284,.F.);
#8876=ORIENTED_EDGE('',*,*,#8875,.T.);
#8878=ORIENTED_EDGE('',*,*,#8877,.T.);
#8879=EDGE_LOOP('',(#8873,#8874,#8876,#8878));
#8880=FACE_OUTER_BOUND('',#8879,.F.);
#8881=ADVANCED_FACE('',(#8880),#8871,.T.);
#8882=FILL_AREA_STYLE_COLOUR('',#6);
#8883=FILL_AREA_STYLE('',(#8882));
#8884=SURFACE_STYLE_FILL_AREA(#8883);
#8885=SURFACE_SIDE_STYLE('',(#8884));
#8886=SURFACE_STYLE_USAGE(.POSITIVE.,#8885);
#8887=PRESENTATION_STYLE_ASSIGNMENT((#8886));
#8888=STYLED_ITEM('',(#8887),#8881);
#8889=CARTESIAN_POINT('',(-3.16E0,-1.95E0,6.1E0));
#8890=DIRECTION('',(0.E0,-1.E0,0.E0));
#8891=DIRECTION('',(1.E0,0.E0,0.E0));
#8892=AXIS2_PLACEMENT_3D('',#8889,#8890,#8891);
#8893=PLANE('',#8892);
#8895=ORIENTED_EDGE('',*,*,#8894,.T.);
#8897=ORIENTED_EDGE('',*,*,#8896,.T.);
#8899=ORIENTED_EDGE('',*,*,#8898,.T.);
#8901=ORIENTED_EDGE('',*,*,#8900,.T.);
#8903=ORIENTED_EDGE('',*,*,#8902,.T.);
#8905=ORIENTED_EDGE('',*,*,#8904,.T.);
#8907=ORIENTED_EDGE('',*,*,#8906,.T.);
#8909=ORIENTED_EDGE('',*,*,#8908,.T.);
#8911=ORIENTED_EDGE('',*,*,#8910,.T.);
#8913=ORIENTED_EDGE('',*,*,#8912,.T.);
#8915=ORIENTED_EDGE('',*,*,#8914,.T.);
#8917=ORIENTED_EDGE('',*,*,#8916,.T.);
#8919=ORIENTED_EDGE('',*,*,#8918,.T.);
#8921=ORIENTED_EDGE('',*,*,#8920,.T.);
#8923=ORIENTED_EDGE('',*,*,#8922,.T.);
#8925=ORIENTED_EDGE('',*,*,#8924,.T.);
#8927=ORIENTED_EDGE('',*,*,#8926,.T.);
#8929=ORIENTED_EDGE('',*,*,#8928,.T.);
#8931=ORIENTED_EDGE('',*,*,#8930,.T.);
#8933=ORIENTED_EDGE('',*,*,#8932,.T.);
#8935=ORIENTED_EDGE('',*,*,#8934,.F.);
#8937=ORIENTED_EDGE('',*,*,#8936,.F.);
#8939=ORIENTED_EDGE('',*,*,#8938,.T.);
#8940=ORIENTED_EDGE('',*,*,#4286,.F.);
#8941=ORIENTED_EDGE('',*,*,#8872,.T.);
#8942=EDGE_LOOP('',(#8895,#8897,#8899,#8901,#8903,#8905,#8907,#8909,#8911,#8913,
#8915,#8917,#8919,#8921,#8923,#8925,#8927,#8929,#8931,#8933,#8935,#8937,#8939,
#8940,#8941));
#8943=FACE_OUTER_BOUND('',#8942,.F.);
#8944=ADVANCED_FACE('',(#8943),#8893,.T.);
#8945=FILL_AREA_STYLE_COLOUR('',#6);
#8946=FILL_AREA_STYLE('',(#8945));
#8947=SURFACE_STYLE_FILL_AREA(#8946);
#8948=SURFACE_SIDE_STYLE('',(#8947));
#8949=SURFACE_STYLE_USAGE(.POSITIVE.,#8948);
#8950=PRESENTATION_STYLE_ASSIGNMENT((#8949));
#8951=STYLED_ITEM('',(#8950),#8944);
#8952=CARTESIAN_POINT('',(-3.16E0,-1.95E0,1.05433E1));
#8953=DIRECTION('',(9.097056051756E-1,0.E0,-4.152537921706E-1));
#8954=DIRECTION('',(4.152537921706E-1,0.E0,9.097056051756E-1));
#8955=AXIS2_PLACEMENT_3D('',#8952,#8953,#8954);
#8956=PLANE('',#8955);
#8957=ORIENTED_EDGE('',*,*,#8894,.F.);
#8958=ORIENTED_EDGE('',*,*,#8877,.F.);
#8960=ORIENTED_EDGE('',*,*,#8959,.T.);
#8962=ORIENTED_EDGE('',*,*,#8961,.F.);
#8963=EDGE_LOOP('',(#8957,#8958,#8960,#8962));
#8964=FACE_OUTER_BOUND('',#8963,.F.);
#8965=ADVANCED_FACE('',(#8964),#8956,.F.);
#8966=FILL_AREA_STYLE_COLOUR('',#6);
#8967=FILL_AREA_STYLE('',(#8966));
#8968=SURFACE_STYLE_FILL_AREA(#8967);
#8969=SURFACE_SIDE_STYLE('',(#8968));
#8970=SURFACE_STYLE_USAGE(.POSITIVE.,#8969);
#8971=PRESENTATION_STYLE_ASSIGNMENT((#8970));
#8972=STYLED_ITEM('',(#8971),#8965);
#8973=CARTESIAN_POINT('',(7.4E-1,1.95E0,6.1E0));
#8974=DIRECTION('',(0.E0,1.E0,0.E0));
#8975=DIRECTION('',(-1.E0,0.E0,0.E0));
#8976=AXIS2_PLACEMENT_3D('',#8973,#8974,#8975);
#8977=PLANE('',#8976);
#8978=ORIENTED_EDGE('',*,*,#8959,.F.);
#8979=ORIENTED_EDGE('',*,*,#8875,.F.);
#8980=ORIENTED_EDGE('',*,*,#4298,.F.);
#8982=ORIENTED_EDGE('',*,*,#8981,.F.);
#8984=ORIENTED_EDGE('',*,*,#8983,.F.);
#8986=ORIENTED_EDGE('',*,*,#8985,.T.);
#8988=ORIENTED_EDGE('',*,*,#8987,.F.);
#8990=ORIENTED_EDGE('',*,*,#8989,.F.);
#8992=ORIENTED_EDGE('',*,*,#8991,.F.);
#8994=ORIENTED_EDGE('',*,*,#8993,.F.);
#8996=ORIENTED_EDGE('',*,*,#8995,.F.);
#8998=ORIENTED_EDGE('',*,*,#8997,.F.);
#9000=ORIENTED_EDGE('',*,*,#8999,.F.);
#9002=ORIENTED_EDGE('',*,*,#9001,.F.);
#9004=ORIENTED_EDGE('',*,*,#9003,.F.);
#9006=ORIENTED_EDGE('',*,*,#9005,.F.);
#9008=ORIENTED_EDGE('',*,*,#9007,.F.);
#9010=ORIENTED_EDGE('',*,*,#9009,.F.);
#9012=ORIENTED_EDGE('',*,*,#9011,.F.);
#9014=ORIENTED_EDGE('',*,*,#9013,.F.);
#9016=ORIENTED_EDGE('',*,*,#9015,.F.);
#9018=ORIENTED_EDGE('',*,*,#9017,.F.);
#9020=ORIENTED_EDGE('',*,*,#9019,.F.);
#9022=ORIENTED_EDGE('',*,*,#9021,.F.);
#9024=ORIENTED_EDGE('',*,*,#9023,.F.);
#9025=EDGE_LOOP('',(#8978,#8979,#8980,#8982,#8984,#8986,#8988,#8990,#8992,#8994,
#8996,#8998,#9000,#9002,#9004,#9006,#9008,#9010,#9012,#9014,#9016,#9018,#9020,
#9022,#9024));
#9026=FACE_OUTER_BOUND('',#9025,.F.);
#9027=ADVANCED_FACE('',(#9026),#8977,.T.);
#9028=FILL_AREA_STYLE_COLOUR('',#6);
#9029=FILL_AREA_STYLE('',(#9028));
#9030=SURFACE_STYLE_FILL_AREA(#9029);
#9031=SURFACE_SIDE_STYLE('',(#9030));
#9032=SURFACE_STYLE_USAGE(.POSITIVE.,#9031);
#9033=PRESENTATION_STYLE_ASSIGNMENT((#9032));
#9034=STYLED_ITEM('',(#9033),#9027);
#9035=CARTESIAN_POINT('',(-3.15E0,2.E0,6.4E0));
#9036=DIRECTION('',(-1.E0,0.E0,0.E0));
#9037=DIRECTION('',(0.E0,-1.E0,0.E0));
#9038=AXIS2_PLACEMENT_3D('',#9035,#9036,#9037);
#9039=PLANE('',#9038);
#9040=ORIENTED_EDGE('',*,*,#8938,.F.);
#9042=ORIENTED_EDGE('',*,*,#9041,.T.);
#9044=ORIENTED_EDGE('',*,*,#9043,.F.);
#9045=ORIENTED_EDGE('',*,*,#4288,.F.);
#9046=EDGE_LOOP('',(#9040,#9042,#9044,#9045));
#9047=FACE_OUTER_BOUND('',#9046,.F.);
#9048=ADVANCED_FACE('',(#9047),#9039,.F.);
#9049=FILL_AREA_STYLE_COLOUR('',#26);
#9050=FILL_AREA_STYLE('',(#9049));
#9051=SURFACE_STYLE_FILL_AREA(#9050);
#9052=SURFACE_SIDE_STYLE('',(#9051));
#9053=SURFACE_STYLE_USAGE(.POSITIVE.,#9052);
#9054=PRESENTATION_STYLE_ASSIGNMENT((#9053));
#9055=STYLED_ITEM('',(#9054),#9048);
#9056=CARTESIAN_POINT('',(-3.15E0,2.E0,6.4E0));
#9057=DIRECTION('',(-1.E0,0.E0,0.E0));
#9058=DIRECTION('',(0.E0,-1.E0,0.E0));
#9059=AXIS2_PLACEMENT_3D('',#9056,#9057,#9058);
#9060=PLANE('',#9059);
#9061=ORIENTED_EDGE('',*,*,#8981,.T.);
#9062=ORIENTED_EDGE('',*,*,#4296,.F.);
#9064=ORIENTED_EDGE('',*,*,#9063,.T.);
#9066=ORIENTED_EDGE('',*,*,#9065,.T.);
#9067=EDGE_LOOP('',(#9061,#9062,#9064,#9066));
#9068=FACE_OUTER_BOUND('',#9067,.F.);
#9069=ADVANCED_FACE('',(#9068),#9060,.F.);
#9070=FILL_AREA_STYLE_COLOUR('',#26);
#9071=FILL_AREA_STYLE('',(#9070));
#9072=SURFACE_STYLE_FILL_AREA(#9071);
#9073=SURFACE_SIDE_STYLE('',(#9072));
#9074=SURFACE_STYLE_USAGE(.POSITIVE.,#9073);
#9075=PRESENTATION_STYLE_ASSIGNMENT((#9074));
#9076=STYLED_ITEM('',(#9075),#9069);
#9077=CARTESIAN_POINT('',(0.E0,0.E0,6.2E0));
#9078=DIRECTION('',(0.E0,0.E0,1.E0));
#9079=DIRECTION('',(1.E0,0.E0,0.E0));
#9080=AXIS2_PLACEMENT_3D('',#9077,#9078,#9079);
#9081=PLANE('',#9080);
#9082=ORIENTED_EDGE('',*,*,#8936,.T.);
#9084=ORIENTED_EDGE('',*,*,#9083,.T.);
#9085=ORIENTED_EDGE('',*,*,#8983,.T.);
#9086=ORIENTED_EDGE('',*,*,#9065,.F.);
#9088=ORIENTED_EDGE('',*,*,#9087,.F.);
#9090=ORIENTED_EDGE('',*,*,#9089,.F.);
#9092=ORIENTED_EDGE('',*,*,#9091,.F.);
#9093=ORIENTED_EDGE('',*,*,#9041,.F.);
#9094=EDGE_LOOP('',(#9082,#9084,#9085,#9086,#9088,#9090,#9092,#9093));
#9095=FACE_OUTER_BOUND('',#9094,.F.);
#9096=ADVANCED_FACE('',(#9095),#9081,.T.);
#9097=FILL_AREA_STYLE_COLOUR('',#6);
#9098=FILL_AREA_STYLE('',(#9097));
#9099=SURFACE_STYLE_FILL_AREA(#9098);
#9100=SURFACE_SIDE_STYLE('',(#9099));
#9101=SURFACE_STYLE_USAGE(.POSITIVE.,#9100);
#9102=PRESENTATION_STYLE_ASSIGNMENT((#9101));
#9103=STYLED_ITEM('',(#9102),#9096);
#9104=CARTESIAN_POINT('',(7.4E-1,-1.95E0,6.1E0));
#9105=DIRECTION('',(1.E0,0.E0,0.E0));
#9106=DIRECTION('',(0.E0,1.E0,0.E0));
#9107=AXIS2_PLACEMENT_3D('',#9104,#9105,#9106);
#9108=PLANE('',#9107);
#9109=ORIENTED_EDGE('',*,*,#8934,.T.);
#9111=ORIENTED_EDGE('',*,*,#9110,.T.);
#9112=ORIENTED_EDGE('',*,*,#8985,.F.);
#9113=ORIENTED_EDGE('',*,*,#9083,.F.);
#9114=EDGE_LOOP('',(#9109,#9111,#9112,#9113));
#9115=FACE_OUTER_BOUND('',#9114,.F.);
#9116=ADVANCED_FACE('',(#9115),#9108,.T.);
#9117=FILL_AREA_STYLE_COLOUR('',#6);
#9118=FILL_AREA_STYLE('',(#9117));
#9119=SURFACE_STYLE_FILL_AREA(#9118);
#9120=SURFACE_SIDE_STYLE('',(#9119));
#9121=SURFACE_STYLE_USAGE(.POSITIVE.,#9120);
#9122=PRESENTATION_STYLE_ASSIGNMENT((#9121));
#9123=STYLED_ITEM('',(#9122),#9116);
#9124=CARTESIAN_POINT('',(5.135E-1,-1.95E0,1.085853121145E1));
#9125=DIRECTION('',(-7.811980610500E-1,0.E0,-6.242832605570E-1));
#9126=DIRECTION('',(6.242832605570E-1,0.E0,-7.811980610500E-1));
#9127=AXIS2_PLACEMENT_3D('',#9124,#9125,#9126);
#9128=PLANE('',#9127);
#9129=ORIENTED_EDGE('',*,*,#8932,.F.);
#9131=ORIENTED_EDGE('',*,*,#9130,.T.);
#9132=ORIENTED_EDGE('',*,*,#8987,.T.);
#9133=ORIENTED_EDGE('',*,*,#9110,.F.);
#9134=EDGE_LOOP('',(#9129,#9131,#9132,#9133));
#9135=FACE_OUTER_BOUND('',#9134,.F.);
#9136=ADVANCED_FACE('',(#9135),#9128,.F.);
#9137=FILL_AREA_STYLE_COLOUR('',#6);
#9138=FILL_AREA_STYLE('',(#9137));
#9139=SURFACE_STYLE_FILL_AREA(#9138);
#9140=SURFACE_SIDE_STYLE('',(#9139));
#9141=SURFACE_STYLE_USAGE(.POSITIVE.,#9140);
#9142=PRESENTATION_STYLE_ASSIGNMENT((#9141));
#9143=STYLED_ITEM('',(#9142),#9136);
#9144=CARTESIAN_POINT('',(2.694E-1,-1.95E0,1.070976340709E1));
#9145=DIRECTION('',(5.204195754862E-1,0.E0,-8.539106893878E-1));
#9146=DIRECTION('',(8.539106893878E-1,0.E0,5.204195754862E-1));
#9147=AXIS2_PLACEMENT_3D('',#9144,#9145,#9146);
#9148=PLANE('',#9147);
#9149=ORIENTED_EDGE('',*,*,#8930,.F.);
#9151=ORIENTED_EDGE('',*,*,#9150,.T.);
#9152=ORIENTED_EDGE('',*,*,#8989,.T.);
#9153=ORIENTED_EDGE('',*,*,#9130,.F.);
#9154=EDGE_LOOP('',(#9149,#9151,#9152,#9153));
#9155=FACE_OUTER_BOUND('',#9154,.F.);
#9156=ADVANCED_FACE('',(#9155),#9148,.F.);
#9157=FILL_AREA_STYLE_COLOUR('',#6);
#9158=FILL_AREA_STYLE('',(#9157));
#9159=SURFACE_STYLE_FILL_AREA(#9158);
#9160=SURFACE_SIDE_STYLE('',(#9159));
#9161=SURFACE_STYLE_USAGE(.POSITIVE.,#9160);
#9162=PRESENTATION_STYLE_ASSIGNMENT((#9161));
#9163=STYLED_ITEM('',(#9162),#9156);
#9164=CARTESIAN_POINT('',(9.12E-2,-1.95E0,1.099678454291E1));
#9165=DIRECTION('',(-8.495752385122E-1,0.E0,-5.274674531258E-1));
#9166=DIRECTION('',(5.274674531258E-1,0.E0,-8.495752385122E-1));
#9167=AXIS2_PLACEMENT_3D('',#9164,#9165,#9166);
#9168=PLANE('',#9167);
#9169=ORIENTED_EDGE('',*,*,#8928,.F.);
#9171=ORIENTED_EDGE('',*,*,#9170,.T.);
#9172=ORIENTED_EDGE('',*,*,#8991,.T.);
#9173=ORIENTED_EDGE('',*,*,#9150,.F.);
#9174=EDGE_LOOP('',(#9169,#9171,#9172,#9173));
#9175=FACE_OUTER_BOUND('',#9174,.F.);
#9176=ADVANCED_FACE('',(#9175),#9168,.F.);
#9177=FILL_AREA_STYLE_COLOUR('',#6);
#9178=FILL_AREA_STYLE('',(#9177));
#9179=SURFACE_STYLE_FILL_AREA(#9178);
#9180=SURFACE_SIDE_STYLE('',(#9179));
#9181=SURFACE_STYLE_USAGE(.POSITIVE.,#9180);
#9182=PRESENTATION_STYLE_ASSIGNMENT((#9181));
#9183=STYLED_ITEM('',(#9182),#9176);
#9184=CARTESIAN_POINT('',(-1.605E-1,-1.95E0,1.081691441207E1));
#9185=DIRECTION('',(5.814188643642E-1,0.E0,-8.136043904512E-1));
#9186=DIRECTION('',(8.136043904512E-1,0.E0,5.814188643642E-1));
#9187=AXIS2_PLACEMENT_3D('',#9184,#9185,#9186);
#9188=PLANE('',#9187);
#9189=ORIENTED_EDGE('',*,*,#8926,.F.);
#9191=ORIENTED_EDGE('',*,*,#9190,.T.);
#9192=ORIENTED_EDGE('',*,*,#8993,.T.);
#9193=ORIENTED_EDGE('',*,*,#9170,.F.);
#9194=EDGE_LOOP('',(#9189,#9191,#9192,#9193));
#9195=FACE_OUTER_BOUND('',#9194,.F.);
#9196=ADVANCED_FACE('',(#9195),#9188,.F.);
#9197=FILL_AREA_STYLE_COLOUR('',#6);
#9198=FILL_AREA_STYLE('',(#9197));
#9199=SURFACE_STYLE_FILL_AREA(#9198);
#9200=SURFACE_SIDE_STYLE('',(#9199));
#9201=SURFACE_STYLE_USAGE(.POSITIVE.,#9200);
#9202=PRESENTATION_STYLE_ASSIGNMENT((#9201));
#9203=STYLED_ITEM('',(#9202),#9196);
#9204=CARTESIAN_POINT('',(-2.997000002194E-1,-1.95E0,1.109591981604E1));
#9205=DIRECTION('',(-8.948151790949E-1,0.E0,-4.464367763316E-1));
#9206=DIRECTION('',(4.464367763316E-1,0.E0,-8.948151790949E-1));
#9207=AXIS2_PLACEMENT_3D('',#9204,#9205,#9206);
#9208=PLANE('',#9207);
#9209=ORIENTED_EDGE('',*,*,#8924,.F.);
#9211=ORIENTED_EDGE('',*,*,#9210,.T.);
#9212=ORIENTED_EDGE('',*,*,#8995,.T.);
#9213=ORIENTED_EDGE('',*,*,#9190,.F.);
#9214=EDGE_LOOP('',(#9209,#9211,#9212,#9213));
#9215=FACE_OUTER_BOUND('',#9214,.F.);
#9216=ADVANCED_FACE('',(#9215),#9208,.F.);
#9217=FILL_AREA_STYLE_COLOUR('',#6);
#9218=FILL_AREA_STYLE('',(#9217));
#9219=SURFACE_STYLE_FILL_AREA(#9218);
#9220=SURFACE_SIDE_STYLE('',(#9219));
#9221=SURFACE_STYLE_USAGE(.POSITIVE.,#9220);
#9222=PRESENTATION_STYLE_ASSIGNMENT((#9221));
#9223=STYLED_ITEM('',(#9222),#9216);
#9224=CARTESIAN_POINT('',(-5.732779316798E-1,-1.95E0,1.098770316243E1));
#9225=DIRECTION('',(3.678291906875E-1,0.E0,-9.298933737145E-1));
#9226=DIRECTION('',(9.298933737145E-1,0.E0,3.678291906875E-1));
#9227=AXIS2_PLACEMENT_3D('',#9224,#9225,#9226);
#9228=PLANE('',#9227);
#9229=ORIENTED_EDGE('',*,*,#8922,.F.);
#9231=ORIENTED_EDGE('',*,*,#9230,.T.);
#9232=ORIENTED_EDGE('',*,*,#8997,.T.);
#9233=ORIENTED_EDGE('',*,*,#9210,.F.);
#9234=EDGE_LOOP('',(#9229,#9231,#9232,#9233));
#9235=FACE_OUTER_BOUND('',#9234,.F.);
#9236=ADVANCED_FACE('',(#9235),#9228,.F.);
#9237=FILL_AREA_STYLE_COLOUR('',#6);
#9238=FILL_AREA_STYLE('',(#9237));
#9239=SURFACE_STYLE_FILL_AREA(#9238);
#9240=SURFACE_SIDE_STYLE('',(#9239));
#9241=SURFACE_STYLE_USAGE(.POSITIVE.,#9240);
#9242=PRESENTATION_STYLE_ASSIGNMENT((#9241));
#9243=STYLED_ITEM('',(#9242),#9236);
#9244=CARTESIAN_POINT('',(-6.833393329588E-1,-1.95E0,1.11875E1));
#9245=DIRECTION('',(-8.758952005578E-1,0.E0,-4.825013965159E-1));
#9246=DIRECTION('',(4.825013965159E-1,0.E0,-8.758952005578E-1));
#9247=AXIS2_PLACEMENT_3D('',#9244,#9245,#9246);
#9248=PLANE('',#9247);
#9249=ORIENTED_EDGE('',*,*,#8920,.F.);
#9251=ORIENTED_EDGE('',*,*,#9250,.T.);
#9252=ORIENTED_EDGE('',*,*,#8999,.T.);
#9253=ORIENTED_EDGE('',*,*,#9230,.F.);
#9254=EDGE_LOOP('',(#9249,#9251,#9252,#9253));
#9255=FACE_OUTER_BOUND('',#9254,.F.);
#9256=ADVANCED_FACE('',(#9255),#9248,.F.);
#9257=FILL_AREA_STYLE_COLOUR('',#6);
#9258=FILL_AREA_STYLE('',(#9257));
#9259=SURFACE_STYLE_FILL_AREA(#9258);
#9260=SURFACE_SIDE_STYLE('',(#9259));
#9261=SURFACE_STYLE_USAGE(.POSITIVE.,#9260);
#9262=PRESENTATION_STYLE_ASSIGNMENT((#9261));
#9263=STYLED_ITEM('',(#9262),#9256);
#9264=CARTESIAN_POINT('',(-9.618E-1,-1.95E0,1.108226959567E1));
#9265=DIRECTION('',(3.535009661667E-1,0.E0,-9.354341595854E-1));
#9266=DIRECTION('',(9.354341595854E-1,0.E0,3.535009661667E-1));
#9267=AXIS2_PLACEMENT_3D('',#9264,#9265,#9266);
#9268=PLANE('',#9267);
#9269=ORIENTED_EDGE('',*,*,#8918,.F.);
#9271=ORIENTED_EDGE('',*,*,#9270,.T.);
#9272=ORIENTED_EDGE('',*,*,#9001,.T.);
#9273=ORIENTED_EDGE('',*,*,#9250,.F.);
#9274=EDGE_LOOP('',(#9269,#9271,#9272,#9273));
#9275=FACE_OUTER_BOUND('',#9274,.F.);
#9276=ADVANCED_FACE('',(#9275),#9268,.F.);
#9277=FILL_AREA_STYLE_COLOUR('',#6);
#9278=FILL_AREA_STYLE('',(#9277));
#9279=SURFACE_STYLE_FILL_AREA(#9278);
#9280=SURFACE_SIDE_STYLE('',(#9279));
#9281=SURFACE_STYLE_USAGE(.POSITIVE.,#9280);
#9282=PRESENTATION_STYLE_ASSIGNMENT((#9281));
#9283=STYLED_ITEM('',(#9282),#9276);
#9284=CARTESIAN_POINT('',(-1.2068E0,-1.95E0,1.14E1));
#9285=DIRECTION('',(-7.919103845478E-1,0.E0,-6.106373251327E-1));
#9286=DIRECTION('',(6.106373251327E-1,0.E0,-7.919103845478E-1));
#9287=AXIS2_PLACEMENT_3D('',#9284,#9285,#9286);
#9288=PLANE('',#9287);
#9289=ORIENTED_EDGE('',*,*,#8916,.F.);
#9291=ORIENTED_EDGE('',*,*,#9290,.T.);
#9292=ORIENTED_EDGE('',*,*,#9003,.T.);
#9293=ORIENTED_EDGE('',*,*,#9270,.F.);
#9294=EDGE_LOOP('',(#9289,#9291,#9292,#9293));
#9295=FACE_OUTER_BOUND('',#9294,.F.);
#9296=ADVANCED_FACE('',(#9295),#9288,.F.);
#9297=FILL_AREA_STYLE_COLOUR('',#6);
#9298=FILL_AREA_STYLE('',(#9297));
#9299=SURFACE_STYLE_FILL_AREA(#9298);
#9300=SURFACE_SIDE_STYLE('',(#9299));
#9301=SURFACE_STYLE_USAGE(.POSITIVE.,#9300);
#9302=PRESENTATION_STYLE_ASSIGNMENT((#9301));
#9303=STYLED_ITEM('',(#9302),#9296);
#9304=CARTESIAN_POINT('',(-1.4414E0,-1.95E0,1.106938739489E1));
#9305=DIRECTION('',(8.155400918680E-1,0.E0,-5.787005776358E-1));
#9306=DIRECTION('',(5.787005776358E-1,0.E0,8.155400918680E-1));
#9307=AXIS2_PLACEMENT_3D('',#9304,#9305,#9306);
#9308=PLANE('',#9307);
#9309=ORIENTED_EDGE('',*,*,#8914,.F.);
#9311=ORIENTED_EDGE('',*,*,#9310,.T.);
#9312=ORIENTED_EDGE('',*,*,#9005,.T.);
#9313=ORIENTED_EDGE('',*,*,#9290,.F.);
#9314=EDGE_LOOP('',(#9309,#9311,#9312,#9313));
#9315=FACE_OUTER_BOUND('',#9314,.F.);
#9316=ADVANCED_FACE('',(#9315),#9308,.F.);
#9317=FILL_AREA_STYLE_COLOUR('',#6);
#9318=FILL_AREA_STYLE('',(#9317));
#9319=SURFACE_STYLE_FILL_AREA(#9318);
#9320=SURFACE_SIDE_STYLE('',(#9319));
#9321=SURFACE_STYLE_USAGE(.POSITIVE.,#9320);
#9322=PRESENTATION_STYLE_ASSIGNMENT((#9321));
#9323=STYLED_ITEM('',(#9322),#9316);
#9324=CARTESIAN_POINT('',(-1.682705233403E0,-1.95E0,1.13022E1));
#9325=DIRECTION('',(-6.943293608269E-1,0.E0,-7.196573759045E-1));
#9326=DIRECTION('',(7.196573759045E-1,0.E0,-6.943293608269E-1));
#9327=AXIS2_PLACEMENT_3D('',#9324,#9325,#9326);
#9328=PLANE('',#9327);
#9329=ORIENTED_EDGE('',*,*,#8912,.F.);
#9331=ORIENTED_EDGE('',*,*,#9330,.T.);
#9332=ORIENTED_EDGE('',*,*,#9007,.T.);
#9333=ORIENTED_EDGE('',*,*,#9310,.F.);
#9334=EDGE_LOOP('',(#9329,#9331,#9332,#9333));
#9335=FACE_OUTER_BOUND('',#9334,.F.);
#9336=ADVANCED_FACE('',(#9335),#9328,.F.);
#9337=FILL_AREA_STYLE_COLOUR('',#6);
#9338=FILL_AREA_STYLE('',(#9337));
#9339=SURFACE_STYLE_FILL_AREA(#9338);
#9340=SURFACE_SIDE_STYLE('',(#9339));
#9341=SURFACE_STYLE_USAGE(.POSITIVE.,#9340);
#9342=PRESENTATION_STYLE_ASSIGNMENT((#9341));
#9343=STYLED_ITEM('',(#9342),#9336);
#9344=CARTESIAN_POINT('',(-1.761456505018E0,-1.95E0,1.087979819507E1));
#9345=DIRECTION('',(9.830609729138E-1,0.E0,-1.832788136520E-1));
#9346=DIRECTION('',(1.832788136520E-1,0.E0,9.830609729138E-1));
#9347=AXIS2_PLACEMENT_3D('',#9344,#9345,#9346);
#9348=PLANE('',#9347);
#9349=ORIENTED_EDGE('',*,*,#8910,.F.);
#9351=ORIENTED_EDGE('',*,*,#9350,.T.);
#9352=ORIENTED_EDGE('',*,*,#9009,.T.);
#9353=ORIENTED_EDGE('',*,*,#9330,.F.);
#9354=EDGE_LOOP('',(#9349,#9351,#9352,#9353));
#9355=FACE_OUTER_BOUND('',#9354,.F.);
#9356=ADVANCED_FACE('',(#9355),#9348,.F.);
#9357=FILL_AREA_STYLE_COLOUR('',#6);
#9358=FILL_AREA_STYLE('',(#9357));
#9359=SURFACE_STYLE_FILL_AREA(#9358);
#9360=SURFACE_SIDE_STYLE('',(#9359));
#9361=SURFACE_STYLE_USAGE(.POSITIVE.,#9360);
#9362=PRESENTATION_STYLE_ASSIGNMENT((#9361));
#9363=STYLED_ITEM('',(#9362),#9356);
#9364=CARTESIAN_POINT('',(-2.116841619294E0,-1.95E0,1.11959E1));
#9365=DIRECTION('',(-6.646033150418E-1,0.E0,-7.471963822419E-1));
#9366=DIRECTION('',(7.471963822419E-1,0.E0,-6.646033150418E-1));
#9367=AXIS2_PLACEMENT_3D('',#9364,#9365,#9366);
#9368=PLANE('',#9367);
#9369=ORIENTED_EDGE('',*,*,#8908,.F.);
#9371=ORIENTED_EDGE('',*,*,#9370,.T.);
#9372=ORIENTED_EDGE('',*,*,#9011,.T.);
#9373=ORIENTED_EDGE('',*,*,#9350,.F.);
#9374=EDGE_LOOP('',(#9369,#9371,#9372,#9373));
#9375=FACE_OUTER_BOUND('',#9374,.F.);
#9376=ADVANCED_FACE('',(#9375),#9368,.F.);
#9377=FILL_AREA_STYLE_COLOUR('',#6);
#9378=FILL_AREA_STYLE('',(#9377));
#9379=SURFACE_STYLE_FILL_AREA(#9378);
#9380=SURFACE_SIDE_STYLE('',(#9379));
#9381=SURFACE_STYLE_USAGE(.POSITIVE.,#9380);
#9382=PRESENTATION_STYLE_ASSIGNMENT((#9381));
#9383=STYLED_ITEM('',(#9382),#9376);
#9384=CARTESIAN_POINT('',(-2.194937490292E0,-1.95E0,1.077701359740E1));
#9385=DIRECTION('',(9.830609729138E-1,0.E0,-1.832788136520E-1));
#9386=DIRECTION('',(1.832788136520E-1,0.E0,9.830609729138E-1));
#9387=AXIS2_PLACEMENT_3D('',#9384,#9385,#9386);
#9388=PLANE('',#9387);
#9389=ORIENTED_EDGE('',*,*,#8906,.F.);
#9391=ORIENTED_EDGE('',*,*,#9390,.T.);
#9392=ORIENTED_EDGE('',*,*,#9013,.T.);
#9393=ORIENTED_EDGE('',*,*,#9370,.F.);
#9394=EDGE_LOOP('',(#9389,#9391,#9392,#9393));
#9395=FACE_OUTER_BOUND('',#9394,.F.);
#9396=ADVANCED_FACE('',(#9395),#9388,.F.);
#9397=FILL_AREA_STYLE_COLOUR('',#6);
#9398=FILL_AREA_STYLE('',(#9397));
#9399=SURFACE_STYLE_FILL_AREA(#9398);
#9400=SURFACE_SIDE_STYLE('',(#9399));
#9401=SURFACE_STYLE_USAGE(.POSITIVE.,#9400);
#9402=PRESENTATION_STYLE_ASSIGNMENT((#9401));
#9403=STYLED_ITEM('',(#9402),#9396);
#9404=CARTESIAN_POINT('',(-2.4617E0,-1.95E0,1.095888705350E1));
#9405=DIRECTION('',(-5.633155258707E-1,0.E0,-8.262418642946E-1));
#9406=DIRECTION('',(8.262418642946E-1,0.E0,-5.633155258707E-1));
#9407=AXIS2_PLACEMENT_3D('',#9404,#9405,#9406);
#9408=PLANE('',#9407);
#9409=ORIENTED_EDGE('',*,*,#8904,.F.);
#9411=ORIENTED_EDGE('',*,*,#9410,.T.);
#9412=ORIENTED_EDGE('',*,*,#9015,.T.);
#9413=ORIENTED_EDGE('',*,*,#9390,.F.);
#9414=EDGE_LOOP('',(#9409,#9411,#9412,#9413));
#9415=FACE_OUTER_BOUND('',#9414,.F.);
#9416=ADVANCED_FACE('',(#9415),#9408,.F.);
#9417=FILL_AREA_STYLE_COLOUR('',#6);
#9418=FILL_AREA_STYLE('',(#9417));
#9419=SURFACE_STYLE_FILL_AREA(#9418);
#9420=SURFACE_SIDE_STYLE('',(#9419));
#9421=SURFACE_STYLE_USAGE(.POSITIVE.,#9420);
#9422=PRESENTATION_STYLE_ASSIGNMENT((#9421));
#9423=STYLED_ITEM('',(#9422),#9416);
#9424=CARTESIAN_POINT('',(-2.4617E0,-1.95E0,1.060038705350E1));
#9425=DIRECTION('',(1.E0,0.E0,0.E0));
#9426=DIRECTION('',(0.E0,0.E0,1.E0));
#9427=AXIS2_PLACEMENT_3D('',#9424,#9425,#9426);
#9428=PLANE('',#9427);
#9429=ORIENTED_EDGE('',*,*,#8902,.F.);
#9431=ORIENTED_EDGE('',*,*,#9430,.T.);
#9432=ORIENTED_EDGE('',*,*,#9017,.T.);
#9433=ORIENTED_EDGE('',*,*,#9410,.F.);
#9434=EDGE_LOOP('',(#9429,#9431,#9432,#9433));
#9435=FACE_OUTER_BOUND('',#9434,.F.);
#9436=ADVANCED_FACE('',(#9435),#9428,.F.);
#9437=FILL_AREA_STYLE_COLOUR('',#6);
#9438=FILL_AREA_STYLE('',(#9437));
#9439=SURFACE_STYLE_FILL_AREA(#9438);
#9440=SURFACE_SIDE_STYLE('',(#9439));
#9441=SURFACE_STYLE_USAGE(.POSITIVE.,#9440);
#9442=PRESENTATION_STYLE_ASSIGNMENT((#9441));
#9443=STYLED_ITEM('',(#9442),#9436);
#9444=CARTESIAN_POINT('',(-2.7533E0,-1.95E0,1.085360045352E1));
#9445=DIRECTION('',(-6.556598206081E-1,0.E0,-7.550564214946E-1));
#9446=DIRECTION('',(7.550564214946E-1,0.E0,-6.556598206081E-1));
#9447=AXIS2_PLACEMENT_3D('',#9444,#9445,#9446);
#9448=PLANE('',#9447);
#9449=ORIENTED_EDGE('',*,*,#8900,.F.);
#9451=ORIENTED_EDGE('',*,*,#9450,.T.);
#9452=ORIENTED_EDGE('',*,*,#9019,.T.);
#9453=ORIENTED_EDGE('',*,*,#9430,.F.);
#9454=EDGE_LOOP('',(#9449,#9451,#9452,#9453));
#9455=FACE_OUTER_BOUND('',#9454,.F.);
#9456=ADVANCED_FACE('',(#9455),#9448,.F.);
#9457=FILL_AREA_STYLE_COLOUR('',#6);
#9458=FILL_AREA_STYLE('',(#9457));
#9459=SURFACE_STYLE_FILL_AREA(#9458);
#9460=SURFACE_SIDE_STYLE('',(#9459));
#9461=SURFACE_STYLE_USAGE(.POSITIVE.,#9460);
#9462=PRESENTATION_STYLE_ASSIGNMENT((#9461));
#9463=STYLED_ITEM('',(#9462),#9456);
#9464=CARTESIAN_POINT('',(-2.7533E0,-1.95E0,1.051730045352E1));
#9465=DIRECTION('',(1.E0,0.E0,0.E0));
#9466=DIRECTION('',(0.E0,0.E0,1.E0));
#9467=AXIS2_PLACEMENT_3D('',#9464,#9465,#9466);
#9468=PLANE('',#9467);
#9469=ORIENTED_EDGE('',*,*,#8898,.F.);
#9471=ORIENTED_EDGE('',*,*,#9470,.T.);
#9472=ORIENTED_EDGE('',*,*,#9021,.T.);
#9473=ORIENTED_EDGE('',*,*,#9450,.F.);
#9474=EDGE_LOOP('',(#9469,#9471,#9472,#9473));
#9475=FACE_OUTER_BOUND('',#9474,.F.);
#9476=ADVANCED_FACE('',(#9475),#9468,.F.);
#9477=FILL_AREA_STYLE_COLOUR('',#6);
#9478=FILL_AREA_STYLE('',(#9477));
#9479=SURFACE_STYLE_FILL_AREA(#9478);
#9480=SURFACE_SIDE_STYLE('',(#9479));
#9481=SURFACE_STYLE_USAGE(.POSITIVE.,#9480);
#9482=PRESENTATION_STYLE_ASSIGNMENT((#9481));
#9483=STYLED_ITEM('',(#9482),#9476);
#9484=CARTESIAN_POINT('',(-3.0129E0,-1.95E0,1.086555520162E1));
#9485=DIRECTION('',(-8.017547827023E-1,0.E0,-5.976531338611E-1));
#9486=DIRECTION('',(5.976531338611E-1,0.E0,-8.017547827023E-1));
#9487=AXIS2_PLACEMENT_3D('',#9484,#9485,#9486);
#9488=PLANE('',#9487);
#9489=ORIENTED_EDGE('',*,*,#8896,.F.);
#9490=ORIENTED_EDGE('',*,*,#8961,.T.);
#9491=ORIENTED_EDGE('',*,*,#9023,.T.);
#9492=ORIENTED_EDGE('',*,*,#9470,.F.);
#9493=EDGE_LOOP('',(#9489,#9490,#9491,#9492));
#9494=FACE_OUTER_BOUND('',#9493,.F.);
#9495=ADVANCED_FACE('',(#9494),#9488,.F.);
#9496=FILL_AREA_STYLE_COLOUR('',#6);
#9497=FILL_AREA_STYLE('',(#9496));
#9498=SURFACE_STYLE_FILL_AREA(#9497);
#9499=SURFACE_SIDE_STYLE('',(#9498));
#9500=SURFACE_STYLE_USAGE(.POSITIVE.,#9499);
#9501=PRESENTATION_STYLE_ASSIGNMENT((#9500));
#9502=STYLED_ITEM('',(#9501),#9495);
#9503=CARTESIAN_POINT('',(3.15E0,2.E0,6.4E0));
#9504=DIRECTION('',(0.E0,1.E0,0.E0));
#9505=DIRECTION('',(-1.E0,0.E0,0.E0));
#9506=AXIS2_PLACEMENT_3D('',#9503,#9504,#9505);
#9507=PLANE('',#9506);
#9508=ORIENTED_EDGE('',*,*,#9087,.T.);
#9509=ORIENTED_EDGE('',*,*,#9063,.F.);
#9510=ORIENTED_EDGE('',*,*,#4294,.F.);
#9512=ORIENTED_EDGE('',*,*,#9511,.T.);
#9513=EDGE_LOOP('',(#9508,#9509,#9510,#9512));
#9514=FACE_OUTER_BOUND('',#9513,.F.);
#9515=ADVANCED_FACE('',(#9514),#9507,.F.);
#9516=FILL_AREA_STYLE_COLOUR('',#26);
#9517=FILL_AREA_STYLE('',(#9516));
#9518=SURFACE_STYLE_FILL_AREA(#9517);
#9519=SURFACE_SIDE_STYLE('',(#9518));
#9520=SURFACE_STYLE_USAGE(.POSITIVE.,#9519);
#9521=PRESENTATION_STYLE_ASSIGNMENT((#9520));
#9522=STYLED_ITEM('',(#9521),#9515);
#9523=CARTESIAN_POINT('',(3.15E0,-2.E0,6.4E0));
#9524=DIRECTION('',(1.E0,0.E0,0.E0));
#9525=DIRECTION('',(0.E0,1.E0,0.E0));
#9526=AXIS2_PLACEMENT_3D('',#9523,#9524,#9525);
#9527=PLANE('',#9526);
#9528=ORIENTED_EDGE('',*,*,#9089,.T.);
#9529=ORIENTED_EDGE('',*,*,#9511,.F.);
#9530=ORIENTED_EDGE('',*,*,#4292,.F.);
#9532=ORIENTED_EDGE('',*,*,#9531,.T.);
#9533=EDGE_LOOP('',(#9528,#9529,#9530,#9532));
#9534=FACE_OUTER_BOUND('',#9533,.F.);
#9535=ADVANCED_FACE('',(#9534),#9527,.F.);
#9536=FILL_AREA_STYLE_COLOUR('',#26);
#9537=FILL_AREA_STYLE('',(#9536));
#9538=SURFACE_STYLE_FILL_AREA(#9537);
#9539=SURFACE_SIDE_STYLE('',(#9538));
#9540=SURFACE_STYLE_USAGE(.POSITIVE.,#9539);
#9541=PRESENTATION_STYLE_ASSIGNMENT((#9540));
#9542=STYLED_ITEM('',(#9541),#9535);
#9543=CARTESIAN_POINT('',(-3.15E0,-2.E0,6.4E0));
#9544=DIRECTION('',(0.E0,-1.E0,0.E0));
#9545=DIRECTION('',(1.E0,0.E0,0.E0));
#9546=AXIS2_PLACEMENT_3D('',#9543,#9544,#9545);
#9547=PLANE('',#9546);
#9548=ORIENTED_EDGE('',*,*,#9091,.T.);
#9549=ORIENTED_EDGE('',*,*,#9531,.F.);
#9550=ORIENTED_EDGE('',*,*,#4290,.F.);
#9551=ORIENTED_EDGE('',*,*,#9043,.T.);
#9552=EDGE_LOOP('',(#9548,#9549,#9550,#9551));
#9553=FACE_OUTER_BOUND('',#9552,.F.);
#9554=ADVANCED_FACE('',(#9553),#9547,.F.);
#9555=FILL_AREA_STYLE_COLOUR('',#26);
#9556=FILL_AREA_STYLE('',(#9555));
#9557=SURFACE_STYLE_FILL_AREA(#9556);
#9558=SURFACE_SIDE_STYLE('',(#9557));
#9559=SURFACE_STYLE_USAGE(.POSITIVE.,#9558);
#9560=PRESENTATION_STYLE_ASSIGNMENT((#9559));
#9561=STYLED_ITEM('',(#9560),#9554);
#9562=CLOSED_SHELL('',(#3752,#3774,#3831,#3853,#3874,#3929,#3949,#3968,#3989,
#4009,#4029,#4048,#4069,#4089,#4109,#4129,#4149,#4169,#4188,#4208,#4244,#4264,
#4302,#4322,#4378,#4400,#4456,#4476,#4496,#4515,#4536,#4556,#4576,#4595,#4616,
#4636,#4656,#4676,#4696,#4716,#4736,#4755,#4774,#4794,#4824,#4843,#4865,#4897,
#4919,#5141,#5180,#5201,#5251,#5271,#5320,#5342,#5365,#5387,#5409,#5432,#5451,
#5474,#5495,#5515,#5535,#5554,#5576,#5598,#5618,#5639,#5658,#5677,#5699,#5722,
#5744,#5764,#5785,#5808,#5827,#5850,#5871,#5891,#5911,#5930,#5952,#5974,#5994,
#6015,#6034,#6064,#6085,#6114,#6135,#6154,#6174,#6194,#6214,#6233,#6263,#6284,
#6313,#6334,#6353,#6373,#6393,#6413,#6432,#6462,#6483,#6512,#6533,#6552,#6572,
#6592,#6612,#6631,#6653,#6674,#6695,#6716,#6737,#6757,#6778,#6873,#6912,#6981,
#7020,#7041,#7061,#7081,#7101,#7121,#7141,#7161,#7181,#7201,#7221,#7241,#7261,
#7281,#7301,#7321,#7341,#7361,#7381,#7401,#7421,#7441,#7461,#7481,#7501,#7521,
#7541,#7561,#7581,#7601,#7621,#7641,#7661,#7681,#7701,#7721,#7741,#7761,#7781,
#7801,#7820,#7841,#7861,#7881,#7901,#7921,#7941,#7961,#7981,#8001,#8021,#8041,
#8060,#8081,#8101,#8121,#8141,#8161,#8181,#8201,#8221,#8241,#8261,#8281,#8301,
#8321,#8340,#8361,#8381,#8401,#8421,#8441,#8461,#8481,#8501,#8521,#8541,#8561,
#8580,#8601,#8621,#8641,#8661,#8681,#8701,#8721,#8740,#8761,#8781,#8800,#8820,
#8840,#8859,#8881,#8944,#8965,#9027,#9048,#9069,#9096,#9116,#9136,#9156,#9176,
#9196,#9216,#9236,#9256,#9276,#9296,#9316,#9336,#9356,#9376,#9396,#9416,#9436,
#9456,#9476,#9495,#9515,#9535,#9554));
#9563=MANIFOLD_SOLID_BREP('',#9562);
#9565=DIMENSIONAL_EXPONENTS(0.E0,0.E0,0.E0,0.E0,0.E0,0.E0,0.E0);
#9567=PLANE_ANGLE_MEASURE_WITH_UNIT(PLANE_ANGLE_MEASURE(1.745329251994E-2),
#9566);
#9568=(CONVERSION_BASED_UNIT('DEGREE',#9567)NAMED_UNIT(*)PLANE_ANGLE_UNIT());
#9570=UNCERTAINTY_MEASURE_WITH_UNIT(LENGTH_MEASURE(2.318245696331E-3),#9564,
'closure',
'Maximum model space distance between geometric entities at asserted connectivities');
#9571=(GEOMETRIC_REPRESENTATION_CONTEXT(3)GLOBAL_UNCERTAINTY_ASSIGNED_CONTEXT((
#9570))GLOBAL_UNIT_ASSIGNED_CONTEXT((#9564,#9568,#9569))REPRESENTATION_CONTEXT(
'ID1','3'));
#9573=MECHANICAL_DESIGN_GEOMETRIC_PRESENTATION_REPRESENTATION('',(#3759,#3781,
#3838,#3860,#3881,#3936,#3956,#3975,#3996,#4016,#4036,#4055,#4076,#4096,#4116,
#4136,#4156,#4176,#4195,#4215,#4251,#4271,#4309,#4329,#4385,#4407,#4463,#4483,
#4503,#4522,#4543,#4563,#4583,#4602,#4623,#4643,#4663,#4683,#4703,#4723,#4743,
#4762,#4781,#4801,#4831,#4850,#4872,#4904,#4926,#5148,#5187,#5208,#5258,#5278,
#5327,#5349,#5372,#5394,#5416,#5439,#5458,#5481,#5502,#5522,#5542,#5561,#5583,
#5605,#5625,#5646,#5665,#5684,#5706,#5729,#5751,#5771,#5792,#5815,#5834,#5857,
#5878,#5898,#5918,#5937,#5959,#5981,#6001,#6022,#6041,#6071,#6092,#6121,#6142,
#6161,#6181,#6201,#6221,#6240,#6270,#6291,#6320,#6341,#6360,#6380,#6400,#6420,
#6439,#6469,#6490,#6519,#6540,#6559,#6579,#6599,#6619,#6638,#6660,#6681,#6702,
#6723,#6744,#6764,#6785,#6880,#6919,#6988,#7027,#7048,#7068,#7088,#7108,#7128,
#7148,#7168,#7188,#7208,#7228,#7248,#7268,#7288,#7308,#7328,#7348,#7368,#7388,
#7408,#7428,#7448,#7468,#7488,#7508,#7528,#7548,#7568,#7588,#7608,#7628,#7648,
#7668,#7688,#7708,#7728,#7748,#7768,#7788,#7808,#7827,#7848,#7868,#7888,#7908,
#7928,#7948,#7968,#7988,#8008,#8028,#8048,#8067,#8088,#8108,#8128,#8148,#8168,
#8188,#8208,#8228,#8248,#8268,#8288,#8308,#8328,#8347,#8368,#8388,#8408,#8428,
#8448,#8468,#8488,#8508,#8528,#8548,#8568,#8587,#8608,#8628,#8648,#8668,#8688,
#8708,#8728,#8747,#8768,#8788,#8807,#8827,#8847,#8866,#8888,#8951,#8972,#9034,
#9055,#9076,#9103,#9123,#9143,#9163,#9183,#9203,#9223,#9243,#9263,#9283,#9303,
#9323,#9343,#9363,#9383,#9403,#9423,#9443,#9463,#9483,#9502,#9522,#9542,#9561),
#9571);
#9574=APPLICATION_CONTEXT(
'CONFIGURATION CONTROLLED 3D DESIGNS OF MECHANICAL PARTS AND ASSEMBLIES');
#9575=APPLICATION_PROTOCOL_DEFINITION('international standard',
'ccd_cla_gvp_ast_asd',1995,#9574);
#9576=DESIGN_CONTEXT('',#9574,'design');
#9577=MECHANICAL_CONTEXT('',#9574,'mechanical');
#9578=PRODUCT('365','365','NOT SPECIFIED',(#9577));
#9579=PRODUCT_DEFINITION_FORMATION_WITH_SPECIFIED_SOURCE('1','LAST_VERSION',
#9578,.MADE.);
#9587=DERIVED_UNIT_ELEMENT(#9586,2.E0);
#9588=DERIVED_UNIT((#9587));
#9589=MEASURE_REPRESENTATION_ITEM('surface area measure',AREA_MEASURE(
8.730071215804E2),#9588);
#9594=DERIVED_UNIT_ELEMENT(#9593,3.E0);
#9595=DERIVED_UNIT((#9594));
#9596=MEASURE_REPRESENTATION_ITEM('volume measure',VOLUME_MEASURE(
6.020183642110E2),#9595);
#9600=CARTESIAN_POINT('centre point',(-1.442510904819E-1,-1.415468209729E-3,
3.638548552438E0));
#9605=DERIVED_UNIT_ELEMENT(#9604,2.E0);
#9606=DERIVED_UNIT((#9605));
#9607=MEASURE_REPRESENTATION_ITEM('surface area measure',AREA_MEASURE(
8.730071215804E2),#9606);
#9612=DERIVED_UNIT_ELEMENT(#9611,3.E0);
#9613=DERIVED_UNIT((#9612));
#9614=MEASURE_REPRESENTATION_ITEM('volume measure',VOLUME_MEASURE(
6.020183642110E2),#9613);
#9618=CARTESIAN_POINT('centre point',(-1.442510904819E-1,-1.415468209729E-3,
3.638548552438E0));
#9623=PRODUCT_CATEGORY('part','');
#9624=PRODUCT_RELATED_PRODUCT_CATEGORY('detail','',(#9578));
#9625=PRODUCT_CATEGORY_RELATIONSHIP('','',#9623,#9624);
#9626=SECURITY_CLASSIFICATION_LEVEL('unclassified');
#9627=SECURITY_CLASSIFICATION('','',#9626);
#9628=CC_DESIGN_SECURITY_CLASSIFICATION(#9627,(#9579));
#9629=APPROVAL_STATUS('approved');
#9630=APPROVAL(#9629,'');
#9631=CC_DESIGN_APPROVAL(#9630,(#9627,#9579,#9580));
#9632=CALENDAR_DATE(121,26,9);
#9633=COORDINATED_UNIVERSAL_TIME_OFFSET(8,0,.AHEAD.);
#9634=LOCAL_TIME(22,54,3.7E1,#9633);
#9635=DATE_AND_TIME(#9632,#9634);
#9636=APPROVAL_DATE_TIME(#9635,#9630);
#9637=DATE_TIME_ROLE('creation_date');
#9638=CC_DESIGN_DATE_AND_TIME_ASSIGNMENT(#9635,#9637,(#9580));
#9639=DATE_TIME_ROLE('classification_date');
#9640=CC_DESIGN_DATE_AND_TIME_ASSIGNMENT(#9635,#9639,(#9627));
#9641=PERSON('UNSPECIFIED','UNSPECIFIED',$,$,$,$);
#9642=ORGANIZATION('UNSPECIFIED','UNSPECIFIED','UNSPECIFIED');
#9643=PERSON_AND_ORGANIZATION(#9641,#9642);
#9644=APPROVAL_ROLE('approver');
#9645=APPROVAL_PERSON_ORGANIZATION(#9643,#9630,#9644);
#9646=PERSON_AND_ORGANIZATION_ROLE('creator');
#9647=CC_DESIGN_PERSON_AND_ORGANIZATION_ASSIGNMENT(#9643,#9646,(#9579,#9580));
#9648=PERSON_AND_ORGANIZATION_ROLE('design_supplier');
#9649=CC_DESIGN_PERSON_AND_ORGANIZATION_ASSIGNMENT(#9643,#9648,(#9579));
#9650=PERSON_AND_ORGANIZATION_ROLE('classification_officer');
#9651=CC_DESIGN_PERSON_AND_ORGANIZATION_ASSIGNMENT(#9643,#9650,(#9627));
#9652=PERSON_AND_ORGANIZATION_ROLE('design_owner');
#9653=CC_DESIGN_PERSON_AND_ORGANIZATION_ASSIGNMENT(#9643,#9652,(#9578));
#1=DRAUGHTING_PRE_DEFINED_COLOUR('green');
#2=COLOUR_RGB('',1.1E-2,1.2E-2,1.E0);
#3=COLOUR_RGB('',2.15686E-1,5.18041E-1,1.E0);
#4=COLOUR_RGB('',2.36993E-1,1.E0,6.49617E-1);
#5=COLOUR_RGB('',2.57282E-1,2.57282E-1,2.57282E-1);
#6=COLOUR_RGB('',2.57282E-1,2.57282E-1,2.57282E-1);
#7=COLOUR_RGB('',2.60765E-1,3.42788E-1,8.64078E-1);
#8=COLOUR_RGB('',2.69953E-1,7.31256E-1,1.E0);
#9=COLOUR_RGB('',3.34677E-1,8.15534E-1,4.38691E-1);
#10=COLOUR_RGB('',3.43194E-1,8.15534E-1,5.48197E-1);
#11=COLOUR_RGB('',4.1E-1,2.61589E-1,1.12848E-1);
#12=COLOUR_RGB('',4.46095E-1,1.E0,3.94692E-1);
#13=COLOUR_RGB('',4.51243E-1,1.E0,6.21554E-1);
#14=COLOUR_RGB('',5.45098E-1,2.62745E-1,1.76471E-1);
#15=COLOUR_RGB('',6.31068E-1,5.73064E-1,5.17491E-1);
#16=COLOUR_RGB('',6.35294E-1,6.86275E-1,7.4902E-1);
#17=COLOUR_RGB('',6.40777E-1,6.40777E-1,6.40777E-1);
#18=COLOUR_RGB('',6.69062E-1,6.69903E-1,6.55217E-1);
#19=COLOUR_RGB('',6.86275E-1,4.07471E-1,2.42725E-1);
#20=COLOUR_RGB('',6.86275E-1,5.35447E-1,4.36243E-1);
#21=COLOUR_RGB('',6.8932E-1,1.934E-1,1.61111E-1);
#22=COLOUR_RGB('',6.94175E-1,1.01459E-1,1.27464E-1);
#23=COLOUR_RGB('',7.82797E-1,8.00971E-1,7.18987E-1);
#24=COLOUR_RGB('',7.96078E-1,8.1E-1,9.41176E-1);
#25=COLOUR_RGB('',8.03922E-1,4.98039E-1,1.96078E-1);
#26=COLOUR_RGB('',8.15534E-1,8.15534E-1,8.15534E-1);
#27=COLOUR_RGB('',8.5098E-1,8.07843E-1,7.37255E-1);
#28=COLOUR_RGB('',8.5098E-1,8.07843E-1,7.7E-1);
#29=COLOUR_RGB('',8.73786E-1,8.73278E-1,7.54776E-1);
#30=COLOUR_RGB('',8.83495E-1,8.E-1,7.4E-1);
#31=COLOUR_RGB('',8.82353E-1,8.82353E-1,8.82353E-1);
#32=COLOUR_RGB('',8.82353E-1,8.82353E-1,8.82353E-1);
#33=COLOUR_RGB('',8.8835E-1,7.49609E-1,6.19346E-1);
#34=COLOUR_RGB('',1.E0,2.99729E-1,5.3274E-2);
#35=COLOUR_RGB('',1.E0,6.48135E-1,4.66429E-1);
#36=DRAUGHTING_PRE_DEFINED_COLOUR('yellow');
#37=COLOUR_RGB('',1.E0,1.E0,5.3E-1);
#38=DRAUGHTING_PRE_DEFINED_COLOUR('white');
#51=CIRCLE('',#50,1.E-1);
#60=CIRCLE('',#59,1.E-1);
#77=CIRCLE('',#76,3.5E-1);
#86=CIRCLE('',#85,3.5E-1);
#127=CIRCLE('',#126,3.E-1);
#140=CIRCLE('',#139,3.E-1);
#149=CIRCLE('',#148,3.E-1);
#202=CIRCLE('',#201,3.E-1);
#215=CIRCLE('',#214,3.E-1);
#220=CIRCLE('',#219,3.E-1);
#265=CIRCLE('',#264,7.5E-1);
#270=CIRCLE('',#269,7.5E-1);
#315=CIRCLE('',#314,3.5E-1);
#324=CIRCLE('',#323,3.5E-1);
#341=CIRCLE('',#340,1.E-1);
#350=CIRCLE('',#349,1.E-1);
#435=CIRCLE('',#434,3.E-1);
#448=CIRCLE('',#447,3.E-1);
#453=CIRCLE('',#452,3.E-1);
#502=CIRCLE('',#501,3.E-1);
#515=CIRCLE('',#514,3.E-1);
#524=CIRCLE('',#523,3.E-1);
#573=CIRCLE('',#572,7.5E-1);
#578=CIRCLE('',#577,7.5E-1);
#1139=CIRCLE('',#1138,6.471E-1);
#1196=CIRCLE('',#1195,6.471E-1);
#1233=CIRCLE('',#1232,6.471E-1);
#1362=CIRCLE('',#1361,6.471E-1);
#1471=CIRCLE('',#1470,6.5E-1);
#1512=CIRCLE('',#1511,6.5E-1);
#1561=CIRCLE('',#1560,6.5E-1);
#1602=CIRCLE('',#1601,6.5E-1);
#1651=CIRCLE('',#1650,6.5E-1);
#1692=CIRCLE('',#1691,6.5E-1);
#3726=EDGE_CURVE('',#3064,#3059,#42,.T.);
#3728=EDGE_CURVE('',#2832,#3064,#46,.T.);
#3730=EDGE_CURVE('',#2830,#2832,#51,.T.);
#3732=EDGE_CURVE('',#2828,#2830,#55,.T.);
#3734=EDGE_CURVE('',#2827,#2828,#60,.T.);
#3736=EDGE_CURVE('',#3003,#2827,#64,.T.);
#3738=EDGE_CURVE('',#3008,#3003,#68,.T.);
#3740=EDGE_CURVE('',#2840,#3008,#72,.T.);
#3742=EDGE_CURVE('',#2838,#2840,#77,.T.);
#3744=EDGE_CURVE('',#2836,#2838,#81,.T.);
#3746=EDGE_CURVE('',#2835,#2836,#86,.T.);
#3748=EDGE_CURVE('',#3059,#2835,#90,.T.);
#3765=EDGE_CURVE('',#3059,#3060,#149,.T.);
#3767=EDGE_CURVE('',#3062,#3060,#302,.T.);
#3769=EDGE_CURVE('',#3062,#3064,#215,.T.);
#3787=EDGE_CURVE('',#3530,#3532,#127,.T.);
#3789=EDGE_CURVE('',#3530,#3044,#131,.T.);
#3791=EDGE_CURVE('',#3048,#3044,#270,.T.);
#3793=EDGE_CURVE('',#3536,#3048,#135,.T.);
#3795=EDGE_CURVE('',#3535,#3536,#140,.T.);
#3797=EDGE_CURVE('',#3060,#3535,#144,.T.);
#3801=EDGE_CURVE('',#2835,#2851,#358,.T.);
#3803=EDGE_CURVE('',#3056,#2851,#310,.T.);
#3805=EDGE_CURVE('',#3054,#3056,#153,.T.);
#3807=EDGE_CURVE('',#3532,#3054,#157,.T.);
#3811=EDGE_CURVE('',#3027,#3031,#110,.T.);
#3813=EDGE_CURVE('',#3039,#3027,#114,.T.);
#3815=EDGE_CURVE('',#3035,#3039,#118,.T.);
#3817=EDGE_CURVE('',#3031,#3035,#122,.T.);
#3821=EDGE_CURVE('',#3011,#3015,#94,.T.);
#3823=EDGE_CURVE('',#3023,#3011,#98,.T.);
#3825=EDGE_CURVE('',#3019,#3023,#102,.T.);
#3827=EDGE_CURVE('',#3015,#3019,#106,.T.);
#3844=EDGE_CURVE('',#3011,#3012,#161,.T.);
#3847=EDGE_CURVE('',#3015,#3016,#232,.T.);
#3849=EDGE_CURVE('',#3012,#3016,#169,.T.);
#3867=EDGE_CURVE('',#3024,#3012,#181,.T.);
#3869=EDGE_CURVE('',#3023,#3024,#165,.T.);
#3887=EDGE_CURVE('',#3527,#3528,#202,.T.);
#3889=EDGE_CURVE('',#3527,#3052,#290,.T.);
#3891=EDGE_CURVE('',#3051,#3052,#206,.T.);
#3893=EDGE_CURVE('',#2848,#3051,#354,.T.);
#3895=EDGE_CURVE('',#2832,#2848,#210,.T.);
#3899=EDGE_CURVE('',#3062,#3540,#298,.T.);
#3901=EDGE_CURVE('',#3538,#3540,#220,.T.);
#3903=EDGE_CURVE('',#3538,#3047,#224,.T.);
#3905=EDGE_CURVE('',#3043,#3047,#265,.T.);
#3907=EDGE_CURVE('',#3528,#3043,#228,.T.);
#3911=EDGE_CURVE('',#3028,#3032,#185,.T.);
#3913=EDGE_CURVE('',#3032,#3036,#189,.T.);
#3915=EDGE_CURVE('',#3036,#3040,#193,.T.);
#3917=EDGE_CURVE('',#3040,#3028,#197,.T.);
#3922=EDGE_CURVE('',#3016,#3020,#173,.T.);
#3924=EDGE_CURVE('',#3020,#3024,#177,.T.);
#3944=EDGE_CURVE('',#3019,#3020,#236,.T.);
#3981=EDGE_CURVE('',#3027,#3028,#240,.T.);
#3984=EDGE_CURVE('',#3031,#3032,#252,.T.);
#4004=EDGE_CURVE('',#3039,#3040,#244,.T.);
#4022=EDGE_CURVE('',#3035,#3036,#248,.T.);
#4062=EDGE_CURVE('',#3530,#3528,#256,.T.);
#4065=EDGE_CURVE('',#3532,#3527,#282,.T.);
#4084=EDGE_CURVE('',#3043,#3044,#260,.T.);
#4104=EDGE_CURVE('',#3047,#3048,#278,.T.);
#4122=EDGE_CURVE('',#3538,#3536,#274,.T.);
#4145=EDGE_CURVE('',#3540,#3535,#294,.T.);
#4164=EDGE_CURVE('',#3054,#3052,#286,.T.);
#4204=EDGE_CURVE('',#3056,#3051,#306,.T.);
#4223=EDGE_CURVE('',#2851,#2852,#315,.T.);
#4225=EDGE_CURVE('',#2852,#2854,#319,.T.);
#4227=EDGE_CURVE('',#2854,#2856,#324,.T.);
#4229=EDGE_CURVE('',#2856,#2995,#328,.T.);
#4231=EDGE_CURVE('',#3000,#2995,#332,.T.);
#4233=EDGE_CURVE('',#3000,#2843,#336,.T.);
#4235=EDGE_CURVE('',#2843,#2844,#341,.T.);
#4237=EDGE_CURVE('',#2844,#2846,#345,.T.);
#4239=EDGE_CURVE('',#2846,#2848,#350,.T.);
#4258=EDGE_CURVE('',#2836,#2852,#362,.T.);
#4278=EDGE_CURVE('',#2838,#2854,#398,.T.);
#4284=EDGE_CURVE('',#3543,#3544,#366,.T.);
#4286=EDGE_CURVE('',#3544,#3546,#370,.T.);
#4288=EDGE_CURVE('',#3546,#2859,#374,.T.);
#4290=EDGE_CURVE('',#2859,#2860,#378,.T.);
#4292=EDGE_CURVE('',#2860,#2862,#382,.T.);
#4294=EDGE_CURVE('',#2862,#2864,#386,.T.);
#4296=EDGE_CURVE('',#2864,#3548,#390,.T.);
#4298=EDGE_CURVE('',#3548,#3543,#394,.T.);
#4316=EDGE_CURVE('',#2840,#2856,#443,.T.);
#4335=EDGE_CURVE('',#3511,#3512,#435,.T.);
#4337=EDGE_CURVE('',#3511,#2996,#598,.T.);
#4339=EDGE_CURVE('',#2995,#2996,#439,.T.);
#4344=EDGE_CURVE('',#3006,#3008,#448,.T.);
#4346=EDGE_CURVE('',#3006,#3524,#606,.T.);
#4348=EDGE_CURVE('',#3522,#3524,#453,.T.);
#4350=EDGE_CURVE('',#3522,#2935,#457,.T.);
#4352=EDGE_CURVE('',#2931,#2935,#573,.T.);
#4354=EDGE_CURVE('',#3512,#2931,#461,.T.);
#4358=EDGE_CURVE('',#2923,#2924,#418,.T.);
#4360=EDGE_CURVE('',#2924,#2926,#422,.T.);
#4362=EDGE_CURVE('',#2926,#2928,#426,.T.);
#4364=EDGE_CURVE('',#2928,#2923,#430,.T.);
#4368=EDGE_CURVE('',#2915,#2916,#402,.T.);
#4370=EDGE_CURVE('',#2916,#2918,#406,.T.);
#4372=EDGE_CURVE('',#2918,#2920,#410,.T.);
#4374=EDGE_CURVE('',#2920,#2915,#414,.T.);
#4391=EDGE_CURVE('',#2899,#2900,#469,.T.);
#4393=EDGE_CURVE('',#2916,#2900,#544,.T.);
#4396=EDGE_CURVE('',#2915,#2899,#465,.T.);
#4413=EDGE_CURVE('',#3514,#3516,#502,.T.);
#4415=EDGE_CURVE('',#3514,#2932,#506,.T.);
#4417=EDGE_CURVE('',#2936,#2932,#578,.T.);
#4419=EDGE_CURVE('',#3520,#2936,#510,.T.);
#4421=EDGE_CURVE('',#3519,#3520,#515,.T.);
#4423=EDGE_CURVE('',#3004,#3519,#519,.T.);
#4425=EDGE_CURVE('',#3003,#3004,#524,.T.);
#4428=EDGE_CURVE('',#2827,#2843,#614,.T.);
#4431=EDGE_CURVE('',#2998,#3000,#528,.T.);
#4433=EDGE_CURVE('',#3516,#2998,#532,.T.);
#4437=EDGE_CURVE('',#2907,#2908,#485,.T.);
#4439=EDGE_CURVE('',#2912,#2907,#489,.T.);
#4441=EDGE_CURVE('',#2910,#2912,#493,.T.);
#4443=EDGE_CURVE('',#2908,#2910,#497,.T.);
#4448=EDGE_CURVE('',#2904,#2899,#473,.T.);
#4450=EDGE_CURVE('',#2902,#2904,#477,.T.);
#4452=EDGE_CURVE('',#2900,#2902,#481,.T.);
#4472=EDGE_CURVE('',#2920,#2904,#536,.T.);
#4492=EDGE_CURVE('',#2918,#2902,#540,.T.);
#4529=EDGE_CURVE('',#2924,#2908,#552,.T.);
#4532=EDGE_CURVE('',#2923,#2907,#548,.T.);
#4550=EDGE_CURVE('',#2926,#2910,#556,.T.);
#4570=EDGE_CURVE('',#2928,#2912,#560,.T.);
#4609=EDGE_CURVE('',#3514,#3512,#564,.T.);
#4612=EDGE_CURVE('',#3516,#3511,#590,.T.);
#4631=EDGE_CURVE('',#2931,#2932,#568,.T.);
#4651=EDGE_CURVE('',#2935,#2936,#586,.T.);
#4669=EDGE_CURVE('',#3522,#3520,#582,.T.);
#4692=EDGE_CURVE('',#3524,#3519,#602,.T.);
#4711=EDGE_CURVE('',#2998,#2996,#594,.T.);
#4731=EDGE_CURVE('',#3006,#3004,#610,.T.);
#4788=EDGE_CURVE('',#2828,#2844,#618,.T.);
#4808=EDGE_CURVE('',#2830,#2846,#638,.T.);
#4814=EDGE_CURVE('',#2875,#2876,#622,.T.);
#4816=EDGE_CURVE('',#2880,#2875,#626,.T.);
#4818=EDGE_CURVE('',#2878,#2880,#630,.T.);
#4820=EDGE_CURVE('',#2876,#2878,#634,.T.);
#4856=EDGE_CURVE('',#2867,#2868,#662,.T.);
#4858=EDGE_CURVE('',#2867,#2875,#642,.T.);
#4861=EDGE_CURVE('',#2868,#2876,#2484,.T.);
#4878=EDGE_CURVE('',#2819,#2820,#646,.T.);
#4880=EDGE_CURVE('',#2824,#2819,#650,.T.);
#4882=EDGE_CURVE('',#2822,#2824,#654,.T.);
#4884=EDGE_CURVE('',#2820,#2822,#658,.T.);
#4889=EDGE_CURVE('',#2868,#2870,#666,.T.);
#4891=EDGE_CURVE('',#2870,#2872,#670,.T.);
#4893=EDGE_CURVE('',#2872,#2867,#674,.T.);
#4910=EDGE_CURVE('',#2811,#2812,#682,.T.);
#4912=EDGE_CURVE('',#2811,#2819,#678,.T.);
#4915=EDGE_CURVE('',#2812,#2820,#1102,.T.);
#4933=EDGE_CURVE('',#2812,#2814,#686,.T.);
#4935=EDGE_CURVE('',#2814,#2816,#690,.T.);
#4937=EDGE_CURVE('',#2816,#2811,#694,.T.);
#4941=EDGE_CURVE('',#3644,#3648,#1454,.T.);
#4943=EDGE_CURVE('',#3643,#3644,#698,.T.);
#4945=EDGE_CURVE('',#3647,#3643,#1495,.T.);
#4947=EDGE_CURVE('',#3647,#3648,#702,.T.);
#4951=EDGE_CURVE('',#3666,#3672,#1544,.T.);
#4953=EDGE_CURVE('',#3674,#3666,#706,.T.);
#4955=EDGE_CURVE('',#3680,#3674,#1585,.T.);
#4957=EDGE_CURVE('',#3680,#3672,#710,.T.);
#4961=EDGE_CURVE('',#3690,#3696,#1634,.T.);
#4963=EDGE_CURVE('',#3698,#3690,#714,.T.);
#4965=EDGE_CURVE('',#3704,#3698,#1675,.T.);
#4967=EDGE_CURVE('',#3704,#3696,#718,.T.);
#4971=EDGE_CURVE('',#3321,#3322,#722,.T.);
#4973=EDGE_CURVE('',#3322,#3324,#726,.T.);
#4975=EDGE_CURVE('',#3324,#3326,#730,.T.);
#4977=EDGE_CURVE('',#3326,#3328,#734,.T.);
#4979=EDGE_CURVE('',#3328,#3330,#738,.T.);
#4981=EDGE_CURVE('',#3330,#3321,#742,.T.);
#4985=EDGE_CURVE('',#3333,#3334,#746,.T.);
#4987=EDGE_CURVE('',#3334,#3336,#750,.T.);
#4989=EDGE_CURVE('',#3336,#3338,#754,.T.);
#4991=EDGE_CURVE('',#3338,#3340,#758,.T.);
#4993=EDGE_CURVE('',#3340,#3342,#762,.T.);
#4995=EDGE_CURVE('',#3342,#3344,#766,.T.);
#4997=EDGE_CURVE('',#3344,#3346,#770,.T.);
#4999=EDGE_CURVE('',#3346,#3348,#774,.T.);
#5001=EDGE_CURVE('',#3348,#3350,#778,.T.);
#5003=EDGE_CURVE('',#3350,#3352,#782,.T.);
#5005=EDGE_CURVE('',#3352,#3354,#786,.T.);
#5007=EDGE_CURVE('',#3354,#3356,#790,.T.);
#5009=EDGE_CURVE('',#3356,#3358,#794,.T.);
#5011=EDGE_CURVE('',#3358,#3360,#798,.T.);
#5013=EDGE_CURVE('',#3360,#3362,#802,.T.);
#5015=EDGE_CURVE('',#3362,#3364,#806,.T.);
#5017=EDGE_CURVE('',#3364,#3366,#810,.T.);
#5019=EDGE_CURVE('',#3366,#3368,#814,.T.);
#5021=EDGE_CURVE('',#3368,#3370,#818,.T.);
#5023=EDGE_CURVE('',#3370,#3372,#822,.T.);
#5025=EDGE_CURVE('',#3372,#3374,#826,.T.);
#5027=EDGE_CURVE('',#3374,#3376,#830,.T.);
#5029=EDGE_CURVE('',#3376,#3378,#834,.T.);
#5031=EDGE_CURVE('',#3378,#3380,#838,.T.);
#5033=EDGE_CURVE('',#3380,#3382,#842,.T.);
#5035=EDGE_CURVE('',#3382,#3384,#846,.T.);
#5037=EDGE_CURVE('',#3384,#3386,#850,.T.);
#5039=EDGE_CURVE('',#3386,#3388,#854,.T.);
#5041=EDGE_CURVE('',#3388,#3390,#858,.T.);
#5043=EDGE_CURVE('',#3390,#3392,#862,.T.);
#5045=EDGE_CURVE('',#3392,#3394,#866,.T.);
#5047=EDGE_CURVE('',#3394,#3396,#870,.T.);
#5049=EDGE_CURVE('',#3396,#3398,#874,.T.);
#5051=EDGE_CURVE('',#3398,#3400,#878,.T.);
#5053=EDGE_CURVE('',#3400,#3402,#882,.T.);
#5055=EDGE_CURVE('',#3402,#3404,#886,.T.);
#5057=EDGE_CURVE('',#3404,#3406,#890,.T.);
#5059=EDGE_CURVE('',#3406,#3408,#894,.T.);
#5061=EDGE_CURVE('',#3408,#3410,#898,.T.);
#5063=EDGE_CURVE('',#3410,#3333,#902,.T.);
#5067=EDGE_CURVE('',#3413,#3414,#906,.T.);
#5069=EDGE_CURVE('',#3414,#3416,#910,.T.);
#5071=EDGE_CURVE('',#3416,#3418,#914,.T.);
#5073=EDGE_CURVE('',#3418,#3420,#918,.T.);
#5075=EDGE_CURVE('',#3420,#3422,#922,.T.);
#5077=EDGE_CURVE('',#3422,#3424,#926,.T.);
#5079=EDGE_CURVE('',#3424,#3426,#930,.T.);
#5081=EDGE_CURVE('',#3426,#3428,#934,.T.);
#5083=EDGE_CURVE('',#3428,#3430,#938,.T.);
#5085=EDGE_CURVE('',#3430,#3432,#942,.T.);
#5087=EDGE_CURVE('',#3432,#3434,#946,.T.);
#5089=EDGE_CURVE('',#3434,#3413,#950,.T.);
#5093=EDGE_CURVE('',#3437,#3438,#954,.T.);
#5095=EDGE_CURVE('',#3438,#3440,#958,.T.);
#5097=EDGE_CURVE('',#3440,#3442,#962,.T.);
#5099=EDGE_CURVE('',#3442,#3444,#966,.T.);
#5101=EDGE_CURVE('',#3444,#3446,#970,.T.);
#5103=EDGE_CURVE('',#3446,#3448,#974,.T.);
#5105=EDGE_CURVE('',#3448,#3450,#978,.T.);
#5107=EDGE_CURVE('',#3450,#3452,#982,.T.);
#5109=EDGE_CURVE('',#3452,#3454,#986,.T.);
#5111=EDGE_CURVE('',#3454,#3456,#990,.T.);
#5113=EDGE_CURVE('',#3456,#3458,#994,.T.);
#5115=EDGE_CURVE('',#3458,#3460,#998,.T.);
#5117=EDGE_CURVE('',#3460,#3462,#1002,.T.);
#5119=EDGE_CURVE('',#3462,#3437,#1006,.T.);
#5123=EDGE_CURVE('',#3489,#3490,#1058,.T.);
#5125=EDGE_CURVE('',#3490,#3492,#1062,.T.);
#5127=EDGE_CURVE('',#3492,#3494,#1066,.T.);
#5129=EDGE_CURVE('',#3494,#3496,#1070,.T.);
#5131=EDGE_CURVE('',#3496,#3498,#1074,.T.);
#5133=EDGE_CURVE('',#3498,#3500,#1078,.T.);
#5135=EDGE_CURVE('',#3500,#3502,#1082,.T.);
#5137=EDGE_CURVE('',#3502,#3489,#1086,.T.);
#5154=EDGE_CURVE('',#3465,#3466,#1010,.T.);
#5156=EDGE_CURVE('',#3466,#3468,#1014,.T.);
#5158=EDGE_CURVE('',#3468,#3470,#1018,.T.);
#5160=EDGE_CURVE('',#3470,#3472,#1022,.T.);
#5162=EDGE_CURVE('',#3472,#3474,#1026,.T.);
#5164=EDGE_CURVE('',#3474,#3476,#1030,.T.);
#5166=EDGE_CURVE('',#3476,#3478,#1034,.T.);
#5168=EDGE_CURVE('',#3478,#3480,#1038,.T.);
#5170=EDGE_CURVE('',#3480,#3482,#1042,.T.);
#5172=EDGE_CURVE('',#3482,#3484,#1046,.T.);
#5174=EDGE_CURVE('',#3484,#3486,#1050,.T.);
#5176=EDGE_CURVE('',#3486,#3465,#1054,.T.);
#5193=EDGE_CURVE('',#3505,#3506,#1090,.T.);
#5195=EDGE_CURVE('',#3506,#3508,#1094,.T.);
#5197=EDGE_CURVE('',#3508,#3505,#1098,.T.);
#5217=EDGE_CURVE('',#2814,#2822,#1155,.T.);
#5221=EDGE_CURVE('',#2955,#2956,#1106,.T.);
#5223=EDGE_CURVE('',#2956,#2958,#1110,.T.);
#5225=EDGE_CURVE('',#2958,#2960,#1114,.T.);
#5227=EDGE_CURVE('',#2960,#2955,#1118,.T.);
#5231=EDGE_CURVE('',#2963,#2964,#1122,.T.);
#5233=EDGE_CURVE('',#2964,#2966,#1126,.T.);
#5235=EDGE_CURVE('',#2966,#2968,#1130,.T.);
#5237=EDGE_CURVE('',#2968,#2963,#1134,.T.);
#5241=EDGE_CURVE('',#2971,#2972,#1139,.T.);
#5243=EDGE_CURVE('',#2972,#2974,#1143,.T.);
#5245=EDGE_CURVE('',#2974,#2976,#1147,.T.);
#5247=EDGE_CURVE('',#2976,#2971,#1151,.T.);
#5267=EDGE_CURVE('',#2816,#2824,#1159,.T.);
#5290=EDGE_CURVE('',#3082,#3084,#1163,.T.);
#5292=EDGE_CURVE('',#3100,#3082,#1167,.T.);
#5294=EDGE_CURVE('',#3098,#3100,#1171,.T.);
#5296=EDGE_CURVE('',#3084,#3098,#1175,.T.);
#5300=EDGE_CURVE('',#3086,#3102,#1179,.T.);
#5302=EDGE_CURVE('',#3088,#3086,#1183,.T.);
#5304=EDGE_CURVE('',#3104,#3088,#1187,.T.);
#5306=EDGE_CURVE('',#3102,#3104,#1191,.T.);
#5310=EDGE_CURVE('',#3090,#3092,#1196,.T.);
#5312=EDGE_CURVE('',#3096,#3090,#1200,.T.);
#5314=EDGE_CURVE('',#3094,#3096,#1204,.T.);
#5316=EDGE_CURVE('',#3092,#3094,#1208,.T.);
#5333=EDGE_CURVE('',#3082,#3067,#1212,.T.);
#5336=EDGE_CURVE('',#3084,#3068,#1228,.T.);
#5338=EDGE_CURVE('',#3067,#3068,#1257,.T.);
#5355=EDGE_CURVE('',#3110,#3112,#1216,.T.);
#5357=EDGE_CURVE('',#3100,#3110,#1220,.T.);
#5361=EDGE_CURVE('',#3112,#3067,#1253,.T.);
#5378=EDGE_CURVE('',#3107,#3108,#1224,.T.);
#5380=EDGE_CURVE('',#3110,#3108,#1325,.T.);
#5383=EDGE_CURVE('',#3112,#3107,#1249,.T.);
#5401=EDGE_CURVE('',#3068,#3107,#1261,.T.);
#5405=EDGE_CURVE('',#3098,#3108,#1329,.T.);
#5422=EDGE_CURVE('',#3075,#3076,#1233,.T.);
#5424=EDGE_CURVE('',#3076,#3078,#1237,.T.);
#5426=EDGE_CURVE('',#3078,#3080,#1241,.T.);
#5428=EDGE_CURVE('',#3080,#3075,#1245,.T.);
#5464=EDGE_CURVE('',#3120,#3115,#1265,.T.);
#5466=EDGE_CURVE('',#3120,#3071,#1269,.T.);
#5468=EDGE_CURVE('',#3071,#3072,#1273,.T.);
#5470=EDGE_CURVE('',#3072,#3115,#1277,.T.);
#5487=EDGE_CURVE('',#3090,#3075,#1281,.T.);
#5490=EDGE_CURVE('',#3092,#3076,#1293,.T.);
#5510=EDGE_CURVE('',#3096,#3080,#1285,.T.);
#5528=EDGE_CURVE('',#3094,#3078,#1289,.T.);
#5567=EDGE_CURVE('',#3115,#3116,#1297,.T.);
#5569=EDGE_CURVE('',#3118,#3116,#1317,.T.);
#5571=EDGE_CURVE('',#3118,#3120,#1309,.T.);
#5591=EDGE_CURVE('',#3086,#3072,#1301,.T.);
#5594=EDGE_CURVE('',#3102,#3116,#1321,.T.);
#5613=EDGE_CURVE('',#3088,#3071,#1305,.T.);
#5632=EDGE_CURVE('',#3104,#3118,#1313,.T.);
#5691=EDGE_CURVE('',#2955,#2939,#1333,.T.);
#5693=EDGE_CURVE('',#2939,#2940,#1386,.T.);
#5695=EDGE_CURVE('',#2956,#2940,#1357,.T.);
#5712=EDGE_CURVE('',#2979,#2980,#1337,.T.);
#5714=EDGE_CURVE('',#2979,#2939,#1390,.T.);
#5718=EDGE_CURVE('',#2960,#2980,#1341,.T.);
#5736=EDGE_CURVE('',#2982,#2980,#1345,.T.);
#5738=EDGE_CURVE('',#2982,#2984,#1353,.T.);
#5740=EDGE_CURVE('',#2984,#2979,#1378,.T.);
#5760=EDGE_CURVE('',#2958,#2982,#1349,.T.);
#5781=EDGE_CURVE('',#2940,#2984,#1382,.T.);
#5798=EDGE_CURVE('',#2947,#2948,#1362,.T.);
#5800=EDGE_CURVE('',#2952,#2947,#1366,.T.);
#5802=EDGE_CURVE('',#2950,#2952,#1370,.T.);
#5804=EDGE_CURVE('',#2948,#2950,#1374,.T.);
#5840=EDGE_CURVE('',#2992,#2987,#1394,.T.);
#5842=EDGE_CURVE('',#2944,#2992,#1398,.T.);
#5844=EDGE_CURVE('',#2943,#2944,#1402,.T.);
#5846=EDGE_CURVE('',#2987,#2943,#1406,.T.);
#5864=EDGE_CURVE('',#2971,#2947,#1410,.T.);
#5867=EDGE_CURVE('',#2972,#2948,#1422,.T.);
#5885=EDGE_CURVE('',#2976,#2952,#1414,.T.);
#5905=EDGE_CURVE('',#2974,#2950,#1418,.T.);
#5943=EDGE_CURVE('',#2987,#2988,#1426,.T.);
#5945=EDGE_CURVE('',#2990,#2988,#1446,.T.);
#5947=EDGE_CURVE('',#2990,#2992,#1438,.T.);
#5967=EDGE_CURVE('',#2968,#2943,#1434,.T.);
#5970=EDGE_CURVE('',#2966,#2988,#1430,.T.);
#5990=EDGE_CURVE('',#2963,#2944,#1442,.T.);
#6008=EDGE_CURVE('',#2964,#2990,#1450,.T.);
#6048=EDGE_CURVE('',#3639,#3648,#1458,.T.);
#6050=EDGE_CURVE('',#3652,#3639,#1462,.T.);
#6052=EDGE_CURVE('',#3652,#3124,#1466,.T.);
#6054=EDGE_CURVE('',#3123,#3124,#1471,.T.);
#6056=EDGE_CURVE('',#3655,#3123,#1532,.T.);
#6058=EDGE_CURVE('',#3635,#3655,#1475,.T.);
#6060=EDGE_CURVE('',#3644,#3635,#1479,.T.);
#6078=EDGE_CURVE('',#3640,#3647,#1491,.T.);
#6080=EDGE_CURVE('',#3639,#3640,#1483,.T.);
#6098=EDGE_CURVE('',#3651,#3126,#1520,.T.);
#6100=EDGE_CURVE('',#3651,#3640,#1487,.T.);
#6104=EDGE_CURVE('',#3643,#3636,#1499,.T.);
#6106=EDGE_CURVE('',#3636,#3656,#1503,.T.);
#6108=EDGE_CURVE('',#3656,#3128,#1507,.T.);
#6110=EDGE_CURVE('',#3126,#3128,#1512,.T.);
#6127=EDGE_CURVE('',#3651,#3652,#1516,.T.);
#6130=EDGE_CURVE('',#3126,#3124,#1524,.T.);
#6170=EDGE_CURVE('',#3128,#3123,#1536,.T.);
#6187=EDGE_CURVE('',#3655,#3656,#1528,.T.);
#6209=EDGE_CURVE('',#3635,#3636,#1540,.T.);
#6247=EDGE_CURVE('',#3663,#3672,#1548,.T.);
#6249=EDGE_CURVE('',#3670,#3663,#1552,.T.);
#6251=EDGE_CURVE('',#3670,#3708,#1556,.T.);
#6253=EDGE_CURVE('',#3707,#3708,#1561,.T.);
#6255=EDGE_CURVE('',#3668,#3707,#1622,.T.);
#6257=EDGE_CURVE('',#3659,#3668,#1565,.T.);
#6259=EDGE_CURVE('',#3666,#3659,#1569,.T.);
#6278=EDGE_CURVE('',#3664,#3680,#1581,.T.);
#6280=EDGE_CURVE('',#3663,#3664,#1573,.T.);
#6297=EDGE_CURVE('',#3678,#3710,#1610,.T.);
#6299=EDGE_CURVE('',#3678,#3664,#1577,.T.);
#6303=EDGE_CURVE('',#3674,#3660,#1589,.T.);
#6305=EDGE_CURVE('',#3660,#3676,#1593,.T.);
#6307=EDGE_CURVE('',#3676,#3712,#1597,.T.);
#6309=EDGE_CURVE('',#3710,#3712,#1602,.T.);
#6326=EDGE_CURVE('',#3678,#3670,#1606,.T.);
#6329=EDGE_CURVE('',#3710,#3708,#1614,.T.);
#6369=EDGE_CURVE('',#3712,#3707,#1626,.T.);
#6386=EDGE_CURVE('',#3668,#3676,#1618,.T.);
#6409=EDGE_CURVE('',#3659,#3660,#1630,.T.);
#6446=EDGE_CURVE('',#3687,#3696,#1638,.T.);
#6448=EDGE_CURVE('',#3694,#3687,#1642,.T.);
#6450=EDGE_CURVE('',#3694,#3716,#1646,.T.);
#6452=EDGE_CURVE('',#3715,#3716,#1651,.T.);
#6454=EDGE_CURVE('',#3692,#3715,#1712,.T.);
#6456=EDGE_CURVE('',#3683,#3692,#1655,.T.);
#6458=EDGE_CURVE('',#3690,#3683,#1659,.T.);
#6477=EDGE_CURVE('',#3688,#3704,#1671,.T.);
#6479=EDGE_CURVE('',#3687,#3688,#1663,.T.);
#6496=EDGE_CURVE('',#3702,#3718,#1700,.T.);
#6498=EDGE_CURVE('',#3702,#3688,#1667,.T.);
#6502=EDGE_CURVE('',#3698,#3684,#1679,.T.);
#6504=EDGE_CURVE('',#3684,#3700,#1683,.T.);
#6506=EDGE_CURVE('',#3700,#3720,#1687,.T.);
#6508=EDGE_CURVE('',#3718,#3720,#1692,.T.);
#6525=EDGE_CURVE('',#3702,#3694,#1696,.T.);
#6528=EDGE_CURVE('',#3718,#3716,#1704,.T.);
#6568=EDGE_CURVE('',#3720,#3715,#1716,.T.);
#6585=EDGE_CURVE('',#3692,#3700,#1708,.T.);
#6608=EDGE_CURVE('',#3683,#3684,#1720,.T.);
#6645=EDGE_CURVE('',#3321,#3131,#1724,.T.);
#6647=EDGE_CURVE('',#3131,#3132,#1748,.T.);
#6649=EDGE_CURVE('',#3322,#3132,#1744,.T.);
#6667=EDGE_CURVE('',#3330,#3140,#1728,.T.);
#6669=EDGE_CURVE('',#3140,#3131,#1752,.T.);
#6688=EDGE_CURVE('',#3328,#3138,#1732,.T.);
#6690=EDGE_CURVE('',#3138,#3140,#1756,.T.);
#6709=EDGE_CURVE('',#3326,#3136,#1736,.T.);
#6711=EDGE_CURVE('',#3136,#3138,#1760,.T.);
#6730=EDGE_CURVE('',#3324,#3134,#1740,.T.);
#6732=EDGE_CURVE('',#3134,#3136,#1764,.T.);
#6752=EDGE_CURVE('',#3132,#3134,#1768,.T.);
#6791=EDGE_CURVE('',#3143,#3144,#1772,.T.);
#6793=EDGE_CURVE('',#3220,#3143,#1776,.T.);
#6795=EDGE_CURVE('',#3218,#3220,#1780,.T.);
#6797=EDGE_CURVE('',#3216,#3218,#1784,.T.);
#6799=EDGE_CURVE('',#3214,#3216,#1788,.T.);
#6801=EDGE_CURVE('',#3212,#3214,#1792,.T.);
#6803=EDGE_CURVE('',#3210,#3212,#1796,.T.);
#6805=EDGE_CURVE('',#3208,#3210,#1800,.T.);
#6807=EDGE_CURVE('',#3206,#3208,#1804,.T.);
#6809=EDGE_CURVE('',#3204,#3206,#1808,.T.);
#6811=EDGE_CURVE('',#3202,#3204,#1812,.T.);
#6813=EDGE_CURVE('',#3200,#3202,#1816,.T.);
#6815=EDGE_CURVE('',#3198,#3200,#1820,.T.);
#6817=EDGE_CURVE('',#3196,#3198,#1824,.T.);
#6819=EDGE_CURVE('',#3194,#3196,#1828,.T.);
#6821=EDGE_CURVE('',#3192,#3194,#1832,.T.);
#6823=EDGE_CURVE('',#3190,#3192,#1836,.T.);
#6825=EDGE_CURVE('',#3188,#3190,#1840,.T.);
#6827=EDGE_CURVE('',#3186,#3188,#1844,.T.);
#6829=EDGE_CURVE('',#3184,#3186,#1848,.T.);
#6831=EDGE_CURVE('',#3182,#3184,#1852,.T.);
#6833=EDGE_CURVE('',#3180,#3182,#1856,.T.);
#6835=EDGE_CURVE('',#3178,#3180,#1860,.T.);
#6837=EDGE_CURVE('',#3176,#3178,#1864,.T.);
#6839=EDGE_CURVE('',#3174,#3176,#1868,.T.);
#6841=EDGE_CURVE('',#3172,#3174,#1872,.T.);
#6843=EDGE_CURVE('',#3170,#3172,#1876,.T.);
#6845=EDGE_CURVE('',#3168,#3170,#1880,.T.);
#6847=EDGE_CURVE('',#3166,#3168,#1884,.T.);
#6849=EDGE_CURVE('',#3164,#3166,#1888,.T.);
#6851=EDGE_CURVE('',#3162,#3164,#1892,.T.);
#6853=EDGE_CURVE('',#3160,#3162,#1896,.T.);
#6855=EDGE_CURVE('',#3158,#3160,#1900,.T.);
#6857=EDGE_CURVE('',#3156,#3158,#1904,.T.);
#6859=EDGE_CURVE('',#3154,#3156,#1908,.T.);
#6861=EDGE_CURVE('',#3152,#3154,#1912,.T.);
#6863=EDGE_CURVE('',#3150,#3152,#1916,.T.);
#6865=EDGE_CURVE('',#3148,#3150,#1920,.T.);
#6867=EDGE_CURVE('',#3146,#3148,#1924,.T.);
#6869=EDGE_CURVE('',#3144,#3146,#1928,.T.);
#6886=EDGE_CURVE('',#3223,#3224,#1932,.T.);
#6888=EDGE_CURVE('',#3244,#3223,#1936,.T.);
#6890=EDGE_CURVE('',#3242,#3244,#1940,.T.);
#6892=EDGE_CURVE('',#3240,#3242,#1944,.T.);
#6894=EDGE_CURVE('',#3238,#3240,#1948,.T.);
#6896=EDGE_CURVE('',#3236,#3238,#1952,.T.);
#6898=EDGE_CURVE('',#3234,#3236,#1956,.T.);
#6900=EDGE_CURVE('',#3232,#3234,#1960,.T.);
#6902=EDGE_CURVE('',#3230,#3232,#1964,.T.);
#6904=EDGE_CURVE('',#3228,#3230,#1968,.T.);
#6906=EDGE_CURVE('',#3226,#3228,#1972,.T.);
#6908=EDGE_CURVE('',#3224,#3226,#1976,.T.);
#6925=EDGE_CURVE('',#3247,#3248,#1980,.T.);
#6927=EDGE_CURVE('',#3272,#3247,#1984,.T.);
#6929=EDGE_CURVE('',#3270,#3272,#1988,.T.);
#6931=EDGE_CURVE('',#3268,#3270,#1992,.T.);
#6933=EDGE_CURVE('',#3266,#3268,#1996,.T.);
#6935=EDGE_CURVE('',#3264,#3266,#2000,.T.);
#6937=EDGE_CURVE('',#3262,#3264,#2004,.T.);
#6939=EDGE_CURVE('',#3260,#3262,#2008,.T.);
#6941=EDGE_CURVE('',#3258,#3260,#2012,.T.);
#6943=EDGE_CURVE('',#3256,#3258,#2016,.T.);
#6945=EDGE_CURVE('',#3254,#3256,#2020,.T.);
#6947=EDGE_CURVE('',#3252,#3254,#2024,.T.);
#6949=EDGE_CURVE('',#3250,#3252,#2028,.T.);
#6951=EDGE_CURVE('',#3248,#3250,#2032,.T.);
#6955=EDGE_CURVE('',#3275,#3276,#2036,.T.);
#6957=EDGE_CURVE('',#3296,#3275,#2040,.T.);
#6959=EDGE_CURVE('',#3294,#3296,#2044,.T.);
#6961=EDGE_CURVE('',#3292,#3294,#2048,.T.);
#6963=EDGE_CURVE('',#3290,#3292,#2052,.T.);
#6965=EDGE_CURVE('',#3288,#3290,#2056,.T.);
#6967=EDGE_CURVE('',#3286,#3288,#2060,.T.);
#6969=EDGE_CURVE('',#3284,#3286,#2064,.T.);
#6971=EDGE_CURVE('',#3282,#3284,#2068,.T.);
#6973=EDGE_CURVE('',#3280,#3282,#2072,.T.);
#6975=EDGE_CURVE('',#3278,#3280,#2076,.T.);
#6977=EDGE_CURVE('',#3276,#3278,#2080,.T.);
#6994=EDGE_CURVE('',#3299,#3300,#2084,.T.);
#6996=EDGE_CURVE('',#3312,#3299,#2088,.T.);
#6998=EDGE_CURVE('',#3310,#3312,#2092,.T.);
#7000=EDGE_CURVE('',#3308,#3310,#2096,.T.);
#7002=EDGE_CURVE('',#3306,#3308,#2100,.T.);
#7004=EDGE_CURVE('',#3304,#3306,#2104,.T.);
#7006=EDGE_CURVE('',#3302,#3304,#2108,.T.);
#7008=EDGE_CURVE('',#3300,#3302,#2112,.T.);
#7012=EDGE_CURVE('',#3315,#3316,#2116,.T.);
#7014=EDGE_CURVE('',#3318,#3315,#2120,.T.);
#7016=EDGE_CURVE('',#3316,#3318,#2124,.T.);
#7034=EDGE_CURVE('',#3333,#3143,#2128,.T.);
#7037=EDGE_CURVE('',#3334,#3144,#2284,.T.);
#7055=EDGE_CURVE('',#3410,#3220,#2132,.T.);
#7075=EDGE_CURVE('',#3408,#3218,#2136,.T.);
#7095=EDGE_CURVE('',#3406,#3216,#2140,.T.);
#7115=EDGE_CURVE('',#3404,#3214,#2144,.T.);
#7135=EDGE_CURVE('',#3402,#3212,#2148,.T.);
#7155=EDGE_CURVE('',#3400,#3210,#2152,.T.);
#7175=EDGE_CURVE('',#3398,#3208,#2156,.T.);
#7195=EDGE_CURVE('',#3396,#3206,#2160,.T.);
#7215=EDGE_CURVE('',#3394,#3204,#2164,.T.);
#7235=EDGE_CURVE('',#3392,#3202,#2168,.T.);
#7255=EDGE_CURVE('',#3390,#3200,#2172,.T.);
#7275=EDGE_CURVE('',#3388,#3198,#2176,.T.);
#7295=EDGE_CURVE('',#3386,#3196,#2180,.T.);
#7315=EDGE_CURVE('',#3384,#3194,#2184,.T.);
#7335=EDGE_CURVE('',#3382,#3192,#2188,.T.);
#7355=EDGE_CURVE('',#3380,#3190,#2192,.T.);
#7375=EDGE_CURVE('',#3378,#3188,#2196,.T.);
#7395=EDGE_CURVE('',#3376,#3186,#2200,.T.);
#7415=EDGE_CURVE('',#3374,#3184,#2204,.T.);
#7435=EDGE_CURVE('',#3372,#3182,#2208,.T.);
#7455=EDGE_CURVE('',#3370,#3180,#2212,.T.);
#7475=EDGE_CURVE('',#3368,#3178,#2216,.T.);
#7495=EDGE_CURVE('',#3366,#3176,#2220,.T.);
#7515=EDGE_CURVE('',#3364,#3174,#2224,.T.);
#7535=EDGE_CURVE('',#3362,#3172,#2228,.T.);
#7555=EDGE_CURVE('',#3360,#3170,#2232,.T.);
#7575=EDGE_CURVE('',#3358,#3168,#2236,.T.);
#7595=EDGE_CURVE('',#3356,#3166,#2240,.T.);
#7615=EDGE_CURVE('',#3354,#3164,#2244,.T.);
#7635=EDGE_CURVE('',#3352,#3162,#2248,.T.);
#7655=EDGE_CURVE('',#3350,#3160,#2252,.T.);
#7675=EDGE_CURVE('',#3348,#3158,#2256,.T.);
#7695=EDGE_CURVE('',#3346,#3156,#2260,.T.);
#7715=EDGE_CURVE('',#3344,#3154,#2264,.T.);
#7735=EDGE_CURVE('',#3342,#3152,#2268,.T.);
#7755=EDGE_CURVE('',#3340,#3150,#2272,.T.);
#7775=EDGE_CURVE('',#3338,#3148,#2276,.T.);
#7795=EDGE_CURVE('',#3336,#3146,#2280,.T.);
#7834=EDGE_CURVE('',#3413,#3223,#2288,.T.);
#7837=EDGE_CURVE('',#3414,#3224,#2332,.T.);
#7855=EDGE_CURVE('',#3434,#3244,#2292,.T.);
#7875=EDGE_CURVE('',#3432,#3242,#2296,.T.);
#7895=EDGE_CURVE('',#3430,#3240,#2300,.T.);
#7915=EDGE_CURVE('',#3428,#3238,#2304,.T.);
#7935=EDGE_CURVE('',#3426,#3236,#2308,.T.);
#7955=EDGE_CURVE('',#3424,#3234,#2312,.T.);
#7975=EDGE_CURVE('',#3422,#3232,#2316,.T.);
#7995=EDGE_CURVE('',#3420,#3230,#2320,.T.);
#8015=EDGE_CURVE('',#3418,#3228,#2324,.T.);
#8035=EDGE_CURVE('',#3416,#3226,#2328,.T.);
#8074=EDGE_CURVE('',#3437,#3247,#2336,.T.);
#8077=EDGE_CURVE('',#3438,#3248,#2388,.T.);
#8095=EDGE_CURVE('',#3462,#3272,#2340,.T.);
#8115=EDGE_CURVE('',#3460,#3270,#2344,.T.);
#8135=EDGE_CURVE('',#3458,#3268,#2348,.T.);
#8155=EDGE_CURVE('',#3456,#3266,#2352,.T.);
#8175=EDGE_CURVE('',#3454,#3264,#2356,.T.);
#8195=EDGE_CURVE('',#3452,#3262,#2360,.T.);
#8215=EDGE_CURVE('',#3450,#3260,#2364,.T.);
#8235=EDGE_CURVE('',#3448,#3258,#2368,.T.);
#8255=EDGE_CURVE('',#3446,#3256,#2372,.T.);
#8275=EDGE_CURVE('',#3444,#3254,#2376,.T.);
#8295=EDGE_CURVE('',#3442,#3252,#2380,.T.);
#8315=EDGE_CURVE('',#3440,#3250,#2384,.T.);
#8354=EDGE_CURVE('',#3465,#3275,#2392,.T.);
#8357=EDGE_CURVE('',#3466,#3276,#2436,.T.);
#8375=EDGE_CURVE('',#3486,#3296,#2396,.T.);
#8395=EDGE_CURVE('',#3484,#3294,#2400,.T.);
#8415=EDGE_CURVE('',#3482,#3292,#2404,.T.);
#8435=EDGE_CURVE('',#3480,#3290,#2408,.T.);
#8455=EDGE_CURVE('',#3478,#3288,#2412,.T.);
#8475=EDGE_CURVE('',#3476,#3286,#2416,.T.);
#8495=EDGE_CURVE('',#3474,#3284,#2420,.T.);
#8515=EDGE_CURVE('',#3472,#3282,#2424,.T.);
#8535=EDGE_CURVE('',#3470,#3280,#2428,.T.);
#8555=EDGE_CURVE('',#3468,#3278,#2432,.T.);
#8594=EDGE_CURVE('',#3489,#3299,#2440,.T.);
#8597=EDGE_CURVE('',#3490,#3300,#2468,.T.);
#8615=EDGE_CURVE('',#3502,#3312,#2444,.T.);
#8635=EDGE_CURVE('',#3500,#3310,#2448,.T.);
#8655=EDGE_CURVE('',#3498,#3308,#2452,.T.);
#8675=EDGE_CURVE('',#3496,#3306,#2456,.T.);
#8695=EDGE_CURVE('',#3494,#3304,#2460,.T.);
#8715=EDGE_CURVE('',#3492,#3302,#2464,.T.);
#8754=EDGE_CURVE('',#3505,#3315,#2472,.T.);
#8757=EDGE_CURVE('',#3506,#3316,#2480,.T.);
#8775=EDGE_CURVE('',#3508,#3318,#2476,.T.);
#8816=EDGE_CURVE('',#2870,#2878,#2488,.T.);
#8836=EDGE_CURVE('',#2872,#2880,#2492,.T.);
#8872=EDGE_CURVE('',#3544,#3551,#2584,.T.);
#8875=EDGE_CURVE('',#3543,#3626,#2496,.T.);
#8877=EDGE_CURVE('',#3626,#3551,#2500,.T.);
#8894=EDGE_CURVE('',#3551,#3552,#2504,.T.);
#8896=EDGE_CURVE('',#3552,#3554,#2508,.T.);
#8898=EDGE_CURVE('',#3554,#3556,#2512,.T.);
#8900=EDGE_CURVE('',#3556,#3558,#2516,.T.);
#8902=EDGE_CURVE('',#3558,#3560,#2520,.T.);
#8904=EDGE_CURVE('',#3560,#3562,#2524,.T.);
#8906=EDGE_CURVE('',#3562,#3564,#2528,.T.);
#8908=EDGE_CURVE('',#3564,#3566,#2532,.T.);
#8910=EDGE_CURVE('',#3566,#3568,#2536,.T.);
#8912=EDGE_CURVE('',#3568,#3570,#2540,.T.);
#8914=EDGE_CURVE('',#3570,#3572,#2544,.T.);
#8916=EDGE_CURVE('',#3572,#3574,#2548,.T.);
#8918=EDGE_CURVE('',#3574,#3576,#2552,.T.);
#8920=EDGE_CURVE('',#3576,#3578,#2556,.T.);
#8922=EDGE_CURVE('',#3578,#3580,#2560,.T.);
#8924=EDGE_CURVE('',#3580,#3582,#2564,.T.);
#8926=EDGE_CURVE('',#3582,#3584,#2568,.T.);
#8928=EDGE_CURVE('',#3584,#3587,#2572,.T.);
#8930=EDGE_CURVE('',#3587,#3588,#2576,.T.);
#8932=EDGE_CURVE('',#3588,#3590,#2580,.T.);
#8934=EDGE_CURVE('',#2892,#3590,#2704,.T.);
#8936=EDGE_CURVE('',#2891,#2892,#2692,.T.);
#8938=EDGE_CURVE('',#2891,#3546,#2672,.T.);
#8959=EDGE_CURVE('',#3626,#3592,#2588,.T.);
#8961=EDGE_CURVE('',#3552,#3592,#2784,.T.);
#8981=EDGE_CURVE('',#2896,#3548,#2680,.T.);
#8983=EDGE_CURVE('',#2894,#2896,#2700,.T.);
#8985=EDGE_CURVE('',#2894,#3628,#2592,.T.);
#8987=EDGE_CURVE('',#3624,#3628,#2596,.T.);
#8989=EDGE_CURVE('',#3632,#3624,#2600,.T.);
#8991=EDGE_CURVE('',#3630,#3632,#2604,.T.);
#8993=EDGE_CURVE('',#3622,#3630,#2608,.T.);
#8995=EDGE_CURVE('',#3620,#3622,#2612,.T.);
#8997=EDGE_CURVE('',#3618,#3620,#2616,.T.);
#8999=EDGE_CURVE('',#3616,#3618,#2620,.T.);
#9001=EDGE_CURVE('',#3614,#3616,#2624,.T.);
#9003=EDGE_CURVE('',#3612,#3614,#2628,.T.);
#9005=EDGE_CURVE('',#3610,#3612,#2632,.T.);
#9007=EDGE_CURVE('',#3608,#3610,#2636,.T.);
#9009=EDGE_CURVE('',#3606,#3608,#2640,.T.);
#9011=EDGE_CURVE('',#3604,#3606,#2644,.T.);
#9013=EDGE_CURVE('',#3602,#3604,#2648,.T.);
#9015=EDGE_CURVE('',#3600,#3602,#2652,.T.);
#9017=EDGE_CURVE('',#3598,#3600,#2656,.T.);
#9019=EDGE_CURVE('',#3596,#3598,#2660,.T.);
#9021=EDGE_CURVE('',#3594,#3596,#2664,.T.);
#9023=EDGE_CURVE('',#3592,#3594,#2668,.T.);
#9041=EDGE_CURVE('',#2891,#2883,#2676,.T.);
#9043=EDGE_CURVE('',#2859,#2883,#2808,.T.);
#9063=EDGE_CURVE('',#2864,#2888,#2684,.T.);
#9065=EDGE_CURVE('',#2888,#2896,#2688,.T.);
#9083=EDGE_CURVE('',#2892,#2894,#2696,.T.);
#9087=EDGE_CURVE('',#2886,#2888,#2788,.T.);
#9089=EDGE_CURVE('',#2884,#2886,#2796,.T.);
#9091=EDGE_CURVE('',#2883,#2884,#2804,.T.);
#9110=EDGE_CURVE('',#3590,#3628,#2708,.T.);
#9130=EDGE_CURVE('',#3588,#3624,#2712,.T.);
#9150=EDGE_CURVE('',#3587,#3632,#2716,.T.);
#9170=EDGE_CURVE('',#3584,#3630,#2720,.T.);
#9190=EDGE_CURVE('',#3582,#3622,#2724,.T.);
#9210=EDGE_CURVE('',#3580,#3620,#2728,.T.);
#9230=EDGE_CURVE('',#3578,#3618,#2732,.T.);
#9250=EDGE_CURVE('',#3576,#3616,#2736,.T.);
#9270=EDGE_CURVE('',#3574,#3614,#2740,.T.);
#9290=EDGE_CURVE('',#3572,#3612,#2744,.T.);
#9310=EDGE_CURVE('',#3570,#3610,#2748,.T.);
#9330=EDGE_CURVE('',#3568,#3608,#2752,.T.);
#9350=EDGE_CURVE('',#3566,#3606,#2756,.T.);
#9370=EDGE_CURVE('',#3564,#3604,#2760,.T.);
#9390=EDGE_CURVE('',#3562,#3602,#2764,.T.);
#9410=EDGE_CURVE('',#3560,#3600,#2768,.T.);
#9430=EDGE_CURVE('',#3558,#3598,#2772,.T.);
#9450=EDGE_CURVE('',#3556,#3596,#2776,.T.);
#9470=EDGE_CURVE('',#3554,#3594,#2780,.T.);
#9511=EDGE_CURVE('',#2862,#2886,#2792,.T.);
#9531=EDGE_CURVE('',#2860,#2884,#2800,.T.);
#9564=(LENGTH_UNIT()NAMED_UNIT(*)SI_UNIT(.MILLI.,.METRE.));
#9566=(NAMED_UNIT(*)PLANE_ANGLE_UNIT()SI_UNIT($,.RADIAN.));
#9569=(NAMED_UNIT(*)SI_UNIT($,.STERADIAN.)SOLID_ANGLE_UNIT());
#9572=ADVANCED_BREP_SHAPE_REPRESENTATION('',(#9563),#9571);
#9580=PRODUCT_DEFINITION('design','',#9579,#9576);
#9581=PRODUCT_DEFINITION_SHAPE('','SHAPE FOR 365.',#9580);
#9582=SHAPE_ASPECT('','solid data associated with 365',#9581,.F.);
#9583=PROPERTY_DEFINITION('',
'shape for solid data with which properties are associated',#9582);
#9584=SHAPE_REPRESENTATION('',(#9563),#9571);
#9585=SHAPE_DEFINITION_REPRESENTATION(#9583,#9584);
#9586=(LENGTH_UNIT()NAMED_UNIT(*)SI_UNIT(.MILLI.,.METRE.));
#9590=PROPERTY_DEFINITION('geometric validation property','area of 365',#9582);
#9591=REPRESENTATION('surface area',(#9589),#9571);
#9592=PROPERTY_DEFINITION_REPRESENTATION(#9590,#9591);
#9593=(LENGTH_UNIT()NAMED_UNIT(*)SI_UNIT(.MILLI.,.METRE.));
#9597=PROPERTY_DEFINITION('geometric validation property','volume of 365',
#9582);
#9598=REPRESENTATION('volume',(#9596),#9571);
#9599=PROPERTY_DEFINITION_REPRESENTATION(#9597,#9598);
#9601=PROPERTY_DEFINITION('geometric validation property','centroid of 365',
#9582);
#9602=REPRESENTATION('centroid',(#9600),#9571);
#9603=PROPERTY_DEFINITION_REPRESENTATION(#9601,#9602);
#9604=(LENGTH_UNIT()NAMED_UNIT(*)SI_UNIT(.MILLI.,.METRE.));
#9608=PROPERTY_DEFINITION('geometric validation property','area of 365',#9581);
#9609=REPRESENTATION('surface area',(#9607),#9571);
#9610=PROPERTY_DEFINITION_REPRESENTATION(#9608,#9609);
#9611=(LENGTH_UNIT()NAMED_UNIT(*)SI_UNIT(.MILLI.,.METRE.));
#9615=PROPERTY_DEFINITION('geometric validation property','volume of 365',
#9581);
#9616=REPRESENTATION('volume',(#9614),#9571);
#9617=PROPERTY_DEFINITION_REPRESENTATION(#9615,#9616);
#9619=PROPERTY_DEFINITION('geometric validation property','centroid of 365',
#9581);
#9620=REPRESENTATION('centroid',(#9618),#9571);
#9621=PROPERTY_DEFINITION_REPRESENTATION(#9619,#9620);
#9622=SHAPE_DEFINITION_REPRESENTATION(#9581,#9572);
ENDSEC;
END-ISO-10303-21;
